symbol_id,timestamp,open,close,high,low,volume,last_tick,asset
69,2026-05-05 20:15:00,112.687,112.766,112.779,112.536,1224,1778012999.904,AUDJPY_otc
69,2026-05-05 20:30:00,112.766,112.586,112.782,112.503,1201,1778013899.395,AUDJPY_otc
69,2026-05-05 20:45:00,112.586,112.526,112.721,112.494,1220,1778014799.674,AUDJPY_otc
69,2026-05-05 21:00:00,112.526,112.782,112.872,112.526,1206,1778015699.069,AUDJPY_otc
69,2026-05-05 21:15:00,112.784,112.875,112.966,112.72,1238,1778016599.503,AUDJPY_otc
69,2026-05-05 21:30:00,112.875,112.581,112.9,112.478,1212,1778017498.439,AUDJPY_otc
69,2026-05-05 21:45:00,112.581,112.405,112.636,112.402,1191,1778018399.24,AUDJPY_otc
69,2026-05-05 22:00:00,112.404,112.567,112.594,112.39,1202,1778019299.622,AUDJPY_otc
69,2026-05-05 22:15:00,112.567,112.793,112.793,112.494,1200,1778020199.042,AUDJPY_otc
69,2026-05-05 22:30:00,112.793,113.015,113.059,112.715,1232,1778021099.885,AUDJPY_otc
69,2026-05-05 22:45:00,113.015,113.05,113.118,112.846,1168,1778021999.763,AUDJPY_otc
69,2026-05-05 23:00:00,113.05,112.955,113.08,112.917,1185,1778022899.629,AUDJPY_otc
69,2026-05-05 23:15:00,112.955,113.156,113.171,112.863,1234,1778023799.51,AUDJPY_otc
69,2026-05-05 23:30:00,113.154,112.941,113.181,112.887,1223,1778024699.943,AUDJPY_otc
69,2026-05-05 23:45:00,112.941,113.054,113.172,112.941,1204,1778025599.782,AUDJPY_otc
69,2026-05-06 00:00:00,113.054,113.076,113.157,112.952,1166,1778026499.739,AUDJPY_otc
69,2026-05-06 00:15:00,113.076,112.857,113.086,112.836,1235,1778027399.636,AUDJPY_otc
69,2026-05-06 00:30:00,112.857,112.821,112.925,112.671,1203,1778028299.601,AUDJPY_otc
69,2026-05-06 00:45:00,112.816,112.718,112.893,112.672,1190,1778029199.021,AUDJPY_otc
69,2026-05-06 01:00:00,112.718,112.639,112.778,112.588,1169,1778030099.909,AUDJPY_otc
69,2026-05-06 01:15:00,112.639,112.563,112.701,112.496,1181,1778030999.867,AUDJPY_otc
69,2026-05-06 01:30:00,112.563,112.7,112.767,112.549,1173,1778031899.795,AUDJPY_otc
69,2026-05-06 01:45:00,112.7,112.807,112.843,112.606,1189,1778032799.634,AUDJPY_otc
69,2026-05-06 02:00:00,112.807,112.87,112.903,112.707,1186,1778033698.998,AUDJPY_otc
69,2026-05-06 02:15:00,112.872,112.72,112.899,112.674,1185,1778034599.871,AUDJPY_otc
69,2026-05-06 02:30:00,112.722,112.878,112.909,112.601,1183,1778035499.73,AUDJPY_otc
69,2026-05-06 02:45:00,112.87,112.514,112.87,112.47,1211,1778036399.141,AUDJPY_otc
69,2026-05-06 03:00:00,112.514,112.405,112.555,112.324,1203,1778037299.594,AUDJPY_otc
69,2026-05-06 03:15:00,112.403,112.887,112.921,112.403,1199,1778038199.931,AUDJPY_otc
69,2026-05-06 03:30:00,112.887,112.947,113.018,112.833,1202,1778039099.864,AUDJPY_otc
69,2026-05-06 03:45:00,112.947,112.671,112.978,112.581,1199,1778039999.234,AUDJPY_otc
69,2026-05-06 04:00:00,112.671,113.078,113.226,112.638,1200,1778040899.238,AUDJPY_otc
69,2026-05-06 04:15:00,113.078,113.289,113.295,113.056,1202,1778041798.625,AUDJPY_otc
69,2026-05-06 04:30:00,113.287,113.145,113.29,113.038,1168,1778042699.143,AUDJPY_otc
69,2026-05-06 04:45:00,113.145,113.146,113.175,112.954,1197,1778043599.52,AUDJPY_otc
69,2026-05-06 05:00:00,113.146,113.243,113.344,113.092,1213,1778044499.465,AUDJPY_otc
69,2026-05-06 05:15:00,113.243,113.596,113.623,113.168,1192,1778045399.948,AUDJPY_otc
69,2026-05-06 05:30:00,113.596,113.685,113.838,113.564,1200,1778046299.79,AUDJPY_otc
69,2026-05-06 05:45:00,113.685,113.647,113.801,113.607,1193,1778047199.783,AUDJPY_otc
69,2026-05-06 06:00:00,113.647,113.783,113.812,113.553,1183,1778048099.276,AUDJPY_otc
69,2026-05-06 06:15:00,113.783,113.865,113.904,113.758,1224,1778048999.7,AUDJPY_otc
69,2026-05-06 06:30:00,113.862,113.965,114.065,113.758,1233,1778049899.778,AUDJPY_otc
69,2026-05-06 06:45:00,113.983,114.122,114.283,113.937,1216,1778050799.71,AUDJPY_otc
69,2026-05-06 07:00:00,114.119,114.35,114.354,113.978,1186,1778051699.677,AUDJPY_otc
69,2026-05-06 07:15:00,114.35,114.438,114.554,114.34,1205,1778052598.701,AUDJPY_otc
69,2026-05-06 07:30:00,114.438,114.345,114.518,114.345,1181,1778053498.662,AUDJPY_otc
69,2026-05-06 07:45:00,114.345,114.363,114.515,114.284,1180,1778054399.58,AUDJPY_otc
69,2026-05-06 08:00:00,114.36,114.408,114.487,114.316,1159,1778055299.52,AUDJPY_otc
69,2026-05-06 08:15:00,114.408,114.432,114.508,114.341,1215,1778056199.41,AUDJPY_otc
69,2026-05-06 08:30:00,114.432,114.248,114.528,114.17,1203,1778057099.94,AUDJPY_otc
69,2026-05-06 08:45:00,113.138,113.252,113.29,113.032,1175,1778057999.933,AUDJPY_otc
69,2026-05-06 09:00:00,113.25,113.382,113.382,113.149,1208,1778058899.82,AUDJPY_otc
69,2026-05-06 09:15:00,113.382,113.192,113.396,113.153,1198,1778059799.27,AUDJPY_otc
69,2026-05-06 09:30:00,113.189,113.217,113.305,113.139,1223,1778060699.692,AUDJPY_otc
69,2026-05-06 09:45:00,113.217,113.169,113.396,113.135,1202,1778061599.728,AUDJPY_otc
69,2026-05-06 10:00:00,113.174,113.13,113.238,113.034,1191,1778062499.623,AUDJPY_otc
69,2026-05-06 10:15:00,113.134,113.024,113.158,112.947,1196,1778063399.66,AUDJPY_otc
69,2026-05-06 10:30:00,113.024,113.102,113.165,112.888,1256,1778064299.578,AUDJPY_otc
69,2026-05-06 10:45:00,113.102,113.139,113.226,113.085,1179,1778065199.98,AUDJPY_otc
69,2026-05-06 11:00:00,113.139,112.998,113.141,112.907,1201,1778066099.488,AUDJPY_otc
69,2026-05-06 11:15:00,112.998,112.808,113.066,112.805,1220,1778066998.944,AUDJPY_otc
69,2026-05-06 11:30:00,112.813,112.822,112.955,112.783,1214,1778067899.858,AUDJPY_otc
69,2026-05-06 11:45:00,112.824,112.834,112.867,112.67,1212,1778068795.786,AUDJPY_otc
69,2026-05-06 12:00:00,112.826,112.678,112.831,112.678,1187,1778069699.671,AUDJPY_otc
69,2026-05-06 12:15:00,112.678,112.651,112.709,112.418,1183,1778070599.646,AUDJPY_otc
69,2026-05-06 12:30:00,112.651,112.547,112.651,112.478,1204,1778071499.07,AUDJPY_otc
69,2026-05-06 12:45:00,112.547,112.395,112.596,112.385,1190,1778072398.035,AUDJPY_otc
69,2026-05-06 13:00:00,112.393,112.45,112.56,112.358,1215,1778073299.598,AUDJPY_otc
69,2026-05-06 13:15:00,112.45,112.264,112.506,112.25,1179,1778074199.068,AUDJPY_otc
69,2026-05-06 13:30:00,112.264,112.376,112.377,112.165,1212,1778075099.5,AUDJPY_otc
69,2026-05-06 13:45:00,112.376,112.101,112.427,112.044,1209,1778075999.93,AUDJPY_otc
69,2026-05-06 14:00:00,112.105,111.995,112.209,111.97,1190,1778076899.84,AUDJPY_otc
69,2026-05-06 14:15:00,111.997,112.024,112.121,111.932,1180,1778077799.727,AUDJPY_otc
69,2026-05-06 14:30:00,112.027,111.959,112.211,111.936,1217,1778078699.697,AUDJPY_otc
69,2026-05-06 14:45:00,111.962,112.206,112.214,111.93,1188,1778079599.731,AUDJPY_otc
69,2026-05-06 15:00:00,112.206,112.115,112.208,112.049,1210,1778080499.731,AUDJPY_otc
69,2026-05-06 15:15:00,112.115,112.244,112.265,111.987,1243,1778081399.609,AUDJPY_otc
69,2026-05-06 15:30:00,112.244,111.924,112.244,111.789,1216,1778082299.627,AUDJPY_otc
69,2026-05-06 15:45:00,111.924,112.003,112.032,111.775,1229,1778083198.173,AUDJPY_otc
69,2026-05-06 16:00:00,112.003,111.826,112.028,111.729,1200,1778084099.06,AUDJPY_otc
69,2026-05-06 16:15:00,111.822,111.797,111.871,111.73,1213,1778084999.548,AUDJPY_otc
69,2026-05-06 16:30:00,111.797,111.821,111.946,111.762,1171,1778085899.48,AUDJPY_otc
69,2026-05-06 16:45:00,111.826,111.966,112.047,111.795,1196,1778086799.976,AUDJPY_otc
69,2026-05-06 17:00:00,111.966,111.947,112.02,111.757,1199,1778087699.402,AUDJPY_otc
69,2026-05-06 17:15:00,111.947,112.004,112.158,111.842,1188,1778088599.868,AUDJPY_otc
69,2026-05-06 17:30:00,112.004,112.001,112.134,111.876,1185,1778089499.943,AUDJPY_otc
69,2026-05-06 17:45:00,112.001,112.093,112.168,111.998,1219,1778090399.457,AUDJPY_otc
69,2026-05-06 18:00:00,112.093,112.038,112.249,112.013,1178,1778091298.913,AUDJPY_otc
69,2026-05-06 18:15:00,112.038,111.8,112.087,111.78,1198,1778092198.273,AUDJPY_otc
69,2026-05-06 18:30:00,111.8,111.747,111.84,111.657,1237,1778093099.84,AUDJPY_otc
69,2026-05-06 18:45:00,111.747,111.892,111.919,111.6,1180,1778093999.823,AUDJPY_otc
69,2026-05-06 19:00:00,111.892,112.131,112.145,111.827,1180,1778094898.847,AUDJPY_otc
69,2026-05-06 19:15:00,112.131,112.303,112.359,112.114,1194,1778095799.262,AUDJPY_otc
69,2026-05-06 19:30:00,112.303,112.432,112.471,112.276,1188,1778096699.697,AUDJPY_otc
69,2026-05-06 19:45:00,112.432,112.52,112.555,112.361,1213,1778097599.638,AUDJPY_otc
69,2026-05-06 20:00:00,112.52,112.245,112.565,112.192,1173,1778098499.953,AUDJPY_otc
69,2026-05-06 20:15:00,112.243,112.269,112.377,112.171,1213,1778099399.893,AUDJPY_otc
69,2026-05-06 20:30:00,112.278,112.224,112.278,112.075,1200,1778100299.255,AUDJPY_otc
69,2026-05-06 20:45:00,112.224,112.255,112.315,112.185,1246,1778101198.656,AUDJPY_otc
69,2026-05-06 21:00:00,112.255,112.663,112.684,112.255,1220,1778102099.096,AUDJPY_otc
69,2026-05-06 21:15:00,112.661,112.695,112.749,112.605,1193,1778102999.401,AUDJPY_otc
69,2026-05-06 21:30:00,112.695,112.593,112.713,112.528,1137,1778103899.773,AUDJPY_otc
69,2026-05-06 21:45:00,112.593,112.585,112.668,112.419,1163,1778104799.639,AUDJPY_otc
69,2026-05-06 22:00:00,112.585,112.589,112.853,112.575,1207,1778105699.897,AUDJPY_otc
69,2026-05-06 22:15:00,112.586,112.434,112.604,112.411,1194,1778106599.295,AUDJPY_otc
69,2026-05-06 22:30:00,112.428,112.201,112.455,112.131,1190,1778107499.581,AUDJPY_otc
69,2026-05-06 22:45:00,112.201,112.088,112.204,112.016,1196,1778108399.895,AUDJPY_otc
69,2026-05-06 23:00:00,112.088,112.074,112.223,112.045,1172,1778109299.314,AUDJPY_otc
69,2026-05-06 23:15:00,112.074,111.991,112.081,111.911,1226,1778110199.081,AUDJPY_otc
69,2026-05-06 23:30:00,111.987,111.811,111.994,111.774,1189,1778111099.537,AUDJPY_otc
69,2026-05-06 23:45:00,111.813,111.654,111.886,111.556,1176,1778111998.782,AUDJPY_otc
69,2026-05-07 00:00:00,111.654,111.741,111.8,111.591,1189,1778112897.183,AUDJPY_otc
69,2026-05-07 00:15:00,111.743,111.644,111.889,111.644,1196,1778113799.579,AUDJPY_otc
69,2026-05-07 00:30:00,111.644,111.769,111.876,111.64,1212,1778114699.946,AUDJPY_otc
69,2026-05-07 00:45:00,111.769,111.753,111.848,111.714,1153,1778115599.794,AUDJPY_otc
69,2026-05-07 01:00:00,111.753,111.69,111.803,111.648,1198,1778116499.771,AUDJPY_otc
69,2026-05-07 01:15:00,111.69,111.683,111.784,111.613,1193,1778117399.597,AUDJPY_otc
69,2026-05-07 01:30:00,111.683,111.727,111.814,111.682,1198,1778118299.988,AUDJPY_otc
69,2026-05-07 01:45:00,111.727,111.678,111.906,111.611,1175,1778119199.792,AUDJPY_otc
69,2026-05-07 02:00:00,111.668,111.566,111.716,111.545,1190,1778120099.695,AUDJPY_otc
69,2026-05-07 02:15:00,111.566,111.339,111.596,111.272,1202,1778120999.548,AUDJPY_otc
69,2026-05-07 02:30:00,111.339,111.107,111.41,111.089,1176,1778121899.013,AUDJPY_otc
69,2026-05-07 02:45:00,111.084,111.216,111.233,111.066,1197,1778122798.33,AUDJPY_otc
69,2026-05-07 03:00:00,111.216,111.189,111.282,111.109,1195,1778123698.751,AUDJPY_otc
69,2026-05-07 03:15:00,111.186,111.016,111.209,111.012,1182,1778124599.533,AUDJPY_otc
69,2026-05-07 03:30:00,111.016,110.975,111.086,110.786,1180,1778125499.869,AUDJPY_otc
69,2026-05-07 03:45:00,110.975,111.196,111.208,110.937,1190,1778126399.325,AUDJPY_otc
69,2026-05-07 04:00:00,111.196,111.355,111.389,111.138,1203,1778127299.795,AUDJPY_otc
69,2026-05-07 04:15:00,111.355,110.915,111.372,110.896,1160,1778128199.702,AUDJPY_otc
69,2026-05-07 04:30:00,110.915,110.938,111.018,110.795,1189,1778129099.62,AUDJPY_otc
69,2026-05-07 04:45:00,110.934,111.12,111.131,110.914,1230,1778129999.589,AUDJPY_otc
69,2026-05-07 05:00:00,111.12,110.98,111.195,110.974,1145,1778130899.905,AUDJPY_otc
69,2026-05-07 05:15:00,110.98,110.794,111.041,110.763,1190,1778131799.891,AUDJPY_otc
69,2026-05-07 05:30:00,110.794,110.871,110.921,110.719,1191,1778132699.707,AUDJPY_otc
69,2026-05-07 05:45:00,110.871,110.582,110.918,110.582,1204,1778133599.675,AUDJPY_otc
69,2026-05-07 06:00:00,110.582,110.395,110.605,110.309,1163,1778134499.041,AUDJPY_otc
69,2026-05-07 06:15:00,110.395,110.5,110.552,110.362,1148,1778135399.577,AUDJPY_otc
69,2026-05-07 06:30:00,110.504,110.388,110.548,110.378,1204,1778136299.493,AUDJPY_otc
69,2026-05-07 06:45:00,110.388,110.527,110.542,110.378,1184,1778137199.968,AUDJPY_otc
69,2026-05-07 07:00:00,110.527,110.209,110.551,110.178,1221,1778138099.402,AUDJPY_otc
69,2026-05-07 07:15:00,110.209,110.203,110.239,110.013,1237,1778138999.704,AUDJPY_otc
69,2026-05-07 07:30:00,110.203,110.317,110.364,110.196,1218,1778139899.088,AUDJPY_otc
69,2026-05-07 07:45:00,110.317,110.163,110.326,110.113,1220,1778140798.076,AUDJPY_otc
69,2026-05-07 08:00:00,110.163,110.284,110.335,110.1,1176,1778141699.524,AUDJPY_otc
69,2026-05-07 08:15:00,110.293,110.336,110.377,110.211,1187,1778142599.89,AUDJPY_otc
69,2026-05-07 08:30:00,110.336,110.26,110.487,110.236,1184,1778143499.817,AUDJPY_otc
69,2026-05-07 08:45:00,110.262,110.303,110.367,110.146,1184,1778144399.21,AUDJPY_otc
69,2026-05-07 09:00:00,110.303,110.092,110.33,110.02,1221,1778145299.685,AUDJPY_otc
69,2026-05-07 09:15:00,110.112,110.053,110.162,109.99,1232,1778146199.519,AUDJPY_otc
69,2026-05-07 09:30:00,110.05,110.099,110.193,109.962,1194,1778147099.979,AUDJPY_otc
69,2026-05-07 09:45:00,110.099,110.105,110.148,109.965,1217,1778147999.94,AUDJPY_otc
69,2026-05-07 10:00:00,110.105,110.275,110.289,109.957,1208,1778148899.861,AUDJPY_otc
69,2026-05-07 10:15:00,110.275,110.56,110.603,110.275,1221,1778149799.834,AUDJPY_otc
69,2026-05-07 10:30:00,110.56,110.595,110.719,110.504,1180,1778150699.746,AUDJPY_otc
69,2026-05-07 10:45:00,110.595,110.48,110.602,110.454,1210,1778151599.744,AUDJPY_otc
69,2026-05-07 11:00:00,110.48,110.659,110.701,110.419,1231,1778152499.66,AUDJPY_otc
69,2026-05-07 11:15:00,110.657,110.613,110.829,110.54,1210,1778153398.719,AUDJPY_otc
69,2026-05-07 11:30:00,110.609,110.631,110.784,110.549,1174,1778154298.574,AUDJPY_otc
69,2026-05-07 11:45:00,110.642,110.772,110.774,110.552,1212,1778155199.658,AUDJPY_otc
69,2026-05-07 12:00:00,110.772,110.736,110.861,110.558,1191,1778156099.082,AUDJPY_otc
69,2026-05-07 12:15:00,110.724,110.981,111.024,110.696,1174,1778156998.605,AUDJPY_otc
69,2026-05-07 12:30:00,110.981,111.376,111.376,110.975,1167,1778157899.528,AUDJPY_otc
69,2026-05-07 12:45:00,111.374,111.387,111.462,111.309,1155,1778158799.909,AUDJPY_otc
69,2026-05-07 13:00:00,111.387,111.367,111.438,111.248,1199,1778159699.9,AUDJPY_otc
69,2026-05-07 13:15:00,111.367,111.545,111.634,111.269,1211,1778160598.907,AUDJPY_otc
69,2026-05-07 13:30:00,111.545,111.385,111.59,111.353,1209,1778161499.831,AUDJPY_otc
69,2026-05-07 13:45:00,111.383,111.512,111.523,111.358,1177,1778162399.757,AUDJPY_otc
69,2026-05-07 14:00:00,111.512,111.338,111.584,111.274,1149,1778163298.77,AUDJPY_otc
69,2026-05-07 14:15:00,111.335,111.369,111.429,111.235,1205,1778164199.664,AUDJPY_otc
69,2026-05-07 14:30:00,111.369,110.927,111.411,110.922,1208,1778165099.7,AUDJPY_otc
69,2026-05-07 14:45:00,110.927,110.691,110.947,110.666,1168,1778165999.114,AUDJPY_otc
69,2026-05-07 15:00:00,110.689,110.666,110.79,110.65,1203,1778166899.126,AUDJPY_otc
69,2026-05-07 15:15:00,110.666,110.461,110.794,110.407,1203,1778167799.514,AUDJPY_otc
69,2026-05-07 15:30:00,110.461,110.596,110.64,110.422,1188,1778168699.989,AUDJPY_otc
69,2026-05-07 15:45:00,110.593,110.719,110.752,110.555,1191,1778169599.968,AUDJPY_otc
69,2026-05-07 16:00:00,110.719,110.698,110.878,110.668,1197,1778170499.985,AUDJPY_otc
69,2026-05-07 16:15:00,110.698,110.758,110.761,110.601,1194,1778171399.859,AUDJPY_otc
69,2026-05-07 16:30:00,110.758,110.759,110.888,110.693,1191,1778172299.31,AUDJPY_otc
69,2026-05-07 16:45:00,110.754,110.657,110.795,110.526,1190,1778173198.737,AUDJPY_otc
69,2026-05-07 17:00:00,110.657,110.633,110.742,110.55,1129,1778174099.679,AUDJPY_otc
69,2026-05-07 17:15:00,110.633,110.726,110.782,110.602,1196,1778174999.733,AUDJPY_otc
69,2026-05-07 17:30:00,110.726,110.772,110.985,110.711,1213,1778175899.696,AUDJPY_otc
69,2026-05-07 17:45:00,110.772,110.749,110.903,110.705,1189,1778176799.725,AUDJPY_otc
69,2026-05-07 18:00:00,110.749,110.748,110.812,110.624,1186,1778177699.691,AUDJPY_otc
69,2026-05-07 18:15:00,110.751,110.636,110.754,110.522,1205,1778178599.576,AUDJPY_otc
69,2026-05-07 18:30:00,110.636,110.635,110.757,110.603,1204,1778179499.012,AUDJPY_otc
69,2026-05-07 18:45:00,110.635,110.906,110.92,110.628,1230,1778180399.529,AUDJPY_otc
69,2026-05-07 19:00:00,110.906,110.836,111.049,110.82,1220,1778181298.506,AUDJPY_otc
69,2026-05-07 19:15:00,110.834,110.673,110.973,110.666,1211,1778182199.011,AUDJPY_otc
69,2026-05-07 19:30:00,110.672,110.62,110.693,110.461,1179,1778183099.004,AUDJPY_otc
69,2026-05-07 19:45:00,110.62,110.777,110.782,110.446,1205,1778183999.899,AUDJPY_otc
69,2026-05-07 20:00:00,110.777,110.769,110.958,110.707,1205,1778184899.233,AUDJPY_otc
69,2026-05-07 20:15:00,110.769,111.069,111.108,110.765,1184,1778185799.697,AUDJPY_otc
69,2026-05-07 20:30:00,111.072,111.165,111.295,111.013,1210,1778186699.512,AUDJPY_otc
69,2026-05-07 20:45:00,111.163,111.134,111.202,111.049,1210,1778187599.474,AUDJPY_otc
69,2026-05-07 21:00:00,111.134,111.033,111.183,111.003,1201,1778188499.843,AUDJPY_otc
69,2026-05-07 21:15:00,111.033,111.24,111.28,110.914,1195,1778189399.261,AUDJPY_otc
69,2026-05-07 21:30:00,111.242,111.061,111.317,110.979,1210,1778190299.596,AUDJPY_otc
69,2026-05-07 21:45:00,111.061,111.176,111.303,111.061,1226,1778191199.014,AUDJPY_otc
69,2026-05-07 22:00:00,111.187,111.134,111.276,111.021,1162,1778192099.409,AUDJPY_otc
69,2026-05-07 22:15:00,111.134,111.206,111.28,111.094,1176,1778192999.695,AUDJPY_otc
69,2026-05-07 22:30:00,111.206,111.279,111.422,111.129,1187,1778193899.598,AUDJPY_otc
69,2026-05-07 22:45:00,111.279,111.505,111.558,111.268,1192,1778194799.486,AUDJPY_otc
69,2026-05-07 23:00:00,111.503,111.435,111.686,111.431,1199,1778195699.896,AUDJPY_otc
69,2026-05-07 23:15:00,111.43,111.43,111.579,111.388,1224,1778196599.227,AUDJPY_otc
69,2026-05-07 23:30:00,111.43,111.203,111.485,111.181,1210,1778197499.501,AUDJPY_otc
69,2026-05-07 23:45:00,111.203,111.171,111.412,111.12,1250,1778198399.832,AUDJPY_otc
69,2026-05-08 00:00:00,111.171,111.398,111.402,111.098,1201,1778199299.765,AUDJPY_otc
69,2026-05-08 00:15:00,111.398,111.448,111.534,111.331,1191,1778200198.653,AUDJPY_otc
69,2026-05-08 00:30:00,111.448,111.612,111.619,111.413,1206,1778201099.52,AUDJPY_otc
69,2026-05-08 00:45:00,111.608,111.948,111.955,111.595,1207,1778201999.506,AUDJPY_otc
69,2026-05-08 01:00:00,111.948,111.996,112.059,111.895,1176,1778202899.812,AUDJPY_otc
69,2026-05-08 01:15:00,111.996,112.061,112.15,111.972,1192,1778203799.71,AUDJPY_otc
69,2026-05-08 01:30:00,112.061,111.834,112.102,111.834,1214,1778204699.641,AUDJPY_otc
69,2026-05-08 01:45:00,111.828,111.931,111.958,111.746,1184,1778205599.161,AUDJPY_otc
69,2026-05-08 02:00:00,111.931,111.91,112.044,111.908,1221,1778206498.061,AUDJPY_otc
69,2026-05-08 02:15:00,111.91,112.006,112.112,111.909,1180,1778207399.516,AUDJPY_otc
69,2026-05-08 02:30:00,112.006,112.112,112.255,111.997,1213,1778208299.919,AUDJPY_otc
69,2026-05-08 02:45:00,112.108,112.479,112.479,112.108,1200,1778209198.791,AUDJPY_otc
69,2026-05-08 03:00:00,112.479,112.69,112.726,112.348,1198,1778210099.607,AUDJPY_otc
69,2026-05-08 03:15:00,112.692,112.589,112.752,112.491,1212,1778210999.024,AUDJPY_otc
69,2026-05-08 03:30:00,112.589,112.692,112.823,112.48,1206,1778211899.994,AUDJPY_otc
69,2026-05-08 03:45:00,112.692,112.563,112.785,112.535,1206,1778212799.88,AUDJPY_otc
69,2026-05-08 04:00:00,112.563,112.726,112.744,112.504,1172,1778213699.734,AUDJPY_otc
69,2026-05-08 04:15:00,112.723,112.76,112.816,112.703,1179,1778214599.688,AUDJPY_otc
69,2026-05-08 04:30:00,112.762,112.66,112.814,112.494,1210,1778215499.701,AUDJPY_otc
69,2026-05-08 04:45:00,112.664,112.509,112.747,112.477,1178,1778216398.601,AUDJPY_otc
69,2026-05-08 05:00:00,112.505,113.221,113.313,112.397,1199,1778217299.096,AUDJPY_otc
69,2026-05-08 05:15:00,113.221,113.201,113.414,113.116,1191,1778218199.556,AUDJPY_otc
69,2026-05-08 05:30:00,113.201,112.98,113.221,112.937,1148,1778219099.992,AUDJPY_otc
69,2026-05-08 05:45:00,112.984,112.814,113.006,112.605,1204,1778219999.35,AUDJPY_otc
69,2026-05-08 06:00:00,112.814,112.769,112.943,112.642,1218,1778220899.712,AUDJPY_otc
69,2026-05-08 06:15:00,112.772,112.772,112.818,112.669,1200,1778221799.674,AUDJPY_otc
69,2026-05-08 06:30:00,112.762,112.753,112.857,112.643,1166,1778222699.623,AUDJPY_otc
69,2026-05-08 06:45:00,112.749,112.751,112.881,112.614,1207,1778223599.006,AUDJPY_otc
69,2026-05-08 07:00:00,112.751,112.901,112.903,112.551,1206,1778224499.981,AUDJPY_otc
69,2026-05-08 07:15:00,112.901,112.922,113.054,112.821,1193,1778225399.514,AUDJPY_otc
69,2026-05-08 07:30:00,112.922,112.977,113.043,112.798,1225,1778226299.39,AUDJPY_otc
69,2026-05-08 07:45:00,112.977,113.068,113.206,112.962,1195,1778227199.373,AUDJPY_otc
69,2026-05-08 08:00:00,113.068,113.273,113.377,113.057,1210,1778228099.187,AUDJPY_otc
69,2026-05-08 08:15:00,113.275,113.249,113.398,113.137,1205,1778228999.687,AUDJPY_otc
69,2026-05-08 08:30:00,113.249,113.322,113.354,113.134,1177,1778229899.971,AUDJPY_otc
69,2026-05-08 08:45:00,113.322,113.13,113.385,113.111,1177,1778230799.924,AUDJPY_otc
69,2026-05-08 09:00:00,113.13,113.313,113.317,113.094,1200,1778231699.242,AUDJPY_otc
69,2026-05-08 09:15:00,113.313,113.455,113.467,113.223,1189,1778232599.743,AUDJPY_otc
69,2026-05-08 09:30:00,113.455,113.621,113.648,113.431,1178,1778233499.68,AUDJPY_otc
69,2026-05-08 09:45:00,113.621,113.619,113.67,113.494,1221,1778234399.09,AUDJPY_otc
69,2026-05-08 10:00:00,113.619,113.572,113.731,113.548,1212,1778235299.569,AUDJPY_otc
69,2026-05-08 10:15:00,113.578,113.796,113.861,113.578,1211,1778236199.385,AUDJPY_otc
69,2026-05-08 10:30:00,113.799,114.155,114.22,113.764,1207,1778237099.789,AUDJPY_otc
69,2026-05-08 10:45:00,114.159,114.008,114.185,113.986,1232,1778237999.701,AUDJPY_otc
69,2026-05-08 11:00:00,114.008,113.837,114.011,113.748,1203,1778238899.746,AUDJPY_otc
69,2026-05-08 11:15:00,113.837,113.789,113.933,113.649,1183,1778239799.563,AUDJPY_otc
69,2026-05-08 11:30:00,113.787,113.745,113.835,113.672,1206,1778240699.579,AUDJPY_otc
69,2026-05-08 11:45:00,113.747,114.07,114.1,113.684,1207,1778241596.885,AUDJPY_otc
69,2026-05-08 12:00:00,114.07,114.048,114.139,113.896,1202,1778242499.87,AUDJPY_otc
69,2026-05-08 12:15:00,114.05,113.742,114.055,113.685,1210,1778243399.698,AUDJPY_otc
69,2026-05-08 12:30:00,113.744,113.801,113.916,113.722,1205,1778244299.67,AUDJPY_otc
69,2026-05-08 12:45:00,113.801,113.433,113.944,113.424,1196,1778245199.02,AUDJPY_otc
69,2026-05-08 13:00:00,113.433,113.269,113.433,113.222,1176,1778246099.536,AUDJPY_otc
69,2026-05-08 13:15:00,113.269,113.48,113.48,113.218,1187,1778246999.012,AUDJPY_otc
69,2026-05-08 13:30:00,113.48,113.231,113.538,113.184,1171,1778247899.82,AUDJPY_otc
69,2026-05-08 13:45:00,113.231,113.401,113.495,113.231,1217,1778248799.701,AUDJPY_otc
69,2026-05-08 14:00:00,113.401,113.638,113.638,113.382,1195,1778249699.627,AUDJPY_otc
69,2026-05-08 14:15:00,113.638,113.617,113.691,113.511,1182,1778250599.571,AUDJPY_otc
69,2026-05-08 14:30:00,113.619,113.521,113.741,113.487,1202,1778251499.422,AUDJPY_otc
69,2026-05-08 14:45:00,113.521,113.621,113.658,113.454,1221,1778252399.937,AUDJPY_otc
69,2026-05-08 15:00:00,113.624,113.616,113.7,113.42,1191,1778253299.816,AUDJPY_otc
69,2026-05-08 15:15:00,113.616,113.657,113.803,113.585,1171,1778254199.806,AUDJPY_otc
69,2026-05-08 15:30:00,113.657,113.762,113.861,113.605,1195,1778255098.645,AUDJPY_otc
69,2026-05-08 15:45:00,113.762,113.456,113.833,113.454,1228,1778255999.562,AUDJPY_otc
69,2026-05-08 16:00:00,113.46,113.464,113.571,113.369,1223,1778256899.399,AUDJPY_otc
69,2026-05-08 16:15:00,113.459,113.459,113.489,113.347,1175,1778257799.826,AUDJPY_otc
69,2026-05-08 16:30:00,113.442,113.385,113.477,113.318,1200,1778258699.845,AUDJPY_otc
69,2026-05-08 16:45:00,113.385,113.386,113.471,113.245,1199,1778259599.239,AUDJPY_otc
69,2026-05-08 17:00:00,113.386,113.259,113.422,113.233,1187,1778260499.745,AUDJPY_otc
69,2026-05-08 17:15:00,113.259,113.402,113.555,113.236,1205,1778261399.634,AUDJPY_otc
69,2026-05-08 17:30:00,113.402,113.466,113.531,113.384,1177,1778262299.584,AUDJPY_otc
69,2026-05-08 17:45:00,113.466,113.164,113.471,113.128,1247,1778263199.561,AUDJPY_otc
69,2026-05-08 18:00:00,113.166,112.938,113.205,112.931,1185,1778264099.915,AUDJPY_otc
69,2026-05-08 18:15:00,112.938,112.608,112.96,112.534,1203,1778264999.886,AUDJPY_otc
69,2026-05-08 18:30:00,112.608,112.48,112.618,112.388,1183,1778265899.874,AUDJPY_otc
69,2026-05-08 18:45:00,112.474,112.415,112.564,112.337,1185,1778266799.641,AUDJPY_otc
69,2026-05-08 19:00:00,112.415,112.411,112.555,112.249,1209,1778267699.52,AUDJPY_otc
69,2026-05-08 19:15:00,112.408,112.352,112.49,112.332,1208,1778268599.873,AUDJPY_otc
69,2026-05-08 19:30:00,112.352,112.657,112.693,112.32,1185,1778269499.661,AUDJPY_otc
69,2026-05-08 19:45:00,112.657,112.699,112.825,112.494,1221,1778270398.583,AUDJPY_otc
69,2026-05-08 20:00:00,112.703,112.515,112.73,112.513,1197,1778271299.823,AUDJPY_otc
69,2026-05-08 20:15:00,112.515,112.777,112.795,112.505,1204,1778272199.62,AUDJPY_otc
69,2026-05-08 20:30:00,112.771,112.753,112.8,112.617,1207,1778273098.484,AUDJPY_otc
69,2026-05-08 20:45:00,112.753,112.865,112.897,112.745,1182,1778273999.884,AUDJPY_otc
69,2026-05-08 21:00:00,112.865,113.057,113.075,112.804,1211,1778274899.726,AUDJPY_otc
69,2026-05-08 21:15:00,113.057,112.989,113.064,112.852,1212,1778275799.629,AUDJPY_otc
69,2026-05-08 21:30:00,112.996,113.183,113.202,112.95,1194,1778276699.928,AUDJPY_otc
69,2026-05-08 21:45:00,113.18,113.252,113.401,113.173,1199,1778277599.768,AUDJPY_otc
69,2026-05-08 22:00:00,113.252,113.309,113.32,113.165,1194,1778278499.613,AUDJPY_otc
69,2026-05-08 22:15:00,113.309,113.517,113.538,113.22,1190,1778279399.927,AUDJPY_otc
69,2026-05-08 22:30:00,113.517,113.511,113.609,113.439,1236,1778280299.834,AUDJPY_otc
69,2026-05-08 22:45:00,113.511,113.353,113.532,113.217,1204,1778281199.111,AUDJPY_otc
69,2026-05-08 23:00:00,113.353,113.306,113.502,113.305,1184,1778282099.952,AUDJPY_otc
69,2026-05-08 23:15:00,113.302,113.145,113.302,113.042,1198,1778282999.814,AUDJPY_otc
69,2026-05-08 23:30:00,113.143,113.185,113.226,112.991,1184,1778283899.613,AUDJPY_otc
69,2026-05-08 23:45:00,113.194,113.211,113.308,113.13,1189,1778284799.917,AUDJPY_otc
69,2026-05-09 00:00:00,113.211,112.844,113.216,112.68,1200,1778285699.235,AUDJPY_otc
69,2026-05-09 00:15:00,112.844,112.65,112.913,112.519,1194,1778286599.592,AUDJPY_otc
69,2026-05-09 00:30:00,112.65,112.861,112.928,112.606,1215,1778287498.903,AUDJPY_otc
69,2026-05-09 00:45:00,112.861,113.097,113.108,112.8,1189,1778288398.809,AUDJPY_otc
69,2026-05-09 01:00:00,113.097,113.124,113.141,112.922,1194,1778289299.595,AUDJPY_otc
69,2026-05-09 01:15:00,113.124,113.155,113.283,113.1,1161,1778290199.987,AUDJPY_otc
69,2026-05-09 01:30:00,113.155,113.243,113.251,113.089,1208,1778291098.837,AUDJPY_otc
69,2026-05-09 01:45:00,113.243,113.084,113.307,113.081,1201,1778291999.694,AUDJPY_otc
69,2026-05-09 02:00:00,113.087,112.935,113.119,112.935,1214,1778292899.95,AUDJPY_otc
69,2026-05-09 02:15:00,112.935,112.868,112.993,112.838,1182,1778293799.903,AUDJPY_otc
69,2026-05-09 02:30:00,112.868,113.186,113.28,112.851,1233,1778294699.7,AUDJPY_otc
69,2026-05-09 02:45:00,113.181,113.298,113.321,113.109,1213,1778295599.583,AUDJPY_otc
69,2026-05-09 03:00:00,113.298,113.217,113.354,113.152,1190,1778296498.376,AUDJPY_otc
69,2026-05-09 03:15:00,113.217,113.211,113.32,113.119,1184,1778297399.82,AUDJPY_otc
69,2026-05-09 03:30:00,113.214,113.166,113.289,112.909,1162,1778298299.599,AUDJPY_otc
69,2026-05-09 03:45:00,113.176,112.967,113.208,112.91,1172,1778299198.544,AUDJPY_otc
69,2026-05-09 04:00:00,112.967,112.98,113.13,112.927,1173,1778300099.821,AUDJPY_otc
69,2026-05-09 04:15:00,112.98,113.254,113.312,112.973,1198,1778300999.694,AUDJPY_otc
69,2026-05-09 04:30:00,113.254,113.291,113.409,113.194,1188,1778301899.983,AUDJPY_otc
69,2026-05-09 04:45:00,113.291,113.344,113.415,113.286,1166,1778302799.8,AUDJPY_otc
69,2026-05-09 05:00:00,113.338,113.307,113.4,113.245,1184,1778303699.75,AUDJPY_otc
69,2026-05-09 05:15:00,113.307,113.232,113.312,113.124,1180,1778304599.594,AUDJPY_otc
69,2026-05-09 05:30:00,113.229,113.332,113.579,113.184,1222,1778305499.509,AUDJPY_otc
69,2026-05-09 05:45:00,113.332,113.472,113.513,113.296,1236,1778306398.377,AUDJPY_otc
69,2026-05-09 06:00:00,113.472,113.316,113.499,113.308,1199,1778307299.843,AUDJPY_otc
69,2026-05-09 06:15:00,113.316,113.403,113.469,113.316,1199,1778308199.185,AUDJPY_otc
69,2026-05-09 06:30:00,113.403,113.215,113.438,113.183,1217,1778309099.056,AUDJPY_otc
69,2026-05-09 06:45:00,113.211,113.286,113.431,113.146,1217,1778309999.991,AUDJPY_otc
69,2026-05-09 07:00:00,113.289,113.11,113.341,113.107,1187,1778310899.85,AUDJPY_otc
69,2026-05-09 07:15:00,113.107,113.236,113.285,113.101,1198,1778311799.347,AUDJPY_otc
69,2026-05-09 07:30:00,113.236,113.087,113.257,113.014,1188,1778312699.156,AUDJPY_otc
69,2026-05-09 07:45:00,113.084,113.188,113.209,113.058,1179,1778313599.673,AUDJPY_otc
69,2026-05-09 08:00:00,113.188,113.031,113.208,112.922,1186,1778314499.919,AUDJPY_otc
69,2026-05-09 08:15:00,113.031,112.885,113.043,112.766,1181,1778315399.883,AUDJPY_otc
69,2026-05-09 08:30:00,112.887,112.922,113.195,112.82,1204,1778316299.661,AUDJPY_otc
69,2026-05-09 08:45:00,112.922,112.973,113.145,112.858,1226,1778317199.59,AUDJPY_otc
69,2026-05-09 09:00:00,112.973,112.874,113.032,112.829,1213,1778318099.885,AUDJPY_otc
69,2026-05-09 09:15:00,112.874,112.48,112.893,112.433,1209,1778318999.77,AUDJPY_otc
69,2026-05-09 09:30:00,112.48,112.252,112.486,112.16,1201,1778319899.685,AUDJPY_otc
69,2026-05-09 09:45:00,112.252,112.102,112.269,112.039,1204,1778320799.11,AUDJPY_otc
69,2026-05-09 10:00:00,112.109,112.026,112.139,111.92,1193,1778321699.897,AUDJPY_otc
69,2026-05-09 10:15:00,112.028,112.155,112.19,111.985,1204,1778322599.228,AUDJPY_otc
69,2026-05-09 10:30:00,112.159,112.181,112.31,112.146,1201,1778323499.649,AUDJPY_otc
69,2026-05-09 10:45:00,112.198,112.25,112.348,112.165,1197,1778324399.936,AUDJPY_otc
69,2026-05-09 11:00:00,112.25,112.29,112.299,112.143,1202,1778325299.868,AUDJPY_otc
69,2026-05-09 11:15:00,112.29,112.276,112.482,112.271,1175,1778326199.179,AUDJPY_otc
69,2026-05-09 11:30:00,112.276,112.623,112.73,112.24,1216,1778327099.155,AUDJPY_otc
69,2026-05-09 11:45:00,112.625,112.431,112.679,112.371,1186,1778327999.023,AUDJPY_otc
69,2026-05-09 12:00:00,112.433,112.445,112.557,112.346,1190,1778328898.909,AUDJPY_otc
69,2026-05-09 12:15:00,112.448,112.269,112.507,112.251,1201,1778329799.34,AUDJPY_otc
69,2026-05-09 12:30:00,112.269,112.28,112.306,112.029,1171,1778330699.292,AUDJPY_otc
69,2026-05-09 12:45:00,112.278,111.896,112.287,111.789,1201,1778331599.758,AUDJPY_otc
69,2026-05-09 13:00:00,111.896,111.899,111.935,111.732,1220,1778332498.625,AUDJPY_otc
69,2026-05-09 13:15:00,111.899,111.911,111.934,111.717,1155,1778333399.019,AUDJPY_otc
69,2026-05-09 13:30:00,111.911,112.007,112.04,111.848,1194,1778334299.772,AUDJPY_otc
69,2026-05-09 13:45:00,112.01,111.834,112.045,111.782,1194,1778335199.239,AUDJPY_otc
69,2026-05-09 14:00:00,111.831,111.92,111.968,111.71,1211,1778336099.122,AUDJPY_otc
69,2026-05-09 14:15:00,111.918,112.311,112.329,111.887,1165,1778336999.526,AUDJPY_otc
69,2026-05-09 14:30:00,112.311,112.433,112.618,112.273,1178,1778337899.451,AUDJPY_otc
69,2026-05-09 14:45:00,112.433,112.436,112.486,112.321,1202,1778338799.932,AUDJPY_otc
69,2026-05-09 15:00:00,112.436,112.361,112.564,112.298,1199,1778339699.779,AUDJPY_otc
69,2026-05-09 15:15:00,112.361,112.312,112.459,112.186,1201,1778340599.623,AUDJPY_otc
69,2026-05-09 15:30:00,112.308,112.389,112.451,112.226,1221,1778341499.997,AUDJPY_otc
69,2026-05-09 15:45:00,112.392,112.495,112.529,112.372,1169,1778342399.965,AUDJPY_otc
69,2026-05-09 16:00:00,112.495,112.521,112.536,112.306,1236,1778343299.386,AUDJPY_otc
69,2026-05-09 16:15:00,112.521,112.758,112.791,112.517,1232,1778344199.831,AUDJPY_otc
69,2026-05-09 16:30:00,112.758,112.714,112.78,112.569,1180,1778345099.772,AUDJPY_otc
69,2026-05-09 16:45:00,112.714,112.543,112.717,112.519,1187,1778345999.274,AUDJPY_otc
69,2026-05-09 17:00:00,112.543,112.665,112.712,112.543,1190,1778346899.658,AUDJPY_otc
69,2026-05-09 17:15:00,112.658,112.682,112.803,112.586,1212,1778347799.168,AUDJPY_otc
69,2026-05-09 17:30:00,112.679,112.618,112.865,112.602,1212,1778348699.013,AUDJPY_otc
69,2026-05-09 17:45:00,112.612,112.405,112.695,112.398,1203,1778349599.954,AUDJPY_otc
69,2026-05-09 18:00:00,112.405,112.165,112.459,112.127,1180,1778350499.888,AUDJPY_otc
69,2026-05-09 18:15:00,112.165,112.202,112.219,112.05,1217,1778351399.781,AUDJPY_otc
69,2026-05-09 18:30:00,112.202,112.151,112.252,112.065,1210,1778352299.657,AUDJPY_otc
69,2026-05-09 18:45:00,112.151,112.248,112.265,112.066,1193,1778353199.57,AUDJPY_otc
69,2026-05-09 19:00:00,112.248,112.244,112.343,112.171,1191,1778354099.967,AUDJPY_otc
69,2026-05-09 19:15:00,112.244,112.467,112.532,112.228,1187,1778354999.806,AUDJPY_otc
69,2026-05-09 19:30:00,112.467,112.309,112.469,112.208,1163,1778355899.663,AUDJPY_otc
69,2026-05-09 19:45:00,112.309,112.232,112.503,112.207,1200,1778356799.532,AUDJPY_otc
69,2026-05-09 20:00:00,112.235,112.096,112.313,112.089,1196,1778357699.456,AUDJPY_otc
69,2026-05-09 20:15:00,112.096,112.459,112.467,112.036,1196,1778358599.748,AUDJPY_otc
69,2026-05-09 20:30:00,112.456,112.479,112.577,112.352,1200,1778359499.668,AUDJPY_otc
69,2026-05-09 20:45:00,112.481,112.336,112.655,112.308,1175,1778360398.993,AUDJPY_otc
69,2026-05-09 21:00:00,112.336,112.471,112.524,112.245,1229,1778361299.912,AUDJPY_otc
69,2026-05-09 21:15:00,112.471,112.439,112.679,112.416,1192,1778362199.704,AUDJPY_otc
69,2026-05-09 21:30:00,112.439,112.478,112.648,112.431,1229,1778363099.152,AUDJPY_otc
69,2026-05-09 21:45:00,112.478,112.414,112.546,112.252,1186,1778363999.994,AUDJPY_otc
69,2026-05-09 22:00:00,112.414,112.673,112.872,112.414,1178,1778364899.363,AUDJPY_otc
69,2026-05-09 22:15:00,112.673,112.748,112.837,112.667,1184,1778365799.58,AUDJPY_otc
69,2026-05-09 22:30:00,112.748,112.894,112.937,112.598,1218,1778366699.481,AUDJPY_otc
69,2026-05-09 22:45:00,112.895,112.993,113.058,112.842,1199,1778367599.712,AUDJPY_otc
69,2026-05-09 23:00:00,112.993,112.909,113.042,112.825,1166,1778368499.581,AUDJPY_otc
69,2026-05-09 23:15:00,112.912,113.106,113.161,112.892,1192,1778369399.944,AUDJPY_otc
69,2026-05-09 23:30:00,113.108,113.17,113.247,113.054,1181,1778370299.764,AUDJPY_otc
69,2026-05-09 23:45:00,113.162,113.042,113.27,112.967,1189,1778371199.196,AUDJPY_otc
69,2026-05-10 00:00:00,113.046,113.278,113.278,112.992,1162,1778372099.1,AUDJPY_otc
69,2026-05-10 00:15:00,113.278,113.271,113.434,113.148,1207,1778372999.363,AUDJPY_otc
69,2026-05-10 00:30:00,113.271,113.328,113.374,113.17,1222,1778373899.681,AUDJPY_otc
69,2026-05-10 00:45:00,113.328,113.447,113.473,113.292,1213,1778374799.946,AUDJPY_otc
69,2026-05-10 01:00:00,113.444,113.268,113.544,113.268,1160,1778375699.777,AUDJPY_otc
69,2026-05-10 01:15:00,113.268,113.402,113.45,113.262,1224,1778376599.599,AUDJPY_otc
69,2026-05-10 01:30:00,113.402,113.476,113.544,113.32,1184,1778377499.917,AUDJPY_otc
69,2026-05-10 01:45:00,113.476,113.467,113.545,113.366,1159,1778378397.677,AUDJPY_otc
69,2026-05-10 02:00:00,113.467,113.626,113.754,113.45,1251,1778379299.044,AUDJPY_otc
69,2026-05-10 02:15:00,113.626,113.48,113.651,113.437,1217,1778380199.784,AUDJPY_otc
69,2026-05-10 02:30:00,113.483,113.717,113.73,113.292,1185,1778381099.585,AUDJPY_otc
69,2026-05-10 02:45:00,113.717,113.655,113.794,113.605,1196,1778381999.972,AUDJPY_otc
69,2026-05-10 03:00:00,113.655,113.661,113.718,113.525,1230,1778382899.817,AUDJPY_otc
69,2026-05-10 03:15:00,113.661,113.695,113.707,113.498,1195,1778383799.142,AUDJPY_otc
69,2026-05-10 03:30:00,113.695,113.837,114.005,113.695,1194,1778384699.435,AUDJPY_otc
69,2026-05-10 03:45:00,113.837,113.934,114.008,113.83,1150,1778385599.367,AUDJPY_otc
69,2026-05-10 04:00:00,113.936,113.772,114.03,113.765,1193,1778386499.575,AUDJPY_otc
69,2026-05-10 04:15:00,113.77,113.871,113.998,113.743,1183,1778387399.438,AUDJPY_otc
69,2026-05-10 04:30:00,113.871,113.809,113.923,113.792,1207,1778388299.802,AUDJPY_otc
69,2026-05-10 04:45:00,113.809,113.738,113.877,113.663,1165,1778389199.142,AUDJPY_otc
69,2026-05-10 05:00:00,113.738,113.627,113.862,113.571,1210,1778390099.981,AUDJPY_otc
69,2026-05-10 05:15:00,113.627,113.563,113.726,113.476,1196,1778390999.951,AUDJPY_otc
69,2026-05-10 05:30:00,113.565,113.515,113.615,113.4,1204,1778391899.785,AUDJPY_otc
69,2026-05-10 05:45:00,113.515,113.34,113.562,113.306,1210,1778392798.22,AUDJPY_otc
69,2026-05-10 06:00:00,113.344,113.116,113.354,113.074,1203,1778393699.559,AUDJPY_otc
69,2026-05-10 06:15:00,113.116,113.442,113.455,113.114,1167,1778394599.968,AUDJPY_otc
69,2026-05-10 06:30:00,113.442,113.302,113.614,113.287,1163,1778395499.812,AUDJPY_otc
69,2026-05-10 06:45:00,113.302,113.211,113.462,113.203,1199,1778396399.29,AUDJPY_otc
69,2026-05-10 07:00:00,113.214,113.46,113.51,113.208,1183,1778397299.095,AUDJPY_otc
69,2026-05-10 07:15:00,113.457,113.179,113.483,113.179,1193,1778398199.591,AUDJPY_otc
69,2026-05-10 07:30:00,113.179,113.056,113.287,113.018,1202,1778399099.568,AUDJPY_otc
69,2026-05-10 07:45:00,113.059,112.943,113.117,112.848,1174,1778399999.315,AUDJPY_otc
69,2026-05-10 08:00:00,112.943,112.65,113.099,112.624,1238,1778400899.625,AUDJPY_otc
69,2026-05-10 08:15:00,112.65,112.662,112.78,112.614,1219,1778401799.071,AUDJPY_otc
69,2026-05-10 08:30:00,112.659,112.885,112.923,112.602,1198,1778402699.956,AUDJPY_otc
69,2026-05-10 08:45:00,112.885,112.909,112.916,112.739,1171,1778403598.321,AUDJPY_otc
69,2026-05-10 09:00:00,112.907,112.976,113.0,112.854,1185,1778404499.704,AUDJPY_otc
69,2026-05-10 09:15:00,112.971,112.893,113.011,112.792,1178,1778405399.042,AUDJPY_otc
69,2026-05-10 09:30:00,112.903,112.738,112.905,112.615,1185,1778406299.891,AUDJPY_otc
69,2026-05-10 09:45:00,112.738,112.703,112.847,112.58,1234,1778407199.818,AUDJPY_otc
69,2026-05-10 10:00:00,112.703,112.681,112.725,112.538,1238,1778408098.286,AUDJPY_otc
69,2026-05-10 10:15:00,112.681,112.551,112.684,112.451,1193,1778408999.084,AUDJPY_otc
69,2026-05-10 10:30:00,112.551,112.34,112.592,112.332,1175,1778409899.997,AUDJPY_otc
69,2026-05-10 10:45:00,112.34,112.366,112.384,112.178,1224,1778410799.853,AUDJPY_otc
69,2026-05-10 11:00:00,112.366,112.318,112.401,112.263,1184,1778411699.321,AUDJPY_otc
69,2026-05-10 11:15:00,112.318,112.337,112.421,112.1,1201,1778412599.616,AUDJPY_otc
69,2026-05-10 11:30:00,112.337,112.557,112.601,112.291,1217,1778413499.018,AUDJPY_otc
69,2026-05-10 11:45:00,112.572,112.844,112.877,112.424,1170,1778414399.9,AUDJPY_otc
69,2026-05-10 12:00:00,112.846,113.027,113.077,112.784,1211,1778415299.301,AUDJPY_otc
69,2026-05-10 12:15:00,113.027,112.925,113.066,112.862,1160,1778416199.59,AUDJPY_otc
69,2026-05-10 12:30:00,112.931,112.961,113.028,112.859,1204,1778417099.947,AUDJPY_otc
69,2026-05-10 12:45:00,112.961,113.097,113.099,112.857,1161,1778417999.366,AUDJPY_otc
69,2026-05-10 13:00:00,113.097,113.098,113.159,112.979,1201,1778418899.827,AUDJPY_otc
69,2026-05-10 13:15:00,113.102,112.787,113.13,112.739,1174,1778419799.741,AUDJPY_otc
69,2026-05-10 13:30:00,112.787,112.618,112.811,112.569,1187,1778420699.624,AUDJPY_otc
69,2026-05-10 13:45:00,112.625,112.363,112.646,112.36,1211,1778421599.646,AUDJPY_otc
69,2026-05-10 14:00:00,112.359,112.475,112.542,112.344,1190,1778422499.963,AUDJPY_otc
69,2026-05-10 14:15:00,112.475,112.33,112.571,112.309,1167,1778423399.954,AUDJPY_otc
69,2026-05-10 14:30:00,112.33,112.428,112.633,112.28,1164,1778424299.83,AUDJPY_otc
69,2026-05-10 14:45:00,112.428,112.235,112.458,112.224,1199,1778425199.731,AUDJPY_otc
69,2026-05-10 15:00:00,112.235,112.066,112.278,111.967,1201,1778426099.572,AUDJPY_otc
69,2026-05-10 15:15:00,112.061,111.91,112.061,111.715,1207,1778426999.53,AUDJPY_otc
69,2026-05-10 15:30:00,111.899,111.958,111.963,111.825,1191,1778427899.915,AUDJPY_otc
69,2026-05-10 15:45:00,111.958,112.108,112.108,111.937,1211,1778428799.86,AUDJPY_otc
69,2026-05-10 16:00:00,112.108,112.131,112.234,112.016,1200,1778429699.296,AUDJPY_otc
69,2026-05-10 16:15:00,112.131,111.973,112.147,111.915,1190,1778430599.685,AUDJPY_otc
69,2026-05-10 16:30:00,111.973,112.068,112.17,111.892,1183,1778431499.638,AUDJPY_otc
69,2026-05-10 16:45:00,112.071,112.157,112.236,112.07,1234,1778432399.607,AUDJPY_otc
69,2026-05-10 17:00:00,112.157,112.368,112.453,112.156,1183,1778433299.987,AUDJPY_otc
69,2026-05-10 17:15:00,112.362,112.374,112.511,112.294,1213,1778434199.435,AUDJPY_otc
69,2026-05-10 17:30:00,112.386,112.521,112.609,112.368,1195,1778435098.905,AUDJPY_otc
69,2026-05-10 17:45:00,112.521,112.409,112.521,112.316,1165,1778435998.32,AUDJPY_otc
69,2026-05-10 18:00:00,112.409,112.267,112.444,112.261,1175,1778436899.72,AUDJPY_otc
69,2026-05-10 18:15:00,112.267,112.128,112.397,112.113,1198,1778437799.026,AUDJPY_otc
69,2026-05-10 18:30:00,112.124,112.336,112.361,112.041,1186,1778438699.918,AUDJPY_otc
69,2026-05-10 18:45:00,112.334,112.625,112.637,112.317,1194,1778439599.73,AUDJPY_otc
69,2026-05-10 19:00:00,112.628,112.682,112.748,112.521,1208,1778440498.598,AUDJPY_otc
69,2026-05-10 19:15:00,112.684,112.743,112.796,112.664,1213,1778441399.456,AUDJPY_otc
69,2026-05-10 19:30:00,112.743,112.815,112.877,112.676,1183,1778442299.848,AUDJPY_otc
69,2026-05-10 19:45:00,112.815,112.742,112.893,112.682,1198,1778443199.325,AUDJPY_otc
69,2026-05-10 20:00:00,112.742,112.857,112.86,112.696,1218,1778444099.612,AUDJPY_otc
69,2026-05-10 20:15:00,112.857,112.452,112.869,112.446,1222,1778444999.551,AUDJPY_otc
69,2026-05-10 20:30:00,112.45,112.386,112.63,112.372,1201,1778445899.321,AUDJPY_otc
69,2026-05-10 20:45:00,112.386,112.529,112.603,112.356,1191,1778446799.649,AUDJPY_otc
69,2026-05-10 21:00:00,112.525,112.558,112.632,112.418,1209,1778447699.509,AUDJPY_otc
69,2026-05-10 21:15:00,112.558,112.922,112.926,112.558,1199,1778448599.446,AUDJPY_otc
69,2026-05-10 21:30:00,112.92,113.109,113.164,112.908,1187,1778449499.689,AUDJPY_otc
69,2026-05-10 21:45:00,113.109,113.083,113.161,113.005,1177,1778450399.972,AUDJPY_otc
69,2026-05-10 22:00:00,113.083,113.159,113.183,112.942,1194,1778451299.381,AUDJPY_otc
69,2026-05-10 22:15:00,113.159,113.434,113.478,113.124,1171,1778452199.563,AUDJPY_otc
69,2026-05-10 22:30:00,113.434,113.399,113.442,113.303,1171,1778453099.41,AUDJPY_otc
69,2026-05-10 22:45:00,113.399,113.432,113.512,113.356,1222,1778453998.764,AUDJPY_otc
69,2026-05-10 23:00:00,113.432,113.452,113.512,113.348,1199,1778454899.134,AUDJPY_otc
69,2026-05-10 23:15:00,113.454,113.637,113.684,113.443,1205,1778455799.923,AUDJPY_otc
69,2026-05-10 23:30:00,113.637,113.641,113.797,113.572,1185,1778456698.804,AUDJPY_otc
69,2026-05-10 23:45:00,113.641,113.528,113.778,113.52,1196,1778457599.676,AUDJPY_otc
69,2026-05-11 00:00:00,113.526,113.806,113.814,113.488,1241,1778458499.508,AUDJPY_otc
69,2026-05-11 00:15:00,113.81,113.721,113.842,113.658,1208,1778459399.896,AUDJPY_otc
69,2026-05-11 00:30:00,113.721,113.48,113.822,113.468,1186,1778460299.701,AUDJPY_otc
69,2026-05-11 00:45:00,113.48,113.751,113.826,113.472,1194,1778461199.955,AUDJPY_otc
69,2026-05-11 01:00:00,113.751,113.692,113.875,113.675,1182,1778462099.366,AUDJPY_otc
69,2026-05-11 01:15:00,113.692,113.834,113.842,113.657,1212,1778462999.686,AUDJPY_otc
69,2026-05-11 01:30:00,113.837,113.803,113.933,113.766,1197,1778463899.577,AUDJPY_otc
69,2026-05-11 01:45:00,113.801,113.868,113.915,113.733,1240,1778464799.985,AUDJPY_otc
69,2026-05-11 02:00:00,113.859,113.721,113.931,113.638,1181,1778465699.807,AUDJPY_otc
69,2026-05-11 02:15:00,113.721,113.984,113.986,113.558,1201,1778466599.607,AUDJPY_otc
69,2026-05-11 02:30:00,113.984,113.796,114.058,113.614,1228,1778467499.503,AUDJPY_otc
69,2026-05-11 02:45:00,113.805,113.856,113.935,113.751,1204,1778468399.311,AUDJPY_otc
69,2026-05-11 03:00:00,113.853,113.647,113.889,113.607,1201,1778469298.725,AUDJPY_otc
69,2026-05-11 03:15:00,113.65,113.833,113.894,113.636,1220,1778470199.994,AUDJPY_otc
69,2026-05-11 03:30:00,113.833,113.537,113.836,113.512,1145,1778471099.392,AUDJPY_otc
69,2026-05-11 03:45:00,113.537,113.641,113.668,113.511,1209,1778471999.726,AUDJPY_otc
69,2026-05-11 04:00:00,113.641,113.694,113.767,113.574,1166,1778472898.082,AUDJPY_otc
69,2026-05-11 04:15:00,113.694,113.831,113.863,113.639,1158,1778473799.889,AUDJPY_otc
69,2026-05-11 04:30:00,113.833,113.954,114.031,113.812,1212,1778474698.745,AUDJPY_otc
69,2026-05-11 04:45:00,113.954,114.069,114.071,113.868,1206,1778475599.591,AUDJPY_otc
69,2026-05-11 05:00:00,114.064,114.034,114.254,113.995,1209,1778476499.993,AUDJPY_otc
69,2026-05-11 05:15:00,114.034,114.21,114.222,113.88,1174,1778477399.87,AUDJPY_otc
69,2026-05-11 05:30:00,114.21,114.485,114.529,114.177,1223,1778478299.796,AUDJPY_otc
69,2026-05-11 05:45:00,114.485,114.409,114.59,114.238,1216,1778479199.532,AUDJPY_otc
69,2026-05-11 06:00:00,114.409,114.259,114.431,114.193,1212,1778480098.438,AUDJPY_otc
69,2026-05-11 06:15:00,114.255,114.082,114.369,114.074,1210,1778480998.295,AUDJPY_otc
69,2026-05-11 06:30:00,114.082,114.517,114.546,114.082,1144,1778481899.708,AUDJPY_otc
69,2026-05-11 06:45:00,114.517,114.474,114.576,114.379,1208,1778482798.54,AUDJPY_otc
69,2026-05-11 07:00:00,114.474,114.33,114.607,114.323,1224,1778483699.497,AUDJPY_otc
69,2026-05-11 07:15:00,114.328,114.307,114.442,114.202,1196,1778484599.897,AUDJPY_otc
69,2026-05-11 07:30:00,114.307,114.383,114.393,114.212,1190,1778485499.283,AUDJPY_otc
69,2026-05-11 07:45:00,114.383,114.218,114.399,114.182,1166,1778486399.736,AUDJPY_otc
69,2026-05-11 08:00:00,114.221,114.174,114.262,113.994,1190,1778487299.554,AUDJPY_otc
69,2026-05-11 08:15:00,114.177,114.369,114.371,114.138,1198,1778488199.021,AUDJPY_otc
69,2026-05-11 08:30:00,114.366,114.748,114.803,114.363,1196,1778489099.455,AUDJPY_otc
69,2026-05-11 08:45:00,114.748,114.543,114.766,114.476,1181,1778489999.825,AUDJPY_otc
69,2026-05-11 09:00:00,114.543,114.438,114.578,114.407,1178,1778490899.778,AUDJPY_otc
69,2026-05-11 09:15:00,114.438,114.358,114.677,114.354,1236,1778491799.611,AUDJPY_otc
69,2026-05-11 09:30:00,114.358,114.199,114.37,114.114,1214,1778492699.559,AUDJPY_otc
69,2026-05-11 09:45:00,114.195,114.411,114.413,114.182,1166,1778493599.39,AUDJPY_otc
69,2026-05-11 10:00:00,114.407,114.322,114.562,114.302,1214,1778494499.864,AUDJPY_otc
69,2026-05-11 10:15:00,114.322,114.463,114.487,114.276,1159,1778495399.744,AUDJPY_otc
69,2026-05-11 10:30:00,114.463,114.345,114.554,114.322,1182,1778496299.678,AUDJPY_otc
69,2026-05-11 10:45:00,114.345,113.995,114.352,113.984,1180,1778497199.619,AUDJPY_otc
69,2026-05-11 11:00:00,113.995,114.135,114.183,113.988,1182,1778498099.997,AUDJPY_otc
69,2026-05-11 11:15:00,114.135,114.106,114.276,114.066,1157,1778498999.895,AUDJPY_otc
69,2026-05-11 11:30:00,114.106,114.051,114.318,114.039,1183,1778499897.797,AUDJPY_otc
69,2026-05-11 11:45:00,114.051,113.609,114.091,113.593,1187,1778500799.706,AUDJPY_otc
69,2026-05-11 12:00:00,113.609,113.754,113.815,113.527,1195,1778501699.088,AUDJPY_otc
69,2026-05-11 12:15:00,113.754,113.918,113.966,113.691,1217,1778502599.491,AUDJPY_otc
69,2026-05-11 12:30:00,113.918,114.382,114.382,113.818,1180,1778503499.933,AUDJPY_otc
69,2026-05-11 12:45:00,114.382,114.464,114.516,114.297,1180,1778504399.747,AUDJPY_otc
69,2026-05-11 13:00:00,114.461,114.421,114.495,114.294,1175,1778505298.689,AUDJPY_otc
69,2026-05-11 13:15:00,114.419,114.27,114.451,114.249,1180,1778506199.104,AUDJPY_otc
69,2026-05-11 13:30:00,114.272,114.623,114.631,114.251,1153,1778507099.109,AUDJPY_otc
69,2026-05-11 13:45:00,114.616,114.522,114.616,114.361,1191,1778507999.581,AUDJPY_otc
69,2026-05-11 14:00:00,114.522,114.324,114.571,114.282,1201,1778508899.568,AUDJPY_otc
69,2026-05-11 14:15:00,114.324,114.502,114.545,114.321,1191,1778509798.899,AUDJPY_otc
69,2026-05-11 14:30:00,114.502,114.445,114.591,114.412,1207,1778510699.871,AUDJPY_otc
69,2026-05-11 14:45:00,114.42,114.35,114.524,114.287,1200,1778511599.815,AUDJPY_otc
69,2026-05-11 15:00:00,114.35,114.701,114.708,114.35,1226,1778512499.174,AUDJPY_otc
69,2026-05-11 15:15:00,114.701,114.86,114.966,114.623,1220,1778513399.613,AUDJPY_otc
69,2026-05-11 15:30:00,114.867,115.045,115.09,114.755,1202,1778514298.552,AUDJPY_otc
69,2026-05-11 15:45:00,115.042,115.293,115.297,115.006,1200,1778515199.574,AUDJPY_otc
69,2026-05-11 16:00:00,115.293,115.423,115.544,115.293,1204,1778516099.528,AUDJPY_otc
69,2026-05-11 16:15:00,115.429,115.28,115.467,115.262,1218,1778516999.072,AUDJPY_otc
69,2026-05-11 16:30:00,115.28,115.167,115.313,115.123,1214,1778517899.985,AUDJPY_otc
69,2026-05-11 16:45:00,115.17,115.253,115.253,115.048,1194,1778518799.886,AUDJPY_otc
69,2026-05-11 17:00:00,115.251,115.176,115.26,115.076,1206,1778519699.884,AUDJPY_otc
69,2026-05-11 17:15:00,115.174,115.153,115.28,114.987,1206,1778520597.384,AUDJPY_otc
69,2026-05-11 17:30:00,115.153,115.15,115.242,115.052,1196,1778521499.814,AUDJPY_otc
69,2026-05-11 17:45:00,115.15,115.082,115.178,115.024,1186,1778522399.294,AUDJPY_otc
69,2026-05-11 18:00:00,115.082,114.931,115.1,114.886,1194,1778523299.166,AUDJPY_otc
69,2026-05-11 18:15:00,114.931,114.705,114.934,114.609,1166,1778524199.513,AUDJPY_otc
69,2026-05-11 18:30:00,114.705,114.902,114.981,114.68,1213,1778525099.897,AUDJPY_otc
69,2026-05-11 18:45:00,114.907,114.988,115.007,114.759,1209,1778525999.808,AUDJPY_otc
69,2026-05-11 19:00:00,114.988,115.254,115.284,114.977,1193,1778526898.699,AUDJPY_otc
69,2026-05-11 19:15:00,115.246,115.365,115.465,115.224,1181,1778527799.073,AUDJPY_otc
69,2026-05-11 19:30:00,115.362,115.06,115.381,114.98,1205,1778528699.511,AUDJPY_otc
69,2026-05-11 19:45:00,115.068,115.105,115.169,114.93,1060,1778529599.965,AUDJPY_otc
69,2026-05-11 20:00:00,115.105,114.834,115.167,114.763,1208,1778530498.826,AUDJPY_otc
69,2026-05-11 20:15:00,114.832,114.874,114.898,114.607,1189,1778531399.59,AUDJPY_otc
69,2026-05-11 20:30:00,114.863,114.54,114.926,114.47,1184,1778532299.904,AUDJPY_otc
69,2026-05-11 20:45:00,114.54,114.615,114.706,114.477,1193,1778533199.719,AUDJPY_otc
69,2026-05-11 21:00:00,114.619,114.883,114.951,114.619,1201,1778534099.942,AUDJPY_otc
69,2026-05-11 21:15:00,114.883,114.773,114.989,114.715,1215,1778534999.824,AUDJPY_otc
69,2026-05-11 21:30:00,114.773,114.781,114.816,114.651,1217,1778535899.608,AUDJPY_otc
69,2026-05-11 21:45:00,114.781,114.702,114.88,114.636,1228,1778536799.994,AUDJPY_otc
69,2026-05-11 22:00:00,114.704,114.459,114.736,114.373,1212,1778537699.713,AUDJPY_otc
69,2026-05-11 22:15:00,114.462,114.446,114.509,114.264,1218,1778538599.965,AUDJPY_otc
69,2026-05-11 22:30:00,114.446,114.576,114.611,114.422,1206,1778539499.25,AUDJPY_otc
69,2026-05-11 22:45:00,114.576,114.741,114.8,114.568,1188,1778540399.508,AUDJPY_otc
69,2026-05-11 23:00:00,114.739,114.775,114.942,114.726,1193,1778541299.766,AUDJPY_otc
69,2026-05-11 23:15:00,114.771,114.882,114.936,114.654,1230,1778542199.122,AUDJPY_otc
69,2026-05-11 23:30:00,114.894,114.423,114.909,114.423,1172,1778543099.442,AUDJPY_otc
69,2026-05-11 23:45:00,114.423,114.28,114.481,114.19,1187,1778543999.778,AUDJPY_otc
69,2026-05-12 00:00:00,114.28,114.317,114.431,114.204,1217,1778544899.511,AUDJPY_otc
69,2026-05-12 00:15:00,114.317,114.547,114.562,114.306,1214,1778545799.757,AUDJPY_otc
69,2026-05-12 00:30:00,114.542,114.5,114.562,114.41,1209,1778546699.965,AUDJPY_otc
69,2026-05-12 00:45:00,114.501,114.671,114.729,114.474,1203,1778547599.657,AUDJPY_otc
69,2026-05-12 01:00:00,114.671,114.973,114.996,114.662,1194,1778548499.89,AUDJPY_otc
69,2026-05-12 01:15:00,114.973,115.079,115.089,114.876,1183,1778549399.639,AUDJPY_otc
69,2026-05-12 01:30:00,115.079,114.75,115.09,114.738,1211,1778550299.975,AUDJPY_otc
69,2026-05-12 01:45:00,114.747,114.565,114.754,114.508,1166,1778551199.273,AUDJPY_otc
69,2026-05-12 02:00:00,114.565,114.557,114.668,114.499,1156,1778552099.497,AUDJPY_otc
69,2026-05-12 02:15:00,114.557,114.403,114.557,114.21,1204,1778552999.804,AUDJPY_otc
69,2026-05-12 02:30:00,114.406,114.458,114.476,114.326,1212,1778553899.123,AUDJPY_otc
69,2026-05-12 02:45:00,114.458,114.552,114.605,114.425,1176,1778554799.836,AUDJPY_otc
69,2026-05-12 03:00:00,114.552,114.72,114.842,114.545,1195,1778555699.699,AUDJPY_otc
69,2026-05-12 03:15:00,114.727,114.497,114.767,114.446,1190,1778556599.889,AUDJPY_otc
69,2026-05-12 03:30:00,114.497,114.501,114.515,114.337,1191,1778557498.62,AUDJPY_otc
69,2026-05-12 03:45:00,114.501,114.638,114.689,114.479,1205,1778558399.432,AUDJPY_otc
69,2026-05-12 04:00:00,114.638,114.573,114.649,114.456,1204,1778559299.7,AUDJPY_otc
69,2026-05-12 04:15:00,114.573,114.568,114.713,114.467,1197,1778560199.926,AUDJPY_otc
69,2026-05-12 04:30:00,114.568,114.397,114.575,114.301,1226,1778561099.774,AUDJPY_otc
69,2026-05-12 04:45:00,114.395,114.547,114.595,114.391,1198,1778561998.98,AUDJPY_otc
69,2026-05-12 05:00:00,114.546,114.631,114.768,114.546,1228,1778562899.754,AUDJPY_otc
69,2026-05-12 05:15:00,114.631,114.682,114.853,114.593,1211,1778563799.654,AUDJPY_otc
69,2026-05-12 05:30:00,114.677,114.657,114.892,114.657,1208,1778564699.42,AUDJPY_otc
69,2026-05-12 05:45:00,114.657,114.534,114.765,114.505,1209,1778565599.734,AUDJPY_otc
69,2026-05-12 06:00:00,114.534,114.707,114.865,114.518,1196,1778566499.957,AUDJPY_otc
69,2026-05-12 06:15:00,114.707,114.67,114.743,114.548,1190,1778567399.827,AUDJPY_otc
69,2026-05-12 06:30:00,114.67,114.541,114.78,114.518,1249,1778568299.701,AUDJPY_otc
69,2026-05-12 06:45:00,114.541,114.634,114.784,114.535,1254,1778569199.984,AUDJPY_otc
69,2026-05-12 07:00:00,114.634,114.368,114.699,114.319,1212,1778570099.286,AUDJPY_otc
69,2026-05-12 07:15:00,114.368,114.207,114.397,114.103,1165,1778570999.478,AUDJPY_otc
69,2026-05-12 07:30:00,114.207,114.246,114.317,114.099,1220,1778571899.871,AUDJPY_otc
69,2026-05-12 07:45:00,114.246,114.245,114.349,114.175,1194,1778572799.666,AUDJPY_otc
69,2026-05-12 08:00:00,114.245,114.072,114.343,114.072,1202,1778573699.554,AUDJPY_otc
69,2026-05-12 08:15:00,114.07,114.251,114.324,114.01,1207,1778574599.834,AUDJPY_otc
69,2026-05-12 08:30:00,114.251,114.406,114.436,114.19,1207,1778575499.775,AUDJPY_otc
69,2026-05-12 08:45:00,114.406,114.401,114.428,114.112,1206,1778576398.078,AUDJPY_otc
69,2026-05-12 09:00:00,114.401,114.465,114.552,114.332,1224,1778577299.936,AUDJPY_otc
69,2026-05-12 09:15:00,114.461,114.427,114.622,114.404,1201,1778578199.707,AUDJPY_otc
69,2026-05-12 09:30:00,114.427,114.379,114.444,114.239,1231,1778579099.647,AUDJPY_otc
69,2026-05-12 09:45:00,114.389,114.344,114.495,114.268,1191,1778579999.885,AUDJPY_otc
69,2026-05-12 10:00:00,114.344,114.438,114.45,114.291,1177,1778580897.308,AUDJPY_otc
69,2026-05-12 10:15:00,114.438,114.36,114.567,114.33,1194,1778581799.001,AUDJPY_otc
69,2026-05-12 10:30:00,114.357,114.157,114.357,113.944,1215,1778582699.377,AUDJPY_otc
69,2026-05-12 10:45:00,114.157,114.21,114.214,114.046,1186,1778583599.63,AUDJPY_otc
69,2026-05-12 11:00:00,114.213,114.306,114.306,114.084,1198,1778584499.55,AUDJPY_otc
69,2026-05-12 11:15:00,114.3,114.461,114.481,114.245,1175,1778585399.853,AUDJPY_otc
69,2026-05-12 11:30:00,114.461,114.461,114.657,114.441,1225,1778586299.766,AUDJPY_otc
69,2026-05-12 11:45:00,114.461,114.667,114.75,114.437,1195,1778587199.527,AUDJPY_otc
69,2026-05-12 12:00:00,114.667,114.874,114.928,114.667,1162,1778588099.922,AUDJPY_otc
69,2026-05-12 12:15:00,114.874,114.771,114.928,114.721,1205,1778588999.656,AUDJPY_otc
69,2026-05-12 12:30:00,114.771,114.599,114.788,114.57,1138,1778589899.606,AUDJPY_otc
69,2026-05-12 12:45:00,114.599,114.567,114.659,114.481,1210,1778590799.449,AUDJPY_otc
69,2026-05-12 13:00:00,114.567,114.484,114.594,114.447,1194,1778591698.817,AUDJPY_otc
69,2026-05-12 13:15:00,114.484,114.364,114.637,114.35,1164,1778592599.628,AUDJPY_otc
69,2026-05-12 13:30:00,114.364,114.466,114.499,114.328,1239,1778593498.988,AUDJPY_otc
69,2026-05-12 13:45:00,114.466,114.417,114.507,114.345,1161,1778594399.311,AUDJPY_otc
69,2026-05-12 14:00:00,114.417,114.509,114.509,114.291,1189,1778595299.211,AUDJPY_otc
69,2026-05-12 14:15:00,114.508,114.314,114.555,114.264,1200,1778596199.544,AUDJPY_otc
69,2026-05-12 14:30:00,114.319,114.591,114.643,114.28,1217,1778597099.973,AUDJPY_otc
69,2026-05-12 14:45:00,114.591,114.584,114.69,114.517,1165,1778597999.756,AUDJPY_otc
69,2026-05-12 15:00:00,114.584,114.606,114.659,114.471,1202,1778598899.717,AUDJPY_otc
69,2026-05-12 15:15:00,114.606,114.518,114.666,114.477,1209,1778599799.673,AUDJPY_otc
69,2026-05-12 15:30:00,114.516,114.49,114.609,114.434,1188,1778600699.997,AUDJPY_otc
69,2026-05-12 15:45:00,114.49,114.4,114.599,114.376,1228,1778601599.859,AUDJPY_otc
69,2026-05-12 16:00:00,114.4,114.322,114.547,114.282,1211,1778602499.177,AUDJPY_otc
69,2026-05-12 16:15:00,114.322,114.561,114.587,114.322,1222,1778603399.556,AUDJPY_otc
69,2026-05-12 16:30:00,114.561,114.557,114.652,114.52,1203,1778604299.915,AUDJPY_otc
69,2026-05-12 16:45:00,114.557,114.489,114.689,114.468,1189,1778605198.233,AUDJPY_otc
69,2026-05-12 17:00:00,114.489,114.464,114.57,114.37,1229,1778606099.622,AUDJPY_otc
69,2026-05-12 17:15:00,114.454,114.571,114.638,114.443,1161,1778606999.441,AUDJPY_otc
69,2026-05-12 17:30:00,114.571,114.57,114.76,114.516,1221,1778607899.801,AUDJPY_otc
69,2026-05-12 17:45:00,114.567,114.71,114.78,114.513,1202,1778608799.567,AUDJPY_otc
69,2026-05-12 18:00:00,114.71,114.708,114.805,114.6,1192,1778609699.941,AUDJPY_otc
69,2026-05-12 18:15:00,114.708,114.791,114.847,114.659,1188,1778610599.213,AUDJPY_otc
69,2026-05-12 18:30:00,114.783,113.81,114.831,113.692,1197,1778611499.612,AUDJPY_otc
69,2026-05-12 18:45:00,113.81,113.592,113.827,113.523,1184,1778612399.378,AUDJPY_otc
69,2026-05-12 19:00:00,113.595,113.453,113.628,113.444,1203,1778613299.671,AUDJPY_otc
69,2026-05-12 19:15:00,113.453,113.654,113.778,113.45,1193,1778614199.912,AUDJPY_otc
69,2026-05-12 19:30:00,113.654,113.587,113.668,113.497,1212,1778615099.771,AUDJPY_otc
69,2026-05-12 19:45:00,113.587,113.236,113.588,113.196,1197,1778615998.492,AUDJPY_otc
69,2026-05-12 20:00:00,113.244,113.549,113.568,113.244,1194,1778616899.846,AUDJPY_otc
69,2026-05-12 20:15:00,113.546,113.623,113.656,113.425,1192,1778617799.541,AUDJPY_otc
69,2026-05-12 20:30:00,113.623,113.593,113.712,113.433,1194,1778618699.825,AUDJPY_otc
69,2026-05-12 20:45:00,113.593,113.425,113.71,113.298,1205,1778619599.61,AUDJPY_otc
69,2026-05-12 21:00:00,113.425,113.364,113.518,113.324,1218,1778620499.779,AUDJPY_otc
69,2026-05-12 21:15:00,113.364,113.15,113.378,113.136,1179,1778621399.06,AUDJPY_otc
69,2026-05-12 21:30:00,113.15,112.925,113.199,112.896,1182,1778622299.305,AUDJPY_otc
69,2026-05-12 21:45:00,112.925,113.023,113.153,112.913,1201,1778623199.994,AUDJPY_otc
69,2026-05-12 22:00:00,113.023,112.93,113.112,112.93,1179,1778624099.174,AUDJPY_otc
69,2026-05-12 22:15:00,112.935,113.008,113.067,112.814,1192,1778624999.774,AUDJPY_otc
69,2026-05-12 22:30:00,113.019,112.984,113.059,112.813,1187,1778625899.489,AUDJPY_otc
69,2026-05-12 22:45:00,112.984,112.833,113.083,112.677,1225,1778626799.676,AUDJPY_otc
69,2026-05-12 23:00:00,112.833,112.611,112.89,112.535,1179,1778627699.311,AUDJPY_otc
69,2026-05-12 23:15:00,112.611,112.698,112.707,112.504,1235,1778628599.934,AUDJPY_otc
69,2026-05-12 23:30:00,112.698,112.678,112.718,112.579,1204,1778629499.01,AUDJPY_otc
69,2026-05-12 23:45:00,112.678,112.817,112.907,112.585,1213,1778630399.67,AUDJPY_otc
69,2026-05-13 00:00:00,112.817,113.169,113.176,112.769,1213,1778631299.713,AUDJPY_otc
69,2026-05-13 00:15:00,113.169,113.191,113.21,113.033,1171,1778632199.261,AUDJPY_otc
69,2026-05-13 00:30:00,113.194,112.704,113.202,112.683,1191,1778633099.892,AUDJPY_otc
69,2026-05-13 00:45:00,112.704,112.536,112.789,112.483,1169,1778633999.841,AUDJPY_otc
69,2026-05-13 01:00:00,112.536,112.787,112.796,112.531,1208,1778634899.791,AUDJPY_otc
69,2026-05-13 01:15:00,112.79,112.705,112.793,112.58,1221,1778635799.896,AUDJPY_otc
69,2026-05-13 01:30:00,112.705,112.942,112.983,112.692,1198,1778636699.901,AUDJPY_otc
69,2026-05-13 01:45:00,112.942,112.882,112.965,112.798,1182,1778637599.856,AUDJPY_otc
69,2026-05-13 02:00:00,112.882,113.047,113.19,112.846,1206,1778638499.303,AUDJPY_otc
69,2026-05-13 02:15:00,113.047,112.877,113.108,112.849,1183,1778639399.268,AUDJPY_otc
69,2026-05-13 02:30:00,112.874,112.726,112.97,112.704,1176,1778640299.604,AUDJPY_otc
69,2026-05-13 02:45:00,112.725,112.957,112.967,112.66,1243,1778641199.066,AUDJPY_otc
69,2026-05-13 03:00:00,112.951,113.267,113.306,112.917,1198,1778642099.966,AUDJPY_otc
69,2026-05-13 03:15:00,113.267,113.067,113.329,113.024,1202,1778642999.304,AUDJPY_otc
69,2026-05-13 03:30:00,113.067,112.752,113.131,112.752,1189,1778643899.554,AUDJPY_otc
69,2026-05-13 03:45:00,112.752,112.855,112.941,112.712,1213,1778644798.822,AUDJPY_otc
69,2026-05-13 04:00:00,112.853,112.861,112.912,112.77,1218,1778645699.576,AUDJPY_otc
69,2026-05-13 04:15:00,112.861,112.738,112.939,112.721,1221,1778646599.763,AUDJPY_otc
69,2026-05-13 04:30:00,112.738,112.522,112.748,112.485,1201,1778647499.917,AUDJPY_otc
69,2026-05-13 04:45:00,112.522,112.514,112.595,112.468,1169,1778648399.486,AUDJPY_otc
69,2026-05-13 05:00:00,112.514,112.679,112.758,112.514,1188,1778649299.565,AUDJPY_otc
69,2026-05-13 05:15:00,112.679,112.654,112.789,112.573,1169,1778650199.577,AUDJPY_otc
69,2026-05-13 05:30:00,112.658,112.474,112.684,112.448,1182,1778651099.538,AUDJPY_otc
69,2026-05-13 05:45:00,112.477,112.203,112.526,112.169,1185,1778651999.986,AUDJPY_otc
69,2026-05-13 06:00:00,112.193,112.453,112.487,112.19,1222,1778652899.394,AUDJPY_otc
69,2026-05-13 06:15:00,112.451,112.841,112.841,112.397,1182,1778653799.805,AUDJPY_otc
69,2026-05-13 06:30:00,112.839,112.643,112.843,112.608,1196,1778654699.68,AUDJPY_otc
69,2026-05-13 06:45:00,112.643,112.714,112.756,112.586,1180,1778655598.471,AUDJPY_otc
69,2026-05-13 07:00:00,112.711,112.543,112.732,112.48,1194,1778656499.319,AUDJPY_otc
69,2026-05-13 07:15:00,112.543,112.643,112.713,112.52,1216,1778657399.213,AUDJPY_otc
69,2026-05-13 07:30:00,112.643,112.614,112.721,112.527,1172,1778658299.532,AUDJPY_otc
69,2026-05-13 07:45:00,112.614,112.721,112.802,112.592,1178,1778659199.475,AUDJPY_otc
69,2026-05-13 08:00:00,112.721,112.955,112.958,112.709,1176,1778660098.358,AUDJPY_otc
69,2026-05-13 08:15:00,112.955,112.961,112.989,112.831,1223,1778660999.808,AUDJPY_otc
69,2026-05-13 08:30:00,112.961,112.845,113.003,112.754,1199,1778661899.806,AUDJPY_otc
69,2026-05-13 08:45:00,112.845,113.105,113.113,112.827,1201,1778662799.899,AUDJPY_otc
69,2026-05-13 09:00:00,113.105,113.094,113.242,113.078,1216,1778663699.423,AUDJPY_otc
69,2026-05-13 09:15:00,113.094,113.158,113.158,112.995,1166,1778664599.592,AUDJPY_otc
69,2026-05-13 09:30:00,113.166,113.006,113.224,113.006,1194,1778665499.299,AUDJPY_otc
69,2026-05-13 09:45:00,112.998,112.96,113.0,112.855,1213,1778666399.763,AUDJPY_otc
69,2026-05-13 10:00:00,112.96,112.852,112.98,112.773,1156,1778667299.779,AUDJPY_otc
69,2026-05-13 10:15:00,112.852,112.821,112.999,112.804,1211,1778668199.851,AUDJPY_otc
69,2026-05-13 10:30:00,112.821,112.879,112.92,112.744,1233,1778669099.467,AUDJPY_otc
69,2026-05-13 10:45:00,112.877,112.823,112.967,112.823,1188,1778669999.744,AUDJPY_otc
69,2026-05-13 11:00:00,112.823,112.987,113.024,112.823,1173,1778670898.467,AUDJPY_otc
69,2026-05-13 11:15:00,112.989,112.925,113.034,112.907,1207,1778671799.761,AUDJPY_otc
69,2026-05-13 11:30:00,112.925,113.017,113.074,112.895,1193,1778672699.503,AUDJPY_otc
69,2026-05-13 11:45:00,113.02,112.961,113.116,112.944,1182,1778673599.771,AUDJPY_otc
69,2026-05-13 12:00:00,112.961,112.916,113.014,112.863,1235,1778674499.994,AUDJPY_otc
69,2026-05-13 12:15:00,112.916,113.104,113.111,112.87,1176,1778675399.774,AUDJPY_otc
69,2026-05-13 12:30:00,113.104,113.21,113.218,113.099,1194,1778676299.496,AUDJPY_otc
69,2026-05-13 12:45:00,113.207,113.194,113.295,113.191,1215,1778677199.763,AUDJPY_otc
69,2026-05-13 13:00:00,113.194,113.271,113.337,113.169,1178,1778678099.897,AUDJPY_otc
69,2026-05-13 13:15:00,113.271,113.388,113.462,113.229,1160,1778678999.141,AUDJPY_otc
69,2026-05-13 13:30:00,113.39,113.155,113.392,113.122,1218,1778679899.783,AUDJPY_otc
69,2026-05-13 13:45:00,113.155,113.16,113.239,113.095,1193,1778680799.419,AUDJPY_otc
69,2026-05-13 14:00:00,113.16,113.287,113.309,113.138,1215,1778681698.12,AUDJPY_otc
69,2026-05-13 14:15:00,113.287,113.346,113.353,113.253,1213,1778682598.883,AUDJPY_otc
69,2026-05-13 14:30:00,113.346,113.494,113.495,113.319,1243,1778683499.432,AUDJPY_otc
69,2026-05-13 14:45:00,113.496,113.323,113.521,113.298,1187,1778684399.552,AUDJPY_otc
69,2026-05-13 15:00:00,113.321,113.551,113.566,113.241,1242,1778685299.705,AUDJPY_otc
69,2026-05-13 15:15:00,113.551,113.351,113.585,113.301,1170,1778686198.807,AUDJPY_otc
69,2026-05-13 15:30:00,113.348,113.324,113.405,113.172,1208,1778687099.548,AUDJPY_otc
69,2026-05-13 15:45:00,113.324,113.219,113.324,113.139,1221,1778687999.026,AUDJPY_otc
69,2026-05-13 16:00:00,113.221,113.352,113.363,113.155,1192,1778688899.678,AUDJPY_otc
69,2026-05-13 16:15:00,113.352,113.559,113.559,113.327,1193,1778689799.581,AUDJPY_otc
69,2026-05-13 16:30:00,113.559,113.607,113.652,113.517,1198,1778690699.631,AUDJPY_otc
69,2026-05-13 16:45:00,113.607,113.687,113.748,113.539,1183,1778691599.047,AUDJPY_otc
69,2026-05-13 17:00:00,113.687,113.91,113.962,113.659,1220,1778692499.661,AUDJPY_otc
69,2026-05-13 17:15:00,113.91,114.049,114.049,113.827,1181,1778693399.716,AUDJPY_otc
69,2026-05-13 17:30:00,114.049,114.188,114.212,113.91,1179,1778694299.686,AUDJPY_otc
69,2026-05-13 17:45:00,114.188,114.135,114.229,114.127,1242,1778695199.546,AUDJPY_otc
69,2026-05-13 18:00:00,114.132,114.054,114.196,114.048,1189,1778696099.032,AUDJPY_otc
69,2026-05-13 18:15:00,114.052,114.241,114.26,113.974,1146,1778696999.906,AUDJPY_otc
69,2026-05-13 18:30:00,114.241,114.086,114.257,114.043,1202,1778697899.356,AUDJPY_otc
69,2026-05-13 18:45:00,114.086,113.796,114.129,113.793,1168,1778698798.646,AUDJPY_otc
69,2026-05-13 19:00:00,113.796,113.744,113.903,113.712,1204,1778699699.595,AUDJPY_otc
69,2026-05-13 19:15:00,113.742,113.433,113.763,113.426,1205,1778700599.401,AUDJPY_otc
69,2026-05-13 19:30:00,113.433,113.713,113.735,113.414,1206,1778701499.787,AUDJPY_otc
69,2026-05-13 19:45:00,113.713,113.684,113.774,113.598,1214,1778702399.987,AUDJPY_otc
69,2026-05-13 20:00:00,113.684,113.741,113.798,113.652,1168,1778703298.403,AUDJPY_otc
69,2026-05-13 20:15:00,113.741,113.785,113.793,113.643,1169,1778704199.537,AUDJPY_otc
69,2026-05-13 20:30:00,113.771,113.67,113.814,113.636,1196,1778705099.428,AUDJPY_otc
69,2026-05-13 20:45:00,113.661,113.717,113.857,113.647,1181,1778705999.865,AUDJPY_otc
69,2026-05-13 21:00:00,113.717,113.696,113.751,113.621,1157,1778706899.895,AUDJPY_otc
69,2026-05-13 21:15:00,113.696,113.674,113.897,113.674,1209,1778707798.919,AUDJPY_otc
69,2026-05-13 21:30:00,113.674,113.58,113.817,113.572,1197,1778708698.929,AUDJPY_otc
69,2026-05-13 21:45:00,113.58,113.571,113.633,113.504,1172,1778709599.231,AUDJPY_otc
69,2026-05-13 22:00:00,113.566,113.686,113.802,113.533,1183,1778710499.841,AUDJPY_otc
69,2026-05-13 22:15:00,113.683,113.782,113.865,113.635,1171,1778711399.5,AUDJPY_otc
69,2026-05-13 22:30:00,113.779,114.087,114.122,113.656,1192,1778712299.843,AUDJPY_otc
69,2026-05-13 22:45:00,114.087,114.05,114.14,113.964,1238,1778713199.677,AUDJPY_otc
69,2026-05-13 23:00:00,114.053,114.044,114.298,113.949,1212,1778714099.95,AUDJPY_otc
69,2026-05-13 23:15:00,114.039,113.89,114.184,113.887,1189,1778714999.804,AUDJPY_otc
69,2026-05-13 23:30:00,113.888,113.913,114.02,113.791,1198,1778715899.68,AUDJPY_otc
69,2026-05-13 23:45:00,113.916,113.911,114.031,113.791,1229,1778716799.56,AUDJPY_otc
69,2026-05-14 00:00:00,113.905,113.797,113.93,113.733,1228,1778717699.546,AUDJPY_otc
69,2026-05-14 00:15:00,113.797,113.902,113.919,113.598,1161,1778718599.575,AUDJPY_otc
69,2026-05-14 00:30:00,113.904,113.614,113.944,113.595,1183,1778719499.618,AUDJPY_otc
69,2026-05-14 00:45:00,113.614,113.623,113.726,113.505,1212,1778720399.761,AUDJPY_otc
69,2026-05-14 01:00:00,113.623,113.463,113.649,113.423,1236,1778721299.825,AUDJPY_otc
69,2026-05-14 01:15:00,113.463,113.401,113.668,113.373,1220,1778722199.135,AUDJPY_otc
69,2026-05-14 01:30:00,113.404,113.703,113.756,113.371,1196,1778723099.878,AUDJPY_otc
69,2026-05-14 01:45:00,113.703,113.876,113.938,113.671,1180,1778723999.652,AUDJPY_otc
69,2026-05-14 02:00:00,113.876,113.894,114.082,113.842,1211,1778724899.953,AUDJPY_otc
69,2026-05-14 02:15:00,113.894,114.044,114.157,113.866,1180,1778725799.722,AUDJPY_otc
69,2026-05-14 02:30:00,114.044,113.929,114.151,113.867,1217,1778726699.582,AUDJPY_otc
69,2026-05-14 02:45:00,113.929,113.768,114.121,113.768,1194,1778727599.882,AUDJPY_otc
69,2026-05-14 03:00:00,113.771,113.862,113.913,113.767,1176,1778728499.764,AUDJPY_otc
69,2026-05-14 03:15:00,113.864,113.721,113.902,113.683,1207,1778729398.503,AUDJPY_otc
69,2026-05-14 03:30:00,113.739,113.906,113.923,113.616,1204,1778730299.849,AUDJPY_otc
69,2026-05-14 03:45:00,113.906,113.845,113.971,113.807,1196,1778731199.122,AUDJPY_otc
69,2026-05-14 04:00:00,113.841,113.838,113.978,113.789,1198,1778732099.433,AUDJPY_otc
69,2026-05-14 04:15:00,113.843,114.048,114.067,113.783,1185,1778732999.188,AUDJPY_otc
69,2026-05-14 04:30:00,114.044,114.296,114.341,114.025,1197,1778733899.411,AUDJPY_otc
69,2026-05-14 04:45:00,114.296,114.293,114.347,114.19,1182,1778734799.677,AUDJPY_otc
69,2026-05-14 05:00:00,114.295,114.213,114.32,114.116,1189,1778735699.979,AUDJPY_otc
69,2026-05-14 05:15:00,114.213,114.056,114.227,113.969,1202,1778736599.758,AUDJPY_otc
69,2026-05-14 05:30:00,114.076,114.053,114.109,113.98,1169,1778737499.644,AUDJPY_otc
69,2026-05-14 05:45:00,114.053,113.954,114.252,113.888,1197,1778738398.957,AUDJPY_otc
69,2026-05-14 06:00:00,113.954,114.086,114.156,113.902,1198,1778739299.796,AUDJPY_otc
69,2026-05-14 06:15:00,114.086,114.321,114.373,114.064,1189,1778740199.555,AUDJPY_otc
69,2026-05-14 06:30:00,114.325,114.297,114.449,114.269,1202,1778741099.876,AUDJPY_otc
69,2026-05-14 06:45:00,114.297,114.441,114.48,114.166,1176,1778741999.701,AUDJPY_otc
69,2026-05-14 07:00:00,114.441,114.544,114.597,114.339,1221,1778742898.961,AUDJPY_otc
69,2026-05-14 07:15:00,114.546,114.58,114.634,114.446,1190,1778743799.88,AUDJPY_otc
69,2026-05-14 07:30:00,114.58,114.632,114.778,114.517,1252,1778744699.593,AUDJPY_otc
69,2026-05-14 07:45:00,114.632,114.54,114.679,114.486,1182,1778745599.965,AUDJPY_otc
69,2026-05-14 08:00:00,114.54,114.319,114.609,114.278,1189,1778746498.741,AUDJPY_otc
69,2026-05-14 08:15:00,114.321,114.532,114.532,114.315,1187,1778747399.584,AUDJPY_otc
69,2026-05-14 08:30:00,114.532,114.222,114.587,114.136,1186,1778748299.897,AUDJPY_otc
69,2026-05-14 08:45:00,114.222,114.223,114.233,113.972,1210,1778749199.723,AUDJPY_otc
69,2026-05-14 09:00:00,114.223,114.316,114.358,114.175,1201,1778750099.584,AUDJPY_otc
69,2026-05-14 09:15:00,114.316,114.227,114.337,114.154,1200,1778750999.938,AUDJPY_otc
69,2026-05-14 09:30:00,114.227,114.273,114.408,114.218,1235,1778751899.735,AUDJPY_otc
69,2026-05-14 09:45:00,114.273,114.408,114.536,114.247,1179,1778752799.525,AUDJPY_otc
69,2026-05-14 10:00:00,114.418,114.426,114.615,114.336,1215,1778753699.924,AUDJPY_otc
69,2026-05-14 10:15:00,114.426,114.475,114.607,114.37,1241,1778754599.653,AUDJPY_otc
69,2026-05-14 10:30:00,114.47,114.34,114.502,114.26,1202,1778755499.969,AUDJPY_otc
69,2026-05-14 10:45:00,114.34,114.118,114.378,114.05,1168,1778756399.835,AUDJPY_otc
69,2026-05-14 11:00:00,114.118,114.016,114.155,113.859,1188,1778757299.118,AUDJPY_otc
69,2026-05-14 11:15:00,114.016,114.163,114.163,113.901,1217,1778758199.991,AUDJPY_otc
69,2026-05-14 11:30:00,114.163,114.299,114.388,114.145,1218,1778759099.882,AUDJPY_otc
69,2026-05-14 11:45:00,114.286,114.289,114.342,114.167,1146,1778759999.754,AUDJPY_otc
69,2026-05-14 12:00:00,114.289,114.183,114.367,114.177,1170,1778760899.108,AUDJPY_otc
69,2026-05-14 12:15:00,114.183,114.499,114.526,114.157,1184,1778761798.997,AUDJPY_otc
69,2026-05-14 12:30:00,114.499,114.445,114.547,114.417,1181,1778762699.899,AUDJPY_otc
69,2026-05-14 12:45:00,114.445,114.534,114.577,114.332,1215,1778763599.297,AUDJPY_otc
69,2026-05-14 13:00:00,114.534,114.714,114.754,114.461,1207,1778764499.619,AUDJPY_otc
69,2026-05-14 13:15:00,114.714,114.585,114.756,114.51,1198,1778765399.863,AUDJPY_otc
69,2026-05-14 13:30:00,114.585,114.631,114.653,114.477,1206,1778766299.727,AUDJPY_otc
69,2026-05-14 13:45:00,114.631,114.778,114.806,114.575,1190,1778767199.63,AUDJPY_otc
69,2026-05-14 14:00:00,114.778,114.681,114.863,114.669,1195,1778768099.474,AUDJPY_otc
69,2026-05-14 14:15:00,114.681,114.259,114.681,114.23,1186,1778768998.804,AUDJPY_otc
69,2026-05-14 14:30:00,114.263,114.322,114.426,114.179,1218,1778769899.574,AUDJPY_otc
69,2026-05-14 14:45:00,114.324,114.557,114.648,114.294,1195,1778770799.992,AUDJPY_otc
69,2026-05-14 15:00:00,114.557,114.429,114.603,114.427,1204,1778771699.828,AUDJPY_otc
69,2026-05-14 15:15:00,114.429,114.426,114.504,114.338,1202,1778772598.671,AUDJPY_otc
69,2026-05-14 15:30:00,114.426,114.349,114.59,114.342,1204,1778773499.943,AUDJPY_otc
69,2026-05-14 15:45:00,114.354,114.289,114.433,114.246,1201,1778774399.327,AUDJPY_otc
69,2026-05-14 16:00:00,114.289,114.509,114.613,114.287,1191,1778775299.187,AUDJPY_otc
69,2026-05-14 16:15:00,114.509,114.453,114.642,114.441,1177,1778776199.086,AUDJPY_otc
69,2026-05-14 16:30:00,114.453,114.34,114.522,114.268,1221,1778777098.381,AUDJPY_otc
69,2026-05-14 16:45:00,114.34,114.573,114.581,114.284,1207,1778777999.762,AUDJPY_otc
69,2026-05-14 17:00:00,114.573,114.489,114.721,114.479,1202,1778778899.712,AUDJPY_otc
69,2026-05-14 17:15:00,114.489,114.416,114.61,114.329,1204,1778779799.025,AUDJPY_otc
69,2026-05-14 17:30:00,114.418,114.316,114.448,114.313,1223,1778780699.916,AUDJPY_otc
69,2026-05-14 17:45:00,114.316,114.336,114.362,114.11,1180,1778781599.685,AUDJPY_otc
69,2026-05-14 18:00:00,114.338,114.26,114.483,114.212,1222,1778782499.985,AUDJPY_otc
69,2026-05-14 18:15:00,114.26,114.242,114.39,114.229,1175,1778783399.834,AUDJPY_otc
69,2026-05-14 18:30:00,114.242,114.534,114.547,114.208,1220,1778784299.757,AUDJPY_otc
69,2026-05-14 18:45:00,114.534,114.465,114.685,114.416,1183,1778785199.064,AUDJPY_otc
69,2026-05-14 19:00:00,114.463,114.588,114.615,114.395,1209,1778786099.847,AUDJPY_otc
69,2026-05-14 19:15:00,114.588,114.581,114.6,114.375,1184,1778786999.571,AUDJPY_otc
69,2026-05-14 19:30:00,114.573,114.481,114.584,114.387,1216,1778787899.769,AUDJPY_otc
69,2026-05-14 19:45:00,114.481,114.488,114.496,114.262,1188,1778788799.616,AUDJPY_otc
69,2026-05-14 20:00:00,114.473,114.271,114.513,114.262,1194,1778789699.865,AUDJPY_otc
69,2026-05-14 20:15:00,114.269,114.307,114.395,114.144,1183,1778790599.055,AUDJPY_otc
69,2026-05-14 20:30:00,114.307,114.685,114.705,114.307,1194,1778791499.787,AUDJPY_otc
69,2026-05-14 20:45:00,114.685,114.494,114.695,114.482,1218,1778792399.647,AUDJPY_otc
69,2026-05-14 21:00:00,114.494,114.431,114.497,114.389,1171,1778793299.906,AUDJPY_otc
69,2026-05-14 21:15:00,114.431,114.502,114.616,114.372,1220,1778794199.743,AUDJPY_otc
69,2026-05-14 21:30:00,114.5,114.541,114.599,114.475,1197,1778795097.966,AUDJPY_otc
69,2026-05-14 21:45:00,114.553,114.421,114.636,114.391,1223,1778795999.791,AUDJPY_otc
69,2026-05-14 22:00:00,114.419,114.473,114.543,114.327,1184,1778796899.059,AUDJPY_otc
69,2026-05-14 22:15:00,114.473,114.751,114.789,114.469,1197,1778797799.821,AUDJPY_otc
69,2026-05-14 22:30:00,114.751,114.76,114.832,114.642,1229,1778798699.975,AUDJPY_otc
69,2026-05-14 22:45:00,114.757,115.041,115.046,114.736,1210,1778799599.831,AUDJPY_otc
69,2026-05-14 23:00:00,115.041,115.043,115.074,114.857,1218,1778800499.562,AUDJPY_otc
69,2026-05-14 23:15:00,115.043,115.303,115.329,114.928,1225,1778801399.932,AUDJPY_otc
69,2026-05-14 23:30:00,115.303,115.328,115.48,115.282,1187,1778802299.657,AUDJPY_otc
69,2026-05-14 23:45:00,115.325,115.178,115.449,115.159,1199,1778803199.5,AUDJPY_otc
69,2026-05-15 00:00:00,115.181,115.311,115.314,114.998,1177,1778804099.759,AUDJPY_otc
69,2026-05-15 00:15:00,115.311,115.418,115.427,115.235,1155,1778804999.508,AUDJPY_otc
69,2026-05-15 00:30:00,115.418,115.218,115.571,115.201,1228,1778805898.245,AUDJPY_otc
69,2026-05-15 00:45:00,115.218,115.143,115.28,115.038,1194,1778806799.977,AUDJPY_otc
69,2026-05-15 01:00:00,115.145,115.036,115.234,115.026,1198,1778807699.231,AUDJPY_otc
69,2026-05-15 01:15:00,115.04,115.342,115.462,115.037,1228,1778808599.596,AUDJPY_otc
69,2026-05-15 01:30:00,115.346,115.366,115.439,115.209,1189,1778809499.816,AUDJPY_otc
69,2026-05-15 01:45:00,115.366,115.664,115.712,115.309,1195,1778810399.555,AUDJPY_otc
69,2026-05-15 02:00:00,115.662,115.488,115.711,115.42,1220,1778811298.784,AUDJPY_otc
69,2026-05-15 02:15:00,115.488,115.379,115.54,115.308,1196,1778812199.648,AUDJPY_otc
69,2026-05-15 02:30:00,115.382,115.445,115.52,115.304,1205,1778813099.918,AUDJPY_otc
69,2026-05-15 02:45:00,115.445,115.587,115.681,115.38,1233,1778813998.727,AUDJPY_otc
69,2026-05-15 03:00:00,115.587,115.544,115.603,115.385,1200,1778814899.952,AUDJPY_otc
69,2026-05-15 03:15:00,115.544,115.741,115.767,115.453,1249,1778815799.741,AUDJPY_otc
69,2026-05-15 03:30:00,115.741,115.822,115.914,115.673,1208,1778816697.554,AUDJPY_otc
69,2026-05-15 03:45:00,115.831,115.659,115.851,115.651,1204,1778817599.362,AUDJPY_otc
69,2026-05-15 04:00:00,115.659,115.756,115.8,115.442,1217,1778818499.168,AUDJPY_otc
69,2026-05-15 04:15:00,115.756,115.718,115.846,115.693,1190,1778819399.369,AUDJPY_otc
69,2026-05-15 04:30:00,115.718,115.788,115.946,115.657,1157,1778820299.175,AUDJPY_otc
69,2026-05-15 04:45:00,115.788,115.848,115.914,115.691,1180,1778821199.588,AUDJPY_otc
69,2026-05-15 05:00:00,115.848,115.808,115.891,115.739,1210,1778822099.873,AUDJPY_otc
69,2026-05-15 05:15:00,115.811,115.663,115.831,115.551,1181,1778822999.764,AUDJPY_otc
69,2026-05-15 05:30:00,115.661,115.309,115.754,115.292,1207,1778823898.533,AUDJPY_otc
69,2026-05-15 05:45:00,115.309,115.527,115.586,115.258,1202,1778824798.913,AUDJPY_otc
69,2026-05-15 06:00:00,115.527,115.341,115.533,115.301,1215,1778825699.707,AUDJPY_otc
69,2026-05-15 06:15:00,115.341,115.282,115.437,115.239,1187,1778826599.554,AUDJPY_otc
69,2026-05-15 06:30:00,115.282,115.389,115.429,115.168,1241,1778827499.82,AUDJPY_otc
69,2026-05-15 06:45:00,115.389,115.468,115.557,115.357,1210,1778828399.648,AUDJPY_otc
69,2026-05-15 07:00:00,115.468,115.451,115.514,115.374,1179,1778829298.511,AUDJPY_otc
69,2026-05-15 07:15:00,115.451,115.366,115.471,115.302,1151,1778830199.861,AUDJPY_otc
69,2026-05-15 07:30:00,115.366,115.095,115.41,115.081,1185,1778831099.681,AUDJPY_otc
69,2026-05-15 07:45:00,115.095,115.113,115.208,114.994,1237,1778831999.024,AUDJPY_otc
69,2026-05-15 08:00:00,115.118,114.856,115.168,114.822,1216,1778832899.941,AUDJPY_otc
69,2026-05-15 08:15:00,114.854,114.806,114.899,114.646,1199,1778833799.765,AUDJPY_otc
69,2026-05-15 08:30:00,114.806,114.553,114.807,114.41,1160,1778834699.112,AUDJPY_otc
69,2026-05-15 08:45:00,114.556,114.611,114.741,114.535,1167,1778835598.556,AUDJPY_otc
69,2026-05-15 09:00:00,114.611,114.56,114.718,114.55,1188,1778836498.775,AUDJPY_otc
69,2026-05-15 09:15:00,114.56,114.911,115.004,114.559,1160,1778837398.552,AUDJPY_otc
69,2026-05-15 09:30:00,114.913,114.971,114.984,114.853,1155,1778838299.95,AUDJPY_otc
69,2026-05-15 09:45:00,114.971,115.081,115.194,114.872,1218,1778839199.748,AUDJPY_otc
69,2026-05-15 10:00:00,115.068,114.958,115.085,114.89,1192,1778840099.652,AUDJPY_otc
69,2026-05-15 10:15:00,114.958,115.113,115.174,114.899,1208,1778840999.911,AUDJPY_otc
69,2026-05-15 10:30:00,115.113,115.303,115.359,115.113,1185,1778841899.791,AUDJPY_otc
69,2026-05-15 10:45:00,115.303,115.428,115.547,115.282,1178,1778842798.134,AUDJPY_otc
69,2026-05-15 11:00:00,115.428,115.315,115.469,115.231,1191,1778843699.964,AUDJPY_otc
69,2026-05-15 11:15:00,115.315,114.955,115.362,114.942,1181,1778844599.245,AUDJPY_otc
69,2026-05-15 11:30:00,114.955,115.203,115.204,114.769,1220,1778845498.729,AUDJPY_otc
69,2026-05-15 11:45:00,115.205,114.942,115.224,114.923,1224,1778846398.497,AUDJPY_otc
69,2026-05-15 12:00:00,114.942,114.909,114.943,114.793,1214,1778847299.871,AUDJPY_otc
69,2026-05-15 12:15:00,114.909,115.061,115.064,114.759,1224,1778848198.076,AUDJPY_otc
69,2026-05-15 12:30:00,115.061,115.189,115.232,114.938,1153,1778849099.51,AUDJPY_otc
69,2026-05-15 12:45:00,115.193,115.205,115.378,115.164,1228,1778849998.82,AUDJPY_otc
69,2026-05-15 13:00:00,115.195,115.358,115.372,115.128,1245,1778850899.776,AUDJPY_otc
69,2026-05-15 13:15:00,115.36,115.279,115.6,115.263,1150,1778851799.562,AUDJPY_otc
69,2026-05-15 13:30:00,115.28,115.229,115.313,115.102,1186,1778852699.972,AUDJPY_otc
69,2026-05-15 13:45:00,115.229,115.314,115.432,115.167,1208,1778853599.334,AUDJPY_otc
69,2026-05-15 14:00:00,115.314,115.408,115.465,115.227,1206,1778854499.815,AUDJPY_otc
69,2026-05-15 14:15:00,115.408,115.398,115.541,115.325,1220,1778855399.63,AUDJPY_otc
69,2026-05-15 14:30:00,115.398,115.241,115.518,115.233,1175,1778856299.549,AUDJPY_otc
69,2026-05-15 14:45:00,115.243,115.068,115.261,115.011,1217,1778857199.827,AUDJPY_otc
69,2026-05-15 15:00:00,115.064,115.121,115.167,114.979,1175,1778858099.244,AUDJPY_otc
69,2026-05-15 15:15:00,115.121,115.09,115.213,115.04,1229,1778858999.959,AUDJPY_otc
69,2026-05-15 15:30:00,115.09,114.929,115.187,114.922,1178,1778859899.789,AUDJPY_otc
69,2026-05-15 15:45:00,114.929,114.791,114.981,114.724,1206,1778860799.625,AUDJPY_otc
69,2026-05-15 16:00:00,114.791,114.827,114.885,114.696,1227,1778861699.937,AUDJPY_otc
69,2026-05-15 16:15:00,114.827,115.044,115.075,114.815,1224,1778862599.833,AUDJPY_otc
69,2026-05-15 16:30:00,115.044,114.772,115.116,114.719,1210,1778863499.699,AUDJPY_otc
69,2026-05-15 16:45:00,114.772,114.704,114.908,114.684,1201,1778864399.538,AUDJPY_otc
69,2026-05-15 17:00:00,114.704,114.682,114.835,114.678,1174,1778865299.875,AUDJPY_otc
69,2026-05-15 17:15:00,114.682,114.648,114.69,114.505,1207,1778866198.697,AUDJPY_otc
69,2026-05-15 17:30:00,114.646,114.768,114.795,114.615,1184,1778867099.579,AUDJPY_otc
69,2026-05-15 17:45:00,114.764,115.033,115.126,114.757,1228,1778867999.361,AUDJPY_otc
69,2026-05-15 18:00:00,115.035,115.126,115.182,114.884,1214,1778868899.68,AUDJPY_otc
69,2026-05-15 18:15:00,115.128,115.017,115.237,114.995,1170,1778869799.542,AUDJPY_otc
69,2026-05-15 18:30:00,115.017,114.891,115.119,114.864,1211,1778870698.81,AUDJPY_otc
69,2026-05-15 18:45:00,114.891,114.691,114.975,114.641,1183,1778871599.174,AUDJPY_otc
69,2026-05-15 19:00:00,114.696,114.841,114.91,114.649,1195,1778872498.503,AUDJPY_otc
69,2026-05-15 19:15:00,114.841,114.729,114.846,114.656,1202,1778873399.698,AUDJPY_otc
69,2026-05-15 19:30:00,114.729,114.79,114.885,114.654,1176,1778874298.531,AUDJPY_otc
69,2026-05-15 19:45:00,114.787,114.923,114.984,114.661,1190,1778875199.259,AUDJPY_otc
69,2026-05-15 20:00:00,114.923,115.155,115.155,114.846,1178,1778876099.994,AUDJPY_otc
69,2026-05-15 20:15:00,115.157,115.233,115.307,115.123,1195,1778876999.868,AUDJPY_otc
69,2026-05-15 20:30:00,115.233,115.483,115.513,115.188,1193,1778877899.599,AUDJPY_otc
69,2026-05-15 20:45:00,115.481,115.521,115.571,115.382,1201,1778878799.879,AUDJPY_otc
69,2026-05-15 21:00:00,115.521,115.501,115.659,115.479,1228,1778879699.673,AUDJPY_otc
69,2026-05-15 21:15:00,115.501,115.427,115.554,115.409,1182,1778880599.971,AUDJPY_otc
69,2026-05-15 21:30:00,115.431,115.295,115.441,115.156,1194,1778881499.783,AUDJPY_otc
69,2026-05-15 21:45:00,115.298,115.082,115.308,115.065,1195,1778882399.523,AUDJPY_otc
69,2026-05-15 22:00:00,115.084,115.22,115.25,115.052,1210,1778883299.236,AUDJPY_otc
69,2026-05-15 22:15:00,115.22,115.271,115.349,115.143,1215,1778884199.499,AUDJPY_otc
69,2026-05-15 22:30:00,115.265,115.277,115.377,115.199,1202,1778885099.779,AUDJPY_otc
69,2026-05-15 22:45:00,115.279,115.175,115.311,115.156,1244,1778885999.972,AUDJPY_otc
69,2026-05-15 23:00:00,115.175,114.906,115.175,114.838,1166,1778886899.792,AUDJPY_otc
69,2026-05-15 23:15:00,114.904,114.417,114.976,114.401,1183,1778887799.926,AUDJPY_otc
69,2026-05-15 23:30:00,114.417,114.402,114.532,114.394,1227,1778888698.684,AUDJPY_otc
69,2026-05-15 23:45:00,114.402,114.322,114.42,114.262,1205,1778889599.908,AUDJPY_otc
69,2026-05-16 00:00:00,114.322,114.161,114.502,114.119,1200,1778890499.705,AUDJPY_otc
69,2026-05-16 00:15:00,114.161,114.111,114.188,113.986,1217,1778891399.906,AUDJPY_otc
69,2026-05-16 00:30:00,114.111,114.253,114.331,113.973,1200,1778892299.766,AUDJPY_otc
69,2026-05-16 00:45:00,114.253,114.102,114.302,114.079,1197,1778893199.966,AUDJPY_otc
69,2026-05-16 01:00:00,114.102,113.943,114.105,113.891,1210,1778894099.725,AUDJPY_otc
69,2026-05-16 01:15:00,113.943,113.624,114.002,113.582,1215,1778894999.539,AUDJPY_otc
69,2026-05-16 01:30:00,113.62,113.582,113.817,113.502,1234,1778895899.768,AUDJPY_otc
69,2026-05-16 01:45:00,113.58,113.74,113.801,113.543,1212,1778896799.666,AUDJPY_otc
69,2026-05-16 02:00:00,113.745,113.543,113.799,113.438,1187,1778897698.888,AUDJPY_otc
69,2026-05-16 02:15:00,113.543,113.386,113.657,113.324,1209,1778898598.659,AUDJPY_otc
69,2026-05-16 02:30:00,113.405,113.397,113.452,113.287,1197,1778899498.982,AUDJPY_otc
69,2026-05-16 02:45:00,113.397,113.644,113.66,113.357,1200,1778900399.729,AUDJPY_otc
69,2026-05-16 03:00:00,113.638,113.478,113.658,113.412,1206,1778901299.539,AUDJPY_otc
69,2026-05-16 03:15:00,113.481,113.367,113.547,113.363,1192,1778902199.274,AUDJPY_otc
69,2026-05-16 03:30:00,113.369,113.289,113.571,113.289,1165,1778903099.667,AUDJPY_otc
69,2026-05-16 03:45:00,113.286,113.354,113.432,113.273,1233,1778903999.89,AUDJPY_otc
69,2026-05-16 04:00:00,113.354,113.364,113.387,113.048,1192,1778904899.813,AUDJPY_otc
69,2026-05-16 04:15:00,113.364,113.284,113.373,113.23,1210,1778905799.567,AUDJPY_otc
69,2026-05-16 04:30:00,113.284,113.264,113.396,113.18,1174,1778906699.442,AUDJPY_otc
69,2026-05-16 04:45:00,113.267,113.478,113.517,113.226,1185,1778907599.2,AUDJPY_otc
69,2026-05-16 05:00:00,113.478,113.577,113.696,113.443,1192,1778908499.469,AUDJPY_otc
69,2026-05-16 05:15:00,113.577,113.529,113.655,113.44,1193,1778909397.748,AUDJPY_otc
69,2026-05-16 05:30:00,113.532,113.734,113.757,113.485,1206,1778910299.975,AUDJPY_otc
69,2026-05-16 05:45:00,113.734,113.589,113.863,113.539,1194,1778911198.168,AUDJPY_otc
69,2026-05-16 06:00:00,113.589,113.884,113.885,113.576,1220,1778912099.532,AUDJPY_otc
69,2026-05-16 06:15:00,113.884,113.896,113.934,113.754,1206,1778912999.734,AUDJPY_otc
69,2026-05-16 06:30:00,113.893,113.887,114.043,113.777,1210,1778913899.623,AUDJPY_otc
69,2026-05-16 06:45:00,113.887,113.47,113.892,113.429,1199,1778914799.916,AUDJPY_otc
69,2026-05-16 07:00:00,113.47,113.442,113.625,113.415,1205,1778915699.824,AUDJPY_otc
69,2026-05-16 07:15:00,113.442,113.807,113.825,113.4,1177,1778916599.593,AUDJPY_otc
69,2026-05-16 07:30:00,113.809,113.934,114.03,113.799,1216,1778917499.472,AUDJPY_otc
69,2026-05-16 07:45:00,113.934,114.171,114.18,113.825,1202,1778918399.708,AUDJPY_otc
69,2026-05-16 08:00:00,114.168,114.198,114.272,114.135,1194,1778919299.555,AUDJPY_otc
69,2026-05-16 08:15:00,114.216,114.409,114.445,114.192,1197,1778920199.918,AUDJPY_otc
69,2026-05-16 08:30:00,114.409,114.054,114.425,114.049,1172,1778921099.734,AUDJPY_otc
69,2026-05-16 08:45:00,114.054,113.631,114.054,113.631,1201,1778921998.576,AUDJPY_otc
69,2026-05-16 09:00:00,113.631,113.57,113.631,113.488,1180,1778922898.928,AUDJPY_otc
69,2026-05-16 09:15:00,113.568,113.787,113.81,113.469,1173,1778923799.843,AUDJPY_otc
69,2026-05-16 09:30:00,113.787,113.836,113.881,113.725,1210,1778924699.703,AUDJPY_otc
69,2026-05-16 09:45:00,113.833,113.948,113.966,113.758,1201,1778925599.03,AUDJPY_otc
69,2026-05-16 10:00:00,113.95,113.842,113.971,113.785,1214,1778926499.867,AUDJPY_otc
69,2026-05-16 10:15:00,113.842,114.07,114.088,113.819,1226,1778927399.7,AUDJPY_otc
69,2026-05-16 10:30:00,114.07,114.079,114.085,113.783,1201,1778928299.54,AUDJPY_otc
69,2026-05-16 10:45:00,114.076,114.14,114.204,114.031,1212,1778929199.899,AUDJPY_otc
69,2026-05-16 11:00:00,114.147,114.258,114.377,114.127,1156,1778930099.713,AUDJPY_otc
69,2026-05-16 11:15:00,114.258,113.974,114.309,113.918,1200,1778930999.079,AUDJPY_otc
69,2026-05-16 11:30:00,113.974,114.331,114.423,113.918,1192,1778931899.9,AUDJPY_otc
69,2026-05-16 11:45:00,114.331,113.959,114.331,113.883,1197,1778932799.719,AUDJPY_otc
69,2026-05-16 12:00:00,113.959,114.118,114.13,113.872,1173,1778933699.602,AUDJPY_otc
69,2026-05-16 12:15:00,114.115,113.771,114.147,113.726,1191,1778934599.447,AUDJPY_otc
69,2026-05-16 12:30:00,113.771,113.844,113.844,113.651,1154,1778935498.894,AUDJPY_otc
69,2026-05-16 12:45:00,113.844,113.729,113.872,113.713,1236,1778936399.126,AUDJPY_otc
69,2026-05-16 13:00:00,113.729,113.66,113.794,113.423,1167,1778937299.959,AUDJPY_otc
69,2026-05-16 13:15:00,113.66,113.459,113.782,113.442,1200,1778938199.803,AUDJPY_otc
69,2026-05-16 13:30:00,113.459,113.444,113.49,113.298,1198,1778939099.229,AUDJPY_otc
69,2026-05-16 13:45:00,113.444,113.514,113.544,113.352,1207,1778939999.473,AUDJPY_otc
69,2026-05-16 14:00:00,113.516,113.608,113.649,113.413,1187,1778940899.873,AUDJPY_otc
69,2026-05-16 14:15:00,113.608,113.475,113.647,113.433,1211,1778941799.216,AUDJPY_otc
69,2026-05-16 14:30:00,113.478,113.479,113.55,113.407,1184,1778942699.606,AUDJPY_otc
69,2026-05-16 14:45:00,113.479,113.887,113.905,113.443,1229,1778943599.933,AUDJPY_otc
69,2026-05-16 15:00:00,113.887,113.944,114.115,113.853,1230,1778944499.863,AUDJPY_otc
69,2026-05-16 15:15:00,113.944,113.947,114.108,113.835,1221,1778945398.14,AUDJPY_otc
69,2026-05-16 15:30:00,113.947,114.119,114.167,113.896,1211,1778946299.066,AUDJPY_otc
69,2026-05-16 15:45:00,114.119,114.317,114.409,114.066,1182,1778947199.921,AUDJPY_otc
69,2026-05-16 16:00:00,114.317,114.575,114.662,114.307,1174,1778948099.797,AUDJPY_otc
69,2026-05-16 16:15:00,114.575,114.284,114.575,114.242,1236,1778948998.601,AUDJPY_otc
69,2026-05-16 16:30:00,114.284,114.488,114.502,114.234,1204,1778949899.432,AUDJPY_otc
69,2026-05-16 16:45:00,114.469,114.273,114.482,114.158,1179,1778950799.834,AUDJPY_otc
69,2026-05-16 17:00:00,114.266,114.232,114.396,114.127,1182,1778951699.106,AUDJPY_otc
69,2026-05-16 17:15:00,114.232,114.213,114.258,114.124,1190,1778952599.496,AUDJPY_otc
69,2026-05-16 17:30:00,114.213,114.093,114.248,114.005,1213,1778953499.858,AUDJPY_otc
69,2026-05-16 17:45:00,114.093,114.06,114.181,114.023,1160,1778954399.712,AUDJPY_otc
69,2026-05-16 18:00:00,114.06,114.133,114.271,114.017,1222,1778955299.506,AUDJPY_otc
69,2026-05-16 18:15:00,114.136,114.05,114.183,113.906,1202,1778956198.424,AUDJPY_otc
69,2026-05-16 18:30:00,114.05,114.148,114.166,113.919,1182,1778957099.744,AUDJPY_otc
69,2026-05-16 18:45:00,114.148,114.083,114.19,113.944,1214,1778957999.576,AUDJPY_otc
69,2026-05-16 19:00:00,114.083,114.009,114.144,113.929,1192,1778958899.373,AUDJPY_otc
69,2026-05-16 19:15:00,114.009,114.167,114.308,113.97,1223,1778959799.245,AUDJPY_otc
69,2026-05-16 19:30:00,114.167,114.141,114.331,114.099,1225,1778960699.511,AUDJPY_otc
69,2026-05-16 19:45:00,114.141,114.174,114.174,113.973,1145,1778961599.823,AUDJPY_otc
69,2026-05-16 20:00:00,114.174,114.046,114.188,113.935,1196,1778962499.594,AUDJPY_otc
69,2026-05-16 20:15:00,114.035,114.075,114.086,113.935,1233,1778963399.967,AUDJPY_otc
69,2026-05-16 20:30:00,114.075,114.154,114.171,114.018,1163,1778964299.762,AUDJPY_otc
69,2026-05-16 20:45:00,114.154,113.917,114.181,113.87,1233,1778965199.078,AUDJPY_otc
69,2026-05-16 21:00:00,113.917,113.982,114.034,113.876,1184,1778966099.853,AUDJPY_otc
69,2026-05-16 21:15:00,113.979,113.971,114.068,113.87,1191,1778966999.168,AUDJPY_otc
69,2026-05-16 21:30:00,113.974,113.863,114.019,113.838,1151,1778967899.466,AUDJPY_otc
69,2026-05-16 21:45:00,113.863,113.486,113.911,113.396,1187,1778968799.798,AUDJPY_otc
69,2026-05-16 22:00:00,113.486,113.692,113.754,113.471,1231,1778969698.068,AUDJPY_otc
69,2026-05-16 22:15:00,113.692,113.856,113.902,113.68,1191,1778970599.912,AUDJPY_otc
69,2026-05-16 22:30:00,113.859,113.758,113.921,113.674,1186,1778971499.19,AUDJPY_otc
69,2026-05-16 22:45:00,113.747,113.939,113.978,113.675,1203,1778972399.993,AUDJPY_otc
69,2026-05-16 23:00:00,113.939,113.799,114.017,113.799,1207,1778973299.751,AUDJPY_otc
69,2026-05-16 23:15:00,113.799,113.875,113.911,113.711,1171,1778974199.998,AUDJPY_otc
69,2026-05-16 23:30:00,113.875,113.861,114.004,113.839,1212,1778975099.788,AUDJPY_otc
69,2026-05-16 23:45:00,113.864,113.815,113.969,113.733,1212,1778975999.085,AUDJPY_otc
69,2026-05-17 00:00:00,113.811,113.701,113.868,113.627,1212,1778976899.849,AUDJPY_otc
69,2026-05-17 00:15:00,113.691,113.673,113.72,113.48,1192,1778977799.199,AUDJPY_otc
69,2026-05-17 00:30:00,113.673,113.494,113.737,113.386,1214,1778978699.909,AUDJPY_otc
69,2026-05-17 00:45:00,113.494,113.602,113.677,113.485,1212,1778979599.23,AUDJPY_otc
69,2026-05-17 01:00:00,113.602,113.224,113.619,113.216,1209,1778980499.533,AUDJPY_otc
69,2026-05-17 01:15:00,113.226,113.097,113.233,112.995,1219,1778981399.849,AUDJPY_otc
69,2026-05-17 01:30:00,113.106,113.343,113.377,113.064,1216,1778982299.142,AUDJPY_otc
69,2026-05-17 01:45:00,113.346,113.48,113.483,113.305,1149,1778983199.465,AUDJPY_otc
69,2026-05-17 02:00:00,113.48,113.373,113.486,113.258,1212,1778984099.78,AUDJPY_otc
69,2026-05-17 02:15:00,113.373,113.421,113.552,113.344,1190,1778984999.526,AUDJPY_otc
69,2026-05-17 02:30:00,113.421,113.45,113.563,113.418,1232,1778985899.363,AUDJPY_otc
69,2026-05-17 02:45:00,113.446,113.569,113.569,113.419,1210,1778986798.08,AUDJPY_otc
69,2026-05-17 03:00:00,113.566,113.551,113.657,113.469,1204,1778987698.807,AUDJPY_otc
69,2026-05-17 03:15:00,113.551,113.406,113.559,113.397,1235,1778988598.735,AUDJPY_otc
69,2026-05-17 03:30:00,113.406,113.543,113.632,113.404,1207,1778989499.985,AUDJPY_otc
69,2026-05-17 03:45:00,113.539,113.457,113.592,113.26,1237,1778990399.385,AUDJPY_otc
69,2026-05-17 04:00:00,113.457,113.445,113.639,113.433,1214,1778991299.686,AUDJPY_otc
69,2026-05-17 04:15:00,113.45,113.423,113.466,113.307,1180,1778992199.528,AUDJPY_otc
69,2026-05-17 04:30:00,113.423,113.393,113.537,113.228,1190,1778993099.804,AUDJPY_otc
69,2026-05-17 04:45:00,113.393,113.476,113.664,113.383,1171,1778993999.662,AUDJPY_otc
69,2026-05-17 05:00:00,113.473,113.084,113.5,113.052,1184,1778994899.507,AUDJPY_otc
69,2026-05-17 05:15:00,113.084,113.013,113.18,112.976,1214,1778995799.867,AUDJPY_otc
69,2026-05-17 05:30:00,113.013,113.307,113.307,113.013,1171,1778996699.615,AUDJPY_otc
69,2026-05-17 05:45:00,113.307,113.337,113.421,113.176,1147,1778997598.964,AUDJPY_otc
69,2026-05-17 06:00:00,113.337,113.572,113.604,113.328,1197,1778998499.764,AUDJPY_otc
69,2026-05-17 06:15:00,113.575,113.811,113.861,113.522,1202,1778999399.197,AUDJPY_otc
69,2026-05-17 06:30:00,113.811,113.846,113.911,113.752,1189,1779000299.519,AUDJPY_otc
69,2026-05-17 06:45:00,113.846,113.972,114.007,113.785,1210,1779001199.869,AUDJPY_otc
69,2026-05-17 07:00:00,113.976,114.029,114.067,113.815,1174,1779002099.666,AUDJPY_otc
69,2026-05-17 07:15:00,114.029,113.845,114.049,113.794,1187,1779002999.548,AUDJPY_otc
69,2026-05-17 07:30:00,113.847,113.735,113.966,113.711,1159,1779003899.444,AUDJPY_otc
69,2026-05-17 07:45:00,113.735,113.656,113.789,113.544,1223,1779004799.708,AUDJPY_otc
69,2026-05-17 08:00:00,113.656,113.717,113.821,113.603,1216,1779005699.538,AUDJPY_otc
69,2026-05-17 08:15:00,113.709,113.642,113.716,113.51,1163,1779006599.9,AUDJPY_otc
69,2026-05-17 08:30:00,113.642,113.612,113.727,113.553,1186,1779007499.813,AUDJPY_otc
69,2026-05-17 08:45:00,113.609,113.615,113.725,113.586,1220,1779008399.538,AUDJPY_otc
69,2026-05-17 09:00:00,113.617,113.406,113.657,113.346,1222,1779009298.912,AUDJPY_otc
69,2026-05-17 09:15:00,113.406,113.63,113.723,113.395,1203,1779010199.212,AUDJPY_otc
69,2026-05-17 09:30:00,113.63,113.933,113.951,113.63,1200,1779011099.647,AUDJPY_otc
69,2026-05-17 09:45:00,113.933,113.735,113.944,113.645,1178,1779011999.876,AUDJPY_otc
69,2026-05-17 10:00:00,113.735,113.67,113.811,113.631,1231,1779012899.365,AUDJPY_otc
69,2026-05-17 10:15:00,113.67,113.962,113.962,113.667,1232,1779013799.612,AUDJPY_otc
69,2026-05-17 10:30:00,113.955,114.043,114.11,113.933,1216,1779014699.979,AUDJPY_otc
69,2026-05-17 10:45:00,114.043,114.102,114.182,113.988,1204,1779015599.706,AUDJPY_otc
69,2026-05-17 11:00:00,114.099,113.927,114.163,113.927,1179,1779016499.608,AUDJPY_otc
69,2026-05-17 11:15:00,113.927,113.791,113.952,113.749,1179,1779017399.935,AUDJPY_otc
69,2026-05-17 11:30:00,113.791,114.003,114.034,113.728,1237,1779018299.851,AUDJPY_otc
69,2026-05-17 11:45:00,114.003,114.006,114.105,113.885,1242,1779019199.659,AUDJPY_otc
69,2026-05-17 12:00:00,114.006,114.261,114.27,113.981,1200,1779020099.546,AUDJPY_otc
69,2026-05-17 12:15:00,114.261,114.204,114.288,114.04,1220,1779020999.299,AUDJPY_otc
69,2026-05-17 12:30:00,114.204,114.051,114.208,114.019,1178,1779021898.718,AUDJPY_otc
69,2026-05-17 12:45:00,114.051,113.853,114.101,113.829,1176,1779022799.561,AUDJPY_otc
69,2026-05-17 13:00:00,113.853,113.763,113.904,113.713,1178,1779023699.479,AUDJPY_otc
69,2026-05-17 13:15:00,113.763,113.646,113.809,113.573,1212,1779024598.748,AUDJPY_otc
69,2026-05-17 13:30:00,113.646,113.441,113.675,113.326,1201,1779025499.684,AUDJPY_otc
69,2026-05-17 13:45:00,113.43,113.265,113.438,113.159,1209,1779026399.907,AUDJPY_otc
69,2026-05-17 14:00:00,113.265,113.218,113.298,113.139,1185,1779027299.776,AUDJPY_otc
69,2026-05-17 14:15:00,113.218,113.284,113.36,113.14,1205,1779028199.642,AUDJPY_otc
69,2026-05-17 14:30:00,113.284,113.328,113.411,113.162,1190,1779029099.52,AUDJPY_otc
69,2026-05-17 14:45:00,113.336,113.359,113.401,113.205,1170,1779029999.3,AUDJPY_otc
69,2026-05-17 15:00:00,113.359,113.222,113.385,113.188,1184,1779030899.711,AUDJPY_otc
69,2026-05-17 15:15:00,113.222,113.304,113.489,113.189,1225,1779031799.531,AUDJPY_otc
69,2026-05-17 15:30:00,113.307,113.231,113.504,113.211,1213,1779032697.929,AUDJPY_otc
69,2026-05-17 15:45:00,113.231,113.032,113.247,112.925,1167,1779033599.8,AUDJPY_otc
69,2026-05-17 16:00:00,113.032,113.264,113.318,112.946,1205,1779034499.679,AUDJPY_otc
69,2026-05-17 16:15:00,113.264,113.083,113.291,113.02,1203,1779035399.466,AUDJPY_otc
69,2026-05-17 16:30:00,113.086,113.295,113.311,113.074,1154,1779036299.878,AUDJPY_otc
69,2026-05-17 16:45:00,113.295,113.224,113.359,113.048,1196,1779037199.694,AUDJPY_otc
69,2026-05-17 17:00:00,113.224,112.958,113.267,112.956,1196,1779038099.616,AUDJPY_otc
69,2026-05-17 17:15:00,112.96,112.874,112.99,112.778,1201,1779038999.384,AUDJPY_otc
69,2026-05-17 17:30:00,112.874,112.838,112.881,112.755,1163,1779039899.799,AUDJPY_otc
69,2026-05-17 17:45:00,112.838,113.001,113.074,112.838,1202,1779040799.546,AUDJPY_otc
69,2026-05-17 18:00:00,113.001,113.269,113.273,112.908,1189,1779041699.989,AUDJPY_otc
69,2026-05-17 18:15:00,113.269,113.35,113.418,113.239,1197,1779042599.2,AUDJPY_otc
69,2026-05-17 18:30:00,113.351,113.538,113.697,113.312,1184,1779043499.61,AUDJPY_otc
69,2026-05-17 18:45:00,113.538,113.111,113.548,113.079,1221,1779044399.805,AUDJPY_otc
69,2026-05-17 19:00:00,113.111,112.882,113.115,112.813,1207,1779045299.172,AUDJPY_otc
69,2026-05-17 19:15:00,112.882,112.805,113.036,112.79,1195,1779046199.952,AUDJPY_otc
69,2026-05-17 19:30:00,112.801,112.783,112.885,112.713,1234,1779047099.749,AUDJPY_otc
69,2026-05-17 19:45:00,112.779,112.759,112.842,112.6,1183,1779047999.58,AUDJPY_otc
69,2026-05-17 20:00:00,112.759,112.732,112.882,112.641,1189,1779048899.903,AUDJPY_otc
69,2026-05-17 20:15:00,112.732,112.555,112.815,112.554,1229,1779049799.139,AUDJPY_otc
69,2026-05-17 20:30:00,112.555,112.417,112.631,112.276,1178,1779050699.561,AUDJPY_otc
69,2026-05-17 20:45:00,112.417,112.247,112.49,112.198,1170,1779051599.727,AUDJPY_otc
69,2026-05-17 21:00:00,112.261,112.471,112.5,112.218,1206,1779052498.557,AUDJPY_otc
69,2026-05-17 21:15:00,112.469,112.537,112.67,112.365,1220,1779053399.776,AUDJPY_otc
69,2026-05-17 21:30:00,112.535,112.58,112.609,112.382,1173,1779054298.584,AUDJPY_otc
69,2026-05-17 21:45:00,112.58,112.699,112.71,112.553,1211,1779055199.847,AUDJPY_otc
69,2026-05-17 22:00:00,112.699,112.781,112.833,112.592,1186,1779056099.603,AUDJPY_otc
69,2026-05-17 22:15:00,112.781,112.76,112.855,112.647,1166,1779056998.832,AUDJPY_otc
69,2026-05-17 22:30:00,112.76,112.595,112.817,112.536,1194,1779057899.59,AUDJPY_otc
69,2026-05-17 22:45:00,112.589,112.786,112.825,112.568,1209,1779058799.867,AUDJPY_otc
69,2026-05-17 23:00:00,112.786,112.809,112.834,112.56,1225,1779059699.631,AUDJPY_otc
69,2026-05-17 23:15:00,112.809,112.632,112.809,112.628,1231,1779060599.53,AUDJPY_otc
69,2026-05-17 23:30:00,112.629,112.571,112.647,112.441,1207,1779061499.302,AUDJPY_otc
69,2026-05-17 23:45:00,112.571,112.884,112.962,112.526,1186,1779062399.615,AUDJPY_otc
69,2026-05-18 00:00:00,112.884,113.101,113.157,112.849,1186,1779063299.354,AUDJPY_otc
69,2026-05-18 00:15:00,113.101,113.202,113.255,113.054,1160,1779064199.715,AUDJPY_otc
69,2026-05-18 00:30:00,113.198,113.227,113.258,113.089,1210,1779065099.554,AUDJPY_otc
69,2026-05-18 00:45:00,113.225,113.389,113.428,113.156,1188,1779065999.82,AUDJPY_otc
69,2026-05-18 01:00:00,113.387,113.421,113.486,113.321,1216,1779066898.105,AUDJPY_otc
69,2026-05-18 01:15:00,113.421,113.452,113.539,113.338,1194,1779067799.815,AUDJPY_otc
69,2026-05-18 01:30:00,113.452,113.537,113.546,113.376,1198,1779068699.13,AUDJPY_otc
69,2026-05-18 01:45:00,113.537,113.479,113.695,113.479,1194,1779069599.901,AUDJPY_otc
69,2026-05-18 02:00:00,113.479,113.233,113.57,113.226,1224,1779070499.772,AUDJPY_otc
69,2026-05-18 02:15:00,113.233,113.15,113.26,113.078,1198,1779071399.54,AUDJPY_otc
69,2026-05-18 02:30:00,113.15,113.192,113.205,113.063,1196,1779072299.783,AUDJPY_otc
69,2026-05-18 02:45:00,113.189,113.055,113.259,112.978,1156,1779073199.521,AUDJPY_otc
69,2026-05-18 03:00:00,113.055,113.313,113.346,113.02,1195,1779074099.373,AUDJPY_otc
69,2026-05-18 03:15:00,113.313,113.195,113.353,113.186,1175,1779074999.678,AUDJPY_otc
69,2026-05-18 03:30:00,113.193,113.224,113.288,113.159,1201,1779075899.558,AUDJPY_otc
69,2026-05-18 03:45:00,113.221,113.117,113.27,113.075,1173,1779076799.82,AUDJPY_otc
69,2026-05-18 04:00:00,113.114,113.249,113.267,113.069,1222,1779077699.655,AUDJPY_otc
69,2026-05-18 04:15:00,113.249,113.307,113.4,113.203,1214,1779078599.996,AUDJPY_otc
69,2026-05-18 04:30:00,113.307,113.14,113.391,113.122,1212,1779079499.824,AUDJPY_otc
69,2026-05-18 04:45:00,113.144,113.113,113.152,113.023,1168,1779080399.749,AUDJPY_otc
69,2026-05-18 05:00:00,113.113,113.626,113.676,113.033,1200,1779081299.511,AUDJPY_otc
69,2026-05-18 05:15:00,113.629,113.165,113.629,113.119,1203,1779082199.924,AUDJPY_otc
69,2026-05-18 05:30:00,113.165,113.32,113.396,113.16,1199,1779083099.194,AUDJPY_otc
69,2026-05-18 05:45:00,113.32,113.271,113.416,113.164,1192,1779083999.924,AUDJPY_otc
69,2026-05-18 06:00:00,113.271,113.555,113.559,113.271,1210,1779084899.761,AUDJPY_otc
69,2026-05-18 06:15:00,113.555,113.517,113.65,113.455,1195,1779085799.511,AUDJPY_otc
69,2026-05-18 06:30:00,113.519,113.519,113.686,113.457,1189,1779086699.832,AUDJPY_otc
69,2026-05-18 06:45:00,113.519,113.397,113.576,113.364,1157,1779087599.221,AUDJPY_otc
69,2026-05-18 07:00:00,113.397,113.49,113.557,113.251,1172,1779088499.658,AUDJPY_otc
69,2026-05-18 07:15:00,113.49,113.489,113.565,113.377,1226,1779089399.941,AUDJPY_otc
69,2026-05-18 07:30:00,113.489,113.469,113.583,113.421,1172,1779090299.916,AUDJPY_otc
69,2026-05-18 07:45:00,113.469,113.644,113.711,113.335,1247,1779091199.22,AUDJPY_otc
69,2026-05-18 08:00:00,113.648,113.415,113.659,113.387,1201,1779092099.145,AUDJPY_otc
69,2026-05-18 08:15:00,113.415,113.609,113.62,113.413,1205,1779092999.87,AUDJPY_otc
69,2026-05-18 08:30:00,113.609,113.682,113.771,113.609,1178,1779093899.792,AUDJPY_otc
69,2026-05-18 08:45:00,113.682,113.724,113.749,113.621,1236,1779094799.552,AUDJPY_otc
69,2026-05-18 09:00:00,113.721,113.607,113.79,113.533,1209,1779095699.949,AUDJPY_otc
69,2026-05-18 09:15:00,113.607,113.572,113.702,113.483,1239,1779096599.183,AUDJPY_otc
69,2026-05-18 09:30:00,113.572,113.359,113.697,113.343,1197,1779097499.632,AUDJPY_otc
69,2026-05-18 09:45:00,113.362,113.106,113.463,113.089,1181,1779098399.925,AUDJPY_otc
69,2026-05-18 10:00:00,113.106,112.995,113.188,112.962,1211,1779099299.859,AUDJPY_otc
69,2026-05-18 10:15:00,112.99,112.923,113.095,112.907,1208,1779100199.687,AUDJPY_otc
69,2026-05-18 10:30:00,112.921,112.819,113.009,112.749,1203,1779101099.593,AUDJPY_otc
69,2026-05-18 10:45:00,112.821,112.93,112.931,112.754,1229,1779101999.888,AUDJPY_otc
69,2026-05-18 11:00:00,112.93,112.963,112.972,112.746,1220,1779102899.257,AUDJPY_otc
69,2026-05-18 11:15:00,112.963,113.026,113.059,112.759,1208,1779103799.693,AUDJPY_otc
69,2026-05-18 11:30:00,113.026,113.069,113.125,112.88,1186,1779104699.558,AUDJPY_otc
69,2026-05-18 11:45:00,113.069,113.117,113.312,113.06,1178,1779105599.385,AUDJPY_otc
69,2026-05-18 12:00:00,113.117,113.163,113.257,113.115,1188,1779106499.245,AUDJPY_otc
69,2026-05-18 12:15:00,113.163,113.279,113.339,113.134,1207,1779107399.584,AUDJPY_otc
69,2026-05-18 12:30:00,113.279,113.306,113.385,113.191,1202,1779108298.475,AUDJPY_otc
69,2026-05-18 12:45:00,113.306,113.251,113.316,113.146,1204,1779109199.887,AUDJPY_otc
69,2026-05-18 13:00:00,113.251,113.143,113.271,113.049,1216,1779110099.221,AUDJPY_otc
69,2026-05-18 13:15:00,113.147,112.783,113.154,112.775,1192,1779110998.07,AUDJPY_otc
69,2026-05-18 13:30:00,112.783,112.883,112.894,112.7,1154,1779111899.961,AUDJPY_otc
69,2026-05-18 13:45:00,112.883,112.799,112.941,112.755,1156,1779112799.852,AUDJPY_otc
69,2026-05-18 14:00:00,112.799,112.91,112.98,112.734,1172,1779113698.142,AUDJPY_otc
69,2026-05-18 14:15:00,112.91,112.869,113.025,112.777,1185,1779114599.482,AUDJPY_otc
69,2026-05-18 14:30:00,112.869,113.286,113.302,112.865,1217,1779115499.857,AUDJPY_otc
69,2026-05-18 14:45:00,113.283,113.268,113.329,113.116,1195,1779116399.717,AUDJPY_otc
69,2026-05-18 15:00:00,113.268,113.402,113.412,113.153,1192,1779117298.552,AUDJPY_otc
69,2026-05-18 15:15:00,113.402,113.071,113.402,113.037,1196,1779118199.975,AUDJPY_otc
69,2026-05-18 15:30:00,113.071,112.826,113.09,112.799,1221,1779119098.331,AUDJPY_otc
69,2026-05-18 15:45:00,112.826,112.927,113.04,112.818,1185,1779119998.292,AUDJPY_otc
69,2026-05-18 16:00:00,112.927,113.252,113.276,112.892,1195,1779120897.63,AUDJPY_otc
69,2026-05-18 16:15:00,113.252,112.916,113.256,112.899,1197,1779121799.918,AUDJPY_otc
69,2026-05-18 16:30:00,112.916,112.703,112.924,112.612,1194,1779122699.82,AUDJPY_otc
69,2026-05-18 16:45:00,112.703,112.402,112.721,112.402,1210,1779123599.714,AUDJPY_otc
69,2026-05-18 17:00:00,112.405,112.661,112.736,112.365,1225,1779124499.653,AUDJPY_otc
69,2026-05-18 17:15:00,112.658,112.795,112.795,112.532,1209,1779125399.438,AUDJPY_otc
69,2026-05-18 17:30:00,112.795,112.658,112.931,112.611,1212,1779126299.871,AUDJPY_otc
69,2026-05-18 17:45:00,112.658,112.732,112.823,112.532,1174,1779127199.683,AUDJPY_otc
69,2026-05-18 18:00:00,112.734,112.549,112.762,112.543,1219,1779128099.113,AUDJPY_otc
69,2026-05-18 18:15:00,112.552,112.716,112.728,112.47,1178,1779128999.842,AUDJPY_otc
69,2026-05-18 18:30:00,112.716,112.756,112.799,112.623,1202,1779129899.733,AUDJPY_otc
69,2026-05-18 18:45:00,112.756,112.916,113.014,112.716,1184,1779130799.431,AUDJPY_otc
69,2026-05-18 19:00:00,112.916,112.913,113.011,112.82,1193,1779131699.808,AUDJPY_otc
69,2026-05-18 19:15:00,112.913,112.785,112.959,112.74,1140,1779132599.593,AUDJPY_otc
69,2026-05-18 19:30:00,112.785,112.844,112.925,112.694,1181,1779133499.982,AUDJPY_otc
69,2026-05-18 19:45:00,112.849,112.97,112.977,112.709,1233,1779134399.797,AUDJPY_otc
69,2026-05-18 20:00:00,112.973,113.127,113.153,112.964,1210,1779135299.682,AUDJPY_otc
69,2026-05-18 20:15:00,113.127,113.255,113.272,113.032,1202,1779136199.862,AUDJPY_otc
69,2026-05-18 20:30:00,113.255,113.495,113.527,113.243,1206,1779137099.57,AUDJPY_otc
69,2026-05-18 20:45:00,113.493,113.081,113.52,113.054,1194,1779137999.751,AUDJPY_otc
69,2026-05-18 21:00:00,113.081,113.133,113.265,113.075,1200,1779138899.557,AUDJPY_otc
69,2026-05-18 21:15:00,113.131,113.419,113.424,113.064,1212,1779139799.279,AUDJPY_otc
69,2026-05-18 21:30:00,113.424,113.474,113.525,113.336,1209,1779140698.656,AUDJPY_otc
69,2026-05-18 21:45:00,113.474,113.597,113.698,113.436,1200,1779141599.341,AUDJPY_otc
69,2026-05-18 22:00:00,113.597,113.432,113.646,113.353,1185,1779142499.625,AUDJPY_otc
69,2026-05-18 22:15:00,113.432,113.401,113.443,113.116,1199,1779143399.967,AUDJPY_otc
69,2026-05-18 22:30:00,113.401,113.452,113.464,113.222,1176,1779144299.257,AUDJPY_otc
69,2026-05-18 22:45:00,113.452,113.482,113.591,113.379,1209,1779145198.559,AUDJPY_otc
69,2026-05-18 23:00:00,113.482,113.307,113.515,113.266,1183,1779146099.336,AUDJPY_otc
69,2026-05-18 23:15:00,113.309,113.396,113.465,113.252,1204,1779146999.175,AUDJPY_otc
69,2026-05-18 23:30:00,113.398,113.316,113.416,113.174,1190,1779147899.906,AUDJPY_otc
69,2026-05-18 23:45:00,113.312,113.31,113.404,113.165,1236,1779148799.663,AUDJPY_otc
69,2026-05-19 00:00:00,113.308,113.427,113.507,113.245,1186,1779149699.466,AUDJPY_otc
69,2026-05-19 00:15:00,113.427,113.351,113.546,113.298,1185,1779150599.736,AUDJPY_otc
69,2026-05-19 00:30:00,113.351,113.53,113.588,113.334,1196,1779151499.06,AUDJPY_otc
69,2026-05-19 00:45:00,113.533,113.265,113.563,113.265,1228,1779152399.798,AUDJPY_otc
69,2026-05-19 01:00:00,113.265,113.304,113.336,113.167,1216,1779153299.556,AUDJPY_otc
69,2026-05-19 01:15:00,113.302,113.06,113.379,113.06,1202,1779154199.772,AUDJPY_otc
69,2026-05-19 01:30:00,113.06,112.832,113.094,112.797,1203,1779155099.519,AUDJPY_otc
69,2026-05-19 01:45:00,112.832,112.838,112.865,112.639,1269,1779155999.834,AUDJPY_otc
69,2026-05-19 02:00:00,112.836,112.733,112.902,112.727,1221,1779156899.522,AUDJPY_otc
69,2026-05-19 02:15:00,112.733,112.856,112.902,112.63,1187,1779157799.849,AUDJPY_otc
69,2026-05-19 02:30:00,112.856,112.894,112.898,112.707,1203,1779158699.077,AUDJPY_otc
69,2026-05-19 02:45:00,112.894,112.69,112.906,112.673,1184,1779159599.354,AUDJPY_otc
69,2026-05-19 03:00:00,112.69,113.009,113.033,112.688,1192,1779160499.547,AUDJPY_otc
69,2026-05-19 03:15:00,113.006,112.985,113.106,112.949,1198,1779161399.896,AUDJPY_otc
69,2026-05-19 03:30:00,112.989,113.043,113.25,112.983,1199,1779162299.754,AUDJPY_otc
69,2026-05-19 03:45:00,113.043,112.723,113.074,112.69,1166,1779163199.516,AUDJPY_otc
69,2026-05-19 04:00:00,112.721,112.587,112.843,112.559,1210,1779164099.393,AUDJPY_otc
69,2026-05-19 04:15:00,112.58,112.957,113.059,112.559,1194,1779164999.71,AUDJPY_otc
69,2026-05-19 04:30:00,112.954,113.008,113.169,112.92,1202,1779165898.983,AUDJPY_otc
69,2026-05-19 04:45:00,113.01,112.863,113.121,112.863,1200,1779166799.819,AUDJPY_otc
69,2026-05-19 05:00:00,112.86,112.899,112.952,112.783,1185,1779167699.054,AUDJPY_otc
69,2026-05-19 05:15:00,112.899,112.58,112.911,112.558,1187,1779168599.886,AUDJPY_otc
69,2026-05-19 05:30:00,112.58,112.745,112.753,112.515,1216,1779169499.688,AUDJPY_otc
69,2026-05-19 05:45:00,112.738,112.822,112.851,112.628,1216,1779170399.602,AUDJPY_otc
69,2026-05-19 06:00:00,112.825,113.057,113.062,112.718,1198,1779171299.881,AUDJPY_otc
69,2026-05-19 06:15:00,113.057,113.399,113.442,113.057,1201,1779172198.765,AUDJPY_otc
69,2026-05-19 06:30:00,113.399,113.346,113.518,113.319,1181,1779173099.57,AUDJPY_otc
69,2026-05-19 06:45:00,113.346,113.651,113.671,113.314,1200,1779173999.972,AUDJPY_otc
69,2026-05-19 07:00:00,113.651,113.651,113.806,113.616,1195,1779174899.805,AUDJPY_otc
69,2026-05-19 07:15:00,113.653,113.681,113.726,113.43,1175,1779175799.591,AUDJPY_otc
69,2026-05-19 07:30:00,113.681,113.877,113.913,113.638,1208,1779176699.557,AUDJPY_otc
69,2026-05-19 07:45:00,113.877,113.928,113.987,113.782,1216,1779177599.907,AUDJPY_otc
69,2026-05-19 08:00:00,113.928,114.08,114.167,113.903,1217,1779178499.769,AUDJPY_otc
69,2026-05-19 08:15:00,114.08,114.229,114.257,114.032,1194,1779179399.613,AUDJPY_otc
69,2026-05-19 08:30:00,114.229,113.99,114.307,113.978,1183,1779180298.915,AUDJPY_otc
69,2026-05-19 08:45:00,113.995,113.884,114.057,113.795,1185,1779181199.721,AUDJPY_otc
69,2026-05-19 09:00:00,113.887,113.742,113.909,113.688,1211,1779182099.574,AUDJPY_otc
69,2026-05-19 09:15:00,113.742,113.688,113.822,113.606,1186,1779182998.906,AUDJPY_otc
69,2026-05-19 09:30:00,113.688,113.832,113.874,113.617,1220,1779183899.192,AUDJPY_otc
69,2026-05-19 09:45:00,113.832,114.03,114.066,113.783,1169,1779184799.529,AUDJPY_otc
69,2026-05-19 10:00:00,114.027,113.706,114.051,113.663,1231,1779185699.808,AUDJPY_otc
69,2026-05-19 10:15:00,113.706,113.705,113.799,113.554,1174,1779186599.259,AUDJPY_otc
69,2026-05-19 10:30:00,113.703,113.42,113.732,113.415,1189,1779187499.996,AUDJPY_otc
69,2026-05-19 10:45:00,113.422,113.328,113.427,113.255,1180,1779188398.404,AUDJPY_otc
69,2026-05-19 11:00:00,113.328,113.341,113.53,113.3,1198,1779189299.717,AUDJPY_otc
69,2026-05-19 11:15:00,113.341,113.341,113.406,113.111,1241,1779190199.71,AUDJPY_otc
69,2026-05-19 11:30:00,113.341,113.662,113.662,113.336,1220,1779191099.482,AUDJPY_otc
69,2026-05-19 11:45:00,113.662,113.573,113.713,113.534,1176,1779191999.915,AUDJPY_otc
69,2026-05-19 12:00:00,113.573,113.668,113.735,113.499,1209,1779192899.658,AUDJPY_otc
69,2026-05-19 12:15:00,113.668,113.811,113.85,113.668,1216,1779193799.566,AUDJPY_otc
69,2026-05-19 12:30:00,113.811,113.848,113.962,113.758,1171,1779194699.36,AUDJPY_otc
69,2026-05-19 12:45:00,113.848,113.602,113.874,113.583,1207,1779195599.718,AUDJPY_otc
69,2026-05-19 13:00:00,113.602,113.646,113.691,113.496,1221,1779196499.079,AUDJPY_otc
69,2026-05-19 13:15:00,113.64,113.713,113.789,113.517,1178,1779197399.95,AUDJPY_otc
69,2026-05-19 13:30:00,113.713,113.766,113.806,113.617,1225,1779198299.279,AUDJPY_otc
69,2026-05-19 13:45:00,113.758,113.739,113.846,113.724,1208,1779199199.614,AUDJPY_otc
69,2026-05-19 14:00:00,113.742,113.896,113.899,113.735,1170,1779200099.998,AUDJPY_otc
69,2026-05-19 14:15:00,113.896,114.15,114.171,113.885,1213,1779200999.797,AUDJPY_otc
69,2026-05-19 14:30:00,114.15,114.361,114.488,114.135,1222,1779201899.166,AUDJPY_otc
69,2026-05-19 14:45:00,114.361,114.489,114.517,114.233,1214,1779202799.954,AUDJPY_otc
69,2026-05-19 15:00:00,114.489,114.094,114.505,114.092,1205,1779203699.876,AUDJPY_otc
69,2026-05-19 15:15:00,114.094,114.265,114.358,114.073,1187,1779204599.241,AUDJPY_otc
69,2026-05-19 15:30:00,114.268,114.17,114.315,114.139,1201,1779205499.6,AUDJPY_otc
69,2026-05-19 15:45:00,114.17,113.853,114.18,113.836,1205,1779206399.483,AUDJPY_otc
69,2026-05-19 16:00:00,113.853,113.72,114.037,113.67,1208,1779207299.846,AUDJPY_otc
69,2026-05-19 16:15:00,113.72,113.548,113.839,113.48,1200,1779208199.614,AUDJPY_otc
69,2026-05-19 16:30:00,113.548,113.684,113.723,113.501,1175,1779209099.961,AUDJPY_otc
69,2026-05-19 16:45:00,113.686,113.303,113.732,113.259,1198,1779209999.737,AUDJPY_otc
69,2026-05-19 17:00:00,113.303,113.077,113.32,113.073,1201,1779210899.205,AUDJPY_otc
69,2026-05-19 17:15:00,113.077,113.017,113.08,112.834,1163,1779211799.527,AUDJPY_otc
69,2026-05-19 17:30:00,113.015,113.023,113.105,112.983,1217,1779212699.897,AUDJPY_otc
69,2026-05-19 17:45:00,113.023,112.954,113.154,112.924,1232,1779213599.756,AUDJPY_otc
69,2026-05-19 18:00:00,112.954,112.812,113.007,112.718,1198,1779214499.564,AUDJPY_otc
69,2026-05-19 18:15:00,112.809,112.724,112.809,112.527,1180,1779215399.312,AUDJPY_otc
69,2026-05-19 18:30:00,112.724,112.895,112.899,112.686,1175,1779216299.133,AUDJPY_otc
69,2026-05-19 18:45:00,112.895,113.168,113.224,112.852,1197,1779217199.961,AUDJPY_otc
69,2026-05-19 19:00:00,113.168,113.128,113.22,113.02,1199,1779218099.758,AUDJPY_otc
69,2026-05-19 19:15:00,113.128,113.313,113.324,113.112,1177,1779218999.071,AUDJPY_otc
69,2026-05-19 19:30:00,113.313,113.351,113.521,113.307,1178,1779219899.341,AUDJPY_otc
69,2026-05-19 19:45:00,113.351,113.02,113.383,112.999,1162,1779220799.642,AUDJPY_otc
69,2026-05-19 20:00:00,113.022,112.928,113.043,112.814,1208,1779221698.999,AUDJPY_otc
69,2026-05-19 20:15:00,112.928,112.995,113.035,112.864,1184,1779222598.899,AUDJPY_otc
69,2026-05-19 20:30:00,112.995,112.873,113.007,112.826,1258,1779223499.626,AUDJPY_otc
69,2026-05-19 20:45:00,112.873,113.264,113.336,112.813,1193,1779224399.54,AUDJPY_otc
69,2026-05-19 21:00:00,113.264,113.028,113.267,112.868,1200,1779225299.714,AUDJPY_otc
69,2026-05-19 21:15:00,113.025,113.07,113.125,112.884,1236,1779226199.902,AUDJPY_otc
69,2026-05-19 21:30:00,113.074,112.96,113.158,112.942,1214,1779227099.201,AUDJPY_otc
69,2026-05-19 21:45:00,112.962,113.252,113.252,112.962,1187,1779227999.919,AUDJPY_otc
69,2026-05-19 22:00:00,113.252,113.225,113.269,113.075,1221,1779228898.647,AUDJPY_otc
69,2026-05-19 22:15:00,113.228,113.305,113.356,113.183,1219,1779229799.957,AUDJPY_otc
69,2026-05-19 22:30:00,113.301,113.391,113.481,113.298,1189,1779230699.142,AUDJPY_otc
69,2026-05-19 22:45:00,113.391,113.605,113.616,113.389,1217,1779231599.443,AUDJPY_otc
69,2026-05-19 23:00:00,113.605,113.74,113.815,113.522,1200,1779232499.714,AUDJPY_otc
69,2026-05-19 23:15:00,113.74,113.768,113.855,113.683,1193,1779233399.516,AUDJPY_otc
69,2026-05-19 23:30:00,113.768,113.778,113.832,113.629,1208,1779234299.709,AUDJPY_otc
69,2026-05-19 23:45:00,113.783,113.753,113.884,113.623,1228,1779235199.412,AUDJPY_otc
69,2026-05-20 00:00:00,113.751,113.703,113.805,113.604,1202,1779236099.623,AUDJPY_otc
69,2026-05-20 00:15:00,113.703,113.697,113.829,113.651,1199,1779236999.947,AUDJPY_otc
69,2026-05-20 00:30:00,113.697,113.451,113.715,113.436,1182,1779237899.167,AUDJPY_otc
69,2026-05-20 00:45:00,113.451,113.336,113.556,113.312,1175,1779238799.961,AUDJPY_otc
69,2026-05-20 01:00:00,113.333,113.58,113.586,113.301,1193,1779239698.23,AUDJPY_otc
69,2026-05-20 01:15:00,113.58,113.675,113.746,113.487,1191,1779240598.986,AUDJPY_otc
69,2026-05-20 01:30:00,113.675,113.671,113.7,113.583,1197,1779241499.794,AUDJPY_otc
69,2026-05-20 01:45:00,113.666,113.637,113.706,113.555,1233,1779242399.55,AUDJPY_otc
69,2026-05-20 02:00:00,113.637,113.796,113.841,113.567,1184,1779243299.772,AUDJPY_otc
69,2026-05-20 02:15:00,113.796,113.729,113.878,113.657,1190,1779244199.568,AUDJPY_otc
69,2026-05-20 02:30:00,113.729,113.65,113.804,113.592,1178,1779245099.446,AUDJPY_otc
69,2026-05-20 02:45:00,113.65,113.855,113.877,113.617,1191,1779245999.716,AUDJPY_otc
69,2026-05-20 03:00:00,113.855,113.801,113.931,113.775,1206,1779246899.884,AUDJPY_otc
69,2026-05-20 03:15:00,113.801,113.955,114.076,113.798,1170,1779247799.618,AUDJPY_otc
69,2026-05-20 03:30:00,113.955,113.766,113.984,113.735,1210,1779248699.021,AUDJPY_otc
69,2026-05-20 03:45:00,113.769,113.713,113.901,113.691,1140,1779249599.78,AUDJPY_otc
69,2026-05-20 04:00:00,113.713,113.941,113.989,113.689,1186,1779250499.647,AUDJPY_otc
69,2026-05-20 04:15:00,113.937,113.929,114.035,113.865,1176,1779251399.872,AUDJPY_otc
69,2026-05-20 04:30:00,113.933,114.153,114.164,113.911,1189,1779252298.664,AUDJPY_otc
69,2026-05-20 04:45:00,114.151,114.044,114.267,113.993,1179,1779253198.509,AUDJPY_otc
69,2026-05-20 05:00:00,114.052,113.804,114.087,113.799,1222,1779254099.768,AUDJPY_otc
69,2026-05-20 05:15:00,113.799,113.792,113.858,113.611,1223,1779254999.548,AUDJPY_otc
69,2026-05-20 05:30:00,113.789,113.818,113.893,113.674,1246,1779255899.898,AUDJPY_otc
69,2026-05-20 05:45:00,113.818,113.763,113.998,113.689,1184,1779256799.314,AUDJPY_otc
69,2026-05-20 06:00:00,113.763,113.675,113.877,113.65,1196,1779257699.552,AUDJPY_otc
69,2026-05-20 06:15:00,113.675,113.797,113.812,113.629,1188,1779258598.92,AUDJPY_otc
69,2026-05-20 06:30:00,113.797,113.948,114.016,113.713,1234,1779259498.26,AUDJPY_otc
69,2026-05-20 06:45:00,113.946,113.906,114.061,113.86,1165,1779260399.659,AUDJPY_otc
69,2026-05-20 07:00:00,113.906,114.089,114.197,113.899,1217,1779261299.878,AUDJPY_otc
69,2026-05-20 07:15:00,114.087,114.264,114.349,113.941,1232,1779262198.183,AUDJPY_otc
69,2026-05-20 07:30:00,114.264,114.493,114.513,114.235,1226,1779263097.565,AUDJPY_otc
69,2026-05-20 07:45:00,114.491,114.598,114.736,114.428,1211,1779263998.389,AUDJPY_otc
69,2026-05-20 08:00:00,114.598,114.724,114.786,114.591,1214,1779264899.285,AUDJPY_otc
69,2026-05-20 08:15:00,114.724,114.785,114.847,114.703,1166,1779265798.069,AUDJPY_otc
69,2026-05-20 08:30:00,114.797,114.868,115.01,114.795,1215,1779266699.915,AUDJPY_otc
69,2026-05-20 08:45:00,114.868,114.768,114.884,114.677,1186,1779267599.794,AUDJPY_otc
69,2026-05-20 09:00:00,114.773,114.671,114.773,114.584,1215,1779268499.614,AUDJPY_otc
69,2026-05-20 09:15:00,114.665,114.66,114.888,114.617,1175,1779269399.566,AUDJPY_otc
69,2026-05-20 09:30:00,114.662,114.745,114.747,114.52,1220,1779270298.985,AUDJPY_otc
69,2026-05-20 09:45:00,114.745,115.03,115.152,114.721,1197,1779271199.337,AUDJPY_otc
69,2026-05-20 10:00:00,115.03,115.034,115.097,114.857,1154,1779272099.715,AUDJPY_otc
69,2026-05-20 10:15:00,115.029,115.038,115.162,114.857,1205,1779272999.538,AUDJPY_otc
69,2026-05-20 10:30:00,115.041,115.118,115.122,114.951,1198,1779273899.963,AUDJPY_otc
69,2026-05-20 10:45:00,115.123,114.918,115.204,114.897,1191,1779274799.773,AUDJPY_otc
69,2026-05-20 11:00:00,114.918,114.995,115.049,114.843,1165,1779275699.71,AUDJPY_otc
69,2026-05-20 11:15:00,114.995,114.864,115.0,114.783,1194,1779276599.63,AUDJPY_otc
69,2026-05-20 11:30:00,114.864,114.817,115.096,114.773,1229,1779277499.422,AUDJPY_otc
69,2026-05-20 11:45:00,114.817,115.08,115.114,114.768,1201,1779278399.225,AUDJPY_otc
69,2026-05-20 12:00:00,115.08,115.169,115.296,115.067,1225,1779279299.566,AUDJPY_otc
69,2026-05-20 12:15:00,115.169,115.095,115.268,115.053,1220,1779280199.971,AUDJPY_otc
69,2026-05-20 12:30:00,115.095,115.284,115.326,115.036,1216,1779281099.416,AUDJPY_otc
69,2026-05-20 12:45:00,115.284,115.16,115.341,115.088,1210,1779281999.158,AUDJPY_otc
69,2026-05-20 13:00:00,115.16,115.535,115.535,115.075,1147,1779282899.598,AUDJPY_otc
69,2026-05-20 13:15:00,115.535,113.211,115.545,113.139,1202,1779283799.965,AUDJPY_otc
69,2026-05-20 13:30:00,113.211,113.414,113.431,113.211,1172,1779284699.499,AUDJPY_otc
69,2026-05-20 13:45:00,113.412,113.485,113.601,113.399,1214,1779285599.962,AUDJPY_otc
69,2026-05-20 14:00:00,113.489,113.54,113.58,113.31,1198,1779286499.865,AUDJPY_otc
69,2026-05-20 14:15:00,113.54,113.409,113.542,113.373,1210,1779287398.233,AUDJPY_otc
69,2026-05-20 14:30:00,113.409,113.348,113.465,113.26,1179,1779288299.733,AUDJPY_otc
69,2026-05-20 14:45:00,113.345,113.548,113.548,113.321,1169,1779289199.057,AUDJPY_otc
69,2026-05-20 15:00:00,113.548,113.71,113.857,113.546,1197,1779290099.103,AUDJPY_otc
69,2026-05-20 15:15:00,113.728,114.114,114.114,113.679,1208,1779290999.92,AUDJPY_otc
69,2026-05-20 15:30:00,114.114,114.095,114.161,113.995,1191,1779291899.864,AUDJPY_otc
69,2026-05-20 15:45:00,114.095,113.988,114.105,113.964,1218,1779292799.74,AUDJPY_otc
69,2026-05-20 16:00:00,113.994,113.783,114.012,113.732,1187,1779293699.639,AUDJPY_otc
69,2026-05-20 16:15:00,113.803,113.985,114.004,113.774,1170,1779294599.499,AUDJPY_otc
69,2026-05-20 16:30:00,113.985,113.856,114.096,113.851,1147,1779295499.373,AUDJPY_otc
69,2026-05-20 16:45:00,113.856,113.855,113.98,113.747,1189,1779296399.178,AUDJPY_otc
69,2026-05-20 17:00:00,113.859,113.614,113.867,113.6,1224,1779297299.608,AUDJPY_otc
69,2026-05-20 17:15:00,113.612,113.552,113.712,113.479,1229,1779298199.518,AUDJPY_otc
69,2026-05-20 17:30:00,113.552,113.553,113.585,113.459,1196,1779299099.859,AUDJPY_otc
69,2026-05-20 17:45:00,113.553,113.414,113.571,113.356,1197,1779299999.782,AUDJPY_otc
69,2026-05-20 18:00:00,113.412,113.181,113.53,113.18,1213,1779300899.612,AUDJPY_otc
69,2026-05-20 18:15:00,113.178,113.175,113.301,113.108,1209,1779301799.55,AUDJPY_otc
69,2026-05-20 18:30:00,113.175,113.244,113.336,113.07,1238,1779302699.857,AUDJPY_otc
69,2026-05-20 18:45:00,113.244,113.335,113.335,113.074,1207,1779303599.281,AUDJPY_otc
69,2026-05-20 19:00:00,113.335,113.353,113.494,113.283,1206,1779304499.566,AUDJPY_otc
69,2026-05-20 19:15:00,113.353,113.454,113.51,113.32,1216,1779305399.435,AUDJPY_otc
69,2026-05-20 19:30:00,113.454,113.332,113.586,113.315,1234,1779306299.685,AUDJPY_otc
69,2026-05-20 19:45:00,113.334,113.556,113.572,113.259,1177,1779307199.555,AUDJPY_otc
69,2026-05-20 20:00:00,113.556,113.474,113.621,113.3,1178,1779308098.891,AUDJPY_otc
69,2026-05-20 20:15:00,113.474,113.601,113.601,113.361,1244,1779308999.768,AUDJPY_otc
69,2026-05-20 20:30:00,113.601,113.472,113.714,113.445,1229,1779309899.504,AUDJPY_otc
69,2026-05-20 20:45:00,113.481,113.465,113.591,113.44,1222,1779310799.24,AUDJPY_otc
69,2026-05-20 21:00:00,113.462,113.592,113.68,113.369,1184,1779311699.596,AUDJPY_otc
69,2026-05-20 21:15:00,113.592,113.481,113.716,113.431,1170,1779312599.298,AUDJPY_otc
69,2026-05-20 21:30:00,113.481,113.224,113.534,113.202,1263,1779313499.615,AUDJPY_otc
69,2026-05-20 21:45:00,113.224,113.381,113.454,113.193,1185,1779314399.883,AUDJPY_otc
69,2026-05-20 22:00:00,113.381,113.39,113.434,113.277,1173,1779315299.586,AUDJPY_otc
69,2026-05-20 22:15:00,113.39,113.25,113.427,113.175,1176,1779316198.981,AUDJPY_otc
69,2026-05-20 22:30:00,113.25,113.497,113.525,113.24,1188,1779317099.676,AUDJPY_otc
69,2026-05-20 22:45:00,113.492,113.787,113.804,113.459,1219,1779317999.976,AUDJPY_otc
69,2026-05-20 23:00:00,113.787,113.92,113.946,113.645,1158,1779318899.786,AUDJPY_otc
69,2026-05-20 23:15:00,113.923,113.903,113.975,113.813,1171,1779319799.534,AUDJPY_otc
69,2026-05-20 23:30:00,113.899,113.872,114.03,113.815,1216,1779320697.79,AUDJPY_otc
69,2026-05-20 23:45:00,113.876,114.078,114.167,113.831,1209,1779321599.1,AUDJPY_otc
69,2026-05-21 00:00:00,114.074,113.838,114.086,113.795,1158,1779322498.303,AUDJPY_otc
69,2026-05-21 00:15:00,113.838,113.721,113.859,113.673,1215,1779323399.594,AUDJPY_otc
69,2026-05-21 00:30:00,113.721,113.749,113.827,113.523,1197,1779324299.872,AUDJPY_otc
69,2026-05-21 00:45:00,113.749,114.101,114.126,113.732,1162,1779325199.615,AUDJPY_otc
69,2026-05-21 01:00:00,114.098,113.93,114.108,113.863,1149,1779326099.958,AUDJPY_otc
69,2026-05-21 01:15:00,113.93,113.839,113.984,113.793,1190,1779326999.68,AUDJPY_otc
69,2026-05-21 01:30:00,113.839,113.639,113.931,113.609,1194,1779327899.039,AUDJPY_otc
69,2026-05-21 01:45:00,113.635,113.789,113.924,113.635,1225,1779328798.779,AUDJPY_otc
69,2026-05-21 02:00:00,113.789,113.784,113.885,113.718,1219,1779329699.493,AUDJPY_otc
69,2026-05-21 02:15:00,113.784,113.755,113.956,113.681,1210,1779330599.809,AUDJPY_otc
69,2026-05-21 02:30:00,113.755,113.897,113.968,113.752,1184,1779331499.515,AUDJPY_otc
69,2026-05-21 02:45:00,113.897,113.872,113.909,113.69,1202,1779332399.754,AUDJPY_otc
69,2026-05-21 03:00:00,113.876,113.929,113.975,113.795,1207,1779333299.611,AUDJPY_otc
69,2026-05-21 03:15:00,113.931,113.814,113.992,113.719,1211,1779334199.885,AUDJPY_otc
69,2026-05-21 03:30:00,113.816,113.652,113.952,113.616,1199,1779335099.61,AUDJPY_otc
69,2026-05-21 03:45:00,113.652,113.504,113.669,113.426,1199,1779335999.933,AUDJPY_otc
69,2026-05-21 04:00:00,113.504,113.542,113.632,113.445,1187,1779336898.18,AUDJPY_otc
69,2026-05-21 04:15:00,113.542,113.509,113.583,113.361,1179,1779337799.628,AUDJPY_otc
69,2026-05-21 04:30:00,113.502,113.454,113.58,113.402,1192,1779338699.932,AUDJPY_otc
69,2026-05-21 04:45:00,113.458,113.721,113.733,113.333,1207,1779339599.737,AUDJPY_otc
69,2026-05-21 05:00:00,113.727,113.961,113.991,113.697,1248,1779340499.972,AUDJPY_otc
69,2026-05-21 05:15:00,113.961,113.784,114.011,113.751,1191,1779341399.748,AUDJPY_otc
69,2026-05-21 05:30:00,113.784,113.746,113.803,113.66,1178,1779342299.595,AUDJPY_otc
69,2026-05-21 05:45:00,113.739,113.715,113.863,113.657,1187,1779343199.809,AUDJPY_otc
69,2026-05-21 06:00:00,113.704,113.987,114.041,113.603,1183,1779344099.638,AUDJPY_otc
69,2026-05-21 06:15:00,113.982,113.863,113.996,113.757,1191,1779344999.998,AUDJPY_otc
69,2026-05-21 06:30:00,113.863,113.918,113.943,113.722,1226,1779345898.94,AUDJPY_otc
69,2026-05-21 06:45:00,113.918,114.002,114.09,113.781,1207,1779346799.878,AUDJPY_otc
69,2026-05-21 07:00:00,114.0,114.208,114.215,113.957,1201,1779347699.26,AUDJPY_otc
69,2026-05-21 07:15:00,114.208,114.246,114.394,114.203,1196,1779348599.57,AUDJPY_otc
69,2026-05-21 07:30:00,114.246,114.28,114.286,114.148,1185,1779349498.998,AUDJPY_otc
69,2026-05-21 07:45:00,114.28,114.268,114.463,114.203,1171,1779350399.838,AUDJPY_otc
69,2026-05-21 08:00:00,114.268,114.159,114.325,114.159,1166,1779351299.628,AUDJPY_otc
69,2026-05-21 08:15:00,114.159,113.791,114.169,113.78,1183,1779352199.431,AUDJPY_otc
69,2026-05-21 08:30:00,113.789,113.766,113.914,113.613,1192,1779353098.258,AUDJPY_otc
69,2026-05-21 08:45:00,113.766,113.586,113.773,113.482,1166,1779353999.6,AUDJPY_otc
69,2026-05-21 09:00:00,113.589,113.712,113.851,113.565,1171,1779354899.52,AUDJPY_otc
69,2026-05-21 09:15:00,113.712,114.023,114.088,113.673,1205,1779355799.902,AUDJPY_otc
69,2026-05-21 09:30:00,114.023,114.185,114.259,114.009,1207,1779356699.231,AUDJPY_otc
69,2026-05-21 09:45:00,114.185,114.059,114.206,113.939,1233,1779357599.555,AUDJPY_otc
69,2026-05-21 10:00:00,114.059,113.928,114.073,113.831,1207,1779358499.874,AUDJPY_otc
69,2026-05-21 10:15:00,113.926,113.981,114.089,113.882,1202,1779359399.209,AUDJPY_otc
69,2026-05-21 10:30:00,113.977,114.012,114.029,113.83,1250,1779360299.651,AUDJPY_otc
69,2026-05-21 10:45:00,114.006,114.105,114.255,113.951,1190,1779361199.99,AUDJPY_otc
69,2026-05-21 11:00:00,114.105,114.129,114.135,113.973,1190,1779362099.861,AUDJPY_otc
69,2026-05-21 11:15:00,114.129,114.564,114.582,114.129,1206,1779362999.607,AUDJPY_otc
69,2026-05-21 11:30:00,114.559,114.764,114.795,114.518,1211,1779363899.988,AUDJPY_otc
69,2026-05-21 11:45:00,114.764,114.812,114.89,114.653,1204,1779364799.814,AUDJPY_otc
69,2026-05-21 12:00:00,114.812,114.662,114.86,114.607,1206,1779365699.559,AUDJPY_otc
69,2026-05-21 12:15:00,114.662,114.954,114.957,114.567,1223,1779366599.985,AUDJPY_otc
69,2026-05-21 12:30:00,114.954,115.216,115.282,114.922,1176,1779367499.839,AUDJPY_otc
69,2026-05-21 12:45:00,115.216,115.38,115.47,115.122,1174,1779368398.672,AUDJPY_otc
69,2026-05-21 13:00:00,115.38,115.671,115.78,115.361,1213,1779369299.481,AUDJPY_otc
69,2026-05-21 13:15:00,115.671,115.823,115.862,115.544,1205,1779370199.857,AUDJPY_otc
69,2026-05-21 13:30:00,115.825,115.696,115.994,115.619,1171,1779371099.622,AUDJPY_otc
69,2026-05-21 13:45:00,115.699,115.434,115.718,115.411,1200,1779371999.98,AUDJPY_otc
69,2026-05-21 14:00:00,115.432,115.56,115.571,115.307,1174,1779372899.84,AUDJPY_otc
69,2026-05-21 14:15:00,115.562,115.548,115.638,115.429,1188,1779373799.779,AUDJPY_otc
69,2026-05-21 14:30:00,115.548,115.651,115.662,115.47,1188,1779374699.605,AUDJPY_otc
69,2026-05-21 14:45:00,115.651,115.725,115.807,115.559,1187,1779375599.924,AUDJPY_otc
69,2026-05-21 15:00:00,115.725,115.79,115.879,115.71,1210,1779376499.724,AUDJPY_otc
69,2026-05-21 15:15:00,115.79,115.628,115.823,115.502,1207,1779377399.659,AUDJPY_otc
69,2026-05-21 15:30:00,115.639,115.906,115.943,115.626,1186,1779378298.542,AUDJPY_otc
69,2026-05-21 15:45:00,115.907,115.76,115.959,115.694,1176,1779379199.92,AUDJPY_otc
69,2026-05-21 16:00:00,115.758,115.618,115.816,115.602,1190,1779380098.724,AUDJPY_otc
69,2026-05-21 16:15:00,115.611,115.545,115.631,115.431,1238,1779380999.606,AUDJPY_otc
69,2026-05-21 16:30:00,115.543,115.873,115.906,115.502,1184,1779381899.88,AUDJPY_otc
69,2026-05-21 16:45:00,115.873,115.813,115.961,115.791,1176,1779382799.721,AUDJPY_otc
69,2026-05-21 17:00:00,115.813,115.845,115.894,115.741,1212,1779383699.546,AUDJPY_otc
69,2026-05-21 17:15:00,115.848,116.117,116.2,115.749,1197,1779384599.019,AUDJPY_otc
69,2026-05-21 17:30:00,116.117,115.91,116.122,115.879,1203,1779385499.807,AUDJPY_otc
69,2026-05-21 17:45:00,115.908,115.727,115.91,115.636,1190,1779386399.708,AUDJPY_otc
69,2026-05-21 18:00:00,115.727,115.781,115.885,115.695,1227,1779387299.484,AUDJPY_otc
69,2026-05-21 18:15:00,115.781,116.174,116.24,115.743,1207,1779388199.764,AUDJPY_otc
69,2026-05-21 18:30:00,116.174,115.825,116.174,115.762,1184,1779389099.557,AUDJPY_otc
69,2026-05-21 18:45:00,115.822,115.998,116.0,115.767,1223,1779389999.832,AUDJPY_otc
69,2026-05-21 19:00:00,116.0,115.934,116.07,115.908,1205,1779390898.62,AUDJPY_otc
69,2026-05-21 19:15:00,115.932,115.92,116.017,115.873,1215,1779391799.939,AUDJPY_otc
69,2026-05-21 19:30:00,115.92,115.938,116.17,115.904,1198,1779392699.838,AUDJPY_otc
69,2026-05-21 19:45:00,115.938,116.01,116.133,115.881,1189,1779393599.561,AUDJPY_otc
69,2026-05-21 20:00:00,116.01,115.995,116.08,115.903,1239,1779394499.008,AUDJPY_otc
69,2026-05-21 20:15:00,115.995,116.002,116.176,115.906,1228,1779395399.741,AUDJPY_otc
69,2026-05-21 20:30:00,116.002,115.997,116.199,115.856,1199,1779396299.082,AUDJPY_otc
69,2026-05-21 20:45:00,115.999,115.974,116.105,115.898,1201,1779397199.349,AUDJPY_otc
69,2026-05-21 21:00:00,115.974,116.043,116.08,115.927,1194,1779398098.573,AUDJPY_otc
69,2026-05-21 21:15:00,116.043,116.099,116.118,115.94,1229,1779398998.244,AUDJPY_otc
69,2026-05-21 21:30:00,116.099,116.24,116.257,115.924,1170,1779399899.623,AUDJPY_otc
69,2026-05-21 21:45:00,116.24,116.362,116.475,116.24,1203,1779400799.777,AUDJPY_otc
69,2026-05-21 22:00:00,116.369,116.294,116.462,116.229,1191,1779401699.54,AUDJPY_otc
69,2026-05-21 22:15:00,116.294,116.27,116.409,116.213,1180,1779402599.399,AUDJPY_otc
69,2026-05-21 22:30:00,116.27,116.192,116.339,116.157,1172,1779403499.699,AUDJPY_otc
69,2026-05-21 22:45:00,116.197,116.021,116.225,115.93,1217,1779404399.533,AUDJPY_otc
69,2026-05-21 23:00:00,116.021,115.927,116.024,115.837,1215,1779405299.791,AUDJPY_otc
69,2026-05-21 23:15:00,115.93,115.697,115.934,115.614,1235,1779406199.498,AUDJPY_otc
69,2026-05-21 23:30:00,115.699,115.817,115.85,115.648,1219,1779407097.829,AUDJPY_otc
69,2026-05-21 23:45:00,115.817,115.799,115.964,115.758,1205,1779407999.605,AUDJPY_otc
69,2026-05-22 00:00:00,115.806,115.745,115.846,115.736,1205,1779408899.503,AUDJPY_otc
69,2026-05-22 00:15:00,115.747,115.902,115.902,115.677,1174,1779409799.764,AUDJPY_otc
69,2026-05-22 00:30:00,115.897,115.768,115.933,115.605,1201,1779410699.593,AUDJPY_otc
69,2026-05-22 00:45:00,115.768,115.904,115.958,115.756,1202,1779411599.843,AUDJPY_otc
69,2026-05-22 01:00:00,115.904,116.076,116.161,115.797,1173,1779412499.702,AUDJPY_otc
69,2026-05-22 01:15:00,116.075,116.237,116.267,115.988,1189,1779413399.924,AUDJPY_otc
69,2026-05-22 01:30:00,116.23,116.366,116.436,116.223,1199,1779414299.273,AUDJPY_otc
69,2026-05-22 01:45:00,116.361,116.483,116.572,116.357,1218,1779415199.992,AUDJPY_otc
69,2026-05-22 02:00:00,116.483,116.79,116.826,116.481,1192,1779416099.823,AUDJPY_otc
69,2026-05-22 02:15:00,116.79,116.798,116.895,116.775,1215,1779416999.028,AUDJPY_otc
69,2026-05-22 02:30:00,116.798,116.884,116.969,116.756,1187,1779417899.719,AUDJPY_otc
69,2026-05-22 02:45:00,116.884,116.91,116.943,116.771,1195,1779418799.052,AUDJPY_otc
69,2026-05-22 03:00:00,116.91,117.179,117.182,116.863,1206,1779419699.72,AUDJPY_otc
69,2026-05-22 03:15:00,117.179,117.182,117.23,117.058,1223,1779420599.994,AUDJPY_otc
69,2026-05-22 03:30:00,117.182,117.1,117.378,117.08,1199,1779421498.831,AUDJPY_otc
69,2026-05-22 03:45:00,117.1,117.1,117.268,117.044,1200,1779422399.59,AUDJPY_otc
69,2026-05-22 04:00:00,117.096,117.093,117.256,117.071,1208,1779423299.347,AUDJPY_otc
69,2026-05-22 04:15:00,117.088,117.036,117.153,116.91,1223,1779424199.767,AUDJPY_otc
69,2026-05-22 04:30:00,117.038,116.979,117.161,116.885,1212,1779425099.976,AUDJPY_otc
69,2026-05-22 04:45:00,116.979,116.81,117.092,116.68,1214,1779425999.29,AUDJPY_otc
69,2026-05-22 05:00:00,116.81,116.77,116.949,116.752,1234,1779426899.535,AUDJPY_otc
69,2026-05-22 05:15:00,116.77,116.646,116.773,116.557,1190,1779427799.416,AUDJPY_otc
69,2026-05-22 05:30:00,116.65,116.429,116.695,116.371,1195,1779428699.652,AUDJPY_otc
69,2026-05-22 05:45:00,116.426,116.631,116.667,116.334,1227,1779429599.377,AUDJPY_otc
69,2026-05-22 06:00:00,116.631,116.603,116.779,116.589,1210,1779430499.601,AUDJPY_otc
69,2026-05-22 06:15:00,116.6,116.591,116.718,116.564,1201,1779431399.473,AUDJPY_otc
69,2026-05-22 06:30:00,116.591,116.374,116.671,116.329,1203,1779432298.704,AUDJPY_otc
69,2026-05-22 06:45:00,116.365,116.482,116.502,116.171,1212,1779433198.677,AUDJPY_otc
69,2026-05-22 07:00:00,116.474,116.422,116.502,116.394,1193,1779434099.959,AUDJPY_otc
69,2026-05-22 07:15:00,116.422,116.545,116.636,116.399,1198,1779434998.799,AUDJPY_otc
69,2026-05-22 07:30:00,116.545,116.581,116.709,116.452,1211,1779435899.007,AUDJPY_otc
69,2026-05-22 07:45:00,116.583,116.392,116.622,116.323,1191,1779436799.279,AUDJPY_otc
69,2026-05-22 08:00:00,116.392,116.512,116.609,116.367,1192,1779437699.463,AUDJPY_otc
69,2026-05-22 08:15:00,116.509,116.521,116.597,116.467,1199,1779438599.795,AUDJPY_otc
69,2026-05-22 08:30:00,116.532,116.378,116.538,116.292,1197,1779439499.569,AUDJPY_otc
69,2026-05-22 08:45:00,116.376,116.539,116.554,116.348,1230,1779440399.894,AUDJPY_otc
69,2026-05-22 09:00:00,116.539,116.43,116.604,116.416,1175,1779441299.673,AUDJPY_otc
69,2026-05-22 09:15:00,116.43,113.159,116.442,113.12,1150,1779442199.07,AUDJPY_otc
69,2026-05-22 09:30:00,113.154,113.333,113.425,113.111,1232,1779443098.787,AUDJPY_otc
69,2026-05-22 09:45:00,113.333,113.223,113.377,113.166,1233,1779443999.682,AUDJPY_otc
69,2026-05-22 10:00:00,113.201,113.198,113.466,113.174,1200,1779444897.459,AUDJPY_otc
69,2026-05-22 10:15:00,113.198,113.179,113.35,113.112,1221,1779445799.88,AUDJPY_otc
69,2026-05-22 10:30:00,113.179,113.305,113.334,113.152,1182,1779446699.168,AUDJPY_otc
69,2026-05-22 10:45:00,113.305,113.03,113.367,113.022,1232,1779447599.598,AUDJPY_otc
69,2026-05-22 11:00:00,113.037,112.721,113.037,112.7,1235,1779448499.383,AUDJPY_otc
69,2026-05-22 11:15:00,112.719,112.849,112.952,112.694,1239,1779449399.834,AUDJPY_otc
69,2026-05-22 11:30:00,112.853,113.069,113.088,112.757,1186,1779450299.626,AUDJPY_otc
69,2026-05-22 11:45:00,113.069,112.893,113.079,112.893,1159,1779451199.043,AUDJPY_otc
69,2026-05-22 12:00:00,112.89,112.776,112.917,112.709,1214,1779452099.868,AUDJPY_otc
69,2026-05-22 12:15:00,112.776,112.67,112.84,112.663,1198,1779452999.758,AUDJPY_otc
69,2026-05-22 12:30:00,112.67,112.595,112.684,112.438,1215,1779453899.087,AUDJPY_otc
69,2026-05-22 12:45:00,112.598,112.992,113.022,112.586,1177,1779454799.974,AUDJPY_otc
69,2026-05-22 13:00:00,112.992,113.096,113.152,112.905,1206,1779455699.773,AUDJPY_otc
69,2026-05-22 13:15:00,113.094,113.017,113.23,113.014,1215,1779456599.659,AUDJPY_otc
69,2026-05-22 13:30:00,113.017,113.022,113.137,112.93,1186,1779457499.997,AUDJPY_otc
69,2026-05-22 13:45:00,113.022,113.05,113.124,112.91,1160,1779458399.408,AUDJPY_otc
69,2026-05-22 14:00:00,113.047,113.158,113.36,113.042,1185,1779459299.71,AUDJPY_otc
69,2026-05-22 14:15:00,113.158,113.027,113.256,113.002,1210,1779460199.597,AUDJPY_otc
69,2026-05-22 14:30:00,113.027,112.858,113.096,112.847,1166,1779461098.864,AUDJPY_otc
69,2026-05-22 14:45:00,112.858,112.876,112.896,112.754,1192,1779461999.681,AUDJPY_otc
69,2026-05-22 15:00:00,112.883,113.118,113.132,112.872,1180,1779462899.513,AUDJPY_otc
69,2026-05-22 15:15:00,113.115,113.003,113.262,112.991,1210,1779463799.469,AUDJPY_otc
69,2026-05-22 15:30:00,113.003,112.965,113.102,112.938,1238,1779464698.77,AUDJPY_otc
69,2026-05-22 15:45:00,112.965,112.964,113.102,112.874,1207,1779465599.647,AUDJPY_otc
69,2026-05-22 16:00:00,112.961,112.799,112.997,112.754,1207,1779466499.935,AUDJPY_otc
69,2026-05-22 16:15:00,112.799,112.598,112.91,112.598,1214,1779467399.799,AUDJPY_otc
69,2026-05-22 16:30:00,112.598,112.503,112.718,112.471,1214,1779468299.108,AUDJPY_otc
69,2026-05-22 16:45:00,112.503,112.752,112.807,112.429,1233,1779469199.005,AUDJPY_otc
69,2026-05-22 17:00:00,112.758,112.749,112.794,112.666,1186,1779470099.826,AUDJPY_otc
69,2026-05-22 17:15:00,112.753,112.672,112.818,112.609,1223,1779470999.188,AUDJPY_otc
69,2026-05-22 17:30:00,112.675,112.732,112.754,112.569,1211,1779471899.479,AUDJPY_otc
69,2026-05-22 17:45:00,112.732,112.971,113.006,112.706,1172,1779472798.838,AUDJPY_otc
69,2026-05-22 18:00:00,112.971,113.014,113.014,112.844,1186,1779473699.121,AUDJPY_otc
69,2026-05-22 18:15:00,113.014,113.39,113.447,113.014,1196,1779474599.921,AUDJPY_otc
69,2026-05-22 18:30:00,113.39,113.05,113.405,113.029,1216,1779475499.799,AUDJPY_otc
69,2026-05-22 18:45:00,113.05,112.729,113.056,112.728,1160,1779476399.571,AUDJPY_otc
69,2026-05-22 19:00:00,112.729,112.918,113.001,112.709,1178,1779477298.964,AUDJPY_otc
69,2026-05-22 19:15:00,112.918,112.782,112.945,112.739,1196,1779478199.675,AUDJPY_otc
69,2026-05-22 19:30:00,112.782,112.725,112.788,112.549,1219,1779479097.09,AUDJPY_otc
69,2026-05-22 19:45:00,112.725,112.788,112.878,112.675,1202,1779479999.837,AUDJPY_otc
69,2026-05-22 20:00:00,112.788,113.141,113.268,112.782,1221,1779480899.631,AUDJPY_otc
69,2026-05-22 20:15:00,113.141,113.267,113.388,113.06,1175,1779481799.911,AUDJPY_otc
69,2026-05-22 20:30:00,113.264,113.101,113.36,113.007,1190,1779482699.689,AUDJPY_otc
69,2026-05-22 20:45:00,113.099,113.155,113.167,112.93,1185,1779483599.524,AUDJPY_otc
69,2026-05-22 21:00:00,113.15,113.263,113.28,113.086,1213,1779484499.788,AUDJPY_otc
69,2026-05-22 21:15:00,113.26,113.032,113.349,113.028,1175,1779485399.137,AUDJPY_otc
69,2026-05-22 21:30:00,113.032,113.047,113.166,113.007,1204,1779486299.829,AUDJPY_otc
69,2026-05-22 21:45:00,113.051,113.061,113.146,113.029,1185,1779487199.042,AUDJPY_otc
69,2026-05-22 22:00:00,113.059,113.099,113.211,113.002,1211,1779488099.815,AUDJPY_otc
69,2026-05-22 22:15:00,113.099,113.003,113.24,112.999,1197,1779488999.066,AUDJPY_otc
69,2026-05-22 22:30:00,113.001,113.101,113.214,112.992,1202,1779489899.867,AUDJPY_otc
69,2026-05-22 22:45:00,113.099,113.308,113.397,113.088,1213,1779490799.619,AUDJPY_otc
69,2026-05-22 23:00:00,113.308,113.423,113.57,113.304,1146,1779491699.326,AUDJPY_otc
69,2026-05-22 23:15:00,113.423,113.059,113.48,113.018,1198,1779492599.672,AUDJPY_otc
69,2026-05-22 23:30:00,113.059,113.205,113.229,113.031,1181,1779493498.928,AUDJPY_otc
69,2026-05-22 23:45:00,113.205,113.407,113.41,113.191,1209,1779494399.824,AUDJPY_otc
69,2026-05-23 00:00:00,113.402,113.172,113.417,113.081,1190,1779495299.56,AUDJPY_otc
69,2026-05-23 00:15:00,113.169,113.246,113.258,113.09,1207,1779496199.401,AUDJPY_otc
69,2026-05-23 00:30:00,113.246,113.17,113.301,113.118,1191,1779497099.622,AUDJPY_otc
69,2026-05-23 00:45:00,113.167,113.29,113.323,113.12,1200,1779497999.819,AUDJPY_otc
69,2026-05-23 01:00:00,113.29,113.096,113.355,113.03,1229,1779498899.671,AUDJPY_otc
69,2026-05-23 01:15:00,113.093,113.06,113.142,112.912,1178,1779499799.879,AUDJPY_otc
69,2026-05-23 01:30:00,113.069,113.102,113.14,112.95,1239,1779500699.587,AUDJPY_otc
69,2026-05-23 01:45:00,113.1,113.225,113.244,113.057,1213,1779501599.941,AUDJPY_otc
69,2026-05-23 02:00:00,113.225,113.09,113.227,112.978,1179,1779502499.641,AUDJPY_otc
69,2026-05-23 02:15:00,113.09,113.244,113.271,112.978,1193,1779503399.959,AUDJPY_otc
69,2026-05-23 02:30:00,113.244,113.216,113.278,113.116,1191,1779504299.711,AUDJPY_otc
69,2026-05-23 02:45:00,113.211,112.994,113.279,112.986,1214,1779505199.556,AUDJPY_otc
69,2026-05-23 03:00:00,112.991,113.229,113.277,112.897,1189,1779506099.787,AUDJPY_otc
69,2026-05-23 03:15:00,113.229,113.17,113.332,113.114,1212,1779506998.018,AUDJPY_otc
69,2026-05-23 03:30:00,113.169,113.378,113.45,113.165,1211,1779507899.2,AUDJPY_otc
69,2026-05-23 03:45:00,113.378,113.5,113.52,113.282,1182,1779508799.535,AUDJPY_otc
69,2026-05-23 04:00:00,113.507,113.243,113.565,113.241,1186,1779509699.806,AUDJPY_otc
69,2026-05-23 04:15:00,113.243,113.334,113.334,113.129,1181,1779510599.137,AUDJPY_otc
69,2026-05-23 04:30:00,113.334,113.097,113.407,113.095,1197,1779511499.368,AUDJPY_otc
69,2026-05-23 04:45:00,113.097,112.856,113.186,112.84,1213,1779512399.719,AUDJPY_otc
69,2026-05-23 05:00:00,112.853,112.86,113.02,112.793,1181,1779513299.47,AUDJPY_otc
69,2026-05-23 05:15:00,112.86,112.806,112.874,112.675,1167,1779514199.823,AUDJPY_otc
69,2026-05-23 05:30:00,112.806,112.645,112.836,112.629,1227,1779515098.517,AUDJPY_otc
69,2026-05-23 05:45:00,112.645,112.473,112.768,112.466,1223,1779515999.747,AUDJPY_otc
69,2026-05-23 06:00:00,112.477,112.594,112.797,112.425,1190,1779516899.614,AUDJPY_otc
69,2026-05-23 06:15:00,112.589,112.695,112.713,112.498,1215,1779517799.82,AUDJPY_otc
69,2026-05-23 06:30:00,112.695,112.625,112.737,112.533,1211,1779518699.679,AUDJPY_otc
69,2026-05-23 06:45:00,112.631,112.534,112.705,112.532,1216,1779519599.506,AUDJPY_otc
69,2026-05-23 07:00:00,112.534,112.341,112.598,112.285,1222,1779520499.896,AUDJPY_otc
69,2026-05-23 07:15:00,112.341,111.968,112.341,111.956,1205,1779521398.225,AUDJPY_otc
69,2026-05-23 07:30:00,111.974,111.924,112.024,111.853,1190,1779522299.528,AUDJPY_otc
69,2026-05-23 07:45:00,111.922,111.617,111.983,111.605,1204,1779523199.813,AUDJPY_otc
69,2026-05-23 08:00:00,111.62,111.878,111.918,111.574,1168,1779524099.607,AUDJPY_otc
69,2026-05-23 08:15:00,111.874,112.271,112.278,111.834,1250,1779524999.923,AUDJPY_otc
69,2026-05-23 08:30:00,112.271,112.416,112.422,112.271,1148,1779525899.65,AUDJPY_otc
69,2026-05-23 08:45:00,112.425,112.71,112.813,112.41,1234,1779526799.527,AUDJPY_otc
69,2026-05-23 09:00:00,112.712,113.103,113.124,112.678,1206,1779527699.793,AUDJPY_otc
69,2026-05-23 09:15:00,113.109,113.35,113.352,112.994,1194,1779528599.005,AUDJPY_otc
69,2026-05-23 09:30:00,113.348,113.272,113.423,113.25,1220,1779529499.899,AUDJPY_otc
69,2026-05-23 09:45:00,113.272,113.186,113.406,113.174,1209,1779530399.587,AUDJPY_otc
69,2026-05-23 10:00:00,113.186,113.351,113.471,113.17,1213,1779531299.844,AUDJPY_otc
69,2026-05-23 10:15:00,113.354,113.509,113.555,113.314,1188,1779532199.721,AUDJPY_otc
69,2026-05-23 10:30:00,113.509,113.237,113.518,113.176,1199,1779533099.496,AUDJPY_otc
69,2026-05-23 10:45:00,113.237,112.881,113.245,112.881,1204,1779533999.892,AUDJPY_otc
69,2026-05-23 11:00:00,112.881,112.701,112.882,112.624,1232,1779534899.686,AUDJPY_otc
69,2026-05-23 11:15:00,112.701,112.801,112.831,112.668,1194,1779535799.53,AUDJPY_otc
69,2026-05-23 11:30:00,112.801,112.477,112.839,112.468,1193,1779536699.87,AUDJPY_otc
69,2026-05-23 11:45:00,112.48,112.556,112.617,112.411,1211,1779537599.659,AUDJPY_otc
69,2026-05-23 12:00:00,112.558,112.676,112.687,112.528,1209,1779538499.523,AUDJPY_otc
69,2026-05-23 12:15:00,112.678,112.88,112.903,112.662,1253,1779539399.863,AUDJPY_otc
69,2026-05-23 12:30:00,112.88,112.985,113.035,112.759,1211,1779540299.688,AUDJPY_otc
69,2026-05-23 12:45:00,112.985,112.91,113.23,112.903,1180,1779541199.454,AUDJPY_otc
69,2026-05-23 13:00:00,112.91,112.988,113.142,112.905,1213,1779542099.872,AUDJPY_otc
69,2026-05-23 13:15:00,112.988,112.888,113.11,112.86,1192,1779542999.59,AUDJPY_otc
69,2026-05-23 13:30:00,112.888,112.653,113.008,112.647,1223,1779543899.969,AUDJPY_otc
69,2026-05-23 13:45:00,112.653,112.643,112.825,112.639,1200,1779544799.166,AUDJPY_otc
69,2026-05-23 14:00:00,112.643,112.64,112.715,112.491,1168,1779545699.979,AUDJPY_otc
69,2026-05-23 14:15:00,112.64,112.802,112.88,112.63,1200,1779546599.793,AUDJPY_otc
69,2026-05-23 14:30:00,112.802,112.901,112.905,112.671,1177,1779547499.048,AUDJPY_otc
69,2026-05-23 14:45:00,112.909,112.585,112.969,112.585,1172,1779548399.978,AUDJPY_otc
69,2026-05-23 15:00:00,112.585,112.962,112.988,112.582,1185,1779549299.234,AUDJPY_otc
69,2026-05-23 15:15:00,112.96,113.021,113.062,112.799,1176,1779550198.103,AUDJPY_otc
69,2026-05-23 15:30:00,113.021,112.979,113.087,112.88,1166,1779551099.858,AUDJPY_otc
69,2026-05-23 15:45:00,112.979,113.209,113.254,112.977,1202,1779551999.711,AUDJPY_otc
69,2026-05-23 16:00:00,113.207,113.042,113.27,112.974,1211,1779552899.104,AUDJPY_otc
69,2026-05-23 16:15:00,113.038,113.109,113.235,112.929,1207,1779553799.991,AUDJPY_otc
69,2026-05-23 16:30:00,113.109,113.32,113.396,113.097,1177,1779554699.749,AUDJPY_otc
69,2026-05-23 16:45:00,113.312,113.263,113.38,113.219,1180,1779555599.08,AUDJPY_otc
69,2026-05-23 17:00:00,113.267,113.238,113.321,113.118,1235,1779556499.486,AUDJPY_otc
69,2026-05-23 17:15:00,113.238,113.318,113.529,113.211,1178,1779557399.759,AUDJPY_otc
69,2026-05-23 17:30:00,113.318,113.235,113.337,113.109,1213,1779558299.075,AUDJPY_otc
69,2026-05-23 17:45:00,113.238,113.195,113.368,113.14,1197,1779559199.861,AUDJPY_otc
69,2026-05-23 18:00:00,113.191,113.206,113.368,113.149,1220,1779560099.635,AUDJPY_otc
69,2026-05-23 18:15:00,113.206,113.092,113.388,113.069,1193,1779560998.967,AUDJPY_otc
69,2026-05-23 18:30:00,113.092,113.039,113.201,112.956,1193,1779561899.825,AUDJPY_otc
69,2026-05-23 18:45:00,113.039,113.171,113.219,113.039,1192,1779562798.211,AUDJPY_otc
69,2026-05-23 19:00:00,113.176,113.183,113.36,113.146,1214,1779563699.604,AUDJPY_otc
69,2026-05-23 19:15:00,113.183,113.042,113.284,113.025,1176,1779564599.853,AUDJPY_otc
69,2026-05-23 19:30:00,113.045,112.778,113.055,112.774,1154,1779565499.667,AUDJPY_otc
69,2026-05-23 19:45:00,112.781,112.934,112.959,112.765,1227,1779566398.894,AUDJPY_otc
69,2026-05-23 20:00:00,112.934,113.344,113.367,112.861,1247,1779567299.764,AUDJPY_otc
69,2026-05-23 20:15:00,113.344,113.597,113.604,113.293,1183,1779568199.986,AUDJPY_otc
69,2026-05-23 20:30:00,113.595,113.653,113.755,113.547,1167,1779569099.777,AUDJPY_otc
69,2026-05-23 20:45:00,113.651,113.504,113.792,113.494,1190,1779569999.561,AUDJPY_otc
69,2026-05-23 21:00:00,113.504,113.289,113.572,113.265,1187,1779570899.327,AUDJPY_otc
69,2026-05-23 21:15:00,113.289,113.331,113.396,113.169,1204,1779571799.67,AUDJPY_otc
69,2026-05-23 21:30:00,113.334,113.29,113.403,113.271,1185,1779572699.952,AUDJPY_otc
69,2026-05-23 21:45:00,113.292,113.291,113.475,113.248,1198,1779573599.747,AUDJPY_otc
69,2026-05-23 22:00:00,113.291,113.534,113.55,113.286,1212,1779574499.521,AUDJPY_otc
69,2026-05-23 22:15:00,113.536,113.491,113.577,113.383,1226,1779575399.728,AUDJPY_otc
69,2026-05-23 22:30:00,113.491,113.595,113.613,113.388,1191,1779576299.554,AUDJPY_otc
69,2026-05-23 22:45:00,113.6,113.618,113.638,113.451,1162,1779577199.269,AUDJPY_otc
69,2026-05-23 23:00:00,113.611,113.379,113.628,113.351,1223,1779578099.993,AUDJPY_otc
69,2026-05-23 23:15:00,113.379,113.246,113.403,113.217,1168,1779578999.827,AUDJPY_otc
69,2026-05-23 23:30:00,113.246,113.332,113.46,113.218,1200,1779579899.532,AUDJPY_otc
69,2026-05-23 23:45:00,113.33,113.443,113.443,113.294,1207,1779580799.798,AUDJPY_otc
69,2026-05-24 00:00:00,113.44,113.376,113.484,113.336,1153,1779581699.66,AUDJPY_otc
69,2026-05-24 00:15:00,113.376,113.329,113.489,113.3,1196,1779582599.893,AUDJPY_otc
69,2026-05-24 00:30:00,113.326,113.594,113.603,113.306,1189,1779583499.762,AUDJPY_otc
69,2026-05-24 00:45:00,113.601,113.378,113.629,113.366,1220,1779584399.957,AUDJPY_otc
69,2026-05-24 01:00:00,113.378,113.269,113.407,113.212,1167,1779585299.779,AUDJPY_otc
69,2026-05-24 01:15:00,113.269,112.977,113.383,112.958,1195,1779586199.457,AUDJPY_otc
69,2026-05-24 01:30:00,112.98,112.813,113.02,112.784,1184,1779587099.202,AUDJPY_otc
69,2026-05-24 01:45:00,112.818,112.996,113.003,112.801,1208,1779587999.51,AUDJPY_otc
69,2026-05-24 02:00:00,112.996,113.237,113.273,112.98,1214,1779588899.819,AUDJPY_otc
69,2026-05-24 02:15:00,113.237,113.212,113.291,113.081,1244,1779589799.114,AUDJPY_otc
69,2026-05-24 02:30:00,113.212,112.984,113.303,112.984,1207,1779590699.868,AUDJPY_otc
69,2026-05-24 02:45:00,112.984,113.009,113.038,112.816,1207,1779591599.577,AUDJPY_otc
69,2026-05-24 03:00:00,113.007,112.902,113.107,112.863,1216,1779592499.842,AUDJPY_otc
69,2026-05-24 03:15:00,112.902,112.841,112.936,112.695,1185,1779593399.602,AUDJPY_otc
69,2026-05-24 03:30:00,112.836,112.769,112.879,112.738,1176,1779594299.274,AUDJPY_otc
69,2026-05-24 03:45:00,112.769,112.773,112.848,112.592,1193,1779595199.649,AUDJPY_otc
69,2026-05-24 04:00:00,112.773,113.081,113.134,112.773,1209,1779596099.815,AUDJPY_otc
69,2026-05-24 04:15:00,113.077,113.018,113.087,112.867,1200,1779596998.613,AUDJPY_otc
69,2026-05-24 04:30:00,113.018,113.07,113.23,113.0,1206,1779597899.79,AUDJPY_otc
69,2026-05-24 04:45:00,113.07,112.813,113.105,112.781,1211,1779598799.503,AUDJPY_otc
69,2026-05-24 05:00:00,112.808,112.827,112.856,112.637,1220,1779599699.3,AUDJPY_otc
69,2026-05-24 05:15:00,112.827,112.682,112.874,112.633,1201,1779600599.113,AUDJPY_otc
69,2026-05-24 05:30:00,112.688,112.396,112.7,112.318,1233,1779601499.845,AUDJPY_otc
69,2026-05-24 05:45:00,112.396,112.188,112.487,112.164,1180,1779602398.606,AUDJPY_otc
69,2026-05-24 06:00:00,112.188,112.107,112.224,112.038,1175,1779603299.764,AUDJPY_otc
69,2026-05-24 06:15:00,112.109,111.918,112.143,111.849,1185,1779604199.568,AUDJPY_otc
69,2026-05-24 06:30:00,111.921,111.963,112.029,111.796,1205,1779605099.819,AUDJPY_otc
69,2026-05-24 06:45:00,111.959,112.041,112.091,111.909,1214,1779605999.559,AUDJPY_otc
69,2026-05-24 07:00:00,112.045,112.109,112.168,111.97,1189,1779606899.827,AUDJPY_otc
69,2026-05-24 07:15:00,112.109,112.26,112.268,111.951,1183,1779607799.546,AUDJPY_otc
69,2026-05-24 07:30:00,112.263,112.164,112.359,112.136,1201,1779608699.735,AUDJPY_otc
69,2026-05-24 07:45:00,112.16,112.087,112.174,111.937,1224,1779609599.049,AUDJPY_otc
69,2026-05-24 08:00:00,112.087,112.05,112.14,111.953,1212,1779610499.744,AUDJPY_otc
69,2026-05-24 08:15:00,112.05,112.313,112.335,112.018,1187,1779611399.506,AUDJPY_otc
69,2026-05-24 08:30:00,112.317,112.258,112.365,112.183,1207,1779612299.82,AUDJPY_otc
69,2026-05-24 08:45:00,112.255,112.28,112.336,112.227,1190,1779613198.587,AUDJPY_otc
69,2026-05-24 09:00:00,112.28,112.23,112.312,112.11,1231,1779614099.842,AUDJPY_otc
69,2026-05-24 09:15:00,112.23,112.162,112.272,112.102,1208,1779614999.667,AUDJPY_otc
69,2026-05-24 09:30:00,112.162,112.306,112.306,112.132,1191,1779615899.385,AUDJPY_otc
69,2026-05-24 09:45:00,112.301,112.329,112.329,112.192,1212,1779616799.759,AUDJPY_otc
69,2026-05-24 10:00:00,112.329,112.497,112.542,112.295,1186,1779617697.465,AUDJPY_otc
69,2026-05-24 10:15:00,112.497,112.327,112.565,112.237,1170,1779618599.794,AUDJPY_otc
69,2026-05-24 10:30:00,112.327,112.357,112.402,112.276,1182,1779619499.559,AUDJPY_otc
69,2026-05-24 10:45:00,112.357,112.356,112.503,112.296,1182,1779620399.808,AUDJPY_otc
69,2026-05-24 11:00:00,112.353,112.374,112.496,112.293,1175,1779621298.153,AUDJPY_otc
69,2026-05-24 11:15:00,112.379,112.266,112.383,112.096,1228,1779622199.817,AUDJPY_otc
69,2026-05-24 11:30:00,112.264,112.107,112.28,111.959,1220,1779623099.636,AUDJPY_otc
69,2026-05-24 11:45:00,112.102,111.99,112.203,111.977,1188,1779623999.921,AUDJPY_otc
69,2026-05-24 12:00:00,111.99,111.886,112.048,111.872,1222,1779624897.654,AUDJPY_otc
69,2026-05-24 12:15:00,111.886,112.0,112.034,111.852,1205,1779625799.924,AUDJPY_otc
69,2026-05-24 12:30:00,112.01,111.871,112.103,111.835,1170,1779626699.683,AUDJPY_otc
69,2026-05-24 12:45:00,111.873,112.19,112.216,111.852,1172,1779627599.851,AUDJPY_otc
69,2026-05-24 13:00:00,112.19,111.926,112.268,111.921,1240,1779628499.566,AUDJPY_otc
69,2026-05-24 13:15:00,111.924,111.572,111.924,111.509,1222,1779629398.767,AUDJPY_otc
69,2026-05-24 13:30:00,111.572,111.535,111.607,111.484,1216,1779630299.549,AUDJPY_otc
69,2026-05-24 13:45:00,111.535,111.685,111.756,111.526,1181,1779631198.764,AUDJPY_otc
69,2026-05-24 14:00:00,111.685,111.798,111.82,111.587,1196,1779632099.515,AUDJPY_otc
69,2026-05-24 14:15:00,111.798,112.007,112.072,111.764,1208,1779632999.842,AUDJPY_otc
69,2026-05-24 14:30:00,112.007,111.909,112.043,111.871,1226,1779633899.665,AUDJPY_otc
69,2026-05-24 14:45:00,111.909,111.883,112.052,111.875,1199,1779634799.993,AUDJPY_otc
69,2026-05-24 15:00:00,111.885,112.341,112.359,111.877,1231,1779635699.316,AUDJPY_otc
69,2026-05-24 15:15:00,112.336,112.415,112.472,112.282,1200,1779636599.644,AUDJPY_otc
69,2026-05-24 15:30:00,112.415,112.281,112.515,112.239,1200,1779637499.903,AUDJPY_otc
69,2026-05-24 15:45:00,112.283,112.283,112.333,112.181,1225,1779638398.665,AUDJPY_otc
69,2026-05-24 16:00:00,112.283,112.377,112.452,112.245,1198,1779639299.962,AUDJPY_otc
69,2026-05-24 16:15:00,112.377,112.182,112.386,112.066,1221,1779640199.289,AUDJPY_otc
69,2026-05-24 16:30:00,112.182,112.502,112.518,112.17,1198,1779641099.586,AUDJPY_otc
69,2026-05-24 16:45:00,112.502,112.437,112.57,112.404,1180,1779641999.902,AUDJPY_otc
69,2026-05-24 17:00:00,112.452,112.674,112.688,112.394,1186,1779642899.747,AUDJPY_otc
69,2026-05-24 17:15:00,112.674,112.496,112.686,112.466,1186,1779643799.963,AUDJPY_otc
69,2026-05-24 17:30:00,112.496,112.649,112.718,112.447,1184,1779644699.862,AUDJPY_otc
69,2026-05-24 17:45:00,112.649,112.595,112.766,112.57,1186,1779645599.592,AUDJPY_otc
69,2026-05-24 18:00:00,112.589,112.506,112.652,112.433,1199,1779646499.889,AUDJPY_otc
69,2026-05-24 18:15:00,112.508,112.319,112.519,112.295,1195,1779647399.733,AUDJPY_otc
69,2026-05-24 18:30:00,112.317,112.418,112.439,112.2,1202,1779648299.485,AUDJPY_otc
69,2026-05-24 18:45:00,112.418,112.186,112.418,112.185,1205,1779649199.797,AUDJPY_otc
69,2026-05-24 19:00:00,112.189,111.849,112.221,111.838,1186,1779650099.078,AUDJPY_otc
69,2026-05-24 19:15:00,111.847,112.149,112.154,111.809,1175,1779650999.44,AUDJPY_otc
69,2026-05-24 19:30:00,112.149,112.179,112.243,112.046,1178,1779651899.156,AUDJPY_otc
69,2026-05-24 19:45:00,112.176,112.031,112.201,111.959,1183,1779652799.931,AUDJPY_otc
69,2026-05-24 20:00:00,112.031,112.063,112.063,111.846,1194,1779653699.704,AUDJPY_otc
69,2026-05-24 20:15:00,112.066,112.124,112.224,112.056,1200,1779654599.851,AUDJPY_otc
69,2026-05-24 20:30:00,112.122,112.133,112.183,111.972,1186,1779655499.134,AUDJPY_otc
69,2026-05-24 20:45:00,112.133,112.183,112.268,112.091,1171,1779656399.958,AUDJPY_otc
69,2026-05-24 21:00:00,112.183,112.426,112.453,112.153,1165,1779657299.754,AUDJPY_otc
69,2026-05-24 21:15:00,112.426,112.419,112.516,112.341,1199,1779658199.098,AUDJPY_otc
69,2026-05-24 21:30:00,112.419,112.197,112.575,112.167,1175,1779659099.797,AUDJPY_otc
69,2026-05-24 21:45:00,112.197,112.257,112.328,112.101,1188,1779659999.979,AUDJPY_otc
69,2026-05-24 22:00:00,112.257,112.404,112.418,112.256,1190,1779660898.853,AUDJPY_otc
69,2026-05-24 22:15:00,112.404,112.374,112.426,112.258,1230,1779661798.548,AUDJPY_otc
69,2026-05-24 22:30:00,112.374,112.572,112.655,112.372,1196,1779662698.879,AUDJPY_otc
69,2026-05-24 22:45:00,112.578,112.753,112.784,112.527,1211,1779663599.566,AUDJPY_otc
69,2026-05-24 23:00:00,112.749,112.647,112.751,112.484,1165,1779664499.756,AUDJPY_otc
69,2026-05-24 23:15:00,112.647,112.482,112.711,112.382,1195,1779665399.609,AUDJPY_otc
69,2026-05-24 23:30:00,112.482,112.28,112.587,112.274,1189,1779666299.347,AUDJPY_otc
69,2026-05-24 23:45:00,112.28,112.458,112.471,112.28,1211,1779667199.64,AUDJPY_otc
69,2026-05-25 00:00:00,112.458,112.439,112.542,112.4,1198,1779668099.345,AUDJPY_otc
69,2026-05-25 00:15:00,112.439,112.656,112.751,112.383,1209,1779668999.023,AUDJPY_otc
69,2026-05-25 00:30:00,112.656,112.791,112.859,112.598,1216,1779669899.769,AUDJPY_otc
69,2026-05-25 00:45:00,112.791,112.742,112.885,112.719,1185,1779670799.027,AUDJPY_otc
69,2026-05-25 01:00:00,112.739,112.839,112.845,112.631,1223,1779671699.758,AUDJPY_otc
69,2026-05-25 01:15:00,112.839,113.013,113.115,112.827,1200,1779672598.572,AUDJPY_otc
69,2026-05-25 01:30:00,113.013,113.062,113.145,112.954,1221,1779673499.765,AUDJPY_otc
69,2026-05-25 01:45:00,113.062,112.866,113.097,112.788,1175,1779674399.988,AUDJPY_otc
69,2026-05-25 02:00:00,112.866,112.721,112.985,112.721,1193,1779675299.748,AUDJPY_otc
69,2026-05-25 02:15:00,112.726,112.753,112.921,112.704,1237,1779676199.024,AUDJPY_otc
69,2026-05-25 02:30:00,112.759,112.927,112.994,112.731,1238,1779677099.751,AUDJPY_otc
69,2026-05-25 02:45:00,112.927,113.021,113.021,112.778,1215,1779677999.5,AUDJPY_otc
69,2026-05-25 03:00:00,113.016,112.905,113.04,112.877,1202,1779678899.802,AUDJPY_otc
69,2026-05-25 03:15:00,112.905,112.956,112.984,112.835,1171,1779679799.554,AUDJPY_otc
69,2026-05-25 03:30:00,112.959,112.943,113.14,112.861,1237,1779680699.875,AUDJPY_otc
69,2026-05-25 03:45:00,112.945,112.778,112.969,112.772,1191,1779681599.599,AUDJPY_otc
69,2026-05-25 04:00:00,112.778,112.985,112.991,112.674,1170,1779682499.249,AUDJPY_otc
69,2026-05-25 04:15:00,112.985,112.712,113.043,112.708,1202,1779683399.917,AUDJPY_otc
69,2026-05-25 04:30:00,112.712,112.718,112.793,112.645,1215,1779684299.728,AUDJPY_otc
69,2026-05-25 04:45:00,112.722,112.754,112.775,112.581,1169,1779685199.98,AUDJPY_otc
69,2026-05-25 05:00:00,112.754,112.645,112.784,112.592,1214,1779686098.711,AUDJPY_otc
69,2026-05-25 05:15:00,112.641,112.559,112.831,112.522,1226,1779686999.595,AUDJPY_otc
69,2026-05-25 05:30:00,112.557,112.482,112.604,112.382,1235,1779687899.839,AUDJPY_otc
69,2026-05-25 05:45:00,112.482,112.377,112.491,112.308,1202,1779688799.196,AUDJPY_otc
69,2026-05-25 06:00:00,112.377,112.517,112.53,112.354,1216,1779689698.539,AUDJPY_otc
69,2026-05-25 06:15:00,112.515,112.47,112.599,112.419,1189,1779690598.948,AUDJPY_otc
69,2026-05-25 06:30:00,112.47,112.717,112.74,112.45,1205,1779691499.742,AUDJPY_otc
69,2026-05-25 06:45:00,112.717,112.817,112.89,112.706,1233,1779692399.554,AUDJPY_otc
69,2026-05-25 07:00:00,112.817,112.515,112.847,112.512,1230,1779693299.832,AUDJPY_otc
69,2026-05-25 07:15:00,112.515,112.282,112.55,112.249,1235,1779694199.661,AUDJPY_otc
69,2026-05-25 07:30:00,112.284,112.353,112.44,112.243,1190,1779695099.986,AUDJPY_otc
69,2026-05-25 07:45:00,112.349,112.307,112.566,112.251,1181,1779695999.268,AUDJPY_otc
69,2026-05-25 08:00:00,112.307,112.499,112.651,112.275,1210,1779696899.577,AUDJPY_otc
69,2026-05-25 08:15:00,112.499,112.548,112.594,112.44,1212,1779697799.824,AUDJPY_otc
69,2026-05-25 08:30:00,112.548,112.455,112.64,112.402,1218,1779698699.102,AUDJPY_otc
69,2026-05-25 08:45:00,112.457,112.537,112.585,112.37,1172,1779699599.884,AUDJPY_otc
69,2026-05-25 09:00:00,112.537,113.771,113.914,112.28,1214,1779700499.757,AUDJPY_otc
69,2026-05-25 09:15:00,113.771,113.806,113.844,113.68,1206,1779701399.465,AUDJPY_otc
69,2026-05-25 09:30:00,113.806,114.001,114.006,113.777,1182,1779702299.804,AUDJPY_otc
69,2026-05-25 09:45:00,114.001,114.234,114.351,113.968,1171,1779703199.69,AUDJPY_otc
69,2026-05-25 10:00:00,114.234,114.209,114.336,114.07,1223,1779704099.442,AUDJPY_otc
69,2026-05-25 10:15:00,114.216,113.956,114.225,113.956,1222,1779704999.801,AUDJPY_otc
69,2026-05-25 10:30:00,113.959,113.813,114.071,113.813,1214,1779705898.65,AUDJPY_otc
69,2026-05-25 10:45:00,113.817,113.885,113.929,113.665,1217,1779706799.974,AUDJPY_otc
69,2026-05-25 11:00:00,113.885,114.147,114.188,113.817,1212,1779707699.701,AUDJPY_otc
69,2026-05-25 11:15:00,114.147,114.134,114.269,114.117,1190,1779708599.918,AUDJPY_otc
69,2026-05-25 11:30:00,114.134,114.212,114.215,114.009,1203,1779709498.785,AUDJPY_otc
69,2026-05-25 11:45:00,114.212,114.404,114.475,114.183,1216,1779710399.066,AUDJPY_otc
69,2026-05-25 12:00:00,114.402,114.411,114.469,114.295,1154,1779711297.888,AUDJPY_otc
69,2026-05-25 12:15:00,114.408,114.461,114.591,114.373,1195,1779712199.148,AUDJPY_otc
69,2026-05-25 12:30:00,114.461,114.57,114.64,114.439,1205,1779713099.911,AUDJPY_otc
69,2026-05-25 12:45:00,114.57,114.643,114.746,114.544,1221,1779713999.77,AUDJPY_otc
69,2026-05-25 13:00:00,114.643,114.584,114.705,114.544,1184,1779714899.505,AUDJPY_otc
69,2026-05-25 13:15:00,114.58,114.547,114.751,114.371,1180,1779715799.794,AUDJPY_otc
69,2026-05-25 13:30:00,114.547,114.171,114.57,114.163,1208,1779716699.638,AUDJPY_otc
69,2026-05-25 13:45:00,114.176,113.984,114.24,113.954,1189,1779717599.896,AUDJPY_otc
69,2026-05-25 14:00:00,113.984,113.981,114.142,113.932,1161,1779718499.306,AUDJPY_otc
69,2026-05-25 14:15:00,113.981,114.062,114.091,113.863,1213,1779719399.013,AUDJPY_otc
69,2026-05-25 14:30:00,114.059,114.32,114.331,113.961,1190,1779720298.949,AUDJPY_otc
69,2026-05-25 14:45:00,114.317,114.652,114.657,114.305,1229,1779721198.743,AUDJPY_otc
69,2026-05-25 15:00:00,114.652,114.639,114.704,114.567,1152,1779722099.644,AUDJPY_otc
69,2026-05-25 15:15:00,114.636,115.017,115.052,114.601,1198,1779722999.452,AUDJPY_otc
69,2026-05-25 15:30:00,115.017,114.988,115.175,114.939,1210,1779723899.833,AUDJPY_otc
69,2026-05-25 15:45:00,114.988,114.906,115.095,114.883,1234,1779724799.622,AUDJPY_otc
69,2026-05-25 16:00:00,114.901,114.88,115.058,114.851,1203,1779725699.033,AUDJPY_otc
69,2026-05-25 16:15:00,114.879,114.912,115.028,114.853,1185,1779726598.803,AUDJPY_otc
69,2026-05-25 16:30:00,114.912,115.192,115.212,114.905,1215,1779727499.705,AUDJPY_otc
69,2026-05-25 16:45:00,115.192,115.154,115.307,115.101,1178,1779728399.539,AUDJPY_otc
69,2026-05-25 17:00:00,115.154,115.39,115.453,115.135,1196,1779729298.892,AUDJPY_otc
69,2026-05-25 17:15:00,115.39,115.375,115.429,115.152,1197,1779730199.231,AUDJPY_otc
69,2026-05-25 17:30:00,115.369,115.751,115.763,115.369,1217,1779731099.103,AUDJPY_otc
69,2026-05-25 17:45:00,115.751,115.754,115.829,115.572,1194,1779731998.788,AUDJPY_otc
69,2026-05-25 18:00:00,115.754,115.714,115.823,115.593,1194,1779732899.737,AUDJPY_otc
69,2026-05-25 18:15:00,115.711,115.833,115.865,115.599,1173,1779733799.966,AUDJPY_otc
69,2026-05-25 18:30:00,115.833,115.7,115.887,115.63,1186,1779734699.849,AUDJPY_otc
69,2026-05-25 18:45:00,115.7,115.921,115.95,115.629,1165,1779735599.665,AUDJPY_otc
69,2026-05-25 19:00:00,115.924,116.236,116.356,115.895,1173,1779736499.514,AUDJPY_otc
69,2026-05-25 19:15:00,116.233,116.338,116.348,116.124,1175,1779737399.828,AUDJPY_otc
69,2026-05-25 19:30:00,116.342,116.454,116.531,116.222,1173,1779738299.662,AUDJPY_otc
69,2026-05-25 19:45:00,116.454,116.746,116.76,116.431,1203,1779739199.908,AUDJPY_otc
69,2026-05-25 20:00:00,116.746,116.525,116.857,116.485,1226,1779740099.217,AUDJPY_otc
69,2026-05-25 20:15:00,116.525,116.577,116.628,116.479,1193,1779740999.528,AUDJPY_otc
69,2026-05-25 20:30:00,116.58,116.424,116.622,116.379,1205,1779741899.809,AUDJPY_otc
69,2026-05-25 20:45:00,116.439,116.555,116.596,116.39,1175,1779742799.575,AUDJPY_otc
69,2026-05-25 21:00:00,116.553,116.627,116.721,116.482,1176,1779743699.81,AUDJPY_otc
69,2026-05-25 21:15:00,116.627,116.533,116.631,116.384,1227,1779744598.998,AUDJPY_otc
69,2026-05-25 21:30:00,116.533,116.162,116.536,116.162,1182,1779745499.802,AUDJPY_otc
69,2026-05-25 21:45:00,116.162,116.378,116.378,116.136,1225,1779746398.559,AUDJPY_otc
69,2026-05-25 22:00:00,116.377,116.255,116.435,116.227,1199,1779747299.857,AUDJPY_otc
69,2026-05-25 22:15:00,116.255,116.388,116.41,116.255,1181,1779748199.198,AUDJPY_otc
69,2026-05-25 22:30:00,116.388,116.119,116.398,116.119,1193,1779749099.869,AUDJPY_otc
69,2026-05-25 22:45:00,116.119,116.479,116.505,116.094,1214,1779749999.673,AUDJPY_otc
69,2026-05-25 23:00:00,116.482,116.853,116.883,116.465,1215,1779750899.987,AUDJPY_otc
69,2026-05-25 23:15:00,116.853,116.82,116.999,116.77,1193,1779751799.693,AUDJPY_otc
69,2026-05-25 23:30:00,116.815,116.968,117.002,116.773,1208,1779752699.557,AUDJPY_otc
69,2026-05-25 23:45:00,116.968,116.704,117.026,116.696,1183,1779753599.754,AUDJPY_otc
69,2026-05-26 00:00:00,116.704,116.705,116.799,116.601,1193,1779754499.516,AUDJPY_otc
69,2026-05-26 00:15:00,116.724,116.755,116.91,116.72,1219,1779755399.848,AUDJPY_otc
69,2026-05-26 00:30:00,116.755,116.678,116.86,116.619,1220,1779756299.572,AUDJPY_otc
69,2026-05-26 00:45:00,116.678,116.749,116.781,116.606,1170,1779757199.901,AUDJPY_otc
69,2026-05-26 01:00:00,116.749,116.932,117.038,116.739,1212,1779758099.692,AUDJPY_otc
69,2026-05-26 01:15:00,116.932,117.013,117.17,116.9,1211,1779758999.871,AUDJPY_otc
69,2026-05-26 01:30:00,117.013,117.075,117.12,116.936,1201,1779759899.768,AUDJPY_otc
69,2026-05-26 01:45:00,117.073,117.009,117.111,116.832,1174,1779760798.944,AUDJPY_otc
69,2026-05-26 02:00:00,117.009,116.985,117.083,116.917,1214,1779761699.8,AUDJPY_otc
69,2026-05-26 02:15:00,116.985,117.136,117.288,116.955,1207,1779762599.642,AUDJPY_otc
69,2026-05-26 02:30:00,117.136,117.111,117.218,117.043,1204,1779763499.988,AUDJPY_otc
69,2026-05-26 02:45:00,117.111,117.219,117.29,117.111,1204,1779764399.8,AUDJPY_otc
69,2026-05-26 03:00:00,117.219,116.945,117.219,116.897,1202,1779765299.126,AUDJPY_otc
69,2026-05-26 03:15:00,116.942,116.694,116.957,116.694,1166,1779766199.917,AUDJPY_otc
69,2026-05-26 03:30:00,116.694,116.775,116.876,116.671,1188,1779767099.167,AUDJPY_otc
69,2026-05-26 03:45:00,116.775,116.929,116.929,116.753,1171,1779767998.972,AUDJPY_otc
69,2026-05-26 04:00:00,116.937,116.878,116.952,116.77,1185,1779768898.674,AUDJPY_otc
69,2026-05-26 04:15:00,116.87,116.832,116.947,116.806,1193,1779769799.919,AUDJPY_otc
69,2026-05-26 04:30:00,116.832,116.734,116.852,116.69,1189,1779770699.778,AUDJPY_otc
69,2026-05-26 04:45:00,116.734,116.932,116.973,116.707,1194,1779771598.497,AUDJPY_otc
69,2026-05-26 05:00:00,116.927,117.26,117.297,116.888,1201,1779772499.791,AUDJPY_otc
69,2026-05-26 05:15:00,117.242,117.375,117.375,117.178,1163,1779773399.588,AUDJPY_otc
69,2026-05-26 05:30:00,117.372,117.285,117.375,117.135,1181,1779774299.447,AUDJPY_otc
69,2026-05-26 05:45:00,117.285,117.505,117.628,117.252,1189,1779775199.812,AUDJPY_otc
69,2026-05-26 06:00:00,117.505,117.467,117.596,117.467,1203,1779776099.615,AUDJPY_otc
69,2026-05-26 06:15:00,117.467,117.401,117.534,117.275,1213,1779776999.388,AUDJPY_otc
69,2026-05-26 06:30:00,117.403,117.193,117.429,117.185,1218,1779777899.144,AUDJPY_otc
69,2026-05-26 06:45:00,117.198,117.213,117.321,117.175,1219,1779778799.979,AUDJPY_otc
69,2026-05-26 07:00:00,117.213,117.412,117.439,117.197,1183,1779779699.258,AUDJPY_otc
69,2026-05-26 07:15:00,117.412,117.665,117.728,117.327,1215,1779780599.688,AUDJPY_otc
69,2026-05-26 07:30:00,117.665,117.232,117.695,117.217,1186,1779781498.947,AUDJPY_otc
69,2026-05-26 07:45:00,117.235,117.256,117.348,117.193,1206,1779782399.854,AUDJPY_otc
69,2026-05-26 08:00:00,117.252,117.531,117.531,117.212,1227,1779783298.089,AUDJPY_otc
69,2026-05-26 08:15:00,117.524,117.48,117.529,117.348,1208,1779784199.516,AUDJPY_otc
69,2026-05-26 08:30:00,117.477,117.553,117.695,117.467,1191,1779785099.757,AUDJPY_otc
69,2026-05-26 08:45:00,117.553,117.596,117.663,117.511,1170,1779785999.035,AUDJPY_otc
69,2026-05-26 09:00:00,117.596,117.79,117.869,117.536,1200,1779786899.846,AUDJPY_otc
69,2026-05-26 09:15:00,117.783,117.876,117.908,117.702,1157,1779787799.662,AUDJPY_otc
69,2026-05-26 09:30:00,117.88,117.951,118.109,117.863,1222,1779788699.013,AUDJPY_otc
69,2026-05-26 09:45:00,117.949,117.773,117.961,117.683,1164,1779789599.353,AUDJPY_otc
69,2026-05-26 10:00:00,117.773,117.567,117.796,117.48,1188,1779790496.667,AUDJPY_otc
69,2026-05-26 10:15:00,117.567,117.521,117.657,117.494,1163,1779791399.497,AUDJPY_otc
69,2026-05-26 10:30:00,117.521,117.471,117.622,117.458,1202,1779792299.873,AUDJPY_otc
69,2026-05-26 10:45:00,117.471,117.561,117.599,117.278,1202,1779793199.699,AUDJPY_otc
69,2026-05-26 11:00:00,117.561,117.395,117.589,117.377,1191,1779794099.927,AUDJPY_otc
69,2026-05-26 11:15:00,117.395,117.244,117.528,117.15,1200,1779794999.197,AUDJPY_otc
69,2026-05-26 11:30:00,117.232,116.989,117.324,116.982,1189,1779795899.551,AUDJPY_otc
69,2026-05-26 11:45:00,116.989,116.944,117.116,116.913,1193,1779796799.917,AUDJPY_otc
69,2026-05-26 12:00:00,116.944,116.78,117.001,116.627,1203,1779797699.215,AUDJPY_otc
69,2026-05-26 12:15:00,116.777,117.012,117.02,116.669,1190,1779798599.541,AUDJPY_otc
69,2026-05-26 12:30:00,117.006,117.076,117.156,117.004,1219,1779799499.867,AUDJPY_otc
69,2026-05-26 12:45:00,117.062,116.901,117.119,116.811,1202,1779800399.775,AUDJPY_otc
69,2026-05-26 13:00:00,116.901,117.15,117.182,116.878,1218,1779801299.533,AUDJPY_otc
69,2026-05-26 13:15:00,117.15,117.058,117.231,117.011,1186,1779802199.931,AUDJPY_otc
69,2026-05-26 13:30:00,117.058,117.338,117.353,117.013,1216,1779803099.698,AUDJPY_otc
69,2026-05-26 13:45:00,117.344,117.323,117.408,117.203,1213,1779803999.107,AUDJPY_otc
69,2026-05-26 14:00:00,117.323,117.445,117.447,117.239,1201,1779804899.403,AUDJPY_otc
69,2026-05-26 14:15:00,117.448,117.666,117.7,117.399,1205,1779805799.821,AUDJPY_otc
69,2026-05-26 14:30:00,117.666,117.605,117.742,117.588,1193,1779806699.088,AUDJPY_otc
69,2026-05-26 14:45:00,117.599,117.794,117.808,117.513,1169,1779807599.503,AUDJPY_otc
69,2026-05-26 15:00:00,117.794,117.706,117.819,117.577,1176,1779808499.817,AUDJPY_otc
69,2026-05-26 15:15:00,117.706,117.422,117.807,117.41,1200,1779809399.716,AUDJPY_otc
69,2026-05-26 15:30:00,117.422,117.449,117.557,117.422,1216,1779810299.007,AUDJPY_otc
69,2026-05-26 15:45:00,117.449,117.372,117.529,117.256,1239,1779811199.907,AUDJPY_otc
69,2026-05-26 16:00:00,117.372,117.477,117.582,117.331,1188,1779812099.25,AUDJPY_otc
69,2026-05-26 16:15:00,117.477,117.116,117.489,117.083,1213,1779812999.627,AUDJPY_otc
69,2026-05-26 16:30:00,117.116,117.075,117.149,116.9,1176,1779813899.553,AUDJPY_otc
69,2026-05-26 16:45:00,117.08,117.027,117.249,117.0,1220,1779814799.842,AUDJPY_otc
69,2026-05-26 17:00:00,117.036,117.103,117.15,116.93,1216,1779815699.261,AUDJPY_otc
69,2026-05-26 17:15:00,117.103,116.869,117.106,116.818,1201,1779816599.048,AUDJPY_otc
69,2026-05-26 17:30:00,116.869,116.956,116.999,116.728,1216,1779817499.0,AUDJPY_otc
69,2026-05-26 17:45:00,116.959,116.772,117.026,116.765,1171,1779818399.764,AUDJPY_otc
69,2026-05-26 18:00:00,116.772,116.944,116.958,116.582,1188,1779819299.067,AUDJPY_otc
69,2026-05-26 18:15:00,116.944,116.829,116.966,116.734,1202,1779820199.873,AUDJPY_otc
69,2026-05-26 18:30:00,116.829,116.885,116.885,116.694,1154,1779821099.664,AUDJPY_otc
69,2026-05-26 18:45:00,116.883,117.042,117.042,116.813,1206,1779821998.487,AUDJPY_otc
69,2026-05-26 19:00:00,117.042,116.822,117.102,116.777,1203,1779822899.76,AUDJPY_otc
69,2026-05-26 19:15:00,116.822,116.942,116.99,116.722,1192,1779823799.519,AUDJPY_otc
69,2026-05-26 19:30:00,116.942,116.599,116.976,116.531,1194,1779824699.395,AUDJPY_otc
69,2026-05-26 19:45:00,116.599,116.362,116.663,116.349,1214,1779825598.659,AUDJPY_otc
69,2026-05-26 20:00:00,116.364,116.104,116.37,116.01,1208,1779826498.998,AUDJPY_otc
69,2026-05-26 20:15:00,116.104,116.109,116.169,116.002,1217,1779827399.266,AUDJPY_otc
69,2026-05-26 20:30:00,116.105,116.011,116.259,116.009,1193,1779828299.07,AUDJPY_otc
69,2026-05-26 20:45:00,116.011,115.911,116.037,115.858,1195,1779829199.386,AUDJPY_otc
69,2026-05-26 21:00:00,115.911,115.918,116.097,115.888,1216,1779830099.097,AUDJPY_otc
69,2026-05-26 21:15:00,115.918,115.636,115.936,115.584,1180,1779830999.83,AUDJPY_otc
69,2026-05-26 21:30:00,115.626,115.69,115.827,115.564,1226,1779831899.132,AUDJPY_otc
69,2026-05-26 21:45:00,115.687,115.964,115.988,115.679,1155,1779832799.847,AUDJPY_otc
69,2026-05-26 22:00:00,115.964,115.809,116.012,115.792,1209,1779833699.234,AUDJPY_otc
69,2026-05-26 22:15:00,115.809,115.629,115.893,115.585,1213,1779834599.521,AUDJPY_otc
69,2026-05-26 22:30:00,115.629,115.442,115.662,115.374,1231,1779835499.841,AUDJPY_otc
69,2026-05-26 22:45:00,115.442,115.243,115.548,115.194,1179,1779836399.679,AUDJPY_otc
69,2026-05-26 23:00:00,115.243,115.123,115.321,115.067,1213,1779837299.549,AUDJPY_otc
69,2026-05-26 23:15:00,115.123,114.761,115.151,114.708,1203,1779838199.813,AUDJPY_otc
69,2026-05-26 23:30:00,114.761,114.651,114.827,114.651,1178,1779839099.603,AUDJPY_otc
69,2026-05-26 23:45:00,114.651,114.567,114.713,114.495,1163,1779839999.864,AUDJPY_otc
69,2026-05-27 00:00:00,114.567,114.298,114.596,114.25,1173,1779840898.501,AUDJPY_otc
69,2026-05-27 00:15:00,114.298,114.121,114.304,114.053,1193,1779841798.263,AUDJPY_otc
69,2026-05-27 00:30:00,114.121,114.052,114.165,113.94,1206,1779842699.052,AUDJPY_otc
69,2026-05-27 00:45:00,114.052,114.233,114.263,113.957,1226,1779843599.831,AUDJPY_otc
69,2026-05-27 01:00:00,114.233,114.329,114.332,114.175,1218,1779844499.728,AUDJPY_otc
69,2026-05-27 01:15:00,114.329,114.222,114.421,114.21,1223,1779845399.404,AUDJPY_otc
69,2026-05-27 01:30:00,114.219,114.125,114.328,114.092,1241,1779846298.648,AUDJPY_otc
69,2026-05-27 01:45:00,114.129,114.087,114.263,114.027,1180,1779847199.917,AUDJPY_otc
69,2026-05-27 02:00:00,114.087,114.405,114.431,113.964,1184,1779848099.699,AUDJPY_otc
69,2026-05-27 02:15:00,114.405,114.397,114.486,114.339,1200,1779848999.955,AUDJPY_otc
69,2026-05-27 02:30:00,114.397,114.306,114.534,114.263,1195,1779849899.802,AUDJPY_otc
69,2026-05-27 02:45:00,114.306,114.156,114.42,114.151,1203,1779850799.537,AUDJPY_otc
69,2026-05-27 03:00:00,114.159,114.451,114.541,114.159,1184,1779851699.83,AUDJPY_otc
69,2026-05-27 03:15:00,114.451,114.621,114.651,114.344,1185,1779852599.677,AUDJPY_otc
69,2026-05-27 03:30:00,114.621,114.726,114.82,114.579,1190,1779853499.566,AUDJPY_otc
69,2026-05-27 03:45:00,114.723,114.902,114.977,114.702,1184,1779854399.373,AUDJPY_otc
69,2026-05-27 04:00:00,114.906,114.921,115.005,114.803,1181,1779855299.64,AUDJPY_otc
69,2026-05-27 04:15:00,114.921,115.129,115.273,114.919,1192,1779856199.504,AUDJPY_otc
69,2026-05-27 04:30:00,115.127,114.982,115.156,114.958,1184,1779857099.747,AUDJPY_otc
69,2026-05-27 04:45:00,114.982,114.931,115.054,114.91,1174,1779857999.044,AUDJPY_otc
69,2026-05-27 05:00:00,114.931,115.112,115.172,114.855,1201,1779858899.802,AUDJPY_otc
69,2026-05-27 05:15:00,115.112,115.212,115.239,115.004,1189,1779859799.695,AUDJPY_otc
69,2026-05-27 05:30:00,115.212,115.188,115.263,115.063,1177,1779860699.044,AUDJPY_otc
69,2026-05-27 05:45:00,115.188,115.034,115.204,114.964,1208,1779861599.311,AUDJPY_otc
69,2026-05-27 06:00:00,115.034,115.131,115.251,115.007,1166,1779862499.181,AUDJPY_otc
69,2026-05-27 06:15:00,115.133,115.26,115.349,115.038,1224,1779863399.959,AUDJPY_otc
69,2026-05-27 06:30:00,115.26,115.105,115.293,115.078,1176,1779864299.841,AUDJPY_otc
69,2026-05-27 06:45:00,115.105,115.364,115.389,115.052,1184,1779865199.594,AUDJPY_otc
69,2026-05-27 07:00:00,115.366,115.476,115.522,115.347,1223,1779866099.377,AUDJPY_otc
69,2026-05-27 07:15:00,115.473,115.492,115.549,115.359,1205,1779866999.21,AUDJPY_otc
69,2026-05-27 07:30:00,115.492,115.451,115.597,115.399,1183,1779867898.7,AUDJPY_otc
69,2026-05-27 07:45:00,115.451,115.371,115.486,115.332,1203,1779868799.977,AUDJPY_otc
69,2026-05-27 08:00:00,115.371,115.364,115.453,115.181,1230,1779869699.845,AUDJPY_otc
69,2026-05-27 08:15:00,115.364,115.36,115.45,115.292,1215,1779870599.6,AUDJPY_otc
69,2026-05-27 08:30:00,115.36,115.386,115.4,115.232,1224,1779871499.917,AUDJPY_otc
69,2026-05-27 08:45:00,115.386,115.575,115.58,115.334,1207,1779872399.766,AUDJPY_otc
69,2026-05-27 09:00:00,115.584,115.411,115.698,115.405,1202,1779873299.609,AUDJPY_otc
69,2026-05-27 09:15:00,115.413,115.375,115.478,115.273,1228,1779874199.841,AUDJPY_otc
69,2026-05-27 09:30:00,115.375,115.343,115.456,115.238,1170,1779875099.18,AUDJPY_otc
69,2026-05-27 09:45:00,115.343,115.384,115.542,115.283,1186,1779875999.581,AUDJPY_otc
69,2026-05-27 10:00:00,115.384,115.479,115.623,115.332,1159,1779876899.912,AUDJPY_otc
69,2026-05-27 10:15:00,115.479,115.528,115.639,115.454,1185,1779877799.792,AUDJPY_otc
69,2026-05-27 10:30:00,115.526,115.617,115.666,115.491,1211,1779878699.609,AUDJPY_otc
69,2026-05-27 10:45:00,115.615,115.723,115.836,115.612,1230,1779879599.856,AUDJPY_otc
69,2026-05-27 11:00:00,115.723,115.655,115.865,115.635,1185,1779880499.207,AUDJPY_otc
69,2026-05-27 11:15:00,115.655,115.451,115.698,115.409,1200,1779881399.586,AUDJPY_otc
69,2026-05-27 11:30:00,115.447,115.335,115.452,115.148,1210,1779882298.372,AUDJPY_otc
69,2026-05-27 11:45:00,115.335,115.312,115.474,115.221,1231,1779883199.645,AUDJPY_otc
69,2026-05-27 12:00:00,115.308,115.352,115.393,115.212,1206,1779884099.978,AUDJPY_otc
69,2026-05-27 12:15:00,115.352,115.034,115.365,115.012,1166,1779884999.194,AUDJPY_otc
69,2026-05-27 12:30:00,115.034,114.938,115.097,114.878,1221,1779885899.603,AUDJPY_otc
69,2026-05-27 12:45:00,114.931,114.979,115.015,114.818,1196,1779886799.889,AUDJPY_otc
69,2026-05-27 13:00:00,114.977,114.766,114.997,114.655,1148,1779887699.751,AUDJPY_otc
69,2026-05-27 13:15:00,114.769,114.623,114.818,114.573,1194,1779888599.543,AUDJPY_otc
69,2026-05-27 13:30:00,114.625,114.728,114.919,114.574,1188,1779889499.77,AUDJPY_otc
69,2026-05-27 13:45:00,114.728,114.745,114.887,114.676,1228,1779890399.5,AUDJPY_otc
69,2026-05-27 14:00:00,114.742,114.81,114.921,114.713,1213,1779891299.845,AUDJPY_otc
69,2026-05-27 14:15:00,114.806,114.812,114.867,114.71,1190,1779892199.566,AUDJPY_otc
69,2026-05-27 14:30:00,114.812,115.091,115.102,114.786,1167,1779893098.984,AUDJPY_otc
69,2026-05-27 14:45:00,115.091,115.109,115.382,115.058,1209,1779893998.782,AUDJPY_otc
69,2026-05-27 15:00:00,115.105,114.686,115.121,114.686,1195,1779894899.609,AUDJPY_otc
69,2026-05-27 15:15:00,114.688,114.774,114.838,114.672,1198,1779895799.958,AUDJPY_otc
69,2026-05-27 15:30:00,114.774,114.834,114.952,114.757,1206,1779896699.81,AUDJPY_otc
69,2026-05-27 15:45:00,114.834,115.025,115.064,114.686,1176,1779897599.629,AUDJPY_otc
69,2026-05-27 16:00:00,115.021,114.955,115.067,114.856,1201,1779898499.498,AUDJPY_otc
69,2026-05-27 16:15:00,114.952,114.919,115.03,114.852,1212,1779899399.871,AUDJPY_otc
69,2026-05-27 16:30:00,114.919,114.9,114.94,114.784,1195,1779900299.276,AUDJPY_otc
69,2026-05-27 16:45:00,114.902,114.853,114.973,114.764,1181,1779901199.033,AUDJPY_otc
69,2026-05-27 17:00:00,114.856,114.548,114.856,114.548,1214,1779902099.852,AUDJPY_otc
69,2026-05-27 17:15:00,114.548,114.699,114.722,114.501,1201,1779902999.227,AUDJPY_otc
69,2026-05-27 17:30:00,114.699,114.577,114.758,114.542,1207,1779903899.491,AUDJPY_otc
69,2026-05-27 17:45:00,114.575,114.615,114.797,114.458,1213,1779904799.932,AUDJPY_otc
69,2026-05-27 18:00:00,114.615,114.485,114.678,114.44,1230,1779905699.696,AUDJPY_otc
69,2026-05-27 18:15:00,114.485,114.141,114.6,114.096,1198,1779906599.973,AUDJPY_otc
69,2026-05-27 18:30:00,114.141,114.118,114.251,114.065,1190,1779907499.281,AUDJPY_otc
69,2026-05-27 18:45:00,114.118,114.096,114.191,114.015,1202,1779908399.571,AUDJPY_otc
69,2026-05-27 19:00:00,114.094,114.29,114.363,114.081,1188,1779909299.4,AUDJPY_otc
69,2026-05-27 19:15:00,114.29,114.023,114.343,113.978,1172,1779910199.144,AUDJPY_otc
69,2026-05-27 19:30:00,114.021,114.108,114.231,114.021,1182,1779911099.533,AUDJPY_otc
69,2026-05-27 19:45:00,114.105,113.9,114.192,113.86,1227,1779911999.753,AUDJPY_otc
69,2026-05-27 20:00:00,113.906,113.668,113.994,113.662,1186,1779912899.684,AUDJPY_otc
69,2026-05-27 20:15:00,113.668,113.846,113.873,113.532,1203,1779913799.952,AUDJPY_otc
69,2026-05-27 20:30:00,113.846,113.924,114.036,113.804,1181,1779914699.253,AUDJPY_otc
69,2026-05-27 20:45:00,113.933,114.006,114.074,113.917,1215,1779915599.03,AUDJPY_otc
69,2026-05-27 21:00:00,114.008,113.522,114.032,113.496,1192,1779916499.758,AUDJPY_otc
69,2026-05-27 21:15:00,113.523,113.292,113.549,113.267,1226,1779917399.555,AUDJPY_otc
69,2026-05-27 21:30:00,113.29,113.159,113.361,113.077,1189,1779918299.717,AUDJPY_otc
69,2026-05-27 21:45:00,113.159,113.16,113.21,113.064,1211,1779919199.917,AUDJPY_otc
69,2026-05-27 22:00:00,113.16,113.248,113.367,113.114,1229,1779920099.27,AUDJPY_otc
69,2026-05-27 22:15:00,113.248,113.142,113.351,113.082,1242,1779920999.447,AUDJPY_otc
69,2026-05-27 22:30:00,113.138,113.196,113.313,113.107,1210,1779921898.102,AUDJPY_otc
69,2026-05-27 22:45:00,113.196,113.56,113.614,113.194,1166,1779922798.298,AUDJPY_otc
69,2026-05-27 23:00:00,113.56,113.626,113.687,113.544,1185,1779923699.623,AUDJPY_otc
69,2026-05-27 23:15:00,113.619,113.494,113.734,113.49,1233,1779924599.833,AUDJPY_otc
69,2026-05-27 23:30:00,113.494,113.449,113.523,113.337,1213,1779925499.632,AUDJPY_otc
69,2026-05-27 23:45:00,113.441,113.623,113.664,113.404,1201,1779926399.857,AUDJPY_otc
69,2026-05-28 00:00:00,113.625,113.404,113.705,113.357,1202,1779927299.64,AUDJPY_otc
69,2026-05-28 00:15:00,113.408,113.313,113.471,113.252,1196,1779928199.922,AUDJPY_otc
69,2026-05-28 00:30:00,113.313,113.326,113.505,113.283,1187,1779929099.669,AUDJPY_otc
69,2026-05-28 00:45:00,113.326,113.156,113.393,113.077,1185,1779929999.889,AUDJPY_otc
69,2026-05-28 01:00:00,113.156,112.927,113.168,112.895,1202,1779930899.654,AUDJPY_otc
69,2026-05-28 01:15:00,112.927,112.963,113.126,112.927,1179,1779931799.346,AUDJPY_otc
69,2026-05-28 01:30:00,112.963,112.653,112.966,112.601,1213,1779932699.18,AUDJPY_otc
69,2026-05-28 01:45:00,112.653,112.603,112.715,112.523,1214,1779933598.943,AUDJPY_otc
69,2026-05-28 02:00:00,112.608,112.58,112.717,112.525,1206,1779934499.206,AUDJPY_otc
69,2026-05-28 02:15:00,112.58,112.635,112.742,112.522,1157,1779935399.515,AUDJPY_otc
69,2026-05-28 02:30:00,112.632,112.597,112.722,112.473,1164,1779936299.228,AUDJPY_otc
69,2026-05-28 02:45:00,112.597,112.598,112.627,112.494,1191,1779937199.494,AUDJPY_otc
69,2026-05-28 03:00:00,112.6,112.687,112.695,112.464,1202,1779938099.748,AUDJPY_otc
69,2026-05-28 03:15:00,112.687,112.735,112.764,112.475,1205,1779938999.448,AUDJPY_otc
69,2026-05-28 03:30:00,112.735,112.841,112.856,112.679,1193,1779939899.747,AUDJPY_otc
69,2026-05-28 03:45:00,112.843,112.779,112.898,112.754,1197,1779940799.993,AUDJPY_otc
69,2026-05-28 04:00:00,112.779,112.409,112.781,112.406,1179,1779941698.279,AUDJPY_otc
69,2026-05-28 04:15:00,112.407,112.382,112.414,112.234,1175,1779942599.644,AUDJPY_otc
69,2026-05-28 04:30:00,112.382,112.324,112.389,112.259,1191,1779943499.883,AUDJPY_otc
69,2026-05-28 04:45:00,112.322,112.482,112.503,112.26,1254,1779944399.273,AUDJPY_otc
69,2026-05-28 05:00:00,112.485,112.546,112.633,112.317,1195,1779945299.558,AUDJPY_otc
69,2026-05-28 05:15:00,112.546,112.669,112.789,112.543,1188,1779946199.912,AUDJPY_otc
69,2026-05-28 05:30:00,112.673,112.491,112.684,112.482,1212,1779947099.177,AUDJPY_otc
69,2026-05-28 05:45:00,112.485,112.634,112.688,112.473,1197,1779947999.506,AUDJPY_otc
69,2026-05-28 06:00:00,112.634,112.663,112.695,112.518,1224,1779948899.344,AUDJPY_otc
69,2026-05-28 06:15:00,112.663,112.623,112.71,112.535,1194,1779949799.789,AUDJPY_otc
69,2026-05-28 06:30:00,112.623,112.689,112.793,112.598,1210,1779950699.084,AUDJPY_otc
69,2026-05-28 06:45:00,112.689,112.583,112.693,112.454,1163,1779951599.969,AUDJPY_otc
69,2026-05-28 07:00:00,112.583,112.522,112.684,112.466,1175,1779952499.785,AUDJPY_otc
69,2026-05-28 07:15:00,112.522,112.474,112.569,112.393,1152,1779953399.138,AUDJPY_otc
69,2026-05-28 07:30:00,112.477,112.496,112.63,112.439,1216,1779954299.905,AUDJPY_otc
69,2026-05-28 07:45:00,112.496,112.509,112.642,112.369,1206,1779955199.299,AUDJPY_otc
69,2026-05-28 08:00:00,112.509,112.545,112.652,112.386,1186,1779956099.515,AUDJPY_otc
69,2026-05-28 08:15:00,112.543,112.591,112.636,112.458,1161,1779956999.89,AUDJPY_otc
69,2026-05-28 08:30:00,112.591,112.279,112.645,112.225,1194,1779957899.709,AUDJPY_otc
69,2026-05-28 08:45:00,112.283,112.4,112.41,112.156,1206,1779958798.893,AUDJPY_otc
69,2026-05-28 09:00:00,112.402,112.34,112.565,112.337,1169,1779959699.708,AUDJPY_otc
69,2026-05-28 09:15:00,112.338,112.342,112.428,112.218,1194,1779960599.56,AUDJPY_otc
69,2026-05-28 09:30:00,112.355,112.355,112.462,112.151,1228,1779961499.875,AUDJPY_otc
69,2026-05-28 09:45:00,112.355,112.405,112.487,112.258,1177,1779962399.699,AUDJPY_otc
69,2026-05-28 10:00:00,112.405,112.337,112.429,112.255,1209,1779963299.512,AUDJPY_otc
69,2026-05-28 10:15:00,112.335,112.405,112.52,112.292,1166,1779964199.744,AUDJPY_otc
69,2026-05-28 10:30:00,112.403,112.242,112.472,112.128,1222,1779965099.067,AUDJPY_otc
69,2026-05-28 10:45:00,112.239,112.105,112.282,112.072,1197,1779965999.844,AUDJPY_otc
69,2026-05-28 11:00:00,112.105,112.034,112.166,112.006,1184,1779966899.61,AUDJPY_otc
69,2026-05-28 11:15:00,112.034,112.335,112.374,111.95,1200,1779967799.939,AUDJPY_otc
69,2026-05-28 11:30:00,112.338,112.186,112.339,112.132,1205,1779968699.671,AUDJPY_otc
69,2026-05-28 11:45:00,112.189,112.27,112.33,112.122,1196,1779969599.909,AUDJPY_otc
69,2026-05-28 12:00:00,112.27,112.218,112.314,112.144,1206,1779970499.8,AUDJPY_otc
69,2026-05-28 12:15:00,112.218,111.903,112.276,111.894,1197,1779971399.083,AUDJPY_otc
69,2026-05-28 12:30:00,111.901,112.234,112.274,111.852,1185,1779972299.303,AUDJPY_otc
69,2026-05-28 12:45:00,112.236,112.542,112.546,112.163,1214,1779973198.667,AUDJPY_otc
69,2026-05-28 13:00:00,112.548,112.819,112.819,112.421,1178,1779974099.478,AUDJPY_otc
69,2026-05-28 13:15:00,112.819,112.675,112.856,112.668,1252,1779974998.317,AUDJPY_otc
69,2026-05-28 13:30:00,112.675,112.789,112.789,112.629,1220,1779975899.612,AUDJPY_otc
69,2026-05-28 13:45:00,112.789,112.702,112.828,112.607,1217,1779976799.998,AUDJPY_otc
69,2026-05-28 14:00:00,112.705,112.851,112.861,112.664,1204,1779977699.399,AUDJPY_otc
69,2026-05-28 14:15:00,112.851,112.841,113.052,112.819,1206,1779978599.753,AUDJPY_otc
69,2026-05-28 14:30:00,112.857,112.737,112.884,112.682,1189,1779979499.132,AUDJPY_otc
69,2026-05-28 14:45:00,112.737,112.699,112.832,112.668,1221,1779980399.918,AUDJPY_otc
69,2026-05-28 15:00:00,112.699,112.574,112.715,112.479,1221,1779981298.661,AUDJPY_otc
69,2026-05-28 15:15:00,112.574,112.609,112.764,112.532,1168,1779982199.514,AUDJPY_otc
69,2026-05-28 15:30:00,112.611,112.518,112.672,112.498,1202,1779983099.789,AUDJPY_otc
69,2026-05-28 15:45:00,112.522,112.681,112.681,112.47,1206,1779983999.729,AUDJPY_otc
69,2026-05-28 16:00:00,112.684,112.794,112.942,112.662,1172,1779984899.542,AUDJPY_otc
69,2026-05-28 16:15:00,112.782,112.714,112.784,112.565,1237,1779985799.984,AUDJPY_otc
69,2026-05-28 16:30:00,112.714,112.677,112.778,112.631,1189,1779986699.233,AUDJPY_otc
69,2026-05-28 16:45:00,112.677,112.609,112.745,112.525,1201,1779987599.7,AUDJPY_otc
69,2026-05-28 17:00:00,112.599,112.462,112.703,112.44,1214,1779988499.454,AUDJPY_otc
69,2026-05-28 17:15:00,112.462,112.581,112.616,112.449,1223,1779989399.817,AUDJPY_otc
69,2026-05-28 17:30:00,112.565,112.351,112.57,112.251,1194,1779990299.613,AUDJPY_otc
69,2026-05-28 17:45:00,112.351,112.458,112.494,112.205,1190,1779991198.882,AUDJPY_otc
69,2026-05-28 18:00:00,112.458,112.514,112.523,112.347,1228,1779992099.796,AUDJPY_otc
69,2026-05-28 18:15:00,112.514,112.568,112.568,112.29,1211,1779992999.166,AUDJPY_otc
69,2026-05-28 18:30:00,112.571,112.909,112.915,112.552,1211,1779993899.512,AUDJPY_otc
69,2026-05-28 18:45:00,112.906,112.981,113.089,112.906,1201,1779994798.293,AUDJPY_otc
69,2026-05-28 19:00:00,112.984,112.721,113.008,112.7,1188,1779995699.655,AUDJPY_otc
69,2026-05-28 19:15:00,112.721,112.889,113.073,112.695,1183,1779996599.882,AUDJPY_otc
69,2026-05-28 19:30:00,112.889,112.877,112.974,112.785,1190,1779997498.707,AUDJPY_otc
69,2026-05-28 19:45:00,112.877,113.083,113.134,112.784,1193,1779998397.06,AUDJPY_otc
69,2026-05-28 20:00:00,113.086,113.096,113.156,112.909,1187,1779999299.966,AUDJPY_otc
69,2026-05-28 20:15:00,113.096,113.17,113.215,113.047,1196,1780000199.183,AUDJPY_otc
69,2026-05-28 20:30:00,113.167,113.043,113.293,113.024,1205,1780001099.044,AUDJPY_otc
69,2026-05-28 20:45:00,113.04,112.909,113.051,112.831,1213,1780001999.799,AUDJPY_otc
69,2026-05-28 21:00:00,112.909,113.255,113.286,112.863,1186,1780002899.519,AUDJPY_otc
69,2026-05-28 21:15:00,113.253,113.317,113.476,113.251,1177,1780003799.721,AUDJPY_otc
69,2026-05-28 21:30:00,113.319,113.307,113.494,113.264,1217,1780004699.996,AUDJPY_otc
69,2026-05-28 21:45:00,113.307,113.743,113.749,113.307,1205,1780005598.26,AUDJPY_otc
69,2026-05-28 22:00:00,113.743,113.915,113.947,113.736,1168,1780006499.1,AUDJPY_otc
69,2026-05-28 22:15:00,113.915,113.839,113.953,113.702,1209,1780007398.899,AUDJPY_otc
69,2026-05-28 22:30:00,113.845,113.633,113.845,113.622,1196,1780008299.684,AUDJPY_otc
69,2026-05-28 22:45:00,113.633,113.607,113.756,113.547,1190,1780009199.992,AUDJPY_otc
69,2026-05-28 23:00:00,113.607,113.761,113.873,113.586,1162,1780010099.685,AUDJPY_otc
69,2026-05-28 23:15:00,113.757,113.907,113.922,113.729,1187,1780010999.973,AUDJPY_otc
69,2026-05-28 23:30:00,113.907,113.635,113.928,113.561,1180,1780011899.756,AUDJPY_otc
69,2026-05-28 23:45:00,113.635,113.747,113.905,113.621,1199,1780012799.534,AUDJPY_otc
69,2026-05-29 00:00:00,113.747,113.766,113.857,113.599,1203,1780013699.859,AUDJPY_otc
69,2026-05-29 00:15:00,113.763,113.696,113.847,113.664,1186,1780014599.577,AUDJPY_otc
69,2026-05-29 00:30:00,113.696,113.544,113.705,113.46,1206,1780015498.886,AUDJPY_otc
69,2026-05-29 00:45:00,113.544,113.507,113.56,113.403,1196,1780016399.613,AUDJPY_otc
69,2026-05-29 01:00:00,113.507,113.552,113.653,113.345,1211,1780017299.846,AUDJPY_otc
69,2026-05-29 01:15:00,113.552,113.627,113.709,113.529,1186,1780018199.68,AUDJPY_otc
69,2026-05-29 01:30:00,113.625,113.328,113.831,113.321,1239,1780019099.898,AUDJPY_otc
69,2026-05-29 01:45:00,113.328,113.3,113.398,113.189,1185,1780019999.679,AUDJPY_otc
69,2026-05-29 02:00:00,113.296,113.293,113.422,113.241,1197,1780020899.947,AUDJPY_otc
69,2026-05-29 02:15:00,113.293,113.293,113.378,113.181,1228,1780021799.743,AUDJPY_otc
69,2026-05-29 02:30:00,113.293,113.269,113.316,113.162,1198,1780022699.482,AUDJPY_otc
69,2026-05-29 02:45:00,113.266,113.443,113.469,113.266,1195,1780023599.65,AUDJPY_otc
69,2026-05-29 03:00:00,113.445,113.47,113.568,113.394,1186,1780024499.944,AUDJPY_otc
69,2026-05-29 03:15:00,113.47,113.567,113.593,113.406,1220,1780025399.351,AUDJPY_otc
69,2026-05-29 03:30:00,113.567,113.783,113.849,113.539,1188,1780026299.57,AUDJPY_otc
69,2026-05-29 03:45:00,113.78,113.821,113.96,113.762,1195,1780027199.92,AUDJPY_otc
69,2026-05-29 04:00:00,113.818,113.656,113.824,113.575,1192,1780028099.199,AUDJPY_otc
69,2026-05-29 04:15:00,113.656,113.783,113.869,113.656,1199,1780028999.943,AUDJPY_otc
69,2026-05-29 04:30:00,113.783,113.885,113.891,113.65,1180,1780029899.729,AUDJPY_otc
69,2026-05-29 04:45:00,113.881,114.111,114.123,113.869,1185,1780030799.525,AUDJPY_otc
69,2026-05-29 05:00:00,114.111,114.189,114.301,114.014,1198,1780031699.866,AUDJPY_otc
69,2026-05-29 05:15:00,114.189,114.305,114.34,114.157,1192,1780032599.724,AUDJPY_otc
69,2026-05-29 05:30:00,114.307,114.219,114.366,114.125,1180,1780033499.565,AUDJPY_otc
69,2026-05-29 05:45:00,114.212,114.155,114.352,114.129,1223,1780034399.924,AUDJPY_otc
69,2026-05-29 06:00:00,114.155,114.357,114.368,114.155,1197,1780035299.745,AUDJPY_otc
69,2026-05-29 06:15:00,114.361,114.339,114.491,114.111,1204,1780036199.548,AUDJPY_otc
69,2026-05-29 06:30:00,114.347,114.42,114.468,114.234,1199,1780037099.892,AUDJPY_otc
69,2026-05-29 06:45:00,114.42,114.136,114.426,114.033,1204,1780037999.71,AUDJPY_otc
69,2026-05-29 07:00:00,114.136,114.044,114.219,113.976,1191,1780038899.552,AUDJPY_otc
69,2026-05-29 07:15:00,114.044,114.085,114.2,114.003,1179,1780039799.338,AUDJPY_otc
69,2026-05-29 07:30:00,114.085,114.098,114.362,114.072,1186,1780040699.566,AUDJPY_otc
69,2026-05-29 07:45:00,114.1,114.11,114.153,113.892,1219,1780041599.903,AUDJPY_otc
69,2026-05-29 08:00:00,114.11,114.238,114.265,114.048,1178,1780042499.635,AUDJPY_otc
69,2026-05-29 08:15:00,114.236,114.283,114.392,114.145,1179,1780043399.043,AUDJPY_otc
69,2026-05-29 08:30:00,114.283,114.342,114.415,114.271,816,1780044025.909,AUDJPY_otc
69,2026-05-29 08:45:00,114.342,114.342,114.342,114.342,0,1780044300.0,AUDJPY_otc
69,2026-05-29 09:00:00,114.342,114.342,114.342,114.342,0,1780045200.0,AUDJPY_otc
69,2026-05-29 09:15:00,114.342,114.342,114.342,114.342,0,1780046100.0,AUDJPY_otc
69,2026-05-29 09:30:00,114.342,114.063,114.342,113.931,1006,1780047899.019,AUDJPY_otc
69,2026-05-29 09:45:00,114.067,114.0,114.118,113.968,1196,1780048799.857,AUDJPY_otc
69,2026-05-29 10:00:00,114.0,114.126,114.138,113.931,1232,1780049699.787,AUDJPY_otc
69,2026-05-29 10:15:00,114.124,114.219,114.316,114.114,1221,1780050599.993,AUDJPY_otc
69,2026-05-29 10:30:00,114.219,114.119,114.356,114.101,1206,1780051499.29,AUDJPY_otc
69,2026-05-29 10:45:00,114.119,114.311,114.344,114.077,1191,1780052399.67,AUDJPY_otc
69,2026-05-29 11:00:00,114.311,114.122,114.311,114.041,1189,1780053299.518,AUDJPY_otc
69,2026-05-29 11:15:00,114.119,114.205,114.386,114.085,1158,1780054199.908,AUDJPY_otc
69,2026-05-29 11:30:00,114.198,114.405,114.489,114.109,1219,1780055099.709,AUDJPY_otc
69,2026-05-29 11:45:00,114.405,114.443,114.502,114.352,1216,1780055999.131,AUDJPY_otc
69,2026-05-29 12:00:00,114.443,114.581,114.626,114.357,1166,1780056899.912,AUDJPY_otc
69,2026-05-29 12:15:00,114.581,114.514,114.629,114.436,1192,1780057799.746,AUDJPY_otc
69,2026-05-29 12:30:00,114.514,114.608,114.641,114.451,1177,1780058699.023,AUDJPY_otc
69,2026-05-29 12:45:00,114.605,114.387,114.664,114.351,1187,1780059599.718,AUDJPY_otc
69,2026-05-29 13:00:00,114.387,114.335,114.487,114.277,1182,1780060499.668,AUDJPY_otc
69,2026-05-29 13:15:00,114.335,114.26,114.359,114.146,1197,1780061399.933,AUDJPY_otc
69,2026-05-29 13:30:00,114.262,114.024,114.272,114.018,1181,1780062299.799,AUDJPY_otc
69,2026-05-29 13:45:00,114.021,114.049,114.147,113.974,1211,1780063199.089,AUDJPY_otc
69,2026-05-29 14:00:00,114.049,113.852,114.094,113.79,1161,1780064099.929,AUDJPY_otc
69,2026-05-29 14:15:00,113.852,113.623,113.852,113.562,1179,1780064999.781,AUDJPY_otc
69,2026-05-29 14:30:00,113.62,113.666,113.798,113.532,1228,1780065899.544,AUDJPY_otc
69,2026-05-29 14:45:00,113.666,113.605,113.871,113.604,1215,1780066799.819,AUDJPY_otc
69,2026-05-29 15:00:00,113.61,113.671,113.798,113.574,1209,1780067699.189,AUDJPY_otc
69,2026-05-29 15:15:00,113.671,113.629,113.754,113.608,1196,1780068598.889,AUDJPY_otc
69,2026-05-29 15:30:00,113.629,113.443,113.693,113.398,1174,1780069499.74,AUDJPY_otc
69,2026-05-29 15:45:00,113.443,113.686,113.734,113.383,1199,1780070399.517,AUDJPY_otc
69,2026-05-29 16:00:00,113.691,113.703,113.85,113.608,1215,1780071298.926,AUDJPY_otc
69,2026-05-29 16:15:00,113.708,113.686,113.895,113.638,1222,1780072199.635,AUDJPY_otc
69,2026-05-29 16:30:00,113.686,113.683,113.86,113.649,1202,1780073099.915,AUDJPY_otc
69,2026-05-29 16:45:00,113.683,113.834,113.909,113.663,1201,1780073999.225,AUDJPY_otc
69,2026-05-29 17:00:00,113.843,113.814,113.942,113.752,1196,1780074899.492,AUDJPY_otc
69,2026-05-29 17:15:00,113.818,113.541,113.818,113.446,1234,1780075799.825,AUDJPY_otc
69,2026-05-29 17:30:00,113.543,113.515,113.669,113.464,1172,1780076699.125,AUDJPY_otc
69,2026-05-29 17:45:00,113.511,113.669,113.691,113.461,1193,1780077599.863,AUDJPY_otc
69,2026-05-29 18:00:00,113.669,113.684,113.76,113.519,1150,1780078499.579,AUDJPY_otc
69,2026-05-29 18:15:00,113.704,113.904,113.94,113.643,1227,1780079399.416,AUDJPY_otc
69,2026-05-29 18:30:00,113.907,114.08,114.12,113.862,1174,1780080299.712,AUDJPY_otc
69,2026-05-29 18:45:00,114.083,113.99,114.157,113.926,1200,1780081197.998,AUDJPY_otc
69,2026-05-29 19:00:00,113.986,114.217,114.317,113.978,1187,1780082099.776,AUDJPY_otc
69,2026-05-29 19:15:00,114.217,114.356,114.437,114.164,1196,1780082998.609,AUDJPY_otc
69,2026-05-29 19:30:00,114.372,114.439,114.499,114.288,1207,1780083899.938,AUDJPY_otc
69,2026-05-29 19:45:00,114.436,114.427,114.457,114.204,1175,1780084799.688,AUDJPY_otc
69,2026-05-29 20:00:00,114.427,114.773,114.782,114.419,1170,1780085699.92,AUDJPY_otc
69,2026-05-29 20:15:00,114.773,114.694,114.837,114.658,1229,1780086599.132,AUDJPY_otc
69,2026-05-29 20:30:00,114.694,114.717,114.873,114.654,1192,1780087498.915,AUDJPY_otc
69,2026-05-29 20:45:00,114.715,114.768,114.814,114.62,1219,1780088399.608,AUDJPY_otc
69,2026-05-29 21:00:00,114.771,114.885,114.914,114.678,1202,1780089299.545,AUDJPY_otc
69,2026-05-29 21:15:00,114.885,114.844,114.959,114.817,1206,1780090199.321,AUDJPY_otc
69,2026-05-29 21:30:00,114.844,114.795,114.906,114.74,1154,1780091099.756,AUDJPY_otc
69,2026-05-29 21:45:00,114.8,114.745,114.803,114.629,1211,1780091999.502,AUDJPY_otc
69,2026-05-29 22:00:00,114.749,114.711,114.826,114.642,1203,1780092899.903,AUDJPY_otc
69,2026-05-29 22:15:00,114.711,114.725,114.763,114.547,1181,1780093799.753,AUDJPY_otc
69,2026-05-29 22:30:00,114.725,114.629,114.841,114.626,1146,1780094699.543,AUDJPY_otc
69,2026-05-29 22:45:00,114.637,114.525,114.651,114.413,1200,1780095599.448,AUDJPY_otc
69,2026-05-29 23:00:00,114.529,114.344,114.529,114.344,1206,1780096499.762,AUDJPY_otc
69,2026-05-29 23:15:00,114.34,114.384,114.518,114.242,1211,1780097399.622,AUDJPY_otc
69,2026-05-29 23:30:00,114.381,114.37,114.436,114.289,1155,1780098299.907,AUDJPY_otc
69,2026-05-29 23:45:00,114.37,114.261,114.445,114.186,1243,1780099199.222,AUDJPY_otc
69,2026-05-30 00:00:00,114.261,114.358,114.378,114.191,1198,1780100099.601,AUDJPY_otc
69,2026-05-30 00:15:00,114.358,114.306,114.462,114.27,1179,1780100999.992,AUDJPY_otc
69,2026-05-30 00:30:00,114.303,114.446,114.484,114.271,1173,1780101897.826,AUDJPY_otc
69,2026-05-30 00:45:00,114.446,114.691,114.735,114.376,1228,1780102799.66,AUDJPY_otc
69,2026-05-30 01:00:00,114.691,114.629,114.732,114.435,1192,1780103699.042,AUDJPY_otc
69,2026-05-30 01:15:00,114.629,114.529,114.676,114.527,1178,1780104598.845,AUDJPY_otc
69,2026-05-30 01:30:00,114.529,114.508,114.678,114.444,1175,1780105499.751,AUDJPY_otc
69,2026-05-30 01:45:00,114.508,114.914,114.952,114.49,1190,1780106399.545,AUDJPY_otc
69,2026-05-30 02:00:00,114.908,115.154,115.208,114.868,1190,1780107298.849,AUDJPY_otc
69,2026-05-30 02:15:00,115.154,115.31,115.347,115.13,1218,1780108199.784,AUDJPY_otc
69,2026-05-30 02:30:00,115.311,115.183,115.324,115.107,1192,1780109099.19,AUDJPY_otc
69,2026-05-30 02:45:00,115.186,114.949,115.31,114.919,1184,1780109999.622,AUDJPY_otc
69,2026-05-30 03:00:00,114.941,115.103,115.18,114.831,1194,1780110899.977,AUDJPY_otc
69,2026-05-30 03:15:00,115.103,114.8,115.137,114.767,1217,1780111798.787,AUDJPY_otc
69,2026-05-30 03:30:00,114.8,114.982,115.025,114.709,1197,1780112699.641,AUDJPY_otc
69,2026-05-30 03:45:00,114.982,114.847,115.007,114.735,1196,1780113598.546,AUDJPY_otc
69,2026-05-30 04:00:00,114.847,115.043,115.123,114.84,1175,1780114499.88,AUDJPY_otc
69,2026-05-30 04:15:00,115.045,114.84,115.161,114.8,1194,1780115399.861,AUDJPY_otc
69,2026-05-30 04:30:00,114.843,114.946,114.95,114.736,1187,1780116299.721,AUDJPY_otc
69,2026-05-30 04:45:00,114.946,114.783,114.955,114.73,1202,1780117198.685,AUDJPY_otc
69,2026-05-30 05:00:00,114.78,114.48,114.807,114.476,1227,1780118099.531,AUDJPY_otc
69,2026-05-30 05:15:00,114.476,114.391,114.485,114.243,1165,1780118999.915,AUDJPY_otc
69,2026-05-30 05:30:00,114.391,114.292,114.401,114.239,1193,1780119898.758,AUDJPY_otc
69,2026-05-30 05:45:00,114.292,114.236,114.459,114.211,1212,1780120799.759,AUDJPY_otc
69,2026-05-30 06:00:00,114.236,113.836,114.247,113.834,1229,1780121699.588,AUDJPY_otc
69,2026-05-30 06:15:00,113.836,113.8,113.942,113.703,1188,1780122599.556,AUDJPY_otc
69,2026-05-30 06:30:00,113.797,113.761,113.954,113.715,1215,1780123499.534,AUDJPY_otc
69,2026-05-30 06:45:00,113.763,113.737,113.808,113.643,1203,1780124399.841,AUDJPY_otc
69,2026-05-30 07:00:00,113.735,113.984,114.016,113.678,1160,1780125299.555,AUDJPY_otc
69,2026-05-30 07:15:00,113.984,113.994,114.013,113.856,1232,1780126199.978,AUDJPY_otc
69,2026-05-30 07:30:00,113.994,114.106,114.301,113.929,1186,1780127099.321,AUDJPY_otc
69,2026-05-30 07:45:00,114.106,113.91,114.304,113.91,1194,1780127999.163,AUDJPY_otc
69,2026-05-30 08:00:00,113.91,113.911,113.985,113.766,1198,1780128899.611,AUDJPY_otc
69,2026-05-30 08:15:00,113.911,114.3,114.335,113.911,1228,1780129799.627,AUDJPY_otc
69,2026-05-30 08:30:00,114.297,114.384,114.434,114.232,1202,1780130699.523,AUDJPY_otc
69,2026-05-30 08:45:00,114.387,114.16,114.387,114.15,1184,1780131599.962,AUDJPY_otc
69,2026-05-30 09:00:00,114.16,114.086,114.315,114.081,1209,1780132499.323,AUDJPY_otc
69,2026-05-30 09:15:00,114.084,114.176,114.263,114.056,1190,1780133399.651,AUDJPY_otc
69,2026-05-30 09:30:00,114.176,114.357,114.405,114.064,1209,1780134299.568,AUDJPY_otc
69,2026-05-30 09:45:00,114.357,114.08,114.405,114.076,1201,1780135199.517,AUDJPY_otc
69,2026-05-30 10:00:00,114.078,113.988,114.137,113.833,1204,1780136099.459,AUDJPY_otc
69,2026-05-30 10:15:00,113.988,114.134,114.181,113.934,1187,1780136999.833,AUDJPY_otc
69,2026-05-30 10:30:00,114.134,114.168,114.315,114.094,1215,1780137899.827,AUDJPY_otc
69,2026-05-30 10:45:00,114.168,114.248,114.3,114.082,1212,1780138798.715,AUDJPY_otc
69,2026-05-30 11:00:00,114.246,114.32,114.489,114.128,1196,1780139699.121,AUDJPY_otc
69,2026-05-30 11:15:00,114.322,114.506,114.54,114.282,1215,1780140599.913,AUDJPY_otc
69,2026-05-30 11:30:00,114.509,114.646,114.77,114.494,1192,1780141499.849,AUDJPY_otc
69,2026-05-30 11:45:00,114.646,114.691,114.755,114.568,1224,1780142398.67,AUDJPY_otc
69,2026-05-30 12:00:00,114.695,114.806,114.811,114.635,1188,1780143299.646,AUDJPY_otc
69,2026-05-30 12:15:00,114.813,114.567,114.84,114.542,1172,1780144199.66,AUDJPY_otc
69,2026-05-30 12:30:00,114.567,114.71,114.79,114.518,1170,1780145098.052,AUDJPY_otc
69,2026-05-30 12:45:00,114.71,114.65,114.785,114.595,1203,1780145999.546,AUDJPY_otc
69,2026-05-30 13:00:00,114.647,114.373,114.725,114.373,1198,1780146899.997,AUDJPY_otc
69,2026-05-30 13:15:00,114.373,114.328,114.405,114.157,1206,1780147799.955,AUDJPY_otc
69,2026-05-30 13:30:00,114.328,114.246,114.363,114.187,1184,1780148699.847,AUDJPY_otc
69,2026-05-30 13:45:00,114.25,114.207,114.321,114.142,1200,1780149599.852,AUDJPY_otc
69,2026-05-30 14:00:00,114.21,114.405,114.511,114.151,1204,1780150498.859,AUDJPY_otc
69,2026-05-30 14:15:00,114.407,114.254,114.579,114.245,1195,1780151399.829,AUDJPY_otc
69,2026-05-30 14:30:00,114.254,114.148,114.273,114.079,1229,1780152299.328,AUDJPY_otc
69,2026-05-30 14:45:00,114.142,114.004,114.239,113.966,1208,1780153198.857,AUDJPY_otc
69,2026-05-30 15:00:00,114.004,113.939,114.148,113.939,1208,1780154099.73,AUDJPY_otc
69,2026-05-30 15:15:00,113.939,114.067,114.102,113.919,1189,1780154999.682,AUDJPY_otc
69,2026-05-30 15:30:00,114.07,114.031,114.115,113.982,1182,1780155899.067,AUDJPY_otc
69,2026-05-30 15:45:00,114.007,113.548,114.03,113.537,1208,1780156799.592,AUDJPY_otc
69,2026-05-30 16:00:00,113.548,113.588,113.684,113.465,1169,1780157699.585,AUDJPY_otc
69,2026-05-30 16:15:00,113.586,113.648,113.812,113.58,1212,1780158599.942,AUDJPY_otc
69,2026-05-30 16:30:00,113.65,113.473,113.669,113.43,1164,1780159499.967,AUDJPY_otc
69,2026-05-30 16:45:00,113.476,113.323,113.538,113.252,1187,1780160399.838,AUDJPY_otc
69,2026-05-30 17:00:00,113.32,113.605,113.613,113.32,1181,1780161299.858,AUDJPY_otc
69,2026-05-30 17:15:00,113.599,113.13,113.609,113.108,1224,1780162198.794,AUDJPY_otc
69,2026-05-30 17:30:00,113.13,113.115,113.152,112.904,1174,1780163099.255,AUDJPY_otc
69,2026-05-30 17:45:00,113.112,113.141,113.245,113.043,1209,1780163999.272,AUDJPY_otc
69,2026-05-30 18:00:00,113.141,112.865,113.145,112.853,1196,1780164899.68,AUDJPY_otc
69,2026-05-30 18:15:00,112.865,112.977,113.116,112.836,1197,1780165799.615,AUDJPY_otc
69,2026-05-30 18:30:00,112.977,112.615,113.012,112.532,1226,1780166699.583,AUDJPY_otc
69,2026-05-30 18:45:00,112.611,112.598,112.647,112.434,1229,1780167599.981,AUDJPY_otc
69,2026-05-30 19:00:00,112.604,112.778,112.796,112.592,1190,1780168498.434,AUDJPY_otc
69,2026-05-30 19:15:00,112.78,112.837,112.884,112.656,1200,1780169399.351,AUDJPY_otc
69,2026-05-30 19:30:00,112.837,112.77,112.877,112.701,1178,1780170299.735,AUDJPY_otc
69,2026-05-30 19:45:00,112.766,112.537,112.832,112.483,1199,1780171199.543,AUDJPY_otc
69,2026-05-30 20:00:00,112.537,112.503,112.659,112.442,1191,1780172099.927,AUDJPY_otc
69,2026-05-30 20:15:00,112.503,112.413,112.562,112.344,1220,1780172999.807,AUDJPY_otc
69,2026-05-30 20:30:00,112.413,112.218,112.42,112.163,1158,1780173899.205,AUDJPY_otc
69,2026-05-30 20:45:00,112.218,112.27,112.285,112.143,1236,1780174799.557,AUDJPY_otc
69,2026-05-30 21:00:00,112.27,112.246,112.378,112.178,1176,1780175699.955,AUDJPY_otc
69,2026-05-30 21:15:00,112.246,112.298,112.462,112.239,1195,1780176599.764,AUDJPY_otc
69,2026-05-30 21:30:00,112.301,112.21,112.357,112.128,1201,1780177499.625,AUDJPY_otc
69,2026-05-30 21:45:00,112.213,112.029,112.262,111.966,1225,1780178397.542,AUDJPY_otc
69,2026-05-30 22:00:00,112.029,112.076,112.148,111.96,1234,1780179299.403,AUDJPY_otc
69,2026-05-30 22:15:00,112.076,112.142,112.217,112.049,1197,1780180199.781,AUDJPY_otc
69,2026-05-30 22:30:00,112.142,112.434,112.448,112.004,1228,1780181099.65,AUDJPY_otc
69,2026-05-30 22:45:00,112.434,112.201,112.434,112.196,1215,1780181999.021,AUDJPY_otc
69,2026-05-30 23:00:00,112.201,112.147,112.223,112.022,1221,1780182898.917,AUDJPY_otc
69,2026-05-30 23:15:00,112.144,111.856,112.213,111.84,1167,1780183799.775,AUDJPY_otc
69,2026-05-30 23:30:00,111.856,111.693,111.953,111.603,1234,1780184699.633,AUDJPY_otc
69,2026-05-30 23:45:00,111.695,111.47,111.777,111.438,1193,1780185598.574,AUDJPY_otc
69,2026-05-31 00:00:00,111.47,111.555,111.569,111.266,1184,1780186499.398,AUDJPY_otc
69,2026-05-31 00:15:00,111.555,111.575,111.61,111.466,1207,1780187399.814,AUDJPY_otc
69,2026-05-31 00:30:00,111.575,111.517,111.587,111.416,1192,1780188299.571,AUDJPY_otc
69,2026-05-31 00:45:00,111.513,111.466,111.642,111.412,1190,1780189199.46,AUDJPY_otc
69,2026-05-31 01:00:00,111.466,111.248,111.501,111.225,1202,1780190098.753,AUDJPY_otc
69,2026-05-31 01:15:00,111.248,111.103,111.342,111.095,1221,1780190999.604,AUDJPY_otc
69,2026-05-31 01:30:00,111.113,111.452,111.452,111.096,1195,1780191899.449,AUDJPY_otc
69,2026-05-31 01:45:00,111.452,111.264,111.479,111.252,1184,1780192799.766,AUDJPY_otc
69,2026-05-31 02:00:00,111.264,111.426,111.547,111.256,1196,1780193699.656,AUDJPY_otc
69,2026-05-31 02:15:00,111.426,111.167,111.436,111.149,1230,1780194598.491,AUDJPY_otc
69,2026-05-31 02:30:00,111.165,111.021,111.183,110.993,1216,1780195499.947,AUDJPY_otc
69,2026-05-31 02:45:00,111.021,110.777,111.067,110.721,1194,1780196399.878,AUDJPY_otc
69,2026-05-31 03:00:00,110.777,111.003,111.039,110.729,1175,1780197299.781,AUDJPY_otc
69,2026-05-31 03:15:00,111.013,111.06,111.103,110.83,1209,1780198199.193,AUDJPY_otc
69,2026-05-31 03:30:00,111.056,111.238,111.24,111.044,1211,1780199099.566,AUDJPY_otc
69,2026-05-31 03:45:00,111.234,111.506,111.517,111.218,1200,1780199999.913,AUDJPY_otc
69,2026-05-31 04:00:00,111.506,111.627,111.655,111.492,1199,1780200899.822,AUDJPY_otc
69,2026-05-31 04:15:00,111.627,111.685,111.707,111.5,1183,1780201799.654,AUDJPY_otc
69,2026-05-31 04:30:00,111.685,111.526,111.739,111.511,1223,1780202699.064,AUDJPY_otc
69,2026-05-31 04:45:00,111.526,111.599,111.646,111.483,1180,1780203599.935,AUDJPY_otc
69,2026-05-31 05:00:00,111.595,111.616,111.772,111.585,1186,1780204499.385,AUDJPY_otc
69,2026-05-31 05:15:00,111.618,111.607,111.709,111.492,1189,1780205399.738,AUDJPY_otc
69,2026-05-31 05:30:00,111.607,111.553,111.626,111.505,1187,1780206299.155,AUDJPY_otc
69,2026-05-31 05:45:00,111.553,111.618,111.754,111.514,1181,1780207199.562,AUDJPY_otc
69,2026-05-31 06:00:00,111.615,111.36,111.654,111.322,1197,1780208099.414,AUDJPY_otc
69,2026-05-31 06:15:00,111.36,110.94,111.398,110.932,1188,1780208999.329,AUDJPY_otc
69,2026-05-31 06:30:00,110.935,110.999,111.062,110.853,1207,1780209899.748,AUDJPY_otc
69,2026-05-31 06:45:00,110.999,110.998,111.182,110.953,1174,1780210799.13,AUDJPY_otc
69,2026-05-31 07:00:00,110.998,110.999,111.147,110.949,1210,1780211699.937,AUDJPY_otc
69,2026-05-31 07:15:00,110.999,111.326,111.445,110.956,1217,1780212599.864,AUDJPY_otc
69,2026-05-31 07:30:00,111.326,111.074,111.35,111.005,1211,1780213499.192,AUDJPY_otc
69,2026-05-31 07:45:00,111.077,111.088,111.114,110.963,1205,1780214399.651,AUDJPY_otc
69,2026-05-31 08:00:00,111.091,111.315,111.379,111.007,1156,1780215299.056,AUDJPY_otc
69,2026-05-31 08:15:00,111.315,111.174,111.327,110.968,1201,1780216199.963,AUDJPY_otc
69,2026-05-31 08:30:00,111.168,114.372,114.487,111.159,1232,1780217099.81,AUDJPY_otc
69,2026-05-31 08:45:00,114.374,114.283,114.462,114.159,1212,1780217999.729,AUDJPY_otc
69,2026-05-31 09:00:00,114.279,114.228,114.39,114.214,1239,1780218899.661,AUDJPY_otc
69,2026-05-31 09:15:00,114.228,114.225,114.384,114.118,1176,1780219799.617,AUDJPY_otc
69,2026-05-31 09:30:00,114.225,114.212,114.366,114.182,1199,1780220699.578,AUDJPY_otc
69,2026-05-31 09:45:00,114.212,113.972,114.252,113.93,1186,1780221599.507,AUDJPY_otc
69,2026-05-31 10:00:00,113.972,113.734,114.057,113.708,1185,1780222499.916,AUDJPY_otc
69,2026-05-31 10:15:00,113.738,113.969,114.027,113.685,1189,1780223399.845,AUDJPY_otc
69,2026-05-31 10:30:00,113.969,113.879,114.105,113.845,1183,1780224298.254,AUDJPY_otc
69,2026-05-31 10:45:00,113.89,113.771,113.954,113.75,1214,1780225199.655,AUDJPY_otc
69,2026-05-31 11:00:00,113.771,113.849,113.884,113.716,1183,1780226099.495,AUDJPY_otc
69,2026-05-31 11:15:00,113.852,113.801,113.861,113.655,1188,1780226999.918,AUDJPY_otc
69,2026-05-31 11:30:00,113.801,113.596,113.838,113.594,1212,1780227899.745,AUDJPY_otc
69,2026-05-31 11:45:00,113.596,113.506,113.791,113.454,1221,1780228799.696,AUDJPY_otc
69,2026-05-31 12:00:00,113.506,113.552,113.605,113.399,1189,1780229699.598,AUDJPY_otc
69,2026-05-31 12:15:00,113.552,113.516,113.608,113.409,1219,1780230599.937,AUDJPY_otc
69,2026-05-31 12:30:00,113.52,113.656,113.707,113.517,1197,1780231499.815,AUDJPY_otc
69,2026-05-31 12:45:00,113.656,113.978,113.985,113.633,1216,1780232398.267,AUDJPY_otc
69,2026-05-31 13:00:00,113.978,114.232,114.246,113.952,1199,1780233299.679,AUDJPY_otc
69,2026-05-31 13:15:00,114.232,114.018,114.24,113.987,1189,1780234199.981,AUDJPY_otc
69,2026-05-31 13:30:00,114.018,114.289,114.35,113.976,1166,1780235099.341,AUDJPY_otc
69,2026-05-31 13:45:00,114.289,114.645,114.645,114.275,1200,1780235999.814,AUDJPY_otc
69,2026-05-31 14:00:00,114.645,114.581,114.747,114.544,1187,1780236899.677,AUDJPY_otc
69,2026-05-31 14:15:00,114.581,114.467,114.683,114.454,1218,1780237799.606,AUDJPY_otc
69,2026-05-31 14:30:00,114.47,114.576,114.671,114.397,1183,1780238699.044,AUDJPY_otc
69,2026-05-31 14:45:00,114.573,114.596,114.69,114.514,1230,1780239599.983,AUDJPY_otc
69,2026-05-31 15:00:00,114.594,114.576,114.622,114.449,1196,1780240499.301,AUDJPY_otc
69,2026-05-31 15:15:00,114.576,114.711,114.765,114.496,1204,1780241399.733,AUDJPY_otc
69,2026-05-31 15:30:00,114.711,114.828,114.828,114.616,1166,1780242299.152,AUDJPY_otc
69,2026-05-31 15:45:00,114.828,114.839,114.976,114.758,1211,1780243199.647,AUDJPY_otc
69,2026-05-31 16:00:00,114.837,114.991,115.022,114.645,1194,1780244099.906,AUDJPY_otc
69,2026-05-31 16:15:00,114.991,114.861,115.055,114.783,1206,1780244999.336,AUDJPY_otc
69,2026-05-31 16:30:00,114.861,115.068,115.073,114.857,1204,1780245899.327,AUDJPY_otc
69,2026-05-31 16:45:00,115.068,115.074,115.138,114.972,1203,1780246799.671,AUDJPY_otc
69,2026-05-31 17:00:00,115.079,114.909,115.196,114.909,1234,1780247699.6,AUDJPY_otc
69,2026-05-31 17:15:00,114.909,114.801,114.968,114.775,1212,1780248599.399,AUDJPY_otc
69,2026-05-31 17:30:00,114.795,114.806,114.878,114.683,1173,1780249499.826,AUDJPY_otc
69,2026-05-31 17:45:00,114.804,114.537,114.812,114.496,1207,1780250399.262,AUDJPY_otc
69,2026-05-31 18:00:00,114.535,114.083,114.57,114.059,1176,1780251299.635,AUDJPY_otc
69,2026-05-31 18:15:00,114.079,114.157,114.192,113.976,1171,1780252199.569,AUDJPY_otc
69,2026-05-31 18:30:00,114.157,114.064,114.159,113.929,1207,1780253099.904,AUDJPY_otc
69,2026-05-31 18:45:00,114.064,113.982,114.064,113.869,1189,1780253999.81,AUDJPY_otc
69,2026-05-31 19:00:00,113.986,114.082,114.099,113.888,1229,1780254899.716,AUDJPY_otc
69,2026-05-31 19:15:00,114.078,114.115,114.185,113.968,1209,1780255799.687,AUDJPY_otc
69,2026-05-31 19:30:00,114.115,114.024,114.249,113.983,1217,1780256699.53,AUDJPY_otc
69,2026-05-31 19:45:00,114.02,114.256,114.266,113.89,1221,1780257599.983,AUDJPY_otc
69,2026-05-31 20:00:00,114.256,114.376,114.451,114.25,1180,1780258499.785,AUDJPY_otc
69,2026-05-31 20:15:00,114.376,114.466,114.537,114.176,1218,1780259399.707,AUDJPY_otc
69,2026-05-31 20:30:00,114.466,114.622,114.744,114.459,1221,1780260299.061,AUDJPY_otc
69,2026-05-31 20:45:00,114.622,114.764,114.783,114.518,1183,1780261199.501,AUDJPY_otc
69,2026-05-31 21:00:00,114.753,114.747,114.833,114.686,1198,1780262099.788,AUDJPY_otc
69,2026-05-31 21:15:00,114.747,114.547,114.752,114.332,1208,1780262999.58,AUDJPY_otc
69,2026-05-31 21:30:00,114.544,114.581,114.646,114.457,1214,1780263898.037,AUDJPY_otc
69,2026-05-31 21:45:00,114.581,114.367,114.661,114.355,1201,1780264799.431,AUDJPY_otc
69,2026-05-31 22:00:00,114.37,114.262,114.409,114.227,1154,1780265699.717,AUDJPY_otc
69,2026-05-31 22:15:00,114.258,114.222,114.269,114.127,1210,1780266599.661,AUDJPY_otc
69,2026-05-31 22:30:00,114.227,114.222,114.266,114.081,1175,1780267499.524,AUDJPY_otc
69,2026-05-31 22:45:00,114.216,114.39,114.417,114.17,1183,1780268399.905,AUDJPY_otc
69,2026-05-31 23:00:00,114.39,114.389,114.696,114.38,1215,1780269298.671,AUDJPY_otc
69,2026-05-31 23:15:00,114.392,114.239,114.425,114.172,1212,1780270198.507,AUDJPY_otc
69,2026-05-31 23:30:00,114.242,114.205,114.39,114.202,1160,1780271099.374,AUDJPY_otc
69,2026-05-31 23:45:00,114.205,113.977,114.218,113.924,1219,1780271999.192,AUDJPY_otc
69,2026-06-01 00:00:00,113.977,113.927,114.077,113.897,1205,1780272899.606,AUDJPY_otc
69,2026-06-01 00:15:00,113.927,113.797,113.977,113.788,1196,1780273799.884,AUDJPY_otc
69,2026-06-01 00:30:00,113.797,113.952,113.961,113.707,1206,1780274699.806,AUDJPY_otc
69,2026-06-01 00:45:00,113.952,113.765,113.97,113.751,1176,1780275599.616,AUDJPY_otc
69,2026-06-01 01:00:00,113.762,113.8,113.821,113.637,1183,1780276499.517,AUDJPY_otc
69,2026-06-01 01:15:00,113.8,113.795,113.978,113.779,1215,1780277399.255,AUDJPY_otc
69,2026-06-01 01:30:00,113.795,114.03,114.055,113.792,1185,1780278299.158,AUDJPY_otc
69,2026-06-01 01:45:00,114.03,114.158,114.191,114.023,1185,1780279199.488,AUDJPY_otc
69,2026-06-01 02:00:00,114.158,113.942,114.16,113.919,1177,1780280099.97,AUDJPY_otc
69,2026-06-01 02:15:00,113.942,113.832,114.046,113.824,1232,1780280999.711,AUDJPY_otc
69,2026-06-01 02:30:00,113.832,113.798,113.936,113.736,1206,1780281899.098,AUDJPY_otc
69,2026-06-01 02:45:00,113.798,113.905,113.916,113.7,1198,1780282799.902,AUDJPY_otc
69,2026-06-01 03:00:00,113.908,113.726,113.982,113.664,1197,1780283699.681,AUDJPY_otc
69,2026-06-01 03:15:00,113.726,113.996,114.003,113.726,1214,1780284599.918,AUDJPY_otc
69,2026-06-01 03:30:00,113.996,113.926,114.085,113.887,1165,1780285499.875,AUDJPY_otc
69,2026-06-01 03:45:00,113.937,113.807,114.046,113.798,1202,1780286399.647,AUDJPY_otc
69,2026-06-01 04:00:00,113.812,113.861,113.984,113.796,1191,1780287299.562,AUDJPY_otc
69,2026-06-01 04:15:00,113.861,113.903,114.011,113.825,1193,1780288199.99,AUDJPY_otc
69,2026-06-01 04:30:00,113.903,114.122,114.136,113.847,1224,1780289099.89,AUDJPY_otc
69,2026-06-01 04:45:00,114.12,114.249,114.317,113.997,1200,1780289999.823,AUDJPY_otc
69,2026-06-01 05:00:00,114.249,114.308,114.536,114.249,1197,1780290899.694,AUDJPY_otc
69,2026-06-01 05:15:00,114.303,114.55,114.6,114.293,1233,1780291799.569,AUDJPY_otc
69,2026-06-01 05:30:00,114.553,114.596,114.677,114.511,1195,1780292699.968,AUDJPY_otc
69,2026-06-01 05:45:00,114.596,114.71,114.761,114.558,1149,1780293599.865,AUDJPY_otc
69,2026-06-01 06:00:00,114.71,114.895,114.96,114.667,1192,1780294499.762,AUDJPY_otc
69,2026-06-01 06:15:00,114.895,115.067,115.146,114.892,1174,1780295399.687,AUDJPY_otc
69,2026-06-01 06:30:00,115.067,115.07,115.178,114.941,1248,1780296299.539,AUDJPY_otc
69,2026-06-01 06:45:00,115.075,115.092,115.109,114.938,1258,1780297199.997,AUDJPY_otc
69,2026-06-01 07:00:00,115.092,115.172,115.257,114.969,1198,1780298099.35,AUDJPY_otc
69,2026-06-01 07:15:00,115.17,115.17,115.251,115.052,1187,1780298998.798,AUDJPY_otc
69,2026-06-01 07:30:00,115.17,114.977,115.17,114.877,1167,1780299899.154,AUDJPY_otc
69,2026-06-01 07:45:00,114.978,114.912,115.02,114.735,1228,1780300799.106,AUDJPY_otc
69,2026-06-01 08:00:00,114.912,115.008,115.05,114.838,1215,1780301699.555,AUDJPY_otc
69,2026-06-01 08:15:00,115.011,115.099,115.156,115.003,1204,1780302599.939,AUDJPY_otc
69,2026-06-01 08:30:00,115.099,115.379,115.379,115.092,1233,1780303498.952,AUDJPY_otc
69,2026-06-01 08:45:00,115.379,115.152,115.447,115.137,1250,1780304399.77,AUDJPY_otc
69,2026-06-01 09:00:00,115.152,115.303,115.356,115.141,1214,1780305299.779,AUDJPY_otc
69,2026-06-01 09:15:00,115.303,115.264,115.432,115.249,1193,1780306199.627,AUDJPY_otc
69,2026-06-01 09:30:00,115.271,115.383,115.411,115.256,1192,1780307098.087,AUDJPY_otc
69,2026-06-01 09:45:00,115.383,115.291,115.423,115.238,1165,1780307999.899,AUDJPY_otc
69,2026-06-01 10:00:00,115.294,115.162,115.304,115.095,1209,1780308899.824,AUDJPY_otc
69,2026-06-01 10:15:00,115.159,115.132,115.286,115.09,1190,1780309799.18,AUDJPY_otc
69,2026-06-01 10:30:00,115.132,115.233,115.276,115.04,1182,1780310699.613,AUDJPY_otc
69,2026-06-01 10:45:00,115.24,115.101,115.291,115.03,1162,1780311599.516,AUDJPY_otc
69,2026-06-01 11:00:00,115.112,115.342,115.365,115.094,1182,1780312498.924,AUDJPY_otc
69,2026-06-01 11:15:00,115.342,115.232,115.381,115.09,1185,1780313399.861,AUDJPY_otc
69,2026-06-01 11:30:00,115.232,115.387,115.417,115.153,1191,1780314299.755,AUDJPY_otc
69,2026-06-01 11:45:00,115.387,115.711,115.718,115.327,1199,1780315198.196,AUDJPY_otc
69,2026-06-01 12:00:00,115.701,115.566,115.751,115.53,1189,1780316098.544,AUDJPY_otc
69,2026-06-01 12:15:00,115.57,115.952,115.971,115.548,1214,1780316999.528,AUDJPY_otc
69,2026-06-01 12:30:00,115.947,116.02,116.137,115.918,1220,1780317899.959,AUDJPY_otc
69,2026-06-01 12:45:00,116.023,115.863,116.067,115.827,1210,1780318799.905,AUDJPY_otc
69,2026-06-01 13:00:00,115.863,115.986,116.076,115.799,1199,1780319699.817,AUDJPY_otc
69,2026-06-01 13:15:00,115.986,116.144,116.173,115.95,1191,1780320599.713,AUDJPY_otc
69,2026-06-01 13:30:00,116.144,116.252,116.301,116.136,1173,1780321499.655,AUDJPY_otc
69,2026-06-01 13:45:00,116.252,116.494,116.504,116.157,1200,1780322399.564,AUDJPY_otc
69,2026-06-01 14:00:00,116.494,116.423,116.594,116.293,1199,1780323299.513,AUDJPY_otc
69,2026-06-01 14:15:00,116.428,116.228,116.428,116.16,1233,1780324199.471,AUDJPY_otc
69,2026-06-01 14:30:00,116.228,116.236,116.266,116.055,1229,1780325099.898,AUDJPY_otc
69,2026-06-01 14:45:00,116.242,116.371,116.522,116.222,1212,1780325999.887,AUDJPY_otc
69,2026-06-01 15:00:00,116.371,116.48,116.497,116.339,1176,1780326899.802,AUDJPY_otc
69,2026-06-01 15:15:00,116.488,116.624,116.664,116.466,1209,1780327799.719,AUDJPY_otc
69,2026-06-01 15:30:00,116.624,116.622,116.701,116.547,1202,1780328699.099,AUDJPY_otc
69,2026-06-01 15:45:00,116.622,116.789,116.789,116.603,1158,1780329599.586,AUDJPY_otc
69,2026-06-01 16:00:00,116.791,116.782,116.893,116.656,1192,1780330499.534,AUDJPY_otc
69,2026-06-01 16:15:00,116.778,116.79,116.86,116.713,1202,1780331399.902,AUDJPY_otc
69,2026-06-01 16:30:00,116.79,116.632,116.815,116.565,1197,1780332299.877,AUDJPY_otc
69,2026-06-01 16:45:00,116.632,116.746,116.746,116.518,1193,1780333199.23,AUDJPY_otc
69,2026-06-01 17:00:00,116.743,116.484,116.774,116.468,1213,1780334099.663,AUDJPY_otc
69,2026-06-01 17:15:00,116.48,116.475,116.496,116.29,1194,1780334999.898,AUDJPY_otc
69,2026-06-01 17:30:00,116.466,116.203,116.482,116.196,1217,1780335899.28,AUDJPY_otc
69,2026-06-01 17:45:00,116.203,116.354,116.379,116.173,1176,1780336799.799,AUDJPY_otc
69,2026-06-01 18:00:00,116.354,115.815,116.354,115.784,1198,1780337699.747,AUDJPY_otc
69,2026-06-01 18:15:00,115.815,115.788,115.934,115.722,1202,1780338599.583,AUDJPY_otc
69,2026-06-01 18:30:00,115.788,115.847,115.913,115.743,1195,1780339498.937,AUDJPY_otc
69,2026-06-01 18:45:00,115.847,115.895,115.992,115.819,1218,1780340399.897,AUDJPY_otc
69,2026-06-01 19:00:00,115.892,115.661,115.962,115.657,1191,1780341299.75,AUDJPY_otc
69,2026-06-01 19:15:00,115.655,115.798,115.798,115.604,1198,1780342199.676,AUDJPY_otc
69,2026-06-01 19:30:00,115.801,116.023,116.077,115.771,1167,1780343099.457,AUDJPY_otc
69,2026-06-01 19:45:00,116.023,115.927,116.043,115.868,1225,1780343999.915,AUDJPY_otc
69,2026-06-01 20:00:00,115.927,115.793,115.981,115.793,1242,1780344899.744,AUDJPY_otc
69,2026-06-01 20:15:00,115.793,115.694,115.877,115.603,1213,1780345799.14,AUDJPY_otc
69,2026-06-01 20:30:00,115.696,115.632,115.768,115.516,1167,1780346699.993,AUDJPY_otc
69,2026-06-01 20:45:00,115.629,115.63,115.74,115.542,1202,1780347599.877,AUDJPY_otc
69,2026-06-01 21:00:00,115.63,115.733,115.884,115.618,1188,1780348499.255,AUDJPY_otc
69,2026-06-01 21:15:00,115.74,115.898,115.931,115.689,1199,1780349399.623,AUDJPY_otc
69,2026-06-01 21:30:00,115.892,116.003,116.016,115.809,1213,1780350299.42,AUDJPY_otc
69,2026-06-01 21:45:00,116.006,116.047,116.097,115.974,1214,1780351199.855,AUDJPY_otc
69,2026-06-01 22:00:00,116.044,115.953,116.094,115.873,1211,1780352099.727,AUDJPY_otc
69,2026-06-01 22:15:00,115.953,115.979,116.204,115.941,1187,1780352999.583,AUDJPY_otc
69,2026-06-01 22:30:00,115.979,116.049,116.135,115.921,1189,1780353899.952,AUDJPY_otc
69,2026-06-01 22:45:00,116.049,116.064,116.262,116.001,1150,1780354799.792,AUDJPY_otc
69,2026-06-01 23:00:00,116.064,115.998,116.331,115.998,1208,1780355699.625,AUDJPY_otc
69,2026-06-01 23:15:00,115.994,116.236,116.277,115.99,1175,1780356597.427,AUDJPY_otc
69,2026-06-01 23:30:00,116.232,116.29,116.449,116.216,1203,1780357499.255,AUDJPY_otc
69,2026-06-01 23:45:00,116.29,116.407,116.407,116.164,1199,1780358399.118,AUDJPY_otc
69,2026-06-02 00:00:00,116.4,116.158,116.424,116.155,1195,1780359298.045,AUDJPY_otc
69,2026-06-02 00:15:00,116.158,116.401,116.422,116.052,1202,1780360199.877,AUDJPY_otc
69,2026-06-02 00:30:00,116.401,116.404,116.451,116.274,1189,1780361099.278,AUDJPY_otc
69,2026-06-02 00:45:00,116.404,116.28,116.432,116.157,1188,1780361999.189,AUDJPY_otc
69,2026-06-02 01:00:00,116.28,116.122,116.327,116.097,1190,1780362899.979,AUDJPY_otc
69,2026-06-02 01:15:00,116.119,116.054,116.152,115.98,1202,1780363799.833,AUDJPY_otc
69,2026-06-02 01:30:00,116.054,115.797,116.086,115.783,1218,1780364699.663,AUDJPY_otc
69,2026-06-02 01:45:00,115.8,115.872,115.947,115.771,1187,1780365599.54,AUDJPY_otc
69,2026-06-02 02:00:00,115.866,115.861,115.925,115.773,1184,1780366499.382,AUDJPY_otc
69,2026-06-02 02:15:00,115.861,116.126,116.133,115.848,1171,1780367399.689,AUDJPY_otc
69,2026-06-02 02:30:00,116.126,116.063,116.166,115.782,1175,1780368299.6,AUDJPY_otc
69,2026-06-02 02:45:00,116.06,115.902,116.102,115.835,1202,1780369199.945,AUDJPY_otc
69,2026-06-02 03:00:00,115.902,115.971,116.023,115.875,1184,1780370098.827,AUDJPY_otc
69,2026-06-02 03:15:00,115.971,115.896,116.084,115.841,1223,1780370999.668,AUDJPY_otc
69,2026-06-02 03:30:00,115.896,115.85,115.958,115.78,1192,1780371899.607,AUDJPY_otc
69,2026-06-02 03:45:00,115.85,116.424,116.439,115.829,1227,1780372799.959,AUDJPY_otc
69,2026-06-02 04:00:00,116.424,116.498,116.526,116.214,1204,1780373699.843,AUDJPY_otc
69,2026-06-02 04:15:00,116.5,116.572,116.748,116.492,1187,1780374599.702,AUDJPY_otc
69,2026-06-02 04:30:00,116.572,116.668,116.768,116.548,1211,1780375499.634,AUDJPY_otc
69,2026-06-02 04:45:00,116.664,116.433,116.686,116.393,1206,1780376399.935,AUDJPY_otc
69,2026-06-02 05:00:00,116.433,116.488,116.545,116.335,1213,1780377299.245,AUDJPY_otc
69,2026-06-02 05:15:00,116.488,116.455,116.488,116.352,1218,1780378199.568,AUDJPY_otc
69,2026-06-02 05:30:00,116.455,116.488,116.578,116.423,1204,1780379099.885,AUDJPY_otc
69,2026-06-02 05:45:00,116.488,116.796,116.796,116.44,1220,1780379999.811,AUDJPY_otc
69,2026-06-02 06:00:00,116.798,116.704,116.819,116.551,1201,1780380899.695,AUDJPY_otc
69,2026-06-02 06:15:00,116.702,117.017,117.038,116.63,1236,1780381799.065,AUDJPY_otc
69,2026-06-02 06:30:00,117.021,117.066,117.237,116.981,1164,1780382698.529,AUDJPY_otc
69,2026-06-02 06:45:00,117.066,117.197,117.338,117.061,1195,1780383599.936,AUDJPY_otc
69,2026-06-02 07:00:00,117.197,117.346,117.376,117.197,1176,1780384499.317,AUDJPY_otc
69,2026-06-02 07:15:00,117.346,117.42,117.53,117.315,1207,1780385399.625,AUDJPY_otc
69,2026-06-02 07:30:00,117.42,117.41,117.567,117.356,1188,1780386299.449,AUDJPY_otc
69,2026-06-02 07:45:00,117.41,117.553,117.604,117.402,1184,1780387199.875,AUDJPY_otc
69,2026-06-02 08:00:00,117.561,117.65,117.75,117.54,1167,1780388099.753,AUDJPY_otc
69,2026-06-02 08:15:00,117.634,117.372,117.639,117.292,1199,1780388999.161,AUDJPY_otc
69,2026-06-02 08:30:00,117.372,117.452,117.546,117.306,1162,1780389899.022,AUDJPY_otc
69,2026-06-02 08:45:00,117.452,117.454,117.593,117.433,1165,1780390798.923,AUDJPY_otc
69,2026-06-02 09:00:00,117.454,117.25,117.469,117.09,1151,1780391698.231,AUDJPY_otc
69,2026-06-02 09:15:00,117.255,117.455,117.462,117.255,1235,1780392598.702,AUDJPY_otc
69,2026-06-02 09:30:00,117.459,117.108,117.46,117.108,1195,1780393499.555,AUDJPY_otc
69,2026-06-02 09:45:00,117.111,116.899,117.141,116.899,1229,1780394399.559,AUDJPY_otc
69,2026-06-02 10:00:00,116.894,116.953,116.989,116.828,1203,1780395298.933,AUDJPY_otc
69,2026-06-02 10:15:00,116.95,117.138,117.171,116.882,1203,1780396199.361,AUDJPY_otc
69,2026-06-02 10:30:00,117.138,117.198,117.298,117.108,1208,1780397099.245,AUDJPY_otc
69,2026-06-02 10:45:00,117.201,117.373,117.476,117.193,1202,1780397999.689,AUDJPY_otc
69,2026-06-02 11:00:00,117.373,117.451,117.505,117.363,1202,1780398898.646,AUDJPY_otc
69,2026-06-02 11:15:00,117.455,117.572,117.578,117.356,1188,1780399799.985,AUDJPY_otc
69,2026-06-02 11:30:00,117.572,117.576,117.613,117.479,1177,1780400699.401,AUDJPY_otc
69,2026-06-02 11:45:00,117.579,117.825,117.902,117.557,1217,1780401599.838,AUDJPY_otc
69,2026-06-02 12:00:00,117.828,117.997,118.072,117.785,1207,1780402499.73,AUDJPY_otc
69,2026-06-02 12:15:00,118.005,117.867,118.073,117.861,1208,1780403399.156,AUDJPY_otc
69,2026-06-02 12:30:00,117.87,117.877,117.944,117.812,1181,1780404299.496,AUDJPY_otc
69,2026-06-02 12:45:00,117.869,117.688,117.873,117.637,1190,1780405199.924,AUDJPY_otc
69,2026-06-02 13:00:00,117.688,117.754,117.756,117.579,1231,1780406099.797,AUDJPY_otc
69,2026-06-02 13:15:00,117.754,117.814,117.863,117.632,1194,1780406999.714,AUDJPY_otc
69,2026-06-02 13:30:00,117.814,117.562,117.84,117.538,1189,1780407899.068,AUDJPY_otc
69,2026-06-02 13:45:00,117.56,117.683,117.683,117.526,1194,1780408799.936,AUDJPY_otc
69,2026-06-02 14:00:00,117.683,117.61,117.718,117.404,1200,1780409699.913,AUDJPY_otc
69,2026-06-02 14:15:00,117.617,117.463,117.647,117.444,1198,1780410599.771,AUDJPY_otc
69,2026-06-02 14:30:00,117.463,117.19,117.545,117.19,1156,1780411499.29,AUDJPY_otc
69,2026-06-02 14:45:00,117.193,117.17,117.303,117.057,1177,1780412399.12,AUDJPY_otc
69,2026-06-02 15:00:00,117.173,117.194,117.208,116.98,1205,1780413299.562,AUDJPY_otc
69,2026-06-02 15:15:00,117.194,117.117,117.221,117.03,1203,1780414199.886,AUDJPY_otc
69,2026-06-02 15:30:00,117.117,117.112,117.253,117.04,1215,1780415099.88,AUDJPY_otc
69,2026-06-02 15:45:00,117.115,117.321,117.373,117.092,1183,1780415999.115,AUDJPY_otc
69,2026-06-02 16:00:00,117.324,117.261,117.478,117.213,1217,1780416899.55,AUDJPY_otc
69,2026-06-02 16:15:00,117.261,117.16,117.3,117.081,1223,1780417799.505,AUDJPY_otc
69,2026-06-02 16:30:00,117.16,117.114,117.274,117.065,1168,1780418699.967,AUDJPY_otc
69,2026-06-02 16:45:00,117.114,117.009,117.228,117.003,1216,1780419599.872,AUDJPY_otc
69,2026-06-02 17:00:00,117.009,116.996,117.123,116.918,1232,1780420499.302,AUDJPY_otc
69,2026-06-02 17:15:00,116.996,114.834,117.0,114.748,1207,1780421399.705,AUDJPY_otc
69,2026-06-02 17:30:00,114.834,114.918,114.932,114.783,1184,1780422299.093,AUDJPY_otc
69,2026-06-02 17:45:00,114.924,114.902,114.983,114.807,1211,1780423199.622,AUDJPY_otc
69,2026-06-02 18:00:00,114.921,114.833,115.087,114.822,1191,1780424099.932,AUDJPY_otc
69,2026-06-02 18:15:00,114.833,115.031,115.036,114.813,1216,1780424998.907,AUDJPY_otc
69,2026-06-02 18:30:00,115.034,115.262,115.335,114.998,1166,1780425899.239,AUDJPY_otc
69,2026-06-02 18:45:00,115.262,115.219,115.29,115.074,1173,1780426798.145,AUDJPY_otc
69,2026-06-02 19:00:00,115.219,115.127,115.257,115.001,1234,1780427699.932,AUDJPY_otc
69,2026-06-02 19:15:00,115.127,114.898,115.138,114.798,1193,1780428599.801,AUDJPY_otc
69,2026-06-02 19:30:00,114.898,115.175,115.192,114.885,1187,1780429499.713,AUDJPY_otc
69,2026-06-02 19:45:00,115.175,114.933,115.192,114.914,1196,1780430399.551,AUDJPY_otc
69,2026-06-02 20:00:00,114.935,114.896,115.106,114.896,1222,1780431299.472,AUDJPY_otc
69,2026-06-02 20:15:00,114.907,114.794,114.968,114.718,1197,1780432199.334,AUDJPY_otc
69,2026-06-02 20:30:00,114.794,115.017,115.065,114.765,1199,1780433099.709,AUDJPY_otc
69,2026-06-02 20:45:00,115.009,114.891,115.087,114.854,1177,1780433999.478,AUDJPY_otc
69,2026-06-02 21:00:00,114.891,114.642,114.949,114.637,1220,1780434899.913,AUDJPY_otc
69,2026-06-02 21:15:00,114.642,114.444,114.647,114.422,1185,1780435799.779,AUDJPY_otc
69,2026-06-02 21:30:00,114.444,114.178,114.505,114.142,1199,1780436699.656,AUDJPY_otc
69,2026-06-02 21:45:00,114.18,113.96,114.217,113.884,1196,1780437599.501,AUDJPY_otc
69,2026-06-02 22:00:00,113.958,113.852,113.999,113.809,1174,1780438499.876,AUDJPY_otc
69,2026-06-02 22:15:00,113.854,113.732,113.91,113.657,1192,1780439399.627,AUDJPY_otc
69,2026-06-02 22:30:00,113.732,113.589,113.752,113.403,1212,1780440299.549,AUDJPY_otc
69,2026-06-02 22:45:00,113.589,113.982,114.056,113.57,1234,1780441199.845,AUDJPY_otc
69,2026-06-02 23:00:00,113.982,114.159,114.169,113.906,1191,1780442099.704,AUDJPY_otc
69,2026-06-02 23:15:00,114.159,114.168,114.252,114.061,1196,1780442999.043,AUDJPY_otc
69,2026-06-02 23:30:00,114.168,114.004,114.268,113.957,1207,1780443899.904,AUDJPY_otc
69,2026-06-02 23:45:00,114.007,114.42,114.42,113.966,1222,1780444799.224,AUDJPY_otc
69,2026-06-03 00:00:00,114.42,114.233,114.454,114.187,1178,1780445699.58,AUDJPY_otc
69,2026-06-03 00:15:00,114.222,114.181,114.284,114.118,1177,1780446599.955,AUDJPY_otc
69,2026-06-03 00:30:00,114.181,114.278,114.334,114.165,1204,1780447499.734,AUDJPY_otc
69,2026-06-03 00:45:00,114.278,114.167,114.323,114.14,1179,1780448399.63,AUDJPY_otc
69,2026-06-03 01:00:00,114.167,114.032,114.208,113.963,1168,1780449299.933,AUDJPY_otc
69,2026-06-03 01:15:00,114.034,114.075,114.106,113.865,1181,1780450199.292,AUDJPY_otc
69,2026-06-03 01:30:00,114.077,113.978,114.137,113.971,1152,1780451099.12,AUDJPY_otc
69,2026-06-03 01:45:00,113.978,113.964,114.087,113.925,1197,1780451998.556,AUDJPY_otc
69,2026-06-03 02:00:00,113.964,113.775,113.974,113.711,1181,1780452898.815,AUDJPY_otc
69,2026-06-03 02:15:00,113.775,114.005,114.028,113.732,1192,1780453799.685,AUDJPY_otc
69,2026-06-03 02:30:00,114.005,114.344,114.365,113.923,1177,1780454699.099,AUDJPY_otc
69,2026-06-03 02:45:00,114.344,114.103,114.379,114.034,1211,1780455598.549,AUDJPY_otc
69,2026-06-03 03:00:00,114.108,114.189,114.296,114.103,1193,1780456499.892,AUDJPY_otc
69,2026-06-03 03:15:00,114.187,114.034,114.279,113.972,1207,1780457399.88,AUDJPY_otc
69,2026-06-03 03:30:00,114.034,114.543,114.55,114.024,1199,1780458299.658,AUDJPY_otc
69,2026-06-03 03:45:00,114.543,114.425,114.663,114.366,1218,1780459199.163,AUDJPY_otc
69,2026-06-03 04:00:00,114.425,114.638,114.64,114.387,1169,1780460099.455,AUDJPY_otc
69,2026-06-03 04:15:00,114.638,114.829,114.852,114.586,1192,1780460999.898,AUDJPY_otc
69,2026-06-03 04:30:00,114.829,114.707,114.829,114.662,1243,1780461899.649,AUDJPY_otc
69,2026-06-03 04:45:00,114.707,114.737,114.939,114.682,1210,1780462799.132,AUDJPY_otc
69,2026-06-03 05:00:00,114.737,114.623,114.781,114.589,1191,1780463699.925,AUDJPY_otc
69,2026-06-03 05:15:00,114.623,114.923,114.928,114.565,1187,1780464599.944,AUDJPY_otc
69,2026-06-03 05:30:00,114.923,114.959,115.003,114.776,1241,1780465498.688,AUDJPY_otc
69,2026-06-03 05:45:00,114.956,114.854,114.998,114.85,1187,1780466397.123,AUDJPY_otc
69,2026-06-03 06:00:00,114.851,114.734,114.884,114.647,1182,1780467299.547,AUDJPY_otc
69,2026-06-03 06:15:00,114.734,114.709,114.865,114.662,1184,1780468199.981,AUDJPY_otc
69,2026-06-03 06:30:00,114.714,114.679,114.775,114.602,1197,1780469099.836,AUDJPY_otc
69,2026-06-03 06:45:00,114.683,114.87,114.917,114.654,1203,1780469999.849,AUDJPY_otc
69,2026-06-03 07:00:00,114.867,114.747,114.989,114.722,1197,1780470899.786,AUDJPY_otc
69,2026-06-03 07:15:00,114.747,114.541,114.81,114.531,1194,1780471799.684,AUDJPY_otc
69,2026-06-03 07:30:00,114.546,114.593,114.611,114.411,1167,1780472698.105,AUDJPY_otc
69,2026-06-03 07:45:00,114.603,114.757,114.965,114.569,1194,1780473599.548,AUDJPY_otc
69,2026-06-03 08:00:00,114.757,114.893,114.895,114.714,1203,1780474499.493,AUDJPY_otc
69,2026-06-03 08:15:00,114.887,115.118,115.146,114.83,1211,1780475399.877,AUDJPY_otc
69,2026-06-03 08:30:00,115.12,115.225,115.295,115.074,1181,1780476299.82,AUDJPY_otc
69,2026-06-03 08:45:00,115.225,115.019,115.249,114.884,1209,1780477199.743,AUDJPY_otc
69,2026-06-03 09:00:00,115.019,114.93,115.068,114.91,1203,1780478099.627,AUDJPY_otc
69,2026-06-03 09:15:00,114.93,114.89,115.044,114.869,1190,1780478999.595,AUDJPY_otc
69,2026-06-03 09:30:00,114.884,115.024,115.053,114.807,1197,1780479898.934,AUDJPY_otc
69,2026-06-03 09:45:00,115.024,114.777,115.048,114.678,1211,1780480799.481,AUDJPY_otc
69,2026-06-03 10:00:00,114.777,114.815,114.924,114.742,1202,1780481699.809,AUDJPY_otc
69,2026-06-03 10:15:00,114.815,114.898,114.948,114.688,1196,1780482599.794,AUDJPY_otc
69,2026-06-03 10:30:00,114.901,114.966,115.017,114.843,1184,1780483499.599,AUDJPY_otc
69,2026-06-03 10:45:00,114.964,114.881,114.999,114.81,1199,1780484399.576,AUDJPY_otc
69,2026-06-03 11:00:00,114.871,115.134,115.146,114.806,1214,1780485299.905,AUDJPY_otc
69,2026-06-03 11:15:00,115.134,115.289,115.315,115.026,1172,1780486199.851,AUDJPY_otc
69,2026-06-03 11:30:00,115.291,115.511,115.533,115.239,1176,1780487099.227,AUDJPY_otc
69,2026-06-03 11:45:00,115.511,115.347,115.544,115.29,1215,1780487999.18,AUDJPY_otc
69,2026-06-03 12:00:00,115.345,115.191,115.367,115.062,1228,1780488899.508,AUDJPY_otc
69,2026-06-03 12:15:00,115.191,115.341,115.396,115.184,1201,1780489799.966,AUDJPY_otc
69,2026-06-03 12:30:00,115.341,115.274,115.411,115.227,1215,1780490699.38,AUDJPY_otc
69,2026-06-03 12:45:00,115.274,115.15,115.35,115.118,1186,1780491597.874,AUDJPY_otc
69,2026-06-03 13:00:00,115.153,115.315,115.486,115.148,1251,1780492499.413,AUDJPY_otc
69,2026-06-03 13:15:00,115.315,115.5,115.522,115.294,1203,1780493399.295,AUDJPY_otc
69,2026-06-03 13:30:00,115.497,115.325,115.67,115.298,1199,1780494297.769,AUDJPY_otc
69,2026-06-03 13:45:00,115.321,115.324,115.472,115.296,1182,1780495199.688,AUDJPY_otc
69,2026-06-03 14:00:00,115.324,115.125,115.354,115.123,1186,1780496099.556,AUDJPY_otc
69,2026-06-03 14:15:00,115.13,114.931,115.225,114.822,1227,1780496999.502,AUDJPY_otc
69,2026-06-03 14:30:00,114.943,114.821,115.024,114.802,1214,1780497899.795,AUDJPY_otc
69,2026-06-03 14:45:00,114.821,114.807,114.864,114.664,1198,1780498799.831,AUDJPY_otc
69,2026-06-03 15:00:00,114.809,114.975,114.975,114.725,1204,1780499699.162,AUDJPY_otc
69,2026-06-03 15:15:00,114.976,114.916,115.07,114.864,1208,1780500599.671,AUDJPY_otc
69,2026-06-03 15:30:00,114.916,114.902,115.059,114.886,1175,1780501498.15,AUDJPY_otc
69,2026-06-03 15:45:00,114.902,114.883,115.041,114.798,1166,1780502398.554,AUDJPY_otc
69,2026-06-03 16:00:00,114.879,114.59,114.907,114.581,1205,1780503299.483,AUDJPY_otc
69,2026-06-03 16:15:00,114.59,114.646,114.694,114.516,1213,1780504198.938,AUDJPY_otc
69,2026-06-03 16:30:00,114.646,114.695,114.845,114.623,1226,1780505099.756,AUDJPY_otc
69,2026-06-03 16:45:00,114.695,114.906,114.936,114.692,1237,1780505999.703,AUDJPY_otc
69,2026-06-03 17:00:00,114.906,114.864,114.957,114.8,1159,1780506897.097,AUDJPY_otc
69,2026-06-03 17:15:00,114.864,114.755,114.923,114.707,1178,1780507799.519,AUDJPY_otc
69,2026-06-03 17:30:00,114.758,114.844,114.903,114.698,1222,1780508699.375,AUDJPY_otc
69,2026-06-03 17:45:00,114.85,114.833,114.957,114.78,1188,1780509598.333,AUDJPY_otc
69,2026-06-03 18:00:00,114.83,114.845,114.868,114.683,1174,1780510499.691,AUDJPY_otc
69,2026-06-03 18:15:00,114.845,114.854,114.904,114.676,1175,1780511399.571,AUDJPY_otc
69,2026-06-03 18:30:00,114.854,114.769,114.882,114.7,1176,1780512299.884,AUDJPY_otc
69,2026-06-03 18:45:00,114.769,114.741,114.804,114.661,1219,1780513199.242,AUDJPY_otc
69,2026-06-03 19:00:00,114.741,114.869,114.992,114.61,1218,1780514099.654,AUDJPY_otc
69,2026-06-03 19:15:00,114.869,114.987,114.998,114.783,1205,1780514999.927,AUDJPY_otc
69,2026-06-03 19:30:00,114.984,114.941,115.036,114.844,1173,1780515899.895,AUDJPY_otc
69,2026-06-03 19:45:00,114.938,115.108,115.173,114.919,1187,1780516799.751,AUDJPY_otc
69,2026-06-03 20:00:00,115.108,115.201,115.266,115.078,1192,1780517699.55,AUDJPY_otc
69,2026-06-03 20:15:00,115.201,115.278,115.305,115.116,1176,1780518599.834,AUDJPY_otc
69,2026-06-03 20:30:00,115.278,115.176,115.38,115.152,1196,1780519499.725,AUDJPY_otc
69,2026-06-03 20:45:00,115.176,115.263,115.366,115.173,1183,1780520399.561,AUDJPY_otc
69,2026-06-03 21:00:00,115.263,115.387,115.486,115.184,1230,1780521299.405,AUDJPY_otc
69,2026-06-03 21:15:00,115.384,115.486,115.545,115.327,1203,1780522199.748,AUDJPY_otc
69,2026-06-03 21:30:00,115.489,115.591,115.689,115.453,1201,1780523099.622,AUDJPY_otc
69,2026-06-03 21:45:00,115.591,115.565,115.625,115.451,1184,1780523999.874,AUDJPY_otc
69,2026-06-03 22:00:00,115.565,115.655,115.764,115.522,1190,1780524899.708,AUDJPY_otc
69,2026-06-03 22:15:00,115.655,115.662,115.681,115.546,1199,1780525798.981,AUDJPY_otc
69,2026-06-03 22:30:00,115.662,115.584,115.678,115.438,1219,1780526699.213,AUDJPY_otc
69,2026-06-03 22:45:00,115.582,115.594,115.895,115.526,1169,1780527599.499,AUDJPY_otc
69,2026-06-03 23:00:00,115.598,115.396,115.637,115.361,1190,1780528499.34,AUDJPY_otc
69,2026-06-03 23:15:00,115.396,115.355,115.405,115.23,1197,1780529399.617,AUDJPY_otc
69,2026-06-03 23:30:00,115.352,115.338,115.424,115.261,1194,1780530299.848,AUDJPY_otc
69,2026-06-03 23:45:00,115.338,115.398,115.471,115.288,1172,1780531199.72,AUDJPY_otc
69,2026-06-04 00:00:00,115.398,115.392,115.615,115.381,1191,1780532099.477,AUDJPY_otc
69,2026-06-04 00:15:00,115.392,115.641,115.695,115.367,1166,1780532999.795,AUDJPY_otc
69,2026-06-04 00:30:00,115.641,115.771,115.771,115.578,1216,1780533899.576,AUDJPY_otc
69,2026-06-04 00:45:00,115.771,115.429,115.874,115.337,1178,1780534798.397,AUDJPY_otc
69,2026-06-04 01:00:00,115.429,115.102,115.438,115.06,1178,1780535699.745,AUDJPY_otc
69,2026-06-04 01:15:00,115.102,115.134,115.272,115.095,1189,1780536599.951,AUDJPY_otc
69,2026-06-04 01:30:00,115.134,115.34,115.408,115.134,1170,1780537498.73,AUDJPY_otc
69,2026-06-04 01:45:00,115.336,115.353,115.413,115.179,1176,1780538399.648,AUDJPY_otc
69,2026-06-04 02:00:00,115.353,115.304,115.385,115.273,1195,1780539299.433,AUDJPY_otc
69,2026-06-04 02:15:00,115.304,115.258,115.361,115.14,1190,1780540199.742,AUDJPY_otc
69,2026-06-04 02:30:00,115.253,115.237,115.37,115.112,1201,1780541099.572,AUDJPY_otc
69,2026-06-04 02:45:00,115.242,115.157,115.278,115.149,1218,1780541999.91,AUDJPY_otc
69,2026-06-04 03:00:00,115.157,114.958,115.195,114.941,1177,1780542898.807,AUDJPY_otc
69,2026-06-04 03:15:00,114.957,114.707,114.957,114.613,1194,1780543799.656,AUDJPY_otc
69,2026-06-04 03:30:00,114.707,114.42,114.753,114.3,1183,1780544699.573,AUDJPY_otc
69,2026-06-04 03:45:00,114.42,114.407,114.56,114.375,1203,1780545599.852,AUDJPY_otc
69,2026-06-04 04:00:00,114.409,114.336,114.508,114.281,1227,1780546499.298,AUDJPY_otc
69,2026-06-04 04:15:00,114.336,114.427,114.457,114.177,1186,1780547399.699,AUDJPY_otc
69,2026-06-04 04:30:00,114.424,114.39,114.671,114.353,1216,1780548299.632,AUDJPY_otc
69,2026-06-04 04:45:00,114.39,114.309,114.432,114.236,1205,1780549199.506,AUDJPY_otc
69,2026-06-04 05:00:00,114.309,114.335,114.437,114.292,1219,1780550098.862,AUDJPY_otc
69,2026-06-04 05:15:00,114.337,114.636,114.638,114.312,1203,1780550999.182,AUDJPY_otc
69,2026-06-04 05:30:00,114.638,114.566,114.651,114.476,1216,1780551899.612,AUDJPY_otc
69,2026-06-04 05:45:00,114.564,114.808,114.839,114.53,1195,1780552799.45,AUDJPY_otc
69,2026-06-04 06:00:00,114.808,114.682,114.878,114.642,1214,1780553699.933,AUDJPY_otc
69,2026-06-04 06:15:00,114.682,114.705,114.797,114.636,1205,1780554599.705,AUDJPY_otc
69,2026-06-04 06:30:00,114.705,114.694,114.946,114.68,1190,1780555499.635,AUDJPY_otc
69,2026-06-04 06:45:00,114.694,114.965,114.99,114.613,1223,1780556399.918,AUDJPY_otc
69,2026-06-04 07:00:00,114.965,114.984,115.083,114.825,1198,1780557299.366,AUDJPY_otc
69,2026-06-04 07:15:00,114.984,115.035,115.062,114.798,1187,1780558199.634,AUDJPY_otc
69,2026-06-04 07:30:00,115.012,114.704,115.018,114.699,1175,1780559099.622,AUDJPY_otc
69,2026-06-04 07:45:00,114.704,114.882,114.886,114.61,1215,1780559999.437,AUDJPY_otc
69,2026-06-04 08:00:00,114.886,114.892,114.929,114.798,1179,1780560898.9,AUDJPY_otc
69,2026-06-04 08:15:00,114.895,114.873,115.062,114.864,1191,1780561799.886,AUDJPY_otc
69,2026-06-04 08:30:00,114.873,115.07,115.109,114.873,1177,1780562699.179,AUDJPY_otc
69,2026-06-04 08:45:00,115.06,114.983,115.127,114.929,1208,1780563599.6,AUDJPY_otc
69,2026-06-04 09:00:00,114.983,114.981,115.101,114.909,1212,1780564499.503,AUDJPY_otc
69,2026-06-04 09:15:00,114.978,114.782,115.027,114.719,1216,1780565399.408,AUDJPY_otc
69,2026-06-04 09:30:00,114.782,114.338,114.816,114.335,1167,1780566299.294,AUDJPY_otc
69,2026-06-04 09:45:00,114.341,114.208,114.381,114.124,1170,1780567197.252,AUDJPY_otc
69,2026-06-04 10:00:00,114.205,114.287,114.349,114.185,1218,1780568099.523,AUDJPY_otc
69,2026-06-04 10:15:00,114.287,114.374,114.488,114.261,1168,1780568999.857,AUDJPY_otc
69,2026-06-04 10:30:00,114.374,114.529,114.577,114.28,1224,1780569899.67,AUDJPY_otc
69,2026-06-04 10:45:00,114.529,114.519,114.59,114.453,1197,1780570799.524,AUDJPY_otc
69,2026-06-04 11:00:00,114.521,114.585,114.625,114.398,1155,1780571699.542,AUDJPY_otc
69,2026-06-04 11:15:00,114.585,114.62,114.669,114.518,1207,1780572599.329,AUDJPY_otc
69,2026-06-04 11:30:00,114.62,114.482,114.697,114.482,1159,1780573499.792,AUDJPY_otc
69,2026-06-04 11:45:00,114.48,114.304,114.611,114.23,1194,1780574399.634,AUDJPY_otc
69,2026-06-04 12:00:00,114.304,114.58,114.601,114.261,1189,1780575299.048,AUDJPY_otc
69,2026-06-04 12:15:00,114.575,114.458,114.646,114.352,1208,1780576199.345,AUDJPY_otc
69,2026-06-04 12:30:00,114.458,114.61,114.65,114.342,1186,1780577099.802,AUDJPY_otc
69,2026-06-04 12:45:00,114.61,114.349,114.622,114.346,1200,1780577999.563,AUDJPY_otc
69,2026-06-04 13:00:00,114.349,114.301,114.376,114.216,1175,1780578899.523,AUDJPY_otc
69,2026-06-04 13:15:00,114.308,114.251,114.426,114.231,1198,1780579799.799,AUDJPY_otc
69,2026-06-04 13:30:00,114.254,114.003,114.279,113.999,1188,1780580699.721,AUDJPY_otc
69,2026-06-04 13:45:00,114.003,114.017,114.111,113.91,1218,1780581599.554,AUDJPY_otc
69,2026-06-04 14:00:00,114.018,114.304,114.304,113.998,1193,1780582499.017,AUDJPY_otc
69,2026-06-04 14:15:00,114.304,114.496,114.546,114.244,1238,1780583399.39,AUDJPY_otc
69,2026-06-04 14:30:00,114.496,114.608,114.63,114.41,1207,1780584299.836,AUDJPY_otc
69,2026-06-04 14:45:00,114.608,114.573,114.656,114.524,1198,1780585199.683,AUDJPY_otc
69,2026-06-04 15:00:00,114.573,114.441,114.606,114.425,1245,1780586099.636,AUDJPY_otc
69,2026-06-04 15:15:00,114.447,114.741,114.837,114.377,1235,1780586999.501,AUDJPY_otc
69,2026-06-04 15:30:00,114.739,114.829,114.979,114.635,1187,1780587899.506,AUDJPY_otc
69,2026-06-04 15:45:00,114.833,114.575,114.928,114.544,1197,1780588799.983,AUDJPY_otc
69,2026-06-04 16:00:00,114.577,114.364,114.647,114.34,1206,1780589699.862,AUDJPY_otc
69,2026-06-04 16:15:00,114.364,114.277,114.539,114.264,1174,1780590599.841,AUDJPY_otc
69,2026-06-04 16:30:00,114.277,114.268,114.333,114.103,1191,1780591499.648,AUDJPY_otc
69,2026-06-04 16:45:00,114.268,114.133,114.338,114.094,1220,1780592399.546,AUDJPY_otc
69,2026-06-04 17:00:00,114.131,114.396,114.457,114.129,1195,1780593299.891,AUDJPY_otc
69,2026-06-04 17:15:00,114.396,114.53,114.532,114.244,1218,1780594199.837,AUDJPY_otc
69,2026-06-04 17:30:00,114.53,114.923,114.947,114.53,1218,1780595099.198,AUDJPY_otc
69,2026-06-04 17:45:00,114.926,115.063,115.165,114.925,1185,1780595999.59,AUDJPY_otc
69,2026-06-04 18:00:00,115.061,114.998,115.222,114.996,1195,1780596899.438,AUDJPY_otc
69,2026-06-04 18:15:00,114.996,115.295,115.314,114.883,1203,1780597799.866,AUDJPY_otc
69,2026-06-04 18:30:00,115.3,115.566,115.59,115.29,1202,1780598699.844,AUDJPY_otc
69,2026-06-04 18:45:00,115.566,115.457,115.575,115.398,1201,1780599599.643,AUDJPY_otc
69,2026-06-04 19:00:00,115.455,115.558,115.605,115.455,1186,1780600499.95,AUDJPY_otc
69,2026-06-04 19:15:00,115.558,115.278,115.564,115.254,1156,1780601399.825,AUDJPY_otc
69,2026-06-04 19:30:00,115.278,115.318,115.441,115.236,1185,1780602297.693,AUDJPY_otc
69,2026-06-04 19:45:00,115.318,115.223,115.343,115.178,1221,1780603199.583,AUDJPY_otc
69,2026-06-04 20:00:00,115.223,115.227,115.367,115.222,826,1780603803.581,AUDJPY_otc
