symbol_id,timestamp,open,close,high,low,volume,last_tick,asset
71,2026-06-01 20:06:00,0.72363,0.72371,0.72371,0.72349,82,1780344417.576,AUDUSD_otc
71,2026-06-01 20:07:00,0.7237,0.72359,0.72388,0.72357,87,1780344479.648,AUDUSD_otc
71,2026-06-01 20:08:00,0.72359,0.72355,0.72373,0.7235,79,1780344539.721,AUDUSD_otc
71,2026-06-01 20:09:00,0.72355,0.72359,0.72361,0.72336,74,1780344599.788,AUDUSD_otc
71,2026-06-01 20:10:00,0.7236,0.72347,0.72376,0.72345,88,1780344659.897,AUDUSD_otc
71,2026-06-01 20:11:00,0.72347,0.72335,0.72362,0.72331,82,1780344719.971,AUDUSD_otc
71,2026-06-01 20:12:00,0.72332,0.72298,0.72344,0.72292,81,1780344779.056,AUDUSD_otc
71,2026-06-01 20:13:00,0.72298,0.7229,0.72336,0.7229,75,1780344839.152,AUDUSD_otc
71,2026-06-01 20:14:00,0.7229,0.72279,0.7229,0.72258,82,1780344898.75,AUDUSD_otc
71,2026-06-01 20:15:00,0.72279,0.72278,0.72295,0.72271,78,1780344959.367,AUDUSD_otc
71,2026-06-01 20:16:00,0.72278,0.72283,0.72289,0.72277,82,1780345019.992,AUDUSD_otc
71,2026-06-01 20:17:00,0.72283,0.72315,0.72318,0.72282,78,1780345079.061,AUDUSD_otc
71,2026-06-01 20:18:00,0.72317,0.723,0.72336,0.72298,82,1780345139.647,AUDUSD_otc
71,2026-06-01 20:19:00,0.723,0.72294,0.72302,0.72274,80,1780345199.205,AUDUSD_otc
71,2026-06-01 20:20:00,0.72294,0.72297,0.72314,0.72287,81,1780345259.81,AUDUSD_otc
71,2026-06-01 20:21:00,0.72297,0.72295,0.72298,0.72277,75,1780345319.382,AUDUSD_otc
71,2026-06-01 20:22:00,0.72295,0.72311,0.72343,0.72291,83,1780345379.968,AUDUSD_otc
71,2026-06-01 20:23:00,0.72311,0.72317,0.72333,0.72307,79,1780345439.059,AUDUSD_otc
71,2026-06-01 20:24:00,0.72319,0.7229,0.72319,0.72288,76,1780345499.653,AUDUSD_otc
71,2026-06-01 20:25:00,0.72289,0.72298,0.72301,0.72259,84,1780345559.771,AUDUSD_otc
71,2026-06-01 20:26:00,0.72298,0.72304,0.7232,0.72289,79,1780345619.882,AUDUSD_otc
71,2026-06-01 20:27:00,0.72305,0.72344,0.7235,0.72296,84,1780345679.473,AUDUSD_otc
71,2026-06-01 20:28:00,0.72343,0.7236,0.72365,0.72335,77,1780345738.064,AUDUSD_otc
71,2026-06-01 20:29:00,0.72362,0.72365,0.7237,0.72338,74,1780345798.632,AUDUSD_otc
71,2026-06-01 20:30:00,0.72365,0.72359,0.72373,0.72344,78,1780345859.714,AUDUSD_otc
71,2026-06-01 20:31:00,0.72361,0.72348,0.7238,0.72345,79,1780345919.779,AUDUSD_otc
71,2026-06-01 20:32:00,0.72348,0.7232,0.72367,0.7232,92,1780345979.857,AUDUSD_otc
71,2026-06-01 20:33:00,0.7232,0.72328,0.72334,0.7229,89,1780346039.953,AUDUSD_otc
71,2026-06-01 20:34:00,0.72328,0.72382,0.72386,0.72328,83,1780346099.556,AUDUSD_otc
71,2026-06-01 20:35:00,0.72383,0.72364,0.72387,0.72352,90,1780346158.174,AUDUSD_otc
71,2026-06-01 20:36:00,0.72364,0.72357,0.7237,0.72346,86,1780346219.782,AUDUSD_otc
71,2026-06-01 20:37:00,0.72357,0.723,0.72357,0.723,82,1780346278.889,AUDUSD_otc
71,2026-06-01 20:38:00,0.723,0.72283,0.72312,0.72281,70,1780346338.477,AUDUSD_otc
71,2026-06-01 20:39:00,0.72283,0.72313,0.72313,0.72272,77,1780346399.569,AUDUSD_otc
71,2026-06-01 20:40:00,0.72308,0.72299,0.72327,0.72287,88,1780346459.141,AUDUSD_otc
71,2026-06-01 20:41:00,0.72297,0.72353,0.72353,0.72293,72,1780346518.705,AUDUSD_otc
71,2026-06-01 20:42:00,0.72353,0.72337,0.72354,0.72335,66,1780346579.808,AUDUSD_otc
71,2026-06-01 20:43:00,0.72337,0.7231,0.72341,0.723,80,1780346639.886,AUDUSD_otc
71,2026-06-01 20:44:00,0.72307,0.72297,0.72307,0.72271,84,1780346699.993,AUDUSD_otc
71,2026-06-01 20:45:00,0.72298,0.72311,0.72327,0.72298,82,1780346759.6,AUDUSD_otc
71,2026-06-01 20:46:00,0.72311,0.72306,0.72313,0.72299,76,1780346819.198,AUDUSD_otc
71,2026-06-01 20:47:00,0.72306,0.72323,0.72334,0.72288,78,1780346879.813,AUDUSD_otc
71,2026-06-01 20:48:00,0.7232,0.72329,0.72351,0.72319,82,1780346939.902,AUDUSD_otc
71,2026-06-01 20:49:00,0.72331,0.7235,0.72351,0.72321,83,1780346999.454,AUDUSD_otc
71,2026-06-01 20:50:00,0.72351,0.72371,0.72374,0.72335,83,1780347059.546,AUDUSD_otc
71,2026-06-01 20:51:00,0.72371,0.72365,0.72395,0.72356,75,1780347119.636,AUDUSD_otc
71,2026-06-01 20:52:00,0.72365,0.72378,0.72402,0.72362,91,1780347179.209,AUDUSD_otc
71,2026-06-01 20:53:00,0.72378,0.72341,0.72381,0.72333,93,1780347239.808,AUDUSD_otc
71,2026-06-01 20:54:00,0.72341,0.72384,0.72384,0.72337,85,1780347299.383,AUDUSD_otc
71,2026-06-01 20:55:00,0.72384,0.72365,0.72384,0.72356,83,1780347359.995,AUDUSD_otc
71,2026-06-01 20:56:00,0.72365,0.72389,0.72389,0.72359,73,1780347419.617,AUDUSD_otc
71,2026-06-01 20:57:00,0.72387,0.72397,0.72399,0.72362,70,1780347479.722,AUDUSD_otc
71,2026-06-01 20:58:00,0.72399,0.72423,0.72433,0.72399,85,1780347539.807,AUDUSD_otc
71,2026-06-01 20:59:00,0.72425,0.72416,0.72428,0.72409,76,1780347599.877,AUDUSD_otc
71,2026-06-01 21:00:00,0.72411,0.72375,0.72412,0.72375,88,1780347659.94,AUDUSD_otc
71,2026-06-01 21:01:00,0.72375,0.72351,0.72375,0.72347,78,1780347719.525,AUDUSD_otc
71,2026-06-01 21:02:00,0.72352,0.72355,0.72369,0.72343,80,1780347779.61,AUDUSD_otc
71,2026-06-01 21:03:00,0.72355,0.72378,0.72381,0.72353,72,1780347839.673,AUDUSD_otc
71,2026-06-01 21:04:00,0.72378,0.72348,0.72378,0.72348,76,1780347899.78,AUDUSD_otc
71,2026-06-01 21:05:00,0.72348,0.72355,0.7236,0.72329,84,1780347959.388,AUDUSD_otc
71,2026-06-01 21:06:00,0.72361,0.72388,0.72389,0.72355,81,1780348019.992,AUDUSD_otc
71,2026-06-01 21:07:00,0.72388,0.72348,0.72393,0.72348,88,1780348079.601,AUDUSD_otc
71,2026-06-01 21:08:00,0.7235,0.72361,0.72361,0.72313,81,1780348139.71,AUDUSD_otc
71,2026-06-01 21:09:00,0.72361,0.72406,0.72406,0.72355,75,1780348199.8,AUDUSD_otc
71,2026-06-01 21:10:00,0.72406,0.72398,0.72417,0.72385,77,1780348259.903,AUDUSD_otc
71,2026-06-01 21:11:00,0.72398,0.72409,0.72422,0.72398,89,1780348319.955,AUDUSD_otc
71,2026-06-01 21:12:00,0.72409,0.72437,0.72439,0.72406,74,1780348379.546,AUDUSD_otc
71,2026-06-01 21:13:00,0.72439,0.72437,0.7245,0.72423,75,1780348439.646,AUDUSD_otc
71,2026-06-01 21:14:00,0.72437,0.72411,0.72439,0.72405,79,1780348499.255,AUDUSD_otc
71,2026-06-01 21:15:00,0.72411,0.724,0.72414,0.72395,80,1780348559.875,AUDUSD_otc
71,2026-06-01 21:16:00,0.724,0.72429,0.72438,0.724,76,1780348619.965,AUDUSD_otc
71,2026-06-01 21:17:00,0.72429,0.72429,0.72455,0.72425,78,1780348678.552,AUDUSD_otc
71,2026-06-01 21:18:00,0.72429,0.72434,0.72435,0.72409,72,1780348739.649,AUDUSD_otc
71,2026-06-01 21:19:00,0.72437,0.72445,0.72456,0.7243,80,1780348799.71,AUDUSD_otc
71,2026-06-01 21:20:00,0.72445,0.7246,0.72476,0.72441,78,1780348859.816,AUDUSD_otc
71,2026-06-01 21:21:00,0.72462,0.72485,0.72485,0.72449,81,1780348919.894,AUDUSD_otc
71,2026-06-01 21:22:00,0.72483,0.72484,0.72486,0.72465,81,1780348979.995,AUDUSD_otc
71,2026-06-01 21:23:00,0.72484,0.72486,0.72511,0.72472,82,1780349039.585,AUDUSD_otc
71,2026-06-01 21:24:00,0.72486,0.72479,0.72492,0.72473,80,1780349099.693,AUDUSD_otc
71,2026-06-01 21:25:00,0.72473,0.72486,0.72488,0.72457,74,1780349159.807,AUDUSD_otc
71,2026-06-01 21:26:00,0.72486,0.72472,0.72486,0.72458,82,1780349219.409,AUDUSD_otc
71,2026-06-01 21:27:00,0.72472,0.72449,0.72472,0.72442,88,1780349279.995,AUDUSD_otc
71,2026-06-01 21:28:00,0.72449,0.72489,0.7249,0.72446,86,1780349339.547,AUDUSD_otc
71,2026-06-01 21:29:00,0.72489,0.72499,0.72507,0.72489,74,1780349399.124,AUDUSD_otc
71,2026-06-01 21:30:00,0.72499,0.72498,0.72519,0.72493,80,1780349456.668,AUDUSD_otc
71,2026-06-01 21:31:00,0.72498,0.72466,0.72515,0.72456,87,1780349519.753,AUDUSD_otc
71,2026-06-01 21:32:00,0.72466,0.72481,0.72497,0.72455,78,1780349579.821,AUDUSD_otc
71,2026-06-01 21:33:00,0.72481,0.72429,0.72493,0.72429,82,1780349639.878,AUDUSD_otc
71,2026-06-01 21:34:00,0.72429,0.72386,0.72445,0.72384,82,1780349699.978,AUDUSD_otc
71,2026-06-01 21:35:00,0.72386,0.72392,0.72401,0.72376,84,1780349759.561,AUDUSD_otc
71,2026-06-01 21:36:00,0.72392,0.72426,0.72434,0.72382,81,1780349819.669,AUDUSD_otc
71,2026-06-01 21:37:00,0.72426,0.72427,0.72431,0.72404,75,1780349879.779,AUDUSD_otc
71,2026-06-01 21:38:00,0.72427,0.72481,0.72481,0.72425,78,1780349939.88,AUDUSD_otc
71,2026-06-01 21:39:00,0.72481,0.72455,0.72491,0.72452,74,1780349999.988,AUDUSD_otc
71,2026-06-01 21:40:00,0.72455,0.7248,0.72483,0.72448,80,1780350059.582,AUDUSD_otc
71,2026-06-01 21:41:00,0.7248,0.72519,0.72521,0.7248,82,1780350119.639,AUDUSD_otc
71,2026-06-01 21:42:00,0.7252,0.72503,0.7252,0.72497,89,1780350179.239,AUDUSD_otc
71,2026-06-01 21:43:00,0.725,0.72483,0.72511,0.72468,85,1780350239.327,AUDUSD_otc
71,2026-06-01 21:44:00,0.72483,0.72535,0.72536,0.72476,72,1780350299.923,AUDUSD_otc
71,2026-06-01 21:45:00,0.72538,0.72524,0.7255,0.72523,73,1780350359.539,AUDUSD_otc
71,2026-06-01 21:46:00,0.72524,0.72492,0.72524,0.72487,84,1780350419.636,AUDUSD_otc
71,2026-06-01 21:47:00,0.72492,0.72468,0.72508,0.72463,76,1780350479.755,AUDUSD_otc
71,2026-06-01 21:48:00,0.72468,0.72484,0.725,0.72468,81,1780350539.847,AUDUSD_otc
71,2026-06-01 21:49:00,0.72484,0.7249,0.72495,0.72473,85,1780350599.905,AUDUSD_otc
71,2026-06-01 21:50:00,0.7249,0.7254,0.7254,0.72479,81,1780350659.508,AUDUSD_otc
71,2026-06-01 21:51:00,0.7254,0.72546,0.72546,0.72521,72,1780350719.584,AUDUSD_otc
71,2026-06-01 21:52:00,0.72544,0.72512,0.72546,0.72505,73,1780350779.656,AUDUSD_otc
71,2026-06-01 21:53:00,0.72509,0.72546,0.72549,0.72507,77,1780350839.739,AUDUSD_otc
71,2026-06-01 21:54:00,0.72546,0.72549,0.72563,0.72536,79,1780350899.823,AUDUSD_otc
71,2026-06-01 21:55:00,0.72549,0.72552,0.72562,0.72531,86,1780350959.917,AUDUSD_otc
71,2026-06-01 21:56:00,0.72552,0.72537,0.72559,0.72529,78,1780351019.546,AUDUSD_otc
71,2026-06-01 21:57:00,0.72537,0.72493,0.72546,0.72479,82,1780351079.65,AUDUSD_otc
71,2026-06-01 21:58:00,0.72491,0.72508,0.72509,0.7248,81,1780351139.754,AUDUSD_otc
71,2026-06-01 21:59:00,0.72506,0.72493,0.72506,0.72483,78,1780351199.855,AUDUSD_otc
71,2026-06-01 22:00:00,0.72498,0.72506,0.72524,0.72493,75,1780351259.418,AUDUSD_otc
71,2026-06-01 22:01:00,0.72505,0.72476,0.72505,0.72463,84,1780351319.515,AUDUSD_otc
71,2026-06-01 22:02:00,0.72479,0.72522,0.72525,0.72472,75,1780351379.588,AUDUSD_otc
71,2026-06-01 22:03:00,0.72525,0.72569,0.72578,0.72522,82,1780351439.663,AUDUSD_otc
71,2026-06-01 22:04:00,0.72569,0.72578,0.72582,0.72556,89,1780351499.767,AUDUSD_otc
71,2026-06-01 22:05:00,0.72578,0.7256,0.72578,0.72553,84,1780351559.863,AUDUSD_otc
71,2026-06-01 22:06:00,0.7256,0.72559,0.72575,0.72549,77,1780351619.956,AUDUSD_otc
71,2026-06-01 22:07:00,0.72559,0.72542,0.72564,0.72529,79,1780351679.575,AUDUSD_otc
71,2026-06-01 22:08:00,0.72535,0.72508,0.72565,0.72508,84,1780351739.681,AUDUSD_otc
71,2026-06-01 22:09:00,0.72509,0.72502,0.72527,0.72492,83,1780351799.276,AUDUSD_otc
71,2026-06-01 22:10:00,0.72503,0.725,0.72505,0.72486,82,1780351859.856,AUDUSD_otc
71,2026-06-01 22:11:00,0.725,0.72518,0.72521,0.7249,84,1780351919.421,AUDUSD_otc
71,2026-06-01 22:12:00,0.72518,0.72473,0.72523,0.72473,80,1780351979.53,AUDUSD_otc
71,2026-06-01 22:13:00,0.72473,0.72442,0.72478,0.72437,83,1780352039.113,AUDUSD_otc
71,2026-06-01 22:14:00,0.7244,0.72427,0.72468,0.72424,78,1780352099.727,AUDUSD_otc
71,2026-06-01 22:15:00,0.72417,0.72435,0.7245,0.72417,75,1780352159.844,AUDUSD_otc
71,2026-06-01 22:16:00,0.72435,0.72449,0.72467,0.72433,82,1780352219.939,AUDUSD_otc
71,2026-06-01 22:17:00,0.72448,0.72441,0.72452,0.72418,75,1780352279.542,AUDUSD_otc
71,2026-06-01 22:18:00,0.72441,0.72448,0.72452,0.72424,77,1780352339.63,AUDUSD_otc
71,2026-06-01 22:19:00,0.72448,0.72501,0.72504,0.72447,77,1780352399.678,AUDUSD_otc
71,2026-06-01 22:20:00,0.72502,0.72505,0.72527,0.72498,91,1780352459.79,AUDUSD_otc
71,2026-06-01 22:21:00,0.72505,0.72494,0.72529,0.72492,80,1780352519.848,AUDUSD_otc
71,2026-06-01 22:22:00,0.72494,0.72512,0.72517,0.72489,81,1780352579.916,AUDUSD_otc
71,2026-06-01 22:23:00,0.72512,0.72563,0.72563,0.72512,79,1780352637.508,AUDUSD_otc
71,2026-06-01 22:24:00,0.72564,0.72558,0.72577,0.72548,79,1780352699.607,AUDUSD_otc
71,2026-06-01 22:25:00,0.72559,0.72548,0.72568,0.72548,85,1780352759.701,AUDUSD_otc
71,2026-06-01 22:26:00,0.72548,0.72593,0.72603,0.72539,72,1780352819.83,AUDUSD_otc
71,2026-06-01 22:27:00,0.72593,0.72583,0.72601,0.72578,78,1780352879.431,AUDUSD_otc
71,2026-06-01 22:28:00,0.72583,0.72583,0.72592,0.72563,74,1780352939.508,AUDUSD_otc
71,2026-06-01 22:29:00,0.72583,0.72577,0.72592,0.72574,81,1780352999.583,AUDUSD_otc
71,2026-06-01 22:30:00,0.72575,0.72583,0.72585,0.72563,84,1780353059.142,AUDUSD_otc
71,2026-06-01 22:31:00,0.72586,0.72563,0.72586,0.7255,82,1780353119.241,AUDUSD_otc
71,2026-06-01 22:32:00,0.72563,0.7257,0.72574,0.72539,71,1780353179.31,AUDUSD_otc
71,2026-06-01 22:33:00,0.7257,0.72542,0.72585,0.72542,74,1780353239.894,AUDUSD_otc
71,2026-06-01 22:34:00,0.72544,0.72504,0.72547,0.72504,84,1780353299.993,AUDUSD_otc
71,2026-06-01 22:35:00,0.72504,0.72496,0.72526,0.72496,78,1780353359.093,AUDUSD_otc
71,2026-06-01 22:36:00,0.72495,0.7245,0.72501,0.72448,94,1780353419.691,AUDUSD_otc
71,2026-06-01 22:37:00,0.72439,0.72425,0.7244,0.72421,79,1780353479.809,AUDUSD_otc
71,2026-06-01 22:38:00,0.72427,0.72413,0.72437,0.72407,86,1780353539.905,AUDUSD_otc
71,2026-06-01 22:39:00,0.72419,0.72456,0.72456,0.72415,74,1780353599.505,AUDUSD_otc
71,2026-06-01 22:40:00,0.72456,0.72437,0.72465,0.72435,76,1780353659.583,AUDUSD_otc
71,2026-06-01 22:41:00,0.72437,0.72426,0.72443,0.72416,76,1780353719.15,AUDUSD_otc
71,2026-06-01 22:42:00,0.72426,0.72407,0.7244,0.72407,80,1780353779.259,AUDUSD_otc
71,2026-06-01 22:43:00,0.72407,0.72412,0.72442,0.72402,88,1780353838.848,AUDUSD_otc
71,2026-06-01 22:44:00,0.72412,0.72399,0.7242,0.72394,86,1780353899.952,AUDUSD_otc
71,2026-06-01 22:45:00,0.72399,0.72378,0.72403,0.72371,80,1780353959.579,AUDUSD_otc
71,2026-06-01 22:46:00,0.72378,0.72416,0.72424,0.72372,75,1780354019.668,AUDUSD_otc
71,2026-06-01 22:47:00,0.7242,0.72439,0.72463,0.72414,90,1780354079.258,AUDUSD_otc
71,2026-06-01 22:48:00,0.7244,0.72487,0.72492,0.72439,79,1780354139.838,AUDUSD_otc
71,2026-06-01 22:49:00,0.72487,0.72482,0.72502,0.72473,79,1780354199.395,AUDUSD_otc
71,2026-06-01 22:50:00,0.72487,0.72485,0.72493,0.72457,78,1780354259.998,AUDUSD_otc
71,2026-06-01 22:51:00,0.72485,0.72476,0.72492,0.72464,71,1780354319.061,AUDUSD_otc
71,2026-06-01 22:52:00,0.72475,0.72499,0.72501,0.72468,82,1780354379.626,AUDUSD_otc
71,2026-06-01 22:53:00,0.72499,0.72518,0.72518,0.72493,82,1780354439.718,AUDUSD_otc
71,2026-06-01 22:54:00,0.72518,0.72558,0.72558,0.72507,72,1780354499.804,AUDUSD_otc
71,2026-06-01 22:55:00,0.72558,0.72599,0.72606,0.72552,85,1780354559.89,AUDUSD_otc
71,2026-06-01 22:56:00,0.72602,0.72613,0.72628,0.7259,85,1780354619.999,AUDUSD_otc
71,2026-06-01 22:57:00,0.72613,0.72558,0.72615,0.72557,73,1780354679.105,AUDUSD_otc
71,2026-06-01 22:58:00,0.72558,0.72543,0.72563,0.7254,73,1780354739.192,AUDUSD_otc
71,2026-06-01 22:59:00,0.72543,0.72505,0.72546,0.72505,78,1780354799.792,AUDUSD_otc
71,2026-06-01 23:00:00,0.72505,0.72489,0.72518,0.72487,79,1780354859.87,AUDUSD_otc
71,2026-06-01 23:01:00,0.72489,0.72454,0.72489,0.72448,84,1780354919.969,AUDUSD_otc
71,2026-06-01 23:02:00,0.72454,0.72456,0.72457,0.72429,83,1780354979.551,AUDUSD_otc
71,2026-06-01 23:03:00,0.72457,0.72462,0.72479,0.72454,82,1780355039.629,AUDUSD_otc
71,2026-06-01 23:04:00,0.72457,0.72458,0.72473,0.72436,83,1780355099.226,AUDUSD_otc
71,2026-06-01 23:05:00,0.72458,0.7246,0.72468,0.72448,74,1780355159.841,AUDUSD_otc
71,2026-06-01 23:06:00,0.7246,0.72424,0.72471,0.72424,77,1780355219.941,AUDUSD_otc
71,2026-06-01 23:07:00,0.72424,0.72445,0.72451,0.72404,89,1780355278.546,AUDUSD_otc
71,2026-06-01 23:08:00,0.72445,0.72449,0.72468,0.72439,82,1780355339.633,AUDUSD_otc
71,2026-06-01 23:09:00,0.72449,0.72453,0.72468,0.72421,85,1780355399.731,AUDUSD_otc
71,2026-06-01 23:10:00,0.72452,0.7246,0.72475,0.72451,84,1780355459.301,AUDUSD_otc
71,2026-06-01 23:11:00,0.7246,0.71557,0.72462,0.71536,87,1780355519.879,AUDUSD_otc
71,2026-06-01 23:12:00,0.71557,0.71542,0.71557,0.71522,76,1780355579.463,AUDUSD_otc
71,2026-06-01 23:13:00,0.71542,0.71536,0.71554,0.71515,79,1780355638.028,AUDUSD_otc
71,2026-06-01 23:14:00,0.71535,0.71545,0.71574,0.71535,80,1780355699.625,AUDUSD_otc
71,2026-06-01 23:15:00,0.71543,0.71557,0.71565,0.71541,79,1780355759.709,AUDUSD_otc
71,2026-06-01 23:16:00,0.71557,0.71552,0.71558,0.71524,74,1780355819.806,AUDUSD_otc
71,2026-06-01 23:17:00,0.71552,0.7157,0.7157,0.71547,85,1780355879.918,AUDUSD_otc
71,2026-06-01 23:18:00,0.7157,0.71551,0.71588,0.71538,73,1780355939.528,AUDUSD_otc
71,2026-06-01 23:19:00,0.71551,0.71582,0.71596,0.71536,91,1780355999.104,AUDUSD_otc
71,2026-06-01 23:20:00,0.71582,0.71616,0.71616,0.71582,81,1780356059.682,AUDUSD_otc
71,2026-06-01 23:21:00,0.71613,0.71597,0.71617,0.7157,77,1780356119.739,AUDUSD_otc
71,2026-06-01 23:22:00,0.71597,0.71654,0.71655,0.7159,92,1780356178.809,AUDUSD_otc
71,2026-06-01 23:23:00,0.71654,0.71662,0.71675,0.71647,74,1780356239.894,AUDUSD_otc
71,2026-06-01 23:24:00,0.71662,0.71667,0.71675,0.71652,77,1780356299.957,AUDUSD_otc
71,2026-06-01 23:25:00,0.71667,0.71681,0.71702,0.7166,78,1780356359.055,AUDUSD_otc
71,2026-06-01 23:26:00,0.71681,0.71677,0.7169,0.71666,83,1780356418.644,AUDUSD_otc
71,2026-06-01 23:27:00,0.71677,0.7168,0.71692,0.71673,73,1780356479.714,AUDUSD_otc
71,2026-06-01 23:28:00,0.7168,0.71722,0.71737,0.7168,89,1780356539.815,AUDUSD_otc
71,2026-06-01 23:29:00,0.71725,0.71751,0.71772,0.71724,82,1780356599.431,AUDUSD_otc
71,2026-06-01 23:30:00,0.71754,0.71738,0.71759,0.71717,84,1780356658.537,AUDUSD_otc
71,2026-06-01 23:31:00,0.71737,0.71754,0.71766,0.71731,81,1780356719.645,AUDUSD_otc
71,2026-06-01 23:32:00,0.71753,0.71752,0.71764,0.71738,77,1780356779.686,AUDUSD_otc
71,2026-06-01 23:33:00,0.71752,0.71741,0.71773,0.71732,81,1780356839.29,AUDUSD_otc
71,2026-06-01 23:34:00,0.71741,0.71719,0.71745,0.71698,75,1780356899.861,AUDUSD_otc
71,2026-06-01 23:35:00,0.71719,0.71735,0.71738,0.71707,80,1780356959.932,AUDUSD_otc
71,2026-06-01 23:36:00,0.71735,0.71766,0.71768,0.7173,81,1780357018.53,AUDUSD_otc
71,2026-06-01 23:37:00,0.71766,0.71797,0.71799,0.7176,65,1780357078.118,AUDUSD_otc
71,2026-06-01 23:38:00,0.71799,0.71802,0.71825,0.71792,82,1780357139.22,AUDUSD_otc
71,2026-06-01 23:39:00,0.71802,0.71817,0.71817,0.71786,79,1780357199.823,AUDUSD_otc
71,2026-06-01 23:40:00,0.71817,0.71806,0.71819,0.71783,73,1780357259.421,AUDUSD_otc
71,2026-06-01 23:41:00,0.71806,0.71771,0.7182,0.71771,79,1780357319.502,AUDUSD_otc
71,2026-06-01 23:42:00,0.71769,0.71786,0.71799,0.71765,85,1780357379.585,AUDUSD_otc
71,2026-06-01 23:43:00,0.71786,0.71762,0.718,0.71756,87,1780357439.643,AUDUSD_otc
71,2026-06-01 23:44:00,0.71762,0.71724,0.71764,0.71716,79,1780357499.759,AUDUSD_otc
71,2026-06-01 23:45:00,0.7172,0.71732,0.71738,0.71711,74,1780357559.339,AUDUSD_otc
71,2026-06-01 23:46:00,0.71732,0.71744,0.71745,0.71713,78,1780357619.903,AUDUSD_otc
71,2026-06-01 23:47:00,0.7174,0.71763,0.71771,0.71732,81,1780357678.498,AUDUSD_otc
71,2026-06-01 23:48:00,0.71762,0.71748,0.71775,0.71736,77,1780357739.593,AUDUSD_otc
71,2026-06-01 23:49:00,0.71747,0.7171,0.71757,0.7171,75,1780357799.69,AUDUSD_otc
71,2026-06-01 23:50:00,0.7171,0.7165,0.71713,0.71649,86,1780357859.807,AUDUSD_otc
71,2026-06-01 23:51:00,0.71649,0.71654,0.71666,0.71639,83,1780357919.41,AUDUSD_otc
71,2026-06-01 23:52:00,0.71654,0.71641,0.71655,0.71634,79,1780357979.495,AUDUSD_otc
71,2026-06-01 23:53:00,0.7164,0.71637,0.71657,0.71627,82,1780358039.571,AUDUSD_otc
71,2026-06-01 23:54:00,0.71638,0.71602,0.71641,0.716,80,1780358099.142,AUDUSD_otc
71,2026-06-01 23:55:00,0.71605,0.71639,0.71647,0.71605,77,1780358159.753,AUDUSD_otc
71,2026-06-01 23:56:00,0.71639,0.71624,0.71647,0.71615,80,1780358219.821,AUDUSD_otc
71,2026-06-01 23:57:00,0.71624,0.71643,0.7165,0.71624,80,1780358279.919,AUDUSD_otc
71,2026-06-01 23:58:00,0.71643,0.71568,0.71649,0.71562,89,1780358339.531,AUDUSD_otc
71,2026-06-01 23:59:00,0.71568,0.71574,0.71583,0.71543,88,1780358399.623,AUDUSD_otc
71,2026-06-02 00:00:00,0.71575,0.71609,0.71612,0.71574,84,1780358459.24,AUDUSD_otc
71,2026-06-02 00:01:00,0.71609,0.71626,0.71627,0.71595,84,1780358519.344,AUDUSD_otc
71,2026-06-02 00:02:00,0.71626,0.71602,0.71635,0.71598,79,1780358579.909,AUDUSD_otc
71,2026-06-02 00:03:00,0.71601,0.71581,0.71605,0.71581,80,1780358638.516,AUDUSD_otc
71,2026-06-02 00:04:00,0.71582,0.71544,0.71585,0.71542,79,1780358699.106,AUDUSD_otc
71,2026-06-02 00:05:00,0.71544,0.71527,0.71545,0.7152,83,1780358759.181,AUDUSD_otc
71,2026-06-02 00:06:00,0.71527,0.71518,0.71531,0.71497,74,1780358819.299,AUDUSD_otc
71,2026-06-02 00:07:00,0.71518,0.71511,0.71529,0.71511,80,1780358879.882,AUDUSD_otc
71,2026-06-02 00:08:00,0.71512,0.71569,0.7157,0.71512,71,1780358939.491,AUDUSD_otc
71,2026-06-02 00:09:00,0.71575,0.71572,0.71577,0.71556,87,1780358999.1,AUDUSD_otc
71,2026-06-02 00:10:00,0.71572,0.71556,0.71602,0.71556,75,1780359059.682,AUDUSD_otc
71,2026-06-02 00:11:00,0.71556,0.71587,0.71595,0.71556,82,1780359119.287,AUDUSD_otc
71,2026-06-02 00:12:00,0.71587,0.71591,0.71616,0.71587,73,1780359179.375,AUDUSD_otc
71,2026-06-02 00:13:00,0.71591,0.71561,0.71594,0.71557,80,1780359239.935,AUDUSD_otc
71,2026-06-02 00:14:00,0.71561,0.71536,0.71561,0.71534,74,1780359299.545,AUDUSD_otc
71,2026-06-02 00:15:00,0.71531,0.7155,0.7155,0.71519,73,1780359359.62,AUDUSD_otc
71,2026-06-02 00:16:00,0.7155,0.71569,0.71577,0.71545,80,1780359419.19,AUDUSD_otc
71,2026-06-02 00:17:00,0.71569,0.71599,0.71614,0.71569,77,1780359479.333,AUDUSD_otc
71,2026-06-02 00:18:00,0.71599,0.71637,0.71637,0.71582,83,1780359539.908,AUDUSD_otc
71,2026-06-02 00:19:00,0.71636,0.71653,0.71664,0.71624,78,1780359599.536,AUDUSD_otc
71,2026-06-02 00:20:00,0.71655,0.71653,0.71657,0.71637,84,1780359659.649,AUDUSD_otc
71,2026-06-02 00:21:00,0.71653,0.71615,0.71659,0.71605,75,1780359718.687,AUDUSD_otc
71,2026-06-02 00:22:00,0.71615,0.71609,0.71628,0.71603,71,1780359776.282,AUDUSD_otc
71,2026-06-02 00:23:00,0.7161,0.716,0.71616,0.71581,77,1780359839.345,AUDUSD_otc
71,2026-06-02 00:24:00,0.71602,0.71608,0.71624,0.71601,82,1780359899.91,AUDUSD_otc
71,2026-06-02 00:25:00,0.71608,0.71621,0.71629,0.716,82,1780359959.99,AUDUSD_otc
71,2026-06-02 00:26:00,0.71621,0.71596,0.71629,0.71592,79,1780360019.567,AUDUSD_otc
71,2026-06-02 00:27:00,0.71596,0.7162,0.71627,0.71584,79,1780360079.661,AUDUSD_otc
71,2026-06-02 00:28:00,0.7162,0.71613,0.71632,0.71608,75,1780360139.278,AUDUSD_otc
71,2026-06-02 00:29:00,0.71613,0.71566,0.71616,0.71556,85,1780360199.375,AUDUSD_otc
71,2026-06-02 00:30:00,0.71566,0.71539,0.71566,0.71536,79,1780360259.979,AUDUSD_otc
71,2026-06-02 00:31:00,0.71539,0.71545,0.7156,0.7153,73,1780360318.09,AUDUSD_otc
71,2026-06-02 00:32:00,0.71546,0.71525,0.71568,0.71525,86,1780360379.153,AUDUSD_otc
71,2026-06-02 00:33:00,0.71525,0.71554,0.71562,0.71512,69,1780360439.25,AUDUSD_otc
71,2026-06-02 00:34:00,0.71555,0.7152,0.71566,0.71513,87,1780360499.82,AUDUSD_otc
71,2026-06-02 00:35:00,0.7152,0.71557,0.71557,0.71515,69,1780360559.418,AUDUSD_otc
71,2026-06-02 00:36:00,0.71558,0.71568,0.71571,0.71545,73,1780360619.031,AUDUSD_otc
71,2026-06-02 00:37:00,0.71568,0.71523,0.71571,0.71522,84,1780360679.634,AUDUSD_otc
71,2026-06-02 00:38:00,0.71523,0.71523,0.71529,0.71507,86,1780360739.754,AUDUSD_otc
71,2026-06-02 00:39:00,0.71519,0.71522,0.71536,0.71512,75,1780360799.866,AUDUSD_otc
71,2026-06-02 00:40:00,0.71523,0.71547,0.71558,0.71507,76,1780360859.921,AUDUSD_otc
71,2026-06-02 00:41:00,0.71549,0.71585,0.71593,0.71546,83,1780360919.521,AUDUSD_otc
71,2026-06-02 00:42:00,0.71583,0.7153,0.71583,0.71512,80,1780360979.586,AUDUSD_otc
71,2026-06-02 00:43:00,0.7153,0.71499,0.71545,0.71499,86,1780361039.682,AUDUSD_otc
71,2026-06-02 00:44:00,0.71498,0.71505,0.71508,0.71494,76,1780361099.777,AUDUSD_otc
71,2026-06-02 00:45:00,0.71505,0.7152,0.71539,0.71502,78,1780361159.369,AUDUSD_otc
71,2026-06-02 00:46:00,0.7152,0.71534,0.71534,0.71504,85,1780361219.976,AUDUSD_otc
71,2026-06-02 00:47:00,0.71534,0.71516,0.7155,0.7151,82,1780361279.586,AUDUSD_otc
71,2026-06-02 00:48:00,0.71516,0.71463,0.71518,0.71462,77,1780361338.21,AUDUSD_otc
71,2026-06-02 00:49:00,0.71463,0.71476,0.7148,0.71456,65,1780361399.793,AUDUSD_otc
71,2026-06-02 00:50:00,0.71476,0.71511,0.71516,0.71476,73,1780361459.846,AUDUSD_otc
71,2026-06-02 00:51:00,0.71511,0.71518,0.71526,0.71493,75,1780361519.924,AUDUSD_otc
71,2026-06-02 00:52:00,0.71518,0.7155,0.7155,0.71518,74,1780361579.513,AUDUSD_otc
71,2026-06-02 00:53:00,0.7155,0.71541,0.71566,0.71525,81,1780361639.587,AUDUSD_otc
71,2026-06-02 00:54:00,0.71541,0.71579,0.71579,0.71514,89,1780361699.162,AUDUSD_otc
71,2026-06-02 00:55:00,0.71579,0.71568,0.71589,0.71555,91,1780361759.772,AUDUSD_otc
71,2026-06-02 00:56:00,0.71567,0.71575,0.71579,0.71549,78,1780361819.863,AUDUSD_otc
71,2026-06-02 00:57:00,0.71576,0.71528,0.71581,0.71525,88,1780361879.969,AUDUSD_otc
71,2026-06-02 00:58:00,0.71541,0.71495,0.71554,0.71486,86,1780361939.587,AUDUSD_otc
71,2026-06-02 00:59:00,0.71494,0.71527,0.71546,0.71494,81,1780361999.189,AUDUSD_otc
71,2026-06-02 01:00:00,0.71528,0.71544,0.71554,0.71517,84,1780362059.784,AUDUSD_otc
71,2026-06-02 01:01:00,0.71544,0.71549,0.71559,0.71533,90,1780362119.847,AUDUSD_otc
71,2026-06-02 01:02:00,0.71549,0.71518,0.71549,0.71513,93,1780362179.926,AUDUSD_otc
71,2026-06-02 01:03:00,0.71518,0.71477,0.71525,0.7147,71,1780362239.519,AUDUSD_otc
71,2026-06-02 01:04:00,0.71477,0.71482,0.7149,0.71459,82,1780362299.607,AUDUSD_otc
71,2026-06-02 01:05:00,0.71483,0.71455,0.71491,0.71448,66,1780362359.195,AUDUSD_otc
71,2026-06-02 01:06:00,0.71455,0.71465,0.71477,0.71443,89,1780362419.318,AUDUSD_otc
71,2026-06-02 01:07:00,0.71465,0.71468,0.71468,0.71446,90,1780362479.912,AUDUSD_otc
71,2026-06-02 01:08:00,0.71468,0.71464,0.71473,0.71447,79,1780362539.515,AUDUSD_otc
71,2026-06-02 01:09:00,0.71464,0.71476,0.7148,0.71441,77,1780362598.587,AUDUSD_otc
71,2026-06-02 01:10:00,0.71476,0.71446,0.71477,0.71434,76,1780362659.663,AUDUSD_otc
71,2026-06-02 01:11:00,0.71444,0.71458,0.71466,0.71426,76,1780362719.244,AUDUSD_otc
71,2026-06-02 01:12:00,0.71458,0.715,0.715,0.71451,83,1780362779.817,AUDUSD_otc
71,2026-06-02 01:13:00,0.71501,0.71487,0.71501,0.71465,87,1780362839.894,AUDUSD_otc
71,2026-06-02 01:14:00,0.71487,0.715,0.7151,0.7148,76,1780362899.481,AUDUSD_otc
71,2026-06-02 01:15:00,0.715,0.71488,0.7152,0.71468,80,1780362959.038,AUDUSD_otc
71,2026-06-02 01:16:00,0.7149,0.71488,0.71509,0.71484,79,1780363017.617,AUDUSD_otc
71,2026-06-02 01:17:00,0.71489,0.7154,0.71553,0.71487,82,1780363078.223,AUDUSD_otc
71,2026-06-02 01:18:00,0.71536,0.71524,0.71549,0.71518,85,1780363139.827,AUDUSD_otc
71,2026-06-02 01:19:00,0.71522,0.71524,0.71532,0.71511,81,1780363198.456,AUDUSD_otc
71,2026-06-02 01:20:00,0.71524,0.71514,0.71532,0.71512,74,1780363258.072,AUDUSD_otc
71,2026-06-02 01:21:00,0.71514,0.71516,0.71518,0.715,75,1780363319.628,AUDUSD_otc
71,2026-06-02 01:22:00,0.71516,0.71506,0.71531,0.71506,81,1780363378.709,AUDUSD_otc
71,2026-06-02 01:23:00,0.71506,0.71498,0.71524,0.71491,79,1780363439.773,AUDUSD_otc
71,2026-06-02 01:24:00,0.71498,0.71488,0.71519,0.71488,74,1780363499.372,AUDUSD_otc
71,2026-06-02 01:25:00,0.71488,0.71479,0.71503,0.71474,86,1780363559.947,AUDUSD_otc
71,2026-06-02 01:26:00,0.71479,0.71499,0.71513,0.71474,80,1780363618.52,AUDUSD_otc
71,2026-06-02 01:27:00,0.71496,0.71483,0.71512,0.71481,76,1780363679.623,AUDUSD_otc
71,2026-06-02 01:28:00,0.71484,0.71476,0.71496,0.71462,77,1780363739.725,AUDUSD_otc
71,2026-06-02 01:29:00,0.71477,0.71483,0.71509,0.71477,81,1780363799.833,AUDUSD_otc
71,2026-06-02 01:30:00,0.71484,0.71506,0.71509,0.71478,83,1780363859.938,AUDUSD_otc
71,2026-06-02 01:31:00,0.71507,0.7151,0.71515,0.71493,76,1780363919.544,AUDUSD_otc
71,2026-06-02 01:32:00,0.7151,0.71504,0.7151,0.71486,76,1780363979.613,AUDUSD_otc
71,2026-06-02 01:33:00,0.71503,0.71494,0.71517,0.71493,81,1780364039.694,AUDUSD_otc
71,2026-06-02 01:34:00,0.71494,0.71494,0.715,0.71485,89,1780364099.775,AUDUSD_otc
71,2026-06-02 01:35:00,0.71494,0.71492,0.71496,0.71481,66,1780364159.862,AUDUSD_otc
71,2026-06-02 01:36:00,0.71492,0.71469,0.7151,0.71469,83,1780364219.959,AUDUSD_otc
71,2026-06-02 01:37:00,0.71469,0.71456,0.7147,0.71441,82,1780364279.563,AUDUSD_otc
71,2026-06-02 01:38:00,0.71456,0.71435,0.71474,0.71434,85,1780364339.668,AUDUSD_otc
71,2026-06-02 01:39:00,0.71435,0.71446,0.71446,0.71409,84,1780364399.778,AUDUSD_otc
71,2026-06-02 01:40:00,0.71446,0.71462,0.71467,0.71433,77,1780364459.875,AUDUSD_otc
71,2026-06-02 01:41:00,0.71462,0.71475,0.71477,0.71446,83,1780364519.957,AUDUSD_otc
71,2026-06-02 01:42:00,0.71475,0.71515,0.71516,0.71475,81,1780364579.516,AUDUSD_otc
71,2026-06-02 01:43:00,0.71515,0.71529,0.71548,0.7151,77,1780364639.079,AUDUSD_otc
71,2026-06-02 01:44:00,0.71529,0.71556,0.71565,0.71529,85,1780364699.164,AUDUSD_otc
71,2026-06-02 01:45:00,0.71555,0.71523,0.71557,0.71522,80,1780364759.223,AUDUSD_otc
71,2026-06-02 01:46:00,0.71524,0.71511,0.7153,0.71506,92,1780364819.798,AUDUSD_otc
71,2026-06-02 01:47:00,0.71511,0.71494,0.71513,0.71485,76,1780364879.869,AUDUSD_otc
71,2026-06-02 01:48:00,0.71494,0.71549,0.71549,0.71494,77,1780364939.446,AUDUSD_otc
71,2026-06-02 01:49:00,0.71549,0.71554,0.71573,0.71549,84,1780364998.547,AUDUSD_otc
71,2026-06-02 01:50:00,0.71552,0.71551,0.71566,0.71538,74,1780365058.651,AUDUSD_otc
71,2026-06-02 01:51:00,0.71556,0.71538,0.71569,0.71528,85,1780365119.766,AUDUSD_otc
71,2026-06-02 01:52:00,0.71539,0.71524,0.7154,0.71513,81,1780365179.875,AUDUSD_otc
71,2026-06-02 01:53:00,0.71525,0.7153,0.71541,0.71519,78,1780365239.487,AUDUSD_otc
71,2026-06-02 01:54:00,0.71531,0.71526,0.71547,0.71509,73,1780365299.573,AUDUSD_otc
71,2026-06-02 01:55:00,0.71524,0.71578,0.71591,0.71513,83,1780365359.661,AUDUSD_otc
71,2026-06-02 01:56:00,0.71578,0.71536,0.71589,0.71536,84,1780365419.732,AUDUSD_otc
71,2026-06-02 01:57:00,0.71536,0.71528,0.71536,0.71507,77,1780365479.835,AUDUSD_otc
71,2026-06-02 01:58:00,0.71528,0.71563,0.71573,0.71526,83,1780365539.922,AUDUSD_otc
71,2026-06-02 01:59:00,0.71563,0.71524,0.71567,0.71524,85,1780365599.54,AUDUSD_otc
71,2026-06-02 02:00:00,0.71524,0.71543,0.71548,0.71501,82,1780365659.643,AUDUSD_otc
71,2026-06-02 02:01:00,0.71537,0.71563,0.71569,0.71524,82,1780365719.753,AUDUSD_otc
71,2026-06-02 02:02:00,0.71562,0.71576,0.71577,0.71547,82,1780365779.825,AUDUSD_otc
71,2026-06-02 02:03:00,0.71575,0.71566,0.71598,0.71545,85,1780365838.913,AUDUSD_otc
71,2026-06-02 02:04:00,0.71566,0.71574,0.71588,0.71566,79,1780365899.977,AUDUSD_otc
71,2026-06-02 02:05:00,0.71574,0.7156,0.71594,0.7156,87,1780365959.575,AUDUSD_otc
71,2026-06-02 02:06:00,0.71558,0.7157,0.71578,0.71543,71,1780366019.65,AUDUSD_otc
71,2026-06-02 02:07:00,0.7157,0.71568,0.71573,0.71549,79,1780366079.224,AUDUSD_otc
71,2026-06-02 02:08:00,0.71568,0.71596,0.71599,0.71554,75,1780366139.814,AUDUSD_otc
71,2026-06-02 02:09:00,0.71596,0.71577,0.71606,0.71577,77,1780366198.901,AUDUSD_otc
71,2026-06-02 02:10:00,0.71577,0.71603,0.71607,0.71576,81,1780366259.997,AUDUSD_otc
71,2026-06-02 02:11:00,0.71603,0.71608,0.7162,0.71599,74,1780366319.602,AUDUSD_otc
71,2026-06-02 02:12:00,0.71614,0.71598,0.71617,0.71582,77,1780366379.696,AUDUSD_otc
71,2026-06-02 02:13:00,0.71598,0.71617,0.71629,0.71592,74,1780366439.302,AUDUSD_otc
71,2026-06-02 02:14:00,0.71617,0.71574,0.71625,0.71568,83,1780366498.372,AUDUSD_otc
71,2026-06-02 02:15:00,0.71574,0.71551,0.71576,0.71537,79,1780366559.432,AUDUSD_otc
71,2026-06-02 02:16:00,0.71551,0.71583,0.71595,0.7155,80,1780366619.01,AUDUSD_otc
71,2026-06-02 02:17:00,0.71585,0.71546,0.7159,0.71537,76,1780366679.6,AUDUSD_otc
71,2026-06-02 02:18:00,0.71546,0.71554,0.71554,0.71533,75,1780366739.659,AUDUSD_otc
71,2026-06-02 02:19:00,0.71554,0.71552,0.71577,0.71548,89,1780366799.766,AUDUSD_otc
71,2026-06-02 02:20:00,0.71549,0.71557,0.71558,0.71537,69,1780366857.359,AUDUSD_otc
71,2026-06-02 02:21:00,0.71557,0.71537,0.71557,0.71534,80,1780366919.967,AUDUSD_otc
71,2026-06-02 02:22:00,0.71537,0.71594,0.71612,0.71537,83,1780366979.576,AUDUSD_otc
71,2026-06-02 02:23:00,0.71594,0.71608,0.71632,0.7159,75,1780367039.713,AUDUSD_otc
71,2026-06-02 02:24:00,0.71603,0.71614,0.71614,0.71579,81,1780367099.779,AUDUSD_otc
71,2026-06-02 02:25:00,0.71614,0.71606,0.71619,0.71598,76,1780367159.859,AUDUSD_otc
71,2026-06-02 02:26:00,0.71606,0.71605,0.71606,0.71591,77,1780367218.912,AUDUSD_otc
71,2026-06-02 02:27:00,0.71605,0.71606,0.71639,0.71599,78,1780367279.524,AUDUSD_otc
71,2026-06-02 02:28:00,0.71608,0.71637,0.71637,0.71604,84,1780367339.606,AUDUSD_otc
71,2026-06-02 02:29:00,0.71636,0.71625,0.71641,0.71619,73,1780367399.193,AUDUSD_otc
71,2026-06-02 02:30:00,0.71619,0.71573,0.71626,0.71573,89,1780367459.811,AUDUSD_otc
71,2026-06-02 02:31:00,0.71573,0.7158,0.71584,0.71561,76,1780367517.901,AUDUSD_otc
71,2026-06-02 02:32:00,0.7158,0.71601,0.71606,0.71568,71,1780367579.505,AUDUSD_otc
71,2026-06-02 02:33:00,0.71602,0.71571,0.71602,0.71564,81,1780367639.598,AUDUSD_otc
71,2026-06-02 02:34:00,0.7157,0.71542,0.71574,0.71541,77,1780367699.153,AUDUSD_otc
71,2026-06-02 02:35:00,0.71541,0.71524,0.71544,0.71505,85,1780367759.765,AUDUSD_otc
71,2026-06-02 02:36:00,0.71524,0.71527,0.71534,0.71513,81,1780367819.848,AUDUSD_otc
71,2026-06-02 02:37:00,0.71527,0.71542,0.71555,0.71518,70,1780367879.925,AUDUSD_otc
71,2026-06-02 02:38:00,0.71542,0.71526,0.71546,0.71511,77,1780367939.053,AUDUSD_otc
71,2026-06-02 02:39:00,0.71525,0.71524,0.71531,0.71515,85,1780367999.153,AUDUSD_otc
71,2026-06-02 02:40:00,0.71526,0.71515,0.71535,0.71503,79,1780368059.756,AUDUSD_otc
71,2026-06-02 02:41:00,0.71515,0.71558,0.71565,0.71515,82,1780368119.867,AUDUSD_otc
71,2026-06-02 02:42:00,0.71558,0.7152,0.71558,0.71516,76,1780368177.958,AUDUSD_otc
71,2026-06-02 02:43:00,0.71519,0.71525,0.7153,0.71499,80,1780368239.545,AUDUSD_otc
71,2026-06-02 02:44:00,0.71525,0.71497,0.71551,0.71497,78,1780368298.598,AUDUSD_otc
71,2026-06-02 02:45:00,0.71497,0.71518,0.71537,0.71495,84,1780368359.654,AUDUSD_otc
71,2026-06-02 02:46:00,0.71519,0.71505,0.7153,0.71489,84,1780368418.763,AUDUSD_otc
71,2026-06-02 02:47:00,0.71505,0.71525,0.71539,0.71504,77,1780368479.835,AUDUSD_otc
71,2026-06-02 02:48:00,0.71525,0.71545,0.71564,0.71523,74,1780368539.938,AUDUSD_otc
71,2026-06-02 02:49:00,0.71545,0.71535,0.71558,0.71522,79,1780368599.529,AUDUSD_otc
71,2026-06-02 02:50:00,0.71535,0.71568,0.71568,0.71527,78,1780368659.616,AUDUSD_otc
71,2026-06-02 02:51:00,0.71568,0.71552,0.7158,0.71538,85,1780368719.713,AUDUSD_otc
71,2026-06-02 02:52:00,0.71552,0.71582,0.71583,0.71535,80,1780368779.333,AUDUSD_otc
71,2026-06-02 02:53:00,0.71582,0.71614,0.71623,0.71582,77,1780368839.929,AUDUSD_otc
71,2026-06-02 02:54:00,0.71614,0.71604,0.71637,0.71602,82,1780368899.513,AUDUSD_otc
71,2026-06-02 02:55:00,0.71604,0.71569,0.71612,0.71569,86,1780368959.092,AUDUSD_otc
71,2026-06-02 02:56:00,0.71569,0.71569,0.71573,0.71544,74,1780369019.654,AUDUSD_otc
71,2026-06-02 02:57:00,0.71569,0.71534,0.71577,0.71533,87,1780369079.267,AUDUSD_otc
71,2026-06-02 02:58:00,0.71534,0.71501,0.71534,0.715,78,1780369139.847,AUDUSD_otc
71,2026-06-02 02:59:00,0.71501,0.71501,0.71519,0.71479,78,1780369199.945,AUDUSD_otc
71,2026-06-02 03:00:00,0.71496,0.71514,0.71514,0.71486,80,1780369259.561,AUDUSD_otc
71,2026-06-02 03:01:00,0.71516,0.71546,0.71552,0.71516,81,1780369319.654,AUDUSD_otc
71,2026-06-02 03:02:00,0.71541,0.71537,0.71556,0.7153,80,1780369379.778,AUDUSD_otc
71,2026-06-02 03:03:00,0.7154,0.71503,0.71541,0.71503,89,1780369439.876,AUDUSD_otc
71,2026-06-02 03:04:00,0.71503,0.71508,0.71517,0.71493,82,1780369499.419,AUDUSD_otc
71,2026-06-02 03:05:00,0.7151,0.71484,0.71512,0.71484,84,1780369559.527,AUDUSD_otc
71,2026-06-02 03:06:00,0.71487,0.71492,0.71497,0.71467,81,1780369619.604,AUDUSD_otc
71,2026-06-02 03:07:00,0.71492,0.71473,0.71492,0.71468,74,1780369679.159,AUDUSD_otc
71,2026-06-02 03:08:00,0.71473,0.71513,0.71516,0.71455,75,1780369739.751,AUDUSD_otc
71,2026-06-02 03:09:00,0.71513,0.71529,0.71536,0.71496,79,1780369799.828,AUDUSD_otc
71,2026-06-02 03:10:00,0.71529,0.71546,0.71553,0.71528,77,1780369859.899,AUDUSD_otc
71,2026-06-02 03:11:00,0.71546,0.71569,0.71577,0.71544,74,1780369919.52,AUDUSD_otc
71,2026-06-02 03:12:00,0.7157,0.71571,0.71597,0.7157,80,1780369979.617,AUDUSD_otc
71,2026-06-02 03:13:00,0.71571,0.71589,0.71592,0.71562,75,1780370037.724,AUDUSD_otc
71,2026-06-02 03:14:00,0.71589,0.71544,0.71591,0.7154,80,1780370099.323,AUDUSD_otc
71,2026-06-02 03:15:00,0.7154,0.71572,0.71581,0.7154,84,1780370159.878,AUDUSD_otc
71,2026-06-02 03:16:00,0.71572,0.71544,0.71572,0.71537,74,1780370219.458,AUDUSD_otc
71,2026-06-02 03:17:00,0.71544,0.71561,0.71565,0.71526,83,1780370279.042,AUDUSD_otc
71,2026-06-02 03:18:00,0.71561,0.71571,0.71579,0.71553,74,1780370339.594,AUDUSD_otc
71,2026-06-02 03:19:00,0.71572,0.71579,0.71579,0.71545,92,1780370399.706,AUDUSD_otc
71,2026-06-02 03:20:00,0.71576,0.71589,0.71592,0.71565,74,1780370459.294,AUDUSD_otc
71,2026-06-02 03:21:00,0.7159,0.71587,0.71611,0.71579,87,1780370519.887,AUDUSD_otc
71,2026-06-02 03:22:00,0.71589,0.71616,0.71624,0.71588,87,1780370579.017,AUDUSD_otc
71,2026-06-02 03:23:00,0.71619,0.71612,0.71627,0.71596,84,1780370639.627,AUDUSD_otc
71,2026-06-02 03:24:00,0.7161,0.71618,0.71621,0.716,76,1780370698.729,AUDUSD_otc
71,2026-06-02 03:25:00,0.71618,0.71613,0.71631,0.71609,81,1780370759.826,AUDUSD_otc
71,2026-06-02 03:26:00,0.71613,0.71611,0.71639,0.71604,75,1780370819.894,AUDUSD_otc
71,2026-06-02 03:27:00,0.71611,0.71628,0.71636,0.71601,82,1780370878.502,AUDUSD_otc
71,2026-06-02 03:28:00,0.7163,0.71634,0.71642,0.71611,74,1780370939.577,AUDUSD_otc
71,2026-06-02 03:29:00,0.71634,0.71665,0.71671,0.71634,79,1780370999.668,AUDUSD_otc
71,2026-06-02 03:30:00,0.71665,0.71635,0.71665,0.71626,79,1780371059.777,AUDUSD_otc
71,2026-06-02 03:31:00,0.71637,0.71662,0.71663,0.71622,92,1780371118.375,AUDUSD_otc
71,2026-06-02 03:32:00,0.71662,0.7166,0.71672,0.71646,74,1780371179.487,AUDUSD_otc
71,2026-06-02 03:33:00,0.7166,0.71691,0.71691,0.71653,83,1780371239.605,AUDUSD_otc
71,2026-06-02 03:34:00,0.71691,0.71712,0.71725,0.71691,73,1780371299.662,AUDUSD_otc
71,2026-06-02 03:35:00,0.71712,0.71756,0.71756,0.71705,81,1780371359.77,AUDUSD_otc
71,2026-06-02 03:36:00,0.71756,0.71761,0.71764,0.71741,73,1780371418.33,AUDUSD_otc
71,2026-06-02 03:37:00,0.71761,0.71776,0.71789,0.71747,85,1780371479.9,AUDUSD_otc
71,2026-06-02 03:38:00,0.71776,0.71809,0.71809,0.71764,76,1780371539.994,AUDUSD_otc
71,2026-06-02 03:39:00,0.71809,0.71847,0.71847,0.71809,70,1780371599.575,AUDUSD_otc
71,2026-06-02 03:40:00,0.71851,0.71868,0.71875,0.71839,74,1780371659.659,AUDUSD_otc
71,2026-06-02 03:41:00,0.71869,0.71873,0.71874,0.71837,79,1780371719.786,AUDUSD_otc
71,2026-06-02 03:42:00,0.71873,0.71877,0.71884,0.71857,78,1780371779.892,AUDUSD_otc
71,2026-06-02 03:43:00,0.71877,0.71877,0.71882,0.71861,76,1780371839.497,AUDUSD_otc
71,2026-06-02 03:44:00,0.71879,0.71837,0.71882,0.71835,75,1780371899.607,AUDUSD_otc
71,2026-06-02 03:45:00,0.71835,0.71829,0.7185,0.71828,77,1780371959.162,AUDUSD_otc
71,2026-06-02 03:46:00,0.71829,0.71807,0.71833,0.71801,89,1780372019.758,AUDUSD_otc
71,2026-06-02 03:47:00,0.71807,0.71843,0.71843,0.71801,78,1780372079.834,AUDUSD_otc
71,2026-06-02 03:48:00,0.71843,0.71887,0.71896,0.71837,81,1780372138.914,AUDUSD_otc
71,2026-06-02 03:49:00,0.71887,0.71895,0.71936,0.71887,83,1780372199.526,AUDUSD_otc
71,2026-06-02 03:50:00,0.71898,0.71884,0.71898,0.71875,76,1780372259.613,AUDUSD_otc
71,2026-06-02 03:51:00,0.71886,0.71817,0.71886,0.71817,79,1780372319.719,AUDUSD_otc
71,2026-06-02 03:52:00,0.71815,0.718,0.71826,0.71793,75,1780372379.825,AUDUSD_otc
71,2026-06-02 03:53:00,0.71797,0.71798,0.71812,0.71792,76,1780372439.437,AUDUSD_otc
71,2026-06-02 03:54:00,0.71798,0.71759,0.71804,0.71754,84,1780372499.032,AUDUSD_otc
71,2026-06-02 03:55:00,0.71757,0.71741,0.7176,0.71724,91,1780372559.107,AUDUSD_otc
71,2026-06-02 03:56:00,0.71744,0.7175,0.71754,0.7173,70,1780372619.666,AUDUSD_otc
71,2026-06-02 03:57:00,0.71751,0.71739,0.71773,0.71739,87,1780372679.773,AUDUSD_otc
71,2026-06-02 03:58:00,0.71739,0.71707,0.71746,0.71707,87,1780372739.848,AUDUSD_otc
71,2026-06-02 03:59:00,0.71709,0.71694,0.71733,0.71684,85,1780372799.959,AUDUSD_otc
71,2026-06-02 04:00:00,0.71694,0.71703,0.7171,0.71693,78,1780372859.564,AUDUSD_otc
71,2026-06-02 04:01:00,0.71703,0.71664,0.71712,0.7166,75,1780372919.659,AUDUSD_otc
71,2026-06-02 04:02:00,0.71664,0.71651,0.71676,0.71642,84,1780372979.783,AUDUSD_otc
71,2026-06-02 04:03:00,0.71651,0.71668,0.71668,0.7164,80,1780373038.381,AUDUSD_otc
71,2026-06-02 04:04:00,0.71668,0.71655,0.71689,0.71645,88,1780373099.94,AUDUSD_otc
71,2026-06-02 04:05:00,0.71655,0.71671,0.71685,0.71643,82,1780373159.531,AUDUSD_otc
71,2026-06-02 04:06:00,0.71671,0.71663,0.71693,0.71652,87,1780373219.603,AUDUSD_otc
71,2026-06-02 04:07:00,0.71663,0.71682,0.71707,0.71661,89,1780373279.684,AUDUSD_otc
71,2026-06-02 04:08:00,0.71682,0.71654,0.71687,0.71651,77,1780373339.792,AUDUSD_otc
71,2026-06-02 04:09:00,0.71656,0.71662,0.71679,0.71656,72,1780373399.877,AUDUSD_otc
71,2026-06-02 04:10:00,0.71661,0.71659,0.71667,0.71654,73,1780373458.96,AUDUSD_otc
71,2026-06-02 04:11:00,0.71657,0.71686,0.7169,0.7164,83,1780373519.078,AUDUSD_otc
71,2026-06-02 04:12:00,0.71687,0.71732,0.71735,0.71681,80,1780373579.695,AUDUSD_otc
71,2026-06-02 04:13:00,0.71732,0.7171,0.71732,0.717,76,1780373638.277,AUDUSD_otc
71,2026-06-02 04:14:00,0.71712,0.71715,0.71715,0.71698,72,1780373699.339,AUDUSD_otc
71,2026-06-02 04:15:00,0.71714,0.71697,0.71725,0.7169,82,1780373759.897,AUDUSD_otc
71,2026-06-02 04:16:00,0.71697,0.71672,0.71704,0.71652,79,1780373819.488,AUDUSD_otc
71,2026-06-02 04:17:00,0.71672,0.71672,0.71685,0.71658,82,1780373879.074,AUDUSD_otc
71,2026-06-02 04:18:00,0.71674,0.71718,0.71724,0.71673,81,1780373939.14,AUDUSD_otc
71,2026-06-02 04:19:00,0.71718,0.71749,0.7177,0.71712,75,1780373999.75,AUDUSD_otc
71,2026-06-02 04:20:00,0.71749,0.71752,0.71772,0.71745,83,1780374059.335,AUDUSD_otc
71,2026-06-02 04:21:00,0.71752,0.71775,0.71777,0.71743,87,1780374119.933,AUDUSD_otc
71,2026-06-02 04:22:00,0.71775,0.7175,0.71775,0.71728,79,1780374179.059,AUDUSD_otc
71,2026-06-02 04:23:00,0.71749,0.71758,0.71758,0.7174,78,1780374239.168,AUDUSD_otc
71,2026-06-02 04:24:00,0.71758,0.71742,0.71777,0.7174,80,1780374299.269,AUDUSD_otc
71,2026-06-02 04:25:00,0.71742,0.71709,0.71745,0.71691,82,1780374359.848,AUDUSD_otc
71,2026-06-02 04:26:00,0.7171,0.71727,0.7173,0.71705,76,1780374419.91,AUDUSD_otc
71,2026-06-02 04:27:00,0.71723,0.71751,0.71756,0.71723,76,1780374478.516,AUDUSD_otc
71,2026-06-02 04:28:00,0.71751,0.71761,0.71769,0.71744,83,1780374539.105,AUDUSD_otc
71,2026-06-02 04:29:00,0.71761,0.71808,0.71816,0.7176,77,1780374599.702,AUDUSD_otc
71,2026-06-02 04:30:00,0.71808,0.71787,0.71812,0.71782,75,1780374659.815,AUDUSD_otc
71,2026-06-02 04:31:00,0.71787,0.71837,0.71842,0.71787,76,1780374719.918,AUDUSD_otc
71,2026-06-02 04:32:00,0.71837,0.71834,0.71851,0.71826,75,1780374779.538,AUDUSD_otc
71,2026-06-02 04:33:00,0.71833,0.71828,0.71844,0.71806,86,1780374838.639,AUDUSD_otc
71,2026-06-02 04:34:00,0.71828,0.71858,0.71862,0.71825,88,1780374899.708,AUDUSD_otc
71,2026-06-02 04:35:00,0.71858,0.71863,0.71888,0.71858,84,1780374959.805,AUDUSD_otc
71,2026-06-02 04:36:00,0.71863,0.71861,0.71873,0.71857,86,1780375019.875,AUDUSD_otc
71,2026-06-02 04:37:00,0.71861,0.7185,0.71862,0.71828,77,1780375079.974,AUDUSD_otc
71,2026-06-02 04:38:00,0.7185,0.71836,0.71854,0.71818,76,1780375139.571,AUDUSD_otc
71,2026-06-02 04:39:00,0.71833,0.71846,0.71855,0.71832,78,1780375199.666,AUDUSD_otc
71,2026-06-02 04:40:00,0.71846,0.71855,0.71856,0.71828,90,1780375259.261,AUDUSD_otc
71,2026-06-02 04:41:00,0.71858,0.71816,0.71864,0.71813,79,1780375319.379,AUDUSD_otc
71,2026-06-02 04:42:00,0.71816,0.718,0.71838,0.718,78,1780375379.984,AUDUSD_otc
71,2026-06-02 04:43:00,0.718,0.71826,0.71851,0.71797,80,1780375439.559,AUDUSD_otc
71,2026-06-02 04:44:00,0.71821,0.71807,0.71827,0.71805,88,1780375499.634,AUDUSD_otc
71,2026-06-02 04:45:00,0.71805,0.71789,0.7181,0.71774,79,1780375559.69,AUDUSD_otc
71,2026-06-02 04:46:00,0.71789,0.71818,0.71822,0.71786,78,1780375619.792,AUDUSD_otc
71,2026-06-02 04:47:00,0.71823,0.71848,0.71851,0.71823,80,1780375679.867,AUDUSD_otc
71,2026-06-02 04:48:00,0.71848,0.71858,0.71864,0.71844,73,1780375736.924,AUDUSD_otc
71,2026-06-02 04:49:00,0.71858,0.71872,0.71888,0.71858,78,1780375799.042,AUDUSD_otc
71,2026-06-02 04:50:00,0.71872,0.71843,0.71885,0.71841,77,1780375859.652,AUDUSD_otc
71,2026-06-02 04:51:00,0.71841,0.71819,0.71855,0.718,87,1780375919.771,AUDUSD_otc
71,2026-06-02 04:52:00,0.71819,0.7186,0.71868,0.71815,89,1780375979.876,AUDUSD_otc
71,2026-06-02 04:53:00,0.7186,0.71861,0.71876,0.71852,80,1780376038.956,AUDUSD_otc
71,2026-06-02 04:54:00,0.71861,0.71844,0.71884,0.71836,82,1780376099.554,AUDUSD_otc
71,2026-06-02 04:55:00,0.71846,0.71854,0.71854,0.71826,88,1780376159.127,AUDUSD_otc
71,2026-06-02 04:56:00,0.71857,0.71856,0.7186,0.71844,84,1780376219.166,AUDUSD_otc
71,2026-06-02 04:57:00,0.71856,0.71831,0.71857,0.71827,84,1780376279.791,AUDUSD_otc
71,2026-06-02 04:58:00,0.71831,0.71791,0.71834,0.7179,76,1780376339.357,AUDUSD_otc
71,2026-06-02 04:59:00,0.71791,0.71839,0.71845,0.71786,83,1780376399.935,AUDUSD_otc
71,2026-06-02 05:00:00,0.71839,0.71842,0.71847,0.71825,83,1780376459.543,AUDUSD_otc
71,2026-06-02 05:01:00,0.71842,0.71859,0.71872,0.71831,84,1780376519.646,AUDUSD_otc
71,2026-06-02 05:02:00,0.71859,0.71818,0.71859,0.71817,80,1780376579.775,AUDUSD_otc
71,2026-06-02 05:03:00,0.7182,0.71867,0.71871,0.71816,72,1780376639.878,AUDUSD_otc
71,2026-06-02 05:04:00,0.71869,0.71921,0.71921,0.71866,74,1780376699.921,AUDUSD_otc
71,2026-06-02 05:05:00,0.71919,0.71894,0.71929,0.71864,86,1780376759.508,AUDUSD_otc
71,2026-06-02 05:06:00,0.71892,0.71918,0.71924,0.71892,86,1780376818.078,AUDUSD_otc
71,2026-06-02 05:07:00,0.71917,0.7189,0.71917,0.71884,71,1780376878.623,AUDUSD_otc
71,2026-06-02 05:08:00,0.7189,0.71879,0.71904,0.71874,79,1780376939.703,AUDUSD_otc
71,2026-06-02 05:09:00,0.71881,0.71864,0.71883,0.71845,77,1780376999.768,AUDUSD_otc
71,2026-06-02 05:10:00,0.71864,0.71849,0.71874,0.7184,89,1780377059.844,AUDUSD_otc
71,2026-06-02 05:11:00,0.71849,0.71885,0.71885,0.71847,77,1780377119.458,AUDUSD_otc
71,2026-06-02 05:12:00,0.71885,0.71834,0.71888,0.71827,82,1780377178.543,AUDUSD_otc
71,2026-06-02 05:13:00,0.71831,0.71855,0.71859,0.71822,87,1780377239.635,AUDUSD_otc
71,2026-06-02 05:14:00,0.71855,0.71883,0.71892,0.71849,87,1780377299.758,AUDUSD_otc
71,2026-06-02 05:15:00,0.71883,0.71877,0.71883,0.71854,76,1780377359.366,AUDUSD_otc
71,2026-06-02 05:16:00,0.71877,0.71904,0.71909,0.71872,71,1780377419.444,AUDUSD_otc
71,2026-06-02 05:17:00,0.71904,0.71876,0.71911,0.71859,74,1780377479.039,AUDUSD_otc
71,2026-06-02 05:18:00,0.71876,0.71869,0.7188,0.71861,77,1780377539.61,AUDUSD_otc
71,2026-06-02 05:19:00,0.71873,0.71887,0.71907,0.71869,79,1780377599.724,AUDUSD_otc
71,2026-06-02 05:20:00,0.71887,0.71854,0.71887,0.71844,80,1780377659.81,AUDUSD_otc
71,2026-06-02 05:21:00,0.71856,0.71828,0.71871,0.71828,78,1780377719.892,AUDUSD_otc
71,2026-06-02 05:22:00,0.71828,0.71833,0.71847,0.71814,79,1780377779.979,AUDUSD_otc
71,2026-06-02 05:23:00,0.71833,0.71842,0.71849,0.71825,82,1780377839.569,AUDUSD_otc
71,2026-06-02 05:24:00,0.7184,0.71816,0.71843,0.71789,86,1780377899.674,AUDUSD_otc
71,2026-06-02 05:25:00,0.71815,0.7186,0.71868,0.71814,79,1780377959.28,AUDUSD_otc
71,2026-06-02 05:26:00,0.71861,0.7187,0.71881,0.71857,81,1780378019.843,AUDUSD_otc
71,2026-06-02 05:27:00,0.7187,0.71893,0.71907,0.7187,89,1780378079.935,AUDUSD_otc
71,2026-06-02 05:28:00,0.71893,0.71863,0.71894,0.71861,85,1780378139.996,AUDUSD_otc
71,2026-06-02 05:29:00,0.71863,0.71895,0.71897,0.7186,73,1780378198.566,AUDUSD_otc
71,2026-06-02 05:30:00,0.71892,0.71885,0.71897,0.71873,83,1780378259.649,AUDUSD_otc
71,2026-06-02 05:31:00,0.71885,0.71942,0.71942,0.71878,82,1780378319.22,AUDUSD_otc
71,2026-06-02 05:32:00,0.71942,0.71966,0.71974,0.7193,80,1780378379.803,AUDUSD_otc
71,2026-06-02 05:33:00,0.71966,0.71976,0.71976,0.71942,88,1780378439.896,AUDUSD_otc
71,2026-06-02 05:34:00,0.71976,0.72012,0.72025,0.71976,69,1780378499.502,AUDUSD_otc
71,2026-06-02 05:35:00,0.72012,0.72005,0.72016,0.71994,79,1780378559.591,AUDUSD_otc
71,2026-06-02 05:36:00,0.72007,0.7201,0.72022,0.71996,81,1780378619.204,AUDUSD_otc
71,2026-06-02 05:37:00,0.72012,0.71996,0.72013,0.71968,87,1780378679.833,AUDUSD_otc
71,2026-06-02 05:38:00,0.71996,0.71986,0.72008,0.71975,77,1780378739.906,AUDUSD_otc
71,2026-06-02 05:39:00,0.71986,0.7197,0.71987,0.71955,72,1780378798.966,AUDUSD_otc
71,2026-06-02 05:40:00,0.7197,0.71988,0.71996,0.71964,75,1780378859.538,AUDUSD_otc
71,2026-06-02 05:41:00,0.71988,0.72013,0.72013,0.71983,84,1780378919.617,AUDUSD_otc
71,2026-06-02 05:42:00,0.72013,0.72027,0.72033,0.72013,77,1780378978.692,AUDUSD_otc
71,2026-06-02 05:43:00,0.72027,0.72012,0.7203,0.72007,73,1780379039.789,AUDUSD_otc
71,2026-06-02 05:44:00,0.72012,0.7203,0.72037,0.7201,70,1780379099.885,AUDUSD_otc
71,2026-06-02 05:45:00,0.7203,0.72054,0.72059,0.72019,75,1780379159.999,AUDUSD_otc
71,2026-06-02 05:46:00,0.72054,0.72104,0.72104,0.72054,73,1780379219.103,AUDUSD_otc
71,2026-06-02 05:47:00,0.72104,0.72151,0.72161,0.72104,70,1780379279.234,AUDUSD_otc
71,2026-06-02 05:48:00,0.72151,0.72158,0.72158,0.72135,79,1780379339.815,AUDUSD_otc
71,2026-06-02 05:49:00,0.72158,0.72177,0.72186,0.72148,81,1780379399.403,AUDUSD_otc
71,2026-06-02 05:50:00,0.72177,0.72149,0.72185,0.72149,81,1780379459.459,AUDUSD_otc
71,2026-06-02 05:51:00,0.72149,0.72155,0.72157,0.72135,82,1780379519.532,AUDUSD_otc
71,2026-06-02 05:52:00,0.72157,0.72198,0.72207,0.72154,74,1780379579.639,AUDUSD_otc
71,2026-06-02 05:53:00,0.72201,0.72148,0.72205,0.72138,82,1780379639.711,AUDUSD_otc
71,2026-06-02 05:54:00,0.72147,0.72187,0.72203,0.72147,83,1780379699.789,AUDUSD_otc
71,2026-06-02 05:55:00,0.72189,0.72167,0.72197,0.72167,79,1780379758.368,AUDUSD_otc
71,2026-06-02 05:56:00,0.72168,0.72128,0.72177,0.72125,77,1780379819.46,AUDUSD_otc
71,2026-06-02 05:57:00,0.72128,0.72107,0.72131,0.72092,74,1780379878.558,AUDUSD_otc
71,2026-06-02 05:58:00,0.72109,0.72062,0.72114,0.72062,78,1780379939.175,AUDUSD_otc
71,2026-06-02 05:59:00,0.7206,0.72073,0.72077,0.72038,86,1780379999.811,AUDUSD_otc
71,2026-06-02 06:00:00,0.72073,0.72064,0.72079,0.72037,83,1780380059.906,AUDUSD_otc
71,2026-06-02 06:01:00,0.72064,0.72067,0.72071,0.72052,86,1780380119.467,AUDUSD_otc
71,2026-06-02 06:02:00,0.72067,0.72085,0.72097,0.72067,84,1780380179.036,AUDUSD_otc
71,2026-06-02 06:03:00,0.72085,0.72092,0.72101,0.72073,88,1780380239.638,AUDUSD_otc
71,2026-06-02 06:04:00,0.72092,0.72058,0.72096,0.7204,87,1780380299.226,AUDUSD_otc
71,2026-06-02 06:05:00,0.72058,0.72051,0.72072,0.72043,76,1780380358.814,AUDUSD_otc
71,2026-06-02 06:06:00,0.72051,0.72048,0.72083,0.72046,86,1780380418.954,AUDUSD_otc
71,2026-06-02 06:07:00,0.72048,0.72056,0.72071,0.7204,83,1780380479.554,AUDUSD_otc
71,2026-06-02 06:08:00,0.72056,0.72004,0.72064,0.72004,74,1780380539.161,AUDUSD_otc
71,2026-06-02 06:09:00,0.72003,0.72004,0.72018,0.71992,74,1780380599.761,AUDUSD_otc
71,2026-06-02 06:10:00,0.72004,0.71997,0.72011,0.71972,85,1780380659.834,AUDUSD_otc
71,2026-06-02 06:11:00,0.71997,0.71984,0.72004,0.71979,75,1780380719.436,AUDUSD_otc
71,2026-06-02 06:12:00,0.71986,0.72007,0.72012,0.71974,74,1780380779.029,AUDUSD_otc
71,2026-06-02 06:13:00,0.72011,0.7198,0.72029,0.71979,83,1780380839.089,AUDUSD_otc
71,2026-06-02 06:14:00,0.7198,0.71968,0.71993,0.7196,79,1780380899.695,AUDUSD_otc
71,2026-06-02 06:15:00,0.71968,0.71974,0.71976,0.7196,75,1780380959.794,AUDUSD_otc
71,2026-06-02 06:16:00,0.71972,0.71992,0.71992,0.71963,83,1780381019.924,AUDUSD_otc
71,2026-06-02 06:17:00,0.71994,0.72009,0.72029,0.71993,78,1780381079.537,AUDUSD_otc
71,2026-06-02 06:18:00,0.72009,0.72012,0.72015,0.71993,79,1780381137.111,AUDUSD_otc
71,2026-06-02 06:19:00,0.72012,0.71984,0.72016,0.71979,74,1780381199.205,AUDUSD_otc
71,2026-06-02 06:20:00,0.71984,0.72004,0.72016,0.71977,87,1780381259.776,AUDUSD_otc
71,2026-06-02 06:21:00,0.72004,0.71962,0.72012,0.71962,86,1780381318.835,AUDUSD_otc
71,2026-06-02 06:22:00,0.71962,0.71977,0.7198,0.71954,81,1780381379.934,AUDUSD_otc
71,2026-06-02 06:23:00,0.71977,0.71967,0.71997,0.71963,75,1780381439.504,AUDUSD_otc
71,2026-06-02 06:24:00,0.71967,0.7195,0.71972,0.71939,70,1780381499.577,AUDUSD_otc
71,2026-06-02 06:25:00,0.7195,0.71959,0.7197,0.71942,77,1780381559.66,AUDUSD_otc
71,2026-06-02 06:26:00,0.7196,0.71984,0.71984,0.71946,77,1780381619.759,AUDUSD_otc
71,2026-06-02 06:27:00,0.71979,0.7198,0.71993,0.71965,73,1780381679.882,AUDUSD_otc
71,2026-06-02 06:28:00,0.71982,0.72034,0.72037,0.71979,74,1780381739.0,AUDUSD_otc
71,2026-06-02 06:29:00,0.72034,0.72054,0.72058,0.72011,81,1780381799.564,AUDUSD_otc
71,2026-06-02 06:30:00,0.72054,0.72046,0.7206,0.72039,76,1780381859.664,AUDUSD_otc
71,2026-06-02 06:31:00,0.72046,0.72059,0.72062,0.72037,85,1780381919.217,AUDUSD_otc
71,2026-06-02 06:32:00,0.72061,0.72093,0.72095,0.72059,73,1780381979.807,AUDUSD_otc
71,2026-06-02 06:33:00,0.72088,0.72048,0.72088,0.72032,88,1780382039.901,AUDUSD_otc
71,2026-06-02 06:34:00,0.72048,0.72068,0.72077,0.72044,77,1780382099.98,AUDUSD_otc
71,2026-06-02 06:35:00,0.72067,0.72051,0.7209,0.72051,76,1780382158.558,AUDUSD_otc
71,2026-06-02 06:36:00,0.72051,0.72052,0.72064,0.72041,82,1780382219.68,AUDUSD_otc
71,2026-06-02 06:37:00,0.72056,0.72087,0.72098,0.72056,79,1780382279.792,AUDUSD_otc
71,2026-06-02 06:38:00,0.72087,0.72104,0.72111,0.7208,86,1780382339.918,AUDUSD_otc
71,2026-06-02 06:39:00,0.72104,0.72109,0.7213,0.7209,78,1780382399.548,AUDUSD_otc
71,2026-06-02 06:40:00,0.72107,0.72146,0.72147,0.7209,81,1780382459.111,AUDUSD_otc
71,2026-06-02 06:41:00,0.72147,0.72129,0.7215,0.72127,85,1780382519.24,AUDUSD_otc
71,2026-06-02 06:42:00,0.72128,0.72096,0.72136,0.72095,80,1780382578.305,AUDUSD_otc
71,2026-06-02 06:43:00,0.72096,0.72111,0.72118,0.72094,77,1780382639.407,AUDUSD_otc
71,2026-06-02 06:44:00,0.72111,0.72096,0.72116,0.72077,76,1780382699.027,AUDUSD_otc
71,2026-06-02 06:45:00,0.72096,0.7209,0.72096,0.72069,83,1780382759.626,AUDUSD_otc
71,2026-06-02 06:46:00,0.72089,0.72091,0.72111,0.72083,74,1780382819.246,AUDUSD_otc
71,2026-06-02 06:47:00,0.7209,0.72103,0.72108,0.72072,78,1780382879.863,AUDUSD_otc
71,2026-06-02 06:48:00,0.72104,0.72122,0.72135,0.72104,85,1780382939.932,AUDUSD_otc
71,2026-06-02 06:49:00,0.72122,0.72143,0.72146,0.72119,73,1780382999.552,AUDUSD_otc
71,2026-06-02 06:50:00,0.72145,0.72117,0.72148,0.72098,81,1780383059.615,AUDUSD_otc
71,2026-06-02 06:51:00,0.72117,0.72118,0.72124,0.72099,81,1780383118.188,AUDUSD_otc
71,2026-06-02 06:52:00,0.72114,0.7212,0.72123,0.72087,76,1780383179.788,AUDUSD_otc
71,2026-06-02 06:53:00,0.72119,0.72131,0.72147,0.72117,72,1780383239.887,AUDUSD_otc
71,2026-06-02 06:54:00,0.72131,0.72137,0.72142,0.72119,76,1780383299.487,AUDUSD_otc
71,2026-06-02 06:55:00,0.72139,0.72111,0.72146,0.72105,86,1780383359.613,AUDUSD_otc
71,2026-06-02 06:56:00,0.72111,0.72101,0.72132,0.72093,88,1780383419.707,AUDUSD_otc
71,2026-06-02 06:57:00,0.72101,0.72144,0.7215,0.72087,81,1780383479.795,AUDUSD_otc
71,2026-06-02 06:58:00,0.72144,0.72156,0.72166,0.72138,75,1780383539.363,AUDUSD_otc
71,2026-06-02 06:59:00,0.72156,0.72167,0.72171,0.72136,87,1780383599.936,AUDUSD_otc
71,2026-06-02 07:00:00,0.72167,0.72187,0.72188,0.7214,76,1780383659.529,AUDUSD_otc
71,2026-06-02 07:01:00,0.72184,0.72186,0.72193,0.72176,69,1780383718.1,AUDUSD_otc
71,2026-06-02 07:02:00,0.72186,0.72164,0.72189,0.72148,70,1780383779.694,AUDUSD_otc
71,2026-06-02 07:03:00,0.72164,0.72162,0.72183,0.7216,80,1780383839.798,AUDUSD_otc
71,2026-06-02 07:04:00,0.72164,0.72206,0.72207,0.72157,80,1780383899.894,AUDUSD_otc
71,2026-06-02 07:05:00,0.72206,0.72204,0.7223,0.72201,86,1780383959.504,AUDUSD_otc
71,2026-06-02 07:06:00,0.72207,0.72186,0.72224,0.7218,84,1780384019.618,AUDUSD_otc
71,2026-06-02 07:07:00,0.72186,0.72195,0.72212,0.72175,83,1780384079.168,AUDUSD_otc
71,2026-06-02 07:08:00,0.72195,0.72209,0.72211,0.72176,71,1780384139.759,AUDUSD_otc
71,2026-06-02 07:09:00,0.72209,0.72207,0.72224,0.722,74,1780384199.854,AUDUSD_otc
71,2026-06-02 07:10:00,0.72207,0.72244,0.72264,0.72207,80,1780384259.909,AUDUSD_otc
71,2026-06-02 07:11:00,0.72244,0.72266,0.72275,0.72244,79,1780384319.513,AUDUSD_otc
71,2026-06-02 07:12:00,0.72266,0.72279,0.7228,0.7225,88,1780384379.094,AUDUSD_otc
71,2026-06-02 07:13:00,0.7228,0.72229,0.72285,0.72229,80,1780384439.68,AUDUSD_otc
71,2026-06-02 07:14:00,0.72229,0.72295,0.72298,0.72229,91,1780384499.802,AUDUSD_otc
71,2026-06-02 07:15:00,0.72295,0.72312,0.72312,0.72281,79,1780384558.904,AUDUSD_otc
71,2026-06-02 07:16:00,0.72312,0.72307,0.72327,0.72299,86,1780384619.508,AUDUSD_otc
71,2026-06-02 07:17:00,0.7231,0.72287,0.72312,0.72278,80,1780384679.619,AUDUSD_otc
71,2026-06-02 07:18:00,0.72288,0.72268,0.72292,0.72263,80,1780384739.661,AUDUSD_otc
71,2026-06-02 07:19:00,0.72269,0.72259,0.72274,0.7225,80,1780384799.289,AUDUSD_otc
71,2026-06-02 07:20:00,0.72257,0.72285,0.72285,0.72252,81,1780384859.345,AUDUSD_otc
71,2026-06-02 07:21:00,0.72285,0.72286,0.72302,0.72268,74,1780384919.887,AUDUSD_otc
71,2026-06-02 07:22:00,0.72286,0.72259,0.72287,0.72239,73,1780384979.976,AUDUSD_otc
71,2026-06-02 07:23:00,0.72259,0.72275,0.72282,0.72255,82,1780385039.066,AUDUSD_otc
71,2026-06-02 07:24:00,0.72273,0.72253,0.72273,0.7225,79,1780385099.649,AUDUSD_otc
71,2026-06-02 07:25:00,0.72253,0.72259,0.72271,0.72247,83,1780385159.76,AUDUSD_otc
71,2026-06-02 07:26:00,0.72256,0.72236,0.72275,0.72233,80,1780385218.875,AUDUSD_otc
71,2026-06-02 07:27:00,0.72237,0.72225,0.72251,0.72221,77,1780385279.973,AUDUSD_otc
71,2026-06-02 07:28:00,0.72225,0.72244,0.7225,0.72221,77,1780385339.576,AUDUSD_otc
71,2026-06-02 07:29:00,0.72244,0.72246,0.72257,0.72228,78,1780385399.625,AUDUSD_otc
71,2026-06-02 07:30:00,0.72246,0.72239,0.72271,0.72239,79,1780385459.737,AUDUSD_otc
71,2026-06-02 07:31:00,0.72239,0.72233,0.72242,0.72219,82,1780385519.791,AUDUSD_otc
71,2026-06-02 07:32:00,0.72233,0.72202,0.72239,0.72199,87,1780385579.867,AUDUSD_otc
71,2026-06-02 07:33:00,0.72202,0.72186,0.72212,0.72186,79,1780385639.955,AUDUSD_otc
71,2026-06-02 07:34:00,0.72186,0.72179,0.72192,0.72173,71,1780385699.522,AUDUSD_otc
71,2026-06-02 07:35:00,0.72181,0.72189,0.72196,0.72169,77,1780385759.126,AUDUSD_otc
71,2026-06-02 07:36:00,0.72189,0.72197,0.72199,0.72174,74,1780385819.268,AUDUSD_otc
71,2026-06-02 07:37:00,0.72197,0.72213,0.72236,0.72194,78,1780385879.886,AUDUSD_otc
71,2026-06-02 07:38:00,0.72215,0.72218,0.72218,0.72181,86,1780385939.977,AUDUSD_otc
71,2026-06-02 07:39:00,0.7221,0.72224,0.72241,0.72195,82,1780385999.551,AUDUSD_otc
71,2026-06-02 07:40:00,0.72224,0.72212,0.72236,0.72206,81,1780386059.607,AUDUSD_otc
71,2026-06-02 07:41:00,0.72208,0.7222,0.72223,0.72199,80,1780386118.693,AUDUSD_otc
71,2026-06-02 07:42:00,0.72222,0.72209,0.72227,0.72202,86,1780386179.762,AUDUSD_otc
71,2026-06-02 07:43:00,0.72209,0.72232,0.72236,0.7219,79,1780386239.849,AUDUSD_otc
71,2026-06-02 07:44:00,0.72232,0.72252,0.72252,0.72219,77,1780386299.449,AUDUSD_otc
71,2026-06-02 07:45:00,0.72252,0.7224,0.72267,0.72231,71,1780386359.532,AUDUSD_otc
71,2026-06-02 07:46:00,0.72244,0.72222,0.72248,0.72219,71,1780386419.632,AUDUSD_otc
71,2026-06-02 07:47:00,0.72221,0.72253,0.72259,0.72221,73,1780386479.757,AUDUSD_otc
71,2026-06-02 07:48:00,0.72253,0.72238,0.7226,0.72234,86,1780386539.868,AUDUSD_otc
71,2026-06-02 07:49:00,0.72238,0.72217,0.72247,0.72214,84,1780386599.963,AUDUSD_otc
71,2026-06-02 07:50:00,0.72217,0.72203,0.72222,0.72195,85,1780386659.007,AUDUSD_otc
71,2026-06-02 07:51:00,0.72203,0.72224,0.72242,0.72203,73,1780386719.569,AUDUSD_otc
71,2026-06-02 07:52:00,0.72222,0.72184,0.72229,0.72184,75,1780386779.691,AUDUSD_otc
71,2026-06-02 07:53:00,0.72184,0.72202,0.72206,0.72168,86,1780386839.761,AUDUSD_otc
71,2026-06-02 07:54:00,0.722,0.72198,0.72216,0.72191,79,1780386897.843,AUDUSD_otc
71,2026-06-02 07:55:00,0.72198,0.72207,0.72222,0.72192,84,1780386959.448,AUDUSD_otc
71,2026-06-02 07:56:00,0.72207,0.72223,0.72239,0.72204,77,1780387019.55,AUDUSD_otc
71,2026-06-02 07:57:00,0.72226,0.72212,0.72228,0.72184,75,1780387079.649,AUDUSD_otc
71,2026-06-02 07:58:00,0.72206,0.7219,0.72208,0.72176,86,1780387138.768,AUDUSD_otc
71,2026-06-02 07:59:00,0.72194,0.72218,0.72221,0.72194,79,1780387199.875,AUDUSD_otc
71,2026-06-02 08:00:00,0.72218,0.7225,0.72265,0.72216,80,1780387259.461,AUDUSD_otc
71,2026-06-02 08:01:00,0.7225,0.72253,0.7226,0.72234,78,1780387319.533,AUDUSD_otc
71,2026-06-02 08:02:00,0.72253,0.72215,0.72253,0.72205,77,1780387379.653,AUDUSD_otc
71,2026-06-02 08:03:00,0.72215,0.72169,0.72215,0.72169,74,1780387439.746,AUDUSD_otc
71,2026-06-02 08:04:00,0.72169,0.7213,0.72171,0.72124,77,1780387499.328,AUDUSD_otc
71,2026-06-02 08:05:00,0.7213,0.72109,0.72141,0.72107,78,1780387559.941,AUDUSD_otc
71,2026-06-02 08:06:00,0.72109,0.7212,0.72131,0.72107,78,1780387619.563,AUDUSD_otc
71,2026-06-02 08:07:00,0.72123,0.72113,0.7215,0.72099,77,1780387679.666,AUDUSD_otc
71,2026-06-02 08:08:00,0.72113,0.72085,0.72119,0.72085,80,1780387739.755,AUDUSD_otc
71,2026-06-02 08:09:00,0.72083,0.72086,0.72098,0.72073,85,1780387799.822,AUDUSD_otc
71,2026-06-02 08:10:00,0.72088,0.72114,0.72115,0.7208,74,1780387859.885,AUDUSD_otc
71,2026-06-02 08:11:00,0.72114,0.72133,0.72157,0.72114,79,1780387919.994,AUDUSD_otc
71,2026-06-02 08:12:00,0.72133,0.72182,0.72185,0.72132,83,1780387979.073,AUDUSD_otc
71,2026-06-02 08:13:00,0.72182,0.72181,0.72199,0.72175,74,1780388039.651,AUDUSD_otc
71,2026-06-02 08:14:00,0.72181,0.7222,0.72232,0.72178,78,1780388099.753,AUDUSD_otc
71,2026-06-02 08:15:00,0.7222,0.72226,0.72232,0.72204,86,1780388159.871,AUDUSD_otc
71,2026-06-02 08:16:00,0.72226,0.72179,0.7223,0.72174,86,1780388219.987,AUDUSD_otc
71,2026-06-02 08:17:00,0.72179,0.72184,0.72184,0.7214,72,1780388279.588,AUDUSD_otc
71,2026-06-02 08:18:00,0.72183,0.72198,0.72205,0.72166,82,1780388339.68,AUDUSD_otc
71,2026-06-02 08:19:00,0.72198,0.72173,0.72209,0.72171,78,1780388399.762,AUDUSD_otc
71,2026-06-02 08:20:00,0.72173,0.72213,0.72221,0.7217,81,1780388459.327,AUDUSD_otc
71,2026-06-02 08:21:00,0.72213,0.72244,0.72249,0.72207,76,1780388519.874,AUDUSD_otc
71,2026-06-02 08:22:00,0.72244,0.72244,0.72262,0.7224,82,1780388579.981,AUDUSD_otc
71,2026-06-02 08:23:00,0.72244,0.72296,0.72306,0.72244,85,1780388639.554,AUDUSD_otc
71,2026-06-02 08:24:00,0.72296,0.72306,0.72326,0.72292,86,1780388699.625,AUDUSD_otc
71,2026-06-02 08:25:00,0.72306,0.72314,0.72318,0.72301,65,1780388759.228,AUDUSD_otc
71,2026-06-02 08:26:00,0.72315,0.72341,0.72349,0.72311,73,1780388819.819,AUDUSD_otc
71,2026-06-02 08:27:00,0.7234,0.72377,0.72384,0.72335,85,1780388878.916,AUDUSD_otc
71,2026-06-02 08:28:00,0.72377,0.72424,0.72426,0.72373,79,1780388938.547,AUDUSD_otc
71,2026-06-02 08:29:00,0.72426,0.72424,0.72427,0.724,78,1780388999.658,AUDUSD_otc
71,2026-06-02 08:30:00,0.72424,0.72417,0.72429,0.72398,75,1780389059.758,AUDUSD_otc
71,2026-06-02 08:31:00,0.72417,0.724,0.72437,0.724,87,1780389119.836,AUDUSD_otc
71,2026-06-02 08:32:00,0.724,0.72368,0.72409,0.72363,75,1780389179.901,AUDUSD_otc
71,2026-06-02 08:33:00,0.72368,0.72397,0.72409,0.72368,70,1780389238.502,AUDUSD_otc
71,2026-06-02 08:34:00,0.72399,0.72401,0.72404,0.72377,77,1780389299.591,AUDUSD_otc
71,2026-06-02 08:35:00,0.72402,0.72432,0.72435,0.72402,80,1780389359.698,AUDUSD_otc
71,2026-06-02 08:36:00,0.72432,0.72434,0.72451,0.72422,79,1780389419.833,AUDUSD_otc
71,2026-06-02 08:37:00,0.72434,0.72417,0.72449,0.72404,84,1780389479.946,AUDUSD_otc
71,2026-06-02 08:38:00,0.72417,0.72416,0.72434,0.72398,78,1780389539.535,AUDUSD_otc
71,2026-06-02 08:39:00,0.72416,0.72421,0.72432,0.72413,77,1780389599.62,AUDUSD_otc
71,2026-06-02 08:40:00,0.72421,0.72438,0.7244,0.72403,81,1780389659.671,AUDUSD_otc
71,2026-06-02 08:41:00,0.72441,0.72476,0.72476,0.72438,84,1780389719.778,AUDUSD_otc
71,2026-06-02 08:42:00,0.72476,0.72465,0.72493,0.72461,70,1780389779.843,AUDUSD_otc
71,2026-06-02 08:43:00,0.72465,0.72488,0.72488,0.72465,87,1780389839.912,AUDUSD_otc
71,2026-06-02 08:44:00,0.72488,0.72473,0.72488,0.72464,75,1780389899.53,AUDUSD_otc
71,2026-06-02 08:45:00,0.72473,0.72505,0.72519,0.7246,75,1780389959.113,AUDUSD_otc
71,2026-06-02 08:46:00,0.72504,0.72459,0.72506,0.72457,86,1780390019.709,AUDUSD_otc
71,2026-06-02 08:47:00,0.72461,0.72462,0.72474,0.72452,79,1780390079.849,AUDUSD_otc
71,2026-06-02 08:48:00,0.72462,0.72454,0.72462,0.72433,74,1780390139.432,AUDUSD_otc
71,2026-06-02 08:49:00,0.72454,0.72462,0.72467,0.72441,80,1780390199.518,AUDUSD_otc
71,2026-06-02 08:50:00,0.72464,0.72472,0.72489,0.72458,74,1780390259.582,AUDUSD_otc
71,2026-06-02 08:51:00,0.72476,0.72491,0.72506,0.72464,79,1780390319.635,AUDUSD_otc
71,2026-06-02 08:52:00,0.72487,0.72488,0.72495,0.72471,88,1780390379.742,AUDUSD_otc
71,2026-06-02 08:53:00,0.72476,0.72479,0.72492,0.72466,68,1780390439.825,AUDUSD_otc
71,2026-06-02 08:54:00,0.72479,0.72449,0.72484,0.72441,90,1780390499.888,AUDUSD_otc
71,2026-06-02 08:55:00,0.72449,0.72465,0.72475,0.72433,81,1780390559.519,AUDUSD_otc
71,2026-06-02 08:56:00,0.72463,0.7247,0.7247,0.72441,82,1780390619.62,AUDUSD_otc
71,2026-06-02 08:57:00,0.7247,0.72426,0.72475,0.72426,70,1780390679.717,AUDUSD_otc
71,2026-06-02 08:58:00,0.72424,0.72454,0.72465,0.7242,90,1780390739.836,AUDUSD_otc
71,2026-06-02 08:59:00,0.72454,0.72445,0.72468,0.72445,89,1780390798.923,AUDUSD_otc
71,2026-06-02 09:00:00,0.72445,0.725,0.725,0.72443,83,1780390858.513,AUDUSD_otc
71,2026-06-02 09:01:00,0.72498,0.72509,0.72512,0.72483,78,1780390919.602,AUDUSD_otc
71,2026-06-02 09:02:00,0.72507,0.72507,0.72525,0.72496,78,1780390979.656,AUDUSD_otc
71,2026-06-02 09:03:00,0.72507,0.7247,0.72514,0.72463,87,1780391039.778,AUDUSD_otc
71,2026-06-02 09:04:00,0.7247,0.72464,0.72484,0.72457,78,1780391099.861,AUDUSD_otc
71,2026-06-02 09:05:00,0.72462,0.72442,0.72475,0.72435,77,1780391159.951,AUDUSD_otc
71,2026-06-02 09:06:00,0.72444,0.72414,0.72449,0.7241,87,1780391219.57,AUDUSD_otc
71,2026-06-02 09:07:00,0.72416,0.72375,0.72427,0.72375,82,1780391279.671,AUDUSD_otc
71,2026-06-02 09:08:00,0.72375,0.72358,0.72389,0.7235,79,1780391339.29,AUDUSD_otc
71,2026-06-02 09:09:00,0.72358,0.72349,0.72358,0.72329,86,1780391399.882,AUDUSD_otc
71,2026-06-02 09:10:00,0.72349,0.7233,0.72361,0.72328,87,1780391459.424,AUDUSD_otc
71,2026-06-02 09:11:00,0.7233,0.72311,0.72334,0.72304,80,1780391518.998,AUDUSD_otc
71,2026-06-02 09:12:00,0.72308,0.72308,0.72319,0.72298,70,1780391579.569,AUDUSD_otc
71,2026-06-02 09:13:00,0.72308,0.72322,0.72327,0.72297,90,1780391639.635,AUDUSD_otc
71,2026-06-02 09:14:00,0.72323,0.72311,0.72348,0.72311,72,1780391698.759,AUDUSD_otc
71,2026-06-02 09:15:00,0.7231,0.72306,0.72311,0.72294,80,1780391759.813,AUDUSD_otc
71,2026-06-02 09:16:00,0.72306,0.7229,0.7231,0.72276,78,1780391819.879,AUDUSD_otc
71,2026-06-02 09:17:00,0.7229,0.7232,0.72327,0.72289,79,1780391879.499,AUDUSD_otc
71,2026-06-02 09:18:00,0.72316,0.72327,0.72345,0.72316,76,1780391939.6,AUDUSD_otc
71,2026-06-02 09:19:00,0.72324,0.72301,0.72338,0.72298,82,1780391998.705,AUDUSD_otc
71,2026-06-02 09:20:00,0.72303,0.72296,0.72318,0.7229,73,1780392059.328,AUDUSD_otc
71,2026-06-02 09:21:00,0.72294,0.72329,0.72335,0.72287,77,1780392119.417,AUDUSD_otc
71,2026-06-02 09:22:00,0.72318,0.72347,0.72354,0.72316,79,1780392179.512,AUDUSD_otc
71,2026-06-02 09:23:00,0.72344,0.72372,0.72385,0.72342,87,1780392239.593,AUDUSD_otc
71,2026-06-02 09:24:00,0.72372,0.72364,0.7239,0.72364,85,1780392299.674,AUDUSD_otc
71,2026-06-02 09:25:00,0.72366,0.72378,0.72393,0.72366,71,1780392359.775,AUDUSD_otc
71,2026-06-02 09:26:00,0.72378,0.72396,0.72413,0.72371,79,1780392417.363,AUDUSD_otc
71,2026-06-02 09:27:00,0.72396,0.72387,0.72404,0.72372,76,1780392479.959,AUDUSD_otc
71,2026-06-02 09:28:00,0.72387,0.72443,0.72443,0.72381,80,1780392539.582,AUDUSD_otc
71,2026-06-02 09:29:00,0.72439,0.72444,0.72459,0.72431,79,1780392599.687,AUDUSD_otc
71,2026-06-02 09:30:00,0.72444,0.72487,0.72487,0.72443,77,1780392658.789,AUDUSD_otc
71,2026-06-02 09:31:00,0.72487,0.7249,0.72497,0.72461,75,1780392719.863,AUDUSD_otc
71,2026-06-02 09:32:00,0.7249,0.72477,0.72498,0.72477,78,1780392778.934,AUDUSD_otc
71,2026-06-02 09:33:00,0.72477,0.72436,0.7248,0.72434,80,1780392838.033,AUDUSD_otc
71,2026-06-02 09:34:00,0.72438,0.72421,0.72458,0.72421,74,1780392899.618,AUDUSD_otc
71,2026-06-02 09:35:00,0.72421,0.72418,0.72426,0.72403,78,1780392959.68,AUDUSD_otc
71,2026-06-02 09:36:00,0.72418,0.72414,0.72424,0.72385,87,1780393019.798,AUDUSD_otc
71,2026-06-02 09:37:00,0.72414,0.72427,0.72441,0.72409,80,1780393079.873,AUDUSD_otc
71,2026-06-02 09:38:00,0.72429,0.72382,0.72429,0.72375,71,1780393139.491,AUDUSD_otc
71,2026-06-02 09:39:00,0.72382,0.72351,0.7239,0.72349,78,1780393199.621,AUDUSD_otc
71,2026-06-02 09:40:00,0.72353,0.72355,0.72376,0.72349,83,1780393259.726,AUDUSD_otc
71,2026-06-02 09:41:00,0.72354,0.72359,0.72369,0.72345,86,1780393319.793,AUDUSD_otc
71,2026-06-02 09:42:00,0.72361,0.72367,0.72373,0.72346,80,1780393379.88,AUDUSD_otc
71,2026-06-02 09:43:00,0.72367,0.72347,0.72372,0.72334,73,1780393439.952,AUDUSD_otc
71,2026-06-02 09:44:00,0.72347,0.72346,0.72366,0.72343,75,1780393497.053,AUDUSD_otc
71,2026-06-02 09:45:00,0.72345,0.72317,0.72345,0.72316,80,1780393558.625,AUDUSD_otc
71,2026-06-02 09:46:00,0.72317,0.723,0.72323,0.72298,76,1780393619.713,AUDUSD_otc
71,2026-06-02 09:47:00,0.723,0.72293,0.72312,0.72288,78,1780393679.844,AUDUSD_otc
71,2026-06-02 09:48:00,0.72293,0.72294,0.72318,0.72292,74,1780393739.94,AUDUSD_otc
71,2026-06-02 09:49:00,0.72294,0.72261,0.72299,0.72254,81,1780393799.587,AUDUSD_otc
71,2026-06-02 09:50:00,0.72261,0.72298,0.7231,0.72259,81,1780393859.691,AUDUSD_otc
71,2026-06-02 09:51:00,0.72298,0.72253,0.72298,0.72249,81,1780393919.77,AUDUSD_otc
71,2026-06-02 09:52:00,0.72253,0.72231,0.72257,0.72221,80,1780393979.866,AUDUSD_otc
71,2026-06-02 09:53:00,0.72228,0.7221,0.72228,0.72206,82,1780394039.45,AUDUSD_otc
71,2026-06-02 09:54:00,0.7221,0.72202,0.72212,0.72177,82,1780394099.542,AUDUSD_otc
71,2026-06-02 09:55:00,0.72202,0.72262,0.72272,0.72196,84,1780394159.675,AUDUSD_otc
71,2026-06-02 09:56:00,0.72262,0.7224,0.72262,0.72225,78,1780394219.273,AUDUSD_otc
71,2026-06-02 09:57:00,0.7224,0.72233,0.7226,0.72231,71,1780394279.901,AUDUSD_otc
71,2026-06-02 09:58:00,0.7223,0.72236,0.72248,0.72226,79,1780394339.989,AUDUSD_otc
71,2026-06-02 09:59:00,0.72236,0.72255,0.72258,0.72218,87,1780394399.559,AUDUSD_otc
71,2026-06-02 10:00:00,0.72253,0.72225,0.7227,0.72225,76,1780394459.16,AUDUSD_otc
71,2026-06-02 10:01:00,0.72224,0.72231,0.72236,0.72206,79,1780394519.749,AUDUSD_otc
71,2026-06-02 10:02:00,0.72231,0.72244,0.72244,0.72217,81,1780394579.825,AUDUSD_otc
71,2026-06-02 10:03:00,0.72244,0.72228,0.72256,0.72224,80,1780394637.915,AUDUSD_otc
71,2026-06-02 10:04:00,0.72228,0.72229,0.7223,0.72206,69,1780394699.995,AUDUSD_otc
71,2026-06-02 10:05:00,0.72229,0.7223,0.7226,0.72224,82,1780394759.084,AUDUSD_otc
71,2026-06-02 10:06:00,0.72228,0.72171,0.7223,0.72168,75,1780394818.721,AUDUSD_otc
71,2026-06-02 10:07:00,0.72171,0.72195,0.7222,0.72169,85,1780394879.832,AUDUSD_otc
71,2026-06-02 10:08:00,0.72195,0.72207,0.72213,0.72193,87,1780394938.907,AUDUSD_otc
71,2026-06-02 10:09:00,0.72207,0.72216,0.72216,0.72191,81,1780394999.5,AUDUSD_otc
71,2026-06-02 10:10:00,0.72216,0.72184,0.72216,0.72169,83,1780395059.574,AUDUSD_otc
71,2026-06-02 10:11:00,0.72186,0.72216,0.72231,0.72183,76,1780395119.661,AUDUSD_otc
71,2026-06-02 10:12:00,0.72218,0.72184,0.72218,0.72173,66,1780395179.755,AUDUSD_otc
71,2026-06-02 10:13:00,0.72183,0.72186,0.72203,0.72179,74,1780395239.846,AUDUSD_otc
71,2026-06-02 10:14:00,0.72184,0.72161,0.72191,0.72148,87,1780395299.932,AUDUSD_otc
71,2026-06-02 10:15:00,0.72161,0.72168,0.72173,0.72157,81,1780395359.045,AUDUSD_otc
71,2026-06-02 10:16:00,0.72169,0.72176,0.72193,0.72169,84,1780395419.655,AUDUSD_otc
71,2026-06-02 10:17:00,0.72177,0.72163,0.7219,0.72163,74,1780395479.748,AUDUSD_otc
71,2026-06-02 10:18:00,0.72163,0.72164,0.72167,0.72148,82,1780395538.836,AUDUSD_otc
71,2026-06-02 10:19:00,0.72164,0.72158,0.72178,0.7215,84,1780395599.417,AUDUSD_otc
71,2026-06-02 10:20:00,0.72158,0.7215,0.72163,0.72134,80,1780395659.518,AUDUSD_otc
71,2026-06-02 10:21:00,0.72154,0.72209,0.72212,0.72154,86,1780395719.594,AUDUSD_otc
71,2026-06-02 10:22:00,0.72209,0.72199,0.72209,0.72188,75,1780395777.693,AUDUSD_otc
71,2026-06-02 10:23:00,0.72199,0.72177,0.72215,0.72162,80,1780395838.771,AUDUSD_otc
71,2026-06-02 10:24:00,0.72177,0.72136,0.72177,0.72121,80,1780395899.383,AUDUSD_otc
71,2026-06-02 10:25:00,0.72136,0.72181,0.72181,0.72132,75,1780395959.001,AUDUSD_otc
71,2026-06-02 10:26:00,0.72181,0.72191,0.72203,0.72172,88,1780396019.613,AUDUSD_otc
71,2026-06-02 10:27:00,0.72193,0.72192,0.72211,0.72192,65,1780396079.689,AUDUSD_otc
71,2026-06-02 10:28:00,0.72191,0.7216,0.72207,0.7216,78,1780396139.785,AUDUSD_otc
71,2026-06-02 10:29:00,0.72163,0.72096,0.72163,0.72092,82,1780396198.85,AUDUSD_otc
71,2026-06-02 10:30:00,0.72095,0.72079,0.72124,0.72073,90,1780396259.947,AUDUSD_otc
71,2026-06-02 10:31:00,0.72077,0.72087,0.72117,0.72075,78,1780396319.017,AUDUSD_otc
71,2026-06-02 10:32:00,0.72087,0.72114,0.72119,0.7208,80,1780396379.581,AUDUSD_otc
71,2026-06-02 10:33:00,0.72118,0.72156,0.72164,0.72116,77,1780396439.66,AUDUSD_otc
71,2026-06-02 10:34:00,0.72154,0.72148,0.72162,0.7214,83,1780396499.269,AUDUSD_otc
71,2026-06-02 10:35:00,0.72148,0.72128,0.72148,0.72105,79,1780396559.851,AUDUSD_otc
71,2026-06-02 10:36:00,0.72128,0.72151,0.72158,0.72121,83,1780396619.488,AUDUSD_otc
71,2026-06-02 10:37:00,0.72151,0.72179,0.72188,0.72151,79,1780396679.605,AUDUSD_otc
71,2026-06-02 10:38:00,0.72179,0.72212,0.72223,0.72162,75,1780396739.673,AUDUSD_otc
71,2026-06-02 10:39:00,0.72212,0.72219,0.72225,0.72198,77,1780396799.782,AUDUSD_otc
71,2026-06-02 10:40:00,0.72219,0.72199,0.72237,0.72178,73,1780396859.361,AUDUSD_otc
71,2026-06-02 10:41:00,0.72199,0.72185,0.72207,0.72184,76,1780396919.453,AUDUSD_otc
71,2026-06-02 10:42:00,0.72185,0.72171,0.722,0.72167,84,1780396979.546,AUDUSD_otc
71,2026-06-02 10:43:00,0.72173,0.72138,0.72179,0.72129,77,1780397039.146,AUDUSD_otc
71,2026-06-02 10:44:00,0.72138,0.72102,0.72138,0.72098,83,1780397099.747,AUDUSD_otc
71,2026-06-02 10:45:00,0.72102,0.72093,0.72111,0.72091,68,1780397159.862,AUDUSD_otc
71,2026-06-02 10:46:00,0.72093,0.72064,0.72095,0.72057,83,1780397219.984,AUDUSD_otc
71,2026-06-02 10:47:00,0.72064,0.72075,0.72076,0.72035,74,1780397279.598,AUDUSD_otc
71,2026-06-02 10:48:00,0.72073,0.72057,0.72073,0.72036,70,1780397339.167,AUDUSD_otc
71,2026-06-02 10:49:00,0.72057,0.72104,0.72106,0.72057,77,1780397399.257,AUDUSD_otc
71,2026-06-02 10:50:00,0.72107,0.72131,0.72131,0.72096,84,1780397458.854,AUDUSD_otc
71,2026-06-02 10:51:00,0.72131,0.72114,0.72139,0.72111,76,1780397519.96,AUDUSD_otc
71,2026-06-02 10:52:00,0.72109,0.72149,0.72154,0.72102,79,1780397579.548,AUDUSD_otc
71,2026-06-02 10:53:00,0.72151,0.72175,0.72189,0.72149,77,1780397638.683,AUDUSD_otc
71,2026-06-02 10:54:00,0.72175,0.72163,0.72177,0.72158,77,1780397698.784,AUDUSD_otc
71,2026-06-02 10:55:00,0.72163,0.72112,0.72163,0.7211,77,1780397759.875,AUDUSD_otc
71,2026-06-02 10:56:00,0.72112,0.72099,0.72135,0.72097,72,1780397818.938,AUDUSD_otc
71,2026-06-02 10:57:00,0.72099,0.72132,0.72132,0.72088,90,1780397879.021,AUDUSD_otc
71,2026-06-02 10:58:00,0.72132,0.72082,0.72137,0.72074,79,1780397939.112,AUDUSD_otc
71,2026-06-02 10:59:00,0.72082,0.72024,0.72088,0.72024,77,1780397999.191,AUDUSD_otc
71,2026-06-02 11:00:00,0.72024,0.71987,0.7203,0.71987,73,1780398059.758,AUDUSD_otc
71,2026-06-02 11:01:00,0.71987,0.72002,0.72016,0.71972,76,1780398119.855,AUDUSD_otc
71,2026-06-02 11:02:00,0.72,0.72,0.72014,0.71992,79,1780398179.948,AUDUSD_otc
71,2026-06-02 11:03:00,0.72,0.71993,0.72015,0.71991,85,1780398239.562,AUDUSD_otc
71,2026-06-02 11:04:00,0.71995,0.71949,0.72002,0.71948,81,1780398299.184,AUDUSD_otc
71,2026-06-02 11:05:00,0.7195,0.71976,0.7198,0.71939,85,1780398358.794,AUDUSD_otc
71,2026-06-02 11:06:00,0.71981,0.71931,0.71987,0.7193,78,1780398419.899,AUDUSD_otc
71,2026-06-02 11:07:00,0.71931,0.71861,0.71937,0.71861,81,1780398478.966,AUDUSD_otc
71,2026-06-02 11:08:00,0.71861,0.71834,0.71867,0.71818,72,1780398539.563,AUDUSD_otc
71,2026-06-02 11:09:00,0.71835,0.7183,0.71843,0.71821,78,1780398599.652,AUDUSD_otc
71,2026-06-02 11:10:00,0.71829,0.71845,0.71852,0.71816,83,1780398659.726,AUDUSD_otc
71,2026-06-02 11:11:00,0.71845,0.71881,0.71886,0.71844,81,1780398719.813,AUDUSD_otc
71,2026-06-02 11:12:00,0.71881,0.71896,0.71912,0.71871,83,1780398778.917,AUDUSD_otc
71,2026-06-02 11:13:00,0.71896,0.71927,0.71927,0.71878,81,1780398839.521,AUDUSD_otc
71,2026-06-02 11:14:00,0.71927,0.71934,0.71939,0.71911,72,1780398899.634,AUDUSD_otc
71,2026-06-02 11:15:00,0.71934,0.71934,0.71941,0.71928,81,1780398959.24,AUDUSD_otc
71,2026-06-02 11:16:00,0.71934,0.71957,0.71965,0.71932,70,1780399017.808,AUDUSD_otc
71,2026-06-02 11:17:00,0.71957,0.71978,0.7198,0.71952,79,1780399079.912,AUDUSD_otc
71,2026-06-02 11:18:00,0.71978,0.72012,0.72021,0.71977,81,1780399139.495,AUDUSD_otc
71,2026-06-02 11:19:00,0.72012,0.72001,0.72029,0.72001,82,1780399198.582,AUDUSD_otc
71,2026-06-02 11:20:00,0.71997,0.71958,0.72012,0.71958,81,1780399259.713,AUDUSD_otc
71,2026-06-02 11:21:00,0.71958,0.72012,0.72029,0.71958,82,1780399319.298,AUDUSD_otc
71,2026-06-02 11:22:00,0.72014,0.72026,0.72037,0.72008,87,1780399379.902,AUDUSD_otc
71,2026-06-02 11:23:00,0.72026,0.72003,0.72026,0.72001,72,1780399439.011,AUDUSD_otc
71,2026-06-02 11:24:00,0.72001,0.71979,0.72001,0.71966,79,1780399499.088,AUDUSD_otc
71,2026-06-02 11:25:00,0.71979,0.71989,0.71998,0.71964,83,1780399558.679,AUDUSD_otc
71,2026-06-02 11:26:00,0.71975,0.72017,0.72017,0.71973,71,1780399618.749,AUDUSD_otc
71,2026-06-02 11:27:00,0.72017,0.72032,0.72039,0.72017,81,1780399679.84,AUDUSD_otc
71,2026-06-02 11:28:00,0.72023,0.72012,0.72023,0.71996,83,1780399739.932,AUDUSD_otc
71,2026-06-02 11:29:00,0.72012,0.72027,0.7204,0.72002,82,1780399799.985,AUDUSD_otc
71,2026-06-02 11:30:00,0.72027,0.72009,0.72027,0.72004,83,1780399859.584,AUDUSD_otc
71,2026-06-02 11:31:00,0.72009,0.72001,0.72022,0.72,86,1780399919.678,AUDUSD_otc
71,2026-06-02 11:32:00,0.72001,0.72011,0.72018,0.71994,79,1780399979.281,AUDUSD_otc
71,2026-06-02 11:33:00,0.72011,0.72024,0.72057,0.72005,76,1780400038.397,AUDUSD_otc
71,2026-06-02 11:34:00,0.72024,0.72004,0.72038,0.72004,83,1780400099.527,AUDUSD_otc
71,2026-06-02 11:35:00,0.72004,0.71972,0.72011,0.71972,80,1780400159.587,AUDUSD_otc
71,2026-06-02 11:36:00,0.71974,0.71936,0.71982,0.71932,78,1780400219.155,AUDUSD_otc
71,2026-06-02 11:37:00,0.71934,0.71949,0.7196,0.71929,85,1780400279.214,AUDUSD_otc
71,2026-06-02 11:38:00,0.71947,0.7198,0.71982,0.71939,74,1780400339.795,AUDUSD_otc
71,2026-06-02 11:39:00,0.71984,0.72021,0.72028,0.71978,88,1780400399.903,AUDUSD_otc
71,2026-06-02 11:40:00,0.72021,0.72005,0.72041,0.72003,75,1780400458.963,AUDUSD_otc
71,2026-06-02 11:41:00,0.72005,0.71995,0.7201,0.71971,80,1780400519.565,AUDUSD_otc
71,2026-06-02 11:42:00,0.72003,0.72003,0.72025,0.71995,69,1780400579.677,AUDUSD_otc
71,2026-06-02 11:43:00,0.72001,0.71992,0.72002,0.71973,90,1780400639.784,AUDUSD_otc
71,2026-06-02 11:44:00,0.71992,0.71946,0.71998,0.71939,86,1780400699.898,AUDUSD_otc
71,2026-06-02 11:45:00,0.71941,0.71926,0.71944,0.7191,86,1780400757.998,AUDUSD_otc
71,2026-06-02 11:46:00,0.71928,0.71947,0.71956,0.71924,86,1780400819.591,AUDUSD_otc
71,2026-06-02 11:47:00,0.71947,0.7194,0.71966,0.71931,83,1780400879.698,AUDUSD_otc
71,2026-06-02 11:48:00,0.7194,0.71944,0.71961,0.71931,81,1780400939.773,AUDUSD_otc
71,2026-06-02 11:49:00,0.71944,0.71905,0.71945,0.71901,81,1780400999.866,AUDUSD_otc
71,2026-06-02 11:50:00,0.71905,0.71925,0.71925,0.71898,82,1780401058.986,AUDUSD_otc
71,2026-06-02 11:51:00,0.71925,0.71934,0.71934,0.71911,84,1780401119.585,AUDUSD_otc
71,2026-06-02 11:52:00,0.71938,0.71914,0.71938,0.71914,81,1780401179.695,AUDUSD_otc
71,2026-06-02 11:53:00,0.71915,0.71907,0.71916,0.71892,81,1780401239.787,AUDUSD_otc
71,2026-06-02 11:54:00,0.71909,0.7191,0.71918,0.7189,91,1780401299.353,AUDUSD_otc
71,2026-06-02 11:55:00,0.71913,0.7191,0.71931,0.71896,80,1780401359.95,AUDUSD_otc
71,2026-06-02 11:56:00,0.7191,0.71934,0.71935,0.71903,79,1780401419.028,AUDUSD_otc
71,2026-06-02 11:57:00,0.71932,0.71939,0.7196,0.7193,82,1780401479.615,AUDUSD_otc
71,2026-06-02 11:58:00,0.71941,0.71938,0.71947,0.71925,74,1780401539.73,AUDUSD_otc
71,2026-06-02 11:59:00,0.71938,0.71907,0.71938,0.719,79,1780401599.838,AUDUSD_otc
71,2026-06-02 12:00:00,0.71907,0.71869,0.7191,0.71869,85,1780401659.946,AUDUSD_otc
71,2026-06-02 12:01:00,0.71869,0.71875,0.71883,0.71858,83,1780401718.553,AUDUSD_otc
71,2026-06-02 12:02:00,0.71874,0.71822,0.71892,0.71805,80,1780401779.115,AUDUSD_otc
71,2026-06-02 12:03:00,0.71815,0.71784,0.71828,0.71779,85,1780401839.223,AUDUSD_otc
71,2026-06-02 12:04:00,0.71784,0.71746,0.71784,0.71735,77,1780401899.783,AUDUSD_otc
71,2026-06-02 12:05:00,0.71746,0.71794,0.71795,0.71736,69,1780401958.855,AUDUSD_otc
71,2026-06-02 12:06:00,0.71794,0.71756,0.71794,0.71745,78,1780402019.459,AUDUSD_otc
71,2026-06-02 12:07:00,0.71756,0.7181,0.7181,0.71742,83,1780402079.552,AUDUSD_otc
71,2026-06-02 12:08:00,0.7181,0.71789,0.7181,0.7177,74,1780402138.167,AUDUSD_otc
71,2026-06-02 12:09:00,0.71787,0.71813,0.71816,0.7178,76,1780402199.803,AUDUSD_otc
71,2026-06-02 12:10:00,0.71813,0.7179,0.7182,0.71783,76,1780402259.89,AUDUSD_otc
71,2026-06-02 12:11:00,0.7179,0.71787,0.7179,0.71759,86,1780402319.978,AUDUSD_otc
71,2026-06-02 12:12:00,0.71787,0.71794,0.718,0.71772,88,1780402379.554,AUDUSD_otc
71,2026-06-02 12:13:00,0.718,0.71771,0.718,0.71754,83,1780402439.629,AUDUSD_otc
71,2026-06-02 12:14:00,0.71771,0.71781,0.71803,0.7177,72,1780402499.73,AUDUSD_otc
71,2026-06-02 12:15:00,0.71781,0.71762,0.71781,0.71751,81,1780402559.82,AUDUSD_otc
71,2026-06-02 12:16:00,0.71764,0.71779,0.71795,0.71742,74,1780402619.911,AUDUSD_otc
71,2026-06-02 12:17:00,0.71781,0.71758,0.71788,0.71756,90,1780402679.051,AUDUSD_otc
71,2026-06-02 12:18:00,0.71756,0.71742,0.71756,0.71729,79,1780402739.167,AUDUSD_otc
71,2026-06-02 12:19:00,0.71748,0.71763,0.71773,0.71741,85,1780402799.767,AUDUSD_otc
71,2026-06-02 12:20:00,0.71758,0.71819,0.71823,0.71758,80,1780402858.859,AUDUSD_otc
71,2026-06-02 12:21:00,0.71818,0.71805,0.71821,0.71804,84,1780402919.425,AUDUSD_otc
71,2026-06-02 12:22:00,0.71804,0.71838,0.71855,0.71798,75,1780402979.547,AUDUSD_otc
71,2026-06-02 12:23:00,0.71836,0.71834,0.71853,0.7183,78,1780403039.608,AUDUSD_otc
71,2026-06-02 12:24:00,0.71834,0.71802,0.71836,0.71785,69,1780403099.695,AUDUSD_otc
71,2026-06-02 12:25:00,0.71802,0.71824,0.71824,0.71786,75,1780403159.823,AUDUSD_otc
71,2026-06-02 12:26:00,0.71824,0.71852,0.71852,0.71817,80,1780403219.425,AUDUSD_otc
71,2026-06-02 12:27:00,0.71852,0.71885,0.71886,0.71839,78,1780403279.536,AUDUSD_otc
71,2026-06-02 12:28:00,0.71879,0.7188,0.71901,0.71875,81,1780403339.081,AUDUSD_otc
71,2026-06-02 12:29:00,0.71876,0.71874,0.71891,0.71853,86,1780403399.663,AUDUSD_otc
71,2026-06-02 12:30:00,0.71877,0.71857,0.71883,0.71853,79,1780403459.271,AUDUSD_otc
71,2026-06-02 12:31:00,0.71856,0.71878,0.71886,0.71845,84,1780403519.827,AUDUSD_otc
71,2026-06-02 12:32:00,0.71879,0.71888,0.71894,0.71874,87,1780403579.405,AUDUSD_otc
71,2026-06-02 12:33:00,0.71892,0.71852,0.71892,0.71851,72,1780403638.994,AUDUSD_otc
71,2026-06-02 12:34:00,0.7185,0.71847,0.71853,0.7182,77,1780403698.565,AUDUSD_otc
71,2026-06-02 12:35:00,0.71847,0.71865,0.71865,0.71832,76,1780403759.669,AUDUSD_otc
71,2026-06-02 12:36:00,0.71861,0.71863,0.71866,0.71852,85,1780403819.804,AUDUSD_otc
71,2026-06-02 12:37:00,0.71863,0.71892,0.71893,0.71859,73,1780403879.906,AUDUSD_otc
71,2026-06-02 12:38:00,0.71892,0.71869,0.71917,0.71868,76,1780403939.515,AUDUSD_otc
71,2026-06-02 12:39:00,0.71871,0.71868,0.71871,0.7185,76,1780403999.571,AUDUSD_otc
71,2026-06-02 12:40:00,0.71868,0.71831,0.7187,0.71824,85,1780404059.636,AUDUSD_otc
71,2026-06-02 12:41:00,0.71831,0.71819,0.71831,0.71803,72,1780404119.735,AUDUSD_otc
71,2026-06-02 12:42:00,0.71819,0.71815,0.71826,0.71797,78,1780404179.805,AUDUSD_otc
71,2026-06-02 12:43:00,0.71815,0.7185,0.71855,0.71815,88,1780404239.884,AUDUSD_otc
71,2026-06-02 12:44:00,0.7185,0.71872,0.71888,0.71841,90,1780404299.496,AUDUSD_otc
71,2026-06-02 12:45:00,0.71872,0.71875,0.71886,0.71864,73,1780404358.597,AUDUSD_otc
71,2026-06-02 12:46:00,0.71877,0.71859,0.7188,0.71848,83,1780404419.703,AUDUSD_otc
71,2026-06-02 12:47:00,0.7186,0.71844,0.71861,0.71836,67,1780404478.823,AUDUSD_otc
71,2026-06-02 12:48:00,0.71842,0.71836,0.71845,0.71826,85,1780404539.905,AUDUSD_otc
71,2026-06-02 12:49:00,0.71834,0.71803,0.71836,0.71803,78,1780404599.499,AUDUSD_otc
71,2026-06-02 12:50:00,0.71803,0.7185,0.7185,0.71803,78,1780404659.072,AUDUSD_otc
71,2026-06-02 12:51:00,0.71848,0.71862,0.71869,0.71838,74,1780404719.139,AUDUSD_otc
71,2026-06-02 12:52:00,0.71862,0.71822,0.71863,0.71808,82,1780404779.739,AUDUSD_otc
71,2026-06-02 12:53:00,0.71822,0.71862,0.71864,0.71822,82,1780404839.846,AUDUSD_otc
71,2026-06-02 12:54:00,0.71862,0.71872,0.719,0.71862,79,1780404899.949,AUDUSD_otc
71,2026-06-02 12:55:00,0.71871,0.71867,0.71885,0.71864,86,1780404959.554,AUDUSD_otc
71,2026-06-02 12:56:00,0.71867,0.71867,0.71879,0.71857,83,1780405019.667,AUDUSD_otc
71,2026-06-02 12:57:00,0.71867,0.7188,0.71893,0.71849,78,1780405079.772,AUDUSD_otc
71,2026-06-02 12:58:00,0.7188,0.71888,0.71899,0.71873,74,1780405139.849,AUDUSD_otc
71,2026-06-02 12:59:00,0.71888,0.71895,0.71922,0.71888,76,1780405199.924,AUDUSD_otc
71,2026-06-02 13:00:00,0.71895,0.71882,0.71901,0.71872,76,1780405259.005,AUDUSD_otc
71,2026-06-02 13:01:00,0.71882,0.71888,0.71889,0.71873,75,1780405319.591,AUDUSD_otc
71,2026-06-02 13:02:00,0.7189,0.71826,0.7189,0.71821,78,1780405379.662,AUDUSD_otc
71,2026-06-02 13:03:00,0.71822,0.71803,0.71823,0.718,75,1780405439.774,AUDUSD_otc
71,2026-06-02 13:04:00,0.71804,0.71807,0.71821,0.71794,71,1780405499.376,AUDUSD_otc
71,2026-06-02 13:05:00,0.7181,0.71867,0.71867,0.7181,76,1780405559.504,AUDUSD_otc
71,2026-06-02 13:06:00,0.71866,0.71896,0.7191,0.71866,82,1780405619.614,AUDUSD_otc
71,2026-06-02 13:07:00,0.71896,0.71938,0.71955,0.71896,78,1780405679.669,AUDUSD_otc
71,2026-06-02 13:08:00,0.71938,0.71937,0.71945,0.71924,84,1780405739.761,AUDUSD_otc
71,2026-06-02 13:09:00,0.71939,0.71913,0.71945,0.71905,76,1780405799.322,AUDUSD_otc
71,2026-06-02 13:10:00,0.71913,0.71929,0.71935,0.71899,70,1780405859.416,AUDUSD_otc
71,2026-06-02 13:11:00,0.71929,0.71941,0.71972,0.71929,84,1780405919.993,AUDUSD_otc
71,2026-06-02 13:12:00,0.71943,0.71927,0.71965,0.71918,75,1780405979.577,AUDUSD_otc
71,2026-06-02 13:13:00,0.71927,0.71901,0.71932,0.719,76,1780406039.664,AUDUSD_otc
71,2026-06-02 13:14:00,0.71901,0.71886,0.7192,0.71884,76,1780406099.299,AUDUSD_otc
71,2026-06-02 13:15:00,0.71886,0.71855,0.71889,0.71851,84,1780406159.916,AUDUSD_otc
71,2026-06-02 13:16:00,0.71855,0.71878,0.71891,0.71855,79,1780406217.509,AUDUSD_otc
71,2026-06-02 13:17:00,0.71874,0.71867,0.71892,0.71867,88,1780406279.61,AUDUSD_otc
71,2026-06-02 13:18:00,0.71867,0.71864,0.71872,0.71849,72,1780406338.676,AUDUSD_otc
71,2026-06-02 13:19:00,0.71866,0.71806,0.71866,0.71793,81,1780406399.798,AUDUSD_otc
71,2026-06-02 13:20:00,0.71806,0.71813,0.71824,0.71803,85,1780406459.406,AUDUSD_otc
71,2026-06-02 13:21:00,0.71811,0.71808,0.71838,0.71803,79,1780406519.976,AUDUSD_otc
71,2026-06-02 13:22:00,0.71807,0.71769,0.71808,0.71763,71,1780406578.597,AUDUSD_otc
71,2026-06-02 13:23:00,0.71771,0.71762,0.71782,0.71755,77,1780406639.698,AUDUSD_otc
71,2026-06-02 13:24:00,0.71762,0.71751,0.71765,0.71741,74,1780406699.811,AUDUSD_otc
71,2026-06-02 13:25:00,0.71751,0.71755,0.71774,0.71746,88,1780406759.91,AUDUSD_otc
71,2026-06-02 13:26:00,0.71755,0.71749,0.7177,0.71741,78,1780406818.468,AUDUSD_otc
71,2026-06-02 13:27:00,0.71749,0.71772,0.71774,0.71731,78,1780406879.582,AUDUSD_otc
71,2026-06-02 13:28:00,0.71772,0.71774,0.71776,0.71744,89,1780406939.147,AUDUSD_otc
71,2026-06-02 13:29:00,0.71774,0.71815,0.71816,0.71773,74,1780406999.714,AUDUSD_otc
71,2026-06-02 13:30:00,0.71815,0.71784,0.71829,0.71783,91,1780407059.315,AUDUSD_otc
71,2026-06-02 13:31:00,0.71784,0.71802,0.71813,0.71777,84,1780407119.902,AUDUSD_otc
71,2026-06-02 13:32:00,0.71802,0.71781,0.71805,0.71771,70,1780407179.503,AUDUSD_otc
71,2026-06-02 13:33:00,0.71781,0.71776,0.71789,0.71751,82,1780407239.615,AUDUSD_otc
71,2026-06-02 13:34:00,0.71777,0.71764,0.71804,0.71763,83,1780407299.742,AUDUSD_otc
71,2026-06-02 13:35:00,0.71762,0.71751,0.71767,0.71747,72,1780407359.319,AUDUSD_otc
71,2026-06-02 13:36:00,0.71754,0.71749,0.71781,0.7174,76,1780407419.897,AUDUSD_otc
71,2026-06-02 13:37:00,0.71747,0.71755,0.71766,0.71739,83,1780407479.93,AUDUSD_otc
71,2026-06-02 13:38:00,0.71755,0.71767,0.71777,0.71745,67,1780407539.016,AUDUSD_otc
71,2026-06-02 13:39:00,0.71773,0.71752,0.71776,0.7175,80,1780407599.583,AUDUSD_otc
71,2026-06-02 13:40:00,0.71752,0.71721,0.71766,0.71721,79,1780407658.665,AUDUSD_otc
71,2026-06-02 13:41:00,0.71721,0.71742,0.71742,0.71702,72,1780407719.26,AUDUSD_otc
71,2026-06-02 13:42:00,0.71742,0.71721,0.71754,0.71721,77,1780407777.846,AUDUSD_otc
71,2026-06-02 13:43:00,0.71721,0.71758,0.71764,0.71717,75,1780407839.949,AUDUSD_otc
71,2026-06-02 13:44:00,0.71758,0.7175,0.71758,0.7174,68,1780407899.563,AUDUSD_otc
71,2026-06-02 13:45:00,0.7175,0.71737,0.71765,0.71735,88,1780407959.681,AUDUSD_otc
71,2026-06-02 13:46:00,0.71734,0.71691,0.71736,0.71691,65,1780408018.775,AUDUSD_otc
71,2026-06-02 13:47:00,0.71691,0.71677,0.71706,0.71667,85,1780408079.858,AUDUSD_otc
71,2026-06-02 13:48:00,0.71677,0.71712,0.71721,0.71675,85,1780408139.925,AUDUSD_otc
71,2026-06-02 13:49:00,0.71712,0.71745,0.71745,0.71708,80,1780408199.528,AUDUSD_otc
71,2026-06-02 13:50:00,0.71745,0.71701,0.71757,0.71701,84,1780408259.604,AUDUSD_otc
71,2026-06-02 13:51:00,0.71698,0.71716,0.71716,0.71684,74,1780408319.684,AUDUSD_otc
71,2026-06-02 13:52:00,0.71716,0.71705,0.71725,0.71696,85,1780408379.8,AUDUSD_otc
71,2026-06-02 13:53:00,0.71705,0.71693,0.71716,0.71688,86,1780408439.392,AUDUSD_otc
71,2026-06-02 13:54:00,0.71695,0.71691,0.71701,0.7167,86,1780408499.975,AUDUSD_otc
71,2026-06-02 13:55:00,0.71691,0.71721,0.7173,0.7169,84,1780408559.607,AUDUSD_otc
71,2026-06-02 13:56:00,0.71723,0.71732,0.71733,0.7171,90,1780408617.201,AUDUSD_otc
71,2026-06-02 13:57:00,0.71726,0.71781,0.71785,0.71726,84,1780408679.799,AUDUSD_otc
71,2026-06-02 13:58:00,0.71783,0.71767,0.71792,0.71751,79,1780408738.858,AUDUSD_otc
71,2026-06-02 13:59:00,0.71767,0.71739,0.71767,0.71739,77,1780408799.936,AUDUSD_otc
71,2026-06-02 14:00:00,0.71739,0.71748,0.71754,0.71723,79,1780408859.032,AUDUSD_otc
71,2026-06-02 14:01:00,0.71748,0.71717,0.71762,0.71702,86,1780408919.605,AUDUSD_otc
71,2026-06-02 14:02:00,0.71715,0.71651,0.71715,0.7165,83,1780408979.691,AUDUSD_otc
71,2026-06-02 14:03:00,0.71651,0.71647,0.71663,0.71625,89,1780409039.819,AUDUSD_otc
71,2026-06-02 14:04:00,0.71647,0.71643,0.71663,0.71635,76,1780409099.919,AUDUSD_otc
71,2026-06-02 14:05:00,0.71643,0.71616,0.71656,0.71613,90,1780409159.537,AUDUSD_otc
71,2026-06-02 14:06:00,0.71616,0.71629,0.71651,0.71607,88,1780409219.654,AUDUSD_otc
71,2026-06-02 14:07:00,0.71629,0.71659,0.71676,0.71618,86,1780409279.715,AUDUSD_otc
71,2026-06-02 14:08:00,0.71659,0.71635,0.71661,0.71623,85,1780409339.311,AUDUSD_otc
71,2026-06-02 14:09:00,0.71635,0.71656,0.71656,0.71635,74,1780409399.895,AUDUSD_otc
71,2026-06-02 14:10:00,0.71656,0.71685,0.71685,0.71656,88,1780409459.972,AUDUSD_otc
71,2026-06-02 14:11:00,0.71685,0.71677,0.71697,0.71673,78,1780409519.072,AUDUSD_otc
71,2026-06-02 14:12:00,0.71677,0.71662,0.71684,0.71651,83,1780409579.669,AUDUSD_otc
71,2026-06-02 14:13:00,0.71662,0.71668,0.7167,0.71635,77,1780409639.78,AUDUSD_otc
71,2026-06-02 14:14:00,0.71666,0.71693,0.71694,0.71662,86,1780409699.407,AUDUSD_otc
71,2026-06-02 14:15:00,0.71693,0.71686,0.71718,0.71686,86,1780409759.528,AUDUSD_otc
71,2026-06-02 14:16:00,0.71686,0.71686,0.71703,0.71682,81,1780409819.61,AUDUSD_otc
71,2026-06-02 14:17:00,0.71686,0.71664,0.71686,0.71655,86,1780409879.683,AUDUSD_otc
71,2026-06-02 14:18:00,0.71662,0.71661,0.7168,0.71654,87,1780409939.751,AUDUSD_otc
71,2026-06-02 14:19:00,0.71659,0.71634,0.71662,0.71634,72,1780409999.867,AUDUSD_otc
71,2026-06-02 14:20:00,0.71632,0.71652,0.71656,0.7162,78,1780410059.447,AUDUSD_otc
71,2026-06-02 14:21:00,0.71652,0.71643,0.71662,0.71643,74,1780410119.564,AUDUSD_otc
71,2026-06-02 14:22:00,0.71645,0.71658,0.71658,0.71602,87,1780410179.642,AUDUSD_otc
71,2026-06-02 14:23:00,0.71658,0.71642,0.71664,0.71634,78,1780410239.248,AUDUSD_otc
71,2026-06-02 14:24:00,0.71642,0.7169,0.7169,0.7164,72,1780410299.869,AUDUSD_otc
71,2026-06-02 14:25:00,0.7169,0.71716,0.71721,0.71683,73,1780410359.978,AUDUSD_otc
71,2026-06-02 14:26:00,0.71716,0.71716,0.71734,0.71707,89,1780410419.549,AUDUSD_otc
71,2026-06-02 14:27:00,0.71716,0.71722,0.7173,0.71701,79,1780410478.613,AUDUSD_otc
71,2026-06-02 14:28:00,0.71724,0.71762,0.71762,0.71721,74,1780410539.7,AUDUSD_otc
71,2026-06-02 14:29:00,0.71758,0.7181,0.71812,0.71756,65,1780410599.267,AUDUSD_otc
71,2026-06-02 14:30:00,0.7181,0.71778,0.71811,0.71773,79,1780410659.884,AUDUSD_otc
71,2026-06-02 14:31:00,0.71779,0.71784,0.71785,0.71757,85,1780410719.956,AUDUSD_otc
71,2026-06-02 14:32:00,0.71784,0.71787,0.71788,0.71755,71,1780410779.553,AUDUSD_otc
71,2026-06-02 14:33:00,0.71787,0.71798,0.71811,0.71771,78,1780410839.667,AUDUSD_otc
71,2026-06-02 14:34:00,0.71799,0.71824,0.7183,0.71793,81,1780410899.795,AUDUSD_otc
71,2026-06-02 14:35:00,0.71824,0.71816,0.71842,0.71807,72,1780410959.918,AUDUSD_otc
71,2026-06-02 14:36:00,0.71823,0.71793,0.71823,0.71786,79,1780411019.518,AUDUSD_otc
71,2026-06-02 14:37:00,0.71791,0.71803,0.71805,0.71773,74,1780411079.585,AUDUSD_otc
71,2026-06-02 14:38:00,0.71804,0.71838,0.71842,0.71804,75,1780411139.703,AUDUSD_otc
71,2026-06-02 14:39:00,0.71838,0.71865,0.71885,0.71837,84,1780411199.778,AUDUSD_otc
71,2026-06-02 14:40:00,0.71865,0.71878,0.71884,0.71857,78,1780411258.877,AUDUSD_otc
71,2026-06-02 14:41:00,0.71878,0.71947,0.71951,0.71875,82,1780411319.986,AUDUSD_otc
71,2026-06-02 14:42:00,0.71947,0.71969,0.7197,0.71945,78,1780411379.57,AUDUSD_otc
71,2026-06-02 14:43:00,0.71969,0.71961,0.71983,0.71949,80,1780411439.709,AUDUSD_otc
71,2026-06-02 14:44:00,0.71961,0.71961,0.71975,0.7195,79,1780411499.791,AUDUSD_otc
71,2026-06-02 14:45:00,0.7196,0.71983,0.71983,0.71946,88,1780411559.346,AUDUSD_otc
71,2026-06-02 14:46:00,0.71982,0.71958,0.71986,0.71957,90,1780411619.961,AUDUSD_otc
71,2026-06-02 14:47:00,0.71958,0.71897,0.7196,0.71897,75,1780411679.542,AUDUSD_otc
71,2026-06-02 14:48:00,0.71899,0.71901,0.71912,0.71885,79,1780411739.618,AUDUSD_otc
71,2026-06-02 14:49:00,0.71901,0.71907,0.71911,0.71881,86,1780411799.717,AUDUSD_otc
71,2026-06-02 14:50:00,0.71907,0.71898,0.7191,0.71887,81,1780411859.793,AUDUSD_otc
71,2026-06-02 14:51:00,0.71898,0.71878,0.71899,0.71865,86,1780411919.876,AUDUSD_otc
71,2026-06-02 14:52:00,0.71878,0.71869,0.71881,0.71856,74,1780411979.5,AUDUSD_otc
71,2026-06-02 14:53:00,0.71869,0.71897,0.71897,0.71865,74,1780412039.612,AUDUSD_otc
71,2026-06-02 14:54:00,0.71898,0.719,0.71908,0.71887,76,1780412099.715,AUDUSD_otc
71,2026-06-02 14:55:00,0.71899,0.71852,0.71903,0.71848,75,1780412159.809,AUDUSD_otc
71,2026-06-02 14:56:00,0.71852,0.71842,0.71864,0.71831,82,1780412219.871,AUDUSD_otc
71,2026-06-02 14:57:00,0.71842,0.71861,0.71867,0.71841,78,1780412279.482,AUDUSD_otc
71,2026-06-02 14:58:00,0.71861,0.71873,0.71877,0.7185,70,1780412339.554,AUDUSD_otc
71,2026-06-02 14:59:00,0.71873,0.71909,0.71915,0.71866,83,1780412399.624,AUDUSD_otc
71,2026-06-02 15:00:00,0.71909,0.71881,0.71911,0.71874,80,1780412458.743,AUDUSD_otc
71,2026-06-02 15:01:00,0.71881,0.71884,0.71896,0.71867,88,1780412519.329,AUDUSD_otc
71,2026-06-02 15:02:00,0.71884,0.71896,0.7192,0.71874,81,1780412579.925,AUDUSD_otc
71,2026-06-02 15:03:00,0.71896,0.71888,0.71903,0.71886,82,1780412639.551,AUDUSD_otc
71,2026-06-02 15:04:00,0.71887,0.71854,0.7189,0.71853,78,1780412699.649,AUDUSD_otc
71,2026-06-02 15:05:00,0.71856,0.71821,0.71856,0.71813,82,1780412759.738,AUDUSD_otc
71,2026-06-02 15:06:00,0.71821,0.7182,0.71833,0.71807,75,1780412818.825,AUDUSD_otc
71,2026-06-02 15:07:00,0.7182,0.71816,0.71837,0.71813,85,1780412879.872,AUDUSD_otc
71,2026-06-02 15:08:00,0.71816,0.71825,0.71832,0.71794,82,1780412939.972,AUDUSD_otc
71,2026-06-02 15:09:00,0.71824,0.71834,0.71839,0.71808,89,1780412999.544,AUDUSD_otc
71,2026-06-02 15:10:00,0.71834,0.71844,0.7185,0.71825,71,1780413059.626,AUDUSD_otc
71,2026-06-02 15:11:00,0.71844,0.71846,0.71846,0.71824,76,1780413119.233,AUDUSD_otc
71,2026-06-02 15:12:00,0.71846,0.71851,0.71863,0.71832,86,1780413179.853,AUDUSD_otc
71,2026-06-02 15:13:00,0.71851,0.71847,0.71856,0.71831,77,1780413239.946,AUDUSD_otc
71,2026-06-02 15:14:00,0.71847,0.7181,0.71849,0.71794,74,1780413299.562,AUDUSD_otc
71,2026-06-02 15:15:00,0.71808,0.718,0.71829,0.71792,82,1780413359.649,AUDUSD_otc
71,2026-06-02 15:16:00,0.718,0.71791,0.71804,0.71773,80,1780413419.253,AUDUSD_otc
71,2026-06-02 15:17:00,0.71791,0.7179,0.71803,0.71774,81,1780413479.842,AUDUSD_otc
71,2026-06-02 15:18:00,0.7179,0.71827,0.71829,0.71777,78,1780413539.406,AUDUSD_otc
71,2026-06-02 15:19:00,0.71827,0.71841,0.71851,0.71824,75,1780413599.99,AUDUSD_otc
71,2026-06-02 15:20:00,0.71841,0.7186,0.71871,0.71833,79,1780413659.571,AUDUSD_otc
71,2026-06-02 15:21:00,0.7186,0.71877,0.71877,0.71847,72,1780413719.67,AUDUSD_otc
71,2026-06-02 15:22:00,0.71877,0.71866,0.7188,0.71852,76,1780413779.797,AUDUSD_otc
71,2026-06-02 15:23:00,0.71866,0.71876,0.71894,0.71865,80,1780413839.371,AUDUSD_otc
71,2026-06-02 15:24:00,0.71877,0.71863,0.71882,0.71849,84,1780413899.496,AUDUSD_otc
71,2026-06-02 15:25:00,0.71866,0.71844,0.71875,0.71843,75,1780413959.588,AUDUSD_otc
71,2026-06-02 15:26:00,0.71844,0.7188,0.7189,0.71843,79,1780414019.633,AUDUSD_otc
71,2026-06-02 15:27:00,0.7188,0.71828,0.71896,0.71828,81,1780414079.735,AUDUSD_otc
71,2026-06-02 15:28:00,0.71828,0.71832,0.71848,0.71819,87,1780414139.824,AUDUSD_otc
71,2026-06-02 15:29:00,0.71832,0.71843,0.71862,0.71827,80,1780414199.886,AUDUSD_otc
71,2026-06-02 15:30:00,0.71843,0.71828,0.71865,0.71802,72,1780414259.996,AUDUSD_otc
71,2026-06-02 15:31:00,0.71828,0.71784,0.71839,0.71779,85,1780414319.056,AUDUSD_otc
71,2026-06-02 15:32:00,0.71784,0.71768,0.718,0.71768,74,1780414379.672,AUDUSD_otc
71,2026-06-02 15:33:00,0.71767,0.71747,0.71767,0.71729,77,1780414439.802,AUDUSD_otc
71,2026-06-02 15:34:00,0.71747,0.718,0.71809,0.71742,86,1780414499.905,AUDUSD_otc
71,2026-06-02 15:35:00,0.718,0.71789,0.718,0.71775,79,1780414559.501,AUDUSD_otc
71,2026-06-02 15:36:00,0.7179,0.71762,0.71796,0.71762,68,1780414618.576,AUDUSD_otc
71,2026-06-02 15:37:00,0.71763,0.71751,0.71784,0.71748,79,1780414679.137,AUDUSD_otc
71,2026-06-02 15:38:00,0.71752,0.71768,0.71775,0.71752,83,1780414739.74,AUDUSD_otc
71,2026-06-02 15:39:00,0.71766,0.71756,0.71766,0.71742,69,1780414799.84,AUDUSD_otc
71,2026-06-02 15:40:00,0.71754,0.71687,0.71757,0.71679,77,1780414859.939,AUDUSD_otc
71,2026-06-02 15:41:00,0.71686,0.71676,0.71705,0.71676,77,1780414919.063,AUDUSD_otc
71,2026-06-02 15:42:00,0.71675,0.71687,0.71704,0.71674,69,1780414978.656,AUDUSD_otc
71,2026-06-02 15:43:00,0.71689,0.71704,0.71709,0.71676,81,1780415039.781,AUDUSD_otc
71,2026-06-02 15:44:00,0.71701,0.71646,0.71701,0.7164,78,1780415099.88,AUDUSD_otc
71,2026-06-02 15:45:00,0.71646,0.71621,0.71655,0.71609,77,1780415159.935,AUDUSD_otc
71,2026-06-02 15:46:00,0.71621,0.7163,0.71651,0.71621,77,1780415219.027,AUDUSD_otc
71,2026-06-02 15:47:00,0.71631,0.71642,0.71646,0.71612,77,1780415279.08,AUDUSD_otc
71,2026-06-02 15:48:00,0.71642,0.71626,0.71647,0.71611,82,1780415339.649,AUDUSD_otc
71,2026-06-02 15:49:00,0.71626,0.71671,0.71671,0.71626,83,1780415399.219,AUDUSD_otc
71,2026-06-02 15:50:00,0.71671,0.71733,0.71733,0.71666,92,1780415458.799,AUDUSD_otc
71,2026-06-02 15:51:00,0.71733,0.71721,0.71737,0.71711,79,1780415519.876,AUDUSD_otc
71,2026-06-02 15:52:00,0.71721,0.71696,0.71735,0.71693,72,1780415579.989,AUDUSD_otc
71,2026-06-02 15:53:00,0.71696,0.71756,0.71761,0.71684,92,1780415639.564,AUDUSD_otc
71,2026-06-02 15:54:00,0.71751,0.71738,0.7176,0.71719,74,1780415699.685,AUDUSD_otc
71,2026-06-02 15:55:00,0.71734,0.71716,0.71737,0.71704,76,1780415759.783,AUDUSD_otc
71,2026-06-02 15:56:00,0.71716,0.7174,0.71745,0.71716,85,1780415819.875,AUDUSD_otc
71,2026-06-02 15:57:00,0.7174,0.7174,0.71757,0.71736,77,1780415879.973,AUDUSD_otc
71,2026-06-02 15:58:00,0.7174,0.71737,0.71757,0.71731,73,1780415938.067,AUDUSD_otc
71,2026-06-02 15:59:00,0.71734,0.71709,0.71734,0.71704,82,1780415998.601,AUDUSD_otc
71,2026-06-02 16:00:00,0.71714,0.7177,0.71773,0.71714,80,1780416059.706,AUDUSD_otc
71,2026-06-02 16:01:00,0.71772,0.71783,0.71783,0.71763,76,1780416119.795,AUDUSD_otc
71,2026-06-02 16:02:00,0.71783,0.7181,0.71815,0.71776,76,1780416179.874,AUDUSD_otc
71,2026-06-02 16:03:00,0.7181,0.71789,0.71847,0.71789,85,1780416239.485,AUDUSD_otc
71,2026-06-02 16:04:00,0.71791,0.71805,0.71809,0.71787,85,1780416299.587,AUDUSD_otc
71,2026-06-02 16:05:00,0.71805,0.71769,0.71816,0.71769,78,1780416359.689,AUDUSD_otc
71,2026-06-02 16:06:00,0.71769,0.71776,0.71779,0.71736,77,1780416419.3,AUDUSD_otc
71,2026-06-02 16:07:00,0.71776,0.71766,0.71791,0.7174,71,1780416478.403,AUDUSD_otc
71,2026-06-02 16:08:00,0.71766,0.71782,0.71784,0.71765,84,1780416539.497,AUDUSD_otc
71,2026-06-02 16:09:00,0.71782,0.71771,0.7179,0.71762,82,1780416599.085,AUDUSD_otc
71,2026-06-02 16:10:00,0.71771,0.7179,0.7179,0.71756,71,1780416659.665,AUDUSD_otc
71,2026-06-02 16:11:00,0.71788,0.71759,0.71791,0.71759,77,1780416719.762,AUDUSD_otc
71,2026-06-02 16:12:00,0.71761,0.71769,0.7178,0.71757,85,1780416779.836,AUDUSD_otc
71,2026-06-02 16:13:00,0.71769,0.71725,0.71769,0.71724,79,1780416839.928,AUDUSD_otc
71,2026-06-02 16:14:00,0.71725,0.71713,0.71728,0.71701,67,1780416899.55,AUDUSD_otc
71,2026-06-02 16:15:00,0.71713,0.71702,0.71721,0.71688,81,1780416959.655,AUDUSD_otc
71,2026-06-02 16:16:00,0.71704,0.71733,0.71746,0.717,86,1780417019.286,AUDUSD_otc
71,2026-06-02 16:17:00,0.71733,0.71765,0.71771,0.71711,79,1780417078.911,AUDUSD_otc
71,2026-06-02 16:18:00,0.71768,0.71748,0.71768,0.71748,73,1780417139.961,AUDUSD_otc
71,2026-06-02 16:19:00,0.71748,0.71748,0.71758,0.71724,76,1780417198.551,AUDUSD_otc
71,2026-06-02 16:20:00,0.71748,0.71765,0.71765,0.71729,74,1780417259.63,AUDUSD_otc
71,2026-06-02 16:21:00,0.71765,0.71764,0.71774,0.71753,79,1780417319.694,AUDUSD_otc
71,2026-06-02 16:22:00,0.71764,0.71793,0.71815,0.71756,76,1780417379.303,AUDUSD_otc
71,2026-06-02 16:23:00,0.71793,0.71815,0.7183,0.71792,79,1780417439.896,AUDUSD_otc
71,2026-06-02 16:24:00,0.71815,0.71815,0.71825,0.71785,87,1780417499.523,AUDUSD_otc
71,2026-06-02 16:25:00,0.71815,0.71795,0.71817,0.71785,73,1780417559.629,AUDUSD_otc
71,2026-06-02 16:26:00,0.71795,0.71807,0.7181,0.71792,87,1780417619.25,AUDUSD_otc
71,2026-06-02 16:27:00,0.7181,0.71814,0.71821,0.71795,88,1780417679.843,AUDUSD_otc
71,2026-06-02 16:28:00,0.71817,0.71813,0.7182,0.71797,80,1780417739.935,AUDUSD_otc
71,2026-06-02 16:29:00,0.71813,0.71773,0.71813,0.7175,80,1780417799.002,AUDUSD_otc
71,2026-06-02 16:30:00,0.71771,0.71777,0.71793,0.71761,72,1780417859.113,AUDUSD_otc
71,2026-06-02 16:31:00,0.71778,0.71783,0.71794,0.71767,74,1780417919.716,AUDUSD_otc
71,2026-06-02 16:32:00,0.71783,0.71776,0.71795,0.71766,82,1780417979.828,AUDUSD_otc
71,2026-06-02 16:33:00,0.71777,0.71794,0.71797,0.71774,76,1780418039.958,AUDUSD_otc
71,2026-06-02 16:34:00,0.71795,0.7181,0.71825,0.71794,79,1780418099.561,AUDUSD_otc
71,2026-06-02 16:35:00,0.71806,0.71804,0.71808,0.71779,84,1780418159.631,AUDUSD_otc
71,2026-06-02 16:36:00,0.71804,0.71818,0.71818,0.71792,79,1780418219.726,AUDUSD_otc
71,2026-06-02 16:37:00,0.7182,0.71792,0.71821,0.71787,83,1780418279.813,AUDUSD_otc
71,2026-06-02 16:38:00,0.71792,0.71738,0.71792,0.71738,79,1780418339.892,AUDUSD_otc
71,2026-06-02 16:39:00,0.71738,0.71756,0.71762,0.71734,86,1780418399.956,AUDUSD_otc
71,2026-06-02 16:40:00,0.71756,0.7178,0.71797,0.71752,79,1780418459.547,AUDUSD_otc
71,2026-06-02 16:41:00,0.71788,0.71825,0.71839,0.71786,81,1780418519.136,AUDUSD_otc
71,2026-06-02 16:42:00,0.71827,0.71829,0.71848,0.71823,79,1780418579.237,AUDUSD_otc
71,2026-06-02 16:43:00,0.7183,0.71874,0.71884,0.71819,87,1780418639.863,AUDUSD_otc
71,2026-06-02 16:44:00,0.71874,0.71866,0.7189,0.71853,70,1780418698.477,AUDUSD_otc
71,2026-06-02 16:45:00,0.71866,0.71844,0.71869,0.71841,89,1780418759.567,AUDUSD_otc
71,2026-06-02 16:46:00,0.71842,0.71836,0.71867,0.71836,81,1780418819.154,AUDUSD_otc
71,2026-06-02 16:47:00,0.7184,0.71823,0.71856,0.71816,93,1780418879.766,AUDUSD_otc
71,2026-06-02 16:48:00,0.71823,0.71808,0.71833,0.71808,85,1780418939.836,AUDUSD_otc
71,2026-06-02 16:49:00,0.71806,0.71795,0.71833,0.71767,83,1780418999.931,AUDUSD_otc
71,2026-06-02 16:50:00,0.71798,0.71795,0.71816,0.71793,84,1780419059.047,AUDUSD_otc
71,2026-06-02 16:51:00,0.71793,0.71844,0.71852,0.71793,83,1780419119.638,AUDUSD_otc
71,2026-06-02 16:52:00,0.71843,0.71805,0.71843,0.71798,83,1780419179.752,AUDUSD_otc
71,2026-06-02 16:53:00,0.71805,0.71828,0.71828,0.71803,74,1780419239.867,AUDUSD_otc
71,2026-06-02 16:54:00,0.71828,0.71872,0.71875,0.7182,76,1780419299.929,AUDUSD_otc
71,2026-06-02 16:55:00,0.71872,0.71904,0.71919,0.71872,74,1780419359.511,AUDUSD_otc
71,2026-06-02 16:56:00,0.71906,0.71919,0.71919,0.71895,76,1780419418.081,AUDUSD_otc
71,2026-06-02 16:57:00,0.71921,0.71907,0.71921,0.71882,81,1780419479.682,AUDUSD_otc
71,2026-06-02 16:58:00,0.71907,0.71922,0.71923,0.71891,85,1780419539.782,AUDUSD_otc
71,2026-06-02 16:59:00,0.71922,0.71919,0.71954,0.7191,82,1780419599.872,AUDUSD_otc
71,2026-06-02 17:00:00,0.71919,0.7191,0.71923,0.71899,73,1780419659.493,AUDUSD_otc
71,2026-06-02 17:01:00,0.7191,0.71884,0.71918,0.7188,74,1780419719.625,AUDUSD_otc
71,2026-06-02 17:02:00,0.71887,0.71896,0.71904,0.71877,80,1780419779.221,AUDUSD_otc
71,2026-06-02 17:03:00,0.71896,0.71891,0.71896,0.7186,85,1780419839.31,AUDUSD_otc
71,2026-06-02 17:04:00,0.71891,0.71901,0.71915,0.71891,78,1780419899.887,AUDUSD_otc
71,2026-06-02 17:05:00,0.719,0.71878,0.71902,0.71864,84,1780419959.96,AUDUSD_otc
71,2026-06-02 17:06:00,0.71874,0.71871,0.71892,0.7186,78,1780420019.563,AUDUSD_otc
71,2026-06-02 17:07:00,0.71871,0.71942,0.71942,0.71861,80,1780420079.651,AUDUSD_otc
71,2026-06-02 17:08:00,0.71941,0.71914,0.71942,0.71911,82,1780420139.735,AUDUSD_otc
71,2026-06-02 17:09:00,0.71912,0.71982,0.71982,0.71907,84,1780420199.367,AUDUSD_otc
71,2026-06-02 17:10:00,0.71984,0.72001,0.72025,0.71977,71,1780420259.457,AUDUSD_otc
71,2026-06-02 17:11:00,0.72001,0.72033,0.72042,0.71997,80,1780420318.066,AUDUSD_otc
71,2026-06-02 17:12:00,0.72033,0.72002,0.72038,0.71992,83,1780420379.664,AUDUSD_otc
71,2026-06-02 17:13:00,0.72002,0.72037,0.72037,0.72001,88,1780420439.718,AUDUSD_otc
71,2026-06-02 17:14:00,0.72037,0.71997,0.72037,0.7199,85,1780420499.818,AUDUSD_otc
71,2026-06-02 17:15:00,0.71997,0.72032,0.72033,0.71997,90,1780420559.887,AUDUSD_otc
71,2026-06-02 17:16:00,0.72032,0.72005,0.72036,0.71998,86,1780420619.958,AUDUSD_otc
71,2026-06-02 17:17:00,0.72005,0.71999,0.72009,0.71986,81,1780420679.561,AUDUSD_otc
71,2026-06-02 17:18:00,0.71998,0.71978,0.72016,0.7197,85,1780420739.147,AUDUSD_otc
71,2026-06-02 17:19:00,0.71977,0.71973,0.71996,0.71953,79,1780420799.732,AUDUSD_otc
71,2026-06-02 17:20:00,0.71973,0.7199,0.72004,0.71967,83,1780420858.347,AUDUSD_otc
71,2026-06-02 17:21:00,0.71993,0.71971,0.71997,0.7197,78,1780420919.976,AUDUSD_otc
71,2026-06-02 17:22:00,0.71969,0.7195,0.71972,0.71937,77,1780420979.577,AUDUSD_otc
71,2026-06-02 17:23:00,0.7195,0.71963,0.71963,0.71924,88,1780421039.668,AUDUSD_otc
71,2026-06-02 17:24:00,0.71963,0.71952,0.7197,0.71935,81,1780421098.728,AUDUSD_otc
71,2026-06-02 17:25:00,0.71952,0.71922,0.71961,0.7191,75,1780421159.829,AUDUSD_otc
71,2026-06-02 17:26:00,0.71921,0.71945,0.71946,0.71908,88,1780421219.918,AUDUSD_otc
71,2026-06-02 17:27:00,0.71947,0.71932,0.71949,0.71926,92,1780421279.99,AUDUSD_otc
71,2026-06-02 17:28:00,0.71933,0.71915,0.71934,0.71902,84,1780421339.086,AUDUSD_otc
71,2026-06-02 17:29:00,0.71915,0.719,0.7192,0.71892,81,1780421399.203,AUDUSD_otc
71,2026-06-02 17:30:00,0.719,0.71889,0.71903,0.71858,76,1780421459.821,AUDUSD_otc
71,2026-06-02 17:31:00,0.71889,0.71874,0.71903,0.7187,83,1780421519.926,AUDUSD_otc
71,2026-06-02 17:32:00,0.71874,0.71882,0.71889,0.71868,66,1780421579.507,AUDUSD_otc
71,2026-06-02 17:33:00,0.71882,0.71841,0.71901,0.71837,75,1780421639.075,AUDUSD_otc
71,2026-06-02 17:34:00,0.71839,0.71909,0.71909,0.71837,81,1780421699.646,AUDUSD_otc
71,2026-06-02 17:35:00,0.71905,0.7188,0.71916,0.71878,75,1780421759.73,AUDUSD_otc
71,2026-06-02 17:36:00,0.7188,0.71891,0.71891,0.71864,78,1780421819.847,AUDUSD_otc
71,2026-06-02 17:37:00,0.7189,0.71873,0.71894,0.71848,89,1780421879.453,AUDUSD_otc
71,2026-06-02 17:38:00,0.71873,0.71886,0.71895,0.71855,80,1780421939.995,AUDUSD_otc
71,2026-06-02 17:39:00,0.71886,0.71918,0.71926,0.71885,83,1780421999.609,AUDUSD_otc
71,2026-06-02 17:40:00,0.71916,0.71934,0.71937,0.71908,83,1780422059.198,AUDUSD_otc
71,2026-06-02 17:41:00,0.71936,0.71934,0.7195,0.7193,74,1780422119.822,AUDUSD_otc
71,2026-06-02 17:42:00,0.71934,0.71924,0.7194,0.71923,73,1780422179.92,AUDUSD_otc
71,2026-06-02 17:43:00,0.71924,0.71927,0.71934,0.71911,76,1780422239.494,AUDUSD_otc
71,2026-06-02 17:44:00,0.71928,0.71934,0.71943,0.71924,86,1780422299.594,AUDUSD_otc
71,2026-06-02 17:45:00,0.71934,0.71942,0.71946,0.7192,73,1780422359.668,AUDUSD_otc
71,2026-06-02 17:46:00,0.71942,0.71956,0.71958,0.71939,87,1780422419.745,AUDUSD_otc
71,2026-06-02 17:47:00,0.71956,0.71956,0.71959,0.71932,85,1780422479.867,AUDUSD_otc
71,2026-06-02 17:48:00,0.71956,0.71928,0.71957,0.71928,87,1780422539.967,AUDUSD_otc
71,2026-06-02 17:49:00,0.71928,0.71927,0.71934,0.71898,76,1780422599.588,AUDUSD_otc
71,2026-06-02 17:50:00,0.71932,0.71948,0.71956,0.71921,83,1780422659.693,AUDUSD_otc
71,2026-06-02 17:51:00,0.71948,0.71941,0.71962,0.71932,80,1780422719.826,AUDUSD_otc
71,2026-06-02 17:52:00,0.71941,0.71986,0.71991,0.71932,84,1780422779.935,AUDUSD_otc
71,2026-06-02 17:53:00,0.71986,0.72,0.7201,0.71983,80,1780422839.017,AUDUSD_otc
71,2026-06-02 17:54:00,0.72001,0.72018,0.7202,0.7198,77,1780422899.589,AUDUSD_otc
71,2026-06-02 17:55:00,0.72017,0.71997,0.72028,0.71993,81,1780422958.711,AUDUSD_otc
71,2026-06-02 17:56:00,0.71996,0.71987,0.72005,0.7198,80,1780423019.301,AUDUSD_otc
71,2026-06-02 17:57:00,0.71986,0.72019,0.72029,0.71986,81,1780423079.91,AUDUSD_otc
71,2026-06-02 17:58:00,0.7202,0.72047,0.72048,0.72016,76,1780423139.521,AUDUSD_otc
71,2026-06-02 17:59:00,0.72043,0.72034,0.72046,0.72022,86,1780423198.618,AUDUSD_otc
71,2026-06-02 18:00:00,0.72034,0.71988,0.72034,0.71986,70,1780423259.22,AUDUSD_otc
71,2026-06-02 18:01:00,0.71988,0.71985,0.71997,0.71973,80,1780423319.779,AUDUSD_otc
71,2026-06-02 18:02:00,0.71988,0.71971,0.71991,0.71955,83,1780423379.833,AUDUSD_otc
71,2026-06-02 18:03:00,0.71971,0.71988,0.71998,0.71966,89,1780423439.948,AUDUSD_otc
71,2026-06-02 18:04:00,0.71988,0.71982,0.72006,0.71978,78,1780423499.514,AUDUSD_otc
71,2026-06-02 18:05:00,0.71982,0.71916,0.71983,0.71916,77,1780423559.588,AUDUSD_otc
71,2026-06-02 18:06:00,0.71916,0.71926,0.71954,0.71916,81,1780423619.693,AUDUSD_otc
71,2026-06-02 18:07:00,0.71926,0.7195,0.7195,0.71922,79,1780423679.77,AUDUSD_otc
71,2026-06-02 18:08:00,0.7195,0.71994,0.71996,0.71941,81,1780423739.883,AUDUSD_otc
71,2026-06-02 18:09:00,0.71994,0.71985,0.71994,0.71974,91,1780423799.519,AUDUSD_otc
71,2026-06-02 18:10:00,0.71987,0.71974,0.71995,0.71967,79,1780423859.621,AUDUSD_otc
71,2026-06-02 18:11:00,0.71971,0.71979,0.71991,0.71954,69,1780423919.709,AUDUSD_otc
71,2026-06-02 18:12:00,0.7198,0.71986,0.71991,0.71972,73,1780423979.775,AUDUSD_otc
71,2026-06-02 18:13:00,0.71986,0.71972,0.71993,0.71963,82,1780424039.839,AUDUSD_otc
71,2026-06-02 18:14:00,0.71972,0.71991,0.72017,0.71972,74,1780424099.932,AUDUSD_otc
71,2026-06-02 18:15:00,0.71989,0.71977,0.72002,0.71961,72,1780424159.503,AUDUSD_otc
71,2026-06-02 18:16:00,0.71976,0.71966,0.71976,0.71953,78,1780424217.074,AUDUSD_otc
71,2026-06-02 18:17:00,0.71964,0.71942,0.71972,0.71939,80,1780424279.202,AUDUSD_otc
71,2026-06-02 18:18:00,0.71949,0.71941,0.71953,0.71927,76,1780424339.292,AUDUSD_otc
71,2026-06-02 18:19:00,0.71941,0.71936,0.71951,0.71919,79,1780424399.408,AUDUSD_otc
71,2026-06-02 18:20:00,0.71935,0.71953,0.71964,0.71921,80,1780424459.547,AUDUSD_otc
71,2026-06-02 18:21:00,0.71953,0.71989,0.71991,0.71947,76,1780424519.631,AUDUSD_otc
71,2026-06-02 18:22:00,0.71989,0.71991,0.71997,0.7196,80,1780424579.724,AUDUSD_otc
71,2026-06-02 18:23:00,0.71991,0.71997,0.72009,0.7199,73,1780424639.806,AUDUSD_otc
71,2026-06-02 18:24:00,0.71997,0.71995,0.72008,0.71983,76,1780424699.876,AUDUSD_otc
71,2026-06-02 18:25:00,0.71995,0.72043,0.72043,0.71993,69,1780424759.985,AUDUSD_otc
71,2026-06-02 18:26:00,0.72043,0.71991,0.72043,0.71983,72,1780424819.575,AUDUSD_otc
71,2026-06-02 18:27:00,0.71989,0.71987,0.72002,0.71971,75,1780424879.679,AUDUSD_otc
71,2026-06-02 18:28:00,0.71987,0.71977,0.72011,0.71966,80,1780424939.801,AUDUSD_otc
71,2026-06-02 18:29:00,0.71975,0.7195,0.71979,0.71943,77,1780424998.907,AUDUSD_otc
71,2026-06-02 18:30:00,0.71947,0.71948,0.71969,0.71939,72,1780425058.501,AUDUSD_otc
71,2026-06-02 18:31:00,0.71948,0.71959,0.71959,0.7193,77,1780425119.082,AUDUSD_otc
71,2026-06-02 18:32:00,0.71967,0.72019,0.7203,0.71967,82,1780425179.654,AUDUSD_otc
71,2026-06-02 18:33:00,0.72022,0.72025,0.72034,0.72008,87,1780425239.758,AUDUSD_otc
71,2026-06-02 18:34:00,0.72025,0.71983,0.7204,0.71974,77,1780425299.324,AUDUSD_otc
71,2026-06-02 18:35:00,0.71983,0.71989,0.71994,0.71964,86,1780425358.909,AUDUSD_otc
71,2026-06-02 18:36:00,0.71989,0.71971,0.72007,0.71971,87,1780425419.025,AUDUSD_otc
71,2026-06-02 18:37:00,0.71971,0.71995,0.72008,0.71969,75,1780425479.61,AUDUSD_otc
71,2026-06-02 18:38:00,0.71995,0.71995,0.72013,0.71987,72,1780425539.729,AUDUSD_otc
71,2026-06-02 18:39:00,0.71995,0.71985,0.72007,0.71976,85,1780425599.838,AUDUSD_otc
71,2026-06-02 18:40:00,0.71985,0.71966,0.71985,0.71945,81,1780425659.892,AUDUSD_otc
71,2026-06-02 18:41:00,0.71966,0.71986,0.71991,0.71966,75,1780425719.985,AUDUSD_otc
71,2026-06-02 18:42:00,0.71986,0.71957,0.71989,0.71956,78,1780425779.578,AUDUSD_otc
71,2026-06-02 18:43:00,0.71957,0.71992,0.71995,0.71952,70,1780425839.138,AUDUSD_otc
71,2026-06-02 18:44:00,0.71989,0.71969,0.72,0.71963,87,1780425898.239,AUDUSD_otc
71,2026-06-02 18:45:00,0.71976,0.72005,0.72005,0.71972,82,1780425959.829,AUDUSD_otc
71,2026-06-02 18:46:00,0.72006,0.72011,0.72022,0.72002,89,1780426019.405,AUDUSD_otc
71,2026-06-02 18:47:00,0.72011,0.71999,0.72022,0.71991,74,1780426079.044,AUDUSD_otc
71,2026-06-02 18:48:00,0.71999,0.72019,0.72023,0.71989,73,1780426139.645,AUDUSD_otc
71,2026-06-02 18:49:00,0.72019,0.71993,0.72023,0.71982,82,1780426199.725,AUDUSD_otc
71,2026-06-02 18:50:00,0.71993,0.71994,0.72006,0.71989,82,1780426259.82,AUDUSD_otc
71,2026-06-02 18:51:00,0.71997,0.7204,0.72041,0.71992,78,1780426319.876,AUDUSD_otc
71,2026-06-02 18:52:00,0.7204,0.72052,0.72063,0.72024,80,1780426379.986,AUDUSD_otc
71,2026-06-02 18:53:00,0.7205,0.72038,0.72065,0.72036,76,1780426439.582,AUDUSD_otc
71,2026-06-02 18:54:00,0.72038,0.7205,0.72054,0.72033,78,1780426499.665,AUDUSD_otc
71,2026-06-02 18:55:00,0.7205,0.7207,0.7207,0.72025,77,1780426559.29,AUDUSD_otc
71,2026-06-02 18:56:00,0.7207,0.72098,0.7211,0.7207,75,1780426619.872,AUDUSD_otc
71,2026-06-02 18:57:00,0.72098,0.72095,0.72112,0.72078,80,1780426679.986,AUDUSD_otc
71,2026-06-02 18:58:00,0.72095,0.72116,0.72124,0.72088,76,1780426739.09,AUDUSD_otc
71,2026-06-02 18:59:00,0.7211,0.72126,0.72129,0.721,77,1780426798.145,AUDUSD_otc
71,2026-06-02 19:00:00,0.72126,0.72109,0.72137,0.72103,74,1780426859.739,AUDUSD_otc
71,2026-06-02 19:01:00,0.72109,0.72118,0.72123,0.72094,90,1780426919.815,AUDUSD_otc
71,2026-06-02 19:02:00,0.72118,0.72112,0.72127,0.72103,84,1780426979.858,AUDUSD_otc
71,2026-06-02 19:03:00,0.72106,0.72097,0.72123,0.72097,82,1780427039.944,AUDUSD_otc
71,2026-06-02 19:04:00,0.72096,0.7208,0.72107,0.72075,79,1780427099.012,AUDUSD_otc
71,2026-06-02 19:05:00,0.7208,0.72069,0.72091,0.72065,73,1780427159.085,AUDUSD_otc
71,2026-06-02 19:06:00,0.7207,0.7209,0.72092,0.72065,85,1780427219.185,AUDUSD_otc
71,2026-06-02 19:07:00,0.7209,0.72096,0.721,0.72078,79,1780427279.269,AUDUSD_otc
71,2026-06-02 19:08:00,0.72098,0.72071,0.72104,0.72063,76,1780427339.866,AUDUSD_otc
71,2026-06-02 19:09:00,0.7207,0.72072,0.72073,0.72051,71,1780427399.472,AUDUSD_otc
71,2026-06-02 19:10:00,0.72072,0.72109,0.7211,0.7207,76,1780427459.613,AUDUSD_otc
71,2026-06-02 19:11:00,0.72109,0.72106,0.72123,0.72095,86,1780427519.686,AUDUSD_otc
71,2026-06-02 19:12:00,0.72106,0.72107,0.72129,0.721,81,1780427579.794,AUDUSD_otc
71,2026-06-02 19:13:00,0.72107,0.72068,0.72119,0.72061,75,1780427639.844,AUDUSD_otc
71,2026-06-02 19:14:00,0.72068,0.72056,0.7208,0.72056,84,1780427699.932,AUDUSD_otc
71,2026-06-02 19:15:00,0.72056,0.72033,0.72064,0.72025,84,1780427759.506,AUDUSD_otc
71,2026-06-02 19:16:00,0.72033,0.7209,0.72099,0.72032,88,1780427819.575,AUDUSD_otc
71,2026-06-02 19:17:00,0.7209,0.72061,0.721,0.72054,82,1780427879.69,AUDUSD_otc
71,2026-06-02 19:18:00,0.72059,0.7206,0.72067,0.7203,77,1780427938.773,AUDUSD_otc
71,2026-06-02 19:19:00,0.7206,0.72061,0.72083,0.7205,83,1780427999.872,AUDUSD_otc
71,2026-06-02 19:20:00,0.72061,0.72092,0.72105,0.72054,86,1780428059.494,AUDUSD_otc
71,2026-06-02 19:21:00,0.72093,0.72072,0.72096,0.72056,84,1780428119.608,AUDUSD_otc
71,2026-06-02 19:22:00,0.72072,0.72097,0.72099,0.72071,75,1780428179.19,AUDUSD_otc
71,2026-06-02 19:23:00,0.72097,0.72117,0.72117,0.72094,75,1780428239.758,AUDUSD_otc
71,2026-06-02 19:24:00,0.72117,0.72105,0.72118,0.72085,77,1780428299.323,AUDUSD_otc
71,2026-06-02 19:25:00,0.72111,0.72099,0.72118,0.72098,79,1780428359.941,AUDUSD_otc
71,2026-06-02 19:26:00,0.72095,0.72111,0.72111,0.7209,78,1780428419.517,AUDUSD_otc
71,2026-06-02 19:27:00,0.72111,0.72131,0.72147,0.72111,77,1780428478.594,AUDUSD_otc
71,2026-06-02 19:28:00,0.72131,0.72102,0.72132,0.72094,78,1780428538.704,AUDUSD_otc
71,2026-06-02 19:29:00,0.72102,0.72145,0.72156,0.72099,79,1780428598.301,AUDUSD_otc
71,2026-06-02 19:30:00,0.72145,0.72151,0.72159,0.72138,79,1780428659.921,AUDUSD_otc
71,2026-06-02 19:31:00,0.72151,0.72152,0.72172,0.72126,84,1780428719.034,AUDUSD_otc
71,2026-06-02 19:32:00,0.72153,0.72181,0.7219,0.72152,78,1780428779.612,AUDUSD_otc
71,2026-06-02 19:33:00,0.72181,0.72152,0.72181,0.72152,78,1780428838.192,AUDUSD_otc
71,2026-06-02 19:34:00,0.72152,0.7216,0.72163,0.72136,81,1780428899.759,AUDUSD_otc
71,2026-06-02 19:35:00,0.72163,0.7217,0.72171,0.7214,77,1780428959.329,AUDUSD_otc
71,2026-06-02 19:36:00,0.72171,0.72212,0.72221,0.72165,86,1780429019.439,AUDUSD_otc
71,2026-06-02 19:37:00,0.72213,0.72238,0.7225,0.72205,87,1780429079.504,AUDUSD_otc
71,2026-06-02 19:38:00,0.7224,0.72261,0.72261,0.72229,82,1780429139.594,AUDUSD_otc
71,2026-06-02 19:39:00,0.72261,0.7227,0.7228,0.72257,73,1780429199.694,AUDUSD_otc
71,2026-06-02 19:40:00,0.7227,0.7229,0.7229,0.72253,88,1780429259.776,AUDUSD_otc
71,2026-06-02 19:41:00,0.7229,0.72282,0.72301,0.72261,80,1780429319.87,AUDUSD_otc
71,2026-06-02 19:42:00,0.72286,0.72297,0.72301,0.72274,84,1780429378.504,AUDUSD_otc
71,2026-06-02 19:43:00,0.723,0.7228,0.72308,0.72268,78,1780429439.616,AUDUSD_otc
71,2026-06-02 19:44:00,0.7228,0.72267,0.72304,0.72257,87,1780429499.713,AUDUSD_otc
71,2026-06-02 19:45:00,0.72267,0.72304,0.7232,0.72264,81,1780429559.283,AUDUSD_otc
71,2026-06-02 19:46:00,0.72304,0.72289,0.72307,0.72282,82,1780429619.862,AUDUSD_otc
71,2026-06-02 19:47:00,0.72289,0.72278,0.72306,0.72278,68,1780429679.981,AUDUSD_otc
71,2026-06-02 19:48:00,0.72278,0.72293,0.72298,0.72263,79,1780429739.57,AUDUSD_otc
71,2026-06-02 19:49:00,0.72292,0.72297,0.72305,0.72285,82,1780429799.664,AUDUSD_otc
71,2026-06-02 19:50:00,0.72297,0.72256,0.723,0.72241,83,1780429859.794,AUDUSD_otc
71,2026-06-02 19:51:00,0.72255,0.72229,0.72255,0.72221,79,1780429918.892,AUDUSD_otc
71,2026-06-02 19:52:00,0.72229,0.72202,0.72239,0.72202,70,1780429979.482,AUDUSD_otc
71,2026-06-02 19:53:00,0.72202,0.72185,0.72203,0.72176,61,1780430038.548,AUDUSD_otc
71,2026-06-02 19:54:00,0.72185,0.7215,0.72185,0.72145,75,1780430099.626,AUDUSD_otc
71,2026-06-02 19:55:00,0.72148,0.72215,0.72215,0.72148,73,1780430159.731,AUDUSD_otc
71,2026-06-02 19:56:00,0.72215,0.72202,0.72219,0.72191,89,1780430219.803,AUDUSD_otc
71,2026-06-02 19:57:00,0.722,0.722,0.72219,0.72193,77,1780430279.863,AUDUSD_otc
71,2026-06-02 19:58:00,0.72198,0.72157,0.72198,0.72151,86,1780430339.971,AUDUSD_otc
71,2026-06-02 19:59:00,0.72157,0.72144,0.72161,0.72133,69,1780430399.05,AUDUSD_otc
71,2026-06-02 20:00:00,0.72144,0.72141,0.72163,0.7213,74,1780430459.667,AUDUSD_otc
71,2026-06-02 20:01:00,0.72139,0.72163,0.72166,0.72138,87,1780430519.784,AUDUSD_otc
71,2026-06-02 20:02:00,0.72161,0.72171,0.72174,0.7214,83,1780430579.396,AUDUSD_otc
71,2026-06-02 20:03:00,0.72171,0.72135,0.72171,0.72135,86,1780430639.97,AUDUSD_otc
71,2026-06-02 20:04:00,0.72135,0.72147,0.72152,0.72126,81,1780430699.54,AUDUSD_otc
71,2026-06-02 20:05:00,0.72148,0.72151,0.72163,0.72138,72,1780430759.614,AUDUSD_otc
71,2026-06-02 20:06:00,0.72151,0.72136,0.72151,0.72127,73,1780430819.214,AUDUSD_otc
71,2026-06-02 20:07:00,0.72137,0.72131,0.72145,0.72123,83,1780430879.278,AUDUSD_otc
71,2026-06-02 20:08:00,0.72131,0.72153,0.72156,0.72117,78,1780430938.856,AUDUSD_otc
71,2026-06-02 20:09:00,0.72153,0.72173,0.72182,0.72151,83,1780430999.46,AUDUSD_otc
71,2026-06-02 20:10:00,0.72173,0.72183,0.72191,0.72167,75,1780431059.061,AUDUSD_otc
71,2026-06-02 20:11:00,0.72183,0.72128,0.72186,0.72128,86,1780431119.654,AUDUSD_otc
71,2026-06-02 20:12:00,0.72128,0.72147,0.72153,0.72114,80,1780431179.276,AUDUSD_otc
71,2026-06-02 20:13:00,0.72147,0.72138,0.72168,0.72138,77,1780431239.884,AUDUSD_otc
71,2026-06-02 20:14:00,0.7214,0.72157,0.72169,0.7214,88,1780431299.472,AUDUSD_otc
71,2026-06-02 20:15:00,0.72157,0.7216,0.72177,0.7215,74,1780431359.549,AUDUSD_otc
71,2026-06-02 20:16:00,0.72158,0.72183,0.72188,0.72144,76,1780431419.623,AUDUSD_otc
71,2026-06-02 20:17:00,0.72192,0.72184,0.72193,0.72167,75,1780431479.733,AUDUSD_otc
71,2026-06-02 20:18:00,0.72193,0.72201,0.72207,0.72188,84,1780431539.811,AUDUSD_otc
71,2026-06-02 20:19:00,0.72201,0.72242,0.72251,0.72197,79,1780431599.896,AUDUSD_otc
71,2026-06-02 20:20:00,0.72242,0.72194,0.72242,0.72193,69,1780431659.54,AUDUSD_otc
71,2026-06-02 20:21:00,0.72193,0.72189,0.72197,0.72173,69,1780431718.14,AUDUSD_otc
71,2026-06-02 20:22:00,0.72189,0.72226,0.72228,0.7217,84,1780431779.246,AUDUSD_otc
71,2026-06-02 20:23:00,0.72226,0.72234,0.72241,0.72222,75,1780431839.845,AUDUSD_otc
71,2026-06-02 20:24:00,0.72234,0.72249,0.72256,0.7223,80,1780431899.905,AUDUSD_otc
71,2026-06-02 20:25:00,0.72249,0.72259,0.72274,0.72234,88,1780431959.493,AUDUSD_otc
71,2026-06-02 20:26:00,0.72259,0.7227,0.7227,0.72232,75,1780432019.052,AUDUSD_otc
71,2026-06-02 20:27:00,0.7227,0.72282,0.72285,0.72257,89,1780432079.629,AUDUSD_otc
71,2026-06-02 20:28:00,0.72282,0.72301,0.72302,0.72274,79,1780432139.747,AUDUSD_otc
71,2026-06-02 20:29:00,0.72301,0.72312,0.72315,0.72293,85,1780432198.831,AUDUSD_otc
71,2026-06-02 20:30:00,0.72309,0.72328,0.72334,0.72309,71,1780432259.94,AUDUSD_otc
71,2026-06-02 20:31:00,0.72328,0.72338,0.72347,0.72328,78,1780432319.548,AUDUSD_otc
71,2026-06-02 20:32:00,0.72337,0.72343,0.72349,0.72328,70,1780432379.656,AUDUSD_otc
71,2026-06-02 20:33:00,0.72342,0.72341,0.72344,0.72318,79,1780432439.733,AUDUSD_otc
71,2026-06-02 20:34:00,0.72339,0.72377,0.72387,0.72332,80,1780432499.817,AUDUSD_otc
71,2026-06-02 20:35:00,0.72377,0.72385,0.72385,0.72358,75,1780432559.878,AUDUSD_otc
71,2026-06-02 20:36:00,0.72385,0.72385,0.72386,0.72365,84,1780432618.986,AUDUSD_otc
71,2026-06-02 20:37:00,0.72385,0.72398,0.72402,0.72379,84,1780432677.537,AUDUSD_otc
71,2026-06-02 20:38:00,0.72394,0.72417,0.72429,0.72387,85,1780432739.618,AUDUSD_otc
71,2026-06-02 20:39:00,0.72418,0.72412,0.72435,0.72412,78,1780432799.716,AUDUSD_otc
71,2026-06-02 20:40:00,0.72412,0.72429,0.72437,0.72411,79,1780432859.821,AUDUSD_otc
71,2026-06-02 20:41:00,0.72429,0.72355,0.72431,0.72355,83,1780432919.395,AUDUSD_otc
71,2026-06-02 20:42:00,0.72355,0.7236,0.72374,0.72353,86,1780432979.004,AUDUSD_otc
71,2026-06-02 20:43:00,0.7236,0.72308,0.7236,0.72306,79,1780433038.615,AUDUSD_otc
71,2026-06-02 20:44:00,0.72308,0.72327,0.72335,0.72298,84,1780433099.709,AUDUSD_otc
71,2026-06-02 20:45:00,0.72324,0.72314,0.72348,0.72312,79,1780433159.766,AUDUSD_otc
71,2026-06-02 20:46:00,0.72314,0.72331,0.72338,0.72314,79,1780433219.846,AUDUSD_otc
71,2026-06-02 20:47:00,0.72329,0.7233,0.72348,0.72304,78,1780433279.429,AUDUSD_otc
71,2026-06-02 20:48:00,0.72328,0.72319,0.72342,0.72309,79,1780433339.506,AUDUSD_otc
71,2026-06-02 20:49:00,0.72321,0.72272,0.72321,0.72272,77,1780433399.586,AUDUSD_otc
71,2026-06-02 20:50:00,0.72271,0.72306,0.72306,0.7225,80,1780433459.696,AUDUSD_otc
71,2026-06-02 20:51:00,0.72304,0.72323,0.72323,0.72292,78,1780433519.795,AUDUSD_otc
71,2026-06-02 20:52:00,0.72324,0.72321,0.72327,0.72285,85,1780433579.924,AUDUSD_otc
71,2026-06-02 20:53:00,0.72321,0.72349,0.7236,0.72305,74,1780433638.02,AUDUSD_otc
71,2026-06-02 20:54:00,0.72349,0.7232,0.72363,0.72314,80,1780433699.598,AUDUSD_otc
71,2026-06-02 20:55:00,0.72315,0.72275,0.72326,0.7227,86,1780433759.675,AUDUSD_otc
71,2026-06-02 20:56:00,0.72275,0.72308,0.72308,0.72275,80,1780433819.739,AUDUSD_otc
71,2026-06-02 20:57:00,0.72308,0.72265,0.72311,0.72257,77,1780433879.297,AUDUSD_otc
71,2026-06-02 20:58:00,0.72265,0.72265,0.72268,0.72243,85,1780433939.907,AUDUSD_otc
71,2026-06-02 20:59:00,0.72265,0.72283,0.72285,0.72259,77,1780433999.98,AUDUSD_otc
71,2026-06-02 21:00:00,0.72283,0.72238,0.7229,0.72238,82,1780434059.596,AUDUSD_otc
71,2026-06-02 21:01:00,0.72236,0.72206,0.7224,0.72185,88,1780434119.705,AUDUSD_otc
71,2026-06-02 21:02:00,0.72206,0.72184,0.7222,0.72184,77,1780434179.807,AUDUSD_otc
71,2026-06-02 21:03:00,0.72184,0.72165,0.72197,0.72146,83,1780434239.903,AUDUSD_otc
71,2026-06-02 21:04:00,0.72165,0.72161,0.72176,0.72157,73,1780434299.498,AUDUSD_otc
71,2026-06-02 21:05:00,0.72161,0.72186,0.72201,0.7216,77,1780434359.078,AUDUSD_otc
71,2026-06-02 21:06:00,0.72187,0.72199,0.7221,0.72185,80,1780434419.157,AUDUSD_otc
71,2026-06-02 21:07:00,0.72201,0.72252,0.72253,0.722,82,1780434479.727,AUDUSD_otc
71,2026-06-02 21:08:00,0.72254,0.72302,0.72313,0.72254,89,1780434539.819,AUDUSD_otc
71,2026-06-02 21:09:00,0.72302,0.72296,0.72302,0.72267,81,1780434599.92,AUDUSD_otc
71,2026-06-02 21:10:00,0.72296,0.72277,0.723,0.72277,75,1780434659.526,AUDUSD_otc
71,2026-06-02 21:11:00,0.72277,0.72233,0.72282,0.72224,80,1780434719.635,AUDUSD_otc
71,2026-06-02 21:12:00,0.72233,0.72213,0.7224,0.72206,86,1780434779.758,AUDUSD_otc
71,2026-06-02 21:13:00,0.72213,0.72248,0.72248,0.722,94,1780434839.82,AUDUSD_otc
71,2026-06-02 21:14:00,0.72248,0.72252,0.72267,0.72231,83,1780434899.913,AUDUSD_otc
71,2026-06-02 21:15:00,0.72252,0.72254,0.72263,0.72235,78,1780434959.99,AUDUSD_otc
71,2026-06-02 21:16:00,0.72254,0.72215,0.72262,0.72213,72,1780435019.072,AUDUSD_otc
71,2026-06-02 21:17:00,0.72215,0.72224,0.72232,0.72194,76,1780435079.68,AUDUSD_otc
71,2026-06-02 21:18:00,0.72224,0.72208,0.72225,0.72203,65,1780435138.268,AUDUSD_otc
71,2026-06-02 21:19:00,0.72207,0.72205,0.72221,0.72202,73,1780435199.863,AUDUSD_otc
71,2026-06-02 21:20:00,0.72204,0.72158,0.72204,0.72158,88,1780435259.969,AUDUSD_otc
71,2026-06-02 21:21:00,0.72165,0.72165,0.72176,0.72157,76,1780435319.573,AUDUSD_otc
71,2026-06-02 21:22:00,0.72165,0.72134,0.72167,0.72128,85,1780435379.167,AUDUSD_otc
71,2026-06-02 21:23:00,0.72134,0.72114,0.72142,0.72114,87,1780435438.741,AUDUSD_otc
71,2026-06-02 21:24:00,0.72114,0.72077,0.72115,0.72077,80,1780435499.827,AUDUSD_otc
71,2026-06-02 21:25:00,0.72078,0.72057,0.72085,0.72038,85,1780435559.908,AUDUSD_otc
71,2026-06-02 21:26:00,0.72055,0.72042,0.72071,0.72042,76,1780435619.986,AUDUSD_otc
71,2026-06-02 21:27:00,0.72042,0.72076,0.72097,0.72039,84,1780435679.576,AUDUSD_otc
71,2026-06-02 21:28:00,0.72076,0.7209,0.72093,0.72045,80,1780435739.663,AUDUSD_otc
71,2026-06-02 21:29:00,0.7209,0.721,0.72108,0.72076,74,1780435799.779,AUDUSD_otc
71,2026-06-02 21:30:00,0.721,0.72116,0.72116,0.72094,75,1780435859.883,AUDUSD_otc
71,2026-06-02 21:31:00,0.72116,0.72115,0.72125,0.72106,68,1780435918.994,AUDUSD_otc
71,2026-06-02 21:32:00,0.72115,0.72151,0.7216,0.72115,79,1780435979.57,AUDUSD_otc
71,2026-06-02 21:33:00,0.72151,0.72136,0.72152,0.7212,69,1780436039.144,AUDUSD_otc
71,2026-06-02 21:34:00,0.72137,0.72143,0.72152,0.72131,80,1780436099.212,AUDUSD_otc
71,2026-06-02 21:35:00,0.72143,0.72117,0.72146,0.72096,75,1780436159.309,AUDUSD_otc
71,2026-06-02 21:36:00,0.72117,0.72144,0.72148,0.72104,72,1780436219.884,AUDUSD_otc
71,2026-06-02 21:37:00,0.72146,0.72143,0.72156,0.72123,78,1780436279.96,AUDUSD_otc
71,2026-06-02 21:38:00,0.72143,0.72097,0.72144,0.72095,69,1780436339.564,AUDUSD_otc
71,2026-06-02 21:39:00,0.72097,0.72124,0.72128,0.72092,78,1780436399.662,AUDUSD_otc
71,2026-06-02 21:40:00,0.72124,0.72107,0.72133,0.72101,86,1780436459.767,AUDUSD_otc
71,2026-06-02 21:41:00,0.72108,0.72066,0.72108,0.72066,70,1780436519.893,AUDUSD_otc
71,2026-06-02 21:42:00,0.72066,0.72037,0.72089,0.72037,88,1780436579.983,AUDUSD_otc
71,2026-06-02 21:43:00,0.72037,0.72039,0.72047,0.72032,81,1780436639.56,AUDUSD_otc
71,2026-06-02 21:44:00,0.7204,0.72052,0.72066,0.7204,82,1780436699.656,AUDUSD_otc
71,2026-06-02 21:45:00,0.72052,0.72066,0.72082,0.72047,78,1780436759.72,AUDUSD_otc
71,2026-06-02 21:46:00,0.72066,0.72051,0.72087,0.72045,82,1780436819.827,AUDUSD_otc
71,2026-06-02 21:47:00,0.72051,0.72011,0.72057,0.72007,78,1780436879.421,AUDUSD_otc
71,2026-06-02 21:48:00,0.72011,0.72024,0.72046,0.72007,82,1780436939.504,AUDUSD_otc
71,2026-06-02 21:49:00,0.72024,0.72004,0.72032,0.71998,82,1780436999.624,AUDUSD_otc
71,2026-06-02 21:50:00,0.72003,0.71998,0.72006,0.71971,84,1780437059.734,AUDUSD_otc
71,2026-06-02 21:51:00,0.72001,0.72017,0.72022,0.71995,87,1780437119.816,AUDUSD_otc
71,2026-06-02 21:52:00,0.72018,0.7205,0.72054,0.72013,81,1780437179.915,AUDUSD_otc
71,2026-06-02 21:53:00,0.7205,0.72056,0.72065,0.7204,79,1780437239.963,AUDUSD_otc
71,2026-06-02 21:54:00,0.72056,0.7206,0.72068,0.72049,80,1780437299.539,AUDUSD_otc
71,2026-06-02 21:55:00,0.72059,0.7202,0.72068,0.72015,84,1780437359.614,AUDUSD_otc
71,2026-06-02 21:56:00,0.7202,0.72017,0.72047,0.72014,76,1780437419.687,AUDUSD_otc
71,2026-06-02 21:57:00,0.7202,0.71967,0.7202,0.71962,87,1780437479.796,AUDUSD_otc
71,2026-06-02 21:58:00,0.71965,0.71975,0.71983,0.71954,85,1780437539.892,AUDUSD_otc
71,2026-06-02 21:59:00,0.71972,0.71975,0.71992,0.71962,83,1780437599.995,AUDUSD_otc
71,2026-06-02 22:00:00,0.7197,0.71996,0.71996,0.71961,80,1780437659.612,AUDUSD_otc
71,2026-06-02 22:01:00,0.71996,0.71961,0.71998,0.7195,82,1780437719.716,AUDUSD_otc
71,2026-06-02 22:02:00,0.71954,0.7195,0.71957,0.71924,76,1780437779.809,AUDUSD_otc
71,2026-06-02 22:03:00,0.7195,0.71942,0.71986,0.71942,78,1780437839.894,AUDUSD_otc
71,2026-06-02 22:04:00,0.71942,0.71916,0.71948,0.71912,75,1780437899.954,AUDUSD_otc
71,2026-06-02 22:05:00,0.71916,0.71953,0.7197,0.71914,80,1780437959.049,AUDUSD_otc
71,2026-06-02 22:06:00,0.71951,0.7193,0.71969,0.71923,88,1780438019.635,AUDUSD_otc
71,2026-06-02 22:07:00,0.7193,0.71928,0.71949,0.71915,86,1780438079.222,AUDUSD_otc
71,2026-06-02 22:08:00,0.71928,0.71878,0.71928,0.71876,76,1780438139.828,AUDUSD_otc
71,2026-06-02 22:09:00,0.71878,0.71917,0.71925,0.71877,81,1780438199.923,AUDUSD_otc
71,2026-06-02 22:10:00,0.71917,0.71915,0.71923,0.71902,84,1780438259.547,AUDUSD_otc
71,2026-06-02 22:11:00,0.71915,0.71932,0.71937,0.7191,78,1780438319.653,AUDUSD_otc
71,2026-06-02 22:12:00,0.71929,0.71925,0.7193,0.71902,78,1780438379.724,AUDUSD_otc
71,2026-06-02 22:13:00,0.71924,0.71932,0.71945,0.71923,79,1780438439.803,AUDUSD_otc
71,2026-06-02 22:14:00,0.71935,0.71965,0.71984,0.7193,83,1780438499.876,AUDUSD_otc
71,2026-06-02 22:15:00,0.71966,0.71961,0.71986,0.71955,78,1780438558.444,AUDUSD_otc
71,2026-06-02 22:16:00,0.71961,0.71915,0.71965,0.71907,77,1780438619.541,AUDUSD_otc
71,2026-06-02 22:17:00,0.71909,0.71966,0.71966,0.71908,77,1780438679.117,AUDUSD_otc
71,2026-06-02 22:18:00,0.71963,0.71949,0.71972,0.71944,77,1780438738.186,AUDUSD_otc
71,2026-06-02 22:19:00,0.71949,0.71953,0.71962,0.71908,84,1780438799.287,AUDUSD_otc
71,2026-06-02 22:20:00,0.71954,0.71958,0.71964,0.71939,78,1780438859.888,AUDUSD_otc
71,2026-06-02 22:21:00,0.71956,0.71953,0.71981,0.71951,82,1780438917.503,AUDUSD_otc
71,2026-06-02 22:22:00,0.71955,0.71971,0.71979,0.7195,81,1780438979.611,AUDUSD_otc
71,2026-06-02 22:23:00,0.71971,0.71949,0.71977,0.71938,83,1780439039.676,AUDUSD_otc
71,2026-06-02 22:24:00,0.71949,0.71948,0.71956,0.71939,77,1780439099.764,AUDUSD_otc
71,2026-06-02 22:25:00,0.71948,0.71937,0.71953,0.71926,84,1780439159.836,AUDUSD_otc
71,2026-06-02 22:26:00,0.71937,0.71945,0.71948,0.71919,81,1780439219.89,AUDUSD_otc
71,2026-06-02 22:27:00,0.71945,0.71919,0.71949,0.71901,79,1780439279.974,AUDUSD_otc
71,2026-06-02 22:28:00,0.71919,0.7195,0.71953,0.71898,86,1780439339.551,AUDUSD_otc
71,2026-06-02 22:29:00,0.71956,0.71957,0.71957,0.71919,87,1780439399.121,AUDUSD_otc
71,2026-06-02 22:30:00,0.71955,0.71944,0.7199,0.71933,90,1780439459.736,AUDUSD_otc
71,2026-06-02 22:31:00,0.71944,0.71988,0.71991,0.71937,86,1780439519.829,AUDUSD_otc
71,2026-06-02 22:32:00,0.71985,0.71961,0.71985,0.71957,81,1780439579.927,AUDUSD_otc
71,2026-06-02 22:33:00,0.71962,0.71946,0.71976,0.71946,76,1780439639.536,AUDUSD_otc
71,2026-06-02 22:34:00,0.71946,0.71954,0.71954,0.71929,87,1780439699.151,AUDUSD_otc
71,2026-06-02 22:35:00,0.71953,0.71953,0.71962,0.71932,78,1780439759.239,AUDUSD_otc
71,2026-06-02 22:36:00,0.71953,0.71956,0.71968,0.71941,73,1780439819.808,AUDUSD_otc
71,2026-06-02 22:37:00,0.71954,0.71959,0.71976,0.71948,76,1780439878.873,AUDUSD_otc
71,2026-06-02 22:38:00,0.71961,0.71969,0.71975,0.71954,68,1780439939.976,AUDUSD_otc
71,2026-06-02 22:39:00,0.71969,0.71941,0.71983,0.71938,71,1780439998.543,AUDUSD_otc
71,2026-06-02 22:40:00,0.71937,0.71977,0.71977,0.71927,79,1780440058.621,AUDUSD_otc
71,2026-06-02 22:41:00,0.71977,0.71976,0.71985,0.71957,83,1780440119.742,AUDUSD_otc
71,2026-06-02 22:42:00,0.71976,0.71999,0.72009,0.71975,78,1780440179.828,AUDUSD_otc
71,2026-06-02 22:43:00,0.71999,0.7201,0.7201,0.71981,71,1780440239.935,AUDUSD_otc
71,2026-06-02 22:44:00,0.7201,0.7205,0.72059,0.72,76,1780440299.549,AUDUSD_otc
71,2026-06-02 22:45:00,0.7205,0.72058,0.72058,0.72036,84,1780440359.622,AUDUSD_otc
71,2026-06-02 22:46:00,0.72058,0.72069,0.72076,0.72051,77,1780440419.706,AUDUSD_otc
71,2026-06-02 22:47:00,0.72069,0.72065,0.72082,0.72048,86,1780440479.769,AUDUSD_otc
71,2026-06-02 22:48:00,0.72065,0.72054,0.72066,0.72044,87,1780440539.837,AUDUSD_otc
71,2026-06-02 22:49:00,0.72054,0.72047,0.72057,0.7203,78,1780440599.951,AUDUSD_otc
71,2026-06-02 22:50:00,0.72047,0.72015,0.72047,0.72002,81,1780440659.513,AUDUSD_otc
71,2026-06-02 22:51:00,0.72015,0.72039,0.72042,0.71989,74,1780440719.597,AUDUSD_otc
71,2026-06-02 22:52:00,0.7204,0.72035,0.72065,0.72026,78,1780440778.192,AUDUSD_otc
71,2026-06-02 22:53:00,0.72036,0.71993,0.72038,0.71993,81,1780440838.281,AUDUSD_otc
71,2026-06-02 22:54:00,0.71993,0.7201,0.72012,0.71986,71,1780440898.875,AUDUSD_otc
71,2026-06-02 22:55:00,0.7201,0.71984,0.7201,0.71964,84,1780440959.502,AUDUSD_otc
71,2026-06-02 22:56:00,0.71986,0.71967,0.71989,0.71965,76,1780441019.609,AUDUSD_otc
71,2026-06-02 22:57:00,0.71966,0.7197,0.71983,0.71962,79,1780441078.196,AUDUSD_otc
71,2026-06-02 22:58:00,0.7197,0.71973,0.71987,0.71965,74,1780441139.773,AUDUSD_otc
71,2026-06-02 22:59:00,0.71973,0.71962,0.71979,0.71943,91,1780441199.845,AUDUSD_otc
71,2026-06-02 23:00:00,0.71962,0.7194,0.71969,0.71939,85,1780441259.947,AUDUSD_otc
71,2026-06-02 23:01:00,0.7194,0.7193,0.7195,0.71926,76,1780441319.519,AUDUSD_otc
71,2026-06-02 23:02:00,0.7193,0.719,0.71935,0.71898,78,1780441379.594,AUDUSD_otc
71,2026-06-02 23:03:00,0.719,0.71919,0.71919,0.71895,82,1780441438.709,AUDUSD_otc
71,2026-06-02 23:04:00,0.71923,0.71915,0.71934,0.71909,89,1780441499.804,AUDUSD_otc
71,2026-06-02 23:05:00,0.71915,0.71915,0.71915,0.71893,80,1780441559.412,AUDUSD_otc
71,2026-06-02 23:06:00,0.71915,0.71903,0.7192,0.71895,83,1780441619.007,AUDUSD_otc
71,2026-06-02 23:07:00,0.71905,0.71902,0.71934,0.71902,82,1780441679.572,AUDUSD_otc
71,2026-06-02 23:08:00,0.719,0.71954,0.71974,0.719,94,1780441739.668,AUDUSD_otc
71,2026-06-02 23:09:00,0.71952,0.71941,0.71953,0.71924,87,1780441799.748,AUDUSD_otc
71,2026-06-02 23:10:00,0.71941,0.71947,0.71956,0.71935,88,1780441859.828,AUDUSD_otc
71,2026-06-02 23:11:00,0.71947,0.71975,0.71976,0.71946,73,1780441919.928,AUDUSD_otc
71,2026-06-02 23:12:00,0.71965,0.71983,0.72017,0.71965,90,1780441979.01,AUDUSD_otc
71,2026-06-02 23:13:00,0.7198,0.71954,0.7199,0.71954,79,1780442039.592,AUDUSD_otc
71,2026-06-02 23:14:00,0.71953,0.71926,0.71953,0.71924,81,1780442099.704,AUDUSD_otc
71,2026-06-02 23:15:00,0.71926,0.71905,0.71926,0.71895,79,1780442159.821,AUDUSD_otc
71,2026-06-02 23:16:00,0.71905,0.71902,0.71928,0.71899,77,1780442219.914,AUDUSD_otc
71,2026-06-02 23:17:00,0.71902,0.71944,0.71944,0.719,67,1780442279.485,AUDUSD_otc
71,2026-06-02 23:18:00,0.71944,0.71939,0.71974,0.71939,76,1780442339.558,AUDUSD_otc
71,2026-06-02 23:19:00,0.71942,0.71981,0.71984,0.7194,84,1780442399.638,AUDUSD_otc
71,2026-06-02 23:20:00,0.71981,0.7199,0.72003,0.71981,82,1780442459.21,AUDUSD_otc
71,2026-06-02 23:21:00,0.71991,0.71967,0.71994,0.71946,78,1780442519.794,AUDUSD_otc
71,2026-06-02 23:22:00,0.71967,0.7197,0.71977,0.71955,79,1780442579.876,AUDUSD_otc
71,2026-06-02 23:23:00,0.71972,0.71968,0.71973,0.71937,88,1780442639.954,AUDUSD_otc
71,2026-06-02 23:24:00,0.71968,0.71966,0.71981,0.71948,78,1780442699.541,AUDUSD_otc
71,2026-06-02 23:25:00,0.71967,0.71973,0.71982,0.7196,81,1780442758.158,AUDUSD_otc
71,2026-06-02 23:26:00,0.71974,0.71974,0.71995,0.71954,85,1780442818.756,AUDUSD_otc
71,2026-06-02 23:27:00,0.71972,0.71929,0.71972,0.71925,77,1780442879.871,AUDUSD_otc
71,2026-06-02 23:28:00,0.71929,0.71921,0.71932,0.71902,92,1780442939.974,AUDUSD_otc
71,2026-06-02 23:29:00,0.71923,0.71929,0.71938,0.71913,75,1780442999.558,AUDUSD_otc
71,2026-06-02 23:30:00,0.71929,0.71931,0.71942,0.71925,78,1780443058.621,AUDUSD_otc
71,2026-06-02 23:31:00,0.71931,0.71926,0.71931,0.71906,87,1780443119.699,AUDUSD_otc
71,2026-06-02 23:32:00,0.71924,0.71928,0.71937,0.71916,77,1780443179.79,AUDUSD_otc
71,2026-06-02 23:33:00,0.71928,0.71915,0.71941,0.71905,80,1780443239.888,AUDUSD_otc
71,2026-06-02 23:34:00,0.71915,0.71932,0.7195,0.71912,83,1780443299.992,AUDUSD_otc
71,2026-06-02 23:35:00,0.71932,0.71922,0.71939,0.71911,77,1780443359.612,AUDUSD_otc
71,2026-06-02 23:36:00,0.71927,0.71883,0.71927,0.71877,84,1780443419.217,AUDUSD_otc
71,2026-06-02 23:37:00,0.71883,0.71909,0.71934,0.71878,90,1780443479.799,AUDUSD_otc
71,2026-06-02 23:38:00,0.71909,0.71916,0.71916,0.71896,74,1780443539.383,AUDUSD_otc
71,2026-06-02 23:39:00,0.71916,0.71891,0.71921,0.7188,79,1780443599.952,AUDUSD_otc
71,2026-06-02 23:40:00,0.71891,0.71963,0.71964,0.7189,80,1780443659.533,AUDUSD_otc
71,2026-06-02 23:41:00,0.71957,0.71968,0.71985,0.71953,80,1780443719.61,AUDUSD_otc
71,2026-06-02 23:42:00,0.71968,0.71964,0.71973,0.7194,72,1780443779.704,AUDUSD_otc
71,2026-06-02 23:43:00,0.71964,0.71991,0.71992,0.7195,82,1780443839.809,AUDUSD_otc
71,2026-06-02 23:44:00,0.72003,0.72033,0.72041,0.71996,78,1780443899.904,AUDUSD_otc
71,2026-06-02 23:45:00,0.72033,0.72071,0.72071,0.72031,82,1780443958.028,AUDUSD_otc
71,2026-06-02 23:46:00,0.72072,0.72082,0.72087,0.72067,76,1780444019.126,AUDUSD_otc
71,2026-06-02 23:47:00,0.72082,0.72103,0.72114,0.72072,92,1780444079.705,AUDUSD_otc
71,2026-06-02 23:48:00,0.72105,0.72103,0.72131,0.721,78,1780444139.781,AUDUSD_otc
71,2026-06-02 23:49:00,0.72103,0.72125,0.72128,0.72093,85,1780444199.861,AUDUSD_otc
71,2026-06-02 23:50:00,0.72125,0.7207,0.72125,0.72066,86,1780444259.945,AUDUSD_otc
71,2026-06-02 23:51:00,0.7207,0.72036,0.72072,0.72029,68,1780444319.979,AUDUSD_otc
71,2026-06-02 23:52:00,0.72036,0.7206,0.72079,0.72036,86,1780444379.566,AUDUSD_otc
71,2026-06-02 23:53:00,0.7206,0.72004,0.72062,0.72004,82,1780444438.118,AUDUSD_otc
71,2026-06-02 23:54:00,0.72006,0.71985,0.72007,0.7198,83,1780444499.717,AUDUSD_otc
71,2026-06-02 23:55:00,0.71983,0.72013,0.72024,0.71983,72,1780444559.812,AUDUSD_otc
71,2026-06-02 23:56:00,0.72013,0.72022,0.72047,0.72006,76,1780444619.402,AUDUSD_otc
71,2026-06-02 23:57:00,0.72022,0.72039,0.72044,0.72016,76,1780444679.029,AUDUSD_otc
71,2026-06-02 23:58:00,0.72039,0.72054,0.72058,0.7202,87,1780444739.634,AUDUSD_otc
71,2026-06-02 23:59:00,0.7205,0.72032,0.72057,0.72028,78,1780444799.728,AUDUSD_otc
71,2026-06-03 00:00:00,0.72031,0.72072,0.72073,0.72031,76,1780444859.302,AUDUSD_otc
71,2026-06-03 00:01:00,0.7207,0.72083,0.72111,0.72069,79,1780444919.364,AUDUSD_otc
71,2026-06-03 00:02:00,0.72084,0.72092,0.72111,0.72082,78,1780444979.981,AUDUSD_otc
71,2026-06-03 00:03:00,0.7208,0.72099,0.72104,0.7208,71,1780445037.571,AUDUSD_otc
71,2026-06-03 00:04:00,0.72097,0.7209,0.72104,0.72086,80,1780445099.654,AUDUSD_otc
71,2026-06-03 00:05:00,0.72088,0.72083,0.7211,0.72075,84,1780445159.265,AUDUSD_otc
71,2026-06-03 00:06:00,0.72083,0.72042,0.72083,0.72022,90,1780445219.867,AUDUSD_otc
71,2026-06-03 00:07:00,0.72042,0.72035,0.72046,0.72023,83,1780445279.987,AUDUSD_otc
71,2026-06-03 00:08:00,0.72035,0.72045,0.72054,0.72028,84,1780445339.591,AUDUSD_otc
71,2026-06-03 00:09:00,0.72045,0.71995,0.72045,0.71995,85,1780445399.662,AUDUSD_otc
71,2026-06-03 00:10:00,0.71995,0.71996,0.72007,0.71993,75,1780445459.749,AUDUSD_otc
71,2026-06-03 00:11:00,0.71996,0.72017,0.72026,0.71987,76,1780445519.831,AUDUSD_otc
71,2026-06-03 00:12:00,0.72017,0.72044,0.72052,0.72015,81,1780445579.9,AUDUSD_otc
71,2026-06-03 00:13:00,0.72044,0.72065,0.72067,0.7203,78,1780445639.994,AUDUSD_otc
71,2026-06-03 00:14:00,0.72065,0.72085,0.72095,0.72055,93,1780445699.58,AUDUSD_otc
71,2026-06-03 00:15:00,0.7209,0.72106,0.72124,0.72082,81,1780445759.665,AUDUSD_otc
71,2026-06-03 00:16:00,0.72106,0.72126,0.72129,0.72093,79,1780445819.785,AUDUSD_otc
71,2026-06-03 00:17:00,0.72126,0.72122,0.7214,0.72114,76,1780445879.878,AUDUSD_otc
71,2026-06-03 00:18:00,0.72122,0.72138,0.72141,0.72109,85,1780445939.981,AUDUSD_otc
71,2026-06-03 00:19:00,0.72135,0.72123,0.72159,0.72117,83,1780445999.566,AUDUSD_otc
71,2026-06-03 00:20:00,0.72125,0.7213,0.72141,0.7212,76,1780446059.624,AUDUSD_otc
71,2026-06-03 00:21:00,0.72124,0.72179,0.72183,0.72124,72,1780446117.206,AUDUSD_otc
71,2026-06-03 00:22:00,0.72181,0.72145,0.72197,0.72145,82,1780446179.801,AUDUSD_otc
71,2026-06-03 00:23:00,0.72145,0.72125,0.72147,0.72119,81,1780446239.878,AUDUSD_otc
71,2026-06-03 00:24:00,0.72125,0.72115,0.72132,0.72099,87,1780446299.466,AUDUSD_otc
71,2026-06-03 00:25:00,0.72119,0.72134,0.72154,0.7211,96,1780446359.546,AUDUSD_otc
71,2026-06-03 00:26:00,0.72134,0.72116,0.72143,0.72115,85,1780446418.632,AUDUSD_otc
71,2026-06-03 00:27:00,0.72116,0.72081,0.72129,0.72081,76,1780446479.743,AUDUSD_otc
71,2026-06-03 00:28:00,0.72081,0.72034,0.72083,0.72033,86,1780446538.346,AUDUSD_otc
71,2026-06-03 00:29:00,0.72034,0.7208,0.72084,0.72032,78,1780446598.952,AUDUSD_otc
71,2026-06-03 00:30:00,0.7208,0.72082,0.72092,0.72069,78,1780446659.541,AUDUSD_otc
71,2026-06-03 00:31:00,0.72082,0.72086,0.7209,0.72064,80,1780446719.599,AUDUSD_otc
71,2026-06-03 00:32:00,0.72086,0.72098,0.72127,0.72081,75,1780446779.694,AUDUSD_otc
71,2026-06-03 00:33:00,0.72098,0.72127,0.72127,0.72082,83,1780446839.769,AUDUSD_otc
71,2026-06-03 00:34:00,0.72127,0.72152,0.72155,0.72124,77,1780446899.839,AUDUSD_otc
71,2026-06-03 00:35:00,0.72152,0.72152,0.72166,0.72147,82,1780446959.434,AUDUSD_otc
71,2026-06-03 00:36:00,0.7215,0.72127,0.72151,0.72118,86,1780447019.522,AUDUSD_otc
71,2026-06-03 00:37:00,0.72126,0.7216,0.72162,0.72119,73,1780447079.584,AUDUSD_otc
71,2026-06-03 00:38:00,0.7216,0.72168,0.72187,0.72152,75,1780447139.214,AUDUSD_otc
71,2026-06-03 00:39:00,0.72168,0.72194,0.72195,0.72154,88,1780447199.806,AUDUSD_otc
71,2026-06-03 00:40:00,0.72196,0.72224,0.72224,0.72172,72,1780447259.902,AUDUSD_otc
71,2026-06-03 00:41:00,0.72224,0.72217,0.72244,0.72212,78,1780447319.504,AUDUSD_otc
71,2026-06-03 00:42:00,0.72218,0.72252,0.72253,0.72206,73,1780447378.569,AUDUSD_otc
71,2026-06-03 00:43:00,0.72252,0.72277,0.72283,0.72249,75,1780447439.654,AUDUSD_otc
71,2026-06-03 00:44:00,0.72277,0.72314,0.72314,0.72277,83,1780447499.734,AUDUSD_otc
71,2026-06-03 00:45:00,0.72314,0.72311,0.72344,0.72306,75,1780447559.814,AUDUSD_otc
71,2026-06-03 00:46:00,0.72311,0.72347,0.72348,0.72294,85,1780447618.914,AUDUSD_otc
71,2026-06-03 00:47:00,0.72347,0.72347,0.72355,0.72342,79,1780447679.526,AUDUSD_otc
71,2026-06-03 00:48:00,0.72348,0.72385,0.72393,0.72345,87,1780447739.113,AUDUSD_otc
71,2026-06-03 00:49:00,0.72385,0.72326,0.72385,0.72326,84,1780447799.711,AUDUSD_otc
71,2026-06-03 00:50:00,0.72326,0.72331,0.72353,0.72324,74,1780447859.807,AUDUSD_otc
71,2026-06-03 00:51:00,0.72331,0.72339,0.72349,0.72326,82,1780447919.889,AUDUSD_otc
71,2026-06-03 00:52:00,0.72339,0.72371,0.72372,0.72338,88,1780447979.968,AUDUSD_otc
71,2026-06-03 00:53:00,0.72371,0.72355,0.72381,0.7235,83,1780448039.534,AUDUSD_otc
71,2026-06-03 00:54:00,0.72354,0.72394,0.72401,0.72354,72,1780448099.157,AUDUSD_otc
71,2026-06-03 00:55:00,0.72394,0.72352,0.72405,0.72346,82,1780448159.73,AUDUSD_otc
71,2026-06-03 00:56:00,0.72352,0.72355,0.72376,0.72346,73,1780448218.323,AUDUSD_otc
71,2026-06-03 00:57:00,0.72355,0.72392,0.72393,0.72344,71,1780448279.916,AUDUSD_otc
71,2026-06-03 00:58:00,0.72392,0.72395,0.72408,0.72381,81,1780448339.02,AUDUSD_otc
71,2026-06-03 00:59:00,0.72395,0.72436,0.72439,0.72395,86,1780448399.63,AUDUSD_otc
71,2026-06-03 01:00:00,0.72436,0.72403,0.72445,0.72395,84,1780448458.718,AUDUSD_otc
71,2026-06-03 01:01:00,0.72403,0.72414,0.72414,0.72389,72,1780448519.782,AUDUSD_otc
71,2026-06-03 01:02:00,0.72414,0.72384,0.72414,0.72384,77,1780448579.389,AUDUSD_otc
71,2026-06-03 01:03:00,0.72384,0.72404,0.72414,0.72384,82,1780448639.951,AUDUSD_otc
71,2026-06-03 01:04:00,0.72404,0.72394,0.7241,0.72384,80,1780448699.033,AUDUSD_otc
71,2026-06-03 01:05:00,0.72395,0.72433,0.72439,0.7239,78,1780448759.637,AUDUSD_otc
71,2026-06-03 01:06:00,0.72433,0.72443,0.72445,0.72412,84,1780448819.72,AUDUSD_otc
71,2026-06-03 01:07:00,0.72444,0.72399,0.72444,0.72384,83,1780448879.818,AUDUSD_otc
71,2026-06-03 01:08:00,0.72401,0.72403,0.72423,0.72394,77,1780448939.926,AUDUSD_otc
71,2026-06-03 01:09:00,0.72403,0.72424,0.72425,0.72391,75,1780448999.556,AUDUSD_otc
71,2026-06-03 01:10:00,0.72424,0.72434,0.72446,0.72408,83,1780449059.651,AUDUSD_otc
71,2026-06-03 01:11:00,0.72434,0.72459,0.72468,0.72421,85,1780449119.704,AUDUSD_otc
71,2026-06-03 01:12:00,0.72459,0.72459,0.72465,0.72442,79,1780449179.772,AUDUSD_otc
71,2026-06-03 01:13:00,0.72461,0.72493,0.72501,0.72461,80,1780449239.871,AUDUSD_otc
71,2026-06-03 01:14:00,0.72493,0.72497,0.72518,0.72493,83,1780449299.933,AUDUSD_otc
71,2026-06-03 01:15:00,0.72499,0.72509,0.72522,0.72489,76,1780449359.997,AUDUSD_otc
71,2026-06-03 01:16:00,0.72509,0.72473,0.72509,0.72458,72,1780449419.603,AUDUSD_otc
71,2026-06-03 01:17:00,0.72475,0.72415,0.72482,0.72415,77,1780449479.684,AUDUSD_otc
71,2026-06-03 01:18:00,0.72415,0.72448,0.72453,0.72408,85,1780449539.787,AUDUSD_otc
71,2026-06-03 01:19:00,0.72448,0.72452,0.72457,0.72426,79,1780449599.912,AUDUSD_otc
71,2026-06-03 01:20:00,0.72452,0.72423,0.72464,0.72423,76,1780449658.026,AUDUSD_otc
71,2026-06-03 01:21:00,0.72427,0.72485,0.72485,0.72427,83,1780449719.619,AUDUSD_otc
71,2026-06-03 01:22:00,0.72486,0.72527,0.72532,0.72484,88,1780449779.687,AUDUSD_otc
71,2026-06-03 01:23:00,0.72527,0.72535,0.72566,0.72525,79,1780449839.745,AUDUSD_otc
71,2026-06-03 01:24:00,0.72536,0.72526,0.72551,0.72518,87,1780449899.839,AUDUSD_otc
71,2026-06-03 01:25:00,0.7252,0.7247,0.7252,0.72464,84,1780449959.908,AUDUSD_otc
71,2026-06-03 01:26:00,0.7247,0.7251,0.72522,0.7247,75,1780450019.99,AUDUSD_otc
71,2026-06-03 01:27:00,0.7251,0.72518,0.72543,0.72482,75,1780450079.585,AUDUSD_otc
71,2026-06-03 01:28:00,0.72514,0.72479,0.72515,0.72476,83,1780450138.684,AUDUSD_otc
71,2026-06-03 01:29:00,0.72479,0.72482,0.72496,0.72474,80,1780450199.791,AUDUSD_otc
71,2026-06-03 01:30:00,0.72484,0.72458,0.72487,0.72451,81,1780450259.909,AUDUSD_otc
71,2026-06-03 01:31:00,0.72458,0.72467,0.72469,0.72451,76,1780450319.524,AUDUSD_otc
71,2026-06-03 01:32:00,0.72464,0.72475,0.72484,0.72453,84,1780450378.583,AUDUSD_otc
71,2026-06-03 01:33:00,0.72473,0.72487,0.72497,0.72468,87,1780450439.65,AUDUSD_otc
71,2026-06-03 01:34:00,0.72487,0.72489,0.72508,0.72487,78,1780450499.239,AUDUSD_otc
71,2026-06-03 01:35:00,0.72489,0.72461,0.72494,0.72448,74,1780450559.835,AUDUSD_otc
71,2026-06-03 01:36:00,0.72461,0.72493,0.72498,0.72449,79,1780450619.897,AUDUSD_otc
71,2026-06-03 01:37:00,0.72493,0.72464,0.72493,0.7244,91,1780450679.962,AUDUSD_otc
71,2026-06-03 01:38:00,0.72464,0.72473,0.72473,0.72443,76,1780450739.563,AUDUSD_otc
71,2026-06-03 01:39:00,0.72473,0.72445,0.72483,0.72441,82,1780450799.634,AUDUSD_otc
71,2026-06-03 01:40:00,0.72445,0.72471,0.72472,0.72441,76,1780450859.755,AUDUSD_otc
71,2026-06-03 01:41:00,0.72471,0.72486,0.72499,0.72463,86,1780450919.867,AUDUSD_otc
71,2026-06-03 01:42:00,0.72486,0.72454,0.7249,0.72443,81,1780450979.974,AUDUSD_otc
71,2026-06-03 01:43:00,0.72454,0.72473,0.72473,0.72437,74,1780451039.067,AUDUSD_otc
71,2026-06-03 01:44:00,0.72473,0.72461,0.72476,0.72434,81,1780451099.12,AUDUSD_otc
71,2026-06-03 01:45:00,0.72461,0.72501,0.72504,0.72454,74,1780451159.693,AUDUSD_otc
71,2026-06-03 01:46:00,0.72501,0.7249,0.72517,0.72482,83,1780451219.783,AUDUSD_otc
71,2026-06-03 01:47:00,0.72493,0.72478,0.72501,0.72478,84,1780451279.866,AUDUSD_otc
71,2026-06-03 01:48:00,0.7248,0.72465,0.72502,0.72457,78,1780451339.967,AUDUSD_otc
71,2026-06-03 01:49:00,0.72465,0.72439,0.72478,0.72434,80,1780451399.566,AUDUSD_otc
71,2026-06-03 01:50:00,0.72436,0.72504,0.72508,0.72436,77,1780451459.663,AUDUSD_otc
71,2026-06-03 01:51:00,0.72504,0.72454,0.72504,0.72452,84,1780451519.763,AUDUSD_otc
71,2026-06-03 01:52:00,0.72455,0.72477,0.72486,0.72455,98,1780451579.891,AUDUSD_otc
71,2026-06-03 01:53:00,0.72477,0.72445,0.72485,0.7244,74,1780451639.975,AUDUSD_otc
71,2026-06-03 01:54:00,0.72445,0.72504,0.72504,0.72445,81,1780451699.562,AUDUSD_otc
71,2026-06-03 01:55:00,0.72518,0.72507,0.72532,0.72499,79,1780451759.142,AUDUSD_otc
71,2026-06-03 01:56:00,0.72507,0.72534,0.7254,0.72506,85,1780451819.742,AUDUSD_otc
71,2026-06-03 01:57:00,0.72534,0.72532,0.72541,0.72516,80,1780451879.34,AUDUSD_otc
71,2026-06-03 01:58:00,0.72532,0.72521,0.72558,0.72521,80,1780451939.945,AUDUSD_otc
71,2026-06-03 01:59:00,0.72521,0.72558,0.72558,0.72518,79,1780451999.055,AUDUSD_otc
71,2026-06-03 02:00:00,0.72556,0.72561,0.72562,0.72546,78,1780452059.16,AUDUSD_otc
71,2026-06-03 02:01:00,0.72561,0.72549,0.72579,0.72549,77,1780452119.228,AUDUSD_otc
71,2026-06-03 02:02:00,0.72549,0.72515,0.72556,0.72515,87,1780452179.309,AUDUSD_otc
71,2026-06-03 02:03:00,0.72513,0.72522,0.7253,0.72506,85,1780452239.375,AUDUSD_otc
71,2026-06-03 02:04:00,0.72522,0.72532,0.72542,0.72509,79,1780452299.978,AUDUSD_otc
71,2026-06-03 02:05:00,0.72532,0.72539,0.7254,0.72499,80,1780452358.563,AUDUSD_otc
71,2026-06-03 02:06:00,0.72538,0.72546,0.7255,0.72527,72,1780452419.641,AUDUSD_otc
71,2026-06-03 02:07:00,0.72549,0.72559,0.72559,0.72534,77,1780452479.721,AUDUSD_otc
71,2026-06-03 02:08:00,0.72555,0.7255,0.72575,0.72543,82,1780452539.813,AUDUSD_otc
71,2026-06-03 02:09:00,0.7255,0.72531,0.72554,0.72518,72,1780452599.915,AUDUSD_otc
71,2026-06-03 02:10:00,0.72531,0.725,0.72531,0.72498,74,1780452658.515,AUDUSD_otc
71,2026-06-03 02:11:00,0.725,0.72474,0.72501,0.72457,84,1780452719.622,AUDUSD_otc
71,2026-06-03 02:12:00,0.72474,0.72413,0.72479,0.72411,77,1780452779.688,AUDUSD_otc
71,2026-06-03 02:13:00,0.72413,0.72398,0.72419,0.7239,83,1780452839.767,AUDUSD_otc
71,2026-06-03 02:14:00,0.72398,0.72375,0.72415,0.72372,79,1780452899.315,AUDUSD_otc
71,2026-06-03 02:15:00,0.72375,0.72391,0.72396,0.72375,73,1780452959.911,AUDUSD_otc
71,2026-06-03 02:16:00,0.72391,0.72346,0.72392,0.72346,80,1780453019.987,AUDUSD_otc
71,2026-06-03 02:17:00,0.72346,0.72366,0.7237,0.72346,76,1780453079.561,AUDUSD_otc
71,2026-06-03 02:18:00,0.72365,0.72322,0.72366,0.72321,90,1780453139.649,AUDUSD_otc
71,2026-06-03 02:19:00,0.7232,0.72351,0.72355,0.72313,83,1780453199.742,AUDUSD_otc
71,2026-06-03 02:20:00,0.72351,0.7236,0.72376,0.7234,84,1780453259.831,AUDUSD_otc
71,2026-06-03 02:21:00,0.7236,0.72364,0.72378,0.7234,89,1780453319.946,AUDUSD_otc
71,2026-06-03 02:22:00,0.72364,0.72437,0.72437,0.72364,76,1780453379.06,AUDUSD_otc
71,2026-06-03 02:23:00,0.72438,0.72458,0.72463,0.72434,79,1780453439.677,AUDUSD_otc
71,2026-06-03 02:24:00,0.72456,0.72434,0.72459,0.72423,83,1780453499.276,AUDUSD_otc
71,2026-06-03 02:25:00,0.72434,0.7239,0.72437,0.7239,76,1780453559.351,AUDUSD_otc
71,2026-06-03 02:26:00,0.72388,0.72366,0.72389,0.72366,83,1780453619.944,AUDUSD_otc
71,2026-06-03 02:27:00,0.72366,0.72343,0.72376,0.72338,87,1780453679.511,AUDUSD_otc
71,2026-06-03 02:28:00,0.72343,0.72351,0.72351,0.72322,78,1780453739.584,AUDUSD_otc
71,2026-06-03 02:29:00,0.72353,0.72332,0.7236,0.72328,82,1780453799.685,AUDUSD_otc
71,2026-06-03 02:30:00,0.72332,0.72332,0.72357,0.72329,72,1780453858.276,AUDUSD_otc
71,2026-06-03 02:31:00,0.72332,0.723,0.72337,0.72295,78,1780453919.399,AUDUSD_otc
71,2026-06-03 02:32:00,0.723,0.72284,0.72307,0.72284,84,1780453979.986,AUDUSD_otc
71,2026-06-03 02:33:00,0.72284,0.72254,0.72295,0.72254,74,1780454039.596,AUDUSD_otc
71,2026-06-03 02:34:00,0.72254,0.72271,0.72296,0.72254,74,1780454099.18,AUDUSD_otc
71,2026-06-03 02:35:00,0.72273,0.72241,0.72278,0.72238,83,1780454159.764,AUDUSD_otc
71,2026-06-03 02:36:00,0.72241,0.72223,0.72243,0.72212,82,1780454219.824,AUDUSD_otc
71,2026-06-03 02:37:00,0.72223,0.72249,0.72249,0.72211,72,1780454279.921,AUDUSD_otc
71,2026-06-03 02:38:00,0.72249,0.72244,0.72254,0.72223,82,1780454339.512,AUDUSD_otc
71,2026-06-03 02:39:00,0.72248,0.72188,0.72254,0.72188,87,1780454399.614,AUDUSD_otc
71,2026-06-03 02:40:00,0.72188,0.72208,0.72218,0.72188,79,1780454459.73,AUDUSD_otc
71,2026-06-03 02:41:00,0.72207,0.72219,0.72224,0.72205,88,1780454519.833,AUDUSD_otc
71,2026-06-03 02:42:00,0.72216,0.72233,0.72238,0.7221,83,1780454579.443,AUDUSD_otc
71,2026-06-03 02:43:00,0.72233,0.72228,0.72238,0.72219,74,1780454639.048,AUDUSD_otc
71,2026-06-03 02:44:00,0.72228,0.72257,0.7227,0.72221,82,1780454699.604,AUDUSD_otc
71,2026-06-03 02:45:00,0.7226,0.72261,0.72265,0.72229,79,1780454759.693,AUDUSD_otc
71,2026-06-03 02:46:00,0.72261,0.72226,0.72261,0.72226,78,1780454819.781,AUDUSD_otc
71,2026-06-03 02:47:00,0.72226,0.72175,0.72226,0.7217,77,1780454878.346,AUDUSD_otc
71,2026-06-03 02:48:00,0.72175,0.72171,0.72197,0.7217,73,1780454939.451,AUDUSD_otc
71,2026-06-03 02:49:00,0.72171,0.72194,0.72197,0.72168,81,1780454999.539,AUDUSD_otc
71,2026-06-03 02:50:00,0.72196,0.72172,0.72196,0.72168,84,1780455059.636,AUDUSD_otc
71,2026-06-03 02:51:00,0.72172,0.72112,0.72172,0.7211,90,1780455119.765,AUDUSD_otc
71,2026-06-03 02:52:00,0.72112,0.72091,0.72126,0.72082,82,1780455179.879,AUDUSD_otc
71,2026-06-03 02:53:00,0.72091,0.72085,0.72095,0.72059,80,1780455239.988,AUDUSD_otc
71,2026-06-03 02:54:00,0.72085,0.72074,0.72095,0.7207,83,1780455299.561,AUDUSD_otc
71,2026-06-03 02:55:00,0.72076,0.7208,0.72106,0.72076,87,1780455359.64,AUDUSD_otc
71,2026-06-03 02:56:00,0.72079,0.72087,0.72104,0.7207,79,1780455417.255,AUDUSD_otc
71,2026-06-03 02:57:00,0.72078,0.72115,0.72118,0.72076,83,1780455479.843,AUDUSD_otc
71,2026-06-03 02:58:00,0.72115,0.72143,0.72146,0.72084,87,1780455539.935,AUDUSD_otc
71,2026-06-03 02:59:00,0.72143,0.72159,0.72174,0.72141,73,1780455599.05,AUDUSD_otc
71,2026-06-03 03:00:00,0.72161,0.72172,0.72181,0.72158,88,1780455659.659,AUDUSD_otc
71,2026-06-03 03:01:00,0.72167,0.72157,0.72168,0.72128,76,1780455719.755,AUDUSD_otc
71,2026-06-03 03:02:00,0.72157,0.72125,0.72158,0.72123,84,1780455779.854,AUDUSD_otc
71,2026-06-03 03:03:00,0.72128,0.72098,0.7214,0.72098,93,1780455839.905,AUDUSD_otc
71,2026-06-03 03:04:00,0.72096,0.72088,0.72102,0.72079,77,1780455899.989,AUDUSD_otc
71,2026-06-03 03:05:00,0.72088,0.72101,0.72103,0.72073,75,1780455959.073,AUDUSD_otc
71,2026-06-03 03:06:00,0.72101,0.72109,0.7213,0.72093,79,1780456019.627,AUDUSD_otc
71,2026-06-03 03:07:00,0.72109,0.72111,0.7212,0.72098,69,1780456079.714,AUDUSD_otc
71,2026-06-03 03:08:00,0.72112,0.72094,0.72112,0.72076,81,1780456139.822,AUDUSD_otc
71,2026-06-03 03:09:00,0.72094,0.72129,0.72136,0.72093,82,1780456199.9,AUDUSD_otc
71,2026-06-03 03:10:00,0.72129,0.7211,0.72139,0.72102,81,1780456259.521,AUDUSD_otc
71,2026-06-03 03:11:00,0.72108,0.72077,0.72112,0.72075,76,1780456319.645,AUDUSD_otc
71,2026-06-03 03:12:00,0.72079,0.7213,0.72139,0.72079,85,1780456379.737,AUDUSD_otc
71,2026-06-03 03:13:00,0.7213,0.72135,0.7214,0.72108,76,1780456439.834,AUDUSD_otc
71,2026-06-03 03:14:00,0.72135,0.72136,0.72153,0.72122,89,1780456499.392,AUDUSD_otc
71,2026-06-03 03:15:00,0.72135,0.72135,0.72141,0.72125,81,1780456559.018,AUDUSD_otc
71,2026-06-03 03:16:00,0.72134,0.7213,0.72144,0.72112,84,1780456619.584,AUDUSD_otc
71,2026-06-03 03:17:00,0.72128,0.72146,0.72173,0.72128,77,1780456679.666,AUDUSD_otc
71,2026-06-03 03:18:00,0.72147,0.72132,0.72162,0.72131,84,1780456739.28,AUDUSD_otc
71,2026-06-03 03:19:00,0.72132,0.72133,0.72148,0.72123,73,1780456799.404,AUDUSD_otc
71,2026-06-03 03:20:00,0.72133,0.72103,0.72139,0.72086,76,1780456859.519,AUDUSD_otc
71,2026-06-03 03:21:00,0.72103,0.72099,0.7213,0.72099,77,1780456919.635,AUDUSD_otc
71,2026-06-03 03:22:00,0.72099,0.72077,0.72102,0.72055,82,1780456979.702,AUDUSD_otc
71,2026-06-03 03:23:00,0.72077,0.72137,0.72151,0.72062,85,1780457039.776,AUDUSD_otc
71,2026-06-03 03:24:00,0.72137,0.72127,0.72143,0.72109,77,1780457099.884,AUDUSD_otc
71,2026-06-03 03:25:00,0.72127,0.72132,0.72134,0.72114,86,1780457159.47,AUDUSD_otc
71,2026-06-03 03:26:00,0.72132,0.72143,0.72144,0.72117,86,1780457219.582,AUDUSD_otc
71,2026-06-03 03:27:00,0.72145,0.72131,0.72157,0.7213,79,1780457279.661,AUDUSD_otc
71,2026-06-03 03:28:00,0.72131,0.72131,0.72134,0.721,69,1780457339.767,AUDUSD_otc
71,2026-06-03 03:29:00,0.72129,0.72092,0.72129,0.72085,68,1780457399.88,AUDUSD_otc
71,2026-06-03 03:30:00,0.72092,0.72135,0.72148,0.72089,82,1780457459.96,AUDUSD_otc
71,2026-06-03 03:31:00,0.72135,0.72146,0.72146,0.72105,81,1780457519.527,AUDUSD_otc
71,2026-06-03 03:32:00,0.72145,0.72183,0.72183,0.72145,84,1780457579.605,AUDUSD_otc
71,2026-06-03 03:33:00,0.72186,0.7221,0.7221,0.72176,83,1780457639.672,AUDUSD_otc
71,2026-06-03 03:34:00,0.72212,0.72161,0.72212,0.72155,76,1780457699.251,AUDUSD_otc
71,2026-06-03 03:35:00,0.72161,0.72156,0.72183,0.7214,78,1780457759.835,AUDUSD_otc
71,2026-06-03 03:36:00,0.72158,0.7213,0.72158,0.72125,84,1780457819.924,AUDUSD_otc
71,2026-06-03 03:37:00,0.7213,0.72147,0.72152,0.7213,79,1780457878.533,AUDUSD_otc
71,2026-06-03 03:38:00,0.72152,0.7215,0.72152,0.72132,75,1780457939.138,AUDUSD_otc
71,2026-06-03 03:39:00,0.7215,0.72152,0.72158,0.72125,78,1780457999.254,AUDUSD_otc
71,2026-06-03 03:40:00,0.72152,0.72164,0.72164,0.7214,89,1780458059.37,AUDUSD_otc
71,2026-06-03 03:41:00,0.72164,0.72169,0.72171,0.72157,69,1780458119.911,AUDUSD_otc
71,2026-06-03 03:42:00,0.72169,0.72165,0.72179,0.72162,85,1780458179.51,AUDUSD_otc
71,2026-06-03 03:43:00,0.72165,0.72196,0.72199,0.72162,85,1780458239.576,AUDUSD_otc
71,2026-06-03 03:44:00,0.72196,0.72208,0.72211,0.72167,84,1780458299.145,AUDUSD_otc
71,2026-06-03 03:45:00,0.72208,0.72198,0.7221,0.72183,74,1780458359.265,AUDUSD_otc
71,2026-06-03 03:46:00,0.72198,0.7219,0.72198,0.72174,78,1780458419.859,AUDUSD_otc
71,2026-06-03 03:47:00,0.7219,0.72157,0.7219,0.72136,80,1780458479.963,AUDUSD_otc
71,2026-06-03 03:48:00,0.72157,0.72189,0.72198,0.72157,79,1780458539.087,AUDUSD_otc
71,2026-06-03 03:49:00,0.72187,0.72178,0.722,0.72167,77,1780458597.707,AUDUSD_otc
71,2026-06-03 03:50:00,0.72176,0.72184,0.722,0.72176,75,1780458659.813,AUDUSD_otc
71,2026-06-03 03:51:00,0.72183,0.72176,0.72194,0.7217,76,1780458718.888,AUDUSD_otc
71,2026-06-03 03:52:00,0.72177,0.72142,0.72177,0.72139,84,1780458778.967,AUDUSD_otc
71,2026-06-03 03:53:00,0.72142,0.72135,0.72142,0.72116,85,1780458839.586,AUDUSD_otc
71,2026-06-03 03:54:00,0.72135,0.72157,0.72161,0.72123,85,1780458899.699,AUDUSD_otc
71,2026-06-03 03:55:00,0.72157,0.72198,0.72198,0.72154,81,1780458959.307,AUDUSD_otc
71,2026-06-03 03:56:00,0.722,0.72227,0.72227,0.72189,78,1780459019.925,AUDUSD_otc
71,2026-06-03 03:57:00,0.72227,0.72217,0.72233,0.72195,79,1780459079.492,AUDUSD_otc
71,2026-06-03 03:58:00,0.72217,0.72215,0.72218,0.72189,82,1780459139.566,AUDUSD_otc
71,2026-06-03 03:59:00,0.72211,0.7221,0.72225,0.72205,82,1780459199.66,AUDUSD_otc
71,2026-06-03 04:00:00,0.72207,0.72209,0.72233,0.72198,78,1780459259.239,AUDUSD_otc
71,2026-06-03 04:01:00,0.72209,0.72182,0.7221,0.72169,88,1780459319.831,AUDUSD_otc
71,2026-06-03 04:02:00,0.72182,0.72206,0.72215,0.72182,82,1780459379.902,AUDUSD_otc
71,2026-06-03 04:03:00,0.72206,0.72206,0.72217,0.7219,73,1780459436.479,AUDUSD_otc
71,2026-06-03 04:04:00,0.72206,0.72222,0.72233,0.72201,82,1780459499.603,AUDUSD_otc
71,2026-06-03 04:05:00,0.72222,0.72242,0.72249,0.72216,79,1780459559.195,AUDUSD_otc
71,2026-06-03 04:06:00,0.72242,0.72229,0.72253,0.72229,87,1780459619.825,AUDUSD_otc
71,2026-06-03 04:07:00,0.72229,0.72269,0.7227,0.72228,84,1780459679.908,AUDUSD_otc
71,2026-06-03 04:08:00,0.72271,0.72249,0.72302,0.72249,86,1780459739.974,AUDUSD_otc
71,2026-06-03 04:09:00,0.72259,0.72273,0.72282,0.72253,76,1780459799.556,AUDUSD_otc
71,2026-06-03 04:10:00,0.72276,0.72257,0.72277,0.72254,86,1780459859.628,AUDUSD_otc
71,2026-06-03 04:11:00,0.72258,0.72265,0.72289,0.72247,90,1780459919.696,AUDUSD_otc
71,2026-06-03 04:12:00,0.72256,0.72204,0.72259,0.72183,91,1780459979.789,AUDUSD_otc
71,2026-06-03 04:13:00,0.72204,0.72182,0.72213,0.72182,81,1780460039.878,AUDUSD_otc
71,2026-06-03 04:14:00,0.72182,0.72158,0.72182,0.72151,82,1780460099.455,AUDUSD_otc
71,2026-06-03 04:15:00,0.72158,0.72116,0.72175,0.72112,72,1780460159.569,AUDUSD_otc
71,2026-06-03 04:16:00,0.72115,0.72108,0.72132,0.72097,70,1780460219.661,AUDUSD_otc
71,2026-06-03 04:17:00,0.72107,0.72145,0.72145,0.72102,75,1780460279.803,AUDUSD_otc
71,2026-06-03 04:18:00,0.72145,0.72147,0.72164,0.72138,80,1780460339.912,AUDUSD_otc
71,2026-06-03 04:19:00,0.72147,0.72112,0.72162,0.72111,79,1780460399.972,AUDUSD_otc
71,2026-06-03 04:20:00,0.72112,0.72097,0.72117,0.72094,82,1780460459.05,AUDUSD_otc
71,2026-06-03 04:21:00,0.72099,0.7211,0.72116,0.72086,79,1780460519.649,AUDUSD_otc
71,2026-06-03 04:22:00,0.7211,0.72092,0.7211,0.72092,81,1780460579.242,AUDUSD_otc
71,2026-06-03 04:23:00,0.72093,0.72106,0.72115,0.72093,68,1780460639.81,AUDUSD_otc
71,2026-06-03 04:24:00,0.72104,0.72075,0.72113,0.72057,80,1780460699.896,AUDUSD_otc
71,2026-06-03 04:25:00,0.72075,0.72117,0.72119,0.72075,73,1780460758.971,AUDUSD_otc
71,2026-06-03 04:26:00,0.72117,0.72151,0.72153,0.72114,75,1780460819.587,AUDUSD_otc
71,2026-06-03 04:27:00,0.72148,0.72142,0.72152,0.72136,72,1780460879.671,AUDUSD_otc
71,2026-06-03 04:28:00,0.72142,0.72086,0.72143,0.72083,78,1780460939.805,AUDUSD_otc
71,2026-06-03 04:29:00,0.72071,0.721,0.72102,0.72061,80,1780460999.4,AUDUSD_otc
71,2026-06-03 04:30:00,0.72099,0.72097,0.72104,0.72071,94,1780461058.965,AUDUSD_otc
71,2026-06-03 04:31:00,0.72095,0.72098,0.72101,0.72069,77,1780461119.556,AUDUSD_otc
71,2026-06-03 04:32:00,0.72098,0.72073,0.72098,0.72073,84,1780461179.629,AUDUSD_otc
71,2026-06-03 04:33:00,0.72073,0.72078,0.72082,0.72053,83,1780461239.201,AUDUSD_otc
71,2026-06-03 04:34:00,0.72078,0.72025,0.72096,0.72022,77,1780461299.817,AUDUSD_otc
71,2026-06-03 04:35:00,0.72025,0.72011,0.72039,0.72006,84,1780461359.909,AUDUSD_otc
71,2026-06-03 04:36:00,0.72011,0.71998,0.72028,0.71998,82,1780461419.004,AUDUSD_otc
71,2026-06-03 04:37:00,0.71998,0.71954,0.72009,0.71953,84,1780461477.111,AUDUSD_otc
71,2026-06-03 04:38:00,0.71954,0.71949,0.7196,0.71935,81,1780461539.712,AUDUSD_otc
71,2026-06-03 04:39:00,0.7195,0.71968,0.7197,0.71938,73,1780461599.781,AUDUSD_otc
71,2026-06-03 04:40:00,0.7197,0.71942,0.7197,0.71938,84,1780461659.382,AUDUSD_otc
71,2026-06-03 04:41:00,0.71942,0.71981,0.71984,0.71942,79,1780461719.932,AUDUSD_otc
71,2026-06-03 04:42:00,0.71986,0.71974,0.71991,0.71972,77,1780461779.504,AUDUSD_otc
71,2026-06-03 04:43:00,0.71975,0.71947,0.71978,0.71946,76,1780461839.583,AUDUSD_otc
71,2026-06-03 04:44:00,0.71947,0.71942,0.71963,0.71942,75,1780461898.647,AUDUSD_otc
71,2026-06-03 04:45:00,0.71942,0.71989,0.7199,0.71937,77,1780461959.749,AUDUSD_otc
71,2026-06-03 04:46:00,0.71989,0.71982,0.7199,0.71968,77,1780462019.825,AUDUSD_otc
71,2026-06-03 04:47:00,0.71982,0.71993,0.72004,0.7198,84,1780462079.925,AUDUSD_otc
71,2026-06-03 04:48:00,0.71994,0.7195,0.71996,0.71945,72,1780462139.559,AUDUSD_otc
71,2026-06-03 04:49:00,0.71955,0.71979,0.71995,0.71946,84,1780462199.655,AUDUSD_otc
71,2026-06-03 04:50:00,0.71979,0.72018,0.72026,0.71976,74,1780462258.285,AUDUSD_otc
71,2026-06-03 04:51:00,0.72018,0.72023,0.72027,0.72009,83,1780462319.871,AUDUSD_otc
71,2026-06-03 04:52:00,0.72023,0.72033,0.72035,0.72005,76,1780462379.933,AUDUSD_otc
71,2026-06-03 04:53:00,0.72033,0.71995,0.72037,0.71992,79,1780462439.54,AUDUSD_otc
71,2026-06-03 04:54:00,0.71995,0.72025,0.72032,0.71991,79,1780462499.616,AUDUSD_otc
71,2026-06-03 04:55:00,0.72026,0.72022,0.72039,0.7201,82,1780462559.706,AUDUSD_otc
71,2026-06-03 04:56:00,0.72016,0.71994,0.72032,0.7199,84,1780462619.802,AUDUSD_otc
71,2026-06-03 04:57:00,0.71994,0.72028,0.72029,0.71994,70,1780462679.897,AUDUSD_otc
71,2026-06-03 04:58:00,0.72028,0.72064,0.72065,0.72021,90,1780462739.007,AUDUSD_otc
71,2026-06-03 04:59:00,0.72061,0.72047,0.72061,0.72034,85,1780462799.132,AUDUSD_otc
71,2026-06-03 05:00:00,0.72044,0.72075,0.72075,0.72035,89,1780462859.749,AUDUSD_otc
71,2026-06-03 05:01:00,0.72073,0.72132,0.72132,0.72073,91,1780462919.82,AUDUSD_otc
71,2026-06-03 05:02:00,0.72132,0.72178,0.72181,0.7213,87,1780462979.896,AUDUSD_otc
71,2026-06-03 05:03:00,0.72179,0.72178,0.72192,0.7217,90,1780463039.968,AUDUSD_otc
71,2026-06-03 05:04:00,0.72181,0.72203,0.72203,0.72176,79,1780463099.554,AUDUSD_otc
71,2026-06-03 05:05:00,0.72192,0.72174,0.722,0.72163,82,1780463159.616,AUDUSD_otc
71,2026-06-03 05:06:00,0.72173,0.72157,0.72194,0.72155,79,1780463218.697,AUDUSD_otc
71,2026-06-03 05:07:00,0.72157,0.72148,0.72166,0.72141,75,1780463279.803,AUDUSD_otc
71,2026-06-03 05:08:00,0.72148,0.72167,0.72181,0.72141,73,1780463339.909,AUDUSD_otc
71,2026-06-03 05:09:00,0.72167,0.7216,0.722,0.72159,87,1780463399.514,AUDUSD_otc
71,2026-06-03 05:10:00,0.7216,0.72153,0.7216,0.72138,86,1780463459.617,AUDUSD_otc
71,2026-06-03 05:11:00,0.72153,0.7212,0.72157,0.72114,75,1780463518.206,AUDUSD_otc
71,2026-06-03 05:12:00,0.72118,0.72098,0.72124,0.72092,80,1780463579.788,AUDUSD_otc
71,2026-06-03 05:13:00,0.72098,0.7206,0.72105,0.72057,86,1780463639.367,AUDUSD_otc
71,2026-06-03 05:14:00,0.7206,0.72115,0.72115,0.72058,77,1780463699.925,AUDUSD_otc
71,2026-06-03 05:15:00,0.72115,0.72144,0.72146,0.7211,68,1780463759.55,AUDUSD_otc
71,2026-06-03 05:16:00,0.72144,0.72195,0.72196,0.7214,77,1780463818.115,AUDUSD_otc
71,2026-06-03 05:17:00,0.72198,0.72214,0.72221,0.72193,79,1780463879.2,AUDUSD_otc
71,2026-06-03 05:18:00,0.72214,0.72208,0.72218,0.72194,82,1780463939.843,AUDUSD_otc
71,2026-06-03 05:19:00,0.72208,0.72223,0.72233,0.72207,72,1780463999.446,AUDUSD_otc
71,2026-06-03 05:20:00,0.72223,0.72248,0.72249,0.72209,81,1780464059.565,AUDUSD_otc
71,2026-06-03 05:21:00,0.72253,0.72257,0.72271,0.72243,86,1780464119.67,AUDUSD_otc
71,2026-06-03 05:22:00,0.72259,0.72252,0.72268,0.72248,78,1780464179.719,AUDUSD_otc
71,2026-06-03 05:23:00,0.72252,0.722,0.72258,0.72191,76,1780464239.837,AUDUSD_otc
71,2026-06-03 05:24:00,0.722,0.7219,0.72205,0.72177,84,1780464298.906,AUDUSD_otc
71,2026-06-03 05:25:00,0.7219,0.72153,0.72192,0.72149,84,1780464359.504,AUDUSD_otc
71,2026-06-03 05:26:00,0.72153,0.72149,0.7217,0.7214,84,1780464419.122,AUDUSD_otc
71,2026-06-03 05:27:00,0.72153,0.72174,0.72174,0.72146,87,1780464479.224,AUDUSD_otc
71,2026-06-03 05:28:00,0.72174,0.7217,0.72176,0.72154,74,1780464538.845,AUDUSD_otc
71,2026-06-03 05:29:00,0.7217,0.7217,0.7219,0.72161,82,1780464599.944,AUDUSD_otc
71,2026-06-03 05:30:00,0.7217,0.72149,0.72173,0.72142,72,1780464659.0,AUDUSD_otc
71,2026-06-03 05:31:00,0.72149,0.72171,0.72171,0.72138,73,1780464719.564,AUDUSD_otc
71,2026-06-03 05:32:00,0.72169,0.72147,0.72175,0.72131,79,1780464779.627,AUDUSD_otc
71,2026-06-03 05:33:00,0.72147,0.72132,0.72151,0.72112,84,1780464839.676,AUDUSD_otc
71,2026-06-03 05:34:00,0.72132,0.72183,0.72195,0.72131,69,1780464899.749,AUDUSD_otc
71,2026-06-03 05:35:00,0.72185,0.72184,0.72201,0.72171,84,1780464959.834,AUDUSD_otc
71,2026-06-03 05:36:00,0.72183,0.72277,0.72278,0.72183,79,1780465019.92,AUDUSD_otc
71,2026-06-03 05:37:00,0.72277,0.72303,0.72304,0.72268,80,1780465079.026,AUDUSD_otc
71,2026-06-03 05:38:00,0.72305,0.7227,0.72323,0.72269,88,1780465139.6,AUDUSD_otc
71,2026-06-03 05:39:00,0.72271,0.72234,0.72284,0.72227,79,1780465199.184,AUDUSD_otc
71,2026-06-03 05:40:00,0.72234,0.72272,0.72277,0.7223,79,1780465259.806,AUDUSD_otc
71,2026-06-03 05:41:00,0.72272,0.7227,0.72284,0.72256,77,1780465319.897,AUDUSD_otc
71,2026-06-03 05:42:00,0.7227,0.72295,0.72301,0.72254,78,1780465379.513,AUDUSD_otc
71,2026-06-03 05:43:00,0.72293,0.72266,0.72297,0.72247,94,1780465439.618,AUDUSD_otc
71,2026-06-03 05:44:00,0.72266,0.7227,0.72283,0.72262,76,1780465499.682,AUDUSD_otc
71,2026-06-03 05:45:00,0.72271,0.72303,0.72311,0.7227,77,1780465559.282,AUDUSD_otc
71,2026-06-03 05:46:00,0.72297,0.72238,0.72297,0.72234,78,1780465619.369,AUDUSD_otc
71,2026-06-03 05:47:00,0.72238,0.72287,0.72293,0.72238,83,1780465679.955,AUDUSD_otc
71,2026-06-03 05:48:00,0.72287,0.72305,0.72306,0.72274,79,1780465739.573,AUDUSD_otc
71,2026-06-03 05:49:00,0.72305,0.72323,0.72333,0.72304,83,1780465799.672,AUDUSD_otc
71,2026-06-03 05:50:00,0.72323,0.72364,0.72364,0.72309,76,1780465859.798,AUDUSD_otc
71,2026-06-03 05:51:00,0.72368,0.72362,0.72392,0.72362,80,1780465919.913,AUDUSD_otc
71,2026-06-03 05:52:00,0.72362,0.72361,0.72371,0.72353,85,1780465979.966,AUDUSD_otc
71,2026-06-03 05:53:00,0.7236,0.72369,0.72371,0.72335,80,1780466039.574,AUDUSD_otc
71,2026-06-03 05:54:00,0.72368,0.72384,0.7239,0.7236,75,1780466099.647,AUDUSD_otc
71,2026-06-03 05:55:00,0.72384,0.7239,0.72393,0.72369,74,1780466159.722,AUDUSD_otc
71,2026-06-03 05:56:00,0.72388,0.72381,0.72395,0.72373,76,1780466219.328,AUDUSD_otc
71,2026-06-03 05:57:00,0.72381,0.72397,0.72411,0.7238,80,1780466279.904,AUDUSD_otc
71,2026-06-03 05:58:00,0.72397,0.72379,0.72405,0.72377,82,1780466339.494,AUDUSD_otc
71,2026-06-03 05:59:00,0.72379,0.72354,0.72391,0.7235,80,1780466398.12,AUDUSD_otc
71,2026-06-03 06:00:00,0.72354,0.72392,0.72392,0.72353,81,1780466459.727,AUDUSD_otc
71,2026-06-03 06:01:00,0.72392,0.72387,0.72393,0.72367,72,1780466519.329,AUDUSD_otc
71,2026-06-03 06:02:00,0.72387,0.72406,0.72414,0.72383,77,1780466579.928,AUDUSD_otc
71,2026-06-03 06:03:00,0.72406,0.72382,0.72425,0.72382,73,1780466639.981,AUDUSD_otc
71,2026-06-03 06:04:00,0.72382,0.72347,0.72388,0.72347,80,1780466699.608,AUDUSD_otc
71,2026-06-03 06:05:00,0.72346,0.72336,0.72359,0.72315,80,1780466759.687,AUDUSD_otc
71,2026-06-03 06:06:00,0.72336,0.72318,0.72336,0.72306,78,1780466819.768,AUDUSD_otc
71,2026-06-03 06:07:00,0.72318,0.72261,0.72327,0.72258,81,1780466879.894,AUDUSD_otc
71,2026-06-03 06:08:00,0.72259,0.72189,0.72265,0.72184,90,1780466939.981,AUDUSD_otc
71,2026-06-03 06:09:00,0.72189,0.72204,0.72204,0.72171,83,1780466999.604,AUDUSD_otc
71,2026-06-03 06:10:00,0.72204,0.7219,0.72208,0.7219,75,1780467059.219,AUDUSD_otc
71,2026-06-03 06:11:00,0.7219,0.7217,0.72209,0.7217,80,1780467119.278,AUDUSD_otc
71,2026-06-03 06:12:00,0.7217,0.72174,0.722,0.72168,77,1780467179.392,AUDUSD_otc
71,2026-06-03 06:13:00,0.72176,0.72193,0.72204,0.7217,81,1780467238.978,AUDUSD_otc
71,2026-06-03 06:14:00,0.72193,0.72224,0.72232,0.7219,78,1780467299.048,AUDUSD_otc
71,2026-06-03 06:15:00,0.72224,0.72243,0.72247,0.72205,82,1780467359.654,AUDUSD_otc
71,2026-06-03 06:16:00,0.72243,0.72242,0.7225,0.7223,79,1780467419.225,AUDUSD_otc
71,2026-06-03 06:17:00,0.72242,0.72247,0.72261,0.72234,86,1780467479.809,AUDUSD_otc
71,2026-06-03 06:18:00,0.72247,0.72222,0.72256,0.7222,74,1780467539.934,AUDUSD_otc
71,2026-06-03 06:19:00,0.72222,0.72239,0.72243,0.72218,70,1780467599.533,AUDUSD_otc
71,2026-06-03 06:20:00,0.72239,0.72232,0.7226,0.72217,83,1780467659.661,AUDUSD_otc
71,2026-06-03 06:21:00,0.72232,0.72221,0.72232,0.72205,79,1780467719.756,AUDUSD_otc
71,2026-06-03 06:22:00,0.72222,0.72257,0.72257,0.72215,81,1780467779.817,AUDUSD_otc
71,2026-06-03 06:23:00,0.72259,0.72256,0.72263,0.72242,85,1780467838.897,AUDUSD_otc
71,2026-06-03 06:24:00,0.72256,0.72215,0.72259,0.72203,74,1780467899.983,AUDUSD_otc
71,2026-06-03 06:25:00,0.72215,0.72227,0.72241,0.72205,85,1780467958.566,AUDUSD_otc
71,2026-06-03 06:26:00,0.72227,0.72202,0.72232,0.722,72,1780468019.653,AUDUSD_otc
71,2026-06-03 06:27:00,0.72202,0.72226,0.72243,0.72199,80,1780468079.752,AUDUSD_otc
71,2026-06-03 06:28:00,0.72224,0.7224,0.72255,0.72222,76,1780468139.853,AUDUSD_otc
71,2026-06-03 06:29:00,0.7224,0.72222,0.72254,0.72222,82,1780468199.464,AUDUSD_otc
71,2026-06-03 06:30:00,0.72224,0.72244,0.72244,0.72221,81,1780468259.562,AUDUSD_otc
71,2026-06-03 06:31:00,0.72245,0.72241,0.72258,0.72236,80,1780468319.644,AUDUSD_otc
71,2026-06-03 06:32:00,0.72241,0.72239,0.72249,0.72227,79,1780468379.236,AUDUSD_otc
71,2026-06-03 06:33:00,0.72239,0.72209,0.72249,0.72202,83,1780468439.794,AUDUSD_otc
71,2026-06-03 06:34:00,0.72209,0.72205,0.7222,0.72196,71,1780468499.417,AUDUSD_otc
71,2026-06-03 06:35:00,0.72205,0.72196,0.72224,0.72196,73,1780468559.495,AUDUSD_otc
71,2026-06-03 06:36:00,0.72201,0.72234,0.72234,0.72187,89,1780468619.563,AUDUSD_otc
71,2026-06-03 06:37:00,0.72231,0.72216,0.72244,0.7221,84,1780468679.188,AUDUSD_otc
71,2026-06-03 06:38:00,0.72216,0.72201,0.7222,0.72192,72,1780468738.8,AUDUSD_otc
71,2026-06-03 06:39:00,0.72202,0.72205,0.72215,0.7219,77,1780468799.389,AUDUSD_otc
71,2026-06-03 06:40:00,0.72205,0.72195,0.72228,0.72192,72,1780468859.99,AUDUSD_otc
71,2026-06-03 06:41:00,0.72195,0.72195,0.722,0.72171,78,1780468919.088,AUDUSD_otc
71,2026-06-03 06:42:00,0.72195,0.72176,0.72209,0.7217,83,1780468979.675,AUDUSD_otc
71,2026-06-03 06:43:00,0.72176,0.72235,0.72235,0.72162,75,1780469039.759,AUDUSD_otc
71,2026-06-03 06:44:00,0.7223,0.72204,0.72234,0.72194,87,1780469098.831,AUDUSD_otc
71,2026-06-03 06:45:00,0.72204,0.72198,0.72204,0.7218,75,1780469159.938,AUDUSD_otc
71,2026-06-03 06:46:00,0.72198,0.72168,0.72203,0.72168,78,1780469219.513,AUDUSD_otc
71,2026-06-03 06:47:00,0.72168,0.72185,0.72186,0.72159,84,1780469278.607,AUDUSD_otc
71,2026-06-03 06:48:00,0.72186,0.72224,0.72242,0.72184,81,1780469339.724,AUDUSD_otc
71,2026-06-03 06:49:00,0.72224,0.72218,0.7225,0.72213,86,1780469399.821,AUDUSD_otc
71,2026-06-03 06:50:00,0.72218,0.72242,0.7225,0.72213,74,1780469458.955,AUDUSD_otc
71,2026-06-03 06:51:00,0.72242,0.7223,0.72251,0.72222,78,1780469519.555,AUDUSD_otc
71,2026-06-03 06:52:00,0.7223,0.72191,0.7223,0.72191,78,1780469579.628,AUDUSD_otc
71,2026-06-03 06:53:00,0.72191,0.72256,0.72259,0.72188,90,1780469639.231,AUDUSD_otc
71,2026-06-03 06:54:00,0.72258,0.72276,0.72287,0.72256,83,1780469699.314,AUDUSD_otc
71,2026-06-03 06:55:00,0.72276,0.72244,0.72278,0.72235,83,1780469758.897,AUDUSD_otc
71,2026-06-03 06:56:00,0.72244,0.72271,0.72276,0.72234,83,1780469819.009,AUDUSD_otc
71,2026-06-03 06:57:00,0.72273,0.7226,0.72291,0.72258,83,1780469879.606,AUDUSD_otc
71,2026-06-03 06:58:00,0.7226,0.72223,0.72266,0.72222,74,1780469937.72,AUDUSD_otc
71,2026-06-03 06:59:00,0.72229,0.72227,0.72232,0.72213,79,1780469999.338,AUDUSD_otc
71,2026-06-03 07:00:00,0.72227,0.72234,0.72237,0.72221,74,1780470059.412,AUDUSD_otc
71,2026-06-03 07:01:00,0.72234,0.72256,0.72256,0.72224,65,1780470119.514,AUDUSD_otc
71,2026-06-03 07:02:00,0.72259,0.7229,0.72301,0.72253,77,1780470179.596,AUDUSD_otc
71,2026-06-03 07:03:00,0.72291,0.72335,0.72336,0.72286,78,1780470239.677,AUDUSD_otc
71,2026-06-03 07:04:00,0.72335,0.72318,0.72348,0.72301,78,1780470298.776,AUDUSD_otc
71,2026-06-03 07:05:00,0.7232,0.72312,0.72329,0.72306,80,1780470359.382,AUDUSD_otc
71,2026-06-03 07:06:00,0.72312,0.72327,0.72327,0.723,79,1780470419.503,AUDUSD_otc
71,2026-06-03 07:07:00,0.72325,0.7236,0.72371,0.7232,93,1780470479.612,AUDUSD_otc
71,2026-06-03 07:08:00,0.7236,0.72387,0.72393,0.7236,89,1780470539.707,AUDUSD_otc
71,2026-06-03 07:09:00,0.72387,0.72362,0.72387,0.72347,74,1780470598.807,AUDUSD_otc
71,2026-06-03 07:10:00,0.72362,0.72415,0.72425,0.7236,78,1780470659.906,AUDUSD_otc
71,2026-06-03 07:11:00,0.72415,0.72396,0.72429,0.72393,88,1780470718.991,AUDUSD_otc
71,2026-06-03 07:12:00,0.72396,0.72425,0.72432,0.72392,72,1780470778.08,AUDUSD_otc
71,2026-06-03 07:13:00,0.72424,0.7241,0.72437,0.72398,88,1780470839.17,AUDUSD_otc
71,2026-06-03 07:14:00,0.7241,0.72406,0.72416,0.72386,83,1780470899.786,AUDUSD_otc
71,2026-06-03 07:15:00,0.72409,0.72405,0.72415,0.72383,73,1780470959.397,AUDUSD_otc
71,2026-06-03 07:16:00,0.72405,0.72404,0.72426,0.72398,78,1780471019.515,AUDUSD_otc
71,2026-06-03 07:17:00,0.72402,0.72331,0.72402,0.72322,89,1780471079.586,AUDUSD_otc
71,2026-06-03 07:18:00,0.7233,0.72325,0.72351,0.72325,83,1780471139.663,AUDUSD_otc
71,2026-06-03 07:19:00,0.72323,0.72313,0.7233,0.72306,83,1780471199.742,AUDUSD_otc
71,2026-06-03 07:20:00,0.72311,0.72314,0.72335,0.72306,84,1780471259.815,AUDUSD_otc
71,2026-06-03 07:21:00,0.72314,0.72332,0.72336,0.72312,81,1780471317.895,AUDUSD_otc
71,2026-06-03 07:22:00,0.72331,0.72327,0.72344,0.72317,72,1780471379.463,AUDUSD_otc
71,2026-06-03 07:23:00,0.72327,0.72312,0.72329,0.72294,75,1780471439.577,AUDUSD_otc
71,2026-06-03 07:24:00,0.72312,0.72334,0.72334,0.72308,78,1780471498.692,AUDUSD_otc
71,2026-06-03 07:25:00,0.72334,0.72339,0.7234,0.72316,88,1780471559.295,AUDUSD_otc
71,2026-06-03 07:26:00,0.72339,0.7232,0.72357,0.72306,79,1780471619.904,AUDUSD_otc
71,2026-06-03 07:27:00,0.7232,0.72343,0.72356,0.72311,79,1780471679.006,AUDUSD_otc
71,2026-06-03 07:28:00,0.72341,0.72354,0.72375,0.72341,87,1780471739.595,AUDUSD_otc
71,2026-06-03 07:29:00,0.72354,0.72344,0.72354,0.72322,86,1780471799.684,AUDUSD_otc
71,2026-06-03 07:30:00,0.72344,0.72346,0.72355,0.72328,81,1780471859.24,AUDUSD_otc
71,2026-06-03 07:31:00,0.72346,0.72325,0.72352,0.72317,81,1780471919.846,AUDUSD_otc
71,2026-06-03 07:32:00,0.7232,0.72315,0.72332,0.72304,81,1780471979.425,AUDUSD_otc
71,2026-06-03 07:33:00,0.72313,0.7234,0.7234,0.72299,72,1780472039.036,AUDUSD_otc
71,2026-06-03 07:34:00,0.72342,0.72325,0.72342,0.72323,78,1780472099.664,AUDUSD_otc
71,2026-06-03 07:35:00,0.72324,0.72321,0.72351,0.7231,79,1780472159.28,AUDUSD_otc
71,2026-06-03 07:36:00,0.72323,0.72325,0.72346,0.72322,85,1780472219.885,AUDUSD_otc
71,2026-06-03 07:37:00,0.72325,0.72331,0.72338,0.72324,77,1780472279.977,AUDUSD_otc
71,2026-06-03 07:38:00,0.72327,0.72364,0.72367,0.72324,73,1780472339.542,AUDUSD_otc
71,2026-06-03 07:39:00,0.72366,0.72405,0.72406,0.7236,75,1780472399.621,AUDUSD_otc
71,2026-06-03 07:40:00,0.72405,0.7242,0.72425,0.72393,78,1780472459.724,AUDUSD_otc
71,2026-06-03 07:41:00,0.7242,0.72419,0.7243,0.72401,75,1780472519.797,AUDUSD_otc
71,2026-06-03 07:42:00,0.72419,0.72406,0.72424,0.72392,75,1780472579.887,AUDUSD_otc
71,2026-06-03 07:43:00,0.72406,0.72421,0.72421,0.72388,79,1780472639.994,AUDUSD_otc
71,2026-06-03 07:44:00,0.72421,0.7243,0.72442,0.72417,74,1780472699.113,AUDUSD_otc
71,2026-06-03 07:45:00,0.7243,0.72411,0.7243,0.72393,83,1780472759.728,AUDUSD_otc
71,2026-06-03 07:46:00,0.72415,0.72431,0.72443,0.7241,79,1780472819.351,AUDUSD_otc
71,2026-06-03 07:47:00,0.72431,0.72449,0.72457,0.72413,75,1780472879.907,AUDUSD_otc
71,2026-06-03 07:48:00,0.72449,0.72456,0.72463,0.72437,81,1780472939.488,AUDUSD_otc
71,2026-06-03 07:49:00,0.72456,0.72466,0.7247,0.72446,78,1780472999.555,AUDUSD_otc
71,2026-06-03 07:50:00,0.7247,0.7251,0.72526,0.7247,81,1780473059.623,AUDUSD_otc
71,2026-06-03 07:51:00,0.72512,0.72525,0.72528,0.72502,83,1780473119.744,AUDUSD_otc
71,2026-06-03 07:52:00,0.72524,0.72532,0.72547,0.7251,76,1780473179.821,AUDUSD_otc
71,2026-06-03 07:53:00,0.72532,0.72527,0.72535,0.72518,84,1780473239.916,AUDUSD_otc
71,2026-06-03 07:54:00,0.72531,0.72463,0.72532,0.7246,84,1780473299.542,AUDUSD_otc
71,2026-06-03 07:55:00,0.72464,0.72456,0.72471,0.7245,82,1780473359.657,AUDUSD_otc
71,2026-06-03 07:56:00,0.72456,0.72434,0.7246,0.72429,85,1780473419.265,AUDUSD_otc
71,2026-06-03 07:57:00,0.72434,0.72428,0.72451,0.72418,81,1780473479.877,AUDUSD_otc
71,2026-06-03 07:58:00,0.72428,0.72445,0.72446,0.72417,84,1780473539.944,AUDUSD_otc
71,2026-06-03 07:59:00,0.72445,0.72492,0.72494,0.72439,88,1780473599.548,AUDUSD_otc
71,2026-06-03 08:00:00,0.7249,0.72499,0.72516,0.72481,76,1780473659.109,AUDUSD_otc
71,2026-06-03 08:01:00,0.725,0.72457,0.72503,0.7245,73,1780473718.199,AUDUSD_otc
71,2026-06-03 08:02:00,0.72457,0.72468,0.72489,0.72453,85,1780473779.828,AUDUSD_otc
71,2026-06-03 08:03:00,0.72463,0.72493,0.72495,0.72459,80,1780473839.436,AUDUSD_otc
71,2026-06-03 08:04:00,0.72493,0.72493,0.72513,0.72481,85,1780473899.555,AUDUSD_otc
71,2026-06-03 08:05:00,0.72492,0.72526,0.72526,0.72485,83,1780473959.662,AUDUSD_otc
71,2026-06-03 08:06:00,0.72529,0.72485,0.72529,0.72483,83,1780474019.239,AUDUSD_otc
71,2026-06-03 08:07:00,0.72485,0.72502,0.7251,0.7247,75,1780474079.848,AUDUSD_otc
71,2026-06-03 08:08:00,0.72502,0.72471,0.72505,0.72471,80,1780474139.949,AUDUSD_otc
71,2026-06-03 08:09:00,0.72471,0.72455,0.72479,0.72455,80,1780474199.508,AUDUSD_otc
71,2026-06-03 08:10:00,0.72455,0.72456,0.7247,0.72448,74,1780474259.598,AUDUSD_otc
71,2026-06-03 08:11:00,0.72454,0.7247,0.72474,0.72451,82,1780474319.707,AUDUSD_otc
71,2026-06-03 08:12:00,0.72471,0.72417,0.7248,0.72412,83,1780474379.82,AUDUSD_otc
71,2026-06-03 08:13:00,0.72417,0.72426,0.72426,0.72397,75,1780474439.939,AUDUSD_otc
71,2026-06-03 08:14:00,0.72426,0.72389,0.72426,0.72387,78,1780474499.493,AUDUSD_otc
71,2026-06-03 08:15:00,0.72389,0.72372,0.72406,0.72365,80,1780474559.58,AUDUSD_otc
71,2026-06-03 08:16:00,0.72372,0.72388,0.72388,0.72371,82,1780474619.641,AUDUSD_otc
71,2026-06-03 08:17:00,0.72388,0.72366,0.72394,0.72358,82,1780474678.709,AUDUSD_otc
71,2026-06-03 08:18:00,0.72367,0.72358,0.72375,0.72358,80,1780474739.297,AUDUSD_otc
71,2026-06-03 08:19:00,0.72358,0.72343,0.72374,0.72335,74,1780474799.87,AUDUSD_otc
71,2026-06-03 08:20:00,0.72343,0.72348,0.72363,0.72339,76,1780474859.943,AUDUSD_otc
71,2026-06-03 08:21:00,0.72348,0.72366,0.72385,0.72345,79,1780474919.575,AUDUSD_otc
71,2026-06-03 08:22:00,0.72366,0.72321,0.72366,0.72319,78,1780474979.645,AUDUSD_otc
71,2026-06-03 08:23:00,0.72323,0.72317,0.72327,0.72301,79,1780475039.772,AUDUSD_otc
71,2026-06-03 08:24:00,0.72317,0.72295,0.72317,0.72289,79,1780475099.886,AUDUSD_otc
71,2026-06-03 08:25:00,0.72297,0.72347,0.72347,0.72289,83,1780475158.999,AUDUSD_otc
71,2026-06-03 08:26:00,0.7235,0.72344,0.72355,0.72334,89,1780475219.614,AUDUSD_otc
71,2026-06-03 08:27:00,0.72348,0.72342,0.72353,0.72327,79,1780475279.683,AUDUSD_otc
71,2026-06-03 08:28:00,0.72342,0.72402,0.72402,0.72333,80,1780475339.762,AUDUSD_otc
71,2026-06-03 08:29:00,0.72402,0.72393,0.72419,0.72382,78,1780475399.379,AUDUSD_otc
71,2026-06-03 08:30:00,0.72393,0.72377,0.72417,0.72377,82,1780475459.998,AUDUSD_otc
71,2026-06-03 08:31:00,0.72376,0.72364,0.72389,0.72358,81,1780475519.627,AUDUSD_otc
71,2026-06-03 08:32:00,0.72364,0.72384,0.72392,0.72359,84,1780475579.727,AUDUSD_otc
71,2026-06-03 08:33:00,0.72384,0.72372,0.72401,0.72372,80,1780475639.297,AUDUSD_otc
71,2026-06-03 08:34:00,0.72372,0.72382,0.72391,0.72359,74,1780475698.382,AUDUSD_otc
71,2026-06-03 08:35:00,0.72382,0.72364,0.72405,0.72363,85,1780475759.957,AUDUSD_otc
71,2026-06-03 08:36:00,0.72364,0.72356,0.7239,0.72349,81,1780475819.532,AUDUSD_otc
71,2026-06-03 08:37:00,0.72358,0.72353,0.72358,0.72332,81,1780475879.633,AUDUSD_otc
71,2026-06-03 08:38:00,0.7235,0.72356,0.7238,0.72347,84,1780475939.7,AUDUSD_otc
71,2026-06-03 08:39:00,0.72355,0.72391,0.72391,0.72342,83,1780475999.284,AUDUSD_otc
71,2026-06-03 08:40:00,0.72391,0.72394,0.72398,0.72369,84,1780476059.913,AUDUSD_otc
71,2026-06-03 08:41:00,0.72389,0.72376,0.72413,0.72374,77,1780476119.524,AUDUSD_otc
71,2026-06-03 08:42:00,0.72376,0.7238,0.72383,0.72359,81,1780476179.646,AUDUSD_otc
71,2026-06-03 08:43:00,0.72379,0.72345,0.72396,0.72344,82,1780476239.755,AUDUSD_otc
71,2026-06-03 08:44:00,0.72345,0.72424,0.72424,0.72345,78,1780476299.318,AUDUSD_otc
71,2026-06-03 08:45:00,0.72422,0.72396,0.72422,0.72396,72,1780476358.918,AUDUSD_otc
71,2026-06-03 08:46:00,0.72396,0.72374,0.72413,0.72374,75,1780476419.001,AUDUSD_otc
71,2026-06-03 08:47:00,0.72374,0.72367,0.72391,0.72361,75,1780476478.066,AUDUSD_otc
71,2026-06-03 08:48:00,0.7237,0.72382,0.72401,0.72367,70,1780476539.687,AUDUSD_otc
71,2026-06-03 08:49:00,0.72382,0.72358,0.72392,0.72351,85,1780476599.784,AUDUSD_otc
71,2026-06-03 08:50:00,0.72358,0.72393,0.72393,0.72351,88,1780476659.884,AUDUSD_otc
71,2026-06-03 08:51:00,0.72393,0.72405,0.72408,0.72388,74,1780476718.5,AUDUSD_otc
71,2026-06-03 08:52:00,0.72405,0.72407,0.72415,0.72398,69,1780476779.1,AUDUSD_otc
71,2026-06-03 08:53:00,0.72407,0.72401,0.72409,0.72378,75,1780476839.197,AUDUSD_otc
71,2026-06-03 08:54:00,0.72401,0.72381,0.72403,0.72374,83,1780476898.775,AUDUSD_otc
71,2026-06-03 08:55:00,0.72373,0.72343,0.72373,0.72319,85,1780476959.864,AUDUSD_otc
71,2026-06-03 08:56:00,0.72343,0.72359,0.72363,0.72334,87,1780477019.948,AUDUSD_otc
71,2026-06-03 08:57:00,0.72359,0.72374,0.72375,0.72347,94,1780477079.525,AUDUSD_otc
71,2026-06-03 08:58:00,0.72372,0.72395,0.7241,0.7237,79,1780477139.615,AUDUSD_otc
71,2026-06-03 08:59:00,0.72402,0.72431,0.72455,0.72397,79,1780477199.743,AUDUSD_otc
71,2026-06-03 09:00:00,0.72422,0.72444,0.72456,0.72402,83,1780477259.844,AUDUSD_otc
71,2026-06-03 09:01:00,0.72446,0.72413,0.7245,0.72404,75,1780477319.951,AUDUSD_otc
71,2026-06-03 09:02:00,0.72413,0.7245,0.7246,0.72397,75,1780477379.555,AUDUSD_otc
71,2026-06-03 09:03:00,0.72452,0.7249,0.7249,0.72447,71,1780477439.107,AUDUSD_otc
71,2026-06-03 09:04:00,0.72491,0.72524,0.72527,0.72487,77,1780477499.718,AUDUSD_otc
71,2026-06-03 09:05:00,0.72524,0.72511,0.72535,0.72508,72,1780477559.305,AUDUSD_otc
71,2026-06-03 09:06:00,0.72511,0.72543,0.72545,0.72507,80,1780477618.854,AUDUSD_otc
71,2026-06-03 09:07:00,0.72543,0.72533,0.72565,0.72533,82,1780477679.963,AUDUSD_otc
71,2026-06-03 09:08:00,0.72533,0.7253,0.72545,0.72516,80,1780477739.542,AUDUSD_otc
71,2026-06-03 09:09:00,0.72533,0.72531,0.72562,0.72526,78,1780477799.144,AUDUSD_otc
71,2026-06-03 09:10:00,0.72531,0.7254,0.72546,0.72512,78,1780477859.273,AUDUSD_otc
71,2026-06-03 09:11:00,0.7254,0.72563,0.72572,0.72534,82,1780477919.885,AUDUSD_otc
71,2026-06-03 09:12:00,0.72563,0.72579,0.72586,0.72559,88,1780477979.97,AUDUSD_otc
71,2026-06-03 09:13:00,0.72579,0.72618,0.72625,0.72575,84,1780478039.565,AUDUSD_otc
71,2026-06-03 09:14:00,0.72617,0.726,0.72621,0.72596,82,1780478099.627,AUDUSD_otc
71,2026-06-03 09:15:00,0.726,0.72602,0.7261,0.72588,82,1780478159.73,AUDUSD_otc
71,2026-06-03 09:16:00,0.72602,0.72632,0.72633,0.72592,68,1780478219.806,AUDUSD_otc
71,2026-06-03 09:17:00,0.72631,0.72543,0.7264,0.72543,90,1780478279.355,AUDUSD_otc
71,2026-06-03 09:18:00,0.72543,0.72494,0.72545,0.72494,77,1780478339.973,AUDUSD_otc
71,2026-06-03 09:19:00,0.72494,0.72468,0.72494,0.72454,90,1780478399.554,AUDUSD_otc
71,2026-06-03 09:20:00,0.7247,0.72434,0.72471,0.72434,70,1780478459.166,AUDUSD_otc
71,2026-06-03 09:21:00,0.72434,0.72415,0.72434,0.72411,84,1780478519.797,AUDUSD_otc
71,2026-06-03 09:22:00,0.72415,0.72393,0.72422,0.72393,69,1780478579.907,AUDUSD_otc
71,2026-06-03 09:23:00,0.72393,0.72396,0.72406,0.72389,83,1780478639.499,AUDUSD_otc
71,2026-06-03 09:24:00,0.72398,0.72396,0.72411,0.72382,74,1780478698.585,AUDUSD_otc
71,2026-06-03 09:25:00,0.72395,0.72373,0.72397,0.72364,80,1780478759.666,AUDUSD_otc
71,2026-06-03 09:26:00,0.72373,0.72385,0.7239,0.72356,74,1780478819.761,AUDUSD_otc
71,2026-06-03 09:27:00,0.72385,0.72409,0.72423,0.72376,70,1780478879.863,AUDUSD_otc
71,2026-06-03 09:28:00,0.72409,0.72401,0.72423,0.72399,83,1780478939.961,AUDUSD_otc
71,2026-06-03 09:29:00,0.72401,0.72419,0.72429,0.7239,81,1780478999.09,AUDUSD_otc
71,2026-06-03 09:30:00,0.72419,0.72432,0.72436,0.7241,96,1780479059.694,AUDUSD_otc
71,2026-06-03 09:31:00,0.72432,0.72438,0.72458,0.72425,78,1780479119.774,AUDUSD_otc
71,2026-06-03 09:32:00,0.72438,0.72437,0.72441,0.72416,78,1780479179.883,AUDUSD_otc
71,2026-06-03 09:33:00,0.72437,0.72489,0.72489,0.72435,79,1780479239.936,AUDUSD_otc
71,2026-06-03 09:34:00,0.72487,0.72536,0.72537,0.72474,78,1780479299.538,AUDUSD_otc
71,2026-06-03 09:35:00,0.72533,0.72526,0.7255,0.72511,80,1780479359.107,AUDUSD_otc
71,2026-06-03 09:36:00,0.72526,0.72525,0.72539,0.72501,69,1780479419.69,AUDUSD_otc
71,2026-06-03 09:37:00,0.72525,0.72543,0.72561,0.72522,76,1780479479.791,AUDUSD_otc
71,2026-06-03 09:38:00,0.72543,0.72529,0.72558,0.72522,70,1780479539.879,AUDUSD_otc
71,2026-06-03 09:39:00,0.72526,0.72522,0.72527,0.72506,75,1780479599.989,AUDUSD_otc
71,2026-06-03 09:40:00,0.72523,0.72484,0.72523,0.72476,83,1780479658.592,AUDUSD_otc
71,2026-06-03 09:41:00,0.72484,0.72486,0.7251,0.72475,76,1780479719.705,AUDUSD_otc
71,2026-06-03 09:42:00,0.72486,0.72487,0.72498,0.72468,82,1780479779.77,AUDUSD_otc
71,2026-06-03 09:43:00,0.72487,0.725,0.72524,0.72487,74,1780479839.859,AUDUSD_otc
71,2026-06-03 09:44:00,0.725,0.7248,0.72502,0.72461,72,1780479899.94,AUDUSD_otc
71,2026-06-03 09:45:00,0.7248,0.72494,0.72511,0.72477,86,1780479959.55,AUDUSD_otc
71,2026-06-03 09:46:00,0.72494,0.72499,0.72516,0.72489,83,1780480019.625,AUDUSD_otc
71,2026-06-03 09:47:00,0.72499,0.72458,0.725,0.72451,82,1780480079.719,AUDUSD_otc
71,2026-06-03 09:48:00,0.7246,0.72461,0.72461,0.72413,82,1780480138.835,AUDUSD_otc
71,2026-06-03 09:49:00,0.72459,0.72422,0.72462,0.7242,75,1780480199.957,AUDUSD_otc
71,2026-06-03 09:50:00,0.72422,0.72391,0.72431,0.72388,84,1780480259.573,AUDUSD_otc
71,2026-06-03 09:51:00,0.72393,0.72364,0.72393,0.72354,84,1780480319.696,AUDUSD_otc
71,2026-06-03 09:52:00,0.72364,0.72348,0.72378,0.72346,83,1780480379.759,AUDUSD_otc
71,2026-06-03 09:53:00,0.72348,0.72337,0.72355,0.72324,72,1780480439.353,AUDUSD_otc
71,2026-06-03 09:54:00,0.72337,0.72363,0.72369,0.72334,84,1780480499.444,AUDUSD_otc
71,2026-06-03 09:55:00,0.72363,0.72351,0.72376,0.72343,77,1780480559.546,AUDUSD_otc
71,2026-06-03 09:56:00,0.72348,0.72341,0.7236,0.72324,83,1780480619.656,AUDUSD_otc
71,2026-06-03 09:57:00,0.72339,0.72326,0.72354,0.72318,82,1780480679.259,AUDUSD_otc
71,2026-06-03 09:58:00,0.72326,0.72311,0.72327,0.72294,91,1780480739.882,AUDUSD_otc
71,2026-06-03 09:59:00,0.72311,0.72291,0.72318,0.72287,75,1780480799.973,AUDUSD_otc
71,2026-06-03 10:00:00,0.72291,0.72291,0.72306,0.72279,82,1780480859.547,AUDUSD_otc
71,2026-06-03 10:01:00,0.72291,0.72292,0.72293,0.72272,76,1780480919.151,AUDUSD_otc
71,2026-06-03 10:02:00,0.72292,0.72279,0.72295,0.72277,79,1780480978.745,AUDUSD_otc
71,2026-06-03 10:03:00,0.72281,0.72287,0.72299,0.72274,80,1780481039.837,AUDUSD_otc
71,2026-06-03 10:04:00,0.72287,0.72297,0.72297,0.72272,84,1780481099.933,AUDUSD_otc
71,2026-06-03 10:05:00,0.72297,0.72279,0.72298,0.72279,76,1780481159.56,AUDUSD_otc
71,2026-06-03 10:06:00,0.72279,0.72286,0.72298,0.72264,81,1780481219.687,AUDUSD_otc
71,2026-06-03 10:07:00,0.7228,0.72278,0.72287,0.72265,73,1780481279.778,AUDUSD_otc
71,2026-06-03 10:08:00,0.72277,0.72262,0.72277,0.72238,70,1780481339.863,AUDUSD_otc
71,2026-06-03 10:09:00,0.72265,0.7227,0.72285,0.7226,75,1780481398.407,AUDUSD_otc
71,2026-06-03 10:10:00,0.7227,0.7231,0.72311,0.72262,87,1780481459.492,AUDUSD_otc
71,2026-06-03 10:11:00,0.7231,0.72271,0.72319,0.72271,82,1780481519.062,AUDUSD_otc
71,2026-06-03 10:12:00,0.72273,0.72275,0.72293,0.72261,83,1780481579.137,AUDUSD_otc
71,2026-06-03 10:13:00,0.72275,0.72272,0.72281,0.72257,80,1780481639.725,AUDUSD_otc
71,2026-06-03 10:14:00,0.72272,0.72341,0.72345,0.72272,80,1780481699.32,AUDUSD_otc
71,2026-06-03 10:15:00,0.72341,0.72356,0.72364,0.72327,85,1780481759.901,AUDUSD_otc
71,2026-06-03 10:16:00,0.72356,0.72352,0.7237,0.72339,83,1780481819.987,AUDUSD_otc
71,2026-06-03 10:17:00,0.72352,0.72345,0.72369,0.72342,79,1780481879.091,AUDUSD_otc
71,2026-06-03 10:18:00,0.72344,0.72331,0.72352,0.72329,75,1780481939.725,AUDUSD_otc
71,2026-06-03 10:19:00,0.72331,0.72369,0.72374,0.72315,79,1780481999.839,AUDUSD_otc
71,2026-06-03 10:20:00,0.72369,0.72388,0.72391,0.72363,81,1780482059.919,AUDUSD_otc
71,2026-06-03 10:21:00,0.72388,0.72397,0.72409,0.72384,84,1780482119.005,AUDUSD_otc
71,2026-06-03 10:22:00,0.72397,0.72436,0.72441,0.72388,81,1780482179.571,AUDUSD_otc
71,2026-06-03 10:23:00,0.72436,0.72412,0.72445,0.72408,77,1780482239.18,AUDUSD_otc
71,2026-06-03 10:24:00,0.72413,0.72429,0.72437,0.72409,77,1780482299.764,AUDUSD_otc
71,2026-06-03 10:25:00,0.7243,0.72468,0.72469,0.72427,81,1780482359.852,AUDUSD_otc
71,2026-06-03 10:26:00,0.72468,0.7244,0.72475,0.72435,78,1780482419.938,AUDUSD_otc
71,2026-06-03 10:27:00,0.7244,0.72459,0.72468,0.72429,81,1780482479.56,AUDUSD_otc
71,2026-06-03 10:28:00,0.72464,0.72447,0.72482,0.72447,85,1780482539.699,AUDUSD_otc
71,2026-06-03 10:29:00,0.72447,0.72436,0.7245,0.72427,75,1780482599.794,AUDUSD_otc
71,2026-06-03 10:30:00,0.72434,0.72359,0.72438,0.72358,92,1780482659.853,AUDUSD_otc
71,2026-06-03 10:31:00,0.72359,0.72402,0.72406,0.72346,79,1780482719.412,AUDUSD_otc
71,2026-06-03 10:32:00,0.72402,0.724,0.72406,0.72376,79,1780482779.99,AUDUSD_otc
71,2026-06-03 10:33:00,0.724,0.72352,0.72402,0.72347,84,1780482839.555,AUDUSD_otc
71,2026-06-03 10:34:00,0.72352,0.72358,0.72364,0.72338,82,1780482899.649,AUDUSD_otc
71,2026-06-03 10:35:00,0.72358,0.72353,0.72377,0.72349,78,1780482959.245,AUDUSD_otc
71,2026-06-03 10:36:00,0.72353,0.72351,0.72368,0.72332,85,1780483019.844,AUDUSD_otc
71,2026-06-03 10:37:00,0.72351,0.72379,0.72381,0.72342,88,1780483079.956,AUDUSD_otc
71,2026-06-03 10:38:00,0.72379,0.72376,0.72382,0.72357,88,1780483138.081,AUDUSD_otc
71,2026-06-03 10:39:00,0.72377,0.72358,0.7238,0.72358,88,1780483199.201,AUDUSD_otc
71,2026-06-03 10:40:00,0.72358,0.72343,0.72367,0.72336,83,1780483259.8,AUDUSD_otc
71,2026-06-03 10:41:00,0.72342,0.72356,0.72364,0.72337,91,1780483319.862,AUDUSD_otc
71,2026-06-03 10:42:00,0.72356,0.7234,0.72363,0.7234,77,1780483379.919,AUDUSD_otc
71,2026-06-03 10:43:00,0.72341,0.72327,0.7235,0.72322,81,1780483439.533,AUDUSD_otc
71,2026-06-03 10:44:00,0.72328,0.72353,0.72369,0.72322,79,1780483499.599,AUDUSD_otc
71,2026-06-03 10:45:00,0.72353,0.72386,0.72393,0.72353,80,1780483559.69,AUDUSD_otc
71,2026-06-03 10:46:00,0.72384,0.72414,0.72414,0.72384,79,1780483618.793,AUDUSD_otc
71,2026-06-03 10:47:00,0.72414,0.72363,0.72416,0.72359,81,1780483679.899,AUDUSD_otc
71,2026-06-03 10:48:00,0.72363,0.72362,0.72372,0.72355,84,1780483739.527,AUDUSD_otc
71,2026-06-03 10:49:00,0.72361,0.72352,0.72368,0.72343,84,1780483799.138,AUDUSD_otc
71,2026-06-03 10:50:00,0.72352,0.72343,0.72372,0.72342,87,1780483859.714,AUDUSD_otc
71,2026-06-03 10:51:00,0.72343,0.72367,0.72377,0.7234,77,1780483919.811,AUDUSD_otc
71,2026-06-03 10:52:00,0.72367,0.72378,0.72381,0.7236,86,1780483979.872,AUDUSD_otc
71,2026-06-03 10:53:00,0.72378,0.72378,0.72397,0.72356,83,1780484039.95,AUDUSD_otc
71,2026-06-03 10:54:00,0.72378,0.72367,0.72385,0.72354,82,1780484099.536,AUDUSD_otc
71,2026-06-03 10:55:00,0.72368,0.72335,0.72372,0.72318,85,1780484159.628,AUDUSD_otc
71,2026-06-03 10:56:00,0.72333,0.7229,0.72345,0.7229,74,1780484219.729,AUDUSD_otc
71,2026-06-03 10:57:00,0.72293,0.72291,0.72302,0.72277,80,1780484278.852,AUDUSD_otc
71,2026-06-03 10:58:00,0.72291,0.72268,0.72303,0.72265,72,1780484339.476,AUDUSD_otc
71,2026-06-03 10:59:00,0.72272,0.72295,0.72297,0.72257,82,1780484398.575,AUDUSD_otc
71,2026-06-03 11:00:00,0.72295,0.72293,0.72308,0.72278,87,1780484459.631,AUDUSD_otc
71,2026-06-03 11:01:00,0.72291,0.7233,0.72332,0.72289,73,1780484519.192,AUDUSD_otc
71,2026-06-03 11:02:00,0.72331,0.72323,0.72345,0.72323,83,1780484579.782,AUDUSD_otc
71,2026-06-03 11:03:00,0.72327,0.72359,0.72372,0.72326,89,1780484639.862,AUDUSD_otc
71,2026-06-03 11:04:00,0.72359,0.72397,0.72397,0.72358,78,1780484699.943,AUDUSD_otc
71,2026-06-03 11:05:00,0.72397,0.72412,0.72412,0.72383,79,1780484759.544,AUDUSD_otc
71,2026-06-03 11:06:00,0.72412,0.72418,0.72435,0.724,81,1780484819.66,AUDUSD_otc
71,2026-06-03 11:07:00,0.72418,0.72421,0.72442,0.72411,79,1780484878.759,AUDUSD_otc
71,2026-06-03 11:08:00,0.72421,0.72416,0.72439,0.72398,93,1780484939.401,AUDUSD_otc
71,2026-06-03 11:09:00,0.72416,0.72422,0.72432,0.72413,77,1780484999.997,AUDUSD_otc
71,2026-06-03 11:10:00,0.72422,0.72437,0.72439,0.72414,75,1780485059.611,AUDUSD_otc
71,2026-06-03 11:11:00,0.72443,0.72408,0.72443,0.72396,92,1780485119.662,AUDUSD_otc
71,2026-06-03 11:12:00,0.72407,0.72393,0.72412,0.72384,77,1780485179.744,AUDUSD_otc
71,2026-06-03 11:13:00,0.72393,0.72413,0.72421,0.72386,85,1780485239.318,AUDUSD_otc
71,2026-06-03 11:14:00,0.72411,0.72458,0.72465,0.72411,80,1780485298.901,AUDUSD_otc
71,2026-06-03 11:15:00,0.72458,0.72442,0.72466,0.7244,80,1780485359.508,AUDUSD_otc
71,2026-06-03 11:16:00,0.72438,0.7246,0.72467,0.72423,84,1780485419.65,AUDUSD_otc
71,2026-06-03 11:17:00,0.7246,0.72469,0.72476,0.72453,78,1780485478.739,AUDUSD_otc
71,2026-06-03 11:18:00,0.72469,0.72498,0.72499,0.72449,77,1780485539.837,AUDUSD_otc
71,2026-06-03 11:19:00,0.72498,0.72503,0.72514,0.72492,75,1780485599.942,AUDUSD_otc
71,2026-06-03 11:20:00,0.72503,0.72507,0.72534,0.725,83,1780485658.994,AUDUSD_otc
71,2026-06-03 11:21:00,0.72507,0.7249,0.72521,0.72483,76,1780485719.609,AUDUSD_otc
71,2026-06-03 11:22:00,0.7249,0.72482,0.72529,0.72478,77,1780485779.679,AUDUSD_otc
71,2026-06-03 11:23:00,0.72482,0.72508,0.72509,0.72477,83,1780485839.755,AUDUSD_otc
71,2026-06-03 11:24:00,0.72508,0.72497,0.72512,0.7249,78,1780485899.838,AUDUSD_otc
71,2026-06-03 11:25:00,0.72497,0.72451,0.72501,0.7245,80,1780485959.93,AUDUSD_otc
71,2026-06-03 11:26:00,0.72451,0.72464,0.72474,0.7244,83,1780486019.519,AUDUSD_otc
71,2026-06-03 11:27:00,0.72464,0.72457,0.72468,0.72447,79,1780486079.131,AUDUSD_otc
71,2026-06-03 11:28:00,0.72457,0.7247,0.72472,0.72449,76,1780486139.748,AUDUSD_otc
71,2026-06-03 11:29:00,0.7247,0.72476,0.72493,0.72469,78,1780486199.851,AUDUSD_otc
71,2026-06-03 11:30:00,0.72476,0.72459,0.72477,0.72453,74,1780486259.936,AUDUSD_otc
71,2026-06-03 11:31:00,0.72457,0.72448,0.72467,0.72445,85,1780486319.009,AUDUSD_otc
71,2026-06-03 11:32:00,0.72446,0.72476,0.72491,0.72439,73,1780486379.122,AUDUSD_otc
71,2026-06-03 11:33:00,0.72473,0.72459,0.72482,0.72445,78,1780486439.193,AUDUSD_otc
71,2026-06-03 11:34:00,0.72461,0.72448,0.72467,0.72447,76,1780486498.776,AUDUSD_otc
71,2026-06-03 11:35:00,0.72446,0.72405,0.72453,0.72405,78,1780486559.371,AUDUSD_otc
71,2026-06-03 11:36:00,0.72404,0.7241,0.7242,0.72379,82,1780486619.959,AUDUSD_otc
71,2026-06-03 11:37:00,0.72409,0.72372,0.72413,0.72364,74,1780486679.551,AUDUSD_otc
71,2026-06-03 11:38:00,0.72372,0.72372,0.72384,0.72365,81,1780486739.177,AUDUSD_otc
71,2026-06-03 11:39:00,0.72372,0.72352,0.72391,0.72346,78,1780486798.295,AUDUSD_otc
71,2026-06-03 11:40:00,0.72352,0.72348,0.72353,0.72334,81,1780486859.884,AUDUSD_otc
71,2026-06-03 11:41:00,0.72348,0.72343,0.72381,0.72343,88,1780486919.956,AUDUSD_otc
71,2026-06-03 11:42:00,0.72343,0.72339,0.72355,0.72324,89,1780486979.045,AUDUSD_otc
71,2026-06-03 11:43:00,0.72337,0.72377,0.72378,0.72323,78,1780487039.658,AUDUSD_otc
71,2026-06-03 11:44:00,0.72377,0.7236,0.72381,0.7234,75,1780487099.728,AUDUSD_otc
71,2026-06-03 11:45:00,0.7236,0.72326,0.72369,0.72326,84,1780487159.844,AUDUSD_otc
71,2026-06-03 11:46:00,0.72326,0.72323,0.72337,0.72313,75,1780487219.953,AUDUSD_otc
71,2026-06-03 11:47:00,0.72323,0.72315,0.72336,0.72309,74,1780487279.051,AUDUSD_otc
71,2026-06-03 11:48:00,0.72315,0.72351,0.72351,0.72315,82,1780487339.165,AUDUSD_otc
71,2026-06-03 11:49:00,0.7236,0.72355,0.72381,0.72339,87,1780487399.77,AUDUSD_otc
71,2026-06-03 11:50:00,0.72352,0.72337,0.72361,0.72316,79,1780487459.861,AUDUSD_otc
71,2026-06-03 11:51:00,0.72337,0.72326,0.72337,0.72312,70,1780487519.924,AUDUSD_otc
71,2026-06-03 11:52:00,0.72326,0.7235,0.72352,0.72319,70,1780487579.997,AUDUSD_otc
71,2026-06-03 11:53:00,0.72349,0.72338,0.72352,0.72324,79,1780487639.06,AUDUSD_otc
71,2026-06-03 11:54:00,0.72338,0.72373,0.72374,0.72336,82,1780487699.679,AUDUSD_otc
71,2026-06-03 11:55:00,0.72373,0.72354,0.72383,0.72354,76,1780487759.768,AUDUSD_otc
71,2026-06-03 11:56:00,0.72354,0.72342,0.72362,0.72334,83,1780487819.865,AUDUSD_otc
71,2026-06-03 11:57:00,0.72342,0.72349,0.72355,0.72329,78,1780487879.983,AUDUSD_otc
71,2026-06-03 11:58:00,0.72349,0.7235,0.72363,0.72345,75,1780487938.597,AUDUSD_otc
71,2026-06-03 11:59:00,0.7235,0.72358,0.72365,0.72336,79,1780487999.682,AUDUSD_otc
71,2026-06-03 12:00:00,0.72358,0.72339,0.72362,0.72338,86,1780488059.759,AUDUSD_otc
71,2026-06-03 12:01:00,0.72332,0.7237,0.72376,0.7233,82,1780488119.818,AUDUSD_otc
71,2026-06-03 12:02:00,0.72367,0.72364,0.72374,0.72354,81,1780488179.431,AUDUSD_otc
71,2026-06-03 12:03:00,0.72364,0.72398,0.72398,0.72362,80,1780488239.016,AUDUSD_otc
71,2026-06-03 12:04:00,0.72398,0.72366,0.72404,0.72356,79,1780488298.602,AUDUSD_otc
71,2026-06-03 12:05:00,0.72366,0.7239,0.7239,0.72357,79,1780488359.726,AUDUSD_otc
71,2026-06-03 12:06:00,0.72392,0.72365,0.72409,0.72359,83,1780488419.833,AUDUSD_otc
71,2026-06-03 12:07:00,0.72364,0.72343,0.7238,0.72343,84,1780488479.95,AUDUSD_otc
71,2026-06-03 12:08:00,0.72344,0.72381,0.72381,0.72344,82,1780488539.556,AUDUSD_otc
71,2026-06-03 12:09:00,0.72383,0.72384,0.72395,0.72375,76,1780488596.104,AUDUSD_otc
71,2026-06-03 12:10:00,0.72391,0.72339,0.72393,0.72327,77,1780488659.698,AUDUSD_otc
71,2026-06-03 12:11:00,0.72339,0.72329,0.72351,0.72321,73,1780488718.762,AUDUSD_otc
71,2026-06-03 12:12:00,0.72329,0.72366,0.72366,0.72329,94,1780488779.332,AUDUSD_otc
71,2026-06-03 12:13:00,0.72366,0.72359,0.72373,0.72352,79,1780488839.934,AUDUSD_otc
71,2026-06-03 12:14:00,0.72359,0.72321,0.72361,0.72317,80,1780488899.508,AUDUSD_otc
71,2026-06-03 12:15:00,0.72321,0.72302,0.72326,0.72299,82,1780488959.095,AUDUSD_otc
71,2026-06-03 12:16:00,0.723,0.72277,0.7231,0.72277,88,1780489019.703,AUDUSD_otc
71,2026-06-03 12:17:00,0.72275,0.72312,0.7232,0.72273,81,1780489079.285,AUDUSD_otc
71,2026-06-03 12:18:00,0.72312,0.72328,0.72328,0.72289,83,1780489139.392,AUDUSD_otc
71,2026-06-03 12:19:00,0.72328,0.72333,0.72365,0.72328,77,1780489199.523,AUDUSD_otc
71,2026-06-03 12:20:00,0.72334,0.72339,0.72345,0.72326,89,1780489259.639,AUDUSD_otc
71,2026-06-03 12:21:00,0.72344,0.72339,0.72349,0.72327,74,1780489319.698,AUDUSD_otc
71,2026-06-03 12:22:00,0.72339,0.72378,0.72379,0.7233,84,1780489379.777,AUDUSD_otc
71,2026-06-03 12:23:00,0.72378,0.72318,0.72392,0.72314,95,1780489439.832,AUDUSD_otc
71,2026-06-03 12:24:00,0.72317,0.72335,0.72339,0.72314,74,1780489499.434,AUDUSD_otc
71,2026-06-03 12:25:00,0.72332,0.723,0.72351,0.723,77,1780489557.504,AUDUSD_otc
71,2026-06-03 12:26:00,0.72298,0.7233,0.72338,0.72288,80,1780489618.628,AUDUSD_otc
71,2026-06-03 12:27:00,0.72332,0.72364,0.7237,0.72328,82,1780489679.224,AUDUSD_otc
71,2026-06-03 12:28:00,0.72364,0.72373,0.72377,0.72331,71,1780489739.825,AUDUSD_otc
71,2026-06-03 12:29:00,0.72373,0.72355,0.72377,0.72345,84,1780489799.966,AUDUSD_otc
71,2026-06-03 12:30:00,0.72355,0.72361,0.72372,0.72348,88,1780489859.571,AUDUSD_otc
71,2026-06-03 12:31:00,0.72362,0.72353,0.72365,0.72323,83,1780489919.649,AUDUSD_otc
71,2026-06-03 12:32:00,0.72354,0.72389,0.72391,0.72344,89,1780489979.264,AUDUSD_otc
71,2026-06-03 12:33:00,0.72389,0.72392,0.7242,0.72386,85,1780490039.846,AUDUSD_otc
71,2026-06-03 12:34:00,0.72392,0.72407,0.72414,0.72386,84,1780490099.927,AUDUSD_otc
71,2026-06-03 12:35:00,0.72407,0.7242,0.7242,0.72387,82,1780490159.052,AUDUSD_otc
71,2026-06-03 12:36:00,0.72418,0.72394,0.7244,0.7239,81,1780490219.644,AUDUSD_otc
71,2026-06-03 12:37:00,0.72396,0.72412,0.72428,0.72396,83,1780490279.773,AUDUSD_otc
71,2026-06-03 12:38:00,0.72412,0.72388,0.72425,0.72383,77,1780490339.865,AUDUSD_otc
71,2026-06-03 12:39:00,0.72388,0.72354,0.72402,0.72354,74,1780490399.935,AUDUSD_otc
71,2026-06-03 12:40:00,0.72352,0.72367,0.72377,0.72352,80,1780490459.526,AUDUSD_otc
71,2026-06-03 12:41:00,0.72369,0.7237,0.72402,0.72369,93,1780490519.136,AUDUSD_otc
71,2026-06-03 12:42:00,0.72372,0.72352,0.7238,0.72338,80,1780490579.692,AUDUSD_otc
71,2026-06-03 12:43:00,0.72351,0.72387,0.72394,0.72351,72,1780490639.79,AUDUSD_otc
71,2026-06-03 12:44:00,0.72381,0.72374,0.72387,0.72359,77,1780490699.878,AUDUSD_otc
71,2026-06-03 12:45:00,0.72374,0.72347,0.7238,0.72338,81,1780490758.972,AUDUSD_otc
71,2026-06-03 12:46:00,0.72347,0.7236,0.72378,0.72343,77,1780490819.606,AUDUSD_otc
71,2026-06-03 12:47:00,0.72358,0.72421,0.72422,0.72352,74,1780490879.716,AUDUSD_otc
71,2026-06-03 12:48:00,0.72421,0.72399,0.72425,0.72396,79,1780490939.798,AUDUSD_otc
71,2026-06-03 12:49:00,0.72399,0.72443,0.72443,0.72388,80,1780490999.911,AUDUSD_otc
71,2026-06-03 12:50:00,0.72443,0.72446,0.72454,0.7243,82,1780491059.974,AUDUSD_otc
71,2026-06-03 12:51:00,0.72446,0.72446,0.72459,0.72425,76,1780491119.56,AUDUSD_otc
71,2026-06-03 12:52:00,0.72444,0.72469,0.72479,0.72444,76,1780491179.665,AUDUSD_otc
71,2026-06-03 12:53:00,0.72465,0.72459,0.72477,0.72459,79,1780491239.742,AUDUSD_otc
71,2026-06-03 12:54:00,0.72459,0.72463,0.72466,0.72447,78,1780491299.846,AUDUSD_otc
71,2026-06-03 12:55:00,0.72461,0.7244,0.72463,0.72427,86,1780491359.949,AUDUSD_otc
71,2026-06-03 12:56:00,0.72444,0.724,0.7245,0.72398,74,1780491418.552,AUDUSD_otc
71,2026-06-03 12:57:00,0.72396,0.72384,0.72413,0.72384,81,1780491479.176,AUDUSD_otc
71,2026-06-03 12:58:00,0.72384,0.72404,0.72404,0.72371,74,1780491539.792,AUDUSD_otc
71,2026-06-03 12:59:00,0.72402,0.72405,0.72431,0.72402,79,1780491599.886,AUDUSD_otc
71,2026-06-03 13:00:00,0.72405,0.72426,0.72426,0.72397,72,1780491658.982,AUDUSD_otc
71,2026-06-03 13:01:00,0.72426,0.7246,0.72463,0.72426,68,1780491719.059,AUDUSD_otc
71,2026-06-03 13:02:00,0.72458,0.72438,0.72471,0.72432,81,1780491779.662,AUDUSD_otc
71,2026-06-03 13:03:00,0.72438,0.72428,0.72461,0.72419,82,1780491838.771,AUDUSD_otc
71,2026-06-03 13:04:00,0.72428,0.7238,0.72429,0.72376,77,1780491899.881,AUDUSD_otc
71,2026-06-03 13:05:00,0.7238,0.72393,0.72411,0.72373,84,1780491959.5,AUDUSD_otc
71,2026-06-03 13:06:00,0.72391,0.72385,0.72402,0.72365,81,1780492018.62,AUDUSD_otc
71,2026-06-03 13:07:00,0.72381,0.7233,0.72385,0.72327,83,1780492079.197,AUDUSD_otc
71,2026-06-03 13:08:00,0.7233,0.72319,0.7233,0.72311,83,1780492139.812,AUDUSD_otc
71,2026-06-03 13:09:00,0.72315,0.72264,0.72315,0.72262,84,1780492199.882,AUDUSD_otc
71,2026-06-03 13:10:00,0.72264,0.72252,0.72278,0.72252,81,1780492259.469,AUDUSD_otc
71,2026-06-03 13:11:00,0.72252,0.72254,0.72259,0.72229,80,1780492319.568,AUDUSD_otc
71,2026-06-03 13:12:00,0.72254,0.72256,0.72261,0.72244,76,1780492379.166,AUDUSD_otc
71,2026-06-03 13:13:00,0.72255,0.72201,0.72256,0.72192,86,1780492439.784,AUDUSD_otc
71,2026-06-03 13:14:00,0.72201,0.72179,0.72201,0.72175,89,1780492499.912,AUDUSD_otc
71,2026-06-03 13:15:00,0.72175,0.72181,0.72183,0.72163,85,1780492559.992,AUDUSD_otc
71,2026-06-03 13:16:00,0.72181,0.72248,0.72248,0.72181,77,1780492619.589,AUDUSD_otc
71,2026-06-03 13:17:00,0.72254,0.72216,0.72254,0.72197,80,1780492678.664,AUDUSD_otc
71,2026-06-03 13:18:00,0.72218,0.72229,0.72237,0.72214,68,1780492738.724,AUDUSD_otc
71,2026-06-03 13:19:00,0.72229,0.72255,0.72256,0.72225,79,1780492799.82,AUDUSD_otc
71,2026-06-03 13:20:00,0.72255,0.72305,0.72305,0.72254,73,1780492859.895,AUDUSD_otc
71,2026-06-03 13:21:00,0.72305,0.72294,0.72311,0.72286,77,1780492919.988,AUDUSD_otc
71,2026-06-03 13:22:00,0.72294,0.72275,0.72294,0.7227,76,1780492976.587,AUDUSD_otc
71,2026-06-03 13:23:00,0.72275,0.72286,0.72289,0.72267,81,1780493038.733,AUDUSD_otc
71,2026-06-03 13:24:00,0.72289,0.72261,0.72295,0.72252,78,1780493099.332,AUDUSD_otc
71,2026-06-03 13:25:00,0.72261,0.72216,0.72277,0.72215,83,1780493159.956,AUDUSD_otc
71,2026-06-03 13:26:00,0.72216,0.72218,0.72225,0.72194,73,1780493219.528,AUDUSD_otc
71,2026-06-03 13:27:00,0.72218,0.72189,0.72223,0.72189,77,1780493279.637,AUDUSD_otc
71,2026-06-03 13:28:00,0.72189,0.72193,0.722,0.72186,70,1780493339.707,AUDUSD_otc
71,2026-06-03 13:29:00,0.72193,0.72171,0.72196,0.72168,81,1780493399.81,AUDUSD_otc
71,2026-06-03 13:30:00,0.72171,0.72173,0.72183,0.72161,81,1780493459.928,AUDUSD_otc
71,2026-06-03 13:31:00,0.72174,0.72187,0.72187,0.72158,80,1780493519.541,AUDUSD_otc
71,2026-06-03 13:32:00,0.72189,0.72168,0.72194,0.72156,81,1780493579.667,AUDUSD_otc
71,2026-06-03 13:33:00,0.72169,0.72162,0.72185,0.72158,86,1780493639.263,AUDUSD_otc
71,2026-06-03 13:34:00,0.72165,0.72202,0.72202,0.72159,87,1780493699.324,AUDUSD_otc
71,2026-06-03 13:35:00,0.72197,0.72203,0.72219,0.72189,82,1780493759.934,AUDUSD_otc
71,2026-06-03 13:36:00,0.72203,0.72222,0.72242,0.72203,75,1780493819.506,AUDUSD_otc
71,2026-06-03 13:37:00,0.7222,0.72215,0.72228,0.72205,81,1780493879.586,AUDUSD_otc
71,2026-06-03 13:38:00,0.72215,0.72227,0.72228,0.72196,71,1780493939.695,AUDUSD_otc
71,2026-06-03 13:39:00,0.72227,0.72247,0.72252,0.72212,86,1780493999.791,AUDUSD_otc
71,2026-06-03 13:40:00,0.72247,0.72264,0.7227,0.72239,92,1780494059.88,AUDUSD_otc
71,2026-06-03 13:41:00,0.72264,0.7227,0.72272,0.72246,79,1780494119.99,AUDUSD_otc
71,2026-06-03 13:42:00,0.7227,0.7226,0.72275,0.72254,78,1780494179.607,AUDUSD_otc
71,2026-06-03 13:43:00,0.7226,0.7224,0.72261,0.72238,78,1780494239.703,AUDUSD_otc
71,2026-06-03 13:44:00,0.72238,0.72252,0.7227,0.72238,67,1780494299.778,AUDUSD_otc
71,2026-06-03 13:45:00,0.72253,0.72289,0.72298,0.72242,77,1780494359.335,AUDUSD_otc
71,2026-06-03 13:46:00,0.72292,0.72244,0.72299,0.72234,76,1780494419.952,AUDUSD_otc
71,2026-06-03 13:47:00,0.72245,0.72229,0.72245,0.72216,74,1780494479.526,AUDUSD_otc
71,2026-06-03 13:48:00,0.72229,0.7223,0.72231,0.72203,73,1780494539.601,AUDUSD_otc
71,2026-06-03 13:49:00,0.72229,0.72219,0.72248,0.72216,82,1780494599.733,AUDUSD_otc
71,2026-06-03 13:50:00,0.72219,0.72226,0.72232,0.72203,82,1780494659.818,AUDUSD_otc
71,2026-06-03 13:51:00,0.72226,0.72209,0.72244,0.72209,81,1780494719.942,AUDUSD_otc
71,2026-06-03 13:52:00,0.72212,0.722,0.72218,0.7218,79,1780494779.558,AUDUSD_otc
71,2026-06-03 13:53:00,0.722,0.72173,0.722,0.72173,78,1780494839.1,AUDUSD_otc
71,2026-06-03 13:54:00,0.72173,0.72154,0.72173,0.72149,78,1780494899.198,AUDUSD_otc
71,2026-06-03 13:55:00,0.72154,0.72156,0.72172,0.72142,80,1780494959.79,AUDUSD_otc
71,2026-06-03 13:56:00,0.72156,0.72148,0.72161,0.72135,75,1780495019.856,AUDUSD_otc
71,2026-06-03 13:57:00,0.72148,0.72143,0.72161,0.72127,77,1780495079.503,AUDUSD_otc
71,2026-06-03 13:58:00,0.72143,0.72173,0.72173,0.72141,73,1780495139.607,AUDUSD_otc
71,2026-06-03 13:59:00,0.72173,0.72161,0.72181,0.72147,86,1780495199.688,AUDUSD_otc
71,2026-06-03 14:00:00,0.72161,0.72205,0.7221,0.7216,80,1780495259.81,AUDUSD_otc
71,2026-06-03 14:01:00,0.72205,0.72204,0.72231,0.72189,79,1780495319.397,AUDUSD_otc
71,2026-06-03 14:02:00,0.72205,0.72184,0.72212,0.72158,81,1780495379.487,AUDUSD_otc
71,2026-06-03 14:03:00,0.72184,0.72144,0.72191,0.72129,76,1780495439.572,AUDUSD_otc
71,2026-06-03 14:04:00,0.72148,0.72175,0.72178,0.72144,78,1780495498.646,AUDUSD_otc
71,2026-06-03 14:05:00,0.72172,0.722,0.72206,0.72172,79,1780495559.751,AUDUSD_otc
71,2026-06-03 14:06:00,0.72199,0.72237,0.72248,0.72187,82,1780495619.833,AUDUSD_otc
71,2026-06-03 14:07:00,0.72237,0.72201,0.72237,0.72197,80,1780495679.914,AUDUSD_otc
71,2026-06-03 14:08:00,0.72201,0.72237,0.72237,0.72194,76,1780495739.548,AUDUSD_otc
71,2026-06-03 14:09:00,0.72237,0.72228,0.72268,0.72228,76,1780495799.128,AUDUSD_otc
71,2026-06-03 14:10:00,0.72228,0.72223,0.72235,0.72214,79,1780495859.76,AUDUSD_otc
71,2026-06-03 14:11:00,0.72223,0.72221,0.7223,0.72203,77,1780495919.833,AUDUSD_otc
71,2026-06-03 14:12:00,0.72221,0.72188,0.72226,0.72187,74,1780495979.378,AUDUSD_otc
71,2026-06-03 14:13:00,0.72188,0.7217,0.722,0.7215,82,1780496039.954,AUDUSD_otc
71,2026-06-03 14:14:00,0.7217,0.72153,0.7217,0.72148,71,1780496099.556,AUDUSD_otc
71,2026-06-03 14:15:00,0.72153,0.72178,0.72178,0.72148,78,1780496159.102,AUDUSD_otc
71,2026-06-03 14:16:00,0.72178,0.72178,0.7218,0.72153,92,1780496219.709,AUDUSD_otc
71,2026-06-03 14:17:00,0.72178,0.722,0.7221,0.72169,88,1780496279.795,AUDUSD_otc
71,2026-06-03 14:18:00,0.722,0.72191,0.72202,0.72174,76,1780496339.901,AUDUSD_otc
71,2026-06-03 14:19:00,0.72191,0.72202,0.72207,0.72183,71,1780496399.009,AUDUSD_otc
71,2026-06-03 14:20:00,0.72202,0.72214,0.72225,0.72202,86,1780496459.622,AUDUSD_otc
71,2026-06-03 14:21:00,0.72214,0.72232,0.72236,0.72211,77,1780496518.721,AUDUSD_otc
71,2026-06-03 14:22:00,0.72238,0.72222,0.72239,0.72208,73,1780496579.283,AUDUSD_otc
71,2026-06-03 14:23:00,0.72221,0.72237,0.72243,0.72219,80,1780496639.864,AUDUSD_otc
71,2026-06-03 14:24:00,0.72237,0.72211,0.72242,0.7221,79,1780496699.973,AUDUSD_otc
71,2026-06-03 14:25:00,0.7221,0.72206,0.72221,0.72205,85,1780496759.056,AUDUSD_otc
71,2026-06-03 14:26:00,0.72206,0.72238,0.72238,0.72202,82,1780496819.154,AUDUSD_otc
71,2026-06-03 14:27:00,0.72238,0.72226,0.72247,0.72222,84,1780496879.787,AUDUSD_otc
71,2026-06-03 14:28:00,0.72226,0.72266,0.72269,0.72221,88,1780496939.873,AUDUSD_otc
71,2026-06-03 14:29:00,0.72266,0.72295,0.72303,0.72266,81,1780496996.495,AUDUSD_otc
71,2026-06-03 14:30:00,0.72295,0.72312,0.72312,0.72285,87,1780497059.591,AUDUSD_otc
71,2026-06-03 14:31:00,0.72313,0.72342,0.72349,0.72313,72,1780497119.636,AUDUSD_otc
71,2026-06-03 14:32:00,0.72342,0.72345,0.72351,0.7233,71,1780497179.736,AUDUSD_otc
71,2026-06-03 14:33:00,0.72344,0.72347,0.72359,0.72327,74,1780497239.825,AUDUSD_otc
71,2026-06-03 14:34:00,0.7234,0.72321,0.72342,0.72314,88,1780497299.911,AUDUSD_otc
71,2026-06-03 14:35:00,0.72321,0.72275,0.72322,0.72275,71,1780497358.024,AUDUSD_otc
71,2026-06-03 14:36:00,0.72275,0.72296,0.723,0.72275,79,1780497419.617,AUDUSD_otc
71,2026-06-03 14:37:00,0.72296,0.7228,0.72299,0.72269,83,1780497479.723,AUDUSD_otc
71,2026-06-03 14:38:00,0.72281,0.7235,0.7235,0.72281,76,1780497539.327,AUDUSD_otc
71,2026-06-03 14:39:00,0.72352,0.72346,0.72355,0.72317,80,1780497599.401,AUDUSD_otc
71,2026-06-03 14:40:00,0.72346,0.72374,0.72374,0.72338,79,1780497659.01,AUDUSD_otc
71,2026-06-03 14:41:00,0.72388,0.72382,0.72388,0.72369,68,1780497718.569,AUDUSD_otc
71,2026-06-03 14:42:00,0.72383,0.72362,0.72384,0.72354,79,1780497779.626,AUDUSD_otc
71,2026-06-03 14:43:00,0.72359,0.72371,0.72373,0.72336,78,1780497838.21,AUDUSD_otc
71,2026-06-03 14:44:00,0.72371,0.72403,0.72406,0.72369,73,1780497899.301,AUDUSD_otc
71,2026-06-03 14:45:00,0.72403,0.724,0.72404,0.72378,77,1780497959.375,AUDUSD_otc
71,2026-06-03 14:46:00,0.724,0.72409,0.7242,0.72392,85,1780498019.98,AUDUSD_otc
71,2026-06-03 14:47:00,0.72409,0.72415,0.72428,0.72401,89,1780498079.58,AUDUSD_otc
71,2026-06-03 14:48:00,0.72416,0.72385,0.72416,0.72385,85,1780498138.671,AUDUSD_otc
71,2026-06-03 14:49:00,0.72383,0.72395,0.72395,0.72355,81,1780498199.792,AUDUSD_otc
71,2026-06-03 14:50:00,0.72397,0.72435,0.72448,0.7239,86,1780498259.921,AUDUSD_otc
71,2026-06-03 14:51:00,0.72435,0.72431,0.72454,0.72427,82,1780498319.497,AUDUSD_otc
71,2026-06-03 14:52:00,0.72431,0.72472,0.72472,0.72431,76,1780498379.085,AUDUSD_otc
71,2026-06-03 14:53:00,0.72472,0.72491,0.72492,0.72456,63,1780498439.665,AUDUSD_otc
71,2026-06-03 14:54:00,0.72491,0.7246,0.72494,0.7246,79,1780498499.809,AUDUSD_otc
71,2026-06-03 14:55:00,0.72463,0.72451,0.72486,0.72449,83,1780498558.394,AUDUSD_otc
71,2026-06-03 14:56:00,0.72452,0.72427,0.72467,0.72427,81,1780498619.998,AUDUSD_otc
71,2026-06-03 14:57:00,0.72427,0.7244,0.7246,0.72422,78,1780498679.132,AUDUSD_otc
71,2026-06-03 14:58:00,0.72442,0.72479,0.72483,0.72439,81,1780498739.718,AUDUSD_otc
71,2026-06-03 14:59:00,0.72479,0.72483,0.72496,0.72473,70,1780498799.831,AUDUSD_otc
71,2026-06-03 15:00:00,0.7248,0.72445,0.72483,0.7244,79,1780498859.93,AUDUSD_otc
71,2026-06-03 15:01:00,0.72445,0.72455,0.72467,0.72445,82,1780498918.996,AUDUSD_otc
71,2026-06-03 15:02:00,0.72453,0.72455,0.72467,0.72452,82,1780498979.598,AUDUSD_otc
71,2026-06-03 15:03:00,0.72455,0.72466,0.7247,0.72444,72,1780499039.68,AUDUSD_otc
71,2026-06-03 15:04:00,0.72466,0.72462,0.7249,0.72462,77,1780499099.773,AUDUSD_otc
71,2026-06-03 15:05:00,0.72462,0.72446,0.72466,0.72434,82,1780499159.904,AUDUSD_otc
71,2026-06-03 15:06:00,0.72446,0.72447,0.72459,0.72438,74,1780499219.023,AUDUSD_otc
71,2026-06-03 15:07:00,0.72447,0.72455,0.72457,0.72434,78,1780499279.622,AUDUSD_otc
71,2026-06-03 15:08:00,0.72462,0.72445,0.72471,0.72434,76,1780499339.707,AUDUSD_otc
71,2026-06-03 15:09:00,0.72445,0.72435,0.72457,0.72425,90,1780499399.761,AUDUSD_otc
71,2026-06-03 15:10:00,0.72433,0.72442,0.72458,0.72431,84,1780499459.343,AUDUSD_otc
71,2026-06-03 15:11:00,0.72447,0.72459,0.72488,0.72444,89,1780499519.929,AUDUSD_otc
71,2026-06-03 15:12:00,0.72459,0.72449,0.72463,0.72443,78,1780499578.994,AUDUSD_otc
71,2026-06-03 15:13:00,0.72449,0.72474,0.72482,0.72436,75,1780499639.072,AUDUSD_otc
71,2026-06-03 15:14:00,0.72486,0.72481,0.72496,0.7247,78,1780499699.667,AUDUSD_otc
71,2026-06-03 15:15:00,0.72481,0.72508,0.72518,0.7248,82,1780499759.797,AUDUSD_otc
71,2026-06-03 15:16:00,0.72508,0.7247,0.7251,0.7247,86,1780499818.884,AUDUSD_otc
71,2026-06-03 15:17:00,0.7247,0.72483,0.72501,0.72469,80,1780499878.998,AUDUSD_otc
71,2026-06-03 15:18:00,0.72485,0.72565,0.72565,0.72479,76,1780499939.6,AUDUSD_otc
71,2026-06-03 15:19:00,0.72566,0.72517,0.72566,0.72514,75,1780499998.215,AUDUSD_otc
71,2026-06-03 15:20:00,0.72517,0.7255,0.72552,0.72513,79,1780500059.776,AUDUSD_otc
71,2026-06-03 15:21:00,0.7255,0.7256,0.7257,0.72544,76,1780500119.88,AUDUSD_otc
71,2026-06-03 15:22:00,0.7256,0.7252,0.72563,0.72517,77,1780500179.957,AUDUSD_otc
71,2026-06-03 15:23:00,0.7252,0.72537,0.72551,0.7252,79,1780500239.558,AUDUSD_otc
71,2026-06-03 15:24:00,0.72534,0.72553,0.72571,0.72525,77,1780500299.671,AUDUSD_otc
71,2026-06-03 15:25:00,0.72555,0.72526,0.72557,0.7251,82,1780500359.784,AUDUSD_otc
71,2026-06-03 15:26:00,0.72526,0.72522,0.72533,0.72505,79,1780500418.911,AUDUSD_otc
71,2026-06-03 15:27:00,0.72522,0.72528,0.72534,0.72508,83,1780500479.518,AUDUSD_otc
71,2026-06-03 15:28:00,0.72528,0.72545,0.72555,0.72528,82,1780500539.585,AUDUSD_otc
71,2026-06-03 15:29:00,0.72545,0.72556,0.72557,0.72523,82,1780500599.671,AUDUSD_otc
71,2026-06-03 15:30:00,0.72556,0.72536,0.72561,0.72523,89,1780500659.286,AUDUSD_otc
71,2026-06-03 15:31:00,0.72536,0.72538,0.72548,0.72514,92,1780500719.889,AUDUSD_otc
71,2026-06-03 15:32:00,0.7254,0.72548,0.72551,0.72523,84,1780500779.991,AUDUSD_otc
71,2026-06-03 15:33:00,0.72548,0.72492,0.72563,0.72484,78,1780500839.595,AUDUSD_otc
71,2026-06-03 15:34:00,0.72491,0.72444,0.72496,0.72441,89,1780500899.708,AUDUSD_otc
71,2026-06-03 15:35:00,0.72441,0.72473,0.72474,0.72436,80,1780500957.819,AUDUSD_otc
71,2026-06-03 15:36:00,0.72473,0.72496,0.72496,0.72468,87,1780501019.887,AUDUSD_otc
71,2026-06-03 15:37:00,0.72496,0.72507,0.72507,0.72488,90,1780501079.951,AUDUSD_otc
71,2026-06-03 15:38:00,0.72507,0.7247,0.72508,0.72456,83,1780501139.031,AUDUSD_otc
71,2026-06-03 15:39:00,0.72472,0.72448,0.7248,0.72441,73,1780501199.623,AUDUSD_otc
71,2026-06-03 15:40:00,0.72448,0.72443,0.72467,0.72433,79,1780501259.725,AUDUSD_otc
71,2026-06-03 15:41:00,0.72443,0.72457,0.72469,0.72438,80,1780501318.831,AUDUSD_otc
71,2026-06-03 15:42:00,0.72464,0.72446,0.72464,0.72432,81,1780501379.94,AUDUSD_otc
71,2026-06-03 15:43:00,0.72446,0.72411,0.72451,0.72406,87,1780501439.539,AUDUSD_otc
71,2026-06-03 15:44:00,0.72412,0.72435,0.72442,0.72412,78,1780501499.65,AUDUSD_otc
71,2026-06-03 15:45:00,0.72434,0.72389,0.72442,0.72388,78,1780501559.728,AUDUSD_otc
71,2026-06-03 15:46:00,0.72388,0.72362,0.72394,0.72354,83,1780501619.313,AUDUSD_otc
71,2026-06-03 15:47:00,0.72364,0.72371,0.7238,0.72356,86,1780501677.368,AUDUSD_otc
71,2026-06-03 15:48:00,0.72361,0.72338,0.72361,0.72338,68,1780501739.962,AUDUSD_otc
71,2026-06-03 15:49:00,0.72335,0.72311,0.72335,0.72298,82,1780501799.557,AUDUSD_otc
71,2026-06-03 15:50:00,0.72312,0.72287,0.72318,0.72268,68,1780501859.164,AUDUSD_otc
71,2026-06-03 15:51:00,0.72282,0.72276,0.72291,0.72258,87,1780501918.775,AUDUSD_otc
71,2026-06-03 15:52:00,0.72276,0.72245,0.72284,0.72239,84,1780501979.907,AUDUSD_otc
71,2026-06-03 15:53:00,0.72245,0.722,0.72245,0.72196,86,1780502039.514,AUDUSD_otc
71,2026-06-03 15:54:00,0.72199,0.72225,0.72243,0.72198,76,1780502097.608,AUDUSD_otc
71,2026-06-03 15:55:00,0.72225,0.72279,0.72279,0.72215,79,1780502159.699,AUDUSD_otc
71,2026-06-03 15:56:00,0.72277,0.72264,0.7229,0.72249,79,1780502219.765,AUDUSD_otc
71,2026-06-03 15:57:00,0.72264,0.72249,0.72267,0.72242,79,1780502279.349,AUDUSD_otc
71,2026-06-03 15:58:00,0.72249,0.72347,0.72347,0.72248,85,1780502339.95,AUDUSD_otc
71,2026-06-03 15:59:00,0.72347,0.72339,0.72359,0.72332,78,1780502399.553,AUDUSD_otc
71,2026-06-03 16:00:00,0.72339,0.72288,0.7234,0.72288,78,1780502459.663,AUDUSD_otc
71,2026-06-03 16:01:00,0.72294,0.72306,0.72306,0.72288,78,1780502518.302,AUDUSD_otc
71,2026-06-03 16:02:00,0.72306,0.72336,0.72339,0.72303,80,1780502579.893,AUDUSD_otc
71,2026-06-03 16:03:00,0.72331,0.72332,0.72339,0.72307,85,1780502639.955,AUDUSD_otc
71,2026-06-03 16:04:00,0.72331,0.72324,0.72331,0.72316,83,1780502699.539,AUDUSD_otc
71,2026-06-03 16:05:00,0.72331,0.7232,0.72333,0.72308,71,1780502758.624,AUDUSD_otc
71,2026-06-03 16:06:00,0.72322,0.723,0.72322,0.72274,75,1780502819.705,AUDUSD_otc
71,2026-06-03 16:07:00,0.723,0.7229,0.72308,0.72287,77,1780502879.802,AUDUSD_otc
71,2026-06-03 16:08:00,0.7229,0.72269,0.7231,0.72269,91,1780502939.934,AUDUSD_otc
71,2026-06-03 16:09:00,0.72269,0.72244,0.72272,0.72224,83,1780502999.039,AUDUSD_otc
71,2026-06-03 16:10:00,0.72245,0.72248,0.7229,0.72244,84,1780503059.637,AUDUSD_otc
71,2026-06-03 16:11:00,0.7226,0.72318,0.72323,0.72255,84,1780503119.752,AUDUSD_otc
71,2026-06-03 16:12:00,0.72318,0.7235,0.7235,0.72297,84,1780503179.819,AUDUSD_otc
71,2026-06-03 16:13:00,0.7235,0.72347,0.72366,0.7234,79,1780503239.915,AUDUSD_otc
71,2026-06-03 16:14:00,0.72347,0.72354,0.72369,0.72343,83,1780503299.982,AUDUSD_otc
71,2026-06-03 16:15:00,0.72354,0.72396,0.72399,0.72353,71,1780503359.572,AUDUSD_otc
71,2026-06-03 16:16:00,0.72396,0.72399,0.72416,0.72387,84,1780503419.671,AUDUSD_otc
71,2026-06-03 16:17:00,0.72402,0.72373,0.72406,0.72346,78,1780503479.757,AUDUSD_otc
71,2026-06-03 16:18:00,0.72372,0.72427,0.72433,0.72372,82,1780503539.863,AUDUSD_otc
71,2026-06-03 16:19:00,0.72425,0.72411,0.72425,0.72397,82,1780503599.962,AUDUSD_otc
71,2026-06-03 16:20:00,0.72409,0.72426,0.72432,0.72401,85,1780503659.619,AUDUSD_otc
71,2026-06-03 16:21:00,0.72426,0.72433,0.72439,0.72407,81,1780503719.693,AUDUSD_otc
71,2026-06-03 16:22:00,0.72434,0.7241,0.72441,0.7241,71,1780503779.75,AUDUSD_otc
71,2026-06-03 16:23:00,0.72412,0.72408,0.72415,0.72384,75,1780503839.823,AUDUSD_otc
71,2026-06-03 16:24:00,0.72408,0.72405,0.72412,0.72389,77,1780503899.442,AUDUSD_otc
71,2026-06-03 16:25:00,0.72405,0.72403,0.72409,0.72384,77,1780503959.005,AUDUSD_otc
71,2026-06-03 16:26:00,0.724,0.72385,0.72413,0.72367,77,1780504019.585,AUDUSD_otc
71,2026-06-03 16:27:00,0.72385,0.72367,0.72388,0.72355,77,1780504079.714,AUDUSD_otc
71,2026-06-03 16:28:00,0.72367,0.72357,0.72381,0.72356,77,1780504139.316,AUDUSD_otc
71,2026-06-03 16:29:00,0.72357,0.72331,0.72361,0.72324,72,1780504199.451,AUDUSD_otc
71,2026-06-03 16:30:00,0.72331,0.72344,0.72366,0.72331,78,1780504259.556,AUDUSD_otc
71,2026-06-03 16:31:00,0.72344,0.72339,0.72361,0.72333,79,1780504319.618,AUDUSD_otc
71,2026-06-03 16:32:00,0.72339,0.72266,0.72345,0.72265,85,1780504379.734,AUDUSD_otc
71,2026-06-03 16:33:00,0.72266,0.72299,0.72303,0.72262,73,1780504439.792,AUDUSD_otc
71,2026-06-03 16:34:00,0.72299,0.72313,0.72313,0.72279,80,1780504499.858,AUDUSD_otc
71,2026-06-03 16:35:00,0.72313,0.72258,0.72313,0.72258,76,1780504558.442,AUDUSD_otc
71,2026-06-03 16:36:00,0.72258,0.72268,0.7229,0.72246,76,1780504619.536,AUDUSD_otc
71,2026-06-03 16:37:00,0.72273,0.72233,0.72279,0.72215,86,1780504679.133,AUDUSD_otc
71,2026-06-03 16:38:00,0.72232,0.72244,0.72244,0.72217,78,1780504739.765,AUDUSD_otc
71,2026-06-03 16:39:00,0.72244,0.72269,0.72273,0.72241,82,1780504799.882,AUDUSD_otc
71,2026-06-03 16:40:00,0.72269,0.72296,0.72296,0.72263,79,1780504859.956,AUDUSD_otc
71,2026-06-03 16:41:00,0.72296,0.72294,0.72313,0.72289,77,1780504919.532,AUDUSD_otc
71,2026-06-03 16:42:00,0.72296,0.72275,0.72304,0.72269,77,1780504979.098,AUDUSD_otc
71,2026-06-03 16:43:00,0.72277,0.72315,0.72321,0.72276,81,1780505039.68,AUDUSD_otc
71,2026-06-03 16:44:00,0.72315,0.723,0.72324,0.72298,80,1780505099.756,AUDUSD_otc
71,2026-06-03 16:45:00,0.723,0.72263,0.72311,0.72255,82,1780505158.836,AUDUSD_otc
71,2026-06-03 16:46:00,0.72263,0.72273,0.72291,0.72257,84,1780505219.434,AUDUSD_otc
71,2026-06-03 16:47:00,0.72273,0.72283,0.72289,0.72264,87,1780505279.501,AUDUSD_otc
71,2026-06-03 16:48:00,0.72283,0.72308,0.72327,0.72275,84,1780505339.582,AUDUSD_otc
71,2026-06-03 16:49:00,0.72306,0.72319,0.72322,0.72292,81,1780505398.715,AUDUSD_otc
71,2026-06-03 16:50:00,0.7232,0.72324,0.72329,0.72311,67,1780505459.834,AUDUSD_otc
71,2026-06-03 16:51:00,0.72324,0.72307,0.72332,0.72301,80,1780505519.446,AUDUSD_otc
71,2026-06-03 16:52:00,0.72307,0.7229,0.72314,0.72279,80,1780505579.536,AUDUSD_otc
71,2026-06-03 16:53:00,0.72289,0.72281,0.72293,0.72275,76,1780505639.61,AUDUSD_otc
71,2026-06-03 16:54:00,0.72282,0.72241,0.7229,0.72236,77,1780505699.711,AUDUSD_otc
71,2026-06-03 16:55:00,0.7224,0.72263,0.72263,0.7223,81,1780505759.799,AUDUSD_otc
71,2026-06-03 16:56:00,0.72263,0.72253,0.72279,0.72247,79,1780505819.871,AUDUSD_otc
71,2026-06-03 16:57:00,0.7225,0.72245,0.72252,0.72229,71,1780505876.984,AUDUSD_otc
71,2026-06-03 16:58:00,0.72241,0.7227,0.72285,0.72238,71,1780505939.594,AUDUSD_otc
71,2026-06-03 16:59:00,0.7227,0.72274,0.72284,0.72256,85,1780505999.703,AUDUSD_otc
71,2026-06-03 17:00:00,0.72274,0.72266,0.72302,0.72253,78,1780506059.823,AUDUSD_otc
71,2026-06-03 17:01:00,0.72266,0.72232,0.72278,0.72232,79,1780506119.907,AUDUSD_otc
71,2026-06-03 17:02:00,0.72232,0.72229,0.72258,0.72229,86,1780506179.506,AUDUSD_otc
71,2026-06-03 17:03:00,0.72229,0.72255,0.72255,0.72229,79,1780506239.561,AUDUSD_otc
71,2026-06-03 17:04:00,0.72257,0.72286,0.72304,0.72255,76,1780506299.615,AUDUSD_otc
71,2026-06-03 17:05:00,0.72286,0.72265,0.72293,0.72242,77,1780506359.71,AUDUSD_otc
71,2026-06-03 17:06:00,0.72265,0.72255,0.72287,0.7225,83,1780506418.761,AUDUSD_otc
71,2026-06-03 17:07:00,0.72255,0.72244,0.72272,0.72242,85,1780506479.85,AUDUSD_otc
71,2026-06-03 17:08:00,0.72244,0.72264,0.72264,0.72232,82,1780506539.942,AUDUSD_otc
71,2026-06-03 17:09:00,0.72264,0.72244,0.72264,0.72243,77,1780506599.529,AUDUSD_otc
71,2026-06-03 17:10:00,0.72241,0.72223,0.72264,0.72223,83,1780506659.632,AUDUSD_otc
71,2026-06-03 17:11:00,0.72224,0.72191,0.72236,0.72174,86,1780506719.754,AUDUSD_otc
71,2026-06-03 17:12:00,0.72191,0.72204,0.72205,0.72179,82,1780506779.893,AUDUSD_otc
71,2026-06-03 17:13:00,0.72201,0.72158,0.72206,0.72154,84,1780506838.505,AUDUSD_otc
71,2026-06-03 17:14:00,0.72158,0.72153,0.7218,0.72143,79,1780506899.572,AUDUSD_otc
71,2026-06-03 17:15:00,0.72153,0.72154,0.72177,0.7215,76,1780506959.662,AUDUSD_otc
71,2026-06-03 17:16:00,0.72154,0.72167,0.72184,0.72153,81,1780507019.768,AUDUSD_otc
71,2026-06-03 17:17:00,0.72167,0.72174,0.72182,0.72157,81,1780507079.85,AUDUSD_otc
71,2026-06-03 17:18:00,0.72174,0.7216,0.72178,0.72156,88,1780507139.954,AUDUSD_otc
71,2026-06-03 17:19:00,0.7216,0.72144,0.72167,0.72133,75,1780507199.588,AUDUSD_otc
71,2026-06-03 17:20:00,0.72144,0.72126,0.72148,0.7212,75,1780507259.688,AUDUSD_otc
71,2026-06-03 17:21:00,0.72126,0.72101,0.72135,0.721,80,1780507319.273,AUDUSD_otc
71,2026-06-03 17:22:00,0.72102,0.72113,0.72126,0.721,79,1780507379.855,AUDUSD_otc
71,2026-06-03 17:23:00,0.72113,0.72072,0.72117,0.72056,80,1780507439.918,AUDUSD_otc
71,2026-06-03 17:24:00,0.72072,0.72055,0.72081,0.72051,84,1780507497.535,AUDUSD_otc
71,2026-06-03 17:25:00,0.72045,0.72034,0.72056,0.72027,77,1780507558.626,AUDUSD_otc
71,2026-06-03 17:26:00,0.72034,0.72023,0.72044,0.72009,81,1780507619.713,AUDUSD_otc
71,2026-06-03 17:27:00,0.7202,0.71995,0.72026,0.71995,77,1780507679.825,AUDUSD_otc
71,2026-06-03 17:28:00,0.71995,0.72008,0.72008,0.71977,87,1780507739.928,AUDUSD_otc
71,2026-06-03 17:29:00,0.72008,0.72021,0.72031,0.72005,78,1780507799.017,AUDUSD_otc
71,2026-06-03 17:30:00,0.72019,0.71967,0.72027,0.71965,77,1780507859.626,AUDUSD_otc
71,2026-06-03 17:31:00,0.7197,0.71953,0.71987,0.71951,88,1780507919.674,AUDUSD_otc
71,2026-06-03 17:32:00,0.71949,0.71944,0.71963,0.71921,90,1780507979.812,AUDUSD_otc
71,2026-06-03 17:33:00,0.71944,0.71942,0.71952,0.71906,78,1780508039.867,AUDUSD_otc
71,2026-06-03 17:34:00,0.71942,0.71975,0.71996,0.71939,89,1780508099.932,AUDUSD_otc
71,2026-06-03 17:35:00,0.71975,0.72015,0.72024,0.71975,81,1780508159.039,AUDUSD_otc
71,2026-06-03 17:36:00,0.72015,0.72042,0.7205,0.72015,76,1780508219.147,AUDUSD_otc
71,2026-06-03 17:37:00,0.72042,0.72039,0.72057,0.72031,82,1780508278.753,AUDUSD_otc
71,2026-06-03 17:38:00,0.72037,0.72039,0.72043,0.7202,79,1780508339.863,AUDUSD_otc
71,2026-06-03 17:39:00,0.72039,0.72039,0.72051,0.72017,79,1780508399.458,AUDUSD_otc
71,2026-06-03 17:40:00,0.72039,0.72086,0.72086,0.72039,83,1780508459.555,AUDUSD_otc
71,2026-06-03 17:41:00,0.72085,0.72094,0.72125,0.72074,71,1780508518.631,AUDUSD_otc
71,2026-06-03 17:42:00,0.72095,0.72075,0.72102,0.72071,92,1780508579.697,AUDUSD_otc
71,2026-06-03 17:43:00,0.72074,0.72096,0.72096,0.72053,82,1780508639.808,AUDUSD_otc
71,2026-06-03 17:44:00,0.72097,0.72083,0.72107,0.72082,79,1780508699.879,AUDUSD_otc
71,2026-06-03 17:45:00,0.72085,0.72075,0.7209,0.72074,80,1780508759.949,AUDUSD_otc
71,2026-06-03 17:46:00,0.72075,0.72047,0.72084,0.72047,82,1780508819.576,AUDUSD_otc
71,2026-06-03 17:47:00,0.72047,0.72038,0.72057,0.72026,83,1780508879.187,AUDUSD_otc
71,2026-06-03 17:48:00,0.72038,0.72023,0.72057,0.72019,83,1780508938.288,AUDUSD_otc
71,2026-06-03 17:49:00,0.72023,0.72054,0.72075,0.72017,79,1780508999.899,AUDUSD_otc
71,2026-06-03 17:50:00,0.72054,0.71996,0.7207,0.71995,81,1780509059.956,AUDUSD_otc
71,2026-06-03 17:51:00,0.71996,0.71987,0.72006,0.71977,80,1780509119.557,AUDUSD_otc
71,2026-06-03 17:52:00,0.71987,0.72021,0.72026,0.71987,81,1780509179.121,AUDUSD_otc
71,2026-06-03 17:53:00,0.7202,0.72038,0.72052,0.72019,76,1780509239.2,AUDUSD_otc
71,2026-06-03 17:54:00,0.72036,0.72044,0.72055,0.72029,86,1780509299.821,AUDUSD_otc
71,2026-06-03 17:55:00,0.72044,0.72021,0.72048,0.72021,76,1780509359.923,AUDUSD_otc
71,2026-06-03 17:56:00,0.72021,0.7203,0.72035,0.72003,79,1780509419.019,AUDUSD_otc
71,2026-06-03 17:57:00,0.72032,0.72055,0.72061,0.72024,84,1780509479.63,AUDUSD_otc
71,2026-06-03 17:58:00,0.72055,0.721,0.72109,0.72051,90,1780509539.741,AUDUSD_otc
71,2026-06-03 17:59:00,0.72104,0.72113,0.72131,0.72099,75,1780509599.829,AUDUSD_otc
71,2026-06-03 18:00:00,0.72113,0.72117,0.72129,0.72077,80,1780509659.898,AUDUSD_otc
71,2026-06-03 18:01:00,0.72117,0.72159,0.72164,0.72112,78,1780509719.945,AUDUSD_otc
71,2026-06-03 18:02:00,0.72159,0.72159,0.72166,0.72139,83,1780509779.544,AUDUSD_otc
71,2026-06-03 18:03:00,0.72158,0.72115,0.72165,0.72115,74,1780509839.119,AUDUSD_otc
71,2026-06-03 18:04:00,0.72115,0.72103,0.72119,0.72082,78,1780509899.693,AUDUSD_otc
71,2026-06-03 18:05:00,0.72103,0.72103,0.72116,0.72085,86,1780509959.831,AUDUSD_otc
71,2026-06-03 18:06:00,0.72103,0.72075,0.72107,0.72072,73,1780510019.418,AUDUSD_otc
71,2026-06-03 18:07:00,0.72075,0.72068,0.7208,0.72064,80,1780510079.507,AUDUSD_otc
71,2026-06-03 18:08:00,0.72068,0.72032,0.72081,0.72031,78,1780510139.613,AUDUSD_otc
71,2026-06-03 18:09:00,0.72034,0.72026,0.72046,0.72024,78,1780510199.238,AUDUSD_otc
71,2026-06-03 18:10:00,0.72024,0.72066,0.72071,0.72016,87,1780510259.822,AUDUSD_otc
71,2026-06-03 18:11:00,0.72066,0.72051,0.72066,0.72037,81,1780510318.904,AUDUSD_otc
71,2026-06-03 18:12:00,0.72051,0.72061,0.72072,0.7204,89,1780510379.976,AUDUSD_otc
71,2026-06-03 18:13:00,0.72061,0.72016,0.72067,0.72009,83,1780510439.578,AUDUSD_otc
71,2026-06-03 18:14:00,0.72014,0.71997,0.72025,0.71973,77,1780510499.187,AUDUSD_otc
71,2026-06-03 18:15:00,0.71997,0.72009,0.72025,0.71995,76,1780510559.792,AUDUSD_otc
71,2026-06-03 18:16:00,0.72005,0.72037,0.72037,0.72,85,1780510619.94,AUDUSD_otc
71,2026-06-03 18:17:00,0.72039,0.72069,0.72071,0.72035,81,1780510679.512,AUDUSD_otc
71,2026-06-03 18:18:00,0.72071,0.72061,0.72105,0.72061,80,1780510738.138,AUDUSD_otc
71,2026-06-03 18:19:00,0.72063,0.72053,0.72081,0.72043,80,1780510799.2,AUDUSD_otc
71,2026-06-03 18:20:00,0.72049,0.72066,0.72066,0.72041,78,1780510858.751,AUDUSD_otc
71,2026-06-03 18:21:00,0.72071,0.72058,0.72075,0.72042,67,1780510919.385,AUDUSD_otc
71,2026-06-03 18:22:00,0.72058,0.72067,0.72082,0.72058,71,1780510979.942,AUDUSD_otc
71,2026-06-03 18:23:00,0.72067,0.72078,0.72079,0.72059,75,1780511038.997,AUDUSD_otc
71,2026-06-03 18:24:00,0.72078,0.72072,0.72095,0.72068,76,1780511099.095,AUDUSD_otc
71,2026-06-03 18:25:00,0.72072,0.72102,0.72121,0.72072,88,1780511159.682,AUDUSD_otc
71,2026-06-03 18:26:00,0.72104,0.72067,0.72109,0.72065,88,1780511219.747,AUDUSD_otc
71,2026-06-03 18:27:00,0.72068,0.72012,0.72076,0.72007,86,1780511279.866,AUDUSD_otc
71,2026-06-03 18:28:00,0.72012,0.71997,0.72016,0.71983,84,1780511339.982,AUDUSD_otc
71,2026-06-03 18:29:00,0.71997,0.71978,0.72002,0.71963,79,1780511399.07,AUDUSD_otc
71,2026-06-03 18:30:00,0.7198,0.71989,0.71992,0.71972,86,1780511459.677,AUDUSD_otc
71,2026-06-03 18:31:00,0.71989,0.71952,0.7199,0.71952,74,1780511519.242,AUDUSD_otc
71,2026-06-03 18:32:00,0.71955,0.71951,0.71967,0.71939,83,1780511579.847,AUDUSD_otc
71,2026-06-03 18:33:00,0.71951,0.71968,0.71987,0.71951,72,1780511639.905,AUDUSD_otc
71,2026-06-03 18:34:00,0.71968,0.71954,0.7197,0.71954,67,1780511699.495,AUDUSD_otc
71,2026-06-03 18:35:00,0.71954,0.71947,0.71961,0.71937,74,1780511759.584,AUDUSD_otc
71,2026-06-03 18:36:00,0.71948,0.71952,0.71955,0.71925,85,1780511819.156,AUDUSD_otc
71,2026-06-03 18:37:00,0.71953,0.71962,0.71963,0.71935,80,1780511879.743,AUDUSD_otc
71,2026-06-03 18:38:00,0.71962,0.71941,0.71981,0.71933,81,1780511939.368,AUDUSD_otc
71,2026-06-03 18:39:00,0.71939,0.7194,0.71954,0.71934,76,1780511999.961,AUDUSD_otc
71,2026-06-03 18:40:00,0.7194,0.71907,0.7194,0.71907,73,1780512059.573,AUDUSD_otc
71,2026-06-03 18:41:00,0.71905,0.7188,0.71906,0.7188,77,1780512119.665,AUDUSD_otc
71,2026-06-03 18:42:00,0.7188,0.71877,0.71889,0.7187,82,1780512179.715,AUDUSD_otc
71,2026-06-03 18:43:00,0.71877,0.71879,0.71898,0.71863,82,1780512239.821,AUDUSD_otc
71,2026-06-03 18:44:00,0.71879,0.7193,0.71931,0.71875,82,1780512299.379,AUDUSD_otc
71,2026-06-03 18:45:00,0.7193,0.71938,0.71938,0.71904,79,1780512359.969,AUDUSD_otc
71,2026-06-03 18:46:00,0.71938,0.71924,0.71938,0.71902,85,1780512419.598,AUDUSD_otc
71,2026-06-03 18:47:00,0.71925,0.71992,0.71992,0.71916,92,1780512479.693,AUDUSD_otc
71,2026-06-03 18:48:00,0.71992,0.71936,0.71995,0.71934,78,1780512539.792,AUDUSD_otc
71,2026-06-03 18:49:00,0.71936,0.71918,0.71949,0.71885,80,1780512599.41,AUDUSD_otc
71,2026-06-03 18:50:00,0.71918,0.71937,0.7195,0.71917,85,1780512659.505,AUDUSD_otc
71,2026-06-03 18:51:00,0.7194,0.71985,0.71985,0.71924,91,1780512719.589,AUDUSD_otc
71,2026-06-03 18:52:00,0.71985,0.71993,0.72016,0.7198,81,1780512779.655,AUDUSD_otc
71,2026-06-03 18:53:00,0.71989,0.71967,0.7199,0.71953,75,1780512839.711,AUDUSD_otc
71,2026-06-03 18:54:00,0.71967,0.71978,0.71982,0.71956,74,1780512899.795,AUDUSD_otc
71,2026-06-03 18:55:00,0.71978,0.71957,0.71983,0.71948,78,1780512959.88,AUDUSD_otc
71,2026-06-03 18:56:00,0.71958,0.71959,0.71972,0.71948,73,1780513019.445,AUDUSD_otc
71,2026-06-03 18:57:00,0.71959,0.7196,0.71974,0.71955,88,1780513079.562,AUDUSD_otc
71,2026-06-03 18:58:00,0.71958,0.71945,0.71966,0.71928,77,1780513139.653,AUDUSD_otc
71,2026-06-03 18:59:00,0.71945,0.71951,0.7197,0.7193,84,1780513199.742,AUDUSD_otc
71,2026-06-03 19:00:00,0.71951,0.7193,0.71959,0.71917,84,1780513259.864,AUDUSD_otc
71,2026-06-03 19:01:00,0.7193,0.71947,0.71953,0.7193,76,1780513319.986,AUDUSD_otc
71,2026-06-03 19:02:00,0.71947,0.71942,0.71956,0.71937,78,1780513379.577,AUDUSD_otc
71,2026-06-03 19:03:00,0.71945,0.7192,0.71947,0.71911,79,1780513439.675,AUDUSD_otc
71,2026-06-03 19:04:00,0.7192,0.7195,0.71951,0.71917,77,1780513499.717,AUDUSD_otc
71,2026-06-03 19:05:00,0.7195,0.71913,0.71955,0.7191,75,1780513558.826,AUDUSD_otc
71,2026-06-03 19:06:00,0.71913,0.71884,0.71917,0.71879,85,1780513619.909,AUDUSD_otc
71,2026-06-03 19:07:00,0.71883,0.71891,0.71891,0.71876,83,1780513679.491,AUDUSD_otc
71,2026-06-03 19:08:00,0.71891,0.71889,0.71919,0.71889,79,1780513739.604,AUDUSD_otc
71,2026-06-03 19:09:00,0.71889,0.71899,0.71905,0.71889,78,1780513799.721,AUDUSD_otc
71,2026-06-03 19:10:00,0.71899,0.71886,0.71904,0.71878,79,1780513859.839,AUDUSD_otc
71,2026-06-03 19:11:00,0.71887,0.71902,0.71905,0.71882,83,1780513919.418,AUDUSD_otc
71,2026-06-03 19:12:00,0.71901,0.71896,0.7192,0.71887,77,1780513979.988,AUDUSD_otc
71,2026-06-03 19:13:00,0.71896,0.71919,0.71919,0.71871,71,1780514039.58,AUDUSD_otc
71,2026-06-03 19:14:00,0.71919,0.71905,0.7192,0.71899,77,1780514099.162,AUDUSD_otc
71,2026-06-03 19:15:00,0.71905,0.71919,0.71938,0.71905,85,1780514159.233,AUDUSD_otc
71,2026-06-03 19:16:00,0.71919,0.71966,0.71976,0.71912,72,1780514219.374,AUDUSD_otc
71,2026-06-03 19:17:00,0.71966,0.7194,0.71971,0.7194,69,1780514278.944,AUDUSD_otc
71,2026-06-03 19:18:00,0.7194,0.71908,0.71948,0.71906,81,1780514339.553,AUDUSD_otc
71,2026-06-03 19:19:00,0.71906,0.71856,0.71907,0.71854,80,1780514399.676,AUDUSD_otc
71,2026-06-03 19:20:00,0.71855,0.71848,0.71871,0.71838,83,1780514459.802,AUDUSD_otc
71,2026-06-03 19:21:00,0.71848,0.7182,0.71854,0.71819,75,1780514519.862,AUDUSD_otc
71,2026-06-03 19:22:00,0.7182,0.71831,0.71834,0.71796,82,1780514579.92,AUDUSD_otc
71,2026-06-03 19:23:00,0.71831,0.71865,0.71868,0.71821,75,1780514639.47,AUDUSD_otc
71,2026-06-03 19:24:00,0.71865,0.71851,0.71876,0.7184,76,1780514699.046,AUDUSD_otc
71,2026-06-03 19:25:00,0.71851,0.71836,0.71854,0.71823,76,1780514759.626,AUDUSD_otc
71,2026-06-03 19:26:00,0.71838,0.71863,0.71863,0.71823,84,1780514818.679,AUDUSD_otc
71,2026-06-03 19:27:00,0.71863,0.71884,0.71887,0.71861,88,1780514879.787,AUDUSD_otc
71,2026-06-03 19:28:00,0.71883,0.71885,0.71913,0.71876,72,1780514938.351,AUDUSD_otc
71,2026-06-03 19:29:00,0.71885,0.7189,0.71905,0.71881,77,1780514999.927,AUDUSD_otc
71,2026-06-03 19:30:00,0.71879,0.71905,0.71935,0.71879,79,1780515059.529,AUDUSD_otc
71,2026-06-03 19:31:00,0.71904,0.71891,0.71913,0.71876,90,1780515119.611,AUDUSD_otc
71,2026-06-03 19:32:00,0.71891,0.71842,0.71898,0.71832,82,1780515179.219,AUDUSD_otc
71,2026-06-03 19:33:00,0.71842,0.7184,0.71852,0.71832,78,1780515239.836,AUDUSD_otc
71,2026-06-03 19:34:00,0.7184,0.71819,0.71852,0.71814,77,1780515299.951,AUDUSD_otc
71,2026-06-03 19:35:00,0.71819,0.71825,0.71834,0.71816,76,1780515359.546,AUDUSD_otc
71,2026-06-03 19:36:00,0.71825,0.71868,0.71868,0.71817,80,1780515419.588,AUDUSD_otc
71,2026-06-03 19:37:00,0.71868,0.71911,0.71918,0.71867,81,1780515479.666,AUDUSD_otc
71,2026-06-03 19:38:00,0.71911,0.71944,0.71944,0.71906,78,1780515539.78,AUDUSD_otc
71,2026-06-03 19:39:00,0.71946,0.71968,0.71985,0.71938,75,1780515598.362,AUDUSD_otc
71,2026-06-03 19:40:00,0.71968,0.71981,0.71993,0.71966,81,1780515659.963,AUDUSD_otc
71,2026-06-03 19:41:00,0.71981,0.71983,0.71983,0.71962,83,1780515719.572,AUDUSD_otc
71,2026-06-03 19:42:00,0.71987,0.71993,0.72011,0.71987,79,1780515779.69,AUDUSD_otc
71,2026-06-03 19:43:00,0.71993,0.72012,0.72014,0.71983,83,1780515838.796,AUDUSD_otc
71,2026-06-03 19:44:00,0.7201,0.72023,0.72031,0.72005,72,1780515898.881,AUDUSD_otc
71,2026-06-03 19:45:00,0.72022,0.72002,0.72025,0.72001,90,1780515959.938,AUDUSD_otc
71,2026-06-03 19:46:00,0.72002,0.72005,0.72016,0.71989,78,1780516019.518,AUDUSD_otc
71,2026-06-03 19:47:00,0.72003,0.72029,0.72029,0.71989,82,1780516079.596,AUDUSD_otc
71,2026-06-03 19:48:00,0.72029,0.72049,0.72076,0.72021,77,1780516139.182,AUDUSD_otc
71,2026-06-03 19:49:00,0.72049,0.72027,0.72059,0.72027,85,1780516199.795,AUDUSD_otc
71,2026-06-03 19:50:00,0.72027,0.7202,0.72029,0.7201,75,1780516259.433,AUDUSD_otc
71,2026-06-03 19:51:00,0.7202,0.71988,0.72027,0.71985,81,1780516319.075,AUDUSD_otc
71,2026-06-03 19:52:00,0.71988,0.71946,0.71988,0.71942,79,1780516379.643,AUDUSD_otc
71,2026-06-03 19:53:00,0.71946,0.71954,0.71955,0.71933,78,1780516439.703,AUDUSD_otc
71,2026-06-03 19:54:00,0.71952,0.71967,0.71975,0.71944,79,1780516499.3,AUDUSD_otc
71,2026-06-03 19:55:00,0.71967,0.71971,0.71976,0.71953,79,1780516559.871,AUDUSD_otc
71,2026-06-03 19:56:00,0.71971,0.71968,0.71988,0.71954,84,1780516619.957,AUDUSD_otc
71,2026-06-03 19:57:00,0.71968,0.71997,0.71997,0.71962,75,1780516679.559,AUDUSD_otc
71,2026-06-03 19:58:00,0.71997,0.72007,0.72015,0.71989,77,1780516739.159,AUDUSD_otc
71,2026-06-03 19:59:00,0.72008,0.71968,0.72011,0.71965,82,1780516799.25,AUDUSD_otc
71,2026-06-03 20:00:00,0.71966,0.71958,0.71983,0.71953,79,1780516859.874,AUDUSD_otc
71,2026-06-03 20:01:00,0.7196,0.71968,0.71971,0.71952,81,1780516918.96,AUDUSD_otc
71,2026-06-03 20:02:00,0.71978,0.72006,0.72008,0.71977,77,1780516979.045,AUDUSD_otc
71,2026-06-03 20:03:00,0.72006,0.71997,0.7202,0.71987,80,1780517038.609,AUDUSD_otc
71,2026-06-03 20:04:00,0.71999,0.7198,0.72007,0.71975,83,1780517099.675,AUDUSD_otc
71,2026-06-03 20:05:00,0.71981,0.71968,0.71985,0.71953,81,1780517159.789,AUDUSD_otc
71,2026-06-03 20:06:00,0.71968,0.71944,0.71968,0.71937,81,1780517218.847,AUDUSD_otc
71,2026-06-03 20:07:00,0.71944,0.71937,0.71962,0.71932,84,1780517279.425,AUDUSD_otc
71,2026-06-03 20:08:00,0.71937,0.71936,0.71954,0.71928,75,1780517339.047,AUDUSD_otc
71,2026-06-03 20:09:00,0.71936,0.71933,0.71945,0.71916,82,1780517399.626,AUDUSD_otc
71,2026-06-03 20:10:00,0.71934,0.71911,0.71944,0.71904,78,1780517459.227,AUDUSD_otc
71,2026-06-03 20:11:00,0.71911,0.71967,0.71974,0.71911,87,1780517519.841,AUDUSD_otc
71,2026-06-03 20:12:00,0.71967,0.71993,0.72012,0.71967,87,1780517579.913,AUDUSD_otc
71,2026-06-03 20:13:00,0.71993,0.7192,0.71993,0.71917,85,1780517639.996,AUDUSD_otc
71,2026-06-03 20:14:00,0.7192,0.71902,0.7192,0.71891,82,1780517699.55,AUDUSD_otc
71,2026-06-03 20:15:00,0.71904,0.71858,0.71909,0.71854,86,1780517759.135,AUDUSD_otc
71,2026-06-03 20:16:00,0.71859,0.71887,0.71894,0.71859,72,1780517819.708,AUDUSD_otc
71,2026-06-03 20:17:00,0.71887,0.71875,0.71887,0.71845,86,1780517879.754,AUDUSD_otc
71,2026-06-03 20:18:00,0.71873,0.71873,0.7188,0.71856,71,1780517939.827,AUDUSD_otc
71,2026-06-03 20:19:00,0.71874,0.71871,0.71879,0.71856,89,1780517999.408,AUDUSD_otc
71,2026-06-03 20:20:00,0.71871,0.7188,0.71891,0.71868,76,1780518059.49,AUDUSD_otc
71,2026-06-03 20:21:00,0.7188,0.71873,0.71883,0.7186,80,1780518119.59,AUDUSD_otc
71,2026-06-03 20:22:00,0.71872,0.71908,0.7191,0.71872,75,1780518179.7,AUDUSD_otc
71,2026-06-03 20:23:00,0.71908,0.71941,0.71949,0.71901,75,1780518239.308,AUDUSD_otc
71,2026-06-03 20:24:00,0.71941,0.71923,0.71964,0.71923,79,1780518299.922,AUDUSD_otc
71,2026-06-03 20:25:00,0.71923,0.7193,0.71944,0.71917,74,1780518359.53,AUDUSD_otc
71,2026-06-03 20:26:00,0.7193,0.71917,0.71944,0.71909,84,1780518419.594,AUDUSD_otc
71,2026-06-03 20:27:00,0.71918,0.71942,0.71945,0.71918,77,1780518479.195,AUDUSD_otc
71,2026-06-03 20:28:00,0.71946,0.71959,0.7197,0.71945,73,1780518539.756,AUDUSD_otc
71,2026-06-03 20:29:00,0.71959,0.71933,0.71965,0.71926,81,1780518599.834,AUDUSD_otc
71,2026-06-03 20:30:00,0.71933,0.7196,0.71963,0.71909,89,1780518659.917,AUDUSD_otc
71,2026-06-03 20:31:00,0.7196,0.71971,0.71972,0.71951,84,1780518719.508,AUDUSD_otc
71,2026-06-03 20:32:00,0.71971,0.71959,0.71995,0.71959,81,1780518779.109,AUDUSD_otc
71,2026-06-03 20:33:00,0.71957,0.71964,0.7197,0.7195,83,1780518839.73,AUDUSD_otc
71,2026-06-03 20:34:00,0.71964,0.71964,0.71975,0.71936,83,1780518899.832,AUDUSD_otc
71,2026-06-03 20:35:00,0.71964,0.71976,0.71994,0.71963,82,1780518959.922,AUDUSD_otc
71,2026-06-03 20:36:00,0.71975,0.71966,0.71978,0.71942,75,1780519019.987,AUDUSD_otc
71,2026-06-03 20:37:00,0.71964,0.71938,0.71982,0.71934,80,1780519079.072,AUDUSD_otc
71,2026-06-03 20:38:00,0.7194,0.71947,0.71955,0.71927,74,1780519139.645,AUDUSD_otc
71,2026-06-03 20:39:00,0.71946,0.71959,0.71974,0.7193,81,1780519199.236,AUDUSD_otc
71,2026-06-03 20:40:00,0.71961,0.71961,0.71978,0.71954,82,1780519259.843,AUDUSD_otc
71,2026-06-03 20:41:00,0.71961,0.72004,0.72008,0.71956,85,1780519319.932,AUDUSD_otc
71,2026-06-03 20:42:00,0.72004,0.72002,0.72016,0.71984,80,1780519379.537,AUDUSD_otc
71,2026-06-03 20:43:00,0.72002,0.7202,0.7202,0.7198,85,1780519439.649,AUDUSD_otc
71,2026-06-03 20:44:00,0.7202,0.72019,0.72031,0.71991,84,1780519499.725,AUDUSD_otc
71,2026-06-03 20:45:00,0.72019,0.72027,0.72032,0.72001,74,1780519557.81,AUDUSD_otc
71,2026-06-03 20:46:00,0.72027,0.71995,0.72027,0.71986,74,1780519619.901,AUDUSD_otc
71,2026-06-03 20:47:00,0.71995,0.72002,0.72017,0.71992,84,1780519679.974,AUDUSD_otc
71,2026-06-03 20:48:00,0.72002,0.72026,0.72038,0.72,83,1780519739.56,AUDUSD_otc
71,2026-06-03 20:49:00,0.72026,0.7202,0.72034,0.72015,88,1780519799.639,AUDUSD_otc
71,2026-06-03 20:50:00,0.72018,0.72006,0.72028,0.72,72,1780519859.718,AUDUSD_otc
71,2026-06-03 20:51:00,0.72002,0.72018,0.72024,0.72002,77,1780519919.827,AUDUSD_otc
71,2026-06-03 20:52:00,0.72018,0.72036,0.72042,0.71998,80,1780519979.93,AUDUSD_otc
71,2026-06-03 20:53:00,0.72034,0.7203,0.72046,0.7201,81,1780520039.549,AUDUSD_otc
71,2026-06-03 20:54:00,0.72025,0.71983,0.72037,0.71978,86,1780520099.154,AUDUSD_otc
71,2026-06-03 20:55:00,0.71983,0.71974,0.71994,0.7195,73,1780520159.191,AUDUSD_otc
71,2026-06-03 20:56:00,0.71974,0.72008,0.72016,0.71974,78,1780520219.264,AUDUSD_otc
71,2026-06-03 20:57:00,0.7201,0.72036,0.72044,0.72007,82,1780520278.85,AUDUSD_otc
71,2026-06-03 20:58:00,0.72036,0.72054,0.7206,0.72027,69,1780520339.936,AUDUSD_otc
71,2026-06-03 20:59:00,0.72054,0.7207,0.72081,0.72049,82,1780520399.051,AUDUSD_otc
71,2026-06-03 21:00:00,0.72068,0.72056,0.72068,0.72034,83,1780520459.645,AUDUSD_otc
71,2026-06-03 21:01:00,0.72056,0.72021,0.72065,0.72021,81,1780520517.762,AUDUSD_otc
71,2026-06-03 21:02:00,0.72021,0.72021,0.7203,0.72004,76,1780520579.874,AUDUSD_otc
71,2026-06-03 21:03:00,0.72021,0.71991,0.72025,0.71985,80,1780520639.469,AUDUSD_otc
71,2026-06-03 21:04:00,0.71991,0.71999,0.72002,0.7197,75,1780520699.05,AUDUSD_otc
71,2026-06-03 21:05:00,0.71999,0.72011,0.72016,0.7199,79,1780520759.639,AUDUSD_otc
71,2026-06-03 21:06:00,0.72011,0.72027,0.72027,0.71998,78,1780520818.2,AUDUSD_otc
71,2026-06-03 21:07:00,0.72029,0.72034,0.72043,0.72016,81,1780520879.3,AUDUSD_otc
71,2026-06-03 21:08:00,0.72034,0.71965,0.7204,0.71963,87,1780520939.891,AUDUSD_otc
71,2026-06-03 21:09:00,0.71965,0.71976,0.71986,0.71954,81,1780520999.988,AUDUSD_otc
71,2026-06-03 21:10:00,0.71976,0.71981,0.71989,0.7196,69,1780521059.599,AUDUSD_otc
71,2026-06-03 21:11:00,0.71983,0.72,0.72011,0.71983,78,1780521118.204,AUDUSD_otc
71,2026-06-03 21:12:00,0.72002,0.72011,0.72015,0.71991,77,1780521179.773,AUDUSD_otc
71,2026-06-03 21:13:00,0.72011,0.72003,0.72022,0.71999,82,1780521238.336,AUDUSD_otc
71,2026-06-03 21:14:00,0.72003,0.72015,0.72017,0.71984,77,1780521298.405,AUDUSD_otc
71,2026-06-03 21:15:00,0.72015,0.72025,0.72025,0.7199,76,1780521359.502,AUDUSD_otc
71,2026-06-03 21:16:00,0.72025,0.72015,0.72031,0.72013,75,1780521419.082,AUDUSD_otc
71,2026-06-03 21:17:00,0.72015,0.71991,0.72016,0.71991,78,1780521478.161,AUDUSD_otc
71,2026-06-03 21:18:00,0.71993,0.71976,0.71996,0.71975,87,1780521539.762,AUDUSD_otc
71,2026-06-03 21:19:00,0.71976,0.71957,0.7198,0.71948,81,1780521598.361,AUDUSD_otc
71,2026-06-03 21:20:00,0.71957,0.71967,0.71969,0.71946,84,1780521658.979,AUDUSD_otc
71,2026-06-03 21:21:00,0.71967,0.71923,0.71981,0.7191,80,1780521719.594,AUDUSD_otc
71,2026-06-03 21:22:00,0.71923,0.71958,0.71962,0.71918,81,1780521779.194,AUDUSD_otc
71,2026-06-03 21:23:00,0.71957,0.71952,0.71965,0.7194,81,1780521839.78,AUDUSD_otc
71,2026-06-03 21:24:00,0.71952,0.71908,0.71952,0.7189,83,1780521899.336,AUDUSD_otc
71,2026-06-03 21:25:00,0.71908,0.71902,0.7193,0.719,73,1780521959.889,AUDUSD_otc
71,2026-06-03 21:26:00,0.71902,0.71902,0.71905,0.71884,77,1780522019.987,AUDUSD_otc
71,2026-06-03 21:27:00,0.71902,0.71898,0.71911,0.71893,86,1780522079.565,AUDUSD_otc
71,2026-06-03 21:28:00,0.71897,0.719,0.71914,0.71892,82,1780522139.647,AUDUSD_otc
71,2026-06-03 21:29:00,0.71899,0.719,0.7191,0.71885,84,1780522199.748,AUDUSD_otc
71,2026-06-03 21:30:00,0.71894,0.71911,0.71917,0.71882,81,1780522259.855,AUDUSD_otc
71,2026-06-03 21:31:00,0.71911,0.71943,0.71943,0.71896,83,1780522319.952,AUDUSD_otc
71,2026-06-03 21:32:00,0.71943,0.71967,0.71979,0.71943,72,1780522379.561,AUDUSD_otc
71,2026-06-03 21:33:00,0.71968,0.7197,0.71978,0.71948,74,1780522439.659,AUDUSD_otc
71,2026-06-03 21:34:00,0.71969,0.72008,0.72008,0.71965,78,1780522499.254,AUDUSD_otc
71,2026-06-03 21:35:00,0.72008,0.72005,0.72014,0.71983,79,1780522559.833,AUDUSD_otc
71,2026-06-03 21:36:00,0.72005,0.71994,0.72026,0.71994,76,1780522619.898,AUDUSD_otc
71,2026-06-03 21:37:00,0.71994,0.72042,0.72042,0.71994,76,1780522679.512,AUDUSD_otc
71,2026-06-03 21:38:00,0.72054,0.72054,0.72059,0.72025,83,1780522739.602,AUDUSD_otc
71,2026-06-03 21:39:00,0.72052,0.72069,0.72098,0.72044,92,1780522799.712,AUDUSD_otc
71,2026-06-03 21:40:00,0.72069,0.72083,0.72101,0.72068,69,1780522856.811,AUDUSD_otc
71,2026-06-03 21:41:00,0.72083,0.72065,0.72089,0.72056,80,1780522918.41,AUDUSD_otc
71,2026-06-03 21:42:00,0.72065,0.72075,0.72077,0.7206,84,1780522979.49,AUDUSD_otc
71,2026-06-03 21:43:00,0.72075,0.72046,0.72086,0.72046,81,1780523039.564,AUDUSD_otc
71,2026-06-03 21:44:00,0.72049,0.7202,0.72056,0.7202,80,1780523099.12,AUDUSD_otc
71,2026-06-03 21:45:00,0.7202,0.72061,0.72065,0.72019,82,1780523159.237,AUDUSD_otc
71,2026-06-03 21:46:00,0.72061,0.72056,0.7207,0.72053,89,1780523219.802,AUDUSD_otc
71,2026-06-03 21:47:00,0.72057,0.72045,0.7207,0.72041,85,1780523279.886,AUDUSD_otc
71,2026-06-03 21:48:00,0.72044,0.72045,0.72066,0.72033,82,1780523339.988,AUDUSD_otc
71,2026-06-03 21:49:00,0.72045,0.7203,0.72049,0.72015,68,1780523399.582,AUDUSD_otc
71,2026-06-03 21:50:00,0.72032,0.72036,0.72036,0.72003,86,1780523459.696,AUDUSD_otc
71,2026-06-03 21:51:00,0.72035,0.72047,0.72084,0.72035,79,1780523519.806,AUDUSD_otc
71,2026-06-03 21:52:00,0.72049,0.72055,0.72058,0.72044,84,1780523579.372,AUDUSD_otc
71,2026-06-03 21:53:00,0.72055,0.72036,0.72059,0.72031,80,1780523639.445,AUDUSD_otc
71,2026-06-03 21:54:00,0.72036,0.72019,0.72038,0.72017,77,1780523699.501,AUDUSD_otc
71,2026-06-03 21:55:00,0.72019,0.72038,0.72044,0.72013,73,1780523759.556,AUDUSD_otc
71,2026-06-03 21:56:00,0.72039,0.72035,0.72039,0.72021,74,1780523819.136,AUDUSD_otc
71,2026-06-03 21:57:00,0.72038,0.72048,0.72076,0.72033,73,1780523879.707,AUDUSD_otc
71,2026-06-03 21:58:00,0.72048,0.72046,0.72061,0.72033,82,1780523939.276,AUDUSD_otc
71,2026-06-03 21:59:00,0.72046,0.72065,0.72083,0.72038,78,1780523999.377,AUDUSD_otc
71,2026-06-03 22:00:00,0.72065,0.72039,0.72065,0.72033,73,1780524059.445,AUDUSD_otc
71,2026-06-03 22:01:00,0.72039,0.72069,0.72073,0.72038,79,1780524119.015,AUDUSD_otc
71,2026-06-03 22:02:00,0.72068,0.7202,0.72068,0.72018,83,1780524179.628,AUDUSD_otc
71,2026-06-03 22:03:00,0.72019,0.7202,0.72036,0.72015,77,1780524239.225,AUDUSD_otc
71,2026-06-03 22:04:00,0.7202,0.72039,0.72052,0.72018,71,1780524299.333,AUDUSD_otc
71,2026-06-03 22:05:00,0.72039,0.7204,0.7204,0.72015,77,1780524359.957,AUDUSD_otc
71,2026-06-03 22:06:00,0.7204,0.72056,0.72064,0.72021,80,1780524419.506,AUDUSD_otc
71,2026-06-03 22:07:00,0.72055,0.72066,0.72072,0.72054,79,1780524479.105,AUDUSD_otc
71,2026-06-03 22:08:00,0.72066,0.72055,0.72075,0.72042,82,1780524539.679,AUDUSD_otc
71,2026-06-03 22:09:00,0.72055,0.72048,0.72072,0.72046,84,1780524599.728,AUDUSD_otc
71,2026-06-03 22:10:00,0.7205,0.72053,0.7207,0.72035,71,1780524658.836,AUDUSD_otc
71,2026-06-03 22:11:00,0.72053,0.72039,0.72059,0.72038,76,1780524719.405,AUDUSD_otc
71,2026-06-03 22:12:00,0.72039,0.72066,0.72082,0.72019,81,1780524779.508,AUDUSD_otc
71,2026-06-03 22:13:00,0.72069,0.72076,0.72096,0.72061,84,1780524839.601,AUDUSD_otc
71,2026-06-03 22:14:00,0.72077,0.72064,0.72081,0.72057,82,1780524899.708,AUDUSD_otc
71,2026-06-03 22:15:00,0.72064,0.72086,0.72087,0.72064,80,1780524959.821,AUDUSD_otc
71,2026-06-03 22:16:00,0.72086,0.72096,0.72103,0.72084,76,1780525018.917,AUDUSD_otc
71,2026-06-03 22:17:00,0.72096,0.72114,0.7212,0.72091,87,1780525079.486,AUDUSD_otc
71,2026-06-03 22:18:00,0.72114,0.72106,0.72125,0.7209,82,1780525139.549,AUDUSD_otc
71,2026-06-03 22:19:00,0.72104,0.72134,0.72134,0.72099,86,1780525199.123,AUDUSD_otc
71,2026-06-03 22:20:00,0.72131,0.72176,0.72178,0.72128,80,1780525259.192,AUDUSD_otc
71,2026-06-03 22:21:00,0.72177,0.72165,0.72206,0.7216,85,1780525319.785,AUDUSD_otc
71,2026-06-03 22:22:00,0.7216,0.72166,0.72166,0.7214,77,1780525379.331,AUDUSD_otc
71,2026-06-03 22:23:00,0.72151,0.72154,0.72172,0.72134,85,1780525439.925,AUDUSD_otc
71,2026-06-03 22:24:00,0.72154,0.72179,0.72182,0.72154,78,1780525499.5,AUDUSD_otc
71,2026-06-03 22:25:00,0.72179,0.72208,0.72213,0.72178,76,1780525559.588,AUDUSD_otc
71,2026-06-03 22:26:00,0.72208,0.72191,0.72211,0.72176,72,1780525619.693,AUDUSD_otc
71,2026-06-03 22:27:00,0.72191,0.72194,0.72209,0.72184,81,1780525678.779,AUDUSD_otc
71,2026-06-03 22:28:00,0.72193,0.72178,0.72198,0.72154,84,1780525739.886,AUDUSD_otc
71,2026-06-03 22:29:00,0.72178,0.72126,0.72184,0.72121,80,1780525799.984,AUDUSD_otc
71,2026-06-03 22:30:00,0.72126,0.7214,0.7214,0.72116,83,1780525859.535,AUDUSD_otc
71,2026-06-03 22:31:00,0.72142,0.72144,0.72161,0.72136,70,1780525919.101,AUDUSD_otc
71,2026-06-03 22:32:00,0.72138,0.72143,0.72156,0.72128,82,1780525979.68,AUDUSD_otc
71,2026-06-03 22:33:00,0.7214,0.72141,0.72168,0.72134,85,1780526039.749,AUDUSD_otc
71,2026-06-03 22:34:00,0.72141,0.72172,0.72173,0.72134,79,1780526098.354,AUDUSD_otc
71,2026-06-03 22:35:00,0.72172,0.72144,0.72172,0.72133,73,1780526159.93,AUDUSD_otc
71,2026-06-03 22:36:00,0.72144,0.72168,0.7218,0.72139,74,1780526219.516,AUDUSD_otc
71,2026-06-03 22:37:00,0.72165,0.72177,0.72183,0.72162,82,1780526279.136,AUDUSD_otc
71,2026-06-03 22:38:00,0.7218,0.72126,0.72185,0.72123,88,1780526339.218,AUDUSD_otc
71,2026-06-03 22:39:00,0.72127,0.72104,0.72127,0.72103,73,1780526399.34,AUDUSD_otc
71,2026-06-03 22:40:00,0.72104,0.72112,0.72119,0.72088,77,1780526459.441,AUDUSD_otc
71,2026-06-03 22:41:00,0.72112,0.72132,0.72133,0.72112,75,1780526519.98,AUDUSD_otc
71,2026-06-03 22:42:00,0.72134,0.7212,0.72139,0.72115,76,1780526579.573,AUDUSD_otc
71,2026-06-03 22:43:00,0.7212,0.72146,0.72161,0.72119,70,1780526639.142,AUDUSD_otc
71,2026-06-03 22:44:00,0.72149,0.72132,0.72155,0.72125,78,1780526699.213,AUDUSD_otc
71,2026-06-03 22:45:00,0.72131,0.72105,0.72138,0.72102,75,1780526759.816,AUDUSD_otc
71,2026-06-03 22:46:00,0.72107,0.7207,0.72107,0.72057,85,1780526819.881,AUDUSD_otc
71,2026-06-03 22:47:00,0.7207,0.7209,0.72097,0.72053,79,1780526878.969,AUDUSD_otc
71,2026-06-03 22:48:00,0.7209,0.72088,0.72096,0.72067,76,1780526939.584,AUDUSD_otc
71,2026-06-03 22:49:00,0.72086,0.72138,0.72145,0.7207,84,1780526999.666,AUDUSD_otc
71,2026-06-03 22:50:00,0.72138,0.72169,0.72169,0.72138,90,1780527059.77,AUDUSD_otc
71,2026-06-03 22:51:00,0.72169,0.72148,0.72174,0.72134,85,1780527119.872,AUDUSD_otc
71,2026-06-03 22:52:00,0.72148,0.72136,0.72157,0.7212,79,1780527179.94,AUDUSD_otc
71,2026-06-03 22:53:00,0.72136,0.72109,0.7215,0.72109,71,1780527239.523,AUDUSD_otc
71,2026-06-03 22:54:00,0.72108,0.72126,0.72136,0.72108,77,1780527298.589,AUDUSD_otc
71,2026-06-03 22:55:00,0.7213,0.72079,0.7213,0.72058,79,1780527359.652,AUDUSD_otc
71,2026-06-03 22:56:00,0.72078,0.7209,0.7209,0.72062,84,1780527419.74,AUDUSD_otc
71,2026-06-03 22:57:00,0.72089,0.72065,0.72094,0.72059,82,1780527479.824,AUDUSD_otc
71,2026-06-03 22:58:00,0.72057,0.72056,0.7207,0.72035,82,1780527539.893,AUDUSD_otc
71,2026-06-03 22:59:00,0.72056,0.72022,0.72061,0.72014,77,1780527599.009,AUDUSD_otc
71,2026-06-03 23:00:00,0.72022,0.71995,0.72029,0.71983,74,1780527659.588,AUDUSD_otc
71,2026-06-03 23:01:00,0.71994,0.71956,0.71994,0.71935,81,1780527719.686,AUDUSD_otc
71,2026-06-03 23:02:00,0.71959,0.71948,0.71976,0.71938,71,1780527779.789,AUDUSD_otc
71,2026-06-03 23:03:00,0.71948,0.71952,0.71962,0.7193,80,1780527839.896,AUDUSD_otc
71,2026-06-03 23:04:00,0.71953,0.71984,0.71984,0.71946,79,1780527898.969,AUDUSD_otc
71,2026-06-03 23:05:00,0.7199,0.7203,0.72031,0.7199,75,1780527959.018,AUDUSD_otc
71,2026-06-03 23:06:00,0.7203,0.72028,0.7203,0.72011,80,1780528019.583,AUDUSD_otc
71,2026-06-03 23:07:00,0.72028,0.71981,0.72032,0.71981,73,1780528079.191,AUDUSD_otc
71,2026-06-03 23:08:00,0.71981,0.7202,0.7202,0.71961,80,1780528137.268,AUDUSD_otc
71,2026-06-03 23:09:00,0.7202,0.7206,0.72063,0.7202,81,1780528199.852,AUDUSD_otc
71,2026-06-03 23:10:00,0.7206,0.72056,0.72066,0.72042,78,1780528259.437,AUDUSD_otc
71,2026-06-03 23:11:00,0.72056,0.72032,0.72056,0.72024,78,1780528319.536,AUDUSD_otc
71,2026-06-03 23:12:00,0.72032,0.72005,0.72033,0.71997,79,1780528379.627,AUDUSD_otc
71,2026-06-03 23:13:00,0.72006,0.71967,0.72008,0.71953,69,1780528439.725,AUDUSD_otc
71,2026-06-03 23:14:00,0.71967,0.71992,0.71994,0.71965,74,1780528499.34,AUDUSD_otc
71,2026-06-03 23:15:00,0.71993,0.71963,0.72002,0.71959,83,1780528559.923,AUDUSD_otc
71,2026-06-03 23:16:00,0.71962,0.71968,0.71976,0.71952,79,1780528618.464,AUDUSD_otc
71,2026-06-03 23:17:00,0.71971,0.71972,0.71993,0.71963,75,1780528679.532,AUDUSD_otc
71,2026-06-03 23:18:00,0.71974,0.71991,0.71996,0.7197,83,1780528739.613,AUDUSD_otc
71,2026-06-03 23:19:00,0.71981,0.71979,0.71995,0.71973,64,1780528799.181,AUDUSD_otc
71,2026-06-03 23:20:00,0.71975,0.72008,0.72017,0.71971,79,1780528859.295,AUDUSD_otc
71,2026-06-03 23:21:00,0.72008,0.72021,0.72037,0.72,80,1780528919.855,AUDUSD_otc
71,2026-06-03 23:22:00,0.72021,0.72076,0.72076,0.72021,86,1780528979.435,AUDUSD_otc
71,2026-06-03 23:23:00,0.72076,0.72037,0.72076,0.72035,88,1780529039.53,AUDUSD_otc
71,2026-06-03 23:24:00,0.72037,0.72029,0.72051,0.72019,80,1780529099.623,AUDUSD_otc
71,2026-06-03 23:25:00,0.72029,0.72006,0.7204,0.72006,75,1780529159.233,AUDUSD_otc
71,2026-06-03 23:26:00,0.72006,0.72016,0.72018,0.72002,88,1780529219.342,AUDUSD_otc
71,2026-06-03 23:27:00,0.72016,0.72049,0.72051,0.72014,78,1780529278.929,AUDUSD_otc
71,2026-06-03 23:28:00,0.72049,0.72033,0.7206,0.72033,72,1780529338.534,AUDUSD_otc
71,2026-06-03 23:29:00,0.72033,0.72041,0.72051,0.72017,78,1780529399.12,AUDUSD_otc
71,2026-06-03 23:30:00,0.72041,0.72032,0.72042,0.7202,81,1780529459.698,AUDUSD_otc
71,2026-06-03 23:31:00,0.72032,0.72039,0.72051,0.72032,79,1780529519.786,AUDUSD_otc
71,2026-06-03 23:32:00,0.72038,0.72032,0.72042,0.72024,70,1780529579.872,AUDUSD_otc
71,2026-06-03 23:33:00,0.72032,0.72014,0.72034,0.72006,77,1780529639.467,AUDUSD_otc
71,2026-06-03 23:34:00,0.72014,0.72023,0.72027,0.72002,84,1780529699.58,AUDUSD_otc
71,2026-06-03 23:35:00,0.72021,0.71965,0.72023,0.71963,89,1780529759.675,AUDUSD_otc
71,2026-06-03 23:36:00,0.71967,0.71983,0.71983,0.71962,80,1780529819.761,AUDUSD_otc
71,2026-06-03 23:37:00,0.71983,0.72005,0.72024,0.71983,79,1780529879.864,AUDUSD_otc
71,2026-06-03 23:38:00,0.72004,0.71994,0.72005,0.71962,72,1780529939.911,AUDUSD_otc
71,2026-06-03 23:39:00,0.71988,0.71972,0.72003,0.71968,83,1780529999.982,AUDUSD_otc
71,2026-06-03 23:40:00,0.71964,0.71934,0.71979,0.71923,84,1780530058.039,AUDUSD_otc
71,2026-06-03 23:41:00,0.71934,0.71976,0.71977,0.7193,84,1780530119.592,AUDUSD_otc
71,2026-06-03 23:42:00,0.71976,0.71959,0.72002,0.71949,89,1780530179.684,AUDUSD_otc
71,2026-06-03 23:43:00,0.71959,0.71986,0.71986,0.71959,79,1780530238.761,AUDUSD_otc
71,2026-06-03 23:44:00,0.71986,0.72002,0.72014,0.71983,77,1780530299.848,AUDUSD_otc
71,2026-06-03 23:45:00,0.72002,0.72005,0.72007,0.71987,82,1780530359.461,AUDUSD_otc
71,2026-06-03 23:46:00,0.72005,0.72034,0.72049,0.72001,80,1780530419.047,AUDUSD_otc
71,2026-06-03 23:47:00,0.72034,0.72045,0.72055,0.72028,82,1780530479.654,AUDUSD_otc
71,2026-06-03 23:48:00,0.72045,0.72032,0.72061,0.72024,76,1780530539.264,AUDUSD_otc
71,2026-06-03 23:49:00,0.72032,0.71998,0.7204,0.71984,78,1780530599.816,AUDUSD_otc
71,2026-06-03 23:50:00,0.71989,0.71997,0.71997,0.71968,82,1780530659.917,AUDUSD_otc
71,2026-06-03 23:51:00,0.71995,0.7199,0.71997,0.71966,85,1780530719.992,AUDUSD_otc
71,2026-06-03 23:52:00,0.71992,0.72014,0.72035,0.71986,87,1780530779.567,AUDUSD_otc
71,2026-06-03 23:53:00,0.72013,0.71984,0.72023,0.71982,81,1780530839.67,AUDUSD_otc
71,2026-06-03 23:54:00,0.71986,0.72003,0.7201,0.7198,80,1780530899.756,AUDUSD_otc
71,2026-06-03 23:55:00,0.72003,0.71984,0.72008,0.71972,80,1780530959.354,AUDUSD_otc
71,2026-06-03 23:56:00,0.71986,0.71961,0.71997,0.71957,76,1780531019.959,AUDUSD_otc
71,2026-06-03 23:57:00,0.71961,0.71942,0.71969,0.71933,80,1780531079.546,AUDUSD_otc
71,2026-06-03 23:58:00,0.71942,0.71991,0.72,0.71942,90,1780531139.634,AUDUSD_otc
71,2026-06-03 23:59:00,0.71991,0.72019,0.72024,0.71985,79,1780531199.218,AUDUSD_otc
71,2026-06-04 00:00:00,0.72019,0.72005,0.7203,0.71983,84,1780531259.78,AUDUSD_otc
71,2026-06-04 00:01:00,0.72005,0.71986,0.72005,0.71973,85,1780531319.387,AUDUSD_otc
71,2026-06-04 00:02:00,0.71986,0.72061,0.72069,0.71986,78,1780531379.466,AUDUSD_otc
71,2026-06-04 00:03:00,0.72061,0.72048,0.72071,0.72043,89,1780531439.043,AUDUSD_otc
71,2026-06-04 00:04:00,0.72049,0.7206,0.72073,0.72034,88,1780531499.646,AUDUSD_otc
71,2026-06-04 00:05:00,0.7206,0.72023,0.72072,0.72019,75,1780531559.746,AUDUSD_otc
71,2026-06-04 00:06:00,0.72025,0.7205,0.72056,0.72009,88,1780531619.838,AUDUSD_otc
71,2026-06-04 00:07:00,0.7205,0.72053,0.72064,0.72042,79,1780531679.96,AUDUSD_otc
71,2026-06-04 00:08:00,0.72053,0.72087,0.72087,0.72052,82,1780531739.556,AUDUSD_otc
71,2026-06-04 00:09:00,0.72087,0.72073,0.72105,0.72073,79,1780531798.64,AUDUSD_otc
71,2026-06-04 00:10:00,0.72074,0.72042,0.72074,0.7204,78,1780531859.693,AUDUSD_otc
71,2026-06-04 00:11:00,0.72042,0.72061,0.72061,0.72041,69,1780531919.247,AUDUSD_otc
71,2026-06-04 00:12:00,0.7206,0.7209,0.72092,0.72047,83,1780531979.838,AUDUSD_otc
71,2026-06-04 00:13:00,0.7209,0.72136,0.72147,0.72088,80,1780532039.898,AUDUSD_otc
71,2026-06-04 00:14:00,0.72136,0.72116,0.72143,0.72107,77,1780532099.975,AUDUSD_otc
71,2026-06-04 00:15:00,0.7212,0.72138,0.72142,0.72108,80,1780532159.552,AUDUSD_otc
71,2026-06-04 00:16:00,0.72136,0.72162,0.72163,0.72132,78,1780532218.133,AUDUSD_otc
71,2026-06-04 00:17:00,0.72162,0.72175,0.72177,0.72145,87,1780532279.721,AUDUSD_otc
71,2026-06-04 00:18:00,0.72175,0.72198,0.7221,0.72175,73,1780532339.83,AUDUSD_otc
71,2026-06-04 00:19:00,0.72198,0.72226,0.72226,0.72194,88,1780532398.933,AUDUSD_otc
71,2026-06-04 00:20:00,0.72226,0.72234,0.72256,0.72222,75,1780532459.535,AUDUSD_otc
71,2026-06-04 00:21:00,0.72234,0.72231,0.72241,0.72208,77,1780532519.131,AUDUSD_otc
71,2026-06-04 00:22:00,0.72231,0.72208,0.72235,0.72207,74,1780532579.701,AUDUSD_otc
71,2026-06-04 00:23:00,0.7221,0.72201,0.72228,0.722,77,1780532638.793,AUDUSD_otc
71,2026-06-04 00:24:00,0.72201,0.72179,0.72204,0.72175,76,1780532699.857,AUDUSD_otc
71,2026-06-04 00:25:00,0.72177,0.72164,0.72181,0.72146,80,1780532759.929,AUDUSD_otc
71,2026-06-04 00:26:00,0.72164,0.72164,0.72183,0.72155,79,1780532819.511,AUDUSD_otc
71,2026-06-04 00:27:00,0.72158,0.72195,0.72195,0.72158,80,1780532879.585,AUDUSD_otc
71,2026-06-04 00:28:00,0.72195,0.72245,0.72262,0.72195,85,1780532939.181,AUDUSD_otc
71,2026-06-04 00:29:00,0.72233,0.72234,0.72246,0.72228,81,1780532999.795,AUDUSD_otc
71,2026-06-04 00:30:00,0.72231,0.72254,0.72268,0.72231,82,1780533059.907,AUDUSD_otc
71,2026-06-04 00:31:00,0.72254,0.72236,0.72254,0.72229,71,1780533119.5,AUDUSD_otc
71,2026-06-04 00:32:00,0.72236,0.72249,0.72251,0.72225,82,1780533179.579,AUDUSD_otc
71,2026-06-04 00:33:00,0.72249,0.72262,0.72262,0.72237,79,1780533239.645,AUDUSD_otc
71,2026-06-04 00:34:00,0.72261,0.7223,0.72267,0.72219,75,1780533299.23,AUDUSD_otc
71,2026-06-04 00:35:00,0.7223,0.72182,0.72236,0.72178,78,1780533359.788,AUDUSD_otc
71,2026-06-04 00:36:00,0.72182,0.72175,0.72208,0.72158,75,1780533419.876,AUDUSD_otc
71,2026-06-04 00:37:00,0.72175,0.72167,0.72185,0.72159,72,1780533479.953,AUDUSD_otc
71,2026-06-04 00:38:00,0.72167,0.72154,0.72196,0.72154,84,1780533539.022,AUDUSD_otc
71,2026-06-04 00:39:00,0.72154,0.72165,0.72173,0.72145,74,1780533599.644,AUDUSD_otc
71,2026-06-04 00:40:00,0.72165,0.72183,0.72189,0.72154,88,1780533659.756,AUDUSD_otc
71,2026-06-04 00:41:00,0.72181,0.7214,0.72181,0.72133,81,1780533719.362,AUDUSD_otc
71,2026-06-04 00:42:00,0.7214,0.72153,0.7216,0.72139,84,1780533779.966,AUDUSD_otc
71,2026-06-04 00:43:00,0.72153,0.7216,0.72183,0.72152,77,1780533839.501,AUDUSD_otc
71,2026-06-04 00:44:00,0.7216,0.72158,0.72166,0.72131,79,1780533899.576,AUDUSD_otc
71,2026-06-04 00:45:00,0.72159,0.72118,0.72173,0.72114,79,1780533959.166,AUDUSD_otc
71,2026-06-04 00:46:00,0.72118,0.72098,0.72122,0.72096,78,1780534019.729,AUDUSD_otc
71,2026-06-04 00:47:00,0.72098,0.72099,0.72134,0.72097,82,1780534079.831,AUDUSD_otc
71,2026-06-04 00:48:00,0.72097,0.72056,0.72097,0.72046,83,1780534139.908,AUDUSD_otc
71,2026-06-04 00:49:00,0.72056,0.72077,0.72088,0.72039,77,1780534199.98,AUDUSD_otc
71,2026-06-04 00:50:00,0.72077,0.72108,0.72112,0.72074,87,1780534259.09,AUDUSD_otc
71,2026-06-04 00:51:00,0.7211,0.72125,0.72125,0.72098,77,1780534319.711,AUDUSD_otc
71,2026-06-04 00:52:00,0.72123,0.72156,0.72156,0.72123,82,1780534379.799,AUDUSD_otc
71,2026-06-04 00:53:00,0.72159,0.72153,0.72159,0.72139,75,1780534439.407,AUDUSD_otc
71,2026-06-04 00:54:00,0.72153,0.72151,0.72182,0.72149,83,1780534499.952,AUDUSD_otc
71,2026-06-04 00:55:00,0.72151,0.72147,0.72182,0.72147,79,1780534559.546,AUDUSD_otc
71,2026-06-04 00:56:00,0.72149,0.72142,0.72181,0.72134,80,1780534618.625,AUDUSD_otc
71,2026-06-04 00:57:00,0.72135,0.72127,0.7214,0.72114,77,1780534679.184,AUDUSD_otc
71,2026-06-04 00:58:00,0.72127,0.72135,0.72144,0.72101,80,1780534739.803,AUDUSD_otc
71,2026-06-04 00:59:00,0.72135,0.72177,0.72179,0.72123,74,1780534798.906,AUDUSD_otc
71,2026-06-04 01:00:00,0.72177,0.72181,0.72187,0.72162,79,1780534859.998,AUDUSD_otc
71,2026-06-04 01:01:00,0.72181,0.72204,0.72204,0.72181,89,1780534919.604,AUDUSD_otc
71,2026-06-04 01:02:00,0.72205,0.72225,0.7224,0.72205,82,1780534979.713,AUDUSD_otc
71,2026-06-04 01:03:00,0.72225,0.72226,0.72232,0.72214,82,1780535039.806,AUDUSD_otc
71,2026-06-04 01:04:00,0.72226,0.72183,0.7223,0.72179,79,1780535099.878,AUDUSD_otc
71,2026-06-04 01:05:00,0.72182,0.72177,0.72186,0.72163,84,1780535159.95,AUDUSD_otc
71,2026-06-04 01:06:00,0.72175,0.72163,0.72183,0.72162,81,1780535218.545,AUDUSD_otc
71,2026-06-04 01:07:00,0.72163,0.72115,0.72165,0.72102,82,1780535279.611,AUDUSD_otc
71,2026-06-04 01:08:00,0.72113,0.7212,0.72133,0.72107,81,1780535339.19,AUDUSD_otc
71,2026-06-04 01:09:00,0.72133,0.72158,0.72163,0.72119,83,1780535399.807,AUDUSD_otc
71,2026-06-04 01:10:00,0.72156,0.72202,0.72214,0.72156,83,1780535459.39,AUDUSD_otc
71,2026-06-04 01:11:00,0.72202,0.72194,0.72223,0.72189,85,1780535519.999,AUDUSD_otc
71,2026-06-04 01:12:00,0.72194,0.72204,0.72205,0.72175,70,1780535579.615,AUDUSD_otc
71,2026-06-04 01:13:00,0.72204,0.72158,0.72218,0.72158,72,1780535639.671,AUDUSD_otc
71,2026-06-04 01:14:00,0.72158,0.72177,0.72177,0.72136,86,1780535699.745,AUDUSD_otc
71,2026-06-04 01:15:00,0.72177,0.72172,0.72185,0.72149,77,1780535759.805,AUDUSD_otc
71,2026-06-04 01:16:00,0.72172,0.72144,0.72175,0.7213,88,1780535819.867,AUDUSD_otc
71,2026-06-04 01:17:00,0.72144,0.72184,0.72185,0.72144,80,1780535879.95,AUDUSD_otc
71,2026-06-04 01:18:00,0.72184,0.72162,0.72186,0.72146,78,1780535939.512,AUDUSD_otc
71,2026-06-04 01:19:00,0.72158,0.72213,0.72218,0.72156,93,1780535998.596,AUDUSD_otc
71,2026-06-04 01:20:00,0.72212,0.72223,0.72235,0.7221,87,1780536059.686,AUDUSD_otc
71,2026-06-04 01:21:00,0.72223,0.72197,0.72223,0.72189,81,1780536119.772,AUDUSD_otc
71,2026-06-04 01:22:00,0.72197,0.72171,0.72215,0.72171,94,1780536179.867,AUDUSD_otc
71,2026-06-04 01:23:00,0.7217,0.72162,0.72182,0.72153,82,1780536239.977,AUDUSD_otc
71,2026-06-04 01:24:00,0.72158,0.72133,0.72167,0.72131,79,1780536299.091,AUDUSD_otc
71,2026-06-04 01:25:00,0.72133,0.72136,0.72143,0.72113,77,1780536359.182,AUDUSD_otc
71,2026-06-04 01:26:00,0.72139,0.72165,0.7217,0.72135,80,1780536419.749,AUDUSD_otc
71,2026-06-04 01:27:00,0.72163,0.72155,0.72173,0.72146,81,1780536479.81,AUDUSD_otc
71,2026-06-04 01:28:00,0.72154,0.72159,0.72172,0.72146,83,1780536539.387,AUDUSD_otc
71,2026-06-04 01:29:00,0.72159,0.72171,0.72204,0.72159,83,1780536599.951,AUDUSD_otc
71,2026-06-04 01:30:00,0.72171,0.72201,0.72204,0.72164,84,1780536659.526,AUDUSD_otc
71,2026-06-04 01:31:00,0.7219,0.72185,0.72202,0.72172,83,1780536719.617,AUDUSD_otc
71,2026-06-04 01:32:00,0.72185,0.72192,0.72193,0.72166,80,1780536779.699,AUDUSD_otc
71,2026-06-04 01:33:00,0.72192,0.72188,0.72207,0.7218,85,1780536839.789,AUDUSD_otc
71,2026-06-04 01:34:00,0.72188,0.72212,0.72212,0.72186,87,1780536899.882,AUDUSD_otc
71,2026-06-04 01:35:00,0.72212,0.72211,0.72217,0.72188,79,1780536959.964,AUDUSD_otc
71,2026-06-04 01:36:00,0.72211,0.72245,0.72247,0.722,74,1780537019.071,AUDUSD_otc
71,2026-06-04 01:37:00,0.72245,0.72242,0.72247,0.72223,79,1780537079.174,AUDUSD_otc
71,2026-06-04 01:38:00,0.72243,0.72254,0.72267,0.72243,91,1780537139.778,AUDUSD_otc
71,2026-06-04 01:39:00,0.72256,0.72213,0.72269,0.72213,75,1780537195.837,AUDUSD_otc
71,2026-06-04 01:40:00,0.72213,0.72214,0.72219,0.72183,81,1780537259.422,AUDUSD_otc
71,2026-06-04 01:41:00,0.72214,0.72194,0.72214,0.72182,85,1780537319.985,AUDUSD_otc
71,2026-06-04 01:42:00,0.72192,0.72205,0.72215,0.72192,74,1780537379.572,AUDUSD_otc
71,2026-06-04 01:43:00,0.72205,0.72199,0.72217,0.7219,88,1780537438.641,AUDUSD_otc
71,2026-06-04 01:44:00,0.72197,0.72256,0.72256,0.7219,86,1780537499.235,AUDUSD_otc
71,2026-06-04 01:45:00,0.72255,0.72245,0.72263,0.72244,77,1780537559.296,AUDUSD_otc
71,2026-06-04 01:46:00,0.72247,0.72254,0.72264,0.72238,77,1780537619.9,AUDUSD_otc
71,2026-06-04 01:47:00,0.72254,0.72246,0.72274,0.72246,77,1780537679.023,AUDUSD_otc
71,2026-06-04 01:48:00,0.72246,0.72247,0.72255,0.72224,80,1780537738.605,AUDUSD_otc
71,2026-06-04 01:49:00,0.72246,0.72255,0.72263,0.72233,70,1780537799.245,AUDUSD_otc
71,2026-06-04 01:50:00,0.72255,0.72253,0.72257,0.72216,86,1780537859.837,AUDUSD_otc
71,2026-06-04 01:51:00,0.72253,0.72246,0.72253,0.72217,80,1780537919.39,AUDUSD_otc
71,2026-06-04 01:52:00,0.72246,0.72205,0.72246,0.72201,83,1780537979.99,AUDUSD_otc
71,2026-06-04 01:53:00,0.72205,0.72229,0.7223,0.72201,83,1780538039.562,AUDUSD_otc
71,2026-06-04 01:54:00,0.7223,0.72188,0.72234,0.72188,78,1780538099.65,AUDUSD_otc
71,2026-06-04 01:55:00,0.7219,0.72154,0.72204,0.72154,76,1780538158.26,AUDUSD_otc
71,2026-06-04 01:56:00,0.72153,0.72115,0.72153,0.72104,76,1780538219.352,AUDUSD_otc
71,2026-06-04 01:57:00,0.72112,0.72074,0.72112,0.7207,85,1780538279.974,AUDUSD_otc
71,2026-06-04 01:58:00,0.72072,0.72096,0.72106,0.7207,80,1780538339.585,AUDUSD_otc
71,2026-06-04 01:59:00,0.72096,0.72145,0.72145,0.72096,90,1780538399.154,AUDUSD_otc
71,2026-06-04 02:00:00,0.72147,0.72118,0.7215,0.72112,79,1780538459.229,AUDUSD_otc
71,2026-06-04 02:01:00,0.72121,0.72094,0.72128,0.72075,87,1780538519.82,AUDUSD_otc
71,2026-06-04 02:02:00,0.72094,0.72061,0.72098,0.72055,82,1780538579.882,AUDUSD_otc
71,2026-06-04 02:03:00,0.72075,0.72051,0.72075,0.72043,82,1780538638.961,AUDUSD_otc
71,2026-06-04 02:04:00,0.72049,0.72075,0.72076,0.72042,79,1780538699.523,AUDUSD_otc
71,2026-06-04 02:05:00,0.72075,0.72058,0.72087,0.72034,85,1780538759.604,AUDUSD_otc
71,2026-06-04 02:06:00,0.72058,0.72051,0.72071,0.72047,87,1780538819.208,AUDUSD_otc
71,2026-06-04 02:07:00,0.72051,0.72029,0.72058,0.72028,74,1780538879.811,AUDUSD_otc
71,2026-06-04 02:08:00,0.72029,0.72018,0.72035,0.72009,87,1780538939.91,AUDUSD_otc
71,2026-06-04 02:09:00,0.72018,0.72025,0.72026,0.71978,90,1780538999.534,AUDUSD_otc
71,2026-06-04 02:10:00,0.72025,0.71998,0.72028,0.71991,82,1780539059.614,AUDUSD_otc
71,2026-06-04 02:11:00,0.71998,0.71992,0.72007,0.71969,89,1780539119.697,AUDUSD_otc
71,2026-06-04 02:12:00,0.71994,0.72017,0.72021,0.7199,79,1780539178.772,AUDUSD_otc
71,2026-06-04 02:13:00,0.72017,0.72004,0.72028,0.72004,79,1780539239.328,AUDUSD_otc
71,2026-06-04 02:14:00,0.72004,0.72035,0.7204,0.72004,91,1780539299.433,AUDUSD_otc
71,2026-06-04 02:15:00,0.72035,0.71995,0.72038,0.71993,82,1780539359.997,AUDUSD_otc
71,2026-06-04 02:16:00,0.71993,0.71966,0.72024,0.71966,83,1780539419.563,AUDUSD_otc
71,2026-06-04 02:17:00,0.71965,0.71915,0.71965,0.71913,87,1780539479.663,AUDUSD_otc
71,2026-06-04 02:18:00,0.71915,0.71918,0.71937,0.71914,72,1780539539.754,AUDUSD_otc
71,2026-06-04 02:19:00,0.7193,0.71956,0.71963,0.71912,84,1780539599.864,AUDUSD_otc
71,2026-06-04 02:20:00,0.71956,0.71958,0.71971,0.71951,69,1780539659.985,AUDUSD_otc
71,2026-06-04 02:21:00,0.71958,0.71947,0.71973,0.71946,66,1780539719.569,AUDUSD_otc
71,2026-06-04 02:22:00,0.71947,0.71946,0.71975,0.71935,82,1780539779.667,AUDUSD_otc
71,2026-06-04 02:23:00,0.71946,0.71931,0.71948,0.7192,72,1780539839.23,AUDUSD_otc
71,2026-06-04 02:24:00,0.71931,0.71938,0.71952,0.71927,81,1780539899.802,AUDUSD_otc
71,2026-06-04 02:25:00,0.71938,0.71951,0.71957,0.71933,85,1780539959.906,AUDUSD_otc
71,2026-06-04 02:26:00,0.71951,0.71927,0.71961,0.71917,80,1780540019.972,AUDUSD_otc
71,2026-06-04 02:27:00,0.71927,0.71947,0.71964,0.71912,82,1780540079.555,AUDUSD_otc
71,2026-06-04 02:28:00,0.71945,0.71947,0.71957,0.71935,81,1780540139.65,AUDUSD_otc
71,2026-06-04 02:29:00,0.71944,0.71919,0.7197,0.71919,81,1780540198.737,AUDUSD_otc
71,2026-06-04 02:30:00,0.71921,0.71919,0.71937,0.71892,87,1780540259.846,AUDUSD_otc
71,2026-06-04 02:31:00,0.71918,0.71936,0.71945,0.71917,79,1780540319.962,AUDUSD_otc
71,2026-06-04 02:32:00,0.71933,0.71921,0.71938,0.71903,81,1780540379.536,AUDUSD_otc
71,2026-06-04 02:33:00,0.7192,0.71939,0.71944,0.71912,77,1780540439.659,AUDUSD_otc
71,2026-06-04 02:34:00,0.71939,0.71964,0.71966,0.71933,75,1780540499.683,AUDUSD_otc
71,2026-06-04 02:35:00,0.71964,0.7196,0.7198,0.71951,94,1780540559.754,AUDUSD_otc
71,2026-06-04 02:36:00,0.71957,0.71921,0.71957,0.71921,71,1780540619.872,AUDUSD_otc
71,2026-06-04 02:37:00,0.71923,0.71943,0.7196,0.71923,86,1780540679.926,AUDUSD_otc
71,2026-06-04 02:38:00,0.71943,0.71935,0.7196,0.7193,82,1780540739.017,AUDUSD_otc
71,2026-06-04 02:39:00,0.71935,0.71939,0.71943,0.71928,79,1780540797.613,AUDUSD_otc
71,2026-06-04 02:40:00,0.71939,0.71958,0.71958,0.71932,80,1780540858.705,AUDUSD_otc
71,2026-06-04 02:41:00,0.71958,0.71974,0.71974,0.71945,79,1780540919.794,AUDUSD_otc
71,2026-06-04 02:42:00,0.71974,0.71989,0.71996,0.7197,77,1780540979.413,AUDUSD_otc
71,2026-06-04 02:43:00,0.71989,0.71977,0.71993,0.71968,88,1780541039.985,AUDUSD_otc
71,2026-06-04 02:44:00,0.71977,0.71955,0.71978,0.71945,79,1780541098.57,AUDUSD_otc
71,2026-06-04 02:45:00,0.71953,0.71923,0.71953,0.71918,80,1780541159.642,AUDUSD_otc
71,2026-06-04 02:46:00,0.71923,0.71957,0.71962,0.71923,83,1780541219.738,AUDUSD_otc
71,2026-06-04 02:47:00,0.71956,0.71959,0.71972,0.71947,66,1780541279.307,AUDUSD_otc
71,2026-06-04 02:48:00,0.71957,0.72013,0.72013,0.71944,87,1780541339.889,AUDUSD_otc
71,2026-06-04 02:49:00,0.72013,0.72033,0.72034,0.72009,79,1780541399.968,AUDUSD_otc
71,2026-06-04 02:50:00,0.72033,0.72063,0.72065,0.72027,89,1780541459.578,AUDUSD_otc
71,2026-06-04 02:51:00,0.72065,0.72072,0.72073,0.72037,84,1780541519.673,AUDUSD_otc
71,2026-06-04 02:52:00,0.72072,0.7209,0.72092,0.72053,73,1780541579.797,AUDUSD_otc
71,2026-06-04 02:53:00,0.7209,0.72087,0.72106,0.72086,79,1780541639.398,AUDUSD_otc
71,2026-06-04 02:54:00,0.72087,0.72122,0.72122,0.72087,76,1780541699.968,AUDUSD_otc
71,2026-06-04 02:55:00,0.72123,0.72111,0.72126,0.72101,82,1780541759.556,AUDUSD_otc
71,2026-06-04 02:56:00,0.72111,0.72134,0.72137,0.72097,76,1780541819.132,AUDUSD_otc
71,2026-06-04 02:57:00,0.72133,0.72108,0.72134,0.72095,78,1780541879.721,AUDUSD_otc
71,2026-06-04 02:58:00,0.72108,0.72115,0.72124,0.72104,78,1780541939.313,AUDUSD_otc
71,2026-06-04 02:59:00,0.72115,0.72119,0.72136,0.72112,75,1780541999.91,AUDUSD_otc
71,2026-06-04 03:00:00,0.72119,0.72168,0.72179,0.72119,85,1780542059.524,AUDUSD_otc
71,2026-06-04 03:01:00,0.72172,0.7218,0.7219,0.72162,85,1780542119.627,AUDUSD_otc
71,2026-06-04 03:02:00,0.72182,0.72184,0.72191,0.72169,76,1780542179.247,AUDUSD_otc
71,2026-06-04 03:03:00,0.72184,0.72162,0.72195,0.7215,85,1780542239.819,AUDUSD_otc
71,2026-06-04 03:04:00,0.72162,0.72146,0.72174,0.72146,77,1780542299.391,AUDUSD_otc
71,2026-06-04 03:05:00,0.72146,0.72094,0.72162,0.72094,87,1780542359.962,AUDUSD_otc
71,2026-06-04 03:06:00,0.72094,0.721,0.7211,0.72089,76,1780542419.047,AUDUSD_otc
71,2026-06-04 03:07:00,0.72099,0.7207,0.72104,0.72059,84,1780542479.627,AUDUSD_otc
71,2026-06-04 03:08:00,0.7207,0.72096,0.72103,0.7206,74,1780542538.705,AUDUSD_otc
71,2026-06-04 03:09:00,0.72096,0.72073,0.72114,0.72073,79,1780542599.79,AUDUSD_otc
71,2026-06-04 03:10:00,0.72072,0.72046,0.72075,0.72046,73,1780542659.897,AUDUSD_otc
71,2026-06-04 03:11:00,0.72046,0.72084,0.72084,0.72042,76,1780542719.989,AUDUSD_otc
71,2026-06-04 03:12:00,0.72084,0.72102,0.72114,0.72082,83,1780542779.595,AUDUSD_otc
71,2026-06-04 03:13:00,0.721,0.72077,0.721,0.72071,81,1780542839.716,AUDUSD_otc
71,2026-06-04 03:14:00,0.72079,0.7208,0.721,0.72074,84,1780542899.805,AUDUSD_otc
71,2026-06-04 03:15:00,0.72081,0.72153,0.72156,0.72081,78,1780542959.877,AUDUSD_otc
71,2026-06-04 03:16:00,0.72153,0.72185,0.72199,0.72153,79,1780543019.967,AUDUSD_otc
71,2026-06-04 03:17:00,0.72185,0.72215,0.72215,0.72185,77,1780543079.548,AUDUSD_otc
71,2026-06-04 03:18:00,0.72217,0.72214,0.72217,0.72196,74,1780543139.628,AUDUSD_otc
71,2026-06-04 03:19:00,0.72214,0.72241,0.72246,0.7221,72,1780543199.231,AUDUSD_otc
71,2026-06-04 03:20:00,0.72241,0.72245,0.72245,0.72221,78,1780543259.342,AUDUSD_otc
71,2026-06-04 03:21:00,0.72245,0.7224,0.72263,0.72236,79,1780543319.45,AUDUSD_otc
71,2026-06-04 03:22:00,0.7224,0.72288,0.72301,0.7224,72,1780543379.565,AUDUSD_otc
71,2026-06-04 03:23:00,0.72288,0.72289,0.72308,0.72269,81,1780543438.16,AUDUSD_otc
71,2026-06-04 03:24:00,0.72288,0.72283,0.723,0.72258,87,1780543499.737,AUDUSD_otc
71,2026-06-04 03:25:00,0.72283,0.72283,0.7229,0.72275,80,1780543559.829,AUDUSD_otc
71,2026-06-04 03:26:00,0.72283,0.7228,0.72299,0.72271,74,1780543619.397,AUDUSD_otc
71,2026-06-04 03:27:00,0.7228,0.72265,0.72284,0.72244,79,1780543678.975,AUDUSD_otc
71,2026-06-04 03:28:00,0.72263,0.72266,0.72269,0.72247,82,1780543739.562,AUDUSD_otc
71,2026-06-04 03:29:00,0.72266,0.72266,0.72272,0.72253,81,1780543799.152,AUDUSD_otc
71,2026-06-04 03:30:00,0.72267,0.72218,0.72273,0.72212,76,1780543858.266,AUDUSD_otc
71,2026-06-04 03:31:00,0.72216,0.72182,0.7222,0.72169,83,1780543919.869,AUDUSD_otc
71,2026-06-04 03:32:00,0.72181,0.72167,0.72207,0.72166,78,1780543979.487,AUDUSD_otc
71,2026-06-04 03:33:00,0.72167,0.72161,0.72175,0.72153,85,1780544039.58,AUDUSD_otc
71,2026-06-04 03:34:00,0.72161,0.72192,0.72195,0.72158,74,1780544099.661,AUDUSD_otc
71,2026-06-04 03:35:00,0.72192,0.72188,0.72213,0.72185,80,1780544159.741,AUDUSD_otc
71,2026-06-04 03:36:00,0.72188,0.72195,0.72207,0.72184,74,1780544219.318,AUDUSD_otc
71,2026-06-04 03:37:00,0.72195,0.722,0.72204,0.72185,86,1780544279.888,AUDUSD_otc
71,2026-06-04 03:38:00,0.722,0.72185,0.722,0.72172,83,1780544339.992,AUDUSD_otc
71,2026-06-04 03:39:00,0.72185,0.72144,0.72185,0.72143,74,1780544399.599,AUDUSD_otc
71,2026-06-04 03:40:00,0.72147,0.72145,0.72165,0.72119,80,1780544459.7,AUDUSD_otc
71,2026-06-04 03:41:00,0.72145,0.72131,0.72148,0.7213,71,1780544519.816,AUDUSD_otc
71,2026-06-04 03:42:00,0.72133,0.72124,0.72141,0.72116,75,1780544579.912,AUDUSD_otc
71,2026-06-04 03:43:00,0.72124,0.72141,0.7215,0.72114,85,1780544639.5,AUDUSD_otc
71,2026-06-04 03:44:00,0.72141,0.72156,0.72162,0.72112,87,1780544699.573,AUDUSD_otc
71,2026-06-04 03:45:00,0.72152,0.7215,0.72155,0.72131,79,1780544759.143,AUDUSD_otc
71,2026-06-04 03:46:00,0.72147,0.72141,0.72151,0.72133,67,1780544819.234,AUDUSD_otc
71,2026-06-04 03:47:00,0.72139,0.72131,0.72153,0.72131,68,1780544879.324,AUDUSD_otc
71,2026-06-04 03:48:00,0.72131,0.72102,0.72134,0.72099,78,1780544939.919,AUDUSD_otc
71,2026-06-04 03:49:00,0.72102,0.72114,0.72118,0.72091,79,1780544999.539,AUDUSD_otc
71,2026-06-04 03:50:00,0.72109,0.72124,0.72132,0.72107,89,1780545059.645,AUDUSD_otc
71,2026-06-04 03:51:00,0.72125,0.72147,0.72149,0.72115,82,1780545119.264,AUDUSD_otc
71,2026-06-04 03:52:00,0.72147,0.72174,0.72174,0.72131,80,1780545179.354,AUDUSD_otc
71,2026-06-04 03:53:00,0.72174,0.72197,0.72231,0.72174,86,1780545239.909,AUDUSD_otc
71,2026-06-04 03:54:00,0.72197,0.72192,0.72204,0.72182,73,1780545299.99,AUDUSD_otc
71,2026-06-04 03:55:00,0.72192,0.7218,0.72199,0.72174,84,1780545359.564,AUDUSD_otc
71,2026-06-04 03:56:00,0.72179,0.72189,0.72201,0.72174,77,1780545419.624,AUDUSD_otc
71,2026-06-04 03:57:00,0.7219,0.72158,0.7219,0.72155,84,1780545479.707,AUDUSD_otc
71,2026-06-04 03:58:00,0.72161,0.72216,0.72222,0.72156,87,1780545539.776,AUDUSD_otc
71,2026-06-04 03:59:00,0.72216,0.72223,0.72237,0.72216,79,1780545599.349,AUDUSD_otc
71,2026-06-04 04:00:00,0.72225,0.72208,0.72247,0.72195,88,1780545659.96,AUDUSD_otc
71,2026-06-04 04:01:00,0.72208,0.72195,0.7221,0.72192,76,1780545719.064,AUDUSD_otc
71,2026-06-04 04:02:00,0.72193,0.72186,0.72221,0.72183,89,1780545779.682,AUDUSD_otc
71,2026-06-04 04:03:00,0.72188,0.72201,0.72208,0.72174,77,1780545839.296,AUDUSD_otc
71,2026-06-04 04:04:00,0.72198,0.72177,0.72203,0.72174,86,1780545899.862,AUDUSD_otc
71,2026-06-04 04:05:00,0.72177,0.72211,0.72215,0.72175,75,1780545959.963,AUDUSD_otc
71,2026-06-04 04:06:00,0.7221,0.72189,0.72213,0.72179,78,1780546019.542,AUDUSD_otc
71,2026-06-04 04:07:00,0.72187,0.72199,0.72203,0.72169,83,1780546079.11,AUDUSD_otc
71,2026-06-04 04:08:00,0.72199,0.72203,0.72217,0.72178,79,1780546139.706,AUDUSD_otc
71,2026-06-04 04:09:00,0.72203,0.72216,0.72228,0.72189,79,1780546198.784,AUDUSD_otc
71,2026-06-04 04:10:00,0.72216,0.72204,0.72216,0.72183,78,1780546259.384,AUDUSD_otc
71,2026-06-04 04:11:00,0.72204,0.72244,0.72244,0.722,73,1780546318.003,AUDUSD_otc
71,2026-06-04 04:12:00,0.72245,0.72239,0.72254,0.72235,80,1780546379.129,AUDUSD_otc
71,2026-06-04 04:13:00,0.72239,0.72237,0.72247,0.72228,83,1780546439.713,AUDUSD_otc
71,2026-06-04 04:14:00,0.72237,0.72256,0.72257,0.72229,73,1780546499.797,AUDUSD_otc
71,2026-06-04 04:15:00,0.72256,0.72269,0.72292,0.72252,73,1780546559.85,AUDUSD_otc
71,2026-06-04 04:16:00,0.72269,0.72274,0.72274,0.7225,87,1780546619.968,AUDUSD_otc
71,2026-06-04 04:17:00,0.72274,0.72287,0.72302,0.72261,81,1780546679.548,AUDUSD_otc
71,2026-06-04 04:18:00,0.72287,0.72286,0.72293,0.72272,75,1780546739.648,AUDUSD_otc
71,2026-06-04 04:19:00,0.72288,0.72297,0.72297,0.72268,82,1780546799.771,AUDUSD_otc
71,2026-06-04 04:20:00,0.72299,0.72346,0.72356,0.72299,86,1780546858.859,AUDUSD_otc
71,2026-06-04 04:21:00,0.72347,0.72309,0.72352,0.72305,65,1780546919.0,AUDUSD_otc
71,2026-06-04 04:22:00,0.72309,0.72321,0.72335,0.72296,70,1780546977.616,AUDUSD_otc
71,2026-06-04 04:23:00,0.72321,0.72317,0.72323,0.72305,75,1780547039.654,AUDUSD_otc
71,2026-06-04 04:24:00,0.72317,0.72276,0.72318,0.72276,87,1780547099.254,AUDUSD_otc
71,2026-06-04 04:25:00,0.72275,0.7227,0.72276,0.72247,75,1780547159.827,AUDUSD_otc
71,2026-06-04 04:26:00,0.7227,0.72282,0.72288,0.72263,82,1780547219.405,AUDUSD_otc
71,2026-06-04 04:27:00,0.72282,0.72249,0.72287,0.72229,80,1780547279.503,AUDUSD_otc
71,2026-06-04 04:28:00,0.72249,0.7227,0.72271,0.72238,82,1780547339.597,AUDUSD_otc
71,2026-06-04 04:29:00,0.72267,0.7223,0.72269,0.7223,76,1780547399.201,AUDUSD_otc
71,2026-06-04 04:30:00,0.72228,0.7221,0.72228,0.72189,75,1780547459.815,AUDUSD_otc
71,2026-06-04 04:31:00,0.7221,0.72204,0.72212,0.72189,79,1780547519.926,AUDUSD_otc
71,2026-06-04 04:32:00,0.72204,0.72219,0.72225,0.72194,82,1780547579.505,AUDUSD_otc
71,2026-06-04 04:33:00,0.72219,0.72201,0.72234,0.722,85,1780547639.078,AUDUSD_otc
71,2026-06-04 04:34:00,0.72201,0.72228,0.7223,0.72192,81,1780547699.14,AUDUSD_otc
71,2026-06-04 04:35:00,0.72226,0.72226,0.72232,0.72206,81,1780547759.241,AUDUSD_otc
71,2026-06-04 04:36:00,0.72226,0.722,0.72226,0.72199,82,1780547819.828,AUDUSD_otc
71,2026-06-04 04:37:00,0.722,0.72204,0.72212,0.72183,91,1780547878.892,AUDUSD_otc
71,2026-06-04 04:38:00,0.72202,0.72209,0.7221,0.72175,80,1780547939.498,AUDUSD_otc
71,2026-06-04 04:39:00,0.72209,0.72202,0.72219,0.72181,77,1780547999.588,AUDUSD_otc
71,2026-06-04 04:40:00,0.72203,0.72227,0.72227,0.72183,83,1780548059.716,AUDUSD_otc
71,2026-06-04 04:41:00,0.72229,0.72196,0.72229,0.72193,67,1780548119.348,AUDUSD_otc
71,2026-06-04 04:42:00,0.72194,0.72193,0.72213,0.72184,82,1780548179.942,AUDUSD_otc
71,2026-06-04 04:43:00,0.72193,0.72213,0.72213,0.72188,84,1780548239.534,AUDUSD_otc
71,2026-06-04 04:44:00,0.72213,0.72235,0.72235,0.72213,79,1780548299.632,AUDUSD_otc
71,2026-06-04 04:45:00,0.72235,0.72202,0.72237,0.722,76,1780548359.205,AUDUSD_otc
71,2026-06-04 04:46:00,0.72202,0.72189,0.72204,0.72172,92,1780548419.807,AUDUSD_otc
71,2026-06-04 04:47:00,0.72189,0.72184,0.72195,0.72164,80,1780548479.912,AUDUSD_otc
71,2026-06-04 04:48:00,0.72184,0.72186,0.72194,0.7217,70,1780548538.503,AUDUSD_otc
71,2026-06-04 04:49:00,0.72184,0.72228,0.72233,0.72174,80,1780548599.112,AUDUSD_otc
71,2026-06-04 04:50:00,0.72228,0.72199,0.72242,0.72193,72,1780548659.719,AUDUSD_otc
71,2026-06-04 04:51:00,0.72199,0.72172,0.72207,0.72163,78,1780548719.299,AUDUSD_otc
71,2026-06-04 04:52:00,0.72175,0.72186,0.72189,0.72168,88,1780548779.888,AUDUSD_otc
71,2026-06-04 04:53:00,0.72182,0.72172,0.72191,0.72158,78,1780548839.961,AUDUSD_otc
71,2026-06-04 04:54:00,0.72169,0.72163,0.72192,0.72154,79,1780548899.545,AUDUSD_otc
71,2026-06-04 04:55:00,0.72163,0.72185,0.72188,0.72149,90,1780548959.125,AUDUSD_otc
71,2026-06-04 04:56:00,0.72187,0.72203,0.7221,0.72187,77,1780549019.21,AUDUSD_otc
71,2026-06-04 04:57:00,0.72207,0.72227,0.72247,0.72205,81,1780549079.803,AUDUSD_otc
71,2026-06-04 04:58:00,0.72225,0.72206,0.72232,0.72197,77,1780549139.894,AUDUSD_otc
71,2026-06-04 04:59:00,0.72206,0.72179,0.7221,0.72177,75,1780549198.999,AUDUSD_otc
71,2026-06-04 05:00:00,0.72179,0.72193,0.72208,0.72179,76,1780549259.121,AUDUSD_otc
71,2026-06-04 05:01:00,0.72193,0.72211,0.72211,0.72188,78,1780549319.717,AUDUSD_otc
71,2026-06-04 05:02:00,0.72211,0.72243,0.72254,0.72211,67,1780549379.795,AUDUSD_otc
71,2026-06-04 05:03:00,0.72243,0.72204,0.72243,0.72194,79,1780549439.879,AUDUSD_otc
71,2026-06-04 05:04:00,0.72204,0.72231,0.72233,0.72199,83,1780549499.962,AUDUSD_otc
71,2026-06-04 05:05:00,0.72231,0.72215,0.72268,0.72211,85,1780549559.045,AUDUSD_otc
71,2026-06-04 05:06:00,0.72213,0.72255,0.72258,0.72198,84,1780549619.63,AUDUSD_otc
71,2026-06-04 05:07:00,0.72255,0.72271,0.72271,0.72246,83,1780549679.721,AUDUSD_otc
71,2026-06-04 05:08:00,0.72271,0.7222,0.72274,0.7222,80,1780549739.839,AUDUSD_otc
71,2026-06-04 05:09:00,0.72218,0.72244,0.72244,0.72203,87,1780549799.934,AUDUSD_otc
71,2026-06-04 05:10:00,0.72246,0.72265,0.72267,0.72226,79,1780549859.584,AUDUSD_otc
71,2026-06-04 05:11:00,0.72265,0.72229,0.72272,0.72229,73,1780549919.658,AUDUSD_otc
71,2026-06-04 05:12:00,0.72229,0.72233,0.7224,0.72211,79,1780549979.208,AUDUSD_otc
71,2026-06-04 05:13:00,0.72233,0.72239,0.72243,0.72224,81,1780550039.794,AUDUSD_otc
71,2026-06-04 05:14:00,0.72237,0.72224,0.72239,0.72196,79,1780550099.865,AUDUSD_otc
71,2026-06-04 05:15:00,0.72224,0.72243,0.72243,0.72206,81,1780550159.935,AUDUSD_otc
71,2026-06-04 05:16:00,0.72246,0.72247,0.72254,0.72228,65,1780550219.537,AUDUSD_otc
71,2026-06-04 05:17:00,0.72247,0.72194,0.72251,0.72188,75,1780550279.102,AUDUSD_otc
71,2026-06-04 05:18:00,0.72194,0.72231,0.72231,0.72194,82,1780550339.677,AUDUSD_otc
71,2026-06-04 05:19:00,0.72231,0.72255,0.72264,0.72225,82,1780550399.273,AUDUSD_otc
71,2026-06-04 05:20:00,0.72255,0.72257,0.72263,0.72243,79,1780550459.858,AUDUSD_otc
71,2026-06-04 05:21:00,0.72257,0.72212,0.72259,0.72212,81,1780550519.0,AUDUSD_otc
71,2026-06-04 05:22:00,0.72212,0.72241,0.72246,0.72201,79,1780550578.121,AUDUSD_otc
71,2026-06-04 05:23:00,0.72241,0.72241,0.72268,0.72234,79,1780550639.679,AUDUSD_otc
71,2026-06-04 05:24:00,0.7224,0.72303,0.72304,0.7224,76,1780550699.266,AUDUSD_otc
71,2026-06-04 05:25:00,0.72306,0.72289,0.72315,0.72285,76,1780550759.845,AUDUSD_otc
71,2026-06-04 05:26:00,0.72287,0.72294,0.72307,0.72281,72,1780550819.411,AUDUSD_otc
71,2026-06-04 05:27:00,0.72296,0.72315,0.72317,0.7228,80,1780550879.499,AUDUSD_otc
71,2026-06-04 05:28:00,0.72316,0.72345,0.72348,0.72313,78,1780550939.584,AUDUSD_otc
71,2026-06-04 05:29:00,0.72342,0.72339,0.72344,0.7232,82,1780550999.685,AUDUSD_otc
71,2026-06-04 05:30:00,0.72339,0.72285,0.7234,0.72284,76,1780551058.306,AUDUSD_otc
71,2026-06-04 05:31:00,0.72287,0.72307,0.72307,0.72284,74,1780551119.926,AUDUSD_otc
71,2026-06-04 05:32:00,0.72306,0.72312,0.72319,0.72292,81,1780551179.504,AUDUSD_otc
71,2026-06-04 05:33:00,0.72312,0.72351,0.72358,0.72307,85,1780551239.091,AUDUSD_otc
71,2026-06-04 05:34:00,0.72351,0.72352,0.72366,0.72344,83,1780551299.636,AUDUSD_otc
71,2026-06-04 05:35:00,0.72352,0.72338,0.72354,0.72324,75,1780551359.735,AUDUSD_otc
71,2026-06-04 05:36:00,0.72338,0.72363,0.72363,0.72338,78,1780551419.829,AUDUSD_otc
71,2026-06-04 05:37:00,0.72363,0.72336,0.72363,0.72329,70,1780551479.895,AUDUSD_otc
71,2026-06-04 05:38:00,0.72336,0.72381,0.72392,0.72328,70,1780551539.526,AUDUSD_otc
71,2026-06-04 05:39:00,0.72381,0.72413,0.72413,0.72373,80,1780551599.624,AUDUSD_otc
71,2026-06-04 05:40:00,0.72413,0.72416,0.72434,0.72404,83,1780551659.769,AUDUSD_otc
71,2026-06-04 05:41:00,0.72419,0.72418,0.72426,0.72387,74,1780551719.867,AUDUSD_otc
71,2026-06-04 05:42:00,0.72418,0.72405,0.72421,0.72388,77,1780551779.953,AUDUSD_otc
71,2026-06-04 05:43:00,0.72405,0.72388,0.72414,0.72388,78,1780551839.032,AUDUSD_otc
71,2026-06-04 05:44:00,0.72386,0.72395,0.72398,0.72357,79,1780551898.607,AUDUSD_otc
71,2026-06-04 05:45:00,0.72397,0.72371,0.72398,0.72354,79,1780551959.67,AUDUSD_otc
71,2026-06-04 05:46:00,0.72371,0.72345,0.72386,0.72341,74,1780552018.778,AUDUSD_otc
71,2026-06-04 05:47:00,0.72345,0.72351,0.72365,0.7234,80,1780552079.846,AUDUSD_otc
71,2026-06-04 05:48:00,0.72349,0.72353,0.7237,0.72343,74,1780552139.934,AUDUSD_otc
71,2026-06-04 05:49:00,0.72352,0.72339,0.72357,0.72331,76,1780552199.562,AUDUSD_otc
71,2026-06-04 05:50:00,0.72341,0.72343,0.72356,0.72329,70,1780552259.166,AUDUSD_otc
71,2026-06-04 05:51:00,0.72343,0.72335,0.72345,0.72332,83,1780552319.306,AUDUSD_otc
71,2026-06-04 05:52:00,0.72335,0.72351,0.72354,0.72313,88,1780552379.394,AUDUSD_otc
71,2026-06-04 05:53:00,0.72351,0.72328,0.72354,0.72327,85,1780552439.947,AUDUSD_otc
71,2026-06-04 05:54:00,0.72328,0.72327,0.72335,0.72309,83,1780552499.542,AUDUSD_otc
71,2026-06-04 05:55:00,0.72323,0.72325,0.72328,0.72307,81,1780552559.119,AUDUSD_otc
71,2026-06-04 05:56:00,0.72323,0.72317,0.72347,0.72312,76,1780552619.174,AUDUSD_otc
71,2026-06-04 05:57:00,0.72318,0.72317,0.72323,0.72304,69,1780552678.768,AUDUSD_otc
71,2026-06-04 05:58:00,0.72315,0.72316,0.72327,0.72304,75,1780552739.862,AUDUSD_otc
71,2026-06-04 05:59:00,0.72312,0.72318,0.72327,0.72312,79,1780552799.955,AUDUSD_otc
71,2026-06-04 06:00:00,0.72318,0.72337,0.72349,0.72311,83,1780552859.577,AUDUSD_otc
71,2026-06-04 06:01:00,0.72339,0.72361,0.72362,0.72326,90,1780552919.67,AUDUSD_otc
71,2026-06-04 06:02:00,0.72362,0.72339,0.72375,0.72336,75,1780552979.79,AUDUSD_otc
71,2026-06-04 06:03:00,0.72339,0.72335,0.72342,0.72319,81,1780553039.906,AUDUSD_otc
71,2026-06-04 06:04:00,0.72335,0.7238,0.72383,0.7233,81,1780553099.962,AUDUSD_otc
71,2026-06-04 06:05:00,0.72379,0.72383,0.72399,0.72358,72,1780553159.075,AUDUSD_otc
71,2026-06-04 06:06:00,0.72381,0.72367,0.72389,0.72365,74,1780553219.151,AUDUSD_otc
71,2026-06-04 06:07:00,0.72367,0.72394,0.724,0.72367,75,1780553279.215,AUDUSD_otc
71,2026-06-04 06:08:00,0.72394,0.72418,0.72418,0.72385,81,1780553339.319,AUDUSD_otc
71,2026-06-04 06:09:00,0.72418,0.72403,0.72426,0.724,74,1780553398.921,AUDUSD_otc
71,2026-06-04 06:10:00,0.72403,0.72404,0.72422,0.72383,87,1780553459.542,AUDUSD_otc
71,2026-06-04 06:11:00,0.72404,0.72391,0.72425,0.72386,70,1780553519.649,AUDUSD_otc
71,2026-06-04 06:12:00,0.72391,0.72356,0.72391,0.72339,78,1780553579.753,AUDUSD_otc
71,2026-06-04 06:13:00,0.72358,0.72361,0.72383,0.72355,84,1780553639.824,AUDUSD_otc
71,2026-06-04 06:14:00,0.72366,0.72344,0.72366,0.72333,83,1780553699.933,AUDUSD_otc
71,2026-06-04 06:15:00,0.72344,0.72311,0.72349,0.72311,89,1780553759.976,AUDUSD_otc
71,2026-06-04 06:16:00,0.72311,0.72318,0.72322,0.72299,78,1780553819.052,AUDUSD_otc
71,2026-06-04 06:17:00,0.72316,0.72277,0.72317,0.72273,80,1780553878.626,AUDUSD_otc
71,2026-06-04 06:18:00,0.72277,0.72216,0.72278,0.72213,73,1780553939.704,AUDUSD_otc
71,2026-06-04 06:19:00,0.72216,0.72228,0.72231,0.72213,76,1780553999.803,AUDUSD_otc
71,2026-06-04 06:20:00,0.72233,0.72235,0.72246,0.72215,82,1780554059.908,AUDUSD_otc
71,2026-06-04 06:21:00,0.72233,0.72215,0.72247,0.72206,76,1780554118.513,AUDUSD_otc
71,2026-06-04 06:22:00,0.72214,0.72151,0.72216,0.72151,82,1780554179.626,AUDUSD_otc
71,2026-06-04 06:23:00,0.72151,0.7213,0.72152,0.7212,80,1780554239.72,AUDUSD_otc
71,2026-06-04 06:24:00,0.7213,0.72108,0.72136,0.72102,70,1780554298.803,AUDUSD_otc
71,2026-06-04 06:25:00,0.72108,0.72095,0.72118,0.72089,71,1780554359.888,AUDUSD_otc
71,2026-06-04 06:26:00,0.72095,0.72107,0.72122,0.72086,81,1780554419.959,AUDUSD_otc
71,2026-06-04 06:27:00,0.72107,0.72133,0.72134,0.72087,77,1780554479.54,AUDUSD_otc
71,2026-06-04 06:28:00,0.72133,0.72187,0.72189,0.72133,73,1780554539.618,AUDUSD_otc
71,2026-06-04 06:29:00,0.72185,0.72184,0.72206,0.72171,74,1780554598.709,AUDUSD_otc
71,2026-06-04 06:30:00,0.72184,0.7219,0.72197,0.72174,84,1780554659.834,AUDUSD_otc
71,2026-06-04 06:31:00,0.7219,0.72215,0.72222,0.72172,73,1780554719.433,AUDUSD_otc
71,2026-06-04 06:32:00,0.72215,0.72234,0.72243,0.72211,87,1780554779.554,AUDUSD_otc
71,2026-06-04 06:33:00,0.72234,0.72283,0.72296,0.72234,74,1780554839.653,AUDUSD_otc
71,2026-06-04 06:34:00,0.72283,0.72305,0.72325,0.72283,77,1780554899.2,AUDUSD_otc
71,2026-06-04 06:35:00,0.72306,0.72285,0.7231,0.72247,82,1780554959.797,AUDUSD_otc
71,2026-06-04 06:36:00,0.72285,0.7229,0.7232,0.72278,81,1780555019.896,AUDUSD_otc
71,2026-06-04 06:37:00,0.7229,0.72308,0.72309,0.72277,83,1780555079.975,AUDUSD_otc
71,2026-06-04 06:38:00,0.72308,0.72348,0.72351,0.72308,84,1780555139.103,AUDUSD_otc
71,2026-06-04 06:39:00,0.72346,0.72345,0.72348,0.72319,76,1780555199.195,AUDUSD_otc
71,2026-06-04 06:40:00,0.72348,0.72336,0.72356,0.72326,76,1780555257.772,AUDUSD_otc
71,2026-06-04 06:41:00,0.72348,0.72344,0.72362,0.7234,80,1780555319.377,AUDUSD_otc
71,2026-06-04 06:42:00,0.72344,0.72281,0.72347,0.72281,86,1780555377.47,AUDUSD_otc
71,2026-06-04 06:43:00,0.72281,0.72287,0.72302,0.7227,75,1780555437.556,AUDUSD_otc
71,2026-06-04 06:44:00,0.72287,0.72289,0.72307,0.72275,78,1780555499.635,AUDUSD_otc
71,2026-06-04 06:45:00,0.72288,0.72276,0.72292,0.72256,82,1780555559.176,AUDUSD_otc
71,2026-06-04 06:46:00,0.72276,0.72245,0.72289,0.72234,85,1780555619.786,AUDUSD_otc
71,2026-06-04 06:47:00,0.72245,0.72287,0.72289,0.72239,77,1780555679.873,AUDUSD_otc
71,2026-06-04 06:48:00,0.72287,0.72291,0.72293,0.72275,77,1780555739.958,AUDUSD_otc
71,2026-06-04 06:49:00,0.72291,0.72296,0.72307,0.72278,78,1780555799.583,AUDUSD_otc
71,2026-06-04 06:50:00,0.72296,0.72295,0.72323,0.72292,83,1780555859.687,AUDUSD_otc
71,2026-06-04 06:51:00,0.72295,0.72286,0.72303,0.72275,78,1780555919.802,AUDUSD_otc
71,2026-06-04 06:52:00,0.72286,0.72305,0.7232,0.72284,83,1780555979.398,AUDUSD_otc
71,2026-06-04 06:53:00,0.72307,0.72305,0.72315,0.72284,87,1780556039.972,AUDUSD_otc
71,2026-06-04 06:54:00,0.72308,0.72302,0.72317,0.72293,82,1780556099.549,AUDUSD_otc
71,2026-06-04 06:55:00,0.72302,0.72346,0.72346,0.72293,83,1780556159.163,AUDUSD_otc
71,2026-06-04 06:56:00,0.72345,0.7233,0.72345,0.7231,84,1780556219.666,AUDUSD_otc
71,2026-06-04 06:57:00,0.72329,0.72341,0.72352,0.72312,86,1780556278.272,AUDUSD_otc
71,2026-06-04 06:58:00,0.72339,0.7232,0.72357,0.72316,89,1780556339.837,AUDUSD_otc
71,2026-06-04 06:59:00,0.7232,0.72348,0.72349,0.72312,74,1780556399.417,AUDUSD_otc
71,2026-06-04 07:00:00,0.72348,0.72341,0.72359,0.72329,75,1780556459.551,AUDUSD_otc
71,2026-06-04 07:01:00,0.72341,0.72361,0.72366,0.72336,77,1780556519.158,AUDUSD_otc
71,2026-06-04 07:02:00,0.72359,0.72344,0.72361,0.72338,74,1780556579.767,AUDUSD_otc
71,2026-06-04 07:03:00,0.72344,0.72375,0.72378,0.7234,80,1780556639.382,AUDUSD_otc
71,2026-06-04 07:04:00,0.72375,0.72433,0.72433,0.72371,73,1780556699.941,AUDUSD_otc
71,2026-06-04 07:05:00,0.72433,0.7242,0.72446,0.7241,80,1780556759.527,AUDUSD_otc
71,2026-06-04 07:06:00,0.72425,0.72416,0.72445,0.72416,78,1780556819.591,AUDUSD_otc
71,2026-06-04 07:07:00,0.72416,0.72432,0.72432,0.72411,86,1780556879.654,AUDUSD_otc
71,2026-06-04 07:08:00,0.72432,0.72433,0.7244,0.72406,78,1780556939.783,AUDUSD_otc
71,2026-06-04 07:09:00,0.72436,0.7241,0.72436,0.72406,85,1780556999.852,AUDUSD_otc
71,2026-06-04 07:10:00,0.72412,0.72414,0.7245,0.724,83,1780557059.442,AUDUSD_otc
71,2026-06-04 07:11:00,0.72414,0.72417,0.72431,0.72409,83,1780557119.564,AUDUSD_otc
71,2026-06-04 07:12:00,0.72414,0.72398,0.72414,0.7238,80,1780557178.168,AUDUSD_otc
71,2026-06-04 07:13:00,0.72399,0.72405,0.72421,0.7239,82,1780557239.766,AUDUSD_otc
71,2026-06-04 07:14:00,0.72405,0.72425,0.7243,0.7238,84,1780557298.865,AUDUSD_otc
71,2026-06-04 07:15:00,0.72424,0.72438,0.72445,0.72388,82,1780557359.919,AUDUSD_otc
71,2026-06-04 07:16:00,0.72438,0.72443,0.72462,0.72432,78,1780557419.503,AUDUSD_otc
71,2026-06-04 07:17:00,0.72443,0.72483,0.72484,0.72429,75,1780557479.573,AUDUSD_otc
71,2026-06-04 07:18:00,0.72481,0.72433,0.72481,0.72431,87,1780557539.64,AUDUSD_otc
71,2026-06-04 07:19:00,0.72435,0.72407,0.72435,0.72402,85,1780557599.764,AUDUSD_otc
71,2026-06-04 07:20:00,0.72407,0.72409,0.72424,0.724,78,1780557659.865,AUDUSD_otc
71,2026-06-04 07:21:00,0.72409,0.72377,0.7241,0.72375,76,1780557719.457,AUDUSD_otc
71,2026-06-04 07:22:00,0.72377,0.72353,0.72379,0.7234,80,1780557779.547,AUDUSD_otc
71,2026-06-04 07:23:00,0.7235,0.72347,0.72375,0.72347,75,1780557839.654,AUDUSD_otc
71,2026-06-04 07:24:00,0.72347,0.7238,0.72382,0.72338,78,1780557899.752,AUDUSD_otc
71,2026-06-04 07:25:00,0.72378,0.72417,0.7242,0.72374,78,1780557959.854,AUDUSD_otc
71,2026-06-04 07:26:00,0.72412,0.72428,0.72447,0.72412,76,1780558019.912,AUDUSD_otc
71,2026-06-04 07:27:00,0.72425,0.72394,0.72427,0.72384,84,1780558079.996,AUDUSD_otc
71,2026-06-04 07:28:00,0.72394,0.72376,0.72404,0.72371,79,1780558139.567,AUDUSD_otc
71,2026-06-04 07:29:00,0.72378,0.72388,0.72392,0.7237,79,1780558199.634,AUDUSD_otc
71,2026-06-04 07:30:00,0.72385,0.72357,0.72392,0.72342,85,1780558259.751,AUDUSD_otc
71,2026-06-04 07:31:00,0.72357,0.72397,0.72399,0.72357,73,1780558318.851,AUDUSD_otc
71,2026-06-04 07:32:00,0.72397,0.72415,0.72419,0.72394,71,1780558379.952,AUDUSD_otc
71,2026-06-04 07:33:00,0.72415,0.72397,0.72423,0.72394,80,1780558438.573,AUDUSD_otc
71,2026-06-04 07:34:00,0.72396,0.72379,0.72408,0.72377,82,1780558499.669,AUDUSD_otc
71,2026-06-04 07:35:00,0.72379,0.72365,0.72385,0.72365,83,1780558559.769,AUDUSD_otc
71,2026-06-04 07:36:00,0.72365,0.7239,0.72395,0.72363,71,1780558619.848,AUDUSD_otc
71,2026-06-04 07:37:00,0.7239,0.72399,0.72405,0.72384,83,1780558679.418,AUDUSD_otc
71,2026-06-04 07:38:00,0.72399,0.72404,0.7241,0.72393,78,1780558739.528,AUDUSD_otc
71,2026-06-04 07:39:00,0.72404,0.72405,0.72416,0.72401,76,1780558799.608,AUDUSD_otc
71,2026-06-04 07:40:00,0.72405,0.72434,0.72448,0.72395,86,1780558859.701,AUDUSD_otc
71,2026-06-04 07:41:00,0.72436,0.72437,0.72442,0.72419,72,1780558919.822,AUDUSD_otc
71,2026-06-04 07:42:00,0.72437,0.72407,0.72447,0.72407,76,1780558979.434,AUDUSD_otc
71,2026-06-04 07:43:00,0.72404,0.72364,0.72404,0.7236,85,1780559039.534,AUDUSD_otc
71,2026-06-04 07:44:00,0.72365,0.72405,0.72412,0.72363,85,1780559099.622,AUDUSD_otc
71,2026-06-04 07:45:00,0.72405,0.72381,0.72411,0.72377,81,1780559158.672,AUDUSD_otc
71,2026-06-04 07:46:00,0.72381,0.72369,0.72394,0.72368,69,1780559219.754,AUDUSD_otc
71,2026-06-04 07:47:00,0.72367,0.72356,0.72387,0.72353,83,1780559279.83,AUDUSD_otc
71,2026-06-04 07:48:00,0.72353,0.72386,0.72401,0.72352,77,1780559338.912,AUDUSD_otc
71,2026-06-04 07:49:00,0.72386,0.72396,0.72399,0.72369,84,1780559399.523,AUDUSD_otc
71,2026-06-04 07:50:00,0.72396,0.7242,0.72433,0.72394,86,1780559459.598,AUDUSD_otc
71,2026-06-04 07:51:00,0.7242,0.72425,0.72434,0.72395,74,1780559518.193,AUDUSD_otc
71,2026-06-04 07:52:00,0.72425,0.72401,0.7244,0.72392,80,1780559579.319,AUDUSD_otc
71,2026-06-04 07:53:00,0.72401,0.72379,0.72401,0.72369,79,1780559639.434,AUDUSD_otc
71,2026-06-04 07:54:00,0.72379,0.72332,0.72383,0.72332,86,1780559699.539,AUDUSD_otc
71,2026-06-04 07:55:00,0.72332,0.72366,0.72368,0.72324,81,1780559759.596,AUDUSD_otc
71,2026-06-04 07:56:00,0.72365,0.72338,0.72369,0.72338,76,1780559819.166,AUDUSD_otc
71,2026-06-04 07:57:00,0.72338,0.72298,0.7234,0.72288,80,1780559879.271,AUDUSD_otc
71,2026-06-04 07:58:00,0.72301,0.72248,0.72301,0.72248,85,1780559939.347,AUDUSD_otc
71,2026-06-04 07:59:00,0.72251,0.72246,0.72253,0.72211,79,1780559999.937,AUDUSD_otc
71,2026-06-04 08:00:00,0.72247,0.72224,0.72257,0.72223,75,1780560059.561,AUDUSD_otc
71,2026-06-04 08:01:00,0.72224,0.72194,0.72224,0.72191,83,1780560118.174,AUDUSD_otc
71,2026-06-04 08:02:00,0.72188,0.72203,0.72217,0.72178,87,1780560179.786,AUDUSD_otc
71,2026-06-04 08:03:00,0.72205,0.72145,0.72224,0.72145,84,1780560239.889,AUDUSD_otc
71,2026-06-04 08:04:00,0.72145,0.72102,0.72154,0.72101,80,1780560299.949,AUDUSD_otc
71,2026-06-04 08:05:00,0.72102,0.72083,0.72122,0.72083,72,1780560358.559,AUDUSD_otc
71,2026-06-04 08:06:00,0.72083,0.72054,0.72088,0.72051,82,1780560419.623,AUDUSD_otc
71,2026-06-04 08:07:00,0.72054,0.72053,0.72072,0.72045,85,1780560479.701,AUDUSD_otc
71,2026-06-04 08:08:00,0.72053,0.72067,0.72069,0.72041,83,1780560539.814,AUDUSD_otc
71,2026-06-04 08:09:00,0.72067,0.72078,0.72091,0.7206,76,1780560599.415,AUDUSD_otc
71,2026-06-04 08:10:00,0.72078,0.72081,0.7211,0.72078,77,1780560658.007,AUDUSD_otc
71,2026-06-04 08:11:00,0.72079,0.72074,0.72111,0.72074,83,1780560718.628,AUDUSD_otc
71,2026-06-04 08:12:00,0.7207,0.72107,0.7212,0.7207,83,1780560779.727,AUDUSD_otc
71,2026-06-04 08:13:00,0.72108,0.7216,0.72165,0.72104,77,1780560839.818,AUDUSD_otc
71,2026-06-04 08:14:00,0.72156,0.72191,0.72197,0.72155,82,1780560898.9,AUDUSD_otc
71,2026-06-04 08:15:00,0.72191,0.72173,0.72196,0.72163,79,1780560958.956,AUDUSD_otc
71,2026-06-04 08:16:00,0.72175,0.72169,0.72188,0.72161,75,1780561019.584,AUDUSD_otc
71,2026-06-04 08:17:00,0.72173,0.7216,0.72183,0.72144,82,1780561079.161,AUDUSD_otc
71,2026-06-04 08:18:00,0.72158,0.7216,0.72182,0.72158,79,1780561139.243,AUDUSD_otc
71,2026-06-04 08:19:00,0.72157,0.72175,0.72186,0.72156,79,1780561199.408,AUDUSD_otc
71,2026-06-04 08:20:00,0.72177,0.72194,0.72194,0.72161,82,1780561259.485,AUDUSD_otc
71,2026-06-04 08:21:00,0.72192,0.72185,0.72195,0.7217,89,1780561319.608,AUDUSD_otc
71,2026-06-04 08:22:00,0.72187,0.72215,0.72219,0.72171,77,1780561379.205,AUDUSD_otc
71,2026-06-04 08:23:00,0.72215,0.72181,0.72219,0.72158,78,1780561439.752,AUDUSD_otc
71,2026-06-04 08:24:00,0.72181,0.72176,0.72195,0.72165,71,1780561499.859,AUDUSD_otc
71,2026-06-04 08:25:00,0.72176,0.72164,0.72176,0.7215,79,1780561559.957,AUDUSD_otc
71,2026-06-04 08:26:00,0.72164,0.72141,0.72166,0.72136,68,1780561619.527,AUDUSD_otc
71,2026-06-04 08:27:00,0.72141,0.72079,0.72141,0.72079,84,1780561679.652,AUDUSD_otc
71,2026-06-04 08:28:00,0.72084,0.72079,0.72092,0.72054,88,1780561739.771,AUDUSD_otc
71,2026-06-04 08:29:00,0.72079,0.72087,0.72112,0.72079,80,1780561799.886,AUDUSD_otc
71,2026-06-04 08:30:00,0.72087,0.72064,0.72087,0.72063,77,1780561859.998,AUDUSD_otc
71,2026-06-04 08:31:00,0.72064,0.72086,0.72095,0.72056,84,1780561919.057,AUDUSD_otc
71,2026-06-04 08:32:00,0.72088,0.72129,0.72129,0.72086,85,1780561979.641,AUDUSD_otc
71,2026-06-04 08:33:00,0.72129,0.72147,0.72147,0.72114,81,1780562039.737,AUDUSD_otc
71,2026-06-04 08:34:00,0.72147,0.72152,0.72164,0.7214,77,1780562099.811,AUDUSD_otc
71,2026-06-04 08:35:00,0.72154,0.72128,0.72159,0.72127,85,1780562159.916,AUDUSD_otc
71,2026-06-04 08:36:00,0.72128,0.72106,0.7213,0.72105,83,1780562219.995,AUDUSD_otc
71,2026-06-04 08:37:00,0.72105,0.72074,0.72105,0.7207,83,1780562279.597,AUDUSD_otc
71,2026-06-04 08:38:00,0.72074,0.72095,0.721,0.72061,79,1780562339.713,AUDUSD_otc
71,2026-06-04 08:39:00,0.72095,0.7207,0.72101,0.72068,72,1780562399.339,AUDUSD_otc
71,2026-06-04 08:40:00,0.72068,0.72096,0.72096,0.72068,86,1780562459.91,AUDUSD_otc
71,2026-06-04 08:41:00,0.72096,0.72086,0.72111,0.72086,81,1780562519.981,AUDUSD_otc
71,2026-06-04 08:42:00,0.72086,0.72122,0.72122,0.72067,82,1780562579.023,AUDUSD_otc
71,2026-06-04 08:43:00,0.7212,0.72145,0.72146,0.72107,88,1780562639.6,AUDUSD_otc
71,2026-06-04 08:44:00,0.72144,0.7215,0.72168,0.72142,80,1780562699.685,AUDUSD_otc
71,2026-06-04 08:45:00,0.7215,0.72145,0.72174,0.72141,74,1780562759.249,AUDUSD_otc
71,2026-06-04 08:46:00,0.72145,0.7216,0.7216,0.72118,81,1780562819.347,AUDUSD_otc
71,2026-06-04 08:47:00,0.7216,0.72142,0.72169,0.72142,76,1780562879.941,AUDUSD_otc
71,2026-06-04 08:48:00,0.72142,0.72158,0.7216,0.72123,80,1780562939.515,AUDUSD_otc
71,2026-06-04 08:49:00,0.72155,0.72094,0.72155,0.72088,80,1780562999.633,AUDUSD_otc
71,2026-06-04 08:50:00,0.72092,0.7206,0.72099,0.7206,80,1780563059.75,AUDUSD_otc
71,2026-06-04 08:51:00,0.7206,0.72033,0.72063,0.72022,76,1780563119.377,AUDUSD_otc
71,2026-06-04 08:52:00,0.72031,0.72063,0.72065,0.72031,79,1780563178.989,AUDUSD_otc
71,2026-06-04 08:53:00,0.72063,0.72079,0.72089,0.72056,78,1780563239.538,AUDUSD_otc
71,2026-06-04 08:54:00,0.72081,0.7206,0.72089,0.72058,78,1780563299.136,AUDUSD_otc
71,2026-06-04 08:55:00,0.72061,0.72054,0.72083,0.72049,82,1780563359.72,AUDUSD_otc
71,2026-06-04 08:56:00,0.72043,0.72021,0.72045,0.72018,75,1780563418.811,AUDUSD_otc
71,2026-06-04 08:57:00,0.7202,0.72058,0.72058,0.72016,78,1780563479.398,AUDUSD_otc
71,2026-06-04 08:58:00,0.72055,0.7204,0.72055,0.72031,77,1780563538.987,AUDUSD_otc
71,2026-06-04 08:59:00,0.72038,0.72029,0.72047,0.72018,78,1780563599.09,AUDUSD_otc
71,2026-06-04 09:00:00,0.72029,0.72029,0.72041,0.72022,77,1780563659.712,AUDUSD_otc
71,2026-06-04 09:01:00,0.72029,0.72022,0.72038,0.72014,72,1780563719.826,AUDUSD_otc
71,2026-06-04 09:02:00,0.72022,0.72049,0.72051,0.72018,74,1780563779.924,AUDUSD_otc
71,2026-06-04 09:03:00,0.72049,0.72081,0.7209,0.72049,81,1780563839.513,AUDUSD_otc
71,2026-06-04 09:04:00,0.72081,0.72114,0.72116,0.72072,76,1780563899.589,AUDUSD_otc
71,2026-06-04 09:05:00,0.72114,0.72096,0.72121,0.72096,70,1780563959.677,AUDUSD_otc
71,2026-06-04 09:06:00,0.72092,0.72065,0.72092,0.72054,80,1780564019.244,AUDUSD_otc
71,2026-06-04 09:07:00,0.72065,0.72076,0.72089,0.72058,75,1780564079.843,AUDUSD_otc
71,2026-06-04 09:08:00,0.72076,0.72106,0.72111,0.72076,82,1780564139.941,AUDUSD_otc
71,2026-06-04 09:09:00,0.72115,0.72128,0.7213,0.72101,84,1780564199.532,AUDUSD_otc
71,2026-06-04 09:10:00,0.72126,0.72126,0.72133,0.72104,81,1780564259.651,AUDUSD_otc
71,2026-06-04 09:11:00,0.72128,0.72125,0.72138,0.72118,78,1780564319.759,AUDUSD_otc
71,2026-06-04 09:12:00,0.72126,0.72148,0.72151,0.72125,84,1780564379.834,AUDUSD_otc
71,2026-06-04 09:13:00,0.7215,0.72174,0.72181,0.7213,74,1780564439.41,AUDUSD_otc
71,2026-06-04 09:14:00,0.72173,0.72186,0.72186,0.72166,77,1780564499.503,AUDUSD_otc
71,2026-06-04 09:15:00,0.72186,0.72207,0.7222,0.72186,83,1780564559.567,AUDUSD_otc
71,2026-06-04 09:16:00,0.72207,0.72193,0.72207,0.72175,71,1780564618.656,AUDUSD_otc
71,2026-06-04 09:17:00,0.72193,0.72208,0.72216,0.72185,83,1780564679.752,AUDUSD_otc
71,2026-06-04 09:18:00,0.72208,0.7224,0.72259,0.72206,78,1780564739.828,AUDUSD_otc
71,2026-06-04 09:19:00,0.7224,0.72229,0.72248,0.72214,89,1780564799.944,AUDUSD_otc
71,2026-06-04 09:20:00,0.72229,0.72237,0.72246,0.72219,81,1780564859.547,AUDUSD_otc
71,2026-06-04 09:21:00,0.72235,0.72243,0.7225,0.72224,77,1780564918.643,AUDUSD_otc
71,2026-06-04 09:22:00,0.72241,0.7222,0.72253,0.72213,85,1780564979.76,AUDUSD_otc
71,2026-06-04 09:23:00,0.72217,0.72205,0.72217,0.72197,85,1780565039.302,AUDUSD_otc
71,2026-06-04 09:24:00,0.72205,0.72227,0.7223,0.72196,92,1780565099.903,AUDUSD_otc
71,2026-06-04 09:25:00,0.72227,0.72233,0.72235,0.72217,75,1780565159.983,AUDUSD_otc
71,2026-06-04 09:26:00,0.72234,0.72201,0.72238,0.72195,82,1780565219.059,AUDUSD_otc
71,2026-06-04 09:27:00,0.72204,0.72238,0.7224,0.72201,70,1780565279.17,AUDUSD_otc
71,2026-06-04 09:28:00,0.7224,0.72266,0.72266,0.72214,81,1780565339.27,AUDUSD_otc
71,2026-06-04 09:29:00,0.72266,0.72297,0.72299,0.72255,75,1780565399.897,AUDUSD_otc
71,2026-06-04 09:30:00,0.72295,0.72303,0.72313,0.72286,84,1780565459.513,AUDUSD_otc
71,2026-06-04 09:31:00,0.72305,0.72309,0.72328,0.72291,87,1780565519.583,AUDUSD_otc
71,2026-06-04 09:32:00,0.72309,0.72316,0.72331,0.72309,81,1780565579.169,AUDUSD_otc
71,2026-06-04 09:33:00,0.72316,0.72333,0.72338,0.72312,89,1780565639.265,AUDUSD_otc
71,2026-06-04 09:34:00,0.72333,0.72357,0.72367,0.72323,81,1780565699.838,AUDUSD_otc
71,2026-06-04 09:35:00,0.72357,0.72375,0.72375,0.72352,75,1780565759.926,AUDUSD_otc
71,2026-06-04 09:36:00,0.72375,0.72342,0.72375,0.72339,74,1780565819.52,AUDUSD_otc
71,2026-06-04 09:37:00,0.72342,0.72349,0.72356,0.72327,73,1780565879.114,AUDUSD_otc
71,2026-06-04 09:38:00,0.72349,0.72384,0.72387,0.72349,84,1780565939.736,AUDUSD_otc
71,2026-06-04 09:39:00,0.72384,0.72371,0.72385,0.72367,83,1780565999.855,AUDUSD_otc
71,2026-06-04 09:40:00,0.72371,0.72391,0.72423,0.72366,87,1780566059.952,AUDUSD_otc
71,2026-06-04 09:41:00,0.72391,0.72415,0.72416,0.72388,87,1780566119.535,AUDUSD_otc
71,2026-06-04 09:42:00,0.72417,0.72405,0.72426,0.72394,85,1780566179.595,AUDUSD_otc
71,2026-06-04 09:43:00,0.72403,0.7242,0.7242,0.72384,74,1780566237.695,AUDUSD_otc
71,2026-06-04 09:44:00,0.72421,0.72408,0.72433,0.72402,78,1780566299.795,AUDUSD_otc
71,2026-06-04 09:45:00,0.72406,0.72378,0.72406,0.72367,78,1780566359.395,AUDUSD_otc
71,2026-06-04 09:46:00,0.72377,0.72357,0.72379,0.72349,77,1780566419.991,AUDUSD_otc
71,2026-06-04 09:47:00,0.72357,0.72366,0.72369,0.7234,82,1780566479.578,AUDUSD_otc
71,2026-06-04 09:48:00,0.72366,0.72355,0.72366,0.72349,78,1780566539.177,AUDUSD_otc
71,2026-06-04 09:49:00,0.72355,0.72387,0.72387,0.72353,79,1780566599.804,AUDUSD_otc
71,2026-06-04 09:50:00,0.72387,0.72341,0.72399,0.72331,79,1780566659.959,AUDUSD_otc
71,2026-06-04 09:51:00,0.72341,0.72307,0.72341,0.72307,75,1780566719.976,AUDUSD_otc
71,2026-06-04 09:52:00,0.72307,0.72277,0.72314,0.72274,80,1780566779.566,AUDUSD_otc
71,2026-06-04 09:53:00,0.72282,0.72321,0.72321,0.72281,74,1780566839.142,AUDUSD_otc
71,2026-06-04 09:54:00,0.72321,0.72247,0.72324,0.72247,83,1780566899.733,AUDUSD_otc
71,2026-06-04 09:55:00,0.72242,0.72208,0.72252,0.72208,75,1780566959.326,AUDUSD_otc
71,2026-06-04 09:56:00,0.72208,0.7218,0.72209,0.7218,75,1780567019.922,AUDUSD_otc
71,2026-06-04 09:57:00,0.7218,0.72141,0.72196,0.72141,85,1780567079.529,AUDUSD_otc
71,2026-06-04 09:58:00,0.72141,0.72169,0.7218,0.72141,75,1780567138.633,AUDUSD_otc
71,2026-06-04 09:59:00,0.72169,0.72146,0.72169,0.72136,77,1780567199.756,AUDUSD_otc
71,2026-06-04 10:00:00,0.72146,0.72166,0.72166,0.72141,75,1780567259.345,AUDUSD_otc
71,2026-06-04 10:01:00,0.72168,0.72149,0.72168,0.72132,82,1780567319.905,AUDUSD_otc
71,2026-06-04 10:02:00,0.72148,0.72163,0.72169,0.72146,80,1780567379.982,AUDUSD_otc
71,2026-06-04 10:03:00,0.72163,0.7215,0.72179,0.7215,74,1780567439.545,AUDUSD_otc
71,2026-06-04 10:04:00,0.72151,0.72179,0.72195,0.72148,71,1780567499.611,AUDUSD_otc
71,2026-06-04 10:05:00,0.72178,0.72157,0.72191,0.72149,80,1780567559.687,AUDUSD_otc
71,2026-06-04 10:06:00,0.72157,0.72152,0.72169,0.72146,79,1780567619.77,AUDUSD_otc
71,2026-06-04 10:07:00,0.72152,0.72157,0.72176,0.72139,75,1780567679.854,AUDUSD_otc
71,2026-06-04 10:08:00,0.72157,0.7219,0.7219,0.72151,83,1780567739.462,AUDUSD_otc
71,2026-06-04 10:09:00,0.7219,0.72136,0.7219,0.72136,79,1780567799.569,AUDUSD_otc
71,2026-06-04 10:10:00,0.72134,0.72138,0.72141,0.72113,73,1780567859.682,AUDUSD_otc
71,2026-06-04 10:11:00,0.72139,0.72085,0.72145,0.72084,81,1780567919.805,AUDUSD_otc
71,2026-06-04 10:12:00,0.72085,0.72123,0.72126,0.72084,80,1780567979.867,AUDUSD_otc
71,2026-06-04 10:13:00,0.72123,0.72115,0.72153,0.72114,78,1780568038.945,AUDUSD_otc
71,2026-06-04 10:14:00,0.72115,0.72136,0.72146,0.72106,68,1780568099.523,AUDUSD_otc
71,2026-06-04 10:15:00,0.72136,0.72168,0.72168,0.72136,75,1780568159.105,AUDUSD_otc
71,2026-06-04 10:16:00,0.72167,0.72162,0.72183,0.72162,89,1780568218.694,AUDUSD_otc
71,2026-06-04 10:17:00,0.72166,0.72201,0.72216,0.7216,73,1780568279.774,AUDUSD_otc
71,2026-06-04 10:18:00,0.72201,0.72228,0.72234,0.72197,77,1780568339.869,AUDUSD_otc
71,2026-06-04 10:19:00,0.72228,0.72223,0.72235,0.72189,76,1780568399.991,AUDUSD_otc
71,2026-06-04 10:20:00,0.72223,0.72222,0.72238,0.72214,83,1780568459.591,AUDUSD_otc
71,2026-06-04 10:21:00,0.72222,0.72218,0.72225,0.72185,80,1780568519.71,AUDUSD_otc
71,2026-06-04 10:22:00,0.7222,0.72245,0.72252,0.72216,85,1780568579.291,AUDUSD_otc
71,2026-06-04 10:23:00,0.72247,0.72245,0.72252,0.72237,91,1780568639.847,AUDUSD_otc
71,2026-06-04 10:24:00,0.72245,0.72234,0.72249,0.72222,85,1780568697.916,AUDUSD_otc
71,2026-06-04 10:25:00,0.72234,0.72233,0.72256,0.7221,71,1780568759.994,AUDUSD_otc
71,2026-06-04 10:26:00,0.72233,0.72281,0.72286,0.72228,68,1780568819.055,AUDUSD_otc
71,2026-06-04 10:27:00,0.72278,0.7227,0.72283,0.72263,85,1780568879.665,AUDUSD_otc
71,2026-06-04 10:28:00,0.7227,0.72236,0.72276,0.7223,85,1780568939.743,AUDUSD_otc
71,2026-06-04 10:29:00,0.72236,0.72229,0.72243,0.72216,84,1780568999.349,AUDUSD_otc
71,2026-06-04 10:30:00,0.72229,0.72234,0.7225,0.72226,75,1780569059.47,AUDUSD_otc
71,2026-06-04 10:31:00,0.72234,0.72229,0.7224,0.72218,84,1780569119.555,AUDUSD_otc
71,2026-06-04 10:32:00,0.72233,0.7221,0.72233,0.72205,89,1780569179.682,AUDUSD_otc
71,2026-06-04 10:33:00,0.7221,0.72222,0.72229,0.72196,86,1780569239.767,AUDUSD_otc
71,2026-06-04 10:34:00,0.72222,0.72201,0.72228,0.72197,77,1780569299.84,AUDUSD_otc
71,2026-06-04 10:35:00,0.72201,0.72167,0.72209,0.72162,73,1780569359.408,AUDUSD_otc
71,2026-06-04 10:36:00,0.72167,0.72138,0.72167,0.72131,77,1780569419.483,AUDUSD_otc
71,2026-06-04 10:37:00,0.72138,0.72139,0.7216,0.72133,77,1780569479.539,AUDUSD_otc
71,2026-06-04 10:38:00,0.72138,0.72172,0.72188,0.72135,76,1780569539.627,AUDUSD_otc
71,2026-06-04 10:39:00,0.72176,0.7218,0.72204,0.72176,74,1780569599.701,AUDUSD_otc
71,2026-06-04 10:40:00,0.7218,0.72186,0.72197,0.72172,80,1780569659.776,AUDUSD_otc
71,2026-06-04 10:41:00,0.72185,0.72185,0.72199,0.72174,92,1780569719.869,AUDUSD_otc
71,2026-06-04 10:42:00,0.72185,0.72218,0.72226,0.72185,83,1780569779.962,AUDUSD_otc
71,2026-06-04 10:43:00,0.72218,0.72224,0.72237,0.72194,91,1780569839.556,AUDUSD_otc
71,2026-06-04 10:44:00,0.72226,0.72259,0.7227,0.72215,73,1780569899.171,AUDUSD_otc
71,2026-06-04 10:45:00,0.72258,0.72272,0.72272,0.72252,81,1780569958.778,AUDUSD_otc
71,2026-06-04 10:46:00,0.72272,0.72286,0.72294,0.72264,69,1780570018.367,AUDUSD_otc
71,2026-06-04 10:47:00,0.72286,0.7226,0.72286,0.7225,81,1780570079.945,AUDUSD_otc
71,2026-06-04 10:48:00,0.7226,0.72272,0.72283,0.72248,75,1780570139.505,AUDUSD_otc
71,2026-06-04 10:49:00,0.72268,0.72294,0.72294,0.72251,83,1780570199.626,AUDUSD_otc
71,2026-06-04 10:50:00,0.72292,0.72291,0.723,0.72272,87,1780570259.711,AUDUSD_otc
71,2026-06-04 10:51:00,0.72282,0.72306,0.72315,0.72275,83,1780570319.827,AUDUSD_otc
71,2026-06-04 10:52:00,0.72306,0.72321,0.72333,0.72298,74,1780570378.911,AUDUSD_otc
71,2026-06-04 10:53:00,0.72322,0.72331,0.72333,0.72314,75,1780570439.504,AUDUSD_otc
71,2026-06-04 10:54:00,0.72329,0.72329,0.72343,0.72314,67,1780570499.628,AUDUSD_otc
71,2026-06-04 10:55:00,0.72324,0.7234,0.72341,0.7231,81,1780570559.73,AUDUSD_otc
71,2026-06-04 10:56:00,0.7234,0.7231,0.72341,0.72297,83,1780570619.784,AUDUSD_otc
71,2026-06-04 10:57:00,0.7231,0.72314,0.72314,0.72285,84,1780570679.873,AUDUSD_otc
71,2026-06-04 10:58:00,0.72314,0.7232,0.72326,0.72298,80,1780570739.451,AUDUSD_otc
71,2026-06-04 10:59:00,0.7232,0.72279,0.7232,0.72255,84,1780570799.524,AUDUSD_otc
71,2026-06-04 11:00:00,0.72279,0.72332,0.72342,0.72272,83,1780570859.631,AUDUSD_otc
71,2026-06-04 11:01:00,0.72332,0.7241,0.72411,0.72328,77,1780570919.718,AUDUSD_otc
71,2026-06-04 11:02:00,0.7241,0.72397,0.7241,0.72374,87,1780570979.803,AUDUSD_otc
71,2026-06-04 11:03:00,0.72397,0.72389,0.72413,0.72376,82,1780571039.448,AUDUSD_otc
71,2026-06-04 11:04:00,0.72389,0.7239,0.7241,0.72386,79,1780571099.566,AUDUSD_otc
71,2026-06-04 11:05:00,0.72393,0.72411,0.72411,0.72389,82,1780571159.651,AUDUSD_otc
71,2026-06-04 11:06:00,0.72411,0.72435,0.72442,0.724,77,1780571219.23,AUDUSD_otc
71,2026-06-04 11:07:00,0.72438,0.72461,0.72474,0.72435,86,1780571279.811,AUDUSD_otc
71,2026-06-04 11:08:00,0.72461,0.72471,0.72484,0.72458,80,1780571339.409,AUDUSD_otc
71,2026-06-04 11:09:00,0.72471,0.72426,0.72476,0.72426,81,1780571399.992,AUDUSD_otc
71,2026-06-04 11:10:00,0.72426,0.72411,0.72426,0.72407,76,1780571459.063,AUDUSD_otc
71,2026-06-04 11:11:00,0.72419,0.72377,0.7242,0.72372,77,1780571519.681,AUDUSD_otc
71,2026-06-04 11:12:00,0.72377,0.72354,0.72389,0.72353,84,1780571579.8,AUDUSD_otc
71,2026-06-04 11:13:00,0.72354,0.72286,0.72354,0.72283,84,1780571639.93,AUDUSD_otc
71,2026-06-04 11:14:00,0.72286,0.72315,0.72315,0.72286,79,1780571699.542,AUDUSD_otc
71,2026-06-04 11:15:00,0.72315,0.72342,0.72345,0.72303,82,1780571758.579,AUDUSD_otc
71,2026-06-04 11:16:00,0.72347,0.72358,0.72399,0.72346,80,1780571819.662,AUDUSD_otc
71,2026-06-04 11:17:00,0.72358,0.72358,0.72371,0.72349,79,1780571878.745,AUDUSD_otc
71,2026-06-04 11:18:00,0.72358,0.72387,0.72396,0.72357,85,1780571939.819,AUDUSD_otc
71,2026-06-04 11:19:00,0.72387,0.72382,0.72387,0.72365,89,1780571999.92,AUDUSD_otc
71,2026-06-04 11:20:00,0.72382,0.7239,0.72404,0.7237,77,1780572058.015,AUDUSD_otc
71,2026-06-04 11:21:00,0.72395,0.72395,0.72401,0.72383,83,1780572119.115,AUDUSD_otc
71,2026-06-04 11:22:00,0.72399,0.72421,0.72422,0.72376,76,1780572179.236,AUDUSD_otc
71,2026-06-04 11:23:00,0.7242,0.72404,0.7242,0.72375,85,1780572239.846,AUDUSD_otc
71,2026-06-04 11:24:00,0.72404,0.72384,0.72407,0.72384,85,1780572298.927,AUDUSD_otc
71,2026-06-04 11:25:00,0.72384,0.72357,0.72387,0.72348,81,1780572359.524,AUDUSD_otc
71,2026-06-04 11:26:00,0.72343,0.72325,0.72357,0.72325,81,1780572419.573,AUDUSD_otc
71,2026-06-04 11:27:00,0.72325,0.72364,0.72372,0.72318,73,1780572479.662,AUDUSD_otc
71,2026-06-04 11:28:00,0.72364,0.72371,0.72373,0.72351,74,1780572538.24,AUDUSD_otc
71,2026-06-04 11:29:00,0.72371,0.72423,0.72425,0.72366,84,1780572599.824,AUDUSD_otc
71,2026-06-04 11:30:00,0.72425,0.7243,0.72435,0.72403,78,1780572659.939,AUDUSD_otc
71,2026-06-04 11:31:00,0.72428,0.72447,0.72465,0.7242,78,1780572719.521,AUDUSD_otc
71,2026-06-04 11:32:00,0.72448,0.72454,0.72473,0.72442,88,1780572779.638,AUDUSD_otc
71,2026-06-04 11:33:00,0.72454,0.72476,0.7248,0.72444,84,1780572839.745,AUDUSD_otc
71,2026-06-04 11:34:00,0.72476,0.7249,0.72492,0.72468,89,1780572899.849,AUDUSD_otc
71,2026-06-04 11:35:00,0.7249,0.72549,0.72549,0.72488,79,1780572959.924,AUDUSD_otc
71,2026-06-04 11:36:00,0.72549,0.72578,0.72581,0.72547,75,1780573019.012,AUDUSD_otc
71,2026-06-04 11:37:00,0.72576,0.72517,0.7258,0.72516,87,1780573079.592,AUDUSD_otc
71,2026-06-04 11:38:00,0.72519,0.72505,0.72521,0.72491,84,1780573139.177,AUDUSD_otc
71,2026-06-04 11:39:00,0.72507,0.72514,0.72514,0.72486,74,1780573199.778,AUDUSD_otc
71,2026-06-04 11:40:00,0.72516,0.72525,0.72527,0.72496,80,1780573259.866,AUDUSD_otc
71,2026-06-04 11:41:00,0.72526,0.72493,0.72527,0.72482,85,1780573319.963,AUDUSD_otc
71,2026-06-04 11:42:00,0.72493,0.72529,0.72531,0.72493,82,1780573379.075,AUDUSD_otc
71,2026-06-04 11:43:00,0.72529,0.72529,0.72542,0.72512,80,1780573439.714,AUDUSD_otc
71,2026-06-04 11:44:00,0.72532,0.72538,0.72546,0.72531,80,1780573499.792,AUDUSD_otc
71,2026-06-04 11:45:00,0.72535,0.72553,0.72553,0.72519,73,1780573559.859,AUDUSD_otc
71,2026-06-04 11:46:00,0.72556,0.72537,0.7256,0.72524,80,1780573619.945,AUDUSD_otc
71,2026-06-04 11:47:00,0.72537,0.72522,0.72538,0.72504,80,1780573678.552,AUDUSD_otc
71,2026-06-04 11:48:00,0.72522,0.72511,0.72527,0.72488,81,1780573739.143,AUDUSD_otc
71,2026-06-04 11:49:00,0.72511,0.7251,0.72522,0.72483,83,1780573799.243,AUDUSD_otc
71,2026-06-04 11:50:00,0.7251,0.72505,0.72527,0.72501,84,1780573859.852,AUDUSD_otc
71,2026-06-04 11:51:00,0.72505,0.72509,0.72514,0.72492,87,1780573919.464,AUDUSD_otc
71,2026-06-04 11:52:00,0.72509,0.72527,0.72544,0.72505,77,1780573979.571,AUDUSD_otc
71,2026-06-04 11:53:00,0.72527,0.72519,0.72533,0.72517,86,1780574039.673,AUDUSD_otc
71,2026-06-04 11:54:00,0.72519,0.72502,0.72523,0.72491,77,1780574099.747,AUDUSD_otc
71,2026-06-04 11:55:00,0.72502,0.72517,0.72523,0.72481,80,1780574159.811,AUDUSD_otc
71,2026-06-04 11:56:00,0.72517,0.72537,0.72537,0.72504,78,1780574219.883,AUDUSD_otc
71,2026-06-04 11:57:00,0.72537,0.72535,0.72547,0.72525,77,1780574279.961,AUDUSD_otc
71,2026-06-04 11:58:00,0.72534,0.7247,0.72536,0.7247,85,1780574339.053,AUDUSD_otc
71,2026-06-04 11:59:00,0.7247,0.72472,0.72505,0.72469,89,1780574399.134,AUDUSD_otc
71,2026-06-04 12:00:00,0.72473,0.72439,0.7248,0.72432,74,1780574458.25,AUDUSD_otc
71,2026-06-04 12:01:00,0.7244,0.72477,0.72489,0.72438,79,1780574519.845,AUDUSD_otc
71,2026-06-04 12:02:00,0.72477,0.72473,0.72489,0.72454,78,1780574579.948,AUDUSD_otc
71,2026-06-04 12:03:00,0.72473,0.72458,0.72473,0.72442,82,1780574639.555,AUDUSD_otc
71,2026-06-04 12:04:00,0.72458,0.72503,0.72514,0.72454,86,1780574699.63,AUDUSD_otc
71,2026-06-04 12:05:00,0.72501,0.72534,0.72546,0.72501,80,1780574759.703,AUDUSD_otc
71,2026-06-04 12:06:00,0.72534,0.72542,0.72558,0.7253,70,1780574819.79,AUDUSD_otc
71,2026-06-04 12:07:00,0.72542,0.72555,0.7256,0.72535,88,1780574878.347,AUDUSD_otc
71,2026-06-04 12:08:00,0.72555,0.72561,0.72561,0.72539,81,1780574939.96,AUDUSD_otc
71,2026-06-04 12:09:00,0.72561,0.72562,0.72572,0.7255,75,1780574999.553,AUDUSD_otc
71,2026-06-04 12:10:00,0.72559,0.72588,0.72606,0.72556,80,1780575059.656,AUDUSD_otc
71,2026-06-04 12:11:00,0.72585,0.72561,0.72596,0.72561,81,1780575119.768,AUDUSD_otc
71,2026-06-04 12:12:00,0.72564,0.72606,0.72612,0.72557,87,1780575179.879,AUDUSD_otc
71,2026-06-04 12:13:00,0.72606,0.72603,0.72625,0.72598,79,1780575239.954,AUDUSD_otc
71,2026-06-04 12:14:00,0.72603,0.72539,0.72603,0.72539,88,1780575299.048,AUDUSD_otc
71,2026-06-04 12:15:00,0.72535,0.72541,0.72562,0.72531,89,1780575359.609,AUDUSD_otc
71,2026-06-04 12:16:00,0.72543,0.72534,0.72547,0.72522,86,1780575419.712,AUDUSD_otc
71,2026-06-04 12:17:00,0.72534,0.72503,0.72534,0.725,74,1780575479.793,AUDUSD_otc
71,2026-06-04 12:18:00,0.725,0.72534,0.72538,0.725,86,1780575539.879,AUDUSD_otc
71,2026-06-04 12:19:00,0.72533,0.72567,0.72567,0.7252,81,1780575599.988,AUDUSD_otc
71,2026-06-04 12:20:00,0.72567,0.72583,0.72588,0.72554,77,1780575659.587,AUDUSD_otc
71,2026-06-04 12:21:00,0.72584,0.726,0.726,0.72578,82,1780575719.713,AUDUSD_otc
71,2026-06-04 12:22:00,0.726,0.72635,0.72653,0.726,79,1780575779.814,AUDUSD_otc
71,2026-06-04 12:23:00,0.72635,0.72603,0.72642,0.72593,86,1780575839.88,AUDUSD_otc
71,2026-06-04 12:24:00,0.72603,0.72595,0.72617,0.7259,85,1780575899.956,AUDUSD_otc
71,2026-06-04 12:25:00,0.72595,0.72566,0.72606,0.72566,79,1780575959.024,AUDUSD_otc
71,2026-06-04 12:26:00,0.72566,0.72576,0.72581,0.72556,81,1780576019.59,AUDUSD_otc
71,2026-06-04 12:27:00,0.72576,0.72577,0.72588,0.72544,80,1780576079.677,AUDUSD_otc
71,2026-06-04 12:28:00,0.72577,0.72566,0.72588,0.72559,92,1780576139.255,AUDUSD_otc
71,2026-06-04 12:29:00,0.72569,0.72572,0.72589,0.72567,84,1780576199.345,AUDUSD_otc
71,2026-06-04 12:30:00,0.72572,0.72557,0.72574,0.72547,86,1780576259.979,AUDUSD_otc
71,2026-06-04 12:31:00,0.72557,0.72569,0.72573,0.72551,78,1780576319.573,AUDUSD_otc
71,2026-06-04 12:32:00,0.72569,0.72514,0.72571,0.7251,88,1780576379.687,AUDUSD_otc
71,2026-06-04 12:33:00,0.72514,0.72525,0.72528,0.72503,73,1780576439.793,AUDUSD_otc
71,2026-06-04 12:34:00,0.72524,0.7255,0.72554,0.72518,79,1780576498.338,AUDUSD_otc
71,2026-06-04 12:35:00,0.72552,0.72569,0.72576,0.72534,84,1780576559.94,AUDUSD_otc
71,2026-06-04 12:36:00,0.72569,0.72569,0.7258,0.72546,81,1780576618.51,AUDUSD_otc
71,2026-06-04 12:37:00,0.72567,0.72591,0.72609,0.72565,71,1780576679.583,AUDUSD_otc
71,2026-06-04 12:38:00,0.72579,0.72586,0.72615,0.72576,81,1780576739.682,AUDUSD_otc
71,2026-06-04 12:39:00,0.72586,0.72603,0.72622,0.72577,77,1780576799.778,AUDUSD_otc
71,2026-06-04 12:40:00,0.72599,0.72619,0.72625,0.7259,84,1780576858.373,AUDUSD_otc
71,2026-06-04 12:41:00,0.72619,0.72591,0.72625,0.72587,78,1780576919.492,AUDUSD_otc
71,2026-06-04 12:42:00,0.72591,0.72584,0.72597,0.72579,85,1780576979.591,AUDUSD_otc
71,2026-06-04 12:43:00,0.72581,0.72575,0.72594,0.72571,89,1780577039.69,AUDUSD_otc
71,2026-06-04 12:44:00,0.72575,0.72589,0.72597,0.72575,76,1780577099.802,AUDUSD_otc
71,2026-06-04 12:45:00,0.72589,0.72581,0.72606,0.72577,79,1780577159.861,AUDUSD_otc
71,2026-06-04 12:46:00,0.72581,0.72587,0.72602,0.72574,72,1780577218.954,AUDUSD_otc
71,2026-06-04 12:47:00,0.72587,0.72597,0.72611,0.72581,83,1780577279.536,AUDUSD_otc
71,2026-06-04 12:48:00,0.72598,0.72617,0.72618,0.7259,78,1780577339.62,AUDUSD_otc
71,2026-06-04 12:49:00,0.72617,0.72583,0.72617,0.72582,66,1780577397.205,AUDUSD_otc
71,2026-06-04 12:50:00,0.72583,0.72552,0.72585,0.7254,79,1780577459.8,AUDUSD_otc
71,2026-06-04 12:51:00,0.72554,0.72582,0.72582,0.72553,74,1780577519.894,AUDUSD_otc
71,2026-06-04 12:52:00,0.72582,0.72599,0.72608,0.7257,88,1780577579.509,AUDUSD_otc
71,2026-06-04 12:53:00,0.72599,0.72603,0.72625,0.72592,67,1780577639.624,AUDUSD_otc
71,2026-06-04 12:54:00,0.72602,0.72605,0.72619,0.72595,70,1780577698.705,AUDUSD_otc
71,2026-06-04 12:55:00,0.72605,0.72618,0.72632,0.72599,70,1780577759.267,AUDUSD_otc
71,2026-06-04 12:56:00,0.72622,0.72596,0.7263,0.72595,79,1780577819.813,AUDUSD_otc
71,2026-06-04 12:57:00,0.72594,0.72602,0.72602,0.72578,84,1780577879.905,AUDUSD_otc
71,2026-06-04 12:58:00,0.72602,0.7257,0.72611,0.72568,70,1780577939.989,AUDUSD_otc
71,2026-06-04 12:59:00,0.7257,0.72571,0.72578,0.72543,85,1780577999.563,AUDUSD_otc
71,2026-06-04 13:00:00,0.72571,0.726,0.72604,0.72569,74,1780578059.671,AUDUSD_otc
71,2026-06-04 13:01:00,0.726,0.72648,0.72653,0.72591,90,1780578119.761,AUDUSD_otc
71,2026-06-04 13:02:00,0.72648,0.72619,0.72648,0.72615,81,1780578179.368,AUDUSD_otc
71,2026-06-04 13:03:00,0.72619,0.72609,0.72635,0.726,79,1780578239.99,AUDUSD_otc
71,2026-06-04 13:04:00,0.72609,0.72595,0.72619,0.72588,76,1780578299.617,AUDUSD_otc
71,2026-06-04 13:05:00,0.72595,0.72608,0.72613,0.72588,84,1780578359.191,AUDUSD_otc
71,2026-06-04 13:06:00,0.72608,0.72596,0.72621,0.72596,83,1780578419.767,AUDUSD_otc
71,2026-06-04 13:07:00,0.72596,0.72594,0.72613,0.72585,86,1780578479.825,AUDUSD_otc
71,2026-06-04 13:08:00,0.72594,0.72582,0.7261,0.72565,80,1780578539.931,AUDUSD_otc
71,2026-06-04 13:09:00,0.72582,0.72564,0.72586,0.72563,86,1780578599.007,AUDUSD_otc
71,2026-06-04 13:10:00,0.72565,0.72527,0.72565,0.7251,81,1780578659.616,AUDUSD_otc
71,2026-06-04 13:11:00,0.72527,0.72501,0.72534,0.72501,79,1780578719.694,AUDUSD_otc
71,2026-06-04 13:12:00,0.72501,0.72499,0.72517,0.72492,77,1780578779.78,AUDUSD_otc
71,2026-06-04 13:13:00,0.72497,0.72514,0.72526,0.72497,74,1780578839.9,AUDUSD_otc
71,2026-06-04 13:14:00,0.72514,0.72524,0.72525,0.72482,88,1780578898.515,AUDUSD_otc
71,2026-06-04 13:15:00,0.72522,0.72503,0.72551,0.72503,82,1780578959.617,AUDUSD_otc
71,2026-06-04 13:16:00,0.72503,0.72487,0.72507,0.72483,75,1780579019.705,AUDUSD_otc
71,2026-06-04 13:17:00,0.72487,0.72496,0.72523,0.72482,74,1780579079.787,AUDUSD_otc
71,2026-06-04 13:18:00,0.72496,0.72488,0.7251,0.72471,79,1780579138.349,AUDUSD_otc
71,2026-06-04 13:19:00,0.72488,0.72472,0.72504,0.72472,77,1780579199.939,AUDUSD_otc
71,2026-06-04 13:20:00,0.72472,0.72474,0.72493,0.72466,77,1780579259.545,AUDUSD_otc
71,2026-06-04 13:21:00,0.72474,0.72483,0.72497,0.72469,71,1780579319.623,AUDUSD_otc
71,2026-06-04 13:22:00,0.72483,0.72485,0.72505,0.72472,82,1780579379.729,AUDUSD_otc
71,2026-06-04 13:23:00,0.72486,0.72514,0.72514,0.72469,85,1780579439.312,AUDUSD_otc
71,2026-06-04 13:24:00,0.72517,0.72469,0.72518,0.72467,74,1780579499.422,AUDUSD_otc
71,2026-06-04 13:25:00,0.72469,0.72486,0.72493,0.72468,68,1780579559.519,AUDUSD_otc
71,2026-06-04 13:26:00,0.72484,0.72486,0.72486,0.72469,76,1780579619.572,AUDUSD_otc
71,2026-06-04 13:27:00,0.72486,0.72503,0.72505,0.72486,77,1780579679.655,AUDUSD_otc
71,2026-06-04 13:28:00,0.72502,0.72475,0.72506,0.72457,75,1780579739.729,AUDUSD_otc
71,2026-06-04 13:29:00,0.72475,0.72455,0.72477,0.72454,74,1780579798.794,AUDUSD_otc
71,2026-06-04 13:30:00,0.72455,0.72473,0.72473,0.72442,73,1780579859.9,AUDUSD_otc
71,2026-06-04 13:31:00,0.72474,0.7251,0.72512,0.7246,81,1780579919.981,AUDUSD_otc
71,2026-06-04 13:32:00,0.7251,0.72529,0.72529,0.72505,75,1780579979.569,AUDUSD_otc
71,2026-06-04 13:33:00,0.72531,0.7255,0.7255,0.7253,76,1780580039.702,AUDUSD_otc
71,2026-06-04 13:34:00,0.7255,0.7258,0.7258,0.7255,81,1780580099.317,AUDUSD_otc
71,2026-06-04 13:35:00,0.7258,0.72605,0.72605,0.7258,85,1780580159.92,AUDUSD_otc
71,2026-06-04 13:36:00,0.72605,0.72644,0.72644,0.72588,79,1780580219.515,AUDUSD_otc
71,2026-06-04 13:37:00,0.72644,0.72601,0.72653,0.72597,81,1780580279.582,AUDUSD_otc
71,2026-06-04 13:38:00,0.72599,0.72588,0.7262,0.72586,73,1780580338.657,AUDUSD_otc
71,2026-06-04 13:39:00,0.72586,0.726,0.726,0.72565,85,1780580398.724,AUDUSD_otc
71,2026-06-04 13:40:00,0.726,0.72618,0.72624,0.72593,83,1780580459.32,AUDUSD_otc
71,2026-06-04 13:41:00,0.72621,0.72571,0.72621,0.72571,80,1780580519.934,AUDUSD_otc
71,2026-06-04 13:42:00,0.7257,0.7259,0.72602,0.72566,78,1780580579.513,AUDUSD_otc
71,2026-06-04 13:43:00,0.7259,0.72625,0.72626,0.72575,78,1780580639.613,AUDUSD_otc
71,2026-06-04 13:44:00,0.72622,0.72638,0.72653,0.72619,77,1780580699.721,AUDUSD_otc
71,2026-06-04 13:45:00,0.72638,0.72642,0.72651,0.72631,72,1780580759.337,AUDUSD_otc
71,2026-06-04 13:46:00,0.72641,0.72636,0.72654,0.72627,75,1780580819.912,AUDUSD_otc
71,2026-06-04 13:47:00,0.72636,0.72626,0.72655,0.72609,84,1780580879.985,AUDUSD_otc
71,2026-06-04 13:48:00,0.72624,0.7259,0.72624,0.72585,76,1780580939.55,AUDUSD_otc
71,2026-06-04 13:49:00,0.7259,0.72572,0.72613,0.72568,81,1780580999.643,AUDUSD_otc
71,2026-06-04 13:50:00,0.72572,0.72545,0.72574,0.72523,82,1780581059.723,AUDUSD_otc
71,2026-06-04 13:51:00,0.72545,0.72529,0.72546,0.72518,75,1780581119.284,AUDUSD_otc
71,2026-06-04 13:52:00,0.72529,0.72547,0.7255,0.72523,85,1780581179.918,AUDUSD_otc
71,2026-06-04 13:53:00,0.72547,0.72527,0.72547,0.72521,75,1780581239.532,AUDUSD_otc
71,2026-06-04 13:54:00,0.72528,0.7251,0.72536,0.7251,79,1780581299.625,AUDUSD_otc
71,2026-06-04 13:55:00,0.72509,0.72493,0.72517,0.72486,77,1780581359.244,AUDUSD_otc
71,2026-06-04 13:56:00,0.72493,0.72463,0.72493,0.72445,78,1780581419.335,AUDUSD_otc
71,2026-06-04 13:57:00,0.72465,0.72455,0.72475,0.72451,81,1780581479.426,AUDUSD_otc
71,2026-06-04 13:58:00,0.72453,0.72432,0.7247,0.72432,81,1780581539.989,AUDUSD_otc
71,2026-06-04 13:59:00,0.72434,0.7246,0.7246,0.72427,78,1780581599.039,AUDUSD_otc
71,2026-06-04 14:00:00,0.72458,0.72464,0.72475,0.72443,79,1780581659.66,AUDUSD_otc
71,2026-06-04 14:01:00,0.72464,0.72485,0.72485,0.72449,87,1780581719.242,AUDUSD_otc
71,2026-06-04 14:02:00,0.72485,0.72498,0.72498,0.72469,86,1780581779.831,AUDUSD_otc
71,2026-06-04 14:03:00,0.72497,0.7246,0.72502,0.7246,81,1780581839.948,AUDUSD_otc
71,2026-06-04 14:04:00,0.7246,0.72417,0.7246,0.72417,79,1780581899.04,AUDUSD_otc
71,2026-06-04 14:05:00,0.72415,0.72393,0.72415,0.7238,78,1780581958.153,AUDUSD_otc
71,2026-06-04 14:06:00,0.72393,0.72391,0.72408,0.72378,78,1780582019.259,AUDUSD_otc
71,2026-06-04 14:07:00,0.72391,0.72349,0.72406,0.72347,83,1780582079.819,AUDUSD_otc
71,2026-06-04 14:08:00,0.72349,0.72389,0.7239,0.72349,76,1780582139.914,AUDUSD_otc
71,2026-06-04 14:09:00,0.72389,0.7237,0.72397,0.72365,89,1780582199.998,AUDUSD_otc
71,2026-06-04 14:10:00,0.7237,0.72419,0.72421,0.72366,79,1780582258.613,AUDUSD_otc
71,2026-06-04 14:11:00,0.72421,0.72444,0.72451,0.72401,82,1780582319.694,AUDUSD_otc
71,2026-06-04 14:12:00,0.72444,0.72428,0.72465,0.72426,79,1780582377.264,AUDUSD_otc
71,2026-06-04 14:13:00,0.72426,0.72433,0.72438,0.72416,77,1780582439.918,AUDUSD_otc
71,2026-06-04 14:14:00,0.72435,0.72419,0.72435,0.72399,76,1780582499.531,AUDUSD_otc
71,2026-06-04 14:15:00,0.72419,0.72442,0.72448,0.72415,77,1780582559.593,AUDUSD_otc
71,2026-06-04 14:16:00,0.72444,0.72448,0.72454,0.72432,82,1780582618.687,AUDUSD_otc
71,2026-06-04 14:17:00,0.72448,0.72396,0.72448,0.7239,86,1780582679.758,AUDUSD_otc
71,2026-06-04 14:18:00,0.72396,0.72389,0.72407,0.72369,79,1780582739.82,AUDUSD_otc
71,2026-06-04 14:19:00,0.72389,0.72414,0.72417,0.7238,80,1780582799.447,AUDUSD_otc
71,2026-06-04 14:20:00,0.72418,0.72438,0.7244,0.72409,81,1780582859.552,AUDUSD_otc
71,2026-06-04 14:21:00,0.72438,0.72444,0.72459,0.72425,79,1780582919.142,AUDUSD_otc
71,2026-06-04 14:22:00,0.72444,0.72435,0.7245,0.72418,79,1780582979.751,AUDUSD_otc
71,2026-06-04 14:23:00,0.72435,0.72377,0.72435,0.72377,82,1780583039.865,AUDUSD_otc
71,2026-06-04 14:24:00,0.72377,0.72386,0.7239,0.72371,76,1780583099.946,AUDUSD_otc
71,2026-06-04 14:25:00,0.72386,0.72406,0.72411,0.72386,78,1780583159.539,AUDUSD_otc
71,2026-06-04 14:26:00,0.72407,0.72393,0.72419,0.72377,90,1780583219.616,AUDUSD_otc
71,2026-06-04 14:27:00,0.72398,0.72386,0.7242,0.72378,82,1780583279.216,AUDUSD_otc
71,2026-06-04 14:28:00,0.72386,0.72359,0.72386,0.72353,80,1780583339.8,AUDUSD_otc
71,2026-06-04 14:29:00,0.72351,0.72376,0.72377,0.72348,82,1780583399.881,AUDUSD_otc
71,2026-06-04 14:30:00,0.72376,0.72425,0.72447,0.72376,84,1780583459.509,AUDUSD_otc
71,2026-06-04 14:31:00,0.72425,0.72414,0.72431,0.72397,72,1780583519.092,AUDUSD_otc
71,2026-06-04 14:32:00,0.72413,0.72447,0.72447,0.72411,80,1780583579.735,AUDUSD_otc
71,2026-06-04 14:33:00,0.72446,0.72423,0.72462,0.72423,78,1780583639.85,AUDUSD_otc
71,2026-06-04 14:34:00,0.72421,0.72407,0.72421,0.72398,77,1780583697.873,AUDUSD_otc
71,2026-06-04 14:35:00,0.72407,0.72351,0.72411,0.72351,80,1780583758.981,AUDUSD_otc
71,2026-06-04 14:36:00,0.72351,0.72299,0.72354,0.72299,74,1780583818.56,AUDUSD_otc
71,2026-06-04 14:37:00,0.72297,0.72249,0.72297,0.72249,73,1780583879.14,AUDUSD_otc
71,2026-06-04 14:38:00,0.72249,0.7225,0.72254,0.72227,72,1780583939.744,AUDUSD_otc
71,2026-06-04 14:39:00,0.7225,0.7227,0.72279,0.72249,79,1780583999.832,AUDUSD_otc
71,2026-06-04 14:40:00,0.7227,0.72272,0.72277,0.72255,93,1780584058.927,AUDUSD_otc
71,2026-06-04 14:41:00,0.72272,0.72292,0.72307,0.72272,81,1780584119.565,AUDUSD_otc
71,2026-06-04 14:42:00,0.72291,0.72327,0.72328,0.72291,76,1780584179.7,AUDUSD_otc
71,2026-06-04 14:43:00,0.72327,0.72357,0.72357,0.72321,72,1780584239.767,AUDUSD_otc
71,2026-06-04 14:44:00,0.7236,0.72325,0.72375,0.72319,83,1780584299.337,AUDUSD_otc
71,2026-06-04 14:45:00,0.72325,0.72366,0.72366,0.72325,72,1780584359.897,AUDUSD_otc
71,2026-06-04 14:46:00,0.72366,0.72384,0.72402,0.72344,78,1780584419.983,AUDUSD_otc
71,2026-06-04 14:47:00,0.72384,0.72406,0.72419,0.72373,88,1780584479.569,AUDUSD_otc
71,2026-06-04 14:48:00,0.72408,0.72385,0.72409,0.72383,72,1780584539.634,AUDUSD_otc
71,2026-06-04 14:49:00,0.72385,0.7239,0.72398,0.72369,79,1780584598.244,AUDUSD_otc
71,2026-06-04 14:50:00,0.72393,0.72377,0.72396,0.72366,68,1780584659.863,AUDUSD_otc
71,2026-06-04 14:51:00,0.72375,0.72367,0.72389,0.72358,83,1780584719.448,AUDUSD_otc
71,2026-06-04 14:52:00,0.7237,0.7238,0.72408,0.7237,79,1780584779.568,AUDUSD_otc
71,2026-06-04 14:53:00,0.7238,0.7241,0.72417,0.72377,84,1780584839.672,AUDUSD_otc
71,2026-06-04 14:54:00,0.72409,0.72466,0.72467,0.72392,80,1780584899.776,AUDUSD_otc
71,2026-06-04 14:55:00,0.72466,0.72468,0.72479,0.7246,90,1780584959.864,AUDUSD_otc
71,2026-06-04 14:56:00,0.72468,0.72482,0.725,0.72466,82,1780585018.918,AUDUSD_otc
71,2026-06-04 14:57:00,0.72482,0.72478,0.72483,0.72446,78,1780585079.525,AUDUSD_otc
71,2026-06-04 14:58:00,0.72478,0.72498,0.72512,0.72477,75,1780585139.591,AUDUSD_otc
71,2026-06-04 14:59:00,0.72498,0.72527,0.72539,0.72494,80,1780585199.683,AUDUSD_otc
71,2026-06-04 15:00:00,0.72529,0.72515,0.72543,0.72513,77,1780585257.29,AUDUSD_otc
71,2026-06-04 15:01:00,0.72515,0.72477,0.7252,0.72474,82,1780585319.91,AUDUSD_otc
71,2026-06-04 15:02:00,0.72477,0.72477,0.72481,0.72452,82,1780585379.514,AUDUSD_otc
71,2026-06-04 15:03:00,0.72476,0.72517,0.72522,0.72476,79,1780585439.622,AUDUSD_otc
71,2026-06-04 15:04:00,0.72517,0.72547,0.72551,0.72507,81,1780585499.696,AUDUSD_otc
71,2026-06-04 15:05:00,0.72544,0.72492,0.72546,0.72492,76,1780585559.287,AUDUSD_otc
71,2026-06-04 15:06:00,0.72491,0.72525,0.72538,0.72485,81,1780585618.956,AUDUSD_otc
71,2026-06-04 15:07:00,0.72527,0.72484,0.72528,0.72484,85,1780585679.988,AUDUSD_otc
71,2026-06-04 15:08:00,0.72483,0.72483,0.72483,0.72455,79,1780585739.561,AUDUSD_otc
71,2026-06-04 15:09:00,0.72483,0.72481,0.72496,0.72469,83,1780585799.65,AUDUSD_otc
71,2026-06-04 15:10:00,0.72484,0.72506,0.72507,0.72474,74,1780585859.765,AUDUSD_otc
71,2026-06-04 15:11:00,0.72508,0.72485,0.7253,0.72485,85,1780585919.91,AUDUSD_otc
71,2026-06-04 15:12:00,0.72485,0.72523,0.72525,0.72476,83,1780585979.989,AUDUSD_otc
71,2026-06-04 15:13:00,0.72523,0.72523,0.72537,0.72516,74,1780586039.563,AUDUSD_otc
71,2026-06-04 15:14:00,0.72523,0.72512,0.72538,0.72504,80,1780586099.636,AUDUSD_otc
71,2026-06-04 15:15:00,0.72512,0.72561,0.72561,0.7251,77,1780586159.706,AUDUSD_otc
71,2026-06-04 15:16:00,0.72561,0.72591,0.72591,0.72556,75,1780586219.774,AUDUSD_otc
71,2026-06-04 15:17:00,0.72591,0.72608,0.7261,0.72589,83,1780586279.877,AUDUSD_otc
71,2026-06-04 15:18:00,0.72608,0.72623,0.72646,0.72604,76,1780586339.94,AUDUSD_otc
71,2026-06-04 15:19:00,0.72623,0.72605,0.7264,0.72603,77,1780586399.518,AUDUSD_otc
71,2026-06-04 15:20:00,0.72602,0.72576,0.72602,0.72565,81,1780586459.641,AUDUSD_otc
71,2026-06-04 15:21:00,0.72578,0.72551,0.72578,0.72545,82,1780586519.735,AUDUSD_otc
71,2026-06-04 15:22:00,0.72556,0.72587,0.72609,0.72554,77,1780586578.83,AUDUSD_otc
71,2026-06-04 15:23:00,0.72585,0.72603,0.7262,0.72584,78,1780586639.942,AUDUSD_otc
71,2026-06-04 15:24:00,0.72603,0.72554,0.72603,0.72543,70,1780586699.065,AUDUSD_otc
71,2026-06-04 15:25:00,0.72554,0.72554,0.72579,0.72546,92,1780586759.173,AUDUSD_otc
71,2026-06-04 15:26:00,0.72552,0.72506,0.72558,0.72502,78,1780586819.228,AUDUSD_otc
71,2026-06-04 15:27:00,0.72506,0.72483,0.72517,0.72474,83,1780586879.318,AUDUSD_otc
71,2026-06-04 15:28:00,0.72483,0.725,0.725,0.7247,85,1780586939.904,AUDUSD_otc
71,2026-06-04 15:29:00,0.725,0.7251,0.72516,0.72493,75,1780586999.501,AUDUSD_otc
71,2026-06-04 15:30:00,0.72512,0.72504,0.72534,0.72502,82,1780587059.628,AUDUSD_otc
71,2026-06-04 15:31:00,0.72504,0.72526,0.72533,0.72504,78,1780587118.722,AUDUSD_otc
71,2026-06-04 15:32:00,0.72526,0.72522,0.72529,0.72507,77,1780587179.853,AUDUSD_otc
71,2026-06-04 15:33:00,0.72522,0.72556,0.72576,0.72522,82,1780587239.958,AUDUSD_otc
71,2026-06-04 15:34:00,0.72556,0.72531,0.72572,0.72525,78,1780587299.021,AUDUSD_otc
71,2026-06-04 15:35:00,0.72534,0.72552,0.72552,0.72505,74,1780587359.632,AUDUSD_otc
71,2026-06-04 15:36:00,0.72552,0.72565,0.72569,0.72545,67,1780587419.213,AUDUSD_otc
71,2026-06-04 15:37:00,0.72566,0.72555,0.72569,0.72543,72,1780587479.303,AUDUSD_otc
71,2026-06-04 15:38:00,0.72557,0.72532,0.72575,0.7253,87,1780587539.883,AUDUSD_otc
71,2026-06-04 15:39:00,0.72532,0.72559,0.72563,0.7251,77,1780587599.497,AUDUSD_otc
71,2026-06-04 15:40:00,0.72559,0.7256,0.72583,0.72551,77,1780587659.613,AUDUSD_otc
71,2026-06-04 15:41:00,0.72559,0.72564,0.7257,0.72547,77,1780587719.211,AUDUSD_otc
71,2026-06-04 15:42:00,0.72549,0.72587,0.72599,0.72549,78,1780587779.829,AUDUSD_otc
71,2026-06-04 15:43:00,0.72594,0.72581,0.7261,0.72578,81,1780587839.898,AUDUSD_otc
71,2026-06-04 15:44:00,0.72581,0.72546,0.72586,0.72544,71,1780587899.506,AUDUSD_otc
71,2026-06-04 15:45:00,0.72548,0.726,0.72601,0.72539,78,1780587959.596,AUDUSD_otc
71,2026-06-04 15:46:00,0.726,0.72648,0.72648,0.726,67,1780588018.683,AUDUSD_otc
71,2026-06-04 15:47:00,0.72648,0.72675,0.72675,0.72643,75,1780588079.78,AUDUSD_otc
71,2026-06-04 15:48:00,0.72675,0.7269,0.72693,0.72673,82,1780588139.879,AUDUSD_otc
71,2026-06-04 15:49:00,0.7269,0.72689,0.72709,0.72687,85,1780588199.5,AUDUSD_otc
71,2026-06-04 15:50:00,0.72686,0.72695,0.72714,0.72677,84,1780588259.628,AUDUSD_otc
71,2026-06-04 15:51:00,0.72695,0.727,0.72712,0.72684,75,1780588319.707,AUDUSD_otc
71,2026-06-04 15:52:00,0.72704,0.72698,0.72708,0.72691,82,1780588379.801,AUDUSD_otc
71,2026-06-04 15:53:00,0.72696,0.72648,0.72712,0.72648,70,1780588439.858,AUDUSD_otc
71,2026-06-04 15:54:00,0.7265,0.72628,0.72658,0.72623,78,1780588499.927,AUDUSD_otc
71,2026-06-04 15:55:00,0.72631,0.72633,0.72639,0.72615,78,1780588558.531,AUDUSD_otc
71,2026-06-04 15:56:00,0.72634,0.72562,0.72634,0.72561,83,1780588619.623,AUDUSD_otc
71,2026-06-04 15:57:00,0.72562,0.72596,0.72602,0.72551,77,1780588679.723,AUDUSD_otc
71,2026-06-04 15:58:00,0.72596,0.7261,0.72617,0.72594,68,1780588739.858,AUDUSD_otc
71,2026-06-04 15:59:00,0.7261,0.72594,0.7261,0.72581,79,1780588799.983,AUDUSD_otc
71,2026-06-04 16:00:00,0.72594,0.72614,0.72633,0.72594,80,1780588859.574,AUDUSD_otc
71,2026-06-04 16:01:00,0.72614,0.72595,0.72625,0.72591,77,1780588919.666,AUDUSD_otc
71,2026-06-04 16:02:00,0.726,0.72575,0.72601,0.72567,71,1780588979.737,AUDUSD_otc
71,2026-06-04 16:03:00,0.72575,0.7255,0.72586,0.72548,81,1780589039.857,AUDUSD_otc
71,2026-06-04 16:04:00,0.7255,0.72509,0.72553,0.72507,80,1780589099.431,AUDUSD_otc
71,2026-06-04 16:05:00,0.72509,0.72528,0.72531,0.72501,72,1780589158.997,AUDUSD_otc
71,2026-06-04 16:06:00,0.72528,0.72545,0.72553,0.72525,78,1780589219.622,AUDUSD_otc
71,2026-06-04 16:07:00,0.72544,0.72539,0.72544,0.72523,71,1780589279.724,AUDUSD_otc
71,2026-06-04 16:08:00,0.72538,0.72545,0.72575,0.72535,82,1780589338.834,AUDUSD_otc
71,2026-06-04 16:09:00,0.72545,0.72544,0.72551,0.72526,76,1780589399.948,AUDUSD_otc
71,2026-06-04 16:10:00,0.72544,0.72526,0.72551,0.72504,86,1780589459.507,AUDUSD_otc
71,2026-06-04 16:11:00,0.72526,0.72542,0.72542,0.72506,85,1780589519.606,AUDUSD_otc
71,2026-06-04 16:12:00,0.72542,0.72513,0.72544,0.72509,78,1780589579.189,AUDUSD_otc
71,2026-06-04 16:13:00,0.72513,0.72545,0.72555,0.72507,88,1780589639.753,AUDUSD_otc
71,2026-06-04 16:14:00,0.72545,0.72514,0.72555,0.72511,82,1780589699.862,AUDUSD_otc
71,2026-06-04 16:15:00,0.72506,0.72433,0.72506,0.72433,79,1780589759.433,AUDUSD_otc
71,2026-06-04 16:16:00,0.72433,0.72417,0.72447,0.72416,78,1780589819.513,AUDUSD_otc
71,2026-06-04 16:17:00,0.7242,0.72406,0.72436,0.72403,78,1780589879.626,AUDUSD_otc
71,2026-06-04 16:18:00,0.72407,0.7237,0.72414,0.72367,76,1780589939.247,AUDUSD_otc
71,2026-06-04 16:19:00,0.72372,0.72347,0.72372,0.72341,78,1780589999.844,AUDUSD_otc
71,2026-06-04 16:20:00,0.72347,0.72384,0.72396,0.72345,86,1780590059.958,AUDUSD_otc
71,2026-06-04 16:21:00,0.72384,0.72369,0.72386,0.72364,82,1780590119.517,AUDUSD_otc
71,2026-06-04 16:22:00,0.72369,0.72388,0.72392,0.72344,80,1780590179.654,AUDUSD_otc
71,2026-06-04 16:23:00,0.72388,0.72388,0.7242,0.72386,73,1780590239.736,AUDUSD_otc
71,2026-06-04 16:24:00,0.72388,0.72391,0.72398,0.72375,78,1780590297.853,AUDUSD_otc
71,2026-06-04 16:25:00,0.72391,0.72358,0.72393,0.72358,78,1780590359.98,AUDUSD_otc
71,2026-06-04 16:26:00,0.72358,0.72341,0.72365,0.72332,77,1780590419.604,AUDUSD_otc
71,2026-06-04 16:27:00,0.72341,0.72313,0.72342,0.72312,77,1780590478.697,AUDUSD_otc
71,2026-06-04 16:28:00,0.72312,0.72347,0.72349,0.72297,79,1780590539.777,AUDUSD_otc
71,2026-06-04 16:29:00,0.72345,0.7236,0.72367,0.72327,77,1780590599.841,AUDUSD_otc
71,2026-06-04 16:30:00,0.7236,0.72329,0.72384,0.72323,71,1780590659.935,AUDUSD_otc
71,2026-06-04 16:31:00,0.72329,0.72386,0.7239,0.72326,77,1780590719.005,AUDUSD_otc
71,2026-06-04 16:32:00,0.72386,0.72374,0.72388,0.72369,86,1780590779.579,AUDUSD_otc
71,2026-06-04 16:33:00,0.72376,0.72318,0.72379,0.72318,82,1780590839.698,AUDUSD_otc
71,2026-06-04 16:34:00,0.72316,0.72294,0.72325,0.72292,66,1780590899.793,AUDUSD_otc
71,2026-06-04 16:35:00,0.72289,0.72301,0.72306,0.72285,85,1780590957.904,AUDUSD_otc
71,2026-06-04 16:36:00,0.72301,0.72284,0.72301,0.72284,81,1780591018.539,AUDUSD_otc
71,2026-06-04 16:37:00,0.72284,0.72276,0.72292,0.72261,86,1780591079.09,AUDUSD_otc
71,2026-06-04 16:38:00,0.72276,0.72293,0.72302,0.72273,80,1780591139.186,AUDUSD_otc
71,2026-06-04 16:39:00,0.72293,0.72291,0.72307,0.72287,85,1780591199.737,AUDUSD_otc
71,2026-06-04 16:40:00,0.72291,0.72277,0.72301,0.72275,81,1780591259.8,AUDUSD_otc
71,2026-06-04 16:41:00,0.72277,0.72281,0.72285,0.72259,77,1780591319.884,AUDUSD_otc
71,2026-06-04 16:42:00,0.72281,0.72316,0.72316,0.72272,80,1780591379.962,AUDUSD_otc
71,2026-06-04 16:43:00,0.72316,0.7228,0.72326,0.72279,76,1780591439.518,AUDUSD_otc
71,2026-06-04 16:44:00,0.7228,0.72296,0.723,0.72263,77,1780591499.648,AUDUSD_otc
71,2026-06-04 16:45:00,0.72294,0.72284,0.7231,0.72283,79,1780591559.732,AUDUSD_otc
71,2026-06-04 16:46:00,0.72284,0.72248,0.72293,0.72248,77,1780591619.829,AUDUSD_otc
71,2026-06-04 16:47:00,0.7225,0.72263,0.72264,0.72227,83,1780591678.441,AUDUSD_otc
71,2026-06-04 16:48:00,0.72263,0.72239,0.72264,0.72231,72,1780591739.058,AUDUSD_otc
71,2026-06-04 16:49:00,0.7224,0.72199,0.72244,0.72199,84,1780591798.638,AUDUSD_otc
71,2026-06-04 16:50:00,0.72198,0.72151,0.72199,0.72148,84,1780591859.725,AUDUSD_otc
71,2026-06-04 16:51:00,0.72151,0.72138,0.72162,0.72129,84,1780591919.8,AUDUSD_otc
71,2026-06-04 16:52:00,0.72135,0.72137,0.72151,0.72126,76,1780591979.878,AUDUSD_otc
71,2026-06-04 16:53:00,0.72137,0.72142,0.7217,0.72128,83,1780592039.966,AUDUSD_otc
71,2026-06-04 16:54:00,0.72142,0.72157,0.72178,0.72141,79,1780592099.046,AUDUSD_otc
71,2026-06-04 16:55:00,0.72163,0.72193,0.72221,0.72156,79,1780592159.685,AUDUSD_otc
71,2026-06-04 16:56:00,0.72193,0.72157,0.72194,0.72157,83,1780592219.761,AUDUSD_otc
71,2026-06-04 16:57:00,0.72157,0.72136,0.72162,0.72119,80,1780592279.867,AUDUSD_otc
71,2026-06-04 16:58:00,0.72136,0.72157,0.72161,0.72125,77,1780592339.489,AUDUSD_otc
71,2026-06-04 16:59:00,0.72157,0.72135,0.72157,0.72133,78,1780592399.546,AUDUSD_otc
71,2026-06-04 17:00:00,0.7213,0.7215,0.72163,0.72129,82,1780592459.664,AUDUSD_otc
71,2026-06-04 17:01:00,0.72147,0.72205,0.72209,0.72145,77,1780592519.73,AUDUSD_otc
71,2026-06-04 17:02:00,0.72205,0.72216,0.72236,0.72205,70,1780592579.794,AUDUSD_otc
71,2026-06-04 17:03:00,0.72217,0.72219,0.72223,0.72204,70,1780592639.393,AUDUSD_otc
71,2026-06-04 17:04:00,0.7222,0.72234,0.72247,0.72215,72,1780592697.971,AUDUSD_otc
71,2026-06-04 17:05:00,0.72236,0.72241,0.72247,0.72221,73,1780592759.579,AUDUSD_otc
71,2026-06-04 17:06:00,0.72239,0.72256,0.72266,0.72237,90,1780592819.171,AUDUSD_otc
71,2026-06-04 17:07:00,0.72256,0.7228,0.72286,0.72255,77,1780592879.79,AUDUSD_otc
71,2026-06-04 17:08:00,0.7228,0.72278,0.7229,0.72254,87,1780592939.894,AUDUSD_otc
71,2026-06-04 17:09:00,0.72278,0.72297,0.72297,0.72265,73,1780592999.986,AUDUSD_otc
71,2026-06-04 17:10:00,0.72297,0.72238,0.723,0.72236,78,1780593058.565,AUDUSD_otc
71,2026-06-04 17:11:00,0.72238,0.72238,0.72247,0.72221,83,1780593119.148,AUDUSD_otc
71,2026-06-04 17:12:00,0.72238,0.72241,0.72256,0.72229,74,1780593179.711,AUDUSD_otc
71,2026-06-04 17:13:00,0.72241,0.72224,0.72243,0.72206,82,1780593239.778,AUDUSD_otc
71,2026-06-04 17:14:00,0.72224,0.7224,0.72246,0.7222,75,1780593299.387,AUDUSD_otc
71,2026-06-04 17:15:00,0.7224,0.72242,0.7225,0.72223,78,1780593357.982,AUDUSD_otc
71,2026-06-04 17:16:00,0.72242,0.72175,0.72246,0.72175,88,1780593419.585,AUDUSD_otc
71,2026-06-04 17:17:00,0.72182,0.72181,0.72201,0.72177,75,1780593479.212,AUDUSD_otc
71,2026-06-04 17:18:00,0.72183,0.72166,0.72183,0.72154,74,1780593539.824,AUDUSD_otc
71,2026-06-04 17:19:00,0.72169,0.72174,0.72183,0.72158,89,1780593599.907,AUDUSD_otc
71,2026-06-04 17:20:00,0.72177,0.72196,0.72204,0.72175,78,1780593659.994,AUDUSD_otc
71,2026-06-04 17:21:00,0.72206,0.72161,0.72218,0.72157,88,1780593719.558,AUDUSD_otc
71,2026-06-04 17:22:00,0.72163,0.72194,0.72195,0.72155,79,1780593778.676,AUDUSD_otc
71,2026-06-04 17:23:00,0.72192,0.72193,0.7221,0.72183,82,1780593839.742,AUDUSD_otc
71,2026-06-04 17:24:00,0.72195,0.72194,0.72207,0.72184,75,1780593898.34,AUDUSD_otc
71,2026-06-04 17:25:00,0.72194,0.72173,0.72201,0.72171,82,1780593958.465,AUDUSD_otc
71,2026-06-04 17:26:00,0.72173,0.72205,0.72222,0.72163,85,1780594019.55,AUDUSD_otc
71,2026-06-04 17:27:00,0.72208,0.72236,0.72241,0.72197,82,1780594079.173,AUDUSD_otc
71,2026-06-04 17:28:00,0.72236,0.72239,0.72239,0.72191,75,1780594139.263,AUDUSD_otc
71,2026-06-04 17:29:00,0.72239,0.72277,0.72282,0.72239,77,1780594199.342,AUDUSD_otc
71,2026-06-04 17:30:00,0.72277,0.72271,0.72283,0.7226,79,1780594259.958,AUDUSD_otc
71,2026-06-04 17:31:00,0.72271,0.7224,0.72278,0.7223,73,1780594319.522,AUDUSD_otc
71,2026-06-04 17:32:00,0.72241,0.72259,0.72259,0.72231,73,1780594379.596,AUDUSD_otc
71,2026-06-04 17:33:00,0.72259,0.72263,0.72269,0.72243,78,1780594439.714,AUDUSD_otc
71,2026-06-04 17:34:00,0.72265,0.72258,0.72268,0.72246,91,1780594499.779,AUDUSD_otc
71,2026-06-04 17:35:00,0.72256,0.72236,0.72268,0.72228,82,1780594559.415,AUDUSD_otc
71,2026-06-04 17:36:00,0.72236,0.72217,0.72243,0.72208,86,1780594619.004,AUDUSD_otc
71,2026-06-04 17:37:00,0.7222,0.72161,0.72226,0.7216,85,1780594679.607,AUDUSD_otc
71,2026-06-04 17:38:00,0.72161,0.72137,0.7217,0.72134,68,1780594739.686,AUDUSD_otc
71,2026-06-04 17:39:00,0.72137,0.72146,0.72149,0.72122,75,1780594799.273,AUDUSD_otc
71,2026-06-04 17:40:00,0.72143,0.72159,0.72166,0.72124,86,1780594859.843,AUDUSD_otc
71,2026-06-04 17:41:00,0.72159,0.72091,0.72162,0.7209,77,1780594916.944,AUDUSD_otc
71,2026-06-04 17:42:00,0.72091,0.72084,0.72112,0.72082,88,1780594979.013,AUDUSD_otc
71,2026-06-04 17:43:00,0.72084,0.72087,0.72097,0.72078,80,1780595039.085,AUDUSD_otc
71,2026-06-04 17:44:00,0.72086,0.72091,0.72094,0.72072,70,1780595099.699,AUDUSD_otc
71,2026-06-04 17:45:00,0.72089,0.72101,0.72115,0.72082,88,1780595159.307,AUDUSD_otc
71,2026-06-04 17:46:00,0.72101,0.72117,0.72127,0.72096,81,1780595219.422,AUDUSD_otc
71,2026-06-04 17:47:00,0.72117,0.72115,0.72135,0.721,72,1780595278.052,AUDUSD_otc
71,2026-06-04 17:48:00,0.72111,0.72141,0.72141,0.72111,87,1780595339.108,AUDUSD_otc
71,2026-06-04 17:49:00,0.72139,0.72177,0.7218,0.72137,91,1780595399.694,AUDUSD_otc
71,2026-06-04 17:50:00,0.72177,0.7215,0.72179,0.72142,73,1780595459.783,AUDUSD_otc
71,2026-06-04 17:51:00,0.7215,0.72158,0.7216,0.72139,75,1780595519.334,AUDUSD_otc
71,2026-06-04 17:52:00,0.72158,0.72124,0.7216,0.72117,82,1780595579.946,AUDUSD_otc
71,2026-06-04 17:53:00,0.72124,0.721,0.72148,0.72084,84,1780595638.512,AUDUSD_otc
71,2026-06-04 17:54:00,0.721,0.7209,0.7211,0.72079,71,1780595699.609,AUDUSD_otc
71,2026-06-04 17:55:00,0.7209,0.72115,0.72128,0.7209,80,1780595759.214,AUDUSD_otc
71,2026-06-04 17:56:00,0.72115,0.72071,0.72115,0.72051,80,1780595819.804,AUDUSD_otc
71,2026-06-04 17:57:00,0.72073,0.72046,0.72075,0.72041,85,1780595879.923,AUDUSD_otc
71,2026-06-04 17:58:00,0.72046,0.72058,0.72069,0.72038,76,1780595939.037,AUDUSD_otc
71,2026-06-04 17:59:00,0.72059,0.72047,0.72072,0.72047,84,1780595999.085,AUDUSD_otc
71,2026-06-04 18:00:00,0.72047,0.72059,0.72084,0.72039,77,1780596057.685,AUDUSD_otc
71,2026-06-04 18:01:00,0.72058,0.72049,0.72058,0.72031,81,1780596119.751,AUDUSD_otc
71,2026-06-04 18:02:00,0.72049,0.72062,0.7208,0.72038,83,1780596179.815,AUDUSD_otc
71,2026-06-04 18:03:00,0.72062,0.72026,0.72062,0.72015,81,1780596239.956,AUDUSD_otc
71,2026-06-04 18:04:00,0.72026,0.72069,0.72071,0.72025,77,1780596299.517,AUDUSD_otc
71,2026-06-04 18:05:00,0.72071,0.72073,0.7208,0.72059,84,1780596359.119,AUDUSD_otc
71,2026-06-04 18:06:00,0.72073,0.72054,0.72074,0.72036,87,1780596419.246,AUDUSD_otc
71,2026-06-04 18:07:00,0.72054,0.7205,0.72074,0.72033,79,1780596479.333,AUDUSD_otc
71,2026-06-04 18:08:00,0.7205,0.72024,0.7205,0.72024,70,1780596539.946,AUDUSD_otc
71,2026-06-04 18:09:00,0.72024,0.72017,0.72024,0.71996,77,1780596599.037,AUDUSD_otc
71,2026-06-04 18:10:00,0.72017,0.72047,0.72052,0.72007,86,1780596659.58,AUDUSD_otc
71,2026-06-04 18:11:00,0.72046,0.72014,0.7205,0.72002,91,1780596719.681,AUDUSD_otc
71,2026-06-04 18:12:00,0.72011,0.72051,0.72055,0.72003,82,1780596779.769,AUDUSD_otc
71,2026-06-04 18:13:00,0.72051,0.71989,0.72053,0.71989,84,1780596839.846,AUDUSD_otc
71,2026-06-04 18:14:00,0.71987,0.71953,0.71999,0.71953,81,1780596899.948,AUDUSD_otc
71,2026-06-04 18:15:00,0.71956,0.71958,0.71979,0.71951,84,1780596959.043,AUDUSD_otc
71,2026-06-04 18:16:00,0.71958,0.71959,0.71966,0.71944,63,1780597019.613,AUDUSD_otc
71,2026-06-04 18:17:00,0.71957,0.71939,0.71964,0.71937,78,1780597079.751,AUDUSD_otc
71,2026-06-04 18:18:00,0.71939,0.7196,0.7196,0.71938,85,1780597139.867,AUDUSD_otc
71,2026-06-04 18:19:00,0.71963,0.71966,0.71967,0.71949,85,1780597199.962,AUDUSD_otc
71,2026-06-04 18:20:00,0.71966,0.7195,0.71983,0.7195,81,1780597258.56,AUDUSD_otc
71,2026-06-04 18:21:00,0.71951,0.7194,0.71953,0.71934,73,1780597319.113,AUDUSD_otc
71,2026-06-04 18:22:00,0.7194,0.71982,0.71986,0.71931,86,1780597379.226,AUDUSD_otc
71,2026-06-04 18:23:00,0.71982,0.71959,0.71982,0.71939,77,1780597439.308,AUDUSD_otc
71,2026-06-04 18:24:00,0.71959,0.71989,0.71993,0.71957,85,1780597499.91,AUDUSD_otc
71,2026-06-04 18:25:00,0.71989,0.72009,0.72017,0.71989,77,1780597559.539,AUDUSD_otc
71,2026-06-04 18:26:00,0.72007,0.72034,0.72039,0.72002,80,1780597619.643,AUDUSD_otc
71,2026-06-04 18:27:00,0.72034,0.72025,0.72043,0.7201,84,1780597679.738,AUDUSD_otc
71,2026-06-04 18:28:00,0.72025,0.72063,0.72065,0.72021,74,1780597738.8,AUDUSD_otc
71,2026-06-04 18:29:00,0.72069,0.72074,0.72086,0.72053,86,1780597799.866,AUDUSD_otc
71,2026-06-04 18:30:00,0.72083,0.72076,0.72083,0.7205,81,1780597859.968,AUDUSD_otc
71,2026-06-04 18:31:00,0.72076,0.72109,0.72111,0.7207,82,1780597919.536,AUDUSD_otc
71,2026-06-04 18:32:00,0.7211,0.72123,0.72128,0.72094,81,1780597979.145,AUDUSD_otc
71,2026-06-04 18:33:00,0.72131,0.72144,0.72153,0.72122,77,1780598039.751,AUDUSD_otc
71,2026-06-04 18:34:00,0.72144,0.72122,0.72147,0.7212,79,1780598099.866,AUDUSD_otc
71,2026-06-04 18:35:00,0.72121,0.72086,0.72125,0.72072,79,1780598159.48,AUDUSD_otc
71,2026-06-04 18:36:00,0.72086,0.72042,0.72098,0.72042,87,1780598219.063,AUDUSD_otc
71,2026-06-04 18:37:00,0.72042,0.72009,0.72042,0.72,81,1780598279.124,AUDUSD_otc
71,2026-06-04 18:38:00,0.72009,0.72003,0.72017,0.7199,89,1780598339.724,AUDUSD_otc
71,2026-06-04 18:39:00,0.72003,0.71998,0.72009,0.71965,74,1780598397.306,AUDUSD_otc
71,2026-06-04 18:40:00,0.71998,0.72008,0.72017,0.71979,81,1780598459.405,AUDUSD_otc
71,2026-06-04 18:41:00,0.72008,0.71993,0.72014,0.7198,79,1780598519.52,AUDUSD_otc
71,2026-06-04 18:42:00,0.71994,0.72008,0.72021,0.71985,69,1780598579.621,AUDUSD_otc
71,2026-06-04 18:43:00,0.72008,0.72034,0.72034,0.72006,78,1780598639.726,AUDUSD_otc
71,2026-06-04 18:44:00,0.72036,0.72021,0.72045,0.72015,86,1780598697.339,AUDUSD_otc
71,2026-06-04 18:45:00,0.72028,0.71948,0.72031,0.71945,87,1780598759.929,AUDUSD_otc
71,2026-06-04 18:46:00,0.71948,0.71996,0.71996,0.71943,89,1780598819.996,AUDUSD_otc
71,2026-06-04 18:47:00,0.71994,0.72012,0.72013,0.71972,84,1780598878.567,AUDUSD_otc
71,2026-06-04 18:48:00,0.72011,0.72027,0.72038,0.72002,81,1780598939.646,AUDUSD_otc
71,2026-06-04 18:49:00,0.72027,0.71966,0.72027,0.71966,84,1780598999.735,AUDUSD_otc
71,2026-06-04 18:50:00,0.71967,0.71941,0.71979,0.71938,78,1780599059.829,AUDUSD_otc
71,2026-06-04 18:51:00,0.71938,0.71929,0.71951,0.71919,89,1780599119.908,AUDUSD_otc
71,2026-06-04 18:52:00,0.71927,0.71938,0.71954,0.71914,78,1780599179.524,AUDUSD_otc
71,2026-06-04 18:53:00,0.71938,0.71986,0.7199,0.71934,80,1780599239.619,AUDUSD_otc
71,2026-06-04 18:54:00,0.71986,0.71959,0.71992,0.71957,81,1780599299.735,AUDUSD_otc
71,2026-06-04 18:55:00,0.71959,0.71929,0.71965,0.71924,78,1780599359.344,AUDUSD_otc
71,2026-06-04 18:56:00,0.71929,0.71927,0.71937,0.71925,76,1780599419.886,AUDUSD_otc
71,2026-06-04 18:57:00,0.71927,0.71958,0.71962,0.71922,79,1780599479.513,AUDUSD_otc
71,2026-06-04 18:58:00,0.71958,0.71967,0.71978,0.71957,82,1780599539.579,AUDUSD_otc
71,2026-06-04 18:59:00,0.71967,0.71951,0.71969,0.71936,79,1780599599.643,AUDUSD_otc
71,2026-06-04 19:00:00,0.71951,0.71383,0.71954,0.71372,78,1780599659.758,AUDUSD_otc
71,2026-06-04 19:01:00,0.71381,0.71405,0.71405,0.71376,91,1780599719.843,AUDUSD_otc
71,2026-06-04 19:02:00,0.714,0.71415,0.71443,0.71395,77,1780599779.938,AUDUSD_otc
71,2026-06-04 19:03:00,0.71415,0.71408,0.71415,0.71391,89,1780599839.549,AUDUSD_otc
71,2026-06-04 19:04:00,0.71408,0.714,0.71408,0.71371,71,1780599899.173,AUDUSD_otc
71,2026-06-04 19:05:00,0.71399,0.71381,0.71399,0.71375,78,1780599959.737,AUDUSD_otc
71,2026-06-04 19:06:00,0.71381,0.71371,0.714,0.71371,72,1780600019.809,AUDUSD_otc
71,2026-06-04 19:07:00,0.71371,0.71316,0.71374,0.7131,78,1780600079.361,AUDUSD_otc
71,2026-06-04 19:08:00,0.71316,0.71312,0.71321,0.71287,76,1780600139.949,AUDUSD_otc
71,2026-06-04 19:09:00,0.71314,0.7127,0.71324,0.71267,81,1780600199.521,AUDUSD_otc
71,2026-06-04 19:10:00,0.7127,0.71263,0.7129,0.71263,83,1780600259.592,AUDUSD_otc
71,2026-06-04 19:11:00,0.71263,0.71287,0.71305,0.7125,89,1780600319.678,AUDUSD_otc
71,2026-06-04 19:12:00,0.71287,0.71243,0.71287,0.71243,93,1780600377.753,AUDUSD_otc
71,2026-06-04 19:13:00,0.71243,0.71277,0.71281,0.71231,84,1780600439.827,AUDUSD_otc
71,2026-06-04 19:14:00,0.71277,0.71228,0.71284,0.71222,82,1780600499.95,AUDUSD_otc
71,2026-06-04 19:15:00,0.71228,0.71224,0.71241,0.71212,74,1780600559.554,AUDUSD_otc
71,2026-06-04 19:16:00,0.71226,0.71208,0.71239,0.71208,86,1780600619.668,AUDUSD_otc
71,2026-06-04 19:17:00,0.71209,0.71216,0.7123,0.71199,77,1780600679.772,AUDUSD_otc
71,2026-06-04 19:18:00,0.71216,0.71197,0.71222,0.71191,80,1780600739.827,AUDUSD_otc
71,2026-06-04 19:19:00,0.71201,0.71208,0.71208,0.71186,71,1780600798.448,AUDUSD_otc
71,2026-06-04 19:20:00,0.71208,0.7118,0.71208,0.71179,77,1780600859.536,AUDUSD_otc
71,2026-06-04 19:21:00,0.71182,0.71131,0.71182,0.71125,72,1780600919.621,AUDUSD_otc
71,2026-06-04 19:22:00,0.71131,0.7111,0.71138,0.71107,77,1780600979.235,AUDUSD_otc
71,2026-06-04 19:23:00,0.71108,0.71097,0.71117,0.71087,81,1780601039.839,AUDUSD_otc
71,2026-06-04 19:24:00,0.71097,0.71091,0.71107,0.71076,89,1780601099.458,AUDUSD_otc
71,2026-06-04 19:25:00,0.71093,0.71087,0.71098,0.71073,78,1780601159.564,AUDUSD_otc
71,2026-06-04 19:26:00,0.71094,0.71088,0.71107,0.71075,85,1780601219.623,AUDUSD_otc
71,2026-06-04 19:27:00,0.71088,0.71079,0.711,0.71071,83,1780601279.71,AUDUSD_otc
71,2026-06-04 19:28:00,0.71079,0.71083,0.71086,0.71053,80,1780601339.767,AUDUSD_otc
71,2026-06-04 19:29:00,0.71083,0.71095,0.71102,0.7108,73,1780601399.825,AUDUSD_otc
71,2026-06-04 19:30:00,0.71095,0.71108,0.71108,0.71073,88,1780601459.452,AUDUSD_otc
71,2026-06-04 19:31:00,0.71108,0.71105,0.71125,0.71095,89,1780601519.505,AUDUSD_otc
71,2026-06-04 19:32:00,0.71105,0.71127,0.71143,0.71084,87,1780601579.583,AUDUSD_otc
71,2026-06-04 19:33:00,0.71124,0.71091,0.71132,0.71091,82,1780601639.189,AUDUSD_otc
71,2026-06-04 19:34:00,0.71091,0.7111,0.7112,0.71088,83,1780601699.285,AUDUSD_otc
71,2026-06-04 19:35:00,0.7111,0.71119,0.71124,0.71105,78,1780601759.394,AUDUSD_otc
71,2026-06-04 19:36:00,0.71118,0.71116,0.7113,0.71107,82,1780601819.498,AUDUSD_otc
71,2026-06-04 19:37:00,0.71114,0.71087,0.71114,0.71076,83,1780601879.068,AUDUSD_otc
71,2026-06-04 19:38:00,0.71087,0.71063,0.7109,0.71053,79,1780601939.663,AUDUSD_otc
71,2026-06-04 19:39:00,0.71061,0.71082,0.71117,0.71061,85,1780601999.74,AUDUSD_otc
71,2026-06-04 19:40:00,0.71081,0.71067,0.71086,0.71065,76,1780602059.803,AUDUSD_otc
71,2026-06-04 19:41:00,0.7107,0.71047,0.71078,0.71047,74,1780602119.419,AUDUSD_otc
71,2026-06-04 19:42:00,0.71045,0.71056,0.71061,0.71036,84,1780602179.977,AUDUSD_otc
71,2026-06-04 19:43:00,0.71056,0.71033,0.71063,0.71033,88,1780602239.569,AUDUSD_otc
71,2026-06-04 19:44:00,0.71031,0.71002,0.71038,0.71002,82,1780602299.181,AUDUSD_otc
71,2026-06-04 19:45:00,0.71002,0.71017,0.71017,0.70976,92,1780602359.797,AUDUSD_otc
71,2026-06-04 19:46:00,0.71017,0.71013,0.71039,0.7101,77,1780602418.917,AUDUSD_otc
71,2026-06-04 19:47:00,0.71013,0.71013,0.71017,0.70988,80,1780602479.52,AUDUSD_otc
71,2026-06-04 19:48:00,0.71013,0.70976,0.71013,0.70971,76,1780602539.075,AUDUSD_otc
71,2026-06-04 19:49:00,0.70976,0.71003,0.71003,0.70948,85,1780602599.682,AUDUSD_otc
71,2026-06-04 19:50:00,0.71003,0.70976,0.71003,0.70968,76,1780602659.761,AUDUSD_otc
71,2026-06-04 19:51:00,0.70976,0.7094,0.70992,0.70926,79,1780602719.844,AUDUSD_otc
71,2026-06-04 19:52:00,0.7094,0.70916,0.70943,0.70897,76,1780602779.959,AUDUSD_otc
71,2026-06-04 19:53:00,0.70916,0.70939,0.70946,0.70902,79,1780602839.041,AUDUSD_otc
71,2026-06-04 19:54:00,0.70939,0.7097,0.7097,0.70931,82,1780602899.133,AUDUSD_otc
71,2026-06-04 19:55:00,0.7097,0.7102,0.7102,0.70959,78,1780602959.761,AUDUSD_otc
71,2026-06-04 19:56:00,0.71019,0.70997,0.71025,0.70985,87,1780603019.869,AUDUSD_otc
71,2026-06-04 19:57:00,0.70997,0.70977,0.71007,0.70965,72,1780603078.962,AUDUSD_otc
71,2026-06-04 19:58:00,0.70976,0.70989,0.70995,0.70974,82,1780603139.527,AUDUSD_otc
71,2026-06-04 19:59:00,0.7098,0.70955,0.70983,0.70939,82,1780603197.588,AUDUSD_otc
71,2026-06-04 20:00:00,0.70955,0.70961,0.70961,0.70955,5,1780603203.089,AUDUSD_otc
