symbol_id,timestamp,open,close,high,low,volume,last_tick,asset
352,2026-05-21 18:55:00,78965.43,79094.24,79097.04,78965.43,387,1779389999.832,BTCUSD_otc
352,2026-05-21 19:00:00,79099.93,79252.4,79305.63,79087.81,381,1779390299.826,BTCUSD_otc
352,2026-05-21 19:05:00,79252.4,79415.57,79473.16,79234.63,392,1779390599.716,BTCUSD_otc
352,2026-05-21 19:10:00,79410.64,79300.63,79434.67,79208.19,384,1779390899.629,BTCUSD_otc
352,2026-05-21 19:15:00,79287.06,79359.59,79389.03,79270.19,400,1779391199.555,BTCUSD_otc
352,2026-05-21 19:20:00,79364.61,79572.83,79572.83,79364.61,409,1779391499.941,BTCUSD_otc
352,2026-05-21 19:25:00,79572.83,79468.24,79580.14,79424.66,392,1779391799.939,BTCUSD_otc
352,2026-05-21 19:30:00,79468.24,79300.34,79529.69,79291.18,388,1779392099.847,BTCUSD_otc
352,2026-05-21 19:35:00,79300.34,79120.97,79300.34,79095.68,408,1779392399.345,BTCUSD_otc
352,2026-05-21 19:40:00,79129.49,79301.19,79312.72,79129.49,377,1779392699.838,BTCUSD_otc
352,2026-05-21 19:45:00,79301.19,79161.51,79346.87,79147.94,412,1779392999.735,BTCUSD_otc
352,2026-05-21 19:50:00,79158.37,78982.78,79225.33,78976.16,394,1779393299.708,BTCUSD_otc
352,2026-05-21 19:55:00,78985.46,79082.15,79088.06,78885.87,411,1779393599.561,BTCUSD_otc
352,2026-05-21 20:00:00,79082.15,79139.24,79151.23,79053.14,392,1779393899.584,BTCUSD_otc
352,2026-05-21 20:05:00,79139.24,79137.99,79192.18,79061.6,403,1779394199.512,BTCUSD_otc
352,2026-05-21 20:10:00,79137.99,79142.28,79206.09,79000.39,407,1779394499.513,BTCUSD_otc
352,2026-05-21 20:15:00,79136.54,79180.67,79248.85,79102.14,401,1779394799.924,BTCUSD_otc
352,2026-05-21 20:20:00,79180.67,79212.11,79212.11,79031.78,417,1779395099.898,BTCUSD_otc
352,2026-05-21 20:25:00,79212.11,79074.62,79232.29,79032.4,397,1779395399.245,BTCUSD_otc
352,2026-05-21 20:30:00,79077.22,79220.57,79235.02,78960.17,418,1779395698.718,BTCUSD_otc
352,2026-05-21 20:35:00,79220.57,79454.1,79464.61,79218.1,385,1779395998.647,BTCUSD_otc
352,2026-05-21 20:40:00,79454.1,79257.58,79510.65,79254.68,420,1779396299.582,BTCUSD_otc
352,2026-05-21 20:45:00,79254.51,79234.34,79306.65,79141.76,361,1779396599.485,BTCUSD_otc
352,2026-05-21 20:50:00,79234.34,79320.91,79353.12,79193.65,404,1779396899.837,BTCUSD_otc
352,2026-05-21 20:55:00,79320.91,79469.8,79479.36,79294.37,408,1779397199.349,BTCUSD_otc
352,2026-05-21 21:00:00,79469.8,79327.87,79478.8,79308.65,406,1779397499.727,BTCUSD_otc
352,2026-05-21 21:05:00,79330.49,79306.56,79418.94,79304.05,407,1779397799.716,BTCUSD_otc
352,2026-05-21 21:10:00,79303.89,79258.99,79390.91,79227.14,408,1779398099.577,BTCUSD_otc
352,2026-05-21 21:15:00,79258.99,79066.23,79258.99,79024.77,397,1779398398.551,BTCUSD_otc
352,2026-05-21 21:20:00,79066.23,79004.87,79106.82,78937.98,397,1779398699.897,BTCUSD_otc
352,2026-05-21 21:25:00,79007.58,79013.9,79068.75,78897.16,419,1779398999.245,BTCUSD_otc
352,2026-05-21 21:30:00,79011.44,78889.48,79029.49,78850.58,392,1779399299.693,BTCUSD_otc
352,2026-05-21 21:35:00,78889.48,78927.7,79013.47,78867.36,391,1779399599.621,BTCUSD_otc
352,2026-05-21 21:40:00,78923.89,79052.74,79105.46,78918.57,413,1779399899.623,BTCUSD_otc
352,2026-05-21 21:45:00,79050.65,79088.76,79129.3,79010.09,415,1779400199.512,BTCUSD_otc
352,2026-05-21 21:50:00,79083.78,79240.91,79264.47,79051.55,402,1779400499.985,BTCUSD_otc
352,2026-05-21 21:55:00,79240.91,79212.59,79307.8,79209.45,391,1779400799.777,BTCUSD_otc
352,2026-05-21 22:00:00,79215.86,79274.56,79327.36,79086.6,407,1779401099.681,BTCUSD_otc
352,2026-05-21 22:05:00,79270.08,79248.92,79321.55,79153.56,390,1779401399.629,BTCUSD_otc
352,2026-05-21 22:10:00,79248.92,79133.81,79272.03,79073.71,394,1779401699.54,BTCUSD_otc
352,2026-05-21 22:15:00,79130.19,79047.66,79135.17,78994.58,394,1779401999.543,BTCUSD_otc
352,2026-05-21 22:20:00,79039.09,78876.18,79065.01,78839.16,421,1779402298.991,BTCUSD_otc
352,2026-05-21 22:25:00,78876.18,78876.62,78932.32,78827.22,391,1779402599.899,BTCUSD_otc
352,2026-05-21 22:30:00,78876.62,78756.25,78899.1,78688.02,414,1779402899.769,BTCUSD_otc
352,2026-05-21 22:35:00,78756.25,78788.5,78860.41,78733.62,418,1779403198.777,BTCUSD_otc
352,2026-05-21 22:40:00,78792.31,78775.67,78872.18,78692.44,411,1779403498.194,BTCUSD_otc
352,2026-05-21 22:45:00,78785.84,78868.18,78912.69,78749.05,391,1779403799.728,BTCUSD_otc
352,2026-05-21 22:50:00,78868.18,78737.67,78908.96,78725.62,399,1779404099.585,BTCUSD_otc
352,2026-05-21 22:55:00,78733.75,78817.06,78867.62,78728.45,384,1779404399.533,BTCUSD_otc
352,2026-05-21 23:00:00,78817.06,78703.62,78836.66,78679.68,415,1779404699.917,BTCUSD_otc
352,2026-05-21 23:05:00,78703.62,78629.73,78754.77,78529.32,383,1779404999.885,BTCUSD_otc
352,2026-05-21 23:10:00,78629.73,78751.98,78762.06,78613.3,390,1779405299.791,BTCUSD_otc
352,2026-05-21 23:15:00,78751.98,78732.17,78894.5,78725.53,400,1779405598.735,BTCUSD_otc
352,2026-05-21 23:20:00,78732.17,78824.34,78872.25,78713.53,398,1779405898.609,BTCUSD_otc
352,2026-05-21 23:25:00,78824.34,78693.96,78891.56,78680.12,401,1779406198.996,BTCUSD_otc
352,2026-05-21 23:30:00,78691.97,78557.37,78701.09,78480.57,400,1779406499.981,BTCUSD_otc
352,2026-05-21 23:35:00,78557.37,78462.29,78588.96,78438.05,398,1779406798.863,BTCUSD_otc
352,2026-05-21 23:40:00,78467.87,78523.46,78584.82,78431.4,392,1779407099.829,BTCUSD_otc
352,2026-05-21 23:45:00,78523.46,78494.93,78613.13,78422.73,402,1779407399.29,BTCUSD_otc
352,2026-05-21 23:50:00,78494.93,78510.25,78539.89,78388.99,392,1779407699.704,BTCUSD_otc
352,2026-05-21 23:55:00,78519.13,78586.34,78643.39,78441.98,418,1779407999.605,BTCUSD_otc
352,2026-05-22 00:00:00,78586.34,78511.01,78628.77,78479.68,390,1779408299.63,BTCUSD_otc
352,2026-05-22 00:05:00,78511.01,78481.62,78560.14,78466.32,401,1779408599.083,BTCUSD_otc
352,2026-05-22 00:10:00,78481.62,78501.28,78520.28,78392.71,408,1779408899.503,BTCUSD_otc
352,2026-05-22 00:15:00,78499.7,78477.42,78522.12,78406.29,412,1779409199.421,BTCUSD_otc
352,2026-05-22 00:20:00,78477.42,78452.91,78479.29,78303.35,388,1779409499.893,BTCUSD_otc
352,2026-05-22 00:25:00,78452.91,78424.07,78466.88,78345.32,420,1779409799.764,BTCUSD_otc
352,2026-05-22 00:30:00,78430.09,78658.28,78696.4,78407.28,405,1779410098.766,BTCUSD_otc
352,2026-05-22 00:35:00,78640.84,78710.38,78740.88,78615.24,400,1779410399.129,BTCUSD_otc
352,2026-05-22 00:40:00,78710.38,78812.65,78812.65,78623.8,378,1779410699.593,BTCUSD_otc
352,2026-05-22 00:45:00,78816.66,78885.29,78885.29,78771.52,407,1779410999.992,BTCUSD_otc
352,2026-05-22 00:50:00,78885.29,78981.9,79002.42,78854.63,394,1779411299.99,BTCUSD_otc
352,2026-05-22 00:55:00,78981.9,78802.68,79010.54,78790.97,395,1779411599.843,BTCUSD_otc
352,2026-05-22 01:00:00,78802.68,78777.9,78846.87,78691.82,403,1779411899.815,BTCUSD_otc
352,2026-05-22 01:05:00,78775.89,78538.63,78779.8,78498.08,418,1779412199.233,BTCUSD_otc
352,2026-05-22 01:10:00,78542.25,78601.41,78647.05,78536.28,381,1779412499.702,BTCUSD_otc
352,2026-05-22 01:15:00,78601.41,78540.01,78652.31,78465.06,384,1779412799.57,BTCUSD_otc
352,2026-05-22 01:20:00,78540.01,78620.54,78636.38,78509.74,394,1779413099.545,BTCUSD_otc
352,2026-05-22 01:25:00,78626.79,78507.15,78669.16,78443.2,383,1779413399.924,BTCUSD_otc
352,2026-05-22 01:30:00,78511.97,78705.5,78773.78,78511.97,388,1779413699.928,BTCUSD_otc
352,2026-05-22 01:35:00,78705.5,78612.08,78713.25,78576.16,402,1779413999.779,BTCUSD_otc
352,2026-05-22 01:40:00,78615.95,78474.26,78625.95,78474.26,421,1779414299.78,BTCUSD_otc
352,2026-05-22 01:45:00,78479.59,78736.04,78739.06,78464.96,380,1779414598.125,BTCUSD_otc
352,2026-05-22 01:50:00,78738.37,78702.67,78830.09,78672.93,399,1779414899.113,BTCUSD_otc
352,2026-05-22 01:55:00,78702.67,78756.82,78780.07,78631.28,390,1779415199.992,BTCUSD_otc
352,2026-05-22 02:00:00,78756.82,78796.43,78827.31,78737.07,391,1779415498.996,BTCUSD_otc
352,2026-05-22 02:05:00,78782.08,78599.23,78823.61,78594.95,404,1779415799.859,BTCUSD_otc
352,2026-05-22 02:10:00,78602.55,78572.63,78649.75,78541.43,405,1779416099.823,BTCUSD_otc
352,2026-05-22 02:15:00,78572.63,78590.22,78642.23,78500.66,404,1779416398.22,BTCUSD_otc
352,2026-05-22 02:20:00,78590.22,78537.03,78607.73,78431.44,402,1779416699.677,BTCUSD_otc
352,2026-05-22 02:25:00,78537.03,78552.35,78581.51,78456.66,385,1779416999.539,BTCUSD_otc
352,2026-05-22 02:30:00,78552.35,78600.12,78621.75,78447.41,400,1779417299.94,BTCUSD_otc
352,2026-05-22 02:35:00,78600.12,78530.79,78664.23,78510.45,402,1779417599.368,BTCUSD_otc
352,2026-05-22 02:40:00,78530.79,78473.87,78573.05,78381.5,407,1779417899.719,BTCUSD_otc
352,2026-05-22 02:45:00,78473.87,78581.37,78602.31,78416.66,388,1779418199.721,BTCUSD_otc
352,2026-05-22 02:50:00,78581.37,78536.53,78625.43,78518.98,406,1779418499.605,BTCUSD_otc
352,2026-05-22 02:55:00,78538.97,78469.83,78551.56,78424.8,387,1779418799.56,BTCUSD_otc
352,2026-05-22 03:00:00,78469.83,78392.77,78504.21,78374.66,404,1779419099.896,BTCUSD_otc
352,2026-05-22 03:05:00,78392.77,78358.77,78409.8,78299.51,390,1779419399.837,BTCUSD_otc
352,2026-05-22 03:10:00,78358.77,78381.43,78472.37,78320.88,383,1779419699.72,BTCUSD_otc
352,2026-05-22 03:15:00,78381.43,78363.85,78515.51,78337.18,392,1779419999.619,BTCUSD_otc
352,2026-05-22 03:20:00,78360.48,78427.15,78453.59,78315.99,411,1779420299.584,BTCUSD_otc
352,2026-05-22 03:25:00,78427.15,78515.03,78560.28,78422.02,397,1779420599.994,BTCUSD_otc
352,2026-05-22 03:30:00,78515.03,78676.25,78697.93,78503.63,385,1779420899.975,BTCUSD_otc
352,2026-05-22 03:35:00,78676.25,78724.71,78827.29,78634.46,417,1779421199.333,BTCUSD_otc
352,2026-05-22 03:40:00,78724.71,78670.87,78749.17,78660.24,397,1779421498.831,BTCUSD_otc
352,2026-05-22 03:45:00,78670.87,78712.01,78812.89,78619.92,417,1779421799.73,BTCUSD_otc
352,2026-05-22 03:50:00,78712.01,78580.88,78731.79,78564.54,392,1779422099.73,BTCUSD_otc
352,2026-05-22 03:55:00,78580.88,78497.58,78594.6,78497.58,390,1779422399.099,BTCUSD_otc
352,2026-05-22 04:00:00,78497.58,78451.23,78497.58,78358.67,406,1779422699.574,BTCUSD_otc
352,2026-05-22 04:05:00,78455.07,78393.96,78499.23,78383.05,406,1779422999.928,BTCUSD_otc
352,2026-05-22 04:10:00,78393.96,78389.0,78400.94,78243.33,402,1779423299.852,BTCUSD_otc
352,2026-05-22 04:15:00,78389.0,78467.89,78499.12,78366.39,385,1779423599.333,BTCUSD_otc
352,2026-05-22 04:20:00,78467.89,78475.27,78491.98,78352.36,407,1779423899.353,BTCUSD_otc
352,2026-05-22 04:25:00,78475.27,78467.58,78540.58,78412.24,395,1779424199.767,BTCUSD_otc
352,2026-05-22 04:30:00,78470.47,78403.7,78506.57,78365.93,398,1779424499.701,BTCUSD_otc
352,2026-05-22 04:35:00,78403.7,78661.22,78661.22,78391.73,389,1779424799.081,BTCUSD_otc
352,2026-05-22 04:40:00,78661.22,78769.56,78773.68,78583.54,407,1779425099.976,BTCUSD_otc
352,2026-05-22 04:45:00,78769.56,78610.79,78804.94,78576.31,415,1779425399.93,BTCUSD_otc
352,2026-05-22 04:50:00,78614.91,78594.9,78701.24,78592.01,388,1779425699.846,BTCUSD_otc
352,2026-05-22 04:55:00,78594.9,78512.82,78671.25,78502.0,413,1779425999.29,BTCUSD_otc
352,2026-05-22 05:00:00,78512.82,78322.67,78561.33,78322.67,410,1779426299.675,BTCUSD_otc
352,2026-05-22 05:05:00,78322.67,78368.15,78446.04,78319.57,388,1779426599.627,BTCUSD_otc
352,2026-05-22 05:10:00,78370.6,78343.69,78449.65,78325.35,388,1779426899.535,BTCUSD_otc
352,2026-05-22 05:15:00,78343.69,78265.39,78385.08,78251.3,398,1779427199.536,BTCUSD_otc
352,2026-05-22 05:20:00,78262.41,78253.14,78345.21,78218.29,397,1779427499.895,BTCUSD_otc
352,2026-05-22 05:25:00,78253.14,78251.22,78311.02,78209.19,396,1779427799.416,BTCUSD_otc
352,2026-05-22 05:30:00,78246.88,78303.33,78348.81,78219.87,404,1779428099.339,BTCUSD_otc
352,2026-05-22 05:35:00,78303.33,78281.82,78359.57,78224.96,396,1779428399.768,BTCUSD_otc
352,2026-05-22 05:40:00,78279.49,78274.1,78348.0,78208.83,391,1779428699.652,BTCUSD_otc
352,2026-05-22 05:45:00,78274.1,78389.35,78432.68,78274.1,407,1779428999.559,BTCUSD_otc
352,2026-05-22 05:50:00,78391.61,78390.74,78484.08,78277.91,409,1779429299.524,BTCUSD_otc
352,2026-05-22 05:55:00,78385.76,78668.12,78692.08,78385.76,382,1779429599.377,BTCUSD_otc
352,2026-05-22 06:00:00,78668.12,78684.41,78714.74,78566.87,403,1779429899.887,BTCUSD_otc
352,2026-05-22 06:05:00,78686.36,78635.38,78754.95,78606.53,401,1779430199.723,BTCUSD_otc
352,2026-05-22 06:10:00,78635.38,78516.97,78697.21,78470.86,400,1779430499.098,BTCUSD_otc
352,2026-05-22 06:15:00,78516.97,78521.64,78565.08,78443.56,394,1779430799.588,BTCUSD_otc
352,2026-05-22 06:20:00,78516.15,78539.21,78572.83,78494.11,418,1779431099.516,BTCUSD_otc
352,2026-05-22 06:25:00,78537.11,78477.95,78577.98,78435.53,416,1779431399.969,BTCUSD_otc
352,2026-05-22 06:30:00,78477.95,78470.67,78480.56,78316.43,410,1779431699.884,BTCUSD_otc
352,2026-05-22 06:35:00,78470.67,78366.51,78539.23,78366.51,399,1779431999.845,BTCUSD_otc
352,2026-05-22 06:40:00,78366.51,78402.4,78437.42,78290.0,387,1779432299.721,BTCUSD_otc
352,2026-05-22 06:45:00,78397.88,78384.59,78461.23,78265.1,405,1779432599.732,BTCUSD_otc
352,2026-05-22 06:50:00,78384.59,78283.89,78397.16,78187.1,402,1779432899.659,BTCUSD_otc
352,2026-05-22 06:55:00,78280.74,78310.42,78321.85,78216.54,407,1779433199.68,BTCUSD_otc
352,2026-05-22 07:00:00,78312.49,78130.55,78312.49,78125.95,404,1779433499.588,BTCUSD_otc
352,2026-05-22 07:05:00,78130.55,78287.29,78354.48,78130.55,412,1779433799.571,BTCUSD_otc
352,2026-05-22 07:10:00,78289.93,78259.7,78323.35,78225.47,397,1779434099.959,BTCUSD_otc
352,2026-05-22 07:15:00,78259.7,78262.36,78296.43,78222.8,381,1779434399.942,BTCUSD_otc
352,2026-05-22 07:20:00,78262.36,78308.06,78343.68,78250.57,403,1779434699.904,BTCUSD_otc
352,2026-05-22 07:25:00,78308.06,78369.86,78417.92,78295.67,407,1779434998.799,BTCUSD_otc
352,2026-05-22 07:30:00,78369.86,78308.33,78413.28,78259.44,424,1779435299.612,BTCUSD_otc
352,2026-05-22 07:35:00,78303.23,78366.76,78404.93,78266.02,399,1779435599.561,BTCUSD_otc
352,2026-05-22 07:40:00,78366.76,78420.45,78446.42,78350.7,420,1779435899.506,BTCUSD_otc
352,2026-05-22 07:45:00,78420.45,78267.48,78454.68,78267.48,406,1779436199.93,BTCUSD_otc
352,2026-05-22 07:50:00,78267.48,78280.98,78323.28,78180.17,389,1779436499.851,BTCUSD_otc
352,2026-05-22 07:55:00,78278.36,78193.56,78353.8,78174.33,411,1779436799.779,BTCUSD_otc
352,2026-05-22 08:00:00,78196.42,78058.44,78199.48,77958.84,414,1779437099.197,BTCUSD_otc
352,2026-05-22 08:05:00,78058.44,78108.37,78117.08,77994.55,403,1779437399.057,BTCUSD_otc
352,2026-05-22 08:10:00,78108.37,78090.49,78214.06,78090.49,407,1779437699.968,BTCUSD_otc
352,2026-05-22 08:15:00,78090.49,77993.47,78121.39,77949.37,390,1779437999.922,BTCUSD_otc
352,2026-05-22 08:20:00,77993.47,77883.01,78015.09,77873.29,388,1779438299.921,BTCUSD_otc
352,2026-05-22 08:25:00,77883.01,77778.42,77981.81,77758.19,392,1779438599.795,BTCUSD_otc
352,2026-05-22 08:30:00,77772.1,77676.86,77842.48,77655.2,393,1779438898.748,BTCUSD_otc
352,2026-05-22 08:35:00,77680.42,77567.33,77718.5,77518.24,390,1779439198.185,BTCUSD_otc
352,2026-05-22 08:40:00,77567.33,77730.87,77735.11,77561.84,381,1779439499.06,BTCUSD_otc
352,2026-05-22 08:45:00,77730.87,77836.98,77869.46,77686.85,401,1779439798.534,BTCUSD_otc
352,2026-05-22 08:50:00,77832.9,77677.51,77859.16,77661.62,418,1779440099.922,BTCUSD_otc
352,2026-05-22 08:55:00,77677.51,77876.33,77995.82,77667.53,395,1779440399.894,BTCUSD_otc
352,2026-05-22 09:00:00,77876.33,77747.28,77896.65,77735.83,386,1779440698.75,BTCUSD_otc
352,2026-05-22 09:05:00,77747.28,77622.03,77825.7,77593.84,411,1779440999.309,BTCUSD_otc
352,2026-05-22 09:10:00,77622.03,77711.77,77746.97,77617.28,407,1779441298.669,BTCUSD_otc
352,2026-05-22 09:15:00,77711.77,77599.02,77716.78,77487.26,403,1779441598.667,BTCUSD_otc
352,2026-05-22 09:20:00,77595.52,77497.46,77713.27,77486.39,405,1779441899.569,BTCUSD_otc
352,2026-05-22 09:25:00,77497.46,77279.71,77515.62,77277.2,392,1779442199.57,BTCUSD_otc
352,2026-05-22 09:30:00,77279.71,77310.81,77436.33,77239.29,394,1779442499.926,BTCUSD_otc
352,2026-05-22 09:35:00,77310.81,77435.98,77435.98,77292.81,426,1779442799.9,BTCUSD_otc
352,2026-05-22 09:40:00,77435.98,77346.87,77437.67,77255.23,414,1779443099.287,BTCUSD_otc
352,2026-05-22 09:45:00,77351.9,77255.3,77364.03,77168.79,384,1779443399.73,BTCUSD_otc
352,2026-05-22 09:50:00,77255.3,77337.38,77384.81,77246.9,403,1779443699.67,BTCUSD_otc
352,2026-05-22 09:55:00,77337.38,77227.25,77337.38,77186.0,392,1779443999.184,BTCUSD_otc
352,2026-05-22 10:00:00,77227.25,77305.25,77328.36,77189.01,391,1779444299.553,BTCUSD_otc
352,2026-05-22 10:05:00,77288.58,77199.56,77333.46,77141.71,412,1779444599.989,BTCUSD_otc
352,2026-05-22 10:10:00,77199.56,77398.39,77418.49,77159.38,403,1779444899.966,BTCUSD_otc
352,2026-05-22 10:15:00,77398.39,77297.5,77468.02,77292.5,408,1779445199.441,BTCUSD_otc
352,2026-05-22 10:20:00,77305.74,77275.66,77313.57,77204.22,391,1779445499.887,BTCUSD_otc
352,2026-05-22 10:25:00,77275.66,77300.98,77300.98,77180.14,397,1779445799.386,BTCUSD_otc
352,2026-05-22 10:30:00,77300.98,77334.98,77383.08,77277.52,416,1779446099.779,BTCUSD_otc
352,2026-05-22 10:35:00,77334.98,77305.24,77377.73,77222.7,399,1779446399.205,BTCUSD_otc
352,2026-05-22 10:40:00,77305.24,77283.2,77344.64,77233.72,379,1779446699.668,BTCUSD_otc
352,2026-05-22 10:45:00,77283.2,77193.17,77295.35,77119.76,421,1779446999.693,BTCUSD_otc
352,2026-05-22 10:50:00,77193.17,77134.64,77279.76,77096.51,408,1779447299.607,BTCUSD_otc
352,2026-05-22 10:55:00,77134.64,77021.72,77159.94,77012.8,413,1779447599.598,BTCUSD_otc
352,2026-05-22 11:00:00,77018.92,77083.63,77083.63,76990.53,390,1779447899.501,BTCUSD_otc
352,2026-05-22 11:05:00,77083.63,76976.89,77121.26,76976.89,406,1779448199.022,BTCUSD_otc
352,2026-05-22 11:10:00,76974.09,76983.08,77046.68,76944.81,400,1779448499.383,BTCUSD_otc
352,2026-05-22 11:15:00,76983.08,76962.95,77042.86,76929.41,395,1779448799.387,BTCUSD_otc
352,2026-05-22 11:20:00,76962.95,76986.39,76996.66,76769.74,424,1779449099.838,BTCUSD_otc
352,2026-05-22 11:25:00,76986.39,76991.29,77047.32,76894.31,422,1779449399.834,BTCUSD_otc
352,2026-05-22 11:30:00,76991.29,76929.82,77051.88,76893.29,410,1779449699.692,BTCUSD_otc
352,2026-05-22 11:35:00,76933.77,76825.14,76974.23,76825.14,387,1779449999.709,BTCUSD_otc
352,2026-05-22 11:40:00,76825.14,77007.23,77109.09,76810.94,381,1779450298.615,BTCUSD_otc
352,2026-05-22 11:45:00,77002.18,77200.71,77204.91,76958.75,374,1779450598.125,BTCUSD_otc
352,2026-05-22 11:50:00,77200.71,77064.15,77247.8,77054.22,413,1779450899.039,BTCUSD_otc
352,2026-05-22 11:55:00,77068.17,76857.94,77076.49,76849.48,411,1779451199.548,BTCUSD_otc
352,2026-05-22 12:00:00,76860.43,76888.65,76970.32,76791.46,407,1779451499.966,BTCUSD_otc
352,2026-05-22 12:05:00,76888.65,76799.22,76963.98,76758.72,396,1779451799.979,BTCUSD_otc
352,2026-05-22 12:10:00,76799.22,76864.82,76944.3,76765.68,416,1779452099.868,BTCUSD_otc
352,2026-05-22 12:15:00,76869.64,76696.77,76869.64,76651.22,416,1779452398.873,BTCUSD_otc
352,2026-05-22 12:20:00,76696.77,76627.59,76696.77,76528.17,393,1779452699.756,BTCUSD_otc
352,2026-05-22 12:25:00,76627.59,76714.59,76749.4,76625.34,404,1779452999.758,BTCUSD_otc
352,2026-05-22 12:30:00,76714.59,76625.59,76799.51,76597.55,409,1779453299.66,BTCUSD_otc
352,2026-05-22 12:35:00,76625.59,76626.92,76788.47,76605.76,390,1779453599.681,BTCUSD_otc
352,2026-05-22 12:40:00,76626.92,76689.35,76694.39,76577.23,391,1779453899.585,BTCUSD_otc
352,2026-05-22 12:45:00,76689.35,76790.01,76846.0,76688.28,397,1779454199.619,BTCUSD_otc
352,2026-05-22 12:50:00,76790.01,76734.68,76795.51,76662.69,420,1779454498.977,BTCUSD_otc
352,2026-05-22 12:55:00,76734.68,76874.34,76882.77,76698.34,396,1779454799.974,BTCUSD_otc
352,2026-05-22 13:00:00,76874.34,76918.74,76945.72,76848.88,406,1779455099.862,BTCUSD_otc
352,2026-05-22 13:05:00,76918.74,76774.01,76942.34,76771.08,399,1779455399.868,BTCUSD_otc
352,2026-05-22 13:10:00,76774.01,76775.51,76888.74,76748.43,399,1779455699.773,BTCUSD_otc
352,2026-05-22 13:15:00,76780.18,76661.04,76786.99,76621.07,381,1779455999.786,BTCUSD_otc
352,2026-05-22 13:20:00,76666.87,76739.11,76778.64,76634.67,391,1779456299.663,BTCUSD_otc
352,2026-05-22 13:25:00,76742.17,76443.69,76748.1,76402.3,404,1779456599.158,BTCUSD_otc
352,2026-05-22 13:30:00,76443.69,76358.45,76460.5,76319.9,390,1779456899.56,BTCUSD_otc
352,2026-05-22 13:35:00,76358.45,76399.83,76446.5,76358.45,381,1779457198.551,BTCUSD_otc
352,2026-05-22 13:40:00,76402.33,76574.42,76620.79,76362.52,385,1779457499.502,BTCUSD_otc
352,2026-05-22 13:45:00,76574.42,76663.01,76714.29,76514.92,404,1779457799.544,BTCUSD_otc
352,2026-05-22 13:50:00,76653.52,76552.86,76710.14,76539.36,402,1779458099.431,BTCUSD_otc
352,2026-05-22 13:55:00,76552.86,76439.8,76596.0,76430.09,405,1779458399.912,BTCUSD_otc
352,2026-05-22 14:00:00,76439.8,76550.49,76598.25,76420.9,406,1779458699.81,BTCUSD_otc
352,2026-05-22 14:05:00,76550.49,76640.65,76688.6,76541.34,403,1779458999.84,BTCUSD_otc
352,2026-05-22 14:10:00,76640.65,76725.31,76753.34,76628.64,412,1779459298.707,BTCUSD_otc
352,2026-05-22 14:15:00,76720.9,76593.87,76859.25,76593.87,368,1779459599.718,BTCUSD_otc
352,2026-05-22 14:20:00,76593.87,76559.47,76697.97,76551.26,395,1779459899.632,BTCUSD_otc
352,2026-05-22 14:25:00,76563.16,76390.14,76603.93,76378.27,382,1779460199.1,BTCUSD_otc
352,2026-05-22 14:30:00,76390.14,76397.34,76472.41,76346.72,386,1779460499.988,BTCUSD_otc
352,2026-05-22 14:35:00,76399.74,76054.38,76399.74,76049.57,394,1779460799.945,BTCUSD_otc
352,2026-05-22 14:40:00,76054.38,76192.49,76203.39,75940.64,391,1779461098.864,BTCUSD_otc
352,2026-05-22 14:45:00,76192.49,76212.91,76354.15,76154.37,400,1779461399.84,BTCUSD_otc
352,2026-05-22 14:50:00,76210.25,76204.58,76336.68,76184.42,402,1779461699.736,BTCUSD_otc
352,2026-05-22 14:55:00,76204.58,76276.21,76291.97,76156.59,409,1779461999.681,BTCUSD_otc
352,2026-05-22 15:00:00,76267.41,76129.47,76306.67,76118.27,404,1779462299.603,BTCUSD_otc
352,2026-05-22 15:05:00,76131.95,76303.62,76368.23,76117.56,418,1779462599.594,BTCUSD_otc
352,2026-05-22 15:10:00,76303.62,76361.68,76414.43,76251.39,407,1779462899.011,BTCUSD_otc
352,2026-05-22 15:15:00,76368.61,76456.55,76480.05,76299.18,387,1779463199.038,BTCUSD_otc
352,2026-05-22 15:20:00,76452.18,76539.67,76563.53,76336.51,409,1779463499.487,BTCUSD_otc
352,2026-05-22 15:25:00,76539.67,76270.78,76539.67,76260.22,408,1779463797.965,BTCUSD_otc
352,2026-05-22 15:30:00,76266.16,76000.92,76284.66,76000.92,390,1779464099.329,BTCUSD_otc
352,2026-05-22 15:35:00,76000.92,76052.16,76135.31,75974.77,405,1779464399.807,BTCUSD_otc
352,2026-05-22 15:40:00,76052.16,75911.29,76079.97,75904.11,413,1779464699.273,BTCUSD_otc
352,2026-05-22 15:45:00,75911.29,75916.95,75971.75,75861.39,398,1779464999.754,BTCUSD_otc
352,2026-05-22 15:50:00,75916.95,75740.03,75923.53,75716.37,410,1779465298.219,BTCUSD_otc
352,2026-05-22 15:55:00,75736.98,75805.95,75828.64,75696.63,399,1779465599.145,BTCUSD_otc
352,2026-05-22 16:00:00,75805.95,75806.08,75905.91,75717.51,398,1779465899.065,BTCUSD_otc
352,2026-05-22 16:05:00,75810.65,75938.95,75976.39,75804.53,398,1779466199.555,BTCUSD_otc
352,2026-05-22 16:10:00,75942.94,75812.23,75960.25,75792.73,391,1779466499.935,BTCUSD_otc
352,2026-05-22 16:15:00,75812.23,75792.58,75853.06,75746.18,409,1779466799.921,BTCUSD_otc
352,2026-05-22 16:20:00,75789.52,75721.02,75811.84,75718.71,386,1779467098.831,BTCUSD_otc
352,2026-05-22 16:25:00,75723.84,75821.36,75898.82,75699.81,395,1779467399.799,BTCUSD_otc
352,2026-05-22 16:30:00,75821.36,75546.53,75849.26,75542.27,401,1779467699.174,BTCUSD_otc
352,2026-05-22 16:35:00,75546.53,75540.76,75563.55,75447.08,403,1779467999.668,BTCUSD_otc
352,2026-05-22 16:40:00,75549.07,75419.51,75559.39,75412.07,415,1779468299.108,BTCUSD_otc
352,2026-05-22 16:45:00,75419.51,75041.43,75426.34,75021.34,396,1779468599.616,BTCUSD_otc
352,2026-05-22 16:50:00,75044.1,75333.86,75368.65,75028.89,402,1779468899.044,BTCUSD_otc
352,2026-05-22 16:55:00,75333.86,75349.32,75418.14,75220.03,402,1779469198.509,BTCUSD_otc
352,2026-05-22 17:00:00,75352.12,75267.3,75390.56,75267.14,392,1779469499.942,BTCUSD_otc
352,2026-05-22 17:05:00,75267.3,75035.82,75271.83,75023.03,394,1779469799.951,BTCUSD_otc
352,2026-05-22 17:10:00,75035.82,75053.4,75091.9,74986.21,390,1779470099.826,BTCUSD_otc
352,2026-05-22 17:15:00,75053.4,75014.56,75085.05,74987.57,413,1779470399.31,BTCUSD_otc
352,2026-05-22 17:20:00,75014.56,74905.47,75075.19,74900.92,385,1779470699.726,BTCUSD_otc
352,2026-05-22 17:25:00,74898.7,74934.2,74992.58,74881.86,409,1779470999.693,BTCUSD_otc
352,2026-05-22 17:30:00,74931.54,74925.38,74989.39,74903.62,394,1779471298.592,BTCUSD_otc
352,2026-05-22 17:35:00,74918.1,74821.82,74942.24,74804.72,415,1779471599.604,BTCUSD_otc
352,2026-05-22 17:40:00,74821.82,75023.45,75085.57,74712.5,395,1779471899.479,BTCUSD_otc
352,2026-05-22 17:45:00,75023.45,75118.53,75153.81,74950.34,395,1779472199.943,BTCUSD_otc
352,2026-05-22 17:50:00,75120.71,75300.36,75328.08,75103.58,418,1779472499.853,BTCUSD_otc
352,2026-05-22 17:55:00,75300.36,75104.28,75334.51,75090.46,405,1779472799.839,BTCUSD_otc
352,2026-05-22 18:00:00,75104.28,75207.93,75300.11,75090.2,415,1779473099.735,BTCUSD_otc
352,2026-05-22 18:05:00,75203.91,75327.82,75396.83,75200.22,386,1779473399.225,BTCUSD_otc
352,2026-05-22 18:10:00,75333.4,75181.49,75337.15,75151.98,416,1779473699.614,BTCUSD_otc
352,2026-05-22 18:15:00,75181.49,75297.31,75297.87,75061.99,411,1779473999.597,BTCUSD_otc
352,2026-05-22 18:20:00,75299.22,75107.92,75357.46,75105.05,405,1779474299.011,BTCUSD_otc
352,2026-05-22 18:25:00,75105.6,75057.39,75144.06,74949.48,407,1779474599.921,BTCUSD_otc
352,2026-05-22 18:30:00,75057.39,74988.29,75057.43,74867.29,387,1779474899.93,BTCUSD_otc
352,2026-05-22 18:35:00,74988.29,75034.68,75088.22,74962.91,423,1779475199.863,BTCUSD_otc
352,2026-05-22 18:40:00,75031.3,75060.85,75074.58,74902.82,422,1779475499.799,BTCUSD_otc
352,2026-05-22 18:45:00,75062.89,75041.67,75076.63,74968.17,401,1779475798.75,BTCUSD_otc
352,2026-05-22 18:50:00,75041.67,74906.17,75049.6,74866.75,401,1779476099.67,BTCUSD_otc
352,2026-05-22 18:55:00,74906.17,75139.63,75145.64,74906.17,408,1779476399.571,BTCUSD_otc
352,2026-05-22 19:00:00,75148.03,75176.03,75244.59,75116.92,409,1779476698.566,BTCUSD_otc
352,2026-05-22 19:05:00,75179.26,75235.57,75304.37,75166.06,389,1779476999.957,BTCUSD_otc
352,2026-05-22 19:10:00,75235.57,75279.34,75309.85,75200.12,400,1779477299.966,BTCUSD_otc
352,2026-05-22 19:15:00,75279.34,75300.76,75333.03,75240.92,397,1779477599.859,BTCUSD_otc
352,2026-05-22 19:20:00,75300.76,75183.85,75352.47,75181.02,396,1779477899.812,BTCUSD_otc
352,2026-05-22 19:25:00,75183.85,75450.29,75521.39,75183.01,411,1779478199.171,BTCUSD_otc
352,2026-05-22 19:30:00,75450.29,75326.77,75506.84,75302.01,406,1779478499.682,BTCUSD_otc
352,2026-05-22 19:35:00,75326.77,75514.39,75514.39,75326.77,381,1779478799.606,BTCUSD_otc
352,2026-05-22 19:40:00,75517.8,75488.06,75558.99,75419.86,418,1779479099.599,BTCUSD_otc
352,2026-05-22 19:45:00,75488.06,75463.29,75587.72,75435.06,395,1779479399.521,BTCUSD_otc
352,2026-05-22 19:50:00,75463.29,75473.4,75561.71,75402.54,388,1779479699.499,BTCUSD_otc
352,2026-05-22 19:55:00,75473.4,75554.08,75572.73,75381.66,401,1779479999.837,BTCUSD_otc
352,2026-05-22 20:00:00,75554.08,75785.55,75785.55,75541.47,399,1779480299.27,BTCUSD_otc
352,2026-05-22 20:05:00,75785.55,75781.71,75840.99,75760.44,398,1779480599.19,BTCUSD_otc
352,2026-05-22 20:10:00,75781.71,75739.21,75792.54,75662.26,391,1779480899.631,BTCUSD_otc
352,2026-05-22 20:15:00,75739.21,75825.86,75898.33,75711.37,412,1779481197.562,BTCUSD_otc
352,2026-05-22 20:20:00,75825.86,75851.41,75903.19,75788.93,398,1779481499.525,BTCUSD_otc
352,2026-05-22 20:25:00,75851.41,76062.95,76064.13,75797.76,372,1779481799.411,BTCUSD_otc
352,2026-05-22 20:30:00,76062.95,75906.82,76066.5,75863.18,403,1779482099.314,BTCUSD_otc
352,2026-05-22 20:35:00,75909.09,75857.79,75968.58,75791.86,395,1779482399.792,BTCUSD_otc
352,2026-05-22 20:40:00,75857.79,75886.36,75914.54,75796.1,391,1779482699.689,BTCUSD_otc
352,2026-05-22 20:45:00,75886.36,75769.77,75891.59,75727.0,413,1779482999.66,BTCUSD_otc
352,2026-05-22 20:50:00,75769.77,75753.75,75846.7,75699.5,393,1779483299.007,BTCUSD_otc
352,2026-05-22 20:55:00,75739.67,75721.88,75805.21,75697.29,398,1779483599.524,BTCUSD_otc
352,2026-05-22 21:00:00,75721.88,75730.28,75781.53,75634.6,402,1779483899.377,BTCUSD_otc
352,2026-05-22 21:05:00,75730.28,75842.22,75854.52,75687.33,411,1779484199.87,BTCUSD_otc
352,2026-05-22 21:10:00,75842.22,75823.1,75925.85,75793.07,412,1779484499.788,BTCUSD_otc
352,2026-05-22 21:15:00,75825.91,75969.62,75975.91,75721.12,417,1779484797.78,BTCUSD_otc
352,2026-05-22 21:20:00,75969.62,75886.15,75981.05,75826.95,397,1779485099.679,BTCUSD_otc
352,2026-05-22 21:25:00,75888.22,76002.43,76002.43,75824.19,407,1779485399.639,BTCUSD_otc
352,2026-05-22 21:30:00,75991.64,76113.89,76189.98,75941.58,408,1779485699.985,BTCUSD_otc
352,2026-05-22 21:35:00,76113.89,76150.43,76200.45,76028.18,392,1779485999.963,BTCUSD_otc
352,2026-05-22 21:40:00,76150.43,76274.85,76295.14,76089.11,392,1779486299.829,BTCUSD_otc
352,2026-05-22 21:45:00,76274.85,76140.71,76279.78,76127.81,398,1779486599.293,BTCUSD_otc
352,2026-05-22 21:50:00,76140.71,76252.24,76311.34,76125.34,399,1779486899.672,BTCUSD_otc
352,2026-05-22 21:55:00,76252.24,76422.37,76440.82,76246.55,404,1779487198.535,BTCUSD_otc
352,2026-05-22 22:00:00,76422.37,76588.6,76653.79,76325.49,408,1779487499.997,BTCUSD_otc
352,2026-05-22 22:05:00,76588.6,76519.58,76626.53,76447.82,390,1779487799.847,BTCUSD_otc
352,2026-05-22 22:10:00,76519.58,76670.85,76705.07,76515.54,388,1779488096.814,BTCUSD_otc
352,2026-05-22 22:15:00,76670.85,76841.74,76845.25,76544.33,388,1779488399.718,BTCUSD_otc
352,2026-05-22 22:20:00,76841.74,76742.22,76862.68,76708.89,403,1779488699.159,BTCUSD_otc
352,2026-05-22 22:25:00,76731.51,76805.64,76863.38,76696.65,411,1779488999.554,BTCUSD_otc
352,2026-05-22 22:30:00,76800.82,76588.78,76811.16,76586.73,409,1779489299.528,BTCUSD_otc
352,2026-05-22 22:35:00,76585.95,76542.72,76633.11,76457.01,401,1779489599.908,BTCUSD_otc
352,2026-05-22 22:40:00,76542.72,76624.58,76641.37,76531.03,410,1779489899.867,BTCUSD_otc
352,2026-05-22 22:45:00,76624.58,76526.83,76744.58,76515.26,394,1779490199.286,BTCUSD_otc
352,2026-05-22 22:50:00,76526.83,76447.27,76621.39,76403.39,397,1779490499.196,BTCUSD_otc
352,2026-05-22 22:55:00,76447.27,76548.82,76559.28,76392.01,388,1779490799.619,BTCUSD_otc
352,2026-05-22 23:00:00,76543.41,76628.39,76689.87,76496.48,417,1779491099.497,BTCUSD_otc
352,2026-05-22 23:05:00,76628.39,76556.47,76681.52,76515.74,389,1779491397.968,BTCUSD_otc
352,2026-05-22 23:10:00,76556.47,76577.55,76614.18,76514.8,394,1779491699.326,BTCUSD_otc
352,2026-05-22 23:15:00,76577.55,76488.9,76650.25,76462.24,383,1779491999.81,BTCUSD_otc
352,2026-05-22 23:20:00,76483.54,76372.31,76483.54,76342.72,407,1779492299.706,BTCUSD_otc
352,2026-05-22 23:25:00,76375.12,76142.63,76401.68,76142.63,394,1779492599.672,BTCUSD_otc
352,2026-05-22 23:30:00,76142.63,76337.1,76354.23,76116.28,376,1779492899.537,BTCUSD_otc
352,2026-05-22 23:35:00,76329.06,76472.38,76549.36,76308.49,385,1779493199.021,BTCUSD_otc
352,2026-05-22 23:40:00,76470.3,76311.28,76521.33,76253.79,410,1779493498.421,BTCUSD_otc
352,2026-05-22 23:45:00,76311.28,76375.46,76401.48,76213.19,398,1779493799.9,BTCUSD_otc
352,2026-05-22 23:50:00,76375.46,76375.55,76428.74,76337.81,408,1779494099.861,BTCUSD_otc
352,2026-05-22 23:55:00,76367.44,76271.8,76451.05,76253.9,410,1779494399.824,BTCUSD_otc
352,2026-05-23 00:00:00,76271.8,76185.01,76377.77,76184.17,413,1779494699.747,BTCUSD_otc
352,2026-05-23 00:05:00,76185.01,76313.01,76339.68,76121.49,393,1779494999.683,BTCUSD_otc
352,2026-05-23 00:10:00,76309.39,76351.18,76418.81,76307.78,399,1779495299.56,BTCUSD_otc
352,2026-05-23 00:15:00,76347.88,76363.12,76380.3,76272.17,388,1779495599.036,BTCUSD_otc
352,2026-05-23 00:20:00,76356.47,76259.54,76407.39,76259.54,400,1779495899.433,BTCUSD_otc
352,2026-05-23 00:25:00,76259.54,76150.88,76265.74,76128.95,385,1779496199.904,BTCUSD_otc
352,2026-05-23 00:30:00,76150.88,76335.28,76356.48,76134.5,386,1779496498.782,BTCUSD_otc
352,2026-05-23 00:35:00,76336.99,76380.96,76424.46,76324.63,383,1779496799.229,BTCUSD_otc
352,2026-05-23 00:40:00,76385.54,76452.73,76455.54,76274.6,396,1779497098.115,BTCUSD_otc
352,2026-05-23 00:45:00,76452.73,76489.54,76584.02,76432.73,410,1779497399.023,BTCUSD_otc
352,2026-05-23 00:50:00,76489.54,76656.91,76662.7,76445.86,382,1779497699.446,BTCUSD_otc
352,2026-05-23 00:55:00,76656.91,76625.25,76719.06,76558.0,399,1779497998.819,BTCUSD_otc
352,2026-05-23 01:00:00,76625.25,76822.65,76828.11,76598.58,403,1779498299.303,BTCUSD_otc
352,2026-05-23 01:05:00,76822.65,76956.16,76986.36,76783.02,409,1779498599.18,BTCUSD_otc
352,2026-05-23 01:10:00,76960.12,77142.31,77146.5,76952.84,397,1779498898.171,BTCUSD_otc
352,2026-05-23 01:15:00,77139.7,77075.38,77150.34,77001.77,414,1779499199.544,BTCUSD_otc
352,2026-05-23 01:20:00,77075.38,76972.07,77123.59,76972.07,409,1779499499.523,BTCUSD_otc
352,2026-05-23 01:25:00,76967.89,77044.28,77115.02,76950.27,394,1779499799.38,BTCUSD_otc
352,2026-05-23 01:30:00,77047.29,77170.05,77176.63,76990.67,399,1779500099.801,BTCUSD_otc
352,2026-05-23 01:35:00,77182.55,77177.08,77198.25,77063.42,392,1779500399.679,BTCUSD_otc
352,2026-05-23 01:40:00,77177.08,77256.9,77271.31,77108.33,376,1779500699.587,BTCUSD_otc
352,2026-05-23 01:45:00,77256.9,77131.8,77279.85,77131.8,415,1779500999.603,BTCUSD_otc
352,2026-05-23 01:50:00,77133.89,77110.06,77154.33,76977.55,401,1779501298.989,BTCUSD_otc
352,2026-05-23 01:55:00,77103.03,77133.74,77209.12,77102.53,417,1779501599.941,BTCUSD_otc
352,2026-05-23 02:00:00,77133.74,77138.2,77161.25,77053.54,398,1779501898.828,BTCUSD_otc
352,2026-05-23 02:05:00,77138.2,77110.28,77213.62,77050.69,416,1779502199.278,BTCUSD_otc
352,2026-05-23 02:10:00,77110.28,77171.15,77171.15,77029.61,402,1779502499.134,BTCUSD_otc
352,2026-05-23 02:15:00,77171.15,77296.63,77298.71,77105.95,400,1779502799.575,BTCUSD_otc
352,2026-05-23 02:20:00,77304.72,77425.24,77453.85,77275.53,389,1779503099.505,BTCUSD_otc
352,2026-05-23 02:25:00,77425.24,77499.05,77579.05,77404.56,420,1779503399.959,BTCUSD_otc
352,2026-05-23 02:30:00,77499.05,77471.77,77560.08,77454.53,416,1779503699.89,BTCUSD_otc
352,2026-05-23 02:35:00,77471.77,77459.23,77617.76,77429.48,379,1779503999.86,BTCUSD_otc
352,2026-05-23 02:40:00,77459.23,77387.4,77503.17,77316.13,390,1779504299.711,BTCUSD_otc
352,2026-05-23 02:45:00,77387.4,77665.05,77693.78,77387.4,402,1779504599.137,BTCUSD_otc
352,2026-05-23 02:50:00,77668.44,77703.86,77720.04,77590.3,390,1779504899.603,BTCUSD_otc
352,2026-05-23 02:55:00,77703.86,77753.8,77888.32,77684.73,397,1779505199.556,BTCUSD_otc
352,2026-05-23 03:00:00,77753.8,77815.74,77853.93,77697.12,388,1779505499.456,BTCUSD_otc
352,2026-05-23 03:05:00,77815.74,77792.47,77824.71,77689.12,389,1779505798.834,BTCUSD_otc
352,2026-05-23 03:10:00,77790.72,77677.77,77790.72,77555.19,390,1779506099.288,BTCUSD_otc
352,2026-05-23 03:15:00,77677.77,77605.3,77762.28,77585.49,378,1779506399.657,BTCUSD_otc
352,2026-05-23 03:20:00,77600.41,77609.36,77642.07,77487.94,391,1779506699.653,BTCUSD_otc
352,2026-05-23 03:25:00,77609.36,77527.4,77624.68,77478.65,389,1779506999.516,BTCUSD_otc
352,2026-05-23 03:30:00,77521.33,77458.41,77539.18,77347.96,408,1779507299.006,BTCUSD_otc
352,2026-05-23 03:35:00,77451.5,77548.79,77563.19,77405.99,415,1779507598.368,BTCUSD_otc
352,2026-05-23 03:40:00,77548.79,77465.21,77558.53,77322.18,392,1779507899.697,BTCUSD_otc
352,2026-05-23 03:45:00,77465.21,77520.13,77589.62,77390.14,399,1779508199.656,BTCUSD_otc
352,2026-05-23 03:50:00,77520.13,77604.9,77628.62,77498.97,387,1779508499.569,BTCUSD_otc
352,2026-05-23 03:55:00,77607.06,77631.1,77639.89,77471.78,392,1779508798.034,BTCUSD_otc
352,2026-05-23 04:00:00,77635.08,77710.74,77762.34,77635.08,384,1779509099.948,BTCUSD_otc
352,2026-05-23 04:05:00,77710.74,77824.91,77827.56,77681.43,398,1779509399.44,BTCUSD_otc
352,2026-05-23 04:10:00,77824.91,77980.78,77980.78,77809.46,394,1779509699.806,BTCUSD_otc
352,2026-05-23 04:15:00,77980.78,77908.53,78022.66,77784.02,405,1779509999.296,BTCUSD_otc
352,2026-05-23 04:20:00,77905.04,77844.93,77950.09,77748.42,414,1779510299.663,BTCUSD_otc
352,2026-05-23 04:25:00,77841.74,78054.02,78062.33,77813.67,406,1779510599.639,BTCUSD_otc
352,2026-05-23 04:30:00,78054.02,78072.72,78142.94,78041.58,411,1779510899.526,BTCUSD_otc
352,2026-05-23 04:35:00,78072.72,78110.36,78158.38,78043.47,407,1779511199.941,BTCUSD_otc
352,2026-05-23 04:40:00,78110.36,78158.43,78201.84,78104.11,392,1779511499.87,BTCUSD_otc
352,2026-05-23 04:45:00,78138.95,77950.73,78147.8,77947.28,388,1779511799.818,BTCUSD_otc
352,2026-05-23 04:50:00,77950.73,77838.99,78005.99,77816.58,407,1779512098.765,BTCUSD_otc
352,2026-05-23 04:55:00,77849.02,77813.79,77900.81,77778.06,396,1779512399.719,BTCUSD_otc
352,2026-05-23 05:00:00,77811.11,77931.78,77965.96,77799.7,420,1779512699.639,BTCUSD_otc
352,2026-05-23 05:05:00,77931.78,77847.25,77950.94,77789.27,400,1779512999.088,BTCUSD_otc
352,2026-05-23 05:10:00,77849.48,77786.84,77913.04,77759.59,395,1779513299.969,BTCUSD_otc
352,2026-05-23 05:15:00,77786.84,77891.46,77919.41,77753.46,401,1779513599.45,BTCUSD_otc
352,2026-05-23 05:20:00,77891.46,77808.01,77928.32,77808.01,388,1779513899.862,BTCUSD_otc
352,2026-05-23 05:25:00,77808.01,77842.95,77887.48,77770.17,394,1779514199.311,BTCUSD_otc
352,2026-05-23 05:30:00,77842.95,77988.98,78010.65,77822.92,399,1779514499.685,BTCUSD_otc
352,2026-05-23 05:35:00,77991.83,78087.58,78087.58,77891.54,389,1779514798.638,BTCUSD_otc
352,2026-05-23 05:40:00,78089.96,78005.4,78152.13,77963.45,397,1779515099.515,BTCUSD_otc
352,2026-05-23 05:45:00,78005.4,78027.54,78084.96,77980.91,392,1779515399.983,BTCUSD_otc
352,2026-05-23 05:50:00,78027.54,78136.24,78210.23,78027.54,407,1779515699.356,BTCUSD_otc
352,2026-05-23 05:55:00,78145.53,78049.82,78201.58,78024.98,384,1779515999.243,BTCUSD_otc
352,2026-05-23 06:00:00,78049.82,77977.6,78090.46,77955.14,397,1779516299.728,BTCUSD_otc
352,2026-05-23 06:05:00,77977.6,78130.42,78145.62,77949.2,398,1779516599.189,BTCUSD_otc
352,2026-05-23 06:10:00,78134.42,78192.59,78200.94,78047.26,385,1779516899.115,BTCUSD_otc
352,2026-05-23 06:15:00,78192.59,78167.21,78244.93,78140.01,404,1779517199.969,BTCUSD_otc
352,2026-05-23 06:20:00,78167.21,78268.27,78324.26,78163.84,392,1779517499.954,BTCUSD_otc
352,2026-05-23 06:25:00,78268.27,78341.78,78371.51,78242.39,383,1779517799.82,BTCUSD_otc
352,2026-05-23 06:30:00,78337.76,78195.46,78435.9,78185.98,425,1779518099.783,BTCUSD_otc
352,2026-05-23 06:35:00,78195.46,78250.15,78271.53,78097.29,400,1779518399.706,BTCUSD_otc
352,2026-05-23 06:40:00,78250.15,78251.62,78358.42,78245.8,401,1779518699.179,BTCUSD_otc
352,2026-05-23 06:45:00,78255.82,78347.21,78360.65,78158.31,408,1779518999.616,BTCUSD_otc
352,2026-05-23 06:50:00,78347.21,78437.02,78459.23,78312.97,389,1779519299.559,BTCUSD_otc
352,2026-05-23 06:55:00,78437.02,78412.43,78478.2,78346.36,399,1779519599.506,BTCUSD_otc
352,2026-05-23 07:00:00,78412.43,78412.54,78430.44,78328.05,378,1779519899.961,BTCUSD_otc
352,2026-05-23 07:05:00,78412.54,78341.54,78412.77,78236.33,401,1779520199.915,BTCUSD_otc
352,2026-05-23 07:10:00,78341.54,78374.24,78378.72,78258.27,376,1779520499.896,BTCUSD_otc
352,2026-05-23 07:15:00,78374.24,78514.84,78556.61,78374.24,388,1779520799.791,BTCUSD_otc
352,2026-05-23 07:20:00,78514.84,78582.58,78639.15,78452.93,403,1779521099.754,BTCUSD_otc
352,2026-05-23 07:25:00,78580.77,78517.0,78589.92,78410.62,426,1779521399.727,BTCUSD_otc
352,2026-05-23 07:30:00,78517.0,78381.78,78541.54,78351.56,424,1779521699.677,BTCUSD_otc
352,2026-05-23 07:35:00,78381.78,78412.01,78534.38,78371.3,408,1779521999.578,BTCUSD_otc
352,2026-05-23 07:40:00,78420.32,78381.05,78467.82,78335.9,392,1779522299.528,BTCUSD_otc
352,2026-05-23 07:45:00,78381.05,78630.97,78678.06,78352.06,414,1779522599.969,BTCUSD_otc
352,2026-05-23 07:50:00,78632.78,78529.18,78653.0,78522.9,394,1779522899.449,BTCUSD_otc
352,2026-05-23 07:55:00,78529.18,78569.24,78625.56,78515.97,417,1779523199.813,BTCUSD_otc
352,2026-05-23 08:00:00,78549.24,78326.77,78574.32,78324.2,414,1779523499.754,BTCUSD_otc
352,2026-05-23 08:05:00,78331.95,78297.07,78379.68,78257.1,410,1779523799.666,BTCUSD_otc
352,2026-05-23 08:10:00,78297.07,78419.66,78427.65,78257.65,393,1779524099.607,BTCUSD_otc
352,2026-05-23 08:15:00,78419.66,78479.05,78505.48,78397.8,400,1779524399.051,BTCUSD_otc
352,2026-05-23 08:20:00,78479.05,78386.83,78520.42,78369.36,397,1779524699.967,BTCUSD_otc
352,2026-05-23 08:25:00,78386.83,78408.31,78476.42,78326.22,402,1779524999.923,BTCUSD_otc
352,2026-05-23 08:30:00,78408.31,78265.33,78464.27,78247.31,413,1779525299.832,BTCUSD_otc
352,2026-05-23 08:35:00,78265.33,78160.98,78286.18,78146.71,390,1779525599.296,BTCUSD_otc
352,2026-05-23 08:40:00,78158.45,78116.83,78210.67,78084.75,411,1779525899.65,BTCUSD_otc
352,2026-05-23 08:45:00,78111.21,78172.0,78230.2,78110.06,424,1779526199.116,BTCUSD_otc
352,2026-05-23 08:50:00,78172.0,78175.31,78192.0,78087.61,405,1779526498.553,BTCUSD_otc
352,2026-05-23 08:55:00,78177.45,78244.88,78247.46,78084.53,386,1779526797.016,BTCUSD_otc
352,2026-05-23 09:00:00,78242.71,78196.34,78264.33,78169.61,393,1779527099.948,BTCUSD_otc
352,2026-05-23 09:05:00,78196.34,78297.38,78354.11,78163.19,395,1779527399.877,BTCUSD_otc
352,2026-05-23 09:10:00,78297.38,78343.45,78439.05,78253.7,407,1779527699.793,BTCUSD_otc
352,2026-05-23 09:15:00,78347.71,78579.0,78599.98,78347.71,402,1779527999.728,BTCUSD_otc
352,2026-05-23 09:20:00,78579.0,78520.92,78596.4,78505.24,400,1779528298.126,BTCUSD_otc
352,2026-05-23 09:25:00,78520.92,78645.16,78703.57,78469.94,405,1779528599.525,BTCUSD_otc
352,2026-05-23 09:30:00,78645.16,78615.24,78746.47,78583.21,395,1779528899.557,BTCUSD_otc
352,2026-05-23 09:35:00,78615.24,78883.8,78883.8,78582.4,391,1779529199.922,BTCUSD_otc
352,2026-05-23 09:40:00,78876.5,78992.47,79067.53,78859.66,406,1779529499.899,BTCUSD_otc
352,2026-05-23 09:45:00,78992.47,78927.02,79102.9,78898.94,407,1779529799.719,BTCUSD_otc
352,2026-05-23 09:50:00,78927.02,78874.36,78980.23,78856.07,399,1779530099.618,BTCUSD_otc
352,2026-05-23 09:55:00,78877.86,78792.65,78892.09,78737.73,404,1779530399.587,BTCUSD_otc
352,2026-05-23 10:00:00,78792.65,78634.31,78792.65,78634.31,391,1779530699.486,BTCUSD_otc
352,2026-05-23 10:05:00,78634.31,78778.62,78834.61,78627.74,389,1779530999.998,BTCUSD_otc
352,2026-05-23 10:10:00,78784.28,78865.63,78872.23,78718.71,411,1779531298.838,BTCUSD_otc
352,2026-05-23 10:15:00,78868.35,78860.04,78927.3,78804.89,388,1779531599.837,BTCUSD_otc
352,2026-05-23 10:20:00,78860.04,78818.49,78877.25,78693.62,407,1779531899.737,BTCUSD_otc
352,2026-05-23 10:25:00,78815.37,78881.55,78956.84,78815.37,374,1779532199.721,BTCUSD_otc
352,2026-05-23 10:30:00,78895.57,78892.75,79012.67,78858.34,402,1779532499.636,BTCUSD_otc
352,2026-05-23 10:35:00,78896.01,78967.39,79009.37,78796.53,415,1779532799.612,BTCUSD_otc
352,2026-05-23 10:40:00,78962.69,78963.56,79022.8,78899.59,416,1779533099.005,BTCUSD_otc
352,2026-05-23 10:45:00,78963.56,78926.7,78998.52,78926.19,409,1779533399.052,BTCUSD_otc
352,2026-05-23 10:50:00,78926.7,78943.98,78955.57,78788.81,408,1779533699.899,BTCUSD_otc
352,2026-05-23 10:55:00,78943.98,78789.31,78992.61,78713.98,405,1779533998.895,BTCUSD_otc
352,2026-05-23 11:00:00,78789.31,78814.72,78863.36,78767.45,411,1779534299.817,BTCUSD_otc
352,2026-05-23 11:05:00,78814.72,78769.44,78899.43,78762.1,406,1779534599.78,BTCUSD_otc
352,2026-05-23 11:10:00,78769.44,78874.42,78874.42,78699.41,413,1779534899.191,BTCUSD_otc
352,2026-05-23 11:15:00,78874.42,78885.58,78992.79,78820.19,418,1779535199.18,BTCUSD_otc
352,2026-05-23 11:20:00,78889.05,78871.82,78991.39,78864.84,403,1779535499.542,BTCUSD_otc
352,2026-05-23 11:25:00,78864.01,78848.91,78902.64,78764.74,382,1779535799.025,BTCUSD_otc
352,2026-05-23 11:30:00,78848.91,78803.14,78966.13,78792.31,407,1779536099.51,BTCUSD_otc
352,2026-05-23 11:35:00,78803.14,78812.49,78910.11,78758.48,413,1779536399.981,BTCUSD_otc
352,2026-05-23 11:40:00,78812.49,78743.48,78876.43,78712.0,417,1779536699.87,BTCUSD_otc
352,2026-05-23 11:45:00,78738.06,78839.69,78847.34,78713.53,404,1779536999.861,BTCUSD_otc
352,2026-05-23 11:50:00,78839.69,78888.08,78899.35,78769.79,393,1779537299.745,BTCUSD_otc
352,2026-05-23 11:55:00,78888.08,78964.74,79065.7,78837.38,388,1779537599.659,BTCUSD_otc
352,2026-05-23 12:00:00,78970.66,79094.15,79108.7,78940.88,399,1779537899.654,BTCUSD_otc
352,2026-05-23 12:05:00,79091.73,79199.05,79207.47,79067.88,394,1779538199.617,BTCUSD_otc
352,2026-05-23 12:10:00,79199.05,79079.13,79230.66,79067.64,398,1779538499.024,BTCUSD_otc
352,2026-05-23 12:15:00,79079.13,79135.73,79213.65,79057.08,416,1779538799.972,BTCUSD_otc
352,2026-05-23 12:20:00,79135.73,79113.7,79174.37,79063.05,402,1779539099.384,BTCUSD_otc
352,2026-05-23 12:25:00,79113.7,78967.37,79155.44,78967.37,382,1779539399.863,BTCUSD_otc
352,2026-05-23 12:30:00,78967.37,78849.28,78971.85,78832.51,420,1779539699.844,BTCUSD_otc
352,2026-05-23 12:35:00,78852.62,78808.8,78950.86,78808.8,402,1779539999.76,BTCUSD_otc
352,2026-05-23 12:40:00,78814.29,79101.8,79124.57,78774.76,406,1779540299.193,BTCUSD_otc
352,2026-05-23 12:45:00,79101.8,79069.17,79127.08,78934.06,409,1779540599.559,BTCUSD_otc
352,2026-05-23 12:50:00,79069.17,78923.4,79072.38,78923.4,391,1779540899.548,BTCUSD_otc
352,2026-05-23 12:55:00,78923.4,79069.26,79102.94,78904.18,407,1779541198.948,BTCUSD_otc
352,2026-05-23 13:00:00,79079.1,79008.83,79120.85,79008.83,401,1779541499.969,BTCUSD_otc
352,2026-05-23 13:05:00,79008.83,78724.1,79008.83,78700.48,395,1779541799.881,BTCUSD_otc
352,2026-05-23 13:10:00,78724.1,78527.89,78791.2,78492.35,377,1779542099.872,BTCUSD_otc
352,2026-05-23 13:15:00,78527.89,78703.42,78703.42,78521.11,402,1779542399.687,BTCUSD_otc
352,2026-05-23 13:20:00,78703.42,78803.73,78803.73,78656.69,415,1779542699.712,BTCUSD_otc
352,2026-05-23 13:25:00,78803.73,78718.93,78833.0,78603.02,388,1779542999.59,BTCUSD_otc
352,2026-05-23 13:30:00,78718.93,78708.85,78827.05,78638.07,395,1779543299.6,BTCUSD_otc
352,2026-05-23 13:35:00,78704.23,78707.2,78855.73,78694.42,395,1779543599.998,BTCUSD_otc
352,2026-05-23 13:40:00,78707.2,78684.15,78758.17,78608.31,397,1779543899.969,BTCUSD_otc
352,2026-05-23 13:45:00,78684.15,78759.97,78779.63,78598.0,425,1779544199.842,BTCUSD_otc
352,2026-05-23 13:50:00,78759.97,78820.88,78876.64,78730.97,384,1779544498.726,BTCUSD_otc
352,2026-05-23 13:55:00,78831.95,78745.65,78852.45,78681.27,393,1779544799.666,BTCUSD_otc
352,2026-05-23 14:00:00,78745.65,78754.96,78803.37,78691.35,406,1779545099.629,BTCUSD_otc
352,2026-05-23 14:05:00,78748.1,78847.83,78850.81,78704.75,380,1779545399.556,BTCUSD_otc
352,2026-05-23 14:10:00,78850.82,78929.05,79003.89,78833.55,393,1779545699.979,BTCUSD_otc
352,2026-05-23 14:15:00,78929.05,79126.26,79142.03,78871.68,408,1779545999.921,BTCUSD_otc
352,2026-05-23 14:20:00,79126.26,79161.43,79247.94,79104.98,386,1779546298.832,BTCUSD_otc
352,2026-05-23 14:25:00,79155.42,79141.93,79179.44,79068.95,412,1779546599.793,BTCUSD_otc
352,2026-05-23 14:30:00,79141.93,79199.26,79279.74,79086.13,392,1779546899.195,BTCUSD_otc
352,2026-05-23 14:35:00,79199.26,78990.3,79199.26,78986.43,391,1779547199.66,BTCUSD_otc
352,2026-05-23 14:40:00,78994.27,78842.47,79043.63,78818.09,400,1779547499.551,BTCUSD_otc
352,2026-05-23 14:45:00,78842.47,78734.32,78899.65,78727.94,383,1779547799.073,BTCUSD_otc
352,2026-05-23 14:50:00,78734.32,78746.8,78786.46,78664.89,407,1779548099.473,BTCUSD_otc
352,2026-05-23 14:55:00,78746.8,78807.37,78839.03,78677.48,400,1779548399.978,BTCUSD_otc
352,2026-05-23 15:00:00,78807.37,78858.05,78877.92,78767.51,372,1779548699.855,BTCUSD_otc
352,2026-05-23 15:05:00,78860.59,78830.16,78913.59,78804.71,403,1779548999.344,BTCUSD_otc
352,2026-05-23 15:10:00,78830.16,78672.34,78923.53,78658.99,412,1779549299.743,BTCUSD_otc
352,2026-05-23 15:15:00,78672.34,78637.55,78724.01,78588.66,392,1779549599.732,BTCUSD_otc
352,2026-05-23 15:20:00,78635.7,78618.07,78644.87,78473.71,426,1779549899.108,BTCUSD_otc
352,2026-05-23 15:25:00,78620.45,78625.47,78711.4,78551.54,396,1779550199.61,BTCUSD_otc
352,2026-05-23 15:30:00,78629.28,78618.25,78780.99,78612.23,411,1779550498.966,BTCUSD_otc
352,2026-05-23 15:35:00,78618.25,78725.92,78775.38,78567.65,401,1779550799.944,BTCUSD_otc
352,2026-05-23 15:40:00,78725.92,78779.97,78783.71,78564.47,396,1779551099.366,BTCUSD_otc
352,2026-05-23 15:45:00,78779.97,78856.81,78856.81,78721.87,378,1779551399.823,BTCUSD_otc
352,2026-05-23 15:50:00,78856.81,78761.76,78894.43,78665.72,393,1779551699.782,BTCUSD_otc
352,2026-05-23 15:55:00,78765.22,78752.64,78856.2,78744.07,424,1779551999.711,BTCUSD_otc
352,2026-05-23 16:00:00,78752.64,78754.12,78848.88,78693.46,401,1779552299.656,BTCUSD_otc
352,2026-05-23 16:05:00,78754.12,78736.11,78833.71,78698.24,386,1779552599.143,BTCUSD_otc
352,2026-05-23 16:10:00,78732.88,78762.96,78818.61,78712.14,404,1779552899.591,BTCUSD_otc
352,2026-05-23 16:15:00,78762.96,78600.28,78784.92,78553.42,408,1779553199.576,BTCUSD_otc
352,2026-05-23 16:20:00,78600.28,78575.59,78627.19,78526.87,410,1779553499.028,BTCUSD_otc
352,2026-05-23 16:25:00,78575.59,78554.67,78639.09,78456.39,406,1779553799.991,BTCUSD_otc
352,2026-05-23 16:30:00,78554.67,78329.5,78583.47,78329.5,396,1779554099.879,BTCUSD_otc
352,2026-05-23 16:35:00,78333.23,78403.78,78462.13,78268.04,405,1779554399.368,BTCUSD_otc
352,2026-05-23 16:40:00,78403.78,78460.96,78508.35,78365.26,398,1779554699.749,BTCUSD_otc
352,2026-05-23 16:45:00,78460.96,78337.53,78472.52,78324.93,388,1779554999.178,BTCUSD_otc
352,2026-05-23 16:50:00,78337.53,78324.63,78511.83,78319.46,410,1779555299.67,BTCUSD_otc
352,2026-05-23 16:55:00,78321.38,78437.49,78493.03,78294.31,382,1779555599.58,BTCUSD_otc
352,2026-05-23 17:00:00,78437.49,78524.41,78583.08,78437.49,415,1779555899.548,BTCUSD_otc
352,2026-05-23 17:05:00,78524.41,78345.61,78530.96,78319.86,394,1779556199.962,BTCUSD_otc
352,2026-05-23 17:10:00,78354.73,78278.98,78396.93,78237.62,389,1779556499.956,BTCUSD_otc
352,2026-05-23 17:15:00,78278.98,78326.64,78361.29,78190.8,431,1779556799.88,BTCUSD_otc
352,2026-05-23 17:20:00,78326.64,78129.7,78335.46,78124.85,407,1779557099.832,BTCUSD_otc
352,2026-05-23 17:25:00,78129.7,78137.19,78147.16,77895.92,396,1779557399.257,BTCUSD_otc
352,2026-05-23 17:30:00,78141.29,78056.99,78206.87,78017.08,389,1779557699.721,BTCUSD_otc
352,2026-05-23 17:35:00,78056.99,77940.04,78062.96,77935.14,401,1779557998.592,BTCUSD_otc
352,2026-05-23 17:40:00,77947.29,77897.85,77964.94,77834.93,396,1779558299.587,BTCUSD_otc
352,2026-05-23 17:45:00,77901.17,77986.31,77993.89,77864.84,403,1779558599.953,BTCUSD_otc
352,2026-05-23 17:50:00,77988.04,77927.94,78038.2,77927.94,421,1779558899.931,BTCUSD_otc
352,2026-05-23 17:55:00,77927.94,77892.55,77964.3,77809.66,396,1779559198.859,BTCUSD_otc
352,2026-05-23 18:00:00,77890.67,77771.91,77908.31,77739.69,400,1779559499.839,BTCUSD_otc
352,2026-05-23 18:05:00,77771.91,77862.68,77894.87,77761.08,394,1779559799.686,BTCUSD_otc
352,2026-05-23 18:10:00,77862.68,77922.2,77922.6,77770.54,419,1779560099.635,BTCUSD_otc
352,2026-05-23 18:15:00,77922.2,77867.23,77986.19,77806.3,407,1779560398.578,BTCUSD_otc
352,2026-05-23 18:20:00,77870.02,77839.63,77941.2,77784.75,415,1779560699.514,BTCUSD_otc
352,2026-05-23 18:25:00,77836.01,77776.04,77890.11,77736.28,409,1779560999.479,BTCUSD_otc
352,2026-05-23 18:30:00,77776.04,77614.0,77839.06,77604.02,420,1779561299.418,BTCUSD_otc
352,2026-05-23 18:35:00,77614.0,77552.96,77661.5,77442.92,390,1779561599.882,BTCUSD_otc
352,2026-05-23 18:40:00,77552.96,77568.16,77725.25,77552.96,397,1779561899.336,BTCUSD_otc
352,2026-05-23 18:45:00,77568.16,77719.43,77767.25,77567.13,418,1779562199.754,BTCUSD_otc
352,2026-05-23 18:50:00,77719.43,77786.05,77817.86,77656.33,403,1779562498.733,BTCUSD_otc
352,2026-05-23 18:55:00,77788.93,77987.96,77993.12,77698.19,415,1779562799.719,BTCUSD_otc
352,2026-05-23 19:00:00,77987.96,78132.96,78177.69,77959.46,391,1779563099.705,BTCUSD_otc
352,2026-05-23 19:05:00,78132.96,78240.6,78240.6,78129.56,417,1779563399.604,BTCUSD_otc
352,2026-05-23 19:10:00,78240.6,78456.09,78456.09,78201.4,391,1779563699.604,BTCUSD_otc
352,2026-05-23 19:15:00,78456.09,78457.74,78512.29,78381.64,394,1779563999.988,BTCUSD_otc
352,2026-05-23 19:20:00,78457.74,78514.29,78519.36,78364.11,382,1779564297.966,BTCUSD_otc
352,2026-05-23 19:25:00,78514.29,78658.03,78662.13,78447.15,398,1779564599.358,BTCUSD_otc
352,2026-05-23 19:30:00,78658.03,78827.42,78831.39,78658.03,395,1779564899.843,BTCUSD_otc
352,2026-05-23 19:35:00,78827.42,78916.0,78959.49,78779.21,412,1779565199.246,BTCUSD_otc
352,2026-05-23 19:40:00,78916.0,78862.49,78982.37,78788.66,397,1779565499.667,BTCUSD_otc
352,2026-05-23 19:45:00,78862.49,78854.15,78914.8,78792.86,412,1779565799.524,BTCUSD_otc
352,2026-05-23 19:50:00,78854.15,78926.21,78945.86,78776.5,400,1779566099.989,BTCUSD_otc
352,2026-05-23 19:55:00,78926.21,78788.8,78946.98,78753.47,393,1779566399.406,BTCUSD_otc
352,2026-05-23 20:00:00,78788.8,78852.63,78874.86,78717.38,392,1779566698.879,BTCUSD_otc
352,2026-05-23 20:05:00,78852.63,78859.55,78878.62,78790.25,405,1779566999.793,BTCUSD_otc
352,2026-05-23 20:10:00,78859.55,78664.16,78864.93,78664.16,393,1779567299.764,BTCUSD_otc
352,2026-05-23 20:15:00,78667.32,78759.27,78773.5,78662.02,414,1779567599.619,BTCUSD_otc
352,2026-05-23 20:20:00,78759.27,78673.42,78813.34,78667.08,384,1779567899.06,BTCUSD_otc
352,2026-05-23 20:25:00,78673.42,78630.11,78705.81,78573.86,380,1779568199.483,BTCUSD_otc
352,2026-05-23 20:30:00,78625.9,78566.56,78628.77,78412.34,367,1779568499.862,BTCUSD_otc
352,2026-05-23 20:35:00,78566.56,78544.87,78622.8,78517.93,386,1779568799.83,BTCUSD_otc
352,2026-05-23 20:40:00,78544.87,78623.49,78643.53,78456.23,397,1779569099.777,BTCUSD_otc
352,2026-05-23 20:45:00,78623.49,78609.93,78737.02,78578.16,394,1779569399.182,BTCUSD_otc
352,2026-05-23 20:50:00,78620.07,78663.18,78738.4,78612.38,394,1779569699.083,BTCUSD_otc
352,2026-05-23 20:55:00,78665.83,78679.28,78750.85,78630.56,394,1779569999.056,BTCUSD_otc
352,2026-05-23 21:00:00,78701.5,78653.87,78805.37,78653.87,404,1779570299.999,BTCUSD_otc
352,2026-05-23 21:05:00,78653.87,78504.93,78713.02,78491.36,389,1779570599.949,BTCUSD_otc
352,2026-05-23 21:10:00,78507.65,78490.87,78530.34,78410.42,406,1779570899.823,BTCUSD_otc
352,2026-05-23 21:15:00,78490.87,78679.33,78709.74,78455.97,400,1779571199.304,BTCUSD_otc
352,2026-05-23 21:20:00,78679.33,78858.91,78877.02,78627.56,401,1779571499.647,BTCUSD_otc
352,2026-05-23 21:25:00,78856.19,78735.1,78856.19,78672.99,390,1779571799.67,BTCUSD_otc
352,2026-05-23 21:30:00,78744.3,78658.8,78802.62,78633.19,396,1779572099.575,BTCUSD_otc
352,2026-05-23 21:35:00,78658.8,78640.19,78788.01,78640.19,417,1779572399.058,BTCUSD_otc
352,2026-05-23 21:40:00,78640.19,78550.44,78716.63,78531.65,411,1779572699.952,BTCUSD_otc
352,2026-05-23 21:45:00,78544.58,78746.69,78754.25,78507.39,401,1779572999.433,BTCUSD_otc
352,2026-05-23 21:50:00,78746.69,78984.75,79015.08,78708.45,401,1779573299.796,BTCUSD_otc
352,2026-05-23 21:55:00,78984.75,78944.04,78989.16,78881.6,397,1779573599.747,BTCUSD_otc
352,2026-05-23 22:00:00,78940.95,78933.74,79031.99,78917.88,406,1779573899.645,BTCUSD_otc
352,2026-05-23 22:05:00,78930.95,79025.68,79084.14,78862.86,407,1779574199.663,BTCUSD_otc
352,2026-05-23 22:10:00,79014.4,78979.09,79046.53,78932.05,401,1779574499.026,BTCUSD_otc
352,2026-05-23 22:15:00,78979.09,78844.14,79105.24,78830.48,383,1779574799.996,BTCUSD_otc
352,2026-05-23 22:20:00,78844.14,78913.6,78942.61,78780.05,410,1779575099.845,BTCUSD_otc
352,2026-05-23 22:25:00,78917.0,79026.94,79066.4,78810.67,398,1779575399.728,BTCUSD_otc
352,2026-05-23 22:30:00,79026.94,78836.76,79030.69,78818.82,398,1779575699.165,BTCUSD_otc
352,2026-05-23 22:35:00,78839.6,78894.1,78923.29,78760.26,411,1779575997.537,BTCUSD_otc
352,2026-05-23 22:40:00,78896.5,78744.26,78906.16,78733.51,395,1779576299.554,BTCUSD_otc
352,2026-05-23 22:45:00,78738.75,78689.46,78779.34,78667.97,391,1779576599.922,BTCUSD_otc
352,2026-05-23 22:50:00,78689.46,78675.31,78774.09,78617.18,394,1779576899.897,BTCUSD_otc
352,2026-05-23 22:55:00,78678.03,78624.55,78689.03,78486.66,408,1779577199.769,BTCUSD_otc
352,2026-05-23 23:00:00,78634.17,78555.09,78659.06,78502.62,409,1779577498.668,BTCUSD_otc
352,2026-05-23 23:05:00,78555.09,78549.11,78595.05,78474.07,414,1779577799.606,BTCUSD_otc
352,2026-05-23 23:10:00,78549.11,78635.15,78713.22,78541.36,419,1779578097.493,BTCUSD_otc
352,2026-05-23 23:15:00,78635.15,78421.72,78672.13,78389.35,417,1779578399.973,BTCUSD_otc
352,2026-05-23 23:20:00,78418.68,78492.37,78533.23,78418.68,416,1779578699.876,BTCUSD_otc
352,2026-05-23 23:25:00,78492.37,78402.96,78535.3,78361.87,394,1779578999.827,BTCUSD_otc
352,2026-05-23 23:30:00,78402.96,78396.23,78490.96,78319.74,403,1779579299.196,BTCUSD_otc
352,2026-05-23 23:35:00,78402.0,78398.2,78419.92,78297.26,383,1779579597.641,BTCUSD_otc
352,2026-05-23 23:40:00,78401.86,78340.73,78492.25,78331.73,418,1779579899.532,BTCUSD_otc
352,2026-05-23 23:45:00,78340.73,78237.02,78362.62,78212.83,383,1779580199.418,BTCUSD_otc
352,2026-05-23 23:50:00,78237.02,78359.64,78373.36,78234.46,387,1779580499.892,BTCUSD_otc
352,2026-05-23 23:55:00,78355.0,78354.18,78450.05,78316.52,406,1779580799.798,BTCUSD_otc
352,2026-05-24 00:00:00,78354.18,78297.46,78466.85,78278.73,395,1779581099.78,BTCUSD_otc
352,2026-05-24 00:05:00,78297.46,78404.87,78463.98,78279.51,396,1779581399.704,BTCUSD_otc
352,2026-05-24 00:10:00,78407.25,78534.4,78534.4,78390.65,406,1779581699.66,BTCUSD_otc
352,2026-05-24 00:15:00,78531.22,78480.69,78766.19,78480.69,408,1779581999.582,BTCUSD_otc
352,2026-05-24 00:20:00,78480.69,78424.74,78505.31,78384.65,401,1779582299.535,BTCUSD_otc
352,2026-05-24 00:25:00,78424.74,78346.77,78496.19,78322.79,389,1779582599.893,BTCUSD_otc
352,2026-05-24 00:30:00,78350.26,78307.2,78402.57,78301.18,363,1779582899.874,BTCUSD_otc
352,2026-05-24 00:35:00,78307.2,78259.09,78386.79,78251.64,397,1779583198.281,BTCUSD_otc
352,2026-05-24 00:40:00,78259.09,78298.26,78337.42,78248.94,400,1779583499.762,BTCUSD_otc
352,2026-05-24 00:45:00,78296.08,78191.65,78320.05,78174.15,413,1779583799.62,BTCUSD_otc
352,2026-05-24 00:50:00,78194.82,78294.29,78298.31,78170.29,393,1779584099.056,BTCUSD_otc
352,2026-05-24 00:55:00,78291.62,78389.04,78406.23,78281.23,400,1779584399.957,BTCUSD_otc
352,2026-05-24 01:00:00,78389.04,78502.18,78508.93,78373.05,382,1779584699.373,BTCUSD_otc
352,2026-05-24 01:05:00,78502.18,78494.3,78517.21,78411.09,399,1779584999.841,BTCUSD_otc
352,2026-05-24 01:10:00,78496.1,78531.2,78545.31,78427.35,400,1779585299.779,BTCUSD_otc
352,2026-05-24 01:15:00,78525.46,78544.12,78613.25,78499.68,389,1779585599.188,BTCUSD_otc
352,2026-05-24 01:20:00,78544.12,78519.64,78628.79,78504.9,412,1779585899.516,BTCUSD_otc
352,2026-05-24 01:25:00,78522.8,78533.55,78613.98,78522.8,381,1779586199.959,BTCUSD_otc
352,2026-05-24 01:30:00,78530.02,78569.14,78585.46,78479.03,392,1779586499.866,BTCUSD_otc
352,2026-05-24 01:35:00,78569.14,78840.79,78868.49,78559.24,392,1779586799.806,BTCUSD_otc
352,2026-05-24 01:40:00,78840.79,78797.3,78886.26,78784.83,418,1779587099.702,BTCUSD_otc
352,2026-05-24 01:45:00,78793.64,78680.5,78803.91,78643.61,418,1779587399.655,BTCUSD_otc
352,2026-05-24 01:50:00,78672.77,78542.61,78688.0,78481.16,390,1779587699.565,BTCUSD_otc
352,2026-05-24 01:55:00,78542.61,78525.03,78598.15,78500.28,400,1779587999.51,BTCUSD_otc
352,2026-05-24 02:00:00,78528.47,78332.4,78577.43,78327.99,408,1779588298.917,BTCUSD_otc
352,2026-05-24 02:05:00,78328.12,78243.2,78388.62,78234.25,409,1779588598.91,BTCUSD_otc
352,2026-05-24 02:10:00,78243.2,78153.94,78306.65,78153.94,421,1779588899.819,BTCUSD_otc
352,2026-05-24 02:15:00,78153.94,78396.31,78402.24,78145.97,405,1779589199.77,BTCUSD_otc
352,2026-05-24 02:20:00,78393.92,78341.92,78445.95,78337.3,388,1779589497.184,BTCUSD_otc
352,2026-05-24 02:25:00,78341.92,78383.04,78421.98,78295.97,398,1779589799.613,BTCUSD_otc
352,2026-05-24 02:30:00,78383.04,78527.81,78551.15,78300.13,397,1779590099.997,BTCUSD_otc
352,2026-05-24 02:35:00,78527.81,78294.95,78536.01,78276.65,413,1779590399.895,BTCUSD_otc
352,2026-05-24 02:40:00,78287.34,78206.28,78308.92,78173.2,392,1779590699.368,BTCUSD_otc
352,2026-05-24 02:45:00,78206.28,78131.79,78206.38,78094.13,389,1779590999.788,BTCUSD_otc
352,2026-05-24 02:50:00,78131.79,77940.18,78174.72,77934.18,406,1779591299.738,BTCUSD_otc
352,2026-05-24 02:55:00,77922.43,77898.03,77939.31,77774.47,389,1779591599.082,BTCUSD_otc
352,2026-05-24 03:00:00,77898.03,78004.44,78013.02,77836.75,377,1779591899.555,BTCUSD_otc
352,2026-05-24 03:05:00,78004.44,78063.25,78065.62,77952.38,406,1779592198.904,BTCUSD_otc
352,2026-05-24 03:10:00,78063.25,78059.26,78158.12,78010.03,379,1779592499.842,BTCUSD_otc
352,2026-05-24 03:15:00,78059.26,78111.1,78133.97,77976.88,398,1779592799.778,BTCUSD_otc
352,2026-05-24 03:20:00,78103.14,78122.79,78187.97,78091.0,409,1779593099.664,BTCUSD_otc
352,2026-05-24 03:25:00,78120.81,78136.79,78150.94,78036.74,393,1779593399.101,BTCUSD_otc
352,2026-05-24 03:30:00,78136.79,78163.88,78237.3,78096.69,399,1779593699.484,BTCUSD_otc
352,2026-05-24 03:35:00,78163.88,78158.06,78200.54,78065.46,401,1779593999.903,BTCUSD_otc
352,2026-05-24 03:40:00,78158.06,78176.86,78215.9,78099.78,397,1779594298.774,BTCUSD_otc
352,2026-05-24 03:45:00,78176.86,77976.6,78215.22,77974.37,388,1779594599.271,BTCUSD_otc
352,2026-05-24 03:50:00,77976.6,77783.68,78015.45,77675.54,422,1779594899.639,BTCUSD_otc
352,2026-05-24 03:55:00,77787.74,77858.9,77958.42,77771.04,396,1779595199.148,BTCUSD_otc
352,2026-05-24 04:00:00,77856.31,77804.74,77887.46,77716.85,410,1779595499.498,BTCUSD_otc
352,2026-05-24 04:05:00,77794.54,77746.76,77851.71,77696.01,382,1779595799.467,BTCUSD_otc
352,2026-05-24 04:10:00,77746.76,77694.54,77853.71,77664.6,402,1779596097.817,BTCUSD_otc
352,2026-05-24 04:15:00,77694.54,77841.86,77861.63,77637.5,398,1779596399.747,BTCUSD_otc
352,2026-05-24 04:20:00,77857.73,77627.12,77878.6,77613.85,388,1779596699.678,BTCUSD_otc
352,2026-05-24 04:25:00,77627.12,77589.92,77656.47,77523.05,401,1779596999.617,BTCUSD_otc
352,2026-05-24 04:30:00,77592.72,77701.85,77726.97,77539.69,408,1779597299.988,BTCUSD_otc
352,2026-05-24 04:35:00,77701.85,77658.62,77749.21,77585.03,417,1779597599.326,BTCUSD_otc
352,2026-05-24 04:40:00,77658.62,77630.87,77733.72,77616.03,414,1779597899.289,BTCUSD_otc
352,2026-05-24 04:45:00,77630.87,77782.63,77858.59,77612.35,392,1779598199.665,BTCUSD_otc
352,2026-05-24 04:50:00,77784.78,77594.24,77784.89,77576.1,396,1779598499.637,BTCUSD_otc
352,2026-05-24 04:55:00,77587.06,77484.5,77602.0,77457.93,407,1779598799.007,BTCUSD_otc
352,2026-05-24 05:00:00,77484.5,77376.81,77523.17,77376.81,407,1779599099.946,BTCUSD_otc
352,2026-05-24 05:05:00,77376.81,77408.03,77448.63,77293.23,390,1779599399.893,BTCUSD_otc
352,2026-05-24 05:10:00,77408.03,77461.85,77470.72,77300.81,413,1779599699.807,BTCUSD_otc
352,2026-05-24 05:15:00,77465.28,77699.91,77754.91,77465.28,400,1779599999.712,BTCUSD_otc
352,2026-05-24 05:20:00,77699.91,77784.4,77784.4,77654.6,410,1779600298.17,BTCUSD_otc
352,2026-05-24 05:25:00,77786.9,77831.76,77921.83,77745.56,381,1779600599.621,BTCUSD_otc
352,2026-05-24 05:30:00,77837.61,77845.84,77854.26,77675.86,416,1779600899.083,BTCUSD_otc
352,2026-05-24 05:35:00,77842.14,77921.58,77964.61,77842.14,395,1779601197.451,BTCUSD_otc
352,2026-05-24 05:40:00,77921.58,78066.4,78093.03,77908.0,413,1779601499.845,BTCUSD_otc
352,2026-05-24 05:45:00,78066.4,78082.16,78132.96,78023.16,403,1779601799.297,BTCUSD_otc
352,2026-05-24 05:50:00,78082.16,78059.95,78130.52,77933.65,388,1779602099.659,BTCUSD_otc
352,2026-05-24 05:55:00,78041.08,78114.48,78193.47,78030.03,387,1779602399.615,BTCUSD_otc
352,2026-05-24 06:00:00,78114.48,78128.07,78194.51,78012.39,375,1779602699.941,BTCUSD_otc
352,2026-05-24 06:05:00,78128.07,78198.71,78199.89,78069.86,400,1779602999.877,BTCUSD_otc
352,2026-05-24 06:10:00,78198.71,78135.87,78214.54,78062.46,410,1779603299.764,BTCUSD_otc
352,2026-05-24 06:15:00,78140.51,77956.28,78187.47,77888.0,399,1779603599.67,BTCUSD_otc
352,2026-05-24 06:20:00,77956.28,78026.91,78075.64,77945.59,399,1779603899.622,BTCUSD_otc
352,2026-05-24 06:25:00,78029.96,77987.06,78038.44,77938.63,393,1779604199.568,BTCUSD_otc
352,2026-05-24 06:30:00,77987.06,77972.1,78029.11,77872.31,435,1779604499.471,BTCUSD_otc
352,2026-05-24 06:35:00,77972.1,78015.72,78133.37,77958.41,397,1779604799.871,BTCUSD_otc
352,2026-05-24 06:40:00,78015.72,78050.07,78147.31,77947.83,376,1779605099.32,BTCUSD_otc
352,2026-05-24 06:45:00,78046.82,77943.47,78078.93,77943.47,386,1779605399.683,BTCUSD_otc
352,2026-05-24 06:50:00,77951.32,78217.69,78223.77,77943.0,401,1779605699.677,BTCUSD_otc
352,2026-05-24 06:55:00,78217.69,78314.7,78367.97,78164.24,398,1779605999.559,BTCUSD_otc
352,2026-05-24 07:00:00,78314.7,78287.31,78355.16,78229.38,387,1779606299.539,BTCUSD_otc
352,2026-05-24 07:05:00,78294.14,78529.11,78537.73,78272.12,392,1779606599.905,BTCUSD_otc
352,2026-05-24 07:10:00,78529.11,78556.76,78614.88,78525.67,383,1779606899.827,BTCUSD_otc
352,2026-05-24 07:15:00,78556.76,78339.0,78584.12,78332.01,402,1779607199.192,BTCUSD_otc
352,2026-05-24 07:20:00,78339.0,78353.86,78375.88,78239.47,383,1779607499.594,BTCUSD_otc
352,2026-05-24 07:25:00,78353.86,78304.03,78366.89,78228.45,398,1779607799.042,BTCUSD_otc
352,2026-05-24 07:30:00,78308.92,78164.64,78308.92,78152.32,402,1779608099.45,BTCUSD_otc
352,2026-05-24 07:35:00,78164.64,78348.8,78348.8,78119.05,414,1779608399.899,BTCUSD_otc
352,2026-05-24 07:40:00,78348.8,78275.11,78423.17,78249.24,391,1779608699.735,BTCUSD_otc
352,2026-05-24 07:45:00,78271.99,78469.3,78473.22,78257.63,404,1779608999.626,BTCUSD_otc
352,2026-05-24 07:50:00,78473.87,78507.64,78530.95,78402.54,392,1779609298.086,BTCUSD_otc
352,2026-05-24 07:55:00,78507.64,78446.87,78531.27,78383.83,401,1779609599.559,BTCUSD_otc
352,2026-05-24 08:00:00,78444.14,78403.3,78471.11,78326.26,382,1779609897.425,BTCUSD_otc
352,2026-05-24 08:05:00,78397.98,78483.17,78496.9,78361.99,394,1779610199.845,BTCUSD_otc
352,2026-05-24 08:10:00,78486.38,78631.81,78645.13,78459.39,396,1779610499.238,BTCUSD_otc
352,2026-05-24 08:15:00,78631.81,78499.85,78639.06,78449.68,377,1779610799.639,BTCUSD_otc
352,2026-05-24 08:20:00,78493.57,78578.73,78656.69,78489.55,411,1779611099.594,BTCUSD_otc
352,2026-05-24 08:25:00,78578.73,78456.5,78582.71,78425.99,412,1779611398.508,BTCUSD_otc
352,2026-05-24 08:30:00,78442.35,78488.71,78531.43,78386.14,397,1779611699.481,BTCUSD_otc
352,2026-05-24 08:35:00,78488.71,78562.05,78594.74,78460.45,389,1779611999.827,BTCUSD_otc
352,2026-05-24 08:40:00,78558.03,78558.24,78655.56,78534.0,380,1779612299.82,BTCUSD_otc
352,2026-05-24 08:45:00,78558.24,78417.0,78613.07,78410.44,420,1779612599.189,BTCUSD_otc
352,2026-05-24 08:50:00,78417.0,78388.69,78429.99,78240.06,388,1779612899.631,BTCUSD_otc
352,2026-05-24 08:55:00,78388.69,78452.07,78517.31,78358.81,412,1779613199.594,BTCUSD_otc
352,2026-05-24 09:00:00,78447.13,78388.34,78474.32,78375.87,413,1779613499.52,BTCUSD_otc
352,2026-05-24 09:05:00,78388.34,78364.62,78529.07,78362.32,398,1779613799.958,BTCUSD_otc
352,2026-05-24 09:10:00,78364.62,78425.41,78446.12,78300.22,395,1779614099.842,BTCUSD_otc
352,2026-05-24 09:15:00,78425.41,78467.72,78473.17,78288.54,413,1779614399.785,BTCUSD_otc
352,2026-05-24 09:20:00,78467.72,78390.04,78576.33,78377.41,392,1779614699.678,BTCUSD_otc
352,2026-05-24 09:25:00,78385.26,78326.59,78434.3,78295.01,400,1779614999.667,BTCUSD_otc
352,2026-05-24 09:30:00,78326.59,78218.96,78412.97,78186.49,377,1779615299.591,BTCUSD_otc
352,2026-05-24 09:35:00,78218.96,78503.79,78503.79,78206.84,392,1779615599.559,BTCUSD_otc
352,2026-05-24 09:40:00,78503.79,78481.57,78598.91,78419.59,427,1779615899.886,BTCUSD_otc
352,2026-05-24 09:45:00,78484.59,78379.47,78495.87,78358.0,411,1779616199.89,BTCUSD_otc
352,2026-05-24 09:50:00,78379.47,78530.72,78532.03,78366.46,385,1779616499.778,BTCUSD_otc
352,2026-05-24 09:55:00,78539.84,78584.39,78617.78,78510.95,385,1779616799.759,BTCUSD_otc
352,2026-05-24 10:00:00,78573.75,78715.9,78733.72,78534.56,383,1779617099.63,BTCUSD_otc
352,2026-05-24 10:05:00,78712.84,78779.04,78799.97,78672.02,378,1779617399.598,BTCUSD_otc
352,2026-05-24 10:10:00,78773.45,78827.51,78862.3,78663.05,388,1779617698.49,BTCUSD_otc
352,2026-05-24 10:15:00,78827.51,78704.99,78910.94,78673.49,413,1779617999.915,BTCUSD_otc
352,2026-05-24 10:20:00,78707.64,78658.37,78791.22,78626.08,391,1779618298.864,BTCUSD_otc
352,2026-05-24 10:25:00,78658.37,78625.92,78658.37,78556.56,388,1779618599.794,BTCUSD_otc
352,2026-05-24 10:30:00,78625.92,78538.34,78661.39,78498.92,409,1779618899.711,BTCUSD_otc
352,2026-05-24 10:35:00,78542.36,78387.93,78564.1,78350.85,406,1779619198.6,BTCUSD_otc
352,2026-05-24 10:40:00,78385.84,78515.42,78518.66,78347.71,417,1779619499.06,BTCUSD_otc
352,2026-05-24 10:45:00,78515.42,78338.56,78537.44,78208.88,421,1779619799.922,BTCUSD_otc
352,2026-05-24 10:50:00,78338.56,78325.66,78371.18,78224.97,409,1779620099.886,BTCUSD_otc
352,2026-05-24 10:55:00,78323.02,78166.98,78363.96,78146.14,384,1779620399.808,BTCUSD_otc
352,2026-05-24 11:00:00,78166.98,78047.54,78169.18,77961.12,371,1779620699.793,BTCUSD_otc
352,2026-05-24 11:05:00,78047.54,78081.03,78131.8,77979.58,398,1779620999.691,BTCUSD_otc
352,2026-05-24 11:10:00,78075.52,77976.52,78083.43,77914.85,407,1779621299.648,BTCUSD_otc
352,2026-05-24 11:15:00,77976.52,77955.16,78039.2,77905.79,385,1779621599.461,BTCUSD_otc
352,2026-05-24 11:20:00,77955.16,77956.54,78046.17,77916.07,392,1779621899.879,BTCUSD_otc
352,2026-05-24 11:25:00,77956.54,78056.42,78130.3,77914.1,413,1779622198.82,BTCUSD_otc
352,2026-05-24 11:30:00,78041.93,78139.13,78151.61,77962.64,410,1779622499.719,BTCUSD_otc
352,2026-05-24 11:35:00,78139.13,77983.5,78154.79,77974.77,381,1779622799.696,BTCUSD_otc
352,2026-05-24 11:40:00,77983.5,77961.87,78050.53,77895.05,378,1779623099.636,BTCUSD_otc
352,2026-05-24 11:45:00,77961.87,77926.53,78055.67,77912.79,382,1779623399.586,BTCUSD_otc
352,2026-05-24 11:50:00,77926.53,78180.74,78180.74,77907.88,398,1779623699.993,BTCUSD_otc
352,2026-05-24 11:55:00,78180.74,78356.43,78358.04,78152.82,395,1779623999.921,BTCUSD_otc
352,2026-05-24 12:00:00,78356.43,78291.29,78467.21,78248.02,408,1779624299.864,BTCUSD_otc
352,2026-05-24 12:05:00,78288.67,78331.97,78376.74,78228.04,410,1779624599.815,BTCUSD_otc
352,2026-05-24 12:10:00,78335.54,78501.39,78549.84,78318.82,401,1779624899.647,BTCUSD_otc
352,2026-05-24 12:15:00,78501.39,78585.0,78639.64,78468.6,389,1779625199.615,BTCUSD_otc
352,2026-05-24 12:20:00,78585.0,78385.96,78618.69,78385.18,385,1779625499.471,BTCUSD_otc
352,2026-05-24 12:25:00,78385.96,78507.32,78528.5,78346.05,399,1779625798.918,BTCUSD_otc
352,2026-05-24 12:30:00,78515.21,78597.25,78627.85,78515.21,386,1779626098.795,BTCUSD_otc
352,2026-05-24 12:35:00,78597.25,78394.74,78616.66,78346.7,417,1779626399.739,BTCUSD_otc
352,2026-05-24 12:40:00,78394.74,78711.41,78714.7,78394.74,376,1779626699.683,BTCUSD_otc
352,2026-05-24 12:45:00,78711.41,78990.1,79025.94,78711.41,398,1779626999.549,BTCUSD_otc
352,2026-05-24 12:50:00,78997.6,78785.64,79059.36,78785.64,392,1779627299.513,BTCUSD_otc
352,2026-05-24 12:55:00,78785.64,78604.39,78789.54,78604.39,412,1779627598.859,BTCUSD_otc
352,2026-05-24 13:00:00,78604.39,78466.9,78653.27,78422.43,395,1779627899.294,BTCUSD_otc
352,2026-05-24 13:05:00,78459.19,78355.67,78487.94,78297.23,395,1779628199.223,BTCUSD_otc
352,2026-05-24 13:10:00,78352.82,78201.28,78378.73,78175.29,392,1779628499.566,BTCUSD_otc
352,2026-05-24 13:15:00,78201.28,78114.73,78289.89,78099.97,411,1779628799.04,BTCUSD_otc
352,2026-05-24 13:20:00,78114.73,78361.67,78396.29,78071.66,408,1779629098.372,BTCUSD_otc
352,2026-05-24 13:25:00,78354.02,78401.22,78494.12,78338.54,388,1779629399.775,BTCUSD_otc
352,2026-05-24 13:30:00,78401.22,78419.34,78489.93,78367.98,383,1779629699.185,BTCUSD_otc
352,2026-05-24 13:35:00,78424.31,78301.52,78449.29,78242.32,394,1779629999.622,BTCUSD_otc
352,2026-05-24 13:40:00,78294.31,78406.07,78423.82,78287.13,405,1779630298.547,BTCUSD_otc
352,2026-05-24 13:45:00,78408.81,78407.18,78450.87,78366.95,412,1779630599.892,BTCUSD_otc
352,2026-05-24 13:50:00,78407.18,78429.91,78525.86,78367.4,384,1779630899.323,BTCUSD_otc
352,2026-05-24 13:55:00,78429.91,76895.13,78482.3,76749.75,407,1779631199.772,BTCUSD_otc
352,2026-05-24 14:00:00,76905.96,76948.04,77031.6,76905.96,390,1779631499.742,BTCUSD_otc
352,2026-05-24 14:05:00,76948.04,76844.41,76991.26,76826.06,398,1779631799.574,BTCUSD_otc
352,2026-05-24 14:10:00,76839.26,76771.85,76940.98,76763.27,417,1779632099.515,BTCUSD_otc
352,2026-05-24 14:15:00,76769.76,76664.55,76777.47,76659.98,397,1779632399.962,BTCUSD_otc
352,2026-05-24 14:20:00,76667.7,76695.15,76790.0,76641.0,377,1779632698.865,BTCUSD_otc
352,2026-05-24 14:25:00,76700.85,76623.11,76700.85,76576.01,416,1779632999.842,BTCUSD_otc
352,2026-05-24 14:30:00,76623.11,76423.95,76623.85,76423.95,377,1779633299.819,BTCUSD_otc
352,2026-05-24 14:35:00,76423.95,76455.91,76505.19,76402.16,387,1779633599.737,BTCUSD_otc
352,2026-05-24 14:40:00,76461.22,76436.74,76537.39,76418.56,405,1779633899.164,BTCUSD_otc
352,2026-05-24 14:45:00,76436.74,76185.91,76437.81,76160.62,402,1779634198.62,BTCUSD_otc
352,2026-05-24 14:50:00,76188.71,76211.1,76288.47,76141.66,366,1779634499.052,BTCUSD_otc
352,2026-05-24 14:55:00,76212.91,76159.79,76263.82,76133.67,403,1779634799.993,BTCUSD_otc
352,2026-05-24 15:00:00,76155.42,75947.16,76165.32,75934.87,418,1779635099.894,BTCUSD_otc
352,2026-05-24 15:05:00,75947.16,75941.08,75982.22,75875.54,400,1779635399.899,BTCUSD_otc
352,2026-05-24 15:10:00,75944.49,75867.25,75947.53,75831.86,385,1779635698.808,BTCUSD_otc
352,2026-05-24 15:15:00,75864.03,75665.51,75890.49,75659.58,404,1779635999.27,BTCUSD_otc
352,2026-05-24 15:20:00,75665.51,75548.66,75698.1,75538.88,392,1779636299.656,BTCUSD_otc
352,2026-05-24 15:25:00,75544.01,75502.4,75576.12,75384.71,414,1779636599.644,BTCUSD_otc
352,2026-05-24 15:30:00,75498.97,75251.44,75518.21,75234.66,415,1779636899.518,BTCUSD_otc
352,2026-05-24 15:35:00,75248.49,75243.71,75360.49,75220.31,406,1779637199.544,BTCUSD_otc
352,2026-05-24 15:40:00,75243.71,75368.58,75414.11,75195.31,392,1779637499.903,BTCUSD_otc
352,2026-05-24 15:45:00,75365.15,75269.04,75384.48,75227.61,409,1779637799.835,BTCUSD_otc
352,2026-05-24 15:50:00,75272.68,75311.91,75314.62,75212.34,407,1779638099.723,BTCUSD_otc
352,2026-05-24 15:55:00,75311.91,75226.98,75339.36,75196.43,409,1779638399.665,BTCUSD_otc
352,2026-05-24 16:00:00,75224.8,75475.89,75495.41,75219.75,397,1779638699.594,BTCUSD_otc
352,2026-05-24 16:05:00,75471.35,75728.1,75747.12,75471.35,420,1779638999.512,BTCUSD_otc
352,2026-05-24 16:10:00,75724.11,75883.14,75916.74,75721.47,372,1779639299.962,BTCUSD_otc
352,2026-05-24 16:15:00,75883.14,75848.9,75887.19,75753.95,380,1779639599.402,BTCUSD_otc
352,2026-05-24 16:20:00,75848.9,75816.14,75894.9,75803.53,386,1779639899.338,BTCUSD_otc
352,2026-05-24 16:25:00,75816.14,75765.51,75833.53,75618.02,409,1779640199.781,BTCUSD_otc
352,2026-05-24 16:30:00,75768.3,75925.16,75988.8,75764.99,398,1779640499.745,BTCUSD_otc
352,2026-05-24 16:35:00,75925.16,75962.31,75983.53,75870.06,392,1779640799.715,BTCUSD_otc
352,2026-05-24 16:40:00,75958.45,76013.74,76071.28,75916.39,415,1779641098.585,BTCUSD_otc
352,2026-05-24 16:45:00,76011.39,76057.77,76065.36,75959.54,385,1779641399.984,BTCUSD_otc
352,2026-05-24 16:50:00,76063.62,76050.3,76107.7,75996.8,405,1779641699.499,BTCUSD_otc
352,2026-05-24 16:55:00,76050.3,75887.18,76091.49,75877.8,398,1779641999.902,BTCUSD_otc
352,2026-05-24 17:00:00,75887.18,75844.54,75897.79,75822.31,381,1779642299.895,BTCUSD_otc
352,2026-05-24 17:05:00,75844.54,75758.27,75936.5,75752.21,412,1779642599.788,BTCUSD_otc
352,2026-05-24 17:10:00,75758.27,75618.61,75762.98,75539.74,415,1779642899.747,BTCUSD_otc
352,2026-05-24 17:15:00,75618.61,75649.35,75735.36,75590.88,408,1779643198.565,BTCUSD_otc
352,2026-05-24 17:20:00,75649.35,75692.74,75704.36,75576.09,413,1779643499.542,BTCUSD_otc
352,2026-05-24 17:25:00,75700.72,75475.03,75720.77,75452.88,410,1779643799.963,BTCUSD_otc
352,2026-05-24 17:30:00,75475.03,75560.19,75583.16,75447.29,410,1779644099.975,BTCUSD_otc
352,2026-05-24 17:35:00,75560.19,75579.6,75635.43,75503.28,406,1779644399.886,BTCUSD_otc
352,2026-05-24 17:40:00,75579.6,75300.94,75589.31,75300.94,388,1779644699.862,BTCUSD_otc
352,2026-05-24 17:45:00,75300.94,75249.52,75342.55,75194.41,409,1779644998.702,BTCUSD_otc
352,2026-05-24 17:50:00,75246.9,75058.15,75355.69,75058.15,410,1779645299.601,BTCUSD_otc
352,2026-05-24 17:55:00,75058.15,75171.05,75171.05,75011.6,407,1779645599.592,BTCUSD_otc
352,2026-05-24 18:00:00,75175.74,75264.96,75311.06,75065.07,392,1779645899.064,BTCUSD_otc
352,2026-05-24 18:05:00,75261.6,75419.32,75464.22,75261.6,384,1779646199.988,BTCUSD_otc
352,2026-05-24 18:10:00,75419.32,75478.04,75522.84,75387.43,411,1779646499.889,BTCUSD_otc
352,2026-05-24 18:15:00,75482.93,75500.91,75581.73,75450.7,411,1779646798.881,BTCUSD_otc
352,2026-05-24 18:20:00,75507.56,75590.67,75623.19,75503.43,406,1779647099.316,BTCUSD_otc
352,2026-05-24 18:25:00,75590.67,75747.49,75769.89,75587.93,411,1779647398.234,BTCUSD_otc
352,2026-05-24 18:30:00,75751.48,75637.68,75760.28,75621.81,391,1779647699.661,BTCUSD_otc
352,2026-05-24 18:35:00,75637.68,75647.74,75697.79,75601.47,387,1779647999.115,BTCUSD_otc
352,2026-05-24 18:40:00,75640.98,75757.44,75834.92,75631.19,373,1779648299.979,BTCUSD_otc
352,2026-05-24 18:45:00,75757.44,75943.0,75954.76,75744.52,395,1779648599.947,BTCUSD_otc
352,2026-05-24 18:50:00,75943.0,76058.95,76158.2,75909.98,394,1779648899.845,BTCUSD_otc
352,2026-05-24 18:55:00,76055.82,76278.31,76286.19,76031.06,375,1779649199.797,BTCUSD_otc
352,2026-05-24 19:00:00,76278.31,76240.15,76278.31,76179.1,384,1779649499.675,BTCUSD_otc
352,2026-05-24 19:05:00,76240.15,76176.94,76279.92,76100.85,381,1779649799.188,BTCUSD_otc
352,2026-05-24 19:10:00,76176.94,76228.39,76293.62,76165.04,414,1779650099.579,BTCUSD_otc
352,2026-05-24 19:15:00,76225.58,76247.96,76302.94,76186.99,397,1779650399.573,BTCUSD_otc
352,2026-05-24 19:20:00,76247.96,76406.79,76414.25,76173.91,380,1779650699.937,BTCUSD_otc
352,2026-05-24 19:25:00,76406.79,76433.11,76512.44,76318.57,383,1779650999.949,BTCUSD_otc
352,2026-05-24 19:30:00,76433.11,76455.6,76502.96,76396.45,407,1779651299.287,BTCUSD_otc
352,2026-05-24 19:35:00,76455.6,76446.59,76489.59,76376.77,385,1779651599.766,BTCUSD_otc
352,2026-05-24 19:40:00,76446.59,76424.85,76494.9,76399.9,397,1779651899.66,BTCUSD_otc
352,2026-05-24 19:45:00,76441.8,76418.31,76541.7,76414.63,381,1779652199.624,BTCUSD_otc
352,2026-05-24 19:50:00,76402.52,76539.8,76551.25,76356.98,396,1779652499.998,BTCUSD_otc
352,2026-05-24 19:55:00,76539.8,76518.32,76614.96,76460.45,407,1779652799.931,BTCUSD_otc
352,2026-05-24 20:00:00,76518.32,76839.3,76879.09,76513.74,419,1779653099.358,BTCUSD_otc
352,2026-05-24 20:05:00,76839.3,77009.1,77065.37,76812.76,386,1779653399.79,BTCUSD_otc
352,2026-05-24 20:10:00,77009.1,76750.96,77033.88,76707.9,413,1779653699.704,BTCUSD_otc
352,2026-05-24 20:15:00,76748.24,76722.04,76759.6,76654.32,396,1779653999.54,BTCUSD_otc
352,2026-05-24 20:20:00,76722.04,76603.57,76740.54,76580.05,404,1779654299.527,BTCUSD_otc
352,2026-05-24 20:25:00,76603.57,76601.1,76723.83,76534.05,379,1779654599.347,BTCUSD_otc
352,2026-05-24 20:30:00,76601.1,76540.12,76615.12,76388.7,384,1779654898.782,BTCUSD_otc
352,2026-05-24 20:35:00,76540.12,76578.64,76597.25,76479.91,379,1779655199.719,BTCUSD_otc
352,2026-05-24 20:40:00,76578.64,76700.37,76729.67,76575.19,386,1779655499.645,BTCUSD_otc
352,2026-05-24 20:45:00,76702.85,76642.59,76751.58,76629.52,387,1779655799.603,BTCUSD_otc
352,2026-05-24 20:50:00,76645.34,76697.68,76716.69,76624.93,391,1779656099.948,BTCUSD_otc
352,2026-05-24 20:55:00,76697.68,76711.24,76808.25,76627.44,379,1779656399.958,BTCUSD_otc
352,2026-05-24 21:00:00,76711.24,76635.9,76711.24,76607.47,374,1779656699.898,BTCUSD_otc
352,2026-05-24 21:05:00,76632.71,76795.84,76829.01,76620.01,407,1779656998.856,BTCUSD_otc
352,2026-05-24 21:10:00,76795.84,76588.99,76813.32,76532.95,377,1779657299.754,BTCUSD_otc
352,2026-05-24 21:15:00,76588.99,76517.84,76642.83,76511.25,377,1779657599.731,BTCUSD_otc
352,2026-05-24 21:20:00,76517.84,76479.13,76553.15,76433.23,389,1779657899.571,BTCUSD_otc
352,2026-05-24 21:25:00,76473.59,76360.18,76490.22,76214.43,394,1779658199.58,BTCUSD_otc
352,2026-05-24 21:30:00,76360.18,76304.64,76367.57,76223.92,398,1779658499.95,BTCUSD_otc
352,2026-05-24 21:35:00,76304.64,76263.24,76310.58,76191.07,411,1779658799.394,BTCUSD_otc
352,2026-05-24 21:40:00,76263.24,76054.63,76263.24,76028.33,411,1779659099.797,BTCUSD_otc
352,2026-05-24 21:45:00,76057.52,76113.47,76120.81,75960.72,396,1779659399.705,BTCUSD_otc
352,2026-05-24 21:50:00,76110.84,76080.13,76160.99,76042.01,394,1779659699.599,BTCUSD_otc
352,2026-05-24 21:55:00,76080.13,76035.16,76145.92,76001.02,395,1779659999.979,BTCUSD_otc
352,2026-05-24 22:00:00,76035.16,76200.16,76214.61,76014.04,407,1779660299.965,BTCUSD_otc
352,2026-05-24 22:05:00,76200.16,76194.9,76225.36,76045.49,392,1779660599.909,BTCUSD_otc
352,2026-05-24 22:10:00,76197.08,76257.18,76277.84,76142.53,383,1779660899.86,BTCUSD_otc
352,2026-05-24 22:15:00,76257.18,76232.64,76298.71,76187.87,406,1779661199.747,BTCUSD_otc
352,2026-05-24 22:20:00,76237.85,76227.61,76257.54,76069.21,407,1779661499.713,BTCUSD_otc
352,2026-05-24 22:25:00,76227.61,76201.43,76449.96,76201.43,397,1779661799.544,BTCUSD_otc
352,2026-05-24 22:30:00,76206.63,76210.1,76220.55,76109.61,423,1779662099.009,BTCUSD_otc
352,2026-05-24 22:35:00,76210.1,76207.0,76241.1,76125.99,386,1779662399.924,BTCUSD_otc
352,2026-05-24 22:40:00,76207.0,76311.1,76369.57,76186.13,402,1779662699.883,BTCUSD_otc
352,2026-05-24 22:45:00,76321.07,76417.43,76429.87,76293.38,404,1779662999.763,BTCUSD_otc
352,2026-05-24 22:50:00,76417.43,76392.03,76548.73,76364.95,388,1779663298.725,BTCUSD_otc
352,2026-05-24 22:55:00,76392.03,76336.06,76411.7,76268.46,401,1779663598.064,BTCUSD_otc
352,2026-05-24 23:00:00,76333.98,76468.28,76534.92,76328.09,410,1779663899.507,BTCUSD_otc
352,2026-05-24 23:05:00,76464.74,76565.66,76585.46,76460.88,418,1779664199.873,BTCUSD_otc
352,2026-05-24 23:10:00,76565.66,76511.35,76632.76,76508.24,395,1779664499.756,BTCUSD_otc
352,2026-05-24 23:15:00,76511.35,76382.92,76543.76,76346.92,404,1779664798.219,BTCUSD_otc
352,2026-05-24 23:20:00,76382.92,76387.73,76415.76,76289.11,406,1779665099.621,BTCUSD_otc
352,2026-05-24 23:25:00,76391.75,76488.44,76536.38,76381.33,419,1779665399.609,BTCUSD_otc
352,2026-05-24 23:30:00,76488.44,76490.68,76539.86,76421.68,413,1779665699.961,BTCUSD_otc
352,2026-05-24 23:35:00,76490.68,76543.84,76678.8,76474.11,393,1779665999.415,BTCUSD_otc
352,2026-05-24 23:40:00,76543.84,76491.2,76561.39,76391.84,394,1779666299.848,BTCUSD_otc
352,2026-05-24 23:45:00,76487.9,76537.73,76578.63,76404.3,385,1779666599.83,BTCUSD_otc
352,2026-05-24 23:50:00,76537.73,76480.1,76580.13,76447.81,385,1779666898.174,BTCUSD_otc
352,2026-05-24 23:55:00,76475.92,76520.61,76520.61,76357.54,406,1779667199.64,BTCUSD_otc
352,2026-05-25 00:00:00,76516.1,76457.73,76544.04,76412.48,405,1779667499.51,BTCUSD_otc
352,2026-05-25 00:05:00,76457.73,76400.06,76476.71,76333.1,395,1779667799.979,BTCUSD_otc
352,2026-05-25 00:10:00,76400.06,76234.17,76477.74,76218.08,392,1779668098.838,BTCUSD_otc
352,2026-05-25 00:15:00,76234.17,76444.27,76469.39,76213.05,397,1779668399.757,BTCUSD_otc
352,2026-05-25 00:20:00,76444.27,76189.01,76466.88,76145.03,383,1779668699.633,BTCUSD_otc
352,2026-05-25 00:25:00,76185.37,76141.11,76218.51,76101.07,398,1779668999.023,BTCUSD_otc
352,2026-05-25 00:30:00,76138.4,76020.13,76152.61,76020.13,397,1779669299.959,BTCUSD_otc
352,2026-05-25 00:35:00,76020.13,76044.98,76074.78,75957.33,408,1779669599.828,BTCUSD_otc
352,2026-05-25 00:40:00,76044.98,76149.81,76152.73,76031.85,400,1779669899.769,BTCUSD_otc
352,2026-05-25 00:45:00,76155.69,76186.67,76246.07,76116.09,389,1779670199.663,BTCUSD_otc
352,2026-05-25 00:50:00,76186.67,76104.2,76193.68,76084.66,386,1779670499.636,BTCUSD_otc
352,2026-05-25 00:55:00,76106.51,76214.48,76240.37,76031.71,411,1779670799.523,BTCUSD_otc
352,2026-05-25 01:00:00,76211.11,76387.73,76388.86,76207.24,406,1779671099.958,BTCUSD_otc
352,2026-05-25 01:05:00,76387.73,76365.81,76429.37,76347.49,404,1779671399.833,BTCUSD_otc
352,2026-05-25 01:10:00,76365.81,76182.2,76367.58,76140.73,383,1779671699.758,BTCUSD_otc
352,2026-05-25 01:15:00,76185.72,76167.77,76273.21,76107.45,408,1779671999.716,BTCUSD_otc
352,2026-05-25 01:20:00,76165.26,76089.03,76261.03,76059.17,402,1779672299.651,BTCUSD_otc
352,2026-05-25 01:25:00,76092.53,76179.6,76230.69,76056.47,391,1779672599.073,BTCUSD_otc
352,2026-05-25 01:30:00,76179.6,76112.14,76290.98,76044.02,397,1779672899.946,BTCUSD_otc
352,2026-05-25 01:35:00,76112.14,76015.21,76112.14,76015.21,390,1779673199.914,BTCUSD_otc
352,2026-05-25 01:40:00,76011.59,76153.77,76187.49,75993.72,396,1779673499.765,BTCUSD_otc
352,2026-05-25 01:45:00,76153.77,76253.97,76314.43,76147.02,401,1779673799.728,BTCUSD_otc
352,2026-05-25 01:50:00,76248.86,76376.43,76491.02,76247.43,388,1779674099.556,BTCUSD_otc
352,2026-05-25 01:55:00,76376.43,76295.29,76440.9,76272.54,401,1779674399.487,BTCUSD_otc
352,2026-05-25 02:00:00,76295.29,76142.63,76332.69,76141.94,402,1779674699.906,BTCUSD_otc
352,2026-05-25 02:05:00,76142.63,76170.75,76179.55,76014.07,387,1779674999.302,BTCUSD_otc
352,2026-05-25 02:10:00,76170.75,76058.07,76197.52,76055.85,402,1779675299.748,BTCUSD_otc
352,2026-05-25 02:15:00,76058.07,75990.51,76063.09,75939.19,374,1779675599.64,BTCUSD_otc
352,2026-05-25 02:20:00,75996.35,75988.58,76087.31,75857.38,394,1779675899.128,BTCUSD_otc
352,2026-05-25 02:25:00,75988.58,76077.1,76123.36,75947.17,396,1779676198.518,BTCUSD_otc
352,2026-05-25 02:30:00,76082.78,76197.36,76201.93,76040.99,393,1779676499.993,BTCUSD_otc
352,2026-05-25 02:35:00,76197.36,76127.11,76342.43,76096.26,397,1779676799.816,BTCUSD_otc
352,2026-05-25 02:40:00,76125.14,76280.77,76288.25,76103.24,416,1779677099.751,BTCUSD_otc
352,2026-05-25 02:45:00,76280.77,76428.51,76459.3,76276.19,431,1779677399.168,BTCUSD_otc
352,2026-05-25 02:50:00,76416.79,76479.97,76501.97,76338.34,429,1779677699.088,BTCUSD_otc
352,2026-05-25 02:55:00,76485.72,76391.46,76512.51,76328.22,390,1779677999.5,BTCUSD_otc
352,2026-05-25 03:00:00,76411.33,76504.03,76537.02,76391.16,398,1779678299.448,BTCUSD_otc
352,2026-05-25 03:05:00,76504.03,76544.83,76552.61,76420.23,400,1779678599.368,BTCUSD_otc
352,2026-05-25 03:10:00,76544.83,76470.82,76593.87,76468.68,412,1779678899.301,BTCUSD_otc
352,2026-05-25 03:15:00,76470.82,76376.82,76498.21,76308.58,404,1779679198.71,BTCUSD_otc
352,2026-05-25 03:20:00,76376.82,76192.12,76384.47,76183.05,404,1779679499.656,BTCUSD_otc
352,2026-05-25 03:25:00,76190.2,76161.38,76227.84,76067.97,417,1779679799.554,BTCUSD_otc
352,2026-05-25 03:30:00,76161.38,76183.13,76328.48,76141.02,405,1779680099.505,BTCUSD_otc
352,2026-05-25 03:35:00,76185.32,76322.17,76325.28,76147.23,406,1779680399.957,BTCUSD_otc
352,2026-05-25 03:40:00,76322.17,76228.07,76359.07,76197.23,399,1779680699.875,BTCUSD_otc
352,2026-05-25 03:45:00,76225.36,76076.98,76258.29,76069.44,394,1779680999.252,BTCUSD_otc
352,2026-05-25 03:50:00,76076.98,75938.36,76145.63,75870.54,415,1779681299.604,BTCUSD_otc
352,2026-05-25 03:55:00,75938.36,76056.06,76060.99,75925.29,411,1779681599.108,BTCUSD_otc
352,2026-05-25 04:00:00,76056.06,75795.83,76066.42,75771.6,404,1779681899.466,BTCUSD_otc
352,2026-05-25 04:05:00,75795.83,75854.42,75903.05,75772.84,422,1779682198.376,BTCUSD_otc
352,2026-05-25 04:10:00,75854.42,76038.8,76047.85,75854.42,408,1779682499.748,BTCUSD_otc
352,2026-05-25 04:15:00,76038.8,75741.34,76057.59,75741.34,397,1779682799.581,BTCUSD_otc
352,2026-05-25 04:20:00,75744.3,75955.04,75971.61,75695.72,380,1779683099.048,BTCUSD_otc
352,2026-05-25 04:25:00,75955.04,76150.96,76163.03,75922.78,407,1779683399.917,BTCUSD_otc
352,2026-05-25 04:30:00,76143.37,76330.13,76389.79,76141.06,420,1779683698.897,BTCUSD_otc
352,2026-05-25 04:35:00,76330.13,76326.84,76396.71,76273.0,400,1779683997.288,BTCUSD_otc
352,2026-05-25 04:40:00,76326.84,76268.37,76342.64,76213.18,367,1779684299.228,BTCUSD_otc
352,2026-05-25 04:45:00,76276.94,76282.61,76373.53,76243.1,420,1779684599.607,BTCUSD_otc
352,2026-05-25 04:50:00,76280.72,76188.77,76320.45,76175.74,385,1779684899.505,BTCUSD_otc
352,2026-05-25 04:55:00,76188.77,76175.79,76263.33,76128.36,418,1779685199.48,BTCUSD_otc
352,2026-05-25 05:00:00,76175.79,76364.22,76364.22,76139.21,378,1779685499.944,BTCUSD_otc
352,2026-05-25 05:05:00,76364.22,76398.03,76455.29,76349.0,395,1779685799.344,BTCUSD_otc
352,2026-05-25 05:10:00,76398.03,76308.1,76412.22,76236.73,389,1779686099.206,BTCUSD_otc
352,2026-05-25 05:15:00,76304.03,76492.92,76499.26,76304.03,407,1779686399.72,BTCUSD_otc
352,2026-05-25 05:20:00,76492.92,76567.23,76644.48,76437.82,408,1779686699.592,BTCUSD_otc
352,2026-05-25 05:25:00,76567.23,76668.45,76681.06,76525.57,379,1779686999.595,BTCUSD_otc
352,2026-05-25 05:30:00,76668.45,76699.75,76728.51,76613.98,407,1779687299.975,BTCUSD_otc
352,2026-05-25 05:35:00,76699.75,76792.96,76923.56,76656.46,408,1779687599.964,BTCUSD_otc
352,2026-05-25 05:40:00,76789.34,76784.69,76871.77,76725.56,402,1779687899.355,BTCUSD_otc
352,2026-05-25 05:45:00,76784.69,76797.73,76875.41,76715.3,380,1779688199.852,BTCUSD_otc
352,2026-05-25 05:50:00,76797.73,76720.78,76856.11,76648.45,407,1779688499.717,BTCUSD_otc
352,2026-05-25 05:55:00,76724.33,76745.71,76848.19,76717.56,426,1779688799.698,BTCUSD_otc
352,2026-05-25 06:00:00,76735.74,76722.96,76815.38,76672.15,388,1779689099.109,BTCUSD_otc
352,2026-05-25 06:05:00,76722.96,76639.74,76765.79,76634.66,399,1779689399.114,BTCUSD_otc
352,2026-05-25 06:10:00,76641.62,76831.11,76832.44,76620.96,396,1779689698.047,BTCUSD_otc
352,2026-05-25 06:15:00,76836.41,76754.62,76858.21,76740.84,398,1779689999.542,BTCUSD_otc
352,2026-05-25 06:20:00,76746.47,76614.78,76781.62,76611.94,407,1779690299.951,BTCUSD_otc
352,2026-05-25 06:25:00,76614.78,76550.09,76658.33,76511.09,406,1779690599.45,BTCUSD_otc
352,2026-05-25 06:30:00,76550.09,76457.86,76571.79,76337.97,393,1779690899.311,BTCUSD_otc
352,2026-05-25 06:35:00,76452.02,76552.18,76584.73,76406.8,385,1779691199.802,BTCUSD_otc
352,2026-05-25 06:40:00,76552.18,76854.25,76895.18,76533.32,397,1779691499.236,BTCUSD_otc
352,2026-05-25 06:45:00,76854.25,76912.65,76922.98,76820.76,401,1779691798.7,BTCUSD_otc
352,2026-05-25 06:50:00,76915.65,76996.77,77012.63,76880.66,392,1779692099.595,BTCUSD_otc
352,2026-05-25 06:55:00,76999.62,77044.38,77094.5,76919.71,417,1779692399.554,BTCUSD_otc
352,2026-05-25 07:00:00,77044.38,76966.14,77064.86,76825.54,400,1779692699.481,BTCUSD_otc
352,2026-05-25 07:05:00,76966.14,76863.64,76969.06,76788.3,400,1779692999.953,BTCUSD_otc
352,2026-05-25 07:10:00,76886.72,76904.24,77031.3,76843.05,410,1779693299.328,BTCUSD_otc
352,2026-05-25 07:15:00,76904.24,76777.95,76935.96,76735.82,405,1779693599.351,BTCUSD_otc
352,2026-05-25 07:20:00,76777.95,76864.81,76993.12,76761.58,405,1779693899.71,BTCUSD_otc
352,2026-05-25 07:25:00,76864.81,76873.66,76975.72,76815.54,405,1779694199.661,BTCUSD_otc
352,2026-05-25 07:30:00,76870.92,77119.11,77119.11,76840.84,403,1779694499.623,BTCUSD_otc
352,2026-05-25 07:35:00,77119.11,77247.31,77321.15,77117.01,403,1779694799.091,BTCUSD_otc
352,2026-05-25 07:40:00,77245.5,77199.74,77314.91,77170.13,393,1779695099.986,BTCUSD_otc
352,2026-05-25 07:45:00,77197.31,77281.26,77299.12,77095.19,403,1779695397.969,BTCUSD_otc
352,2026-05-25 07:50:00,77281.26,77598.75,77633.93,77264.4,409,1779695699.333,BTCUSD_otc
352,2026-05-25 07:55:00,77598.75,77487.14,77604.61,77395.86,385,1779695999.769,BTCUSD_otc
352,2026-05-25 08:00:00,77487.14,77498.04,77538.96,77429.05,389,1779696299.701,BTCUSD_otc
352,2026-05-25 08:05:00,77495.17,77630.96,77642.84,77433.52,394,1779696599.668,BTCUSD_otc
352,2026-05-25 08:10:00,77630.96,77554.12,77645.16,77493.68,406,1779696899.066,BTCUSD_otc
352,2026-05-25 08:15:00,77554.12,77547.08,77671.14,77531.98,400,1779697199.932,BTCUSD_otc
352,2026-05-25 08:20:00,77547.08,77611.87,77636.82,77510.82,393,1779697499.943,BTCUSD_otc
352,2026-05-25 08:25:00,77611.87,77609.77,77752.49,77581.75,410,1779697799.824,BTCUSD_otc
352,2026-05-25 08:30:00,77609.77,77673.25,77703.81,77588.82,407,1779698099.804,BTCUSD_otc
352,2026-05-25 08:35:00,77673.25,77426.35,77688.41,77415.24,407,1779698399.648,BTCUSD_otc
352,2026-05-25 08:40:00,77426.35,77493.37,77523.51,77407.55,404,1779698699.607,BTCUSD_otc
352,2026-05-25 08:45:00,77493.37,77619.25,77702.47,77460.78,393,1779698999.963,BTCUSD_otc
352,2026-05-25 08:50:00,77619.25,77718.05,77793.02,77619.25,389,1779699299.916,BTCUSD_otc
352,2026-05-25 08:55:00,77730.71,77704.27,77828.74,77692.25,395,1779699599.884,BTCUSD_otc
352,2026-05-25 09:00:00,77704.27,77720.04,77741.96,77633.49,402,1779699899.339,BTCUSD_otc
352,2026-05-25 09:05:00,77720.04,77748.55,77797.48,77664.79,406,1779700199.304,BTCUSD_otc
352,2026-05-25 09:10:00,77748.55,77717.03,77762.09,77664.97,389,1779700499.757,BTCUSD_otc
352,2026-05-25 09:15:00,77717.03,77487.5,77742.65,77453.88,401,1779700799.632,BTCUSD_otc
352,2026-05-25 09:20:00,77487.5,77252.61,77519.04,77230.22,389,1779701099.003,BTCUSD_otc
352,2026-05-25 09:25:00,77252.61,77229.97,77261.35,77154.16,405,1779701399.966,BTCUSD_otc
352,2026-05-25 09:30:00,77229.97,77222.63,77304.23,77165.97,392,1779701698.962,BTCUSD_otc
352,2026-05-25 09:35:00,77222.63,77219.06,77252.13,77087.45,387,1779701999.949,BTCUSD_otc
352,2026-05-25 09:40:00,77219.06,77335.71,77365.87,77166.52,402,1779702299.804,BTCUSD_otc
352,2026-05-25 09:45:00,77335.71,77393.07,77408.12,77296.44,397,1779702598.795,BTCUSD_otc
352,2026-05-25 09:50:00,77396.08,77447.63,77482.0,77343.9,395,1779702898.191,BTCUSD_otc
352,2026-05-25 09:55:00,77449.91,77445.22,77489.5,77366.9,401,1779703199.69,BTCUSD_otc
352,2026-05-25 10:00:00,77445.22,77535.36,77541.09,77386.66,404,1779703499.096,BTCUSD_otc
352,2026-05-25 10:05:00,77544.13,77493.54,77671.5,77487.69,396,1779703798.579,BTCUSD_otc
352,2026-05-25 10:10:00,77493.54,77573.43,77631.4,77472.57,414,1779704099.947,BTCUSD_otc
352,2026-05-25 10:15:00,77573.43,77673.29,77676.53,77528.68,407,1779704399.899,BTCUSD_otc
352,2026-05-25 10:20:00,77673.29,77395.76,77688.12,77377.29,402,1779704699.836,BTCUSD_otc
352,2026-05-25 10:25:00,77400.17,77482.72,77538.71,77351.6,390,1779704999.801,BTCUSD_otc
352,2026-05-25 10:30:00,77478.93,77169.08,77488.97,77142.6,401,1779705299.765,BTCUSD_otc
352,2026-05-25 10:35:00,77169.08,77241.17,77285.53,77110.58,395,1779705599.244,BTCUSD_otc
352,2026-05-25 10:40:00,77235.49,77408.87,77463.39,77235.49,404,1779705899.652,BTCUSD_otc
352,2026-05-25 10:45:00,77411.74,77412.73,77467.71,77339.38,394,1779706199.609,BTCUSD_otc
352,2026-05-25 10:50:00,77405.87,77267.94,77485.92,77263.51,378,1779706499.944,BTCUSD_otc
352,2026-05-25 10:55:00,77267.94,77265.52,77332.31,77209.29,401,1779706799.974,BTCUSD_otc
352,2026-05-25 11:00:00,77265.52,77201.17,77362.29,77195.42,392,1779707099.368,BTCUSD_otc
352,2026-05-25 11:05:00,77201.17,77349.36,77356.4,77127.67,405,1779707399.839,BTCUSD_otc
352,2026-05-25 11:10:00,77349.36,77470.85,77507.95,77349.36,413,1779707699.701,BTCUSD_otc
352,2026-05-25 11:15:00,77472.94,77429.36,77483.97,77359.37,395,1779707998.689,BTCUSD_otc
352,2026-05-25 11:20:00,77431.82,77455.47,77463.01,77341.09,387,1779708299.532,BTCUSD_otc
352,2026-05-25 11:25:00,77455.47,77427.5,77463.03,77328.61,386,1779708598.917,BTCUSD_otc
352,2026-05-25 11:30:00,77427.5,77561.11,77591.39,77392.96,388,1779708899.392,BTCUSD_otc
352,2026-05-25 11:35:00,77561.11,77561.85,77645.96,77528.88,385,1779709199.826,BTCUSD_otc
352,2026-05-25 11:40:00,77567.07,77696.93,77701.88,77472.49,397,1779709499.788,BTCUSD_otc
352,2026-05-25 11:45:00,77696.93,77905.94,77905.94,77696.93,382,1779709799.674,BTCUSD_otc
352,2026-05-25 11:50:00,77905.94,77881.71,77976.41,77828.32,393,1779710099.142,BTCUSD_otc
352,2026-05-25 11:55:00,77885.14,77821.68,77936.52,77777.61,402,1779710399.066,BTCUSD_otc
352,2026-05-25 12:00:00,77819.35,77908.58,77951.21,77711.53,378,1779710699.549,BTCUSD_otc
352,2026-05-25 12:05:00,77908.58,77948.0,78000.63,77856.46,401,1779710999.926,BTCUSD_otc
352,2026-05-25 12:10:00,77948.0,77893.44,78046.87,77880.36,385,1779711299.898,BTCUSD_otc
352,2026-05-25 12:15:00,77890.52,78117.14,78125.47,77849.31,421,1779711599.786,BTCUSD_otc
352,2026-05-25 12:20:00,78108.54,78053.44,78153.14,77998.33,406,1779711899.215,BTCUSD_otc
352,2026-05-25 12:25:00,78053.44,78325.42,78352.94,78015.13,395,1779712199.657,BTCUSD_otc
352,2026-05-25 12:30:00,78325.42,78230.14,78372.72,78221.15,403,1779712498.576,BTCUSD_otc
352,2026-05-25 12:35:00,78230.14,78143.74,78247.02,78140.52,413,1779712799.538,BTCUSD_otc
352,2026-05-25 12:40:00,78143.74,77876.87,78143.98,77863.81,421,1779713098.401,BTCUSD_otc
352,2026-05-25 12:45:00,77876.87,77762.26,77962.31,77755.71,415,1779713399.916,BTCUSD_otc
352,2026-05-25 12:50:00,77762.26,77875.21,77907.62,77717.91,394,1779713699.774,BTCUSD_otc
352,2026-05-25 12:55:00,77875.21,77845.14,77951.56,77818.7,409,1779713999.77,BTCUSD_otc
352,2026-05-25 13:00:00,77845.14,77850.08,77936.87,77790.8,382,1779714299.655,BTCUSD_otc
352,2026-05-25 13:05:00,77850.08,77809.99,77936.06,77801.11,404,1779714598.16,BTCUSD_otc
352,2026-05-25 13:10:00,77816.78,77860.42,77909.96,77779.31,391,1779714899.505,BTCUSD_otc
352,2026-05-25 13:15:00,77856.22,77705.43,77876.84,77670.93,405,1779715199.905,BTCUSD_otc
352,2026-05-25 13:20:00,77705.43,77572.94,77782.78,77525.73,405,1779715499.893,BTCUSD_otc
352,2026-05-25 13:25:00,77572.94,77582.56,77615.58,77510.25,391,1779715799.794,BTCUSD_otc
352,2026-05-25 13:30:00,77582.56,77780.31,77780.31,77565.3,398,1779716098.26,BTCUSD_otc
352,2026-05-25 13:35:00,77778.31,77718.28,77787.28,77704.25,415,1779716399.637,BTCUSD_otc
352,2026-05-25 13:40:00,77720.7,77516.75,77724.67,77505.69,396,1779716699.638,BTCUSD_otc
352,2026-05-25 13:45:00,77516.75,77584.08,77624.84,77453.18,386,1779716999.496,BTCUSD_otc
352,2026-05-25 13:50:00,77590.17,77380.19,77661.69,77380.19,389,1779717299.953,BTCUSD_otc
352,2026-05-25 13:55:00,77380.19,77288.89,77416.71,77285.01,401,1779717599.896,BTCUSD_otc
352,2026-05-25 14:00:00,77288.89,77130.54,77344.96,77101.99,384,1779717899.902,BTCUSD_otc
352,2026-05-25 14:05:00,77127.24,77190.45,77200.75,77056.21,401,1779718199.306,BTCUSD_otc
352,2026-05-25 14:10:00,77190.45,77159.61,77259.52,77137.33,398,1779718499.811,BTCUSD_otc
352,2026-05-25 14:15:00,77159.61,76960.99,77167.11,76956.13,402,1779718799.64,BTCUSD_otc
352,2026-05-25 14:20:00,76960.99,76987.69,77085.61,76931.74,414,1779719099.574,BTCUSD_otc
352,2026-05-25 14:25:00,76987.69,76917.59,76992.84,76831.63,404,1779719399.513,BTCUSD_otc
352,2026-05-25 14:30:00,76917.59,77043.77,77050.09,76868.59,405,1779719698.54,BTCUSD_otc
352,2026-05-25 14:35:00,77043.77,76963.28,77092.47,76933.77,398,1779719999.983,BTCUSD_otc
352,2026-05-25 14:40:00,76963.28,76985.32,77036.3,76931.44,400,1779720299.954,BTCUSD_otc
352,2026-05-25 14:45:00,76981.51,77043.46,77043.46,76914.46,391,1779720599.876,BTCUSD_otc
352,2026-05-25 14:50:00,77043.46,77178.28,77202.57,77043.46,385,1779720898.836,BTCUSD_otc
352,2026-05-25 14:55:00,77178.28,77087.71,77257.22,77087.71,391,1779721199.752,BTCUSD_otc
352,2026-05-25 15:00:00,77084.77,77017.8,77144.19,76994.67,388,1779721499.746,BTCUSD_otc
352,2026-05-25 15:05:00,77013.53,76937.89,77049.51,76889.88,419,1779721799.713,BTCUSD_otc
352,2026-05-25 15:10:00,76937.89,76880.71,76945.71,76808.66,364,1779722099.644,BTCUSD_otc
352,2026-05-25 15:15:00,76877.44,76855.97,76909.28,76768.71,405,1779722398.538,BTCUSD_otc
352,2026-05-25 15:20:00,76858.74,76565.46,76904.95,76531.1,403,1779722699.513,BTCUSD_otc
352,2026-05-25 15:25:00,76562.45,76416.52,76583.25,76404.94,371,1779722998.446,BTCUSD_otc
352,2026-05-25 15:30:00,76416.52,76231.15,76420.78,76189.57,394,1779723299.411,BTCUSD_otc
352,2026-05-25 15:35:00,76231.15,76269.78,76334.88,76212.34,409,1779723599.867,BTCUSD_otc
352,2026-05-25 15:40:00,76269.78,76359.1,76359.1,76178.84,424,1779723899.833,BTCUSD_otc
352,2026-05-25 15:45:00,76359.1,76472.61,76500.28,76287.06,387,1779724199.764,BTCUSD_otc
352,2026-05-25 15:50:00,76472.61,76502.2,76537.11,76439.86,395,1779724499.222,BTCUSD_otc
352,2026-05-25 15:55:00,76502.2,76605.71,76622.68,76481.02,396,1779724799.125,BTCUSD_otc
352,2026-05-25 16:00:00,76602.8,76676.49,76708.34,76562.63,407,1779725099.649,BTCUSD_otc
352,2026-05-25 16:05:00,76676.49,76640.65,76705.15,76563.83,379,1779725399.565,BTCUSD_otc
352,2026-05-25 16:10:00,76640.65,76728.02,76791.53,76603.27,413,1779725699.531,BTCUSD_otc
352,2026-05-25 16:15:00,76731.17,76609.89,76790.48,76583.92,398,1779725999.904,BTCUSD_otc
352,2026-05-25 16:20:00,76609.89,76591.74,76643.15,76474.05,387,1779726299.895,BTCUSD_otc
352,2026-05-25 16:25:00,76591.74,76566.19,76704.37,76528.97,398,1779726599.821,BTCUSD_otc
352,2026-05-25 16:30:00,76561.99,76649.79,76677.42,76485.16,396,1779726899.306,BTCUSD_otc
352,2026-05-25 16:35:00,76649.79,76655.08,76733.75,76638.64,390,1779727199.247,BTCUSD_otc
352,2026-05-25 16:40:00,76655.08,76792.07,76838.17,76612.49,407,1779727498.699,BTCUSD_otc
352,2026-05-25 16:45:00,76801.39,76851.76,76873.7,76756.9,368,1779727799.707,BTCUSD_otc
352,2026-05-25 16:50:00,76851.76,76687.65,76862.07,76687.25,396,1779728099.561,BTCUSD_otc
352,2026-05-25 16:55:00,76687.65,76678.78,76763.45,76636.54,406,1779728399.539,BTCUSD_otc
352,2026-05-25 17:00:00,76676.59,76606.56,76728.76,76518.59,381,1779728699.518,BTCUSD_otc
352,2026-05-25 17:05:00,76620.71,76499.9,76657.35,76439.42,421,1779728999.022,BTCUSD_otc
352,2026-05-25 17:10:00,76499.9,76452.6,76522.6,76392.75,396,1779729299.895,BTCUSD_otc
352,2026-05-25 17:15:00,76452.6,76417.93,76513.07,76365.61,410,1779729599.876,BTCUSD_otc
352,2026-05-25 17:20:00,76417.93,76288.38,76511.01,76274.39,395,1779729899.735,BTCUSD_otc
352,2026-05-25 17:25:00,76291.69,76270.05,76335.31,76244.78,415,1779730199.231,BTCUSD_otc
352,2026-05-25 17:30:00,76267.05,76263.99,76341.06,76223.96,394,1779730499.695,BTCUSD_otc
352,2026-05-25 17:35:00,76257.69,76157.77,76267.04,76138.42,386,1779730799.709,BTCUSD_otc
352,2026-05-25 17:40:00,76160.62,76451.71,76451.71,76120.91,414,1779731099.103,BTCUSD_otc
352,2026-05-25 17:45:00,76451.71,76250.86,76467.0,76205.85,410,1779731399.557,BTCUSD_otc
352,2026-05-25 17:50:00,76254.16,76548.89,76548.89,76236.88,394,1779731699.39,BTCUSD_otc
352,2026-05-25 17:55:00,76548.89,76681.46,76728.83,76502.87,394,1779731999.291,BTCUSD_otc
352,2026-05-25 18:00:00,76681.46,76676.47,76729.0,76615.23,390,1779732299.811,BTCUSD_otc
352,2026-05-25 18:05:00,76676.47,76559.55,76719.86,76496.06,403,1779732599.737,BTCUSD_otc
352,2026-05-25 18:10:00,76559.55,76761.36,76763.28,76533.29,399,1779732899.737,BTCUSD_otc
352,2026-05-25 18:15:00,76761.36,76655.83,76773.77,76597.98,417,1779733199.641,BTCUSD_otc
352,2026-05-25 18:20:00,76651.01,76467.41,76673.45,76381.53,420,1779733499.553,BTCUSD_otc
352,2026-05-25 18:25:00,76467.41,76426.89,76505.65,76357.5,396,1779733799.966,BTCUSD_otc
352,2026-05-25 18:30:00,76426.89,76449.16,76519.48,76367.47,389,1779734097.972,BTCUSD_otc
352,2026-05-25 18:35:00,76449.16,76474.33,76510.08,76387.35,405,1779734399.398,BTCUSD_otc
352,2026-05-25 18:40:00,76474.33,76417.78,76514.76,76410.82,418,1779734699.364,BTCUSD_otc
352,2026-05-25 18:45:00,76417.78,76469.97,76533.92,76364.79,382,1779734999.757,BTCUSD_otc
352,2026-05-25 18:50:00,76454.59,76421.5,76498.15,76368.3,387,1779735299.757,BTCUSD_otc
352,2026-05-25 18:55:00,76421.5,76405.15,76491.04,76391.95,357,1779735599.171,BTCUSD_otc
352,2026-05-25 19:00:00,76402.88,76512.47,76546.19,76393.21,401,1779735898.622,BTCUSD_otc
352,2026-05-25 19:05:00,76512.47,76500.3,76512.47,76363.47,411,1779736199.571,BTCUSD_otc
352,2026-05-25 19:10:00,76503.32,76424.73,76542.31,76402.54,406,1779736498.508,BTCUSD_otc
352,2026-05-25 19:15:00,76417.65,76467.31,76522.75,76324.28,391,1779736799.416,BTCUSD_otc
352,2026-05-25 19:20:00,76467.31,76545.66,76614.0,76452.4,379,1779737099.898,BTCUSD_otc
352,2026-05-25 19:25:00,76545.66,76447.18,76547.99,76384.29,399,1779737399.828,BTCUSD_otc
352,2026-05-25 19:30:00,76444.67,76299.14,76492.19,76280.51,402,1779737699.793,BTCUSD_otc
352,2026-05-25 19:35:00,76296.31,76488.94,76488.94,76275.82,401,1779737999.695,BTCUSD_otc
352,2026-05-25 19:40:00,76488.94,76482.05,76529.92,76410.42,406,1779738299.662,BTCUSD_otc
352,2026-05-25 19:45:00,76482.05,76423.13,76562.06,76394.18,414,1779738599.534,BTCUSD_otc
352,2026-05-25 19:50:00,76423.13,76511.56,76512.81,76344.78,401,1779738899.527,BTCUSD_otc
352,2026-05-25 19:55:00,76507.5,76589.34,76667.66,76422.95,393,1779739199.908,BTCUSD_otc
352,2026-05-25 20:00:00,76589.34,76546.13,76595.88,76468.21,392,1779739499.856,BTCUSD_otc
352,2026-05-25 20:05:00,76548.97,76528.71,76654.39,76502.33,386,1779739799.294,BTCUSD_otc
352,2026-05-25 20:10:00,76528.71,76469.58,76602.45,76454.33,399,1779740099.722,BTCUSD_otc
352,2026-05-25 20:15:00,76469.58,76911.41,76916.3,76469.58,421,1779740399.647,BTCUSD_otc
352,2026-05-25 20:20:00,76911.41,76878.19,76943.59,76805.11,398,1779740699.55,BTCUSD_otc
352,2026-05-25 20:25:00,76881.04,76920.99,76970.13,76845.35,407,1779740999.528,BTCUSD_otc
352,2026-05-25 20:30:00,76926.31,77017.38,77058.95,76918.65,390,1779741299.425,BTCUSD_otc
352,2026-05-25 20:35:00,77017.38,77091.86,77092.62,76948.97,392,1779741599.899,BTCUSD_otc
352,2026-05-25 20:40:00,77091.86,77171.35,77226.91,77047.66,394,1779741899.302,BTCUSD_otc
352,2026-05-25 20:45:00,77171.35,77298.39,77311.34,77157.35,405,1779742199.791,BTCUSD_otc
352,2026-05-25 20:50:00,77300.95,77401.29,77410.15,77191.98,423,1779742499.62,BTCUSD_otc
352,2026-05-25 20:55:00,77408.57,77414.99,77445.4,77307.06,393,1779742799.575,BTCUSD_otc
352,2026-05-25 21:00:00,77412.09,77568.85,77570.24,77367.38,410,1779743099.505,BTCUSD_otc
352,2026-05-25 21:05:00,77553.85,77535.98,77556.63,77430.17,397,1779743398.45,BTCUSD_otc
352,2026-05-25 21:10:00,77544.48,77563.92,77620.6,77445.11,413,1779743699.81,BTCUSD_otc
352,2026-05-25 21:15:00,77563.92,77637.86,77721.4,77554.77,405,1779743999.137,BTCUSD_otc
352,2026-05-25 21:20:00,77641.01,77763.33,77768.44,77619.44,409,1779744299.053,BTCUSD_otc
352,2026-05-25 21:25:00,77759.42,77765.57,77837.6,77724.0,389,1779744599.997,BTCUSD_otc
352,2026-05-25 21:30:00,77765.57,77833.66,77854.89,77751.14,417,1779744898.954,BTCUSD_otc
352,2026-05-25 21:35:00,77833.66,77575.69,77855.14,77575.69,391,1779745199.875,BTCUSD_otc
352,2026-05-25 21:40:00,77579.23,77489.02,77626.41,77446.21,389,1779745499.802,BTCUSD_otc
352,2026-05-25 21:45:00,77489.02,77410.58,77547.11,77389.89,403,1779745799.218,BTCUSD_otc
352,2026-05-25 21:50:00,77410.58,77304.32,77450.88,77286.77,386,1779746098.616,BTCUSD_otc
352,2026-05-25 21:55:00,77307.36,77359.41,77474.79,77282.13,414,1779746399.064,BTCUSD_otc
352,2026-05-25 22:00:00,77352.22,77414.77,77443.29,77311.22,390,1779746699.952,BTCUSD_otc
352,2026-05-25 22:05:00,77410.67,77489.94,77608.25,77385.52,418,1779746999.942,BTCUSD_otc
352,2026-05-25 22:10:00,77489.94,77389.26,77538.1,77368.72,381,1779747299.353,BTCUSD_otc
352,2026-05-25 22:15:00,77389.26,77473.28,77511.68,77375.67,399,1779747598.835,BTCUSD_otc
352,2026-05-25 22:20:00,77477.92,77513.07,77573.86,77464.66,415,1779747899.733,BTCUSD_otc
352,2026-05-25 22:25:00,77516.09,77483.0,77596.72,77433.38,394,1779748199.198,BTCUSD_otc
352,2026-05-25 22:30:00,77483.0,77337.54,77505.53,77294.77,391,1779748499.075,BTCUSD_otc
352,2026-05-25 22:35:00,77335.46,77357.1,77394.72,77256.88,410,1779748799.028,BTCUSD_otc
352,2026-05-25 22:40:00,77367.24,77342.06,77416.22,77297.44,388,1779749099.374,BTCUSD_otc
352,2026-05-25 22:45:00,77342.06,77590.2,77603.58,77326.06,383,1779749399.825,BTCUSD_otc
352,2026-05-25 22:50:00,77590.2,77610.74,77685.85,77543.04,397,1779749699.751,BTCUSD_otc
352,2026-05-25 22:55:00,77608.7,77584.03,77623.69,77447.11,413,1779749999.176,BTCUSD_otc
352,2026-05-25 23:00:00,77584.03,77526.21,77654.23,77482.25,400,1779750299.617,BTCUSD_otc
352,2026-05-25 23:05:00,77526.21,77543.38,77615.31,77483.95,382,1779750599.022,BTCUSD_otc
352,2026-05-25 23:10:00,77546.38,77411.21,77566.03,77347.01,401,1779750899.987,BTCUSD_otc
352,2026-05-25 23:15:00,77411.21,77476.82,77508.91,77277.14,404,1779751199.359,BTCUSD_otc
352,2026-05-25 23:20:00,77474.09,77504.56,77601.12,77445.17,409,1779751499.83,BTCUSD_otc
352,2026-05-25 23:25:00,77504.56,77669.07,77684.78,77399.52,401,1779751799.693,BTCUSD_otc
352,2026-05-25 23:30:00,77669.07,77755.65,77784.11,77620.25,401,1779752099.655,BTCUSD_otc
352,2026-05-25 23:35:00,77755.65,77729.16,77881.49,77670.43,411,1779752399.569,BTCUSD_otc
352,2026-05-25 23:40:00,77729.16,77596.2,77729.16,77579.57,406,1779752699.557,BTCUSD_otc
352,2026-05-25 23:45:00,77598.32,77673.88,77703.05,77556.88,408,1779752999.926,BTCUSD_otc
352,2026-05-25 23:50:00,77673.88,77803.79,77850.74,77673.88,407,1779753299.861,BTCUSD_otc
352,2026-05-25 23:55:00,77803.79,77929.46,77954.27,77795.33,387,1779753599.754,BTCUSD_otc
352,2026-05-26 00:00:00,77929.46,77839.96,77948.78,77796.33,416,1779753899.666,BTCUSD_otc
352,2026-05-26 00:05:00,77839.96,77968.36,78013.29,77825.68,382,1779754199.624,BTCUSD_otc
352,2026-05-26 00:10:00,77971.91,78137.2,78232.02,77971.91,421,1779754497.012,BTCUSD_otc
352,2026-05-26 00:15:00,78132.06,78048.9,78157.45,78031.27,385,1779754799.49,BTCUSD_otc
352,2026-05-26 00:20:00,78048.9,78157.28,78200.22,78048.9,386,1779755098.872,BTCUSD_otc
352,2026-05-26 00:25:00,78157.28,78185.06,78229.47,78108.45,410,1779755399.351,BTCUSD_otc
352,2026-05-26 00:30:00,78179.54,78290.97,78304.95,78103.52,403,1779755699.728,BTCUSD_otc
352,2026-05-26 00:35:00,78287.92,78283.08,78343.83,78243.77,424,1779755999.191,BTCUSD_otc
352,2026-05-26 00:40:00,78283.08,78450.76,78496.19,78274.4,425,1779756299.572,BTCUSD_otc
352,2026-05-26 00:45:00,78450.76,78565.92,78608.86,78375.42,403,1779756599.48,BTCUSD_otc
352,2026-05-26 00:50:00,78568.55,78674.1,78674.1,78549.05,398,1779756899.426,BTCUSD_otc
352,2026-05-26 00:55:00,78674.1,78417.34,78678.98,78405.61,405,1779757199.901,BTCUSD_otc
352,2026-05-26 01:00:00,78417.34,78270.78,78453.66,78246.37,406,1779757499.82,BTCUSD_otc
352,2026-05-26 01:05:00,78268.43,78091.71,78321.53,78017.04,416,1779757799.768,BTCUSD_otc
352,2026-05-26 01:10:00,78080.52,78129.54,78151.06,77962.04,409,1779758099.692,BTCUSD_otc
352,2026-05-26 01:15:00,78129.54,78238.05,78281.01,78047.12,392,1779758399.095,BTCUSD_otc
352,2026-05-26 01:20:00,78241.03,78191.96,78279.97,78100.98,414,1779758698.498,BTCUSD_otc
352,2026-05-26 01:25:00,78195.87,78312.66,78322.52,78185.04,407,1779758999.871,BTCUSD_otc
352,2026-05-26 01:30:00,78312.66,78318.1,78395.34,78253.73,408,1779759299.846,BTCUSD_otc
352,2026-05-26 01:35:00,78318.1,78202.76,78338.77,78196.02,391,1779759599.763,BTCUSD_otc
352,2026-05-26 01:40:00,78210.68,78329.07,78347.98,78201.3,392,1779759899.768,BTCUSD_otc
352,2026-05-26 01:45:00,78321.77,78498.22,78519.81,78310.02,405,1779760199.636,BTCUSD_otc
352,2026-05-26 01:50:00,78504.21,78559.05,78607.61,78448.68,402,1779760499.116,BTCUSD_otc
352,2026-05-26 01:55:00,78559.05,78435.79,78563.98,78433.54,403,1779760799.952,BTCUSD_otc
352,2026-05-26 02:00:00,78435.79,78297.85,78460.18,78288.45,399,1779761099.852,BTCUSD_otc
352,2026-05-26 02:05:00,78297.85,78487.66,78495.64,78293.9,392,1779761399.849,BTCUSD_otc
352,2026-05-26 02:10:00,78487.66,78489.48,78527.94,78395.52,402,1779761699.307,BTCUSD_otc
352,2026-05-26 02:15:00,78489.48,78504.76,78567.81,78484.37,399,1779761999.756,BTCUSD_otc
352,2026-05-26 02:20:00,78504.76,78483.76,78544.98,78405.63,402,1779762299.641,BTCUSD_otc
352,2026-05-26 02:25:00,78486.16,78313.43,78509.17,78294.6,386,1779762599.642,BTCUSD_otc
352,2026-05-26 02:30:00,78313.43,78357.99,78435.97,78279.92,408,1779762899.55,BTCUSD_otc
352,2026-05-26 02:35:00,78357.99,78304.88,78391.48,78229.66,408,1779763199.548,BTCUSD_otc
352,2026-05-26 02:40:00,78320.34,78259.5,78348.36,78242.2,393,1779763499.988,BTCUSD_otc
352,2026-05-26 02:45:00,78248.01,78281.06,78343.3,78225.09,397,1779763799.938,BTCUSD_otc
352,2026-05-26 02:50:00,78281.06,78107.35,78305.45,78059.6,399,1779764099.893,BTCUSD_otc
352,2026-05-26 02:55:00,78107.35,78114.2,78238.13,78070.47,424,1779764399.8,BTCUSD_otc
352,2026-05-26 03:00:00,78115.92,78078.96,78152.27,78050.4,413,1779764699.758,BTCUSD_otc
352,2026-05-26 03:05:00,78072.74,78044.63,78247.53,78007.34,410,1779764999.194,BTCUSD_otc
352,2026-05-26 03:10:00,78044.63,77995.19,78139.91,77954.03,397,1779765299.64,BTCUSD_otc
352,2026-05-26 03:15:00,77995.19,78020.13,78100.99,77931.0,415,1779765599.57,BTCUSD_otc
352,2026-05-26 03:20:00,78025.3,78147.9,78253.03,77997.55,409,1779765899.94,BTCUSD_otc
352,2026-05-26 03:25:00,78147.9,78238.7,78238.7,78099.29,395,1779766199.917,BTCUSD_otc
352,2026-05-26 03:30:00,78238.7,78079.31,78238.7,78009.89,408,1779766499.804,BTCUSD_otc
352,2026-05-26 03:35:00,78079.31,78054.43,78101.41,77992.7,405,1779766798.793,BTCUSD_otc
352,2026-05-26 03:40:00,78038.64,78242.49,78280.31,78016.8,402,1779767099.167,BTCUSD_otc
352,2026-05-26 03:45:00,78242.49,78328.57,78331.45,78198.92,391,1779767399.659,BTCUSD_otc
352,2026-05-26 03:50:00,78330.47,78270.51,78376.11,78261.93,407,1779767699.512,BTCUSD_otc
352,2026-05-26 03:55:00,78267.65,78298.76,78357.29,78213.95,400,1779767999.973,BTCUSD_otc
352,2026-05-26 04:00:00,78298.76,78366.62,78415.83,78298.76,404,1779768299.866,BTCUSD_otc
352,2026-05-26 04:05:00,78366.62,78329.63,78386.52,78263.12,386,1779768599.803,BTCUSD_otc
352,2026-05-26 04:10:00,78329.63,78449.64,78464.89,78321.71,407,1779768899.178,BTCUSD_otc
352,2026-05-26 04:15:00,78452.8,78552.65,78563.19,78406.88,405,1779769199.645,BTCUSD_otc
352,2026-05-26 04:20:00,78556.06,78577.42,78608.58,78516.96,388,1779769499.043,BTCUSD_otc
352,2026-05-26 04:25:00,78567.58,78774.58,78782.16,78559.57,396,1779769799.417,BTCUSD_otc
352,2026-05-26 04:30:00,78774.58,78723.95,78804.84,78711.62,388,1779770099.412,BTCUSD_otc
352,2026-05-26 04:35:00,78728.15,78713.05,78743.62,78645.16,402,1779770399.786,BTCUSD_otc
352,2026-05-26 04:40:00,78713.05,78714.57,78724.85,78598.16,401,1779770699.778,BTCUSD_otc
352,2026-05-26 04:45:00,78714.57,78800.92,78851.38,78660.54,385,1779770999.678,BTCUSD_otc
352,2026-05-26 04:50:00,78804.25,78751.7,78871.31,78712.81,383,1779771299.177,BTCUSD_otc
352,2026-05-26 04:55:00,78751.7,78705.21,78784.98,78595.44,398,1779771599.497,BTCUSD_otc
352,2026-05-26 05:00:00,78700.24,78643.47,78701.92,78606.84,403,1779771899.909,BTCUSD_otc
352,2026-05-26 05:05:00,78643.47,78730.63,78739.82,78590.01,403,1779772199.348,BTCUSD_otc
352,2026-05-26 05:10:00,78735.23,78808.42,78872.04,78690.45,400,1779772499.791,BTCUSD_otc
352,2026-05-26 05:15:00,78805.79,78859.04,78888.73,78771.0,400,1779772799.729,BTCUSD_otc
352,2026-05-26 05:20:00,78859.04,78875.32,78973.58,78834.32,408,1779773099.164,BTCUSD_otc
352,2026-05-26 05:25:00,78879.23,78624.76,78882.46,78621.48,433,1779773399.588,BTCUSD_otc
352,2026-05-26 05:30:00,78624.76,78699.88,78777.96,78593.7,405,1779773699.986,BTCUSD_otc
352,2026-05-26 05:35:00,78688.25,78544.99,78701.44,78530.54,399,1779773999.994,BTCUSD_otc
352,2026-05-26 05:40:00,78544.99,78651.02,78655.43,78467.23,391,1779774299.947,BTCUSD_otc
352,2026-05-26 05:45:00,78651.02,78616.91,78731.46,78567.82,397,1779774599.366,BTCUSD_otc
352,2026-05-26 05:50:00,78616.91,78702.45,78725.38,78616.91,393,1779774899.831,BTCUSD_otc
352,2026-05-26 05:55:00,78702.45,78998.46,79018.34,78702.45,381,1779775199.315,BTCUSD_otc
352,2026-05-26 06:00:00,78998.46,79076.99,79127.71,78989.14,414,1779775499.785,BTCUSD_otc
352,2026-05-26 06:05:00,79072.86,79139.46,79139.46,79017.77,408,1779775799.72,BTCUSD_otc
352,2026-05-26 06:10:00,79144.2,79016.73,79146.89,79001.82,410,1779776099.126,BTCUSD_otc
352,2026-05-26 06:15:00,79016.73,79062.62,79135.84,78989.15,397,1779776399.531,BTCUSD_otc
352,2026-05-26 06:20:00,79056.83,78899.08,79085.08,78863.05,410,1779776699.94,BTCUSD_otc
352,2026-05-26 06:25:00,78907.19,78971.5,79076.85,78864.7,401,1779776999.388,BTCUSD_otc
352,2026-05-26 06:30:00,78971.5,79268.98,79293.0,78955.11,404,1779777298.769,BTCUSD_otc
352,2026-05-26 06:35:00,79268.98,79329.67,79385.99,79222.06,378,1779777599.258,BTCUSD_otc
352,2026-05-26 06:40:00,79335.68,79406.22,79456.41,79318.31,404,1779777899.144,BTCUSD_otc
352,2026-05-26 06:45:00,79406.22,79417.47,79468.05,79321.97,407,1779778199.629,BTCUSD_otc
352,2026-05-26 06:50:00,79417.47,79412.55,79494.79,79375.47,412,1779778499.998,BTCUSD_otc
352,2026-05-26 06:55:00,79412.55,79308.88,79451.62,79214.32,395,1779778799.979,BTCUSD_otc
352,2026-05-26 07:00:00,79308.88,79413.58,79484.54,79307.17,396,1779779099.853,BTCUSD_otc
352,2026-05-26 07:05:00,79407.81,79468.84,79483.17,79365.01,405,1779779399.854,BTCUSD_otc
352,2026-05-26 07:10:00,79468.84,79460.74,79499.74,79344.15,415,1779779699.772,BTCUSD_otc
352,2026-05-26 07:15:00,79457.85,79662.37,79667.2,79398.02,405,1779779998.765,BTCUSD_otc
352,2026-05-26 07:20:00,79665.31,79718.8,79727.17,79542.53,414,1779780299.168,BTCUSD_otc
352,2026-05-26 07:25:00,79718.8,79876.55,79883.38,79718.8,411,1779780599.688,BTCUSD_otc
352,2026-05-26 07:30:00,79876.55,79851.79,79979.5,79775.25,398,1779780899.52,BTCUSD_otc
352,2026-05-26 07:35:00,79853.82,80001.92,80001.92,79749.57,402,1779781199.992,BTCUSD_otc
352,2026-05-26 07:40:00,79998.55,80083.38,80103.02,79970.97,386,1779781499.957,BTCUSD_otc
352,2026-05-26 07:45:00,80083.38,80270.55,80270.55,80061.95,405,1779781798.932,BTCUSD_otc
352,2026-05-26 07:50:00,80270.55,80327.55,80329.56,80139.7,396,1779782099.339,BTCUSD_otc
352,2026-05-26 07:55:00,80327.55,80400.96,80416.02,80291.65,382,1779782399.854,BTCUSD_otc
352,2026-05-26 08:00:00,80400.96,80442.84,80503.65,80400.96,406,1779782699.23,BTCUSD_otc
352,2026-05-26 08:05:00,80442.84,80148.66,80446.02,80130.63,394,1779782999.713,BTCUSD_otc
352,2026-05-26 08:10:00,80145.71,80121.4,80179.91,80078.78,400,1779783299.619,BTCUSD_otc
352,2026-05-26 08:15:00,80118.72,79864.12,80134.96,79845.46,401,1779783599.58,BTCUSD_otc
352,2026-05-26 08:20:00,79864.12,79810.83,79925.7,79726.19,417,1779783898.987,BTCUSD_otc
352,2026-05-26 08:25:00,79810.83,79801.96,79875.56,79705.56,403,1779784199.516,BTCUSD_otc
352,2026-05-26 08:30:00,79801.96,79995.42,80003.43,79757.46,395,1779784499.872,BTCUSD_otc
352,2026-05-26 08:35:00,79995.42,80112.87,80131.96,79962.8,386,1779784799.809,BTCUSD_otc
352,2026-05-26 08:40:00,80124.68,80158.48,80224.6,80084.08,391,1779785098.757,BTCUSD_otc
352,2026-05-26 08:45:00,80158.48,80177.05,80210.5,80114.29,408,1779785399.21,BTCUSD_otc
352,2026-05-26 08:50:00,80183.69,80052.93,80196.25,80043.36,406,1779785699.65,BTCUSD_otc
352,2026-05-26 08:55:00,80055.25,79879.34,80065.05,79865.43,397,1779785999.538,BTCUSD_otc
352,2026-05-26 09:00:00,79879.34,79893.15,79972.78,79837.53,405,1779786299.948,BTCUSD_otc
352,2026-05-26 09:05:00,79893.15,79725.48,79903.84,79659.48,399,1779786599.872,BTCUSD_otc
352,2026-05-26 09:10:00,79721.31,79775.81,79807.15,79677.72,404,1779786899.339,BTCUSD_otc
352,2026-05-26 09:15:00,79771.82,79743.83,79817.82,79676.96,401,1779787199.774,BTCUSD_otc
352,2026-05-26 09:20:00,79743.83,79831.36,79871.7,79731.94,410,1779787499.227,BTCUSD_otc
352,2026-05-26 09:25:00,79838.5,79755.96,79881.24,79694.74,402,1779787799.164,BTCUSD_otc
352,2026-05-26 09:30:00,79755.96,79637.49,79758.99,79616.77,409,1779788099.107,BTCUSD_otc
352,2026-05-26 09:35:00,79628.77,79581.49,79652.92,79502.48,383,1779788399.524,BTCUSD_otc
352,2026-05-26 09:40:00,79588.7,79577.11,79697.54,79532.59,411,1779788699.516,BTCUSD_otc
352,2026-05-26 09:45:00,79577.11,79402.67,79579.42,79394.42,397,1779788999.464,BTCUSD_otc
352,2026-05-26 09:50:00,79402.67,79316.43,79503.94,79316.43,377,1779789299.919,BTCUSD_otc
352,2026-05-26 09:55:00,79316.43,79226.13,79356.3,79207.1,411,1779789599.854,BTCUSD_otc
352,2026-05-26 10:00:00,79226.13,79194.59,79308.51,79120.45,383,1779789899.805,BTCUSD_otc
352,2026-05-26 10:05:00,79194.59,79305.4,79305.4,79141.31,392,1779790199.68,BTCUSD_otc
352,2026-05-26 10:10:00,79305.4,79455.75,79491.85,79303.21,387,1779790499.176,BTCUSD_otc
352,2026-05-26 10:15:00,79455.75,79373.55,79498.21,79360.9,401,1779790799.604,BTCUSD_otc
352,2026-05-26 10:20:00,79376.24,79282.84,79432.83,79276.88,411,1779791099.579,BTCUSD_otc
352,2026-05-26 10:25:00,79282.84,79333.98,79367.4,79226.93,386,1779791399.998,BTCUSD_otc
352,2026-05-26 10:30:00,79333.98,79279.15,79354.1,79279.15,389,1779791699.995,BTCUSD_otc
352,2026-05-26 10:35:00,79279.15,79149.39,79316.37,79128.62,401,1779791999.882,BTCUSD_otc
352,2026-05-26 10:40:00,79146.48,79146.65,79195.35,79066.62,377,1779792299.372,BTCUSD_otc
352,2026-05-26 10:45:00,79146.65,79254.72,79316.8,79127.01,412,1779792599.828,BTCUSD_otc
352,2026-05-26 10:50:00,79254.72,79302.38,79344.51,79234.83,388,1779792899.743,BTCUSD_otc
352,2026-05-26 10:55:00,79302.38,79416.13,79453.25,79289.41,400,1779793199.699,BTCUSD_otc
352,2026-05-26 11:00:00,79411.94,79459.01,79526.72,79364.64,404,1779793498.599,BTCUSD_otc
352,2026-05-26 11:05:00,79454.82,79403.46,79476.53,79346.86,412,1779793799.946,BTCUSD_otc
352,2026-05-26 11:10:00,79403.46,79256.05,79412.69,79217.82,400,1779794099.927,BTCUSD_otc
352,2026-05-26 11:15:00,79256.05,79075.41,79256.05,79049.26,387,1779794399.835,BTCUSD_otc
352,2026-05-26 11:20:00,79075.41,79016.66,79080.89,78914.45,407,1779794699.831,BTCUSD_otc
352,2026-05-26 11:25:00,79016.66,78956.95,79088.14,78943.1,401,1779794999.7,BTCUSD_otc
352,2026-05-26 11:30:00,78956.95,79094.55,79145.75,78939.03,409,1779795299.626,BTCUSD_otc
352,2026-05-26 11:35:00,79094.55,78974.89,79094.55,78928.79,416,1779795599.591,BTCUSD_otc
352,2026-05-26 11:40:00,78971.45,78969.64,79031.39,78809.2,418,1779795899.551,BTCUSD_otc
352,2026-05-26 11:45:00,78973.39,79058.7,79065.99,78934.85,395,1779796198.019,BTCUSD_otc
352,2026-05-26 11:50:00,79058.7,79002.13,79082.33,78985.84,404,1779796499.57,BTCUSD_otc
352,2026-05-26 11:55:00,78998.59,78965.41,79030.48,78895.63,400,1779796799.917,BTCUSD_otc
352,2026-05-26 12:00:00,78965.41,78874.83,79053.38,78869.14,405,1779797098.887,BTCUSD_otc
352,2026-05-26 12:05:00,78874.83,78626.98,78918.12,78621.7,387,1779797398.279,BTCUSD_otc
352,2026-05-26 12:10:00,78628.94,78505.99,78661.14,78441.25,383,1779797699.215,BTCUSD_otc
352,2026-05-26 12:15:00,78495.82,78565.09,78630.43,78495.82,383,1779797999.617,BTCUSD_otc
352,2026-05-26 12:20:00,78560.01,78457.94,78583.06,78445.46,407,1779798299.546,BTCUSD_otc
352,2026-05-26 12:25:00,78454.74,78528.25,78579.51,78356.19,398,1779798599.541,BTCUSD_otc
352,2026-05-26 12:30:00,78522.58,78568.44,78671.59,78485.79,390,1779798899.937,BTCUSD_otc
352,2026-05-26 12:35:00,78568.44,78434.03,78675.8,78418.1,388,1779799199.928,BTCUSD_otc
352,2026-05-26 12:40:00,78434.03,78691.86,78733.37,78391.21,419,1779799499.364,BTCUSD_otc
352,2026-05-26 12:45:00,78694.15,78661.44,78775.52,78653.44,395,1779799799.845,BTCUSD_otc
352,2026-05-26 12:50:00,78663.46,78601.38,78734.84,78574.59,389,1779800099.288,BTCUSD_otc
352,2026-05-26 12:55:00,78601.38,78772.41,78855.85,78579.5,389,1779800399.272,BTCUSD_otc
352,2026-05-26 13:00:00,78772.41,78806.59,78893.02,78764.58,418,1779800698.688,BTCUSD_otc
352,2026-05-26 13:05:00,78813.52,78894.71,78894.89,78771.48,389,1779800999.664,BTCUSD_otc
352,2026-05-26 13:10:00,78894.71,78831.3,78894.71,78702.8,410,1779801299.533,BTCUSD_otc
352,2026-05-26 13:15:00,78831.3,78475.8,78839.45,78468.17,401,1779801599.551,BTCUSD_otc
352,2026-05-26 13:20:00,78475.8,78547.78,78639.98,78436.27,415,1779801899.978,BTCUSD_otc
352,2026-05-26 13:25:00,78547.78,78600.42,78732.4,78547.78,386,1779802199.931,BTCUSD_otc
352,2026-05-26 13:30:00,78600.42,78586.85,78620.09,78472.67,390,1779802499.773,BTCUSD_otc
352,2026-05-26 13:35:00,78586.85,78448.7,78591.03,78448.7,394,1779802799.733,BTCUSD_otc
352,2026-05-26 13:40:00,78446.82,78527.55,78547.46,78328.52,379,1779803099.205,BTCUSD_otc
352,2026-05-26 13:45:00,78531.57,78547.63,78643.67,78447.62,393,1779803399.713,BTCUSD_otc
352,2026-05-26 13:50:00,78547.63,78496.55,78636.22,78489.9,372,1779803699.112,BTCUSD_otc
352,2026-05-26 13:55:00,78491.41,78456.55,78539.04,78416.66,419,1779803999.609,BTCUSD_otc
352,2026-05-26 14:00:00,78454.66,78694.9,78700.03,78446.37,392,1779804299.524,BTCUSD_otc
352,2026-05-26 14:05:00,78697.8,78645.8,78750.06,78577.36,432,1779804599.985,BTCUSD_otc
352,2026-05-26 14:10:00,78645.8,78761.7,78763.78,78595.24,391,1779804899.9,BTCUSD_otc
352,2026-05-26 14:15:00,78761.7,78742.79,78829.33,78661.13,413,1779805199.915,BTCUSD_otc
352,2026-05-26 14:20:00,78745.63,78795.12,78806.26,78689.15,388,1779805499.846,BTCUSD_otc
352,2026-05-26 14:25:00,78795.12,78908.39,78938.67,78754.25,393,1779805799.821,BTCUSD_otc
352,2026-05-26 14:30:00,78913.54,79006.61,79015.29,78881.96,395,1779806099.702,BTCUSD_otc
352,2026-05-26 14:35:00,79006.61,79105.77,79111.56,78983.19,399,1779806398.688,BTCUSD_otc
352,2026-05-26 14:40:00,79103.42,78926.41,79103.42,78898.94,413,1779806699.088,BTCUSD_otc
352,2026-05-26 14:45:00,78926.41,78943.77,79005.43,78905.63,395,1779806998.576,BTCUSD_otc
352,2026-05-26 14:50:00,78943.77,78981.06,79081.85,78913.72,390,1779807298.964,BTCUSD_otc
352,2026-05-26 14:55:00,78981.06,78998.56,79023.54,78817.35,413,1779807599.503,BTCUSD_otc
352,2026-05-26 15:00:00,79001.74,79077.32,79134.8,78938.88,398,1779807899.896,BTCUSD_otc
352,2026-05-26 15:05:00,79077.32,78981.71,79094.38,78974.02,396,1779808198.927,BTCUSD_otc
352,2026-05-26 15:10:00,78987.33,78840.57,78987.33,78758.47,384,1779808499.817,BTCUSD_otc
352,2026-05-26 15:15:00,78836.52,78720.8,78877.37,78686.39,395,1779808799.784,BTCUSD_otc
352,2026-05-26 15:20:00,78720.8,78600.3,78755.86,78600.3,411,1779809099.229,BTCUSD_otc
352,2026-05-26 15:25:00,78600.3,78348.09,78676.41,78333.7,394,1779809399.716,BTCUSD_otc
352,2026-05-26 15:30:00,78344.43,78481.81,78494.74,78295.57,411,1779809699.59,BTCUSD_otc
352,2026-05-26 15:35:00,78481.81,78515.42,78602.41,78390.34,408,1779809999.604,BTCUSD_otc
352,2026-05-26 15:40:00,78512.58,78455.95,78577.35,78428.26,407,1779810299.007,BTCUSD_otc
352,2026-05-26 15:45:00,78452.08,78476.67,78513.3,78413.43,403,1779810599.503,BTCUSD_otc
352,2026-05-26 15:50:00,78478.77,78485.88,78534.02,78437.16,419,1779810899.939,BTCUSD_otc
352,2026-05-26 15:55:00,78485.88,78520.91,78554.55,78459.98,387,1779811199.907,BTCUSD_otc
352,2026-05-26 16:00:00,78520.91,78549.32,78583.97,78458.05,384,1779811498.813,BTCUSD_otc
352,2026-05-26 16:05:00,78547.26,78648.3,78720.77,78514.13,405,1779811799.346,BTCUSD_otc
352,2026-05-26 16:10:00,78648.3,78461.9,78648.3,78439.24,408,1779812099.756,BTCUSD_otc
352,2026-05-26 16:15:00,78461.9,78440.08,78461.9,78333.45,400,1779812399.238,BTCUSD_otc
352,2026-05-26 16:20:00,78440.08,78290.57,78440.08,78269.89,391,1779812699.642,BTCUSD_otc
352,2026-05-26 16:25:00,78287.8,78365.88,78396.79,78279.89,396,1779812999.129,BTCUSD_otc
352,2026-05-26 16:30:00,78365.88,78377.1,78378.61,78292.7,379,1779813299.084,BTCUSD_otc
352,2026-05-26 16:35:00,78372.86,78466.63,78497.71,78278.53,428,1779813599.566,BTCUSD_otc
352,2026-05-26 16:40:00,78468.33,78455.92,78531.6,78390.29,391,1779813899.553,BTCUSD_otc
352,2026-05-26 16:45:00,78452.6,78521.47,78521.47,78408.89,418,1779814199.975,BTCUSD_otc
352,2026-05-26 16:50:00,78521.47,78505.26,78616.32,78438.43,392,1779814499.923,BTCUSD_otc
352,2026-05-26 16:55:00,78505.26,78527.51,78613.48,78482.95,382,1779814799.842,BTCUSD_otc
352,2026-05-26 17:00:00,78527.51,78483.75,78574.05,78425.0,405,1779815099.792,BTCUSD_otc
352,2026-05-26 17:05:00,78483.75,78703.91,78704.14,78450.84,407,1779815399.795,BTCUSD_otc
352,2026-05-26 17:10:00,78703.91,78751.01,78753.72,78645.6,421,1779815699.261,BTCUSD_otc
352,2026-05-26 17:15:00,78748.05,78748.93,78795.96,78671.04,399,1779815999.166,BTCUSD_otc
352,2026-05-26 17:20:00,78745.12,78425.47,78750.57,78419.07,390,1779816299.601,BTCUSD_otc
352,2026-05-26 17:25:00,78423.26,78491.81,78510.54,78409.08,396,1779816599.573,BTCUSD_otc
352,2026-05-26 17:30:00,78491.81,78722.66,78732.97,78490.14,422,1779816899.519,BTCUSD_otc
352,2026-05-26 17:35:00,78725.62,78992.94,79010.04,78722.51,414,1779817197.498,BTCUSD_otc
352,2026-05-26 17:40:00,78992.94,79035.5,79076.38,78884.16,393,1779817499.509,BTCUSD_otc
352,2026-05-26 17:45:00,79035.5,79111.46,79148.82,79033.06,397,1779817799.929,BTCUSD_otc
352,2026-05-26 17:50:00,79106.77,79003.94,79122.47,78975.38,401,1779818099.899,BTCUSD_otc
352,2026-05-26 17:55:00,78994.74,79007.03,79043.74,78937.99,408,1779818399.764,BTCUSD_otc
352,2026-05-26 18:00:00,79007.03,79049.38,79075.5,78975.66,400,1779818699.708,BTCUSD_otc
352,2026-05-26 18:05:00,79049.38,79058.55,79137.72,78988.36,400,1779818999.662,BTCUSD_otc
352,2026-05-26 18:10:00,79067.12,78878.22,79074.94,78839.48,420,1779819299.572,BTCUSD_otc
352,2026-05-26 18:15:00,78878.22,78913.67,79008.6,78848.72,396,1779819599.019,BTCUSD_otc
352,2026-05-26 18:20:00,78916.45,78935.71,79032.19,78873.97,408,1779819899.908,BTCUSD_otc
352,2026-05-26 18:25:00,78929.55,78877.61,78985.41,78877.61,410,1779820199.873,BTCUSD_otc
352,2026-05-26 18:30:00,78877.61,78805.51,78958.88,78788.31,384,1779820499.225,BTCUSD_otc
352,2026-05-26 18:35:00,78805.51,78763.95,78876.38,78741.93,391,1779820799.258,BTCUSD_otc
352,2026-05-26 18:40:00,78767.23,78562.65,78767.23,78525.64,404,1779821099.664,BTCUSD_otc
352,2026-05-26 18:45:00,78558.92,78473.04,78616.89,78441.03,409,1779821399.665,BTCUSD_otc
352,2026-05-26 18:50:00,78473.04,78614.95,78614.95,78453.07,399,1779821699.02,BTCUSD_otc
352,2026-05-26 18:55:00,78617.52,78468.15,78688.95,78435.93,423,1779821999.994,BTCUSD_otc
352,2026-05-26 19:00:00,78468.15,78298.59,78507.52,78298.59,395,1779822299.891,BTCUSD_otc
352,2026-05-26 19:05:00,78296.34,78204.27,78324.67,78194.09,404,1779822598.315,BTCUSD_otc
352,2026-05-26 19:10:00,78204.27,78055.48,78235.56,78041.9,399,1779822899.76,BTCUSD_otc
352,2026-05-26 19:15:00,78057.5,78126.81,78174.47,78057.5,383,1779823199.721,BTCUSD_otc
352,2026-05-26 19:20:00,78122.68,78177.68,78199.66,78019.53,385,1779823499.647,BTCUSD_otc
352,2026-05-26 19:25:00,78187.95,78210.53,78244.14,78113.1,389,1779823799.039,BTCUSD_otc
352,2026-05-26 19:30:00,78210.53,78371.17,78408.21,78190.93,400,1779824099.548,BTCUSD_otc
352,2026-05-26 19:35:00,78371.17,78270.02,78388.32,78241.57,396,1779824398.913,BTCUSD_otc
352,2026-05-26 19:40:00,78266.52,78313.83,78383.45,78266.52,378,1779824699.905,BTCUSD_otc
352,2026-05-26 19:45:00,78313.83,78490.14,78511.92,78298.64,393,1779824999.284,BTCUSD_otc
352,2026-05-26 19:50:00,78490.14,78614.79,78614.79,78438.71,407,1779825299.739,BTCUSD_otc
352,2026-05-26 19:55:00,78617.68,78389.68,78620.38,78357.17,409,1779825599.658,BTCUSD_otc
352,2026-05-26 20:00:00,78389.68,78509.45,78537.46,78389.68,404,1779825899.643,BTCUSD_otc
352,2026-05-26 20:05:00,78509.45,78356.7,78541.49,78345.25,416,1779826199.523,BTCUSD_otc
352,2026-05-26 20:10:00,78361.43,78502.13,78522.91,78343.0,414,1779826499.499,BTCUSD_otc
352,2026-05-26 20:15:00,78502.13,78626.6,78630.3,78459.56,384,1779826799.971,BTCUSD_otc
352,2026-05-26 20:20:00,78626.6,78629.35,78697.41,78571.38,392,1779827099.903,BTCUSD_otc
352,2026-05-26 20:25:00,78629.35,78389.85,78674.11,78389.85,371,1779827399.766,BTCUSD_otc
352,2026-05-26 20:30:00,78389.85,78403.0,78422.08,78296.2,406,1779827699.704,BTCUSD_otc
352,2026-05-26 20:35:00,78395.54,78625.3,78625.3,78394.97,384,1779827999.622,BTCUSD_otc
352,2026-05-26 20:40:00,78622.2,78659.81,78670.47,78539.33,390,1779828299.573,BTCUSD_otc
352,2026-05-26 20:45:00,78654.4,78713.09,78784.28,78654.4,385,1779828599.516,BTCUSD_otc
352,2026-05-26 20:50:00,78710.36,78566.6,78732.6,78538.91,416,1779828899.922,BTCUSD_otc
352,2026-05-26 20:55:00,78562.09,78465.83,78601.93,78422.71,416,1779829199.881,BTCUSD_otc
352,2026-05-26 21:00:00,78465.83,78193.2,78536.85,78191.23,391,1779829499.227,BTCUSD_otc
352,2026-05-26 21:05:00,78196.3,78149.59,78204.5,77920.43,426,1779829799.704,BTCUSD_otc
352,2026-05-26 21:10:00,78147.33,78005.95,78234.9,77990.05,419,1779830099.591,BTCUSD_otc
352,2026-05-26 21:15:00,78005.95,78019.67,78165.99,77926.24,411,1779830399.552,BTCUSD_otc
352,2026-05-26 21:20:00,78024.81,77981.82,78034.94,77902.59,404,1779830699.434,BTCUSD_otc
352,2026-05-26 21:25:00,77981.82,77975.21,77988.43,77889.96,390,1779830999.83,BTCUSD_otc
352,2026-05-26 21:30:00,77969.23,78096.24,78173.06,77894.48,391,1779831299.784,BTCUSD_otc
352,2026-05-26 21:35:00,78092.95,78153.25,78249.27,78050.54,404,1779831599.677,BTCUSD_otc
352,2026-05-26 21:40:00,78159.4,78130.7,78257.04,78057.14,394,1779831899.639,BTCUSD_otc
352,2026-05-26 21:45:00,78133.15,77972.22,78136.95,77972.22,417,1779832199.536,BTCUSD_otc
352,2026-05-26 21:50:00,77951.24,77848.04,78016.81,77833.62,382,1779832499.013,BTCUSD_otc
352,2026-05-26 21:55:00,77848.04,77836.32,77878.09,77728.54,391,1779832799.847,BTCUSD_otc
352,2026-05-26 22:00:00,77836.32,77843.77,77888.53,77730.0,413,1779833099.825,BTCUSD_otc
352,2026-05-26 22:05:00,77837.3,77795.83,77925.06,77785.83,406,1779833399.785,BTCUSD_otc
352,2026-05-26 22:10:00,77795.83,77500.34,77797.42,77492.08,418,1779833699.734,BTCUSD_otc
352,2026-05-26 22:15:00,77500.34,77515.88,77581.54,77462.15,412,1779833999.125,BTCUSD_otc
352,2026-05-26 22:20:00,77519.47,77483.6,77584.23,77447.78,420,1779834299.549,BTCUSD_otc
352,2026-05-26 22:25:00,77483.6,77380.24,77531.92,77315.28,411,1779834599.521,BTCUSD_otc
352,2026-05-26 22:30:00,77380.24,77524.77,77530.78,77343.43,412,1779834899.968,BTCUSD_otc
352,2026-05-26 22:35:00,77524.77,77405.41,77524.77,77370.24,422,1779835199.415,BTCUSD_otc
352,2026-05-26 22:40:00,77405.41,77189.84,77405.41,77179.39,410,1779835498.832,BTCUSD_otc
352,2026-05-26 22:45:00,77172.3,77102.27,77195.36,77064.6,410,1779835799.744,BTCUSD_otc
352,2026-05-26 22:50:00,77105.2,77139.02,77156.84,77026.7,412,1779836099.703,BTCUSD_otc
352,2026-05-26 22:55:00,77139.02,77215.45,77222.79,77083.49,417,1779836399.679,BTCUSD_otc
352,2026-05-26 23:00:00,77215.45,77180.26,77298.48,77175.83,393,1779836699.104,BTCUSD_otc
352,2026-05-26 23:05:00,77180.26,77328.14,77434.0,77180.26,410,1779836997.086,BTCUSD_otc
352,2026-05-26 23:10:00,77328.14,77502.02,77551.73,77316.27,397,1779837299.549,BTCUSD_otc
352,2026-05-26 23:15:00,77502.02,77580.27,77645.93,77477.58,394,1779837598.965,BTCUSD_otc
352,2026-05-26 23:20:00,77580.27,77496.33,77666.47,77492.73,401,1779837899.881,BTCUSD_otc
352,2026-05-26 23:25:00,77496.33,77308.26,77558.1,77303.19,403,1779838199.813,BTCUSD_otc
352,2026-05-26 23:30:00,77308.26,77467.92,77471.15,77294.19,399,1779838498.723,BTCUSD_otc
352,2026-05-26 23:35:00,77470.53,77329.18,77507.28,77262.68,403,1779838799.677,BTCUSD_otc
352,2026-05-26 23:40:00,77329.18,77362.29,77512.0,77279.14,420,1779839099.106,BTCUSD_otc
352,2026-05-26 23:45:00,77366.23,77437.68,77489.61,77362.3,405,1779839399.512,BTCUSD_otc
352,2026-05-26 23:50:00,77440.46,77425.95,77491.75,77380.77,404,1779839699.38,BTCUSD_otc
352,2026-05-26 23:55:00,77428.98,77417.24,77476.53,77381.8,389,1779839999.864,BTCUSD_otc
352,2026-05-27 00:00:00,77417.24,77432.95,77532.72,77367.26,406,1779840299.668,BTCUSD_otc
352,2026-05-27 00:05:00,77432.95,77453.27,77460.64,77348.63,399,1779840599.531,BTCUSD_otc
352,2026-05-27 00:10:00,77450.19,77464.13,77478.9,77342.01,396,1779840899.995,BTCUSD_otc
352,2026-05-27 00:15:00,77464.13,77325.96,77564.74,77320.76,389,1779841199.927,BTCUSD_otc
352,2026-05-27 00:20:00,77325.96,77262.66,77338.91,77197.61,375,1779841499.86,BTCUSD_otc
352,2026-05-27 00:25:00,77262.66,77338.86,77338.86,77118.1,402,1779841799.256,BTCUSD_otc
352,2026-05-27 00:30:00,77334.69,77226.36,77400.62,77225.47,396,1779842099.708,BTCUSD_otc
352,2026-05-27 00:35:00,77226.36,77199.52,77343.69,77191.85,389,1779842399.58,BTCUSD_otc
352,2026-05-27 00:40:00,77199.52,77155.23,77237.43,77067.33,404,1779842698.554,BTCUSD_otc
352,2026-05-27 00:45:00,77155.23,77132.22,77195.82,77071.03,422,1779842999.938,BTCUSD_otc
352,2026-05-27 00:50:00,77132.22,77057.55,77239.0,77037.16,389,1779843299.939,BTCUSD_otc
352,2026-05-27 00:55:00,77057.55,76920.06,77101.17,76892.61,392,1779843599.338,BTCUSD_otc
352,2026-05-27 01:00:00,76920.06,76842.05,76999.84,76829.24,380,1779843899.367,BTCUSD_otc
352,2026-05-27 01:05:00,76842.05,76975.88,77024.14,76830.9,409,1779844199.738,BTCUSD_otc
352,2026-05-27 01:10:00,76972.63,76972.29,77120.74,76958.76,399,1779844499.728,BTCUSD_otc
352,2026-05-27 01:15:00,76960.09,76757.69,76963.67,76749.71,391,1779844799.593,BTCUSD_otc
352,2026-05-27 01:20:00,76760.11,76488.62,76772.87,76488.62,394,1779845099.583,BTCUSD_otc
352,2026-05-27 01:25:00,76485.37,76297.81,76587.43,76270.54,405,1779845399.9,BTCUSD_otc
352,2026-05-27 01:30:00,76297.81,76309.89,76364.88,76235.15,380,1779845699.755,BTCUSD_otc
352,2026-05-27 01:35:00,76309.89,76415.71,76470.66,76268.35,400,1779845999.202,BTCUSD_otc
352,2026-05-27 01:40:00,76415.71,76379.21,76452.04,76292.67,400,1779846299.639,BTCUSD_otc
352,2026-05-27 01:45:00,76379.21,76283.72,76420.35,76270.04,405,1779846599.105,BTCUSD_otc
352,2026-05-27 01:50:00,76267.42,76243.04,76315.6,76238.65,399,1779846899.506,BTCUSD_otc
352,2026-05-27 01:55:00,76243.04,76401.39,76421.04,76216.56,397,1779847199.917,BTCUSD_otc
352,2026-05-27 02:00:00,76401.39,76669.88,76669.88,76401.39,409,1779847499.836,BTCUSD_otc
352,2026-05-27 02:05:00,76669.88,76580.21,76706.52,76526.76,415,1779847799.268,BTCUSD_otc
352,2026-05-27 02:10:00,76577.73,76569.81,76590.57,76454.35,395,1779848099.699,BTCUSD_otc
352,2026-05-27 02:15:00,76569.81,76518.41,76569.81,76464.23,392,1779848399.1,BTCUSD_otc
352,2026-05-27 02:20:00,76518.41,76662.4,76669.95,76497.22,396,1779848699.566,BTCUSD_otc
352,2026-05-27 02:25:00,76657.37,76577.3,76670.72,76531.16,384,1779848999.451,BTCUSD_otc
352,2026-05-27 02:30:00,76577.3,76600.46,76623.07,76504.17,394,1779849299.929,BTCUSD_otc
352,2026-05-27 02:35:00,76600.46,76731.17,76778.48,76546.0,382,1779849599.306,BTCUSD_otc
352,2026-05-27 02:40:00,76731.17,76721.36,76761.2,76636.42,419,1779849899.802,BTCUSD_otc
352,2026-05-27 02:45:00,76717.66,76712.88,76731.76,76641.8,361,1779850199.767,BTCUSD_otc
352,2026-05-27 02:50:00,76712.88,76712.99,76792.88,76663.7,397,1779850499.189,BTCUSD_otc
352,2026-05-27 02:55:00,76715.37,76556.32,76749.86,76496.62,392,1779850799.537,BTCUSD_otc
352,2026-05-27 03:00:00,76567.11,76416.61,76593.27,76410.65,387,1779851099.94,BTCUSD_otc
352,2026-05-27 03:05:00,76416.61,76428.56,76469.15,76330.87,422,1779851399.887,BTCUSD_otc
352,2026-05-27 03:10:00,76428.56,76436.74,76469.85,76374.72,404,1779851699.83,BTCUSD_otc
352,2026-05-27 03:15:00,76439.68,76590.23,76627.36,76408.21,413,1779851999.816,BTCUSD_otc
352,2026-05-27 03:20:00,76593.76,76641.19,76687.94,76568.32,394,1779852299.692,BTCUSD_otc
352,2026-05-27 03:25:00,76644.61,76664.66,76731.78,76623.56,376,1779852599.677,BTCUSD_otc
352,2026-05-27 03:30:00,76664.66,76446.92,76665.76,76425.17,397,1779852899.591,BTCUSD_otc
352,2026-05-27 03:35:00,76438.56,76406.7,76477.54,76390.29,403,1779853199.581,BTCUSD_otc
352,2026-05-27 03:40:00,76406.7,76406.57,76452.37,76368.11,392,1779853499.066,BTCUSD_otc
352,2026-05-27 03:45:00,76406.57,76474.89,76555.26,76377.11,391,1779853799.494,BTCUSD_otc
352,2026-05-27 03:50:00,76474.89,76565.71,76643.46,76469.12,394,1779854099.933,BTCUSD_otc
352,2026-05-27 03:55:00,76558.48,76596.66,76630.61,76445.25,417,1779854399.876,BTCUSD_otc
352,2026-05-27 04:00:00,76599.08,76537.42,76673.61,76505.07,412,1779854699.781,BTCUSD_otc
352,2026-05-27 04:05:00,76537.42,76469.07,76588.89,76430.48,383,1779854998.742,BTCUSD_otc
352,2026-05-27 04:10:00,76472.69,76410.88,76575.05,76375.11,389,1779855299.64,BTCUSD_otc
352,2026-05-27 04:15:00,76412.84,76349.68,76512.57,76348.81,409,1779855599.103,BTCUSD_otc
352,2026-05-27 04:20:00,76349.68,76306.86,76364.75,76247.75,429,1779855898.997,BTCUSD_otc
352,2026-05-27 04:25:00,76306.86,76272.72,76360.25,76212.26,411,1779856199.504,BTCUSD_otc
352,2026-05-27 04:30:00,76258.23,76152.3,76334.45,76126.51,395,1779856499.901,BTCUSD_otc
352,2026-05-27 04:35:00,76145.47,76157.46,76209.92,76038.99,381,1779856799.9,BTCUSD_otc
352,2026-05-27 04:40:00,76157.46,76172.68,76205.12,76079.49,412,1779857099.249,BTCUSD_otc
352,2026-05-27 04:45:00,76163.19,75988.73,76191.07,75967.19,386,1779857399.749,BTCUSD_otc
352,2026-05-27 04:50:00,75988.73,75929.22,76065.11,75923.25,388,1779857699.613,BTCUSD_otc
352,2026-05-27 04:55:00,75933.12,75856.89,75972.79,75792.14,417,1779857999.549,BTCUSD_otc
352,2026-05-27 05:00:00,75856.89,75686.98,75920.93,75670.92,408,1779858299.937,BTCUSD_otc
352,2026-05-27 05:05:00,75686.98,75646.76,75713.62,75593.73,394,1779858599.319,BTCUSD_otc
352,2026-05-27 05:10:00,75645.09,75739.26,75748.52,75590.17,379,1779858899.31,BTCUSD_otc
352,2026-05-27 05:15:00,75739.26,75765.59,75836.59,75735.77,397,1779859199.25,BTCUSD_otc
352,2026-05-27 05:20:00,75765.59,75724.81,75804.79,75706.69,408,1779859499.231,BTCUSD_otc
352,2026-05-27 05:25:00,75727.86,75919.0,75922.74,75720.4,397,1779859799.695,BTCUSD_otc
352,2026-05-27 05:30:00,75929.95,76101.72,76106.52,75895.73,403,1779860099.632,BTCUSD_otc
352,2026-05-27 05:35:00,76101.72,75988.79,76144.19,75982.03,408,1779860399.604,BTCUSD_otc
352,2026-05-27 05:40:00,75985.45,76143.16,76143.16,75926.93,400,1779860699.548,BTCUSD_otc
352,2026-05-27 05:45:00,76138.76,75873.08,76142.4,75852.15,401,1779860999.54,BTCUSD_otc
352,2026-05-27 05:50:00,75859.06,75837.94,75902.42,75806.76,387,1779861299.445,BTCUSD_otc
352,2026-05-27 05:55:00,75837.94,75984.88,75993.53,75807.27,380,1779861599.816,BTCUSD_otc
352,2026-05-27 06:00:00,75978.5,76100.01,76100.01,75950.9,368,1779861899.803,BTCUSD_otc
352,2026-05-27 06:05:00,76097.43,76151.91,76208.25,76041.11,385,1779862199.202,BTCUSD_otc
352,2026-05-27 06:10:00,76151.91,76173.5,76205.47,76096.07,393,1779862499.687,BTCUSD_otc
352,2026-05-27 06:15:00,76175.43,76140.67,76230.19,76099.79,400,1779862799.573,BTCUSD_otc
352,2026-05-27 06:20:00,76140.67,76117.85,76203.15,76066.37,422,1779863099.066,BTCUSD_otc
352,2026-05-27 06:25:00,76117.85,75935.09,76123.05,75935.09,401,1779863399.959,BTCUSD_otc
352,2026-05-27 06:30:00,75935.09,75974.08,76018.31,75808.0,430,1779863699.943,BTCUSD_otc
352,2026-05-27 06:35:00,75974.08,75961.13,76077.29,75933.39,391,1779863999.827,BTCUSD_otc
352,2026-05-27 06:40:00,75956.93,76066.7,76093.6,75908.92,392,1779864299.841,BTCUSD_otc
352,2026-05-27 06:45:00,76066.7,76119.39,76230.95,76046.5,413,1779864599.697,BTCUSD_otc
352,2026-05-27 06:50:00,76119.39,76131.6,76268.09,76110.05,370,1779864899.727,BTCUSD_otc
352,2026-05-27 06:55:00,76131.6,76211.3,76292.19,76077.71,408,1779865199.594,BTCUSD_otc
352,2026-05-27 07:00:00,76208.54,76176.39,76225.4,76112.71,421,1779865499.53,BTCUSD_otc
352,2026-05-27 07:05:00,76171.35,76146.74,76239.06,76077.1,413,1779865799.94,BTCUSD_otc
352,2026-05-27 07:10:00,76146.74,76103.28,76191.41,76036.76,378,1779866099.88,BTCUSD_otc
352,2026-05-27 07:15:00,76091.65,75953.6,76102.41,75950.1,398,1779866399.384,BTCUSD_otc
352,2026-05-27 07:20:00,75953.6,75961.0,75995.44,75895.35,409,1779866699.806,BTCUSD_otc
352,2026-05-27 07:25:00,75961.0,76050.87,76087.43,75942.99,393,1779866999.719,BTCUSD_otc
352,2026-05-27 07:30:00,76046.23,76064.28,76082.24,75995.84,400,1779867299.18,BTCUSD_otc
352,2026-05-27 07:35:00,76088.67,75986.67,76132.73,75941.86,411,1779867599.662,BTCUSD_otc
352,2026-05-27 07:40:00,75986.67,75891.25,76021.1,75875.99,418,1779867899.192,BTCUSD_otc
352,2026-05-27 07:45:00,75894.12,76032.53,76049.26,75870.16,397,1779868199.596,BTCUSD_otc
352,2026-05-27 07:50:00,76035.33,76233.9,76281.83,76023.24,402,1779868499.089,BTCUSD_otc
352,2026-05-27 07:55:00,76236.97,76276.85,76279.1,76157.95,374,1779868797.967,BTCUSD_otc
352,2026-05-27 08:00:00,76276.85,76181.82,76315.88,76151.73,429,1779869099.967,BTCUSD_otc
352,2026-05-27 08:05:00,76181.82,76262.64,76265.07,76130.94,389,1779869399.861,BTCUSD_otc
352,2026-05-27 08:10:00,76262.64,76265.26,76359.95,76228.63,418,1779869699.845,BTCUSD_otc
352,2026-05-27 08:15:00,76265.26,76203.89,76342.51,76177.4,381,1779869999.776,BTCUSD_otc
352,2026-05-27 08:20:00,76203.89,76376.7,76393.09,76156.91,411,1779870299.249,BTCUSD_otc
352,2026-05-27 08:25:00,76382.89,76258.88,76387.24,76181.25,408,1779870599.1,BTCUSD_otc
352,2026-05-27 08:30:00,76252.71,76159.89,76345.07,76144.12,391,1779870899.543,BTCUSD_otc
352,2026-05-27 08:35:00,76162.56,76055.11,76218.38,76031.58,410,1779871199.454,BTCUSD_otc
352,2026-05-27 08:40:00,76055.11,76076.27,76144.95,75912.92,426,1779871499.917,BTCUSD_otc
352,2026-05-27 08:45:00,76076.27,75987.04,76190.38,75987.04,404,1779871799.868,BTCUSD_otc
352,2026-05-27 08:50:00,75987.04,75801.3,75995.79,75793.16,406,1779872099.273,BTCUSD_otc
352,2026-05-27 08:55:00,75801.3,75645.37,75801.3,75637.48,402,1779872399.261,BTCUSD_otc
352,2026-05-27 09:00:00,75643.47,75625.18,75658.97,75461.12,423,1779872699.665,BTCUSD_otc
352,2026-05-27 09:05:00,75628.16,75681.89,75733.08,75621.55,401,1779872999.693,BTCUSD_otc
352,2026-05-27 09:10:00,75681.89,75943.54,75956.22,75675.37,418,1779873299.609,BTCUSD_otc
352,2026-05-27 09:15:00,75943.54,75857.71,75978.95,75804.82,378,1779873599.521,BTCUSD_otc
352,2026-05-27 09:20:00,75853.57,75783.69,75890.47,75783.69,401,1779873899.872,BTCUSD_otc
352,2026-05-27 09:25:00,75783.69,75597.98,75783.69,75588.5,402,1779874199.841,BTCUSD_otc
352,2026-05-27 09:30:00,75597.98,75832.13,75841.36,75563.05,386,1779874498.764,BTCUSD_otc
352,2026-05-27 09:35:00,75832.13,75887.63,75895.3,75786.33,383,1779874799.77,BTCUSD_otc
352,2026-05-27 09:40:00,75887.63,75825.17,75895.47,75774.69,395,1779875099.683,BTCUSD_otc
352,2026-05-27 09:45:00,75828.46,75858.42,75930.52,75784.45,407,1779875399.243,BTCUSD_otc
352,2026-05-27 09:50:00,75858.42,75885.45,75907.18,75790.73,403,1779875699.581,BTCUSD_otc
352,2026-05-27 09:55:00,75882.98,75864.32,75926.16,75782.9,407,1779875999.581,BTCUSD_otc
352,2026-05-27 10:00:00,75861.59,75809.94,75869.22,75712.31,418,1779876296.992,BTCUSD_otc
352,2026-05-27 10:05:00,75809.94,75689.19,75812.62,75584.12,397,1779876599.51,BTCUSD_otc
352,2026-05-27 10:10:00,75692.47,75661.0,75748.7,75615.08,412,1779876899.912,BTCUSD_otc
352,2026-05-27 10:15:00,75663.55,75545.09,75680.08,75526.49,391,1779877199.906,BTCUSD_otc
352,2026-05-27 10:20:00,75547.86,75550.66,75609.73,75514.27,396,1779877499.798,BTCUSD_otc
352,2026-05-27 10:25:00,75550.66,75522.71,75568.4,75473.99,378,1779877799.299,BTCUSD_otc
352,2026-05-27 10:30:00,75524.94,75433.85,75592.44,75393.99,416,1779878099.205,BTCUSD_otc
352,2026-05-27 10:35:00,75430.46,75342.96,75468.55,75236.53,393,1779878399.709,BTCUSD_otc
352,2026-05-27 10:40:00,75345.92,75495.51,75495.51,75328.66,400,1779878699.609,BTCUSD_otc
352,2026-05-27 10:45:00,75495.51,75442.15,75544.45,75437.42,402,1779878999.09,BTCUSD_otc
352,2026-05-27 10:50:00,75439.18,75480.6,75523.77,75343.46,396,1779879299.954,BTCUSD_otc
352,2026-05-27 10:55:00,75474.97,75552.4,75594.85,75446.51,380,1779879598.853,BTCUSD_otc
352,2026-05-27 11:00:00,75552.4,75458.28,75622.82,75402.83,408,1779879898.36,BTCUSD_otc
352,2026-05-27 11:05:00,75460.13,75417.65,75514.51,75331.63,396,1779880199.827,BTCUSD_otc
352,2026-05-27 11:10:00,75412.29,75491.77,75529.21,75382.09,396,1779880499.207,BTCUSD_otc
352,2026-05-27 11:15:00,75491.77,75530.52,75598.36,75428.24,398,1779880799.668,BTCUSD_otc
352,2026-05-27 11:20:00,75530.52,75577.39,75630.81,75522.91,391,1779881099.103,BTCUSD_otc
352,2026-05-27 11:25:00,75577.39,75563.42,75681.1,75540.38,396,1779881398.587,BTCUSD_otc
352,2026-05-27 11:30:00,75552.06,75677.28,75735.06,75516.31,392,1779881699.971,BTCUSD_otc
352,2026-05-27 11:35:00,75677.28,75662.98,75743.4,75640.85,416,1779881999.447,BTCUSD_otc
352,2026-05-27 11:40:00,75662.98,75618.22,75702.46,75614.77,411,1779882299.88,BTCUSD_otc
352,2026-05-27 11:45:00,75620.45,75388.78,75644.41,75372.76,412,1779882599.826,BTCUSD_otc
352,2026-05-27 11:50:00,75391.44,75396.63,75409.42,75272.75,401,1779882899.748,BTCUSD_otc
352,2026-05-27 11:55:00,75396.63,75429.79,75500.53,75357.24,403,1779883199.645,BTCUSD_otc
352,2026-05-27 12:00:00,75429.79,75362.91,75441.86,75325.16,376,1779883499.642,BTCUSD_otc
352,2026-05-27 12:05:00,75360.11,75255.85,75431.7,75206.11,402,1779883799.018,BTCUSD_otc
352,2026-05-27 12:10:00,75258.84,75197.61,75277.51,75140.54,396,1779884099.978,BTCUSD_otc
352,2026-05-27 12:15:00,75197.61,75207.34,75360.97,75172.43,403,1779884399.843,BTCUSD_otc
352,2026-05-27 12:20:00,75204.97,75151.37,75359.25,75089.03,421,1779884699.842,BTCUSD_otc
352,2026-05-27 12:25:00,75148.01,75166.59,75190.19,75091.43,397,1779884999.698,BTCUSD_otc
352,2026-05-27 12:30:00,75166.59,75344.97,75433.69,75154.31,394,1779885298.628,BTCUSD_otc
352,2026-05-27 12:35:00,75344.97,75188.99,75352.83,75165.37,404,1779885599.594,BTCUSD_otc
352,2026-05-27 12:40:00,75192.84,75137.19,75270.14,75130.43,390,1779885898.599,BTCUSD_otc
352,2026-05-27 12:45:00,75129.08,75193.49,75255.0,75125.79,413,1779886199.499,BTCUSD_otc
352,2026-05-27 12:50:00,75193.49,75069.11,75201.17,75064.33,420,1779886499.924,BTCUSD_otc
352,2026-05-27 12:55:00,75069.11,74983.17,75139.74,74983.17,409,1779886799.391,BTCUSD_otc
352,2026-05-27 13:00:00,74983.17,74758.72,75032.76,74728.14,401,1779887099.349,BTCUSD_otc
352,2026-05-27 13:05:00,74758.72,74775.06,74888.75,74722.62,418,1779887398.795,BTCUSD_otc
352,2026-05-27 13:10:00,74775.06,74762.7,74789.62,74656.92,401,1779887699.751,BTCUSD_otc
352,2026-05-27 13:15:00,74762.7,74782.4,74885.46,74734.47,404,1779887999.674,BTCUSD_otc
352,2026-05-27 13:20:00,74762.66,74749.71,74876.75,74744.91,409,1779888299.138,BTCUSD_otc
352,2026-05-27 13:25:00,74756.87,74696.3,74793.94,74603.91,413,1779888599.036,BTCUSD_otc
352,2026-05-27 13:30:00,74696.3,74610.07,74736.86,74555.19,407,1779888899.939,BTCUSD_otc
352,2026-05-27 13:35:00,74612.76,74669.07,74735.96,74607.05,414,1779889199.904,BTCUSD_otc
352,2026-05-27 13:40:00,74669.07,74689.52,74775.54,74646.48,416,1779889498.764,BTCUSD_otc
352,2026-05-27 13:45:00,74689.52,74699.23,74741.48,74600.53,399,1779889798.766,BTCUSD_otc
352,2026-05-27 13:50:00,74699.23,74542.11,74710.88,74509.65,395,1779890099.107,BTCUSD_otc
352,2026-05-27 13:55:00,74538.46,74477.33,74572.64,74461.3,416,1779890399.5,BTCUSD_otc
352,2026-05-27 14:00:00,74480.83,74383.57,74516.93,74360.34,397,1779890699.979,BTCUSD_otc
352,2026-05-27 14:05:00,74383.57,74362.24,74498.86,74328.65,404,1779890999.897,BTCUSD_otc
352,2026-05-27 14:10:00,74362.24,74493.37,74493.37,74352.46,419,1779891299.341,BTCUSD_otc
352,2026-05-27 14:15:00,74493.37,74488.37,74526.57,74399.01,390,1779891599.728,BTCUSD_otc
352,2026-05-27 14:20:00,74488.37,74355.77,74528.92,74355.76,405,1779891899.713,BTCUSD_otc
352,2026-05-27 14:25:00,74352.71,74309.8,74369.09,74255.75,383,1779892199.566,BTCUSD_otc
352,2026-05-27 14:30:00,74314.57,74352.56,74384.94,74272.92,404,1779892499.047,BTCUSD_otc
352,2026-05-27 14:35:00,74352.56,74480.65,74505.32,74347.63,409,1779892799.996,BTCUSD_otc
352,2026-05-27 14:40:00,74480.65,74334.83,74482.66,74309.16,412,1779893098.984,BTCUSD_otc
352,2026-05-27 14:45:00,74334.83,74318.29,74393.31,74280.24,391,1779893399.888,BTCUSD_otc
352,2026-05-27 14:50:00,74318.29,74268.48,74400.99,74145.64,391,1779893699.86,BTCUSD_otc
352,2026-05-27 14:55:00,74268.48,74236.13,74295.29,74176.27,409,1779893999.299,BTCUSD_otc
352,2026-05-27 15:00:00,74236.13,74360.33,74412.13,74236.13,412,1779894299.784,BTCUSD_otc
352,2026-05-27 15:05:00,74350.49,74300.85,74368.01,74261.97,409,1779894599.216,BTCUSD_otc
352,2026-05-27 15:10:00,74300.85,74192.5,74312.51,74187.67,393,1779894899.609,BTCUSD_otc
352,2026-05-27 15:15:00,74188.43,74339.06,74340.93,74125.36,415,1779895199.554,BTCUSD_otc
352,2026-05-27 15:20:00,74336.66,74382.57,74422.16,74299.11,410,1779895498.536,BTCUSD_otc
352,2026-05-27 15:25:00,74380.67,74515.2,74515.2,74294.99,402,1779895798.45,BTCUSD_otc
352,2026-05-27 15:30:00,74515.2,74365.61,74546.21,74347.8,388,1779896099.959,BTCUSD_otc
352,2026-05-27 15:35:00,74365.61,74488.08,74554.0,74364.2,411,1779896399.905,BTCUSD_otc
352,2026-05-27 15:40:00,74491.91,74444.2,74575.04,74391.05,384,1779896699.81,BTCUSD_otc
352,2026-05-27 15:45:00,74444.2,74108.42,74448.08,74081.79,401,1779896999.259,BTCUSD_otc
352,2026-05-27 15:50:00,74108.42,74168.28,74237.35,74108.42,398,1779897299.185,BTCUSD_otc
352,2026-05-27 15:55:00,74165.83,74092.78,74223.52,74089.5,386,1779897599.629,BTCUSD_otc
352,2026-05-27 16:00:00,74092.78,74272.3,74287.63,74062.63,371,1779897899.114,BTCUSD_otc
352,2026-05-27 16:05:00,74272.3,74244.71,74282.33,74197.14,393,1779898199.597,BTCUSD_otc
352,2026-05-27 16:10:00,74248.94,74204.65,74284.75,74163.2,422,1779898499.004,BTCUSD_otc
352,2026-05-27 16:15:00,74222.51,74087.4,74283.06,74066.36,393,1779898798.949,BTCUSD_otc
352,2026-05-27 16:20:00,74090.16,74052.58,74111.38,74010.57,398,1779899098.931,BTCUSD_otc
352,2026-05-27 16:25:00,74052.58,73923.81,74080.28,73914.88,399,1779899399.871,BTCUSD_otc
352,2026-05-27 16:30:00,73923.81,73906.54,73980.63,73884.79,397,1779899699.89,BTCUSD_otc
352,2026-05-27 16:35:00,73906.54,73814.67,73945.34,73812.35,388,1779899999.803,BTCUSD_otc
352,2026-05-27 16:40:00,73814.67,73901.42,73957.49,73777.66,382,1779900299.778,BTCUSD_otc
352,2026-05-27 16:45:00,73904.68,73950.03,73973.75,73799.57,402,1779900599.142,BTCUSD_otc
352,2026-05-27 16:50:00,73950.03,73986.27,73993.72,73877.75,393,1779900899.055,BTCUSD_otc
352,2026-05-27 16:55:00,73990.36,73991.19,74006.46,73884.68,405,1779901198.536,BTCUSD_otc
352,2026-05-27 17:00:00,73995.07,74053.71,74064.16,73956.73,400,1779901499.985,BTCUSD_otc
352,2026-05-27 17:05:00,74053.71,73950.75,74088.92,73914.34,390,1779901799.465,BTCUSD_otc
352,2026-05-27 17:10:00,73950.75,74098.72,74175.01,73950.75,399,1779902099.852,BTCUSD_otc
352,2026-05-27 17:15:00,74098.72,74010.27,74164.54,74010.27,388,1779902399.348,BTCUSD_otc
352,2026-05-27 17:20:00,74010.27,74127.75,74162.49,73995.61,386,1779902698.735,BTCUSD_otc
352,2026-05-27 17:25:00,74127.75,74188.04,74229.25,74035.3,396,1779902999.729,BTCUSD_otc
352,2026-05-27 17:30:00,74182.73,74261.42,74304.24,74166.81,412,1779903299.138,BTCUSD_otc
352,2026-05-27 17:35:00,74261.42,74436.85,74439.72,74226.61,384,1779903599.647,BTCUSD_otc
352,2026-05-27 17:40:00,74428.49,74573.68,74595.76,74403.88,388,1779903899.984,BTCUSD_otc
352,2026-05-27 17:45:00,74596.24,74515.34,74654.41,74493.93,388,1779904199.478,BTCUSD_otc
352,2026-05-27 17:50:00,74515.34,74374.24,74547.08,74300.73,404,1779904499.924,BTCUSD_otc
352,2026-05-27 17:55:00,74374.24,74143.67,74377.81,74122.06,392,1779904799.932,BTCUSD_otc
352,2026-05-27 18:00:00,74143.67,74128.06,74239.68,74091.34,406,1779905099.834,BTCUSD_otc
352,2026-05-27 18:05:00,74130.23,74427.38,74466.14,74130.23,400,1779905399.843,BTCUSD_otc
352,2026-05-27 18:10:00,74427.38,74384.43,74463.06,74340.51,405,1779905699.696,BTCUSD_otc
352,2026-05-27 18:15:00,74384.43,74151.71,74415.61,74133.15,408,1779905999.659,BTCUSD_otc
352,2026-05-27 18:20:00,74151.71,74085.2,74173.29,73972.42,393,1779906299.519,BTCUSD_otc
352,2026-05-27 18:25:00,74085.2,74241.52,74264.08,74082.62,390,1779906599.973,BTCUSD_otc
352,2026-05-27 18:30:00,74241.52,74178.59,74247.94,74145.66,424,1779906899.92,BTCUSD_otc
352,2026-05-27 18:35:00,74178.59,74152.06,74213.37,74115.6,393,1779907199.374,BTCUSD_otc
352,2026-05-27 18:40:00,74148.65,74091.76,74168.99,74082.27,390,1779907498.266,BTCUSD_otc
352,2026-05-27 18:45:00,74098.31,74109.09,74223.26,74073.58,395,1779907799.618,BTCUSD_otc
352,2026-05-27 18:50:00,74109.09,74140.44,74180.89,74060.33,398,1779908098.625,BTCUSD_otc
352,2026-05-27 18:55:00,74138.2,74138.62,74217.95,74059.05,402,1779908399.07,BTCUSD_otc
352,2026-05-27 19:00:00,74135.5,73978.06,74208.51,73978.06,413,1779908697.539,BTCUSD_otc
352,2026-05-27 19:05:00,73978.06,74027.61,74060.15,73923.93,416,1779908999.997,BTCUSD_otc
352,2026-05-27 19:10:00,74027.61,73972.75,74116.01,73947.26,393,1779909299.897,BTCUSD_otc
352,2026-05-27 19:15:00,73977.19,74000.61,74099.37,73973.49,385,1779909599.771,BTCUSD_otc
352,2026-05-27 19:20:00,74000.61,74020.63,74064.71,73942.49,386,1779909899.777,BTCUSD_otc
352,2026-05-27 19:25:00,74020.63,73998.21,74129.64,73961.75,388,1779910199.64,BTCUSD_otc
352,2026-05-27 19:30:00,73994.83,74001.21,74001.21,73813.62,403,1779910499.102,BTCUSD_otc
352,2026-05-27 19:35:00,74004.29,73891.07,74012.27,73813.98,421,1779910798.557,BTCUSD_otc
352,2026-05-27 19:40:00,73886.35,73761.1,73947.11,73758.87,404,1779911099.027,BTCUSD_otc
352,2026-05-27 19:45:00,73756.17,73744.51,73851.99,73700.68,393,1779911399.94,BTCUSD_otc
352,2026-05-27 19:50:00,73744.51,73614.4,73874.43,73609.09,404,1779911699.908,BTCUSD_otc
352,2026-05-27 19:55:00,73614.4,73583.32,73640.47,73503.04,421,1779911999.753,BTCUSD_otc
352,2026-05-27 20:00:00,73583.32,73543.9,73586.94,73421.77,399,1779912299.225,BTCUSD_otc
352,2026-05-27 20:05:00,73543.9,73703.34,73708.29,73504.6,397,1779912598.684,BTCUSD_otc
352,2026-05-27 20:10:00,73700.39,73821.37,73827.25,73651.18,389,1779912899.684,BTCUSD_otc
352,2026-05-27 20:15:00,73821.37,73545.43,73838.36,73506.64,389,1779913199.598,BTCUSD_otc
352,2026-05-27 20:20:00,73545.43,73215.45,73545.43,73215.45,383,1779913499.549,BTCUSD_otc
352,2026-05-27 20:25:00,73224.83,73252.87,73296.91,73206.51,406,1779913799.46,BTCUSD_otc
352,2026-05-27 20:30:00,73252.87,73337.62,73340.51,73114.97,410,1779914097.913,BTCUSD_otc
352,2026-05-27 20:35:00,73346.24,73365.23,73393.54,73280.13,397,1779914399.83,BTCUSD_otc
352,2026-05-27 20:40:00,73365.23,73267.85,73371.6,73241.48,388,1779914698.76,BTCUSD_otc
352,2026-05-27 20:45:00,73264.74,73095.29,73305.09,73082.13,394,1779914999.666,BTCUSD_otc
352,2026-05-27 20:50:00,73101.5,72917.82,73122.41,72880.04,385,1779915298.577,BTCUSD_otc
352,2026-05-27 20:55:00,72917.82,72955.08,72959.4,72838.57,372,1779915599.03,BTCUSD_otc
352,2026-05-27 21:00:00,72958.76,72951.83,72981.2,72841.1,415,1779915898.425,BTCUSD_otc
352,2026-05-27 21:05:00,72951.83,72995.17,73038.64,72906.65,409,1779916199.889,BTCUSD_otc
352,2026-05-27 21:10:00,72988.69,73194.51,73235.12,72983.84,400,1779916499.758,BTCUSD_otc
352,2026-05-27 21:15:00,73187.83,73288.07,73334.43,73164.71,396,1779916799.181,BTCUSD_otc
352,2026-05-27 21:20:00,73288.07,73289.46,73301.4,73130.18,398,1779917099.585,BTCUSD_otc
352,2026-05-27 21:25:00,73295.8,73307.22,73396.7,73279.3,397,1779917399.555,BTCUSD_otc
352,2026-05-27 21:30:00,73304.51,73361.67,73400.38,73278.01,391,1779917699.45,BTCUSD_otc
352,2026-05-27 21:35:00,73361.67,73204.61,73387.02,73187.35,411,1779917999.903,BTCUSD_otc
352,2026-05-27 21:40:00,73204.61,73417.81,73459.54,73191.12,394,1779918299.717,BTCUSD_otc
352,2026-05-27 21:45:00,73417.81,73300.4,73465.07,73181.47,413,1779918599.561,BTCUSD_otc
352,2026-05-27 21:50:00,73297.56,73435.5,73439.07,73262.37,374,1779918899.529,BTCUSD_otc
352,2026-05-27 21:55:00,73437.32,73491.29,73630.17,73403.21,394,1779919199.917,BTCUSD_otc
352,2026-05-27 22:00:00,73491.29,73480.15,73499.31,73369.63,397,1779919499.39,BTCUSD_otc
352,2026-05-27 22:05:00,73478.33,73568.88,73613.72,73466.67,403,1779919799.799,BTCUSD_otc
352,2026-05-27 22:10:00,73571.36,73543.69,73609.0,73532.82,378,1779920099.766,BTCUSD_otc
352,2026-05-27 22:15:00,73543.69,73638.56,73651.53,73532.36,404,1779920398.078,BTCUSD_otc
352,2026-05-27 22:20:00,73632.2,73788.82,73811.03,73599.17,410,1779920699.945,BTCUSD_otc
352,2026-05-27 22:25:00,73788.82,73899.16,73914.62,73706.4,387,1779920999.942,BTCUSD_otc
352,2026-05-27 22:30:00,73899.16,73904.29,73922.2,73820.35,404,1779921299.825,BTCUSD_otc
352,2026-05-27 22:35:00,73904.29,73794.49,73984.72,73794.49,412,1779921599.778,BTCUSD_otc
352,2026-05-27 22:40:00,73791.76,73902.4,73905.44,73733.5,409,1779921897.106,BTCUSD_otc
352,2026-05-27 22:45:00,73907.55,74193.43,74193.43,73907.55,388,1779922199.564,BTCUSD_otc
352,2026-05-27 22:50:00,74196.09,74266.14,74266.14,74145.11,373,1779922499.909,BTCUSD_otc
352,2026-05-27 22:55:00,74266.14,74264.6,74360.54,74205.75,402,1779922799.805,BTCUSD_otc
352,2026-05-27 23:00:00,74264.6,74098.22,74323.04,74065.89,417,1779923099.767,BTCUSD_otc
352,2026-05-27 23:05:00,74098.22,74188.29,74253.86,74064.56,415,1779923399.693,BTCUSD_otc
352,2026-05-27 23:10:00,74188.29,74126.11,74266.87,74077.95,415,1779923699.122,BTCUSD_otc
352,2026-05-27 23:15:00,74126.11,74210.68,74210.68,74018.59,393,1779923998.985,BTCUSD_otc
352,2026-05-27 23:20:00,74210.68,74188.1,74318.49,74113.57,403,1779924298.448,BTCUSD_otc
352,2026-05-27 23:25:00,74179.48,74194.88,74204.16,74053.55,388,1779924599.833,BTCUSD_otc
352,2026-05-27 23:30:00,74194.88,74516.78,74539.2,74194.88,398,1779924899.827,BTCUSD_otc
352,2026-05-27 23:35:00,74516.78,74531.14,74603.59,74480.75,410,1779925199.68,BTCUSD_otc
352,2026-05-27 23:40:00,74531.14,74682.94,74683.66,74531.14,387,1779925499.146,BTCUSD_otc
352,2026-05-27 23:45:00,74682.94,74625.32,74689.67,74545.35,397,1779925799.518,BTCUSD_otc
352,2026-05-27 23:50:00,74628.06,74857.59,74857.59,74603.93,398,1779926099.964,BTCUSD_otc
352,2026-05-27 23:55:00,74857.59,74894.17,74962.82,74824.3,398,1779926399.36,BTCUSD_otc
352,2026-05-28 00:00:00,74889.71,74851.56,75030.11,74814.59,385,1779926699.794,BTCUSD_otc
352,2026-05-28 00:05:00,74851.56,74788.48,74870.83,74749.91,404,1779926999.737,BTCUSD_otc
352,2026-05-28 00:10:00,74788.48,74906.15,74918.94,74745.64,409,1779927299.64,BTCUSD_otc
352,2026-05-28 00:15:00,74906.15,75015.46,75090.54,74890.07,398,1779927599.575,BTCUSD_otc
352,2026-05-28 00:20:00,75015.46,75181.63,75304.88,75008.45,391,1779927898.968,BTCUSD_otc
352,2026-05-28 00:25:00,75184.07,75079.44,75218.35,74998.03,395,1779928199.922,BTCUSD_otc
352,2026-05-28 00:30:00,75079.44,75081.41,75128.52,75008.99,414,1779928499.303,BTCUSD_otc
352,2026-05-28 00:35:00,75081.41,75119.9,75182.69,75024.11,398,1779928799.793,BTCUSD_otc
352,2026-05-28 00:40:00,75119.9,75030.48,75123.15,75008.31,384,1779929099.669,BTCUSD_otc
352,2026-05-28 00:45:00,75030.48,75039.96,75053.38,74876.54,397,1779929399.615,BTCUSD_otc
352,2026-05-28 00:50:00,75045.01,74961.52,75077.1,74943.94,403,1779929699.989,BTCUSD_otc
352,2026-05-28 00:55:00,74961.52,75002.43,75034.25,74880.04,415,1779929999.889,BTCUSD_otc
352,2026-05-28 01:00:00,75005.32,75009.64,75064.6,74909.57,392,1779930299.81,BTCUSD_otc
352,2026-05-28 01:05:00,75012.76,74998.74,75054.49,74963.07,396,1779930599.675,BTCUSD_otc
352,2026-05-28 01:10:00,74995.94,75144.04,75159.83,74953.8,405,1779930899.654,BTCUSD_otc
352,2026-05-28 01:15:00,75144.04,75316.59,75331.56,75111.82,393,1779931199.533,BTCUSD_otc
352,2026-05-28 01:20:00,75314.2,75319.84,75393.91,75265.01,393,1779931499.035,BTCUSD_otc
352,2026-05-28 01:25:00,75319.84,75264.3,75368.99,75240.97,391,1779931799.346,BTCUSD_otc
352,2026-05-28 01:30:00,75264.3,75284.3,75302.41,75119.95,392,1779932099.321,BTCUSD_otc
352,2026-05-28 01:35:00,75284.3,75144.83,75284.3,75068.82,414,1779932399.7,BTCUSD_otc
352,2026-05-28 01:40:00,75147.64,75212.02,75225.23,75077.05,395,1779932699.18,BTCUSD_otc
352,2026-05-28 01:45:00,75212.02,75312.27,75374.38,75187.37,415,1779932999.606,BTCUSD_otc
352,2026-05-28 01:50:00,75312.27,75267.75,75371.35,75267.39,395,1779933299.998,BTCUSD_otc
352,2026-05-28 01:55:00,75267.75,75302.04,75342.92,75232.84,413,1779933599.444,BTCUSD_otc
352,2026-05-28 02:00:00,75302.04,75362.97,75406.98,75277.9,404,1779933898.88,BTCUSD_otc
352,2026-05-28 02:05:00,75362.97,75232.72,75390.13,75168.43,418,1779934199.807,BTCUSD_otc
352,2026-05-28 02:10:00,75232.72,75257.92,75298.7,75149.37,418,1779934499.719,BTCUSD_otc
352,2026-05-28 02:15:00,75257.92,75226.33,75288.38,75107.37,400,1779934799.651,BTCUSD_otc
352,2026-05-28 02:20:00,75223.12,75142.28,75304.68,75119.96,398,1779935099.049,BTCUSD_otc
352,2026-05-28 02:25:00,75145.29,75008.96,75171.68,74933.94,418,1779935399.515,BTCUSD_otc
352,2026-05-28 02:30:00,75004.47,75190.58,75207.25,75001.36,402,1779935699.863,BTCUSD_otc
352,2026-05-28 02:35:00,75190.58,75285.73,75309.2,75171.58,408,1779935999.34,BTCUSD_otc
352,2026-05-28 02:40:00,75281.66,75130.89,75329.07,75047.97,419,1779936298.729,BTCUSD_otc
352,2026-05-28 02:45:00,75130.89,74806.05,75143.1,74721.23,402,1779936599.73,BTCUSD_otc
352,2026-05-28 02:50:00,74806.05,74765.6,74812.92,74714.66,389,1779936899.558,BTCUSD_otc
352,2026-05-28 02:55:00,74771.36,74557.22,74771.36,74557.22,392,1779937199.494,BTCUSD_otc
352,2026-05-28 03:00:00,74550.63,74311.76,74571.67,74306.44,391,1779937498.917,BTCUSD_otc
352,2026-05-28 03:05:00,74311.76,74280.6,74369.87,74230.98,400,1779937799.793,BTCUSD_otc
352,2026-05-28 03:10:00,74280.6,74424.42,74424.42,74272.67,394,1779938099.243,BTCUSD_otc
352,2026-05-28 03:15:00,74420.65,74450.57,74523.97,74394.28,392,1779938399.588,BTCUSD_otc
352,2026-05-28 03:20:00,74450.57,74398.98,74531.31,74378.63,404,1779938699.537,BTCUSD_otc
352,2026-05-28 03:25:00,74398.98,74305.23,74464.44,74267.5,415,1779938999.95,BTCUSD_otc
352,2026-05-28 03:30:00,74305.23,74348.01,74386.19,74267.15,402,1779939299.871,BTCUSD_otc
352,2026-05-28 03:35:00,74352.42,74401.23,74465.9,74306.12,393,1779939599.341,BTCUSD_otc
352,2026-05-28 03:40:00,74401.23,74343.95,74424.5,74341.76,369,1779939899.747,BTCUSD_otc
352,2026-05-28 03:45:00,74338.47,74428.47,74445.92,74304.63,398,1779940199.155,BTCUSD_otc
352,2026-05-28 03:50:00,74432.93,74557.82,74569.43,74405.74,406,1779940499.048,BTCUSD_otc
352,2026-05-28 03:55:00,74557.82,74358.64,74672.38,74329.66,401,1779940799.993,BTCUSD_otc
352,2026-05-28 04:00:00,74358.64,74378.94,74404.61,74273.41,368,1779941099.859,BTCUSD_otc
352,2026-05-28 04:05:00,74375.54,74331.88,74415.67,74240.61,403,1779941399.331,BTCUSD_otc
352,2026-05-28 04:10:00,74331.88,74358.52,74383.2,74274.37,386,1779941698.77,BTCUSD_otc
352,2026-05-28 04:15:00,74355.96,74349.73,74387.56,74314.11,386,1779941999.75,BTCUSD_otc
352,2026-05-28 04:20:00,74349.73,74495.34,74495.34,74302.41,401,1779942298.652,BTCUSD_otc
352,2026-05-28 04:25:00,74495.34,74441.67,74507.51,74382.11,397,1779942599.644,BTCUSD_otc
352,2026-05-28 04:30:00,74441.67,74470.11,74500.17,74375.76,394,1779942899.506,BTCUSD_otc
352,2026-05-28 04:35:00,74485.04,74550.43,74576.38,74377.74,406,1779943199.464,BTCUSD_otc
352,2026-05-28 04:40:00,74550.43,74598.67,74645.68,74478.72,392,1779943499.883,BTCUSD_otc
352,2026-05-28 04:45:00,74598.67,74544.6,74628.4,74478.57,383,1779943799.876,BTCUSD_otc
352,2026-05-28 04:50:00,74551.78,74606.01,74675.75,74492.9,417,1779944099.754,BTCUSD_otc
352,2026-05-28 04:55:00,74606.01,74673.24,74728.38,74571.3,386,1779944399.761,BTCUSD_otc
352,2026-05-28 05:00:00,74660.79,74601.08,74682.37,74536.18,404,1779944699.65,BTCUSD_otc
352,2026-05-28 05:05:00,74601.08,74611.63,74659.64,74549.27,398,1779944999.656,BTCUSD_otc
352,2026-05-28 05:10:00,74616.31,74699.09,74699.09,74567.97,420,1779945299.063,BTCUSD_otc
352,2026-05-28 05:15:00,74696.09,74677.36,74719.72,74580.88,413,1779945599.562,BTCUSD_otc
352,2026-05-28 05:20:00,74677.36,74680.33,74686.78,74583.32,410,1779945899.43,BTCUSD_otc
352,2026-05-28 05:25:00,74680.33,74675.5,74746.79,74661.3,404,1779946199.912,BTCUSD_otc
352,2026-05-28 05:30:00,74675.5,74637.78,74684.56,74601.44,403,1779946499.794,BTCUSD_otc
352,2026-05-28 05:35:00,74637.78,74632.01,74693.84,74588.31,381,1779946799.789,BTCUSD_otc
352,2026-05-28 05:40:00,74627.5,74704.27,74721.54,74603.52,380,1779947099.681,BTCUSD_otc
352,2026-05-28 05:45:00,74704.27,74819.15,74874.48,74696.79,403,1779947399.203,BTCUSD_otc
352,2026-05-28 05:50:00,74819.15,74766.41,74819.6,74722.86,401,1779947699.073,BTCUSD_otc
352,2026-05-28 05:55:00,74766.41,74726.18,74877.67,74694.07,422,1779947999.012,BTCUSD_otc
352,2026-05-28 06:00:00,74740.4,74631.56,74757.63,74583.84,395,1779948299.431,BTCUSD_otc
352,2026-05-28 06:05:00,74631.56,74574.24,74682.08,74541.33,369,1779948598.888,BTCUSD_otc
352,2026-05-28 06:10:00,74574.24,74645.05,74668.82,74547.47,382,1779948899.344,BTCUSD_otc
352,2026-05-28 06:15:00,74645.05,74587.34,74681.45,74516.44,392,1779949199.831,BTCUSD_otc
352,2026-05-28 06:20:00,74587.34,74653.0,74657.38,74556.26,383,1779949499.773,BTCUSD_otc
352,2026-05-28 06:25:00,74656.99,74545.72,74662.78,74533.02,391,1779949799.789,BTCUSD_otc
352,2026-05-28 06:30:00,74545.72,74628.97,74637.23,74486.18,419,1779950099.174,BTCUSD_otc
352,2026-05-28 06:35:00,74626.03,74514.35,74690.79,74503.68,404,1779950398.641,BTCUSD_otc
352,2026-05-28 06:40:00,74530.74,74530.02,74548.52,74482.41,378,1779950698.582,BTCUSD_otc
352,2026-05-28 06:45:00,74530.02,74581.0,74640.23,74502.0,393,1779950999.608,BTCUSD_otc
352,2026-05-28 06:50:00,74581.0,74342.02,74592.6,74303.89,400,1779951299.975,BTCUSD_otc
352,2026-05-28 06:55:00,74342.02,74329.71,74391.11,74289.03,373,1779951599.969,BTCUSD_otc
352,2026-05-28 07:00:00,74329.71,74417.07,74445.7,74255.18,409,1779951899.845,BTCUSD_otc
352,2026-05-28 07:05:00,74417.07,74709.11,74712.22,74348.83,390,1779952198.876,BTCUSD_otc
352,2026-05-28 07:10:00,74709.11,74750.56,74840.04,74687.97,419,1779952499.785,BTCUSD_otc
352,2026-05-28 07:15:00,74744.49,74727.95,74761.64,74671.31,410,1779952799.253,BTCUSD_otc
352,2026-05-28 07:20:00,74727.95,74534.61,74729.12,74525.79,380,1779953099.639,BTCUSD_otc
352,2026-05-28 07:25:00,74539.44,74550.85,74639.62,74471.25,398,1779953399.63,BTCUSD_otc
352,2026-05-28 07:30:00,74550.85,74504.47,74558.59,74378.66,396,1779953699.551,BTCUSD_otc
352,2026-05-28 07:35:00,74501.61,74702.0,74711.73,74501.61,402,1779953999.008,BTCUSD_otc
352,2026-05-28 07:40:00,74702.0,74618.27,74782.28,74603.06,411,1779954298.903,BTCUSD_otc
352,2026-05-28 07:45:00,74618.27,74379.71,74618.27,74285.08,407,1779954599.874,BTCUSD_otc
352,2026-05-28 07:50:00,74377.62,74333.8,74382.08,74277.92,397,1779954899.289,BTCUSD_otc
352,2026-05-28 07:55:00,74333.8,74144.44,74353.97,74137.28,394,1779955199.793,BTCUSD_otc
352,2026-05-28 08:00:00,74144.44,74160.43,74204.18,74092.55,382,1779955499.639,BTCUSD_otc
352,2026-05-28 08:05:00,74160.43,74324.32,74324.32,74117.29,393,1779955799.614,BTCUSD_otc
352,2026-05-28 08:10:00,74324.32,74224.65,74339.79,74176.08,380,1779956099.515,BTCUSD_otc
352,2026-05-28 08:15:00,74224.65,74437.96,74437.96,74196.88,406,1779956399.522,BTCUSD_otc
352,2026-05-28 08:20:00,74437.96,74466.71,74504.02,74391.07,371,1779956699.917,BTCUSD_otc
352,2026-05-28 08:25:00,74466.71,74407.05,74575.47,74400.11,410,1779956998.893,BTCUSD_otc
352,2026-05-28 08:30:00,74407.05,74314.52,74433.44,74276.87,410,1779957299.81,BTCUSD_otc
352,2026-05-28 08:35:00,74314.52,74375.03,74437.87,74311.03,392,1779957599.761,BTCUSD_otc
352,2026-05-28 08:40:00,74375.03,74415.25,74484.7,74333.74,408,1779957899.709,BTCUSD_otc
352,2026-05-28 08:45:00,74417.64,74389.01,74466.16,74267.94,378,1779958199.666,BTCUSD_otc
352,2026-05-28 08:50:00,74389.01,74473.13,74500.56,74337.85,391,1779958499.506,BTCUSD_otc
352,2026-05-28 08:55:00,74481.49,74485.29,74541.29,74416.82,382,1779958799.397,BTCUSD_otc
352,2026-05-28 09:00:00,74487.24,74370.64,74530.08,74294.79,401,1779959099.849,BTCUSD_otc
352,2026-05-28 09:05:00,74370.64,74289.16,74414.97,74286.81,398,1779959397.756,BTCUSD_otc
352,2026-05-28 09:10:00,74289.16,74304.67,74420.73,74266.28,396,1779959699.708,BTCUSD_otc
352,2026-05-28 09:15:00,74304.67,74298.2,74442.32,74270.17,407,1779959999.596,BTCUSD_otc
352,2026-05-28 09:20:00,74298.2,74377.05,74401.71,74266.79,387,1779960299.596,BTCUSD_otc
352,2026-05-28 09:25:00,74373.15,74206.06,74415.91,74202.67,418,1779960599.065,BTCUSD_otc
352,2026-05-28 09:30:00,74209.01,74119.52,74276.13,74092.14,414,1779960899.978,BTCUSD_otc
352,2026-05-28 09:35:00,74119.52,74016.56,74191.4,73974.29,404,1779961199.365,BTCUSD_otc
352,2026-05-28 09:40:00,74020.52,73953.76,74041.46,73883.98,403,1779961499.875,BTCUSD_otc
352,2026-05-28 09:45:00,73953.76,73748.33,73989.84,73737.69,389,1779961799.769,BTCUSD_otc
352,2026-05-28 09:50:00,73748.33,73718.73,73770.8,73670.64,408,1779962099.755,BTCUSD_otc
352,2026-05-28 09:55:00,73721.99,73914.94,73923.03,73715.21,386,1779962398.697,BTCUSD_otc
352,2026-05-28 10:00:00,73919.1,73746.19,73938.97,73721.49,400,1779962699.126,BTCUSD_otc
352,2026-05-28 10:05:00,73746.19,73853.59,73866.5,73738.74,393,1779962999.561,BTCUSD_otc
352,2026-05-28 10:10:00,73853.59,73771.33,73933.59,73757.72,423,1779963299.512,BTCUSD_otc
352,2026-05-28 10:15:00,73763.7,73764.57,73821.11,73746.82,395,1779963599.368,BTCUSD_otc
352,2026-05-28 10:20:00,73764.57,73816.63,73900.38,73764.57,399,1779963899.843,BTCUSD_otc
352,2026-05-28 10:25:00,73816.63,73917.31,73956.55,73773.7,382,1779964198.757,BTCUSD_otc
352,2026-05-28 10:30:00,73921.11,73829.67,73947.61,73800.46,401,1779964499.767,BTCUSD_otc
352,2026-05-28 10:35:00,73845.13,73920.76,74006.19,73831.45,416,1779964799.586,BTCUSD_otc
352,2026-05-28 10:40:00,73930.05,73852.65,73930.91,73820.32,406,1779965099.067,BTCUSD_otc
352,2026-05-28 10:45:00,73852.65,73798.95,73877.87,73771.71,399,1779965399.992,BTCUSD_otc
352,2026-05-28 10:50:00,73798.95,73731.44,73860.06,73688.45,422,1779965698.976,BTCUSD_otc
352,2026-05-28 10:55:00,73731.44,73585.73,73731.44,73530.59,408,1779965999.844,BTCUSD_otc
352,2026-05-28 11:00:00,73585.73,73590.86,73735.3,73580.99,407,1779966299.316,BTCUSD_otc
352,2026-05-28 11:05:00,73590.86,73646.8,73678.34,73540.83,404,1779966599.747,BTCUSD_otc
352,2026-05-28 11:10:00,73643.0,73692.35,73753.49,73637.02,382,1779966899.61,BTCUSD_otc
352,2026-05-28 11:15:00,73694.72,73676.71,73756.41,73623.15,407,1779967199.081,BTCUSD_otc
352,2026-05-28 11:20:00,73684.91,73580.11,73716.26,73535.94,398,1779967499.964,BTCUSD_otc
352,2026-05-28 11:25:00,73580.11,73499.53,73640.92,73456.87,398,1779967799.939,BTCUSD_otc
352,2026-05-28 11:30:00,73499.53,73453.3,73530.99,73401.87,400,1779968099.774,BTCUSD_otc
352,2026-05-28 11:35:00,73453.3,73517.18,73562.36,73428.71,380,1779968399.173,BTCUSD_otc
352,2026-05-28 11:40:00,73517.18,73629.67,73655.55,73466.65,396,1779968699.671,BTCUSD_otc
352,2026-05-28 11:45:00,73623.11,73667.64,73712.03,73597.3,418,1779968999.045,BTCUSD_otc
352,2026-05-28 11:50:00,73672.5,73674.35,73776.58,73607.4,412,1779969299.035,BTCUSD_otc
352,2026-05-28 11:55:00,73674.35,73666.26,73750.67,73606.51,399,1779969599.909,BTCUSD_otc
352,2026-05-28 12:00:00,73666.26,73593.83,73730.58,73579.61,399,1779969899.911,BTCUSD_otc
352,2026-05-28 12:05:00,73593.83,73703.62,73723.56,73575.32,418,1779970199.271,BTCUSD_otc
352,2026-05-28 12:10:00,73703.62,73683.72,73733.63,73593.09,427,1779970499.8,BTCUSD_otc
352,2026-05-28 12:15:00,73683.72,73716.97,73751.18,73649.93,401,1779970799.218,BTCUSD_otc
352,2026-05-28 12:20:00,73722.26,73534.59,73750.36,73506.82,400,1779971099.729,BTCUSD_otc
352,2026-05-28 12:25:00,73539.01,73484.38,73621.68,73405.91,421,1779971399.583,BTCUSD_otc
352,2026-05-28 12:30:00,73487.89,73477.74,73554.35,73410.51,396,1779971699.555,BTCUSD_otc
352,2026-05-28 12:35:00,73481.5,73576.0,73602.53,73395.73,402,1779971999.375,BTCUSD_otc
352,2026-05-28 12:40:00,73576.0,73676.35,73686.13,73521.91,406,1779972299.814,BTCUSD_otc
352,2026-05-28 12:45:00,73699.08,73677.49,73771.16,73663.12,416,1779972599.287,BTCUSD_otc
352,2026-05-28 12:50:00,73677.49,73756.96,73780.83,73663.65,417,1779972899.746,BTCUSD_otc
352,2026-05-28 12:55:00,73759.85,73864.65,73890.22,73704.74,414,1779973199.167,BTCUSD_otc
352,2026-05-28 13:00:00,73864.65,73795.92,73921.53,73788.49,395,1779973499.596,BTCUSD_otc
352,2026-05-28 13:05:00,73795.92,73921.22,73945.39,73758.52,400,1779973799.555,BTCUSD_otc
352,2026-05-28 13:10:00,73921.22,73963.98,73968.63,73874.74,385,1779974099.478,BTCUSD_otc
352,2026-05-28 13:15:00,73963.98,73952.94,74038.16,73918.0,401,1779974399.958,BTCUSD_otc
352,2026-05-28 13:20:00,73950.21,73803.81,73968.87,73773.81,398,1779974698.876,BTCUSD_otc
352,2026-05-28 13:25:00,73803.81,73944.83,73966.56,73742.2,416,1779974999.32,BTCUSD_otc
352,2026-05-28 13:30:00,73944.83,73935.64,73999.88,73868.42,391,1779975299.74,BTCUSD_otc
352,2026-05-28 13:35:00,73939.28,74050.05,74080.44,73932.77,395,1779975599.673,BTCUSD_otc
352,2026-05-28 13:40:00,74053.86,73936.43,74083.79,73892.62,376,1779975899.612,BTCUSD_otc
352,2026-05-28 13:45:00,73936.43,74023.5,74027.6,73887.41,420,1779976199.606,BTCUSD_otc
352,2026-05-28 13:50:00,74023.5,74133.53,74143.4,73978.01,404,1779976499.564,BTCUSD_otc
352,2026-05-28 13:55:00,74133.53,74049.05,74155.91,74017.43,383,1779976799.998,BTCUSD_otc
352,2026-05-28 14:00:00,74044.01,73893.68,74073.36,73841.48,392,1779977099.989,BTCUSD_otc
352,2026-05-28 14:05:00,73893.68,73727.49,73893.68,73689.43,394,1779977399.861,BTCUSD_otc
352,2026-05-28 14:10:00,73725.45,73709.0,73783.57,73660.28,409,1779977699.901,BTCUSD_otc
352,2026-05-28 14:15:00,73705.72,73573.48,73759.53,73571.26,368,1779977999.321,BTCUSD_otc
352,2026-05-28 14:20:00,73573.48,73655.48,73697.34,73573.48,402,1779978298.833,BTCUSD_otc
352,2026-05-28 14:25:00,73655.48,73531.64,73655.48,73519.83,418,1779978599.246,BTCUSD_otc
352,2026-05-28 14:30:00,73524.66,73558.48,73634.01,73513.59,390,1779978899.773,BTCUSD_otc
352,2026-05-28 14:35:00,73547.73,73675.77,73774.42,73500.19,418,1779979199.584,BTCUSD_otc
352,2026-05-28 14:40:00,73672.33,73604.46,73689.75,73536.02,386,1779979499.132,BTCUSD_otc
352,2026-05-28 14:45:00,73604.46,73684.91,73714.76,73604.46,405,1779979799.546,BTCUSD_otc
352,2026-05-28 14:50:00,73684.91,73555.35,73701.7,73544.52,419,1779980099.527,BTCUSD_otc
352,2026-05-28 14:55:00,73555.35,73499.43,73555.35,73398.43,401,1779980399.918,BTCUSD_otc
352,2026-05-28 15:00:00,73499.43,73509.88,73580.2,73444.29,379,1779980699.925,BTCUSD_otc
352,2026-05-28 15:05:00,73509.88,73685.93,73696.04,73485.94,418,1779980999.737,BTCUSD_otc
352,2026-05-28 15:10:00,73685.93,73469.39,73707.14,73432.7,421,1779981299.673,BTCUSD_otc
352,2026-05-28 15:15:00,73469.39,73460.9,73489.7,73356.31,399,1779981599.609,BTCUSD_otc
352,2026-05-28 15:20:00,73460.9,73356.06,73491.9,73281.75,402,1779981899.558,BTCUSD_otc
352,2026-05-28 15:25:00,73353.1,73199.22,73391.31,73139.08,412,1779982198.514,BTCUSD_otc
352,2026-05-28 15:30:00,73196.7,73275.89,73305.98,73175.1,382,1779982498.376,BTCUSD_otc
352,2026-05-28 15:35:00,73275.89,72949.68,73305.25,72943.93,408,1779982799.367,BTCUSD_otc
352,2026-05-28 15:40:00,72944.37,72890.52,72968.84,72794.17,404,1779983099.789,BTCUSD_otc
352,2026-05-28 15:45:00,72890.52,72728.97,72969.47,72708.47,389,1779983399.822,BTCUSD_otc
352,2026-05-28 15:50:00,72728.97,72570.91,72732.03,72568.68,390,1779983699.228,BTCUSD_otc
352,2026-05-28 15:55:00,72570.91,72609.84,72660.01,72544.84,409,1779983999.233,BTCUSD_otc
352,2026-05-28 16:00:00,72617.57,72533.4,72641.23,72483.4,397,1779984299.615,BTCUSD_otc
352,2026-05-28 16:05:00,72529.27,72580.64,72580.64,72443.34,398,1779984598.64,BTCUSD_otc
352,2026-05-28 16:10:00,72580.64,72686.23,72772.28,72561.78,417,1779984899.542,BTCUSD_otc
352,2026-05-28 16:15:00,72686.23,72484.45,72742.13,72461.34,396,1779985199.062,BTCUSD_otc
352,2026-05-28 16:20:00,72480.97,72478.6,72556.33,72459.9,406,1779985499.967,BTCUSD_otc
352,2026-05-28 16:25:00,72478.6,72292.49,72487.33,72290.54,407,1779985799.984,BTCUSD_otc
352,2026-05-28 16:30:00,72292.49,72019.6,72298.27,71999.24,425,1779986099.828,BTCUSD_otc
352,2026-05-28 16:35:00,72019.6,72083.53,72094.26,71937.96,399,1779986399.292,BTCUSD_otc
352,2026-05-28 16:40:00,72083.53,72124.34,72211.45,72055.09,399,1779986699.733,BTCUSD_otc
352,2026-05-28 16:45:00,72124.34,72124.48,72166.92,72046.49,404,1779986999.749,BTCUSD_otc
352,2026-05-28 16:50:00,72132.65,72075.66,72202.27,72069.18,406,1779987299.692,BTCUSD_otc
352,2026-05-28 16:55:00,72075.66,72076.82,72085.98,71965.25,387,1779987599.222,BTCUSD_otc
352,2026-05-28 17:00:00,72082.84,72071.0,72131.78,72042.02,395,1779987898.08,BTCUSD_otc
352,2026-05-28 17:05:00,72071.0,71929.92,72073.46,71880.06,397,1779988199.56,BTCUSD_otc
352,2026-05-28 17:10:00,71929.92,71710.13,71929.92,71704.44,387,1779988498.454,BTCUSD_otc
352,2026-05-28 17:15:00,71710.13,71520.64,71736.37,71504.18,381,1779988798.928,BTCUSD_otc
352,2026-05-28 17:20:00,71520.64,71654.59,71692.58,71503.93,398,1779989099.847,BTCUSD_otc
352,2026-05-28 17:25:00,71654.59,71671.23,71746.25,71625.28,404,1779989399.299,BTCUSD_otc
352,2026-05-28 17:30:00,71671.23,71655.47,71721.03,71600.96,400,1779989699.727,BTCUSD_otc
352,2026-05-28 17:35:00,71661.01,71637.47,71796.81,71628.64,374,1779989999.644,BTCUSD_otc
352,2026-05-28 17:40:00,71641.2,71553.06,71652.7,71516.55,400,1779990299.613,BTCUSD_otc
352,2026-05-28 17:45:00,71553.06,71622.83,71649.05,71523.52,372,1779990599.55,BTCUSD_otc
352,2026-05-28 17:50:00,71629.59,71641.19,71679.0,71580.92,412,1779990899.506,BTCUSD_otc
352,2026-05-28 17:55:00,71641.19,71841.94,71868.25,71620.53,405,1779991199.374,BTCUSD_otc
352,2026-05-28 18:00:00,71841.94,71750.5,71998.76,71747.66,420,1779991499.884,BTCUSD_otc
352,2026-05-28 18:05:00,71750.5,71886.02,71913.41,71732.84,404,1779991799.794,BTCUSD_otc
352,2026-05-28 18:10:00,71888.21,71834.24,71995.07,71789.13,396,1779992099.796,BTCUSD_otc
352,2026-05-28 18:15:00,71834.24,71655.45,71834.24,71646.78,413,1779992399.715,BTCUSD_otc
352,2026-05-28 18:20:00,71655.45,71729.06,71771.65,71610.78,383,1779992699.743,BTCUSD_otc
352,2026-05-28 18:25:00,71746.3,71683.83,71808.34,71683.66,417,1779992999.655,BTCUSD_otc
352,2026-05-28 18:30:00,71686.47,71692.08,71775.23,71589.62,383,1779993299.148,BTCUSD_otc
352,2026-05-28 18:35:00,71692.08,71603.37,71692.08,71514.24,393,1779993599.532,BTCUSD_otc
352,2026-05-28 18:40:00,71599.68,71697.7,71711.65,71517.46,398,1779993899.018,BTCUSD_otc
352,2026-05-28 18:45:00,71697.7,71753.41,71865.2,71694.31,384,1779994199.955,BTCUSD_otc
352,2026-05-28 18:50:00,71753.41,71663.46,71780.12,71642.98,402,1779994499.896,BTCUSD_otc
352,2026-05-28 18:55:00,71663.46,71623.02,71666.36,71465.08,386,1779994799.787,BTCUSD_otc
352,2026-05-28 19:00:00,71620.42,71595.71,71653.97,71512.79,412,1779995098.787,BTCUSD_otc
352,2026-05-28 19:05:00,71595.71,71844.97,71864.55,71550.67,398,1779995399.175,BTCUSD_otc
352,2026-05-28 19:10:00,71844.97,71825.59,71870.94,71768.67,380,1779995699.149,BTCUSD_otc
352,2026-05-28 19:15:00,71825.59,71899.27,71913.85,71782.05,389,1779995999.541,BTCUSD_otc
352,2026-05-28 19:20:00,71896.86,71757.66,71902.55,71721.69,393,1779996298.996,BTCUSD_otc
352,2026-05-28 19:25:00,71762.37,71682.38,71823.36,71675.83,395,1779996599.882,BTCUSD_otc
352,2026-05-28 19:30:00,71682.38,71581.24,71710.21,71538.35,410,1779996899.768,BTCUSD_otc
352,2026-05-28 19:35:00,71581.24,71739.71,71783.05,71540.36,392,1779997199.769,BTCUSD_otc
352,2026-05-28 19:40:00,71739.71,71722.58,71923.93,71693.32,375,1779997498.203,BTCUSD_otc
352,2026-05-28 19:45:00,71722.58,71837.24,71903.42,71682.01,407,1779997798.641,BTCUSD_otc
352,2026-05-28 19:50:00,71837.24,71903.87,71985.76,71798.62,433,1779998099.133,BTCUSD_otc
352,2026-05-28 19:55:00,71900.6,71750.99,71900.6,71713.57,404,1779998398.575,BTCUSD_otc
352,2026-05-28 20:00:00,71753.83,71863.46,71926.43,71742.35,396,1779998699.019,BTCUSD_otc
352,2026-05-28 20:05:00,71863.46,71876.66,71988.29,71863.46,407,1779998999.983,BTCUSD_otc
352,2026-05-28 20:10:00,71876.66,71957.42,72023.37,71827.25,391,1779999299.966,BTCUSD_otc
352,2026-05-28 20:15:00,71963.61,72036.61,72088.83,71956.22,397,1779999599.843,BTCUSD_otc
352,2026-05-28 20:20:00,72028.61,72016.39,72063.2,71927.56,404,1779999899.821,BTCUSD_otc
352,2026-05-28 20:25:00,72016.39,72205.35,72230.15,72016.39,407,1780000199.694,BTCUSD_otc
352,2026-05-28 20:30:00,72205.35,72078.78,72208.28,72016.72,411,1780000499.654,BTCUSD_otc
352,2026-05-28 20:35:00,72075.9,72049.27,72099.03,71921.86,416,1780000799.595,BTCUSD_otc
352,2026-05-28 20:40:00,72049.27,72302.92,72331.73,72049.27,402,1780001099.547,BTCUSD_otc
352,2026-05-28 20:45:00,72298.59,72256.11,72401.58,72248.93,382,1780001398.98,BTCUSD_otc
352,2026-05-28 20:50:00,72256.11,72397.3,72433.24,72188.71,401,1780001699.389,BTCUSD_otc
352,2026-05-28 20:55:00,72397.3,72556.44,72556.44,72388.27,409,1780001999.799,BTCUSD_otc
352,2026-05-28 21:00:00,72556.44,72605.71,72675.09,72550.49,399,1780002299.681,BTCUSD_otc
352,2026-05-28 21:05:00,72598.92,72693.8,72693.8,72556.47,411,1780002599.679,BTCUSD_otc
352,2026-05-28 21:10:00,72693.8,72655.8,72785.9,72605.01,399,1780002899.519,BTCUSD_otc
352,2026-05-28 21:15:00,72653.2,72564.48,72691.68,72529.44,383,1780003199.918,BTCUSD_otc
352,2026-05-28 21:20:00,72564.48,72644.41,72664.38,72530.57,404,1780003499.829,BTCUSD_otc
352,2026-05-28 21:25:00,72640.82,72854.67,72870.59,72622.85,371,1780003799.721,BTCUSD_otc
352,2026-05-28 21:30:00,72854.67,72814.76,72860.97,72772.59,400,1780004099.714,BTCUSD_otc
352,2026-05-28 21:35:00,72835.17,72761.25,72882.67,72717.72,400,1780004399.545,BTCUSD_otc
352,2026-05-28 21:40:00,72761.25,72723.19,72838.83,72670.38,398,1780004699.996,BTCUSD_otc
352,2026-05-28 21:45:00,72723.19,72706.75,72743.68,72616.41,404,1780004998.426,BTCUSD_otc
352,2026-05-28 21:50:00,72706.75,72546.14,72733.11,72500.87,402,1780005299.879,BTCUSD_otc
352,2026-05-28 21:55:00,72546.14,72652.25,72726.16,72541.0,395,1780005599.759,BTCUSD_otc
352,2026-05-28 22:00:00,72655.26,72552.63,72786.44,72531.58,391,1780005899.207,BTCUSD_otc
352,2026-05-28 22:05:00,72552.63,72664.52,72734.64,72532.39,383,1780006199.67,BTCUSD_otc
352,2026-05-28 22:10:00,72666.89,72635.52,72750.9,72590.2,400,1780006499.601,BTCUSD_otc
352,2026-05-28 22:15:00,72632.44,72617.66,72716.72,72594.1,420,1780006799.068,BTCUSD_otc
352,2026-05-28 22:20:00,72620.74,72604.09,72715.59,72581.16,386,1780007099.981,BTCUSD_otc
352,2026-05-28 22:25:00,72599.25,72575.55,72740.04,72546.48,380,1780007398.406,BTCUSD_otc
352,2026-05-28 22:30:00,72572.19,72789.11,72813.32,72571.39,397,1780007698.803,BTCUSD_otc
352,2026-05-28 22:35:00,72789.11,72696.8,72803.43,72622.66,388,1780007999.276,BTCUSD_otc
352,2026-05-28 22:40:00,72696.8,72669.9,72719.55,72580.05,406,1780008299.684,BTCUSD_otc
352,2026-05-28 22:45:00,72669.9,72593.64,72709.66,72584.77,394,1780008599.656,BTCUSD_otc
352,2026-05-28 22:50:00,72593.64,72543.1,72611.94,72529.62,395,1780008899.078,BTCUSD_otc
352,2026-05-28 22:55:00,72543.1,72554.91,72583.6,72438.29,387,1780009199.992,BTCUSD_otc
352,2026-05-28 23:00:00,72554.91,72712.29,72737.73,72532.98,400,1780009498.845,BTCUSD_otc
352,2026-05-28 23:05:00,72712.29,72659.66,72712.29,72599.24,386,1780009799.836,BTCUSD_otc
352,2026-05-28 23:10:00,72659.66,72665.68,72693.46,72520.35,404,1780010099.685,BTCUSD_otc
352,2026-05-28 23:15:00,72665.68,72697.11,72734.74,72580.69,388,1780010399.669,BTCUSD_otc
352,2026-05-28 23:20:00,72697.11,72475.61,72719.43,72453.2,388,1780010698.532,BTCUSD_otc
352,2026-05-28 23:25:00,72475.61,72500.02,72500.02,72332.16,393,1780010999.973,BTCUSD_otc
352,2026-05-28 23:30:00,72500.02,72502.79,72559.45,72451.54,390,1780011299.403,BTCUSD_otc
352,2026-05-28 23:35:00,72500.65,72500.07,72527.7,72411.15,395,1780011599.852,BTCUSD_otc
352,2026-05-28 23:40:00,72497.66,72590.4,72630.81,72492.9,405,1780011899.756,BTCUSD_otc
352,2026-05-28 23:45:00,72590.4,72754.28,72787.48,72562.08,405,1780012199.734,BTCUSD_otc
352,2026-05-28 23:50:00,72756.11,72996.98,73017.78,72751.67,394,1780012499.638,BTCUSD_otc
352,2026-05-28 23:55:00,72992.09,72989.48,73018.21,72906.07,371,1780012799.534,BTCUSD_otc
352,2026-05-29 00:00:00,72989.48,72948.27,73103.3,72920.57,381,1780013099.007,BTCUSD_otc
352,2026-05-29 00:05:00,72955.59,73071.68,73083.12,72936.92,393,1780013399.377,BTCUSD_otc
352,2026-05-29 00:10:00,73071.68,72862.3,73075.3,72844.87,390,1780013699.859,BTCUSD_otc
352,2026-05-29 00:15:00,72860.05,72746.1,72879.81,72718.39,389,1780013999.775,BTCUSD_otc
352,2026-05-29 00:20:00,72737.01,72607.38,72828.75,72579.19,404,1780014299.738,BTCUSD_otc
352,2026-05-29 00:25:00,72607.38,72654.4,72668.9,72567.3,391,1780014599.577,BTCUSD_otc
352,2026-05-29 00:30:00,72658.53,72673.26,72768.04,72597.28,405,1780014899.023,BTCUSD_otc
352,2026-05-29 00:35:00,72669.0,72816.42,72816.42,72650.83,402,1780015199.411,BTCUSD_otc
352,2026-05-29 00:40:00,72816.42,72849.35,72856.36,72717.68,400,1780015498.886,BTCUSD_otc
352,2026-05-29 00:45:00,72849.35,72972.07,72972.07,72822.73,389,1780015799.769,BTCUSD_otc
352,2026-05-29 00:50:00,72972.07,72957.59,73038.04,72916.96,400,1780016099.724,BTCUSD_otc
352,2026-05-29 00:55:00,72951.48,72860.27,72967.18,72814.12,393,1780016399.114,BTCUSD_otc
352,2026-05-29 01:00:00,72860.27,72841.04,72938.07,72813.68,387,1780016699.034,BTCUSD_otc
352,2026-05-29 01:05:00,72843.84,72800.39,72883.26,72717.24,395,1780016999.972,BTCUSD_otc
352,2026-05-29 01:10:00,72797.1,72948.92,72993.0,72769.82,414,1780017298.336,BTCUSD_otc
352,2026-05-29 01:15:00,72951.35,72993.59,73049.21,72918.02,405,1780017599.303,BTCUSD_otc
352,2026-05-29 01:20:00,72993.59,72908.02,73072.73,72882.24,412,1780017899.682,BTCUSD_otc
352,2026-05-29 01:25:00,72903.56,72851.26,72939.16,72825.28,405,1780018199.179,BTCUSD_otc
352,2026-05-29 01:30:00,72848.6,72749.25,72940.48,72749.25,390,1780018499.036,BTCUSD_otc
352,2026-05-29 01:35:00,72752.47,72728.96,72783.21,72638.84,395,1780018799.971,BTCUSD_otc
352,2026-05-29 01:40:00,72728.96,72913.01,72922.96,72717.07,390,1780019099.898,BTCUSD_otc
352,2026-05-29 01:45:00,72913.01,72885.15,72947.27,72847.57,395,1780019399.315,BTCUSD_otc
352,2026-05-29 01:50:00,72871.93,72666.69,72882.71,72638.21,396,1780019699.728,BTCUSD_otc
352,2026-05-29 01:55:00,72666.69,72860.77,72883.97,72645.36,401,1780019999.179,BTCUSD_otc
352,2026-05-29 02:00:00,72854.81,72790.23,72937.43,72790.23,413,1780020299.527,BTCUSD_otc
352,2026-05-29 02:05:00,72790.23,72692.1,72805.44,72636.57,390,1780020599.956,BTCUSD_otc
352,2026-05-29 02:10:00,72682.61,72828.26,72837.53,72669.91,390,1780020898.943,BTCUSD_otc
352,2026-05-29 02:15:00,72828.26,72873.15,72920.8,72802.13,397,1780021198.895,BTCUSD_otc
352,2026-05-29 02:20:00,72873.15,72669.21,72873.15,72662.45,394,1780021499.79,BTCUSD_otc
352,2026-05-29 02:25:00,72682.6,72677.94,72764.24,72659.23,407,1780021799.743,BTCUSD_otc
352,2026-05-29 02:30:00,72677.94,72550.74,72732.68,72547.74,361,1780022099.631,BTCUSD_otc
352,2026-05-29 02:35:00,72547.95,72826.8,72835.85,72493.31,389,1780022398.51,BTCUSD_otc
352,2026-05-29 02:40:00,72830.52,72750.56,72848.21,72726.41,388,1780022699.482,BTCUSD_otc
352,2026-05-29 02:45:00,72752.8,72795.23,72845.7,72721.14,389,1780022999.82,BTCUSD_otc
352,2026-05-29 02:50:00,72795.23,72825.12,72895.46,72662.03,407,1780023299.76,BTCUSD_otc
352,2026-05-29 02:55:00,72829.25,72818.65,72899.99,72798.14,382,1780023599.148,BTCUSD_otc
352,2026-05-29 03:00:00,72815.88,72777.19,72866.48,72747.01,405,1780023899.585,BTCUSD_otc
352,2026-05-29 03:05:00,72772.21,72941.78,72947.27,72767.84,413,1780024199.547,BTCUSD_otc
352,2026-05-29 03:10:00,72939.23,73021.83,73030.21,72928.53,368,1780024499.443,BTCUSD_otc
352,2026-05-29 03:15:00,73021.83,72917.23,73059.55,72903.21,391,1780024799.448,BTCUSD_otc
352,2026-05-29 03:20:00,72917.23,73012.71,73024.83,72906.1,406,1780025098.915,BTCUSD_otc
352,2026-05-29 03:25:00,73012.71,73084.25,73088.93,72973.3,414,1780025399.844,BTCUSD_otc
352,2026-05-29 03:30:00,73084.25,72922.25,73084.25,72910.5,393,1780025699.793,BTCUSD_otc
352,2026-05-29 03:35:00,72922.25,73150.7,73185.61,72921.95,402,1780025999.709,BTCUSD_otc
352,2026-05-29 03:40:00,73150.7,73184.09,73234.11,73121.14,388,1780026299.57,BTCUSD_otc
352,2026-05-29 03:45:00,73184.09,72940.43,73190.11,72925.75,411,1780026599.534,BTCUSD_otc
352,2026-05-29 03:50:00,72940.43,73161.09,73192.75,72876.04,403,1780026899.958,BTCUSD_otc
352,2026-05-29 03:55:00,73161.09,73228.59,73256.01,73149.73,404,1780027199.92,BTCUSD_otc
352,2026-05-29 04:00:00,73235.29,73249.15,73279.5,73159.02,383,1780027499.819,BTCUSD_otc
352,2026-05-29 04:05:00,73255.15,73264.38,73337.48,73193.56,402,1780027799.748,BTCUSD_otc
352,2026-05-29 04:10:00,73264.38,73232.35,73323.86,73199.54,412,1780028099.704,BTCUSD_otc
352,2026-05-29 04:15:00,73228.84,73248.04,73391.96,73228.84,406,1780028399.648,BTCUSD_otc
352,2026-05-29 04:20:00,73248.04,73346.64,73398.69,73241.89,414,1780028699.516,BTCUSD_otc
352,2026-05-29 04:25:00,73350.3,73470.61,73551.2,73342.51,405,1780028999.943,BTCUSD_otc
352,2026-05-29 04:30:00,73470.61,73623.2,73692.64,73455.95,391,1780029299.9,BTCUSD_otc
352,2026-05-29 04:35:00,73623.2,73831.89,73831.89,73596.88,386,1780029599.779,BTCUSD_otc
352,2026-05-29 04:40:00,73831.89,73805.28,73874.89,73744.7,405,1780029899.231,BTCUSD_otc
352,2026-05-29 04:45:00,73805.28,73898.08,73949.46,73745.23,404,1780030199.619,BTCUSD_otc
352,2026-05-29 04:50:00,73899.89,73828.64,73904.35,73763.29,380,1780030499.143,BTCUSD_otc
352,2026-05-29 04:55:00,73830.99,73890.61,73935.59,73811.38,384,1780030799.525,BTCUSD_otc
352,2026-05-29 05:00:00,73883.38,73853.97,73913.54,73819.85,416,1780031099.008,BTCUSD_otc
352,2026-05-29 05:05:00,73853.97,73825.57,73884.16,73777.95,396,1780031399.883,BTCUSD_otc
352,2026-05-29 05:10:00,73825.57,73843.06,73874.19,73757.59,389,1780031699.866,BTCUSD_otc
352,2026-05-29 05:15:00,73843.06,73819.89,73926.16,73813.71,395,1780031999.765,BTCUSD_otc
352,2026-05-29 05:20:00,73824.06,73576.67,73873.32,73566.28,378,1780032298.281,BTCUSD_otc
352,2026-05-29 05:25:00,73576.67,73545.42,73604.75,73489.96,384,1780032599.219,BTCUSD_otc
352,2026-05-29 05:30:00,73545.42,73450.18,73621.75,73425.1,396,1780032899.205,BTCUSD_otc
352,2026-05-29 05:35:00,73450.18,73337.41,73465.85,73307.01,400,1780033199.606,BTCUSD_otc
352,2026-05-29 05:40:00,73327.44,73386.46,73453.87,73311.95,406,1780033498.56,BTCUSD_otc
352,2026-05-29 05:45:00,73384.1,73533.2,73536.15,73347.78,394,1780033799.992,BTCUSD_otc
352,2026-05-29 05:50:00,73533.2,73541.21,73654.64,73441.66,400,1780034099.966,BTCUSD_otc
352,2026-05-29 05:55:00,73546.42,73629.71,73649.33,73525.1,397,1780034399.924,BTCUSD_otc
352,2026-05-29 06:00:00,73629.71,73587.86,73682.39,73518.55,383,1780034699.91,BTCUSD_otc
352,2026-05-29 06:05:00,73587.86,73594.31,73666.72,73535.49,385,1780034999.343,BTCUSD_otc
352,2026-05-29 06:10:00,73590.17,73523.98,73641.25,73516.32,398,1780035299.745,BTCUSD_otc
352,2026-05-29 06:15:00,73526.58,73443.27,73573.01,73443.27,390,1780035599.661,BTCUSD_otc
352,2026-05-29 06:20:00,73443.27,73479.31,73523.11,73422.03,401,1780035899.108,BTCUSD_otc
352,2026-05-29 06:25:00,73476.11,73485.11,73560.22,73397.76,383,1780036198.542,BTCUSD_otc
352,2026-05-29 06:30:00,73485.11,73392.54,73524.41,73387.21,405,1780036499.531,BTCUSD_otc
352,2026-05-29 06:35:00,73397.89,73260.76,73499.67,73249.95,405,1780036799.912,BTCUSD_otc
352,2026-05-29 06:40:00,73260.76,73215.12,73311.65,73169.19,433,1780037099.892,BTCUSD_otc
352,2026-05-29 06:45:00,73215.12,73265.5,73333.62,73215.12,399,1780037399.804,BTCUSD_otc
352,2026-05-29 06:50:00,73265.5,73413.82,73413.82,73239.21,381,1780037699.305,BTCUSD_otc
352,2026-05-29 06:55:00,73413.82,73427.75,73516.17,73323.65,418,1780037999.71,BTCUSD_otc
352,2026-05-29 07:00:00,73427.75,73458.37,73521.43,73411.78,397,1780038299.723,BTCUSD_otc
352,2026-05-29 07:05:00,73458.37,73402.73,73460.49,73293.86,375,1780038599.584,BTCUSD_otc
352,2026-05-29 07:10:00,73397.85,73480.41,73483.03,73366.18,385,1780038897.549,BTCUSD_otc
352,2026-05-29 07:15:00,73484.39,73574.19,73594.54,73453.75,400,1780039199.459,BTCUSD_otc
352,2026-05-29 07:20:00,73574.19,73497.03,73636.53,73441.39,395,1780039499.949,BTCUSD_otc
352,2026-05-29 07:25:00,73494.07,73342.98,73499.15,73327.52,375,1780039799.845,BTCUSD_otc
352,2026-05-29 07:30:00,73342.98,73129.41,73344.49,73108.56,389,1780040098.833,BTCUSD_otc
352,2026-05-29 07:35:00,73129.41,73148.33,73152.41,73000.29,400,1780040399.166,BTCUSD_otc
352,2026-05-29 07:40:00,73153.56,73093.52,73169.33,73046.72,369,1780040699.566,BTCUSD_otc
352,2026-05-29 07:45:00,73093.52,73069.23,73188.24,73040.38,403,1780040998.53,BTCUSD_otc
352,2026-05-29 07:50:00,73069.23,72914.54,73090.93,72893.79,385,1780041298.948,BTCUSD_otc
352,2026-05-29 07:55:00,72914.54,72832.29,72949.5,72819.44,404,1780041599.903,BTCUSD_otc
352,2026-05-29 08:00:00,72835.49,72904.52,72992.59,72806.62,404,1780041899.275,BTCUSD_otc
352,2026-05-29 08:05:00,72901.27,72780.11,72910.42,72730.84,412,1780042199.781,BTCUSD_otc
352,2026-05-29 08:10:00,72780.11,72794.56,72807.35,72677.12,417,1780042499.131,BTCUSD_otc
352,2026-05-29 08:15:00,72797.7,72737.05,72817.08,72674.2,416,1780042799.625,BTCUSD_otc
352,2026-05-29 08:20:00,72741.01,72769.32,72825.07,72732.0,386,1780043099.011,BTCUSD_otc
352,2026-05-29 08:25:00,72751.78,72544.91,72755.34,72507.84,397,1780043399.043,BTCUSD_otc
352,2026-05-29 08:30:00,72552.97,72526.46,72600.25,72508.49,409,1780043699.927,BTCUSD_otc
352,2026-05-29 08:35:00,72526.46,72508.81,72530.78,72431.77,367,1780043969.354,BTCUSD_otc
352,2026-05-29 08:40:00,72508.81,72508.81,72508.81,72508.81,0,1780044000.0,BTCUSD_otc
352,2026-05-29 08:45:00,72508.81,72508.81,72508.81,72508.81,0,1780044300.0,BTCUSD_otc
352,2026-05-29 08:50:00,72508.81,72508.81,72508.81,72508.81,0,1780044600.0,BTCUSD_otc
352,2026-05-29 08:55:00,72508.81,72508.81,72508.81,72508.81,0,1780044900.0,BTCUSD_otc
352,2026-05-29 09:00:00,72508.81,72508.81,72508.81,72508.81,0,1780045200.0,BTCUSD_otc
352,2026-05-29 09:05:00,72508.81,72508.81,72508.81,72508.81,0,1780045500.0,BTCUSD_otc
352,2026-05-29 09:10:00,72508.81,72508.81,72508.81,72508.81,0,1780045800.0,BTCUSD_otc
352,2026-05-29 09:15:00,72508.81,72508.81,72508.81,72508.81,0,1780046100.0,BTCUSD_otc
352,2026-05-29 09:20:00,72508.81,72508.81,72508.81,72508.81,0,1780046400.0,BTCUSD_otc
352,2026-05-29 09:25:00,72508.81,72508.81,72508.81,72508.81,0,1780046700.0,BTCUSD_otc
352,2026-05-29 09:30:00,72508.81,73905.06,73911.87,72508.81,186,1780047299.767,BTCUSD_otc
352,2026-05-29 09:35:00,73900.46,74004.34,74004.34,73860.29,388,1780047599.089,BTCUSD_otc
352,2026-05-29 09:40:00,74011.64,74103.19,74145.83,73999.1,381,1780047899.519,BTCUSD_otc
352,2026-05-29 09:45:00,74103.19,73932.31,74107.17,73864.8,391,1780048199.965,BTCUSD_otc
352,2026-05-29 09:50:00,73932.31,74177.04,74208.59,73863.07,406,1780048498.472,BTCUSD_otc
352,2026-05-29 09:55:00,74181.26,74235.35,74238.49,74097.14,405,1780048799.341,BTCUSD_otc
352,2026-05-29 10:00:00,74235.35,74224.32,74332.6,74188.57,389,1780049099.847,BTCUSD_otc
352,2026-05-29 10:05:00,74224.32,73960.64,74248.55,73942.83,427,1780049399.807,BTCUSD_otc
352,2026-05-29 10:10:00,73964.71,73988.71,74126.59,73928.28,400,1780049699.787,BTCUSD_otc
352,2026-05-29 10:15:00,73985.83,74021.74,74033.89,73880.39,391,1780049999.194,BTCUSD_otc
352,2026-05-29 10:20:00,74021.74,73932.58,74075.06,73929.09,390,1780050299.638,BTCUSD_otc
352,2026-05-29 10:25:00,73932.58,73914.63,73932.58,73805.25,402,1780050599.496,BTCUSD_otc
352,2026-05-29 10:30:00,73914.63,74119.12,74119.12,73874.75,392,1780050898.895,BTCUSD_otc
352,2026-05-29 10:35:00,74119.12,74180.98,74251.41,74113.92,410,1780051199.409,BTCUSD_otc
352,2026-05-29 10:40:00,74180.98,74277.02,74279.7,74145.22,407,1780051499.792,BTCUSD_otc
352,2026-05-29 10:45:00,74271.19,74102.31,74271.19,74092.34,404,1780051799.824,BTCUSD_otc
352,2026-05-29 10:50:00,74097.81,74080.96,74113.6,74033.99,385,1780052098.209,BTCUSD_otc
352,2026-05-29 10:55:00,74073.44,73965.7,74121.3,73959.07,396,1780052399.67,BTCUSD_otc
352,2026-05-29 11:00:00,73965.7,73915.9,74000.28,73894.91,399,1780052699.078,BTCUSD_otc
352,2026-05-29 11:05:00,73908.46,73843.94,74013.44,73820.47,411,1780052999.614,BTCUSD_otc
352,2026-05-29 11:10:00,73843.94,73807.8,73882.73,73764.98,399,1780053299.518,BTCUSD_otc
352,2026-05-29 11:15:00,73801.88,73570.94,73801.88,73562.35,410,1780053599.031,BTCUSD_otc
352,2026-05-29 11:20:00,73568.5,73463.41,73626.19,73460.02,407,1780053899.919,BTCUSD_otc
352,2026-05-29 11:25:00,73463.41,73720.99,73749.5,73430.48,407,1780054198.913,BTCUSD_otc
352,2026-05-29 11:30:00,73720.99,73725.96,73820.07,73687.97,408,1780054499.762,BTCUSD_otc
352,2026-05-29 11:35:00,73725.96,73606.8,73751.76,73590.27,410,1780054799.297,BTCUSD_otc
352,2026-05-29 11:40:00,73606.8,73778.45,73788.68,73582.48,399,1780055099.236,BTCUSD_otc
352,2026-05-29 11:45:00,73772.29,73734.42,73882.09,73687.05,398,1780055399.73,BTCUSD_otc
352,2026-05-29 11:50:00,73729.44,73734.29,73831.57,73681.54,400,1780055699.644,BTCUSD_otc
352,2026-05-29 11:55:00,73734.29,73822.18,73826.61,73700.73,402,1780055998.121,BTCUSD_otc
352,2026-05-29 12:00:00,73819.15,73684.1,73847.75,73630.86,394,1780056299.995,BTCUSD_otc
352,2026-05-29 12:05:00,73679.83,73602.65,73744.15,73601.24,405,1780056599.971,BTCUSD_otc
352,2026-05-29 12:10:00,73602.65,73761.67,73795.37,73592.87,402,1780056899.912,BTCUSD_otc
352,2026-05-29 12:15:00,73761.67,73819.61,73911.75,73741.5,396,1780057198.904,BTCUSD_otc
352,2026-05-29 12:20:00,73814.3,73837.78,73888.99,73787.62,376,1780057498.776,BTCUSD_otc
352,2026-05-29 12:25:00,73836.01,73903.24,73949.0,73828.68,401,1780057799.746,BTCUSD_otc
352,2026-05-29 12:30:00,73903.24,73714.16,73916.85,73702.77,396,1780058099.619,BTCUSD_otc
352,2026-05-29 12:35:00,73717.11,73509.67,73724.04,73464.42,409,1780058398.569,BTCUSD_otc
352,2026-05-29 12:40:00,73509.67,73566.8,73587.5,73468.42,405,1780058699.523,BTCUSD_otc
352,2026-05-29 12:45:00,73566.8,73258.51,73572.48,73258.51,401,1780058999.968,BTCUSD_otc
352,2026-05-29 12:50:00,73258.51,72972.7,73258.51,72968.35,414,1780059299.895,BTCUSD_otc
352,2026-05-29 12:55:00,72975.62,72971.05,72987.44,72878.85,398,1780059597.214,BTCUSD_otc
352,2026-05-29 13:00:00,72975.76,72960.75,73015.11,72885.42,398,1780059899.769,BTCUSD_otc
352,2026-05-29 13:05:00,72960.75,73018.86,73018.86,72924.98,396,1780060198.145,BTCUSD_otc
352,2026-05-29 13:10:00,73022.62,73030.82,73061.23,72976.27,385,1780060499.167,BTCUSD_otc
352,2026-05-29 13:15:00,73027.07,73094.84,73203.89,73001.66,412,1780060798.047,BTCUSD_otc
352,2026-05-29 13:20:00,73098.1,73123.46,73153.97,72957.94,394,1780061099.046,BTCUSD_otc
352,2026-05-29 13:25:00,73126.1,73338.04,73351.71,73086.95,396,1780061399.933,BTCUSD_otc
352,2026-05-29 13:30:00,73338.04,73390.35,73422.07,73299.9,386,1780061699.951,BTCUSD_otc
352,2026-05-29 13:35:00,73395.35,73285.37,73426.62,73260.97,380,1780061999.8,BTCUSD_otc
352,2026-05-29 13:40:00,73285.37,73102.79,73322.55,73065.68,392,1780062299.799,BTCUSD_otc
352,2026-05-29 13:45:00,73106.88,72909.86,73123.82,72906.7,402,1780062599.704,BTCUSD_otc
352,2026-05-29 13:50:00,72909.86,72766.32,72940.93,72706.39,400,1780062899.669,BTCUSD_otc
352,2026-05-29 13:55:00,72766.32,72785.55,72847.16,72712.15,395,1780063199.587,BTCUSD_otc
352,2026-05-29 14:00:00,72785.55,72831.0,72953.99,72779.02,399,1780063499.548,BTCUSD_otc
352,2026-05-29 14:05:00,72835.29,72662.65,72885.51,72610.54,400,1780063799.977,BTCUSD_otc
352,2026-05-29 14:10:00,72665.98,72691.54,72722.57,72594.51,398,1780064099.929,BTCUSD_otc
352,2026-05-29 14:15:00,72691.54,72802.03,72808.87,72576.04,409,1780064398.87,BTCUSD_otc
352,2026-05-29 14:20:00,72802.03,72715.49,72894.56,72685.62,399,1780064699.822,BTCUSD_otc
352,2026-05-29 14:25:00,72717.94,72724.49,72773.96,72641.28,407,1780064999.781,BTCUSD_otc
352,2026-05-29 14:30:00,72724.49,72552.59,72752.18,72549.61,389,1780065299.718,BTCUSD_otc
352,2026-05-29 14:35:00,72552.59,72604.85,72675.81,72526.71,392,1780065599.667,BTCUSD_otc
352,2026-05-29 14:40:00,72607.9,72712.73,72756.05,72579.41,391,1780065899.544,BTCUSD_otc
352,2026-05-29 14:45:00,72706.49,72679.67,72748.67,72642.24,366,1780066199.545,BTCUSD_otc
352,2026-05-29 14:50:00,72681.83,72407.46,72689.29,72383.35,400,1780066499.403,BTCUSD_otc
352,2026-05-29 14:55:00,72407.46,72639.14,72661.85,72387.2,404,1780066799.819,BTCUSD_otc
352,2026-05-29 15:00:00,72641.8,72917.01,72945.24,72636.34,407,1780067099.268,BTCUSD_otc
352,2026-05-29 15:05:00,72917.01,72975.47,73012.13,72890.19,392,1780067399.832,BTCUSD_otc
352,2026-05-29 15:10:00,72975.47,73107.72,73141.92,72963.61,410,1780067699.189,BTCUSD_otc
352,2026-05-29 15:15:00,73117.59,72874.24,73119.84,72874.24,386,1780067999.616,BTCUSD_otc
352,2026-05-29 15:20:00,72874.24,72939.8,72985.02,72862.04,398,1780068299.512,BTCUSD_otc
352,2026-05-29 15:25:00,72936.58,73127.14,73194.35,72914.72,403,1780068599.886,BTCUSD_otc
352,2026-05-29 15:30:00,73127.14,73109.42,73189.81,73037.45,408,1780068899.363,BTCUSD_otc
352,2026-05-29 15:35:00,73109.42,73056.59,73109.42,73010.95,392,1780069199.76,BTCUSD_otc
352,2026-05-29 15:40:00,73060.87,72983.06,73163.65,72976.39,407,1780069499.74,BTCUSD_otc
352,2026-05-29 15:45:00,72983.06,72882.13,72984.12,72875.77,402,1780069799.614,BTCUSD_otc
352,2026-05-29 15:50:00,72879.06,72927.06,72983.39,72805.36,402,1780070099.583,BTCUSD_otc
352,2026-05-29 15:55:00,72927.06,72755.71,72927.66,72726.74,403,1780070399.025,BTCUSD_otc
352,2026-05-29 16:00:00,72749.94,72814.93,72822.15,72709.83,379,1780070699.524,BTCUSD_otc
352,2026-05-29 16:05:00,72814.93,72893.45,72893.65,72740.33,399,1780070999.926,BTCUSD_otc
352,2026-05-29 16:10:00,72893.45,73023.54,73078.24,72874.56,418,1780071299.922,BTCUSD_otc
352,2026-05-29 16:15:00,73026.84,73126.3,73162.66,73026.84,382,1780071599.799,BTCUSD_otc
352,2026-05-29 16:20:00,73128.89,73160.84,73217.64,73101.91,375,1780071898.711,BTCUSD_otc
352,2026-05-29 16:25:00,73160.84,73193.03,73229.72,73129.24,397,1780072199.133,BTCUSD_otc
352,2026-05-29 16:30:00,73187.68,73368.79,73375.48,73123.28,397,1780072499.596,BTCUSD_otc
352,2026-05-29 16:35:00,73368.79,73187.0,73382.64,73179.06,396,1780072798.99,BTCUSD_otc
352,2026-05-29 16:40:00,73183.36,73232.2,73232.2,73111.7,383,1780073099.915,BTCUSD_otc
352,2026-05-29 16:45:00,73232.2,73423.74,73423.74,73182.58,395,1780073399.873,BTCUSD_otc
352,2026-05-29 16:50:00,73423.74,73514.27,73525.39,73418.12,397,1780073699.233,BTCUSD_otc
352,2026-05-29 16:55:00,73516.41,73587.33,73601.99,73474.89,396,1780073998.723,BTCUSD_otc
352,2026-05-29 17:00:00,73594.49,73461.5,73616.99,73461.33,430,1780074299.621,BTCUSD_otc
352,2026-05-29 17:05:00,73459.22,73430.58,73545.31,73401.98,399,1780074599.118,BTCUSD_otc
352,2026-05-29 17:10:00,73430.58,73402.33,73457.86,73332.46,410,1780074899.988,BTCUSD_otc
352,2026-05-29 17:15:00,73404.9,73027.67,73404.9,72983.93,385,1780075199.941,BTCUSD_otc
352,2026-05-29 17:20:00,73027.67,72810.15,73034.15,72774.54,398,1780075499.36,BTCUSD_otc
352,2026-05-29 17:25:00,72810.15,72876.03,72938.33,72803.04,388,1780075799.329,BTCUSD_otc
352,2026-05-29 17:30:00,72876.03,72749.47,72883.22,72749.47,383,1780076099.787,BTCUSD_otc
352,2026-05-29 17:35:00,72746.05,72655.89,72765.09,72621.02,415,1780076399.686,BTCUSD_otc
352,2026-05-29 17:40:00,72655.89,72657.18,72726.83,72604.27,401,1780076699.632,BTCUSD_otc
352,2026-05-29 17:45:00,72654.45,72603.08,72766.04,72569.69,372,1780076999.489,BTCUSD_otc
352,2026-05-29 17:50:00,72603.08,72548.54,72608.62,72432.62,389,1780077299.496,BTCUSD_otc
352,2026-05-29 17:55:00,72548.54,72286.41,72550.85,72278.85,382,1780077599.863,BTCUSD_otc
352,2026-05-29 18:00:00,72286.41,72440.93,72443.19,72257.98,410,1780077899.798,BTCUSD_otc
352,2026-05-29 18:05:00,72438.08,72411.01,72515.39,72403.63,390,1780078199.677,BTCUSD_otc
352,2026-05-29 18:10:00,72411.01,72455.02,72489.87,72350.76,408,1780078499.579,BTCUSD_otc
352,2026-05-29 18:15:00,72451.82,72564.0,72564.0,72403.07,407,1780078799.52,BTCUSD_otc
352,2026-05-29 18:20:00,72574.95,72590.56,72644.29,72511.72,406,1780079098.929,BTCUSD_otc
352,2026-05-29 18:25:00,72590.56,72554.48,72590.56,72486.63,395,1780079399.923,BTCUSD_otc
352,2026-05-29 18:30:00,72551.28,72514.47,72556.84,72467.53,388,1780079699.849,BTCUSD_otc
352,2026-05-29 18:35:00,72514.47,72460.19,72520.87,72387.21,418,1780079999.279,BTCUSD_otc
352,2026-05-29 18:40:00,72462.2,72501.55,72514.94,72405.28,405,1780080299.712,BTCUSD_otc
352,2026-05-29 18:45:00,72497.41,72413.7,72529.9,72396.71,385,1780080599.148,BTCUSD_otc
352,2026-05-29 18:50:00,72411.55,72340.17,72418.33,72290.11,398,1780080899.548,BTCUSD_otc
352,2026-05-29 18:55:00,72340.17,72300.36,72344.73,72219.23,392,1780081199.504,BTCUSD_otc
352,2026-05-29 19:00:00,72303.27,72395.53,72423.63,72248.28,399,1780081499.929,BTCUSD_otc
352,2026-05-29 19:05:00,72395.53,72474.16,72501.41,72374.87,401,1780081799.88,BTCUSD_otc
352,2026-05-29 19:10:00,72474.16,72406.82,72581.09,72394.15,377,1780082099.27,BTCUSD_otc
352,2026-05-29 19:15:00,72406.82,72452.72,72455.9,72299.39,395,1780082398.23,BTCUSD_otc
352,2026-05-29 19:20:00,72447.48,72368.17,72469.91,72329.13,411,1780082699.632,BTCUSD_otc
352,2026-05-29 19:25:00,72363.13,72238.02,72393.93,72163.57,382,1780082999.118,BTCUSD_otc
352,2026-05-29 19:30:00,72224.86,72227.65,72260.58,72105.12,404,1780083298.577,BTCUSD_otc
352,2026-05-29 19:35:00,72225.72,72455.7,72467.93,72206.41,387,1780083598.541,BTCUSD_otc
352,2026-05-29 19:40:00,72455.7,72336.98,72476.61,72317.22,409,1780083899.938,BTCUSD_otc
352,2026-05-29 19:45:00,72336.98,72359.94,72414.2,72278.81,415,1780084199.863,BTCUSD_otc
352,2026-05-29 19:50:00,72359.94,72203.14,72391.36,72190.23,398,1780084498.244,BTCUSD_otc
352,2026-05-29 19:55:00,72203.14,72198.03,72282.56,72171.03,359,1780084799.688,BTCUSD_otc
352,2026-05-29 20:00:00,72193.81,72084.26,72292.3,72048.4,389,1780085099.049,BTCUSD_otc
352,2026-05-29 20:05:00,72065.03,72059.49,72093.7,71957.53,406,1780085399.499,BTCUSD_otc
352,2026-05-29 20:10:00,72066.26,72108.86,72109.44,71928.55,392,1780085699.92,BTCUSD_otc
352,2026-05-29 20:15:00,72108.86,71700.41,72117.2,71700.41,402,1780085999.375,BTCUSD_otc
352,2026-05-29 20:20:00,71700.41,71489.16,71721.88,71489.16,420,1780086299.709,BTCUSD_otc
352,2026-05-29 20:25:00,71489.16,71550.02,71551.74,71419.18,394,1780086599.132,BTCUSD_otc
352,2026-05-29 20:30:00,71550.02,71594.07,71684.24,71542.41,401,1780086899.566,BTCUSD_otc
352,2026-05-29 20:35:00,71594.07,71641.14,71684.21,71515.05,407,1780087199.975,BTCUSD_otc
352,2026-05-29 20:40:00,71641.14,71445.43,71682.34,71445.19,400,1780087499.911,BTCUSD_otc
352,2026-05-29 20:45:00,71448.68,71578.88,71617.72,71340.32,386,1780087799.815,BTCUSD_otc
352,2026-05-29 20:50:00,71578.88,71633.07,71732.84,71499.18,402,1780088099.254,BTCUSD_otc
352,2026-05-29 20:55:00,71608.28,71664.04,71673.15,71524.77,388,1780088399.112,BTCUSD_otc
352,2026-05-29 21:00:00,71664.04,71583.14,71668.44,71537.76,385,1780088699.12,BTCUSD_otc
352,2026-05-29 21:05:00,71583.14,71704.9,71719.33,71574.67,408,1780088999.018,BTCUSD_otc
352,2026-05-29 21:10:00,71704.9,71493.42,71723.48,71462.18,400,1780089299.044,BTCUSD_otc
352,2026-05-29 21:15:00,71493.42,71433.59,71591.22,71380.35,414,1780089599.971,BTCUSD_otc
352,2026-05-29 21:20:00,71431.09,71462.06,71608.06,71419.82,380,1780089899.973,BTCUSD_otc
352,2026-05-29 21:25:00,71462.06,71484.09,71526.97,71438.26,398,1780090198.835,BTCUSD_otc
352,2026-05-29 21:30:00,71484.09,71316.42,71504.69,71242.88,390,1780090499.809,BTCUSD_otc
352,2026-05-29 21:35:00,71316.42,71259.8,71446.58,71251.82,405,1780090799.761,BTCUSD_otc
352,2026-05-29 21:40:00,71259.8,71333.72,71371.68,71209.38,395,1780091099.25,BTCUSD_otc
352,2026-05-29 21:45:00,71337.21,71265.12,71402.47,71200.96,410,1780091399.151,BTCUSD_otc
352,2026-05-29 21:50:00,71260.54,71224.16,71326.14,71138.08,411,1780091699.592,BTCUSD_otc
352,2026-05-29 21:55:00,71222.26,71317.61,71371.72,71212.01,395,1780091999.502,BTCUSD_otc
352,2026-05-29 22:00:00,71313.58,71414.72,71439.33,71310.77,409,1780092299.956,BTCUSD_otc
352,2026-05-29 22:05:00,71409.25,71362.44,71432.67,71221.39,398,1780092599.93,BTCUSD_otc
352,2026-05-29 22:10:00,71359.56,71353.16,71438.27,71320.92,374,1780092899.411,BTCUSD_otc
352,2026-05-29 22:15:00,71353.16,71387.98,71442.55,71331.03,394,1780093198.859,BTCUSD_otc
352,2026-05-29 22:20:00,71389.93,71503.87,71551.48,71384.27,408,1780093499.771,BTCUSD_otc
352,2026-05-29 22:25:00,71505.62,71486.5,71583.11,71459.04,406,1780093799.753,BTCUSD_otc
352,2026-05-29 22:30:00,71486.5,71642.96,71668.19,71482.4,396,1780094099.665,BTCUSD_otc
352,2026-05-29 22:35:00,71637.66,71537.57,71649.54,71521.85,409,1780094399.62,BTCUSD_otc
352,2026-05-29 22:40:00,71537.57,71310.84,71537.57,71295.46,380,1780094699.543,BTCUSD_otc
352,2026-05-29 22:45:00,71316.16,71294.69,71362.79,71261.34,426,1780094999.557,BTCUSD_otc
352,2026-05-29 22:50:00,71302.28,71428.12,71504.62,71271.49,417,1780095299.972,BTCUSD_otc
352,2026-05-29 22:55:00,71428.12,71457.32,71463.96,71379.4,400,1780095599.949,BTCUSD_otc
352,2026-05-29 23:00:00,71460.35,71274.73,71479.96,71253.91,406,1780095899.862,BTCUSD_otc
352,2026-05-29 23:05:00,71274.73,71321.32,71396.79,71259.16,386,1780096199.873,BTCUSD_otc
352,2026-05-29 23:10:00,71321.32,71285.71,71378.92,71246.77,405,1780096498.764,BTCUSD_otc
352,2026-05-29 23:15:00,71285.71,71165.55,71345.43,71108.32,400,1780096799.777,BTCUSD_otc
352,2026-05-29 23:20:00,71165.55,71111.16,71299.69,71067.39,397,1780097099.642,BTCUSD_otc
352,2026-05-29 23:25:00,71111.16,71106.66,71167.79,71051.36,391,1780097399.622,BTCUSD_otc
352,2026-05-29 23:30:00,71106.66,71235.27,71247.59,71083.69,406,1780097698.571,BTCUSD_otc
352,2026-05-29 23:35:00,71235.27,71331.73,71331.73,71175.58,401,1780097999.563,BTCUSD_otc
352,2026-05-29 23:40:00,71331.73,71270.52,71334.86,71183.31,404,1780098299.907,BTCUSD_otc
352,2026-05-29 23:45:00,71270.52,71402.2,71492.52,71270.52,398,1780098599.81,BTCUSD_otc
352,2026-05-29 23:50:00,71397.81,71536.46,71579.67,71346.55,408,1780098899.31,BTCUSD_otc
352,2026-05-29 23:55:00,71536.46,71392.68,71536.46,71334.24,404,1780099199.72,BTCUSD_otc
352,2026-05-30 00:00:00,71392.68,71406.06,71445.47,71371.26,387,1780099499.703,BTCUSD_otc
352,2026-05-30 00:05:00,71406.06,71589.96,71597.92,71391.42,378,1780099798.615,BTCUSD_otc
352,2026-05-30 00:10:00,71586.4,71468.04,71595.26,71428.32,397,1780100099.102,BTCUSD_otc
352,2026-05-30 00:15:00,71468.04,71608.45,71693.48,71460.8,391,1780100398.004,BTCUSD_otc
352,2026-05-30 00:20:00,71608.45,71736.77,71790.01,71575.16,417,1780100698.54,BTCUSD_otc
352,2026-05-30 00:25:00,71740.72,71502.79,71768.06,71462.62,406,1780100999.992,BTCUSD_otc
352,2026-05-30 00:30:00,71505.89,71421.56,71529.85,71387.17,405,1780101298.929,BTCUSD_otc
352,2026-05-30 00:35:00,71421.56,71521.33,71606.05,71399.92,415,1780101599.804,BTCUSD_otc
352,2026-05-30 00:40:00,71517.84,71596.35,71674.36,71466.68,394,1780101899.327,BTCUSD_otc
352,2026-05-30 00:45:00,71593.51,71520.5,71648.11,71485.16,391,1780102199.723,BTCUSD_otc
352,2026-05-30 00:50:00,71520.5,71673.39,71692.42,71496.71,392,1780102499.246,BTCUSD_otc
352,2026-05-30 00:55:00,71670.05,71513.22,71761.52,71511.35,422,1780102799.66,BTCUSD_otc
352,2026-05-30 01:00:00,71513.22,71558.16,71612.13,71495.78,394,1780103099.659,BTCUSD_otc
352,2026-05-30 01:05:00,71558.16,71377.03,71591.61,71320.55,381,1780103399.063,BTCUSD_otc
352,2026-05-30 01:10:00,71377.03,71112.99,71397.32,71112.99,419,1780103699.042,BTCUSD_otc
352,2026-05-30 01:15:00,71112.99,71020.1,71146.53,70938.14,405,1780103999.94,BTCUSD_otc
352,2026-05-30 01:20:00,71020.1,71151.81,71189.06,71009.08,378,1780104299.942,BTCUSD_otc
352,2026-05-30 01:25:00,71151.81,71088.22,71231.86,71044.15,395,1780104599.846,BTCUSD_otc
352,2026-05-30 01:30:00,71088.22,71289.27,71336.77,71060.14,410,1780104899.354,BTCUSD_otc
352,2026-05-30 01:35:00,71289.27,71371.69,71384.4,71258.36,417,1780105199.74,BTCUSD_otc
352,2026-05-30 01:40:00,71371.69,71414.08,71507.37,71356.31,401,1780105499.751,BTCUSD_otc
352,2026-05-30 01:45:00,71414.08,71304.74,71445.5,71286.62,392,1780105799.626,BTCUSD_otc
352,2026-05-30 01:50:00,71299.88,71332.81,71385.04,71254.97,398,1780106099.597,BTCUSD_otc
352,2026-05-30 01:55:00,71325.56,71263.36,71326.51,71156.17,394,1780106399.545,BTCUSD_otc
352,2026-05-30 02:00:00,71263.36,71297.08,71297.08,71159.16,398,1780106699.516,BTCUSD_otc
352,2026-05-30 02:05:00,71301.7,71127.63,71352.24,71122.12,393,1780106999.447,BTCUSD_otc
352,2026-05-30 02:10:00,71124.2,71066.27,71124.2,70986.44,405,1780107299.349,BTCUSD_otc
352,2026-05-30 02:15:00,71066.27,71143.87,71204.61,71021.99,381,1780107599.327,BTCUSD_otc
352,2026-05-30 02:20:00,71143.87,71130.39,71218.98,71089.06,398,1780107899.835,BTCUSD_otc
352,2026-05-30 02:25:00,71122.91,70974.51,71160.37,70968.62,391,1780108198.281,BTCUSD_otc
352,2026-05-30 02:30:00,70974.51,70974.36,71006.22,70849.37,400,1780108499.772,BTCUSD_otc
352,2026-05-30 02:35:00,70974.36,70904.52,71012.44,70863.26,381,1780108798.758,BTCUSD_otc
352,2026-05-30 02:40:00,70904.52,70650.32,70906.63,70633.4,416,1780109099.697,BTCUSD_otc
352,2026-05-30 02:45:00,70650.32,70582.72,70676.2,70570.43,402,1780109399.704,BTCUSD_otc
352,2026-05-30 02:50:00,70582.72,73723.43,73730.68,70570.43,368,1780109699.723,BTCUSD_otc
352,2026-05-30 02:55:00,73723.43,73871.25,73871.25,73614.54,396,1780109999.622,BTCUSD_otc
352,2026-05-30 03:00:00,73871.25,73828.78,73927.13,73767.94,414,1780110299.628,BTCUSD_otc
352,2026-05-30 03:05:00,73828.78,73891.47,73916.94,73775.68,394,1780110599.999,BTCUSD_otc
352,2026-05-30 03:10:00,73891.47,73894.94,73922.2,73808.94,414,1780110899.977,BTCUSD_otc
352,2026-05-30 03:15:00,73894.94,73972.06,73984.27,73853.96,393,1780111199.374,BTCUSD_otc
352,2026-05-30 03:20:00,73972.06,73800.55,73990.0,73797.74,401,1780111499.858,BTCUSD_otc
352,2026-05-30 03:25:00,73800.55,73922.38,74000.59,73778.11,391,1780111799.283,BTCUSD_otc
352,2026-05-30 03:30:00,73922.38,74070.61,74074.89,73844.94,401,1780112099.687,BTCUSD_otc
352,2026-05-30 03:35:00,74066.86,73925.41,74086.86,73910.96,381,1780112399.202,BTCUSD_otc
352,2026-05-30 03:40:00,73922.97,74002.53,74053.18,73808.71,399,1780112699.139,BTCUSD_otc
352,2026-05-30 03:45:00,74002.53,73894.22,74061.16,73894.22,367,1780112998.618,BTCUSD_otc
352,2026-05-30 03:50:00,73916.12,73806.62,73934.05,73772.63,402,1780113299.585,BTCUSD_otc
352,2026-05-30 03:55:00,73806.62,73887.42,73919.3,73761.5,381,1780113599.045,BTCUSD_otc
352,2026-05-30 04:00:00,73887.42,73792.8,73887.42,73753.24,400,1780113899.958,BTCUSD_otc
352,2026-05-30 04:05:00,73792.8,73811.49,73860.5,73697.1,396,1780114199.932,BTCUSD_otc
352,2026-05-30 04:10:00,73811.49,73786.84,73912.56,73755.87,382,1780114499.381,BTCUSD_otc
352,2026-05-30 04:15:00,73790.22,73727.17,73905.43,73683.92,418,1780114799.397,BTCUSD_otc
352,2026-05-30 04:20:00,73727.17,73972.18,73985.12,73726.39,413,1780115099.832,BTCUSD_otc
352,2026-05-30 04:25:00,73972.18,74064.41,74067.33,73937.16,391,1780115399.861,BTCUSD_otc
352,2026-05-30 04:30:00,74073.16,74318.07,74318.07,74019.86,415,1780115699.743,BTCUSD_otc
352,2026-05-30 04:35:00,74313.2,74465.53,74465.53,74291.34,416,1780115999.757,BTCUSD_otc
352,2026-05-30 04:40:00,74465.53,74603.72,74603.72,74465.53,408,1780116299.721,BTCUSD_otc
352,2026-05-30 04:45:00,74603.72,74864.02,74867.5,74603.72,396,1780116598.719,BTCUSD_otc
352,2026-05-30 04:50:00,74864.02,74768.12,74877.14,74662.72,404,1780116899.698,BTCUSD_otc
352,2026-05-30 04:55:00,74768.12,74635.22,74776.51,74603.24,398,1780117199.178,BTCUSD_otc
352,2026-05-30 05:00:00,74639.02,74632.31,74692.07,74570.83,395,1780117499.627,BTCUSD_otc
352,2026-05-30 05:05:00,74636.3,74784.9,74816.05,74629.82,411,1780117799.598,BTCUSD_otc
352,2026-05-30 05:10:00,74784.9,74666.19,74800.99,74666.19,381,1780118099.531,BTCUSD_otc
352,2026-05-30 05:15:00,74666.19,74656.56,74666.19,74581.44,397,1780118399.511,BTCUSD_otc
352,2026-05-30 05:20:00,74650.69,74811.36,74826.4,74628.06,394,1780118699.892,BTCUSD_otc
352,2026-05-30 05:25:00,74811.36,74708.19,74819.92,74616.89,417,1780118999.915,BTCUSD_otc
352,2026-05-30 05:30:00,74708.19,74598.84,74759.15,74598.84,412,1780119298.33,BTCUSD_otc
352,2026-05-30 05:35:00,74602.66,74452.73,74606.66,74419.8,419,1780119599.831,BTCUSD_otc
352,2026-05-30 05:40:00,74452.73,74688.78,74719.19,74404.87,408,1780119899.756,BTCUSD_otc
352,2026-05-30 05:45:00,74688.78,74747.27,74899.65,74675.51,399,1780120199.786,BTCUSD_otc
352,2026-05-30 05:50:00,74744.39,74774.75,74835.49,74567.4,395,1780120499.737,BTCUSD_otc
352,2026-05-30 05:55:00,74772.84,74653.25,74775.34,74645.94,403,1780120799.759,BTCUSD_otc
352,2026-05-30 06:00:00,74649.73,74583.08,74671.42,74508.41,388,1780121099.214,BTCUSD_otc
352,2026-05-30 06:05:00,74579.98,74496.62,74605.29,74415.5,400,1780121399.691,BTCUSD_otc
352,2026-05-30 06:10:00,74493.49,74421.35,74575.6,74421.26,415,1780121699.588,BTCUSD_otc
352,2026-05-30 06:15:00,74418.17,74440.22,74514.41,74415.82,408,1780121999.603,BTCUSD_otc
352,2026-05-30 06:20:00,74440.22,74365.13,74472.51,74321.05,400,1780122298.572,BTCUSD_otc
352,2026-05-30 06:25:00,74368.53,74232.91,74435.02,74225.91,381,1780122599.556,BTCUSD_otc
352,2026-05-30 06:30:00,74232.91,74292.7,74305.84,74170.18,406,1780122899.068,BTCUSD_otc
352,2026-05-30 06:35:00,74292.7,74201.58,74295.53,74107.8,405,1780123199.514,BTCUSD_otc
352,2026-05-30 06:40:00,74198.9,74031.36,74198.9,74031.36,398,1780123499.534,BTCUSD_otc
352,2026-05-30 06:45:00,74033.26,74096.55,74098.72,73979.11,401,1780123798.863,BTCUSD_otc
352,2026-05-30 06:50:00,74096.55,74063.52,74111.09,74004.22,388,1780124099.875,BTCUSD_otc
352,2026-05-30 06:55:00,74063.52,74132.58,74132.58,74002.85,414,1780124399.841,BTCUSD_otc
352,2026-05-30 07:00:00,74132.58,74077.17,74221.11,74071.76,398,1780124699.755,BTCUSD_otc
352,2026-05-30 07:05:00,74077.17,74183.95,74226.39,74072.55,407,1780124999.707,BTCUSD_otc
352,2026-05-30 07:10:00,74183.95,74200.77,74252.12,74145.83,386,1780125299.555,BTCUSD_otc
352,2026-05-30 07:15:00,74200.77,74088.72,74231.99,74088.72,394,1780125599.595,BTCUSD_otc
352,2026-05-30 07:20:00,74085.12,73982.02,74137.94,73979.07,387,1780125899.489,BTCUSD_otc
352,2026-05-30 07:25:00,73982.02,73980.36,74036.91,73915.75,414,1780126199.978,BTCUSD_otc
352,2026-05-30 07:30:00,73980.36,74242.3,74250.52,73972.73,394,1780126499.93,BTCUSD_otc
352,2026-05-30 07:35:00,74242.3,74306.03,74306.03,74104.85,397,1780126799.918,BTCUSD_otc
352,2026-05-30 07:40:00,74300.45,74339.69,74366.63,74214.52,391,1780127098.319,BTCUSD_otc
352,2026-05-30 07:45:00,74339.69,74264.76,74340.58,74244.11,402,1780127399.791,BTCUSD_otc
352,2026-05-30 07:50:00,74268.0,74423.5,74444.57,74227.28,405,1780127699.735,BTCUSD_otc
352,2026-05-30 07:55:00,74423.5,74505.73,74558.98,74385.06,384,1780127999.163,BTCUSD_otc
352,2026-05-30 08:00:00,74505.73,74463.58,74699.03,74427.3,400,1780128299.634,BTCUSD_otc
352,2026-05-30 08:05:00,74463.58,74335.13,74466.22,74319.41,370,1780128598.577,BTCUSD_otc
352,2026-05-30 08:10:00,74360.55,74358.13,74444.05,74253.44,385,1780128899.114,BTCUSD_otc
352,2026-05-30 08:15:00,74358.13,74447.18,74452.46,74349.28,389,1780129199.611,BTCUSD_otc
352,2026-05-30 08:20:00,74447.18,74614.08,74644.05,74408.46,393,1780129499.603,BTCUSD_otc
352,2026-05-30 08:25:00,74614.08,74611.24,74689.95,74490.62,404,1780129799.627,BTCUSD_otc
352,2026-05-30 08:30:00,74615.78,74581.46,74664.47,74551.18,393,1780130099.574,BTCUSD_otc
352,2026-05-30 08:35:00,74581.46,74405.02,74598.48,74363.39,382,1780130399.592,BTCUSD_otc
352,2026-05-30 08:40:00,74405.02,74310.04,74440.13,74294.69,412,1780130699.523,BTCUSD_otc
352,2026-05-30 08:45:00,74310.04,74248.8,74377.96,74240.52,385,1780130999.533,BTCUSD_otc
352,2026-05-30 08:50:00,74248.8,74389.96,74425.47,74235.42,399,1780131299.531,BTCUSD_otc
352,2026-05-30 08:55:00,74395.18,74393.35,74434.38,74331.34,396,1780131598.965,BTCUSD_otc
352,2026-05-30 09:00:00,74393.35,74400.31,74422.21,74302.86,382,1780131899.856,BTCUSD_otc
352,2026-05-30 09:05:00,74400.31,74562.18,74562.18,74364.48,400,1780132199.901,BTCUSD_otc
352,2026-05-30 09:10:00,74562.18,74754.67,74758.2,74513.65,378,1780132499.835,BTCUSD_otc
352,2026-05-30 09:15:00,74754.67,74881.25,74882.55,74675.94,387,1780132799.792,BTCUSD_otc
352,2026-05-30 09:20:00,74881.25,74750.35,74970.71,74750.35,411,1780133099.676,BTCUSD_otc
352,2026-05-30 09:25:00,74750.35,74710.6,74767.33,74630.03,420,1780133399.651,BTCUSD_otc
352,2026-05-30 09:30:00,74710.6,74647.21,74754.18,74626.74,383,1780133699.604,BTCUSD_otc
352,2026-05-30 09:35:00,74650.86,74538.78,74663.06,74435.6,392,1780133998.63,BTCUSD_otc
352,2026-05-30 09:40:00,74545.51,74579.72,74621.23,74473.53,393,1780134299.568,BTCUSD_otc
352,2026-05-30 09:45:00,74574.9,74368.79,74583.63,74275.32,386,1780134598.565,BTCUSD_otc
352,2026-05-30 09:50:00,74368.79,74449.73,74480.23,74365.4,384,1780134898.014,BTCUSD_otc
352,2026-05-30 09:55:00,74449.73,74241.13,74457.03,74241.13,396,1780135199.517,BTCUSD_otc
352,2026-05-30 10:00:00,74241.13,74442.08,74449.07,74231.69,412,1780135499.983,BTCUSD_otc
352,2026-05-30 10:05:00,74438.66,74528.84,74605.89,74438.66,401,1780135799.959,BTCUSD_otc
352,2026-05-30 10:10:00,74532.79,74484.02,74539.83,74408.5,410,1780136099.958,BTCUSD_otc
352,2026-05-30 10:15:00,74484.02,74246.25,74504.79,74246.25,402,1780136399.892,BTCUSD_otc
352,2026-05-30 10:20:00,74246.25,74425.38,74466.69,74222.82,413,1780136699.433,BTCUSD_otc
352,2026-05-30 10:25:00,74425.38,74496.16,74496.16,74372.1,397,1780136998.834,BTCUSD_otc
352,2026-05-30 10:30:00,74496.16,74509.58,74610.52,74483.97,399,1780137299.845,BTCUSD_otc
352,2026-05-30 10:35:00,74509.58,74299.39,74522.27,74285.0,400,1780137599.796,BTCUSD_otc
352,2026-05-30 10:40:00,74297.18,74238.12,74379.79,74222.71,410,1780137899.333,BTCUSD_otc
352,2026-05-30 10:45:00,74238.12,74015.38,74240.62,74011.49,401,1780138199.781,BTCUSD_otc
352,2026-05-30 10:50:00,74015.38,74048.89,74154.47,74004.3,375,1780138499.777,BTCUSD_otc
352,2026-05-30 10:55:00,74048.89,74040.89,74097.88,74001.71,405,1780138799.712,BTCUSD_otc
352,2026-05-30 11:00:00,74048.19,73970.85,74051.07,73960.02,391,1780139099.694,BTCUSD_otc
352,2026-05-30 11:05:00,73970.85,73969.95,74070.23,73895.58,413,1780139399.604,BTCUSD_otc
352,2026-05-30 11:10:00,73969.95,73756.86,73987.76,73713.02,402,1780139699.121,BTCUSD_otc
352,2026-05-30 11:15:00,73756.86,73843.65,73855.26,73737.62,387,1780139999.988,BTCUSD_otc
352,2026-05-30 11:20:00,73843.65,73891.25,73892.62,73793.66,391,1780140299.521,BTCUSD_otc
352,2026-05-30 11:25:00,73888.31,74059.25,74059.25,73831.82,380,1780140599.913,BTCUSD_otc
352,2026-05-30 11:30:00,74059.25,73960.94,74075.38,73899.32,419,1780140899.942,BTCUSD_otc
352,2026-05-30 11:35:00,73960.94,73958.4,74072.38,73933.74,394,1780141199.845,BTCUSD_otc
352,2026-05-30 11:40:00,73958.4,73856.61,73995.42,73832.27,385,1780141498.852,BTCUSD_otc
352,2026-05-30 11:45:00,73856.61,73782.09,73863.41,73712.94,381,1780141799.735,BTCUSD_otc
352,2026-05-30 11:50:00,73782.09,73956.8,73974.79,73759.63,403,1780142099.75,BTCUSD_otc
352,2026-05-30 11:55:00,73956.8,73986.96,74075.71,73943.68,398,1780142399.171,BTCUSD_otc
352,2026-05-30 12:00:00,73986.96,74143.97,74156.01,73975.74,409,1780142699.693,BTCUSD_otc
352,2026-05-30 12:05:00,74143.97,73965.77,74143.97,73923.56,385,1780142999.623,BTCUSD_otc
352,2026-05-30 12:10:00,73965.77,74107.16,74143.96,73910.11,388,1780143299.646,BTCUSD_otc
352,2026-05-30 12:15:00,74103.66,74080.49,74109.08,73971.87,393,1780143599.585,BTCUSD_otc
352,2026-05-30 12:20:00,74080.49,74134.83,74144.78,74011.34,400,1780143899.665,BTCUSD_otc
352,2026-05-30 12:25:00,74134.83,74190.58,74301.23,74121.09,399,1780144199.135,BTCUSD_otc
352,2026-05-30 12:30:00,74190.58,73881.49,74195.54,73881.49,414,1780144499.146,BTCUSD_otc
352,2026-05-30 12:35:00,73881.49,73808.32,73911.8,73726.82,392,1780144799.138,BTCUSD_otc
352,2026-05-30 12:40:00,73803.54,73850.5,73873.12,73773.93,380,1780145099.545,BTCUSD_otc
352,2026-05-30 12:45:00,73843.07,73790.49,73874.53,73707.75,419,1780145399.551,BTCUSD_otc
352,2026-05-30 12:50:00,73790.49,73799.2,73811.13,73721.24,395,1780145699.531,BTCUSD_otc
352,2026-05-30 12:55:00,73792.49,73804.25,73843.6,73716.96,407,1780145999.546,BTCUSD_otc
352,2026-05-30 13:00:00,73804.25,73559.77,73811.8,73552.77,395,1780146299.538,BTCUSD_otc
352,2026-05-30 13:05:00,73559.77,73731.21,73756.73,73526.11,408,1780146599.569,BTCUSD_otc
352,2026-05-30 13:10:00,73728.37,73881.28,73885.9,73692.35,398,1780146899.485,BTCUSD_otc
352,2026-05-30 13:15:00,73881.28,73751.76,73897.38,73702.46,404,1780147199.991,BTCUSD_otc
352,2026-05-30 13:20:00,73751.76,73853.67,73876.56,73724.27,403,1780147499.957,BTCUSD_otc
352,2026-05-30 13:25:00,73849.47,73837.73,73873.16,73790.03,407,1780147799.955,BTCUSD_otc
352,2026-05-30 13:30:00,73837.73,74013.26,74026.17,73819.62,396,1780148099.962,BTCUSD_otc
352,2026-05-30 13:35:00,74013.26,73742.88,74032.94,73718.24,424,1780148399.409,BTCUSD_otc
352,2026-05-30 13:40:00,73746.97,73797.83,73817.86,73704.06,390,1780148699.847,BTCUSD_otc
352,2026-05-30 13:45:00,73790.85,73901.82,73906.03,73778.92,379,1780148999.858,BTCUSD_otc
352,2026-05-30 13:50:00,73901.82,73888.44,74038.01,73863.98,421,1780149299.348,BTCUSD_otc
352,2026-05-30 13:55:00,73890.65,73970.8,73970.8,73850.18,421,1780149599.852,BTCUSD_otc
352,2026-05-30 14:00:00,73970.8,74118.61,74130.24,73959.62,412,1780149898.893,BTCUSD_otc
352,2026-05-30 14:05:00,74118.61,73844.61,74131.16,73826.22,378,1780150198.838,BTCUSD_otc
352,2026-05-30 14:10:00,73858.31,73888.21,73910.27,73816.01,423,1780150499.871,BTCUSD_otc
352,2026-05-30 14:15:00,73888.21,73896.92,73964.67,73825.42,398,1780150799.861,BTCUSD_otc
352,2026-05-30 14:20:00,73896.92,73984.95,74053.0,73875.71,423,1780151099.857,BTCUSD_otc
352,2026-05-30 14:25:00,73984.95,73930.93,73993.15,73857.89,394,1780151399.829,BTCUSD_otc
352,2026-05-30 14:30:00,73934.49,74149.31,74149.31,73914.34,392,1780151699.822,BTCUSD_otc
352,2026-05-30 14:35:00,74151.9,74012.33,74233.86,73986.19,399,1780151999.835,BTCUSD_otc
352,2026-05-30 14:40:00,74012.33,73965.21,74115.29,73928.56,387,1780152299.838,BTCUSD_otc
352,2026-05-30 14:45:00,73965.21,74030.27,74054.04,73931.92,411,1780152599.394,BTCUSD_otc
352,2026-05-30 14:50:00,74033.34,74199.38,74233.69,74011.46,404,1780152899.826,BTCUSD_otc
352,2026-05-30 14:55:00,74199.38,74431.91,74443.92,74164.0,399,1780153197.849,BTCUSD_otc
352,2026-05-30 15:00:00,74431.91,74391.86,74484.13,74327.66,403,1780153499.731,BTCUSD_otc
352,2026-05-30 15:05:00,74391.86,74330.35,74403.8,74280.16,406,1780153799.754,BTCUSD_otc
352,2026-05-30 15:10:00,74330.35,74380.23,74384.3,74226.69,403,1780154099.73,BTCUSD_otc
352,2026-05-30 15:15:00,74383.49,74495.47,74565.54,74378.52,388,1780154399.725,BTCUSD_otc
352,2026-05-30 15:20:00,74500.56,74399.7,74507.8,74296.89,416,1780154699.661,BTCUSD_otc
352,2026-05-30 15:25:00,74399.7,74336.26,74462.02,74332.67,399,1780154999.682,BTCUSD_otc
352,2026-05-30 15:30:00,74336.26,74292.53,74357.35,74258.37,382,1780155299.573,BTCUSD_otc
352,2026-05-30 15:35:00,74298.13,74380.06,74387.28,74200.53,398,1780155599.101,BTCUSD_otc
352,2026-05-30 15:40:00,74380.06,74422.43,74502.77,74376.16,380,1780155899.567,BTCUSD_otc
352,2026-05-30 15:45:00,74422.43,74569.56,74603.65,74422.43,410,1780156198.621,BTCUSD_otc
352,2026-05-30 15:50:00,74569.56,74521.63,74685.34,74521.63,393,1780156499.563,BTCUSD_otc
352,2026-05-30 15:55:00,74517.8,74289.81,74520.2,74208.79,399,1780156799.592,BTCUSD_otc
352,2026-05-30 16:00:00,74289.81,74327.76,74355.16,74243.45,395,1780157098.602,BTCUSD_otc
352,2026-05-30 16:05:00,74327.76,74313.4,74418.3,74218.28,387,1780157399.039,BTCUSD_otc
352,2026-05-30 16:10:00,74318.45,74323.04,74457.89,74313.52,395,1780157698.584,BTCUSD_otc
352,2026-05-30 16:15:00,74320.51,74293.33,74402.9,74279.46,397,1780157999.494,BTCUSD_otc
352,2026-05-30 16:20:00,74288.83,74179.1,74288.83,74125.44,381,1780158299.008,BTCUSD_otc
352,2026-05-30 16:25:00,74181.88,74086.78,74204.65,73965.02,421,1780158599.942,BTCUSD_otc
352,2026-05-30 16:30:00,74089.86,74058.7,74134.81,74022.71,398,1780158899.985,BTCUSD_otc
352,2026-05-30 16:35:00,74058.7,74157.36,74162.47,74033.47,392,1780159198.412,BTCUSD_otc
352,2026-05-30 16:40:00,74157.36,74164.82,74170.86,74051.45,389,1780159498.467,BTCUSD_otc
352,2026-05-30 16:45:00,74164.82,74231.65,74323.91,74145.23,375,1780159799.836,BTCUSD_otc
352,2026-05-30 16:50:00,74231.65,74177.48,74268.21,74137.07,394,1780160099.302,BTCUSD_otc
352,2026-05-30 16:55:00,74186.6,74172.37,74199.81,74087.74,402,1780160399.317,BTCUSD_otc
352,2026-05-30 17:00:00,74175.29,74173.78,74283.11,74154.35,409,1780160699.915,BTCUSD_otc
352,2026-05-30 17:05:00,74176.78,74192.55,74217.63,74081.32,398,1780160999.857,BTCUSD_otc
352,2026-05-30 17:10:00,74192.55,74357.25,74357.25,74133.73,390,1780161298.85,BTCUSD_otc
352,2026-05-30 17:15:00,74357.25,74078.96,74363.47,74062.91,415,1780161599.299,BTCUSD_otc
352,2026-05-30 17:20:00,74082.85,74015.86,74102.59,73964.82,400,1780161899.822,BTCUSD_otc
352,2026-05-30 17:25:00,74015.86,74098.39,74118.82,73988.0,395,1780162199.789,BTCUSD_otc
352,2026-05-30 17:30:00,74103.24,73982.51,74149.06,73970.37,415,1780162499.781,BTCUSD_otc
352,2026-05-30 17:35:00,73982.51,73935.96,74121.31,73931.39,403,1780162799.776,BTCUSD_otc
352,2026-05-30 17:40:00,73935.96,73917.81,73940.19,73798.59,412,1780163099.255,BTCUSD_otc
352,2026-05-30 17:45:00,73917.81,73795.56,74021.54,73756.03,414,1780163399.276,BTCUSD_otc
352,2026-05-30 17:50:00,73791.22,73633.9,73814.54,73626.41,408,1780163699.76,BTCUSD_otc
352,2026-05-30 17:55:00,73635.64,73603.66,73640.06,73519.42,385,1780163999.767,BTCUSD_otc
352,2026-05-30 18:00:00,73603.66,73651.33,73770.58,73597.43,404,1780164299.2,BTCUSD_otc
352,2026-05-30 18:05:00,73640.62,73459.1,73653.9,73459.1,400,1780164599.742,BTCUSD_otc
352,2026-05-30 18:10:00,73459.1,73477.84,73554.67,73411.13,396,1780164899.68,BTCUSD_otc
352,2026-05-30 18:15:00,73477.84,73586.84,73602.07,73408.6,413,1780165199.708,BTCUSD_otc
352,2026-05-30 18:20:00,73586.84,73532.09,73586.84,73389.55,401,1780165498.633,BTCUSD_otc
352,2026-05-30 18:25:00,73532.09,73378.07,73572.19,73342.26,395,1780165799.615,BTCUSD_otc
352,2026-05-30 18:30:00,73378.07,73577.74,73594.61,73352.79,413,1780166099.579,BTCUSD_otc
352,2026-05-30 18:35:00,73583.04,73555.17,73696.6,73465.0,418,1780166399.574,BTCUSD_otc
352,2026-05-30 18:40:00,73559.76,73548.02,73577.12,73421.39,387,1780166699.583,BTCUSD_otc
352,2026-05-30 18:45:00,73545.03,73338.94,73557.22,73333.71,411,1780166999.034,BTCUSD_otc
352,2026-05-30 18:50:00,73336.81,73273.07,73375.85,73269.86,383,1780167299.054,BTCUSD_otc
352,2026-05-30 18:55:00,73275.83,73343.72,73384.94,73268.52,405,1780167599.981,BTCUSD_otc
352,2026-05-30 19:00:00,73343.72,73392.7,73406.21,73234.51,403,1780167899.549,BTCUSD_otc
352,2026-05-30 19:05:00,73392.7,73304.69,73424.13,73265.14,411,1780168199.953,BTCUSD_otc
352,2026-05-30 19:10:00,73304.69,73092.59,73304.97,73072.69,391,1780168499.97,BTCUSD_otc
352,2026-05-30 19:15:00,73096.14,73002.35,73104.11,72979.29,415,1780168798.883,BTCUSD_otc
352,2026-05-30 19:20:00,73002.35,72962.24,73050.77,72926.76,406,1780169099.941,BTCUSD_otc
352,2026-05-30 19:25:00,72962.24,72842.7,72983.69,72744.74,382,1780169398.848,BTCUSD_otc
352,2026-05-30 19:30:00,72842.7,72876.11,72981.52,72811.2,416,1780169699.384,BTCUSD_otc
352,2026-05-30 19:35:00,72876.11,72705.91,72915.95,72666.02,390,1780169999.785,BTCUSD_otc
352,2026-05-30 19:40:00,72705.91,72619.48,72736.14,72594.22,400,1780170299.23,BTCUSD_otc
352,2026-05-30 19:45:00,72613.11,72522.86,72630.91,72447.08,405,1780170599.156,BTCUSD_otc
352,2026-05-30 19:50:00,72522.86,72597.43,72694.73,72500.46,390,1780170899.538,BTCUSD_otc
352,2026-05-30 19:55:00,72597.43,72677.81,72722.97,72566.11,381,1780171199.543,BTCUSD_otc
352,2026-05-30 20:00:00,72677.81,72738.76,72799.93,72674.13,423,1780171499.479,BTCUSD_otc
352,2026-05-30 20:05:00,72745.44,72668.72,72790.25,72656.66,388,1780171799.977,BTCUSD_otc
352,2026-05-30 20:10:00,72665.77,72613.76,72695.03,72572.8,392,1780172099.927,BTCUSD_otc
352,2026-05-30 20:15:00,72613.76,72734.73,72819.3,72606.69,394,1780172398.401,BTCUSD_otc
352,2026-05-30 20:20:00,72732.08,72779.61,72800.34,72652.29,390,1780172699.874,BTCUSD_otc
352,2026-05-30 20:25:00,72774.79,72742.31,72860.13,72732.54,413,1780172999.285,BTCUSD_otc
352,2026-05-30 20:30:00,72742.31,72659.61,72754.48,72619.59,398,1780173299.225,BTCUSD_otc
352,2026-05-30 20:35:00,72659.61,72689.89,72692.58,72518.78,400,1780173598.718,BTCUSD_otc
352,2026-05-30 20:40:00,72683.77,72752.04,72790.37,72584.9,396,1780173899.707,BTCUSD_otc
352,2026-05-30 20:45:00,72752.04,72564.17,72766.77,72505.04,409,1780174199.628,BTCUSD_otc
352,2026-05-30 20:50:00,72562.38,72610.4,72672.7,72547.55,375,1780174499.625,BTCUSD_otc
352,2026-05-30 20:55:00,72613.13,72750.71,72796.83,72579.06,404,1780174799.557,BTCUSD_otc
352,2026-05-30 21:00:00,72757.32,72831.43,72853.3,72726.3,388,1780175099.007,BTCUSD_otc
352,2026-05-30 21:05:00,72828.07,72807.6,72855.99,72701.07,403,1780175399.991,BTCUSD_otc
352,2026-05-30 21:10:00,72807.6,72771.53,72839.12,72711.13,426,1780175698.953,BTCUSD_otc
352,2026-05-30 21:15:00,72779.09,72778.14,72822.5,72683.47,400,1780175999.888,BTCUSD_otc
352,2026-05-30 21:20:00,72778.14,72848.02,72945.22,72778.14,409,1780176299.811,BTCUSD_otc
352,2026-05-30 21:25:00,72848.02,72903.75,73007.99,72799.88,407,1780176598.761,BTCUSD_otc
352,2026-05-30 21:30:00,72900.7,72830.32,72919.36,72748.82,397,1780176899.252,BTCUSD_otc
352,2026-05-30 21:35:00,72830.32,72881.34,72908.11,72764.38,401,1780177199.714,BTCUSD_otc
352,2026-05-30 21:40:00,72881.34,72841.1,72894.18,72812.65,419,1780177499.625,BTCUSD_otc
352,2026-05-30 21:45:00,72841.1,72865.75,72944.1,72804.19,374,1780177799.642,BTCUSD_otc
352,2026-05-30 21:50:00,72881.21,72895.45,72980.65,72861.1,398,1780178098.536,BTCUSD_otc
352,2026-05-30 21:55:00,72895.45,72860.4,72965.57,72826.51,391,1780178399.545,BTCUSD_otc
352,2026-05-30 22:00:00,72857.18,72785.86,72934.75,72735.32,399,1780178699.515,BTCUSD_otc
352,2026-05-30 22:05:00,72789.53,72770.27,72834.78,72668.12,401,1780178999.475,BTCUSD_otc
352,2026-05-30 22:10:00,72770.27,72944.48,72964.23,72745.55,411,1780179299.403,BTCUSD_otc
352,2026-05-30 22:15:00,72944.48,73069.75,73093.0,72904.47,417,1780179599.389,BTCUSD_otc
352,2026-05-30 22:20:00,73069.75,73124.75,73174.04,73059.12,391,1780179899.808,BTCUSD_otc
352,2026-05-30 22:25:00,73127.06,73106.2,73225.11,73090.9,393,1780180199.781,BTCUSD_otc
352,2026-05-30 22:30:00,73106.2,72909.5,73128.11,72903.79,399,1780180499.774,BTCUSD_otc
352,2026-05-30 22:35:00,72911.43,72924.54,72982.25,72863.16,420,1780180799.704,BTCUSD_otc
352,2026-05-30 22:40:00,72924.54,72984.99,73006.39,72841.74,408,1780181099.65,BTCUSD_otc
352,2026-05-30 22:45:00,72984.99,73059.07,73135.19,72974.98,399,1780181399.626,BTCUSD_otc
352,2026-05-30 22:50:00,73040.67,72941.89,73066.2,72910.13,393,1780181699.587,BTCUSD_otc
352,2026-05-30 22:55:00,72941.89,73009.57,73062.0,72937.08,399,1780181999.021,BTCUSD_otc
352,2026-05-30 23:00:00,73009.57,72916.46,73009.57,72858.35,385,1780182299.506,BTCUSD_otc
352,2026-05-30 23:05:00,72916.46,72713.41,72923.93,72712.5,396,1780182599.42,BTCUSD_otc
352,2026-05-30 23:10:00,72715.95,72673.89,72738.16,72657.58,388,1780182899.919,BTCUSD_otc
352,2026-05-30 23:15:00,72673.89,72677.42,72735.35,72603.55,375,1780183199.842,BTCUSD_otc
352,2026-05-30 23:20:00,72677.42,72551.0,72737.17,72548.52,392,1780183499.793,BTCUSD_otc
352,2026-05-30 23:25:00,72551.0,72400.0,72633.11,72400.0,392,1780183799.775,BTCUSD_otc
352,2026-05-30 23:30:00,72400.0,72354.65,72404.2,72278.56,380,1780184099.744,BTCUSD_otc
352,2026-05-30 23:35:00,72354.65,72340.54,72413.24,72269.31,391,1780184399.682,BTCUSD_otc
352,2026-05-30 23:40:00,72336.57,72186.16,72356.63,72112.21,401,1780184699.633,BTCUSD_otc
352,2026-05-30 23:45:00,72186.16,72184.78,72255.45,72108.17,388,1780184999.616,BTCUSD_otc
352,2026-05-30 23:50:00,72199.27,72192.4,72230.44,72090.95,410,1780185299.615,BTCUSD_otc
352,2026-05-30 23:55:00,72192.4,72052.92,72279.68,72025.58,398,1780185599.578,BTCUSD_otc
352,2026-05-31 00:00:00,72056.87,71876.37,72067.3,71876.37,398,1780185899.569,BTCUSD_otc
352,2026-05-31 00:05:00,71879.43,71817.74,72009.42,71812.34,402,1780186199.483,BTCUSD_otc
352,2026-05-31 00:10:00,71817.74,71968.23,71994.24,71806.15,413,1780186499.398,BTCUSD_otc
352,2026-05-31 00:15:00,71968.23,72234.16,72243.27,71958.89,401,1780186799.886,BTCUSD_otc
352,2026-05-31 00:20:00,72237.62,72252.2,72426.7,72226.1,421,1780187099.84,BTCUSD_otc
352,2026-05-31 00:25:00,72252.2,72326.62,72336.57,72193.89,393,1780187399.814,BTCUSD_otc
352,2026-05-31 00:30:00,72326.62,72082.46,72369.74,72082.46,410,1780187698.192,BTCUSD_otc
352,2026-05-31 00:35:00,72082.46,72026.22,72101.46,71989.1,399,1780187999.691,BTCUSD_otc
352,2026-05-31 00:40:00,72020.74,72241.27,72263.98,71992.83,408,1780188296.1,BTCUSD_otc
352,2026-05-31 00:45:00,72238.47,72254.5,72258.19,72118.08,396,1780188599.076,BTCUSD_otc
352,2026-05-31 00:50:00,72251.45,72349.35,72392.0,72174.73,406,1780188899.507,BTCUSD_otc
352,2026-05-31 00:55:00,72349.35,72271.35,72391.2,72208.68,382,1780189199.968,BTCUSD_otc
352,2026-05-31 01:00:00,72271.35,72387.61,72409.98,72228.18,403,1780189499.862,BTCUSD_otc
352,2026-05-31 01:05:00,72387.61,72503.14,72503.14,72340.84,415,1780189799.765,BTCUSD_otc
352,2026-05-31 01:10:00,72503.14,72455.65,72516.93,72399.3,395,1780190099.755,BTCUSD_otc
352,2026-05-31 01:15:00,72455.65,72619.42,72633.15,72449.47,396,1780190399.17,BTCUSD_otc
352,2026-05-31 01:20:00,72619.42,72753.37,72782.99,72597.78,399,1780190699.696,BTCUSD_otc
352,2026-05-31 01:25:00,72760.2,72804.66,72810.68,72725.19,389,1780190999.604,BTCUSD_otc
352,2026-05-31 01:30:00,72812.33,72935.04,72981.22,72812.33,395,1780191299.07,BTCUSD_otc
352,2026-05-31 01:35:00,72935.04,72996.84,73017.8,72823.33,373,1780191599.441,BTCUSD_otc
352,2026-05-31 01:40:00,72996.84,72803.88,73001.45,72799.06,401,1780191899.947,BTCUSD_otc
352,2026-05-31 01:45:00,72815.16,72796.49,72820.32,72620.74,384,1780192199.872,BTCUSD_otc
352,2026-05-31 01:50:00,72796.49,72681.95,72799.64,72530.55,419,1780192499.383,BTCUSD_otc
352,2026-05-31 01:55:00,72681.95,72620.32,72743.52,72606.53,401,1780192799.263,BTCUSD_otc
352,2026-05-31 02:00:00,72620.32,72456.62,72657.07,72398.16,389,1780193099.264,BTCUSD_otc
352,2026-05-31 02:05:00,72456.62,72502.76,72521.5,72394.05,412,1780193399.668,BTCUSD_otc
352,2026-05-31 02:10:00,72502.76,72563.82,72669.63,72500.51,396,1780193699.656,BTCUSD_otc
352,2026-05-31 02:15:00,72553.14,72491.51,72578.79,72452.23,413,1780193999.635,BTCUSD_otc
352,2026-05-31 02:20:00,72495.65,72612.35,72634.63,72483.51,395,1780194298.583,BTCUSD_otc
352,2026-05-31 02:25:00,72614.64,72499.02,72673.82,72432.34,397,1780194599.498,BTCUSD_otc
352,2026-05-31 02:30:00,72499.02,72436.19,72512.55,72384.0,386,1780194899.515,BTCUSD_otc
352,2026-05-31 02:35:00,72436.19,72415.24,72541.99,72388.66,398,1780195199.909,BTCUSD_otc
352,2026-05-31 02:40:00,72415.24,72376.93,72447.06,72368.11,400,1780195499.947,BTCUSD_otc
352,2026-05-31 02:45:00,72376.93,72241.12,72412.42,72193.02,392,1780195799.926,BTCUSD_otc
352,2026-05-31 02:50:00,72241.12,72371.89,72375.85,72185.33,390,1780196099.416,BTCUSD_otc
352,2026-05-31 02:55:00,72374.84,72281.28,72417.59,72193.94,374,1780196399.375,BTCUSD_otc
352,2026-05-31 03:00:00,72281.28,72285.0,72390.01,72267.92,395,1780196699.889,BTCUSD_otc
352,2026-05-31 03:05:00,72285.0,72350.78,72412.36,72276.08,422,1780196999.883,BTCUSD_otc
352,2026-05-31 03:10:00,72350.78,72423.65,72426.87,72261.92,400,1780197299.28,BTCUSD_otc
352,2026-05-31 03:15:00,72423.65,72531.79,72591.43,72379.47,409,1780197598.778,BTCUSD_otc
352,2026-05-31 03:20:00,72531.79,72439.54,72531.79,72366.17,390,1780197899.731,BTCUSD_otc
352,2026-05-31 03:25:00,72436.77,72368.19,72443.44,72322.52,386,1780198199.693,BTCUSD_otc
352,2026-05-31 03:30:00,72368.19,72586.19,72606.35,72343.78,402,1780198499.151,BTCUSD_otc
352,2026-05-31 03:35:00,72582.98,72749.06,72777.09,72543.71,412,1780198799.112,BTCUSD_otc
352,2026-05-31 03:40:00,72751.41,72796.13,72840.99,72742.23,411,1780199099.566,BTCUSD_otc
352,2026-05-31 03:45:00,72791.89,72745.32,72848.94,72741.68,383,1780199398.084,BTCUSD_otc
352,2026-05-31 03:50:00,72749.95,72612.24,72781.31,72595.77,430,1780199699.963,BTCUSD_otc
352,2026-05-31 03:55:00,72612.24,72714.34,72728.63,72579.87,390,1780199999.913,BTCUSD_otc
352,2026-05-31 04:00:00,72714.34,72666.84,72793.25,72611.72,417,1780200299.395,BTCUSD_otc
352,2026-05-31 04:05:00,72666.84,72592.53,72700.33,72538.8,407,1780200599.867,BTCUSD_otc
352,2026-05-31 04:10:00,72596.43,72628.12,72716.23,72522.56,407,1780200899.822,BTCUSD_otc
352,2026-05-31 04:15:00,72628.12,72534.55,72645.58,72500.53,402,1780201199.853,BTCUSD_otc
352,2026-05-31 04:20:00,72534.55,72560.98,72603.49,72467.27,394,1780201499.714,BTCUSD_otc
352,2026-05-31 04:25:00,72557.73,72499.68,72641.8,72494.3,416,1780201799.654,BTCUSD_otc
352,2026-05-31 04:30:00,72499.68,72701.94,72756.02,72477.34,389,1780202099.649,BTCUSD_otc
352,2026-05-31 04:35:00,72695.11,72532.78,72706.21,72532.78,399,1780202399.62,BTCUSD_otc
352,2026-05-31 04:40:00,72541.21,72612.96,72687.39,72530.18,396,1780202699.567,BTCUSD_otc
352,2026-05-31 04:45:00,72599.39,72896.99,72899.3,72595.07,413,1780202999.559,BTCUSD_otc
352,2026-05-31 04:50:00,72896.99,72873.32,72963.66,72854.79,397,1780203299.984,BTCUSD_otc
352,2026-05-31 04:55:00,72881.49,73005.67,73018.83,72866.93,370,1780203598.932,BTCUSD_otc
352,2026-05-31 05:00:00,73009.13,73127.86,73148.53,72992.83,411,1780203899.448,BTCUSD_otc
352,2026-05-31 05:05:00,73127.86,73166.76,73166.76,73016.37,383,1780204199.864,BTCUSD_otc
352,2026-05-31 05:10:00,73168.71,73242.74,73301.77,73103.42,422,1780204499.883,BTCUSD_otc
352,2026-05-31 05:15:00,73242.74,73371.5,73430.49,73216.55,405,1780204799.817,BTCUSD_otc
352,2026-05-31 05:20:00,73371.5,73459.07,73526.75,73365.22,398,1780205099.303,BTCUSD_otc
352,2026-05-31 05:25:00,73456.09,73435.29,73491.16,73400.87,417,1780205399.738,BTCUSD_otc
352,2026-05-31 05:30:00,73435.29,73205.57,73458.46,73188.11,400,1780205699.736,BTCUSD_otc
352,2026-05-31 05:35:00,73205.57,73315.07,73322.68,73162.4,412,1780205999.701,BTCUSD_otc
352,2026-05-31 05:40:00,73315.07,73497.18,73498.48,73278.3,408,1780206299.657,BTCUSD_otc
352,2026-05-31 05:45:00,73499.48,73713.98,73743.12,73470.05,395,1780206597.557,BTCUSD_otc
352,2026-05-31 05:50:00,73711.71,73665.46,73737.72,73594.9,397,1780206898.084,BTCUSD_otc
352,2026-05-31 05:55:00,73665.46,73829.07,73859.7,73661.39,412,1780207199.061,BTCUSD_otc
352,2026-05-31 06:00:00,73825.32,73692.26,73874.05,73667.99,411,1780207499.529,BTCUSD_otc
352,2026-05-31 06:05:00,73688.37,73831.77,73833.75,73584.74,397,1780207799.465,BTCUSD_otc
352,2026-05-31 06:10:00,73831.77,73881.17,73888.33,73722.08,391,1780208099.913,BTCUSD_otc
352,2026-05-31 06:15:00,73881.17,73994.05,74002.84,73859.76,383,1780208399.862,BTCUSD_otc
352,2026-05-31 06:20:00,73992.15,74070.96,74122.61,73983.55,389,1780208699.862,BTCUSD_otc
352,2026-05-31 06:25:00,74070.96,73915.09,74092.2,73876.25,393,1780208999.329,BTCUSD_otc
352,2026-05-31 06:30:00,73915.09,73978.65,74043.33,73871.8,378,1780209299.858,BTCUSD_otc
352,2026-05-31 06:35:00,73987.85,74113.89,74169.0,73950.9,403,1780209598.227,BTCUSD_otc
352,2026-05-31 06:40:00,74113.89,73986.11,74140.61,73916.15,402,1780209899.748,BTCUSD_otc
352,2026-05-31 06:45:00,73990.48,73878.03,74032.79,73867.01,393,1780210199.659,BTCUSD_otc
352,2026-05-31 06:50:00,73858.16,74004.17,74012.53,73826.77,392,1780210499.69,BTCUSD_otc
352,2026-05-31 06:55:00,74000.41,73984.66,74020.17,73934.04,391,1780210799.619,BTCUSD_otc
352,2026-05-31 07:00:00,73982.23,74085.83,74146.46,73925.49,390,1780211099.632,BTCUSD_otc
352,2026-05-31 07:05:00,74087.76,74208.17,74246.33,74043.83,398,1780211399.473,BTCUSD_otc
352,2026-05-31 07:10:00,74210.62,74228.82,74379.44,74192.48,394,1780211698.938,BTCUSD_otc
352,2026-05-31 07:15:00,74228.82,74236.1,74236.1,74094.36,394,1780211999.9,BTCUSD_otc
352,2026-05-31 07:20:00,74236.1,74329.41,74338.57,74186.34,421,1780212299.892,BTCUSD_otc
352,2026-05-31 07:25:00,74334.96,74324.99,74399.65,74243.25,393,1780212599.37,BTCUSD_otc
352,2026-05-31 07:30:00,74324.99,74341.04,74384.75,74248.32,378,1780212899.844,BTCUSD_otc
352,2026-05-31 07:35:00,74341.04,74190.11,74351.58,74168.43,395,1780213199.217,BTCUSD_otc
352,2026-05-31 07:40:00,74190.11,74068.71,74196.88,74027.09,410,1780213499.192,BTCUSD_otc
352,2026-05-31 07:45:00,74053.71,74036.71,74053.71,73908.76,390,1780213798.688,BTCUSD_otc
352,2026-05-31 07:50:00,74032.69,74167.96,74171.24,73973.91,385,1780214098.685,BTCUSD_otc
352,2026-05-31 07:55:00,74163.52,74154.2,74175.44,73956.46,400,1780214399.651,BTCUSD_otc
352,2026-05-31 08:00:00,74151.84,74159.14,74185.12,74092.75,397,1780214699.662,BTCUSD_otc
352,2026-05-31 08:05:00,74159.14,74131.12,74206.93,74103.48,395,1780214999.565,BTCUSD_otc
352,2026-05-31 08:10:00,74129.45,74143.78,74195.14,74033.88,406,1780215299.555,BTCUSD_otc
352,2026-05-31 08:15:00,74139.19,74066.15,74142.22,74066.15,404,1780215599.993,BTCUSD_otc
352,2026-05-31 08:20:00,74066.15,74000.71,74092.63,73984.62,402,1780215899.566,BTCUSD_otc
352,2026-05-31 08:25:00,74000.71,74030.51,74039.17,73890.14,404,1780216199.963,BTCUSD_otc
352,2026-05-31 08:30:00,74034.4,74039.23,74116.09,73982.5,410,1780216499.95,BTCUSD_otc
352,2026-05-31 08:35:00,74045.82,74071.76,74119.85,73995.17,418,1780216798.816,BTCUSD_otc
352,2026-05-31 08:40:00,74071.76,73841.82,74074.78,73824.81,395,1780217099.81,BTCUSD_otc
352,2026-05-31 08:45:00,73847.15,73702.48,73849.3,73649.83,389,1780217399.761,BTCUSD_otc
352,2026-05-31 08:50:00,73702.48,73611.26,73761.96,73569.24,415,1780217699.287,BTCUSD_otc
352,2026-05-31 08:55:00,73611.26,73568.68,73674.94,73505.65,396,1780217999.226,BTCUSD_otc
352,2026-05-31 09:00:00,73559.22,73732.72,73732.72,73528.87,405,1780218299.235,BTCUSD_otc
352,2026-05-31 09:05:00,73734.52,73839.27,73839.27,73683.06,410,1780218599.65,BTCUSD_otc
352,2026-05-31 09:10:00,73839.27,73814.7,73860.61,73719.75,401,1780218899.661,BTCUSD_otc
352,2026-05-31 09:15:00,73809.67,73864.67,73990.49,73809.67,394,1780219199.669,BTCUSD_otc
352,2026-05-31 09:20:00,73873.44,73901.94,73956.95,73830.86,393,1780219499.645,BTCUSD_otc
352,2026-05-31 09:25:00,73904.6,73926.87,74020.48,73839.1,378,1780219799.617,BTCUSD_otc
352,2026-05-31 09:30:00,73923.98,73785.17,73943.95,73712.77,397,1780220099.607,BTCUSD_otc
352,2026-05-31 09:35:00,73785.17,73727.75,73898.5,73680.02,408,1780220399.556,BTCUSD_otc
352,2026-05-31 09:40:00,73727.75,73772.19,73772.7,73587.44,393,1780220699.578,BTCUSD_otc
352,2026-05-31 09:45:00,73772.19,73760.68,73795.34,73614.69,408,1780220999.593,BTCUSD_otc
352,2026-05-31 09:50:00,73763.56,73659.35,73858.07,73655.53,394,1780221298.996,BTCUSD_otc
352,2026-05-31 09:55:00,73661.96,73573.18,73725.52,73558.15,394,1780221599.507,BTCUSD_otc
352,2026-05-31 10:00:00,73566.59,73446.53,73603.94,73421.53,424,1780221899.951,BTCUSD_otc
352,2026-05-31 10:05:00,73446.53,73539.34,73575.7,73419.16,408,1780222199.975,BTCUSD_otc
352,2026-05-31 10:10:00,73539.34,73543.95,73555.98,73457.94,377,1780222499.916,BTCUSD_otc
352,2026-05-31 10:15:00,73540.86,73463.48,73655.74,73462.24,395,1780222799.9,BTCUSD_otc
352,2026-05-31 10:20:00,73463.48,73384.92,73473.96,73346.68,393,1780223099.822,BTCUSD_otc
352,2026-05-31 10:25:00,73384.92,73410.13,73518.41,73361.94,396,1780223397.344,BTCUSD_otc
352,2026-05-31 10:30:00,73413.62,73419.07,73436.65,73362.43,405,1780223699.296,BTCUSD_otc
352,2026-05-31 10:35:00,73419.07,73434.67,73529.04,73389.34,375,1780223998.783,BTCUSD_otc
352,2026-05-31 10:40:00,73434.67,73437.46,73493.68,73361.29,400,1780224299.772,BTCUSD_otc
352,2026-05-31 10:45:00,73437.46,73360.48,73465.75,73330.53,414,1780224599.241,BTCUSD_otc
352,2026-05-31 10:50:00,73360.48,73562.48,73597.14,73354.62,419,1780224899.745,BTCUSD_otc
352,2026-05-31 10:55:00,73562.48,73575.28,73694.51,73547.78,403,1780225199.655,BTCUSD_otc
352,2026-05-31 11:00:00,73575.28,73631.13,73658.42,73492.09,399,1780225498.106,BTCUSD_otc
352,2026-05-31 11:05:00,73631.13,73510.89,73649.99,73500.57,399,1780225799.563,BTCUSD_otc
352,2026-05-31 11:10:00,73510.89,73656.33,73678.52,73463.58,392,1780226099.495,BTCUSD_otc
352,2026-05-31 11:15:00,73656.33,73660.99,73796.8,73644.17,414,1780226398.493,BTCUSD_otc
352,2026-05-31 11:20:00,73652.54,73618.24,73788.32,73606.14,386,1780226699.401,BTCUSD_otc
352,2026-05-31 11:25:00,73622.79,73376.95,73661.9,73371.75,391,1780226999.417,BTCUSD_otc
352,2026-05-31 11:30:00,73376.95,73505.81,73505.81,73355.87,408,1780227299.364,BTCUSD_otc
352,2026-05-31 11:35:00,73505.81,73649.26,73684.7,73474.35,401,1780227599.321,BTCUSD_otc
352,2026-05-31 11:40:00,73677.56,73814.09,73821.42,73602.63,395,1780227899.745,BTCUSD_otc
352,2026-05-31 11:45:00,73814.09,73729.52,73908.85,73724.93,388,1780228199.251,BTCUSD_otc
352,2026-05-31 11:50:00,73733.84,73885.1,73931.0,73717.52,401,1780228498.716,BTCUSD_otc
352,2026-05-31 11:55:00,73887.32,73744.3,73899.11,73730.56,397,1780228799.696,BTCUSD_otc
352,2026-05-31 12:00:00,73744.3,73866.44,73905.33,73729.41,410,1780229099.664,BTCUSD_otc
352,2026-05-31 12:05:00,73863.72,73854.03,73918.46,73786.87,407,1780229399.619,BTCUSD_otc
352,2026-05-31 12:10:00,73845.28,73853.44,73895.6,73742.93,387,1780229699.098,BTCUSD_otc
352,2026-05-31 12:15:00,73850.59,73801.11,73856.78,73768.68,412,1780229999.526,BTCUSD_otc
352,2026-05-31 12:20:00,73801.11,73658.61,73819.49,73658.61,407,1780230299.952,BTCUSD_otc
352,2026-05-31 12:25:00,73649.46,73627.29,73721.82,73522.56,403,1780230599.937,BTCUSD_otc
352,2026-05-31 12:30:00,73624.47,73645.47,73686.61,73589.75,406,1780230899.918,BTCUSD_otc
352,2026-05-31 12:35:00,73645.47,73612.34,73699.39,73547.26,381,1780231199.852,BTCUSD_otc
352,2026-05-31 12:40:00,73610.1,73620.42,73698.13,73525.95,408,1780231499.815,BTCUSD_otc
352,2026-05-31 12:45:00,73620.42,73419.86,73686.82,73410.49,392,1780231799.795,BTCUSD_otc
352,2026-05-31 12:50:00,73419.86,73484.46,73553.17,73333.2,385,1780232099.827,BTCUSD_otc
352,2026-05-31 12:55:00,73484.46,73483.18,73533.03,73422.9,392,1780232399.798,BTCUSD_otc
352,2026-05-31 13:00:00,73483.18,73500.85,73546.62,73400.7,420,1780232698.789,BTCUSD_otc
352,2026-05-31 13:05:00,73500.85,73482.09,73537.72,73431.69,408,1780232999.675,BTCUSD_otc
352,2026-05-31 13:10:00,73485.79,73484.63,73572.69,73407.36,403,1780233298.67,BTCUSD_otc
352,2026-05-31 13:15:00,73484.63,73376.78,73488.75,73321.09,409,1780233599.036,BTCUSD_otc
352,2026-05-31 13:20:00,73376.78,73219.82,73398.62,73206.98,387,1780233899.02,BTCUSD_otc
352,2026-05-31 13:25:00,73215.88,73323.17,73353.68,73119.6,413,1780234199.981,BTCUSD_otc
352,2026-05-31 13:30:00,73323.17,73185.28,73323.92,73172.85,383,1780234499.507,BTCUSD_otc
352,2026-05-31 13:35:00,73167.53,73129.36,73173.6,73080.71,405,1780234799.353,BTCUSD_otc
352,2026-05-31 13:40:00,73129.36,73149.21,73197.16,73051.47,395,1780235099.842,BTCUSD_otc
352,2026-05-31 13:45:00,73149.21,73166.12,73174.62,73069.69,405,1780235399.839,BTCUSD_otc
352,2026-05-31 13:50:00,73166.12,73214.32,73260.17,73157.76,411,1780235699.859,BTCUSD_otc
352,2026-05-31 13:55:00,73216.37,73097.99,73240.99,73077.16,408,1780235999.814,BTCUSD_otc
352,2026-05-31 14:00:00,73097.99,73154.73,73212.1,73089.43,397,1780236298.785,BTCUSD_otc
352,2026-05-31 14:05:00,73149.07,73020.01,73169.64,73010.44,379,1780236599.677,BTCUSD_otc
352,2026-05-31 14:10:00,73020.01,72927.74,73109.31,72914.14,392,1780236899.677,BTCUSD_otc
352,2026-05-31 14:15:00,72927.74,72746.71,72941.3,72736.3,420,1780237199.63,BTCUSD_otc
352,2026-05-31 14:20:00,72742.93,72713.99,72782.83,72648.84,398,1780237499.645,BTCUSD_otc
352,2026-05-31 14:25:00,72713.99,72724.87,72734.25,72592.98,384,1780237799.112,BTCUSD_otc
352,2026-05-31 14:30:00,72727.73,72903.92,72941.17,72705.88,400,1780238099.596,BTCUSD_otc
352,2026-05-31 14:35:00,72903.92,72878.64,72939.4,72815.57,408,1780238399.583,BTCUSD_otc
352,2026-05-31 14:40:00,72878.64,73042.54,73064.19,72860.31,413,1780238699.543,BTCUSD_otc
352,2026-05-31 14:45:00,73065.44,72880.71,73084.8,72855.64,389,1780238999.527,BTCUSD_otc
352,2026-05-31 14:50:00,72880.71,72776.28,72947.53,72747.01,398,1780239299.505,BTCUSD_otc
352,2026-05-31 14:55:00,72776.28,72734.86,72810.85,72672.21,412,1780239599.983,BTCUSD_otc
352,2026-05-31 15:00:00,72732.43,72857.89,72857.89,72720.94,399,1780239899.413,BTCUSD_otc
352,2026-05-31 15:05:00,72857.89,72966.94,72980.52,72806.48,404,1780240199.867,BTCUSD_otc
352,2026-05-31 15:10:00,72966.94,73001.88,73093.28,72958.64,409,1780240498.299,BTCUSD_otc
352,2026-05-31 15:15:00,73001.88,72956.85,73055.34,72928.13,395,1780240799.802,BTCUSD_otc
352,2026-05-31 15:20:00,72956.85,72872.21,72978.44,72758.45,382,1780241099.756,BTCUSD_otc
352,2026-05-31 15:25:00,72872.21,73003.24,73049.88,72864.26,394,1780241398.224,BTCUSD_otc
352,2026-05-31 15:30:00,73003.24,72940.99,73065.96,72851.03,390,1780241699.211,BTCUSD_otc
352,2026-05-31 15:35:00,72937.51,72944.21,73018.88,72887.6,397,1780241999.696,BTCUSD_otc
352,2026-05-31 15:40:00,72944.21,73029.0,73063.03,72910.96,405,1780242299.152,BTCUSD_otc
352,2026-05-31 15:45:00,73034.66,73070.51,73096.69,72956.55,407,1780242598.651,BTCUSD_otc
352,2026-05-31 15:50:00,73070.51,73055.7,73166.41,73031.12,388,1780242899.637,BTCUSD_otc
352,2026-05-31 15:55:00,73046.77,72967.12,73144.72,72963.88,392,1780243199.647,BTCUSD_otc
352,2026-05-31 16:00:00,72960.7,73235.28,73274.0,72953.3,409,1780243499.481,BTCUSD_otc
352,2026-05-31 16:05:00,73235.28,73205.82,73250.59,73173.23,401,1780243799.4,BTCUSD_otc
352,2026-05-31 16:10:00,73205.82,73311.17,73385.74,73156.6,389,1780244099.403,BTCUSD_otc
352,2026-05-31 16:15:00,73311.17,73235.22,73319.93,73139.36,391,1780244399.385,BTCUSD_otc
352,2026-05-31 16:20:00,73235.22,73365.23,73618.11,73232.43,379,1780244699.895,BTCUSD_otc
352,2026-05-31 16:25:00,73361.64,73293.5,73407.65,73236.73,405,1780244998.822,BTCUSD_otc
352,2026-05-31 16:30:00,73293.5,73357.64,73418.99,73271.69,389,1780245299.317,BTCUSD_otc
352,2026-05-31 16:35:00,73355.06,73275.89,73355.06,73274.34,405,1780245598.842,BTCUSD_otc
352,2026-05-31 16:40:00,73278.17,73343.12,73360.37,73244.7,426,1780245899.827,BTCUSD_otc
352,2026-05-31 16:45:00,73343.12,73392.66,73418.87,73271.32,400,1780246199.861,BTCUSD_otc
352,2026-05-31 16:50:00,73392.66,73364.23,73452.46,73349.15,386,1780246499.737,BTCUSD_otc
352,2026-05-31 16:55:00,73367.54,73093.42,73375.78,73062.71,406,1780246799.671,BTCUSD_otc
352,2026-05-31 17:00:00,73090.41,73040.41,73149.31,72989.28,414,1780247099.661,BTCUSD_otc
352,2026-05-31 17:05:00,73049.53,73028.16,73092.32,72938.7,405,1780247399.693,BTCUSD_otc
352,2026-05-31 17:10:00,73028.16,73040.43,73083.75,72953.46,388,1780247699.6,BTCUSD_otc
352,2026-05-31 17:15:00,73044.39,73086.92,73177.7,73038.28,395,1780247999.576,BTCUSD_otc
352,2026-05-31 17:20:00,73086.92,73207.49,73243.97,73078.35,393,1780248299.519,BTCUSD_otc
352,2026-05-31 17:25:00,73211.09,73238.22,73286.45,73181.07,391,1780248598.9,BTCUSD_otc
352,2026-05-31 17:30:00,73243.74,73222.24,73276.92,73189.45,407,1780248899.382,BTCUSD_otc
352,2026-05-31 17:35:00,73222.24,73306.57,73338.85,73130.5,407,1780249199.822,BTCUSD_otc
352,2026-05-31 17:40:00,73306.57,73142.71,73367.74,73122.93,401,1780249499.33,BTCUSD_otc
352,2026-05-31 17:45:00,73142.71,73073.54,73205.99,73023.16,407,1780249799.299,BTCUSD_otc
352,2026-05-31 17:50:00,73073.54,72933.98,73125.99,72925.5,380,1780250099.286,BTCUSD_otc
352,2026-05-31 17:55:00,72933.98,72900.28,72999.4,72868.23,376,1780250399.754,BTCUSD_otc
352,2026-05-31 18:00:00,72900.28,72895.74,72995.97,72890.66,408,1780250699.737,BTCUSD_otc
352,2026-05-31 18:05:00,72897.74,72871.09,72923.83,72767.5,380,1780250999.758,BTCUSD_otc
352,2026-05-31 18:10:00,72864.1,72997.79,72997.79,72800.65,404,1780251299.134,BTCUSD_otc
352,2026-05-31 18:15:00,72997.79,72997.02,73137.16,72973.96,419,1780251599.143,BTCUSD_otc
352,2026-05-31 18:20:00,72997.02,73109.95,73159.94,72963.67,408,1780251899.562,BTCUSD_otc
352,2026-05-31 18:25:00,73112.8,73039.49,73162.14,72935.12,411,1780252198.56,BTCUSD_otc
352,2026-05-31 18:30:00,73039.49,73062.28,73168.18,72968.5,407,1780252499.497,BTCUSD_otc
352,2026-05-31 18:35:00,73057.83,72917.47,73069.51,72892.91,389,1780252799.536,BTCUSD_otc
352,2026-05-31 18:40:00,72917.47,72998.38,73048.12,72917.47,401,1780253099.904,BTCUSD_otc
352,2026-05-31 18:45:00,72998.38,72827.63,73008.34,72794.28,408,1780253399.87,BTCUSD_otc
352,2026-05-31 18:50:00,72827.63,72774.44,72969.68,72769.59,401,1780253699.858,BTCUSD_otc
352,2026-05-31 18:55:00,72774.44,72838.72,72861.52,72704.11,377,1780253999.81,BTCUSD_otc
352,2026-05-31 19:00:00,72838.72,72911.16,72917.35,72776.04,391,1780254299.75,BTCUSD_otc
352,2026-05-31 19:05:00,72911.16,72807.55,72945.64,72759.58,391,1780254599.776,BTCUSD_otc
352,2026-05-31 19:10:00,72810.03,72962.53,73020.57,72807.73,384,1780254899.716,BTCUSD_otc
352,2026-05-31 19:15:00,72965.76,73108.9,73139.07,72945.25,391,1780255198.679,BTCUSD_otc
352,2026-05-31 19:20:00,73108.9,72907.32,73122.65,72896.86,394,1780255499.158,BTCUSD_otc
352,2026-05-31 19:25:00,72902.5,72905.07,73005.85,72892.43,389,1780255799.687,BTCUSD_otc
352,2026-05-31 19:30:00,72905.07,72940.65,72961.19,72804.54,388,1780256099.61,BTCUSD_otc
352,2026-05-31 19:35:00,72940.65,72924.9,72992.61,72847.66,392,1780256399.629,BTCUSD_otc
352,2026-05-31 19:40:00,72924.9,73016.69,73060.31,72919.79,385,1780256699.53,BTCUSD_otc
352,2026-05-31 19:45:00,73013.78,73041.82,73118.72,72991.24,390,1780256999.567,BTCUSD_otc
352,2026-05-31 19:50:00,73041.82,73075.37,73166.31,73041.82,398,1780257298.951,BTCUSD_otc
352,2026-05-31 19:55:00,73075.37,73040.17,73081.74,72955.9,390,1780257598.476,BTCUSD_otc
352,2026-05-31 20:00:00,73040.17,73228.72,73256.18,73002.11,403,1780257898.896,BTCUSD_otc
352,2026-05-31 20:05:00,73228.72,73032.74,73242.7,72976.5,390,1780258199.911,BTCUSD_otc
352,2026-05-31 20:10:00,73032.74,73131.18,73131.18,73019.85,404,1780258499.785,BTCUSD_otc
352,2026-05-31 20:15:00,73131.18,73179.28,73268.25,73098.27,401,1780258799.729,BTCUSD_otc
352,2026-05-31 20:20:00,73179.28,73177.28,73253.64,73165.68,412,1780259099.69,BTCUSD_otc
352,2026-05-31 20:25:00,73177.28,73095.76,73313.53,73053.24,403,1780259399.707,BTCUSD_otc
352,2026-05-31 20:30:00,73095.76,73224.12,73238.83,73046.44,407,1780259699.122,BTCUSD_otc
352,2026-05-31 20:35:00,73217.5,73216.52,73342.02,73097.93,395,1780259999.158,BTCUSD_otc
352,2026-05-31 20:40:00,73220.28,73188.76,73250.36,73112.43,423,1780260299.57,BTCUSD_otc
352,2026-05-31 20:45:00,73191.0,73284.16,73305.08,73157.35,385,1780260599.035,BTCUSD_otc
352,2026-05-31 20:50:00,73273.41,73329.88,73376.28,73209.54,405,1780260899.488,BTCUSD_otc
352,2026-05-31 20:55:00,73335.39,73262.04,73349.78,73239.03,372,1780261199.501,BTCUSD_otc
352,2026-05-31 21:00:00,73262.04,73208.09,73328.25,73147.47,395,1780261499.878,BTCUSD_otc
352,2026-05-31 21:05:00,73208.09,73278.46,73344.75,73151.61,387,1780261799.323,BTCUSD_otc
352,2026-05-31 21:10:00,73278.46,73269.83,73326.45,73219.27,402,1780262099.788,BTCUSD_otc
352,2026-05-31 21:15:00,73269.83,73101.67,73299.8,73076.74,391,1780262399.735,BTCUSD_otc
352,2026-05-31 21:20:00,73101.67,73319.36,73377.18,73080.25,417,1780262699.687,BTCUSD_otc
352,2026-05-31 21:25:00,73319.36,73264.56,73322.52,73195.63,393,1780262998.579,BTCUSD_otc
352,2026-05-31 21:30:00,73268.63,73493.89,73496.84,73181.84,381,1780263299.602,BTCUSD_otc
352,2026-05-31 21:35:00,73493.89,73523.47,73525.93,73321.36,381,1780263599.03,BTCUSD_otc
352,2026-05-31 21:40:00,73523.47,73584.19,73640.72,73515.65,386,1780263898.537,BTCUSD_otc
352,2026-05-31 21:45:00,73584.19,73539.82,73635.24,73511.52,403,1780264199.017,BTCUSD_otc
352,2026-05-31 21:50:00,73537.58,73656.37,73661.64,73502.96,406,1780264499.464,BTCUSD_otc
352,2026-05-31 21:55:00,73656.37,73585.62,73699.15,73542.07,395,1780264799.431,BTCUSD_otc
352,2026-05-31 22:00:00,73585.62,73449.2,73635.5,73410.43,403,1780265099.842,BTCUSD_otc
352,2026-05-31 22:05:00,73452.26,73502.76,73533.2,73428.22,400,1780265399.322,BTCUSD_otc
352,2026-05-31 22:10:00,73502.76,73578.79,73645.46,73437.9,418,1780265699.717,BTCUSD_otc
352,2026-05-31 22:15:00,73581.78,73547.81,73600.36,73427.27,406,1780265998.71,BTCUSD_otc
352,2026-05-31 22:20:00,73545.19,73379.37,73570.99,73379.37,410,1780266299.669,BTCUSD_otc
352,2026-05-31 22:25:00,73379.37,73419.02,73518.27,73379.37,395,1780266599.661,BTCUSD_otc
352,2026-05-31 22:30:00,73419.02,73400.45,73457.49,73309.9,422,1780266899.58,BTCUSD_otc
352,2026-05-31 22:35:00,73400.45,73440.44,73443.74,73302.77,388,1780267199.572,BTCUSD_otc
352,2026-05-31 22:40:00,73438.4,73536.9,73553.62,73386.19,411,1780267499.524,BTCUSD_otc
352,2026-05-31 22:45:00,73541.84,73619.76,73741.88,73518.5,396,1780267799.984,BTCUSD_otc
352,2026-05-31 22:50:00,73619.76,73562.48,73626.16,73514.57,414,1780268099.932,BTCUSD_otc
352,2026-05-31 22:55:00,73566.35,73619.29,73674.47,73553.86,401,1780268399.403,BTCUSD_otc
352,2026-05-31 23:00:00,73619.29,73793.58,73814.15,73532.17,382,1780268699.278,BTCUSD_otc
352,2026-05-31 23:05:00,73795.33,73956.77,73977.88,73783.19,402,1780268999.697,BTCUSD_otc
352,2026-05-31 23:10:00,73956.77,74054.09,74107.17,73950.67,396,1780269299.669,BTCUSD_otc
352,2026-05-31 23:15:00,74051.87,74205.24,74241.49,74016.82,405,1780269599.133,BTCUSD_otc
352,2026-05-31 23:20:00,74205.24,74277.41,74347.68,74200.88,387,1780269899.599,BTCUSD_otc
352,2026-05-31 23:25:00,74281.73,74415.71,74440.36,74240.95,387,1780270199.005,BTCUSD_otc
352,2026-05-31 23:30:00,74407.14,74178.48,74426.56,74151.82,397,1780270499.985,BTCUSD_otc
352,2026-05-31 23:35:00,74178.48,74111.88,74283.69,74091.71,404,1780270797.893,BTCUSD_otc
352,2026-05-31 23:40:00,74111.88,73972.2,74209.71,73930.0,392,1780271099.374,BTCUSD_otc
352,2026-05-31 23:45:00,73972.2,73906.76,74027.48,73871.55,387,1780271399.319,BTCUSD_otc
352,2026-05-31 23:50:00,73904.36,73943.2,73957.9,73788.08,410,1780271699.801,BTCUSD_otc
352,2026-05-31 23:55:00,73943.2,73781.36,74008.92,73770.03,389,1780271998.697,BTCUSD_otc
352,2026-06-01 00:00:00,73777.94,73719.15,73783.49,73666.28,400,1780272299.694,BTCUSD_otc
352,2026-06-01 00:05:00,73715.82,73887.67,73890.92,73680.08,397,1780272599.593,BTCUSD_otc
352,2026-06-01 00:10:00,73887.67,73838.04,73894.13,73769.74,403,1780272899.606,BTCUSD_otc
352,2026-06-01 00:15:00,73838.04,73771.57,73843.95,73699.84,406,1780273199.581,BTCUSD_otc
352,2026-06-01 00:20:00,73771.57,73947.23,73989.54,73743.18,387,1780273498.994,BTCUSD_otc
352,2026-06-01 00:25:00,73949.82,74065.24,74077.57,73930.63,398,1780273799.884,BTCUSD_otc
352,2026-06-01 00:30:00,74065.24,74019.55,74142.85,74008.94,396,1780274099.891,BTCUSD_otc
352,2026-06-01 00:35:00,74017.22,73891.51,74031.51,73868.77,394,1780274399.813,BTCUSD_otc
352,2026-06-01 00:40:00,73891.51,74170.08,74181.02,73869.35,402,1780274699.806,BTCUSD_otc
352,2026-06-01 00:45:00,74170.08,74122.82,74220.46,74106.24,399,1780274999.699,BTCUSD_otc
352,2026-06-01 00:50:00,74120.64,74308.81,74317.78,74097.92,379,1780275298.656,BTCUSD_otc
352,2026-06-01 00:55:00,74308.81,74596.56,74680.69,74291.16,397,1780275598.611,BTCUSD_otc
352,2026-06-01 01:00:00,74596.56,74812.83,74839.3,74578.99,389,1780275899.608,BTCUSD_otc
352,2026-06-01 01:05:00,74812.83,74681.19,74837.26,74656.26,400,1780276199.541,BTCUSD_otc
352,2026-06-01 01:10:00,74679.57,74640.53,74725.76,74561.89,408,1780276499.517,BTCUSD_otc
352,2026-06-01 01:15:00,74640.53,74467.56,74646.3,74449.64,400,1780276799.894,BTCUSD_otc
352,2026-06-01 01:20:00,74467.56,74590.54,74611.69,74434.91,418,1780277099.917,BTCUSD_otc
352,2026-06-01 01:25:00,74590.54,74652.92,74677.65,74479.21,415,1780277399.757,BTCUSD_otc
352,2026-06-01 01:30:00,74647.32,74767.99,74822.3,74591.46,412,1780277698.701,BTCUSD_otc
352,2026-06-01 01:35:00,74767.99,74741.99,74767.99,74620.61,380,1780277997.697,BTCUSD_otc
352,2026-06-01 01:40:00,74741.99,74763.17,74866.96,74706.4,388,1780278299.158,BTCUSD_otc
352,2026-06-01 01:45:00,74763.17,74710.71,74799.73,74707.01,392,1780278598.627,BTCUSD_otc
352,2026-06-01 01:50:00,74713.67,74712.53,74741.02,74573.11,396,1780278899.607,BTCUSD_otc
352,2026-06-01 01:55:00,74712.53,74702.19,74817.47,74681.74,420,1780279199.991,BTCUSD_otc
352,2026-06-01 02:00:00,74702.19,74706.65,74806.51,74667.17,393,1780279499.497,BTCUSD_otc
352,2026-06-01 02:05:00,74713.21,74717.1,74841.01,74689.9,407,1780279799.965,BTCUSD_otc
352,2026-06-01 02:10:00,74717.1,74636.3,74768.79,74632.2,404,1780280099.97,BTCUSD_otc
352,2026-06-01 02:15:00,74636.3,74749.07,74762.83,74566.39,404,1780280399.87,BTCUSD_otc
352,2026-06-01 02:20:00,74749.07,74770.69,74921.1,74714.02,398,1780280698.872,BTCUSD_otc
352,2026-06-01 02:25:00,74770.69,74626.3,74780.53,74556.05,379,1780280999.216,BTCUSD_otc
352,2026-06-01 02:30:00,74626.3,74616.14,74703.6,74600.64,392,1780281298.664,BTCUSD_otc
352,2026-06-01 02:35:00,74612.68,74484.86,74619.62,74411.56,403,1780281599.62,BTCUSD_otc
352,2026-06-01 02:40:00,74484.86,74455.21,74545.59,74360.63,404,1780281899.596,BTCUSD_otc
352,2026-06-01 02:45:00,74455.21,74542.76,74574.97,74379.95,410,1780282199.556,BTCUSD_otc
352,2026-06-01 02:50:00,74538.0,74311.33,74589.29,74301.31,404,1780282498.445,BTCUSD_otc
352,2026-06-01 02:55:00,74309.02,74259.72,74421.04,74240.46,400,1780282799.902,BTCUSD_otc
352,2026-06-01 03:00:00,74259.72,74309.24,74405.89,74259.72,395,1780283099.829,BTCUSD_otc
352,2026-06-01 03:05:00,74309.24,74197.79,74373.78,74173.26,389,1780283399.844,BTCUSD_otc
352,2026-06-01 03:10:00,74197.79,74240.53,74296.21,74143.48,411,1780283699.681,BTCUSD_otc
352,2026-06-01 03:15:00,74234.6,74225.07,74300.26,74114.35,403,1780283999.084,BTCUSD_otc
352,2026-06-01 03:20:00,74225.07,74284.02,74303.9,74179.17,385,1780284299.516,BTCUSD_otc
352,2026-06-01 03:25:00,74284.02,74312.84,74337.76,74144.79,402,1780284599.918,BTCUSD_otc
352,2026-06-01 03:30:00,74312.84,74191.11,74362.79,74179.83,391,1780284899.443,BTCUSD_otc
352,2026-06-01 03:35:00,74191.11,74115.38,74208.95,73959.37,421,1780285198.863,BTCUSD_otc
352,2026-06-01 03:40:00,74115.38,74015.69,74125.96,73965.36,403,1780285499.875,BTCUSD_otc
352,2026-06-01 03:45:00,74015.69,74059.96,74093.89,73947.26,401,1780285799.74,BTCUSD_otc
352,2026-06-01 03:50:00,74059.96,73984.96,74059.96,73884.27,408,1780286099.758,BTCUSD_otc
352,2026-06-01 03:55:00,73984.96,73962.02,74066.19,73954.38,415,1780286399.647,BTCUSD_otc
352,2026-06-01 04:00:00,73957.26,73997.0,74017.07,73916.92,394,1780286699.64,BTCUSD_otc
352,2026-06-01 04:05:00,73993.77,73989.8,73993.77,73879.41,399,1780286999.568,BTCUSD_otc
352,2026-06-01 04:10:00,73993.6,74036.73,74092.24,73961.56,386,1780287298.057,BTCUSD_otc
352,2026-06-01 04:15:00,74036.73,73857.02,74047.92,73813.73,395,1780287599.998,BTCUSD_otc
352,2026-06-01 04:20:00,73857.02,73889.77,73898.54,73796.73,411,1780287899.528,BTCUSD_otc
352,2026-06-01 04:25:00,73889.77,73890.28,73932.17,73855.4,417,1780288199.99,BTCUSD_otc
352,2026-06-01 04:30:00,73890.28,73925.7,73931.26,73806.07,395,1780288499.991,BTCUSD_otc
352,2026-06-01 04:35:00,73925.7,73928.01,74066.8,73892.29,384,1780288799.383,BTCUSD_otc
352,2026-06-01 04:40:00,73928.01,73976.55,74163.4,73911.14,396,1780289099.89,BTCUSD_otc
352,2026-06-01 04:45:00,73976.55,73986.08,74071.14,73952.87,392,1780289399.295,BTCUSD_otc
352,2026-06-01 04:50:00,73986.08,74040.83,74080.77,73944.49,406,1780289699.316,BTCUSD_otc
352,2026-06-01 04:55:00,74046.76,74150.43,74158.47,73965.44,393,1780289999.316,BTCUSD_otc
352,2026-06-01 05:00:00,74150.43,74097.28,74212.41,74061.87,401,1780290299.761,BTCUSD_otc
352,2026-06-01 05:05:00,74097.28,74108.32,74198.74,74076.56,369,1780290599.713,BTCUSD_otc
352,2026-06-01 05:10:00,74108.32,74077.06,74260.17,74048.57,395,1780290899.694,BTCUSD_otc
352,2026-06-01 05:15:00,74072.24,74126.38,74162.06,73993.09,373,1780291198.646,BTCUSD_otc
352,2026-06-01 05:20:00,74129.93,74034.31,74135.77,73988.02,400,1780291499.612,BTCUSD_otc
352,2026-06-01 05:25:00,74034.31,74036.91,74169.89,74005.22,400,1780291799.064,BTCUSD_otc
352,2026-06-01 05:30:00,74034.92,73940.75,74083.85,73913.0,395,1780292099.514,BTCUSD_otc
352,2026-06-01 05:35:00,73943.1,74036.3,74094.59,73943.1,402,1780292399.008,BTCUSD_otc
352,2026-06-01 05:40:00,74036.3,73934.98,74044.21,73828.19,405,1780292699.968,BTCUSD_otc
352,2026-06-01 05:45:00,73934.98,73942.51,73972.55,73800.78,359,1780292999.928,BTCUSD_otc
352,2026-06-01 05:50:00,73946.31,74199.73,74219.33,73906.03,400,1780293299.884,BTCUSD_otc
352,2026-06-01 05:55:00,74199.73,74098.16,74231.95,74069.41,390,1780293599.355,BTCUSD_otc
352,2026-06-01 06:00:00,74098.16,74059.36,74123.75,73993.25,393,1780293899.82,BTCUSD_otc
352,2026-06-01 06:05:00,74062.68,74263.44,74285.23,74058.77,392,1780294199.803,BTCUSD_otc
352,2026-06-01 06:10:00,74255.94,74185.52,74273.5,74112.69,409,1780294499.266,BTCUSD_otc
352,2026-06-01 06:15:00,74185.52,74202.29,74304.8,74168.06,407,1780294799.703,BTCUSD_otc
352,2026-06-01 06:20:00,74198.16,74269.6,74296.85,74151.95,385,1780295099.677,BTCUSD_otc
352,2026-06-01 06:25:00,74266.87,74122.67,74299.82,74104.61,417,1780295399.687,BTCUSD_otc
352,2026-06-01 06:30:00,74122.67,74412.55,74419.31,74118.17,388,1780295699.108,BTCUSD_otc
352,2026-06-01 06:35:00,74412.55,74379.24,74497.45,74357.07,401,1780295999.598,BTCUSD_otc
352,2026-06-01 06:40:00,74376.44,74337.2,74508.64,74337.2,412,1780296298.536,BTCUSD_otc
352,2026-06-01 06:45:00,74337.2,74255.82,74407.46,74255.82,418,1780296599.57,BTCUSD_otc
352,2026-06-01 06:50:00,74251.98,74376.51,74402.22,74251.86,433,1780296899.488,BTCUSD_otc
352,2026-06-01 06:55:00,74376.51,74051.99,74382.08,74025.33,409,1780297199.502,BTCUSD_otc
352,2026-06-01 07:00:00,74051.99,74176.27,74176.27,74028.02,387,1780297499.91,BTCUSD_otc
352,2026-06-01 07:05:00,74176.27,74111.05,74179.03,74058.6,411,1780297799.456,BTCUSD_otc
352,2026-06-01 07:10:00,74111.05,73983.9,74146.61,73983.9,398,1780298099.849,BTCUSD_otc
352,2026-06-01 07:15:00,73991.88,73974.19,74032.08,73927.08,399,1780298399.38,BTCUSD_otc
352,2026-06-01 07:20:00,73974.19,73932.9,73982.43,73879.76,410,1780298699.762,BTCUSD_otc
352,2026-06-01 07:25:00,73932.9,73931.78,73988.28,73880.24,385,1780298999.805,BTCUSD_otc
352,2026-06-01 07:30:00,73931.78,74027.29,74027.29,73916.37,397,1780299299.683,BTCUSD_otc
352,2026-06-01 07:35:00,74027.29,74210.41,74227.05,74007.64,407,1780299599.739,BTCUSD_otc
352,2026-06-01 07:40:00,74210.41,74281.93,74292.36,74210.41,399,1780299899.666,BTCUSD_otc
352,2026-06-01 07:45:00,74281.93,74277.44,74294.85,74174.25,402,1780300197.172,BTCUSD_otc
352,2026-06-01 07:50:00,74274.42,74150.45,74298.64,74087.28,389,1780300499.657,BTCUSD_otc
352,2026-06-01 07:55:00,74150.45,74198.28,74273.93,74075.13,409,1780300798.605,BTCUSD_otc
352,2026-06-01 08:00:00,74198.28,74266.64,74291.78,74167.92,387,1780301099.577,BTCUSD_otc
352,2026-06-01 08:05:00,74291.64,74344.28,74374.24,74236.72,399,1780301399.575,BTCUSD_otc
352,2026-06-01 08:10:00,74344.28,74375.28,74379.15,74261.83,405,1780301698.54,BTCUSD_otc
352,2026-06-01 08:15:00,74375.28,74344.91,74380.56,74279.93,396,1780301999.52,BTCUSD_otc
352,2026-06-01 08:20:00,74340.34,74410.22,74459.13,74334.92,415,1780302299.522,BTCUSD_otc
352,2026-06-01 08:25:00,74413.74,74614.72,74660.64,74413.74,406,1780302599.432,BTCUSD_otc
352,2026-06-01 08:30:00,74614.72,74757.24,74778.69,74614.72,423,1780302899.944,BTCUSD_otc
352,2026-06-01 08:35:00,74757.24,74602.71,74826.74,74578.47,402,1780303199.925,BTCUSD_otc
352,2026-06-01 08:40:00,74602.71,74496.23,74605.78,74480.68,403,1780303499.945,BTCUSD_otc
352,2026-06-01 08:45:00,74496.23,74596.5,74596.5,74409.78,406,1780303799.885,BTCUSD_otc
352,2026-06-01 08:50:00,74590.8,74476.31,74652.24,74438.9,390,1780304099.879,BTCUSD_otc
352,2026-06-01 08:55:00,74476.31,74557.63,74648.4,74451.28,417,1780304399.77,BTCUSD_otc
352,2026-06-01 09:00:00,74557.63,74663.98,74679.82,74521.79,382,1780304699.318,BTCUSD_otc
352,2026-06-01 09:05:00,74663.98,74549.01,74667.19,74456.41,391,1780304999.761,BTCUSD_otc
352,2026-06-01 09:10:00,74551.88,74764.8,74782.74,74543.21,408,1780305298.784,BTCUSD_otc
352,2026-06-01 09:15:00,74766.93,74788.2,74818.64,74716.45,388,1780305599.689,BTCUSD_otc
352,2026-06-01 09:20:00,74785.17,74695.05,74842.16,74664.87,400,1780305899.704,BTCUSD_otc
352,2026-06-01 09:25:00,74692.07,74579.69,74756.83,74566.7,398,1780306199.121,BTCUSD_otc
352,2026-06-01 09:30:00,74579.69,74598.9,74615.95,74488.66,395,1780306499.669,BTCUSD_otc
352,2026-06-01 09:35:00,74598.9,74720.07,74725.0,74555.02,410,1780306799.607,BTCUSD_otc
352,2026-06-01 09:40:00,74718.01,74629.92,74718.01,74562.72,389,1780307099.084,BTCUSD_otc
352,2026-06-01 09:45:00,74636.07,74628.33,74686.57,74598.14,398,1780307399.546,BTCUSD_otc
352,2026-06-01 09:50:00,74628.33,74699.89,74831.73,74610.18,417,1780307699.978,BTCUSD_otc
352,2026-06-01 09:55:00,74699.89,74669.06,74740.67,74615.83,385,1780307997.898,BTCUSD_otc
352,2026-06-01 10:00:00,74671.56,74664.91,74700.81,74589.5,384,1780308299.922,BTCUSD_otc
352,2026-06-01 10:05:00,74664.91,74719.51,74788.09,74642.06,431,1780308599.881,BTCUSD_otc
352,2026-06-01 10:10:00,74719.51,74706.4,74795.85,74623.57,428,1780308899.824,BTCUSD_otc
352,2026-06-01 10:15:00,74706.4,74743.42,74779.92,74650.13,403,1780309199.745,BTCUSD_otc
352,2026-06-01 10:20:00,74738.55,74779.33,74782.75,74660.33,395,1780309498.745,BTCUSD_otc
352,2026-06-01 10:25:00,74779.33,74915.27,74968.31,74733.91,383,1780309799.696,BTCUSD_otc
352,2026-06-01 10:30:00,74919.1,74944.06,75007.47,74892.82,380,1780310099.201,BTCUSD_otc
352,2026-06-01 10:35:00,74936.67,75029.04,75036.43,74920.68,386,1780310399.679,BTCUSD_otc
352,2026-06-01 10:40:00,75029.04,75161.52,75191.64,75027.11,385,1780310699.613,BTCUSD_otc
352,2026-06-01 10:45:00,75159.7,75089.31,75183.35,75047.9,390,1780310999.535,BTCUSD_otc
352,2026-06-01 10:50:00,75089.31,75063.97,75130.48,75008.58,426,1780311299.507,BTCUSD_otc
352,2026-06-01 10:55:00,75063.97,75020.06,75106.48,74976.48,424,1780311599.516,BTCUSD_otc
352,2026-06-01 11:00:00,75028.76,74996.93,75090.01,74954.99,414,1780311898.52,BTCUSD_otc
352,2026-06-01 11:05:00,74999.97,74847.11,75021.44,74847.11,395,1780312199.509,BTCUSD_otc
352,2026-06-01 11:10:00,74855.31,75157.45,75161.52,74846.78,398,1780312499.925,BTCUSD_otc
352,2026-06-01 11:15:00,75157.45,75095.14,75240.53,75041.98,421,1780312799.462,BTCUSD_otc
352,2026-06-01 11:20:00,75095.14,74990.83,75137.49,74919.01,418,1780313099.347,BTCUSD_otc
352,2026-06-01 11:25:00,74990.83,75092.58,75163.97,74985.36,392,1780313399.861,BTCUSD_otc
352,2026-06-01 11:30:00,75092.58,75260.14,75294.77,75072.29,400,1780313699.781,BTCUSD_otc
352,2026-06-01 11:35:00,75260.14,75100.41,75295.67,75099.17,397,1780313999.835,BTCUSD_otc
352,2026-06-01 11:40:00,75097.56,75217.87,75308.62,75093.05,412,1780314299.755,BTCUSD_otc
352,2026-06-01 11:45:00,75217.87,75189.67,75222.54,75079.07,408,1780314599.243,BTCUSD_otc
352,2026-06-01 11:50:00,75189.67,75194.95,75281.7,75125.43,398,1780314899.725,BTCUSD_otc
352,2026-06-01 11:55:00,75191.79,75348.42,75421.42,75158.85,402,1780315199.693,BTCUSD_otc
352,2026-06-01 12:00:00,75351.96,75285.75,75354.83,75234.58,415,1780315499.703,BTCUSD_otc
352,2026-06-01 12:05:00,75285.75,75140.9,75320.28,75140.9,391,1780315797.175,BTCUSD_otc
352,2026-06-01 12:10:00,75140.9,75036.41,75148.58,75000.72,395,1780316097.053,BTCUSD_otc
352,2026-06-01 12:15:00,75029.28,75312.11,75334.14,74997.92,416,1780316399.555,BTCUSD_otc
352,2026-06-01 12:20:00,75309.67,75340.73,75381.11,75305.66,391,1780316699.488,BTCUSD_otc
352,2026-06-01 12:25:00,75340.73,75370.29,75383.42,75224.98,383,1780316998.022,BTCUSD_otc
352,2026-06-01 12:30:00,75379.04,75280.31,75397.26,75252.83,385,1780317298.027,BTCUSD_otc
352,2026-06-01 12:35:00,75276.06,75163.56,75316.32,75132.33,388,1780317599.484,BTCUSD_otc
352,2026-06-01 12:40:00,75163.56,75243.78,75322.23,75149.69,400,1780317899.959,BTCUSD_otc
352,2026-06-01 12:45:00,75248.73,75276.94,75288.03,75110.12,391,1780318199.457,BTCUSD_otc
352,2026-06-01 12:50:00,75275.1,75307.09,75349.07,75209.95,408,1780318499.006,BTCUSD_otc
352,2026-06-01 12:55:00,75307.09,75270.33,75356.4,75180.99,390,1780318799.905,BTCUSD_otc
352,2026-06-01 13:00:00,75250.72,75187.52,75254.56,75109.75,409,1780319099.926,BTCUSD_otc
352,2026-06-01 13:05:00,75187.52,75215.01,75244.72,75149.7,387,1780319399.817,BTCUSD_otc
352,2026-06-01 13:10:00,75215.01,75153.34,75316.33,75129.66,401,1780319699.315,BTCUSD_otc
352,2026-06-01 13:15:00,75153.34,75222.59,75248.98,75139.59,387,1780319999.748,BTCUSD_otc
352,2026-06-01 13:20:00,75217.85,75077.96,75274.55,75069.51,400,1780320299.772,BTCUSD_otc
352,2026-06-01 13:25:00,75077.96,75032.94,75139.57,74978.67,383,1780320599.223,BTCUSD_otc
352,2026-06-01 13:30:00,75032.94,74935.32,75070.21,74930.36,398,1780320899.738,BTCUSD_otc
352,2026-06-01 13:35:00,74935.32,74966.01,75035.88,74901.64,413,1780321198.642,BTCUSD_otc
352,2026-06-01 13:40:00,74961.03,75097.29,75115.92,74936.59,403,1780321499.655,BTCUSD_otc
352,2026-06-01 13:45:00,75097.29,74962.03,75132.87,74958.44,401,1780321799.559,BTCUSD_otc
352,2026-06-01 13:50:00,74964.32,74839.76,75060.85,74826.97,409,1780322099.586,BTCUSD_otc
352,2026-06-01 13:55:00,74842.6,74978.36,75030.01,74842.6,404,1780322399.064,BTCUSD_otc
352,2026-06-01 14:00:00,74978.36,74940.37,75013.26,74909.24,402,1780322699.051,BTCUSD_otc
352,2026-06-01 14:05:00,74933.09,75117.26,75123.95,74918.0,394,1780322999.025,BTCUSD_otc
352,2026-06-01 14:10:00,75112.44,74958.82,75171.34,74880.88,422,1780323299.513,BTCUSD_otc
352,2026-06-01 14:15:00,74955.98,74890.1,75005.07,74853.32,388,1780323599.947,BTCUSD_otc
352,2026-06-01 14:20:00,74890.1,75112.93,75113.1,74834.91,400,1780323899.971,BTCUSD_otc
352,2026-06-01 14:25:00,75112.93,75140.74,75145.23,75053.06,401,1780324199.974,BTCUSD_otc
352,2026-06-01 14:30:00,75130.21,75166.8,75195.03,75040.55,389,1780324498.92,BTCUSD_otc
352,2026-06-01 14:35:00,75166.8,75189.34,75213.71,75038.37,403,1780324799.433,BTCUSD_otc
352,2026-06-01 14:40:00,75189.34,75143.17,75239.52,75107.04,409,1780325099.898,BTCUSD_otc
352,2026-06-01 14:45:00,75146.95,74982.98,75152.34,74974.47,398,1780325399.425,BTCUSD_otc
352,2026-06-01 14:50:00,74982.98,74852.18,75003.01,74826.84,408,1780325699.865,BTCUSD_otc
352,2026-06-01 14:55:00,74852.18,74979.66,75008.55,74849.04,403,1780325999.887,BTCUSD_otc
352,2026-06-01 15:00:00,74979.66,74861.82,75017.56,74861.82,382,1780326299.816,BTCUSD_otc
352,2026-06-01 15:05:00,74859.12,74729.12,74864.42,74718.92,389,1780326599.337,BTCUSD_otc
352,2026-06-01 15:10:00,74729.12,74700.02,74753.95,74642.75,399,1780326899.802,BTCUSD_otc
352,2026-06-01 15:15:00,74704.05,74686.87,74714.46,74573.86,386,1780327199.787,BTCUSD_otc
352,2026-06-01 15:20:00,74686.87,74670.23,74698.58,74563.78,389,1780327499.732,BTCUSD_otc
352,2026-06-01 15:25:00,74670.23,74655.74,74670.23,74539.12,407,1780327799.719,BTCUSD_otc
352,2026-06-01 15:30:00,74655.74,74722.58,74803.65,74596.84,404,1780328099.636,BTCUSD_otc
352,2026-06-01 15:35:00,74722.58,74898.2,74923.98,74704.94,408,1780328399.673,BTCUSD_otc
352,2026-06-01 15:40:00,74898.2,74830.65,74917.49,74719.66,403,1780328699.611,BTCUSD_otc
352,2026-06-01 15:45:00,74833.07,74858.31,74899.85,74796.31,411,1780328999.615,BTCUSD_otc
352,2026-06-01 15:50:00,74848.85,74722.76,74860.63,74685.43,393,1780329299.52,BTCUSD_otc
352,2026-06-01 15:55:00,74727.09,74786.83,74789.49,74665.55,374,1780329599.586,BTCUSD_otc
352,2026-06-01 16:00:00,74795.23,74538.95,74813.02,74491.46,405,1780329899.522,BTCUSD_otc
352,2026-06-01 16:05:00,74538.95,74559.16,74617.76,74501.16,382,1780330199.518,BTCUSD_otc
352,2026-06-01 16:10:00,74545.52,74458.56,74614.06,74417.4,393,1780330499.534,BTCUSD_otc
352,2026-06-01 16:15:00,74458.56,74617.21,74660.39,74458.56,394,1780330799.413,BTCUSD_otc
352,2026-06-01 16:20:00,74617.21,74761.31,74828.67,74582.2,409,1780331099.905,BTCUSD_otc
352,2026-06-01 16:25:00,74754.89,74861.91,74949.7,74748.39,408,1780331399.403,BTCUSD_otc
352,2026-06-01 16:30:00,74861.91,74920.39,74998.09,74791.85,405,1780331699.392,BTCUSD_otc
352,2026-06-01 16:35:00,74920.39,74950.65,74971.24,74845.12,398,1780331999.839,BTCUSD_otc
352,2026-06-01 16:40:00,74945.52,74917.14,75021.74,74893.47,399,1780332299.877,BTCUSD_otc
352,2026-06-01 16:45:00,74917.14,74796.57,74962.81,74741.84,395,1780332599.791,BTCUSD_otc
352,2026-06-01 16:50:00,74796.57,74792.08,74806.2,74658.4,416,1780332899.83,BTCUSD_otc
352,2026-06-01 16:55:00,74788.48,74829.86,74862.28,74679.3,400,1780333199.736,BTCUSD_otc
352,2026-06-01 17:00:00,74829.86,74760.79,74900.82,74736.02,399,1780333499.244,BTCUSD_otc
352,2026-06-01 17:05:00,74760.79,74773.66,74804.05,74705.17,409,1780333799.69,BTCUSD_otc
352,2026-06-01 17:10:00,74773.66,74552.09,74788.29,74539.16,405,1780334099.663,BTCUSD_otc
352,2026-06-01 17:15:00,74552.09,74776.16,74797.95,74532.0,395,1780334399.469,BTCUSD_otc
352,2026-06-01 17:20:00,74776.16,74724.17,74883.75,74697.67,400,1780334699.882,BTCUSD_otc
352,2026-06-01 17:25:00,74724.17,74697.89,74726.96,74628.81,395,1780334999.898,BTCUSD_otc
352,2026-06-01 17:30:00,74697.89,74590.2,74703.44,74525.6,395,1780335299.334,BTCUSD_otc
352,2026-06-01 17:35:00,74590.2,74551.71,74636.29,74538.45,381,1780335599.859,BTCUSD_otc
352,2026-06-01 17:40:00,74551.71,74455.16,74559.1,74376.27,392,1780335899.787,BTCUSD_otc
352,2026-06-01 17:45:00,74457.79,74601.84,74607.71,74409.34,415,1780336199.797,BTCUSD_otc
352,2026-06-01 17:50:00,74611.77,74888.47,74909.7,74591.88,408,1780336499.774,BTCUSD_otc
352,2026-06-01 17:55:00,74888.47,74660.35,74921.68,74645.23,403,1780336799.799,BTCUSD_otc
352,2026-06-01 18:00:00,74660.35,74483.64,74660.35,74464.58,391,1780337099.827,BTCUSD_otc
352,2026-06-01 18:05:00,74479.29,74378.14,74508.12,74378.14,411,1780337399.73,BTCUSD_otc
352,2026-06-01 18:10:00,74378.14,74515.6,74566.27,74363.47,405,1780337698.747,BTCUSD_otc
352,2026-06-01 18:15:00,74515.6,74624.86,74640.6,74448.32,402,1780337999.665,BTCUSD_otc
352,2026-06-01 18:20:00,74622.52,74707.46,74802.35,74578.67,411,1780338299.151,BTCUSD_otc
352,2026-06-01 18:25:00,74707.46,74739.66,74767.34,74628.91,378,1780338599.583,BTCUSD_otc
352,2026-06-01 18:30:00,74739.66,74683.11,74829.0,74680.22,384,1780338898.071,BTCUSD_otc
352,2026-06-01 18:35:00,74683.11,74922.61,74936.85,74683.11,397,1780339199.46,BTCUSD_otc
352,2026-06-01 18:40:00,74922.61,74995.53,75032.23,74847.0,385,1780339499.439,BTCUSD_otc
352,2026-06-01 18:45:00,74995.53,74917.21,75022.71,74906.16,383,1780339799.926,BTCUSD_otc
352,2026-06-01 18:50:00,74917.21,74852.12,74974.78,74844.82,404,1780340099.952,BTCUSD_otc
352,2026-06-01 18:55:00,74852.12,74823.22,74887.41,74780.85,391,1780340399.897,BTCUSD_otc
352,2026-06-01 19:00:00,74819.8,74920.42,74950.29,74799.98,402,1780340699.397,BTCUSD_otc
352,2026-06-01 19:05:00,74920.42,74934.25,75093.3,74917.71,402,1780340999.783,BTCUSD_otc
352,2026-06-01 19:10:00,74930.36,74725.73,74960.01,74718.91,394,1780341299.75,BTCUSD_otc
352,2026-06-01 19:15:00,74725.73,74744.55,74785.86,74662.26,402,1780341599.261,BTCUSD_otc
352,2026-06-01 19:20:00,74744.55,74713.06,74876.31,74713.06,412,1780341898.733,BTCUSD_otc
352,2026-06-01 19:25:00,74713.06,74594.36,74773.46,74576.75,410,1780342199.676,BTCUSD_otc
352,2026-06-01 19:30:00,74608.51,74571.45,74662.36,74501.85,396,1780342499.653,BTCUSD_otc
352,2026-06-01 19:35:00,74574.6,74683.26,74757.06,74570.94,402,1780342799.534,BTCUSD_otc
352,2026-06-01 19:40:00,74685.76,74893.83,74910.22,74684.8,410,1780343099.966,BTCUSD_otc
352,2026-06-01 19:45:00,74893.83,75007.68,75031.65,74799.27,389,1780343399.506,BTCUSD_otc
352,2026-06-01 19:50:00,75000.98,75045.38,75123.7,74920.16,403,1780343699.51,BTCUSD_otc
352,2026-06-01 19:55:00,75045.38,75177.52,75186.01,74962.26,406,1780343999.915,BTCUSD_otc
352,2026-06-01 20:00:00,75177.52,75075.54,75266.79,75062.89,387,1780344299.915,BTCUSD_otc
352,2026-06-01 20:05:00,75070.35,75040.86,75138.4,74962.84,393,1780344599.788,BTCUSD_otc
352,2026-06-01 20:10:00,75038.02,75159.06,75167.68,74980.87,382,1780344899.244,BTCUSD_otc
352,2026-06-01 20:15:00,75159.06,74983.62,75159.06,74959.58,395,1780345199.719,BTCUSD_otc
352,2026-06-01 20:20:00,74979.5,74995.9,75080.69,74915.1,412,1780345499.146,BTCUSD_otc
352,2026-06-01 20:25:00,74995.9,75198.76,75204.42,74938.06,390,1780345799.14,BTCUSD_otc
352,2026-06-01 20:30:00,75198.76,75316.86,75357.84,75162.87,377,1780346099.556,BTCUSD_otc
352,2026-06-01 20:35:00,75320.27,75079.08,75320.27,75056.16,400,1780346399.569,BTCUSD_otc
352,2026-06-01 20:40:00,75079.08,75085.62,75113.37,74967.97,386,1780346699.993,BTCUSD_otc
352,2026-06-01 20:45:00,75093.56,74947.06,75126.09,74929.88,394,1780346999.96,BTCUSD_otc
352,2026-06-01 20:50:00,74947.06,74847.72,74970.8,74819.86,405,1780347299.383,BTCUSD_otc
352,2026-06-01 20:55:00,74847.72,74912.99,74942.13,74828.57,391,1780347599.877,BTCUSD_otc
352,2026-06-01 21:00:00,74919.98,74812.07,74922.43,74775.78,410,1780347899.78,BTCUSD_otc
352,2026-06-01 21:05:00,74821.27,74924.01,74924.01,74814.03,410,1780348199.8,BTCUSD_otc
352,2026-06-01 21:10:00,74924.01,74781.23,74925.23,74769.57,419,1780348499.755,BTCUSD_otc
352,2026-06-01 21:15:00,74777.3,74880.01,74883.73,74749.82,403,1780348799.214,BTCUSD_otc
352,2026-06-01 21:20:00,74880.01,74845.92,74890.11,74760.3,403,1780349099.204,BTCUSD_otc
352,2026-06-01 21:25:00,74849.6,74868.94,74986.03,74826.09,408,1780349399.623,BTCUSD_otc
352,2026-06-01 21:30:00,74862.92,74888.67,74929.24,74832.57,404,1780349699.978,BTCUSD_otc
352,2026-06-01 21:35:00,74888.67,74894.73,74894.73,74811.96,399,1780349999.988,BTCUSD_otc
352,2026-06-01 21:40:00,74894.73,74841.8,74905.32,74755.28,399,1780350298.919,BTCUSD_otc
352,2026-06-01 21:45:00,74841.8,74937.26,74958.71,74838.9,404,1780350599.905,BTCUSD_otc
352,2026-06-01 21:50:00,74937.26,74972.26,74995.37,74856.17,396,1780350899.823,BTCUSD_otc
352,2026-06-01 21:55:00,74968.02,74841.98,74975.88,74823.05,406,1780351199.359,BTCUSD_otc
352,2026-06-01 22:00:00,74841.98,74936.43,74965.92,74812.29,394,1780351499.767,BTCUSD_otc
352,2026-06-01 22:05:00,74936.43,75133.02,75156.69,74909.49,396,1780351799.776,BTCUSD_otc
352,2026-06-01 22:10:00,75133.02,75233.98,75269.79,75110.99,387,1780352099.727,BTCUSD_otc
352,2026-06-01 22:15:00,75225.6,75386.93,75395.19,75146.7,409,1780352399.678,BTCUSD_otc
352,2026-06-01 22:20:00,75392.85,75250.31,75415.06,75231.4,401,1780352699.607,BTCUSD_otc
352,2026-06-01 22:25:00,75250.31,75110.92,75266.79,75018.85,402,1780352999.583,BTCUSD_otc
352,2026-06-01 22:30:00,75113.38,75173.03,75282.51,75078.95,387,1780353299.492,BTCUSD_otc
352,2026-06-01 22:35:00,75173.03,75057.76,75182.74,75021.94,397,1780353599.505,BTCUSD_otc
352,2026-06-01 22:40:00,75057.76,75010.29,75093.9,74958.65,385,1780353899.952,BTCUSD_otc
352,2026-06-01 22:45:00,75010.29,74929.86,75050.59,74889.31,393,1780354199.903,BTCUSD_otc
352,2026-06-01 22:50:00,74929.86,74934.74,74956.8,74801.8,391,1780354499.804,BTCUSD_otc
352,2026-06-01 22:55:00,74931.51,74843.15,74955.8,74840.75,400,1780354799.792,BTCUSD_otc
352,2026-06-01 23:00:00,74843.15,74961.89,75055.21,74843.15,408,1780355099.729,BTCUSD_otc
352,2026-06-01 23:05:00,74953.91,75013.36,75050.68,74944.26,406,1780355399.731,BTCUSD_otc
352,2026-06-01 23:10:00,75009.7,74858.61,75016.21,74849.91,410,1780355699.13,BTCUSD_otc
352,2026-06-01 23:15:00,74851.84,74824.32,74936.15,74809.06,414,1780355999.608,BTCUSD_otc
352,2026-06-01 23:20:00,74833.58,74878.66,74969.8,74829.08,401,1780356299.957,BTCUSD_otc
352,2026-06-01 23:25:00,74878.66,75046.32,75063.88,74878.66,408,1780356599.431,BTCUSD_otc
352,2026-06-01 23:30:00,75048.6,75144.38,75151.8,74978.45,402,1780356899.861,BTCUSD_otc
352,2026-06-01 23:35:00,75144.38,75372.9,75389.86,75117.34,393,1780357199.823,BTCUSD_otc
352,2026-06-01 23:40:00,75367.05,75391.7,75441.7,75286.45,386,1780357499.255,BTCUSD_otc
352,2026-06-01 23:45:00,75391.7,75376.76,75451.68,75313.61,387,1780357799.191,BTCUSD_otc
352,2026-06-01 23:50:00,75381.49,75588.53,75593.14,75351.34,404,1780358099.142,BTCUSD_otc
352,2026-06-01 23:55:00,75574.31,75587.48,75587.48,75459.85,400,1780358399.118,BTCUSD_otc
352,2026-06-02 00:00:00,75582.06,75537.38,75664.11,75513.94,385,1780358699.106,BTCUSD_otc
352,2026-06-02 00:05:00,75541.73,75391.32,75568.97,75360.62,404,1780358999.601,BTCUSD_otc
352,2026-06-02 00:10:00,75391.32,75173.05,75406.97,75144.24,379,1780359298.537,BTCUSD_otc
352,2026-06-02 00:15:00,75169.61,74985.5,75172.6,74985.5,395,1780359599.536,BTCUSD_otc
352,2026-06-02 00:20:00,74972.51,74806.72,75019.27,74781.96,396,1780359899.91,BTCUSD_otc
352,2026-06-02 00:25:00,74806.72,74708.22,74836.0,74689.68,390,1780360199.877,BTCUSD_otc
352,2026-06-02 00:30:00,74708.22,74648.44,74798.98,74597.11,413,1780360499.82,BTCUSD_otc
352,2026-06-02 00:35:00,74648.44,74583.57,74763.43,74583.57,394,1780360799.866,BTCUSD_otc
352,2026-06-02 00:40:00,74580.35,74492.62,74587.4,74421.21,402,1780361099.777,BTCUSD_otc
352,2026-06-02 00:45:00,74492.62,74319.6,74505.98,74319.6,402,1780361399.793,BTCUSD_otc
352,2026-06-02 00:50:00,74319.6,74274.03,74393.12,74179.44,405,1780361699.662,BTCUSD_otc
352,2026-06-02 00:55:00,74270.2,74500.25,74535.92,74248.93,405,1780361999.685,BTCUSD_otc
352,2026-06-02 01:00:00,74508.12,74573.13,74582.89,74446.81,409,1780362299.607,BTCUSD_otc
352,2026-06-02 01:05:00,74573.13,74566.21,74644.29,74501.5,409,1780362599.598,BTCUSD_otc
352,2026-06-02 01:10:00,74566.21,74621.32,74681.02,74566.21,394,1780362899.979,BTCUSD_otc
352,2026-06-02 01:15:00,74621.32,74670.18,74685.68,74578.12,392,1780363199.959,BTCUSD_otc
352,2026-06-02 01:20:00,74670.18,74583.81,74724.56,74513.24,370,1780363499.372,BTCUSD_otc
352,2026-06-02 01:25:00,74583.81,74260.01,74587.91,74251.91,392,1780363799.344,BTCUSD_otc
352,2026-06-02 01:30:00,74260.01,74253.55,74264.49,74151.18,397,1780364099.268,BTCUSD_otc
352,2026-06-02 01:35:00,74253.55,74243.07,74357.74,74210.52,398,1780364399.778,BTCUSD_otc
352,2026-06-02 01:40:00,74243.07,74258.99,74366.01,74243.07,414,1780364698.658,BTCUSD_otc
352,2026-06-02 01:45:00,74255.73,74227.98,74261.47,74138.53,407,1780364999.041,BTCUSD_otc
352,2026-06-02 01:50:00,74225.71,74062.1,74276.67,74049.63,395,1780365299.573,BTCUSD_otc
352,2026-06-02 01:55:00,74058.69,74231.96,74260.42,74053.79,404,1780365599.04,BTCUSD_otc
352,2026-06-02 02:00:00,74231.96,74099.86,74252.16,74090.06,398,1780365899.477,BTCUSD_otc
352,2026-06-02 02:05:00,74099.86,74247.77,74277.35,74095.03,392,1780366199.402,BTCUSD_otc
352,2026-06-02 02:10:00,74247.77,74410.9,74415.38,74161.03,400,1780366499.883,BTCUSD_otc
352,2026-06-02 02:15:00,74410.9,74420.41,74464.62,74315.2,397,1780366799.766,BTCUSD_otc
352,2026-06-02 02:20:00,74417.42,74395.95,74458.4,74379.03,414,1780367098.77,BTCUSD_otc
352,2026-06-02 02:25:00,74407.58,74595.95,74652.42,74404.3,381,1780367398.682,BTCUSD_otc
352,2026-06-02 02:30:00,74591.65,74547.96,74729.15,74547.96,409,1780367699.65,BTCUSD_otc
352,2026-06-02 02:35:00,74538.25,74586.22,74697.92,74497.22,414,1780367999.153,BTCUSD_otc
352,2026-06-02 02:40:00,74586.22,74413.22,74586.22,74396.59,393,1780368299.6,BTCUSD_otc
352,2026-06-02 02:45:00,74413.22,74337.18,74443.6,74236.66,405,1780368599.03,BTCUSD_otc
352,2026-06-02 02:50:00,74337.18,74441.14,74446.53,74263.21,401,1780368899.513,BTCUSD_otc
352,2026-06-02 02:55:00,74437.87,74478.46,74571.08,74368.29,402,1780369199.945,BTCUSD_otc
352,2026-06-02 03:00:00,74478.46,74308.46,74485.87,74281.69,410,1780369499.915,BTCUSD_otc
352,2026-06-02 03:05:00,74313.71,74217.13,74362.54,74168.06,407,1780369799.327,BTCUSD_otc
352,2026-06-02 03:10:00,74217.13,73959.24,74220.47,73919.29,397,1780370099.323,BTCUSD_otc
352,2026-06-02 03:15:00,73961.31,74058.0,74083.84,73902.88,395,1780370399.706,BTCUSD_otc
352,2026-06-02 03:20:00,74061.5,74063.64,74129.68,73985.47,393,1780370699.731,BTCUSD_otc
352,2026-06-02 03:25:00,74063.64,74104.77,74153.11,74007.47,395,1780370999.668,BTCUSD_otc
352,2026-06-02 03:30:00,74102.02,74005.15,74220.26,74005.15,392,1780371299.662,BTCUSD_otc
352,2026-06-02 03:35:00,73998.63,74089.84,74118.07,73945.66,387,1780371599.575,BTCUSD_otc
352,2026-06-02 03:40:00,74083.56,74011.21,74221.79,73986.79,392,1780371899.607,BTCUSD_otc
352,2026-06-02 03:45:00,74011.21,74043.11,74066.94,73959.47,382,1780372199.526,BTCUSD_otc
352,2026-06-02 03:50:00,74037.56,74210.39,74210.39,73957.96,393,1780372499.526,BTCUSD_otc
352,2026-06-02 03:55:00,74207.15,74142.55,74280.01,74136.28,401,1780372799.959,BTCUSD_otc
352,2026-06-02 04:00:00,74142.55,74072.79,74155.26,73980.39,417,1780373099.94,BTCUSD_otc
352,2026-06-02 04:05:00,74072.79,74070.51,74152.43,73964.48,400,1780373399.386,BTCUSD_otc
352,2026-06-02 04:10:00,74073.01,74213.66,74213.66,74026.29,400,1780373698.341,BTCUSD_otc
352,2026-06-02 04:15:00,74213.66,73990.26,74239.26,73975.15,382,1780373999.75,BTCUSD_otc
352,2026-06-02 04:20:00,73990.26,74051.19,74087.99,73977.99,405,1780374299.77,BTCUSD_otc
352,2026-06-02 04:25:00,74051.19,74120.31,74130.66,74038.49,378,1780374598.194,BTCUSD_otc
352,2026-06-02 04:30:00,74115.34,74146.38,74224.72,74074.67,392,1780374898.207,BTCUSD_otc
352,2026-06-02 04:35:00,74146.38,74071.84,74183.42,74071.84,385,1780375198.663,BTCUSD_otc
352,2026-06-02 04:40:00,74075.97,73987.65,74158.59,73974.94,393,1780375499.13,BTCUSD_otc
352,2026-06-02 04:45:00,73990.05,74136.57,74206.94,73934.07,404,1780375798.542,BTCUSD_otc
352,2026-06-02 04:50:00,74139.28,74195.71,74263.28,74115.57,408,1780376099.554,BTCUSD_otc
352,2026-06-02 04:55:00,74208.87,74407.28,74427.93,74204.99,397,1780376399.427,BTCUSD_otc
352,2026-06-02 05:00:00,74407.28,74384.08,74473.12,74283.58,411,1780376698.921,BTCUSD_otc
352,2026-06-02 05:05:00,74384.08,74337.92,74512.54,74303.34,421,1780376999.28,BTCUSD_otc
352,2026-06-02 05:10:00,74337.92,74388.21,74442.15,74335.35,386,1780377299.758,BTCUSD_otc
352,2026-06-02 05:15:00,74388.21,74610.48,74623.29,74388.21,397,1780377599.724,BTCUSD_otc
352,2026-06-02 05:20:00,74602.56,74452.16,74706.66,74452.16,410,1780377898.182,BTCUSD_otc
352,2026-06-02 05:25:00,74449.31,74439.11,74501.14,74405.49,394,1780378199.568,BTCUSD_otc
352,2026-06-02 05:30:00,74439.11,74426.68,74548.35,74378.71,389,1780378499.005,BTCUSD_otc
352,2026-06-02 05:35:00,74422.52,74417.19,74503.62,74364.52,415,1780378799.978,BTCUSD_otc
352,2026-06-02 05:40:00,74417.19,74392.92,74448.78,74349.12,399,1780379099.885,BTCUSD_otc
352,2026-06-02 05:45:00,74392.92,74512.29,74576.6,74379.77,401,1780379399.901,BTCUSD_otc
352,2026-06-02 05:50:00,74512.29,74406.6,74528.44,74402.68,395,1780379699.285,BTCUSD_otc
352,2026-06-02 05:55:00,74413.14,74333.44,74468.34,74333.44,384,1780379998.81,BTCUSD_otc
352,2026-06-02 06:00:00,74335.78,74532.97,74535.97,74303.16,385,1780380299.733,BTCUSD_otc
352,2026-06-02 06:05:00,74532.97,74414.44,74576.65,74339.55,396,1780380598.764,BTCUSD_otc
352,2026-06-02 06:10:00,74407.77,74308.18,74408.45,74236.23,413,1780380899.695,BTCUSD_otc
352,2026-06-02 06:15:00,74309.86,74359.21,74464.05,74309.86,400,1780381199.703,BTCUSD_otc
352,2026-06-02 06:20:00,74359.21,74096.33,74414.94,74096.33,390,1780381498.057,BTCUSD_otc
352,2026-06-02 06:25:00,74099.83,74026.41,74248.87,73976.83,391,1780381798.562,BTCUSD_otc
352,2026-06-02 06:30:00,74026.41,73970.92,74026.41,73858.91,408,1780382099.98,BTCUSD_otc
352,2026-06-02 06:35:00,73967.8,74040.73,74097.44,73960.79,398,1780382399.054,BTCUSD_otc
352,2026-06-02 06:40:00,74047.07,73900.45,74059.88,73829.28,413,1780382699.027,BTCUSD_otc
352,2026-06-02 06:45:00,73903.82,73685.35,73923.99,73685.35,382,1780382999.552,BTCUSD_otc
352,2026-06-02 06:50:00,73695.0,73495.31,73733.86,73494.76,404,1780383299.487,BTCUSD_otc
352,2026-06-02 06:55:00,73495.31,73612.16,73649.79,73484.07,412,1780383599.936,BTCUSD_otc
352,2026-06-02 07:00:00,73612.16,73609.41,73674.21,73571.06,408,1780383899.894,BTCUSD_otc
352,2026-06-02 07:05:00,73614.24,73811.6,73827.64,73599.02,388,1780384199.854,BTCUSD_otc
352,2026-06-02 07:10:00,73811.6,73716.53,73891.64,73700.33,402,1780384499.802,BTCUSD_otc
352,2026-06-02 07:15:00,73716.53,73760.44,73830.58,73709.75,397,1780384799.289,BTCUSD_otc
352,2026-06-02 07:20:00,73760.44,73828.56,73902.46,73751.16,401,1780385099.649,BTCUSD_otc
352,2026-06-02 07:25:00,73832.08,73885.44,73926.24,73795.54,405,1780385399.625,BTCUSD_otc
352,2026-06-02 07:30:00,73885.44,73945.92,74045.53,73883.8,395,1780385699.522,BTCUSD_otc
352,2026-06-02 07:35:00,73945.92,73886.8,73993.15,73865.01,405,1780385999.551,BTCUSD_otc
352,2026-06-02 07:40:00,73886.8,73775.56,73897.03,73775.56,409,1780386299.956,BTCUSD_otc
352,2026-06-02 07:45:00,73775.56,73751.1,73853.66,73712.87,383,1780386599.461,BTCUSD_otc
352,2026-06-02 07:50:00,73751.1,73504.5,73810.59,73496.8,393,1780386899.341,BTCUSD_otc
352,2026-06-02 07:55:00,73506.65,73227.3,73511.94,73222.35,404,1780387199.875,BTCUSD_otc
352,2026-06-02 08:00:00,73223.18,73063.27,73226.63,73052.64,398,1780387499.832,BTCUSD_otc
352,2026-06-02 08:05:00,73063.27,73024.75,73216.63,73010.77,401,1780387799.822,BTCUSD_otc
352,2026-06-02 08:10:00,73024.75,73033.51,73129.8,72992.84,404,1780388099.255,BTCUSD_otc
352,2026-06-02 08:15:00,73033.51,72947.03,73122.51,72939.05,406,1780388399.762,BTCUSD_otc
352,2026-06-02 08:20:00,72947.03,72777.46,72968.54,72697.3,397,1780388699.625,BTCUSD_otc
352,2026-06-02 08:25:00,72777.46,72854.65,72870.66,72653.72,401,1780388999.658,BTCUSD_otc
352,2026-06-02 08:30:00,72860.23,72801.33,72871.38,72758.65,402,1780389299.591,BTCUSD_otc
352,2026-06-02 08:35:00,72795.93,72814.39,72844.38,72679.01,397,1780389599.62,BTCUSD_otc
352,2026-06-02 08:40:00,72814.39,72967.89,72990.97,72814.39,390,1780389899.53,BTCUSD_otc
352,2026-06-02 08:45:00,72972.97,73095.55,73172.8,72972.97,395,1780390199.518,BTCUSD_otc
352,2026-06-02 08:50:00,73095.55,73249.23,73260.67,73084.65,405,1780390499.888,BTCUSD_otc
352,2026-06-02 08:55:00,73249.23,73277.58,73354.75,73242.04,409,1780390799.938,BTCUSD_otc
352,2026-06-02 09:00:00,73277.58,73266.58,73334.71,73211.27,388,1780391099.353,BTCUSD_otc
352,2026-06-02 09:05:00,73277.49,73294.58,73317.82,73219.5,414,1780391399.882,BTCUSD_otc
352,2026-06-02 09:10:00,73294.58,73421.81,73449.89,73271.82,397,1780391699.738,BTCUSD_otc
352,2026-06-02 09:15:00,73421.81,73524.88,73557.06,73397.95,386,1780391999.206,BTCUSD_otc
352,2026-06-02 09:20:00,73527.58,73346.28,73536.84,73316.76,402,1780392299.674,BTCUSD_otc
352,2026-06-02 09:25:00,73346.28,73333.69,73362.61,73279.46,399,1780392599.687,BTCUSD_otc
352,2026-06-02 09:30:00,73333.69,73462.31,73475.4,73302.34,387,1780392898.609,BTCUSD_otc
352,2026-06-02 09:35:00,73462.31,73596.89,73596.89,73397.62,403,1780393199.621,BTCUSD_otc
352,2026-06-02 09:40:00,73599.18,73724.94,73762.83,73559.06,418,1780393499.555,BTCUSD_otc
352,2026-06-02 09:45:00,73724.94,73737.19,73846.08,73688.45,403,1780393799.587,BTCUSD_otc
352,2026-06-02 09:50:00,73737.19,73928.16,73928.16,73699.44,377,1780394099.542,BTCUSD_otc
352,2026-06-02 09:55:00,73928.16,73847.15,73977.43,73828.6,410,1780394398.56,BTCUSD_otc
352,2026-06-02 10:00:00,73847.15,73926.38,73960.82,73805.18,394,1780394699.493,BTCUSD_otc
352,2026-06-02 10:05:00,73926.38,73938.53,74074.03,73903.13,413,1780394999.5,BTCUSD_otc
352,2026-06-02 10:10:00,73938.53,73949.11,74044.69,73935.18,386,1780395299.438,BTCUSD_otc
352,2026-06-02 10:15:00,73949.11,74092.86,74102.48,73904.45,392,1780395599.417,BTCUSD_otc
352,2026-06-02 10:20:00,74092.86,74206.55,74240.59,74061.5,383,1780395898.891,BTCUSD_otc
352,2026-06-02 10:25:00,74206.55,74102.94,74244.28,74101.26,367,1780396198.85,BTCUSD_otc
352,2026-06-02 10:30:00,74102.94,74121.36,74166.74,74043.08,403,1780396499.745,BTCUSD_otc
352,2026-06-02 10:35:00,74125.11,74044.9,74182.05,74044.88,412,1780396799.782,BTCUSD_otc
352,2026-06-02 10:40:00,74044.9,74005.0,74067.54,73849.82,402,1780397099.747,BTCUSD_otc
352,2026-06-02 10:45:00,74003.18,74079.34,74084.81,73944.33,390,1780397399.752,BTCUSD_otc
352,2026-06-02 10:50:00,74079.34,74163.28,74182.76,74043.17,394,1780397699.791,BTCUSD_otc
352,2026-06-02 10:55:00,74163.28,74322.35,74331.28,74151.0,382,1780397999.191,BTCUSD_otc
352,2026-06-02 11:00:00,74325.47,74400.05,74400.05,74242.95,414,1780398299.684,BTCUSD_otc
352,2026-06-02 11:05:00,74400.05,74423.44,74489.46,74313.19,413,1780398599.652,BTCUSD_otc
352,2026-06-02 11:10:00,74423.44,74462.14,74551.44,74421.43,400,1780398899.634,BTCUSD_otc
352,2026-06-02 11:15:00,74464.3,74525.06,74528.01,74443.63,376,1780399199.586,BTCUSD_otc
352,2026-06-02 11:20:00,74525.06,74610.79,74619.29,74453.12,401,1780399499.581,BTCUSD_otc
352,2026-06-02 11:25:00,74615.96,74558.48,74643.6,74509.94,381,1780399798.992,BTCUSD_otc
352,2026-06-02 11:30:00,74558.48,74672.09,74672.09,74545.06,396,1780400099.527,BTCUSD_otc
352,2026-06-02 11:35:00,74672.09,74737.75,74772.21,74572.44,401,1780400398.395,BTCUSD_otc
352,2026-06-02 11:40:00,74728.6,74711.86,74780.86,74696.65,401,1780400699.401,BTCUSD_otc
352,2026-06-02 11:45:00,74714.6,74675.98,74820.0,74644.73,396,1780400999.866,BTCUSD_otc
352,2026-06-02 11:50:00,74675.98,74596.92,74689.16,74576.5,401,1780401299.353,BTCUSD_otc
352,2026-06-02 11:55:00,74596.92,74766.69,74770.22,74589.47,393,1780401599.838,BTCUSD_otc
352,2026-06-02 12:00:00,74764.21,74759.1,74844.14,74720.2,400,1780401899.313,BTCUSD_otc
352,2026-06-02 12:05:00,74759.1,74682.62,74822.29,74663.24,400,1780402199.803,BTCUSD_otc
352,2026-06-02 12:10:00,74682.62,74946.84,74946.84,74647.47,405,1780402498.232,BTCUSD_otc
352,2026-06-02 12:15:00,74946.84,74774.07,74964.47,74719.72,396,1780402799.269,BTCUSD_otc
352,2026-06-02 12:20:00,74771.29,74710.24,74846.84,74647.63,388,1780403099.2,BTCUSD_otc
352,2026-06-02 12:25:00,74710.24,74728.45,74764.12,74675.82,403,1780403399.663,BTCUSD_otc
352,2026-06-02 12:30:00,74726.75,74638.9,74735.09,74541.72,400,1780403699.571,BTCUSD_otc
352,2026-06-02 12:35:00,74640.93,74593.34,74643.55,74543.1,391,1780403998.579,BTCUSD_otc
352,2026-06-02 12:40:00,74593.34,74730.64,74740.02,74570.99,409,1780404299.496,BTCUSD_otc
352,2026-06-02 12:45:00,74730.64,74851.48,74935.26,74708.35,388,1780404599.006,BTCUSD_otc
352,2026-06-02 12:50:00,74851.48,74959.04,74966.67,74850.51,386,1780404897.443,BTCUSD_otc
352,2026-06-02 12:55:00,74956.92,75089.42,75115.88,74956.15,397,1780405199.924,BTCUSD_otc
352,2026-06-02 13:00:00,75089.42,75275.95,75324.65,75036.06,393,1780405499.882,BTCUSD_otc
352,2026-06-02 13:05:00,75275.95,75254.92,75359.56,75229.76,395,1780405799.826,BTCUSD_otc
352,2026-06-02 13:10:00,75259.9,75194.03,75298.79,75182.59,410,1780406099.797,BTCUSD_otc
352,2026-06-02 13:15:00,75194.03,75334.81,75420.49,75189.87,403,1780406399.798,BTCUSD_otc
352,2026-06-02 13:20:00,75334.81,75523.02,75535.98,75329.88,394,1780406699.811,BTCUSD_otc
352,2026-06-02 13:25:00,75523.02,75355.98,75528.29,75334.33,414,1780406999.714,BTCUSD_otc
352,2026-06-02 13:30:00,75355.98,75307.97,75439.23,75255.11,406,1780407299.742,BTCUSD_otc
352,2026-06-02 13:35:00,75303.44,75349.58,75380.26,75202.55,384,1780407598.583,BTCUSD_otc
352,2026-06-02 13:40:00,75352.07,75391.62,75391.62,75275.23,397,1780407899.068,BTCUSD_otc
352,2026-06-02 13:45:00,75388.65,75278.4,75410.49,75224.87,387,1780408199.528,BTCUSD_otc
352,2026-06-02 13:50:00,75281.95,75216.93,75331.47,75205.35,396,1780408499.975,BTCUSD_otc
352,2026-06-02 13:55:00,75216.93,75381.87,75384.39,75215.86,397,1780408799.936,BTCUSD_otc
352,2026-06-02 14:00:00,75381.87,75191.83,75401.31,75187.11,376,1780409099.919,BTCUSD_otc
352,2026-06-02 14:05:00,75191.83,75242.64,75307.54,75170.49,382,1780409399.895,BTCUSD_otc
352,2026-06-02 14:10:00,75242.64,75150.45,75257.92,75138.18,401,1780409699.913,BTCUSD_otc
352,2026-06-02 14:15:00,75145.26,74999.36,75145.26,74980.24,402,1780409999.867,BTCUSD_otc
352,2026-06-02 14:20:00,74999.36,74788.29,75005.88,74772.34,407,1780410299.869,BTCUSD_otc
352,2026-06-02 14:25:00,74788.29,74755.38,74836.38,74720.44,380,1780410599.771,BTCUSD_otc
352,2026-06-02 14:30:00,74750.03,74601.7,74777.73,74594.74,396,1780410899.795,BTCUSD_otc
352,2026-06-02 14:35:00,74604.5,74755.63,74841.86,74604.5,409,1780411199.778,BTCUSD_otc
352,2026-06-02 14:40:00,74755.63,74655.02,74759.02,74580.12,418,1780411498.798,BTCUSD_otc
352,2026-06-02 14:45:00,74664.22,74783.08,74808.23,74641.45,400,1780411799.717,BTCUSD_otc
352,2026-06-02 14:50:00,74791.65,74780.28,74812.2,74690.87,408,1780412098.714,BTCUSD_otc
352,2026-06-02 14:55:00,74773.84,74683.74,74791.05,74665.36,394,1780412399.624,BTCUSD_otc
352,2026-06-02 15:00:00,74686.0,74686.31,74730.87,74613.18,411,1780412699.154,BTCUSD_otc
352,2026-06-02 15:05:00,74686.31,74722.48,74753.74,74591.01,399,1780412998.551,BTCUSD_otc
352,2026-06-02 15:10:00,74720.12,74785.72,74854.79,74694.73,406,1780413299.562,BTCUSD_otc
352,2026-06-02 15:15:00,74782.58,74824.17,74858.66,74650.46,393,1780413599.99,BTCUSD_otc
352,2026-06-02 15:20:00,74824.17,74670.69,74883.27,74640.92,399,1780413899.496,BTCUSD_otc
352,2026-06-02 15:25:00,74670.69,74783.44,74797.38,74648.36,393,1780414199.886,BTCUSD_otc
352,2026-06-02 15:30:00,74783.44,74684.85,74800.29,74667.17,399,1780414499.905,BTCUSD_otc
352,2026-06-02 15:35:00,74684.85,74575.82,74716.31,74502.28,395,1780414799.84,BTCUSD_otc
352,2026-06-02 15:40:00,74569.76,74458.28,74577.87,74425.05,401,1780415099.88,BTCUSD_otc
352,2026-06-02 15:45:00,74455.51,74541.83,74637.91,74444.14,395,1780415399.723,BTCUSD_otc
352,2026-06-02 15:50:00,74541.83,74407.37,74571.2,74405.46,402,1780415699.151,BTCUSD_otc
352,2026-06-02 15:55:00,74407.37,74188.16,74407.37,74188.16,387,1780415999.607,BTCUSD_otc
352,2026-06-02 16:00:00,74188.16,74273.13,74333.23,74119.3,416,1780416299.587,BTCUSD_otc
352,2026-06-02 16:05:00,74273.13,74294.23,74330.74,74238.83,407,1780416599.591,BTCUSD_otc
352,2026-06-02 16:10:00,74290.01,74296.91,74337.81,74247.32,378,1780416897.541,BTCUSD_otc
352,2026-06-02 16:15:00,74292.33,74195.3,74315.27,74167.4,391,1780417199.553,BTCUSD_otc
352,2026-06-02 16:20:00,74197.72,74012.5,74215.83,73999.06,400,1780417499.523,BTCUSD_otc
352,2026-06-02 16:25:00,74022.24,73971.17,74085.18,73919.73,407,1780417799.505,BTCUSD_otc
352,2026-06-02 16:30:00,73971.17,74135.35,74160.69,73962.04,370,1780418099.561,BTCUSD_otc
352,2026-06-02 16:35:00,74138.87,74105.98,74162.73,74036.58,419,1780418399.466,BTCUSD_otc
352,2026-06-02 16:40:00,74105.98,74246.45,74248.54,74104.23,395,1780418699.967,BTCUSD_otc
352,2026-06-02 16:45:00,74246.45,74344.01,74381.59,74229.13,398,1780418998.93,BTCUSD_otc
352,2026-06-02 16:50:00,74344.01,74243.96,74348.67,74240.36,396,1780419299.438,BTCUSD_otc
352,2026-06-02 16:55:00,74243.96,74154.4,74278.42,74138.09,409,1780419599.872,BTCUSD_otc
352,2026-06-02 17:00:00,74154.4,74169.5,74267.2,74122.52,408,1780419899.887,BTCUSD_otc
352,2026-06-02 17:05:00,74169.5,73888.61,74169.5,73866.26,406,1780420199.878,BTCUSD_otc
352,2026-06-02 17:10:00,73888.61,73890.32,73918.13,73749.99,406,1780420499.302,BTCUSD_otc
352,2026-06-02 17:15:00,73890.32,73801.53,73919.48,73737.19,404,1780420799.229,BTCUSD_otc
352,2026-06-02 17:20:00,73799.65,73827.42,73846.49,73673.58,394,1780421099.724,BTCUSD_otc
352,2026-06-02 17:25:00,73827.42,73945.88,73982.26,73751.04,410,1780421399.705,BTCUSD_otc
352,2026-06-02 17:30:00,73945.88,73745.0,73966.71,73684.84,389,1780421699.646,BTCUSD_otc
352,2026-06-02 17:35:00,73747.13,73866.7,73869.95,73725.63,402,1780421999.103,BTCUSD_otc
352,2026-06-02 17:40:00,73866.7,73825.61,73906.14,73797.56,384,1780422299.594,BTCUSD_otc
352,2026-06-02 17:45:00,73834.62,73799.44,73850.51,73687.13,405,1780422599.588,BTCUSD_otc
352,2026-06-02 17:50:00,73801.77,74165.04,74167.64,73796.82,402,1780422899.589,BTCUSD_otc
352,2026-06-02 17:55:00,74165.04,74379.7,74423.52,74107.84,413,1780423199.622,BTCUSD_otc
352,2026-06-02 18:00:00,74382.01,74377.51,74455.74,74322.77,395,1780423499.514,BTCUSD_otc
352,2026-06-02 18:05:00,74377.51,74188.97,74377.51,74174.31,384,1780423799.519,BTCUSD_otc
352,2026-06-02 18:10:00,74213.76,74251.22,74301.18,74139.96,418,1780424099.932,BTCUSD_otc
352,2026-06-02 18:15:00,74251.22,74322.15,74326.27,74150.02,404,1780424399.908,BTCUSD_otc
352,2026-06-02 18:20:00,74325.15,74484.94,74503.71,74307.35,402,1780424699.876,BTCUSD_otc
352,2026-06-02 18:25:00,74484.94,74595.52,74619.99,74424.24,393,1780424999.914,BTCUSD_otc
352,2026-06-02 18:30:00,74590.63,74627.64,74709.85,74566.59,395,1780425299.822,BTCUSD_otc
352,2026-06-02 18:35:00,74627.64,74449.59,74652.67,74416.01,385,1780425599.359,BTCUSD_otc
352,2026-06-02 18:40:00,74449.59,74515.82,74580.36,74391.49,408,1780425899.739,BTCUSD_otc
352,2026-06-02 18:45:00,74513.17,74496.66,74539.72,74404.53,398,1780426198.235,BTCUSD_otc
352,2026-06-02 18:50:00,74496.66,74519.68,74598.02,74484.5,398,1780426499.665,BTCUSD_otc
352,2026-06-02 18:55:00,74519.68,74514.9,74574.81,74424.58,390,1780426798.641,BTCUSD_otc
352,2026-06-02 19:00:00,74519.81,74434.64,74554.42,74411.32,383,1780427099.516,BTCUSD_otc
352,2026-06-02 19:05:00,74440.94,74452.12,74530.09,74382.15,414,1780427399.985,BTCUSD_otc
352,2026-06-02 19:10:00,74452.12,74723.6,74739.56,74447.4,376,1780427699.932,BTCUSD_otc
352,2026-06-02 19:15:00,74723.6,74791.11,74824.97,74706.48,372,1780427999.38,BTCUSD_otc
352,2026-06-02 19:20:00,74791.11,74655.86,74851.24,74567.58,409,1780428299.824,BTCUSD_otc
352,2026-06-02 19:25:00,74655.86,74605.88,74695.4,74534.08,387,1780428599.801,BTCUSD_otc
352,2026-06-02 19:30:00,74605.88,74449.75,74605.88,74420.67,412,1780428899.759,BTCUSD_otc
352,2026-06-02 19:35:00,74449.75,74272.53,74457.31,74158.27,395,1780429199.694,BTCUSD_otc
352,2026-06-02 19:40:00,74269.88,74336.41,74357.22,74239.04,395,1780429499.713,BTCUSD_otc
352,2026-06-02 19:45:00,74336.41,74372.45,74487.37,74303.14,403,1780429799.163,BTCUSD_otc
352,2026-06-02 19:50:00,74372.45,74245.34,74445.49,74245.34,423,1780430099.626,BTCUSD_otc
352,2026-06-02 19:55:00,74258.91,74299.61,74323.61,74222.59,400,1780430399.551,BTCUSD_otc
352,2026-06-02 20:00:00,74291.9,74244.26,74295.61,74167.79,366,1780430699.54,BTCUSD_otc
352,2026-06-02 20:05:00,74241.01,74170.96,74346.14,74156.29,389,1780430999.962,BTCUSD_otc
352,2026-06-02 20:10:00,74170.96,74147.51,74181.16,74064.08,418,1780431299.975,BTCUSD_otc
352,2026-06-02 20:15:00,74147.51,74025.34,74157.36,73984.52,401,1780431599.896,BTCUSD_otc
352,2026-06-02 20:20:00,74025.34,74082.33,74136.84,73997.32,402,1780431899.905,BTCUSD_otc
352,2026-06-02 20:25:00,74082.33,74050.7,74160.62,74049.01,394,1780432199.837,BTCUSD_otc
352,2026-06-02 20:30:00,74050.7,74216.94,74279.79,74050.7,402,1780432499.817,BTCUSD_otc
352,2026-06-02 20:35:00,74216.94,74250.47,74313.16,74162.7,408,1780432799.209,BTCUSD_otc
352,2026-06-02 20:40:00,74250.47,74181.03,74279.11,74108.95,401,1780433099.709,BTCUSD_otc
352,2026-06-02 20:45:00,74185.47,74211.65,74219.41,74097.29,386,1780433399.586,BTCUSD_otc
352,2026-06-02 20:50:00,74209.32,74270.06,74369.24,74197.98,380,1780433699.598,BTCUSD_otc
352,2026-06-02 20:55:00,74272.4,74169.91,74346.32,74044.48,401,1780433999.98,BTCUSD_otc
352,2026-06-02 21:00:00,74169.91,74320.14,74348.43,74147.73,384,1780434299.498,BTCUSD_otc
352,2026-06-02 21:05:00,74332.91,74287.85,74397.53,74241.69,417,1780434599.92,BTCUSD_otc
352,2026-06-02 21:10:00,74287.85,74097.26,74313.82,74074.83,396,1780434899.913,BTCUSD_otc
352,2026-06-02 21:15:00,74097.26,74236.13,74256.62,74049.66,403,1780435199.863,BTCUSD_otc
352,2026-06-02 21:20:00,74239.42,74119.07,74239.42,74069.87,402,1780435499.827,BTCUSD_otc
352,2026-06-02 21:25:00,74119.07,74146.43,74215.08,74025.93,414,1780435799.779,BTCUSD_otc
352,2026-06-02 21:30:00,74146.43,74100.13,74177.93,74021.48,389,1780436099.714,BTCUSD_otc
352,2026-06-02 21:35:00,74100.13,74199.8,74234.95,74092.45,387,1780436398.66,BTCUSD_otc
352,2026-06-02 21:40:00,74196.76,74336.1,74370.87,74196.76,410,1780436697.647,BTCUSD_otc
352,2026-06-02 21:45:00,74339.76,74650.69,74650.69,74339.76,403,1780436999.624,BTCUSD_otc
352,2026-06-02 21:50:00,74650.69,74677.1,74739.87,74621.24,385,1780437299.041,BTCUSD_otc
352,2026-06-02 21:55:00,74681.66,74871.07,74889.41,74657.15,400,1780437599.995,BTCUSD_otc
352,2026-06-02 22:00:00,74866.39,74854.48,74940.99,74817.8,390,1780437899.954,BTCUSD_otc
352,2026-06-02 22:05:00,74854.48,74671.02,74859.31,74669.53,426,1780438199.923,BTCUSD_otc
352,2026-06-02 22:10:00,74671.02,74437.9,74732.91,74404.55,413,1780438499.876,BTCUSD_otc
352,2026-06-02 22:15:00,74437.9,74449.59,74529.57,74419.84,400,1780438799.787,BTCUSD_otc
352,2026-06-02 22:20:00,74449.59,74329.64,74479.2,74286.47,389,1780439099.764,BTCUSD_otc
352,2026-06-02 22:25:00,74329.64,74293.74,74373.48,74232.83,382,1780439399.627,BTCUSD_otc
352,2026-06-02 22:30:00,74290.91,74442.1,74520.51,74276.7,414,1780439699.652,BTCUSD_otc
352,2026-06-02 22:35:00,74442.1,74397.36,74542.78,74373.36,395,1780439999.546,BTCUSD_otc
352,2026-06-02 22:40:00,74392.24,74337.64,74431.45,74314.14,398,1780440299.549,BTCUSD_otc
352,2026-06-02 22:45:00,74337.64,74188.76,74373.79,74188.76,398,1780440599.951,BTCUSD_otc
352,2026-06-02 22:50:00,74190.49,74254.43,74276.67,74145.53,398,1780440899.881,BTCUSD_otc
352,2026-06-02 22:55:00,74256.78,74313.58,74372.71,74222.26,399,1780441199.845,BTCUSD_otc
352,2026-06-02 23:00:00,74313.58,74130.61,74338.83,74130.61,395,1780441499.804,BTCUSD_otc
352,2026-06-02 23:05:00,74138.59,74091.05,74161.25,74018.9,397,1780441799.748,BTCUSD_otc
352,2026-06-02 23:10:00,74091.05,74303.42,74306.27,74083.51,374,1780442099.704,BTCUSD_otc
352,2026-06-02 23:15:00,74303.42,74392.8,74446.72,74299.48,397,1780442399.137,BTCUSD_otc
352,2026-06-02 23:20:00,74392.8,74442.58,74501.48,74379.9,383,1780442699.541,BTCUSD_otc
352,2026-06-02 23:25:00,74442.58,74378.5,74521.21,74317.24,427,1780442999.558,BTCUSD_otc
352,2026-06-02 23:30:00,74378.5,74446.19,74452.2,74327.06,424,1780443299.494,BTCUSD_otc
352,2026-06-02 23:35:00,74446.19,74619.76,74622.1,74371.53,398,1780443599.952,BTCUSD_otc
352,2026-06-02 23:40:00,74619.76,74724.03,74764.68,74594.75,409,1780443899.904,BTCUSD_otc
352,2026-06-02 23:45:00,74724.03,74628.0,74742.34,74527.86,388,1780444199.861,BTCUSD_otc
352,2026-06-02 23:50:00,74628.0,74506.79,74660.1,74502.79,404,1780444499.217,BTCUSD_otc
352,2026-06-02 23:55:00,74499.83,74642.33,74642.33,74430.57,395,1780444799.224,BTCUSD_otc
352,2026-06-03 00:00:00,74639.37,74640.99,74650.12,74542.04,395,1780445099.147,BTCUSD_otc
352,2026-06-03 00:05:00,74650.19,74834.0,74841.78,74613.91,386,1780445399.662,BTCUSD_otc
352,2026-06-03 00:10:00,74834.0,74892.37,74943.36,74776.66,404,1780445698.572,BTCUSD_otc
352,2026-06-03 00:15:00,74892.37,74813.06,74931.74,74752.11,407,1780445999.081,BTCUSD_otc
352,2026-06-03 00:20:00,74815.97,74876.17,74916.87,74799.17,375,1780446299.97,BTCUSD_otc
352,2026-06-03 00:25:00,74874.29,75029.95,75055.53,74867.42,384,1780446599.955,BTCUSD_otc
352,2026-06-03 00:30:00,75029.95,75001.32,75068.51,74964.51,384,1780446899.839,BTCUSD_otc
352,2026-06-03 00:35:00,75004.44,74951.96,75032.51,74942.09,402,1780447199.3,BTCUSD_otc
352,2026-06-03 00:40:00,74951.96,75176.54,75221.7,74928.95,400,1780447499.734,BTCUSD_otc
352,2026-06-03 00:45:00,75176.54,75093.26,75226.67,74997.69,396,1780447799.711,BTCUSD_otc
352,2026-06-03 00:50:00,75096.7,75334.17,75337.04,75028.5,408,1780448099.655,BTCUSD_otc
352,2026-06-03 00:55:00,75332.25,75378.95,75387.43,75267.06,402,1780448399.63,BTCUSD_otc
352,2026-06-03 01:00:00,75370.02,75330.54,75433.96,75300.95,397,1780448699.033,BTCUSD_otc
352,2026-06-03 01:05:00,75328.15,75195.2,75347.78,75195.2,397,1780448998.549,BTCUSD_otc
352,2026-06-03 01:10:00,75195.2,75261.15,75324.05,75141.45,408,1780449298.931,BTCUSD_otc
352,2026-06-03 01:15:00,75254.32,75173.97,75355.0,75137.64,391,1780449599.912,BTCUSD_otc
352,2026-06-03 01:20:00,75173.97,75161.06,75215.73,75115.06,387,1780449899.336,BTCUSD_otc
352,2026-06-03 01:25:00,75161.06,75130.56,75233.02,75047.31,384,1780450199.791,BTCUSD_otc
352,2026-06-03 01:30:00,75130.56,75363.23,75381.17,75075.48,408,1780450499.239,BTCUSD_otc
352,2026-06-03 01:35:00,75369.85,75252.41,75406.45,75252.41,392,1780450799.136,BTCUSD_otc
352,2026-06-03 01:40:00,75249.91,75193.62,75252.75,75143.49,386,1780451097.619,BTCUSD_otc
352,2026-06-03 01:45:00,75191.46,75198.76,75222.62,75098.29,406,1780451399.566,BTCUSD_otc
352,2026-06-03 01:50:00,75193.43,75221.95,75238.84,75124.46,410,1780451699.562,BTCUSD_otc
352,2026-06-03 01:55:00,75221.95,66622.96,75249.49,66581.19,397,1780451999.562,BTCUSD_otc
352,2026-06-03 02:00:00,66622.96,66690.88,66761.0,66622.96,377,1780452298.469,BTCUSD_otc
352,2026-06-03 02:05:00,66690.88,66618.9,66801.3,66611.16,408,1780452599.915,BTCUSD_otc
352,2026-06-03 02:10:00,66615.64,66773.38,66811.67,66548.63,421,1780452899.315,BTCUSD_otc
352,2026-06-03 02:15:00,66773.38,66781.51,66886.39,66723.6,393,1780453199.235,BTCUSD_otc
352,2026-06-03 02:20:00,66800.62,66711.06,66905.27,66666.51,395,1780453499.779,BTCUSD_otc
352,2026-06-03 02:25:00,66715.36,66591.1,66763.0,66516.37,401,1780453799.685,BTCUSD_otc
352,2026-06-03 02:30:00,66591.1,66443.25,66591.1,66375.81,409,1780454097.674,BTCUSD_otc
352,2026-06-03 02:35:00,66443.25,66585.53,66622.03,66415.09,386,1780454399.614,BTCUSD_otc
352,2026-06-03 02:40:00,66587.9,66682.28,66692.21,66577.71,393,1780454698.099,BTCUSD_otc
352,2026-06-03 02:45:00,66682.28,66804.09,66909.29,66664.27,408,1780454998.038,BTCUSD_otc
352,2026-06-03 02:50:00,66804.09,66813.35,66854.82,66729.7,396,1780455299.561,BTCUSD_otc
352,2026-06-03 02:55:00,66813.35,66978.51,67011.96,66808.73,390,1780455599.05,BTCUSD_otc
352,2026-06-03 03:00:00,66974.25,67192.87,67207.12,66964.83,389,1780455899.989,BTCUSD_otc
352,2026-06-03 03:05:00,67192.87,67318.11,67376.77,67160.6,394,1780456199.406,BTCUSD_otc
352,2026-06-03 03:10:00,67318.11,67208.1,67345.03,67203.85,373,1780456499.392,BTCUSD_otc
352,2026-06-03 03:15:00,67208.1,67421.24,67440.63,67161.54,392,1780456798.89,BTCUSD_otc
352,2026-06-03 03:20:00,67424.2,67273.68,67424.2,67230.18,405,1780457099.884,BTCUSD_otc
352,2026-06-03 03:25:00,67273.68,67317.87,67369.09,67173.8,410,1780457399.371,BTCUSD_otc
352,2026-06-03 03:30:00,67317.87,67378.39,67411.24,67289.06,399,1780457699.748,BTCUSD_otc
352,2026-06-03 03:35:00,67376.54,67275.13,67380.22,67246.16,391,1780457999.254,BTCUSD_otc
352,2026-06-03 03:40:00,67275.13,67392.12,67430.38,67154.69,378,1780458299.658,BTCUSD_otc
352,2026-06-03 03:45:00,67392.12,67384.72,67514.13,67367.02,400,1780458599.709,BTCUSD_otc
352,2026-06-03 03:50:00,67371.62,67204.67,67414.38,67195.76,398,1780458898.695,BTCUSD_otc
352,2026-06-03 03:55:00,67204.67,67259.82,67262.8,67022.65,387,1780459199.66,BTCUSD_otc
352,2026-06-03 04:00:00,67252.73,67235.02,67259.72,67157.8,396,1780459499.603,BTCUSD_otc
352,2026-06-03 04:05:00,67232.19,67339.78,67359.62,67189.07,391,1780459799.556,BTCUSD_otc
352,2026-06-03 04:10:00,67343.3,67311.8,67371.78,67277.82,410,1780460099.961,BTCUSD_otc
352,2026-06-03 04:15:00,67311.8,67448.29,67461.64,67308.82,416,1780460399.972,BTCUSD_otc
352,2026-06-03 04:20:00,67448.29,67406.45,67522.3,67396.08,421,1780460698.893,BTCUSD_otc
352,2026-06-03 04:25:00,67403.3,67362.57,67433.56,67260.2,401,1780460999.4,BTCUSD_otc
352,2026-06-03 04:30:00,67362.57,67369.68,67435.0,67286.24,391,1780461298.319,BTCUSD_otc
352,2026-06-03 04:35:00,67369.68,67299.35,67433.5,67278.01,399,1780461599.781,BTCUSD_otc
352,2026-06-03 04:40:00,67304.57,67297.35,67348.11,67249.12,410,1780461899.649,BTCUSD_otc
352,2026-06-03 04:45:00,67289.85,67278.94,67371.36,67278.93,406,1780462198.659,BTCUSD_otc
352,2026-06-03 04:50:00,67278.94,67283.28,67322.07,67177.06,396,1780462499.118,BTCUSD_otc
352,2026-06-03 04:55:00,67283.28,67426.86,67426.86,67224.99,402,1780462799.621,BTCUSD_otc
352,2026-06-03 05:00:00,67426.86,67641.09,67646.37,67419.79,393,1780463099.554,BTCUSD_otc
352,2026-06-03 05:05:00,67641.09,67504.88,67678.16,67444.53,404,1780463399.514,BTCUSD_otc
352,2026-06-03 05:10:00,67501.0,67441.43,67549.54,67427.06,399,1780463699.925,BTCUSD_otc
352,2026-06-03 05:15:00,67441.43,67630.31,67669.71,67335.64,408,1780463999.952,BTCUSD_otc
352,2026-06-03 05:20:00,67626.66,67544.6,67665.52,67468.48,383,1780464299.916,BTCUSD_otc
352,2026-06-03 05:25:00,67544.6,67572.93,67653.56,67470.76,408,1780464599.944,BTCUSD_otc
352,2026-06-03 05:30:00,67572.93,67627.6,67680.17,67572.93,427,1780464899.249,BTCUSD_otc
352,2026-06-03 05:35:00,67627.6,67788.44,67835.28,67623.46,388,1780465199.692,BTCUSD_otc
352,2026-06-03 05:40:00,67788.44,67669.14,67818.42,67665.61,396,1780465498.688,BTCUSD_otc
352,2026-06-03 05:45:00,67669.14,67772.94,67813.69,67658.26,399,1780465799.173,BTCUSD_otc
352,2026-06-03 05:50:00,67777.38,67734.17,67777.87,67677.85,407,1780466099.647,BTCUSD_otc
352,2026-06-03 05:55:00,67737.15,67911.03,67958.86,67728.59,390,1780466399.628,BTCUSD_otc
352,2026-06-03 06:00:00,67899.49,67832.6,67899.49,67764.0,384,1780466697.592,BTCUSD_otc
352,2026-06-03 06:05:00,67832.6,67694.88,67896.61,67617.97,388,1780466999.103,BTCUSD_otc
352,2026-06-03 06:10:00,67696.97,67606.29,67741.89,67580.27,387,1780467298.541,BTCUSD_otc
352,2026-06-03 06:15:00,67606.29,67645.37,67654.97,67542.08,388,1780467599.533,BTCUSD_otc
352,2026-06-03 06:20:00,67645.37,67729.93,67743.15,67614.65,398,1780467899.983,BTCUSD_otc
352,2026-06-03 06:25:00,67729.93,67877.75,67877.75,67718.4,385,1780468198.966,BTCUSD_otc
352,2026-06-03 06:30:00,67880.09,67967.92,68014.39,67880.09,399,1780468499.417,BTCUSD_otc
352,2026-06-03 06:35:00,67967.92,68113.35,68113.35,67892.22,403,1780468799.888,BTCUSD_otc
352,2026-06-03 06:40:00,68113.35,68310.13,68340.72,68111.81,415,1780469099.836,BTCUSD_otc
352,2026-06-03 06:45:00,68315.2,68338.47,68344.16,68221.67,421,1780469399.821,BTCUSD_otc
352,2026-06-03 06:50:00,68338.47,68400.3,68451.78,68304.49,384,1780469699.811,BTCUSD_otc
352,2026-06-03 06:55:00,68400.3,68449.95,68520.98,68390.42,393,1780469999.849,BTCUSD_otc
352,2026-06-03 07:00:00,68449.95,68389.35,68522.67,68356.78,376,1780470298.282,BTCUSD_otc
352,2026-06-03 07:05:00,68383.23,68551.01,68551.01,68322.57,407,1780470599.805,BTCUSD_otc
352,2026-06-03 07:10:00,68551.01,68558.76,68638.29,68522.69,399,1780470899.284,BTCUSD_otc
352,2026-06-03 07:15:00,68558.76,68504.38,68565.82,68459.16,402,1780471199.742,BTCUSD_otc
352,2026-06-03 07:20:00,68504.38,68562.96,68591.89,68410.1,387,1780471499.694,BTCUSD_otc
352,2026-06-03 07:25:00,68562.96,68485.78,68575.65,68452.33,390,1780471799.684,BTCUSD_otc
352,2026-06-03 07:30:00,68476.16,68505.31,68518.87,68368.63,396,1780472099.664,BTCUSD_otc
352,2026-06-03 07:35:00,68502.33,68508.22,68536.27,68462.0,408,1780472399.621,BTCUSD_otc
352,2026-06-03 07:40:00,68508.22,68696.17,68703.28,68498.22,385,1780472699.605,BTCUSD_otc
352,2026-06-03 07:45:00,68699.05,68663.32,68711.18,68605.22,397,1780472999.555,BTCUSD_otc
352,2026-06-03 07:50:00,68663.32,68633.47,68699.35,68583.7,391,1780473299.542,BTCUSD_otc
352,2026-06-03 07:55:00,68633.47,68613.76,68694.15,68540.85,397,1780473599.038,BTCUSD_otc
352,2026-06-03 08:00:00,68619.92,68464.15,68631.0,68410.39,408,1780473899.555,BTCUSD_otc
352,2026-06-03 08:05:00,68469.76,68614.22,68655.89,68456.6,386,1780474199.508,BTCUSD_otc
352,2026-06-03 08:10:00,68614.22,68682.84,68733.94,68592.8,426,1780474498.995,BTCUSD_otc
352,2026-06-03 08:15:00,68680.7,68646.23,68724.8,68594.23,413,1780474799.87,BTCUSD_otc
352,2026-06-03 08:20:00,68646.23,68775.87,68781.68,68646.23,392,1780475099.39,BTCUSD_otc
352,2026-06-03 08:25:00,68775.87,68865.11,68909.37,68747.98,412,1780475399.877,BTCUSD_otc
352,2026-06-03 08:30:00,68858.08,69064.17,69074.94,68846.49,385,1780475699.887,BTCUSD_otc
352,2026-06-03 08:35:00,69064.17,68905.34,69064.17,68868.26,383,1780475999.782,BTCUSD_otc
352,2026-06-03 08:40:00,68905.34,68882.45,68988.34,68826.38,401,1780476299.318,BTCUSD_otc
352,2026-06-03 08:45:00,68882.45,68914.73,68945.1,68832.06,395,1780476599.784,BTCUSD_otc
352,2026-06-03 08:50:00,68914.73,69144.58,69149.86,68901.35,422,1780476898.775,BTCUSD_otc
352,2026-06-03 08:55:00,69144.58,69129.64,69158.11,68992.42,392,1780477198.735,BTCUSD_otc
352,2026-06-03 09:00:00,69129.64,69018.41,69206.72,68988.41,402,1780477499.718,BTCUSD_otc
352,2026-06-03 09:05:00,69018.41,68988.25,69083.74,68917.58,419,1780477799.645,BTCUSD_otc
352,2026-06-03 09:10:00,68988.25,69136.47,69136.96,68977.36,402,1780478098.619,BTCUSD_otc
352,2026-06-03 09:15:00,69134.63,69143.51,69165.43,69082.35,392,1780478399.554,BTCUSD_otc
352,2026-06-03 09:20:00,69140.77,69195.97,69249.58,69117.98,405,1780478699.587,BTCUSD_otc
352,2026-06-03 09:25:00,69195.97,69398.42,69405.93,69195.97,403,1780478999.595,BTCUSD_otc
352,2026-06-03 09:30:00,69394.4,69610.78,69613.11,69342.38,385,1780479299.029,BTCUSD_otc
352,2026-06-03 09:35:00,69610.78,69480.08,69662.69,69433.23,386,1780479599.989,BTCUSD_otc
352,2026-06-03 09:40:00,69477.65,69622.95,69639.71,69450.69,405,1780479899.94,BTCUSD_otc
352,2026-06-03 09:45:00,69622.95,69804.96,69822.69,69608.88,401,1780480199.455,BTCUSD_otc
352,2026-06-03 09:50:00,69804.96,69749.41,69878.28,69726.15,400,1780480499.444,BTCUSD_otc
352,2026-06-03 09:55:00,69749.41,69689.45,69769.15,69680.63,393,1780480799.973,BTCUSD_otc
352,2026-06-03 10:00:00,69689.45,69551.44,69689.45,69465.05,398,1780481099.436,BTCUSD_otc
352,2026-06-03 10:05:00,69551.44,69579.56,69594.94,69455.98,412,1780481398.917,BTCUSD_otc
352,2026-06-03 10:10:00,69579.56,69644.9,69717.25,69548.68,406,1780481699.809,BTCUSD_otc
352,2026-06-03 10:15:00,69644.9,69484.37,69644.9,69484.37,413,1780481999.839,BTCUSD_otc
352,2026-06-03 10:20:00,69484.37,69535.86,69636.16,69468.82,405,1780482298.261,BTCUSD_otc
352,2026-06-03 10:25:00,69539.39,69622.98,69660.32,69518.6,415,1780482599.794,BTCUSD_otc
352,2026-06-03 10:30:00,69625.43,69867.57,69883.04,69619.89,408,1780482899.649,BTCUSD_otc
352,2026-06-03 10:35:00,69867.57,69657.87,69887.24,69628.39,397,1780483199.707,BTCUSD_otc
352,2026-06-03 10:40:00,69657.87,69605.95,69690.87,69558.2,396,1780483499.599,BTCUSD_otc
352,2026-06-03 10:45:00,69605.95,69522.28,69664.8,69519.55,403,1780483799.642,BTCUSD_otc
352,2026-06-03 10:50:00,69522.28,69481.44,69572.59,69417.84,392,1780484099.026,BTCUSD_otc
352,2026-06-03 10:55:00,69481.44,69537.72,69552.67,69403.02,400,1780484399.576,BTCUSD_otc
352,2026-06-03 11:00:00,69534.87,69506.3,69555.6,69442.17,409,1780484698.438,BTCUSD_otc
352,2026-06-03 11:05:00,69506.3,69692.63,69703.57,69444.81,396,1780484999.997,BTCUSD_otc
352,2026-06-03 11:10:00,69692.63,69495.81,69722.15,69475.57,392,1780485299.905,BTCUSD_otc
352,2026-06-03 11:15:00,69497.66,69416.76,69573.78,69376.54,394,1780485599.942,BTCUSD_otc
352,2026-06-03 11:20:00,69416.76,69527.92,69562.14,69377.82,396,1780485898.835,BTCUSD_otc
352,2026-06-03 11:25:00,69527.92,69385.45,69624.71,69381.57,398,1780486198.849,BTCUSD_otc
352,2026-06-03 11:30:00,69385.45,69399.78,69452.08,69304.03,401,1780486499.265,BTCUSD_otc
352,2026-06-03 11:35:00,69396.74,69296.8,69404.18,69263.61,406,1780486799.802,BTCUSD_otc
352,2026-06-03 11:40:00,69296.8,69505.47,69508.55,69281.83,400,1780487099.728,BTCUSD_otc
352,2026-06-03 11:45:00,69503.34,69621.77,69680.95,69483.77,389,1780487399.272,BTCUSD_otc
352,2026-06-03 11:50:00,69619.59,69629.0,69651.38,69528.89,413,1780487699.679,BTCUSD_otc
352,2026-06-03 11:55:00,69629.0,69602.28,69656.58,69519.12,400,1780487999.18,BTCUSD_otc
352,2026-06-03 12:00:00,69592.9,69806.79,69851.95,69553.02,392,1780488299.601,BTCUSD_otc
352,2026-06-03 12:05:00,69801.45,69820.81,69854.43,69738.99,401,1780488599.613,BTCUSD_otc
352,2026-06-03 12:10:00,69820.81,69749.83,69916.17,69749.83,403,1780488899.508,BTCUSD_otc
352,2026-06-03 12:15:00,69752.17,69762.23,69830.13,69738.09,383,1780489198.518,BTCUSD_otc
352,2026-06-03 12:20:00,69765.86,69607.19,69834.92,69592.6,410,1780489499.938,BTCUSD_otc
352,2026-06-03 12:25:00,69607.19,69669.77,69701.45,69607.19,383,1780489799.966,BTCUSD_otc
352,2026-06-03 12:30:00,69669.77,69604.73,69693.5,69565.28,409,1780490099.927,BTCUSD_otc
352,2026-06-03 12:35:00,69604.73,69561.44,69633.31,69482.34,390,1780490399.935,BTCUSD_otc
352,2026-06-03 12:40:00,69565.13,69525.38,69662.78,69509.14,387,1780490699.878,BTCUSD_otc
352,2026-06-03 12:45:00,69525.38,69362.01,69525.38,69312.58,383,1780490999.416,BTCUSD_otc
352,2026-06-03 12:50:00,69362.01,69423.8,69440.97,69340.46,376,1780491299.35,BTCUSD_otc
352,2026-06-03 12:55:00,69409.65,69415.9,69415.9,69266.76,408,1780491599.886,BTCUSD_otc
352,2026-06-03 13:00:00,69406.64,69477.18,69512.41,69356.12,406,1780491899.881,BTCUSD_otc
352,2026-06-03 13:05:00,69477.18,69445.38,69530.77,69420.92,398,1780492199.882,BTCUSD_otc
352,2026-06-03 13:10:00,69445.38,69523.56,69551.85,69393.46,395,1780492499.912,BTCUSD_otc
352,2026-06-03 13:15:00,69523.56,69589.14,69704.8,69500.37,400,1780492799.323,BTCUSD_otc
352,2026-06-03 13:20:00,69589.14,69749.16,69762.85,69563.09,423,1780493099.837,BTCUSD_otc
352,2026-06-03 13:25:00,69749.16,69589.52,69756.55,69487.39,390,1780493399.81,BTCUSD_otc
352,2026-06-03 13:30:00,69589.52,69454.98,69627.87,69349.75,389,1780493699.817,BTCUSD_otc
352,2026-06-03 13:35:00,69452.42,69347.08,69485.38,69313.96,386,1780493999.278,BTCUSD_otc
352,2026-06-03 13:40:00,69347.08,69258.27,69384.61,69250.79,406,1780494299.778,BTCUSD_otc
352,2026-06-03 13:45:00,69258.27,69303.22,69328.96,69194.85,381,1780494599.233,BTCUSD_otc
352,2026-06-03 13:50:00,69281.32,69319.31,69355.35,69272.09,391,1780494899.198,BTCUSD_otc
352,2026-06-03 13:55:00,69319.31,69262.79,69357.52,69238.0,409,1780495199.171,BTCUSD_otc
352,2026-06-03 14:00:00,69266.5,69387.35,69394.57,69244.32,386,1780495499.64,BTCUSD_otc
352,2026-06-03 14:05:00,69383.73,69446.85,69451.03,69226.29,423,1780495799.128,BTCUSD_otc
352,2026-06-03 14:10:00,69446.85,69505.89,69605.53,69413.37,412,1780496099.556,BTCUSD_otc
352,2026-06-03 14:15:00,69498.56,69446.59,69541.68,69400.68,404,1780496399.507,BTCUSD_otc
352,2026-06-03 14:20:00,69449.12,69416.99,69487.89,69361.18,403,1780496699.469,BTCUSD_otc
352,2026-06-03 14:25:00,69416.99,69378.82,69471.38,69346.61,385,1780496999.502,BTCUSD_otc
352,2026-06-03 14:30:00,69375.46,69244.9,69394.19,69237.42,411,1780497299.911,BTCUSD_otc
352,2026-06-03 14:35:00,69244.9,69468.23,69491.3,69237.36,385,1780497599.903,BTCUSD_otc
352,2026-06-03 14:40:00,69468.23,69578.59,69591.49,69457.55,420,1780497899.301,BTCUSD_otc
352,2026-06-03 14:45:00,69578.59,69510.41,69609.44,69439.41,405,1780498199.292,BTCUSD_otc
352,2026-06-03 14:50:00,69513.15,69437.22,69538.5,69405.84,404,1780498499.809,BTCUSD_otc
352,2026-06-03 14:55:00,69437.22,69397.08,69501.45,69352.7,395,1780498799.332,BTCUSD_otc
352,2026-06-03 15:00:00,69397.08,69490.79,69508.2,69377.36,406,1780499099.773,BTCUSD_otc
352,2026-06-03 15:05:00,69490.79,69505.2,69663.39,69473.22,412,1780499399.258,BTCUSD_otc
352,2026-06-03 15:10:00,69502.21,69739.48,69749.43,69497.86,410,1780499699.667,BTCUSD_otc
352,2026-06-03 15:15:00,69737.05,69725.26,69795.67,69639.61,380,1780499999.708,BTCUSD_otc
352,2026-06-03 15:20:00,69725.26,69510.18,69770.93,69482.5,422,1780500299.671,BTCUSD_otc
352,2026-06-03 15:25:00,69508.32,69611.48,69664.55,69453.83,408,1780500597.173,BTCUSD_otc
352,2026-06-03 15:30:00,69611.48,69742.27,69778.04,69606.53,410,1780500899.217,BTCUSD_otc
352,2026-06-03 15:35:00,69750.23,69638.65,69764.11,69620.35,393,1780501199.133,BTCUSD_otc
352,2026-06-03 15:40:00,69641.98,69635.02,69783.39,69627.72,398,1780501498.65,BTCUSD_otc
352,2026-06-03 15:45:00,69647.47,69827.51,69839.42,69647.47,390,1780501799.557,BTCUSD_otc
352,2026-06-03 15:50:00,69827.51,69693.02,69896.27,69693.02,400,1780502098.615,BTCUSD_otc
352,2026-06-03 15:55:00,69693.02,69632.19,69718.7,69558.28,398,1780502399.553,BTCUSD_otc
352,2026-06-03 16:00:00,69629.32,69396.58,69677.58,69392.96,391,1780502699.539,BTCUSD_otc
352,2026-06-03 16:05:00,69391.8,69160.11,69391.8,69095.85,408,1780502999.532,BTCUSD_otc
352,2026-06-03 16:10:00,69160.11,69133.69,69296.59,69099.65,377,1780503299.483,BTCUSD_otc
352,2026-06-03 16:15:00,69133.69,69069.62,69200.5,69059.31,407,1780503599.962,BTCUSD_otc
352,2026-06-03 16:20:00,69073.83,68976.02,69114.4,68955.61,403,1780503899.931,BTCUSD_otc
352,2026-06-03 16:25:00,68976.02,68910.4,69010.65,68887.52,397,1780504199.943,BTCUSD_otc
352,2026-06-03 16:30:00,68910.4,69003.42,69111.42,68893.65,407,1780504499.858,BTCUSD_otc
352,2026-06-03 16:35:00,69008.11,68880.34,69081.27,68851.76,406,1780504799.38,BTCUSD_otc
352,2026-06-03 16:40:00,68880.34,68849.07,68943.31,68787.97,400,1780505099.756,BTCUSD_otc
352,2026-06-03 16:45:00,68849.07,68943.6,68993.91,68816.61,394,1780505399.728,BTCUSD_otc
352,2026-06-03 16:50:00,68948.68,68993.86,69067.97,68946.73,402,1780505699.711,BTCUSD_otc
352,2026-06-03 16:55:00,68991.35,68981.45,69013.4,68800.89,406,1780505998.705,BTCUSD_otc
352,2026-06-03 17:00:00,68981.45,69056.46,69092.55,68926.9,420,1780506299.615,BTCUSD_otc
352,2026-06-03 17:05:00,69056.46,68984.28,69073.13,68957.47,401,1780506599.529,BTCUSD_otc
352,2026-06-03 17:10:00,68993.4,69013.52,69041.39,68932.03,400,1780506899.572,BTCUSD_otc
352,2026-06-03 17:15:00,69013.52,68958.2,69106.36,68917.77,384,1780507199.588,BTCUSD_otc
352,2026-06-03 17:20:00,68954.98,68902.44,69097.33,68869.43,388,1780507499.536,BTCUSD_otc
352,2026-06-03 17:25:00,68900.23,69038.25,69038.25,68811.64,412,1780507799.519,BTCUSD_otc
352,2026-06-03 17:30:00,69041.3,69019.37,69080.6,68968.32,421,1780508098.931,BTCUSD_otc
352,2026-06-03 17:35:00,69019.37,69006.28,69049.11,68900.92,413,1780508399.458,BTCUSD_otc
352,2026-06-03 17:40:00,69006.28,69036.31,69070.39,68928.08,397,1780508699.375,BTCUSD_otc
352,2026-06-03 17:45:00,69036.31,68799.99,69074.85,68794.87,424,1780508999.401,BTCUSD_otc
352,2026-06-03 17:50:00,68799.99,68893.9,68937.21,68753.44,404,1780509299.319,BTCUSD_otc
352,2026-06-03 17:55:00,68893.9,68792.75,68948.87,68746.36,421,1780509599.829,BTCUSD_otc
352,2026-06-03 18:00:00,68789.68,68805.0,68930.28,68768.49,412,1780509899.693,BTCUSD_otc
352,2026-06-03 18:05:00,68805.0,68880.41,68965.86,68776.88,392,1780510198.739,BTCUSD_otc
352,2026-06-03 18:10:00,68880.41,68840.17,68947.48,68793.64,399,1780510499.187,BTCUSD_otc
352,2026-06-03 18:15:00,68847.05,68779.53,68910.41,68729.01,407,1780510799.689,BTCUSD_otc
352,2026-06-03 18:20:00,68782.27,68845.86,68881.52,68759.27,417,1780511099.598,BTCUSD_otc
352,2026-06-03 18:25:00,68845.86,68918.11,68931.46,68834.32,398,1780511399.571,BTCUSD_otc
352,2026-06-03 18:30:00,68918.11,68835.07,68918.11,68773.75,404,1780511699.985,BTCUSD_otc
352,2026-06-03 18:35:00,68835.07,68848.03,68901.4,68809.18,400,1780511999.961,BTCUSD_otc
352,2026-06-03 18:40:00,68848.03,68948.71,69024.59,68827.93,383,1780512299.884,BTCUSD_otc
352,2026-06-03 18:45:00,68948.71,69192.36,69199.08,68939.75,393,1780512599.908,BTCUSD_otc
352,2026-06-03 18:50:00,69192.36,69262.01,69301.74,69137.68,389,1780512899.795,BTCUSD_otc
352,2026-06-03 18:55:00,69262.01,69311.9,69328.99,69137.56,409,1780513199.742,BTCUSD_otc
352,2026-06-03 19:00:00,69311.9,69203.73,69317.62,69172.33,401,1780513499.221,BTCUSD_otc
352,2026-06-03 19:05:00,69199.57,69149.31,69290.78,69133.49,396,1780513799.721,BTCUSD_otc
352,2026-06-03 19:10:00,69146.68,69316.77,69337.86,69117.38,402,1780514098.152,BTCUSD_otc
352,2026-06-03 19:15:00,69316.77,69279.1,69336.78,69232.36,398,1780514399.676,BTCUSD_otc
352,2026-06-03 19:20:00,69279.1,69094.39,69332.45,69094.39,387,1780514699.046,BTCUSD_otc
352,2026-06-03 19:25:00,69094.39,69343.24,69406.34,69084.93,419,1780514999.422,BTCUSD_otc
352,2026-06-03 19:30:00,69343.24,69509.55,69509.55,69313.79,397,1780515299.951,BTCUSD_otc
352,2026-06-03 19:35:00,69509.55,69538.64,69592.78,69493.97,402,1780515599.882,BTCUSD_otc
352,2026-06-03 19:40:00,69531.81,69680.66,69717.9,69495.46,414,1780515898.881,BTCUSD_otc
352,2026-06-03 19:45:00,69680.66,69764.07,69768.8,69644.1,395,1780516199.795,BTCUSD_otc
352,2026-06-03 19:50:00,69764.07,69937.27,69959.73,69764.07,395,1780516499.3,BTCUSD_otc
352,2026-06-03 19:55:00,69937.27,70074.87,70082.01,69830.69,410,1780516799.751,BTCUSD_otc
352,2026-06-03 20:00:00,70074.87,70068.82,70112.41,69987.79,405,1780517099.675,BTCUSD_otc
352,2026-06-03 20:05:00,70068.82,69967.94,70191.88,69949.42,388,1780517399.626,BTCUSD_otc
352,2026-06-03 20:10:00,69963.92,69985.39,70022.06,69868.19,401,1780517699.55,BTCUSD_otc
352,2026-06-03 20:15:00,69985.39,70039.85,70099.43,69892.02,402,1780517999.904,BTCUSD_otc
352,2026-06-03 20:20:00,70048.37,70010.03,70136.06,69982.56,413,1780518299.422,BTCUSD_otc
352,2026-06-03 20:25:00,70010.03,69967.95,70033.45,69906.78,392,1780518599.834,BTCUSD_otc
352,2026-06-03 20:30:00,69967.95,69838.66,69985.81,69829.94,405,1780518898.824,BTCUSD_otc
352,2026-06-03 20:35:00,69843.15,69900.33,69931.69,69826.41,388,1780519199.744,BTCUSD_otc
352,2026-06-03 20:40:00,69900.33,69711.29,69903.66,69711.29,393,1780519499.725,BTCUSD_otc
352,2026-06-03 20:45:00,69711.29,69708.4,69727.2,69575.09,395,1780519799.639,BTCUSD_otc
352,2026-06-03 20:50:00,69712.71,69698.56,69724.21,69493.24,396,1780520099.643,BTCUSD_otc
352,2026-06-03 20:55:00,69698.56,69753.09,69762.76,69622.31,382,1780520398.555,BTCUSD_otc
352,2026-06-03 21:00:00,69748.77,69749.81,69860.88,69701.92,402,1780520699.55,BTCUSD_otc
352,2026-06-03 21:05:00,69749.81,69688.74,69783.06,69673.49,382,1780520999.988,BTCUSD_otc
352,2026-06-03 21:10:00,69688.74,69522.45,69693.01,69469.92,392,1780521299.904,BTCUSD_otc
352,2026-06-03 21:15:00,69520.19,69595.96,69650.47,69484.96,408,1780521599.364,BTCUSD_otc
352,2026-06-03 21:20:00,69595.96,69532.15,69616.47,69454.96,422,1780521899.336,BTCUSD_otc
352,2026-06-03 21:25:00,69532.15,69405.75,69560.78,69380.12,394,1780522199.748,BTCUSD_otc
352,2026-06-03 21:30:00,69405.75,69462.9,69501.24,69352.74,397,1780522499.758,BTCUSD_otc
352,2026-06-03 21:35:00,69442.77,69256.15,69462.77,69249.98,405,1780522799.211,BTCUSD_otc
352,2026-06-03 21:40:00,69256.15,69286.99,69356.24,69205.04,390,1780523099.622,BTCUSD_otc
352,2026-06-03 21:45:00,69286.99,69358.33,69399.9,69146.94,396,1780523398.582,BTCUSD_otc
352,2026-06-03 21:50:00,69355.4,69363.91,69381.4,69277.6,406,1780523699.501,BTCUSD_otc
352,2026-06-03 21:55:00,69363.91,69674.72,69744.21,69344.71,416,1780523999.874,BTCUSD_otc
352,2026-06-03 22:00:00,69674.72,69782.06,69811.76,69660.5,397,1780524299.831,BTCUSD_otc
352,2026-06-03 22:05:00,69782.06,69642.05,69790.94,69616.05,396,1780524599.233,BTCUSD_otc
352,2026-06-03 22:10:00,69644.85,69716.25,69733.95,69595.16,409,1780524899.708,BTCUSD_otc
352,2026-06-03 22:15:00,69716.25,69669.44,69806.49,69666.25,406,1780525199.63,BTCUSD_otc
352,2026-06-03 22:20:00,69665.72,69811.5,69886.6,69657.01,402,1780525499.5,BTCUSD_otc
352,2026-06-03 22:25:00,69811.5,69873.3,69954.64,69804.65,413,1780525799.984,BTCUSD_otc
352,2026-06-03 22:30:00,69873.3,69881.6,69963.04,69854.97,385,1780526099.358,BTCUSD_otc
352,2026-06-03 22:35:00,69881.6,69692.53,69888.86,69675.93,405,1780526399.844,BTCUSD_otc
352,2026-06-03 22:40:00,69687.65,69636.27,69724.35,69510.57,405,1780526699.715,BTCUSD_otc
352,2026-06-03 22:45:00,69641.29,69611.2,69645.03,69517.9,411,1780526999.666,BTCUSD_otc
352,2026-06-03 22:50:00,69611.2,69798.26,69812.63,69599.3,392,1780527299.592,BTCUSD_otc
352,2026-06-03 22:55:00,69794.95,69820.42,69820.42,69652.72,388,1780527599.009,BTCUSD_otc
352,2026-06-03 23:00:00,69820.42,69709.75,69869.63,69706.31,387,1780527898.969,BTCUSD_otc
352,2026-06-03 23:05:00,69709.75,69846.85,69893.9,69689.52,406,1780528199.852,BTCUSD_otc
352,2026-06-03 23:10:00,69846.85,69926.37,69972.65,69834.35,374,1780528499.839,BTCUSD_otc
352,2026-06-03 23:15:00,69928.27,69874.07,70001.57,69826.07,396,1780528799.68,BTCUSD_otc
352,2026-06-03 23:20:00,69876.91,69802.76,69930.13,69788.17,420,1780529099.623,BTCUSD_otc
352,2026-06-03 23:25:00,69802.76,69891.51,69891.51,69723.69,416,1780529398.115,BTCUSD_otc
352,2026-06-03 23:30:00,69866.09,69899.53,70009.53,69847.13,399,1780529699.082,BTCUSD_otc
352,2026-06-03 23:35:00,69891.1,69671.31,69897.91,69657.71,401,1780529999.982,BTCUSD_otc
352,2026-06-03 23:40:00,69671.31,69577.47,69684.34,69458.78,392,1780530299.848,BTCUSD_otc
352,2026-06-03 23:45:00,69577.47,69855.79,69863.88,69576.1,405,1780530599.816,BTCUSD_otc
352,2026-06-03 23:50:00,69855.79,69923.99,69943.45,69798.49,388,1780530899.756,BTCUSD_otc
352,2026-06-03 23:55:00,69913.28,69687.3,69916.43,69656.04,389,1780531199.72,BTCUSD_otc
352,2026-06-04 00:00:00,69687.3,69780.05,69801.25,69651.78,398,1780531499.646,BTCUSD_otc
352,2026-06-04 00:05:00,69780.05,69823.43,69905.75,69734.35,418,1780531799.137,BTCUSD_otc
352,2026-06-04 00:10:00,69828.94,69810.09,69897.67,69718.91,409,1780532099.975,BTCUSD_otc
352,2026-06-04 00:15:00,69810.09,69790.91,69907.61,69772.7,398,1780532399.441,BTCUSD_otc
352,2026-06-04 00:20:00,69790.91,69672.27,69811.06,69565.13,412,1780532699.857,BTCUSD_otc
352,2026-06-04 00:25:00,69675.24,69572.67,69757.22,69569.3,392,1780532999.293,BTCUSD_otc
352,2026-06-04 00:30:00,69572.67,69620.82,69683.59,69546.12,379,1780533299.733,BTCUSD_otc
352,2026-06-04 00:35:00,69620.82,69460.88,69620.82,69460.67,400,1780533599.147,BTCUSD_otc
352,2026-06-04 00:40:00,69457.17,69478.76,69492.09,69406.11,382,1780533899.576,BTCUSD_otc
352,2026-06-04 00:45:00,69482.95,69548.2,69630.65,69477.75,407,1780534199.98,BTCUSD_otc
352,2026-06-04 00:50:00,69550.76,69632.81,69663.44,69530.22,414,1780534498.955,BTCUSD_otc
352,2026-06-04 00:55:00,69632.81,69470.67,69682.16,69439.24,402,1780534799.904,BTCUSD_otc
352,2026-06-04 01:00:00,69470.67,69484.84,69564.15,69428.44,416,1780535099.878,BTCUSD_otc
352,2026-06-04 01:05:00,69490.25,69596.22,69611.89,69481.5,407,1780535399.807,BTCUSD_otc
352,2026-06-04 01:10:00,69596.22,69827.58,69835.83,69552.58,396,1780535699.745,BTCUSD_otc
352,2026-06-04 01:15:00,69827.58,69870.69,69902.21,69756.54,402,1780535999.096,BTCUSD_otc
352,2026-06-04 01:20:00,69867.64,69960.41,69969.29,69854.77,395,1780536299.582,BTCUSD_otc
352,2026-06-04 01:25:00,69960.41,69882.89,69976.74,69851.97,413,1780536599.951,BTCUSD_otc
352,2026-06-04 01:30:00,69882.89,69961.32,69996.14,69833.31,380,1780536898.88,BTCUSD_otc
352,2026-06-04 01:35:00,69961.32,69905.19,70019.52,69818.75,393,1780537199.845,BTCUSD_otc
352,2026-06-04 01:40:00,69897.5,69968.18,70006.78,69870.42,402,1780537499.731,BTCUSD_otc
352,2026-06-04 01:45:00,69964.41,69913.06,70031.67,69859.46,372,1780537798.744,BTCUSD_otc
352,2026-06-04 01:50:00,69913.06,69967.46,70023.11,69908.86,376,1780538098.647,BTCUSD_otc
352,2026-06-04 01:55:00,69962.87,70181.31,70213.26,69962.87,414,1780538399.648,BTCUSD_otc
352,2026-06-04 02:00:00,70181.31,70376.55,70406.78,70126.47,416,1780538699.523,BTCUSD_otc
352,2026-06-04 02:05:00,70382.34,70269.08,70409.84,70192.69,408,1780538998.016,BTCUSD_otc
352,2026-06-04 02:10:00,70269.08,70385.17,70396.29,70254.76,402,1780539299.433,BTCUSD_otc
352,2026-06-04 02:15:00,70383.17,70241.09,70438.04,70221.05,395,1780539599.358,BTCUSD_otc
352,2026-06-04 02:20:00,70246.51,70388.74,70443.35,70182.82,411,1780539899.802,BTCUSD_otc
352,2026-06-04 02:25:00,70388.74,70124.67,70440.65,70118.81,383,1780540199.742,BTCUSD_otc
352,2026-06-04 02:30:00,70124.67,70049.01,70155.33,69973.63,404,1780540499.683,BTCUSD_otc
352,2026-06-04 02:35:00,70051.81,70123.2,70152.44,70011.42,415,1780540799.618,BTCUSD_otc
352,2026-06-04 02:40:00,70123.2,70133.17,70165.19,70025.47,407,1780541098.57,BTCUSD_otc
352,2026-06-04 02:45:00,70133.17,70121.69,70239.0,70094.41,402,1780541399.968,BTCUSD_otc
352,2026-06-04 02:50:00,70121.69,70059.92,70218.93,70054.16,404,1780541698.473,BTCUSD_otc
352,2026-06-04 02:55:00,70054.67,69919.14,70058.69,69898.94,395,1780541999.416,BTCUSD_otc
352,2026-06-04 03:00:00,69919.14,70002.98,70002.98,69864.41,400,1780542299.879,BTCUSD_otc
352,2026-06-04 03:05:00,70002.98,69823.26,70008.85,69756.4,384,1780542599.79,BTCUSD_otc
352,2026-06-04 03:10:00,69826.21,69979.08,70015.69,69799.44,378,1780542898.807,BTCUSD_otc
352,2026-06-04 03:15:00,69969.31,69962.51,69981.9,69885.51,374,1780543199.734,BTCUSD_otc
352,2026-06-04 03:20:00,69962.51,69964.65,70051.51,69916.18,417,1780543499.737,BTCUSD_otc
352,2026-06-04 03:25:00,69964.65,70139.3,70171.69,69956.04,394,1780543799.656,BTCUSD_otc
352,2026-06-04 03:30:00,70139.3,69989.2,70219.92,69976.23,390,1780544099.152,BTCUSD_otc
352,2026-06-04 03:35:00,69989.2,69885.33,70003.15,69868.68,410,1780544399.599,BTCUSD_otc
352,2026-06-04 03:40:00,69885.33,69944.78,69949.01,69820.59,418,1780544698.061,BTCUSD_otc
352,2026-06-04 03:45:00,69941.23,70170.45,70180.96,69938.61,419,1780544999.539,BTCUSD_otc
352,2026-06-04 03:50:00,70170.45,70381.43,70393.76,70135.03,385,1780545299.99,BTCUSD_otc
352,2026-06-04 03:55:00,70381.43,70301.27,70381.43,70286.01,372,1780545599.852,BTCUSD_otc
352,2026-06-04 04:00:00,70301.27,70551.55,70575.55,70294.05,395,1780545899.36,BTCUSD_otc
352,2026-06-04 04:05:00,70555.78,70447.12,70564.63,70399.02,425,1780546199.782,BTCUSD_otc
352,2026-06-04 04:10:00,70447.12,70241.63,70465.19,70188.27,387,1780546499.797,BTCUSD_otc
352,2026-06-04 04:15:00,70241.63,70145.82,70263.05,70066.27,397,1780546799.771,BTCUSD_otc
352,2026-06-04 04:20:00,70139.62,70155.56,70260.22,70118.37,386,1780547099.75,BTCUSD_otc
352,2026-06-04 04:25:00,70169.98,69978.08,70180.97,69978.08,390,1780547399.699,BTCUSD_otc
352,2026-06-04 04:30:00,69981.3,70001.48,70075.74,69875.7,386,1780547698.638,BTCUSD_otc
352,2026-06-04 04:35:00,69996.11,69934.25,69998.05,69882.86,399,1780547999.097,BTCUSD_otc
352,2026-06-04 04:40:00,69934.25,69766.44,69946.08,69744.84,386,1780548298.633,BTCUSD_otc
352,2026-06-04 04:45:00,69766.44,69752.94,69798.81,69708.92,384,1780548599.612,BTCUSD_otc
352,2026-06-04 04:50:00,69752.94,69902.21,69920.82,69645.08,393,1780548899.545,BTCUSD_otc
352,2026-06-04 04:55:00,69909.51,69820.15,69911.57,69746.98,392,1780549199.506,BTCUSD_otc
352,2026-06-04 05:00:00,69820.15,69758.76,69885.88,69729.36,412,1780549499.466,BTCUSD_otc
352,2026-06-04 05:05:00,69758.76,69603.04,69764.54,69555.37,387,1780549799.934,BTCUSD_otc
352,2026-06-04 05:10:00,69582.21,69769.92,69793.55,69533.18,413,1780550099.865,BTCUSD_otc
352,2026-06-04 05:15:00,69769.92,69703.4,69862.57,69684.99,411,1780550398.774,BTCUSD_otc
352,2026-06-04 05:20:00,69703.4,69773.0,69805.93,69689.12,402,1780550699.266,BTCUSD_otc
352,2026-06-04 05:25:00,69775.45,70047.93,70052.32,69750.31,403,1780550998.183,BTCUSD_otc
352,2026-06-04 05:30:00,70052.02,69959.84,70077.35,69950.11,396,1780551298.631,BTCUSD_otc
352,2026-06-04 05:35:00,69959.84,70027.0,70034.27,69909.65,387,1780551599.624,BTCUSD_otc
352,2026-06-04 05:40:00,70022.79,69965.07,70022.79,69852.97,378,1780551899.612,BTCUSD_otc
352,2026-06-04 05:45:00,69962.56,69982.78,70039.15,69884.97,401,1780552199.562,BTCUSD_otc
352,2026-06-04 05:50:00,69982.78,70113.16,70181.64,69982.78,412,1780552499.542,BTCUSD_otc
352,2026-06-04 05:55:00,70113.16,70002.51,70125.68,69968.81,391,1780552799.955,BTCUSD_otc
352,2026-06-04 06:00:00,70002.51,69921.23,70024.43,69881.95,406,1780553099.962,BTCUSD_otc
352,2026-06-04 06:05:00,69921.23,70064.87,70090.15,69891.74,409,1780553399.917,BTCUSD_otc
352,2026-06-04 06:10:00,70064.87,70088.29,70098.89,70012.62,405,1780553699.933,BTCUSD_otc
352,2026-06-04 06:15:00,70088.29,70307.0,70343.27,70074.92,396,1780553999.803,BTCUSD_otc
352,2026-06-04 06:20:00,70318.32,70267.79,70365.21,70175.71,398,1780554299.803,BTCUSD_otc
352,2026-06-04 06:25:00,70267.79,70228.53,70409.9,70228.53,396,1780554599.705,BTCUSD_otc
352,2026-06-04 06:30:00,70236.66,70062.75,70303.63,70053.62,404,1780554899.7,BTCUSD_otc
352,2026-06-04 06:35:00,70062.75,70072.65,70170.22,70007.9,405,1780555199.682,BTCUSD_otc
352,2026-06-04 06:40:00,70075.91,69895.72,70102.22,69892.43,392,1780555499.635,BTCUSD_otc
352,2026-06-04 06:45:00,69895.72,69785.96,69899.01,69710.9,389,1780555799.092,BTCUSD_otc
352,2026-06-04 06:50:00,69783.54,69862.17,69876.27,69699.22,383,1780556099.074,BTCUSD_otc
352,2026-06-04 06:55:00,69855.98,69834.81,69923.73,69807.5,411,1780556399.918,BTCUSD_otc
352,2026-06-04 07:00:00,69834.81,69832.33,69914.02,69777.47,395,1780556699.941,BTCUSD_otc
352,2026-06-04 07:05:00,69832.33,69828.92,69858.33,69714.87,394,1780556999.347,BTCUSD_otc
352,2026-06-04 07:10:00,69828.92,69783.11,69884.48,69736.83,374,1780557299.871,BTCUSD_otc
352,2026-06-04 07:15:00,69783.11,69812.67,69881.88,69711.65,403,1780557597.751,BTCUSD_otc
352,2026-06-04 07:20:00,69812.67,69844.26,69899.59,69797.11,398,1780557899.752,BTCUSD_otc
352,2026-06-04 07:25:00,69844.26,69738.37,69877.07,69705.24,380,1780558199.141,BTCUSD_otc
352,2026-06-04 07:30:00,69738.37,69688.61,69785.82,69657.4,405,1780558499.669,BTCUSD_otc
352,2026-06-04 07:35:00,69688.61,69836.08,69883.93,69673.51,395,1780558799.097,BTCUSD_otc
352,2026-06-04 07:40:00,69836.08,69906.01,69984.6,69836.08,395,1780559099.622,BTCUSD_otc
352,2026-06-04 07:45:00,69891.45,69838.75,69920.97,69726.62,431,1780559399.523,BTCUSD_otc
352,2026-06-04 07:50:00,69841.61,69889.45,70031.43,69825.07,391,1780559699.539,BTCUSD_otc
352,2026-06-04 07:55:00,69894.09,69735.38,69914.86,69730.29,395,1780559999.437,BTCUSD_otc
352,2026-06-04 08:00:00,69735.38,69647.75,69735.38,69558.93,376,1780560299.949,BTCUSD_otc
352,2026-06-04 08:05:00,69641.76,69859.36,69859.36,69614.31,396,1780560599.905,BTCUSD_otc
352,2026-06-04 08:10:00,69859.36,69983.25,70003.48,69853.29,423,1780560899.897,BTCUSD_otc
352,2026-06-04 08:15:00,69983.25,69940.83,70076.04,69938.86,383,1780561199.892,BTCUSD_otc
352,2026-06-04 08:20:00,69937.16,70095.03,70109.5,69924.47,402,1780561499.859,BTCUSD_otc
352,2026-06-04 08:25:00,70095.03,70191.22,70311.29,70090.13,403,1780561799.886,BTCUSD_otc
352,2026-06-04 08:30:00,70191.22,70008.84,70191.22,69973.17,386,1780562099.811,BTCUSD_otc
352,2026-06-04 08:35:00,70013.24,70046.77,70072.69,69949.68,389,1780562399.831,BTCUSD_otc
352,2026-06-04 08:40:00,70046.77,70046.75,70064.11,69948.63,379,1780562698.684,BTCUSD_otc
352,2026-06-04 08:45:00,70054.08,70047.9,70079.15,69981.42,371,1780562999.633,BTCUSD_otc
352,2026-06-04 08:50:00,70047.9,70044.84,70100.38,69928.77,396,1780563299.64,BTCUSD_otc
352,2026-06-04 08:55:00,70040.0,69933.22,70160.3,69927.28,380,1780563598.087,BTCUSD_otc
352,2026-06-04 09:00:00,69933.22,69884.47,70006.8,69853.27,397,1780563899.589,BTCUSD_otc
352,2026-06-04 09:05:00,69884.47,69850.29,70001.98,69827.98,411,1780564198.531,BTCUSD_otc
352,2026-06-04 09:10:00,69852.91,69698.82,69852.91,69682.67,384,1780564499.503,BTCUSD_otc
352,2026-06-04 09:15:00,69698.82,69847.6,69851.44,69608.38,398,1780564799.438,BTCUSD_otc
352,2026-06-04 09:20:00,69847.6,69621.55,69868.02,69597.92,407,1780565099.402,BTCUSD_otc
352,2026-06-04 09:25:00,69621.55,69655.69,69685.79,69566.41,385,1780565399.897,BTCUSD_otc
352,2026-06-04 09:30:00,69652.82,69534.05,69672.66,69475.9,390,1780565699.838,BTCUSD_otc
352,2026-06-04 09:35:00,69534.05,69543.14,69625.12,69471.95,410,1780565999.855,BTCUSD_otc
352,2026-06-04 09:40:00,69537.68,69647.61,69717.75,69486.29,399,1780566299.294,BTCUSD_otc
352,2026-06-04 09:45:00,69650.32,69728.03,69730.5,69600.45,394,1780566598.798,BTCUSD_otc
352,2026-06-04 09:50:00,69728.03,69737.32,69753.69,69641.11,403,1780566899.733,BTCUSD_otc
352,2026-06-04 09:55:00,69743.12,69753.22,69843.26,69683.93,396,1780567199.756,BTCUSD_otc
352,2026-06-04 10:00:00,69755.54,69692.77,69818.82,69664.0,410,1780567499.611,BTCUSD_otc
352,2026-06-04 10:05:00,69696.79,69823.48,69823.48,69689.96,406,1780567799.569,BTCUSD_otc
352,2026-06-04 10:10:00,69823.48,69884.67,69941.43,69748.16,398,1780568099.023,BTCUSD_otc
352,2026-06-04 10:15:00,69884.67,69846.35,69951.69,69810.07,390,1780568399.991,BTCUSD_otc
352,2026-06-04 10:20:00,69846.35,69957.38,70021.52,69844.77,385,1780568699.416,BTCUSD_otc
352,2026-06-04 10:25:00,69957.38,69926.55,69979.61,69825.28,410,1780568998.846,BTCUSD_otc
352,2026-06-04 10:30:00,69926.55,69848.93,69958.13,69790.62,401,1780569298.818,BTCUSD_otc
352,2026-06-04 10:35:00,69848.93,69741.86,69929.49,69733.16,408,1780569599.701,BTCUSD_otc
352,2026-06-04 10:40:00,69741.86,69663.25,69765.89,69633.89,387,1780569899.67,BTCUSD_otc
352,2026-06-04 10:45:00,69660.22,69730.58,69752.58,69637.7,382,1780570199.626,BTCUSD_otc
352,2026-06-04 10:50:00,69727.6,69755.21,69801.4,69689.09,404,1780570499.132,BTCUSD_otc
352,2026-06-04 10:55:00,69755.21,69675.24,69771.94,69641.43,403,1780570799.524,BTCUSD_otc
352,2026-06-04 11:00:00,69675.24,69892.4,69903.34,69662.85,392,1780571099.566,BTCUSD_otc
352,2026-06-04 11:05:00,69889.37,69934.22,69968.57,69854.11,397,1780571399.992,BTCUSD_otc
352,2026-06-04 11:10:00,69934.22,69715.69,69950.29,69647.2,386,1780571699.542,BTCUSD_otc
352,2026-06-04 11:15:00,69715.69,69734.13,69781.26,69665.95,401,1780571999.422,BTCUSD_otc
352,2026-06-04 11:20:00,69734.13,69715.79,69773.11,69694.22,401,1780572299.928,BTCUSD_otc
352,2026-06-04 11:25:00,69715.79,69436.69,69741.81,69407.55,391,1780572599.824,BTCUSD_otc
352,2026-06-04 11:30:00,69439.04,69571.87,69571.87,69431.66,368,1780572899.849,BTCUSD_otc
352,2026-06-04 11:35:00,69571.87,69589.96,69740.85,69511.31,403,1780573199.778,BTCUSD_otc
352,2026-06-04 11:40:00,69594.61,69537.52,69603.73,69502.34,381,1780573499.792,BTCUSD_otc
352,2026-06-04 11:45:00,69537.52,69756.29,69807.08,69487.12,396,1780573798.245,BTCUSD_otc
352,2026-06-04 11:50:00,69756.29,69718.21,69765.33,69655.17,402,1780574099.747,BTCUSD_otc
352,2026-06-04 11:55:00,69718.21,69729.79,69774.77,69667.36,400,1780574398.131,BTCUSD_otc
352,2026-06-04 12:00:00,69735.57,69764.32,69799.54,69658.44,397,1780574699.129,BTCUSD_otc
352,2026-06-04 12:05:00,69762.01,69652.52,69789.26,69603.24,405,1780574999.056,BTCUSD_otc
352,2026-06-04 12:10:00,69649.55,69423.27,69658.02,69415.49,416,1780575297.543,BTCUSD_otc
352,2026-06-04 12:15:00,69427.09,69338.61,69456.76,69309.9,406,1780575599.483,BTCUSD_otc
352,2026-06-04 12:20:00,69335.72,69265.98,69346.69,69206.19,406,1780575899.451,BTCUSD_otc
352,2026-06-04 12:25:00,69265.98,69183.48,69310.6,69157.9,397,1780576199.345,BTCUSD_otc
352,2026-06-04 12:30:00,69183.48,69181.85,69239.39,69098.06,407,1780576499.842,BTCUSD_otc
352,2026-06-04 12:35:00,69181.85,69221.74,69225.5,69053.65,405,1780576799.29,BTCUSD_otc
352,2026-06-04 12:40:00,69215.75,69325.54,69416.44,69208.6,404,1780577099.802,BTCUSD_otc
352,2026-06-04 12:45:00,69325.54,69440.9,69443.53,69294.14,421,1780577399.715,BTCUSD_otc
352,2026-06-04 12:50:00,69445.75,69463.35,69592.79,69413.22,399,1780577699.206,BTCUSD_otc
352,2026-06-04 12:55:00,69466.27,69548.48,69548.48,69371.08,381,1780577999.563,BTCUSD_otc
352,2026-06-04 13:00:00,69548.48,69556.67,69582.06,69447.32,397,1780578298.112,BTCUSD_otc
352,2026-06-04 13:05:00,69556.67,69497.58,69582.38,69488.91,402,1780578599.507,BTCUSD_otc
352,2026-06-04 13:10:00,69492.68,69596.52,69618.89,69477.45,409,1780578899.523,BTCUSD_otc
352,2026-06-04 13:15:00,69593.6,69544.92,69665.26,69510.33,404,1780579199.939,BTCUSD_otc
352,2026-06-04 13:20:00,69544.92,69452.07,69563.16,69412.65,401,1780579498.418,BTCUSD_otc
352,2026-06-04 13:25:00,69452.07,69552.61,69597.74,69424.52,395,1780579799.799,BTCUSD_otc
352,2026-06-04 13:30:00,69548.84,69745.57,69814.96,69540.66,411,1780580098.805,BTCUSD_otc
352,2026-06-04 13:35:00,69745.57,69707.85,69839.97,69705.53,404,1780580399.74,BTCUSD_otc
352,2026-06-04 13:40:00,69701.7,69671.13,69774.81,69592.12,396,1780580699.721,BTCUSD_otc
352,2026-06-04 13:45:00,69687.52,69638.02,69723.06,69622.84,412,1780580999.643,BTCUSD_otc
352,2026-06-04 13:50:00,69638.02,69711.27,69826.02,69631.97,397,1780581299.625,BTCUSD_otc
352,2026-06-04 13:55:00,69705.85,69651.12,69773.08,69645.97,389,1780581599.554,BTCUSD_otc
352,2026-06-04 14:00:00,69652.95,69547.48,69662.7,69525.74,406,1780581899.57,BTCUSD_otc
352,2026-06-04 14:05:00,69551.01,69538.92,69640.38,69510.72,388,1780582199.998,BTCUSD_otc
352,2026-06-04 14:10:00,69538.92,69383.9,69602.01,69374.97,393,1780582499.531,BTCUSD_otc
352,2026-06-04 14:15:00,69395.35,69441.14,69447.78,69348.64,379,1780582799.943,BTCUSD_otc
352,2026-06-04 14:20:00,69441.14,69600.79,69639.26,69409.74,379,1780583099.946,BTCUSD_otc
352,2026-06-04 14:25:00,69600.79,69637.55,69692.41,69515.84,386,1780583399.881,BTCUSD_otc
352,2026-06-04 14:30:00,69635.22,69643.35,69721.27,69543.22,382,1780583698.884,BTCUSD_otc
352,2026-06-04 14:35:00,69646.09,69710.7,69750.74,69631.62,383,1780583999.345,BTCUSD_otc
352,2026-06-04 14:40:00,69710.7,69535.06,69728.98,69481.74,419,1780584299.337,BTCUSD_otc
352,2026-06-04 14:45:00,69535.06,69255.82,69535.06,69213.09,392,1780584599.237,BTCUSD_otc
352,2026-06-04 14:50:00,69253.79,69249.37,69326.99,69211.93,397,1780584899.776,BTCUSD_otc
352,2026-06-04 14:55:00,69249.37,69399.39,69399.39,69243.14,385,1780585199.182,BTCUSD_otc
352,2026-06-04 15:00:00,69402.69,69363.74,69424.07,69311.49,398,1780585499.196,BTCUSD_otc
352,2026-06-04 15:05:00,69359.09,69400.26,69462.53,69324.69,398,1780585799.65,BTCUSD_otc
352,2026-06-04 15:10:00,69403.05,69377.74,69491.52,69355.39,394,1780586099.636,BTCUSD_otc
352,2026-06-04 15:15:00,69383.09,69421.67,69522.44,69368.47,412,1780586398.515,BTCUSD_otc
352,2026-06-04 15:20:00,69424.37,69370.93,69538.7,69355.96,395,1780586698.551,BTCUSD_otc
352,2026-06-04 15:25:00,69379.38,69240.32,69382.53,69143.69,391,1780586999.009,BTCUSD_otc
352,2026-06-04 15:30:00,69240.32,69322.62,69374.69,69237.51,393,1780587299.021,BTCUSD_otc
352,2026-06-04 15:35:00,69322.62,69383.37,69401.16,69203.49,415,1780587599.497,BTCUSD_otc
352,2026-06-04 15:40:00,69385.63,69306.46,69424.95,69295.43,403,1780587899.506,BTCUSD_otc
352,2026-06-04 15:45:00,69314.59,69436.64,69500.69,69307.44,402,1780588197.996,BTCUSD_otc
352,2026-06-04 15:50:00,69430.13,69472.96,69495.2,69384.39,374,1780588499.429,BTCUSD_otc
352,2026-06-04 15:55:00,69468.82,69600.51,69617.72,69464.05,390,1780588799.983,BTCUSD_otc
352,2026-06-04 16:00:00,69600.51,69724.04,69749.55,69546.38,412,1780589098.917,BTCUSD_otc
352,2026-06-04 16:05:00,69724.04,69722.07,69809.24,69685.65,394,1780589399.948,BTCUSD_otc
352,2026-06-04 16:10:00,69722.07,69822.84,69831.85,69705.02,374,1780589698.371,BTCUSD_otc
352,2026-06-04 16:15:00,69822.84,69795.91,69834.34,69742.48,407,1780589999.349,BTCUSD_otc
352,2026-06-04 16:20:00,69795.91,69709.58,69874.86,69697.37,387,1780590298.844,BTCUSD_otc
352,2026-06-04 16:25:00,69709.58,69779.92,69817.46,69687.1,403,1780590599.841,BTCUSD_otc
352,2026-06-04 16:30:00,69783.0,69452.88,69783.0,69447.49,390,1780590899.793,BTCUSD_otc
352,2026-06-04 16:35:00,69455.54,69344.45,69465.53,69283.28,393,1780591199.737,BTCUSD_otc
352,2026-06-04 16:40:00,69344.45,69286.45,69393.45,69275.17,378,1780591499.141,BTCUSD_otc
352,2026-06-04 16:45:00,69288.96,69080.87,69319.4,69063.7,396,1780591799.646,BTCUSD_otc
352,2026-06-04 16:50:00,69077.61,69229.07,69250.16,69016.41,391,1780592099.543,BTCUSD_otc
352,2026-06-04 16:55:00,69226.24,69116.21,69246.27,69077.28,406,1780592397.551,BTCUSD_otc
352,2026-06-04 17:00:00,69116.21,69045.94,69156.28,68992.02,382,1780592699.979,BTCUSD_otc
352,2026-06-04 17:05:00,69045.94,68824.64,69045.94,68824.64,393,1780592999.986,BTCUSD_otc
352,2026-06-04 17:10:00,68824.64,68846.39,68887.29,68756.53,394,1780593299.891,BTCUSD_otc
352,2026-06-04 17:15:00,68846.39,68911.12,68943.06,68832.79,405,1780593599.907,BTCUSD_otc
352,2026-06-04 17:20:00,68911.12,68965.29,69056.78,68883.52,388,1780593899.837,BTCUSD_otc
352,2026-06-04 17:25:00,68965.29,68810.22,68987.98,68810.22,390,1780594199.837,BTCUSD_otc
352,2026-06-04 17:30:00,68810.22,68454.66,68810.22,68440.63,398,1780594499.779,BTCUSD_otc
352,2026-06-04 17:35:00,68451.16,68393.79,68484.36,68341.65,410,1780594799.785,BTCUSD_otc
352,2026-06-04 17:40:00,68390.56,68266.17,68504.61,68252.35,403,1780595099.699,BTCUSD_otc
352,2026-06-04 17:45:00,68269.64,68417.59,68439.07,68216.88,404,1780595399.191,BTCUSD_otc
352,2026-06-04 17:50:00,68417.59,68586.16,68587.04,68376.15,399,1780595698.611,BTCUSD_otc
352,2026-06-04 17:55:00,68583.04,68462.33,68623.83,68457.64,395,1780595999.085,BTCUSD_otc
352,2026-06-04 18:00:00,68458.26,68472.78,68564.65,68436.44,403,1780596299.013,BTCUSD_otc
352,2026-06-04 18:05:00,68472.78,68451.61,68580.2,68420.15,393,1780596599.527,BTCUSD_otc
352,2026-06-04 18:10:00,68451.61,68375.96,68451.61,68337.68,383,1780596899.948,BTCUSD_otc
352,2026-06-04 18:15:00,68375.96,68390.71,68469.09,68343.74,376,1780597199.962,BTCUSD_otc
352,2026-06-04 18:20:00,68390.71,68524.98,68524.98,68360.53,418,1780597499.91,BTCUSD_otc
352,2026-06-04 18:25:00,68524.98,68552.49,68631.44,68469.17,396,1780597798.363,BTCUSD_otc
352,2026-06-04 18:30:00,68552.49,68408.44,68612.72,68392.73,412,1780598099.866,BTCUSD_otc
352,2026-06-04 18:35:00,68408.44,68358.35,68415.8,68263.95,388,1780598399.822,BTCUSD_otc
352,2026-06-04 18:40:00,68358.35,68398.82,68410.5,68291.6,421,1780598699.844,BTCUSD_otc
352,2026-06-04 18:45:00,68394.65,68470.2,68529.39,68374.5,417,1780598998.234,BTCUSD_otc
352,2026-06-04 18:50:00,68476.26,68476.85,68480.15,68470.72,8,1780599003.746,BTCUSD_otc
