symbol_id,timestamp,open,close,high,low,volume,last_tick,asset
92,2026-05-21 19:00:00,0.7836,0.78347,0.78369,0.78306,406,1779390299.826,USDCHF_otc
92,2026-05-21 19:05:00,0.78347,0.78361,0.78371,0.7833,410,1779390599.716,USDCHF_otc
92,2026-05-21 19:10:00,0.78361,0.78322,0.78398,0.78322,406,1779390899.629,USDCHF_otc
92,2026-05-21 19:15:00,0.78324,0.78273,0.78324,0.78229,388,1779391199.555,USDCHF_otc
92,2026-05-21 19:20:00,0.78272,0.78318,0.78328,0.78252,395,1779391499.941,USDCHF_otc
92,2026-05-21 19:25:00,0.78318,0.78296,0.78332,0.78288,415,1779391799.939,USDCHF_otc
92,2026-05-21 19:30:00,0.78296,0.78293,0.78324,0.7826,400,1779392099.847,USDCHF_otc
92,2026-05-21 19:35:00,0.78293,0.78253,0.78309,0.78247,391,1779392399.85,USDCHF_otc
92,2026-05-21 19:40:00,0.78255,0.78225,0.78265,0.78203,418,1779392699.838,USDCHF_otc
92,2026-05-21 19:45:00,0.78225,0.78259,0.78278,0.78216,406,1779392999.735,USDCHF_otc
92,2026-05-21 19:50:00,0.78262,0.78264,0.78291,0.78228,412,1779393299.708,USDCHF_otc
92,2026-05-21 19:55:00,0.78265,0.78281,0.78288,0.7825,415,1779393598.065,USDCHF_otc
92,2026-05-21 20:00:00,0.78281,0.78293,0.78326,0.78272,395,1779393899.082,USDCHF_otc
92,2026-05-21 20:05:00,0.78296,0.78322,0.78329,0.78282,386,1779394199.512,USDCHF_otc
92,2026-05-21 20:10:00,0.7832,0.78336,0.78355,0.78303,406,1779394499.513,USDCHF_otc
92,2026-05-21 20:15:00,0.78336,0.78263,0.78338,0.78248,403,1779394799.924,USDCHF_otc
92,2026-05-21 20:20:00,0.78263,0.78268,0.78281,0.78239,385,1779395099.397,USDCHF_otc
92,2026-05-21 20:25:00,0.78268,0.78187,0.78269,0.78165,415,1779395399.741,USDCHF_otc
92,2026-05-21 20:30:00,0.78189,0.78267,0.78267,0.78175,404,1779395699.722,USDCHF_otc
92,2026-05-21 20:35:00,0.78267,0.78337,0.78339,0.78251,407,1779395999.644,USDCHF_otc
92,2026-05-21 20:40:00,0.78337,0.78392,0.78421,0.78337,397,1779396299.582,USDCHF_otc
92,2026-05-21 20:45:00,0.78392,0.78397,0.78425,0.78357,384,1779396599.485,USDCHF_otc
92,2026-05-21 20:50:00,0.78397,0.78387,0.7842,0.78367,397,1779396899.837,USDCHF_otc
92,2026-05-21 20:55:00,0.78387,0.78373,0.78402,0.7831,408,1779397199.349,USDCHF_otc
92,2026-05-21 21:00:00,0.78373,0.78387,0.78414,0.78353,395,1779397499.727,USDCHF_otc
92,2026-05-21 21:05:00,0.78387,0.78406,0.78427,0.78355,416,1779397799.716,USDCHF_otc
92,2026-05-21 21:10:00,0.78408,0.78467,0.78469,0.7838,410,1779398099.577,USDCHF_otc
92,2026-05-21 21:15:00,0.78467,0.78441,0.78476,0.78403,388,1779398399.553,USDCHF_otc
92,2026-05-21 21:20:00,0.78439,0.78503,0.78505,0.7838,385,1779398699.897,USDCHF_otc
92,2026-05-21 21:25:00,0.785,0.7851,0.78534,0.78482,392,1779398999.753,USDCHF_otc
92,2026-05-21 21:30:00,0.7851,0.78507,0.78523,0.78471,397,1779399299.693,USDCHF_otc
92,2026-05-21 21:35:00,0.78507,0.7852,0.78541,0.78504,404,1779399599.621,USDCHF_otc
92,2026-05-21 21:40:00,0.7852,0.78525,0.78559,0.78513,407,1779399899.623,USDCHF_otc
92,2026-05-21 21:45:00,0.78526,0.78546,0.78552,0.78516,389,1779400199.512,USDCHF_otc
92,2026-05-21 21:50:00,0.78548,0.78503,0.78551,0.78469,398,1779400499.985,USDCHF_otc
92,2026-05-21 21:55:00,0.78503,0.78488,0.78526,0.78485,386,1779400799.777,USDCHF_otc
92,2026-05-21 22:00:00,0.78489,0.78428,0.78489,0.78401,411,1779401099.179,USDCHF_otc
92,2026-05-21 22:05:00,0.78425,0.78476,0.7848,0.784,414,1779401399.629,USDCHF_otc
92,2026-05-21 22:10:00,0.78476,0.78412,0.78479,0.78409,407,1779401697.53,USDCHF_otc
92,2026-05-21 22:15:00,0.78412,0.78396,0.78432,0.78381,393,1779401999.543,USDCHF_otc
92,2026-05-21 22:20:00,0.78395,0.78375,0.78402,0.78368,387,1779402299.979,USDCHF_otc
92,2026-05-21 22:25:00,0.78375,0.78371,0.78396,0.78324,394,1779402599.399,USDCHF_otc
92,2026-05-21 22:30:00,0.78371,0.78324,0.78391,0.78292,418,1779402899.769,USDCHF_otc
92,2026-05-21 22:35:00,0.78324,0.7837,0.78384,0.78308,406,1779403199.279,USDCHF_otc
92,2026-05-21 22:40:00,0.78365,0.78326,0.78375,0.78307,388,1779403498.694,USDCHF_otc
92,2026-05-21 22:45:00,0.78326,0.78321,0.78337,0.78293,390,1779403799.215,USDCHF_otc
92,2026-05-21 22:50:00,0.78321,0.78322,0.78339,0.78299,402,1779404099.585,USDCHF_otc
92,2026-05-21 22:55:00,0.78325,0.78368,0.78379,0.78318,384,1779404398.032,USDCHF_otc
92,2026-05-21 23:00:00,0.78368,0.78444,0.78474,0.78363,404,1779404698.918,USDCHF_otc
92,2026-05-21 23:05:00,0.78445,0.78372,0.78466,0.78371,409,1779404999.885,USDCHF_otc
92,2026-05-21 23:10:00,0.78372,0.78323,0.78377,0.78315,396,1779405299.791,USDCHF_otc
92,2026-05-21 23:15:00,0.78323,0.78389,0.78391,0.78323,401,1779405599.234,USDCHF_otc
92,2026-05-21 23:20:00,0.78386,0.78342,0.78387,0.78319,383,1779405899.6,USDCHF_otc
92,2026-05-21 23:25:00,0.78342,0.78335,0.78353,0.783,407,1779406197.992,USDCHF_otc
92,2026-05-21 23:30:00,0.78336,0.78378,0.78378,0.78325,409,1779406499.482,USDCHF_otc
92,2026-05-21 23:35:00,0.78378,0.78399,0.78399,0.78347,404,1779406799.862,USDCHF_otc
92,2026-05-21 23:40:00,0.78399,0.78475,0.78475,0.78386,388,1779407099.829,USDCHF_otc
92,2026-05-21 23:45:00,0.78475,0.78441,0.78477,0.78387,409,1779407399.785,USDCHF_otc
92,2026-05-21 23:50:00,0.78441,0.78397,0.78486,0.78394,418,1779407699.202,USDCHF_otc
92,2026-05-21 23:55:00,0.78397,0.78455,0.78476,0.78389,424,1779407999.605,USDCHF_otc
92,2026-05-22 00:00:00,0.78456,0.78423,0.78471,0.78397,402,1779408299.63,USDCHF_otc
92,2026-05-22 00:05:00,0.78422,0.78385,0.78425,0.78349,405,1779408599.581,USDCHF_otc
92,2026-05-22 00:10:00,0.78385,0.78377,0.78398,0.78347,398,1779408899.503,USDCHF_otc
92,2026-05-22 00:15:00,0.78375,0.7839,0.78431,0.78373,395,1779409199.421,USDCHF_otc
92,2026-05-22 00:20:00,0.7839,0.78377,0.78415,0.78354,397,1779409499.395,USDCHF_otc
92,2026-05-22 00:25:00,0.78377,0.78363,0.78408,0.78352,386,1779409799.764,USDCHF_otc
92,2026-05-22 00:30:00,0.78361,0.78349,0.78379,0.78349,404,1779410098.766,USDCHF_otc
92,2026-05-22 00:35:00,0.78348,0.7835,0.78372,0.78325,386,1779410399.129,USDCHF_otc
92,2026-05-22 00:40:00,0.7835,0.78342,0.78352,0.78307,406,1779410699.593,USDCHF_otc
92,2026-05-22 00:45:00,0.7833,0.78339,0.7835,0.78305,392,1779410999.992,USDCHF_otc
92,2026-05-22 00:50:00,0.78338,0.7838,0.78382,0.78332,385,1779411299.99,USDCHF_otc
92,2026-05-22 00:55:00,0.78382,0.78339,0.78382,0.78323,396,1779411599.843,USDCHF_otc
92,2026-05-22 01:00:00,0.78339,0.78336,0.78376,0.78309,411,1779411899.316,USDCHF_otc
92,2026-05-22 01:05:00,0.78336,0.78309,0.78349,0.78284,390,1779412199.739,USDCHF_otc
92,2026-05-22 01:10:00,0.78309,0.78298,0.78338,0.78285,387,1779412498.685,USDCHF_otc
92,2026-05-22 01:15:00,0.78298,0.78331,0.78332,0.78274,393,1779412799.57,USDCHF_otc
92,2026-05-22 01:20:00,0.78331,0.78336,0.78396,0.7832,394,1779413099.545,USDCHF_otc
92,2026-05-22 01:25:00,0.78334,0.78357,0.78364,0.78286,413,1779413399.924,USDCHF_otc
92,2026-05-22 01:30:00,0.78358,0.78305,0.78376,0.78304,392,1779413699.928,USDCHF_otc
92,2026-05-22 01:35:00,0.78305,0.78354,0.78354,0.78281,390,1779413999.779,USDCHF_otc
92,2026-05-22 01:40:00,0.78354,0.7837,0.78386,0.78322,400,1779414299.78,USDCHF_otc
92,2026-05-22 01:45:00,0.7837,0.78379,0.7841,0.78339,407,1779414599.629,USDCHF_otc
92,2026-05-22 01:50:00,0.78377,0.78318,0.7839,0.78294,379,1779414899.603,USDCHF_otc
92,2026-05-22 01:55:00,0.78318,0.78298,0.78338,0.78286,408,1779415199.992,USDCHF_otc
92,2026-05-22 02:00:00,0.78298,0.78236,0.7831,0.78229,402,1779415499.497,USDCHF_otc
92,2026-05-22 02:05:00,0.78238,0.78318,0.78324,0.78238,395,1779415799.859,USDCHF_otc
92,2026-05-22 02:10:00,0.78318,0.78367,0.78369,0.78306,399,1779416099.823,USDCHF_otc
92,2026-05-22 02:15:00,0.78367,0.78409,0.7842,0.78358,384,1779416399.724,USDCHF_otc
92,2026-05-22 02:20:00,0.78409,0.78448,0.78469,0.78396,390,1779416698.164,USDCHF_otc
92,2026-05-22 02:25:00,0.78448,0.78448,0.78489,0.78427,388,1779416999.539,USDCHF_otc
92,2026-05-22 02:30:00,0.78448,0.78451,0.78476,0.78432,377,1779417299.94,USDCHF_otc
92,2026-05-22 02:35:00,0.78451,0.78527,0.78531,0.78441,403,1779417598.871,USDCHF_otc
92,2026-05-22 02:40:00,0.78526,0.78475,0.78528,0.78464,415,1779417899.219,USDCHF_otc
92,2026-05-22 02:45:00,0.78474,0.78491,0.78505,0.78462,406,1779418198.705,USDCHF_otc
92,2026-05-22 02:50:00,0.78491,0.78403,0.78514,0.78387,384,1779418499.069,USDCHF_otc
92,2026-05-22 02:55:00,0.78403,0.7845,0.78466,0.7839,381,1779418799.052,USDCHF_otc
92,2026-05-22 03:00:00,0.78449,0.78558,0.78562,0.78447,410,1779419099.896,USDCHF_otc
92,2026-05-22 03:05:00,0.78559,0.78535,0.78575,0.78524,392,1779419399.837,USDCHF_otc
92,2026-05-22 03:10:00,0.78535,0.78553,0.78593,0.78532,382,1779419699.72,USDCHF_otc
92,2026-05-22 03:15:00,0.78553,0.78532,0.78568,0.78515,401,1779419999.118,USDCHF_otc
92,2026-05-22 03:20:00,0.78531,0.78552,0.78552,0.78486,401,1779420299.584,USDCHF_otc
92,2026-05-22 03:25:00,0.7855,0.78529,0.78573,0.78502,413,1779420599.994,USDCHF_otc
92,2026-05-22 03:30:00,0.78529,0.78605,0.78618,0.78526,402,1779420899.475,USDCHF_otc
92,2026-05-22 03:35:00,0.78605,0.78684,0.7869,0.78605,409,1779421199.333,USDCHF_otc
92,2026-05-22 03:40:00,0.78683,0.78655,0.787,0.78627,394,1779421499.329,USDCHF_otc
92,2026-05-22 03:45:00,0.78655,0.78686,0.78704,0.78654,397,1779421798.727,USDCHF_otc
92,2026-05-22 03:50:00,0.78686,0.78658,0.78705,0.78658,414,1779422099.73,USDCHF_otc
92,2026-05-22 03:55:00,0.78657,0.78642,0.78667,0.78609,396,1779422399.099,USDCHF_otc
92,2026-05-22 04:00:00,0.78643,0.7868,0.78697,0.78643,418,1779422698.582,USDCHF_otc
92,2026-05-22 04:05:00,0.7868,0.78708,0.78753,0.78667,388,1779422998.925,USDCHF_otc
92,2026-05-22 04:10:00,0.78708,0.78633,0.7872,0.78614,389,1779423299.347,USDCHF_otc
92,2026-05-22 04:15:00,0.78633,0.78737,0.78737,0.78627,395,1779423599.832,USDCHF_otc
92,2026-05-22 04:20:00,0.78737,0.78757,0.78769,0.78696,390,1779423899.848,USDCHF_otc
92,2026-05-22 04:25:00,0.78757,0.78717,0.78763,0.78716,383,1779424199.767,USDCHF_otc
92,2026-05-22 04:30:00,0.78717,0.788,0.78816,0.78713,391,1779424499.701,USDCHF_otc
92,2026-05-22 04:35:00,0.788,0.78773,0.78814,0.7877,375,1779424799.581,USDCHF_otc
92,2026-05-22 04:40:00,0.78773,0.78786,0.78792,0.78747,400,1779425099.976,USDCHF_otc
92,2026-05-22 04:45:00,0.78786,0.7875,0.78811,0.78737,374,1779425399.93,USDCHF_otc
92,2026-05-22 04:50:00,0.7875,0.78695,0.78761,0.78663,414,1779425699.846,USDCHF_otc
92,2026-05-22 04:55:00,0.78696,0.78683,0.78737,0.78679,399,1779425999.796,USDCHF_otc
92,2026-05-22 05:00:00,0.78683,0.78738,0.78744,0.78663,410,1779426299.675,USDCHF_otc
92,2026-05-22 05:05:00,0.78738,0.78695,0.78738,0.7867,370,1779426599.131,USDCHF_otc
92,2026-05-22 05:10:00,0.78695,0.78661,0.787,0.78586,392,1779426899.038,USDCHF_otc
92,2026-05-22 05:15:00,0.78661,0.78595,0.78666,0.78589,408,1779427199.536,USDCHF_otc
92,2026-05-22 05:20:00,0.78593,0.7853,0.78599,0.7853,398,1779427499.895,USDCHF_otc
92,2026-05-22 05:25:00,0.7853,0.7862,0.78626,0.7853,404,1779427798.421,USDCHF_otc
92,2026-05-22 05:30:00,0.78623,0.78644,0.78645,0.7858,401,1779428099.841,USDCHF_otc
92,2026-05-22 05:35:00,0.78644,0.7867,0.78673,0.7863,398,1779428399.768,USDCHF_otc
92,2026-05-22 05:40:00,0.78671,0.787,0.7872,0.78665,411,1779428699.154,USDCHF_otc
92,2026-05-22 05:45:00,0.78703,0.78697,0.78724,0.78658,400,1779428999.559,USDCHF_otc
92,2026-05-22 05:50:00,0.78696,0.78708,0.78723,0.78672,408,1779429299.524,USDCHF_otc
92,2026-05-22 05:55:00,0.78709,0.78675,0.7872,0.78648,398,1779429599.879,USDCHF_otc
92,2026-05-22 06:00:00,0.78676,0.78671,0.78691,0.78653,406,1779429899.387,USDCHF_otc
92,2026-05-22 06:05:00,0.78671,0.78679,0.78697,0.78631,407,1779430199.723,USDCHF_otc
92,2026-05-22 06:10:00,0.78679,0.78677,0.78713,0.78667,389,1779430499.601,USDCHF_otc
92,2026-05-22 06:15:00,0.78678,0.78676,0.78705,0.78655,408,1779430799.588,USDCHF_otc
92,2026-05-22 06:20:00,0.78678,0.78706,0.78708,0.78658,393,1779431099.026,USDCHF_otc
92,2026-05-22 06:25:00,0.78705,0.78705,0.78756,0.78685,398,1779431399.473,USDCHF_otc
92,2026-05-22 06:30:00,0.78705,0.78754,0.78757,0.78697,411,1779431699.884,USDCHF_otc
92,2026-05-22 06:35:00,0.78754,0.78752,0.7877,0.78681,408,1779431999.346,USDCHF_otc
92,2026-05-22 06:40:00,0.78752,0.78737,0.78768,0.78728,410,1779432299.721,USDCHF_otc
92,2026-05-22 06:45:00,0.78738,0.78772,0.78774,0.78707,396,1779432599.732,USDCHF_otc
92,2026-05-22 06:50:00,0.78772,0.78745,0.78788,0.78743,400,1779432899.659,USDCHF_otc
92,2026-05-22 06:55:00,0.78744,0.78782,0.78786,0.78712,390,1779433199.68,USDCHF_otc
92,2026-05-22 07:00:00,0.78782,0.78797,0.78807,0.78763,402,1779433499.588,USDCHF_otc
92,2026-05-22 07:05:00,0.78795,0.78751,0.78808,0.78738,412,1779433799.571,USDCHF_otc
92,2026-05-22 07:10:00,0.78752,0.78746,0.78772,0.78733,402,1779434099.959,USDCHF_otc
92,2026-05-22 07:15:00,0.78746,0.78785,0.78789,0.78727,387,1779434399.45,USDCHF_otc
92,2026-05-22 07:20:00,0.78785,0.78729,0.78785,0.78727,414,1779434699.904,USDCHF_otc
92,2026-05-22 07:25:00,0.78729,0.78716,0.78731,0.78672,406,1779434998.799,USDCHF_otc
92,2026-05-22 07:30:00,0.78716,0.78701,0.7872,0.7866,404,1779435299.612,USDCHF_otc
92,2026-05-22 07:35:00,0.78701,0.78712,0.78733,0.78699,377,1779435599.561,USDCHF_otc
92,2026-05-22 07:40:00,0.78712,0.78622,0.78724,0.78613,383,1779435899.007,USDCHF_otc
92,2026-05-22 07:45:00,0.7862,0.78655,0.78676,0.78593,399,1779436199.424,USDCHF_otc
92,2026-05-22 07:50:00,0.78655,0.78668,0.78668,0.78588,395,1779436499.851,USDCHF_otc
92,2026-05-22 07:55:00,0.78669,0.7876,0.78768,0.78666,391,1779436798.776,USDCHF_otc
92,2026-05-22 08:00:00,0.78761,0.78766,0.78785,0.78727,405,1779437099.698,USDCHF_otc
92,2026-05-22 08:05:00,0.78766,0.78719,0.7877,0.787,407,1779437399.559,USDCHF_otc
92,2026-05-22 08:10:00,0.78717,0.78767,0.78767,0.78684,385,1779437699.463,USDCHF_otc
92,2026-05-22 08:15:00,0.7877,0.78737,0.7878,0.78722,374,1779437999.922,USDCHF_otc
92,2026-05-22 08:20:00,0.78737,0.78818,0.78819,0.78736,398,1779438299.921,USDCHF_otc
92,2026-05-22 08:25:00,0.78818,0.78764,0.78833,0.78764,408,1779438599.287,USDCHF_otc
92,2026-05-22 08:30:00,0.78763,0.78756,0.78806,0.78748,407,1779438899.763,USDCHF_otc
92,2026-05-22 08:35:00,0.78757,0.78839,0.78841,0.78757,396,1779439199.678,USDCHF_otc
92,2026-05-22 08:40:00,0.78839,0.78874,0.78886,0.78828,410,1779439498.561,USDCHF_otc
92,2026-05-22 08:45:00,0.78874,0.78897,0.78932,0.78866,391,1779439799.536,USDCHF_otc
92,2026-05-22 08:50:00,0.78897,0.78926,0.78933,0.78897,366,1779440099.922,USDCHF_otc
92,2026-05-22 08:55:00,0.78928,0.78916,0.78945,0.78883,406,1779440399.894,USDCHF_otc
92,2026-05-22 09:00:00,0.78916,0.78964,0.78982,0.78909,404,1779440699.753,USDCHF_otc
92,2026-05-22 09:05:00,0.78965,0.78958,0.79044,0.78943,384,1779440999.806,USDCHF_otc
92,2026-05-22 09:10:00,0.78958,0.78928,0.78965,0.78909,391,1779441299.673,USDCHF_otc
92,2026-05-22 09:15:00,0.78928,0.78956,0.78956,0.78888,382,1779441599.161,USDCHF_otc
92,2026-05-22 09:20:00,0.78956,0.78977,0.79012,0.78941,385,1779441899.066,USDCHF_otc
92,2026-05-22 09:25:00,0.78976,0.78929,0.79003,0.78929,400,1779442197.558,USDCHF_otc
92,2026-05-22 09:30:00,0.78928,0.78907,0.78942,0.78905,389,1779442499.926,USDCHF_otc
92,2026-05-22 09:35:00,0.78907,0.78931,0.78947,0.78899,388,1779442799.4,USDCHF_otc
92,2026-05-22 09:40:00,0.78931,0.7901,0.7901,0.78928,416,1779443099.797,USDCHF_otc
92,2026-05-22 09:45:00,0.79012,0.79051,0.79064,0.7901,414,1779443399.253,USDCHF_otc
92,2026-05-22 09:50:00,0.7905,0.79084,0.79091,0.79015,407,1779443699.67,USDCHF_otc
92,2026-05-22 09:55:00,0.79084,0.79033,0.79087,0.79031,398,1779443999.682,USDCHF_otc
92,2026-05-22 10:00:00,0.79036,0.79129,0.79153,0.79011,401,1779444299.553,USDCHF_otc
92,2026-05-22 10:05:00,0.79127,0.79079,0.79145,0.79073,381,1779444598.991,USDCHF_otc
92,2026-05-22 10:10:00,0.79079,0.79096,0.79136,0.79061,399,1779444899.47,USDCHF_otc
92,2026-05-22 10:15:00,0.79096,0.79108,0.79112,0.79062,392,1779445199.942,USDCHF_otc
92,2026-05-22 10:20:00,0.79108,0.79073,0.79112,0.79034,421,1779445499.887,USDCHF_otc
92,2026-05-22 10:25:00,0.79074,0.79099,0.79134,0.79074,400,1779445799.386,USDCHF_otc
92,2026-05-22 10:30:00,0.79099,0.79139,0.79146,0.79083,378,1779446099.273,USDCHF_otc
92,2026-05-22 10:35:00,0.79139,0.79167,0.79169,0.79098,401,1779446399.71,USDCHF_otc
92,2026-05-22 10:40:00,0.79168,0.79138,0.79175,0.79132,403,1779446699.668,USDCHF_otc
92,2026-05-22 10:45:00,0.79138,0.79196,0.7921,0.79123,412,1779446999.693,USDCHF_otc
92,2026-05-22 10:50:00,0.79195,0.7911,0.79195,0.79098,421,1779447299.106,USDCHF_otc
92,2026-05-22 10:55:00,0.79111,0.79085,0.79118,0.79078,393,1779447598.612,USDCHF_otc
92,2026-05-22 11:00:00,0.79082,0.79007,0.79082,0.78998,394,1779447898.998,USDCHF_otc
92,2026-05-22 11:05:00,0.79007,0.7905,0.79064,0.79007,412,1779448199.022,USDCHF_otc
92,2026-05-22 11:10:00,0.7905,0.791,0.79103,0.79041,401,1779448499.383,USDCHF_otc
92,2026-05-22 11:15:00,0.79099,0.79069,0.7911,0.79046,393,1779448799.888,USDCHF_otc
92,2026-05-22 11:20:00,0.79069,0.79066,0.79102,0.79049,417,1779449099.338,USDCHF_otc
92,2026-05-22 11:25:00,0.79066,0.79118,0.7912,0.79061,394,1779449399.335,USDCHF_otc
92,2026-05-22 11:30:00,0.79119,0.79068,0.79123,0.79043,397,1779449699.692,USDCHF_otc
92,2026-05-22 11:35:00,0.79068,0.78908,0.79074,0.78902,393,1779449999.709,USDCHF_otc
92,2026-05-22 11:40:00,0.78909,0.78882,0.78919,0.7887,402,1779450299.121,USDCHF_otc
92,2026-05-22 11:45:00,0.78882,0.78942,0.78954,0.78874,404,1779450599.622,USDCHF_otc
92,2026-05-22 11:50:00,0.78942,0.78926,0.78942,0.78906,401,1779450899.541,USDCHF_otc
92,2026-05-22 11:55:00,0.78925,0.78997,0.79011,0.78919,403,1779451199.548,USDCHF_otc
92,2026-05-22 12:00:00,0.78997,0.79013,0.79073,0.78996,403,1779451499.966,USDCHF_otc
92,2026-05-22 12:05:00,0.79013,0.79032,0.79074,0.79009,414,1779451799.479,USDCHF_otc
92,2026-05-22 12:10:00,0.79031,0.79029,0.79048,0.79002,402,1779452099.868,USDCHF_otc
92,2026-05-22 12:15:00,0.79028,0.78946,0.79051,0.78935,398,1779452399.876,USDCHF_otc
92,2026-05-22 12:20:00,0.78946,0.78962,0.78965,0.78919,388,1779452699.281,USDCHF_otc
92,2026-05-22 12:25:00,0.78962,0.78549,0.78997,0.78547,413,1779452998.254,USDCHF_otc
92,2026-05-22 12:30:00,0.78547,0.78559,0.78592,0.78538,395,1779453299.66,USDCHF_otc
92,2026-05-22 12:35:00,0.78559,0.78573,0.7859,0.78545,400,1779453598.676,USDCHF_otc
92,2026-05-22 12:40:00,0.78573,0.78598,0.78616,0.78571,406,1779453899.585,USDCHF_otc
92,2026-05-22 12:45:00,0.78598,0.78589,0.78624,0.78577,400,1779454199.127,USDCHF_otc
92,2026-05-22 12:50:00,0.7859,0.78623,0.78625,0.78586,393,1779454499.479,USDCHF_otc
92,2026-05-22 12:55:00,0.78623,0.78592,0.78628,0.78539,403,1779454799.463,USDCHF_otc
92,2026-05-22 13:00:00,0.78592,0.78588,0.78621,0.78587,391,1779455099.355,USDCHF_otc
92,2026-05-22 13:05:00,0.78586,0.78529,0.78591,0.78511,390,1779455399.375,USDCHF_otc
92,2026-05-22 13:10:00,0.78529,0.78561,0.78571,0.78507,407,1779455699.773,USDCHF_otc
92,2026-05-22 13:15:00,0.78561,0.78518,0.78579,0.78512,389,1779455999.786,USDCHF_otc
92,2026-05-22 13:20:00,0.78518,0.78524,0.78559,0.78518,416,1779456299.169,USDCHF_otc
92,2026-05-22 13:25:00,0.78524,0.78557,0.78572,0.78521,384,1779456599.158,USDCHF_otc
92,2026-05-22 13:30:00,0.78557,0.78562,0.78575,0.78531,405,1779456899.056,USDCHF_otc
92,2026-05-22 13:35:00,0.78562,0.78545,0.78563,0.78528,412,1779457199.558,USDCHF_otc
92,2026-05-22 13:40:00,0.78546,0.786,0.78606,0.78523,413,1779457499.997,USDCHF_otc
92,2026-05-22 13:45:00,0.786,0.78554,0.78614,0.78543,368,1779457799.544,USDCHF_otc
92,2026-05-22 13:50:00,0.78554,0.786,0.786,0.78544,414,1779458099.431,USDCHF_otc
92,2026-05-22 13:55:00,0.786,0.78601,0.78636,0.78571,416,1779458399.912,USDCHF_otc
92,2026-05-22 14:00:00,0.78601,0.78666,0.78687,0.78597,398,1779458698.808,USDCHF_otc
92,2026-05-22 14:05:00,0.78666,0.7864,0.78673,0.78612,413,1779458999.84,USDCHF_otc
92,2026-05-22 14:10:00,0.78644,0.78608,0.78653,0.78606,417,1779459299.213,USDCHF_otc
92,2026-05-22 14:15:00,0.7861,0.78556,0.78621,0.78532,398,1779459599.718,USDCHF_otc
92,2026-05-22 14:20:00,0.78556,0.78602,0.78602,0.78534,392,1779459899.632,USDCHF_otc
92,2026-05-22 14:25:00,0.78604,0.78647,0.78659,0.78597,407,1779460199.597,USDCHF_otc
92,2026-05-22 14:30:00,0.78648,0.78677,0.78719,0.78642,393,1779460499.988,USDCHF_otc
92,2026-05-22 14:35:00,0.78666,0.78709,0.78719,0.78632,414,1779460799.945,USDCHF_otc
92,2026-05-22 14:40:00,0.78709,0.78723,0.78742,0.78705,389,1779461099.865,USDCHF_otc
92,2026-05-22 14:45:00,0.78723,0.78658,0.78735,0.78644,420,1779461399.326,USDCHF_otc
92,2026-05-22 14:50:00,0.78656,0.78623,0.78662,0.78608,384,1779461699.736,USDCHF_otc
92,2026-05-22 14:55:00,0.78623,0.78522,0.78635,0.78513,402,1779461999.681,USDCHF_otc
92,2026-05-22 15:00:00,0.78522,0.78516,0.78525,0.78483,401,1779462299.603,USDCHF_otc
92,2026-05-22 15:05:00,0.78516,0.78518,0.78519,0.78464,407,1779462599.594,USDCHF_otc
92,2026-05-22 15:10:00,0.78508,0.7845,0.78513,0.78414,400,1779462899.513,USDCHF_otc
92,2026-05-22 15:15:00,0.78451,0.78453,0.78474,0.78425,408,1779463199.038,USDCHF_otc
92,2026-05-22 15:20:00,0.78453,0.78502,0.78507,0.78446,412,1779463499.979,USDCHF_otc
92,2026-05-22 15:25:00,0.78504,0.7846,0.78559,0.78457,400,1779463799.469,USDCHF_otc
92,2026-05-22 15:30:00,0.78457,0.78498,0.78504,0.78437,398,1779464099.827,USDCHF_otc
92,2026-05-22 15:35:00,0.78498,0.78483,0.78529,0.78428,414,1779464399.807,USDCHF_otc
92,2026-05-22 15:40:00,0.78482,0.785,0.78517,0.78456,392,1779464699.772,USDCHF_otc
92,2026-05-22 15:45:00,0.78499,0.78454,0.78501,0.78446,392,1779464999.754,USDCHF_otc
92,2026-05-22 15:50:00,0.78454,0.78413,0.78492,0.78407,395,1779465298.219,USDCHF_otc
92,2026-05-22 15:55:00,0.78415,0.78366,0.7843,0.78366,399,1779465599.145,USDCHF_otc
92,2026-05-22 16:00:00,0.78366,0.78402,0.78402,0.78357,404,1779465899.565,USDCHF_otc
92,2026-05-22 16:05:00,0.78402,0.78389,0.78413,0.78382,404,1779466199.555,USDCHF_otc
92,2026-05-22 16:10:00,0.78389,0.78391,0.78416,0.78355,401,1779466499.433,USDCHF_otc
92,2026-05-22 16:15:00,0.78391,0.78442,0.78445,0.78353,419,1779466799.921,USDCHF_otc
92,2026-05-22 16:20:00,0.7844,0.78445,0.78459,0.78404,410,1779467099.336,USDCHF_otc
92,2026-05-22 16:25:00,0.78445,0.78431,0.7847,0.78431,402,1779467399.799,USDCHF_otc
92,2026-05-22 16:30:00,0.78431,0.78439,0.78446,0.78361,396,1779467699.673,USDCHF_otc
92,2026-05-22 16:35:00,0.78437,0.78427,0.78486,0.78421,408,1779467999.668,USDCHF_otc
92,2026-05-22 16:40:00,0.78428,0.78373,0.7843,0.78359,399,1779468299.609,USDCHF_otc
92,2026-05-22 16:45:00,0.78373,0.78393,0.78419,0.7837,397,1779468599.112,USDCHF_otc
92,2026-05-22 16:50:00,0.78393,0.78383,0.78419,0.78382,386,1779468899.539,USDCHF_otc
92,2026-05-22 16:55:00,0.78381,0.78341,0.78387,0.78316,406,1779469199.51,USDCHF_otc
92,2026-05-22 17:00:00,0.78341,0.78318,0.78356,0.7831,373,1779469499.431,USDCHF_otc
92,2026-05-22 17:05:00,0.78318,0.78314,0.78323,0.78285,418,1779469799.951,USDCHF_otc
92,2026-05-22 17:10:00,0.78314,0.78327,0.78349,0.78312,404,1779470099.31,USDCHF_otc
92,2026-05-22 17:15:00,0.78327,0.7832,0.78327,0.78278,387,1779470398.793,USDCHF_otc
92,2026-05-22 17:20:00,0.7832,0.78329,0.78347,0.78307,382,1779470699.225,USDCHF_otc
92,2026-05-22 17:25:00,0.78329,0.78329,0.78375,0.78307,407,1779470999.693,USDCHF_otc
92,2026-05-22 17:30:00,0.78336,0.7828,0.78343,0.7828,414,1779471299.597,USDCHF_otc
92,2026-05-22 17:35:00,0.7828,0.78316,0.78367,0.78279,405,1779471599.604,USDCHF_otc
92,2026-05-22 17:40:00,0.78315,0.78307,0.78359,0.78303,393,1779471899.985,USDCHF_otc
92,2026-05-22 17:45:00,0.78307,0.78306,0.78352,0.78289,393,1779472199.444,USDCHF_otc
92,2026-05-22 17:50:00,0.78294,0.78292,0.78312,0.78241,385,1779472499.358,USDCHF_otc
92,2026-05-22 17:55:00,0.78292,0.78256,0.78303,0.78243,398,1779472799.839,USDCHF_otc
92,2026-05-22 18:00:00,0.78256,0.78242,0.78259,0.78219,404,1779473099.23,USDCHF_otc
92,2026-05-22 18:05:00,0.78242,0.78238,0.78247,0.78202,389,1779473399.225,USDCHF_otc
92,2026-05-22 18:10:00,0.78238,0.78263,0.78296,0.78231,410,1779473699.614,USDCHF_otc
92,2026-05-22 18:15:00,0.78263,0.78193,0.78269,0.78193,407,1779473999.597,USDCHF_otc
92,2026-05-22 18:20:00,0.78194,0.78124,0.78197,0.78111,398,1779474299.011,USDCHF_otc
92,2026-05-22 18:25:00,0.78126,0.78148,0.78167,0.78096,399,1779474599.921,USDCHF_otc
92,2026-05-22 18:30:00,0.78148,0.78123,0.78179,0.78115,388,1779474898.914,USDCHF_otc
92,2026-05-22 18:35:00,0.78123,0.78154,0.78157,0.78094,411,1779475199.863,USDCHF_otc
92,2026-05-22 18:40:00,0.78154,0.78173,0.78176,0.781,393,1779475499.31,USDCHF_otc
92,2026-05-22 18:45:00,0.78174,0.78119,0.78189,0.78094,387,1779475798.75,USDCHF_otc
92,2026-05-22 18:50:00,0.78119,0.7804,0.78122,0.78035,393,1779476099.67,USDCHF_otc
92,2026-05-22 18:55:00,0.78041,0.78098,0.78128,0.78034,401,1779476399.571,USDCHF_otc
92,2026-05-22 19:00:00,0.78098,0.78146,0.78172,0.78092,392,1779476699.062,USDCHF_otc
92,2026-05-22 19:05:00,0.78146,0.78109,0.78154,0.78102,400,1779476999.957,USDCHF_otc
92,2026-05-22 19:10:00,0.78109,0.77961,0.78115,0.77957,407,1779477299.966,USDCHF_otc
92,2026-05-22 19:15:00,0.77961,0.77913,0.77977,0.77907,403,1779477599.859,USDCHF_otc
92,2026-05-22 19:20:00,0.77913,0.77851,0.77931,0.77822,393,1779477899.812,USDCHF_otc
92,2026-05-22 19:25:00,0.77851,0.77851,0.77861,0.77818,385,1779478199.675,USDCHF_otc
92,2026-05-22 19:30:00,0.77851,0.77835,0.77854,0.77801,398,1779478499.682,USDCHF_otc
92,2026-05-22 19:35:00,0.77836,0.77824,0.77856,0.77815,408,1779478799.606,USDCHF_otc
92,2026-05-22 19:40:00,0.77822,0.77773,0.77826,0.77768,382,1779479098.6,USDCHF_otc
92,2026-05-22 19:45:00,0.77773,0.77734,0.77778,0.77706,403,1779479399.521,USDCHF_otc
92,2026-05-22 19:50:00,0.77734,0.7769,0.77754,0.7769,391,1779479699.499,USDCHF_otc
92,2026-05-22 19:55:00,0.77688,0.77702,0.77705,0.77665,409,1779479999.837,USDCHF_otc
92,2026-05-22 20:00:00,0.77701,0.77682,0.77707,0.77662,429,1779480297.267,USDCHF_otc
92,2026-05-22 20:05:00,0.77682,0.77677,0.77711,0.77667,395,1779480599.72,USDCHF_otc
92,2026-05-22 20:10:00,0.77677,0.77724,0.77727,0.7767,397,1779480899.631,USDCHF_otc
92,2026-05-22 20:15:00,0.77721,0.77656,0.77729,0.77653,397,1779481199.565,USDCHF_otc
92,2026-05-22 20:20:00,0.77656,0.77704,0.77711,0.77653,406,1779481499.525,USDCHF_otc
92,2026-05-22 20:25:00,0.77704,0.7768,0.77705,0.77654,417,1779481799.911,USDCHF_otc
92,2026-05-22 20:30:00,0.77683,0.77673,0.77728,0.77672,423,1779482099.813,USDCHF_otc
92,2026-05-22 20:35:00,0.77674,0.77669,0.77687,0.77658,408,1779482399.792,USDCHF_otc
92,2026-05-22 20:40:00,0.77669,0.77705,0.77726,0.77668,373,1779482699.186,USDCHF_otc
92,2026-05-22 20:45:00,0.77705,0.77716,0.77748,0.77675,401,1779482996.656,USDCHF_otc
92,2026-05-22 20:50:00,0.77716,0.77757,0.77767,0.77708,398,1779483299.505,USDCHF_otc
92,2026-05-22 20:55:00,0.77756,0.77711,0.77768,0.77704,389,1779483599.524,USDCHF_otc
92,2026-05-22 21:00:00,0.77712,0.77793,0.77801,0.7769,402,1779483899.377,USDCHF_otc
92,2026-05-22 21:05:00,0.77793,0.77843,0.77864,0.77787,392,1779484199.87,USDCHF_otc
92,2026-05-22 21:10:00,0.77847,0.77834,0.77847,0.77803,395,1779484499.788,USDCHF_otc
92,2026-05-22 21:15:00,0.77834,0.77849,0.77858,0.77823,415,1779484799.778,USDCHF_otc
92,2026-05-22 21:20:00,0.77849,0.77893,0.77894,0.77823,389,1779485099.679,USDCHF_otc
92,2026-05-22 21:25:00,0.77895,0.77882,0.7791,0.77873,399,1779485399.639,USDCHF_otc
92,2026-05-22 21:30:00,0.7788,0.77799,0.77881,0.77797,411,1779485699.985,USDCHF_otc
92,2026-05-22 21:35:00,0.77799,0.77797,0.77808,0.77759,394,1779485999.963,USDCHF_otc
92,2026-05-22 21:40:00,0.77797,0.77817,0.77827,0.7778,397,1779486299.329,USDCHF_otc
92,2026-05-22 21:45:00,0.77813,0.77794,0.77851,0.77787,400,1779486599.293,USDCHF_otc
92,2026-05-22 21:50:00,0.77795,0.7775,0.7782,0.7772,397,1779486899.672,USDCHF_otc
92,2026-05-22 21:55:00,0.7775,0.7775,0.77763,0.7772,400,1779487199.54,USDCHF_otc
92,2026-05-22 22:00:00,0.77751,0.7775,0.7777,0.77725,394,1779487499.997,USDCHF_otc
92,2026-05-22 22:05:00,0.7775,0.77788,0.77795,0.77734,421,1779487799.847,USDCHF_otc
92,2026-05-22 22:10:00,0.77789,0.77871,0.77872,0.77772,405,1779488099.815,USDCHF_otc
92,2026-05-22 22:15:00,0.77871,0.77844,0.77892,0.77837,414,1779488399.718,USDCHF_otc
92,2026-05-22 22:20:00,0.77844,0.7785,0.77862,0.77808,394,1779488699.661,USDCHF_otc
92,2026-05-22 22:25:00,0.7785,0.77919,0.77934,0.77848,417,1779488999.554,USDCHF_otc
92,2026-05-22 22:30:00,0.7792,0.779,0.77928,0.77854,404,1779489299.02,USDCHF_otc
92,2026-05-22 22:35:00,0.77903,0.77899,0.77931,0.7788,398,1779489599.908,USDCHF_otc
92,2026-05-22 22:40:00,0.77899,0.77863,0.77914,0.77862,396,1779489899.375,USDCHF_otc
92,2026-05-22 22:45:00,0.77865,0.77872,0.77908,0.77858,407,1779490199.791,USDCHF_otc
92,2026-05-22 22:50:00,0.77872,0.77838,0.77878,0.77814,407,1779490498.699,USDCHF_otc
92,2026-05-22 22:55:00,0.77838,0.77841,0.77861,0.778,386,1779490799.619,USDCHF_otc
92,2026-05-22 23:00:00,0.77839,0.77864,0.77874,0.77823,405,1779491099.001,USDCHF_otc
92,2026-05-22 23:05:00,0.77864,0.77827,0.77867,0.77794,402,1779491399.462,USDCHF_otc
92,2026-05-22 23:10:00,0.77827,0.77865,0.77875,0.77813,390,1779491698.823,USDCHF_otc
92,2026-05-22 23:15:00,0.77865,0.77824,0.77925,0.77824,401,1779491999.81,USDCHF_otc
92,2026-05-22 23:20:00,0.77823,0.7786,0.7789,0.77817,410,1779492299.706,USDCHF_otc
92,2026-05-22 23:25:00,0.77857,0.77873,0.77882,0.77837,410,1779492599.672,USDCHF_otc
92,2026-05-22 23:30:00,0.77873,0.77917,0.77917,0.77851,411,1779492899.03,USDCHF_otc
92,2026-05-22 23:35:00,0.77917,0.78001,0.78013,0.77895,384,1779493198.522,USDCHF_otc
92,2026-05-22 23:40:00,0.78002,0.77987,0.78006,0.77958,402,1779493498.928,USDCHF_otc
92,2026-05-22 23:45:00,0.77987,0.77966,0.78018,0.7796,415,1779493799.9,USDCHF_otc
92,2026-05-22 23:50:00,0.77966,0.77923,0.77976,0.77912,399,1779494099.861,USDCHF_otc
92,2026-05-22 23:55:00,0.77923,0.77958,0.7796,0.77906,376,1779494399.824,USDCHF_otc
92,2026-05-23 00:00:00,0.77959,0.77999,0.78,0.77943,398,1779494699.244,USDCHF_otc
92,2026-05-23 00:05:00,0.77999,0.77963,0.78001,0.77953,402,1779494999.683,USDCHF_otc
92,2026-05-23 00:10:00,0.77963,0.77964,0.7797,0.77922,376,1779495299.063,USDCHF_otc
92,2026-05-23 00:15:00,0.77963,0.77937,0.77984,0.7792,412,1779495599.036,USDCHF_otc
92,2026-05-23 00:20:00,0.77934,0.77984,0.78002,0.77923,401,1779495899.926,USDCHF_otc
92,2026-05-23 00:25:00,0.77984,0.7804,0.78051,0.77983,413,1779496199.904,USDCHF_otc
92,2026-05-23 00:30:00,0.7804,0.78034,0.78047,0.77993,404,1779496499.796,USDCHF_otc
92,2026-05-23 00:35:00,0.78035,0.7803,0.78041,0.77977,391,1779496799.719,USDCHF_otc
92,2026-05-23 00:40:00,0.78029,0.7804,0.78076,0.78011,403,1779497099.622,USDCHF_otc
92,2026-05-23 00:45:00,0.7804,0.78001,0.78059,0.78001,386,1779497398.523,USDCHF_otc
92,2026-05-23 00:50:00,0.78003,0.78016,0.78021,0.77979,386,1779497699.953,USDCHF_otc
92,2026-05-23 00:55:00,0.78017,0.77923,0.78021,0.77923,381,1779497999.819,USDCHF_otc
92,2026-05-23 01:00:00,0.77923,0.77957,0.77971,0.77918,425,1779498299.806,USDCHF_otc
92,2026-05-23 01:05:00,0.77957,0.77944,0.77966,0.77907,404,1779498599.691,USDCHF_otc
92,2026-05-23 01:10:00,0.77947,0.77955,0.77958,0.77933,412,1779498899.671,USDCHF_otc
92,2026-05-23 01:15:00,0.77954,0.7792,0.77963,0.77911,378,1779499199.544,USDCHF_otc
92,2026-05-23 01:20:00,0.77921,0.77879,0.77928,0.77873,418,1779499499.523,USDCHF_otc
92,2026-05-23 01:25:00,0.77881,0.77949,0.77966,0.77881,402,1779499799.879,USDCHF_otc
92,2026-05-23 01:30:00,0.77952,0.78002,0.7802,0.77939,425,1779500098.298,USDCHF_otc
92,2026-05-23 01:35:00,0.78001,0.78039,0.78047,0.77996,425,1779500399.176,USDCHF_otc
92,2026-05-23 01:40:00,0.78039,0.78052,0.78073,0.78021,396,1779500699.587,USDCHF_otc
92,2026-05-23 01:45:00,0.78052,0.77985,0.78054,0.77968,422,1779500998.595,USDCHF_otc
92,2026-05-23 01:50:00,0.77985,0.78049,0.7805,0.77977,380,1779501299.497,USDCHF_otc
92,2026-05-23 01:55:00,0.78047,0.77975,0.78047,0.77973,391,1779501599.443,USDCHF_otc
92,2026-05-23 02:00:00,0.77975,0.77944,0.77986,0.77944,422,1779501899.821,USDCHF_otc
92,2026-05-23 02:05:00,0.77944,0.77944,0.77958,0.77919,408,1779502199.791,USDCHF_otc
92,2026-05-23 02:10:00,0.77942,0.77904,0.77953,0.77886,399,1779502499.641,USDCHF_otc
92,2026-05-23 02:15:00,0.77905,0.77938,0.77959,0.77867,397,1779502799.575,USDCHF_otc
92,2026-05-23 02:20:00,0.77936,0.77976,0.77988,0.77935,394,1779503099.505,USDCHF_otc
92,2026-05-23 02:25:00,0.77976,0.78021,0.78022,0.77956,403,1779503399.959,USDCHF_otc
92,2026-05-23 02:30:00,0.78023,0.77993,0.78037,0.77954,409,1779503699.89,USDCHF_otc
92,2026-05-23 02:35:00,0.77993,0.78008,0.78028,0.77982,388,1779503999.86,USDCHF_otc
92,2026-05-23 02:40:00,0.78008,0.78022,0.78049,0.77997,399,1779504298.706,USDCHF_otc
92,2026-05-23 02:45:00,0.78023,0.78032,0.78063,0.77982,406,1779504599.137,USDCHF_otc
92,2026-05-23 02:50:00,0.78031,0.78024,0.7807,0.78013,399,1779504898.603,USDCHF_otc
92,2026-05-23 02:55:00,0.78024,0.78014,0.78028,0.77984,392,1779505198.548,USDCHF_otc
92,2026-05-23 03:00:00,0.78016,0.78011,0.78041,0.77984,404,1779505499.958,USDCHF_otc
92,2026-05-23 03:05:00,0.78008,0.78004,0.78036,0.7799,389,1779505798.834,USDCHF_otc
92,2026-05-23 03:10:00,0.78004,0.77875,0.78021,0.77875,413,1779506099.787,USDCHF_otc
92,2026-05-23 03:15:00,0.77875,0.77884,0.77907,0.77863,409,1779506399.657,USDCHF_otc
92,2026-05-23 03:20:00,0.77881,0.77859,0.77884,0.77825,396,1779506699.149,USDCHF_otc
92,2026-05-23 03:25:00,0.77854,0.77896,0.77903,0.77816,406,1779506999.516,USDCHF_otc
92,2026-05-23 03:30:00,0.77896,0.77869,0.77919,0.77847,406,1779507299.508,USDCHF_otc
92,2026-05-23 03:35:00,0.77868,0.7789,0.77891,0.77833,396,1779507599.364,USDCHF_otc
92,2026-05-23 03:40:00,0.77888,0.77881,0.7789,0.7784,379,1779507899.697,USDCHF_otc
92,2026-05-23 03:45:00,0.77883,0.77873,0.7791,0.77834,406,1779508199.656,USDCHF_otc
92,2026-05-23 03:50:00,0.77873,0.77922,0.77939,0.77836,411,1779508499.569,USDCHF_otc
92,2026-05-23 03:55:00,0.77926,0.77936,0.77974,0.77917,413,1779508799.037,USDCHF_otc
92,2026-05-23 04:00:00,0.77937,0.77947,0.77963,0.77923,417,1779509099.948,USDCHF_otc
92,2026-05-23 04:05:00,0.77948,0.77958,0.78021,0.77931,398,1779509399.44,USDCHF_otc
92,2026-05-23 04:10:00,0.77958,0.77997,0.78026,0.77952,395,1779509699.806,USDCHF_otc
92,2026-05-23 04:15:00,0.77997,0.77961,0.78032,0.77946,380,1779509998.293,USDCHF_otc
92,2026-05-23 04:20:00,0.77961,0.78044,0.78044,0.77955,399,1779510299.663,USDCHF_otc
92,2026-05-23 04:25:00,0.78048,0.78121,0.78127,0.78033,409,1779510599.639,USDCHF_otc
92,2026-05-23 04:30:00,0.78121,0.78045,0.78122,0.78031,402,1779510899.526,USDCHF_otc
92,2026-05-23 04:35:00,0.78044,0.78123,0.78129,0.78044,407,1779511199.941,USDCHF_otc
92,2026-05-23 04:40:00,0.78123,0.78116,0.7816,0.78103,388,1779511499.87,USDCHF_otc
92,2026-05-23 04:45:00,0.78115,0.78073,0.78127,0.78069,378,1779511799.818,USDCHF_otc
92,2026-05-23 04:50:00,0.78073,0.78022,0.78084,0.78012,389,1779512099.271,USDCHF_otc
92,2026-05-23 04:55:00,0.78022,0.78036,0.78056,0.78019,383,1779512399.719,USDCHF_otc
92,2026-05-23 05:00:00,0.78037,0.78112,0.78112,0.78032,380,1779512699.135,USDCHF_otc
92,2026-05-23 05:05:00,0.78111,0.78062,0.78126,0.7805,409,1779512999.588,USDCHF_otc
92,2026-05-23 05:10:00,0.78062,0.78131,0.78135,0.78055,397,1779513297.964,USDCHF_otc
92,2026-05-23 05:15:00,0.78131,0.78225,0.78225,0.7813,396,1779513599.955,USDCHF_otc
92,2026-05-23 05:20:00,0.78225,0.78204,0.7823,0.78174,397,1779513899.862,USDCHF_otc
92,2026-05-23 05:25:00,0.78204,0.7816,0.78222,0.78137,396,1779514199.311,USDCHF_otc
92,2026-05-23 05:30:00,0.7816,0.78199,0.78231,0.78149,387,1779514499.685,USDCHF_otc
92,2026-05-23 05:35:00,0.782,0.78253,0.78256,0.78171,416,1779514799.633,USDCHF_otc
92,2026-05-23 05:40:00,0.78253,0.78305,0.78333,0.78245,380,1779515099.015,USDCHF_otc
92,2026-05-23 05:45:00,0.78305,0.78318,0.78332,0.78287,392,1779515399.983,USDCHF_otc
92,2026-05-23 05:50:00,0.78318,0.78194,0.78324,0.78185,401,1779515699.861,USDCHF_otc
92,2026-05-23 05:55:00,0.78194,0.78116,0.78198,0.78104,400,1779515999.243,USDCHF_otc
92,2026-05-23 06:00:00,0.78116,0.78138,0.78161,0.78089,407,1779516299.229,USDCHF_otc
92,2026-05-23 06:05:00,0.78138,0.78142,0.78181,0.78136,405,1779516599.189,USDCHF_otc
92,2026-05-23 06:10:00,0.78142,0.78126,0.78181,0.78126,380,1779516899.614,USDCHF_otc
92,2026-05-23 06:15:00,0.78128,0.78081,0.78134,0.78068,414,1779517199.969,USDCHF_otc
92,2026-05-23 06:20:00,0.78078,0.781,0.78131,0.78076,433,1779517499.954,USDCHF_otc
92,2026-05-23 06:25:00,0.781,0.78024,0.78118,0.78018,379,1779517799.32,USDCHF_otc
92,2026-05-23 06:30:00,0.78024,0.78092,0.78111,0.78018,398,1779518099.783,USDCHF_otc
92,2026-05-23 06:35:00,0.78094,0.78102,0.78121,0.78073,399,1779518399.706,USDCHF_otc
92,2026-05-23 06:40:00,0.78102,0.78108,0.7813,0.7808,369,1779518699.679,USDCHF_otc
92,2026-05-23 06:45:00,0.78109,0.78159,0.78194,0.78109,401,1779518999.616,USDCHF_otc
92,2026-05-23 06:50:00,0.78154,0.78081,0.78154,0.7807,403,1779519299.559,USDCHF_otc
92,2026-05-23 06:55:00,0.78081,0.78048,0.78085,0.78031,393,1779519599.506,USDCHF_otc
92,2026-05-23 07:00:00,0.78049,0.77981,0.78057,0.77976,410,1779519899.961,USDCHF_otc
92,2026-05-23 07:05:00,0.77981,0.77998,0.78002,0.77967,376,1779520199.915,USDCHF_otc
92,2026-05-23 07:10:00,0.78,0.78018,0.78049,0.77988,390,1779520499.896,USDCHF_otc
92,2026-05-23 07:15:00,0.78018,0.78033,0.78073,0.7801,376,1779520799.791,USDCHF_otc
92,2026-05-23 07:20:00,0.78033,0.78045,0.7808,0.78027,390,1779521099.754,USDCHF_otc
92,2026-05-23 07:25:00,0.78045,0.78131,0.78151,0.78038,416,1779521399.727,USDCHF_otc
92,2026-05-23 07:30:00,0.78132,0.78119,0.78181,0.78101,399,1779521699.677,USDCHF_otc
92,2026-05-23 07:35:00,0.78119,0.78078,0.78129,0.7806,403,1779521999.578,USDCHF_otc
92,2026-05-23 07:40:00,0.78078,0.78121,0.78146,0.78078,424,1779522299.019,USDCHF_otc
92,2026-05-23 07:45:00,0.7812,0.7812,0.78137,0.78081,411,1779522599.469,USDCHF_otc
92,2026-05-23 07:50:00,0.78121,0.78169,0.7818,0.78107,399,1779522899.941,USDCHF_otc
92,2026-05-23 07:55:00,0.78169,0.78218,0.7823,0.78159,393,1779523199.813,USDCHF_otc
92,2026-05-23 08:00:00,0.78218,0.78274,0.78287,0.78218,413,1779523499.754,USDCHF_otc
92,2026-05-23 08:05:00,0.78274,0.78373,0.78387,0.78273,420,1779523799.165,USDCHF_otc
92,2026-05-23 08:10:00,0.78373,0.78337,0.78378,0.78334,401,1779524099.607,USDCHF_otc
92,2026-05-23 08:15:00,0.78339,0.78332,0.78353,0.78295,408,1779524399.557,USDCHF_otc
92,2026-05-23 08:20:00,0.78333,0.78346,0.78361,0.78319,409,1779524699.462,USDCHF_otc
92,2026-05-23 08:25:00,0.78345,0.78288,0.78385,0.78278,389,1779524999.923,USDCHF_otc
92,2026-05-23 08:30:00,0.78288,0.78306,0.78309,0.78271,382,1779525299.832,USDCHF_otc
92,2026-05-23 08:35:00,0.78306,0.78338,0.7834,0.78288,423,1779525599.802,USDCHF_otc
92,2026-05-23 08:40:00,0.78338,0.7836,0.78396,0.78319,410,1779525899.65,USDCHF_otc
92,2026-05-23 08:45:00,0.78361,0.78364,0.78398,0.78352,407,1779526199.624,USDCHF_otc
92,2026-05-23 08:50:00,0.78364,0.78444,0.78455,0.78355,427,1779526499.572,USDCHF_otc
92,2026-05-23 08:55:00,0.78444,0.78438,0.78464,0.78393,413,1779526799.527,USDCHF_otc
92,2026-05-23 09:00:00,0.78439,0.78395,0.78451,0.78357,387,1779527098.465,USDCHF_otc
92,2026-05-23 09:05:00,0.78396,0.78351,0.78411,0.78328,408,1779527399.877,USDCHF_otc
92,2026-05-23 09:10:00,0.78351,0.78369,0.78383,0.78322,397,1779527699.793,USDCHF_otc
92,2026-05-23 09:15:00,0.78369,0.78348,0.78389,0.78335,401,1779527999.728,USDCHF_otc
92,2026-05-23 09:20:00,0.78347,0.78361,0.78373,0.78342,387,1779528299.643,USDCHF_otc
92,2026-05-23 09:25:00,0.78361,0.78403,0.78413,0.78356,401,1779528599.005,USDCHF_otc
92,2026-05-23 09:30:00,0.78403,0.78369,0.78408,0.7833,428,1779528899.557,USDCHF_otc
92,2026-05-23 09:35:00,0.78367,0.78251,0.7837,0.7825,405,1779529199.922,USDCHF_otc
92,2026-05-23 09:40:00,0.78249,0.78268,0.78319,0.78246,396,1779529499.899,USDCHF_otc
92,2026-05-23 09:45:00,0.78268,0.78283,0.78317,0.78266,399,1779529799.719,USDCHF_otc
92,2026-05-23 09:50:00,0.78283,0.78305,0.78337,0.78283,417,1779530099.618,USDCHF_otc
92,2026-05-23 09:55:00,0.78305,0.78325,0.78349,0.78301,415,1779530398.586,USDCHF_otc
92,2026-05-23 10:00:00,0.78325,0.78284,0.78325,0.78277,393,1779530697.989,USDCHF_otc
92,2026-05-23 10:05:00,0.78284,0.78289,0.78296,0.78254,395,1779530999.998,USDCHF_otc
92,2026-05-23 10:10:00,0.78291,0.78341,0.78345,0.78291,408,1779531299.348,USDCHF_otc
92,2026-05-23 10:15:00,0.78333,0.78359,0.78359,0.78317,372,1779531599.338,USDCHF_otc
92,2026-05-23 10:20:00,0.78359,0.78333,0.78372,0.78291,410,1779531899.737,USDCHF_otc
92,2026-05-23 10:25:00,0.78336,0.7832,0.78353,0.78306,401,1779532197.715,USDCHF_otc
92,2026-05-23 10:30:00,0.78321,0.78286,0.78337,0.7828,391,1779532499.636,USDCHF_otc
92,2026-05-23 10:35:00,0.78282,0.78316,0.78329,0.7827,403,1779532799.612,USDCHF_otc
92,2026-05-23 10:40:00,0.78315,0.78286,0.78318,0.78265,388,1779533098.494,USDCHF_otc
92,2026-05-23 10:45:00,0.78286,0.78292,0.78331,0.7827,407,1779533399.527,USDCHF_otc
92,2026-05-23 10:50:00,0.78291,0.78348,0.78351,0.78291,400,1779533699.899,USDCHF_otc
92,2026-05-23 10:55:00,0.78348,0.78335,0.78353,0.78317,387,1779533998.895,USDCHF_otc
92,2026-05-23 11:00:00,0.78335,0.7842,0.7842,0.78329,384,1779534298.807,USDCHF_otc
92,2026-05-23 11:05:00,0.7842,0.78418,0.78453,0.78389,386,1779534599.78,USDCHF_otc
92,2026-05-23 11:10:00,0.78418,0.78421,0.78444,0.7839,387,1779534899.686,USDCHF_otc
92,2026-05-23 11:15:00,0.78421,0.78463,0.7847,0.78414,389,1779535197.184,USDCHF_otc
92,2026-05-23 11:20:00,0.78465,0.78505,0.78526,0.78458,383,1779535499.542,USDCHF_otc
92,2026-05-23 11:25:00,0.78507,0.78451,0.78524,0.78419,405,1779535799.53,USDCHF_otc
92,2026-05-23 11:30:00,0.78451,0.78465,0.78503,0.78433,417,1779536099.998,USDCHF_otc
92,2026-05-23 11:35:00,0.78465,0.78404,0.78465,0.78348,393,1779536399.981,USDCHF_otc
92,2026-05-23 11:40:00,0.78404,0.78341,0.78415,0.78328,387,1779536699.371,USDCHF_otc
92,2026-05-23 11:45:00,0.7834,0.78319,0.7837,0.78317,394,1779536999.356,USDCHF_otc
92,2026-05-23 11:50:00,0.78319,0.78286,0.78327,0.78247,393,1779537299.745,USDCHF_otc
92,2026-05-23 11:55:00,0.78284,0.78243,0.78307,0.78231,391,1779537599.155,USDCHF_otc
92,2026-05-23 12:00:00,0.78236,0.78238,0.7827,0.78222,415,1779537899.654,USDCHF_otc
92,2026-05-23 12:05:00,0.78236,0.78273,0.78299,0.78224,389,1779538199.617,USDCHF_otc
92,2026-05-23 12:10:00,0.78273,0.78261,0.78291,0.78244,410,1779538497.02,USDCHF_otc
92,2026-05-23 12:15:00,0.78263,0.78222,0.78282,0.78182,407,1779538799.972,USDCHF_otc
92,2026-05-23 12:20:00,0.78222,0.78201,0.78244,0.78192,391,1779539099.384,USDCHF_otc
92,2026-05-23 12:25:00,0.78199,0.78171,0.78237,0.78171,408,1779539399.863,USDCHF_otc
92,2026-05-23 12:30:00,0.78171,0.78141,0.78174,0.78127,418,1779539699.844,USDCHF_otc
92,2026-05-23 12:35:00,0.78141,0.78151,0.78194,0.78134,394,1779539999.76,USDCHF_otc
92,2026-05-23 12:40:00,0.78149,0.78187,0.78202,0.78143,400,1779540299.688,USDCHF_otc
92,2026-05-23 12:45:00,0.78187,0.78193,0.78195,0.78148,385,1779540599.559,USDCHF_otc
92,2026-05-23 12:50:00,0.78193,0.78231,0.78237,0.78177,404,1779540899.548,USDCHF_otc
92,2026-05-23 12:55:00,0.78231,0.78288,0.78289,0.78225,384,1779541199.954,USDCHF_otc
92,2026-05-23 13:00:00,0.7829,0.78278,0.78294,0.78237,382,1779541499.969,USDCHF_otc
92,2026-05-23 13:05:00,0.78278,0.78303,0.78323,0.7825,402,1779541799.38,USDCHF_otc
92,2026-05-23 13:10:00,0.78303,0.78279,0.78308,0.78233,391,1779542099.872,USDCHF_otc
92,2026-05-23 13:15:00,0.7828,0.78272,0.78304,0.78253,402,1779542399.687,USDCHF_otc
92,2026-05-23 13:20:00,0.78272,0.78347,0.78347,0.78263,422,1779542699.205,USDCHF_otc
92,2026-05-23 13:25:00,0.78347,0.78381,0.78405,0.78341,404,1779542999.089,USDCHF_otc
92,2026-05-23 13:30:00,0.78384,0.7838,0.78441,0.78379,380,1779543299.6,USDCHF_otc
92,2026-05-23 13:35:00,0.78378,0.78432,0.78446,0.78373,376,1779543599.487,USDCHF_otc
92,2026-05-23 13:40:00,0.78432,0.78474,0.78484,0.78412,394,1779543898.968,USDCHF_otc
92,2026-05-23 13:45:00,0.78474,0.78457,0.78474,0.78429,386,1779544199.842,USDCHF_otc
92,2026-05-23 13:50:00,0.78455,0.78458,0.78472,0.78418,412,1779544498.726,USDCHF_otc
92,2026-05-23 13:55:00,0.78458,0.78384,0.78482,0.78371,410,1779544799.666,USDCHF_otc
92,2026-05-23 14:00:00,0.78384,0.78371,0.78387,0.78308,390,1779545099.124,USDCHF_otc
92,2026-05-23 14:05:00,0.78371,0.78374,0.78383,0.78329,379,1779545399.064,USDCHF_otc
92,2026-05-23 14:10:00,0.78371,0.78364,0.78404,0.78351,395,1779545699.466,USDCHF_otc
92,2026-05-23 14:15:00,0.78364,0.78311,0.78378,0.78308,410,1779545999.921,USDCHF_otc
92,2026-05-23 14:20:00,0.78311,0.78312,0.78333,0.78284,412,1779546299.824,USDCHF_otc
92,2026-05-23 14:25:00,0.78312,0.78288,0.78318,0.78282,412,1779546599.793,USDCHF_otc
92,2026-05-23 14:30:00,0.78288,0.78289,0.78311,0.7827,396,1779546899.695,USDCHF_otc
92,2026-05-23 14:35:00,0.78289,0.78165,0.7829,0.78148,405,1779547198.156,USDCHF_otc
92,2026-05-23 14:40:00,0.78164,0.78162,0.7817,0.78134,401,1779547499.551,USDCHF_otc
92,2026-05-23 14:45:00,0.78163,0.7815,0.78178,0.78132,407,1779547799.575,USDCHF_otc
92,2026-05-23 14:50:00,0.7815,0.78178,0.78188,0.78145,408,1779548099.966,USDCHF_otc
92,2026-05-23 14:55:00,0.78178,0.78227,0.78238,0.78173,374,1779548399.978,USDCHF_otc
92,2026-05-23 15:00:00,0.78227,0.78204,0.78249,0.7819,413,1779548699.855,USDCHF_otc
92,2026-05-23 15:05:00,0.78201,0.7816,0.78234,0.78151,395,1779548999.841,USDCHF_otc
92,2026-05-23 15:10:00,0.7816,0.78132,0.78162,0.78093,399,1779549299.743,USDCHF_otc
92,2026-05-23 15:15:00,0.78131,0.7821,0.7821,0.78119,376,1779549599.732,USDCHF_otc
92,2026-05-23 15:20:00,0.7821,0.78163,0.78228,0.78137,409,1779549898.602,USDCHF_otc
92,2026-05-23 15:25:00,0.78162,0.78055,0.78167,0.78055,385,1779550199.108,USDCHF_otc
92,2026-05-23 15:30:00,0.78055,0.78083,0.78093,0.78017,405,1779550499.97,USDCHF_otc
92,2026-05-23 15:35:00,0.78083,0.78079,0.78126,0.78075,409,1779550798.43,USDCHF_otc
92,2026-05-23 15:40:00,0.78079,0.78049,0.78119,0.78049,405,1779551098.862,USDCHF_otc
92,2026-05-23 15:45:00,0.78049,0.78152,0.78152,0.78023,416,1779551399.823,USDCHF_otc
92,2026-05-23 15:50:00,0.78152,0.78147,0.78185,0.78131,397,1779551699.782,USDCHF_otc
92,2026-05-23 15:55:00,0.78147,0.78108,0.78155,0.781,384,1779551999.711,USDCHF_otc
92,2026-05-23 16:00:00,0.78108,0.78175,0.78176,0.78108,412,1779552298.664,USDCHF_otc
92,2026-05-23 16:05:00,0.78175,0.78236,0.78247,0.78153,394,1779552599.651,USDCHF_otc
92,2026-05-23 16:10:00,0.78236,0.78263,0.78271,0.78234,390,1779552899.591,USDCHF_otc
92,2026-05-23 16:15:00,0.78264,0.78266,0.78282,0.78226,405,1779553199.09,USDCHF_otc
92,2026-05-23 16:20:00,0.78266,0.78252,0.78309,0.78245,399,1779553499.528,USDCHF_otc
92,2026-05-23 16:25:00,0.78253,0.78359,0.7836,0.78248,413,1779553799.483,USDCHF_otc
92,2026-05-23 16:30:00,0.78359,0.78501,0.78517,0.78343,390,1779554099.879,USDCHF_otc
92,2026-05-23 16:35:00,0.78501,0.78503,0.78529,0.78478,392,1779554399.368,USDCHF_otc
92,2026-05-23 16:40:00,0.78503,0.7847,0.7851,0.78447,380,1779554699.749,USDCHF_otc
92,2026-05-23 16:45:00,0.7847,0.78499,0.78508,0.78463,422,1779554999.677,USDCHF_otc
92,2026-05-23 16:50:00,0.78499,0.78502,0.78514,0.78476,411,1779555299.67,USDCHF_otc
92,2026-05-23 16:55:00,0.78503,0.7852,0.78537,0.78501,383,1779555598.576,USDCHF_otc
92,2026-05-23 17:00:00,0.7852,0.78517,0.7855,0.78504,388,1779555899.548,USDCHF_otc
92,2026-05-23 17:05:00,0.78516,0.78548,0.78562,0.78488,417,1779556199.459,USDCHF_otc
92,2026-05-23 17:10:00,0.78549,0.78639,0.7864,0.78543,406,1779556499.956,USDCHF_otc
92,2026-05-23 17:15:00,0.78639,0.78538,0.78654,0.78538,400,1779556799.88,USDCHF_otc
92,2026-05-23 17:20:00,0.78538,0.78535,0.78584,0.78511,397,1779557099.832,USDCHF_otc
92,2026-05-23 17:25:00,0.78535,0.78637,0.78643,0.7852,400,1779557399.759,USDCHF_otc
92,2026-05-23 17:30:00,0.78636,0.78589,0.78643,0.7855,405,1779557699.721,USDCHF_otc
92,2026-05-23 17:35:00,0.78589,0.78568,0.78607,0.78554,429,1779557998.592,USDCHF_otc
92,2026-05-23 17:40:00,0.78567,0.78599,0.78601,0.78562,392,1779558299.587,USDCHF_otc
92,2026-05-23 17:45:00,0.78589,0.78592,0.78626,0.78571,410,1779558597.979,USDCHF_otc
92,2026-05-23 17:50:00,0.78592,0.78603,0.78609,0.78547,401,1779558899.931,USDCHF_otc
92,2026-05-23 17:55:00,0.78603,0.7868,0.78686,0.78569,390,1779559199.861,USDCHF_otc
92,2026-05-23 18:00:00,0.7868,0.78667,0.78712,0.78667,410,1779559499.839,USDCHF_otc
92,2026-05-23 18:05:00,0.78667,0.7866,0.78695,0.78629,402,1779559799.686,USDCHF_otc
92,2026-05-23 18:10:00,0.7866,0.78687,0.78687,0.78633,407,1779560099.635,USDCHF_otc
92,2026-05-23 18:15:00,0.78687,0.78672,0.78692,0.78634,417,1779560398.578,USDCHF_otc
92,2026-05-23 18:20:00,0.78672,0.78748,0.78767,0.78672,426,1779560699.514,USDCHF_otc
92,2026-05-23 18:25:00,0.78745,0.78686,0.78746,0.78675,392,1779560999.976,USDCHF_otc
92,2026-05-23 18:30:00,0.78686,0.78667,0.78715,0.78667,403,1779561299.418,USDCHF_otc
92,2026-05-23 18:35:00,0.78667,0.78657,0.78668,0.78632,403,1779561599.376,USDCHF_otc
92,2026-05-23 18:40:00,0.78657,0.78677,0.78677,0.78604,385,1779561899.825,USDCHF_otc
92,2026-05-23 18:45:00,0.78677,0.78694,0.7874,0.78675,416,1779562199.754,USDCHF_otc
92,2026-05-23 18:50:00,0.78694,0.78615,0.7871,0.78615,398,1779562499.745,USDCHF_otc
92,2026-05-23 18:55:00,0.78611,0.78679,0.78686,0.78594,396,1779562799.719,USDCHF_otc
92,2026-05-23 19:00:00,0.78679,0.78642,0.78695,0.78613,387,1779563099.705,USDCHF_otc
92,2026-05-23 19:05:00,0.78642,0.78636,0.78685,0.78632,382,1779563399.095,USDCHF_otc
92,2026-05-23 19:10:00,0.78638,0.78645,0.78684,0.78634,389,1779563699.11,USDCHF_otc
92,2026-05-23 19:15:00,0.78647,0.78718,0.78724,0.78636,395,1779563998.997,USDCHF_otc
92,2026-05-23 19:20:00,0.78718,0.78672,0.78742,0.78669,391,1779564299.973,USDCHF_otc
92,2026-05-23 19:25:00,0.78672,0.78541,0.78685,0.7854,403,1779564599.853,USDCHF_otc
92,2026-05-23 19:30:00,0.78543,0.78456,0.78543,0.78439,408,1779564899.843,USDCHF_otc
92,2026-05-23 19:35:00,0.78455,0.78428,0.78465,0.78426,410,1779565199.75,USDCHF_otc
92,2026-05-23 19:40:00,0.78428,0.78416,0.78448,0.78372,405,1779565499.667,USDCHF_otc
92,2026-05-23 19:45:00,0.78416,0.78442,0.7846,0.78384,394,1779565799.524,USDCHF_otc
92,2026-05-23 19:50:00,0.78442,0.78456,0.78487,0.78428,420,1779566099.989,USDCHF_otc
92,2026-05-23 19:55:00,0.78456,0.78477,0.78482,0.78434,380,1779566399.893,USDCHF_otc
92,2026-05-23 20:00:00,0.78477,0.78496,0.78511,0.78466,397,1779566699.865,USDCHF_otc
92,2026-05-23 20:05:00,0.78496,0.78458,0.78529,0.78458,414,1779566998.781,USDCHF_otc
92,2026-05-23 20:10:00,0.78457,0.78465,0.78486,0.78416,402,1779567299.265,USDCHF_otc
92,2026-05-23 20:15:00,0.78465,0.78467,0.78483,0.78446,390,1779567599.619,USDCHF_otc
92,2026-05-23 20:20:00,0.78468,0.784,0.78484,0.78396,381,1779567899.558,USDCHF_otc
92,2026-05-23 20:25:00,0.78402,0.78387,0.78408,0.78355,385,1779568199.986,USDCHF_otc
92,2026-05-23 20:30:00,0.78387,0.78333,0.78408,0.78328,412,1779568499.862,USDCHF_otc
92,2026-05-23 20:35:00,0.78333,0.78401,0.78419,0.7833,410,1779568799.83,USDCHF_otc
92,2026-05-23 20:40:00,0.78401,0.78305,0.78411,0.78293,414,1779569098.768,USDCHF_otc
92,2026-05-23 20:45:00,0.78305,0.78372,0.78392,0.78293,387,1779569399.679,USDCHF_otc
92,2026-05-23 20:50:00,0.78372,0.78374,0.78408,0.78358,397,1779569699.586,USDCHF_otc
92,2026-05-23 20:55:00,0.78374,0.78428,0.78429,0.78353,404,1779569999.056,USDCHF_otc
92,2026-05-23 21:00:00,0.78426,0.78446,0.7846,0.78405,408,1779570299.999,USDCHF_otc
92,2026-05-23 21:05:00,0.78446,0.78482,0.78505,0.78416,396,1779570599.949,USDCHF_otc
92,2026-05-23 21:10:00,0.78481,0.78481,0.7851,0.78438,402,1779570898.821,USDCHF_otc
92,2026-05-23 21:15:00,0.78481,0.78433,0.78509,0.78433,398,1779571199.807,USDCHF_otc
92,2026-05-23 21:20:00,0.78433,0.78418,0.78447,0.78407,402,1779571499.647,USDCHF_otc
92,2026-05-23 21:25:00,0.78418,0.78485,0.78489,0.78394,393,1779571798.663,USDCHF_otc
92,2026-05-23 21:30:00,0.78485,0.78449,0.78504,0.78449,393,1779572099.575,USDCHF_otc
92,2026-05-23 21:35:00,0.78447,0.78414,0.78457,0.78407,399,1779572399.561,USDCHF_otc
92,2026-05-23 21:40:00,0.78414,0.78493,0.78493,0.78381,416,1779572699.449,USDCHF_otc
92,2026-05-23 21:45:00,0.78493,0.78535,0.7857,0.78477,410,1779572999.941,USDCHF_otc
92,2026-05-23 21:50:00,0.78535,0.78504,0.78558,0.78502,405,1779573299.796,USDCHF_otc
92,2026-05-23 21:55:00,0.78504,0.78485,0.78505,0.78439,415,1779573599.747,USDCHF_otc
92,2026-05-23 22:00:00,0.78484,0.78515,0.78542,0.78484,412,1779573898.64,USDCHF_otc
92,2026-05-23 22:05:00,0.78515,0.78638,0.78661,0.78515,402,1779574199.663,USDCHF_otc
92,2026-05-23 22:10:00,0.78639,0.7854,0.78639,0.78525,402,1779574499.521,USDCHF_otc
92,2026-05-23 22:15:00,0.78541,0.78466,0.78545,0.78463,400,1779574799.996,USDCHF_otc
92,2026-05-23 22:20:00,0.78466,0.78508,0.78508,0.78465,389,1779575098.842,USDCHF_otc
92,2026-05-23 22:25:00,0.78508,0.78498,0.78538,0.78488,409,1779575399.728,USDCHF_otc
92,2026-05-23 22:30:00,0.78498,0.78419,0.78498,0.7841,408,1779575699.668,USDCHF_otc
92,2026-05-23 22:35:00,0.78418,0.78411,0.78429,0.78355,399,1779575999.54,USDCHF_otc
92,2026-05-23 22:40:00,0.78411,0.7842,0.78445,0.78397,407,1779576299.554,USDCHF_otc
92,2026-05-23 22:45:00,0.78418,0.78391,0.78441,0.78391,397,1779576599.922,USDCHF_otc
92,2026-05-23 22:50:00,0.78391,0.78289,0.78393,0.78288,403,1779576899.897,USDCHF_otc
92,2026-05-23 22:55:00,0.78289,0.78255,0.78308,0.78206,405,1779577199.769,USDCHF_otc
92,2026-05-23 23:00:00,0.78255,0.78346,0.78356,0.78252,399,1779577499.67,USDCHF_otc
92,2026-05-23 23:05:00,0.78346,0.78366,0.78409,0.78343,392,1779577798.595,USDCHF_otc
92,2026-05-23 23:10:00,0.78366,0.7827,0.78366,0.78258,403,1779578099.993,USDCHF_otc
92,2026-05-23 23:15:00,0.7827,0.78255,0.78277,0.78222,403,1779578399.973,USDCHF_otc
92,2026-05-23 23:20:00,0.78245,0.78378,0.78378,0.78234,412,1779578699.374,USDCHF_otc
92,2026-05-23 23:25:00,0.78378,0.78458,0.7846,0.78375,392,1779578998.823,USDCHF_otc
92,2026-05-23 23:30:00,0.78458,0.78472,0.78501,0.78453,389,1779579299.696,USDCHF_otc
92,2026-05-23 23:35:00,0.78472,0.78509,0.78517,0.78448,404,1779579599.144,USDCHF_otc
92,2026-05-23 23:40:00,0.78508,0.78607,0.78614,0.78507,375,1779579899.029,USDCHF_otc
92,2026-05-23 23:45:00,0.78608,0.78625,0.78654,0.78606,397,1779580199.418,USDCHF_otc
92,2026-05-23 23:50:00,0.78625,0.78626,0.78671,0.78591,392,1779580499.892,USDCHF_otc
92,2026-05-23 23:55:00,0.78626,0.78618,0.78649,0.78596,393,1779580799.798,USDCHF_otc
92,2026-05-24 00:00:00,0.78618,0.7876,0.78766,0.78617,427,1779581099.78,USDCHF_otc
92,2026-05-24 00:05:00,0.7876,0.78767,0.7878,0.78731,397,1779581399.201,USDCHF_otc
92,2026-05-24 00:10:00,0.78766,0.78796,0.78809,0.78746,410,1779581699.16,USDCHF_otc
92,2026-05-24 00:15:00,0.78794,0.78754,0.78807,0.78745,406,1779581999.582,USDCHF_otc
92,2026-05-24 00:20:00,0.78754,0.7878,0.78788,0.78706,400,1779582299.535,USDCHF_otc
92,2026-05-24 00:25:00,0.78779,0.78856,0.78867,0.78778,412,1779582599.893,USDCHF_otc
92,2026-05-24 00:30:00,0.78856,0.78911,0.7892,0.78844,396,1779582899.375,USDCHF_otc
92,2026-05-24 00:35:00,0.78912,0.78876,0.78922,0.78858,398,1779583198.281,USDCHF_otc
92,2026-05-24 00:40:00,0.78876,0.78811,0.78893,0.78795,396,1779583499.762,USDCHF_otc
92,2026-05-24 00:45:00,0.78811,0.7879,0.78838,0.7875,389,1779583799.62,USDCHF_otc
92,2026-05-24 00:50:00,0.78791,0.7879,0.78816,0.78776,380,1779584099.561,USDCHF_otc
92,2026-05-24 00:55:00,0.78788,0.78812,0.78812,0.78759,395,1779584398.958,USDCHF_otc
92,2026-05-24 01:00:00,0.78812,0.78816,0.78827,0.78787,388,1779584699.875,USDCHF_otc
92,2026-05-24 01:05:00,0.78816,0.78855,0.78884,0.78811,365,1779584999.841,USDCHF_otc
92,2026-05-24 01:10:00,0.78855,0.78882,0.78889,0.78834,414,1779585299.779,USDCHF_otc
92,2026-05-24 01:15:00,0.78881,0.78845,0.78883,0.78817,382,1779585599.686,USDCHF_otc
92,2026-05-24 01:20:00,0.78845,0.78834,0.78866,0.78821,412,1779585899.012,USDCHF_otc
92,2026-05-24 01:25:00,0.78834,0.78801,0.78875,0.78782,400,1779586199.457,USDCHF_otc
92,2026-05-24 01:30:00,0.78801,0.78713,0.78812,0.78706,398,1779586499.366,USDCHF_otc
92,2026-05-24 01:35:00,0.78713,0.78746,0.78758,0.78688,404,1779586799.806,USDCHF_otc
92,2026-05-24 01:40:00,0.78746,0.7875,0.78758,0.78721,406,1779587099.702,USDCHF_otc
92,2026-05-24 01:45:00,0.7875,0.78696,0.78751,0.7867,418,1779587399.655,USDCHF_otc
92,2026-05-24 01:50:00,0.78696,0.78717,0.7873,0.78679,373,1779587699.062,USDCHF_otc
92,2026-05-24 01:55:00,0.78717,0.78827,0.7883,0.78701,394,1779587998.508,USDCHF_otc
92,2026-05-24 02:00:00,0.78827,0.78868,0.78885,0.78801,402,1779588299.919,USDCHF_otc
92,2026-05-24 02:05:00,0.78867,0.78854,0.78897,0.78839,401,1779588599.914,USDCHF_otc
92,2026-05-24 02:10:00,0.78854,0.78832,0.78903,0.78817,399,1779588899.315,USDCHF_otc
92,2026-05-24 02:15:00,0.78832,0.78886,0.78905,0.78829,406,1779589199.77,USDCHF_otc
92,2026-05-24 02:20:00,0.78886,0.78897,0.7891,0.78844,384,1779589498.19,USDCHF_otc
92,2026-05-24 02:25:00,0.78893,0.78887,0.78966,0.78875,416,1779589799.613,USDCHF_otc
92,2026-05-24 02:30:00,0.78887,0.78833,0.78887,0.78809,387,1779590098.993,USDCHF_otc
92,2026-05-24 02:35:00,0.78833,0.78839,0.78889,0.78829,405,1779590399.895,USDCHF_otc
92,2026-05-24 02:40:00,0.78839,0.78815,0.78843,0.78805,412,1779590699.868,USDCHF_otc
92,2026-05-24 02:45:00,0.78816,0.78724,0.78827,0.78717,406,1779590999.284,USDCHF_otc
92,2026-05-24 02:50:00,0.78724,0.7874,0.78753,0.78679,399,1779591299.738,USDCHF_otc
92,2026-05-24 02:55:00,0.7874,0.78738,0.78766,0.78713,392,1779591599.577,USDCHF_otc
92,2026-05-24 03:00:00,0.78738,0.78815,0.78815,0.78733,391,1779591899.555,USDCHF_otc
92,2026-05-24 03:05:00,0.78817,0.78805,0.78817,0.78756,410,1779592199.909,USDCHF_otc
92,2026-05-24 03:10:00,0.78805,0.78771,0.78827,0.78765,406,1779592499.842,USDCHF_otc
92,2026-05-24 03:15:00,0.78771,0.78746,0.7878,0.78699,405,1779592799.778,USDCHF_otc
92,2026-05-24 03:20:00,0.78748,0.7867,0.78749,0.78665,384,1779593099.664,USDCHF_otc
92,2026-05-24 03:25:00,0.78671,0.78668,0.78683,0.78608,398,1779593399.602,USDCHF_otc
92,2026-05-24 03:30:00,0.78669,0.78724,0.78724,0.78647,415,1779593699.99,USDCHF_otc
92,2026-05-24 03:35:00,0.78724,0.78774,0.78787,0.78724,398,1779593999.903,USDCHF_otc
92,2026-05-24 03:40:00,0.78774,0.78792,0.78808,0.78752,411,1779594299.785,USDCHF_otc
92,2026-05-24 03:45:00,0.78792,0.78769,0.788,0.78754,400,1779594599.766,USDCHF_otc
92,2026-05-24 03:50:00,0.78769,0.78778,0.78814,0.78762,391,1779594899.639,USDCHF_otc
92,2026-05-24 03:55:00,0.78778,0.78745,0.78779,0.78734,406,1779595199.649,USDCHF_otc
92,2026-05-24 04:00:00,0.78745,0.78813,0.78816,0.78745,403,1779595499.498,USDCHF_otc
92,2026-05-24 04:05:00,0.78813,0.78844,0.78894,0.78811,393,1779595799.467,USDCHF_otc
92,2026-05-24 04:10:00,0.78844,0.78824,0.78877,0.78808,392,1779596099.815,USDCHF_otc
92,2026-05-24 04:15:00,0.78824,0.78888,0.78893,0.78819,403,1779596399.244,USDCHF_otc
92,2026-05-24 04:20:00,0.78886,0.78873,0.78892,0.78823,399,1779596699.18,USDCHF_otc
92,2026-05-24 04:25:00,0.78873,0.78882,0.78902,0.78844,410,1779596999.617,USDCHF_otc
92,2026-05-24 04:30:00,0.78882,0.78839,0.78892,0.78825,402,1779597299.988,USDCHF_otc
92,2026-05-24 04:35:00,0.7884,0.78828,0.78846,0.78784,394,1779597599.829,USDCHF_otc
92,2026-05-24 04:40:00,0.78828,0.78837,0.78887,0.78819,406,1779597899.79,USDCHF_otc
92,2026-05-24 04:45:00,0.78837,0.78869,0.78886,0.78816,415,1779598199.665,USDCHF_otc
92,2026-05-24 04:50:00,0.78869,0.78859,0.78884,0.78851,414,1779598499.637,USDCHF_otc
92,2026-05-24 04:55:00,0.7886,0.78894,0.78896,0.78841,398,1779598799.503,USDCHF_otc
92,2026-05-24 05:00:00,0.78894,0.78887,0.78917,0.7888,406,1779599098.938,USDCHF_otc
92,2026-05-24 05:05:00,0.78887,0.7887,0.78892,0.78831,395,1779599399.893,USDCHF_otc
92,2026-05-24 05:10:00,0.7887,0.7881,0.78889,0.788,381,1779599699.807,USDCHF_otc
92,2026-05-24 05:15:00,0.78809,0.78803,0.78829,0.78782,414,1779599999.712,USDCHF_otc
92,2026-05-24 05:20:00,0.78803,0.7876,0.78807,0.78749,396,1779600299.676,USDCHF_otc
92,2026-05-24 05:25:00,0.78759,0.7872,0.78788,0.78713,398,1779600599.621,USDCHF_otc
92,2026-05-24 05:30:00,0.78715,0.78716,0.78784,0.78703,395,1779600899.083,USDCHF_otc
92,2026-05-24 05:35:00,0.78712,0.78813,0.78831,0.78712,393,1779601199.942,USDCHF_otc
92,2026-05-24 05:40:00,0.78813,0.78873,0.78897,0.78804,410,1779601499.845,USDCHF_otc
92,2026-05-24 05:45:00,0.78873,0.78905,0.78908,0.78829,412,1779601799.803,USDCHF_otc
92,2026-05-24 05:50:00,0.78906,0.78948,0.78976,0.78901,397,1779602099.166,USDCHF_otc
92,2026-05-24 05:55:00,0.78948,0.79002,0.79016,0.78929,432,1779602399.615,USDCHF_otc
92,2026-05-24 06:00:00,0.79002,0.78996,0.79022,0.78987,398,1779602699.941,USDCHF_otc
92,2026-05-24 06:05:00,0.78996,0.78985,0.79046,0.78977,391,1779602999.877,USDCHF_otc
92,2026-05-24 06:10:00,0.78986,0.78943,0.79002,0.7893,394,1779603299.764,USDCHF_otc
92,2026-05-24 06:15:00,0.78953,0.78951,0.78964,0.78901,390,1779603598.171,USDCHF_otc
92,2026-05-24 06:20:00,0.78951,0.78902,0.78951,0.78898,401,1779603899.119,USDCHF_otc
92,2026-05-24 06:25:00,0.78901,0.78833,0.78901,0.78817,385,1779604199.568,USDCHF_otc
92,2026-05-24 06:30:00,0.78833,0.78808,0.78849,0.78782,375,1779604499.978,USDCHF_otc
92,2026-05-24 06:35:00,0.78808,0.78741,0.78821,0.78724,403,1779604799.871,USDCHF_otc
92,2026-05-24 06:40:00,0.78741,0.78753,0.78761,0.78721,391,1779605099.32,USDCHF_otc
92,2026-05-24 06:45:00,0.78753,0.78775,0.78801,0.78748,397,1779605399.683,USDCHF_otc
92,2026-05-24 06:50:00,0.78773,0.78702,0.78781,0.78701,394,1779605699.677,USDCHF_otc
92,2026-05-24 06:55:00,0.78702,0.78728,0.78734,0.78689,394,1779605999.559,USDCHF_otc
92,2026-05-24 07:00:00,0.78726,0.78708,0.78753,0.78701,396,1779606299.037,USDCHF_otc
92,2026-05-24 07:05:00,0.78708,0.78706,0.78727,0.78676,386,1779606599.401,USDCHF_otc
92,2026-05-24 07:10:00,0.78704,0.78746,0.78793,0.78694,389,1779606899.827,USDCHF_otc
92,2026-05-24 07:15:00,0.78746,0.7869,0.78746,0.78681,395,1779607199.699,USDCHF_otc
92,2026-05-24 07:20:00,0.7869,0.7874,0.7874,0.78668,417,1779607499.594,USDCHF_otc
92,2026-05-24 07:25:00,0.78741,0.78724,0.78748,0.78709,387,1779607799.042,USDCHF_otc
92,2026-05-24 07:30:00,0.78724,0.78736,0.78779,0.78719,393,1779608099.947,USDCHF_otc
92,2026-05-24 07:35:00,0.78736,0.78716,0.78757,0.78706,396,1779608399.899,USDCHF_otc
92,2026-05-24 07:40:00,0.78716,0.78755,0.78776,0.78697,404,1779608699.219,USDCHF_otc
92,2026-05-24 07:45:00,0.78755,0.78713,0.78755,0.78679,406,1779608998.621,USDCHF_otc
92,2026-05-24 07:50:00,0.78712,0.78658,0.78738,0.78652,419,1779609299.591,USDCHF_otc
92,2026-05-24 07:55:00,0.78658,0.78566,0.7866,0.7854,415,1779609599.559,USDCHF_otc
92,2026-05-24 08:00:00,0.78566,0.78487,0.78583,0.78484,401,1779609899.926,USDCHF_otc
92,2026-05-24 08:05:00,0.78487,0.78467,0.78529,0.78448,430,1779610199.845,USDCHF_otc
92,2026-05-24 08:10:00,0.78467,0.78405,0.78467,0.78399,402,1779610499.744,USDCHF_otc
92,2026-05-24 08:15:00,0.78405,0.78484,0.78494,0.78392,410,1779610799.639,USDCHF_otc
92,2026-05-24 08:20:00,0.78485,0.78582,0.78585,0.78479,412,1779611099.594,USDCHF_otc
92,2026-05-24 08:25:00,0.78582,0.78576,0.78585,0.78531,403,1779611399.506,USDCHF_otc
92,2026-05-24 08:30:00,0.78578,0.78624,0.78625,0.78559,385,1779611697.966,USDCHF_otc
92,2026-05-24 08:35:00,0.78624,0.78666,0.78691,0.78624,392,1779611999.827,USDCHF_otc
92,2026-05-24 08:40:00,0.78666,0.78701,0.78703,0.78648,410,1779612299.82,USDCHF_otc
92,2026-05-24 08:45:00,0.78701,0.78759,0.78773,0.78646,397,1779612599.688,USDCHF_otc
92,2026-05-24 08:50:00,0.78756,0.78811,0.78817,0.78733,357,1779612899.129,USDCHF_otc
92,2026-05-24 08:55:00,0.78811,0.78844,0.78871,0.78797,409,1779613199.594,USDCHF_otc
92,2026-05-24 09:00:00,0.78844,0.7886,0.78862,0.78834,382,1779613499.52,USDCHF_otc
92,2026-05-24 09:05:00,0.7886,0.78775,0.78876,0.78772,392,1779613799.958,USDCHF_otc
92,2026-05-24 09:10:00,0.78775,0.78818,0.78823,0.78763,407,1779614099.842,USDCHF_otc
92,2026-05-24 09:15:00,0.78818,0.78795,0.78851,0.78791,409,1779614399.282,USDCHF_otc
92,2026-05-24 09:20:00,0.78792,0.78774,0.78808,0.78751,403,1779614699.678,USDCHF_otc
92,2026-05-24 09:25:00,0.78774,0.78805,0.78849,0.78772,402,1779614999.667,USDCHF_otc
92,2026-05-24 09:30:00,0.78805,0.78716,0.78829,0.78709,404,1779615299.591,USDCHF_otc
92,2026-05-24 09:35:00,0.78714,0.78765,0.78773,0.78713,395,1779615599.559,USDCHF_otc
92,2026-05-24 09:40:00,0.78765,0.78714,0.78772,0.78712,394,1779615899.385,USDCHF_otc
92,2026-05-24 09:45:00,0.78714,0.78769,0.78776,0.78696,381,1779616199.89,USDCHF_otc
92,2026-05-24 09:50:00,0.78769,0.78747,0.78783,0.78725,402,1779616499.778,USDCHF_otc
92,2026-05-24 09:55:00,0.78748,0.78813,0.7882,0.78747,390,1779616799.759,USDCHF_otc
92,2026-05-24 10:00:00,0.78813,0.78776,0.78818,0.78762,394,1779617099.63,USDCHF_otc
92,2026-05-24 10:05:00,0.78776,0.78816,0.78818,0.78759,402,1779617399.598,USDCHF_otc
92,2026-05-24 10:10:00,0.78815,0.78829,0.78876,0.78806,411,1779617699.462,USDCHF_otc
92,2026-05-24 10:15:00,0.78829,0.78831,0.78855,0.788,404,1779617999.915,USDCHF_otc
92,2026-05-24 10:20:00,0.7883,0.78741,0.7884,0.78735,399,1779618299.359,USDCHF_otc
92,2026-05-24 10:25:00,0.78741,0.78768,0.78817,0.78741,392,1779618599.283,USDCHF_otc
92,2026-05-24 10:30:00,0.78768,0.78769,0.78779,0.78739,395,1779618898.704,USDCHF_otc
92,2026-05-24 10:35:00,0.78768,0.78806,0.78845,0.78764,391,1779619198.6,USDCHF_otc
92,2026-05-24 10:40:00,0.78807,0.78717,0.78815,0.78712,391,1779619499.559,USDCHF_otc
92,2026-05-24 10:45:00,0.78717,0.78705,0.78744,0.78702,424,1779619799.922,USDCHF_otc
92,2026-05-24 10:50:00,0.78705,0.78715,0.78727,0.78681,399,1779620099.886,USDCHF_otc
92,2026-05-24 10:55:00,0.78715,0.78715,0.78736,0.78686,392,1779620399.808,USDCHF_otc
92,2026-05-24 11:00:00,0.78716,0.78746,0.78752,0.78688,409,1779620699.299,USDCHF_otc
92,2026-05-24 11:05:00,0.78746,0.78712,0.78784,0.78705,407,1779620999.196,USDCHF_otc
92,2026-05-24 11:10:00,0.78712,0.78721,0.78733,0.78698,404,1779621299.648,USDCHF_otc
92,2026-05-24 11:15:00,0.78721,0.786,0.78726,0.78594,392,1779621598.462,USDCHF_otc
92,2026-05-24 11:20:00,0.78602,0.7863,0.78678,0.78602,400,1779621899.879,USDCHF_otc
92,2026-05-24 11:25:00,0.7863,0.78566,0.78631,0.78561,388,1779622199.817,USDCHF_otc
92,2026-05-24 11:30:00,0.78565,0.7854,0.78596,0.78539,388,1779622498.722,USDCHF_otc
92,2026-05-24 11:35:00,0.7854,0.78493,0.78554,0.78489,406,1779622799.696,USDCHF_otc
92,2026-05-24 11:40:00,0.78493,0.78569,0.78594,0.78488,388,1779623099.152,USDCHF_otc
92,2026-05-24 11:45:00,0.78574,0.7856,0.78585,0.78534,398,1779623399.586,USDCHF_otc
92,2026-05-24 11:50:00,0.78559,0.78526,0.7856,0.78509,378,1779623699.509,USDCHF_otc
92,2026-05-24 11:55:00,0.78525,0.78548,0.78551,0.78514,382,1779623998.918,USDCHF_otc
92,2026-05-24 12:00:00,0.78548,0.78449,0.78548,0.78442,400,1779624299.864,USDCHF_otc
92,2026-05-24 12:05:00,0.78449,0.78517,0.78528,0.78438,390,1779624599.307,USDCHF_otc
92,2026-05-24 12:10:00,0.78517,0.7855,0.7855,0.78457,409,1779624899.647,USDCHF_otc
92,2026-05-24 12:15:00,0.7855,0.78496,0.7855,0.78482,383,1779625199.615,USDCHF_otc
92,2026-05-24 12:20:00,0.78495,0.78385,0.78499,0.78365,402,1779625499.97,USDCHF_otc
92,2026-05-24 12:25:00,0.78385,0.78321,0.78389,0.78301,405,1779625799.924,USDCHF_otc
92,2026-05-24 12:30:00,0.78321,0.78358,0.78367,0.78294,406,1779626098.795,USDCHF_otc
92,2026-05-24 12:35:00,0.78358,0.78339,0.7837,0.78327,395,1779626399.739,USDCHF_otc
92,2026-05-24 12:40:00,0.78339,0.78314,0.7835,0.78289,417,1779626699.683,USDCHF_otc
92,2026-05-24 12:45:00,0.78311,0.78305,0.78342,0.78273,418,1779626999.549,USDCHF_otc
92,2026-05-24 12:50:00,0.78304,0.78284,0.78311,0.78253,391,1779627299.513,USDCHF_otc
92,2026-05-24 12:55:00,0.78284,0.78324,0.78341,0.78258,415,1779627599.851,USDCHF_otc
92,2026-05-24 13:00:00,0.78324,0.78308,0.78337,0.7827,395,1779627899.8,USDCHF_otc
92,2026-05-24 13:05:00,0.78308,0.78266,0.7831,0.78241,399,1779628199.714,USDCHF_otc
92,2026-05-24 13:10:00,0.78264,0.7823,0.78271,0.78199,409,1779628499.566,USDCHF_otc
92,2026-05-24 13:15:00,0.78228,0.78256,0.78261,0.78192,385,1779628799.546,USDCHF_otc
92,2026-05-24 13:20:00,0.78255,0.78202,0.78274,0.78189,412,1779629098.872,USDCHF_otc
92,2026-05-24 13:25:00,0.78201,0.78174,0.78206,0.78158,380,1779629399.287,USDCHF_otc
92,2026-05-24 13:30:00,0.78174,0.78198,0.78227,0.78155,410,1779629699.688,USDCHF_otc
92,2026-05-24 13:35:00,0.78198,0.7824,0.78245,0.78193,404,1779629999.622,USDCHF_otc
92,2026-05-24 13:40:00,0.7824,0.78219,0.78267,0.78206,382,1779630299.549,USDCHF_otc
92,2026-05-24 13:45:00,0.78219,0.7826,0.78271,0.78201,406,1779630599.892,USDCHF_otc
92,2026-05-24 13:50:00,0.7826,0.78211,0.78267,0.78191,406,1779630899.827,USDCHF_otc
92,2026-05-24 13:55:00,0.78211,0.78136,0.78242,0.78135,402,1779631199.258,USDCHF_otc
92,2026-05-24 14:00:00,0.78131,0.78133,0.78147,0.78111,382,1779631499.742,USDCHF_otc
92,2026-05-24 14:05:00,0.78133,0.7821,0.78215,0.78132,394,1779631799.574,USDCHF_otc
92,2026-05-24 14:10:00,0.7821,0.78267,0.78267,0.78205,390,1779632098.512,USDCHF_otc
92,2026-05-24 14:15:00,0.78267,0.78254,0.78273,0.78229,393,1779632399.962,USDCHF_otc
92,2026-05-24 14:20:00,0.78255,0.78247,0.78269,0.78215,415,1779632699.874,USDCHF_otc
92,2026-05-24 14:25:00,0.78246,0.78285,0.78297,0.78245,416,1779632999.842,USDCHF_otc
92,2026-05-24 14:30:00,0.78285,0.78221,0.78297,0.78216,380,1779633299.819,USDCHF_otc
92,2026-05-24 14:35:00,0.7822,0.78233,0.78248,0.7821,408,1779633599.232,USDCHF_otc
92,2026-05-24 14:40:00,0.78231,0.78232,0.78269,0.78227,401,1779633899.665,USDCHF_otc
92,2026-05-24 14:45:00,0.78232,0.7827,0.7828,0.78217,402,1779634198.62,USDCHF_otc
92,2026-05-24 14:50:00,0.7827,0.78265,0.78301,0.78225,396,1779634499.553,USDCHF_otc
92,2026-05-24 14:55:00,0.78264,0.7817,0.78269,0.78169,401,1779634799.501,USDCHF_otc
92,2026-05-24 15:00:00,0.78171,0.78131,0.78203,0.78131,385,1779635099.894,USDCHF_otc
92,2026-05-24 15:05:00,0.78131,0.78135,0.78167,0.78119,413,1779635399.899,USDCHF_otc
92,2026-05-24 15:10:00,0.78138,0.78174,0.78206,0.78133,388,1779635699.811,USDCHF_otc
92,2026-05-24 15:15:00,0.78174,0.78193,0.7821,0.7815,417,1779635998.756,USDCHF_otc
92,2026-05-24 15:20:00,0.78193,0.78453,0.78521,0.78187,394,1779636298.648,USDCHF_otc
92,2026-05-24 15:25:00,0.78452,0.78488,0.78495,0.78427,380,1779636599.644,USDCHF_otc
92,2026-05-24 15:30:00,0.7849,0.78474,0.78516,0.78457,407,1779636899.023,USDCHF_otc
92,2026-05-24 15:35:00,0.78475,0.78432,0.78491,0.78432,407,1779637199.544,USDCHF_otc
92,2026-05-24 15:40:00,0.78436,0.78447,0.78457,0.78422,414,1779637499.903,USDCHF_otc
92,2026-05-24 15:45:00,0.78447,0.78444,0.78485,0.78443,382,1779637799.835,USDCHF_otc
92,2026-05-24 15:50:00,0.78444,0.78437,0.78455,0.78416,397,1779638099.723,USDCHF_otc
92,2026-05-24 15:55:00,0.78437,0.78382,0.78447,0.78381,388,1779638397.667,USDCHF_otc
92,2026-05-24 16:00:00,0.78379,0.78372,0.78403,0.7836,410,1779638699.594,USDCHF_otc
92,2026-05-24 16:05:00,0.78372,0.78374,0.78383,0.78345,403,1779638998.526,USDCHF_otc
92,2026-05-24 16:10:00,0.78373,0.78254,0.78379,0.78254,410,1779639299.962,USDCHF_otc
92,2026-05-24 16:15:00,0.78254,0.7823,0.78265,0.7822,397,1779639598.902,USDCHF_otc
92,2026-05-24 16:20:00,0.7823,0.7822,0.78241,0.782,388,1779639899.338,USDCHF_otc
92,2026-05-24 16:25:00,0.78217,0.78266,0.78278,0.78217,403,1779640199.781,USDCHF_otc
92,2026-05-24 16:30:00,0.78267,0.78372,0.78372,0.78255,396,1779640499.745,USDCHF_otc
92,2026-05-24 16:35:00,0.78372,0.78374,0.78379,0.78328,372,1779640799.715,USDCHF_otc
92,2026-05-24 16:40:00,0.78371,0.78341,0.78384,0.78335,398,1779641098.585,USDCHF_otc
92,2026-05-24 16:45:00,0.78341,0.78315,0.78358,0.78308,395,1779641399.984,USDCHF_otc
92,2026-05-24 16:50:00,0.78313,0.78302,0.7832,0.78258,392,1779641699.499,USDCHF_otc
92,2026-05-24 16:55:00,0.78302,0.78193,0.78305,0.78177,399,1779641999.902,USDCHF_otc
92,2026-05-24 17:00:00,0.78194,0.78198,0.78232,0.78186,390,1779642298.895,USDCHF_otc
92,2026-05-24 17:05:00,0.78199,0.78247,0.78247,0.78189,389,1779642599.788,USDCHF_otc
92,2026-05-24 17:10:00,0.78247,0.7833,0.78332,0.78231,395,1779642899.747,USDCHF_otc
92,2026-05-24 17:15:00,0.7833,0.78431,0.78435,0.78327,382,1779643199.066,USDCHF_otc
92,2026-05-24 17:20:00,0.78427,0.78372,0.78429,0.78372,411,1779643499.041,USDCHF_otc
92,2026-05-24 17:25:00,0.78372,0.78341,0.78402,0.78296,407,1779643799.477,USDCHF_otc
92,2026-05-24 17:30:00,0.78341,0.78332,0.78383,0.78332,405,1779644099.975,USDCHF_otc
92,2026-05-24 17:35:00,0.78332,0.78376,0.78388,0.78322,376,1779644399.886,USDCHF_otc
92,2026-05-24 17:40:00,0.78376,0.78397,0.78403,0.78351,399,1779644699.862,USDCHF_otc
92,2026-05-24 17:45:00,0.78401,0.78361,0.78401,0.78347,391,1779644999.69,USDCHF_otc
92,2026-05-24 17:50:00,0.78362,0.78416,0.78416,0.78362,401,1779645299.601,USDCHF_otc
92,2026-05-24 17:55:00,0.78411,0.78487,0.78487,0.78399,388,1779645599.592,USDCHF_otc
92,2026-05-24 18:00:00,0.78487,0.78513,0.78521,0.78457,389,1779645899.566,USDCHF_otc
92,2026-05-24 18:05:00,0.78512,0.78514,0.78537,0.78486,397,1779646199.988,USDCHF_otc
92,2026-05-24 18:10:00,0.78514,0.78467,0.78515,0.78462,402,1779646499.889,USDCHF_otc
92,2026-05-24 18:15:00,0.78465,0.78424,0.78485,0.78404,405,1779646799.882,USDCHF_otc
92,2026-05-24 18:20:00,0.78424,0.78479,0.78496,0.78409,394,1779647099.799,USDCHF_otc
92,2026-05-24 18:25:00,0.78479,0.78475,0.78495,0.7846,393,1779647399.733,USDCHF_otc
92,2026-05-24 18:30:00,0.78473,0.78494,0.78505,0.78463,381,1779647699.156,USDCHF_otc
92,2026-05-24 18:35:00,0.78494,0.78525,0.7853,0.78474,381,1779647999.115,USDCHF_otc
92,2026-05-24 18:40:00,0.78525,0.785,0.78543,0.78498,415,1779648299.979,USDCHF_otc
92,2026-05-24 18:45:00,0.785,0.78466,0.78505,0.78459,391,1779648599.456,USDCHF_otc
92,2026-05-24 18:50:00,0.78466,0.78421,0.78466,0.78409,404,1779648898.831,USDCHF_otc
92,2026-05-24 18:55:00,0.7842,0.78353,0.78422,0.7835,407,1779649199.797,USDCHF_otc
92,2026-05-24 19:00:00,0.78353,0.78336,0.78384,0.78336,390,1779649499.174,USDCHF_otc
92,2026-05-24 19:05:00,0.78335,0.7836,0.78366,0.78333,386,1779649799.696,USDCHF_otc
92,2026-05-24 19:10:00,0.78359,0.78334,0.78377,0.78323,402,1779650098.577,USDCHF_otc
92,2026-05-24 19:15:00,0.78335,0.78341,0.78353,0.78312,399,1779650399.573,USDCHF_otc
92,2026-05-24 19:20:00,0.78341,0.78343,0.78371,0.78319,399,1779650699.937,USDCHF_otc
92,2026-05-24 19:25:00,0.78343,0.78284,0.78348,0.78272,400,1779650999.949,USDCHF_otc
92,2026-05-24 19:30:00,0.78284,0.78309,0.78317,0.78264,401,1779651299.789,USDCHF_otc
92,2026-05-24 19:35:00,0.78308,0.78378,0.78379,0.78302,426,1779651599.766,USDCHF_otc
92,2026-05-24 19:40:00,0.78378,0.78357,0.78404,0.78345,411,1779651898.659,USDCHF_otc
92,2026-05-24 19:45:00,0.78357,0.78274,0.78359,0.78263,389,1779652198.621,USDCHF_otc
92,2026-05-24 19:50:00,0.78273,0.78301,0.78319,0.78273,408,1779652499.998,USDCHF_otc
92,2026-05-24 19:55:00,0.78301,0.78301,0.7832,0.78274,393,1779652799.931,USDCHF_otc
92,2026-05-24 20:00:00,0.78301,0.78407,0.7841,0.78281,404,1779653099.855,USDCHF_otc
92,2026-05-24 20:05:00,0.78407,0.78374,0.78412,0.78359,404,1779653398.78,USDCHF_otc
92,2026-05-24 20:10:00,0.78373,0.78412,0.78419,0.78367,399,1779653698.201,USDCHF_otc
92,2026-05-24 20:15:00,0.78412,0.78434,0.7844,0.78377,398,1779653999.54,USDCHF_otc
92,2026-05-24 20:20:00,0.78434,0.78408,0.78445,0.78393,399,1779654299.028,USDCHF_otc
92,2026-05-24 20:25:00,0.78408,0.78449,0.7847,0.78394,403,1779654599.851,USDCHF_otc
92,2026-05-24 20:30:00,0.78448,0.78503,0.78515,0.78425,409,1779654899.78,USDCHF_otc
92,2026-05-24 20:35:00,0.78504,0.78531,0.7857,0.78493,389,1779655199.719,USDCHF_otc
92,2026-05-24 20:40:00,0.78531,0.78534,0.78576,0.78523,392,1779655498.629,USDCHF_otc
92,2026-05-24 20:45:00,0.78534,0.78499,0.78542,0.78486,386,1779655799.603,USDCHF_otc
92,2026-05-24 20:50:00,0.78499,0.78529,0.78529,0.78475,411,1779656099.458,USDCHF_otc
92,2026-05-24 20:55:00,0.78529,0.78525,0.78544,0.78503,392,1779656398.958,USDCHF_otc
92,2026-05-24 21:00:00,0.78525,0.78597,0.78608,0.78525,393,1779656699.401,USDCHF_otc
92,2026-05-24 21:05:00,0.78597,0.78645,0.78658,0.78597,393,1779656999.852,USDCHF_otc
92,2026-05-24 21:10:00,0.78646,0.78702,0.78707,0.7863,394,1779657298.751,USDCHF_otc
92,2026-05-24 21:15:00,0.78702,0.78677,0.78721,0.78677,424,1779657599.731,USDCHF_otc
92,2026-05-24 21:20:00,0.78677,0.78674,0.78696,0.78655,401,1779657899.571,USDCHF_otc
92,2026-05-24 21:25:00,0.78675,0.78646,0.78683,0.78617,408,1779658199.58,USDCHF_otc
92,2026-05-24 21:30:00,0.78647,0.78667,0.78696,0.78647,402,1779658499.95,USDCHF_otc
92,2026-05-24 21:35:00,0.78667,0.78673,0.787,0.78645,408,1779658799.885,USDCHF_otc
92,2026-05-24 21:40:00,0.78673,0.78623,0.78714,0.78611,389,1779659099.291,USDCHF_otc
92,2026-05-24 21:45:00,0.7862,0.78581,0.78625,0.78571,402,1779659399.705,USDCHF_otc
92,2026-05-24 21:50:00,0.78581,0.78653,0.78671,0.78578,398,1779659699.104,USDCHF_otc
92,2026-05-24 21:55:00,0.78653,0.78678,0.7872,0.78653,399,1779659999.979,USDCHF_otc
92,2026-05-24 22:00:00,0.78678,0.78653,0.78684,0.78639,382,1779660299.965,USDCHF_otc
92,2026-05-24 22:05:00,0.78653,0.78686,0.78708,0.78651,397,1779660599.909,USDCHF_otc
92,2026-05-24 22:10:00,0.78686,0.78684,0.78716,0.78674,383,1779660899.86,USDCHF_otc
92,2026-05-24 22:15:00,0.78684,0.78672,0.78701,0.78651,380,1779661199.747,USDCHF_otc
92,2026-05-24 22:20:00,0.78672,0.78659,0.78672,0.78631,400,1779661499.713,USDCHF_otc
92,2026-05-24 22:25:00,0.78659,0.78679,0.78709,0.78655,392,1779661799.044,USDCHF_otc
92,2026-05-24 22:30:00,0.7868,0.78682,0.78694,0.78639,378,1779662099.507,USDCHF_otc
92,2026-05-24 22:35:00,0.78682,0.78636,0.78705,0.78636,406,1779662399.421,USDCHF_otc
92,2026-05-24 22:40:00,0.78636,0.78641,0.78675,0.78606,394,1779662699.384,USDCHF_otc
92,2026-05-24 22:45:00,0.78643,0.78578,0.78648,0.7856,421,1779662999.271,USDCHF_otc
92,2026-05-24 22:50:00,0.7858,0.78678,0.78704,0.7858,390,1779663299.724,USDCHF_otc
92,2026-05-24 22:55:00,0.78678,0.78679,0.78683,0.78627,408,1779663599.566,USDCHF_otc
92,2026-05-24 23:00:00,0.7868,0.78722,0.78727,0.78665,392,1779663899.015,USDCHF_otc
92,2026-05-24 23:05:00,0.78724,0.78699,0.78742,0.78691,411,1779664199.873,USDCHF_otc
92,2026-05-24 23:10:00,0.78699,0.78753,0.78755,0.7867,421,1779664499.756,USDCHF_otc
92,2026-05-24 23:15:00,0.78753,0.78751,0.78787,0.78734,393,1779664799.717,USDCHF_otc
92,2026-05-24 23:20:00,0.78751,0.7882,0.78825,0.78735,412,1779665099.123,USDCHF_otc
92,2026-05-24 23:25:00,0.78821,0.78718,0.78828,0.78712,416,1779665399.609,USDCHF_otc
92,2026-05-24 23:30:00,0.78718,0.78603,0.78726,0.78576,399,1779665699.961,USDCHF_otc
92,2026-05-24 23:35:00,0.78603,0.78597,0.78616,0.78572,397,1779665999.415,USDCHF_otc
92,2026-05-24 23:40:00,0.78597,0.78609,0.78626,0.78562,396,1779666299.848,USDCHF_otc
92,2026-05-24 23:45:00,0.78609,0.78602,0.78666,0.78601,410,1779666599.334,USDCHF_otc
92,2026-05-24 23:50:00,0.78602,0.78552,0.78633,0.78545,390,1779666897.675,USDCHF_otc
92,2026-05-24 23:55:00,0.78552,0.78579,0.78586,0.78549,400,1779667199.64,USDCHF_otc
92,2026-05-25 00:00:00,0.78578,0.78528,0.78587,0.78524,413,1779667498.504,USDCHF_otc
92,2026-05-25 00:05:00,0.78529,0.78572,0.78574,0.78525,401,1779667799.979,USDCHF_otc
92,2026-05-25 00:10:00,0.78572,0.78509,0.78572,0.78509,413,1779668099.836,USDCHF_otc
92,2026-05-25 00:15:00,0.78509,0.78444,0.78537,0.78439,386,1779668399.757,USDCHF_otc
92,2026-05-25 00:20:00,0.78444,0.78382,0.78473,0.78382,413,1779668699.633,USDCHF_otc
92,2026-05-25 00:25:00,0.78381,0.78377,0.78428,0.78374,405,1779668999.516,USDCHF_otc
92,2026-05-25 00:30:00,0.78377,0.78387,0.78413,0.78358,377,1779669299.959,USDCHF_otc
92,2026-05-25 00:35:00,0.78387,0.78323,0.78416,0.78305,399,1779669599.298,USDCHF_otc
92,2026-05-25 00:40:00,0.78323,0.78406,0.78407,0.7832,395,1779669899.769,USDCHF_otc
92,2026-05-25 00:45:00,0.78406,0.78464,0.78485,0.78398,401,1779670199.663,USDCHF_otc
92,2026-05-25 00:50:00,0.78464,0.78459,0.78482,0.78436,404,1779670498.14,USDCHF_otc
92,2026-05-25 00:55:00,0.78457,0.78427,0.78476,0.78409,373,1779670799.523,USDCHF_otc
92,2026-05-25 01:00:00,0.78427,0.78426,0.78439,0.78385,405,1779671099.958,USDCHF_otc
92,2026-05-25 01:05:00,0.78426,0.78351,0.78426,0.78332,384,1779671399.833,USDCHF_otc
92,2026-05-25 01:10:00,0.78351,0.78304,0.78368,0.78301,396,1779671699.758,USDCHF_otc
92,2026-05-25 01:15:00,0.78302,0.78279,0.78302,0.78266,391,1779671999.223,USDCHF_otc
92,2026-05-25 01:20:00,0.78279,0.78315,0.7832,0.78277,391,1779672299.651,USDCHF_otc
92,2026-05-25 01:25:00,0.78315,0.78282,0.78381,0.78281,387,1779672599.571,USDCHF_otc
92,2026-05-25 01:30:00,0.78283,0.78273,0.78303,0.7824,400,1779672899.946,USDCHF_otc
92,2026-05-25 01:35:00,0.78273,0.78183,0.78286,0.78145,379,1779673198.905,USDCHF_otc
92,2026-05-25 01:40:00,0.78184,0.78251,0.78263,0.78157,406,1779673499.271,USDCHF_otc
92,2026-05-25 01:45:00,0.78251,0.7826,0.78318,0.78226,407,1779673799.728,USDCHF_otc
92,2026-05-25 01:50:00,0.7826,0.78229,0.78283,0.78214,391,1779674098.557,USDCHF_otc
92,2026-05-25 01:55:00,0.78229,0.78222,0.78249,0.78204,419,1779674399.487,USDCHF_otc
92,2026-05-25 02:00:00,0.78222,0.78227,0.78248,0.78171,407,1779674699.407,USDCHF_otc
92,2026-05-25 02:05:00,0.78227,0.78148,0.78227,0.78144,398,1779674999.803,USDCHF_otc
92,2026-05-25 02:10:00,0.78148,0.78188,0.7821,0.78143,397,1779675299.748,USDCHF_otc
92,2026-05-25 02:15:00,0.78187,0.78205,0.78219,0.78175,393,1779675599.64,USDCHF_otc
92,2026-05-25 02:20:00,0.78204,0.78211,0.78228,0.78183,389,1779675899.639,USDCHF_otc
92,2026-05-25 02:25:00,0.78211,0.78228,0.78249,0.78187,396,1779676199.024,USDCHF_otc
92,2026-05-25 02:30:00,0.78229,0.78242,0.78277,0.78221,411,1779676498.989,USDCHF_otc
92,2026-05-25 02:35:00,0.7824,0.78218,0.78266,0.782,417,1779676799.816,USDCHF_otc
92,2026-05-25 02:40:00,0.78217,0.7826,0.78261,0.78191,411,1779677099.751,USDCHF_otc
92,2026-05-25 02:45:00,0.7826,0.78258,0.78305,0.78245,410,1779677399.168,USDCHF_otc
92,2026-05-25 02:50:00,0.78259,0.78307,0.78309,0.78248,411,1779677698.586,USDCHF_otc
92,2026-05-25 02:55:00,0.78311,0.78332,0.7838,0.78299,409,1779677999.5,USDCHF_otc
92,2026-05-25 03:00:00,0.78332,0.78336,0.7834,0.78297,407,1779678299.954,USDCHF_otc
92,2026-05-25 03:05:00,0.78336,0.78462,0.78463,0.78336,395,1779678599.87,USDCHF_otc
92,2026-05-25 03:10:00,0.78463,0.78469,0.78505,0.78449,390,1779678899.301,USDCHF_otc
92,2026-05-25 03:15:00,0.78469,0.78461,0.78524,0.78454,401,1779679198.207,USDCHF_otc
92,2026-05-25 03:20:00,0.78461,0.78433,0.78478,0.78417,422,1779679499.656,USDCHF_otc
92,2026-05-25 03:25:00,0.78431,0.78436,0.78481,0.78418,412,1779679799.554,USDCHF_otc
92,2026-05-25 03:30:00,0.78436,0.78414,0.78437,0.78389,393,1779680099.505,USDCHF_otc
92,2026-05-25 03:35:00,0.78414,0.7841,0.78451,0.78387,401,1779680399.957,USDCHF_otc
92,2026-05-25 03:40:00,0.7841,0.78381,0.78415,0.78354,395,1779680699.376,USDCHF_otc
92,2026-05-25 03:45:00,0.78381,0.78353,0.78382,0.78328,399,1779680999.751,USDCHF_otc
92,2026-05-25 03:50:00,0.78352,0.78266,0.78364,0.78257,417,1779681299.106,USDCHF_otc
92,2026-05-25 03:55:00,0.78266,0.78291,0.78313,0.78262,398,1779681599.599,USDCHF_otc
92,2026-05-25 04:00:00,0.78289,0.78211,0.78303,0.7821,392,1779681899.962,USDCHF_otc
92,2026-05-25 04:05:00,0.78211,0.78151,0.78215,0.78151,391,1779682199.882,USDCHF_otc
92,2026-05-25 04:10:00,0.78153,0.78131,0.78182,0.7812,395,1779682498.741,USDCHF_otc
92,2026-05-25 04:15:00,0.78131,0.78145,0.78154,0.78081,396,1779682799.581,USDCHF_otc
92,2026-05-25 04:20:00,0.78146,0.78193,0.78218,0.78143,398,1779683099.557,USDCHF_otc
92,2026-05-25 04:25:00,0.78193,0.78186,0.7823,0.78179,384,1779683399.917,USDCHF_otc
92,2026-05-25 04:30:00,0.78186,0.78199,0.78223,0.78163,375,1779683698.897,USDCHF_otc
92,2026-05-25 04:35:00,0.78199,0.78173,0.782,0.78147,405,1779683999.792,USDCHF_otc
92,2026-05-25 04:40:00,0.78181,0.78188,0.78226,0.78153,404,1779684298.721,USDCHF_otc
92,2026-05-25 04:45:00,0.7819,0.78216,0.78216,0.78165,414,1779684598.102,USDCHF_otc
92,2026-05-25 04:50:00,0.78216,0.7822,0.7822,0.78181,409,1779684899.989,USDCHF_otc
92,2026-05-25 04:55:00,0.7822,0.782,0.7823,0.78177,381,1779685199.98,USDCHF_otc
92,2026-05-25 05:00:00,0.782,0.78244,0.78247,0.78182,419,1779685499.944,USDCHF_otc
92,2026-05-25 05:05:00,0.78244,0.78236,0.78251,0.78196,409,1779685799.833,USDCHF_otc
92,2026-05-25 05:10:00,0.78236,0.78299,0.7832,0.78235,398,1779686099.711,USDCHF_otc
92,2026-05-25 05:15:00,0.783,0.78299,0.78307,0.78244,419,1779686399.216,USDCHF_otc
92,2026-05-25 05:20:00,0.78302,0.78366,0.78369,0.783,395,1779686698.59,USDCHF_otc
92,2026-05-25 05:25:00,0.78366,0.78338,0.78393,0.78318,417,1779686999.1,USDCHF_otc
92,2026-05-25 05:30:00,0.78337,0.78357,0.78377,0.78321,428,1779687299.975,USDCHF_otc
92,2026-05-25 05:35:00,0.78357,0.78301,0.78361,0.78298,401,1779687599.964,USDCHF_otc
92,2026-05-25 05:40:00,0.78303,0.78263,0.78332,0.78263,411,1779687899.355,USDCHF_otc
92,2026-05-25 05:45:00,0.78266,0.78309,0.78315,0.78252,366,1779688199.852,USDCHF_otc
92,2026-05-25 05:50:00,0.78309,0.78307,0.78313,0.78265,413,1779688499.717,USDCHF_otc
92,2026-05-25 05:55:00,0.78306,0.78328,0.78341,0.7826,409,1779688798.699,USDCHF_otc
92,2026-05-25 06:00:00,0.78327,0.78327,0.78356,0.78294,398,1779689099.612,USDCHF_otc
92,2026-05-25 06:05:00,0.78327,0.78318,0.78385,0.78311,436,1779689399.614,USDCHF_otc
92,2026-05-25 06:10:00,0.78319,0.78318,0.7833,0.78289,408,1779689699.05,USDCHF_otc
92,2026-05-25 06:15:00,0.78318,0.78322,0.78388,0.78311,407,1779689999.542,USDCHF_otc
92,2026-05-25 06:20:00,0.78322,0.7827,0.7834,0.78259,395,1779690298.45,USDCHF_otc
92,2026-05-25 06:25:00,0.7827,0.78224,0.7827,0.78202,392,1779690599.951,USDCHF_otc
92,2026-05-25 06:30:00,0.78224,0.78177,0.78236,0.78174,406,1779690899.829,USDCHF_otc
92,2026-05-25 06:35:00,0.78176,0.78111,0.78185,0.78085,406,1779691199.802,USDCHF_otc
92,2026-05-25 06:40:00,0.78111,0.78097,0.78127,0.78091,415,1779691499.742,USDCHF_otc
92,2026-05-25 06:45:00,0.78097,0.78127,0.78161,0.78096,394,1779691799.193,USDCHF_otc
92,2026-05-25 06:50:00,0.78125,0.78077,0.78131,0.78056,387,1779692099.595,USDCHF_otc
92,2026-05-25 06:55:00,0.78077,0.78128,0.78148,0.78072,411,1779692399.554,USDCHF_otc
92,2026-05-25 07:00:00,0.78128,0.78196,0.78217,0.78127,385,1779692699.979,USDCHF_otc
92,2026-05-25 07:05:00,0.78196,0.78132,0.78204,0.78131,392,1779692999.953,USDCHF_otc
92,2026-05-25 07:10:00,0.78125,0.78098,0.78151,0.78087,404,1779693299.832,USDCHF_otc
92,2026-05-25 07:15:00,0.78098,0.78104,0.78143,0.78096,393,1779693599.85,USDCHF_otc
92,2026-05-25 07:20:00,0.78104,0.78155,0.7817,0.78101,399,1779693899.198,USDCHF_otc
92,2026-05-25 07:25:00,0.78157,0.78242,0.78245,0.78157,404,1779694199.167,USDCHF_otc
92,2026-05-25 07:30:00,0.78242,0.78242,0.78264,0.78228,400,1779694499.119,USDCHF_otc
92,2026-05-25 07:35:00,0.78242,0.78168,0.78243,0.78149,401,1779694799.601,USDCHF_otc
92,2026-05-25 07:40:00,0.78168,0.78106,0.78172,0.78087,400,1779695099.482,USDCHF_otc
92,2026-05-25 07:45:00,0.78106,0.78123,0.78134,0.78064,404,1779695399.968,USDCHF_otc
92,2026-05-25 07:50:00,0.78125,0.7823,0.78262,0.78121,404,1779695699.333,USDCHF_otc
92,2026-05-25 07:55:00,0.7823,0.7823,0.78245,0.78201,398,1779695999.769,USDCHF_otc
92,2026-05-25 08:00:00,0.78232,0.78306,0.78317,0.78222,396,1779696299.701,USDCHF_otc
92,2026-05-25 08:05:00,0.78304,0.78359,0.78372,0.78258,416,1779696599.668,USDCHF_otc
92,2026-05-25 08:10:00,0.78359,0.78279,0.78381,0.78276,400,1779696899.577,USDCHF_otc
92,2026-05-25 08:15:00,0.78279,0.78241,0.78297,0.78201,387,1779697199.428,USDCHF_otc
92,2026-05-25 08:20:00,0.78238,0.78235,0.78262,0.78218,374,1779697499.943,USDCHF_otc
92,2026-05-25 08:25:00,0.78234,0.78277,0.78282,0.78229,370,1779697798.822,USDCHF_otc
92,2026-05-25 08:30:00,0.78277,0.7824,0.78289,0.78225,399,1779698099.804,USDCHF_otc
92,2026-05-25 08:35:00,0.7824,0.78213,0.78244,0.78187,408,1779698399.143,USDCHF_otc
92,2026-05-25 08:40:00,0.78213,0.78267,0.78267,0.78184,425,1779698699.607,USDCHF_otc
92,2026-05-25 08:45:00,0.7827,0.78275,0.78338,0.78264,391,1779698998.46,USDCHF_otc
92,2026-05-25 08:50:00,0.78275,0.783,0.78307,0.78237,413,1779699299.916,USDCHF_otc
92,2026-05-25 08:55:00,0.78299,0.78319,0.7832,0.78289,390,1779699598.883,USDCHF_otc
92,2026-05-25 09:00:00,0.7832,0.78385,0.78392,0.7832,411,1779699899.837,USDCHF_otc
92,2026-05-25 09:05:00,0.78385,0.78383,0.78407,0.78357,389,1779700199.304,USDCHF_otc
92,2026-05-25 09:10:00,0.78383,0.78343,0.78403,0.78318,390,1779700499.757,USDCHF_otc
92,2026-05-25 09:15:00,0.78343,0.78326,0.78357,0.78313,405,1779700799.632,USDCHF_otc
92,2026-05-25 09:20:00,0.78326,0.78299,0.78343,0.78277,385,1779701098.498,USDCHF_otc
92,2026-05-25 09:25:00,0.78299,0.78308,0.78331,0.78293,417,1779701399.966,USDCHF_otc
92,2026-05-25 09:30:00,0.78308,0.78293,0.78334,0.7826,387,1779701699.453,USDCHF_otc
92,2026-05-25 09:35:00,0.78293,0.78206,0.78298,0.78183,388,1779701999.949,USDCHF_otc
92,2026-05-25 09:40:00,0.78206,0.78251,0.78268,0.78192,390,1779702299.804,USDCHF_otc
92,2026-05-25 09:45:00,0.78251,0.78402,0.78403,0.78248,392,1779702599.796,USDCHF_otc
92,2026-05-25 09:50:00,0.78403,0.7835,0.7841,0.78334,420,1779702899.693,USDCHF_otc
92,2026-05-25 09:55:00,0.7835,0.78348,0.78358,0.78269,411,1779703199.69,USDCHF_otc
92,2026-05-25 10:00:00,0.78348,0.7831,0.7835,0.78276,401,1779703499.603,USDCHF_otc
92,2026-05-25 10:05:00,0.78311,0.78302,0.78339,0.78268,400,1779703799.583,USDCHF_otc
92,2026-05-25 10:10:00,0.78303,0.78248,0.7832,0.78243,417,1779704099.947,USDCHF_otc
92,2026-05-25 10:15:00,0.78248,0.7826,0.78285,0.78236,394,1779704399.398,USDCHF_otc
92,2026-05-25 10:20:00,0.78258,0.78251,0.78271,0.78176,413,1779704698.837,USDCHF_otc
92,2026-05-25 10:25:00,0.78252,0.78187,0.78262,0.78168,420,1779704999.801,USDCHF_otc
92,2026-05-25 10:30:00,0.78184,0.78225,0.7824,0.78177,392,1779705299.765,USDCHF_otc
92,2026-05-25 10:35:00,0.78225,0.78256,0.7827,0.78212,394,1779705599.742,USDCHF_otc
92,2026-05-25 10:40:00,0.78256,0.78177,0.78268,0.7817,398,1779705899.152,USDCHF_otc
92,2026-05-25 10:45:00,0.78176,0.78188,0.78234,0.78172,393,1779706199.609,USDCHF_otc
92,2026-05-25 10:50:00,0.78187,0.78182,0.78211,0.7816,404,1779706499.443,USDCHF_otc
92,2026-05-25 10:55:00,0.78182,0.78251,0.78252,0.78178,397,1779706799.974,USDCHF_otc
92,2026-05-25 11:00:00,0.78251,0.7833,0.78338,0.78238,381,1779707099.857,USDCHF_otc
92,2026-05-25 11:05:00,0.78329,0.78426,0.78427,0.78322,409,1779707398.835,USDCHF_otc
92,2026-05-25 11:10:00,0.78426,0.78429,0.78477,0.78413,404,1779707699.701,USDCHF_otc
92,2026-05-25 11:15:00,0.78429,0.78454,0.78528,0.78415,396,1779707999.689,USDCHF_otc
92,2026-05-25 11:20:00,0.78454,0.78528,0.78534,0.78453,409,1779708299.532,USDCHF_otc
92,2026-05-25 11:25:00,0.78531,0.78508,0.78577,0.78498,412,1779708599.422,USDCHF_otc
92,2026-05-25 11:30:00,0.78508,0.78458,0.78527,0.78442,398,1779708899.896,USDCHF_otc
92,2026-05-25 11:35:00,0.78458,0.78497,0.78508,0.78456,410,1779709199.826,USDCHF_otc
92,2026-05-25 11:40:00,0.78496,0.78375,0.78506,0.78371,411,1779709499.788,USDCHF_otc
92,2026-05-25 11:45:00,0.78375,0.78395,0.78438,0.78344,398,1779709799.674,USDCHF_otc
92,2026-05-25 11:50:00,0.78395,0.78434,0.78476,0.7839,422,1779710099.142,USDCHF_otc
92,2026-05-25 11:55:00,0.78432,0.78473,0.78503,0.78431,405,1779710398.527,USDCHF_otc
92,2026-05-25 12:00:00,0.78474,0.78447,0.78508,0.78425,406,1779710699.549,USDCHF_otc
92,2026-05-25 12:05:00,0.78447,0.78486,0.78486,0.78426,393,1779710999.926,USDCHF_otc
92,2026-05-25 12:10:00,0.78486,0.7851,0.78532,0.78461,374,1779711299.898,USDCHF_otc
92,2026-05-25 12:15:00,0.7851,0.78449,0.7851,0.78447,406,1779711599.786,USDCHF_otc
92,2026-05-25 12:20:00,0.78449,0.78343,0.78451,0.78337,403,1779711898.213,USDCHF_otc
92,2026-05-25 12:25:00,0.78343,0.78341,0.78349,0.78299,397,1779712199.657,USDCHF_otc
92,2026-05-25 12:30:00,0.78338,0.78308,0.78352,0.78301,406,1779712499.563,USDCHF_otc
92,2026-05-25 12:35:00,0.78308,0.78293,0.78326,0.78279,416,1779712799.538,USDCHF_otc
92,2026-05-25 12:40:00,0.78291,0.78285,0.78318,0.78277,403,1779713098.909,USDCHF_otc
92,2026-05-25 12:45:00,0.78285,0.78221,0.7829,0.78214,402,1779713399.408,USDCHF_otc
92,2026-05-25 12:50:00,0.78221,0.78214,0.78244,0.78203,396,1779713699.774,USDCHF_otc
92,2026-05-25 12:55:00,0.78214,0.78206,0.7823,0.78153,392,1779713999.77,USDCHF_otc
92,2026-05-25 13:00:00,0.78206,0.78182,0.78207,0.78154,406,1779714299.655,USDCHF_otc
92,2026-05-25 13:05:00,0.78182,0.78159,0.78208,0.78149,396,1779714599.642,USDCHF_otc
92,2026-05-25 13:10:00,0.78158,0.78205,0.78208,0.78138,402,1779714899.505,USDCHF_otc
92,2026-05-25 13:15:00,0.78204,0.78181,0.78215,0.78166,404,1779715199.408,USDCHF_otc
92,2026-05-25 13:20:00,0.78181,0.78247,0.78261,0.78172,406,1779715499.388,USDCHF_otc
92,2026-05-25 13:25:00,0.78247,0.7829,0.78304,0.78241,400,1779715799.794,USDCHF_otc
92,2026-05-25 13:30:00,0.7829,0.78264,0.78292,0.7825,417,1779716099.771,USDCHF_otc
92,2026-05-25 13:35:00,0.78268,0.78234,0.78296,0.78234,392,1779716399.637,USDCHF_otc
92,2026-05-25 13:40:00,0.78234,0.78229,0.78281,0.78226,397,1779716699.638,USDCHF_otc
92,2026-05-25 13:45:00,0.78227,0.78223,0.78249,0.78203,384,1779716999.496,USDCHF_otc
92,2026-05-25 13:50:00,0.78222,0.78263,0.78263,0.78198,396,1779717299.953,USDCHF_otc
92,2026-05-25 13:55:00,0.78263,0.78222,0.7827,0.78222,384,1779717599.396,USDCHF_otc
92,2026-05-25 14:00:00,0.78222,0.78222,0.7825,0.78191,402,1779717899.397,USDCHF_otc
92,2026-05-25 14:05:00,0.78222,0.78171,0.78238,0.78148,398,1779718199.802,USDCHF_otc
92,2026-05-25 14:10:00,0.78174,0.78199,0.78217,0.78169,375,1779718498.811,USDCHF_otc
92,2026-05-25 14:15:00,0.78199,0.7823,0.78234,0.78173,393,1779718794.12,USDCHF_otc
92,2026-05-25 14:20:00,0.78232,0.78208,0.78243,0.78198,392,1779719099.574,USDCHF_otc
92,2026-05-25 14:25:00,0.78209,0.78201,0.78212,0.78142,414,1779719399.513,USDCHF_otc
92,2026-05-25 14:30:00,0.78201,0.78133,0.78218,0.7813,399,1779719699.543,USDCHF_otc
92,2026-05-25 14:35:00,0.78132,0.78051,0.78144,0.78048,413,1779719999.983,USDCHF_otc
92,2026-05-25 14:40:00,0.78051,0.78019,0.78078,0.78012,418,1779720299.954,USDCHF_otc
92,2026-05-25 14:45:00,0.7802,0.78033,0.78048,0.78,389,1779720599.375,USDCHF_otc
92,2026-05-25 14:50:00,0.78033,0.78015,0.78041,0.77971,389,1779720899.841,USDCHF_otc
92,2026-05-25 14:55:00,0.78015,0.77981,0.7802,0.77966,389,1779721199.752,USDCHF_otc
92,2026-05-25 15:00:00,0.77982,0.77961,0.77988,0.77955,399,1779721499.746,USDCHF_otc
92,2026-05-25 15:05:00,0.77961,0.77975,0.78002,0.77956,394,1779721798.708,USDCHF_otc
92,2026-05-25 15:10:00,0.77975,0.77996,0.78009,0.77945,391,1779722099.644,USDCHF_otc
92,2026-05-25 15:15:00,0.77993,0.77976,0.78026,0.77975,415,1779722399.544,USDCHF_otc
92,2026-05-25 15:20:00,0.77977,0.77978,0.78006,0.77958,386,1779722699.513,USDCHF_otc
92,2026-05-25 15:25:00,0.77977,0.77985,0.78013,0.77955,403,1779722999.983,USDCHF_otc
92,2026-05-25 15:30:00,0.77985,0.78001,0.78039,0.77977,399,1779723299.913,USDCHF_otc
92,2026-05-25 15:35:00,0.78001,0.78032,0.78033,0.7798,404,1779723599.867,USDCHF_otc
92,2026-05-25 15:40:00,0.78031,0.77953,0.78038,0.77922,410,1779723899.327,USDCHF_otc
92,2026-05-25 15:45:00,0.77953,0.7801,0.78021,0.77944,396,1779724198.759,USDCHF_otc
92,2026-05-25 15:50:00,0.78012,0.7804,0.78053,0.77991,359,1779724499.222,USDCHF_otc
92,2026-05-25 15:55:00,0.7804,0.78048,0.78066,0.78018,403,1779724799.622,USDCHF_otc
92,2026-05-25 16:00:00,0.78048,0.78084,0.78091,0.7804,370,1779725099.649,USDCHF_otc
92,2026-05-25 16:05:00,0.7808,0.78019,0.7808,0.78007,402,1779725399.062,USDCHF_otc
92,2026-05-25 16:10:00,0.78021,0.78047,0.78061,0.77989,391,1779725698.533,USDCHF_otc
92,2026-05-25 16:15:00,0.78047,0.78033,0.78058,0.77994,394,1779725998.908,USDCHF_otc
92,2026-05-25 16:20:00,0.78033,0.78013,0.78047,0.78002,395,1779726299.895,USDCHF_otc
92,2026-05-25 16:25:00,0.78013,0.78065,0.78071,0.78003,400,1779726599.821,USDCHF_otc
92,2026-05-25 16:30:00,0.78063,0.78048,0.78069,0.78023,438,1779726899.306,USDCHF_otc
92,2026-05-25 16:35:00,0.78048,0.77987,0.7807,0.77986,408,1779727199.743,USDCHF_otc
92,2026-05-25 16:40:00,0.77987,0.77964,0.78009,0.77964,418,1779727499.705,USDCHF_otc
92,2026-05-25 16:45:00,0.77964,0.77948,0.77982,0.77909,416,1779727799.707,USDCHF_otc
92,2026-05-25 16:50:00,0.77949,0.7798,0.77995,0.77944,384,1779728099.561,USDCHF_otc
92,2026-05-25 16:55:00,0.7798,0.77902,0.77987,0.77902,418,1779728399.539,USDCHF_otc
92,2026-05-25 17:00:00,0.77904,0.77948,0.77953,0.77888,407,1779728699.518,USDCHF_otc
92,2026-05-25 17:05:00,0.77947,0.77922,0.77973,0.77922,413,1779728999.522,USDCHF_otc
92,2026-05-25 17:10:00,0.77918,0.77917,0.77939,0.77873,404,1779729299.895,USDCHF_otc
92,2026-05-25 17:15:00,0.77917,0.77895,0.77925,0.7788,412,1779729599.876,USDCHF_otc
92,2026-05-25 17:20:00,0.77895,0.77936,0.77943,0.77882,388,1779729899.735,USDCHF_otc
92,2026-05-25 17:25:00,0.77934,0.77975,0.77975,0.77912,392,1779730199.728,USDCHF_otc
92,2026-05-25 17:30:00,0.77975,0.77988,0.77998,0.77938,384,1779730499.695,USDCHF_otc
92,2026-05-25 17:35:00,0.77988,0.77913,0.78004,0.77908,396,1779730799.192,USDCHF_otc
92,2026-05-25 17:40:00,0.77913,0.77847,0.77916,0.77836,404,1779731099.103,USDCHF_otc
92,2026-05-25 17:45:00,0.77847,0.77892,0.77914,0.77847,389,1779731399.557,USDCHF_otc
92,2026-05-25 17:50:00,0.77892,0.77912,0.77923,0.77855,385,1779731699.39,USDCHF_otc
92,2026-05-25 17:55:00,0.77912,0.77844,0.77928,0.77823,395,1779731999.794,USDCHF_otc
92,2026-05-25 18:00:00,0.77848,0.77816,0.77867,0.7781,406,1779732299.313,USDCHF_otc
92,2026-05-25 18:05:00,0.77816,0.77749,0.77834,0.77746,386,1779732599.737,USDCHF_otc
92,2026-05-25 18:10:00,0.77749,0.77727,0.77767,0.77708,405,1779732899.737,USDCHF_otc
92,2026-05-25 18:15:00,0.77727,0.77777,0.7779,0.77718,397,1779733199.641,USDCHF_otc
92,2026-05-25 18:20:00,0.77778,0.77849,0.7785,0.77759,412,1779733499.048,USDCHF_otc
92,2026-05-25 18:25:00,0.77849,0.77822,0.77852,0.77796,401,1779733798.962,USDCHF_otc
92,2026-05-25 18:30:00,0.77822,0.77845,0.77856,0.77802,402,1779734099.973,USDCHF_otc
92,2026-05-25 18:35:00,0.77845,0.77832,0.77847,0.77777,400,1779734399.398,USDCHF_otc
92,2026-05-25 18:40:00,0.77831,0.77792,0.77853,0.77775,405,1779734699.849,USDCHF_otc
92,2026-05-25 18:45:00,0.77792,0.77735,0.77811,0.77731,387,1779734999.757,USDCHF_otc
92,2026-05-25 18:50:00,0.77733,0.77764,0.77806,0.77731,376,1779735299.757,USDCHF_otc
92,2026-05-25 18:55:00,0.77761,0.77816,0.77865,0.77761,406,1779735599.665,USDCHF_otc
92,2026-05-25 19:00:00,0.77818,0.77859,0.77877,0.77789,406,1779735899.625,USDCHF_otc
92,2026-05-25 19:05:00,0.77854,0.77847,0.77884,0.77837,382,1779736198.573,USDCHF_otc
92,2026-05-25 19:10:00,0.77847,0.77909,0.77909,0.77825,385,1779736499.514,USDCHF_otc
92,2026-05-25 19:15:00,0.77909,0.77883,0.77919,0.77863,403,1779736799.907,USDCHF_otc
92,2026-05-25 19:20:00,0.77883,0.77861,0.77932,0.77858,404,1779737099.898,USDCHF_otc
92,2026-05-25 19:25:00,0.77861,0.77867,0.77883,0.77848,396,1779737399.325,USDCHF_otc
92,2026-05-25 19:30:00,0.77867,0.77894,0.779,0.77841,394,1779737699.793,USDCHF_otc
92,2026-05-25 19:35:00,0.77894,0.7798,0.77985,0.77885,410,1779737999.695,USDCHF_otc
92,2026-05-25 19:40:00,0.7798,0.7799,0.7799,0.77938,381,1779738299.165,USDCHF_otc
92,2026-05-25 19:45:00,0.77991,0.77996,0.78056,0.77976,388,1779738599.534,USDCHF_otc
92,2026-05-25 19:50:00,0.77996,0.77963,0.78026,0.77963,417,1779738899.527,USDCHF_otc
92,2026-05-25 19:55:00,0.77961,0.77939,0.77965,0.77929,409,1779739199.908,USDCHF_otc
92,2026-05-25 20:00:00,0.77939,0.77941,0.77959,0.77924,396,1779739499.856,USDCHF_otc
92,2026-05-25 20:05:00,0.77941,0.7797,0.7797,0.77913,379,1779739799.294,USDCHF_otc
92,2026-05-25 20:10:00,0.7797,0.77933,0.77971,0.77918,391,1779740099.217,USDCHF_otc
92,2026-05-25 20:15:00,0.77933,0.77953,0.77974,0.77928,403,1779740399.647,USDCHF_otc
92,2026-05-25 20:20:00,0.77953,0.77937,0.77974,0.77935,392,1779740699.052,USDCHF_otc
92,2026-05-25 20:25:00,0.77937,0.77929,0.77971,0.77915,379,1779740999.031,USDCHF_otc
92,2026-05-25 20:30:00,0.77928,0.77936,0.77969,0.77922,399,1779741299.917,USDCHF_otc
92,2026-05-25 20:35:00,0.77936,0.77937,0.77963,0.77912,390,1779741599.899,USDCHF_otc
92,2026-05-25 20:40:00,0.77937,0.77971,0.77974,0.77912,406,1779741899.809,USDCHF_otc
92,2026-05-25 20:45:00,0.77972,0.7789,0.77989,0.77853,410,1779742199.283,USDCHF_otc
92,2026-05-25 20:50:00,0.7789,0.77912,0.7795,0.77889,399,1779742498.623,USDCHF_otc
92,2026-05-25 20:55:00,0.77912,0.779,0.77915,0.7787,411,1779742798.075,USDCHF_otc
92,2026-05-25 21:00:00,0.779,0.77948,0.77948,0.77883,394,1779743099.004,USDCHF_otc
92,2026-05-25 21:05:00,0.77951,0.77893,0.77967,0.77889,404,1779743398.945,USDCHF_otc
92,2026-05-25 21:10:00,0.77893,0.7791,0.77937,0.77876,392,1779743699.81,USDCHF_otc
92,2026-05-25 21:15:00,0.7791,0.77929,0.77946,0.77904,402,1779743999.137,USDCHF_otc
92,2026-05-25 21:20:00,0.77928,0.77965,0.77971,0.77925,406,1779744299.562,USDCHF_otc
92,2026-05-25 21:25:00,0.77967,0.77983,0.7799,0.77947,401,1779744599.997,USDCHF_otc
92,2026-05-25 21:30:00,0.77983,0.78029,0.78036,0.77983,383,1779744899.457,USDCHF_otc
92,2026-05-25 21:35:00,0.78029,0.78023,0.7807,0.78005,396,1779745199.875,USDCHF_otc
92,2026-05-25 21:40:00,0.78023,0.77974,0.78023,0.77954,411,1779745499.299,USDCHF_otc
92,2026-05-25 21:45:00,0.77976,0.77892,0.77985,0.77889,385,1779745799.715,USDCHF_otc
92,2026-05-25 21:50:00,0.77892,0.77885,0.77918,0.77851,384,1779746097.614,USDCHF_otc
92,2026-05-25 21:55:00,0.77881,0.77808,0.77898,0.77802,384,1779746398.559,USDCHF_otc
92,2026-05-25 22:00:00,0.77807,0.77776,0.7782,0.77767,407,1779746699.952,USDCHF_otc
92,2026-05-25 22:05:00,0.77774,0.77804,0.7781,0.77747,395,1779746999.942,USDCHF_otc
92,2026-05-25 22:10:00,0.77804,0.77813,0.77847,0.77794,402,1779747299.353,USDCHF_otc
92,2026-05-25 22:15:00,0.77815,0.77765,0.77824,0.77759,374,1779747599.347,USDCHF_otc
92,2026-05-25 22:20:00,0.77768,0.77761,0.77792,0.77738,394,1779747899.248,USDCHF_otc
92,2026-05-25 22:25:00,0.77759,0.77784,0.77801,0.7775,395,1779748199.701,USDCHF_otc
92,2026-05-25 22:30:00,0.77783,0.77812,0.77833,0.77769,401,1779748499.571,USDCHF_otc
92,2026-05-25 22:35:00,0.77813,0.77826,0.77846,0.77803,391,1779748799.528,USDCHF_otc
92,2026-05-25 22:40:00,0.77827,0.77863,0.77872,0.77801,407,1779749099.869,USDCHF_otc
92,2026-05-25 22:45:00,0.77863,0.77765,0.77876,0.77754,404,1779749399.323,USDCHF_otc
92,2026-05-25 22:50:00,0.77765,0.77756,0.77778,0.77715,410,1779749699.751,USDCHF_otc
92,2026-05-25 22:55:00,0.77755,0.77686,0.7777,0.77676,425,1779749999.673,USDCHF_otc
92,2026-05-25 23:00:00,0.77684,0.77686,0.77747,0.77679,380,1779750299.117,USDCHF_otc
92,2026-05-25 23:05:00,0.77686,0.77748,0.77755,0.77662,398,1779750598.518,USDCHF_otc
92,2026-05-25 23:10:00,0.77747,0.7771,0.77779,0.77698,415,1779750899.987,USDCHF_otc
92,2026-05-25 23:15:00,0.77711,0.77724,0.77738,0.77684,394,1779751199.359,USDCHF_otc
92,2026-05-25 23:20:00,0.77722,0.77723,0.77738,0.77699,401,1779751499.83,USDCHF_otc
92,2026-05-25 23:25:00,0.77723,0.77684,0.7774,0.77682,371,1779751799.693,USDCHF_otc
92,2026-05-25 23:30:00,0.77682,0.77665,0.77682,0.77627,385,1779752099.655,USDCHF_otc
92,2026-05-25 23:35:00,0.77665,0.77694,0.77698,0.77635,408,1779752399.069,USDCHF_otc
92,2026-05-25 23:40:00,0.77694,0.777,0.77708,0.77675,408,1779752699.557,USDCHF_otc
92,2026-05-25 23:45:00,0.777,0.77662,0.77728,0.77642,405,1779752999.425,USDCHF_otc
92,2026-05-25 23:50:00,0.77662,0.77638,0.77666,0.77613,401,1779753299.861,USDCHF_otc
92,2026-05-25 23:55:00,0.77638,0.77651,0.77671,0.77624,393,1779753599.754,USDCHF_otc
92,2026-05-26 00:00:00,0.77651,0.77611,0.7766,0.77611,374,1779753899.666,USDCHF_otc
92,2026-05-26 00:05:00,0.77611,0.77667,0.77667,0.77611,407,1779754199.624,USDCHF_otc
92,2026-05-26 00:10:00,0.77667,0.77639,0.77668,0.77597,403,1779754499.516,USDCHF_otc
92,2026-05-26 00:15:00,0.77639,0.77573,0.77639,0.77561,396,1779754799.986,USDCHF_otc
92,2026-05-26 00:20:00,0.77573,0.77591,0.77604,0.77546,401,1779755099.87,USDCHF_otc
92,2026-05-26 00:25:00,0.77591,0.77647,0.77647,0.77556,392,1779755399.351,USDCHF_otc
92,2026-05-26 00:30:00,0.77644,0.77671,0.77713,0.77633,400,1779755699.239,USDCHF_otc
92,2026-05-26 00:35:00,0.77672,0.77712,0.77714,0.77668,392,1779755999.696,USDCHF_otc
92,2026-05-26 00:40:00,0.77712,0.77704,0.77739,0.77681,413,1779756299.572,USDCHF_otc
92,2026-05-26 00:45:00,0.77703,0.77776,0.77776,0.77692,410,1779756599.993,USDCHF_otc
92,2026-05-26 00:50:00,0.77773,0.77737,0.77775,0.7771,410,1779756899.426,USDCHF_otc
92,2026-05-26 00:55:00,0.77737,0.77791,0.77791,0.77734,386,1779757199.901,USDCHF_otc
92,2026-05-26 01:00:00,0.77791,0.77818,0.77855,0.77791,391,1779757499.82,USDCHF_otc
92,2026-05-26 01:05:00,0.77818,0.77824,0.77829,0.77776,395,1779757799.768,USDCHF_otc
92,2026-05-26 01:10:00,0.77824,0.77922,0.7793,0.778,386,1779758099.692,USDCHF_otc
92,2026-05-26 01:15:00,0.77922,0.77832,0.77927,0.77832,366,1779758399.597,USDCHF_otc
92,2026-05-26 01:20:00,0.77831,0.77851,0.77878,0.77827,396,1779758699.5,USDCHF_otc
92,2026-05-26 01:25:00,0.77851,0.77841,0.77887,0.77822,401,1779758999.368,USDCHF_otc
92,2026-05-26 01:30:00,0.77836,0.7779,0.77851,0.7777,401,1779759299.846,USDCHF_otc
92,2026-05-26 01:35:00,0.7779,0.77845,0.7787,0.77783,389,1779759599.763,USDCHF_otc
92,2026-05-26 01:40:00,0.77845,0.77818,0.77857,0.77797,411,1779759899.768,USDCHF_otc
92,2026-05-26 01:45:00,0.77819,0.77731,0.77824,0.77722,388,1779760198.64,USDCHF_otc
92,2026-05-26 01:50:00,0.77735,0.77751,0.77763,0.77704,397,1779760499.116,USDCHF_otc
92,2026-05-26 01:55:00,0.77752,0.7769,0.77757,0.7769,394,1779760799.952,USDCHF_otc
92,2026-05-26 02:00:00,0.7769,0.77609,0.77693,0.77585,398,1779761099.852,USDCHF_otc
92,2026-05-26 02:05:00,0.77611,0.77666,0.77673,0.77605,381,1779761397.848,USDCHF_otc
92,2026-05-26 02:10:00,0.77666,0.77705,0.77718,0.77638,397,1779761699.307,USDCHF_otc
92,2026-05-26 02:15:00,0.77705,0.77719,0.7772,0.77662,407,1779761999.756,USDCHF_otc
92,2026-05-26 02:20:00,0.77719,0.777,0.77736,0.77696,409,1779762299.641,USDCHF_otc
92,2026-05-26 02:25:00,0.77698,0.77728,0.7775,0.77686,394,1779762599.642,USDCHF_otc
92,2026-05-26 02:30:00,0.77728,0.77771,0.77787,0.77696,410,1779762898.555,USDCHF_otc
92,2026-05-26 02:35:00,0.77771,0.77797,0.77816,0.77756,389,1779763199.042,USDCHF_otc
92,2026-05-26 02:40:00,0.77797,0.77806,0.77826,0.77773,383,1779763499.5,USDCHF_otc
92,2026-05-26 02:45:00,0.77806,0.7783,0.77852,0.77806,416,1779763799.938,USDCHF_otc
92,2026-05-26 02:50:00,0.7783,0.77837,0.77837,0.77772,401,1779764099.386,USDCHF_otc
92,2026-05-26 02:55:00,0.77837,0.77843,0.77857,0.77828,391,1779764399.303,USDCHF_otc
92,2026-05-26 03:00:00,0.77842,0.77754,0.77864,0.77747,403,1779764699.262,USDCHF_otc
92,2026-05-26 03:05:00,0.77754,0.77768,0.77805,0.77743,404,1779764999.691,USDCHF_otc
92,2026-05-26 03:10:00,0.77768,0.77748,0.77783,0.7773,408,1779765299.126,USDCHF_otc
92,2026-05-26 03:15:00,0.77748,0.77641,0.77749,0.77638,412,1779765599.57,USDCHF_otc
92,2026-05-26 03:20:00,0.77642,0.77626,0.77649,0.77583,401,1779765899.435,USDCHF_otc
92,2026-05-26 03:25:00,0.77624,0.77635,0.7767,0.77605,395,1779766199.917,USDCHF_otc
92,2026-05-26 03:30:00,0.77635,0.77585,0.77635,0.7758,408,1779766499.804,USDCHF_otc
92,2026-05-26 03:35:00,0.77586,0.77616,0.77625,0.77565,407,1779766799.791,USDCHF_otc
92,2026-05-26 03:40:00,0.77615,0.77583,0.77664,0.77581,392,1779767099.167,USDCHF_otc
92,2026-05-26 03:45:00,0.77583,0.77516,0.7759,0.77512,397,1779767398.661,USDCHF_otc
92,2026-05-26 03:50:00,0.77514,0.77507,0.77538,0.77507,382,1779767699.512,USDCHF_otc
92,2026-05-26 03:55:00,0.77507,0.77475,0.77521,0.77467,402,1779767999.973,USDCHF_otc
92,2026-05-26 04:00:00,0.77474,0.77534,0.77545,0.77445,399,1779768299.377,USDCHF_otc
92,2026-05-26 04:05:00,0.77534,0.77577,0.77592,0.77527,390,1779768597.304,USDCHF_otc
92,2026-05-26 04:10:00,0.77577,0.77575,0.77583,0.7755,401,1779768899.674,USDCHF_otc
92,2026-05-26 04:15:00,0.77575,0.77615,0.77628,0.77569,429,1779769199.645,USDCHF_otc
92,2026-05-26 04:20:00,0.77615,0.77659,0.77673,0.77594,397,1779769499.543,USDCHF_otc
92,2026-05-26 04:25:00,0.77659,0.77622,0.77659,0.77591,409,1779769799.417,USDCHF_otc
92,2026-05-26 04:30:00,0.77622,0.77595,0.7763,0.77567,402,1779770099.916,USDCHF_otc
92,2026-05-26 04:35:00,0.77595,0.77562,0.77609,0.77554,401,1779770399.291,USDCHF_otc
92,2026-05-26 04:40:00,0.77562,0.77513,0.77576,0.77511,402,1779770699.778,USDCHF_otc
92,2026-05-26 04:45:00,0.77513,0.77483,0.77531,0.77479,395,1779770999.678,USDCHF_otc
92,2026-05-26 04:50:00,0.77485,0.77506,0.77521,0.7746,419,1779771299.676,USDCHF_otc
92,2026-05-26 04:55:00,0.77505,0.77549,0.77549,0.77495,393,1779771599.497,USDCHF_otc
92,2026-05-26 05:00:00,0.77549,0.7764,0.77653,0.77542,406,1779771899.909,USDCHF_otc
92,2026-05-26 05:05:00,0.7764,0.77655,0.77701,0.7764,404,1779772197.847,USDCHF_otc
92,2026-05-26 05:10:00,0.77658,0.77652,0.77676,0.7763,387,1779772498.291,USDCHF_otc
92,2026-05-26 05:15:00,0.77653,0.77629,0.77659,0.77613,390,1779772799.729,USDCHF_otc
92,2026-05-26 05:20:00,0.77629,0.77498,0.77642,0.77491,414,1779773099.164,USDCHF_otc
92,2026-05-26 05:25:00,0.77497,0.77493,0.77522,0.77481,396,1779773399.588,USDCHF_otc
92,2026-05-26 05:30:00,0.77495,0.7755,0.77553,0.77495,400,1779773699.484,USDCHF_otc
92,2026-05-26 05:35:00,0.7755,0.77573,0.77577,0.77526,395,1779773999.994,USDCHF_otc
92,2026-05-26 05:40:00,0.77573,0.77573,0.7763,0.77543,404,1779774299.947,USDCHF_otc
92,2026-05-26 05:45:00,0.77573,0.77554,0.77573,0.77506,399,1779774599.366,USDCHF_otc
92,2026-05-26 05:50:00,0.77551,0.77473,0.77591,0.77473,387,1779774899.831,USDCHF_otc
92,2026-05-26 05:55:00,0.77473,0.77444,0.77509,0.77439,411,1779775199.812,USDCHF_otc
92,2026-05-26 06:00:00,0.77444,0.77511,0.77517,0.77443,405,1779775499.785,USDCHF_otc
92,2026-05-26 06:05:00,0.77514,0.77502,0.77532,0.77477,390,1779775799.214,USDCHF_otc
92,2026-05-26 06:10:00,0.77502,0.77491,0.77514,0.77478,405,1779776099.615,USDCHF_otc
92,2026-05-26 06:15:00,0.77491,0.77479,0.77503,0.77441,401,1779776399.531,USDCHF_otc
92,2026-05-26 06:20:00,0.77479,0.77525,0.77527,0.77479,397,1779776699.436,USDCHF_otc
92,2026-05-26 06:25:00,0.77527,0.77509,0.77566,0.77501,402,1779776999.892,USDCHF_otc
92,2026-05-26 06:30:00,0.77509,0.77471,0.77531,0.7747,383,1779777299.266,USDCHF_otc
92,2026-05-26 06:35:00,0.77471,0.7742,0.77482,0.77404,408,1779777599.759,USDCHF_otc
92,2026-05-26 06:40:00,0.77421,0.77501,0.77507,0.77415,402,1779777899.144,USDCHF_otc
92,2026-05-26 06:45:00,0.77504,0.77462,0.77532,0.77448,392,1779778199.629,USDCHF_otc
92,2026-05-26 06:50:00,0.7746,0.77416,0.7747,0.77397,389,1779778499.998,USDCHF_otc
92,2026-05-26 06:55:00,0.77416,0.77351,0.7742,0.77312,393,1779778799.477,USDCHF_otc
92,2026-05-26 07:00:00,0.77351,0.77301,0.77375,0.77301,397,1779779099.853,USDCHF_otc
92,2026-05-26 07:05:00,0.77301,0.77267,0.77308,0.77261,412,1779779399.854,USDCHF_otc
92,2026-05-26 07:10:00,0.77267,0.77287,0.77314,0.77262,396,1779779699.772,USDCHF_otc
92,2026-05-26 07:15:00,0.77287,0.77321,0.77361,0.77272,403,1779779999.782,USDCHF_otc
92,2026-05-26 07:20:00,0.77319,0.7731,0.77348,0.77299,398,1779780299.667,USDCHF_otc
92,2026-05-26 07:25:00,0.77313,0.77311,0.77342,0.77291,408,1779780599.688,USDCHF_otc
92,2026-05-26 07:30:00,0.77311,0.77364,0.77377,0.77311,397,1779780899.52,USDCHF_otc
92,2026-05-26 07:35:00,0.77365,0.7735,0.77389,0.77348,408,1779781199.992,USDCHF_otc
92,2026-05-26 07:40:00,0.77351,0.77385,0.77443,0.77346,393,1779781499.957,USDCHF_otc
92,2026-05-26 07:45:00,0.77385,0.77424,0.77424,0.77364,407,1779781799.935,USDCHF_otc
92,2026-05-26 07:50:00,0.77424,0.7737,0.77446,0.77355,390,1779782099.339,USDCHF_otc
92,2026-05-26 07:55:00,0.77371,0.77439,0.77459,0.77362,407,1779782399.854,USDCHF_otc
92,2026-05-26 08:00:00,0.77436,0.77373,0.77439,0.77323,408,1779782699.727,USDCHF_otc
92,2026-05-26 08:05:00,0.77373,0.77399,0.77402,0.7735,392,1779782999.713,USDCHF_otc
92,2026-05-26 08:10:00,0.77399,0.77405,0.77446,0.77398,405,1779783299.619,USDCHF_otc
92,2026-05-26 08:15:00,0.77406,0.77427,0.77428,0.77359,398,1779783599.58,USDCHF_otc
92,2026-05-26 08:20:00,0.77427,0.77369,0.77436,0.77354,387,1779783899.99,USDCHF_otc
92,2026-05-26 08:25:00,0.77369,0.7743,0.77453,0.77365,398,1779784198.512,USDCHF_otc
92,2026-05-26 08:30:00,0.77425,0.774,0.77425,0.77355,421,1779784499.872,USDCHF_otc
92,2026-05-26 08:35:00,0.774,0.774,0.77404,0.7736,400,1779784799.306,USDCHF_otc
92,2026-05-26 08:40:00,0.77403,0.77391,0.77412,0.77349,403,1779785098.757,USDCHF_otc
92,2026-05-26 08:45:00,0.77391,0.77409,0.77411,0.77361,387,1779785399.21,USDCHF_otc
92,2026-05-26 08:50:00,0.77409,0.77447,0.7745,0.7739,382,1779785699.154,USDCHF_otc
92,2026-05-26 08:55:00,0.77448,0.77452,0.77486,0.77425,419,1779785999.538,USDCHF_otc
92,2026-05-26 09:00:00,0.77453,0.7747,0.7752,0.77452,400,1779786299.948,USDCHF_otc
92,2026-05-26 09:05:00,0.7747,0.77434,0.7748,0.77421,406,1779786599.36,USDCHF_otc
92,2026-05-26 09:10:00,0.77435,0.77407,0.77467,0.77399,402,1779786899.339,USDCHF_otc
92,2026-05-26 09:15:00,0.77407,0.77346,0.77427,0.77341,396,1779787199.273,USDCHF_otc
92,2026-05-26 09:20:00,0.77346,0.77336,0.77353,0.77303,399,1779787499.745,USDCHF_otc
92,2026-05-26 09:25:00,0.77336,0.77335,0.77383,0.77331,388,1779787799.164,USDCHF_otc
92,2026-05-26 09:30:00,0.77335,0.77315,0.77356,0.77313,410,1779788099.609,USDCHF_otc
92,2026-05-26 09:35:00,0.77313,0.7734,0.77388,0.77301,392,1779788399.524,USDCHF_otc
92,2026-05-26 09:40:00,0.77339,0.77312,0.77345,0.77292,419,1779788699.516,USDCHF_otc
92,2026-05-26 09:45:00,0.77313,0.77292,0.77325,0.77285,387,1779788999.966,USDCHF_otc
92,2026-05-26 09:50:00,0.77292,0.7737,0.77376,0.77291,390,1779789299.919,USDCHF_otc
92,2026-05-26 09:55:00,0.7737,0.77333,0.774,0.77332,404,1779789599.854,USDCHF_otc
92,2026-05-26 10:00:00,0.77333,0.77289,0.77336,0.77281,395,1779789899.3,USDCHF_otc
92,2026-05-26 10:05:00,0.77289,0.77274,0.77319,0.77256,377,1779790198.675,USDCHF_otc
92,2026-05-26 10:10:00,0.77276,0.77279,0.77319,0.77268,397,1779790499.675,USDCHF_otc
92,2026-05-26 10:15:00,0.77279,0.77288,0.77323,0.77265,396,1779790799.604,USDCHF_otc
92,2026-05-26 10:20:00,0.77288,0.77246,0.77309,0.77236,403,1779791099.579,USDCHF_otc
92,2026-05-26 10:25:00,0.77244,0.77197,0.77253,0.77197,399,1779791399.998,USDCHF_otc
92,2026-05-26 10:30:00,0.77197,0.77156,0.77211,0.77155,405,1779791699.51,USDCHF_otc
92,2026-05-26 10:35:00,0.77156,0.7718,0.77184,0.77131,401,1779791999.882,USDCHF_otc
92,2026-05-26 10:40:00,0.7718,0.77175,0.77184,0.77126,410,1779792299.372,USDCHF_otc
92,2026-05-26 10:45:00,0.77175,0.77206,0.7727,0.77173,393,1779792599.828,USDCHF_otc
92,2026-05-26 10:50:00,0.77206,0.77223,0.77252,0.77189,402,1779792898.747,USDCHF_otc
92,2026-05-26 10:55:00,0.77223,0.77241,0.77264,0.77159,408,1779793199.2,USDCHF_otc
92,2026-05-26 11:00:00,0.77243,0.77316,0.77337,0.77238,396,1779793499.601,USDCHF_otc
92,2026-05-26 11:05:00,0.77316,0.77248,0.77318,0.77248,404,1779793799.946,USDCHF_otc
92,2026-05-26 11:10:00,0.77248,0.77283,0.77299,0.7724,402,1779794099.43,USDCHF_otc
92,2026-05-26 11:15:00,0.77283,0.77327,0.77333,0.77276,385,1779794399.335,USDCHF_otc
92,2026-05-26 11:20:00,0.77327,0.77335,0.77351,0.77253,403,1779794699.335,USDCHF_otc
92,2026-05-26 11:25:00,0.77335,0.77199,0.7734,0.77184,382,1779794999.7,USDCHF_otc
92,2026-05-26 11:30:00,0.77199,0.77206,0.77218,0.77164,398,1779795299.626,USDCHF_otc
92,2026-05-26 11:35:00,0.77206,0.77184,0.77215,0.77166,407,1779795599.591,USDCHF_otc
92,2026-05-26 11:40:00,0.77183,0.77197,0.77215,0.77139,397,1779795899.051,USDCHF_otc
92,2026-05-26 11:45:00,0.77185,0.77172,0.77197,0.77145,410,1779796199.527,USDCHF_otc
92,2026-05-26 11:50:00,0.77174,0.77194,0.77211,0.77164,400,1779796499.57,USDCHF_otc
92,2026-05-26 11:55:00,0.77193,0.77166,0.77218,0.77157,393,1779796799.917,USDCHF_otc
92,2026-05-26 12:00:00,0.77166,0.77218,0.77221,0.7715,409,1779797099.883,USDCHF_otc
92,2026-05-26 12:05:00,0.77218,0.7719,0.77225,0.77179,385,1779797399.783,USDCHF_otc
92,2026-05-26 12:10:00,0.77189,0.77202,0.77221,0.77173,391,1779797699.215,USDCHF_otc
92,2026-05-26 12:15:00,0.77197,0.77206,0.77233,0.77168,392,1779797999.617,USDCHF_otc
92,2026-05-26 12:20:00,0.77205,0.77219,0.77264,0.77201,403,1779798299.03,USDCHF_otc
92,2026-05-26 12:25:00,0.77218,0.7713,0.77218,0.7713,403,1779798599.541,USDCHF_otc
92,2026-05-26 12:30:00,0.77132,0.77142,0.77157,0.77104,392,1779798898.933,USDCHF_otc
92,2026-05-26 12:35:00,0.77142,0.77099,0.77157,0.77077,409,1779799199.928,USDCHF_otc
92,2026-05-26 12:40:00,0.77099,0.77149,0.77167,0.77073,415,1779799499.364,USDCHF_otc
92,2026-05-26 12:45:00,0.77149,0.77126,0.77172,0.7712,403,1779799799.845,USDCHF_otc
92,2026-05-26 12:50:00,0.77123,0.77206,0.77211,0.77116,426,1779800099.784,USDCHF_otc
92,2026-05-26 12:55:00,0.77206,0.77233,0.77236,0.77169,404,1779800399.775,USDCHF_otc
92,2026-05-26 13:00:00,0.77234,0.77265,0.77278,0.77227,387,1779800699.694,USDCHF_otc
92,2026-05-26 13:05:00,0.77263,0.77262,0.77292,0.77248,394,1779800999.664,USDCHF_otc
92,2026-05-26 13:10:00,0.77263,0.7724,0.77299,0.77234,398,1779801298.053,USDCHF_otc
92,2026-05-26 13:15:00,0.7724,0.77243,0.77277,0.77225,383,1779801598.031,USDCHF_otc
92,2026-05-26 13:20:00,0.77243,0.77312,0.77317,0.77243,395,1779801899.978,USDCHF_otc
92,2026-05-26 13:25:00,0.77313,0.77337,0.7737,0.77302,422,1779802199.931,USDCHF_otc
92,2026-05-26 13:30:00,0.77337,0.77346,0.77365,0.77321,400,1779802498.77,USDCHF_otc
92,2026-05-26 13:35:00,0.77346,0.77383,0.77416,0.77346,404,1779802799.733,USDCHF_otc
92,2026-05-26 13:40:00,0.77381,0.77344,0.77391,0.7733,394,1779803099.698,USDCHF_otc
92,2026-05-26 13:45:00,0.77344,0.7731,0.7736,0.77296,407,1779803399.713,USDCHF_otc
92,2026-05-26 13:50:00,0.7731,0.7728,0.77316,0.77252,400,1779803699.112,USDCHF_otc
92,2026-05-26 13:55:00,0.7728,0.77254,0.77287,0.77246,387,1779803999.107,USDCHF_otc
92,2026-05-26 14:00:00,0.77252,0.77276,0.77309,0.77247,397,1779804299.524,USDCHF_otc
92,2026-05-26 14:05:00,0.77275,0.77289,0.77306,0.77247,409,1779804599.485,USDCHF_otc
92,2026-05-26 14:10:00,0.77289,0.7732,0.77349,0.77277,392,1779804899.403,USDCHF_otc
92,2026-05-26 14:15:00,0.77319,0.77331,0.7735,0.77309,382,1779805198.918,USDCHF_otc
92,2026-05-26 14:20:00,0.7733,0.77367,0.77369,0.77321,393,1779805499.846,USDCHF_otc
92,2026-05-26 14:25:00,0.77367,0.7736,0.77388,0.77295,383,1779805799.302,USDCHF_otc
92,2026-05-26 14:30:00,0.7736,0.77371,0.77387,0.77311,411,1779806099.702,USDCHF_otc
92,2026-05-26 14:35:00,0.7737,0.77336,0.77394,0.77328,411,1779806399.684,USDCHF_otc
92,2026-05-26 14:40:00,0.77337,0.77255,0.77338,0.77255,386,1779806699.584,USDCHF_otc
92,2026-05-26 14:45:00,0.77254,0.77255,0.77264,0.77236,409,1779806999.582,USDCHF_otc
92,2026-05-26 14:50:00,0.77257,0.77279,0.77298,0.77228,412,1779807298.964,USDCHF_otc
92,2026-05-26 14:55:00,0.77278,0.77264,0.773,0.77253,376,1779807598.996,USDCHF_otc
92,2026-05-26 15:00:00,0.77264,0.77236,0.7734,0.77229,391,1779807899.896,USDCHF_otc
92,2026-05-26 15:05:00,0.77236,0.77217,0.77237,0.77195,381,1779808199.427,USDCHF_otc
92,2026-05-26 15:10:00,0.77218,0.77198,0.77222,0.77134,390,1779808499.817,USDCHF_otc
92,2026-05-26 15:15:00,0.77197,0.77178,0.77204,0.77151,424,1779808799.784,USDCHF_otc
92,2026-05-26 15:20:00,0.77178,0.77142,0.77206,0.77125,390,1779809099.737,USDCHF_otc
92,2026-05-26 15:25:00,0.77142,0.77145,0.7715,0.77114,396,1779809399.716,USDCHF_otc
92,2026-05-26 15:30:00,0.77145,0.77172,0.7718,0.77117,395,1779809699.59,USDCHF_otc
92,2026-05-26 15:35:00,0.77173,0.77108,0.77187,0.77103,412,1779809999.604,USDCHF_otc
92,2026-05-26 15:40:00,0.77108,0.77083,0.77139,0.77082,388,1779810299.007,USDCHF_otc
92,2026-05-26 15:45:00,0.77084,0.77021,0.77098,0.77012,406,1779810599.503,USDCHF_otc
92,2026-05-26 15:50:00,0.77019,0.77017,0.77032,0.76982,408,1779810899.939,USDCHF_otc
92,2026-05-26 15:55:00,0.77017,0.77023,0.77026,0.76973,371,1779811198.905,USDCHF_otc
92,2026-05-26 16:00:00,0.77023,0.7692,0.77034,0.76911,407,1779811499.318,USDCHF_otc
92,2026-05-26 16:05:00,0.7692,0.76905,0.76926,0.76852,401,1779811799.839,USDCHF_otc
92,2026-05-26 16:10:00,0.76905,0.76818,0.76917,0.76815,401,1779812099.25,USDCHF_otc
92,2026-05-26 16:15:00,0.76818,0.76912,0.76918,0.76812,412,1779812399.755,USDCHF_otc
92,2026-05-26 16:20:00,0.76912,0.76848,0.76914,0.76843,367,1779812699.642,USDCHF_otc
92,2026-05-26 16:25:00,0.7685,0.76751,0.76851,0.7674,397,1779812999.627,USDCHF_otc
92,2026-05-26 16:30:00,0.76751,0.78617,0.78623,0.76744,371,1779813299.571,USDCHF_otc
92,2026-05-26 16:35:00,0.78617,0.78615,0.78665,0.78602,381,1779813599.061,USDCHF_otc
92,2026-05-26 16:40:00,0.78613,0.78568,0.78643,0.78557,411,1779813899.049,USDCHF_otc
92,2026-05-26 16:45:00,0.78569,0.78605,0.78605,0.78555,398,1779814199.975,USDCHF_otc
92,2026-05-26 16:50:00,0.78605,0.78631,0.78635,0.78589,392,1779814499.923,USDCHF_otc
92,2026-05-26 16:55:00,0.78631,0.78723,0.78723,0.78616,403,1779814799.842,USDCHF_otc
92,2026-05-26 17:00:00,0.78723,0.7868,0.78733,0.78667,387,1779815099.308,USDCHF_otc
92,2026-05-26 17:05:00,0.7868,0.78782,0.78782,0.78668,406,1779815399.795,USDCHF_otc
92,2026-05-26 17:10:00,0.78782,0.78774,0.78797,0.78729,389,1779815699.786,USDCHF_otc
92,2026-05-26 17:15:00,0.78776,0.78768,0.78777,0.78748,386,1779815999.665,USDCHF_otc
92,2026-05-26 17:20:00,0.78768,0.78766,0.78802,0.7874,412,1779816298.609,USDCHF_otc
92,2026-05-26 17:25:00,0.78766,0.78766,0.78823,0.7875,401,1779816599.573,USDCHF_otc
92,2026-05-26 17:30:00,0.78765,0.7875,0.78799,0.78736,397,1779816898.522,USDCHF_otc
92,2026-05-26 17:35:00,0.78752,0.78706,0.78772,0.78681,409,1779817199.503,USDCHF_otc
92,2026-05-26 17:40:00,0.78706,0.78653,0.78722,0.78653,410,1779817499.0,USDCHF_otc
92,2026-05-26 17:45:00,0.78653,0.78612,0.78659,0.7858,411,1779817799.929,USDCHF_otc
92,2026-05-26 17:50:00,0.78614,0.78553,0.78622,0.78543,392,1779818099.899,USDCHF_otc
92,2026-05-26 17:55:00,0.7855,0.78527,0.78579,0.78514,390,1779818399.764,USDCHF_otc
92,2026-05-26 18:00:00,0.78527,0.7858,0.78605,0.78525,371,1779818699.708,USDCHF_otc
92,2026-05-26 18:05:00,0.78579,0.78562,0.78596,0.78547,405,1779818999.157,USDCHF_otc
92,2026-05-26 18:10:00,0.78562,0.78489,0.78562,0.78454,403,1779819299.572,USDCHF_otc
92,2026-05-26 18:15:00,0.78489,0.78519,0.78525,0.78469,431,1779819599.531,USDCHF_otc
92,2026-05-26 18:20:00,0.78519,0.7848,0.78519,0.78461,392,1779819899.908,USDCHF_otc
92,2026-05-26 18:25:00,0.78481,0.78493,0.78513,0.78463,403,1779820199.873,USDCHF_otc
92,2026-05-26 18:30:00,0.78494,0.78518,0.7855,0.78493,396,1779820499.729,USDCHF_otc
92,2026-05-26 18:35:00,0.78518,0.78539,0.78543,0.78482,383,1779820799.766,USDCHF_otc
92,2026-05-26 18:40:00,0.7854,0.78555,0.78607,0.78538,403,1779821098.67,USDCHF_otc
92,2026-05-26 18:45:00,0.78555,0.78558,0.78569,0.78524,414,1779821399.176,USDCHF_otc
92,2026-05-26 18:50:00,0.78558,0.78559,0.78563,0.7852,401,1779821699.02,USDCHF_otc
92,2026-05-26 18:55:00,0.78562,0.78508,0.78563,0.78466,410,1779821998.487,USDCHF_otc
92,2026-05-26 19:00:00,0.78508,0.78557,0.78564,0.78506,411,1779822299.891,USDCHF_otc
92,2026-05-26 19:05:00,0.78557,0.78555,0.7859,0.78538,393,1779822599.818,USDCHF_otc
92,2026-05-26 19:10:00,0.78555,0.7854,0.78563,0.78523,415,1779822899.76,USDCHF_otc
92,2026-05-26 19:15:00,0.7854,0.78562,0.78569,0.78525,384,1779823198.708,USDCHF_otc
92,2026-05-26 19:20:00,0.7856,0.78536,0.7858,0.78526,404,1779823499.647,USDCHF_otc
92,2026-05-26 19:25:00,0.78535,0.78519,0.78574,0.78506,422,1779823799.519,USDCHF_otc
92,2026-05-26 19:30:00,0.78518,0.7849,0.78521,0.78468,399,1779824099.548,USDCHF_otc
92,2026-05-26 19:35:00,0.78489,0.78491,0.78495,0.7844,392,1779824399.921,USDCHF_otc
92,2026-05-26 19:40:00,0.78494,0.7851,0.78512,0.78443,396,1779824699.905,USDCHF_otc
92,2026-05-26 19:45:00,0.78513,0.78533,0.78546,0.78501,416,1779824999.284,USDCHF_otc
92,2026-05-26 19:50:00,0.78533,0.78619,0.7862,0.78519,418,1779825299.238,USDCHF_otc
92,2026-05-26 19:55:00,0.78618,0.78553,0.78625,0.78543,410,1779825599.658,USDCHF_otc
92,2026-05-26 20:00:00,0.78552,0.78613,0.78624,0.78552,406,1779825899.643,USDCHF_otc
92,2026-05-26 20:05:00,0.78613,0.78697,0.78716,0.78613,390,1779826199.523,USDCHF_otc
92,2026-05-26 20:10:00,0.78697,0.78734,0.78738,0.78664,383,1779826499.499,USDCHF_otc
92,2026-05-26 20:15:00,0.78734,0.78791,0.78795,0.78722,410,1779826799.462,USDCHF_otc
92,2026-05-26 20:20:00,0.78791,0.78798,0.78833,0.78785,410,1779827099.903,USDCHF_otc
92,2026-05-26 20:25:00,0.78798,0.78831,0.78843,0.78778,395,1779827399.266,USDCHF_otc
92,2026-05-26 20:30:00,0.78828,0.78889,0.78897,0.78827,363,1779827699.204,USDCHF_otc
92,2026-05-26 20:35:00,0.78889,0.78833,0.78901,0.78823,403,1779827999.622,USDCHF_otc
92,2026-05-26 20:40:00,0.78831,0.78829,0.78865,0.78813,403,1779828299.573,USDCHF_otc
92,2026-05-26 20:45:00,0.78829,0.78824,0.7887,0.78808,401,1779828599.516,USDCHF_otc
92,2026-05-26 20:50:00,0.78823,0.78776,0.78845,0.78764,396,1779828899.922,USDCHF_otc
92,2026-05-26 20:55:00,0.78776,0.78838,0.78838,0.78768,401,1779829199.386,USDCHF_otc
92,2026-05-26 21:00:00,0.78838,0.78826,0.78868,0.78783,411,1779829499.723,USDCHF_otc
92,2026-05-26 21:05:00,0.78826,0.78863,0.78877,0.78826,407,1779829799.197,USDCHF_otc
92,2026-05-26 21:10:00,0.78863,0.7873,0.78871,0.78727,390,1779830099.097,USDCHF_otc
92,2026-05-26 21:15:00,0.78728,0.78776,0.78792,0.7872,391,1779830399.552,USDCHF_otc
92,2026-05-26 21:20:00,0.78775,0.78747,0.78776,0.78718,400,1779830699.941,USDCHF_otc
92,2026-05-26 21:25:00,0.78747,0.78755,0.78772,0.7873,405,1779830999.83,USDCHF_otc
92,2026-05-26 21:30:00,0.78755,0.78705,0.78765,0.787,396,1779831299.784,USDCHF_otc
92,2026-05-26 21:35:00,0.78706,0.78757,0.78787,0.78703,384,1779831598.674,USDCHF_otc
92,2026-05-26 21:40:00,0.78756,0.78838,0.78858,0.78744,409,1779831899.639,USDCHF_otc
92,2026-05-26 21:45:00,0.78839,0.78846,0.78869,0.78829,403,1779832198.029,USDCHF_otc
92,2026-05-26 21:50:00,0.78848,0.78912,0.78928,0.78847,394,1779832499.521,USDCHF_otc
92,2026-05-26 21:55:00,0.78912,0.78829,0.78915,0.78829,395,1779832799.336,USDCHF_otc
92,2026-05-26 22:00:00,0.78829,0.78863,0.78896,0.78798,406,1779833099.825,USDCHF_otc
92,2026-05-26 22:05:00,0.78863,0.78847,0.78883,0.78794,403,1779833399.785,USDCHF_otc
92,2026-05-26 22:10:00,0.78844,0.78853,0.78855,0.78823,391,1779833699.734,USDCHF_otc
92,2026-05-26 22:15:00,0.78853,0.78778,0.78875,0.78758,404,1779833997.618,USDCHF_otc
92,2026-05-26 22:20:00,0.78778,0.78719,0.78786,0.78704,412,1779834299.549,USDCHF_otc
92,2026-05-26 22:25:00,0.78717,0.78757,0.78765,0.78695,406,1779834599.023,USDCHF_otc
92,2026-05-26 22:30:00,0.78757,0.78805,0.78811,0.78728,398,1779834899.467,USDCHF_otc
92,2026-05-26 22:35:00,0.78805,0.78866,0.78875,0.78805,396,1779835199.911,USDCHF_otc
92,2026-05-26 22:40:00,0.78866,0.78819,0.78888,0.78819,398,1779835499.841,USDCHF_otc
92,2026-05-26 22:45:00,0.78819,0.78792,0.78829,0.78785,394,1779835799.744,USDCHF_otc
92,2026-05-26 22:50:00,0.78791,0.78778,0.78799,0.7874,405,1779836099.208,USDCHF_otc
92,2026-05-26 22:55:00,0.78778,0.78762,0.78809,0.78746,402,1779836399.679,USDCHF_otc
92,2026-05-26 23:00:00,0.78762,0.7878,0.78831,0.78755,404,1779836698.092,USDCHF_otc
92,2026-05-26 23:05:00,0.78778,0.78771,0.78818,0.78766,393,1779836999.086,USDCHF_otc
92,2026-05-26 23:10:00,0.78771,0.78755,0.78792,0.78744,384,1779837299.549,USDCHF_otc
92,2026-05-26 23:15:00,0.78755,0.78732,0.78779,0.78701,416,1779837599.966,USDCHF_otc
92,2026-05-26 23:20:00,0.78732,0.78702,0.78744,0.7869,404,1779837899.881,USDCHF_otc
92,2026-05-26 23:25:00,0.78702,0.7869,0.78722,0.78669,398,1779838199.813,USDCHF_otc
92,2026-05-26 23:30:00,0.7869,0.78661,0.78697,0.78621,391,1779838499.713,USDCHF_otc
92,2026-05-26 23:35:00,0.78661,0.7863,0.78674,0.78618,403,1779838798.182,USDCHF_otc
92,2026-05-26 23:40:00,0.78628,0.78651,0.7866,0.7858,403,1779839099.603,USDCHF_otc
92,2026-05-26 23:45:00,0.78648,0.78638,0.78672,0.78611,425,1779839399.512,USDCHF_otc
92,2026-05-26 23:50:00,0.78638,0.78624,0.78663,0.78621,411,1779839699.885,USDCHF_otc
92,2026-05-26 23:55:00,0.78622,0.78641,0.78687,0.78612,403,1779839999.864,USDCHF_otc
92,2026-05-27 00:00:00,0.78641,0.78665,0.78673,0.78591,378,1779840299.668,USDCHF_otc
92,2026-05-27 00:05:00,0.78665,0.78571,0.78687,0.78562,417,1779840599.531,USDCHF_otc
92,2026-05-27 00:10:00,0.78572,0.7856,0.786,0.78549,409,1779840899.995,USDCHF_otc
92,2026-05-27 00:15:00,0.7856,0.78519,0.78594,0.78519,404,1779841199.43,USDCHF_otc
92,2026-05-27 00:20:00,0.78519,0.78549,0.78549,0.78487,385,1779841499.86,USDCHF_otc
92,2026-05-27 00:25:00,0.78549,0.78505,0.7855,0.78505,392,1779841799.256,USDCHF_otc
92,2026-05-27 00:30:00,0.78506,0.78562,0.78574,0.78499,396,1779842099.708,USDCHF_otc
92,2026-05-27 00:35:00,0.78562,0.78582,0.78603,0.78539,384,1779842399.58,USDCHF_otc
92,2026-05-27 00:40:00,0.78581,0.78599,0.78629,0.7857,404,1779842698.054,USDCHF_otc
92,2026-05-27 00:45:00,0.78599,0.78606,0.78661,0.78584,396,1779842999.938,USDCHF_otc
92,2026-05-27 00:50:00,0.78606,0.78651,0.78666,0.78593,392,1779843299.939,USDCHF_otc
92,2026-05-27 00:55:00,0.78652,0.78566,0.78661,0.78563,399,1779843599.831,USDCHF_otc
92,2026-05-27 01:00:00,0.78566,0.7851,0.7857,0.78457,389,1779843898.854,USDCHF_otc
92,2026-05-27 01:05:00,0.7851,0.78479,0.78521,0.7846,396,1779844199.738,USDCHF_otc
92,2026-05-27 01:10:00,0.78484,0.78566,0.78573,0.78463,411,1779844499.728,USDCHF_otc
92,2026-05-27 01:15:00,0.78566,0.78555,0.78582,0.78539,397,1779844798.089,USDCHF_otc
92,2026-05-27 01:20:00,0.78555,0.78565,0.78584,0.78518,395,1779845099.583,USDCHF_otc
92,2026-05-27 01:25:00,0.78565,0.7859,0.78606,0.78562,409,1779845399.9,USDCHF_otc
92,2026-05-27 01:30:00,0.78591,0.78531,0.78593,0.78479,388,1779845699.755,USDCHF_otc
92,2026-05-27 01:35:00,0.78531,0.78621,0.78627,0.78521,381,1779845999.7,USDCHF_otc
92,2026-05-27 01:40:00,0.78621,0.78571,0.78634,0.78556,412,1779846299.639,USDCHF_otc
92,2026-05-27 01:45:00,0.78572,0.78527,0.7859,0.78522,393,1779846599.6,USDCHF_otc
92,2026-05-27 01:50:00,0.78527,0.78489,0.78533,0.78462,402,1779846898.998,USDCHF_otc
92,2026-05-27 01:55:00,0.78489,0.78434,0.78503,0.78415,400,1779847199.917,USDCHF_otc
92,2026-05-27 02:00:00,0.78434,0.78427,0.78453,0.78394,407,1779847499.836,USDCHF_otc
92,2026-05-27 02:05:00,0.78428,0.78437,0.7848,0.78415,395,1779847799.761,USDCHF_otc
92,2026-05-27 02:10:00,0.78437,0.78403,0.78475,0.78367,397,1779848099.699,USDCHF_otc
92,2026-05-27 02:15:00,0.78403,0.78434,0.78452,0.78401,429,1779848399.603,USDCHF_otc
92,2026-05-27 02:20:00,0.78434,0.78441,0.78458,0.78405,395,1779848699.067,USDCHF_otc
92,2026-05-27 02:25:00,0.78443,0.78365,0.78445,0.78357,387,1779848999.955,USDCHF_otc
92,2026-05-27 02:30:00,0.78365,0.784,0.78412,0.78346,403,1779849299.929,USDCHF_otc
92,2026-05-27 02:35:00,0.784,0.78369,0.78409,0.78339,409,1779849599.807,USDCHF_otc
92,2026-05-27 02:40:00,0.78369,0.78381,0.78398,0.78356,392,1779849899.802,USDCHF_otc
92,2026-05-27 02:45:00,0.7838,0.78458,0.78459,0.7838,413,1779850199.767,USDCHF_otc
92,2026-05-27 02:50:00,0.78458,0.78509,0.78509,0.78438,413,1779850499.189,USDCHF_otc
92,2026-05-27 02:55:00,0.78509,0.78524,0.78571,0.78487,400,1779850798.03,USDCHF_otc
92,2026-05-27 03:00:00,0.78522,0.78568,0.78576,0.78504,420,1779851099.94,USDCHF_otc
92,2026-05-27 03:05:00,0.78569,0.78556,0.78577,0.78509,385,1779851398.383,USDCHF_otc
92,2026-05-27 03:10:00,0.78556,0.78591,0.78608,0.7853,383,1779851699.83,USDCHF_otc
92,2026-05-27 03:15:00,0.7859,0.7857,0.78616,0.78564,407,1779851999.816,USDCHF_otc
92,2026-05-27 03:20:00,0.7857,0.78603,0.7862,0.7857,396,1779852298.684,USDCHF_otc
92,2026-05-27 03:25:00,0.78603,0.7855,0.78604,0.78546,397,1779852599.677,USDCHF_otc
92,2026-05-27 03:30:00,0.7855,0.78464,0.78574,0.78459,393,1779852899.591,USDCHF_otc
92,2026-05-27 03:35:00,0.78464,0.78474,0.78516,0.78442,412,1779853199.581,USDCHF_otc
92,2026-05-27 03:40:00,0.78473,0.78405,0.7849,0.78387,390,1779853499.566,USDCHF_otc
92,2026-05-27 03:45:00,0.78405,0.78423,0.78429,0.78361,401,1779853798.498,USDCHF_otc
92,2026-05-27 03:50:00,0.78423,0.78394,0.78427,0.78366,402,1779854099.933,USDCHF_otc
92,2026-05-27 03:55:00,0.78395,0.78443,0.78451,0.78383,400,1779854399.373,USDCHF_otc
92,2026-05-27 04:00:00,0.78443,0.78415,0.78444,0.78384,415,1779854699.781,USDCHF_otc
92,2026-05-27 04:05:00,0.78415,0.78484,0.78509,0.78414,396,1779854999.75,USDCHF_otc
92,2026-05-27 04:10:00,0.78484,0.78484,0.785,0.78463,394,1779855299.138,USDCHF_otc
92,2026-05-27 04:15:00,0.78484,0.78518,0.78547,0.78484,407,1779855598.596,USDCHF_otc
92,2026-05-27 04:20:00,0.78518,0.78495,0.78523,0.78462,412,1779855898.997,USDCHF_otc
92,2026-05-27 04:25:00,0.78494,0.7841,0.78498,0.78404,390,1779856199.504,USDCHF_otc
92,2026-05-27 04:30:00,0.7841,0.78368,0.7843,0.78345,399,1779856499.901,USDCHF_otc
92,2026-05-27 04:35:00,0.78368,0.78406,0.78406,0.78352,410,1779856799.9,USDCHF_otc
92,2026-05-27 04:40:00,0.78406,0.78393,0.78447,0.78364,390,1779857099.249,USDCHF_otc
92,2026-05-27 04:45:00,0.78395,0.78419,0.7843,0.78374,395,1779857399.249,USDCHF_otc
92,2026-05-27 04:50:00,0.78427,0.78426,0.78449,0.78406,415,1779857699.613,USDCHF_otc
92,2026-05-27 04:55:00,0.78425,0.78457,0.78483,0.78422,396,1779857999.044,USDCHF_otc
92,2026-05-27 05:00:00,0.78456,0.78479,0.785,0.7845,401,1779858299.435,USDCHF_otc
92,2026-05-27 05:05:00,0.78479,0.78504,0.78539,0.78469,402,1779858599.319,USDCHF_otc
92,2026-05-27 05:10:00,0.78504,0.78468,0.78505,0.7844,393,1779858899.802,USDCHF_otc
92,2026-05-27 05:15:00,0.78468,0.78528,0.78532,0.78462,422,1779859199.743,USDCHF_otc
92,2026-05-27 05:20:00,0.78527,0.78543,0.78546,0.78499,390,1779859499.746,USDCHF_otc
92,2026-05-27 05:25:00,0.78543,0.78571,0.78572,0.78516,412,1779859799.695,USDCHF_otc
92,2026-05-27 05:30:00,0.78571,0.78545,0.78597,0.78537,399,1779860099.632,USDCHF_otc
92,2026-05-27 05:35:00,0.78545,0.78562,0.78574,0.78499,402,1779860399.604,USDCHF_otc
92,2026-05-27 05:40:00,0.78562,0.78536,0.78567,0.78524,398,1779860699.548,USDCHF_otc
92,2026-05-27 05:45:00,0.78536,0.78534,0.78575,0.78524,418,1779860999.54,USDCHF_otc
92,2026-05-27 05:50:00,0.78534,0.78564,0.78564,0.78522,399,1779861299.445,USDCHF_otc
92,2026-05-27 05:55:00,0.78564,0.78572,0.78614,0.78555,415,1779861598.812,USDCHF_otc
92,2026-05-27 06:00:00,0.78572,0.78611,0.78625,0.78555,398,1779861899.312,USDCHF_otc
92,2026-05-27 06:05:00,0.7861,0.78589,0.78625,0.78576,415,1779862199.71,USDCHF_otc
92,2026-05-27 06:10:00,0.78589,0.78598,0.78626,0.78578,408,1779862499.687,USDCHF_otc
92,2026-05-27 06:15:00,0.78598,0.78531,0.78606,0.78519,400,1779862799.573,USDCHF_otc
92,2026-05-27 06:20:00,0.78533,0.78579,0.78602,0.78521,380,1779863099.066,USDCHF_otc
92,2026-05-27 06:25:00,0.78574,0.7859,0.78606,0.78554,396,1779863399.468,USDCHF_otc
92,2026-05-27 06:30:00,0.7859,0.78614,0.78627,0.78568,396,1779863699.943,USDCHF_otc
92,2026-05-27 06:35:00,0.78614,0.78607,0.78638,0.7858,399,1779863999.827,USDCHF_otc
92,2026-05-27 06:40:00,0.78607,0.78648,0.78663,0.78599,404,1779864299.349,USDCHF_otc
92,2026-05-27 06:45:00,0.78648,0.78659,0.78683,0.78641,407,1779864598.693,USDCHF_otc
92,2026-05-27 06:50:00,0.7866,0.78693,0.78717,0.78657,390,1779864899.727,USDCHF_otc
92,2026-05-27 06:55:00,0.78692,0.78701,0.78715,0.78676,404,1779865199.09,USDCHF_otc
92,2026-05-27 07:00:00,0.78699,0.78708,0.78712,0.78664,390,1779865499.53,USDCHF_otc
92,2026-05-27 07:05:00,0.7871,0.78797,0.78821,0.78708,386,1779865799.94,USDCHF_otc
92,2026-05-27 07:10:00,0.78797,0.78813,0.78846,0.78782,396,1779866098.879,USDCHF_otc
92,2026-05-27 07:15:00,0.78813,0.78826,0.78834,0.78787,411,1779866399.862,USDCHF_otc
92,2026-05-27 07:20:00,0.78826,0.78804,0.7885,0.78762,381,1779866699.806,USDCHF_otc
92,2026-05-27 07:25:00,0.78804,0.78725,0.78804,0.78713,372,1779866999.719,USDCHF_otc
92,2026-05-27 07:30:00,0.78723,0.78758,0.7876,0.78693,396,1779867299.678,USDCHF_otc
92,2026-05-27 07:35:00,0.78758,0.78793,0.78807,0.78741,405,1779867599.662,USDCHF_otc
92,2026-05-27 07:40:00,0.78793,0.78813,0.78831,0.78767,400,1779867899.192,USDCHF_otc
92,2026-05-27 07:45:00,0.78811,0.78794,0.78837,0.78779,406,1779868199.596,USDCHF_otc
92,2026-05-27 07:50:00,0.78797,0.78693,0.78797,0.78686,400,1779868498.086,USDCHF_otc
92,2026-05-27 07:55:00,0.78691,0.78707,0.78707,0.78644,405,1779868799.977,USDCHF_otc
92,2026-05-27 08:00:00,0.78707,0.78747,0.78752,0.78685,403,1779869099.967,USDCHF_otc
92,2026-05-27 08:05:00,0.78747,0.7876,0.78791,0.78729,394,1779869399.861,USDCHF_otc
92,2026-05-27 08:10:00,0.7876,0.78771,0.78796,0.78741,401,1779869699.845,USDCHF_otc
92,2026-05-27 08:15:00,0.78771,0.78723,0.78777,0.78721,386,1779869999.269,USDCHF_otc
92,2026-05-27 08:20:00,0.78723,0.78668,0.7874,0.78637,408,1779870299.772,USDCHF_otc
92,2026-05-27 08:25:00,0.78669,0.7867,0.78711,0.78653,391,1779870598.09,USDCHF_otc
92,2026-05-27 08:30:00,0.78671,0.78682,0.78688,0.78599,401,1779870899.045,USDCHF_otc
92,2026-05-27 08:35:00,0.78679,0.7865,0.78687,0.78619,405,1779871198.952,USDCHF_otc
92,2026-05-27 08:40:00,0.7865,0.78643,0.78667,0.78628,390,1779871499.413,USDCHF_otc
92,2026-05-27 08:45:00,0.78643,0.78622,0.7869,0.78605,396,1779871799.868,USDCHF_otc
92,2026-05-27 08:50:00,0.78623,0.78666,0.78714,0.78623,389,1779872099.77,USDCHF_otc
92,2026-05-27 08:55:00,0.78666,0.7871,0.78712,0.78658,411,1779872399.766,USDCHF_otc
92,2026-05-27 09:00:00,0.7871,0.78766,0.78772,0.78705,385,1779872699.665,USDCHF_otc
92,2026-05-27 09:05:00,0.78772,0.78723,0.78775,0.78718,390,1779872999.693,USDCHF_otc
92,2026-05-27 09:10:00,0.78723,0.78718,0.7876,0.78711,397,1779873299.609,USDCHF_otc
92,2026-05-27 09:15:00,0.78718,0.78855,0.78872,0.78713,412,1779873599.521,USDCHF_otc
92,2026-05-27 09:20:00,0.78855,0.78904,0.7895,0.78855,383,1779873899.368,USDCHF_otc
92,2026-05-27 09:25:00,0.78904,0.78954,0.78964,0.78887,394,1779874199.346,USDCHF_otc
92,2026-05-27 09:30:00,0.78954,0.78955,0.78967,0.78923,403,1779874499.758,USDCHF_otc
92,2026-05-27 09:35:00,0.78956,0.78921,0.78983,0.78918,396,1779874799.77,USDCHF_otc
92,2026-05-27 09:40:00,0.78921,0.78959,0.78965,0.78891,403,1779875099.683,USDCHF_otc
92,2026-05-27 09:45:00,0.78959,0.78947,0.78982,0.78926,398,1779875399.734,USDCHF_otc
92,2026-05-27 09:50:00,0.78947,0.78923,0.78965,0.78923,406,1779875699.581,USDCHF_otc
92,2026-05-27 09:55:00,0.78923,0.78911,0.78941,0.78879,403,1779875999.581,USDCHF_otc
92,2026-05-27 10:00:00,0.7891,0.78845,0.78915,0.7884,382,1779876299.492,USDCHF_otc
92,2026-05-27 10:05:00,0.78848,0.78828,0.78849,0.788,410,1779876599.51,USDCHF_otc
92,2026-05-27 10:10:00,0.78827,0.7879,0.78841,0.78762,420,1779876899.912,USDCHF_otc
92,2026-05-27 10:15:00,0.78789,0.7887,0.7887,0.78784,421,1779877199.407,USDCHF_otc
92,2026-05-27 10:20:00,0.7887,0.78772,0.78875,0.78772,391,1779877499.798,USDCHF_otc
92,2026-05-27 10:25:00,0.78772,0.78651,0.78781,0.7865,413,1779877799.299,USDCHF_otc
92,2026-05-27 10:30:00,0.78652,0.78664,0.78675,0.78624,387,1779878099.694,USDCHF_otc
92,2026-05-27 10:35:00,0.78664,0.78741,0.78757,0.7866,399,1779878399.201,USDCHF_otc
92,2026-05-27 10:40:00,0.7874,0.78715,0.78741,0.78684,399,1779878699.609,USDCHF_otc
92,2026-05-27 10:45:00,0.78714,0.78714,0.78732,0.78669,413,1779878999.59,USDCHF_otc
92,2026-05-27 10:50:00,0.78714,0.78752,0.78752,0.78673,387,1779879299.442,USDCHF_otc
92,2026-05-27 10:55:00,0.78752,0.78661,0.78753,0.78661,396,1779879599.856,USDCHF_otc
92,2026-05-27 11:00:00,0.78661,0.78636,0.7869,0.78629,409,1779879899.84,USDCHF_otc
92,2026-05-27 11:05:00,0.78638,0.78654,0.78656,0.78597,404,1779880199.31,USDCHF_otc
92,2026-05-27 11:10:00,0.78657,0.78664,0.78693,0.78651,407,1779880499.711,USDCHF_otc
92,2026-05-27 11:15:00,0.78664,0.786,0.7868,0.78594,404,1779880798.675,USDCHF_otc
92,2026-05-27 11:20:00,0.786,0.78705,0.7871,0.78596,399,1779881099.61,USDCHF_otc
92,2026-05-27 11:25:00,0.78705,0.78802,0.78806,0.78702,423,1779881399.586,USDCHF_otc
92,2026-05-27 11:30:00,0.78803,0.78814,0.78835,0.78763,413,1779881699.971,USDCHF_otc
92,2026-05-27 11:35:00,0.78814,0.78861,0.78862,0.78797,401,1779881999.95,USDCHF_otc
92,2026-05-27 11:40:00,0.78861,0.78805,0.78875,0.78805,396,1779882299.88,USDCHF_otc
92,2026-05-27 11:45:00,0.78805,0.78832,0.78842,0.78771,407,1779882599.826,USDCHF_otc
92,2026-05-27 11:50:00,0.78831,0.78801,0.78852,0.78794,385,1779882899.748,USDCHF_otc
92,2026-05-27 11:55:00,0.78801,0.78804,0.78824,0.78782,404,1779883199.645,USDCHF_otc
92,2026-05-27 12:00:00,0.78804,0.78786,0.78821,0.78764,398,1779883499.642,USDCHF_otc
92,2026-05-27 12:05:00,0.78786,0.7876,0.78788,0.78744,405,1779883799.525,USDCHF_otc
92,2026-05-27 12:10:00,0.7876,0.78766,0.7879,0.78747,413,1779884099.476,USDCHF_otc
92,2026-05-27 12:15:00,0.78766,0.78764,0.78787,0.7874,384,1779884399.843,USDCHF_otc
92,2026-05-27 12:20:00,0.7876,0.78854,0.78867,0.78756,382,1779884699.842,USDCHF_otc
92,2026-05-27 12:25:00,0.78854,0.78875,0.78901,0.78851,419,1779884999.698,USDCHF_otc
92,2026-05-27 12:30:00,0.78875,0.78857,0.7891,0.78852,397,1779885299.649,USDCHF_otc
92,2026-05-27 12:35:00,0.78859,0.78788,0.7886,0.78784,387,1779885599.099,USDCHF_otc
92,2026-05-27 12:40:00,0.7879,0.78806,0.78809,0.78772,394,1779885899.097,USDCHF_otc
92,2026-05-27 12:45:00,0.78804,0.78759,0.78843,0.78727,416,1779886199.985,USDCHF_otc
92,2026-05-27 12:50:00,0.78759,0.78815,0.78819,0.78749,385,1779886499.924,USDCHF_otc
92,2026-05-27 12:55:00,0.78815,0.78809,0.78845,0.78772,401,1779886799.889,USDCHF_otc
92,2026-05-27 13:00:00,0.78809,0.78711,0.78829,0.78708,400,1779887099.349,USDCHF_otc
92,2026-05-27 13:05:00,0.78711,0.78671,0.78713,0.78667,413,1779887399.789,USDCHF_otc
92,2026-05-27 13:10:00,0.78671,0.78726,0.78733,0.78668,387,1779887699.751,USDCHF_otc
92,2026-05-27 13:15:00,0.78726,0.78726,0.78737,0.78682,400,1779887999.674,USDCHF_otc
92,2026-05-27 13:20:00,0.78726,0.78669,0.78773,0.78668,402,1779888298.133,USDCHF_otc
92,2026-05-27 13:25:00,0.78669,0.78707,0.78709,0.78637,391,1779888599.543,USDCHF_otc
92,2026-05-27 13:30:00,0.78709,0.78673,0.78718,0.78661,415,1779888899.939,USDCHF_otc
92,2026-05-27 13:35:00,0.78673,0.7865,0.78675,0.78605,409,1779889199.904,USDCHF_otc
92,2026-05-27 13:40:00,0.7865,0.78717,0.78722,0.78649,385,1779889499.267,USDCHF_otc
92,2026-05-27 13:45:00,0.78717,0.78739,0.78759,0.78699,396,1779889799.769,USDCHF_otc
92,2026-05-27 13:50:00,0.78737,0.78718,0.78759,0.78699,410,1779890099.605,USDCHF_otc
92,2026-05-27 13:55:00,0.78718,0.78711,0.78724,0.7866,393,1779890399.5,USDCHF_otc
92,2026-05-27 14:00:00,0.78711,0.78649,0.78716,0.78642,383,1779890699.979,USDCHF_otc
92,2026-05-27 14:05:00,0.78649,0.78703,0.78704,0.78647,405,1779890999.897,USDCHF_otc
92,2026-05-27 14:10:00,0.78709,0.7869,0.78765,0.78684,397,1779891299.845,USDCHF_otc
92,2026-05-27 14:15:00,0.7869,0.78668,0.78726,0.78646,387,1779891599.728,USDCHF_otc
92,2026-05-27 14:20:00,0.78668,0.78691,0.78729,0.78633,405,1779891899.713,USDCHF_otc
92,2026-05-27 14:25:00,0.78691,0.78765,0.78787,0.78688,392,1779892199.066,USDCHF_otc
92,2026-05-27 14:30:00,0.78765,0.78733,0.78807,0.7873,385,1779892498.049,USDCHF_otc
92,2026-05-27 14:35:00,0.78736,0.78739,0.7875,0.78703,377,1779892798.995,USDCHF_otc
92,2026-05-27 14:40:00,0.78739,0.7883,0.78834,0.78727,403,1779893098.48,USDCHF_otc
92,2026-05-27 14:45:00,0.7883,0.78826,0.7885,0.78801,383,1779893399.888,USDCHF_otc
92,2026-05-27 14:50:00,0.78827,0.78835,0.78864,0.788,399,1779893699.86,USDCHF_otc
92,2026-05-27 14:55:00,0.78835,0.78885,0.78908,0.78835,396,1779893999.799,USDCHF_otc
92,2026-05-27 15:00:00,0.78885,0.7889,0.78916,0.78878,413,1779894299.784,USDCHF_otc
92,2026-05-27 15:05:00,0.7889,0.78911,0.7892,0.78855,376,1779894598.708,USDCHF_otc
92,2026-05-27 15:10:00,0.78911,0.78978,0.78998,0.78909,405,1779894899.609,USDCHF_otc
92,2026-05-27 15:15:00,0.78978,0.78938,0.78992,0.7893,398,1779895199.554,USDCHF_otc
92,2026-05-27 15:20:00,0.78939,0.78936,0.78954,0.78894,389,1779895499.54,USDCHF_otc
92,2026-05-27 15:25:00,0.78936,0.78888,0.7896,0.78874,400,1779895799.958,USDCHF_otc
92,2026-05-27 15:30:00,0.78888,0.78906,0.78923,0.78883,393,1779896099.959,USDCHF_otc
92,2026-05-27 15:35:00,0.78906,0.78864,0.78911,0.78842,390,1779896399.905,USDCHF_otc
92,2026-05-27 15:40:00,0.78866,0.79,0.79001,0.78866,410,1779896699.81,USDCHF_otc
92,2026-05-27 15:45:00,0.79,0.79031,0.79047,0.78982,391,1779896999.259,USDCHF_otc
92,2026-05-27 15:50:00,0.79028,0.7903,0.79091,0.7902,407,1779897299.699,USDCHF_otc
92,2026-05-27 15:55:00,0.7903,0.79017,0.79051,0.79007,417,1779897599.136,USDCHF_otc
92,2026-05-27 16:00:00,0.79017,0.78998,0.79037,0.78994,420,1779897899.61,USDCHF_otc
92,2026-05-27 16:05:00,0.78998,0.7899,0.79062,0.7899,394,1779898199.597,USDCHF_otc
92,2026-05-27 16:10:00,0.78988,0.78926,0.79002,0.78907,403,1779898499.498,USDCHF_otc
92,2026-05-27 16:15:00,0.78925,0.78936,0.78949,0.78907,394,1779898798.949,USDCHF_otc
92,2026-05-27 16:20:00,0.78937,0.78926,0.78995,0.78923,398,1779899099.434,USDCHF_otc
92,2026-05-27 16:25:00,0.78926,0.78867,0.78944,0.78861,405,1779899399.871,USDCHF_otc
92,2026-05-27 16:30:00,0.78867,0.78868,0.78911,0.78855,401,1779899699.38,USDCHF_otc
92,2026-05-27 16:35:00,0.78868,0.78791,0.78876,0.78783,408,1779899999.803,USDCHF_otc
92,2026-05-27 16:40:00,0.78791,0.78678,0.78803,0.78675,399,1779900299.778,USDCHF_otc
92,2026-05-27 16:45:00,0.78679,0.78633,0.78694,0.78623,415,1779900599.65,USDCHF_otc
92,2026-05-27 16:50:00,0.78632,0.78618,0.78638,0.78588,411,1779900899.569,USDCHF_otc
92,2026-05-27 16:55:00,0.78617,0.78614,0.78632,0.78599,418,1779901199.545,USDCHF_otc
92,2026-05-27 17:00:00,0.78614,0.78556,0.78615,0.78549,401,1779901499.985,USDCHF_otc
92,2026-05-27 17:05:00,0.78556,0.78666,0.78673,0.78539,384,1779901799.465,USDCHF_otc
92,2026-05-27 17:10:00,0.78666,0.78733,0.78736,0.78657,391,1779902099.852,USDCHF_otc
92,2026-05-27 17:15:00,0.78733,0.78681,0.78749,0.78662,415,1779902399.348,USDCHF_otc
92,2026-05-27 17:20:00,0.78681,0.78761,0.78764,0.78678,391,1779902698.735,USDCHF_otc
92,2026-05-27 17:25:00,0.78759,0.78777,0.78788,0.78718,411,1779902999.729,USDCHF_otc
92,2026-05-27 17:30:00,0.78779,0.78829,0.78829,0.78776,408,1779903299.642,USDCHF_otc
92,2026-05-27 17:35:00,0.78829,0.78801,0.78832,0.78788,393,1779903599.647,USDCHF_otc
92,2026-05-27 17:40:00,0.78801,0.78844,0.78844,0.78787,409,1779903899.984,USDCHF_otc
92,2026-05-27 17:45:00,0.78844,0.78786,0.78845,0.78761,392,1779904199.478,USDCHF_otc
92,2026-05-27 17:50:00,0.78786,0.78745,0.788,0.78738,388,1779904499.924,USDCHF_otc
92,2026-05-27 17:55:00,0.78745,0.78801,0.78831,0.78744,435,1779904799.42,USDCHF_otc
92,2026-05-27 18:00:00,0.78801,0.78778,0.78805,0.78729,388,1779905099.834,USDCHF_otc
92,2026-05-27 18:05:00,0.78778,0.78739,0.78778,0.78717,394,1779905399.843,USDCHF_otc
92,2026-05-27 18:10:00,0.78739,0.78702,0.78743,0.78696,407,1779905698.69,USDCHF_otc
92,2026-05-27 18:15:00,0.78702,0.78744,0.78754,0.78692,394,1779905999.659,USDCHF_otc
92,2026-05-27 18:20:00,0.78744,0.78729,0.78755,0.78711,403,1779906299.519,USDCHF_otc
92,2026-05-27 18:25:00,0.78729,0.78741,0.78771,0.78704,395,1779906599.973,USDCHF_otc
92,2026-05-27 18:30:00,0.78741,0.7876,0.78775,0.78732,401,1779906899.92,USDCHF_otc
92,2026-05-27 18:35:00,0.7876,0.78743,0.78794,0.78741,390,1779907199.871,USDCHF_otc
92,2026-05-27 18:40:00,0.78741,0.78812,0.78826,0.78741,391,1779907499.772,USDCHF_otc
92,2026-05-27 18:45:00,0.78813,0.78836,0.78867,0.78796,409,1779907799.123,USDCHF_otc
92,2026-05-27 18:50:00,0.78838,0.78831,0.78843,0.78775,404,1779908099.634,USDCHF_otc
92,2026-05-27 18:55:00,0.78831,0.7887,0.78878,0.78821,410,1779908399.07,USDCHF_otc
92,2026-05-27 19:00:00,0.78871,0.78823,0.78909,0.78823,378,1779908699.538,USDCHF_otc
92,2026-05-27 19:05:00,0.78823,0.78825,0.78888,0.78801,387,1779908999.47,USDCHF_otc
92,2026-05-27 19:10:00,0.78825,0.78841,0.78858,0.78823,410,1779909299.897,USDCHF_otc
92,2026-05-27 19:15:00,0.78841,0.78871,0.78873,0.78816,403,1779909599.771,USDCHF_otc
92,2026-05-27 19:20:00,0.78869,0.78885,0.78906,0.78865,389,1779909899.777,USDCHF_otc
92,2026-05-27 19:25:00,0.78885,0.78917,0.78923,0.78879,392,1779910199.64,USDCHF_otc
92,2026-05-27 19:30:00,0.78911,0.78912,0.78925,0.78856,400,1779910498.602,USDCHF_otc
92,2026-05-27 19:35:00,0.78914,0.78929,0.78948,0.78908,383,1779910799.063,USDCHF_otc
92,2026-05-27 19:40:00,0.7893,0.7889,0.7893,0.78885,393,1779911099.533,USDCHF_otc
92,2026-05-27 19:45:00,0.78888,0.78891,0.78918,0.78845,420,1779911399.94,USDCHF_otc
92,2026-05-27 19:50:00,0.78891,0.78939,0.78947,0.78891,405,1779911699.908,USDCHF_otc
92,2026-05-27 19:55:00,0.78939,0.78897,0.78939,0.78855,411,1779911999.265,USDCHF_otc
92,2026-05-27 20:00:00,0.78895,0.78966,0.78984,0.78884,389,1779912299.225,USDCHF_otc
92,2026-05-27 20:05:00,0.78966,0.79008,0.7901,0.78934,397,1779912599.693,USDCHF_otc
92,2026-05-27 20:10:00,0.79007,0.79002,0.79025,0.78994,399,1779912899.684,USDCHF_otc
92,2026-05-27 20:15:00,0.79003,0.79038,0.79038,0.78972,382,1779913199.598,USDCHF_otc
92,2026-05-27 20:20:00,0.79038,0.79139,0.7914,0.79019,392,1779913499.549,USDCHF_otc
92,2026-05-27 20:25:00,0.79144,0.7917,0.7918,0.79131,399,1779913799.952,USDCHF_otc
92,2026-05-27 20:30:00,0.7917,0.79254,0.7927,0.79148,387,1779914099.914,USDCHF_otc
92,2026-05-27 20:35:00,0.79256,0.7927,0.79324,0.79253,393,1779914399.83,USDCHF_otc
92,2026-05-27 20:40:00,0.7927,0.79276,0.79294,0.79221,406,1779914699.752,USDCHF_otc
92,2026-05-27 20:45:00,0.79276,0.79219,0.79296,0.79194,393,1779914999.164,USDCHF_otc
92,2026-05-27 20:50:00,0.79219,0.79209,0.79237,0.792,411,1779915299.583,USDCHF_otc
92,2026-05-27 20:55:00,0.79209,0.79184,0.79233,0.79147,404,1779915599.523,USDCHF_otc
92,2026-05-27 21:00:00,0.79186,0.7916,0.79204,0.79155,404,1779915899.928,USDCHF_otc
92,2026-05-27 21:05:00,0.7916,0.79163,0.79195,0.7915,409,1779916199.889,USDCHF_otc
92,2026-05-27 21:10:00,0.79161,0.79212,0.79225,0.79155,394,1779916499.758,USDCHF_otc
92,2026-05-27 21:15:00,0.79213,0.79231,0.79252,0.79187,397,1779916799.685,USDCHF_otc
92,2026-05-27 21:20:00,0.79231,0.79269,0.79269,0.79226,384,1779917098.587,USDCHF_otc
92,2026-05-27 21:25:00,0.79269,0.79243,0.7931,0.79229,394,1779917399.555,USDCHF_otc
92,2026-05-27 21:30:00,0.79241,0.79218,0.79247,0.79203,394,1779917699.952,USDCHF_otc
92,2026-05-27 21:35:00,0.79218,0.79188,0.79251,0.79183,401,1779917998.894,USDCHF_otc
92,2026-05-27 21:40:00,0.79188,0.7915,0.79237,0.7913,382,1779918298.712,USDCHF_otc
92,2026-05-27 21:45:00,0.7915,0.79165,0.79183,0.79128,381,1779918599.065,USDCHF_otc
92,2026-05-27 21:50:00,0.79164,0.79212,0.79235,0.79164,392,1779918899.529,USDCHF_otc
92,2026-05-27 21:55:00,0.79213,0.79259,0.79275,0.79201,421,1779919199.417,USDCHF_otc
92,2026-05-27 22:00:00,0.79259,0.79287,0.79309,0.79258,405,1779919499.878,USDCHF_otc
92,2026-05-27 22:05:00,0.79288,0.79248,0.79344,0.79248,411,1779919799.799,USDCHF_otc
92,2026-05-27 22:10:00,0.79248,0.79228,0.79262,0.79228,400,1779920099.766,USDCHF_otc
92,2026-05-27 22:15:00,0.79228,0.79126,0.79228,0.79126,409,1779920399.084,USDCHF_otc
92,2026-05-27 22:20:00,0.79126,0.79161,0.79179,0.7911,387,1779920697.941,USDCHF_otc
92,2026-05-27 22:25:00,0.79161,0.79209,0.79221,0.79161,378,1779920999.942,USDCHF_otc
92,2026-05-27 22:30:00,0.79209,0.79144,0.79213,0.79139,378,1779921299.325,USDCHF_otc
92,2026-05-27 22:35:00,0.79144,0.79117,0.7916,0.7911,399,1779921599.279,USDCHF_otc
92,2026-05-27 22:40:00,0.79121,0.7912,0.79138,0.79094,415,1779921899.108,USDCHF_otc
92,2026-05-27 22:45:00,0.7912,0.79117,0.79149,0.79086,404,1779922199.564,USDCHF_otc
92,2026-05-27 22:50:00,0.79117,0.79143,0.7917,0.79117,374,1779922499.909,USDCHF_otc
92,2026-05-27 22:55:00,0.79143,0.79236,0.79241,0.79141,416,1779922799.805,USDCHF_otc
92,2026-05-27 23:00:00,0.79236,0.7929,0.7929,0.79234,420,1779923099.263,USDCHF_otc
92,2026-05-27 23:05:00,0.7929,0.79352,0.79353,0.79286,399,1779923399.693,USDCHF_otc
92,2026-05-27 23:10:00,0.79349,0.79318,0.79361,0.79305,377,1779923698.627,USDCHF_otc
92,2026-05-27 23:15:00,0.79318,0.79337,0.79357,0.79296,408,1779923999.993,USDCHF_otc
92,2026-05-27 23:20:00,0.79337,0.79431,0.79438,0.7933,403,1779924299.45,USDCHF_otc
92,2026-05-27 23:25:00,0.79432,0.79416,0.7944,0.79405,387,1779924598.328,USDCHF_otc
92,2026-05-27 23:30:00,0.79416,0.79502,0.79504,0.79399,414,1779924899.827,USDCHF_otc
92,2026-05-27 23:35:00,0.79502,0.79495,0.79503,0.79465,403,1779925199.68,USDCHF_otc
92,2026-05-27 23:40:00,0.79498,0.79449,0.7951,0.79443,403,1779925499.632,USDCHF_otc
92,2026-05-27 23:45:00,0.79451,0.79469,0.79492,0.79415,407,1779925799.518,USDCHF_otc
92,2026-05-27 23:50:00,0.79469,0.79472,0.79516,0.79461,416,1779926099.964,USDCHF_otc
92,2026-05-27 23:55:00,0.79472,0.7953,0.79554,0.79465,386,1779926399.857,USDCHF_otc
92,2026-05-28 00:00:00,0.79529,0.79499,0.7953,0.79434,407,1779926699.794,USDCHF_otc
92,2026-05-28 00:05:00,0.79511,0.79522,0.79546,0.79507,411,1779926999.737,USDCHF_otc
92,2026-05-28 00:10:00,0.79522,0.79513,0.79541,0.79483,386,1779927299.139,USDCHF_otc
92,2026-05-28 00:15:00,0.79513,0.79562,0.79588,0.79512,404,1779927599.575,USDCHF_otc
92,2026-05-28 00:20:00,0.79563,0.79534,0.79566,0.79524,397,1779927899.966,USDCHF_otc
92,2026-05-28 00:25:00,0.79534,0.79519,0.7956,0.7951,405,1779928199.922,USDCHF_otc
92,2026-05-28 00:30:00,0.79519,0.7952,0.79539,0.79468,394,1779928499.303,USDCHF_otc
92,2026-05-28 00:35:00,0.79522,0.79444,0.79549,0.79439,409,1779928799.793,USDCHF_otc
92,2026-05-28 00:40:00,0.79444,0.79403,0.7947,0.79403,378,1779929099.669,USDCHF_otc
92,2026-05-28 00:45:00,0.79403,0.79455,0.79455,0.79399,396,1779929398.612,USDCHF_otc
92,2026-05-28 00:50:00,0.79455,0.79503,0.79542,0.79455,397,1779929699.491,USDCHF_otc
92,2026-05-28 00:55:00,0.79503,0.79522,0.79568,0.795,400,1779929999.889,USDCHF_otc
92,2026-05-28 01:00:00,0.79522,0.79625,0.79646,0.79505,419,1779930299.81,USDCHF_otc
92,2026-05-28 01:05:00,0.79625,0.79677,0.79692,0.79625,406,1779930599.675,USDCHF_otc
92,2026-05-28 01:10:00,0.79678,0.79669,0.7971,0.79661,383,1779930899.654,USDCHF_otc
92,2026-05-28 01:15:00,0.7967,0.7965,0.79722,0.7965,403,1779931199.533,USDCHF_otc
92,2026-05-28 01:20:00,0.79652,0.79697,0.79709,0.79652,413,1779931499.536,USDCHF_otc
92,2026-05-28 01:25:00,0.79697,0.79709,0.79713,0.79661,401,1779931799.346,USDCHF_otc
92,2026-05-28 01:30:00,0.79709,0.79643,0.79719,0.79634,395,1779932099.824,USDCHF_otc
92,2026-05-28 01:35:00,0.79642,0.79618,0.79677,0.79612,400,1779932399.197,USDCHF_otc
92,2026-05-28 01:40:00,0.79618,0.79634,0.79648,0.79608,413,1779932699.678,USDCHF_otc
92,2026-05-28 01:45:00,0.79634,0.79667,0.79678,0.79604,400,1779932999.606,USDCHF_otc
92,2026-05-28 01:50:00,0.79667,0.79649,0.79705,0.79649,382,1779933299.492,USDCHF_otc
92,2026-05-28 01:55:00,0.79649,0.79705,0.79706,0.79634,384,1779933599.947,USDCHF_otc
92,2026-05-28 02:00:00,0.79709,0.79775,0.79781,0.79678,395,1779933898.88,USDCHF_otc
92,2026-05-28 02:05:00,0.79775,0.79822,0.79828,0.79755,404,1779934199.305,USDCHF_otc
92,2026-05-28 02:10:00,0.79822,0.79879,0.7988,0.79761,420,1779934499.206,USDCHF_otc
92,2026-05-28 02:15:00,0.79881,0.79895,0.79904,0.79828,388,1779934799.651,USDCHF_otc
92,2026-05-28 02:20:00,0.79895,0.79893,0.79913,0.79876,393,1779935099.552,USDCHF_otc
92,2026-05-28 02:25:00,0.79893,0.7989,0.7991,0.79873,402,1779935399.515,USDCHF_otc
92,2026-05-28 02:30:00,0.79893,0.7994,0.79942,0.79878,416,1779935699.863,USDCHF_otc
92,2026-05-28 02:35:00,0.79939,0.7995,0.79974,0.79931,411,1779935998.347,USDCHF_otc
92,2026-05-28 02:40:00,0.7995,0.79892,0.79956,0.79892,401,1779936299.228,USDCHF_otc
92,2026-05-28 02:45:00,0.79892,0.79902,0.7993,0.79867,410,1779936599.73,USDCHF_otc
92,2026-05-28 02:50:00,0.79902,0.79901,0.79923,0.79878,388,1779936899.059,USDCHF_otc
92,2026-05-28 02:55:00,0.79901,0.79932,0.79936,0.79874,400,1779937198.995,USDCHF_otc
92,2026-05-28 03:00:00,0.79933,0.79859,0.7994,0.79853,395,1779937499.932,USDCHF_otc
92,2026-05-28 03:05:00,0.79859,0.79882,0.79916,0.7985,402,1779937799.793,USDCHF_otc
92,2026-05-28 03:10:00,0.79882,0.79866,0.79901,0.79846,391,1779938098.745,USDCHF_otc
92,2026-05-28 03:15:00,0.79868,0.79899,0.79906,0.79858,424,1779938399.092,USDCHF_otc
92,2026-05-28 03:20:00,0.79899,0.79858,0.79899,0.79833,396,1779938699.537,USDCHF_otc
92,2026-05-28 03:25:00,0.79858,0.79952,0.79968,0.79857,416,1779938999.95,USDCHF_otc
92,2026-05-28 03:30:00,0.79952,0.79968,0.79988,0.79952,405,1779939299.871,USDCHF_otc
92,2026-05-28 03:35:00,0.79968,0.79961,0.79976,0.79922,420,1779939599.341,USDCHF_otc
92,2026-05-28 03:40:00,0.79961,0.79984,0.79988,0.79929,416,1779939899.247,USDCHF_otc
92,2026-05-28 03:45:00,0.79985,0.79981,0.7999,0.79956,411,1779940199.657,USDCHF_otc
92,2026-05-28 03:50:00,0.79981,0.80078,0.80084,0.79981,382,1779940499.048,USDCHF_otc
92,2026-05-28 03:55:00,0.80076,0.80126,0.80141,0.80073,397,1779940799.993,USDCHF_otc
92,2026-05-28 04:00:00,0.80126,0.80179,0.80199,0.80124,412,1779941099.36,USDCHF_otc
92,2026-05-28 04:05:00,0.80182,0.80146,0.80197,0.80132,383,1779941399.331,USDCHF_otc
92,2026-05-28 04:10:00,0.80145,0.80096,0.8015,0.80091,404,1779941699.775,USDCHF_otc
92,2026-05-28 04:15:00,0.80094,0.80095,0.80109,0.80077,411,1779941999.75,USDCHF_otc
92,2026-05-28 04:20:00,0.80095,0.80103,0.80108,0.80032,396,1779942299.157,USDCHF_otc
92,2026-05-28 04:25:00,0.8011,0.80064,0.80118,0.80054,394,1779942597.637,USDCHF_otc
92,2026-05-28 04:30:00,0.80064,0.80045,0.8009,0.80042,410,1779942899.506,USDCHF_otc
92,2026-05-28 04:35:00,0.80044,0.80032,0.80083,0.80025,388,1779943199.956,USDCHF_otc
92,2026-05-28 04:40:00,0.80032,0.80012,0.80053,0.80007,382,1779943499.883,USDCHF_otc
92,2026-05-28 04:45:00,0.80013,0.80056,0.80091,0.79994,397,1779943799.368,USDCHF_otc
92,2026-05-28 04:50:00,0.80055,0.79993,0.80057,0.79982,403,1779944099.754,USDCHF_otc
92,2026-05-28 04:55:00,0.79993,0.80007,0.80059,0.79988,397,1779944399.761,USDCHF_otc
92,2026-05-28 05:00:00,0.80007,0.79996,0.80028,0.7999,391,1779944699.151,USDCHF_otc
92,2026-05-28 05:05:00,0.79994,0.80044,0.80064,0.79986,402,1779944999.656,USDCHF_otc
92,2026-05-28 05:10:00,0.80045,0.80025,0.80045,0.79974,394,1779945299.558,USDCHF_otc
92,2026-05-28 05:15:00,0.80025,0.8002,0.80045,0.8,418,1779945599.562,USDCHF_otc
92,2026-05-28 05:20:00,0.8002,0.80015,0.80052,0.79992,398,1779945899.935,USDCHF_otc
92,2026-05-28 05:25:00,0.80015,0.80036,0.80056,0.79994,384,1779946199.912,USDCHF_otc
92,2026-05-28 05:30:00,0.80036,0.80031,0.80089,0.8003,389,1779946499.794,USDCHF_otc
92,2026-05-28 05:35:00,0.80031,0.80011,0.8005,0.80007,400,1779946799.789,USDCHF_otc
92,2026-05-28 05:40:00,0.80011,0.80021,0.80052,0.79986,402,1779947099.681,USDCHF_otc
92,2026-05-28 05:45:00,0.80021,0.80023,0.80058,0.80007,379,1779947399.707,USDCHF_otc
92,2026-05-28 05:50:00,0.80023,0.80029,0.80038,0.79986,399,1779947699.583,USDCHF_otc
92,2026-05-28 05:55:00,0.8003,0.79981,0.80068,0.79955,394,1779947999.506,USDCHF_otc
92,2026-05-28 06:00:00,0.79981,0.79936,0.79985,0.79894,383,1779948299.93,USDCHF_otc
92,2026-05-28 06:05:00,0.79938,0.79863,0.79938,0.79848,388,1779948599.89,USDCHF_otc
92,2026-05-28 06:10:00,0.79863,0.79926,0.79949,0.79862,414,1779948898.845,USDCHF_otc
92,2026-05-28 06:15:00,0.79926,0.79894,0.79927,0.79858,411,1779949199.325,USDCHF_otc
92,2026-05-28 06:20:00,0.79888,0.79879,0.79898,0.79841,391,1779949499.773,USDCHF_otc
92,2026-05-28 06:25:00,0.79879,0.79828,0.79893,0.7981,399,1779949799.789,USDCHF_otc
92,2026-05-28 06:30:00,0.79828,0.79875,0.79877,0.79826,395,1779950099.682,USDCHF_otc
92,2026-05-28 06:35:00,0.79875,0.79897,0.79901,0.79831,429,1779950399.646,USDCHF_otc
92,2026-05-28 06:40:00,0.79898,0.79883,0.79919,0.79861,391,1779950699.585,USDCHF_otc
92,2026-05-28 06:45:00,0.79883,0.79889,0.79896,0.79848,407,1779950999.608,USDCHF_otc
92,2026-05-28 06:50:00,0.79889,0.79884,0.79944,0.79868,411,1779951299.975,USDCHF_otc
92,2026-05-28 06:55:00,0.79885,0.79913,0.79937,0.79879,398,1779951599.474,USDCHF_otc
92,2026-05-28 07:00:00,0.79913,0.79874,0.79927,0.79858,392,1779951898.853,USDCHF_otc
92,2026-05-28 07:05:00,0.79874,0.79899,0.79921,0.79867,387,1779952199.367,USDCHF_otc
92,2026-05-28 07:10:00,0.79899,0.79907,0.79913,0.7987,405,1779952499.785,USDCHF_otc
92,2026-05-28 07:15:00,0.7991,0.79944,0.7997,0.7989,398,1779952799.253,USDCHF_otc
92,2026-05-28 07:20:00,0.79944,0.80006,0.80018,0.79923,411,1779953099.639,USDCHF_otc
92,2026-05-28 07:25:00,0.80007,0.79958,0.80011,0.79933,387,1779953399.63,USDCHF_otc
92,2026-05-28 07:30:00,0.79959,0.79978,0.79994,0.7994,398,1779953699.051,USDCHF_otc
92,2026-05-28 07:35:00,0.79979,0.79929,0.79982,0.79924,390,1779953999.513,USDCHF_otc
92,2026-05-28 07:40:00,0.79927,0.79965,0.79984,0.79923,407,1779954298.903,USDCHF_otc
92,2026-05-28 07:45:00,0.79965,0.79897,0.79987,0.79897,398,1779954598.873,USDCHF_otc
92,2026-05-28 07:50:00,0.79896,0.79886,0.79902,0.79869,399,1779954899.781,USDCHF_otc
92,2026-05-28 07:55:00,0.79886,0.79858,0.79925,0.79858,398,1779955199.793,USDCHF_otc
92,2026-05-28 08:00:00,0.79858,0.79884,0.79885,0.79841,403,1779955499.639,USDCHF_otc
92,2026-05-28 08:05:00,0.79883,0.79892,0.79941,0.79867,399,1779955799.112,USDCHF_otc
92,2026-05-28 08:10:00,0.79892,0.79846,0.79893,0.79809,407,1779956099.515,USDCHF_otc
92,2026-05-28 08:15:00,0.79847,0.79856,0.7988,0.79827,391,1779956399.522,USDCHF_otc
92,2026-05-28 08:20:00,0.79858,0.79878,0.79895,0.79841,410,1779956699.917,USDCHF_otc
92,2026-05-28 08:25:00,0.79877,0.79938,0.79964,0.79873,408,1779956999.89,USDCHF_otc
92,2026-05-28 08:30:00,0.79938,0.79967,0.79993,0.79902,395,1779957299.309,USDCHF_otc
92,2026-05-28 08:35:00,0.79967,0.79996,0.80007,0.79943,406,1779957599.761,USDCHF_otc
92,2026-05-28 08:40:00,0.79995,0.80012,0.80028,0.7998,405,1779957899.206,USDCHF_otc
92,2026-05-28 08:45:00,0.80014,0.80017,0.80091,0.80007,396,1779958199.666,USDCHF_otc
92,2026-05-28 08:50:00,0.80017,0.80056,0.80056,0.79995,406,1779958499.506,USDCHF_otc
92,2026-05-28 08:55:00,0.80057,0.80012,0.80064,0.8001,380,1779958799.895,USDCHF_otc
92,2026-05-28 09:00:00,0.80011,0.79997,0.8004,0.79992,406,1779959099.362,USDCHF_otc
92,2026-05-28 09:05:00,0.79997,0.80109,0.80109,0.79977,410,1779959399.851,USDCHF_otc
92,2026-05-28 09:10:00,0.80109,0.80007,0.80122,0.79993,418,1779959699.206,USDCHF_otc
92,2026-05-28 09:15:00,0.80007,0.80015,0.80038,0.79982,402,1779959999.102,USDCHF_otc
92,2026-05-28 09:20:00,0.80014,0.79977,0.80014,0.79941,389,1779960299.596,USDCHF_otc
92,2026-05-28 09:25:00,0.79977,0.79987,0.79996,0.79948,402,1779960599.065,USDCHF_otc
92,2026-05-28 09:30:00,0.79987,0.79999,0.80015,0.79974,406,1779960899.978,USDCHF_otc
92,2026-05-28 09:35:00,0.79999,0.79989,0.80021,0.79957,392,1779961199.365,USDCHF_otc
92,2026-05-28 09:40:00,0.79989,0.7996,0.79995,0.79957,383,1779961498.878,USDCHF_otc
92,2026-05-28 09:45:00,0.79959,0.80014,0.8003,0.79952,412,1779961799.769,USDCHF_otc
92,2026-05-28 09:50:00,0.80014,0.80074,0.80078,0.80009,410,1779962097.747,USDCHF_otc
92,2026-05-28 09:55:00,0.80075,0.80079,0.80093,0.80038,400,1779962399.194,USDCHF_otc
92,2026-05-28 10:00:00,0.80079,0.80084,0.80107,0.80065,398,1779962699.622,USDCHF_otc
92,2026-05-28 10:05:00,0.80084,0.8004,0.80091,0.80009,422,1779962999.065,USDCHF_otc
92,2026-05-28 10:10:00,0.80044,0.80103,0.80121,0.80037,413,1779963299.016,USDCHF_otc
92,2026-05-28 10:15:00,0.80101,0.80098,0.80136,0.80079,403,1779963599.875,USDCHF_otc
92,2026-05-28 10:20:00,0.80097,0.80115,0.80146,0.80073,388,1779963897.34,USDCHF_otc
92,2026-05-28 10:25:00,0.80115,0.8007,0.80117,0.80056,388,1779964199.744,USDCHF_otc
92,2026-05-28 10:30:00,0.8007,0.80058,0.80081,0.80041,378,1779964498.753,USDCHF_otc
92,2026-05-28 10:35:00,0.80058,0.80014,0.80082,0.79996,404,1779964799.586,USDCHF_otc
92,2026-05-28 10:40:00,0.80013,0.79966,0.80036,0.79962,398,1779965099.566,USDCHF_otc
92,2026-05-28 10:45:00,0.79968,0.79848,0.7998,0.79848,392,1779965399.493,USDCHF_otc
92,2026-05-28 10:50:00,0.79848,0.79863,0.79905,0.79845,419,1779965699.986,USDCHF_otc
92,2026-05-28 10:55:00,0.79863,0.79949,0.79958,0.7986,407,1779965998.839,USDCHF_otc
92,2026-05-28 11:00:00,0.79949,0.79983,0.79985,0.79929,404,1779966299.801,USDCHF_otc
92,2026-05-28 11:05:00,0.79983,0.80011,0.80032,0.79968,393,1779966599.234,USDCHF_otc
92,2026-05-28 11:10:00,0.80012,0.80069,0.80072,0.80012,419,1779966899.123,USDCHF_otc
92,2026-05-28 11:15:00,0.80071,0.80012,0.80094,0.79988,403,1779967199.581,USDCHF_otc
92,2026-05-28 11:20:00,0.80012,0.7998,0.80032,0.79953,398,1779967499.964,USDCHF_otc
92,2026-05-28 11:25:00,0.7998,0.80034,0.80034,0.79966,400,1779967799.939,USDCHF_otc
92,2026-05-28 11:30:00,0.80035,0.80043,0.80052,0.7999,388,1779968099.774,USDCHF_otc
92,2026-05-28 11:35:00,0.80042,0.80023,0.80055,0.79999,423,1779968399.674,USDCHF_otc
92,2026-05-28 11:40:00,0.80023,0.80009,0.80038,0.79983,407,1779968698.649,USDCHF_otc
92,2026-05-28 11:45:00,0.80009,0.79955,0.8001,0.79937,412,1779968999.548,USDCHF_otc
92,2026-05-28 11:50:00,0.79955,0.79838,0.79957,0.79834,403,1779969299.548,USDCHF_otc
92,2026-05-28 11:55:00,0.79838,0.79902,0.79934,0.79836,411,1779969599.407,USDCHF_otc
92,2026-05-28 12:00:00,0.79902,0.79877,0.79916,0.79853,415,1779969899.911,USDCHF_otc
92,2026-05-28 12:05:00,0.7988,0.79828,0.79903,0.79823,394,1779970199.771,USDCHF_otc
92,2026-05-28 12:10:00,0.79828,0.79885,0.79888,0.79794,388,1779970499.8,USDCHF_otc
92,2026-05-28 12:15:00,0.79885,0.79979,0.79983,0.79874,427,1779970799.218,USDCHF_otc
92,2026-05-28 12:20:00,0.79977,0.79978,0.80011,0.79963,413,1779971099.193,USDCHF_otc
92,2026-05-28 12:25:00,0.79977,0.79906,0.79989,0.79895,390,1779971399.583,USDCHF_otc
92,2026-05-28 12:30:00,0.79904,0.79932,0.7995,0.79881,393,1779971699.053,USDCHF_otc
92,2026-05-28 12:35:00,0.79941,0.79931,0.79948,0.79893,387,1779971999.876,USDCHF_otc
92,2026-05-28 12:40:00,0.79929,0.79917,0.79938,0.79882,404,1779972299.814,USDCHF_otc
92,2026-05-28 12:45:00,0.7992,0.79886,0.79943,0.79879,406,1779972599.784,USDCHF_otc
92,2026-05-28 12:50:00,0.79886,0.79815,0.79887,0.79801,409,1779972898.749,USDCHF_otc
92,2026-05-28 12:55:00,0.79816,0.79726,0.79816,0.79721,390,1779973198.667,USDCHF_otc
92,2026-05-28 13:00:00,0.79727,0.7969,0.79745,0.79674,414,1779973498.592,USDCHF_otc
92,2026-05-28 13:05:00,0.79687,0.79656,0.79714,0.79652,390,1779973799.056,USDCHF_otc
92,2026-05-28 13:10:00,0.79656,0.79585,0.79666,0.79585,394,1779974098.987,USDCHF_otc
92,2026-05-28 13:15:00,0.79585,0.79603,0.79611,0.79563,401,1779974399.958,USDCHF_otc
92,2026-05-28 13:20:00,0.79603,0.79555,0.79616,0.79555,392,1779974699.875,USDCHF_otc
92,2026-05-28 13:25:00,0.79555,0.79519,0.79567,0.79498,422,1779974999.32,USDCHF_otc
92,2026-05-28 13:30:00,0.79519,0.79525,0.79566,0.79504,386,1779975299.74,USDCHF_otc
92,2026-05-28 13:35:00,0.79526,0.79491,0.79547,0.7947,397,1779975599.673,USDCHF_otc
92,2026-05-28 13:40:00,0.79491,0.79399,0.79493,0.79388,408,1779975899.612,USDCHF_otc
92,2026-05-28 13:45:00,0.79399,0.79357,0.79422,0.79342,414,1779976199.606,USDCHF_otc
92,2026-05-28 13:50:00,0.79356,0.79398,0.79411,0.79355,387,1779976499.564,USDCHF_otc
92,2026-05-28 13:55:00,0.794,0.79338,0.7943,0.79327,395,1779976799.497,USDCHF_otc
92,2026-05-28 14:00:00,0.79341,0.79348,0.79388,0.79324,421,1779977099.989,USDCHF_otc
92,2026-05-28 14:05:00,0.79348,0.79334,0.79356,0.7931,390,1779977399.861,USDCHF_otc
92,2026-05-28 14:10:00,0.79332,0.79359,0.79371,0.79332,404,1779977699.399,USDCHF_otc
92,2026-05-28 14:15:00,0.79361,0.79376,0.79395,0.7935,411,1779977999.807,USDCHF_otc
92,2026-05-28 14:20:00,0.79376,0.79393,0.79399,0.79361,398,1779978299.33,USDCHF_otc
92,2026-05-28 14:25:00,0.79393,0.79356,0.79402,0.79321,383,1779978599.246,USDCHF_otc
92,2026-05-28 14:30:00,0.79356,0.79326,0.79403,0.79322,396,1779978899.773,USDCHF_otc
92,2026-05-28 14:35:00,0.79325,0.79309,0.79341,0.79281,388,1779979199.584,USDCHF_otc
92,2026-05-28 14:40:00,0.79311,0.79355,0.79365,0.793,405,1779979499.638,USDCHF_otc
92,2026-05-28 14:45:00,0.79355,0.79431,0.79437,0.79296,394,1779979799.042,USDCHF_otc
92,2026-05-28 14:50:00,0.7943,0.79486,0.79489,0.79425,389,1779980099.527,USDCHF_otc
92,2026-05-28 14:55:00,0.79489,0.79461,0.79513,0.79443,392,1779980399.918,USDCHF_otc
92,2026-05-28 15:00:00,0.79461,0.79401,0.79463,0.79397,414,1779980699.925,USDCHF_otc
92,2026-05-28 15:05:00,0.79401,0.79375,0.79408,0.79354,402,1779980999.737,USDCHF_otc
92,2026-05-28 15:10:00,0.79375,0.79391,0.79407,0.79367,393,1779981299.673,USDCHF_otc
92,2026-05-28 15:15:00,0.79391,0.79417,0.7942,0.79362,406,1779981599.609,USDCHF_otc
92,2026-05-28 15:20:00,0.79417,0.79378,0.79435,0.79348,408,1779981899.558,USDCHF_otc
92,2026-05-28 15:25:00,0.79379,0.79338,0.79383,0.79338,413,1779982199.514,USDCHF_otc
92,2026-05-28 15:30:00,0.79336,0.79278,0.7934,0.7927,395,1779982499.39,USDCHF_otc
92,2026-05-28 15:35:00,0.79278,0.79313,0.79319,0.79251,386,1779982797.899,USDCHF_otc
92,2026-05-28 15:40:00,0.79313,0.79344,0.79376,0.79309,388,1779983099.789,USDCHF_otc
92,2026-05-28 15:45:00,0.79344,0.79335,0.79375,0.7933,383,1779983399.345,USDCHF_otc
92,2026-05-28 15:50:00,0.79335,0.79459,0.7946,0.79335,418,1779983699.717,USDCHF_otc
92,2026-05-28 15:55:00,0.79459,0.79541,0.79551,0.79458,404,1779983999.729,USDCHF_otc
92,2026-05-28 16:00:00,0.79541,0.79516,0.79545,0.79504,409,1779984299.615,USDCHF_otc
92,2026-05-28 16:05:00,0.79516,0.79544,0.79577,0.79507,384,1779984598.64,USDCHF_otc
92,2026-05-28 16:10:00,0.79544,0.79496,0.79555,0.79487,400,1779984899.042,USDCHF_otc
92,2026-05-28 16:15:00,0.79497,0.79487,0.79514,0.7946,418,1779985198.556,USDCHF_otc
92,2026-05-28 16:20:00,0.79491,0.79538,0.7954,0.79477,407,1779985499.967,USDCHF_otc
92,2026-05-28 16:25:00,0.7954,0.7952,0.79574,0.7952,407,1779985799.49,USDCHF_otc
92,2026-05-28 16:30:00,0.7952,0.79459,0.79522,0.79458,426,1779986099.828,USDCHF_otc
92,2026-05-28 16:35:00,0.79459,0.79436,0.79524,0.79428,422,1779986399.292,USDCHF_otc
92,2026-05-28 16:40:00,0.79435,0.79403,0.79455,0.79378,392,1779986699.733,USDCHF_otc
92,2026-05-28 16:45:00,0.79403,0.79353,0.79408,0.79337,386,1779986999.249,USDCHF_otc
92,2026-05-28 16:50:00,0.79355,0.79396,0.79397,0.79344,399,1779987299.191,USDCHF_otc
92,2026-05-28 16:55:00,0.79391,0.79389,0.79414,0.79358,422,1779987599.7,USDCHF_otc
92,2026-05-28 17:00:00,0.7939,0.79392,0.79406,0.79356,388,1779987899.58,USDCHF_otc
92,2026-05-28 17:05:00,0.79392,0.79432,0.79435,0.79355,402,1779988199.56,USDCHF_otc
92,2026-05-28 17:10:00,0.79431,0.79431,0.79469,0.79416,403,1779988499.454,USDCHF_otc
92,2026-05-28 17:15:00,0.7943,0.7948,0.79487,0.79407,406,1779988799.932,USDCHF_otc
92,2026-05-28 17:20:00,0.7948,0.79476,0.79509,0.79459,404,1779989099.847,USDCHF_otc
92,2026-05-28 17:25:00,0.79476,0.79436,0.79477,0.79426,402,1779989399.817,USDCHF_otc
92,2026-05-28 17:30:00,0.79436,0.79431,0.79472,0.79422,390,1779989699.727,USDCHF_otc
92,2026-05-28 17:35:00,0.79432,0.794,0.79467,0.79347,410,1779989998.644,USDCHF_otc
92,2026-05-28 17:40:00,0.79401,0.7946,0.79471,0.79399,399,1779990299.613,USDCHF_otc
92,2026-05-28 17:45:00,0.79459,0.79416,0.79474,0.79411,395,1779990599.072,USDCHF_otc
92,2026-05-28 17:50:00,0.79413,0.79429,0.79439,0.79393,406,1779990898.513,USDCHF_otc
92,2026-05-28 17:55:00,0.79429,0.79496,0.79501,0.79417,426,1779991199.875,USDCHF_otc
92,2026-05-28 18:00:00,0.79496,0.79426,0.79498,0.79424,391,1779991499.884,USDCHF_otc
92,2026-05-28 18:05:00,0.79426,0.79442,0.79443,0.79381,416,1779991799.794,USDCHF_otc
92,2026-05-28 18:10:00,0.79442,0.794,0.79455,0.79383,414,1779992099.796,USDCHF_otc
92,2026-05-28 18:15:00,0.794,0.79384,0.79431,0.79375,402,1779992398.727,USDCHF_otc
92,2026-05-28 18:20:00,0.79376,0.79381,0.79399,0.79368,400,1779992699.743,USDCHF_otc
92,2026-05-28 18:25:00,0.79382,0.79397,0.79413,0.79364,398,1779992999.655,USDCHF_otc
92,2026-05-28 18:30:00,0.79398,0.79401,0.79411,0.79372,399,1779993299.651,USDCHF_otc
92,2026-05-28 18:35:00,0.79401,0.79381,0.79407,0.79345,405,1779993599.025,USDCHF_otc
92,2026-05-28 18:40:00,0.79381,0.79365,0.79418,0.79355,403,1779993899.512,USDCHF_otc
92,2026-05-28 18:45:00,0.79367,0.79453,0.79473,0.79365,402,1779994199.955,USDCHF_otc
92,2026-05-28 18:50:00,0.79452,0.79488,0.79509,0.79449,402,1779994499.896,USDCHF_otc
92,2026-05-28 18:55:00,0.79488,0.79495,0.79538,0.79485,385,1779994799.787,USDCHF_otc
92,2026-05-28 19:00:00,0.79487,0.79453,0.79503,0.79447,379,1779995099.784,USDCHF_otc
92,2026-05-28 19:05:00,0.79453,0.79507,0.79517,0.79438,394,1779995399.67,USDCHF_otc
92,2026-05-28 19:10:00,0.79507,0.7952,0.79536,0.795,402,1779995699.149,USDCHF_otc
92,2026-05-28 19:15:00,0.79516,0.79588,0.79591,0.79502,400,1779995999.541,USDCHF_otc
92,2026-05-28 19:20:00,0.79591,0.79631,0.79632,0.79556,401,1779996299.997,USDCHF_otc
92,2026-05-28 19:25:00,0.79631,0.79597,0.79657,0.79577,414,1779996599.882,USDCHF_otc
92,2026-05-28 19:30:00,0.79597,0.79619,0.79621,0.79563,399,1779996899.768,USDCHF_otc
92,2026-05-28 19:35:00,0.79619,0.79678,0.79688,0.79619,385,1779997199.769,USDCHF_otc
92,2026-05-28 19:40:00,0.79678,0.79654,0.79682,0.79614,403,1779997499.71,USDCHF_otc
92,2026-05-28 19:45:00,0.79654,0.79688,0.79713,0.79644,404,1779997798.641,USDCHF_otc
92,2026-05-28 19:50:00,0.79685,0.7968,0.79711,0.79652,407,1779998099.133,USDCHF_otc
92,2026-05-28 19:55:00,0.79683,0.7983,0.79837,0.79683,418,1779998399.576,USDCHF_otc
92,2026-05-28 20:00:00,0.7983,0.79836,0.79872,0.79801,403,1779998699.019,USDCHF_otc
92,2026-05-28 20:05:00,0.79836,0.79802,0.79848,0.79789,420,1779998999.983,USDCHF_otc
92,2026-05-28 20:10:00,0.79802,0.79796,0.79842,0.7978,404,1779999299.966,USDCHF_otc
92,2026-05-28 20:15:00,0.79796,0.79739,0.79807,0.79739,384,1779999598.838,USDCHF_otc
92,2026-05-28 20:20:00,0.79741,0.79804,0.79806,0.79741,393,1779999899.821,USDCHF_otc
92,2026-05-28 20:25:00,0.79804,0.79861,0.79877,0.79788,405,1780000199.694,USDCHF_otc
92,2026-05-28 20:30:00,0.79858,0.79907,0.79947,0.79855,389,1780000499.654,USDCHF_otc
92,2026-05-28 20:35:00,0.79907,0.79884,0.79908,0.79862,413,1780000799.095,USDCHF_otc
92,2026-05-28 20:40:00,0.79884,0.79879,0.79896,0.7986,402,1780001099.547,USDCHF_otc
92,2026-05-28 20:45:00,0.79884,0.79776,0.79891,0.79762,406,1780001399.974,USDCHF_otc
92,2026-05-28 20:50:00,0.79776,0.79776,0.79787,0.79752,392,1780001698.859,USDCHF_otc
92,2026-05-28 20:55:00,0.79776,0.79684,0.79776,0.79673,392,1780001999.799,USDCHF_otc
92,2026-05-28 21:00:00,0.79684,0.79754,0.79774,0.79672,401,1780002299.681,USDCHF_otc
92,2026-05-28 21:05:00,0.79754,0.79784,0.79814,0.7975,408,1780002599.679,USDCHF_otc
92,2026-05-28 21:10:00,0.79784,0.79728,0.79805,0.79722,393,1780002898.513,USDCHF_otc
92,2026-05-28 21:15:00,0.79727,0.79663,0.79737,0.79661,377,1780003199.918,USDCHF_otc
92,2026-05-28 21:20:00,0.79663,0.79634,0.7967,0.79618,407,1780003499.829,USDCHF_otc
92,2026-05-28 21:25:00,0.79634,0.79611,0.79663,0.79606,404,1780003799.721,USDCHF_otc
92,2026-05-28 21:30:00,0.79611,0.79665,0.79681,0.79611,413,1780004099.714,USDCHF_otc
92,2026-05-28 21:35:00,0.79666,0.79618,0.79684,0.79605,394,1780004399.545,USDCHF_otc
92,2026-05-28 21:40:00,0.79618,0.79657,0.79659,0.79572,398,1780004699.498,USDCHF_otc
92,2026-05-28 21:45:00,0.79657,0.79605,0.79666,0.79601,413,1780004999.923,USDCHF_otc
92,2026-05-28 21:50:00,0.79604,0.79591,0.79604,0.79564,395,1780005299.879,USDCHF_otc
92,2026-05-28 21:55:00,0.79591,0.79574,0.79595,0.79541,407,1780005599.759,USDCHF_otc
92,2026-05-28 22:00:00,0.79577,0.79581,0.79601,0.79543,402,1780005899.723,USDCHF_otc
92,2026-05-28 22:05:00,0.79582,0.79587,0.79595,0.79558,402,1780006198.668,USDCHF_otc
92,2026-05-28 22:10:00,0.79592,0.79608,0.79616,0.79555,402,1780006499.1,USDCHF_otc
92,2026-05-28 22:15:00,0.79608,0.7954,0.79636,0.79523,391,1780006799.068,USDCHF_otc
92,2026-05-28 22:20:00,0.79538,0.79563,0.79595,0.79526,407,1780007099.981,USDCHF_otc
92,2026-05-28 22:25:00,0.79563,0.79511,0.79585,0.79499,401,1780007399.897,USDCHF_otc
92,2026-05-28 22:30:00,0.79514,0.79427,0.79514,0.79425,392,1780007699.808,USDCHF_otc
92,2026-05-28 22:35:00,0.79427,0.79388,0.79437,0.79365,410,1780007999.776,USDCHF_otc
92,2026-05-28 22:40:00,0.79387,0.79425,0.79463,0.79365,396,1780008299.684,USDCHF_otc
92,2026-05-28 22:45:00,0.79428,0.79444,0.79448,0.79392,401,1780008599.656,USDCHF_otc
92,2026-05-28 22:50:00,0.79444,0.79371,0.79472,0.79365,405,1780008899.593,USDCHF_otc
92,2026-05-28 22:55:00,0.79371,0.79333,0.79394,0.79324,414,1780009199.992,USDCHF_otc
92,2026-05-28 23:00:00,0.79333,0.7942,0.7942,0.79322,388,1780009499.348,USDCHF_otc
92,2026-05-28 23:05:00,0.79419,0.79441,0.79474,0.79395,416,1780009799.836,USDCHF_otc
92,2026-05-28 23:10:00,0.79441,0.79378,0.79453,0.79378,387,1780010098.179,USDCHF_otc
92,2026-05-28 23:15:00,0.79378,0.79331,0.79389,0.7931,393,1780010399.167,USDCHF_otc
92,2026-05-28 23:20:00,0.79331,0.79373,0.79394,0.79322,397,1780010699.533,USDCHF_otc
92,2026-05-28 23:25:00,0.79373,0.79289,0.7938,0.79287,421,1780010999.973,USDCHF_otc
92,2026-05-28 23:30:00,0.79289,0.79336,0.79365,0.79271,414,1780011299.905,USDCHF_otc
92,2026-05-28 23:35:00,0.79342,0.79355,0.79377,0.79316,424,1780011599.852,USDCHF_otc
92,2026-05-28 23:40:00,0.79355,0.7938,0.79385,0.79316,403,1780011899.756,USDCHF_otc
92,2026-05-28 23:45:00,0.7938,0.79395,0.79427,0.79368,406,1780012198.232,USDCHF_otc
92,2026-05-28 23:50:00,0.79395,0.79353,0.79398,0.79325,415,1780012499.134,USDCHF_otc
92,2026-05-28 23:55:00,0.79353,0.79335,0.79358,0.79312,387,1780012798.032,USDCHF_otc
92,2026-05-29 00:00:00,0.79337,0.79344,0.79373,0.79322,394,1780013099.504,USDCHF_otc
92,2026-05-29 00:05:00,0.79343,0.7934,0.7937,0.79294,412,1780013399.875,USDCHF_otc
92,2026-05-29 00:10:00,0.7934,0.79419,0.79429,0.79337,415,1780013699.859,USDCHF_otc
92,2026-05-29 00:15:00,0.79419,0.7936,0.79433,0.7935,415,1780013999.775,USDCHF_otc
92,2026-05-29 00:20:00,0.79359,0.79313,0.7938,0.79308,400,1780014299.738,USDCHF_otc
92,2026-05-29 00:25:00,0.79313,0.7927,0.79323,0.79259,394,1780014598.071,USDCHF_otc
92,2026-05-29 00:30:00,0.79269,0.79286,0.79292,0.7925,391,1780014899.528,USDCHF_otc
92,2026-05-29 00:35:00,0.79288,0.79335,0.79335,0.79249,411,1780015199.919,USDCHF_otc
92,2026-05-29 00:40:00,0.79335,0.79301,0.7938,0.79301,412,1780015499.888,USDCHF_otc
92,2026-05-29 00:45:00,0.79301,0.79215,0.79313,0.79206,395,1780015799.26,USDCHF_otc
92,2026-05-29 00:50:00,0.79215,0.79257,0.79281,0.79179,409,1780016099.724,USDCHF_otc
92,2026-05-29 00:55:00,0.79258,0.79263,0.79268,0.79233,379,1780016399.613,USDCHF_otc
92,2026-05-29 01:00:00,0.79263,0.79247,0.79309,0.79241,402,1780016699.533,USDCHF_otc
92,2026-05-29 01:05:00,0.79247,0.79251,0.79301,0.79242,395,1780016999.972,USDCHF_otc
92,2026-05-29 01:10:00,0.7925,0.79247,0.79251,0.792,392,1780017299.337,USDCHF_otc
92,2026-05-29 01:15:00,0.79239,0.79145,0.79251,0.7914,403,1780017599.788,USDCHF_otc
92,2026-05-29 01:20:00,0.79145,0.79229,0.79229,0.79125,403,1780017898.672,USDCHF_otc
92,2026-05-29 01:25:00,0.79229,0.79287,0.79319,0.79226,410,1780018199.68,USDCHF_otc
92,2026-05-29 01:30:00,0.79287,0.79246,0.79334,0.7924,408,1780018499.532,USDCHF_otc
92,2026-05-29 01:35:00,0.79246,0.7921,0.7925,0.79202,422,1780018798.969,USDCHF_otc
92,2026-05-29 01:40:00,0.7921,0.79209,0.79224,0.79165,390,1780019098.901,USDCHF_otc
92,2026-05-29 01:45:00,0.79209,0.79196,0.79234,0.79176,388,1780019399.315,USDCHF_otc
92,2026-05-29 01:50:00,0.79195,0.79239,0.7924,0.79185,421,1780019697.724,USDCHF_otc
92,2026-05-29 01:55:00,0.79239,0.79283,0.79296,0.79231,396,1780019999.679,USDCHF_otc
92,2026-05-29 02:00:00,0.79286,0.79327,0.79328,0.79254,414,1780020299.029,USDCHF_otc
92,2026-05-29 02:05:00,0.7933,0.79342,0.79363,0.79318,421,1780020599.956,USDCHF_otc
92,2026-05-29 02:10:00,0.79342,0.7944,0.79441,0.79338,392,1780020899.947,USDCHF_otc
92,2026-05-29 02:15:00,0.7944,0.79391,0.79462,0.79388,394,1780021199.891,USDCHF_otc
92,2026-05-29 02:20:00,0.79391,0.79385,0.79412,0.79354,409,1780021499.79,USDCHF_otc
92,2026-05-29 02:25:00,0.7938,0.79356,0.79409,0.79345,383,1780021799.743,USDCHF_otc
92,2026-05-29 02:30:00,0.79356,0.79307,0.79356,0.7929,407,1780022099.631,USDCHF_otc
92,2026-05-29 02:35:00,0.79307,0.79275,0.79332,0.79262,403,1780022399.509,USDCHF_otc
92,2026-05-29 02:40:00,0.79275,0.79266,0.793,0.79239,397,1780022698.481,USDCHF_otc
92,2026-05-29 02:45:00,0.79268,0.79215,0.79278,0.79204,406,1780022999.82,USDCHF_otc
92,2026-05-29 02:50:00,0.79215,0.79203,0.79227,0.79172,399,1780023299.76,USDCHF_otc
92,2026-05-29 02:55:00,0.79202,0.7924,0.79265,0.792,376,1780023599.65,USDCHF_otc
92,2026-05-29 03:00:00,0.7924,0.79309,0.79311,0.79226,399,1780023899.087,USDCHF_otc
92,2026-05-29 03:05:00,0.79307,0.79277,0.79338,0.79274,371,1780024199.547,USDCHF_otc
92,2026-05-29 03:10:00,0.79277,0.79285,0.79298,0.79254,400,1780024498.942,USDCHF_otc
92,2026-05-29 03:15:00,0.79285,0.79292,0.79312,0.79237,388,1780024799.953,USDCHF_otc
92,2026-05-29 03:20:00,0.7929,0.79297,0.79311,0.79239,393,1780025099.914,USDCHF_otc
92,2026-05-29 03:25:00,0.79299,0.79288,0.79327,0.79279,408,1780025399.844,USDCHF_otc
92,2026-05-29 03:30:00,0.79288,0.79309,0.79322,0.79278,388,1780025699.294,USDCHF_otc
92,2026-05-29 03:35:00,0.79309,0.79238,0.79315,0.79238,419,1780025999.709,USDCHF_otc
92,2026-05-29 03:40:00,0.7924,0.79172,0.79254,0.79172,397,1780026298.57,USDCHF_otc
92,2026-05-29 03:45:00,0.79173,0.79161,0.79198,0.79122,400,1780026599.037,USDCHF_otc
92,2026-05-29 03:50:00,0.79161,0.79068,0.79165,0.79054,413,1780026899.958,USDCHF_otc
92,2026-05-29 03:55:00,0.79068,0.79055,0.79106,0.79025,394,1780027199.92,USDCHF_otc
92,2026-05-29 04:00:00,0.79054,0.79003,0.79055,0.78981,412,1780027499.819,USDCHF_otc
92,2026-05-29 04:05:00,0.79003,0.79071,0.79085,0.78993,400,1780027799.748,USDCHF_otc
92,2026-05-29 04:10:00,0.79071,0.79099,0.79155,0.7907,394,1780028099.199,USDCHF_otc
92,2026-05-29 04:15:00,0.79097,0.79071,0.79126,0.79069,379,1780028399.648,USDCHF_otc
92,2026-05-29 04:20:00,0.79073,0.79065,0.79076,0.79006,395,1780028699.516,USDCHF_otc
92,2026-05-29 04:25:00,0.79065,0.7908,0.79123,0.79058,410,1780028999.445,USDCHF_otc
92,2026-05-29 04:30:00,0.7908,0.7909,0.7912,0.79062,401,1780029299.9,USDCHF_otc
92,2026-05-29 04:35:00,0.7909,0.79037,0.7909,0.79022,380,1780029599.779,USDCHF_otc
92,2026-05-29 04:40:00,0.79037,0.78987,0.79041,0.78979,391,1780029898.72,USDCHF_otc
92,2026-05-29 04:45:00,0.78988,0.7893,0.79007,0.78924,375,1780030199.619,USDCHF_otc
92,2026-05-29 04:50:00,0.78931,0.78914,0.78979,0.78908,394,1780030499.643,USDCHF_otc
92,2026-05-29 04:55:00,0.78916,0.7886,0.78929,0.78847,395,1780030799.525,USDCHF_otc
92,2026-05-29 05:00:00,0.78859,0.78931,0.78936,0.78843,419,1780031099.505,USDCHF_otc
92,2026-05-29 05:05:00,0.78931,0.79005,0.79009,0.78917,418,1780031399.883,USDCHF_otc
92,2026-05-29 05:10:00,0.79005,0.79017,0.79048,0.78986,403,1780031699.866,USDCHF_otc
92,2026-05-29 05:15:00,0.79017,0.79004,0.79055,0.78986,383,1780031999.765,USDCHF_otc
92,2026-05-29 05:20:00,0.79005,0.78943,0.79017,0.78926,411,1780032298.281,USDCHF_otc
92,2026-05-29 05:25:00,0.78943,0.78942,0.78965,0.78908,405,1780032599.724,USDCHF_otc
92,2026-05-29 05:30:00,0.78941,0.78904,0.78944,0.78888,384,1780032899.707,USDCHF_otc
92,2026-05-29 05:35:00,0.78904,0.78919,0.78934,0.78884,429,1780033199.606,USDCHF_otc
92,2026-05-29 05:40:00,0.78918,0.79026,0.79053,0.78917,393,1780033499.565,USDCHF_otc
92,2026-05-29 05:45:00,0.79023,0.78963,0.79023,0.78943,403,1780033799.992,USDCHF_otc
92,2026-05-29 05:50:00,0.78963,0.78953,0.7897,0.78926,390,1780034099.966,USDCHF_otc
92,2026-05-29 05:55:00,0.78952,0.78988,0.78991,0.78951,401,1780034399.924,USDCHF_otc
92,2026-05-29 06:00:00,0.78988,0.78993,0.79024,0.78958,388,1780034699.91,USDCHF_otc
92,2026-05-29 06:05:00,0.78993,0.78987,0.79027,0.78975,401,1780034999.343,USDCHF_otc
92,2026-05-29 06:10:00,0.78986,0.78942,0.78988,0.78928,381,1780035299.745,USDCHF_otc
92,2026-05-29 06:15:00,0.78942,0.78899,0.78957,0.78876,403,1780035599.661,USDCHF_otc
92,2026-05-29 06:20:00,0.78899,0.78891,0.78925,0.78864,406,1780035899.611,USDCHF_otc
92,2026-05-29 06:25:00,0.78891,0.78825,0.78898,0.7882,388,1780036199.548,USDCHF_otc
92,2026-05-29 06:30:00,0.78823,0.78855,0.78858,0.78815,401,1780036499.531,USDCHF_otc
92,2026-05-29 06:35:00,0.78857,0.78807,0.78884,0.78807,415,1780036799.912,USDCHF_otc
92,2026-05-29 06:40:00,0.78807,0.78858,0.78874,0.788,378,1780037099.892,USDCHF_otc
92,2026-05-29 06:45:00,0.78858,0.7885,0.78895,0.78847,404,1780037399.804,USDCHF_otc
92,2026-05-29 06:50:00,0.7885,0.78792,0.78867,0.7879,381,1780037698.804,USDCHF_otc
92,2026-05-29 06:55:00,0.78792,0.78767,0.78824,0.78753,397,1780037999.71,USDCHF_otc
92,2026-05-29 07:00:00,0.78767,0.78766,0.78787,0.78731,404,1780038299.723,USDCHF_otc
92,2026-05-29 07:05:00,0.78768,0.78745,0.78784,0.7874,389,1780038599.584,USDCHF_otc
92,2026-05-29 07:10:00,0.78744,0.78676,0.78744,0.78658,393,1780038899.552,USDCHF_otc
92,2026-05-29 07:15:00,0.78676,0.78709,0.78717,0.78664,379,1780039199.97,USDCHF_otc
92,2026-05-29 07:20:00,0.78709,0.78771,0.78771,0.7869,413,1780039499.949,USDCHF_otc
92,2026-05-29 07:25:00,0.78771,0.7877,0.78792,0.78729,393,1780039799.845,USDCHF_otc
92,2026-05-29 07:30:00,0.7877,0.78814,0.78824,0.78767,391,1780040099.829,USDCHF_otc
92,2026-05-29 07:35:00,0.78814,0.78804,0.7883,0.78771,389,1780040398.665,USDCHF_otc
92,2026-05-29 07:40:00,0.78805,0.78757,0.78805,0.78743,407,1780040699.566,USDCHF_otc
92,2026-05-29 07:45:00,0.78757,0.78685,0.78766,0.78674,396,1780040999.521,USDCHF_otc
92,2026-05-29 07:50:00,0.78684,0.78675,0.78703,0.78664,401,1780041299.939,USDCHF_otc
92,2026-05-29 07:55:00,0.78675,0.7862,0.78689,0.78606,386,1780041599.903,USDCHF_otc
92,2026-05-29 08:00:00,0.78621,0.78651,0.78705,0.78621,421,1780041899.275,USDCHF_otc
92,2026-05-29 08:05:00,0.78651,0.78587,0.78656,0.78572,395,1780042199.781,USDCHF_otc
92,2026-05-29 08:10:00,0.78587,0.78674,0.78674,0.78573,367,1780042499.131,USDCHF_otc
92,2026-05-29 08:15:00,0.78672,0.78691,0.78692,0.78646,400,1780042799.127,USDCHF_otc
92,2026-05-29 08:20:00,0.78691,0.78635,0.78697,0.78621,403,1780043099.516,USDCHF_otc
92,2026-05-29 08:25:00,0.78635,0.7863,0.78646,0.78596,377,1780043399.551,USDCHF_otc
92,2026-05-29 08:30:00,0.78632,0.78638,0.78652,0.78605,413,1780043699.927,USDCHF_otc
92,2026-05-29 08:35:00,0.78638,0.7863,0.78689,0.78629,395,1780043999.889,USDCHF_otc
92,2026-05-29 08:40:00,0.78622,0.7863,0.78632,0.7862,34,1780044022.903,USDCHF_otc
92,2026-05-29 08:45:00,0.7863,0.7863,0.7863,0.7863,0,1780044300.0,USDCHF_otc
92,2026-05-29 08:50:00,0.7863,0.7863,0.7863,0.7863,0,1780044600.0,USDCHF_otc
92,2026-05-29 08:55:00,0.7863,0.7863,0.7863,0.7863,0,1780044900.0,USDCHF_otc
92,2026-05-29 09:00:00,0.7863,0.7863,0.7863,0.7863,0,1780045200.0,USDCHF_otc
92,2026-05-29 09:05:00,0.7863,0.7863,0.7863,0.7863,0,1780045500.0,USDCHF_otc
92,2026-05-29 09:10:00,0.7863,0.7863,0.7863,0.7863,0,1780045800.0,USDCHF_otc
92,2026-05-29 09:15:00,0.7863,0.7863,0.7863,0.7863,0,1780046100.0,USDCHF_otc
92,2026-05-29 09:20:00,0.7863,0.7863,0.7863,0.7863,0,1780046400.0,USDCHF_otc
92,2026-05-29 09:25:00,0.7863,0.7863,0.7863,0.7863,0,1780046700.0,USDCHF_otc
92,2026-05-29 09:30:00,0.7863,0.78354,0.7863,0.78344,175,1780047298.757,USDCHF_otc
92,2026-05-29 09:35:00,0.78354,0.78266,0.78354,0.78239,406,1780047599.584,USDCHF_otc
92,2026-05-29 09:40:00,0.78268,0.78334,0.78344,0.78254,415,1780047899.519,USDCHF_otc
92,2026-05-29 09:45:00,0.78334,0.78342,0.7836,0.78308,402,1780048199.965,USDCHF_otc
92,2026-05-29 09:50:00,0.78342,0.784,0.78402,0.78342,388,1780048499.966,USDCHF_otc
92,2026-05-29 09:55:00,0.78403,0.7831,0.78403,0.78309,416,1780048799.857,USDCHF_otc
92,2026-05-29 10:00:00,0.78311,0.78391,0.78393,0.783,410,1780049099.847,USDCHF_otc
92,2026-05-29 10:05:00,0.78391,0.78357,0.78392,0.78322,392,1780049399.305,USDCHF_otc
92,2026-05-29 10:10:00,0.78356,0.78338,0.78401,0.78338,408,1780049698.281,USDCHF_otc
92,2026-05-29 10:15:00,0.78339,0.78351,0.78383,0.78326,403,1780049999.698,USDCHF_otc
92,2026-05-29 10:20:00,0.78349,0.78324,0.78349,0.78297,378,1780050299.138,USDCHF_otc
92,2026-05-29 10:25:00,0.78322,0.78337,0.78395,0.78313,423,1780050599.993,USDCHF_otc
92,2026-05-29 10:30:00,0.78337,0.78297,0.78342,0.78284,401,1780050899.396,USDCHF_otc
92,2026-05-29 10:35:00,0.78297,0.78316,0.7834,0.78282,397,1780051199.894,USDCHF_otc
92,2026-05-29 10:40:00,0.78316,0.78268,0.78326,0.78246,408,1780051499.792,USDCHF_otc
92,2026-05-29 10:45:00,0.78269,0.78236,0.78275,0.78236,400,1780051799.317,USDCHF_otc
92,2026-05-29 10:50:00,0.78236,0.78264,0.78265,0.78204,391,1780052099.716,USDCHF_otc
92,2026-05-29 10:55:00,0.78265,0.78319,0.78341,0.78245,394,1780052399.67,USDCHF_otc
92,2026-05-29 11:00:00,0.78319,0.7838,0.78386,0.78289,407,1780052699.59,USDCHF_otc
92,2026-05-29 11:05:00,0.7838,0.78327,0.78391,0.78327,411,1780052999.614,USDCHF_otc
92,2026-05-29 11:10:00,0.78328,0.78327,0.78333,0.78282,412,1780053299.015,USDCHF_otc
92,2026-05-29 11:15:00,0.78326,0.78326,0.78362,0.78322,379,1780053599.529,USDCHF_otc
92,2026-05-29 11:20:00,0.78327,0.78381,0.78403,0.78314,377,1780053899.919,USDCHF_otc
92,2026-05-29 11:25:00,0.78381,0.78451,0.78466,0.78378,408,1780054199.405,USDCHF_otc
92,2026-05-29 11:30:00,0.78453,0.78521,0.78527,0.78445,415,1780054499.762,USDCHF_otc
92,2026-05-29 11:35:00,0.78521,0.78545,0.78556,0.78494,402,1780054799.797,USDCHF_otc
92,2026-05-29 11:40:00,0.78545,0.78545,0.78577,0.78504,392,1780055099.236,USDCHF_otc
92,2026-05-29 11:45:00,0.78545,0.78503,0.78595,0.78503,402,1780055399.73,USDCHF_otc
92,2026-05-29 11:50:00,0.78504,0.78477,0.78525,0.78477,399,1780055699.644,USDCHF_otc
92,2026-05-29 11:55:00,0.78477,0.78468,0.78504,0.78456,389,1780055999.625,USDCHF_otc
92,2026-05-29 12:00:00,0.78468,0.78426,0.78489,0.78426,414,1780056299.509,USDCHF_otc
92,2026-05-29 12:05:00,0.78426,0.78494,0.78515,0.78425,388,1780056599.971,USDCHF_otc
92,2026-05-29 12:10:00,0.78494,0.78522,0.78544,0.78488,387,1780056899.912,USDCHF_otc
92,2026-05-29 12:15:00,0.78522,0.78552,0.78597,0.78514,414,1780057199.908,USDCHF_otc
92,2026-05-29 12:20:00,0.78555,0.7851,0.78569,0.78494,380,1780057499.772,USDCHF_otc
92,2026-05-29 12:25:00,0.7851,0.78404,0.7851,0.78401,412,1780057798.749,USDCHF_otc
92,2026-05-29 12:30:00,0.78404,0.78407,0.78426,0.78361,417,1780058099.122,USDCHF_otc
92,2026-05-29 12:35:00,0.78409,0.78397,0.78445,0.78392,398,1780058399.55,USDCHF_otc
92,2026-05-29 12:40:00,0.78397,0.78381,0.7842,0.78375,396,1780058699.523,USDCHF_otc
92,2026-05-29 12:45:00,0.7838,0.78374,0.78401,0.78347,423,1780058999.968,USDCHF_otc
92,2026-05-29 12:50:00,0.78374,0.78333,0.78391,0.78325,401,1780059299.895,USDCHF_otc
92,2026-05-29 12:55:00,0.78333,0.78377,0.78389,0.7831,401,1780059599.718,USDCHF_otc
92,2026-05-29 13:00:00,0.78378,0.78371,0.78385,0.78323,398,1780059899.769,USDCHF_otc
92,2026-05-29 13:05:00,0.78371,0.78405,0.78445,0.78356,382,1780060199.152,USDCHF_otc
92,2026-05-29 13:10:00,0.78403,0.78391,0.78445,0.78366,392,1780060499.167,USDCHF_otc
92,2026-05-29 13:15:00,0.78389,0.78444,0.78451,0.78386,387,1780060799.052,USDCHF_otc
92,2026-05-29 13:20:00,0.78444,0.78468,0.78486,0.78415,414,1780061099.553,USDCHF_otc
92,2026-05-29 13:25:00,0.78468,0.78442,0.78472,0.78442,393,1780061399.933,USDCHF_otc
92,2026-05-29 13:30:00,0.78442,0.78443,0.78482,0.7843,392,1780061699.951,USDCHF_otc
92,2026-05-29 13:35:00,0.78443,0.78494,0.78501,0.78427,391,1780061999.8,USDCHF_otc
92,2026-05-29 13:40:00,0.78494,0.78478,0.78498,0.78441,405,1780062298.797,USDCHF_otc
92,2026-05-29 13:45:00,0.78479,0.78474,0.78487,0.78433,384,1780062599.704,USDCHF_otc
92,2026-05-29 13:50:00,0.78474,0.7851,0.78511,0.78451,404,1780062899.168,USDCHF_otc
92,2026-05-29 13:55:00,0.7851,0.78512,0.78568,0.78499,416,1780063199.587,USDCHF_otc
92,2026-05-29 14:00:00,0.78512,0.78535,0.78545,0.78487,413,1780063499.548,USDCHF_otc
92,2026-05-29 14:05:00,0.78536,0.78607,0.78608,0.78509,413,1780063799.472,USDCHF_otc
92,2026-05-29 14:10:00,0.78608,0.78677,0.78682,0.7859,390,1780064099.929,USDCHF_otc
92,2026-05-29 14:15:00,0.78677,0.78637,0.78682,0.78614,375,1780064399.37,USDCHF_otc
92,2026-05-29 14:20:00,0.78637,0.7862,0.78646,0.78589,419,1780064699.822,USDCHF_otc
92,2026-05-29 14:25:00,0.78612,0.78535,0.78636,0.7852,387,1780064999.781,USDCHF_otc
92,2026-05-29 14:30:00,0.78535,0.78537,0.78545,0.78501,385,1780065299.718,USDCHF_otc
92,2026-05-29 14:35:00,0.78537,0.78542,0.78596,0.78514,413,1780065599.667,USDCHF_otc
92,2026-05-29 14:40:00,0.78541,0.78567,0.78588,0.78522,391,1780065899.544,USDCHF_otc
92,2026-05-29 14:45:00,0.78569,0.78594,0.78609,0.78521,394,1780066199.545,USDCHF_otc
92,2026-05-29 14:50:00,0.78592,0.78659,0.7866,0.7859,378,1780066499.884,USDCHF_otc
92,2026-05-29 14:55:00,0.78659,0.78701,0.78736,0.78642,384,1780066799.819,USDCHF_otc
92,2026-05-29 15:00:00,0.787,0.78641,0.7873,0.78633,422,1780067099.765,USDCHF_otc
92,2026-05-29 15:05:00,0.78641,0.78619,0.78658,0.7859,393,1780067399.286,USDCHF_otc
92,2026-05-29 15:10:00,0.78619,0.78667,0.78667,0.78616,408,1780067699.693,USDCHF_otc
92,2026-05-29 15:15:00,0.78665,0.78649,0.78699,0.78642,403,1780067999.616,USDCHF_otc
92,2026-05-29 15:20:00,0.78651,0.78638,0.78656,0.78586,409,1780068299.512,USDCHF_otc
92,2026-05-29 15:25:00,0.78635,0.7861,0.78651,0.78603,387,1780068599.886,USDCHF_otc
92,2026-05-29 15:30:00,0.7861,0.78626,0.7864,0.78594,386,1780068899.858,USDCHF_otc
92,2026-05-29 15:35:00,0.78626,0.78577,0.78628,0.78521,401,1780069199.76,USDCHF_otc
92,2026-05-29 15:40:00,0.78578,0.78652,0.7867,0.78572,405,1780069499.74,USDCHF_otc
92,2026-05-29 15:45:00,0.78652,0.78636,0.78692,0.78611,413,1780069799.12,USDCHF_otc
92,2026-05-29 15:50:00,0.78639,0.78599,0.78648,0.78576,389,1780070098.09,USDCHF_otc
92,2026-05-29 15:55:00,0.78599,0.78578,0.78626,0.78556,400,1780070399.517,USDCHF_otc
92,2026-05-29 16:00:00,0.78578,0.78615,0.78615,0.78563,407,1780070699.524,USDCHF_otc
92,2026-05-29 16:05:00,0.78617,0.78592,0.78627,0.78558,395,1780070999.43,USDCHF_otc
92,2026-05-29 16:10:00,0.78592,0.78604,0.78643,0.78567,421,1780071299.414,USDCHF_otc
92,2026-05-29 16:15:00,0.78604,0.78574,0.78604,0.78565,384,1780071597.779,USDCHF_otc
92,2026-05-29 16:20:00,0.78574,0.78576,0.7863,0.78569,393,1780071899.707,USDCHF_otc
92,2026-05-29 16:25:00,0.78576,0.78616,0.78619,0.78534,406,1780072199.635,USDCHF_otc
92,2026-05-29 16:30:00,0.78616,0.78602,0.7862,0.78532,396,1780072499.596,USDCHF_otc
92,2026-05-29 16:35:00,0.78599,0.78568,0.78639,0.7856,383,1780072799.491,USDCHF_otc
92,2026-05-29 16:40:00,0.78569,0.7854,0.78573,0.7853,409,1780073099.915,USDCHF_otc
92,2026-05-29 16:45:00,0.7854,0.78512,0.78551,0.78487,408,1780073399.368,USDCHF_otc
92,2026-05-29 16:50:00,0.78512,0.78577,0.78589,0.78512,385,1780073699.74,USDCHF_otc
92,2026-05-29 16:55:00,0.78577,0.78537,0.78597,0.78536,388,1780073999.732,USDCHF_otc
92,2026-05-29 17:00:00,0.78535,0.78552,0.78566,0.78523,399,1780074299.145,USDCHF_otc
92,2026-05-29 17:05:00,0.78552,0.78519,0.78552,0.7848,390,1780074599.607,USDCHF_otc
92,2026-05-29 17:10:00,0.78519,0.78576,0.78589,0.78512,407,1780074899.988,USDCHF_otc
92,2026-05-29 17:15:00,0.78574,0.78597,0.78636,0.7857,407,1780075199.441,USDCHF_otc
92,2026-05-29 17:20:00,0.78597,0.78685,0.78698,0.78593,399,1780075499.36,USDCHF_otc
92,2026-05-29 17:25:00,0.78685,0.78675,0.78724,0.78669,394,1780075798.838,USDCHF_otc
92,2026-05-29 17:30:00,0.78675,0.78731,0.78735,0.78665,391,1780076099.787,USDCHF_otc
92,2026-05-29 17:35:00,0.78731,0.78799,0.78829,0.78715,422,1780076399.686,USDCHF_otc
92,2026-05-29 17:40:00,0.78799,0.7882,0.7882,0.7877,405,1780076699.632,USDCHF_otc
92,2026-05-29 17:45:00,0.78818,0.78844,0.78862,0.78804,393,1780076999.993,USDCHF_otc
92,2026-05-29 17:50:00,0.78845,0.78829,0.78854,0.78814,389,1780077299.996,USDCHF_otc
92,2026-05-29 17:55:00,0.78828,0.78866,0.78895,0.78827,395,1780077599.38,USDCHF_otc
92,2026-05-29 18:00:00,0.78866,0.7888,0.78933,0.7886,402,1780077899.798,USDCHF_otc
92,2026-05-29 18:05:00,0.78882,0.78823,0.78896,0.78816,397,1780078199.677,USDCHF_otc
92,2026-05-29 18:10:00,0.78823,0.7884,0.78864,0.78816,387,1780078499.579,USDCHF_otc
92,2026-05-29 18:15:00,0.7884,0.78773,0.78842,0.78749,412,1780078799.52,USDCHF_otc
92,2026-05-29 18:20:00,0.78772,0.7873,0.78812,0.78724,382,1780079099.928,USDCHF_otc
92,2026-05-29 18:25:00,0.7873,0.78677,0.78731,0.78639,391,1780079399.923,USDCHF_otc
92,2026-05-29 18:30:00,0.78677,0.78683,0.78697,0.78652,394,1780079699.849,USDCHF_otc
92,2026-05-29 18:35:00,0.78683,0.78748,0.78765,0.78665,421,1780079999.279,USDCHF_otc
92,2026-05-29 18:40:00,0.78748,0.78812,0.78822,0.78738,388,1780080299.712,USDCHF_otc
92,2026-05-29 18:45:00,0.78812,0.788,0.78824,0.78764,402,1780080599.649,USDCHF_otc
92,2026-05-29 18:50:00,0.78797,0.78764,0.78839,0.78764,390,1780080899.548,USDCHF_otc
92,2026-05-29 18:55:00,0.78764,0.7875,0.78787,0.78702,418,1780081199.003,USDCHF_otc
92,2026-05-29 19:00:00,0.78748,0.78745,0.78775,0.78718,430,1780081499.929,USDCHF_otc
92,2026-05-29 19:05:00,0.78746,0.78785,0.78823,0.78742,389,1780081799.88,USDCHF_otc
92,2026-05-29 19:10:00,0.78785,0.78846,0.78846,0.78782,409,1780082099.776,USDCHF_otc
92,2026-05-29 19:15:00,0.78846,0.78899,0.78905,0.78842,373,1780082399.735,USDCHF_otc
92,2026-05-29 19:20:00,0.789,0.78886,0.78944,0.7887,411,1780082699.632,USDCHF_otc
92,2026-05-29 19:25:00,0.78886,0.78833,0.78903,0.78822,400,1780082997.621,USDCHF_otc
92,2026-05-29 19:30:00,0.78832,0.78845,0.78862,0.78816,402,1780083299.578,USDCHF_otc
92,2026-05-29 19:35:00,0.78846,0.78815,0.78882,0.78808,419,1780083599.54,USDCHF_otc
92,2026-05-29 19:40:00,0.78814,0.78752,0.78814,0.7875,391,1780083899.938,USDCHF_otc
92,2026-05-29 19:45:00,0.78757,0.78838,0.78838,0.78752,405,1780084199.362,USDCHF_otc
92,2026-05-29 19:50:00,0.78838,0.78898,0.78914,0.78835,395,1780084499.244,USDCHF_otc
92,2026-05-29 19:55:00,0.78898,0.78873,0.78912,0.78865,379,1780084799.185,USDCHF_otc
92,2026-05-29 20:00:00,0.78873,0.78814,0.78885,0.78804,410,1780085099.554,USDCHF_otc
92,2026-05-29 20:05:00,0.78815,0.78845,0.78845,0.78776,402,1780085399.499,USDCHF_otc
92,2026-05-29 20:10:00,0.78845,0.78815,0.78847,0.78792,398,1780085699.424,USDCHF_otc
92,2026-05-29 20:15:00,0.78815,0.7882,0.78859,0.78797,409,1780085999.881,USDCHF_otc
92,2026-05-29 20:20:00,0.78821,0.78848,0.78854,0.78803,388,1780086299.709,USDCHF_otc
92,2026-05-29 20:25:00,0.78848,0.7888,0.7891,0.78843,401,1780086599.132,USDCHF_otc
92,2026-05-29 20:30:00,0.7888,0.78882,0.78898,0.7886,384,1780086899.566,USDCHF_otc
92,2026-05-29 20:35:00,0.78882,0.78786,0.78886,0.78773,388,1780087199.975,USDCHF_otc
92,2026-05-29 20:40:00,0.78785,0.78717,0.78792,0.78697,393,1780087498.409,USDCHF_otc
92,2026-05-29 20:45:00,0.78717,0.78609,0.78724,0.78608,396,1780087799.815,USDCHF_otc
92,2026-05-29 20:50:00,0.78609,0.78656,0.78678,0.78607,402,1780088099.254,USDCHF_otc
92,2026-05-29 20:55:00,0.78655,0.78609,0.78682,0.78588,398,1780088399.112,USDCHF_otc
92,2026-05-29 21:00:00,0.78611,0.78539,0.78621,0.78533,393,1780088699.617,USDCHF_otc
92,2026-05-29 21:05:00,0.78539,0.78574,0.7858,0.7851,408,1780088999.53,USDCHF_otc
92,2026-05-29 21:10:00,0.78576,0.78576,0.78593,0.78554,407,1780089299.044,USDCHF_otc
92,2026-05-29 21:15:00,0.78577,0.78595,0.78629,0.78571,402,1780089598.469,USDCHF_otc
92,2026-05-29 21:20:00,0.78596,0.78568,0.78601,0.78556,417,1780089899.973,USDCHF_otc
92,2026-05-29 21:25:00,0.78568,0.78557,0.78603,0.7855,395,1780090199.821,USDCHF_otc
92,2026-05-29 21:30:00,0.78558,0.78548,0.78565,0.78505,400,1780090499.809,USDCHF_otc
92,2026-05-29 21:35:00,0.78546,0.78489,0.78571,0.78464,408,1780090799.761,USDCHF_otc
92,2026-05-29 21:40:00,0.78489,0.78544,0.78551,0.78468,414,1780091099.25,USDCHF_otc
92,2026-05-29 21:45:00,0.78543,0.7859,0.7859,0.78517,380,1780091399.647,USDCHF_otc
92,2026-05-29 21:50:00,0.78592,0.78616,0.7863,0.78571,388,1780091699.086,USDCHF_otc
92,2026-05-29 21:55:00,0.78616,0.78662,0.78663,0.7857,406,1780091999.502,USDCHF_otc
92,2026-05-29 22:00:00,0.78665,0.78751,0.78752,0.7865,398,1780092299.956,USDCHF_otc
92,2026-05-29 22:05:00,0.78749,0.78734,0.78802,0.7871,385,1780092599.93,USDCHF_otc
92,2026-05-29 22:10:00,0.78732,0.78605,0.78744,0.78594,403,1780092899.903,USDCHF_otc
92,2026-05-29 22:15:00,0.78605,0.78646,0.78653,0.78574,414,1780093199.866,USDCHF_otc
92,2026-05-29 22:20:00,0.78646,0.78558,0.78648,0.78552,385,1780093499.771,USDCHF_otc
92,2026-05-29 22:25:00,0.78559,0.78517,0.78583,0.78507,412,1780093799.753,USDCHF_otc
92,2026-05-29 22:30:00,0.78517,0.78568,0.78593,0.7851,425,1780094098.162,USDCHF_otc
92,2026-05-29 22:35:00,0.78569,0.78628,0.7866,0.78559,397,1780094399.119,USDCHF_otc
92,2026-05-29 22:40:00,0.78623,0.78595,0.78663,0.78574,405,1780094699.543,USDCHF_otc
92,2026-05-29 22:45:00,0.78597,0.78592,0.78613,0.7856,397,1780094999.557,USDCHF_otc
92,2026-05-29 22:50:00,0.78593,0.78522,0.78608,0.7851,411,1780095299.972,USDCHF_otc
92,2026-05-29 22:55:00,0.78522,0.78536,0.78538,0.78498,390,1780095599.949,USDCHF_otc
92,2026-05-29 23:00:00,0.78535,0.78493,0.78558,0.78491,416,1780095899.364,USDCHF_otc
92,2026-05-29 23:05:00,0.78493,0.78508,0.78532,0.78482,398,1780096199.873,USDCHF_otc
92,2026-05-29 23:10:00,0.78508,0.78532,0.78532,0.78467,381,1780096498.764,USDCHF_otc
92,2026-05-29 23:15:00,0.78533,0.78549,0.78565,0.78525,401,1780096799.777,USDCHF_otc
92,2026-05-29 23:20:00,0.78549,0.78589,0.78606,0.78535,393,1780097099.642,USDCHF_otc
92,2026-05-29 23:25:00,0.78589,0.78567,0.78596,0.78552,393,1780097399.116,USDCHF_otc
92,2026-05-29 23:30:00,0.78568,0.78548,0.78586,0.78537,401,1780097699.569,USDCHF_otc
92,2026-05-29 23:35:00,0.78549,0.78563,0.78578,0.78524,404,1780097999.563,USDCHF_otc
92,2026-05-29 23:40:00,0.78563,0.78629,0.78635,0.78552,414,1780098298.904,USDCHF_otc
92,2026-05-29 23:45:00,0.78629,0.786,0.78637,0.78587,385,1780098599.315,USDCHF_otc
92,2026-05-29 23:50:00,0.786,0.78619,0.78619,0.7857,385,1780098899.31,USDCHF_otc
92,2026-05-29 23:55:00,0.78621,0.78627,0.78635,0.78601,387,1780099199.222,USDCHF_otc
92,2026-05-30 00:00:00,0.78627,0.78632,0.78642,0.78571,409,1780099499.205,USDCHF_otc
92,2026-05-30 00:05:00,0.78632,0.78617,0.78652,0.78612,401,1780099799.62,USDCHF_otc
92,2026-05-30 00:10:00,0.78617,0.78665,0.78692,0.7859,417,1780100099.601,USDCHF_otc
92,2026-05-30 00:15:00,0.78665,0.78717,0.78745,0.78646,402,1780100399.511,USDCHF_otc
92,2026-05-30 00:20:00,0.78717,0.7871,0.78725,0.7868,411,1780100699.543,USDCHF_otc
92,2026-05-30 00:25:00,0.7871,0.78564,0.78722,0.78555,382,1780100999.992,USDCHF_otc
92,2026-05-30 00:30:00,0.78565,0.78623,0.78638,0.78565,389,1780101298.929,USDCHF_otc
92,2026-05-30 00:35:00,0.78623,0.78554,0.78633,0.78543,403,1780101599.804,USDCHF_otc
92,2026-05-30 00:40:00,0.78554,0.78467,0.7856,0.78459,393,1780101898.834,USDCHF_otc
92,2026-05-30 00:45:00,0.78465,0.7842,0.78465,0.78416,396,1780102199.195,USDCHF_otc
92,2026-05-30 00:50:00,0.7842,0.78394,0.78421,0.78364,381,1780102499.246,USDCHF_otc
92,2026-05-30 00:55:00,0.78394,0.78397,0.78423,0.78369,402,1780102798.662,USDCHF_otc
92,2026-05-30 01:00:00,0.78397,0.78427,0.7843,0.7839,396,1780103099.659,USDCHF_otc
92,2026-05-30 01:05:00,0.78429,0.78406,0.78462,0.78402,397,1780103399.567,USDCHF_otc
92,2026-05-30 01:10:00,0.78406,0.78412,0.78434,0.78392,395,1780103699.54,USDCHF_otc
92,2026-05-30 01:15:00,0.78413,0.78422,0.78463,0.78406,406,1780103999.94,USDCHF_otc
92,2026-05-30 01:20:00,0.78422,0.78456,0.78507,0.78406,414,1780104299.942,USDCHF_otc
92,2026-05-30 01:25:00,0.78456,0.78457,0.78468,0.78421,380,1780104599.846,USDCHF_otc
92,2026-05-30 01:30:00,0.78457,0.78475,0.78507,0.78445,402,1780104899.354,USDCHF_otc
92,2026-05-30 01:35:00,0.78475,0.78425,0.78487,0.78418,396,1780105197.238,USDCHF_otc
92,2026-05-30 01:40:00,0.78425,0.78428,0.7849,0.78416,415,1780105499.751,USDCHF_otc
92,2026-05-30 01:45:00,0.78428,0.78431,0.7845,0.78403,413,1780105799.626,USDCHF_otc
92,2026-05-30 01:50:00,0.78426,0.78498,0.785,0.78415,381,1780106099.597,USDCHF_otc
92,2026-05-30 01:55:00,0.78497,0.78478,0.78525,0.78478,387,1780106399.545,USDCHF_otc
92,2026-05-30 02:00:00,0.78479,0.78504,0.7852,0.78447,385,1780106699.516,USDCHF_otc
92,2026-05-30 02:05:00,0.78504,0.78498,0.78522,0.78475,410,1780106999.948,USDCHF_otc
92,2026-05-30 02:10:00,0.78503,0.78465,0.7852,0.78441,396,1780107299.849,USDCHF_otc
92,2026-05-30 02:15:00,0.78464,0.78481,0.78496,0.78451,385,1780107599.832,USDCHF_otc
92,2026-05-30 02:20:00,0.78481,0.78467,0.78517,0.7845,394,1780107899.331,USDCHF_otc
92,2026-05-30 02:25:00,0.78469,0.78525,0.78549,0.78467,401,1780108199.784,USDCHF_otc
92,2026-05-30 02:30:00,0.78526,0.78512,0.78556,0.78489,410,1780108499.27,USDCHF_otc
92,2026-05-30 02:35:00,0.78512,0.78529,0.78542,0.78477,398,1780108799.74,USDCHF_otc
92,2026-05-30 02:40:00,0.7853,0.78525,0.78577,0.7852,383,1780109099.19,USDCHF_otc
92,2026-05-30 02:45:00,0.78524,0.7855,0.78593,0.78503,420,1780109399.204,USDCHF_otc
92,2026-05-30 02:50:00,0.7855,0.78616,0.78618,0.78531,401,1780109698.213,USDCHF_otc
92,2026-05-30 02:55:00,0.78616,0.78623,0.78673,0.78612,410,1780109999.122,USDCHF_otc
92,2026-05-30 03:00:00,0.78625,0.78651,0.78675,0.786,392,1780110299.628,USDCHF_otc
92,2026-05-30 03:05:00,0.7865,0.78553,0.78652,0.78553,408,1780110599.999,USDCHF_otc
92,2026-05-30 03:10:00,0.78553,0.78538,0.78562,0.78501,391,1780110898.474,USDCHF_otc
92,2026-05-30 03:15:00,0.78538,0.78481,0.78553,0.78481,416,1780111199.878,USDCHF_otc
92,2026-05-30 03:20:00,0.78481,0.78383,0.78485,0.78371,413,1780111499.858,USDCHF_otc
92,2026-05-30 03:25:00,0.78383,0.78368,0.78417,0.78368,399,1780111799.79,USDCHF_otc
92,2026-05-30 03:30:00,0.78368,0.78343,0.7838,0.78315,395,1780112098.682,USDCHF_otc
92,2026-05-30 03:35:00,0.78345,0.78353,0.78395,0.78343,384,1780112398.707,USDCHF_otc
92,2026-05-30 03:40:00,0.78353,0.78402,0.78402,0.78345,407,1780112699.641,USDCHF_otc
92,2026-05-30 03:45:00,0.78402,0.78332,0.78407,0.7833,412,1780112999.628,USDCHF_otc
92,2026-05-30 03:50:00,0.78331,0.78316,0.78361,0.78298,401,1780113299.083,USDCHF_otc
92,2026-05-30 03:55:00,0.78314,0.78313,0.78339,0.78295,401,1780113599.544,USDCHF_otc
92,2026-05-30 04:00:00,0.78313,0.78369,0.78369,0.78303,402,1780113899.958,USDCHF_otc
92,2026-05-30 04:05:00,0.78369,0.78272,0.78373,0.78272,406,1780114199.43,USDCHF_otc
92,2026-05-30 04:10:00,0.78272,0.78239,0.7829,0.78209,413,1780114499.88,USDCHF_otc
92,2026-05-30 04:15:00,0.78236,0.78333,0.7834,0.78235,408,1780114799.893,USDCHF_otc
92,2026-05-30 04:20:00,0.78333,0.78439,0.78444,0.78321,389,1780115099.832,USDCHF_otc
92,2026-05-30 04:25:00,0.78439,0.78402,0.78449,0.78399,407,1780115399.861,USDCHF_otc
92,2026-05-30 04:30:00,0.78402,0.78373,0.78406,0.78333,407,1780115699.254,USDCHF_otc
92,2026-05-30 04:35:00,0.78372,0.78398,0.78402,0.78349,401,1780115999.757,USDCHF_otc
92,2026-05-30 04:40:00,0.78398,0.7841,0.78422,0.78359,397,1780116299.721,USDCHF_otc
92,2026-05-30 04:45:00,0.78411,0.78462,0.78463,0.78392,381,1780116599.713,USDCHF_otc
92,2026-05-30 04:50:00,0.78455,0.78456,0.785,0.78442,396,1780116899.698,USDCHF_otc
92,2026-05-30 04:55:00,0.78456,0.78515,0.78541,0.78456,397,1780117199.686,USDCHF_otc
92,2026-05-30 05:00:00,0.78515,0.78517,0.7853,0.78445,395,1780117499.627,USDCHF_otc
92,2026-05-30 05:05:00,0.78517,0.7847,0.78536,0.78462,403,1780117799.598,USDCHF_otc
92,2026-05-30 05:10:00,0.7847,0.78479,0.78493,0.7843,399,1780118099.531,USDCHF_otc
92,2026-05-30 05:15:00,0.78479,0.78479,0.78509,0.78439,399,1780118399.01,USDCHF_otc
92,2026-05-30 05:20:00,0.7848,0.78469,0.7848,0.78423,403,1780118699.892,USDCHF_otc
92,2026-05-30 05:25:00,0.78469,0.78538,0.78538,0.78463,414,1780118999.915,USDCHF_otc
92,2026-05-30 05:30:00,0.78538,0.78522,0.78557,0.78522,392,1780119299.337,USDCHF_otc
92,2026-05-30 05:35:00,0.78522,0.78542,0.78545,0.78494,383,1780119598.828,USDCHF_otc
92,2026-05-30 05:40:00,0.78542,0.78655,0.78663,0.78539,402,1780119899.756,USDCHF_otc
92,2026-05-30 05:45:00,0.78655,0.78657,0.7867,0.7863,413,1780120199.786,USDCHF_otc
92,2026-05-30 05:50:00,0.78657,0.78683,0.78727,0.78657,398,1780120499.737,USDCHF_otc
92,2026-05-30 05:55:00,0.78683,0.78694,0.78724,0.78659,402,1780120799.759,USDCHF_otc
92,2026-05-30 06:00:00,0.78693,0.78632,0.7872,0.78621,415,1780121099.713,USDCHF_otc
92,2026-05-30 06:05:00,0.78632,0.78623,0.78677,0.78612,383,1780121399.691,USDCHF_otc
92,2026-05-30 06:10:00,0.78623,0.78561,0.78634,0.78548,407,1780121699.087,USDCHF_otc
92,2026-05-30 06:15:00,0.78561,0.78612,0.78616,0.78529,397,1780121997.596,USDCHF_otc
92,2026-05-30 06:20:00,0.78611,0.78608,0.78641,0.78587,397,1780122299.655,USDCHF_otc
92,2026-05-30 06:25:00,0.78612,0.7867,0.78686,0.78595,397,1780122598.549,USDCHF_otc
92,2026-05-30 06:30:00,0.7867,0.78604,0.78676,0.78603,392,1780122899.571,USDCHF_otc
92,2026-05-30 06:35:00,0.78604,0.78573,0.78604,0.7856,405,1780123199.514,USDCHF_otc
92,2026-05-30 06:40:00,0.78574,0.7853,0.78592,0.78511,415,1780123499.534,USDCHF_otc
92,2026-05-30 06:45:00,0.78529,0.78486,0.78533,0.78475,413,1780123799.865,USDCHF_otc
92,2026-05-30 06:50:00,0.78486,0.78429,0.78492,0.78407,403,1780124099.875,USDCHF_otc
92,2026-05-30 06:55:00,0.78429,0.78369,0.78433,0.78347,376,1780124399.841,USDCHF_otc
92,2026-05-30 07:00:00,0.7837,0.78347,0.78383,0.78333,404,1780124699.755,USDCHF_otc
92,2026-05-30 07:05:00,0.78345,0.78344,0.78377,0.78313,410,1780124999.209,USDCHF_otc
92,2026-05-30 07:10:00,0.78344,0.78286,0.78349,0.78277,416,1780125298.05,USDCHF_otc
92,2026-05-30 07:15:00,0.78288,0.78261,0.78335,0.78246,404,1780125599.595,USDCHF_otc
92,2026-05-30 07:20:00,0.78259,0.78279,0.78281,0.78243,400,1780125899.999,USDCHF_otc
92,2026-05-30 07:25:00,0.78281,0.78234,0.78308,0.78229,411,1780126199.466,USDCHF_otc
92,2026-05-30 07:30:00,0.78234,0.78168,0.78246,0.78161,382,1780126498.928,USDCHF_otc
92,2026-05-30 07:35:00,0.78169,0.7817,0.78208,0.78156,415,1780126799.918,USDCHF_otc
92,2026-05-30 07:40:00,0.78168,0.78141,0.78184,0.7813,412,1780127099.82,USDCHF_otc
92,2026-05-30 07:45:00,0.78141,0.7814,0.78149,0.78073,375,1780127399.791,USDCHF_otc
92,2026-05-30 07:50:00,0.7814,0.78147,0.7818,0.78112,402,1780127698.733,USDCHF_otc
92,2026-05-30 07:55:00,0.78147,0.78109,0.78165,0.78107,397,1780127999.163,USDCHF_otc
92,2026-05-30 08:00:00,0.78109,0.78104,0.78122,0.78071,405,1780128299.634,USDCHF_otc
92,2026-05-30 08:05:00,0.78105,0.78152,0.78166,0.78102,406,1780128599.574,USDCHF_otc
92,2026-05-30 08:10:00,0.78152,0.78139,0.78159,0.78115,401,1780128899.611,USDCHF_otc
92,2026-05-30 08:15:00,0.78139,0.78159,0.78166,0.78118,415,1780129199.611,USDCHF_otc
92,2026-05-30 08:20:00,0.78159,0.78122,0.78176,0.7812,408,1780129499.603,USDCHF_otc
92,2026-05-30 08:25:00,0.78122,0.78148,0.78172,0.78106,407,1780129799.627,USDCHF_otc
92,2026-05-30 08:30:00,0.78148,0.78113,0.78148,0.78071,394,1780130099.574,USDCHF_otc
92,2026-05-30 08:35:00,0.78113,0.78152,0.78157,0.78106,403,1780130399.592,USDCHF_otc
92,2026-05-30 08:40:00,0.78157,0.78212,0.78222,0.78134,399,1780130699.021,USDCHF_otc
92,2026-05-30 08:45:00,0.78212,0.78225,0.78244,0.78194,418,1780130999.031,USDCHF_otc
92,2026-05-30 08:50:00,0.78223,0.78218,0.78233,0.78176,427,1780131298.033,USDCHF_otc
92,2026-05-30 08:55:00,0.78217,0.78286,0.78289,0.78201,400,1780131599.474,USDCHF_otc
92,2026-05-30 09:00:00,0.78285,0.78264,0.78331,0.78243,415,1780131899.856,USDCHF_otc
92,2026-05-30 09:05:00,0.78264,0.78246,0.78276,0.7823,406,1780132199.392,USDCHF_otc
92,2026-05-30 09:10:00,0.78246,0.78271,0.78311,0.78246,385,1780132499.323,USDCHF_otc
92,2026-05-30 09:15:00,0.78273,0.78275,0.7829,0.78262,397,1780132799.295,USDCHF_otc
92,2026-05-30 09:20:00,0.78275,0.78205,0.78276,0.78166,398,1780133099.676,USDCHF_otc
92,2026-05-30 09:25:00,0.78205,0.78252,0.78279,0.782,396,1780133399.651,USDCHF_otc
92,2026-05-30 09:30:00,0.78252,0.78242,0.78279,0.78209,399,1780133699.604,USDCHF_otc
92,2026-05-30 09:35:00,0.78242,0.78252,0.78281,0.7824,389,1780133998.63,USDCHF_otc
92,2026-05-30 09:40:00,0.78252,0.78348,0.78348,0.78231,383,1780134299.568,USDCHF_otc
92,2026-05-30 09:45:00,0.78348,0.78261,0.78364,0.78258,389,1780134599.568,USDCHF_otc
92,2026-05-30 09:50:00,0.78264,0.78298,0.78304,0.7824,392,1780134898.521,USDCHF_otc
92,2026-05-30 09:55:00,0.78298,0.78268,0.78307,0.78258,382,1780135199.517,USDCHF_otc
92,2026-05-30 10:00:00,0.78268,0.78285,0.78299,0.78255,412,1780135499.983,USDCHF_otc
92,2026-05-30 10:05:00,0.78283,0.78272,0.78286,0.78233,405,1780135799.959,USDCHF_otc
92,2026-05-30 10:10:00,0.78273,0.78275,0.78323,0.78257,396,1780136099.958,USDCHF_otc
92,2026-05-30 10:15:00,0.78275,0.7825,0.78319,0.78243,394,1780136399.892,USDCHF_otc
92,2026-05-30 10:20:00,0.7825,0.78279,0.78303,0.78244,397,1780136699.935,USDCHF_otc
92,2026-05-30 10:25:00,0.78281,0.78276,0.78325,0.78272,383,1780136997.843,USDCHF_otc
92,2026-05-30 10:30:00,0.78276,0.78263,0.78292,0.78245,405,1780137299.845,USDCHF_otc
92,2026-05-30 10:35:00,0.78263,0.78309,0.7835,0.78261,397,1780137599.796,USDCHF_otc
92,2026-05-30 10:40:00,0.7831,0.78304,0.78339,0.78283,404,1780137899.827,USDCHF_otc
92,2026-05-30 10:45:00,0.78304,0.78317,0.78363,0.78299,417,1780138199.781,USDCHF_otc
92,2026-05-30 10:50:00,0.78317,0.78325,0.78342,0.78299,402,1780138499.777,USDCHF_otc
92,2026-05-30 10:55:00,0.78319,0.78276,0.78328,0.78254,408,1780138799.224,USDCHF_otc
92,2026-05-30 11:00:00,0.78276,0.7831,0.78321,0.78262,386,1780139097.204,USDCHF_otc
92,2026-05-30 11:05:00,0.7831,0.78298,0.78331,0.7826,393,1780139399.604,USDCHF_otc
92,2026-05-30 11:10:00,0.78293,0.78275,0.78334,0.78248,405,1780139699.121,USDCHF_otc
92,2026-05-30 11:15:00,0.78276,0.78275,0.78296,0.78254,407,1780139998.988,USDCHF_otc
92,2026-05-30 11:20:00,0.78275,0.78284,0.78285,0.78234,392,1780140299.521,USDCHF_otc
92,2026-05-30 11:25:00,0.78282,0.78311,0.78336,0.78275,385,1780140599.402,USDCHF_otc
92,2026-05-30 11:30:00,0.78312,0.7831,0.78318,0.78257,409,1780140899.942,USDCHF_otc
92,2026-05-30 11:35:00,0.7831,0.78345,0.78351,0.78296,403,1780141199.845,USDCHF_otc
92,2026-05-30 11:40:00,0.78345,0.78381,0.78404,0.78337,383,1780141499.849,USDCHF_otc
92,2026-05-30 11:45:00,0.78382,0.78377,0.78405,0.78364,364,1780141799.735,USDCHF_otc
92,2026-05-30 11:50:00,0.78378,0.78404,0.78406,0.78349,389,1780142098.746,USDCHF_otc
92,2026-05-30 11:55:00,0.78404,0.784,0.78412,0.78335,373,1780142398.67,USDCHF_otc
92,2026-05-30 12:00:00,0.78406,0.78422,0.78428,0.78378,410,1780142699.693,USDCHF_otc
92,2026-05-30 12:05:00,0.7842,0.78426,0.78473,0.78408,396,1780142999.623,USDCHF_otc
92,2026-05-30 12:10:00,0.78426,0.7846,0.78514,0.78417,384,1780143299.139,USDCHF_otc
92,2026-05-30 12:15:00,0.7846,0.78463,0.78465,0.78419,390,1780143596.576,USDCHF_otc
92,2026-05-30 12:20:00,0.7846,0.78429,0.78481,0.78422,396,1780143899.665,USDCHF_otc
92,2026-05-30 12:25:00,0.78429,0.78532,0.78542,0.78425,377,1780144199.135,USDCHF_otc
92,2026-05-30 12:30:00,0.78534,0.78478,0.78535,0.7845,390,1780144499.677,USDCHF_otc
92,2026-05-30 12:35:00,0.78478,0.78522,0.78534,0.78468,434,1780144798.634,USDCHF_otc
92,2026-05-30 12:40:00,0.78523,0.78466,0.78523,0.7846,399,1780145099.042,USDCHF_otc
92,2026-05-30 12:45:00,0.78466,0.78413,0.78497,0.78391,386,1780145399.551,USDCHF_otc
92,2026-05-30 12:50:00,0.78414,0.78475,0.78486,0.78397,401,1780145699.531,USDCHF_otc
92,2026-05-30 12:55:00,0.78479,0.78471,0.78484,0.78395,418,1780145999.046,USDCHF_otc
92,2026-05-30 13:00:00,0.78469,0.78478,0.78501,0.78462,396,1780146299.538,USDCHF_otc
92,2026-05-30 13:05:00,0.78478,0.78456,0.78494,0.78432,401,1780146599.569,USDCHF_otc
92,2026-05-30 13:10:00,0.78457,0.78384,0.78462,0.78384,397,1780146899.485,USDCHF_otc
92,2026-05-30 13:15:00,0.78384,0.78323,0.78388,0.78312,387,1780147199.991,USDCHF_otc
92,2026-05-30 13:20:00,0.78323,0.78326,0.78335,0.78262,397,1780147499.957,USDCHF_otc
92,2026-05-30 13:25:00,0.78327,0.78207,0.78336,0.78198,396,1780147799.45,USDCHF_otc
92,2026-05-30 13:30:00,0.78207,0.78213,0.78231,0.78182,414,1780148099.962,USDCHF_otc
92,2026-05-30 13:35:00,0.78213,0.78248,0.7825,0.78191,403,1780148399.897,USDCHF_otc
92,2026-05-30 13:40:00,0.78246,0.78185,0.7829,0.78185,405,1780148699.343,USDCHF_otc
92,2026-05-30 13:45:00,0.78188,0.78151,0.78205,0.78133,409,1780148999.858,USDCHF_otc
92,2026-05-30 13:50:00,0.78151,0.78165,0.78187,0.7814,403,1780149298.849,USDCHF_otc
92,2026-05-30 13:55:00,0.78165,0.78222,0.78233,0.78151,404,1780149599.852,USDCHF_otc
92,2026-05-30 14:00:00,0.78221,0.78232,0.78254,0.78191,415,1780149899.414,USDCHF_otc
92,2026-05-30 14:05:00,0.78232,0.78175,0.7824,0.78156,402,1780150198.838,USDCHF_otc
92,2026-05-30 14:10:00,0.78175,0.78244,0.78281,0.78174,404,1780150499.871,USDCHF_otc
92,2026-05-30 14:15:00,0.78238,0.78222,0.78256,0.78213,410,1780150799.861,USDCHF_otc
92,2026-05-30 14:20:00,0.78222,0.78161,0.78222,0.78139,391,1780151099.857,USDCHF_otc
92,2026-05-30 14:25:00,0.78161,0.78208,0.78242,0.78161,404,1780151399.829,USDCHF_otc
92,2026-05-30 14:30:00,0.78206,0.78324,0.78324,0.78187,372,1780151697.826,USDCHF_otc
92,2026-05-30 14:35:00,0.78323,0.78351,0.78368,0.78307,405,1780151999.835,USDCHF_otc
92,2026-05-30 14:40:00,0.78351,0.78366,0.78378,0.78342,398,1780152299.328,USDCHF_otc
92,2026-05-30 14:45:00,0.78363,0.78303,0.78363,0.78298,406,1780152599.898,USDCHF_otc
92,2026-05-30 14:50:00,0.78303,0.78303,0.78338,0.78264,383,1780152899.826,USDCHF_otc
92,2026-05-30 14:55:00,0.78303,0.7833,0.78357,0.78297,402,1780153199.853,USDCHF_otc
92,2026-05-30 15:00:00,0.7833,0.78355,0.78359,0.78322,390,1780153499.228,USDCHF_otc
92,2026-05-30 15:05:00,0.78354,0.78387,0.78414,0.78332,413,1780153799.754,USDCHF_otc
92,2026-05-30 15:10:00,0.78387,0.78357,0.78387,0.78335,396,1780154099.73,USDCHF_otc
92,2026-05-30 15:15:00,0.78358,0.78332,0.78398,0.78327,377,1780154398.219,USDCHF_otc
92,2026-05-30 15:20:00,0.78332,0.78367,0.78385,0.78321,391,1780154699.144,USDCHF_otc
92,2026-05-30 15:25:00,0.78362,0.78401,0.78414,0.78336,402,1780154999.682,USDCHF_otc
92,2026-05-30 15:30:00,0.784,0.78377,0.78412,0.78355,407,1780155299.072,USDCHF_otc
92,2026-05-30 15:35:00,0.7838,0.78366,0.78383,0.78329,416,1780155599.592,USDCHF_otc
92,2026-05-30 15:40:00,0.78364,0.78393,0.78406,0.78339,388,1780155899.567,USDCHF_otc
92,2026-05-30 15:45:00,0.78393,0.78385,0.78404,0.78335,411,1780156199.629,USDCHF_otc
92,2026-05-30 15:50:00,0.78385,0.78331,0.78403,0.78312,414,1780156499.563,USDCHF_otc
92,2026-05-30 15:55:00,0.78327,0.78355,0.78361,0.78289,389,1780156799.592,USDCHF_otc
92,2026-05-30 16:00:00,0.78355,0.78342,0.78364,0.78308,402,1780157099.602,USDCHF_otc
92,2026-05-30 16:05:00,0.78344,0.7832,0.78365,0.78318,380,1780157399.537,USDCHF_otc
92,2026-05-30 16:10:00,0.7832,0.78243,0.78363,0.78241,389,1780157699.585,USDCHF_otc
92,2026-05-30 16:15:00,0.78246,0.78323,0.78351,0.7823,403,1780157999.494,USDCHF_otc
92,2026-05-30 16:20:00,0.78323,0.7833,0.78365,0.78306,389,1780158299.505,USDCHF_otc
92,2026-05-30 16:25:00,0.7833,0.7828,0.78334,0.78268,388,1780158599.942,USDCHF_otc
92,2026-05-30 16:30:00,0.7828,0.7828,0.78323,0.78271,381,1780158899.985,USDCHF_otc
92,2026-05-30 16:35:00,0.7828,0.7828,0.78309,0.78257,399,1780159199.917,USDCHF_otc
92,2026-05-30 16:40:00,0.7828,0.7833,0.78357,0.78271,404,1780159499.967,USDCHF_otc
92,2026-05-30 16:45:00,0.7833,0.78343,0.78362,0.78289,415,1780159799.836,USDCHF_otc
92,2026-05-30 16:50:00,0.78343,0.78332,0.78349,0.78274,404,1780160098.299,USDCHF_otc
92,2026-05-30 16:55:00,0.78332,0.78361,0.78375,0.78325,391,1780160399.838,USDCHF_otc
92,2026-05-30 17:00:00,0.78362,0.78349,0.78396,0.78342,388,1780160699.915,USDCHF_otc
92,2026-05-30 17:05:00,0.78346,0.78341,0.78404,0.78336,390,1780160999.857,USDCHF_otc
92,2026-05-30 17:10:00,0.78341,0.78309,0.78369,0.78308,384,1780161299.352,USDCHF_otc
92,2026-05-30 17:15:00,0.78306,0.78273,0.78319,0.78266,399,1780161599.783,USDCHF_otc
92,2026-05-30 17:20:00,0.78273,0.78265,0.78306,0.78246,372,1780161899.822,USDCHF_otc
92,2026-05-30 17:25:00,0.78265,0.78291,0.78309,0.78254,404,1780162199.789,USDCHF_otc
92,2026-05-30 17:30:00,0.78291,0.78341,0.78355,0.78269,401,1780162499.276,USDCHF_otc
92,2026-05-30 17:35:00,0.78342,0.78282,0.78344,0.78282,397,1780162799.776,USDCHF_otc
92,2026-05-30 17:40:00,0.78282,0.78254,0.7829,0.78221,389,1780163098.753,USDCHF_otc
92,2026-05-30 17:45:00,0.78256,0.78261,0.78273,0.78208,410,1780163399.784,USDCHF_otc
92,2026-05-30 17:50:00,0.78262,0.78208,0.78279,0.78193,398,1780163699.76,USDCHF_otc
92,2026-05-30 17:55:00,0.78211,0.78271,0.78275,0.78187,421,1780163999.767,USDCHF_otc
92,2026-05-30 18:00:00,0.78271,0.78265,0.78286,0.78246,418,1780164299.71,USDCHF_otc
92,2026-05-30 18:05:00,0.78265,0.78206,0.78275,0.7818,402,1780164599.249,USDCHF_otc
92,2026-05-30 18:10:00,0.78205,0.78169,0.78235,0.78154,407,1780164899.68,USDCHF_otc
92,2026-05-30 18:15:00,0.78169,0.78141,0.78178,0.78131,404,1780165199.708,USDCHF_otc
92,2026-05-30 18:20:00,0.78142,0.78156,0.7816,0.78107,419,1780165499.646,USDCHF_otc
92,2026-05-30 18:25:00,0.78158,0.78168,0.78177,0.78138,409,1780165799.615,USDCHF_otc
92,2026-05-30 18:30:00,0.78168,0.78143,0.78168,0.78117,397,1780166099.08,USDCHF_otc
92,2026-05-30 18:35:00,0.78143,0.78122,0.78176,0.78115,408,1780166399.574,USDCHF_otc
92,2026-05-30 18:40:00,0.78123,0.78175,0.78179,0.7809,394,1780166699.583,USDCHF_otc
92,2026-05-30 18:45:00,0.78175,0.78192,0.782,0.78139,413,1780166999.53,USDCHF_otc
92,2026-05-30 18:50:00,0.78192,0.78178,0.78217,0.7817,402,1780167299.558,USDCHF_otc
92,2026-05-30 18:55:00,0.78181,0.78192,0.78198,0.78147,396,1780167599.981,USDCHF_otc
92,2026-05-30 19:00:00,0.78194,0.78253,0.78255,0.78178,402,1780167899.047,USDCHF_otc
92,2026-05-30 19:05:00,0.78252,0.78305,0.78347,0.78237,407,1780168199.953,USDCHF_otc
92,2026-05-30 19:10:00,0.78305,0.78424,0.78428,0.78301,374,1780168499.97,USDCHF_otc
92,2026-05-30 19:15:00,0.78425,0.78457,0.78464,0.78388,393,1780168799.892,USDCHF_otc
92,2026-05-30 19:20:00,0.78457,0.78458,0.78478,0.78443,394,1780169099.941,USDCHF_otc
92,2026-05-30 19:25:00,0.78458,0.7844,0.785,0.78439,408,1780169399.853,USDCHF_otc
92,2026-05-30 19:30:00,0.78438,0.78413,0.78474,0.78403,418,1780169699.88,USDCHF_otc
92,2026-05-30 19:35:00,0.78413,0.78421,0.78421,0.78361,404,1780169999.785,USDCHF_otc
92,2026-05-30 19:40:00,0.78421,0.78394,0.7845,0.78383,407,1780170299.735,USDCHF_otc
92,2026-05-30 19:45:00,0.78394,0.78373,0.7843,0.78351,387,1780170598.146,USDCHF_otc
92,2026-05-30 19:50:00,0.78375,0.78296,0.78378,0.78287,395,1780170898.537,USDCHF_otc
92,2026-05-30 19:55:00,0.78296,0.78275,0.78306,0.78264,406,1780171199.037,USDCHF_otc
92,2026-05-30 20:00:00,0.78275,0.78279,0.78348,0.78264,402,1780171499.998,USDCHF_otc
92,2026-05-30 20:05:00,0.7828,0.78295,0.78302,0.78266,397,1780171799.977,USDCHF_otc
92,2026-05-30 20:10:00,0.78295,0.78273,0.78309,0.78264,406,1780172099.432,USDCHF_otc
92,2026-05-30 20:15:00,0.78273,0.78326,0.78352,0.78265,431,1780172399.898,USDCHF_otc
92,2026-05-30 20:20:00,0.78326,0.78319,0.78377,0.78316,421,1780172699.874,USDCHF_otc
92,2026-05-30 20:25:00,0.78319,0.78402,0.78411,0.78319,387,1780172999.807,USDCHF_otc
92,2026-05-30 20:30:00,0.78402,0.78366,0.78436,0.78366,399,1780173299.726,USDCHF_otc
92,2026-05-30 20:35:00,0.78364,0.78281,0.78365,0.78266,398,1780173599.718,USDCHF_otc
92,2026-05-30 20:40:00,0.78273,0.78317,0.78344,0.78273,419,1780173899.707,USDCHF_otc
92,2026-05-30 20:45:00,0.78317,0.78332,0.78364,0.78299,401,1780174199.628,USDCHF_otc
92,2026-05-30 20:50:00,0.78322,0.78327,0.78382,0.78314,383,1780174499.625,USDCHF_otc
92,2026-05-30 20:55:00,0.78325,0.78315,0.78335,0.78292,390,1780174799.557,USDCHF_otc
92,2026-05-30 21:00:00,0.78314,0.78354,0.78367,0.78307,391,1780175099.507,USDCHF_otc
92,2026-05-30 21:05:00,0.78353,0.78334,0.7838,0.78305,423,1780175399.991,USDCHF_otc
92,2026-05-30 21:10:00,0.78334,0.7834,0.78349,0.78287,397,1780175699.955,USDCHF_otc
92,2026-05-30 21:15:00,0.78337,0.78335,0.78341,0.7829,386,1780175999.888,USDCHF_otc
92,2026-05-30 21:20:00,0.78335,0.78289,0.78352,0.7826,384,1780176299.811,USDCHF_otc
92,2026-05-30 21:25:00,0.78288,0.78235,0.78288,0.7822,403,1780176599.263,USDCHF_otc
92,2026-05-30 21:30:00,0.78235,0.78299,0.78302,0.78228,410,1780176899.747,USDCHF_otc
92,2026-05-30 21:35:00,0.78299,0.78329,0.78343,0.78292,431,1780177199.714,USDCHF_otc
92,2026-05-30 21:40:00,0.78329,0.78339,0.78358,0.78313,400,1780177499.127,USDCHF_otc
92,2026-05-30 21:45:00,0.78336,0.78374,0.78383,0.78319,422,1780177799.146,USDCHF_otc
92,2026-05-30 21:50:00,0.78374,0.7841,0.78414,0.78327,404,1780178099.535,USDCHF_otc
92,2026-05-30 21:55:00,0.78409,0.78433,0.78442,0.78388,391,1780178399.044,USDCHF_otc
92,2026-05-30 22:00:00,0.78433,0.78402,0.78433,0.78376,399,1780178699.013,USDCHF_otc
92,2026-05-30 22:05:00,0.784,0.78402,0.78438,0.78374,416,1780178999.984,USDCHF_otc
92,2026-05-30 22:10:00,0.78403,0.78465,0.78465,0.78375,397,1780179299.905,USDCHF_otc
92,2026-05-30 22:15:00,0.78465,0.7843,0.78473,0.78382,400,1780179598.385,USDCHF_otc
92,2026-05-30 22:20:00,0.78431,0.78535,0.78543,0.78428,377,1780179899.808,USDCHF_otc
92,2026-05-30 22:25:00,0.78534,0.78504,0.78534,0.78478,384,1780180199.781,USDCHF_otc
92,2026-05-30 22:30:00,0.78504,0.78553,0.78556,0.7847,410,1780180499.774,USDCHF_otc
92,2026-05-30 22:35:00,0.78555,0.78604,0.78619,0.78542,401,1780180799.704,USDCHF_otc
92,2026-05-30 22:40:00,0.78604,0.78654,0.78655,0.78586,399,1780181099.152,USDCHF_otc
92,2026-05-30 22:45:00,0.78654,0.78625,0.7868,0.78616,398,1780181399.626,USDCHF_otc
92,2026-05-30 22:50:00,0.78625,0.78559,0.78627,0.78546,399,1780181699.587,USDCHF_otc
92,2026-05-30 22:55:00,0.78559,0.78599,0.78617,0.78535,412,1780181999.527,USDCHF_otc
92,2026-05-30 23:00:00,0.78599,0.78586,0.78627,0.7855,397,1780182299.997,USDCHF_otc
92,2026-05-30 23:05:00,0.78586,0.78658,0.78658,0.78568,390,1780182599.925,USDCHF_otc
92,2026-05-30 23:10:00,0.7866,0.78637,0.78716,0.78628,404,1780182899.919,USDCHF_otc
92,2026-05-30 23:15:00,0.78637,0.78644,0.78691,0.78624,399,1780183199.341,USDCHF_otc
92,2026-05-30 23:20:00,0.78644,0.78609,0.78657,0.78566,388,1780183498.288,USDCHF_otc
92,2026-05-30 23:25:00,0.7861,0.78632,0.78639,0.78586,386,1780183799.775,USDCHF_otc
92,2026-05-30 23:30:00,0.78631,0.78616,0.78676,0.78584,394,1780184099.744,USDCHF_otc
92,2026-05-30 23:35:00,0.78616,0.78618,0.78625,0.78573,392,1780184399.682,USDCHF_otc
92,2026-05-30 23:40:00,0.78618,0.78596,0.78637,0.78588,420,1780184699.135,USDCHF_otc
92,2026-05-30 23:45:00,0.78596,0.7868,0.78681,0.78596,407,1780184998.612,USDCHF_otc
92,2026-05-30 23:50:00,0.78682,0.78728,0.7873,0.7867,402,1780185299.615,USDCHF_otc
92,2026-05-30 23:55:00,0.78731,0.78788,0.78807,0.78731,381,1780185599.578,USDCHF_otc
92,2026-05-31 00:00:00,0.78787,0.78781,0.78809,0.78724,397,1780185898.566,USDCHF_otc
92,2026-05-31 00:05:00,0.78783,0.78838,0.78857,0.78779,406,1780186199.986,USDCHF_otc
92,2026-05-31 00:10:00,0.78838,0.78796,0.78858,0.78779,418,1780186499.899,USDCHF_otc
92,2026-05-31 00:15:00,0.78796,0.78766,0.78796,0.78757,402,1780186799.886,USDCHF_otc
92,2026-05-31 00:20:00,0.78766,0.788,0.78814,0.78744,381,1780187099.84,USDCHF_otc
92,2026-05-31 00:25:00,0.788,0.78784,0.78813,0.78745,401,1780187399.814,USDCHF_otc
92,2026-05-31 00:30:00,0.78784,0.78858,0.78889,0.7877,398,1780187699.705,USDCHF_otc
92,2026-05-31 00:35:00,0.78858,0.78903,0.78928,0.78857,405,1780187999.691,USDCHF_otc
92,2026-05-31 00:40:00,0.78903,0.78919,0.78938,0.78896,375,1780188299.571,USDCHF_otc
92,2026-05-31 00:45:00,0.78919,0.78846,0.78935,0.78836,422,1780188599.583,USDCHF_otc
92,2026-05-31 00:50:00,0.78845,0.78888,0.78908,0.78834,401,1780188899.003,USDCHF_otc
92,2026-05-31 00:55:00,0.78887,0.78868,0.78918,0.78853,424,1780189199.968,USDCHF_otc
92,2026-05-31 01:00:00,0.78868,0.78849,0.78887,0.78837,421,1780189499.862,USDCHF_otc
92,2026-05-31 01:05:00,0.78849,0.7883,0.7886,0.78797,412,1780189799.765,USDCHF_otc
92,2026-05-31 01:10:00,0.7883,0.78863,0.78886,0.78819,389,1780190099.755,USDCHF_otc
92,2026-05-31 01:15:00,0.78861,0.78922,0.78945,0.78857,409,1780190399.17,USDCHF_otc
92,2026-05-31 01:20:00,0.78922,0.78951,0.78956,0.78907,394,1780190699.696,USDCHF_otc
92,2026-05-31 01:25:00,0.78951,0.78953,0.78969,0.78928,395,1780190999.604,USDCHF_otc
92,2026-05-31 01:30:00,0.78954,0.79027,0.79039,0.78951,395,1780191299.57,USDCHF_otc
92,2026-05-31 01:35:00,0.79027,0.78996,0.7906,0.7899,403,1780191599.441,USDCHF_otc
92,2026-05-31 01:40:00,0.78996,0.78958,0.78998,0.78943,399,1780191899.947,USDCHF_otc
92,2026-05-31 01:45:00,0.78954,0.79019,0.79022,0.78949,375,1780192199.367,USDCHF_otc
92,2026-05-31 01:50:00,0.79018,0.78927,0.79018,0.78926,401,1780192499.882,USDCHF_otc
92,2026-05-31 01:55:00,0.78927,0.7893,0.78942,0.78892,405,1780192799.766,USDCHF_otc
92,2026-05-31 02:00:00,0.78931,0.78951,0.78971,0.78914,401,1780193099.766,USDCHF_otc
92,2026-05-31 02:05:00,0.78952,0.78971,0.79,0.78933,386,1780193398.674,USDCHF_otc
92,2026-05-31 02:10:00,0.78971,0.78987,0.78998,0.78931,388,1780193699.656,USDCHF_otc
92,2026-05-31 02:15:00,0.78987,0.7903,0.79049,0.78979,373,1780193999.635,USDCHF_otc
92,2026-05-31 02:20:00,0.7903,0.79062,0.79086,0.79011,418,1780194299.583,USDCHF_otc
92,2026-05-31 02:25:00,0.79061,0.79021,0.79097,0.79016,392,1780194597.994,USDCHF_otc
92,2026-05-31 02:30:00,0.79021,0.78955,0.79024,0.78929,396,1780194899.515,USDCHF_otc
92,2026-05-31 02:35:00,0.78955,0.78951,0.78999,0.78948,402,1780195199.909,USDCHF_otc
92,2026-05-31 02:40:00,0.78951,0.7902,0.79041,0.7895,404,1780195499.445,USDCHF_otc
92,2026-05-31 02:45:00,0.7902,0.78963,0.79049,0.7896,395,1780195799.926,USDCHF_otc
92,2026-05-31 02:50:00,0.78963,0.78978,0.78995,0.78951,378,1780196099.416,USDCHF_otc
92,2026-05-31 02:55:00,0.78982,0.79025,0.79048,0.78982,403,1780196399.878,USDCHF_otc
92,2026-05-31 03:00:00,0.79025,0.78999,0.79052,0.78999,381,1780196699.889,USDCHF_otc
92,2026-05-31 03:05:00,0.78999,0.79005,0.79012,0.78968,404,1780196999.883,USDCHF_otc
92,2026-05-31 03:10:00,0.79005,0.79016,0.79025,0.78974,389,1780197298.781,USDCHF_otc
92,2026-05-31 03:15:00,0.79015,0.7901,0.79032,0.78964,388,1780197599.773,USDCHF_otc
92,2026-05-31 03:20:00,0.7901,0.78998,0.79017,0.78965,390,1780197899.731,USDCHF_otc
92,2026-05-31 03:25:00,0.79002,0.79063,0.79063,0.78998,366,1780198199.693,USDCHF_otc
92,2026-05-31 03:30:00,0.79063,0.79046,0.79101,0.79046,406,1780198499.634,USDCHF_otc
92,2026-05-31 03:35:00,0.79047,0.79087,0.79101,0.79023,412,1780198799.618,USDCHF_otc
92,2026-05-31 03:40:00,0.79088,0.79073,0.79098,0.79042,394,1780199099.566,USDCHF_otc
92,2026-05-31 03:45:00,0.79073,0.79074,0.79103,0.79054,386,1780199399.089,USDCHF_otc
92,2026-05-31 03:50:00,0.79074,0.79109,0.79123,0.79061,379,1780199699.963,USDCHF_otc
92,2026-05-31 03:55:00,0.79109,0.79182,0.79191,0.79108,411,1780199999.913,USDCHF_otc
92,2026-05-31 04:00:00,0.79182,0.79215,0.79235,0.79179,388,1780200298.898,USDCHF_otc
92,2026-05-31 04:05:00,0.79221,0.79267,0.79288,0.79211,413,1780200599.867,USDCHF_otc
92,2026-05-31 04:10:00,0.79267,0.79319,0.79321,0.79259,408,1780200899.822,USDCHF_otc
92,2026-05-31 04:15:00,0.79319,0.79242,0.79326,0.79241,411,1780201199.853,USDCHF_otc
92,2026-05-31 04:20:00,0.79242,0.79194,0.79244,0.79188,394,1780201499.207,USDCHF_otc
92,2026-05-31 04:25:00,0.79195,0.79192,0.79207,0.79174,390,1780201798.649,USDCHF_otc
92,2026-05-31 04:30:00,0.79192,0.79208,0.79218,0.79148,405,1780202099.139,USDCHF_otc
92,2026-05-31 04:35:00,0.79208,0.79172,0.7922,0.7916,412,1780202399.62,USDCHF_otc
92,2026-05-31 04:40:00,0.79171,0.79167,0.79187,0.79146,400,1780202699.567,USDCHF_otc
92,2026-05-31 04:45:00,0.79176,0.79157,0.7921,0.79148,404,1780202999.559,USDCHF_otc
92,2026-05-31 04:50:00,0.79158,0.79114,0.79175,0.7909,387,1780203299.984,USDCHF_otc
92,2026-05-31 04:55:00,0.79118,0.79158,0.79188,0.79111,417,1780203599.434,USDCHF_otc
92,2026-05-31 05:00:00,0.79159,0.79151,0.79169,0.79114,381,1780203899.945,USDCHF_otc
92,2026-05-31 05:05:00,0.79151,0.79183,0.79183,0.79145,403,1780204199.864,USDCHF_otc
92,2026-05-31 05:10:00,0.79181,0.79194,0.79212,0.79166,393,1780204499.883,USDCHF_otc
92,2026-05-31 05:15:00,0.79198,0.79271,0.79301,0.79197,386,1780204799.817,USDCHF_otc
92,2026-05-31 05:20:00,0.79271,0.79303,0.79314,0.79266,404,1780205099.807,USDCHF_otc
92,2026-05-31 05:25:00,0.79303,0.79333,0.7934,0.79279,392,1780205397.74,USDCHF_otc
92,2026-05-31 05:30:00,0.79332,0.79373,0.79384,0.79289,422,1780205699.736,USDCHF_otc
92,2026-05-31 05:35:00,0.79372,0.79356,0.79372,0.79324,394,1780205999.701,USDCHF_otc
92,2026-05-31 05:40:00,0.79358,0.79307,0.79362,0.79304,410,1780206299.657,USDCHF_otc
92,2026-05-31 05:45:00,0.79309,0.79239,0.79322,0.79226,412,1780206598.554,USDCHF_otc
92,2026-05-31 05:50:00,0.79239,0.7928,0.79282,0.79223,381,1780206899.593,USDCHF_otc
92,2026-05-31 05:55:00,0.79279,0.79327,0.79336,0.79275,388,1780207198.055,USDCHF_otc
92,2026-05-31 06:00:00,0.79327,0.79251,0.79354,0.79251,384,1780207499.529,USDCHF_otc
92,2026-05-31 06:05:00,0.79251,0.79253,0.79308,0.79245,398,1780207799.971,USDCHF_otc
92,2026-05-31 06:10:00,0.79253,0.79318,0.7934,0.79244,386,1780208099.913,USDCHF_otc
92,2026-05-31 06:15:00,0.79318,0.79337,0.79344,0.793,395,1780208399.862,USDCHF_otc
92,2026-05-31 06:20:00,0.79338,0.79286,0.79342,0.79239,393,1780208699.862,USDCHF_otc
92,2026-05-31 06:25:00,0.79286,0.79289,0.79297,0.79237,410,1780208999.827,USDCHF_otc
92,2026-05-31 06:30:00,0.79289,0.79277,0.79313,0.79242,393,1780209299.858,USDCHF_otc
92,2026-05-31 06:35:00,0.79279,0.79255,0.79314,0.79246,399,1780209599.73,USDCHF_otc
92,2026-05-31 06:40:00,0.79255,0.79128,0.79266,0.79128,403,1780209899.244,USDCHF_otc
92,2026-05-31 06:45:00,0.79128,0.791,0.79148,0.79074,409,1780210199.659,USDCHF_otc
92,2026-05-31 06:50:00,0.79099,0.79139,0.79156,0.79088,391,1780210499.194,USDCHF_otc
92,2026-05-31 06:55:00,0.79141,0.79136,0.7918,0.79129,425,1780210799.619,USDCHF_otc
92,2026-05-31 07:00:00,0.79137,0.79165,0.79184,0.79115,395,1780211099.632,USDCHF_otc
92,2026-05-31 07:05:00,0.79161,0.79141,0.79168,0.79112,394,1780211399.988,USDCHF_otc
92,2026-05-31 07:10:00,0.79142,0.79186,0.79204,0.79127,411,1780211699.437,USDCHF_otc
92,2026-05-31 07:15:00,0.79186,0.79157,0.79201,0.79156,394,1780211998.397,USDCHF_otc
92,2026-05-31 07:20:00,0.79157,0.79193,0.79213,0.79151,403,1780212298.377,USDCHF_otc
92,2026-05-31 07:25:00,0.79193,0.79208,0.79224,0.79184,401,1780212599.864,USDCHF_otc
92,2026-05-31 07:30:00,0.79208,0.79127,0.79216,0.79108,417,1780212899.844,USDCHF_otc
92,2026-05-31 07:35:00,0.79127,0.7915,0.79165,0.79116,397,1780213199.718,USDCHF_otc
92,2026-05-31 07:40:00,0.79148,0.79137,0.79158,0.79103,393,1780213499.693,USDCHF_otc
92,2026-05-31 07:45:00,0.79135,0.7918,0.79198,0.79126,397,1780213798.688,USDCHF_otc
92,2026-05-31 07:50:00,0.79182,0.79159,0.79221,0.79159,403,1780214099.181,USDCHF_otc
92,2026-05-31 07:55:00,0.79159,0.79135,0.79172,0.79124,396,1780214399.651,USDCHF_otc
92,2026-05-31 08:00:00,0.79135,0.79139,0.79157,0.7911,401,1780214699.662,USDCHF_otc
92,2026-05-31 08:05:00,0.79139,0.79092,0.79143,0.79087,410,1780214999.565,USDCHF_otc
92,2026-05-31 08:10:00,0.79093,0.79185,0.79194,0.79093,402,1780215299.555,USDCHF_otc
92,2026-05-31 08:15:00,0.79183,0.79245,0.7925,0.79158,409,1780215599.993,USDCHF_otc
92,2026-05-31 08:20:00,0.79245,0.79331,0.79333,0.79245,398,1780215899.054,USDCHF_otc
92,2026-05-31 08:25:00,0.7933,0.79276,0.79347,0.79266,389,1780216199.963,USDCHF_otc
92,2026-05-31 08:30:00,0.79276,0.79157,0.79291,0.79157,407,1780216499.95,USDCHF_otc
92,2026-05-31 08:35:00,0.79158,0.79158,0.79215,0.79138,377,1780216799.321,USDCHF_otc
92,2026-05-31 08:40:00,0.79158,0.79155,0.79177,0.79136,405,1780217099.81,USDCHF_otc
92,2026-05-31 08:45:00,0.79155,0.79153,0.79171,0.79088,395,1780217399.761,USDCHF_otc
92,2026-05-31 08:50:00,0.79152,0.79181,0.79195,0.79144,402,1780217699.792,USDCHF_otc
92,2026-05-31 08:55:00,0.79181,0.79155,0.79183,0.79144,391,1780217999.729,USDCHF_otc
92,2026-05-31 09:00:00,0.79154,0.79179,0.79199,0.79128,388,1780218299.235,USDCHF_otc
92,2026-05-31 09:05:00,0.79182,0.79206,0.7921,0.79155,408,1780218599.65,USDCHF_otc
92,2026-05-31 09:10:00,0.79206,0.79311,0.79312,0.79202,402,1780218899.661,USDCHF_otc
92,2026-05-31 09:15:00,0.79311,0.79319,0.79343,0.79298,408,1780219199.669,USDCHF_otc
92,2026-05-31 09:20:00,0.79319,0.79293,0.79337,0.79282,389,1780219499.645,USDCHF_otc
92,2026-05-31 09:25:00,0.79294,0.79261,0.79304,0.79258,406,1780219799.617,USDCHF_otc
92,2026-05-31 09:30:00,0.79261,0.79251,0.79319,0.79251,383,1780220099.093,USDCHF_otc
92,2026-05-31 09:35:00,0.79251,0.79291,0.79297,0.79243,400,1780220399.556,USDCHF_otc
92,2026-05-31 09:40:00,0.79292,0.79283,0.79302,0.79265,378,1780220699.578,USDCHF_otc
92,2026-05-31 09:45:00,0.79283,0.79348,0.79349,0.79274,388,1780220999.593,USDCHF_otc
92,2026-05-31 09:50:00,0.79347,0.79331,0.79367,0.793,401,1780221299.507,USDCHF_otc
92,2026-05-31 09:55:00,0.79332,0.79326,0.79346,0.79295,383,1780221599.0,USDCHF_otc
92,2026-05-31 10:00:00,0.79327,0.79254,0.79327,0.79245,392,1780221898.943,USDCHF_otc
92,2026-05-31 10:05:00,0.79254,0.79235,0.79263,0.79217,416,1780222199.975,USDCHF_otc
92,2026-05-31 10:10:00,0.79235,0.79227,0.79256,0.79199,407,1780222499.41,USDCHF_otc
92,2026-05-31 10:15:00,0.79227,0.79138,0.79236,0.79121,384,1780222799.9,USDCHF_otc
92,2026-05-31 10:20:00,0.79138,0.7917,0.7917,0.79113,389,1780223099.822,USDCHF_otc
92,2026-05-31 10:25:00,0.7917,0.79229,0.79229,0.7917,397,1780223399.845,USDCHF_otc
92,2026-05-31 10:30:00,0.79227,0.79215,0.79253,0.79193,386,1780223699.296,USDCHF_otc
92,2026-05-31 10:35:00,0.79215,0.7922,0.79248,0.79196,388,1780223997.793,USDCHF_otc
92,2026-05-31 10:40:00,0.7922,0.79235,0.79257,0.79189,379,1780224298.762,USDCHF_otc
92,2026-05-31 10:45:00,0.79237,0.79243,0.79259,0.79221,401,1780224599.241,USDCHF_otc
92,2026-05-31 10:50:00,0.79243,0.79227,0.79253,0.79205,382,1780224899.242,USDCHF_otc
92,2026-05-31 10:55:00,0.79227,0.79172,0.7923,0.79155,397,1780225199.655,USDCHF_otc
92,2026-05-31 11:00:00,0.79172,0.79183,0.79199,0.79156,397,1780225499.622,USDCHF_otc
92,2026-05-31 11:05:00,0.79183,0.79197,0.79199,0.79142,386,1780225799.563,USDCHF_otc
92,2026-05-31 11:10:00,0.79198,0.79222,0.79225,0.79198,383,1780226099.495,USDCHF_otc
92,2026-05-31 11:15:00,0.79223,0.79198,0.79247,0.79194,389,1780226399.994,USDCHF_otc
92,2026-05-31 11:20:00,0.79199,0.79214,0.79245,0.79172,404,1780226699.901,USDCHF_otc
92,2026-05-31 11:25:00,0.79219,0.79196,0.79226,0.79184,395,1780226999.918,USDCHF_otc
92,2026-05-31 11:30:00,0.79196,0.79255,0.79262,0.79192,380,1780227299.364,USDCHF_otc
92,2026-05-31 11:35:00,0.79255,0.79247,0.79283,0.79237,405,1780227599.321,USDCHF_otc
92,2026-05-31 11:40:00,0.79247,0.79201,0.79267,0.79182,382,1780227898.741,USDCHF_otc
92,2026-05-31 11:45:00,0.79201,0.7925,0.79276,0.79199,386,1780228199.251,USDCHF_otc
92,2026-05-31 11:50:00,0.79253,0.79302,0.79337,0.79236,389,1780228499.718,USDCHF_otc
92,2026-05-31 11:55:00,0.793,0.79336,0.79343,0.79285,406,1780228799.182,USDCHF_otc
92,2026-05-31 12:00:00,0.79336,0.79413,0.79425,0.79331,415,1780229099.664,USDCHF_otc
92,2026-05-31 12:05:00,0.79413,0.78012,0.79413,0.78011,408,1780229399.619,USDCHF_otc
92,2026-05-31 12:10:00,0.7801,0.78007,0.78024,0.77949,403,1780229699.598,USDCHF_otc
92,2026-05-31 12:15:00,0.78008,0.78094,0.78098,0.77978,389,1780229999.041,USDCHF_otc
92,2026-05-31 12:20:00,0.78097,0.78135,0.78158,0.78096,418,1780230299.952,USDCHF_otc
92,2026-05-31 12:25:00,0.78135,0.78145,0.78181,0.78124,389,1780230599.937,USDCHF_otc
92,2026-05-31 12:30:00,0.78147,0.78124,0.78165,0.78101,407,1780230899.918,USDCHF_otc
92,2026-05-31 12:35:00,0.78124,0.782,0.78212,0.78101,392,1780231199.852,USDCHF_otc
92,2026-05-31 12:40:00,0.78192,0.78199,0.78204,0.78157,406,1780231499.815,USDCHF_otc
92,2026-05-31 12:45:00,0.78202,0.78168,0.78237,0.7816,414,1780231798.818,USDCHF_otc
92,2026-05-31 12:50:00,0.78168,0.78159,0.78257,0.78159,416,1780232099.827,USDCHF_otc
92,2026-05-31 12:55:00,0.78159,0.78195,0.78215,0.7815,394,1780232399.798,USDCHF_otc
92,2026-05-31 13:00:00,0.78195,0.78203,0.78239,0.78183,407,1780232699.287,USDCHF_otc
92,2026-05-31 13:05:00,0.78203,0.78245,0.78245,0.78187,392,1780232999.675,USDCHF_otc
92,2026-05-31 13:10:00,0.78245,0.78221,0.78288,0.78217,410,1780233299.679,USDCHF_otc
92,2026-05-31 13:15:00,0.78221,0.78273,0.78277,0.78207,404,1780233599.534,USDCHF_otc
92,2026-05-31 13:20:00,0.78273,0.78357,0.78378,0.78244,398,1780233899.519,USDCHF_otc
92,2026-05-31 13:25:00,0.78354,0.78341,0.78379,0.78302,408,1780234198.98,USDCHF_otc
92,2026-05-31 13:30:00,0.78341,0.78364,0.78399,0.78341,399,1780234499.012,USDCHF_otc
92,2026-05-31 13:35:00,0.78362,0.78342,0.78362,0.78306,389,1780234799.853,USDCHF_otc
92,2026-05-31 13:40:00,0.78342,0.78315,0.78386,0.78297,395,1780235099.341,USDCHF_otc
92,2026-05-31 13:45:00,0.78315,0.7828,0.78344,0.78277,391,1780235399.839,USDCHF_otc
92,2026-05-31 13:50:00,0.7828,0.7833,0.78344,0.7828,422,1780235699.859,USDCHF_otc
92,2026-05-31 13:55:00,0.7833,0.78226,0.78331,0.7822,408,1780235999.316,USDCHF_otc
92,2026-05-31 14:00:00,0.78226,0.78265,0.78268,0.78208,393,1780236299.278,USDCHF_otc
92,2026-05-31 14:05:00,0.78265,0.78279,0.78308,0.78247,404,1780236599.181,USDCHF_otc
92,2026-05-31 14:10:00,0.7828,0.78278,0.78293,0.78245,392,1780236899.174,USDCHF_otc
92,2026-05-31 14:15:00,0.78278,0.78306,0.78318,0.78249,383,1780237199.108,USDCHF_otc
92,2026-05-31 14:20:00,0.78306,0.78247,0.78309,0.78224,411,1780237499.645,USDCHF_otc
92,2026-05-31 14:25:00,0.78247,0.78254,0.78291,0.78228,395,1780237799.606,USDCHF_otc
92,2026-05-31 14:30:00,0.78254,0.78251,0.78292,0.78247,410,1780238099.596,USDCHF_otc
92,2026-05-31 14:35:00,0.78261,0.78254,0.78289,0.78248,395,1780238399.583,USDCHF_otc
92,2026-05-31 14:40:00,0.78249,0.78165,0.7825,0.7814,428,1780238699.543,USDCHF_otc
92,2026-05-31 14:45:00,0.78167,0.78151,0.78182,0.78143,393,1780238999.027,USDCHF_otc
92,2026-05-31 14:50:00,0.78145,0.7821,0.78212,0.78143,393,1780239299.505,USDCHF_otc
92,2026-05-31 14:55:00,0.7821,0.78144,0.78219,0.78106,390,1780239598.974,USDCHF_otc
92,2026-05-31 15:00:00,0.78145,0.78101,0.78146,0.78072,387,1780239899.916,USDCHF_otc
92,2026-05-31 15:05:00,0.78101,0.78013,0.78119,0.78004,415,1780240199.365,USDCHF_otc
92,2026-05-31 15:10:00,0.78013,0.78046,0.7805,0.78002,407,1780240499.301,USDCHF_otc
92,2026-05-31 15:15:00,0.78046,0.78048,0.78102,0.78017,407,1780240799.802,USDCHF_otc
92,2026-05-31 15:20:00,0.78048,0.78041,0.78054,0.78004,393,1780241099.257,USDCHF_otc
92,2026-05-31 15:25:00,0.78041,0.78129,0.78134,0.78037,400,1780241399.733,USDCHF_otc
92,2026-05-31 15:30:00,0.78129,0.78108,0.78151,0.78106,397,1780241699.713,USDCHF_otc
92,2026-05-31 15:35:00,0.78104,0.78119,0.78158,0.78103,383,1780241999.192,USDCHF_otc
92,2026-05-31 15:40:00,0.78119,0.78172,0.78198,0.78115,392,1780242299.658,USDCHF_otc
92,2026-05-31 15:45:00,0.78173,0.78228,0.78231,0.78154,379,1780242599.155,USDCHF_otc
92,2026-05-31 15:50:00,0.78231,0.78219,0.78238,0.78199,415,1780242899.637,USDCHF_otc
92,2026-05-31 15:55:00,0.78219,0.78211,0.7824,0.7818,396,1780243199.647,USDCHF_otc
92,2026-05-31 16:00:00,0.78211,0.78188,0.78246,0.7818,397,1780243499.481,USDCHF_otc
92,2026-05-31 16:05:00,0.78188,0.78229,0.78235,0.78171,391,1780243799.904,USDCHF_otc
92,2026-05-31 16:10:00,0.78231,0.78228,0.7825,0.78203,401,1780244099.906,USDCHF_otc
92,2026-05-31 16:15:00,0.78228,0.78183,0.78251,0.78175,418,1780244399.887,USDCHF_otc
92,2026-05-31 16:20:00,0.78183,0.78114,0.78192,0.7811,404,1780244699.895,USDCHF_otc
92,2026-05-31 16:25:00,0.78113,0.78123,0.78167,0.78108,393,1780244999.825,USDCHF_otc
92,2026-05-31 16:30:00,0.78123,0.78257,0.78257,0.78117,396,1780245299.317,USDCHF_otc
92,2026-05-31 16:35:00,0.78257,0.78255,0.78327,0.78248,392,1780245599.344,USDCHF_otc
92,2026-05-31 16:40:00,0.78255,0.78271,0.78308,0.7824,395,1780245899.827,USDCHF_otc
92,2026-05-31 16:45:00,0.78271,0.78362,0.78379,0.78271,416,1780246199.861,USDCHF_otc
92,2026-05-31 16:50:00,0.78362,0.78283,0.78363,0.78272,400,1780246499.737,USDCHF_otc
92,2026-05-31 16:55:00,0.78283,0.78319,0.7837,0.78267,381,1780246798.669,USDCHF_otc
92,2026-05-31 17:00:00,0.78319,0.78311,0.78342,0.7829,419,1780247099.162,USDCHF_otc
92,2026-05-31 17:05:00,0.78311,0.78198,0.78314,0.78194,401,1780247398.681,USDCHF_otc
92,2026-05-31 17:10:00,0.782,0.78305,0.78311,0.782,392,1780247699.6,USDCHF_otc
92,2026-05-31 17:15:00,0.78304,0.78276,0.78342,0.78276,405,1780247999.576,USDCHF_otc
92,2026-05-31 17:20:00,0.78277,0.78233,0.78277,0.78204,407,1780248299.519,USDCHF_otc
92,2026-05-31 17:25:00,0.78225,0.78221,0.78251,0.78189,406,1780248599.899,USDCHF_otc
92,2026-05-31 17:30:00,0.78222,0.78291,0.783,0.78219,385,1780248899.881,USDCHF_otc
92,2026-05-31 17:35:00,0.78289,0.78268,0.78309,0.78263,404,1780249199.822,USDCHF_otc
92,2026-05-31 17:40:00,0.78268,0.78269,0.78313,0.78245,396,1780249498.835,USDCHF_otc
92,2026-05-31 17:45:00,0.7827,0.78249,0.78305,0.78244,394,1780249799.801,USDCHF_otc
92,2026-05-31 17:50:00,0.78248,0.78317,0.78341,0.78248,413,1780250099.775,USDCHF_otc
92,2026-05-31 17:55:00,0.78317,0.78229,0.78333,0.7822,420,1780250399.754,USDCHF_otc
92,2026-05-31 18:00:00,0.78229,0.7822,0.78252,0.782,393,1780250699.737,USDCHF_otc
92,2026-05-31 18:05:00,0.78219,0.78218,0.78238,0.78161,376,1780250999.259,USDCHF_otc
92,2026-05-31 18:10:00,0.7822,0.78174,0.7822,0.78145,398,1780251299.635,USDCHF_otc
92,2026-05-31 18:15:00,0.78175,0.7814,0.78199,0.78139,415,1780251599.648,USDCHF_otc
92,2026-05-31 18:20:00,0.78141,0.78232,0.78232,0.78112,390,1780251899.562,USDCHF_otc
92,2026-05-31 18:25:00,0.78233,0.78254,0.78254,0.78199,404,1780252199.569,USDCHF_otc
92,2026-05-31 18:30:00,0.78256,0.78243,0.78301,0.78222,408,1780252499.497,USDCHF_otc
92,2026-05-31 18:35:00,0.78243,0.78209,0.78258,0.78179,422,1780252799.536,USDCHF_otc
92,2026-05-31 18:40:00,0.78208,0.78342,0.78345,0.78203,410,1780253099.904,USDCHF_otc
92,2026-05-31 18:45:00,0.78342,0.78332,0.78391,0.78321,394,1780253399.87,USDCHF_otc
92,2026-05-31 18:50:00,0.78332,0.78417,0.78424,0.783,395,1780253699.858,USDCHF_otc
92,2026-05-31 18:55:00,0.78417,0.784,0.78459,0.78399,415,1780253998.806,USDCHF_otc
92,2026-05-31 19:00:00,0.78401,0.78375,0.7842,0.78357,386,1780254297.249,USDCHF_otc
92,2026-05-31 19:05:00,0.78374,0.78431,0.78451,0.78334,410,1780254599.776,USDCHF_otc
92,2026-05-31 19:10:00,0.78434,0.78435,0.78483,0.78417,399,1780254899.716,USDCHF_otc
92,2026-05-31 19:15:00,0.7844,0.78393,0.78441,0.78385,409,1780255199.681,USDCHF_otc
92,2026-05-31 19:20:00,0.78393,0.78354,0.78399,0.78318,407,1780255499.672,USDCHF_otc
92,2026-05-31 19:25:00,0.78354,0.7832,0.78358,0.78282,409,1780255799.687,USDCHF_otc
92,2026-05-31 19:30:00,0.78319,0.78304,0.78337,0.7828,379,1780256099.115,USDCHF_otc
92,2026-05-31 19:35:00,0.78304,0.78269,0.78313,0.78242,410,1780256399.629,USDCHF_otc
92,2026-05-31 19:40:00,0.78268,0.78253,0.7829,0.78223,398,1780256699.53,USDCHF_otc
92,2026-05-31 19:45:00,0.78254,0.78248,0.78271,0.78231,396,1780256999.567,USDCHF_otc
92,2026-05-31 19:50:00,0.7825,0.7823,0.78256,0.78206,413,1780257299.953,USDCHF_otc
92,2026-05-31 19:55:00,0.7823,0.78128,0.7823,0.78126,378,1780257599.983,USDCHF_otc
92,2026-05-31 20:00:00,0.78128,0.78133,0.78147,0.78113,379,1780257899.408,USDCHF_otc
92,2026-05-31 20:05:00,0.78131,0.78081,0.7814,0.78059,383,1780258199.911,USDCHF_otc
92,2026-05-31 20:10:00,0.78081,0.7813,0.78146,0.78066,405,1780258499.785,USDCHF_otc
92,2026-05-31 20:15:00,0.78128,0.78105,0.78132,0.78102,398,1780258799.226,USDCHF_otc
92,2026-05-31 20:20:00,0.78105,0.78093,0.78167,0.78088,424,1780259099.69,USDCHF_otc
92,2026-05-31 20:25:00,0.78093,0.78142,0.78158,0.78068,408,1780259399.707,USDCHF_otc
92,2026-05-31 20:30:00,0.78143,0.78103,0.78146,0.78103,393,1780259699.621,USDCHF_otc
92,2026-05-31 20:35:00,0.78098,0.78163,0.78179,0.78086,404,1780259999.647,USDCHF_otc
92,2026-05-31 20:40:00,0.78165,0.78059,0.78172,0.78032,399,1780260299.57,USDCHF_otc
92,2026-05-31 20:45:00,0.78059,0.77943,0.78061,0.77921,390,1780260599.541,USDCHF_otc
92,2026-05-31 20:50:00,0.77943,0.77991,0.78003,0.77928,407,1780260899.488,USDCHF_otc
92,2026-05-31 20:55:00,0.77991,0.78054,0.78079,0.77968,389,1780261199.501,USDCHF_otc
92,2026-05-31 21:00:00,0.78054,0.78129,0.78151,0.78052,409,1780261499.878,USDCHF_otc
92,2026-05-31 21:05:00,0.78129,0.78065,0.78139,0.78059,382,1780261799.826,USDCHF_otc
92,2026-05-31 21:10:00,0.78067,0.78089,0.78091,0.7804,401,1780262099.286,USDCHF_otc
92,2026-05-31 21:15:00,0.78087,0.78145,0.78177,0.78082,381,1780262399.735,USDCHF_otc
92,2026-05-31 21:20:00,0.78145,0.78238,0.78243,0.78144,394,1780262699.687,USDCHF_otc
92,2026-05-31 21:25:00,0.78238,0.78226,0.78242,0.78153,417,1780262999.086,USDCHF_otc
92,2026-05-31 21:30:00,0.78227,0.78141,0.78241,0.78139,375,1780263299.602,USDCHF_otc
92,2026-05-31 21:35:00,0.78141,0.78115,0.78141,0.7809,390,1780263599.538,USDCHF_otc
92,2026-05-31 21:40:00,0.78114,0.78128,0.78161,0.78108,401,1780263899.543,USDCHF_otc
92,2026-05-31 21:45:00,0.78125,0.78087,0.78125,0.78046,386,1780264199.519,USDCHF_otc
92,2026-05-31 21:50:00,0.78087,0.78032,0.78102,0.78016,399,1780264498.956,USDCHF_otc
92,2026-05-31 21:55:00,0.78032,0.78061,0.78078,0.78032,394,1780264799.431,USDCHF_otc
92,2026-05-31 22:00:00,0.78061,0.78075,0.78099,0.78049,400,1780265099.842,USDCHF_otc
92,2026-05-31 22:05:00,0.78076,0.78065,0.781,0.78039,421,1780265399.322,USDCHF_otc
92,2026-05-31 22:10:00,0.78065,0.78118,0.78134,0.78065,388,1780265699.717,USDCHF_otc
92,2026-05-31 22:15:00,0.78119,0.78155,0.7817,0.78109,412,1780265999.713,USDCHF_otc
92,2026-05-31 22:20:00,0.78155,0.78089,0.78156,0.78088,385,1780266299.17,USDCHF_otc
92,2026-05-31 22:25:00,0.78089,0.78026,0.7809,0.77987,392,1780266599.162,USDCHF_otc
92,2026-05-31 22:30:00,0.78026,0.77989,0.78054,0.77977,421,1780266899.58,USDCHF_otc
92,2026-05-31 22:35:00,0.77989,0.77919,0.77993,0.77907,414,1780267199.572,USDCHF_otc
92,2026-05-31 22:40:00,0.7792,0.77963,0.77979,0.7792,406,1780267498.519,USDCHF_otc
92,2026-05-31 22:45:00,0.77963,0.77938,0.77972,0.77905,396,1780267799.984,USDCHF_otc
92,2026-05-31 22:50:00,0.77938,0.77955,0.77968,0.77926,388,1780268099.932,USDCHF_otc
92,2026-05-31 22:55:00,0.77953,0.77988,0.78025,0.77948,383,1780268399.905,USDCHF_otc
92,2026-05-31 23:00:00,0.77988,0.77999,0.78021,0.77973,401,1780268699.781,USDCHF_otc
92,2026-05-31 23:05:00,0.78,0.77872,0.78003,0.77863,404,1780268999.191,USDCHF_otc
92,2026-05-31 23:10:00,0.77875,0.77837,0.77916,0.77828,398,1780269299.669,USDCHF_otc
92,2026-05-31 23:15:00,0.77835,0.7785,0.77861,0.77798,381,1780269599.634,USDCHF_otc
92,2026-05-31 23:20:00,0.7785,0.77752,0.7785,0.77737,421,1780269899.599,USDCHF_otc
92,2026-05-31 23:25:00,0.77752,0.77761,0.77775,0.77727,406,1780270199.499,USDCHF_otc
92,2026-05-31 23:30:00,0.77761,0.77784,0.77797,0.77732,393,1780270499.487,USDCHF_otc
92,2026-05-31 23:35:00,0.77784,0.7775,0.77796,0.77726,409,1780270799.897,USDCHF_otc
92,2026-05-31 23:40:00,0.7775,0.77653,0.77761,0.77636,420,1780271099.876,USDCHF_otc
92,2026-05-31 23:45:00,0.77653,0.77678,0.7769,0.77631,382,1780271399.822,USDCHF_otc
92,2026-05-31 23:50:00,0.77678,0.77624,0.77681,0.77606,407,1780271699.801,USDCHF_otc
92,2026-05-31 23:55:00,0.77624,0.77649,0.77668,0.77614,406,1780271998.697,USDCHF_otc
92,2026-06-01 00:00:00,0.77649,0.77581,0.77659,0.77575,376,1780272299.694,USDCHF_otc
92,2026-06-01 00:05:00,0.77586,0.77561,0.77586,0.77539,400,1780272599.593,USDCHF_otc
92,2026-06-01 00:10:00,0.77561,0.77535,0.77571,0.77507,390,1780272899.108,USDCHF_otc
92,2026-06-01 00:15:00,0.77538,0.77556,0.77577,0.77527,405,1780273199.08,USDCHF_otc
92,2026-06-01 00:20:00,0.77556,0.77558,0.77593,0.77529,408,1780273498.491,USDCHF_otc
92,2026-06-01 00:25:00,0.77558,0.77595,0.77627,0.77557,385,1780273799.385,USDCHF_otc
92,2026-06-01 00:30:00,0.77595,0.77611,0.77643,0.77578,396,1780274099.891,USDCHF_otc
92,2026-06-01 00:35:00,0.77612,0.77691,0.77699,0.77594,413,1780274399.813,USDCHF_otc
92,2026-06-01 00:40:00,0.77691,0.77667,0.77732,0.77662,389,1780274699.806,USDCHF_otc
92,2026-06-01 00:45:00,0.77667,0.77701,0.77701,0.77654,417,1780274998.194,USDCHF_otc
92,2026-06-01 00:50:00,0.77699,0.77684,0.77732,0.7766,396,1780275299.657,USDCHF_otc
92,2026-06-01 00:55:00,0.77682,0.77738,0.7776,0.7768,399,1780275599.616,USDCHF_otc
92,2026-06-01 01:00:00,0.77739,0.77781,0.77791,0.77718,397,1780275899.107,USDCHF_otc
92,2026-06-01 01:05:00,0.77781,0.77786,0.77794,0.77758,407,1780276199.038,USDCHF_otc
92,2026-06-01 01:10:00,0.77785,0.77728,0.77797,0.77726,403,1780276499.517,USDCHF_otc
92,2026-06-01 01:15:00,0.7773,0.77757,0.77775,0.77726,391,1780276799.894,USDCHF_otc
92,2026-06-01 01:20:00,0.77757,0.77794,0.77804,0.77709,427,1780277099.917,USDCHF_otc
92,2026-06-01 01:25:00,0.77794,0.77826,0.77867,0.77789,390,1780277397.752,USDCHF_otc
92,2026-06-01 01:30:00,0.77834,0.77838,0.77858,0.77799,408,1780277699.704,USDCHF_otc
92,2026-06-01 01:35:00,0.77838,0.77779,0.77841,0.77767,400,1780277999.685,USDCHF_otc
92,2026-06-01 01:40:00,0.7778,0.77855,0.77871,0.7776,399,1780278299.66,USDCHF_otc
92,2026-06-01 01:45:00,0.77854,0.77933,0.77999,0.77853,391,1780278598.627,USDCHF_otc
92,2026-06-01 01:50:00,0.77934,0.77974,0.77975,0.77934,404,1780278899.607,USDCHF_otc
92,2026-06-01 01:55:00,0.77971,0.77939,0.77992,0.77939,410,1780279199.991,USDCHF_otc
92,2026-06-01 02:00:00,0.77939,0.77897,0.77949,0.77894,406,1780279499.497,USDCHF_otc
92,2026-06-01 02:05:00,0.77897,0.77866,0.77914,0.77859,384,1780279799.472,USDCHF_otc
92,2026-06-01 02:10:00,0.77866,0.778,0.77889,0.77794,392,1780280099.97,USDCHF_otc
92,2026-06-01 02:15:00,0.778,0.77845,0.77854,0.77793,414,1780280399.87,USDCHF_otc
92,2026-06-01 02:20:00,0.77846,0.77852,0.77872,0.77814,387,1780280699.366,USDCHF_otc
92,2026-06-01 02:25:00,0.77853,0.77828,0.77887,0.77816,389,1780280999.711,USDCHF_otc
92,2026-06-01 02:30:00,0.77828,0.77808,0.77859,0.77801,407,1780281299.664,USDCHF_otc
92,2026-06-01 02:35:00,0.7781,0.77795,0.77812,0.77711,406,1780281599.62,USDCHF_otc
92,2026-06-01 02:40:00,0.77791,0.77765,0.77795,0.77739,402,1780281899.098,USDCHF_otc
92,2026-06-01 02:45:00,0.77765,0.7769,0.77765,0.77679,400,1780282199.556,USDCHF_otc
92,2026-06-01 02:50:00,0.77691,0.77657,0.77709,0.77657,423,1780282499.95,USDCHF_otc
92,2026-06-01 02:55:00,0.77661,0.77649,0.77692,0.77645,403,1780282799.902,USDCHF_otc
92,2026-06-01 03:00:00,0.77651,0.77669,0.77684,0.77643,412,1780283099.317,USDCHF_otc
92,2026-06-01 03:05:00,0.77669,0.77649,0.77679,0.77629,396,1780283399.844,USDCHF_otc
92,2026-06-01 03:10:00,0.77649,0.77615,0.77672,0.77606,382,1780283699.681,USDCHF_otc
92,2026-06-01 03:15:00,0.77611,0.77601,0.77627,0.7759,399,1780283999.588,USDCHF_otc
92,2026-06-01 03:20:00,0.77601,0.77579,0.77605,0.77563,399,1780284299.516,USDCHF_otc
92,2026-06-01 03:25:00,0.77578,0.77578,0.77609,0.77553,383,1780284599.918,USDCHF_otc
92,2026-06-01 03:30:00,0.77574,0.7757,0.77605,0.77525,395,1780284899.951,USDCHF_otc
92,2026-06-01 03:35:00,0.77571,0.77613,0.77613,0.77551,390,1780285199.864,USDCHF_otc
92,2026-06-01 03:40:00,0.77613,0.77549,0.77624,0.77547,397,1780285499.875,USDCHF_otc
92,2026-06-01 03:45:00,0.77549,0.77498,0.77549,0.77485,423,1780285799.74,USDCHF_otc
92,2026-06-01 03:50:00,0.77499,0.77496,0.77529,0.77481,398,1780286099.253,USDCHF_otc
92,2026-06-01 03:55:00,0.77496,0.77428,0.77504,0.7741,400,1780286398.642,USDCHF_otc
92,2026-06-01 04:00:00,0.77429,0.77392,0.77455,0.7738,398,1780286699.155,USDCHF_otc
92,2026-06-01 04:05:00,0.77393,0.77437,0.77476,0.77392,398,1780286999.568,USDCHF_otc
92,2026-06-01 04:10:00,0.77437,0.7743,0.77454,0.77398,402,1780287299.064,USDCHF_otc
92,2026-06-01 04:15:00,0.77431,0.77428,0.77446,0.77394,406,1780287599.998,USDCHF_otc
92,2026-06-01 04:20:00,0.77428,0.77422,0.77473,0.77413,407,1780287898.524,USDCHF_otc
92,2026-06-01 04:25:00,0.77422,0.77507,0.7751,0.77418,407,1780288199.99,USDCHF_otc
92,2026-06-01 04:30:00,0.77507,0.77485,0.77515,0.77455,392,1780288499.484,USDCHF_otc
92,2026-06-01 04:35:00,0.77485,0.77465,0.77491,0.7744,392,1780288799.383,USDCHF_otc
92,2026-06-01 04:40:00,0.77468,0.7753,0.77538,0.77466,391,1780289099.89,USDCHF_otc
92,2026-06-01 04:45:00,0.7753,0.77566,0.77567,0.77501,399,1780289398.797,USDCHF_otc
92,2026-06-01 04:50:00,0.77566,0.77543,0.77571,0.77517,401,1780289699.814,USDCHF_otc
92,2026-06-01 04:55:00,0.77545,0.77578,0.77611,0.77543,392,1780289999.316,USDCHF_otc
92,2026-06-01 05:00:00,0.77578,0.77583,0.776,0.77558,366,1780290299.761,USDCHF_otc
92,2026-06-01 05:05:00,0.77583,0.77556,0.77587,0.77533,385,1780290599.713,USDCHF_otc
92,2026-06-01 05:10:00,0.77554,0.77526,0.77575,0.77519,397,1780290899.694,USDCHF_otc
92,2026-06-01 05:15:00,0.77526,0.77487,0.77526,0.77458,405,1780291199.652,USDCHF_otc
92,2026-06-01 05:20:00,0.77486,0.77483,0.77494,0.77441,405,1780291499.612,USDCHF_otc
92,2026-06-01 05:25:00,0.77483,0.7743,0.77519,0.77421,417,1780291798.065,USDCHF_otc
92,2026-06-01 05:30:00,0.77432,0.7749,0.7749,0.7742,416,1780292099.514,USDCHF_otc
92,2026-06-01 05:35:00,0.7749,0.77513,0.77536,0.77484,387,1780292398.503,USDCHF_otc
92,2026-06-01 05:40:00,0.77512,0.77512,0.77525,0.77482,386,1780292699.968,USDCHF_otc
92,2026-06-01 05:45:00,0.77512,0.77498,0.77523,0.77481,418,1780292999.928,USDCHF_otc
92,2026-06-01 05:50:00,0.77498,0.77528,0.77531,0.77468,414,1780293299.884,USDCHF_otc
92,2026-06-01 05:55:00,0.77528,0.77525,0.77567,0.77503,403,1780293598.856,USDCHF_otc
92,2026-06-01 06:00:00,0.77525,0.77549,0.77557,0.77499,414,1780293899.32,USDCHF_otc
92,2026-06-01 06:05:00,0.77551,0.77628,0.77628,0.77525,415,1780294199.803,USDCHF_otc
92,2026-06-01 06:10:00,0.77627,0.77704,0.7771,0.77613,400,1780294499.762,USDCHF_otc
92,2026-06-01 06:15:00,0.77704,0.77733,0.7775,0.77683,402,1780294799.703,USDCHF_otc
92,2026-06-01 06:20:00,0.77732,0.77791,0.77799,0.77708,413,1780295099.174,USDCHF_otc
92,2026-06-01 06:25:00,0.77791,0.77829,0.77857,0.77791,392,1780295399.687,USDCHF_otc
92,2026-06-01 06:30:00,0.77829,0.77762,0.77851,0.77752,401,1780295699.61,USDCHF_otc
92,2026-06-01 06:35:00,0.77762,0.77703,0.77762,0.77685,401,1780295999.598,USDCHF_otc
92,2026-06-01 06:40:00,0.77703,0.77667,0.77717,0.77642,399,1780296299.039,USDCHF_otc
92,2026-06-01 06:45:00,0.77668,0.77671,0.77692,0.7765,404,1780296599.57,USDCHF_otc
92,2026-06-01 06:50:00,0.77668,0.77669,0.77688,0.77626,383,1780296899.985,USDCHF_otc
92,2026-06-01 06:55:00,0.77669,0.77647,0.77701,0.77644,402,1780297199.997,USDCHF_otc
92,2026-06-01 07:00:00,0.77647,0.77517,0.77657,0.77517,404,1780297499.91,USDCHF_otc
92,2026-06-01 07:05:00,0.77517,0.77482,0.77535,0.77466,409,1780297799.954,USDCHF_otc
92,2026-06-01 07:10:00,0.77482,0.77442,0.77486,0.77433,414,1780298099.849,USDCHF_otc
92,2026-06-01 07:15:00,0.77442,0.77403,0.77444,0.7738,384,1780298399.874,USDCHF_otc
92,2026-06-01 07:20:00,0.77403,0.77405,0.77416,0.77382,411,1780298699.257,USDCHF_otc
92,2026-06-01 07:25:00,0.77404,0.77372,0.7742,0.77365,401,1780298999.805,USDCHF_otc
92,2026-06-01 07:30:00,0.77372,0.77281,0.77381,0.77279,403,1780299299.183,USDCHF_otc
92,2026-06-01 07:35:00,0.77281,0.77252,0.77322,0.77252,403,1780299599.24,USDCHF_otc
92,2026-06-01 07:40:00,0.77252,0.77376,0.77383,0.77252,390,1780299899.154,USDCHF_otc
92,2026-06-01 07:45:00,0.77373,0.77337,0.77377,0.77332,398,1780300198.179,USDCHF_otc
92,2026-06-01 07:50:00,0.77339,0.77384,0.77394,0.77324,410,1780300498.681,USDCHF_otc
92,2026-06-01 07:55:00,0.77384,0.77437,0.77437,0.77362,407,1780300799.629,USDCHF_otc
92,2026-06-01 08:00:00,0.77435,0.77402,0.77438,0.77388,410,1780301099.577,USDCHF_otc
92,2026-06-01 08:05:00,0.77398,0.77444,0.77458,0.77392,394,1780301399.078,USDCHF_otc
92,2026-06-01 08:10:00,0.77444,0.77519,0.77519,0.77441,389,1780301699.555,USDCHF_otc
92,2026-06-01 08:15:00,0.77519,0.77491,0.7752,0.77465,393,1780301999.025,USDCHF_otc
92,2026-06-01 08:20:00,0.77495,0.77516,0.7752,0.7747,398,1780302299.522,USDCHF_otc
92,2026-06-01 08:25:00,0.77515,0.77481,0.77519,0.7747,385,1780302599.432,USDCHF_otc
92,2026-06-01 08:30:00,0.77481,0.77493,0.77496,0.77415,407,1780302899.445,USDCHF_otc
92,2026-06-01 08:35:00,0.77499,0.77517,0.77547,0.77499,384,1780303199.925,USDCHF_otc
92,2026-06-01 08:40:00,0.77519,0.77541,0.77564,0.77505,413,1780303499.459,USDCHF_otc
92,2026-06-01 08:45:00,0.77541,0.77492,0.77541,0.77464,407,1780303798.88,USDCHF_otc
92,2026-06-01 08:50:00,0.77492,0.77439,0.77502,0.77424,378,1780304099.879,USDCHF_otc
92,2026-06-01 08:55:00,0.77437,0.77399,0.77445,0.77399,388,1780304399.77,USDCHF_otc
92,2026-06-01 09:00:00,0.77399,0.77362,0.77405,0.77342,398,1780304699.819,USDCHF_otc
92,2026-06-01 09:05:00,0.77359,0.77364,0.77375,0.7733,403,1780304999.761,USDCHF_otc
92,2026-06-01 09:10:00,0.77365,0.7731,0.77369,0.77301,407,1780305299.779,USDCHF_otc
92,2026-06-01 09:15:00,0.77309,0.77309,0.77338,0.77288,400,1780305598.686,USDCHF_otc
92,2026-06-01 09:20:00,0.77309,0.77318,0.77337,0.77279,413,1780305899.196,USDCHF_otc
92,2026-06-01 09:25:00,0.7732,0.77296,0.77331,0.77275,398,1780306199.627,USDCHF_otc
92,2026-06-01 09:30:00,0.77296,0.77295,0.77344,0.77278,398,1780306498.673,USDCHF_otc
92,2026-06-01 09:35:00,0.77295,0.77283,0.77324,0.77271,390,1780306799.607,USDCHF_otc
92,2026-06-01 09:40:00,0.77283,0.77304,0.77309,0.77252,406,1780307099.588,USDCHF_otc
92,2026-06-01 09:45:00,0.77306,0.77339,0.77339,0.7728,407,1780307399.041,USDCHF_otc
92,2026-06-01 09:50:00,0.77339,0.77307,0.77339,0.77278,388,1780307699.978,USDCHF_otc
92,2026-06-01 09:55:00,0.77307,0.77303,0.77323,0.77259,405,1780307999.899,USDCHF_otc
92,2026-06-01 10:00:00,0.77302,0.77265,0.77318,0.77221,412,1780308299.922,USDCHF_otc
92,2026-06-01 10:05:00,0.77257,0.77253,0.77274,0.77227,400,1780308599.881,USDCHF_otc
92,2026-06-01 10:10:00,0.77253,0.77211,0.7726,0.77207,408,1780308899.824,USDCHF_otc
92,2026-06-01 10:15:00,0.77211,0.77201,0.77224,0.7719,395,1780309199.243,USDCHF_otc
92,2026-06-01 10:20:00,0.77201,0.77264,0.77267,0.7718,415,1780309499.745,USDCHF_otc
92,2026-06-01 10:25:00,0.77264,0.77205,0.77289,0.77202,384,1780309799.696,USDCHF_otc
92,2026-06-01 10:30:00,0.77204,0.77282,0.77286,0.77199,401,1780310098.712,USDCHF_otc
92,2026-06-01 10:35:00,0.77282,0.77334,0.7738,0.77282,403,1780310399.679,USDCHF_otc
92,2026-06-01 10:40:00,0.77334,0.77335,0.77374,0.77312,400,1780310699.613,USDCHF_otc
92,2026-06-01 10:45:00,0.77335,0.77386,0.77399,0.77329,428,1780310999.535,USDCHF_otc
92,2026-06-01 10:50:00,0.77386,0.77303,0.77391,0.77299,384,1780311298.505,USDCHF_otc
92,2026-06-01 10:55:00,0.77309,0.77382,0.77391,0.77309,403,1780311599.516,USDCHF_otc
92,2026-06-01 11:00:00,0.77392,0.77315,0.77414,0.7731,393,1780311899.516,USDCHF_otc
92,2026-06-01 11:05:00,0.77315,0.77297,0.77342,0.77276,404,1780312199.509,USDCHF_otc
92,2026-06-01 11:10:00,0.77298,0.77273,0.77302,0.77236,398,1780312499.925,USDCHF_otc
92,2026-06-01 11:15:00,0.77273,0.77254,0.7728,0.77245,393,1780312799.462,USDCHF_otc
92,2026-06-01 11:20:00,0.77254,0.77222,0.7728,0.77197,387,1780313099.843,USDCHF_otc
92,2026-06-01 11:25:00,0.7722,0.77168,0.77233,0.77161,412,1780313399.366,USDCHF_otc
92,2026-06-01 11:30:00,0.77168,0.77204,0.77236,0.77167,394,1780313699.781,USDCHF_otc
92,2026-06-01 11:35:00,0.77204,0.77222,0.77229,0.77191,395,1780313999.835,USDCHF_otc
92,2026-06-01 11:40:00,0.77225,0.77229,0.77258,0.77212,403,1780314299.257,USDCHF_otc
92,2026-06-01 11:45:00,0.77229,0.77204,0.77235,0.77194,412,1780314599.743,USDCHF_otc
92,2026-06-01 11:50:00,0.77204,0.77223,0.77277,0.77191,416,1780314899.725,USDCHF_otc
92,2026-06-01 11:55:00,0.77224,0.77245,0.7725,0.7719,395,1780315198.688,USDCHF_otc
92,2026-06-01 12:00:00,0.77246,0.77298,0.7731,0.7723,410,1780315499.703,USDCHF_otc
92,2026-06-01 12:05:00,0.77298,0.77313,0.77346,0.77277,390,1780315799.678,USDCHF_otc
92,2026-06-01 12:10:00,0.77312,0.77353,0.77395,0.77303,407,1780316099.044,USDCHF_otc
92,2026-06-01 12:15:00,0.77351,0.7734,0.77382,0.77331,403,1780316399.555,USDCHF_otc
92,2026-06-01 12:20:00,0.7734,0.77286,0.77355,0.7728,392,1780316699.488,USDCHF_otc
92,2026-06-01 12:25:00,0.77286,0.77273,0.77298,0.77252,388,1780316999.528,USDCHF_otc
92,2026-06-01 12:30:00,0.77272,0.77309,0.77317,0.77272,407,1780317299.029,USDCHF_otc
92,2026-06-01 12:35:00,0.7731,0.77289,0.77314,0.77267,391,1780317599.988,USDCHF_otc
92,2026-06-01 12:40:00,0.77289,0.77357,0.77383,0.77272,397,1780317899.959,USDCHF_otc
92,2026-06-01 12:45:00,0.77357,0.77341,0.77371,0.77321,382,1780318199.961,USDCHF_otc
92,2026-06-01 12:50:00,0.77339,0.77253,0.7736,0.77253,421,1780318499.51,USDCHF_otc
92,2026-06-01 12:55:00,0.77253,0.77165,0.77274,0.77158,406,1780318799.905,USDCHF_otc
92,2026-06-01 13:00:00,0.77163,0.7721,0.77242,0.77163,386,1780319099.421,USDCHF_otc
92,2026-06-01 13:05:00,0.7721,0.77251,0.77281,0.77202,399,1780319398.303,USDCHF_otc
92,2026-06-01 13:10:00,0.77251,0.7727,0.77287,0.77233,413,1780319699.817,USDCHF_otc
92,2026-06-01 13:15:00,0.7727,0.77288,0.77304,0.77268,404,1780319998.738,USDCHF_otc
92,2026-06-01 13:20:00,0.7729,0.7728,0.77319,0.77268,399,1780320298.272,USDCHF_otc
92,2026-06-01 13:25:00,0.77284,0.7725,0.773,0.77234,409,1780320599.713,USDCHF_otc
92,2026-06-01 13:30:00,0.7725,0.77259,0.77291,0.77243,386,1780320899.738,USDCHF_otc
92,2026-06-01 13:35:00,0.77259,0.77257,0.77281,0.7722,404,1780321199.644,USDCHF_otc
92,2026-06-01 13:40:00,0.77257,0.77267,0.77302,0.77255,410,1780321499.655,USDCHF_otc
92,2026-06-01 13:45:00,0.77267,0.77347,0.77352,0.77262,401,1780321799.559,USDCHF_otc
92,2026-06-01 13:50:00,0.77349,0.77342,0.77381,0.7733,402,1780322099.089,USDCHF_otc
92,2026-06-01 13:55:00,0.77341,0.77363,0.77376,0.77332,376,1780322399.564,USDCHF_otc
92,2026-06-01 14:00:00,0.77363,0.77406,0.77415,0.77344,393,1780322699.561,USDCHF_otc
92,2026-06-01 14:05:00,0.77408,0.77414,0.77427,0.77369,381,1780322999.519,USDCHF_otc
92,2026-06-01 14:10:00,0.77414,0.77335,0.77414,0.77325,406,1780323299.513,USDCHF_otc
92,2026-06-01 14:15:00,0.77336,0.77315,0.77349,0.77311,412,1780323599.947,USDCHF_otc
92,2026-06-01 14:20:00,0.77315,0.77322,0.77349,0.77305,382,1780323899.971,USDCHF_otc
92,2026-06-01 14:25:00,0.77322,0.77273,0.77336,0.77249,396,1780324199.974,USDCHF_otc
92,2026-06-01 14:30:00,0.77273,0.77328,0.77348,0.77271,405,1780324499.916,USDCHF_otc
92,2026-06-01 14:35:00,0.77328,0.77386,0.77395,0.77308,406,1780324799.936,USDCHF_otc
92,2026-06-01 14:40:00,0.77386,0.77396,0.77408,0.77365,374,1780325099.898,USDCHF_otc
92,2026-06-01 14:45:00,0.77396,0.77388,0.77409,0.77355,420,1780325399.921,USDCHF_otc
92,2026-06-01 14:50:00,0.77388,0.77417,0.77425,0.77353,410,1780325699.865,USDCHF_otc
92,2026-06-01 14:55:00,0.77417,0.77395,0.7743,0.77376,402,1780325999.887,USDCHF_otc
92,2026-06-01 15:00:00,0.77393,0.77462,0.77463,0.77391,396,1780326299.816,USDCHF_otc
92,2026-06-01 15:05:00,0.77463,0.77427,0.77467,0.77412,391,1780326599.837,USDCHF_otc
92,2026-06-01 15:10:00,0.77427,0.77363,0.7743,0.77363,397,1780326898.795,USDCHF_otc
92,2026-06-01 15:15:00,0.7736,0.77307,0.774,0.77304,377,1780327199.29,USDCHF_otc
92,2026-06-01 15:20:00,0.77309,0.77352,0.77393,0.77306,393,1780327499.732,USDCHF_otc
92,2026-06-01 15:25:00,0.77352,0.77333,0.7737,0.77304,409,1780327799.719,USDCHF_otc
92,2026-06-01 15:30:00,0.77333,0.77375,0.77407,0.7731,381,1780328099.636,USDCHF_otc
92,2026-06-01 15:35:00,0.77375,0.77376,0.77398,0.77316,397,1780328399.673,USDCHF_otc
92,2026-06-01 15:40:00,0.77376,0.77367,0.77389,0.77322,392,1780328699.099,USDCHF_otc
92,2026-06-01 15:45:00,0.77367,0.77381,0.77414,0.77366,394,1780328999.615,USDCHF_otc
92,2026-06-01 15:50:00,0.77381,0.77401,0.7741,0.77353,391,1780329299.018,USDCHF_otc
92,2026-06-01 15:55:00,0.77401,0.77386,0.77418,0.77366,398,1780329599.586,USDCHF_otc
92,2026-06-01 16:00:00,0.77386,0.77411,0.77413,0.77346,402,1780329899.021,USDCHF_otc
92,2026-06-01 16:05:00,0.77403,0.77477,0.77477,0.77392,401,1780330199.518,USDCHF_otc
92,2026-06-01 16:10:00,0.77477,0.77446,0.77495,0.77446,402,1780330499.534,USDCHF_otc
92,2026-06-01 16:15:00,0.77446,0.77419,0.77474,0.77387,395,1780330799.916,USDCHF_otc
92,2026-06-01 16:20:00,0.77419,0.77466,0.77469,0.77404,388,1780331099.905,USDCHF_otc
92,2026-06-01 16:25:00,0.77466,0.77482,0.77515,0.7746,392,1780331399.902,USDCHF_otc
92,2026-06-01 16:30:00,0.77482,0.77495,0.77515,0.77451,397,1780331699.908,USDCHF_otc
92,2026-06-01 16:35:00,0.77495,0.77572,0.77572,0.77494,394,1780331998.829,USDCHF_otc
92,2026-06-01 16:40:00,0.77572,0.77567,0.77585,0.77543,379,1780332299.877,USDCHF_otc
92,2026-06-01 16:45:00,0.77569,0.77677,0.77678,0.77562,415,1780332598.786,USDCHF_otc
92,2026-06-01 16:50:00,0.77677,0.77632,0.77688,0.77592,397,1780332899.83,USDCHF_otc
92,2026-06-01 16:55:00,0.77632,0.77568,0.77639,0.77559,389,1780333199.736,USDCHF_otc
92,2026-06-01 17:00:00,0.77568,0.77535,0.77581,0.7753,410,1780333499.744,USDCHF_otc
92,2026-06-01 17:05:00,0.77535,0.77589,0.77591,0.7752,402,1780333799.176,USDCHF_otc
92,2026-06-01 17:10:00,0.77591,0.77525,0.77604,0.77522,392,1780334099.663,USDCHF_otc
92,2026-06-01 17:15:00,0.77525,0.77603,0.77612,0.77516,394,1780334399.976,USDCHF_otc
92,2026-06-01 17:20:00,0.77603,0.77644,0.7765,0.77564,403,1780334699.882,USDCHF_otc
92,2026-06-01 17:25:00,0.77644,0.77588,0.77662,0.77587,391,1780334999.898,USDCHF_otc
92,2026-06-01 17:30:00,0.77585,0.77597,0.77604,0.77557,420,1780335299.835,USDCHF_otc
92,2026-06-01 17:35:00,0.77597,0.7767,0.77675,0.77593,389,1780335599.352,USDCHF_otc
92,2026-06-01 17:40:00,0.7767,0.77735,0.7775,0.77645,400,1780335899.787,USDCHF_otc
92,2026-06-01 17:45:00,0.77735,0.77756,0.77777,0.77714,383,1780336198.293,USDCHF_otc
92,2026-06-01 17:50:00,0.77757,0.77793,0.77794,0.77731,407,1780336499.774,USDCHF_otc
92,2026-06-01 17:55:00,0.77793,0.77772,0.77816,0.77767,392,1780336799.799,USDCHF_otc
92,2026-06-01 18:00:00,0.77772,0.77711,0.77781,0.77701,421,1780337099.827,USDCHF_otc
92,2026-06-01 18:05:00,0.7771,0.77743,0.77752,0.77704,403,1780337399.73,USDCHF_otc
92,2026-06-01 18:10:00,0.77743,0.77787,0.77803,0.77729,378,1780337699.747,USDCHF_otc
92,2026-06-01 18:15:00,0.77787,0.77769,0.77814,0.77767,399,1780337999.665,USDCHF_otc
92,2026-06-01 18:20:00,0.77771,0.77698,0.77773,0.7768,391,1780338299.151,USDCHF_otc
92,2026-06-01 18:25:00,0.77698,0.77705,0.77717,0.77681,385,1780338599.583,USDCHF_otc
92,2026-06-01 18:30:00,0.77705,0.77698,0.77719,0.77654,391,1780338899.068,USDCHF_otc
92,2026-06-01 18:35:00,0.77698,0.77704,0.7772,0.77675,424,1780339199.46,USDCHF_otc
92,2026-06-01 18:40:00,0.77703,0.77792,0.77795,0.77696,413,1780339499.951,USDCHF_otc
92,2026-06-01 18:45:00,0.77791,0.77743,0.77798,0.77741,407,1780339799.926,USDCHF_otc
92,2026-06-01 18:50:00,0.77743,0.77725,0.77744,0.77688,384,1780340099.952,USDCHF_otc
92,2026-06-01 18:55:00,0.77725,0.77768,0.77805,0.77715,367,1780340399.897,USDCHF_otc
92,2026-06-01 19:00:00,0.77767,0.77743,0.77791,0.77735,428,1780340699.898,USDCHF_otc
92,2026-06-01 19:05:00,0.77743,0.77834,0.77837,0.77741,392,1780340999.286,USDCHF_otc
92,2026-06-01 19:10:00,0.77834,0.7791,0.7791,0.77823,385,1780341299.75,USDCHF_otc
92,2026-06-01 19:15:00,0.7791,0.78002,0.78014,0.77891,402,1780341599.747,USDCHF_otc
92,2026-06-01 19:20:00,0.78002,0.77971,0.78025,0.77946,412,1780341899.729,USDCHF_otc
92,2026-06-01 19:25:00,0.77971,0.77968,0.77975,0.77917,395,1780342198.167,USDCHF_otc
92,2026-06-01 19:30:00,0.77968,0.78011,0.78034,0.77959,408,1780342499.653,USDCHF_otc
92,2026-06-01 19:35:00,0.78013,0.77972,0.78022,0.77962,392,1780342799.534,USDCHF_otc
92,2026-06-01 19:40:00,0.77972,0.77879,0.77972,0.77875,395,1780343099.966,USDCHF_otc
92,2026-06-01 19:45:00,0.77879,0.77818,0.77913,0.77803,396,1780343398.998,USDCHF_otc
92,2026-06-01 19:50:00,0.77818,0.7787,0.7787,0.77815,400,1780343699.51,USDCHF_otc
92,2026-06-01 19:55:00,0.7787,0.7786,0.77876,0.77827,386,1780343999.417,USDCHF_otc
92,2026-06-01 20:00:00,0.7786,0.77833,0.77903,0.77829,386,1780344299.915,USDCHF_otc
92,2026-06-01 20:05:00,0.77831,0.77808,0.77831,0.77766,401,1780344599.788,USDCHF_otc
92,2026-06-01 20:10:00,0.77809,0.77837,0.77868,0.77809,397,1780344899.744,USDCHF_otc
92,2026-06-01 20:15:00,0.77837,0.77839,0.77857,0.77804,418,1780345199.205,USDCHF_otc
92,2026-06-01 20:20:00,0.77838,0.77819,0.77865,0.77797,408,1780345499.653,USDCHF_otc
92,2026-06-01 20:25:00,0.77819,0.77765,0.77863,0.77761,397,1780345799.636,USDCHF_otc
92,2026-06-01 20:30:00,0.77763,0.77803,0.77825,0.77759,388,1780346099.556,USDCHF_otc
92,2026-06-01 20:35:00,0.77805,0.77817,0.7784,0.77789,391,1780346398.561,USDCHF_otc
92,2026-06-01 20:40:00,0.77817,0.77812,0.77889,0.77811,421,1780346699.993,USDCHF_otc
92,2026-06-01 20:45:00,0.77813,0.7779,0.77823,0.77782,405,1780346999.454,USDCHF_otc
92,2026-06-01 20:50:00,0.7779,0.77894,0.77894,0.77785,397,1780347299.884,USDCHF_otc
92,2026-06-01 20:55:00,0.77894,0.77938,0.77944,0.77876,373,1780347599.877,USDCHF_otc
92,2026-06-01 21:00:00,0.77938,0.77934,0.77963,0.77922,408,1780347899.78,USDCHF_otc
92,2026-06-01 21:05:00,0.77938,0.77844,0.77948,0.77839,413,1780348199.8,USDCHF_otc
92,2026-06-01 21:10:00,0.77844,0.77845,0.77889,0.77821,401,1780348499.755,USDCHF_otc
92,2026-06-01 21:15:00,0.77845,0.77815,0.77888,0.77793,404,1780348799.71,USDCHF_otc
92,2026-06-01 21:20:00,0.77815,0.77828,0.77859,0.77813,407,1780349099.693,USDCHF_otc
92,2026-06-01 21:25:00,0.77828,0.77865,0.77872,0.77827,407,1780349399.124,USDCHF_otc
92,2026-06-01 21:30:00,0.77865,0.77867,0.77887,0.77843,400,1780349699.978,USDCHF_otc
92,2026-06-01 21:35:00,0.77867,0.7788,0.77906,0.77862,421,1780349999.988,USDCHF_otc
92,2026-06-01 21:40:00,0.77881,0.77872,0.77893,0.77856,404,1780350299.923,USDCHF_otc
92,2026-06-01 21:45:00,0.77874,0.77833,0.77893,0.77833,412,1780350599.403,USDCHF_otc
92,2026-06-01 21:50:00,0.77833,0.77861,0.77878,0.77832,404,1780350899.823,USDCHF_otc
92,2026-06-01 21:55:00,0.77861,0.77901,0.77902,0.77857,409,1780351199.359,USDCHF_otc
92,2026-06-01 22:00:00,0.779,0.77904,0.77948,0.7789,382,1780351499.261,USDCHF_otc
92,2026-06-01 22:05:00,0.77904,0.77902,0.77954,0.77898,407,1780351799.776,USDCHF_otc
92,2026-06-01 22:10:00,0.77903,0.77902,0.77908,0.77882,416,1780352099.727,USDCHF_otc
92,2026-06-01 22:15:00,0.77902,0.77906,0.77952,0.7789,405,1780352399.195,USDCHF_otc
92,2026-06-01 22:20:00,0.77909,0.77913,0.77915,0.7784,398,1780352699.607,USDCHF_otc
92,2026-06-01 22:25:00,0.77915,0.7786,0.77915,0.77837,399,1780352999.072,USDCHF_otc
92,2026-06-01 22:30:00,0.7786,0.77869,0.7789,0.77808,399,1780353299.993,USDCHF_otc
92,2026-06-01 22:35:00,0.77871,0.7786,0.77894,0.7786,394,1780353599.505,USDCHF_otc
92,2026-06-01 22:40:00,0.7786,0.77868,0.77893,0.77839,388,1780353899.952,USDCHF_otc
92,2026-06-01 22:45:00,0.77868,0.77847,0.77878,0.77816,408,1780354199.395,USDCHF_otc
92,2026-06-01 22:50:00,0.77846,0.77859,0.77868,0.77832,402,1780354498.797,USDCHF_otc
92,2026-06-01 22:55:00,0.77857,0.77884,0.77897,0.77837,387,1780354799.792,USDCHF_otc
92,2026-06-01 23:00:00,0.77884,0.77882,0.77934,0.7786,391,1780355099.226,USDCHF_otc
92,2026-06-01 23:05:00,0.77884,0.77834,0.77887,0.77807,392,1780355399.731,USDCHF_otc
92,2026-06-01 23:10:00,0.77834,0.77859,0.77874,0.77819,405,1780355699.625,USDCHF_otc
92,2026-06-01 23:15:00,0.77864,0.77748,0.7788,0.7774,391,1780355999.608,USDCHF_otc
92,2026-06-01 23:20:00,0.77746,0.77829,0.77845,0.77746,397,1780356299.459,USDCHF_otc
92,2026-06-01 23:25:00,0.77829,0.7778,0.77847,0.77769,417,1780356599.933,USDCHF_otc
92,2026-06-01 23:30:00,0.7778,0.77832,0.77851,0.7778,396,1780356899.364,USDCHF_otc
92,2026-06-01 23:35:00,0.77832,0.77958,0.77965,0.77826,394,1780357199.319,USDCHF_otc
92,2026-06-01 23:40:00,0.77958,0.7804,0.78076,0.77958,409,1780357499.255,USDCHF_otc
92,2026-06-01 23:45:00,0.78044,0.78036,0.78056,0.78003,410,1780357799.191,USDCHF_otc
92,2026-06-01 23:50:00,0.78037,0.77925,0.78044,0.77922,405,1780358098.643,USDCHF_otc
92,2026-06-01 23:55:00,0.77927,0.77915,0.77929,0.77874,398,1780358399.623,USDCHF_otc
92,2026-06-02 00:00:00,0.77917,0.77873,0.77923,0.77864,393,1780358699.106,USDCHF_otc
92,2026-06-02 00:05:00,0.77873,0.77847,0.77905,0.77842,405,1780358999.601,USDCHF_otc
92,2026-06-02 00:10:00,0.77847,0.77842,0.77876,0.77827,401,1780359299.046,USDCHF_otc
92,2026-06-02 00:15:00,0.77843,0.7785,0.77859,0.77812,380,1780359599.536,USDCHF_otc
92,2026-06-02 00:20:00,0.7785,0.77787,0.77854,0.77769,401,1780359899.91,USDCHF_otc
92,2026-06-02 00:25:00,0.77787,0.77846,0.77869,0.77758,406,1780360199.877,USDCHF_otc
92,2026-06-02 00:30:00,0.77846,0.77876,0.7788,0.77823,394,1780360499.321,USDCHF_otc
92,2026-06-02 00:35:00,0.77878,0.77839,0.77892,0.7782,407,1780360799.866,USDCHF_otc
92,2026-06-02 00:40:00,0.77838,0.77816,0.77865,0.77807,392,1780361099.777,USDCHF_otc
92,2026-06-02 00:45:00,0.77816,0.7785,0.77862,0.77795,405,1780361398.788,USDCHF_otc
92,2026-06-02 00:50:00,0.7785,0.77866,0.77872,0.77813,407,1780361697.665,USDCHF_otc
92,2026-06-02 00:55:00,0.77868,0.779,0.77904,0.77847,406,1780361999.685,USDCHF_otc
92,2026-06-02 01:00:00,0.779,0.77923,0.77955,0.7789,414,1780362299.607,USDCHF_otc
92,2026-06-02 01:05:00,0.77923,0.77976,0.77981,0.77916,407,1780362599.598,USDCHF_otc
92,2026-06-02 01:10:00,0.77976,0.77966,0.7798,0.7794,408,1780362899.979,USDCHF_otc
92,2026-06-02 01:15:00,0.77966,0.77943,0.77986,0.77915,403,1780363199.959,USDCHF_otc
92,2026-06-02 01:20:00,0.77945,0.78014,0.78023,0.77945,396,1780363498.865,USDCHF_otc
92,2026-06-02 01:25:00,0.78014,0.78009,0.78056,0.77981,408,1780363799.833,USDCHF_otc
92,2026-06-02 01:30:00,0.78009,0.77914,0.78015,0.77914,420,1780364099.775,USDCHF_otc
92,2026-06-02 01:35:00,0.77914,0.77983,0.77992,0.7789,406,1780364399.778,USDCHF_otc
92,2026-06-02 01:40:00,0.77983,0.77924,0.77989,0.77922,385,1780364699.164,USDCHF_otc
92,2026-06-02 01:45:00,0.77924,0.77996,0.78007,0.77912,415,1780364999.041,USDCHF_otc
92,2026-06-02 01:50:00,0.77995,0.77979,0.78016,0.77959,395,1780365299.573,USDCHF_otc
92,2026-06-02 01:55:00,0.77979,0.779,0.77993,0.77893,411,1780365599.54,USDCHF_otc
92,2026-06-02 02:00:00,0.779,0.77911,0.77937,0.77883,403,1780365899.977,USDCHF_otc
92,2026-06-02 02:05:00,0.77911,0.77987,0.78001,0.77897,391,1780366199.905,USDCHF_otc
92,2026-06-02 02:10:00,0.77989,0.77941,0.7799,0.77939,394,1780366499.382,USDCHF_otc
92,2026-06-02 02:15:00,0.77941,0.77959,0.77977,0.77932,408,1780366799.267,USDCHF_otc
92,2026-06-02 02:20:00,0.77959,0.77992,0.77997,0.77941,401,1780367099.779,USDCHF_otc
92,2026-06-02 02:25:00,0.77992,0.77933,0.77994,0.77916,380,1780367399.689,USDCHF_otc
92,2026-06-02 02:30:00,0.77936,0.77942,0.77969,0.77904,412,1780367698.653,USDCHF_otc
92,2026-06-02 02:35:00,0.77942,0.77957,0.78013,0.77931,398,1780367999.667,USDCHF_otc
92,2026-06-02 02:40:00,0.77956,0.78031,0.78038,0.77946,406,1780368299.6,USDCHF_otc
92,2026-06-02 02:45:00,0.78029,0.78085,0.78093,0.78023,407,1780368599.529,USDCHF_otc
92,2026-06-02 02:50:00,0.78085,0.78138,0.78152,0.78079,390,1780368899.513,USDCHF_otc
92,2026-06-02 02:55:00,0.78139,0.78196,0.78205,0.78139,424,1780369199.945,USDCHF_otc
92,2026-06-02 03:00:00,0.78195,0.78255,0.78277,0.78193,405,1780369499.915,USDCHF_otc
92,2026-06-02 03:05:00,0.78255,0.78216,0.78257,0.78189,400,1780369799.828,USDCHF_otc
92,2026-06-02 03:10:00,0.78216,0.78205,0.78218,0.78167,380,1780370099.825,USDCHF_otc
92,2026-06-02 03:15:00,0.78205,0.78117,0.78209,0.78099,398,1780370399.706,USDCHF_otc
92,2026-06-02 03:20:00,0.78114,0.78079,0.78154,0.78073,389,1780370699.731,USDCHF_otc
92,2026-06-02 03:25:00,0.78079,0.78057,0.7811,0.78057,388,1780370998.671,USDCHF_otc
92,2026-06-02 03:30:00,0.78057,0.78161,0.7819,0.78057,374,1780371299.662,USDCHF_otc
92,2026-06-02 03:35:00,0.78165,0.7816,0.78195,0.7813,384,1780371599.575,USDCHF_otc
92,2026-06-02 03:40:00,0.78159,0.78129,0.78159,0.78087,396,1780371899.101,USDCHF_otc
92,2026-06-02 03:45:00,0.7813,0.78104,0.78149,0.78103,402,1780372199.526,USDCHF_otc
92,2026-06-02 03:50:00,0.78102,0.78178,0.78182,0.78091,400,1780372499.032,USDCHF_otc
92,2026-06-02 03:55:00,0.78179,0.78175,0.78204,0.78147,409,1780372799.959,USDCHF_otc
92,2026-06-02 04:00:00,0.78175,0.78171,0.78215,0.7816,394,1780373099.94,USDCHF_otc
92,2026-06-02 04:05:00,0.78171,0.78119,0.78199,0.78111,424,1780373399.877,USDCHF_otc
92,2026-06-02 04:10:00,0.78118,0.78079,0.7812,0.7805,407,1780373699.843,USDCHF_otc
92,2026-06-02 04:15:00,0.78078,0.78016,0.78088,0.78016,385,1780373998.748,USDCHF_otc
92,2026-06-02 04:20:00,0.78016,0.77939,0.78024,0.77936,407,1780374299.77,USDCHF_otc
92,2026-06-02 04:25:00,0.77939,0.77944,0.77968,0.77912,404,1780374599.702,USDCHF_otc
92,2026-06-02 04:30:00,0.77939,0.77961,0.7799,0.77916,389,1780374899.708,USDCHF_otc
92,2026-06-02 04:35:00,0.77961,0.77944,0.78028,0.7794,403,1780375199.666,USDCHF_otc
92,2026-06-02 04:40:00,0.77946,0.77929,0.77974,0.77927,393,1780375499.634,USDCHF_otc
92,2026-06-02 04:45:00,0.7793,0.77897,0.77938,0.77871,406,1780375798.542,USDCHF_otc
92,2026-06-02 04:50:00,0.779,0.7793,0.77959,0.779,382,1780376099.554,USDCHF_otc
92,2026-06-02 04:55:00,0.7793,0.77966,0.77971,0.77885,400,1780376399.427,USDCHF_otc
92,2026-06-02 05:00:00,0.77966,0.78049,0.78049,0.77957,399,1780376699.421,USDCHF_otc
92,2026-06-02 05:05:00,0.78051,0.78014,0.7807,0.78013,405,1780376999.768,USDCHF_otc
92,2026-06-02 05:10:00,0.78014,0.77971,0.78051,0.7796,409,1780377299.245,USDCHF_otc
92,2026-06-02 05:15:00,0.77971,0.77884,0.77977,0.77877,397,1780377599.213,USDCHF_otc
92,2026-06-02 05:20:00,0.77885,0.77883,0.77903,0.77861,390,1780377899.674,USDCHF_otc
92,2026-06-02 05:25:00,0.77881,0.77894,0.77905,0.77854,391,1780378199.068,USDCHF_otc
92,2026-06-02 05:30:00,0.77894,0.77923,0.77926,0.77848,399,1780378499.502,USDCHF_otc
92,2026-06-02 05:35:00,0.77923,0.77949,0.77954,0.77909,415,1780378799.978,USDCHF_otc
92,2026-06-02 05:40:00,0.77948,0.77952,0.77971,0.7792,380,1780379098.884,USDCHF_otc
92,2026-06-02 05:45:00,0.77952,0.77957,0.77976,0.77937,419,1780379399.901,USDCHF_otc
92,2026-06-02 05:50:00,0.77957,0.7801,0.78018,0.77942,386,1780379699.789,USDCHF_otc
92,2026-06-02 05:55:00,0.7801,0.78053,0.78076,0.77993,385,1780379999.811,USDCHF_otc
92,2026-06-02 06:00:00,0.78054,0.78051,0.78065,0.78018,399,1780380299.226,USDCHF_otc
92,2026-06-02 06:05:00,0.78051,0.78103,0.78107,0.78004,409,1780380599.761,USDCHF_otc
92,2026-06-02 06:10:00,0.78103,0.78065,0.78114,0.78042,398,1780380899.188,USDCHF_otc
92,2026-06-02 06:15:00,0.78065,0.78089,0.78091,0.78054,408,1780381199.205,USDCHF_otc
92,2026-06-02 06:20:00,0.78089,0.78135,0.78144,0.78057,397,1780381499.577,USDCHF_otc
92,2026-06-02 06:25:00,0.78135,0.78159,0.78201,0.78112,382,1780381799.564,USDCHF_otc
92,2026-06-02 06:30:00,0.78159,0.78106,0.78176,0.78083,395,1780382099.98,USDCHF_otc
92,2026-06-02 06:35:00,0.78104,0.78189,0.78207,0.78102,399,1780382399.548,USDCHF_otc
92,2026-06-02 06:40:00,0.7819,0.78144,0.78203,0.78136,383,1780382699.027,USDCHF_otc
92,2026-06-02 06:45:00,0.78143,0.78164,0.78187,0.78136,378,1780382999.552,USDCHF_otc
92,2026-06-02 06:50:00,0.78163,0.78171,0.78186,0.78137,372,1780383299.487,USDCHF_otc
92,2026-06-02 06:55:00,0.78173,0.78144,0.78207,0.78134,403,1780383599.936,USDCHF_otc
92,2026-06-02 07:00:00,0.78144,0.78095,0.78154,0.78095,389,1780383899.386,USDCHF_otc
92,2026-06-02 07:05:00,0.78095,0.78083,0.78116,0.78068,407,1780384199.854,USDCHF_otc
92,2026-06-02 07:10:00,0.78083,0.78041,0.78092,0.78023,379,1780384499.317,USDCHF_otc
92,2026-06-02 07:15:00,0.78041,0.78019,0.78041,0.77996,423,1780384799.775,USDCHF_otc
92,2026-06-02 07:20:00,0.7802,0.78065,0.78086,0.78013,407,1780385099.649,USDCHF_otc
92,2026-06-02 07:25:00,0.78066,0.78025,0.78082,0.78017,396,1780385399.126,USDCHF_otc
92,2026-06-02 07:30:00,0.78025,0.78078,0.7809,0.77993,396,1780385699.522,USDCHF_otc
92,2026-06-02 07:35:00,0.78078,0.78001,0.78102,0.7799,393,1780385999.551,USDCHF_otc
92,2026-06-02 07:40:00,0.78001,0.77992,0.78009,0.77942,403,1780386299.956,USDCHF_otc
92,2026-06-02 07:45:00,0.77992,0.77922,0.77992,0.77921,401,1780386599.461,USDCHF_otc
92,2026-06-02 07:50:00,0.77922,0.77858,0.77941,0.77857,379,1780386899.857,USDCHF_otc
92,2026-06-02 07:55:00,0.77859,0.77923,0.77924,0.77855,394,1780387199.374,USDCHF_otc
92,2026-06-02 08:00:00,0.77923,0.77963,0.77983,0.77914,393,1780387499.832,USDCHF_otc
92,2026-06-02 08:05:00,0.77963,0.7795,0.77975,0.77924,400,1780387799.822,USDCHF_otc
92,2026-06-02 08:10:00,0.7795,0.77957,0.77966,0.7793,386,1780388099.753,USDCHF_otc
92,2026-06-02 08:15:00,0.7796,0.77969,0.77981,0.77928,390,1780388399.762,USDCHF_otc
92,2026-06-02 08:20:00,0.77969,0.77919,0.77978,0.77907,396,1780388699.625,USDCHF_otc
92,2026-06-02 08:25:00,0.77919,0.77901,0.77931,0.77869,396,1780388999.161,USDCHF_otc
92,2026-06-02 08:30:00,0.779,0.77874,0.779,0.77857,407,1780389299.092,USDCHF_otc
92,2026-06-02 08:35:00,0.77874,0.77888,0.77902,0.77857,390,1780389599.105,USDCHF_otc
92,2026-06-02 08:40:00,0.77887,0.77959,0.77961,0.77884,413,1780389899.53,USDCHF_otc
92,2026-06-02 08:45:00,0.77959,0.7801,0.78013,0.77959,387,1780390198.515,USDCHF_otc
92,2026-06-02 08:50:00,0.7801,0.78043,0.78061,0.7799,401,1780390499.888,USDCHF_otc
92,2026-06-02 08:55:00,0.78043,0.78034,0.78078,0.78029,398,1780390798.923,USDCHF_otc
92,2026-06-02 09:00:00,0.78034,0.78049,0.78055,0.78021,371,1780391099.861,USDCHF_otc
92,2026-06-02 09:05:00,0.78049,0.78004,0.78077,0.78004,399,1780391399.882,USDCHF_otc
92,2026-06-02 09:10:00,0.78004,0.77991,0.7805,0.77984,417,1780391699.23,USDCHF_otc
92,2026-06-02 09:15:00,0.77991,0.77966,0.78016,0.77953,405,1780391999.711,USDCHF_otc
92,2026-06-02 09:20:00,0.77967,0.77923,0.77982,0.7792,388,1780392299.674,USDCHF_otc
92,2026-06-02 09:25:00,0.77923,0.77886,0.77924,0.77863,396,1780392598.702,USDCHF_otc
92,2026-06-02 09:30:00,0.77886,0.77887,0.77944,0.7788,417,1780392899.618,USDCHF_otc
92,2026-06-02 09:35:00,0.77887,0.77947,0.77959,0.77882,388,1780393198.616,USDCHF_otc
92,2026-06-02 09:40:00,0.77948,0.77921,0.7795,0.77896,375,1780393499.053,USDCHF_otc
92,2026-06-02 09:45:00,0.77913,0.77929,0.77938,0.77881,394,1780393799.587,USDCHF_otc
92,2026-06-02 09:50:00,0.77929,0.77868,0.77936,0.77867,361,1780394098.544,USDCHF_otc
92,2026-06-02 09:55:00,0.77871,0.77861,0.77908,0.77846,400,1780394398.059,USDCHF_otc
92,2026-06-02 10:00:00,0.77861,0.77806,0.77881,0.77806,420,1780394699.995,USDCHF_otc
92,2026-06-02 10:05:00,0.77806,0.77866,0.77885,0.77789,424,1780394999.5,USDCHF_otc
92,2026-06-02 10:10:00,0.77866,0.77852,0.77875,0.77821,394,1780395299.932,USDCHF_otc
92,2026-06-02 10:15:00,0.77852,0.77913,0.77937,0.77852,405,1780395599.914,USDCHF_otc
92,2026-06-02 10:20:00,0.77913,0.77856,0.77931,0.77842,407,1780395899.888,USDCHF_otc
92,2026-06-02 10:25:00,0.77856,0.77848,0.77888,0.77805,404,1780396199.862,USDCHF_otc
92,2026-06-02 10:30:00,0.77848,0.77889,0.7789,0.77817,383,1780396499.745,USDCHF_otc
92,2026-06-02 10:35:00,0.77889,0.77956,0.77957,0.77885,413,1780396799.782,USDCHF_otc
92,2026-06-02 10:40:00,0.77956,0.77995,0.78003,0.77951,396,1780397099.747,USDCHF_otc
92,2026-06-02 10:45:00,0.77997,0.78055,0.78058,0.77987,408,1780397399.752,USDCHF_otc
92,2026-06-02 10:50:00,0.78056,0.78058,0.78062,0.78029,386,1780397699.791,USDCHF_otc
92,2026-06-02 10:55:00,0.78058,0.78126,0.78131,0.78053,394,1780397998.686,USDCHF_otc
92,2026-06-02 11:00:00,0.78126,0.78075,0.78136,0.78049,378,1780398299.684,USDCHF_otc
92,2026-06-02 11:05:00,0.78075,0.78099,0.781,0.78031,395,1780398599.652,USDCHF_otc
92,2026-06-02 11:10:00,0.78099,0.78093,0.78137,0.7808,411,1780398899.634,USDCHF_otc
92,2026-06-02 11:15:00,0.78093,0.77969,0.78093,0.77961,390,1780399199.087,USDCHF_otc
92,2026-06-02 11:20:00,0.77969,0.7796,0.77994,0.77941,400,1780399499.581,USDCHF_otc
92,2026-06-02 11:25:00,0.77961,0.77894,0.77967,0.77879,387,1780399799.487,USDCHF_otc
92,2026-06-02 11:30:00,0.77894,0.77903,0.77918,0.77875,396,1780400099.527,USDCHF_otc
92,2026-06-02 11:35:00,0.77903,0.77876,0.7791,0.77849,412,1780400399.903,USDCHF_otc
92,2026-06-02 11:40:00,0.77874,0.77832,0.77893,0.77822,380,1780400698.894,USDCHF_otc
92,2026-06-02 11:45:00,0.77832,0.77792,0.77841,0.77785,394,1780400998.871,USDCHF_otc
92,2026-06-02 11:50:00,0.77792,0.77793,0.77828,0.77768,397,1780401299.845,USDCHF_otc
92,2026-06-02 11:55:00,0.77794,0.77772,0.77797,0.77753,378,1780401598.819,USDCHF_otc
92,2026-06-02 12:00:00,0.77772,0.77831,0.77855,0.77771,416,1780401898.784,USDCHF_otc
92,2026-06-02 12:05:00,0.77831,0.77812,0.77885,0.77811,390,1780402199.803,USDCHF_otc
92,2026-06-02 12:10:00,0.77812,0.77767,0.77817,0.77749,372,1780402499.73,USDCHF_otc
92,2026-06-02 12:15:00,0.77767,0.77788,0.7779,0.77737,395,1780402799.269,USDCHF_otc
92,2026-06-02 12:20:00,0.77784,0.77833,0.77856,0.77771,390,1780403099.695,USDCHF_otc
92,2026-06-02 12:25:00,0.77833,0.7781,0.77851,0.77786,385,1780403398.657,USDCHF_otc
92,2026-06-02 12:30:00,0.7781,0.77771,0.7782,0.77766,399,1780403699.068,USDCHF_otc
92,2026-06-02 12:35:00,0.7777,0.77789,0.77813,0.77749,411,1780403999.069,USDCHF_otc
92,2026-06-02 12:40:00,0.77789,0.77797,0.77806,0.77742,425,1780404299.496,USDCHF_otc
92,2026-06-02 12:45:00,0.77797,0.77828,0.77837,0.77794,408,1780404599.006,USDCHF_otc
92,2026-06-02 12:50:00,0.7783,0.77867,0.77896,0.77815,393,1780404899.949,USDCHF_otc
92,2026-06-02 12:55:00,0.77867,0.77868,0.77876,0.77832,404,1780405199.924,USDCHF_otc
92,2026-06-02 13:00:00,0.77868,0.77833,0.77872,0.77813,401,1780405499.882,USDCHF_otc
92,2026-06-02 13:05:00,0.77832,0.77769,0.77834,0.7776,386,1780405799.322,USDCHF_otc
92,2026-06-02 13:10:00,0.7777,0.77791,0.778,0.77725,376,1780406099.797,USDCHF_otc
92,2026-06-02 13:15:00,0.77791,0.77789,0.77817,0.77772,405,1780406399.798,USDCHF_otc
92,2026-06-02 13:20:00,0.77786,0.77818,0.7784,0.77759,412,1780406699.811,USDCHF_otc
92,2026-06-02 13:25:00,0.77818,0.77861,0.77903,0.77818,419,1780406999.714,USDCHF_otc
92,2026-06-02 13:30:00,0.77861,0.77832,0.77861,0.77819,390,1780407299.742,USDCHF_otc
92,2026-06-02 13:35:00,0.77832,0.77886,0.779,0.77828,406,1780407599.084,USDCHF_otc
92,2026-06-02 13:40:00,0.77887,0.77919,0.77921,0.77845,416,1780407899.068,USDCHF_otc
92,2026-06-02 13:45:00,0.77929,0.77933,0.77948,0.77906,411,1780408199.528,USDCHF_otc
92,2026-06-02 13:50:00,0.77933,0.77902,0.77959,0.77889,388,1780408499.975,USDCHF_otc
92,2026-06-02 13:55:00,0.77902,0.77872,0.77908,0.7784,426,1780408799.936,USDCHF_otc
92,2026-06-02 14:00:00,0.77872,0.77904,0.77928,0.77872,386,1780409098.421,USDCHF_otc
92,2026-06-02 14:05:00,0.77904,0.77898,0.77932,0.77885,399,1780409399.895,USDCHF_otc
92,2026-06-02 14:10:00,0.77898,0.77911,0.77912,0.77874,376,1780409699.913,USDCHF_otc
92,2026-06-02 14:15:00,0.77911,0.77942,0.77958,0.77905,411,1780409998.864,USDCHF_otc
92,2026-06-02 14:20:00,0.77941,0.779,0.77969,0.77894,387,1780410299.869,USDCHF_otc
92,2026-06-02 14:25:00,0.779,0.77865,0.77922,0.77848,388,1780410599.267,USDCHF_otc
92,2026-06-02 14:30:00,0.77864,0.77899,0.77907,0.77826,406,1780410899.795,USDCHF_otc
92,2026-06-02 14:35:00,0.77899,0.77898,0.77926,0.77881,388,1780411199.778,USDCHF_otc
92,2026-06-02 14:40:00,0.77898,0.77846,0.77908,0.77837,407,1780411499.29,USDCHF_otc
92,2026-06-02 14:45:00,0.77844,0.77808,0.77859,0.77784,361,1780411799.21,USDCHF_otc
92,2026-06-02 14:50:00,0.77807,0.77806,0.77854,0.77791,416,1780412099.715,USDCHF_otc
92,2026-06-02 14:55:00,0.77808,0.77799,0.77829,0.77781,385,1780412399.624,USDCHF_otc
92,2026-06-02 15:00:00,0.77797,0.77787,0.77818,0.77773,407,1780412699.154,USDCHF_otc
92,2026-06-02 15:05:00,0.77787,0.77745,0.77792,0.77735,397,1780412999.544,USDCHF_otc
92,2026-06-02 15:10:00,0.77744,0.77751,0.77776,0.77695,364,1780413299.07,USDCHF_otc
92,2026-06-02 15:15:00,0.77748,0.77755,0.77763,0.77689,392,1780413599.485,USDCHF_otc
92,2026-06-02 15:20:00,0.77755,0.77733,0.77791,0.77721,404,1780413899.496,USDCHF_otc
92,2026-06-02 15:25:00,0.77733,0.77787,0.77821,0.77731,390,1780414199.886,USDCHF_otc
92,2026-06-02 15:30:00,0.77787,0.77844,0.77844,0.77784,391,1780414499.905,USDCHF_otc
92,2026-06-02 15:35:00,0.77844,0.77768,0.77881,0.77768,423,1780414799.339,USDCHF_otc
92,2026-06-02 15:40:00,0.77765,0.77786,0.77793,0.7774,409,1780415099.88,USDCHF_otc
92,2026-06-02 15:45:00,0.77785,0.77739,0.77793,0.77735,402,1780415399.723,USDCHF_otc
92,2026-06-02 15:50:00,0.77739,0.77689,0.77747,0.77659,399,1780415698.144,USDCHF_otc
92,2026-06-02 15:55:00,0.77689,0.7771,0.77735,0.77685,391,1780415999.607,USDCHF_otc
92,2026-06-02 16:00:00,0.77708,0.77632,0.77711,0.77618,391,1780416299.587,USDCHF_otc
92,2026-06-02 16:05:00,0.77632,0.77634,0.77651,0.77616,374,1780416598.585,USDCHF_otc
92,2026-06-02 16:10:00,0.77632,0.77636,0.7766,0.77616,394,1780416898.543,USDCHF_otc
92,2026-06-02 16:15:00,0.77633,0.77666,0.7767,0.77605,386,1780417199.057,USDCHF_otc
92,2026-06-02 16:20:00,0.77665,0.77629,0.77691,0.77621,398,1780417499.006,USDCHF_otc
92,2026-06-02 16:25:00,0.77628,0.77569,0.77641,0.77556,376,1780417799.505,USDCHF_otc
92,2026-06-02 16:30:00,0.7757,0.77524,0.77598,0.77511,412,1780418099.561,USDCHF_otc
92,2026-06-02 16:35:00,0.77525,0.77534,0.77574,0.77493,401,1780418399.466,USDCHF_otc
92,2026-06-02 16:40:00,0.77534,0.77548,0.77561,0.7751,412,1780418699.967,USDCHF_otc
92,2026-06-02 16:45:00,0.77548,0.77519,0.77564,0.77504,383,1780418997.957,USDCHF_otc
92,2026-06-02 16:50:00,0.77523,0.77585,0.77587,0.77509,398,1780419299.929,USDCHF_otc
92,2026-06-02 16:55:00,0.77585,0.77531,0.77619,0.77521,394,1780419599.872,USDCHF_otc
92,2026-06-02 17:00:00,0.77531,0.77575,0.77583,0.77525,408,1780419899.887,USDCHF_otc
92,2026-06-02 17:05:00,0.77574,0.77609,0.77643,0.77574,389,1780420199.878,USDCHF_otc
92,2026-06-02 17:10:00,0.77609,0.77568,0.77621,0.77563,409,1780420499.818,USDCHF_otc
92,2026-06-02 17:15:00,0.77568,0.77522,0.7757,0.77498,402,1780420799.732,USDCHF_otc
92,2026-06-02 17:20:00,0.77521,0.77423,0.77526,0.77385,419,1780421099.724,USDCHF_otc
92,2026-06-02 17:25:00,0.77422,0.77373,0.77451,0.77362,398,1780421399.705,USDCHF_otc
92,2026-06-02 17:30:00,0.77373,0.77381,0.77407,0.77365,372,1780421699.646,USDCHF_otc
92,2026-06-02 17:35:00,0.77379,0.77413,0.7742,0.77379,390,1780421999.609,USDCHF_otc
92,2026-06-02 17:40:00,0.77414,0.77361,0.7744,0.77359,373,1780422299.594,USDCHF_otc
92,2026-06-02 17:45:00,0.77361,0.7734,0.77391,0.77335,399,1780422599.588,USDCHF_otc
92,2026-06-02 17:50:00,0.77342,0.77404,0.77405,0.7732,415,1780422899.086,USDCHF_otc
92,2026-06-02 17:55:00,0.77404,0.77415,0.77438,0.7738,393,1780423199.622,USDCHF_otc
92,2026-06-02 18:00:00,0.77413,0.77453,0.77477,0.77408,410,1780423499.514,USDCHF_otc
92,2026-06-02 18:05:00,0.77454,0.77496,0.77497,0.77393,373,1780423799.042,USDCHF_otc
92,2026-06-02 18:10:00,0.77496,0.77508,0.77532,0.77489,398,1780424099.932,USDCHF_otc
92,2026-06-02 18:15:00,0.77507,0.77435,0.7751,0.77403,404,1780424399.908,USDCHF_otc
92,2026-06-02 18:20:00,0.77435,0.77339,0.77439,0.77334,406,1780424699.876,USDCHF_otc
92,2026-06-02 18:25:00,0.77339,0.77334,0.7736,0.77304,412,1780424999.914,USDCHF_otc
92,2026-06-02 18:30:00,0.77334,0.7734,0.77374,0.77326,407,1780425299.822,USDCHF_otc
92,2026-06-02 18:35:00,0.77338,0.77336,0.77369,0.77321,395,1780425599.359,USDCHF_otc
92,2026-06-02 18:40:00,0.77336,0.77272,0.77345,0.77268,392,1780425899.739,USDCHF_otc
92,2026-06-02 18:45:00,0.77275,0.77264,0.77288,0.77229,400,1780426199.725,USDCHF_otc
92,2026-06-02 18:50:00,0.77265,0.77351,0.77351,0.77263,413,1780426499.665,USDCHF_otc
92,2026-06-02 18:55:00,0.77351,0.77356,0.77382,0.77346,405,1780426799.651,USDCHF_otc
92,2026-06-02 19:00:00,0.77357,0.77337,0.77386,0.77326,387,1780427099.516,USDCHF_otc
92,2026-06-02 19:05:00,0.77337,0.77356,0.77394,0.77316,398,1780427399.985,USDCHF_otc
92,2026-06-02 19:10:00,0.77356,0.77398,0.77407,0.77339,413,1780427699.932,USDCHF_otc
92,2026-06-02 19:15:00,0.77398,0.77446,0.77484,0.77398,401,1780427999.872,USDCHF_otc
92,2026-06-02 19:20:00,0.77445,0.77483,0.77488,0.77436,400,1780428299.323,USDCHF_otc
92,2026-06-02 19:25:00,0.77481,0.77503,0.7754,0.77475,387,1780428598.802,USDCHF_otc
92,2026-06-02 19:30:00,0.77503,0.77506,0.77526,0.77482,399,1780428898.766,USDCHF_otc
92,2026-06-02 19:35:00,0.77505,0.77468,0.77516,0.77456,402,1780429199.184,USDCHF_otc
92,2026-06-02 19:40:00,0.77466,0.77406,0.77476,0.77378,392,1780429499.213,USDCHF_otc
92,2026-06-02 19:45:00,0.77406,0.77375,0.77424,0.77369,404,1780429799.664,USDCHF_otc
92,2026-06-02 19:50:00,0.7737,0.77332,0.7737,0.77321,396,1780430098.623,USDCHF_otc
92,2026-06-02 19:55:00,0.77334,0.77338,0.77351,0.77309,412,1780430399.05,USDCHF_otc
92,2026-06-02 20:00:00,0.77338,0.77273,0.77368,0.77271,402,1780430699.54,USDCHF_otc
92,2026-06-02 20:05:00,0.77272,0.77281,0.7731,0.77229,402,1780430999.46,USDCHF_otc
92,2026-06-02 20:10:00,0.77281,0.77269,0.77327,0.77245,388,1780431299.472,USDCHF_otc
92,2026-06-02 20:15:00,0.77269,0.77339,0.77342,0.77255,382,1780431599.896,USDCHF_otc
92,2026-06-02 20:20:00,0.77339,0.77342,0.77362,0.77319,415,1780431899.406,USDCHF_otc
92,2026-06-02 20:25:00,0.77342,0.77313,0.77354,0.77304,397,1780432199.837,USDCHF_otc
92,2026-06-02 20:30:00,0.77313,0.77306,0.77344,0.77283,410,1780432499.817,USDCHF_otc
92,2026-06-02 20:35:00,0.77302,0.77263,0.77308,0.77251,412,1780432799.209,USDCHF_otc
92,2026-06-02 20:40:00,0.77263,0.77282,0.77284,0.77253,410,1780433099.709,USDCHF_otc
92,2026-06-02 20:45:00,0.77283,0.77324,0.77327,0.77268,384,1780433399.586,USDCHF_otc
92,2026-06-02 20:50:00,0.77324,0.77359,0.77364,0.77318,414,1780433699.598,USDCHF_otc
92,2026-06-02 20:55:00,0.77359,0.77356,0.77383,0.77341,406,1780433999.98,USDCHF_otc
92,2026-06-02 21:00:00,0.77356,0.77389,0.77394,0.77329,389,1780434299.498,USDCHF_otc
92,2026-06-02 21:05:00,0.77391,0.7738,0.77403,0.77354,406,1780434599.419,USDCHF_otc
92,2026-06-02 21:10:00,0.7738,0.77333,0.77391,0.77321,411,1780434898.911,USDCHF_otc
92,2026-06-02 21:15:00,0.77333,0.77247,0.77334,0.77226,401,1780435199.863,USDCHF_otc
92,2026-06-02 21:20:00,0.77249,0.77274,0.77279,0.77236,394,1780435499.827,USDCHF_otc
92,2026-06-02 21:25:00,0.77274,0.77243,0.77308,0.77243,393,1780435799.779,USDCHF_otc
92,2026-06-02 21:30:00,0.77243,0.77227,0.7725,0.77198,403,1780436099.714,USDCHF_otc
92,2026-06-02 21:35:00,0.77226,0.77183,0.7724,0.77159,399,1780436398.66,USDCHF_otc
92,2026-06-02 21:40:00,0.77183,0.77162,0.77188,0.77134,414,1780436699.147,USDCHF_otc
92,2026-06-02 21:45:00,0.77163,0.77202,0.77226,0.77154,383,1780436999.624,USDCHF_otc
92,2026-06-02 21:50:00,0.77199,0.77214,0.77227,0.7719,400,1780437299.539,USDCHF_otc
92,2026-06-02 21:55:00,0.77214,0.77315,0.77322,0.77209,398,1780437599.995,USDCHF_otc
92,2026-06-02 22:00:00,0.77313,0.77347,0.77347,0.77276,401,1780437899.954,USDCHF_otc
92,2026-06-02 22:05:00,0.77347,0.77286,0.77364,0.77259,390,1780438199.423,USDCHF_otc
92,2026-06-02 22:10:00,0.77286,0.77288,0.77305,0.77258,416,1780438499.876,USDCHF_otc
92,2026-06-02 22:15:00,0.77288,0.77261,0.77309,0.7723,409,1780438799.287,USDCHF_otc
92,2026-06-02 22:20:00,0.77263,0.77269,0.77274,0.77235,390,1780439099.764,USDCHF_otc
92,2026-06-02 22:25:00,0.77269,0.77296,0.77312,0.77208,402,1780439399.627,USDCHF_otc
92,2026-06-02 22:30:00,0.77294,0.77286,0.77303,0.77233,390,1780439699.652,USDCHF_otc
92,2026-06-02 22:35:00,0.77287,0.77269,0.77287,0.77236,410,1780439999.546,USDCHF_otc
92,2026-06-02 22:40:00,0.77269,0.77316,0.77326,0.77265,409,1780440299.549,USDCHF_otc
92,2026-06-02 22:45:00,0.77315,0.77337,0.77355,0.77292,391,1780440599.951,USDCHF_otc
92,2026-06-02 22:50:00,0.77337,0.77381,0.77384,0.77303,381,1780440899.881,USDCHF_otc
92,2026-06-02 22:55:00,0.77381,0.77434,0.77451,0.7738,394,1780441199.345,USDCHF_otc
92,2026-06-02 23:00:00,0.77434,0.77381,0.77441,0.77342,391,1780441498.811,USDCHF_otc
92,2026-06-02 23:05:00,0.77381,0.77378,0.77416,0.77353,391,1780441799.748,USDCHF_otc
92,2026-06-02 23:10:00,0.77378,0.77386,0.77401,0.77373,403,1780442099.198,USDCHF_otc
92,2026-06-02 23:15:00,0.77386,0.7742,0.77442,0.77386,390,1780442399.137,USDCHF_otc
92,2026-06-02 23:20:00,0.7742,0.77513,0.77537,0.7742,406,1780442699.541,USDCHF_otc
92,2026-06-02 23:25:00,0.77513,0.77581,0.77584,0.77513,396,1780442998.542,USDCHF_otc
92,2026-06-02 23:30:00,0.77583,0.77695,0.77713,0.77574,422,1780443299.494,USDCHF_otc
92,2026-06-02 23:35:00,0.77695,0.77681,0.77695,0.77657,397,1780443599.952,USDCHF_otc
92,2026-06-02 23:40:00,0.77681,0.77727,0.77768,0.77681,409,1780443898.91,USDCHF_otc
92,2026-06-02 23:45:00,0.77726,0.77784,0.77787,0.77719,385,1780444199.861,USDCHF_otc
92,2026-06-02 23:50:00,0.77784,0.77734,0.7779,0.77714,402,1780444499.717,USDCHF_otc
92,2026-06-02 23:55:00,0.77733,0.77772,0.77798,0.77729,423,1780444799.728,USDCHF_otc
92,2026-06-03 00:00:00,0.77772,0.77678,0.77774,0.77678,384,1780445099.654,USDCHF_otc
92,2026-06-03 00:05:00,0.77678,0.77684,0.77695,0.77643,395,1780445399.167,USDCHF_otc
92,2026-06-03 00:10:00,0.77684,0.7778,0.77781,0.77684,396,1780445699.58,USDCHF_otc
92,2026-06-03 00:15:00,0.77779,0.77816,0.77832,0.77769,389,1780445999.081,USDCHF_otc
92,2026-06-03 00:20:00,0.77815,0.77754,0.77832,0.77753,423,1780446299.97,USDCHF_otc
92,2026-06-03 00:25:00,0.77756,0.77772,0.77783,0.77735,401,1780446599.955,USDCHF_otc
92,2026-06-03 00:30:00,0.77772,0.77806,0.77808,0.77731,388,1780446899.839,USDCHF_otc
92,2026-06-03 00:35:00,0.77808,0.77793,0.77842,0.77768,403,1780447199.806,USDCHF_otc
92,2026-06-03 00:40:00,0.77792,0.77838,0.77838,0.77781,400,1780447499.734,USDCHF_otc
92,2026-06-03 00:45:00,0.77838,0.77864,0.77899,0.7782,411,1780447799.711,USDCHF_otc
92,2026-06-03 00:50:00,0.7786,0.77932,0.77941,0.77854,399,1780448099.655,USDCHF_otc
92,2026-06-03 00:55:00,0.77931,0.77965,0.77976,0.77911,409,1780448399.63,USDCHF_otc
92,2026-06-03 01:00:00,0.77966,0.7803,0.7804,0.77945,401,1780448699.532,USDCHF_otc
92,2026-06-03 01:05:00,0.78029,0.78038,0.78061,0.78014,387,1780448998.549,USDCHF_otc
92,2026-06-03 01:10:00,0.78039,0.77927,0.78048,0.77901,396,1780449299.933,USDCHF_otc
92,2026-06-03 01:15:00,0.77927,0.77902,0.77942,0.77895,389,1780449599.912,USDCHF_otc
92,2026-06-03 01:20:00,0.77902,0.7782,0.77915,0.77805,400,1780449899.839,USDCHF_otc
92,2026-06-03 01:25:00,0.7782,0.77816,0.77861,0.77801,404,1780450198.801,USDCHF_otc
92,2026-06-03 01:30:00,0.77813,0.77809,0.77823,0.77766,423,1780450499.731,USDCHF_otc
92,2026-06-03 01:35:00,0.77808,0.77734,0.77841,0.7773,411,1780450799.136,USDCHF_otc
92,2026-06-03 01:40:00,0.77734,0.77722,0.77734,0.77665,394,1780451099.623,USDCHF_otc
92,2026-06-03 01:45:00,0.77723,0.77786,0.77808,0.77715,398,1780451399.566,USDCHF_otc
92,2026-06-03 01:50:00,0.77786,0.77865,0.7787,0.77786,405,1780451699.562,USDCHF_otc
92,2026-06-03 01:55:00,0.77866,0.77864,0.77886,0.77837,393,1780451999.055,USDCHF_otc
92,2026-06-03 02:00:00,0.77862,0.77939,0.77949,0.77843,398,1780452299.978,USDCHF_otc
92,2026-06-03 02:05:00,0.77939,0.7794,0.77994,0.77925,397,1780452599.915,USDCHF_otc
92,2026-06-03 02:10:00,0.77939,0.77931,0.77965,0.77919,390,1780452899.822,USDCHF_otc
92,2026-06-03 02:15:00,0.77931,0.78001,0.78002,0.77913,408,1780453199.742,USDCHF_otc
92,2026-06-03 02:20:00,0.78002,0.7798,0.78004,0.77952,392,1780453499.276,USDCHF_otc
92,2026-06-03 02:25:00,0.7798,0.78007,0.78008,0.77965,396,1780453799.685,USDCHF_otc
92,2026-06-03 02:30:00,0.78007,0.7805,0.7805,0.77985,375,1780454098.178,USDCHF_otc
92,2026-06-03 02:35:00,0.78049,0.77973,0.78051,0.77965,419,1780454399.118,USDCHF_otc
92,2026-06-03 02:40:00,0.77973,0.77938,0.78025,0.77937,383,1780454699.604,USDCHF_otc
92,2026-06-03 02:45:00,0.77936,0.77923,0.77937,0.77863,401,1780454999.034,USDCHF_otc
92,2026-06-03 02:50:00,0.77922,0.77915,0.7793,0.77884,395,1780455299.561,USDCHF_otc
92,2026-06-03 02:55:00,0.77915,0.77972,0.77975,0.77899,401,1780455599.552,USDCHF_otc
92,2026-06-03 03:00:00,0.77974,0.77993,0.77995,0.77932,409,1780455899.989,USDCHF_otc
92,2026-06-03 03:05:00,0.77993,0.78021,0.78028,0.77959,403,1780456199.9,USDCHF_otc
92,2026-06-03 03:10:00,0.78021,0.78045,0.78047,0.77985,420,1780456499.892,USDCHF_otc
92,2026-06-03 03:15:00,0.78034,0.78068,0.78097,0.78024,397,1780456799.896,USDCHF_otc
92,2026-06-03 03:20:00,0.7807,0.78062,0.78087,0.78041,394,1780457099.389,USDCHF_otc
92,2026-06-03 03:25:00,0.78062,0.7809,0.78116,0.78056,369,1780457399.371,USDCHF_otc
92,2026-06-03 03:30:00,0.7809,0.78076,0.78106,0.78044,416,1780457699.748,USDCHF_otc
92,2026-06-03 03:35:00,0.78076,0.78021,0.78097,0.7802,394,1780457998.738,USDCHF_otc
92,2026-06-03 03:40:00,0.78021,0.78017,0.78032,0.77965,399,1780458299.658,USDCHF_otc
92,2026-06-03 03:45:00,0.78021,0.78047,0.78075,0.78008,409,1780458599.2,USDCHF_otc
92,2026-06-03 03:50:00,0.78047,0.78008,0.78053,0.77967,402,1780458898.695,USDCHF_otc
92,2026-06-03 03:55:00,0.78009,0.78075,0.78099,0.77982,411,1780459199.66,USDCHF_otc
92,2026-06-03 04:00:00,0.78074,0.78156,0.78164,0.78074,407,1780459499.603,USDCHF_otc
92,2026-06-03 04:05:00,0.78155,0.78223,0.78238,0.78147,387,1780459799.06,USDCHF_otc
92,2026-06-03 04:10:00,0.78225,0.78224,0.78269,0.78211,406,1780460099.455,USDCHF_otc
92,2026-06-03 04:15:00,0.78224,0.78293,0.78304,0.78222,403,1780460399.972,USDCHF_otc
92,2026-06-03 04:20:00,0.78293,0.78259,0.78296,0.78247,393,1780460699.896,USDCHF_otc
92,2026-06-03 04:25:00,0.78258,0.78188,0.78265,0.78182,393,1780460999.898,USDCHF_otc
92,2026-06-03 04:30:00,0.78188,0.78226,0.78228,0.78138,388,1780461299.817,USDCHF_otc
92,2026-06-03 04:35:00,0.78226,0.7816,0.78233,0.78136,408,1780461599.781,USDCHF_otc
92,2026-06-03 04:40:00,0.78161,0.78136,0.78169,0.7811,404,1780461899.154,USDCHF_otc
92,2026-06-03 04:45:00,0.78136,0.78125,0.78154,0.78086,404,1780462199.655,USDCHF_otc
92,2026-06-03 04:50:00,0.78125,0.78105,0.7814,0.78092,407,1780462499.118,USDCHF_otc
92,2026-06-03 04:55:00,0.78105,0.78119,0.78148,0.78076,404,1780462797.614,USDCHF_otc
92,2026-06-03 05:00:00,0.78119,0.78142,0.78155,0.78117,411,1780463099.554,USDCHF_otc
92,2026-06-03 05:05:00,0.7814,0.78076,0.78165,0.78056,382,1780463398.525,USDCHF_otc
92,2026-06-03 05:10:00,0.78079,0.78055,0.78094,0.78039,393,1780463699.925,USDCHF_otc
92,2026-06-03 05:15:00,0.78055,0.78053,0.7811,0.7805,404,1780463999.952,USDCHF_otc
92,2026-06-03 05:20:00,0.78052,0.78099,0.78107,0.78028,379,1780464299.916,USDCHF_otc
92,2026-06-03 05:25:00,0.78099,0.7816,0.7816,0.78097,375,1780464599.944,USDCHF_otc
92,2026-06-03 05:30:00,0.7816,0.78159,0.78166,0.78122,406,1780464899.749,USDCHF_otc
92,2026-06-03 05:35:00,0.7816,0.78831,0.78847,0.78157,407,1780465199.692,USDCHF_otc
92,2026-06-03 05:40:00,0.78831,0.7888,0.78894,0.78824,379,1780465499.177,USDCHF_otc
92,2026-06-03 05:45:00,0.78877,0.78888,0.789,0.78847,397,1780465799.672,USDCHF_otc
92,2026-06-03 05:50:00,0.78889,0.78951,0.78953,0.78888,380,1780466099.647,USDCHF_otc
92,2026-06-03 05:55:00,0.78953,0.7898,0.7898,0.78927,407,1780466399.628,USDCHF_otc
92,2026-06-03 06:00:00,0.78982,0.79012,0.79028,0.78979,405,1780466699.608,USDCHF_otc
92,2026-06-03 06:05:00,0.79012,0.78958,0.79026,0.78946,386,1780466999.604,USDCHF_otc
92,2026-06-03 06:10:00,0.78957,0.78918,0.78985,0.78918,412,1780467299.547,USDCHF_otc
92,2026-06-03 06:15:00,0.78918,0.78896,0.7892,0.78868,375,1780467598.529,USDCHF_otc
92,2026-06-03 06:20:00,0.78896,0.78969,0.78976,0.78878,395,1780467899.481,USDCHF_otc
92,2026-06-03 06:25:00,0.78969,0.79062,0.79076,0.78968,383,1780468198.966,USDCHF_otc
92,2026-06-03 06:30:00,0.79062,0.79063,0.79116,0.7905,395,1780468499.417,USDCHF_otc
92,2026-06-03 06:35:00,0.79063,0.79105,0.79123,0.79054,407,1780468799.389,USDCHF_otc
92,2026-06-03 06:40:00,0.79105,0.79153,0.79177,0.79102,401,1780469099.335,USDCHF_otc
92,2026-06-03 06:45:00,0.79153,0.79146,0.79177,0.79116,402,1780469399.821,USDCHF_otc
92,2026-06-03 06:50:00,0.79146,0.79179,0.79179,0.79131,396,1780469699.811,USDCHF_otc
92,2026-06-03 06:55:00,0.79179,0.79266,0.79273,0.79168,387,1780469999.849,USDCHF_otc
92,2026-06-03 07:00:00,0.79266,0.79266,0.79311,0.79265,386,1780470298.282,USDCHF_otc
92,2026-06-03 07:05:00,0.79266,0.79258,0.79293,0.79243,410,1780470599.805,USDCHF_otc
92,2026-06-03 07:10:00,0.79258,0.79287,0.7929,0.79247,423,1780470899.786,USDCHF_otc
92,2026-06-03 07:15:00,0.79289,0.7929,0.79333,0.79282,422,1780471198.727,USDCHF_otc
92,2026-06-03 07:20:00,0.79291,0.79291,0.79318,0.79277,417,1780471497.689,USDCHF_otc
92,2026-06-03 07:25:00,0.79291,0.79333,0.79358,0.79291,407,1780471799.188,USDCHF_otc
92,2026-06-03 07:30:00,0.79333,0.7938,0.79393,0.79309,394,1780472099.162,USDCHF_otc
92,2026-06-03 07:35:00,0.79381,0.7943,0.79447,0.7936,399,1780472399.119,USDCHF_otc
92,2026-06-03 07:40:00,0.7943,0.79464,0.79495,0.79413,421,1780472699.113,USDCHF_otc
92,2026-06-03 07:45:00,0.79458,0.79447,0.79479,0.79425,416,1780472999.555,USDCHF_otc
92,2026-06-03 07:50:00,0.79447,0.79379,0.79472,0.79368,391,1780473299.542,USDCHF_otc
92,2026-06-03 07:55:00,0.79379,0.79301,0.79381,0.79298,384,1780473599.548,USDCHF_otc
92,2026-06-03 08:00:00,0.79299,0.79258,0.79305,0.79241,401,1780473899.055,USDCHF_otc
92,2026-06-03 08:05:00,0.79258,0.7932,0.7932,0.79237,391,1780474199.508,USDCHF_otc
92,2026-06-03 08:10:00,0.7932,0.79343,0.79343,0.79296,418,1780474498.995,USDCHF_otc
92,2026-06-03 08:15:00,0.79343,0.79386,0.79404,0.79328,391,1780474799.87,USDCHF_otc
92,2026-06-03 08:20:00,0.79386,0.79427,0.79438,0.79378,380,1780475099.39,USDCHF_otc
92,2026-06-03 08:25:00,0.79425,0.79523,0.79535,0.79414,394,1780475398.377,USDCHF_otc
92,2026-06-03 08:30:00,0.79522,0.7958,0.7959,0.7952,378,1780475699.887,USDCHF_otc
92,2026-06-03 08:35:00,0.7958,0.7962,0.79642,0.7958,397,1780475999.782,USDCHF_otc
92,2026-06-03 08:40:00,0.7962,0.79592,0.79637,0.79543,403,1780476299.82,USDCHF_otc
92,2026-06-03 08:45:00,0.79591,0.79635,0.7965,0.79575,391,1780476599.784,USDCHF_otc
92,2026-06-03 08:50:00,0.79635,0.79643,0.7966,0.79596,421,1780476898.775,USDCHF_otc
92,2026-06-03 08:55:00,0.79643,0.79599,0.79676,0.79588,376,1780477199.743,USDCHF_otc
92,2026-06-03 09:00:00,0.79599,0.79555,0.79599,0.79535,394,1780477499.718,USDCHF_otc
92,2026-06-03 09:05:00,0.79553,0.79502,0.79569,0.79492,412,1780477799.645,USDCHF_otc
92,2026-06-03 09:10:00,0.79503,0.79427,0.79514,0.79399,408,1780478099.627,USDCHF_otc
92,2026-06-03 09:15:00,0.79427,0.79439,0.7946,0.79405,400,1780478399.554,USDCHF_otc
92,2026-06-03 09:20:00,0.7944,0.79474,0.79518,0.7944,399,1780478699.587,USDCHF_otc
92,2026-06-03 09:25:00,0.79475,0.79481,0.79518,0.79452,398,1780478999.595,USDCHF_otc
92,2026-06-03 09:30:00,0.7948,0.7936,0.79481,0.79358,397,1780479299.029,USDCHF_otc
92,2026-06-03 09:35:00,0.79361,0.79349,0.79386,0.79344,381,1780479599.989,USDCHF_otc
92,2026-06-03 09:40:00,0.79348,0.79349,0.7937,0.79327,403,1780479899.94,USDCHF_otc
92,2026-06-03 09:45:00,0.79349,0.79331,0.79371,0.79321,401,1780480199.957,USDCHF_otc
92,2026-06-03 09:50:00,0.79331,0.79273,0.79347,0.79268,404,1780480499.95,USDCHF_otc
92,2026-06-03 09:55:00,0.79274,0.79284,0.79305,0.79242,391,1780480799.973,USDCHF_otc
92,2026-06-03 10:00:00,0.79284,0.7923,0.79291,0.79209,381,1780481099.933,USDCHF_otc
92,2026-06-03 10:05:00,0.7923,0.79271,0.79287,0.79208,399,1780481399.41,USDCHF_otc
92,2026-06-03 10:10:00,0.79271,0.79291,0.79306,0.79238,402,1780481699.809,USDCHF_otc
92,2026-06-03 10:15:00,0.79291,0.79339,0.79358,0.79283,406,1780481999.343,USDCHF_otc
92,2026-06-03 10:20:00,0.79339,0.79341,0.79351,0.79303,408,1780482299.764,USDCHF_otc
92,2026-06-03 10:25:00,0.79343,0.79308,0.79349,0.79281,390,1780482599.794,USDCHF_otc
92,2026-06-03 10:30:00,0.79307,0.7932,0.79325,0.79286,380,1780482899.649,USDCHF_otc
92,2026-06-03 10:35:00,0.79318,0.79312,0.79343,0.79286,410,1780483198.203,USDCHF_otc
92,2026-06-03 10:40:00,0.79312,0.79238,0.79314,0.79218,375,1780483499.1,USDCHF_otc
92,2026-06-03 10:45:00,0.7924,0.79272,0.79307,0.79237,411,1780483799.642,USDCHF_otc
92,2026-06-03 10:50:00,0.79272,0.79176,0.79272,0.79155,391,1780484099.536,USDCHF_otc
92,2026-06-03 10:55:00,0.79176,0.79109,0.79177,0.79097,406,1780484399.071,USDCHF_otc
92,2026-06-03 11:00:00,0.79113,0.79129,0.79131,0.79079,400,1780484699.943,USDCHF_otc
92,2026-06-03 11:05:00,0.79129,0.79132,0.79145,0.79115,400,1780484999.997,USDCHF_otc
92,2026-06-03 11:10:00,0.79132,0.79057,0.79141,0.79055,405,1780485299.905,USDCHF_otc
92,2026-06-03 11:15:00,0.79056,0.7905,0.79082,0.79034,394,1780485599.942,USDCHF_otc
92,2026-06-03 11:20:00,0.7905,0.78998,0.79053,0.78992,405,1780485899.838,USDCHF_otc
92,2026-06-03 11:25:00,0.78998,0.7901,0.79013,0.78969,414,1780486199.851,USDCHF_otc
92,2026-06-03 11:30:00,0.7901,0.78943,0.7901,0.78937,397,1780486499.774,USDCHF_otc
92,2026-06-03 11:35:00,0.78943,0.78957,0.78986,0.78929,404,1780486799.802,USDCHF_otc
92,2026-06-03 11:40:00,0.78957,0.79013,0.79044,0.78952,386,1780487099.728,USDCHF_otc
92,2026-06-03 11:45:00,0.79013,0.78966,0.7902,0.78948,397,1780487399.77,USDCHF_otc
92,2026-06-03 11:50:00,0.78966,0.7894,0.78993,0.78936,380,1780487699.679,USDCHF_otc
92,2026-06-03 11:55:00,0.7894,0.78929,0.78946,0.78893,388,1780487999.682,USDCHF_otc
92,2026-06-03 12:00:00,0.78928,0.7889,0.78963,0.7889,406,1780488299.104,USDCHF_otc
92,2026-06-03 12:05:00,0.7889,0.78791,0.78899,0.78791,400,1780488599.613,USDCHF_otc
92,2026-06-03 12:10:00,0.78789,0.78723,0.78789,0.7872,385,1780488899.508,USDCHF_otc
92,2026-06-03 12:15:00,0.78722,0.78759,0.78759,0.78696,412,1780489199.523,USDCHF_otc
92,2026-06-03 12:20:00,0.78759,0.78754,0.78759,0.78691,408,1780489498.941,USDCHF_otc
92,2026-06-03 12:25:00,0.78754,0.78711,0.78761,0.78696,392,1780489799.966,USDCHF_otc
92,2026-06-03 12:30:00,0.78711,0.78765,0.78778,0.78689,399,1780490099.927,USDCHF_otc
92,2026-06-03 12:35:00,0.78765,0.78749,0.78831,0.78746,406,1780490399.427,USDCHF_otc
92,2026-06-03 12:40:00,0.78749,0.7878,0.78804,0.78742,402,1780490699.38,USDCHF_otc
92,2026-06-03 12:45:00,0.7878,0.78749,0.78818,0.78749,371,1780490999.911,USDCHF_otc
92,2026-06-03 12:50:00,0.78749,0.78719,0.78749,0.78693,389,1780491299.846,USDCHF_otc
92,2026-06-03 12:55:00,0.78719,0.787,0.78753,0.78696,407,1780491599.378,USDCHF_otc
92,2026-06-03 13:00:00,0.78699,0.78676,0.78705,0.78651,418,1780491896.872,USDCHF_otc
92,2026-06-03 13:05:00,0.78676,0.78686,0.78699,0.78654,394,1780492199.882,USDCHF_otc
92,2026-06-03 13:10:00,0.78686,0.78723,0.78728,0.78656,407,1780492499.912,USDCHF_otc
92,2026-06-03 13:15:00,0.78723,0.78801,0.78817,0.78717,394,1780492799.82,USDCHF_otc
92,2026-06-03 13:20:00,0.78801,0.78773,0.78805,0.78741,389,1780493099.837,USDCHF_otc
92,2026-06-03 13:25:00,0.78773,0.78823,0.78825,0.78773,386,1780493399.81,USDCHF_otc
92,2026-06-03 13:30:00,0.78823,0.7876,0.78844,0.7876,418,1780493699.817,USDCHF_otc
92,2026-06-03 13:35:00,0.78761,0.78747,0.78802,0.78744,386,1780493999.791,USDCHF_otc
92,2026-06-03 13:40:00,0.78747,0.78678,0.78747,0.78673,387,1780494299.778,USDCHF_otc
92,2026-06-03 13:45:00,0.78678,0.78706,0.78722,0.78652,395,1780494599.233,USDCHF_otc
92,2026-06-03 13:50:00,0.78707,0.7877,0.78774,0.78685,390,1780494899.198,USDCHF_otc
92,2026-06-03 13:55:00,0.7877,0.7862,0.78789,0.78617,398,1780495198.674,USDCHF_otc
92,2026-06-03 14:00:00,0.78619,0.78628,0.78648,0.78595,380,1780495499.64,USDCHF_otc
92,2026-06-03 14:05:00,0.78629,0.78628,0.78665,0.78601,407,1780495799.635,USDCHF_otc
92,2026-06-03 14:10:00,0.78628,0.78547,0.78629,0.78546,390,1780496099.556,USDCHF_otc
92,2026-06-03 14:15:00,0.78546,0.78536,0.78572,0.78514,388,1780496399.507,USDCHF_otc
92,2026-06-03 14:20:00,0.78538,0.78499,0.78559,0.78472,396,1780496698.467,USDCHF_otc
92,2026-06-03 14:25:00,0.78499,0.78459,0.78506,0.78446,397,1780496999.502,USDCHF_otc
92,2026-06-03 14:30:00,0.7846,0.78465,0.78522,0.7846,410,1780497299.415,USDCHF_otc
92,2026-06-03 14:35:00,0.78465,0.78509,0.78518,0.78447,409,1780497599.903,USDCHF_otc
92,2026-06-03 14:40:00,0.78505,0.78556,0.7861,0.78502,405,1780497899.795,USDCHF_otc
92,2026-06-03 14:45:00,0.78556,0.78469,0.78559,0.78466,396,1780498199.792,USDCHF_otc
92,2026-06-03 14:50:00,0.78471,0.78451,0.78483,0.7844,404,1780498499.809,USDCHF_otc
92,2026-06-03 14:55:00,0.78454,0.7842,0.78472,0.7841,399,1780498799.332,USDCHF_otc
92,2026-06-03 15:00:00,0.78421,0.78468,0.78479,0.78398,414,1780499099.773,USDCHF_otc
92,2026-06-03 15:05:00,0.78468,0.78419,0.78473,0.78405,415,1780499399.258,USDCHF_otc
92,2026-06-03 15:10:00,0.78417,0.78444,0.7847,0.78397,401,1780499699.667,USDCHF_otc
92,2026-06-03 15:15:00,0.78441,0.78393,0.78442,0.78378,396,1780499999.207,USDCHF_otc
92,2026-06-03 15:20:00,0.78393,0.78334,0.78423,0.78331,384,1780500299.671,USDCHF_otc
92,2026-06-03 15:25:00,0.78333,0.78315,0.78334,0.78294,398,1780500599.176,USDCHF_otc
92,2026-06-03 15:30:00,0.78315,0.7838,0.78396,0.78307,432,1780500899.708,USDCHF_otc
92,2026-06-03 15:35:00,0.7838,0.78352,0.78398,0.78334,390,1780501199.623,USDCHF_otc
92,2026-06-03 15:40:00,0.7835,0.78406,0.78426,0.78335,384,1780501499.65,USDCHF_otc
92,2026-06-03 15:45:00,0.78405,0.78435,0.7849,0.78405,399,1780501799.557,USDCHF_otc
92,2026-06-03 15:50:00,0.78432,0.78461,0.78487,0.78432,399,1780502099.618,USDCHF_otc
92,2026-06-03 15:55:00,0.7846,0.78431,0.78463,0.78393,399,1780502399.553,USDCHF_otc
92,2026-06-03 16:00:00,0.78431,0.78492,0.78496,0.78421,397,1780502699.539,USDCHF_otc
92,2026-06-03 16:05:00,0.78484,0.78484,0.78549,0.78476,401,1780502996.029,USDCHF_otc
92,2026-06-03 16:10:00,0.78486,0.78462,0.78496,0.78436,392,1780503299.982,USDCHF_otc
92,2026-06-03 16:15:00,0.78462,0.78562,0.78566,0.78448,407,1780503599.962,USDCHF_otc
92,2026-06-03 16:20:00,0.78569,0.78582,0.78597,0.78555,419,1780503899.442,USDCHF_otc
92,2026-06-03 16:25:00,0.78582,0.78537,0.78598,0.78518,390,1780504199.943,USDCHF_otc
92,2026-06-03 16:30:00,0.78537,0.78548,0.78601,0.78537,399,1780504499.352,USDCHF_otc
92,2026-06-03 16:35:00,0.78548,0.78449,0.78556,0.78443,405,1780504799.882,USDCHF_otc
92,2026-06-03 16:40:00,0.78449,0.78459,0.78471,0.78431,377,1780505099.247,USDCHF_otc
92,2026-06-03 16:45:00,0.78459,0.78505,0.78508,0.78428,425,1780505399.728,USDCHF_otc
92,2026-06-03 16:50:00,0.78505,0.78483,0.78507,0.78463,402,1780505699.212,USDCHF_otc
92,2026-06-03 16:55:00,0.78483,0.78523,0.7853,0.78448,392,1780505999.703,USDCHF_otc
92,2026-06-03 17:00:00,0.78523,0.78489,0.78553,0.78487,404,1780506299.615,USDCHF_otc
92,2026-06-03 17:05:00,0.78488,0.78443,0.78496,0.78406,399,1780506599.529,USDCHF_otc
92,2026-06-03 17:10:00,0.78441,0.78473,0.78487,0.7844,391,1780506899.572,USDCHF_otc
92,2026-06-03 17:15:00,0.78473,0.78478,0.78501,0.78439,390,1780507199.095,USDCHF_otc
92,2026-06-03 17:20:00,0.78479,0.78508,0.78531,0.78453,405,1780507499.536,USDCHF_otc
92,2026-06-03 17:25:00,0.78508,0.78468,0.78523,0.78439,398,1780507799.519,USDCHF_otc
92,2026-06-03 17:30:00,0.78466,0.78466,0.7848,0.78438,395,1780508099.932,USDCHF_otc
92,2026-06-03 17:35:00,0.78466,0.78436,0.78483,0.78436,384,1780508399.96,USDCHF_otc
92,2026-06-03 17:40:00,0.78436,0.78429,0.78444,0.78383,407,1780508699.879,USDCHF_otc
92,2026-06-03 17:45:00,0.78429,0.78422,0.78469,0.78402,403,1780508999.899,USDCHF_otc
92,2026-06-03 17:50:00,0.78422,0.78426,0.78464,0.78404,404,1780509299.821,USDCHF_otc
92,2026-06-03 17:55:00,0.78425,0.78488,0.78491,0.78407,409,1780509599.829,USDCHF_otc
92,2026-06-03 18:00:00,0.78488,0.78453,0.78508,0.7845,394,1780509899.2,USDCHF_otc
92,2026-06-03 18:05:00,0.78453,0.78458,0.78469,0.78421,408,1780510199.739,USDCHF_otc
92,2026-06-03 18:10:00,0.7846,0.78455,0.78485,0.78449,390,1780510499.691,USDCHF_otc
92,2026-06-03 18:15:00,0.78455,0.78458,0.78485,0.78443,405,1780510799.689,USDCHF_otc
92,2026-06-03 18:20:00,0.78459,0.7857,0.7857,0.78456,410,1780511099.598,USDCHF_otc
92,2026-06-03 18:25:00,0.78572,0.7857,0.78576,0.78501,398,1780511399.07,USDCHF_otc
92,2026-06-03 18:30:00,0.78571,0.78544,0.78609,0.78544,413,1780511699.985,USDCHF_otc
92,2026-06-03 18:35:00,0.78542,0.78456,0.78549,0.78451,407,1780511999.468,USDCHF_otc
92,2026-06-03 18:40:00,0.78456,0.78414,0.7847,0.78369,395,1780512299.379,USDCHF_otc
92,2026-06-03 18:45:00,0.78414,0.78441,0.78448,0.78381,380,1780512599.908,USDCHF_otc
92,2026-06-03 18:50:00,0.78441,0.7838,0.78459,0.7838,404,1780512899.795,USDCHF_otc
92,2026-06-03 18:55:00,0.7838,0.78329,0.78392,0.7831,386,1780513199.742,USDCHF_otc
92,2026-06-03 19:00:00,0.78329,0.78381,0.78413,0.78329,407,1780513499.221,USDCHF_otc
92,2026-06-03 19:05:00,0.78381,0.78319,0.78382,0.78301,393,1780513799.721,USDCHF_otc
92,2026-06-03 19:10:00,0.78319,0.78376,0.78398,0.78289,398,1780514099.654,USDCHF_otc
92,2026-06-03 19:15:00,0.78376,0.78388,0.78419,0.7836,396,1780514399.177,USDCHF_otc
92,2026-06-03 19:20:00,0.78389,0.7839,0.78433,0.7837,399,1780514699.552,USDCHF_otc
92,2026-06-03 19:25:00,0.78388,0.78391,0.78411,0.78363,401,1780514999.422,USDCHF_otc
92,2026-06-03 19:30:00,0.78391,0.78525,0.78528,0.78388,388,1780515299.951,USDCHF_otc
92,2026-06-03 19:35:00,0.78525,0.78529,0.78542,0.78499,401,1780515599.882,USDCHF_otc
92,2026-06-03 19:40:00,0.78528,0.78531,0.78567,0.78521,402,1780515899.895,USDCHF_otc
92,2026-06-03 19:45:00,0.78525,0.78563,0.78569,0.7848,376,1780516199.294,USDCHF_otc
92,2026-06-03 19:50:00,0.78563,0.78496,0.78587,0.78489,399,1780516499.803,USDCHF_otc
92,2026-06-03 19:55:00,0.78493,0.78522,0.78553,0.78472,413,1780516799.751,USDCHF_otc
92,2026-06-03 20:00:00,0.78522,0.78525,0.78564,0.78517,383,1780517099.675,USDCHF_otc
92,2026-06-03 20:05:00,0.78527,0.78483,0.78545,0.78481,391,1780517399.129,USDCHF_otc
92,2026-06-03 20:10:00,0.78482,0.78485,0.78501,0.78459,413,1780517699.55,USDCHF_otc
92,2026-06-03 20:15:00,0.78485,0.78529,0.78531,0.78475,408,1780517999.904,USDCHF_otc
92,2026-06-03 20:20:00,0.78529,0.78524,0.78535,0.7849,399,1780518299.422,USDCHF_otc
92,2026-06-03 20:25:00,0.78524,0.78444,0.78534,0.78415,398,1780518599.33,USDCHF_otc
92,2026-06-03 20:30:00,0.78444,0.78358,0.78455,0.78357,402,1780518899.832,USDCHF_otc
92,2026-06-03 20:35:00,0.78357,0.78324,0.78364,0.78308,401,1780519199.744,USDCHF_otc
92,2026-06-03 20:40:00,0.78323,0.78319,0.78351,0.78295,410,1780519498.725,USDCHF_otc
92,2026-06-03 20:45:00,0.78319,0.78233,0.78325,0.78217,394,1780519799.132,USDCHF_otc
92,2026-06-03 20:50:00,0.78235,0.78206,0.78239,0.782,421,1780520099.154,USDCHF_otc
92,2026-06-03 20:55:00,0.78206,0.78143,0.7822,0.78124,413,1780520399.561,USDCHF_otc
92,2026-06-03 21:00:00,0.78146,0.78121,0.78152,0.78066,402,1780520699.55,USDCHF_otc
92,2026-06-03 21:05:00,0.78116,0.78173,0.78177,0.78107,391,1780520999.489,USDCHF_otc
92,2026-06-03 21:10:00,0.78173,0.78185,0.78192,0.78144,391,1780521299.904,USDCHF_otc
92,2026-06-03 21:15:00,0.78182,0.78177,0.78187,0.78146,421,1780521599.86,USDCHF_otc
92,2026-06-03 21:20:00,0.78177,0.78135,0.78196,0.78129,401,1780521899.835,USDCHF_otc
92,2026-06-03 21:25:00,0.78135,0.78124,0.78142,0.78088,409,1780522199.244,USDCHF_otc
92,2026-06-03 21:30:00,0.78124,0.7811,0.78156,0.78107,405,1780522499.758,USDCHF_otc
92,2026-06-03 21:35:00,0.7811,0.78069,0.78114,0.78061,383,1780522799.712,USDCHF_otc
92,2026-06-03 21:40:00,0.78069,0.78055,0.78097,0.78028,404,1780523099.622,USDCHF_otc
92,2026-06-03 21:45:00,0.78055,0.78031,0.7808,0.78031,384,1780523399.08,USDCHF_otc
92,2026-06-03 21:50:00,0.78033,0.78132,0.78138,0.78028,394,1780523699.501,USDCHF_otc
92,2026-06-03 21:55:00,0.78132,0.78073,0.78146,0.78051,408,1780523998.874,USDCHF_otc
92,2026-06-03 22:00:00,0.78073,0.78102,0.78156,0.78073,401,1780524299.831,USDCHF_otc
92,2026-06-03 22:05:00,0.78102,0.78059,0.78137,0.78055,378,1780524599.728,USDCHF_otc
92,2026-06-03 22:10:00,0.7806,0.7813,0.78133,0.7806,432,1780524899.206,USDCHF_otc
92,2026-06-03 22:15:00,0.7813,0.78016,0.78144,0.78011,400,1780525199.63,USDCHF_otc
92,2026-06-03 22:20:00,0.78014,0.78035,0.78049,0.77998,402,1780525499.004,USDCHF_otc
92,2026-06-03 22:25:00,0.78036,0.77962,0.78049,0.77962,428,1780525799.984,USDCHF_otc
92,2026-06-03 22:30:00,0.77962,0.77903,0.77968,0.77901,413,1780526099.861,USDCHF_otc
92,2026-06-03 22:35:00,0.77903,0.77936,0.77955,0.77885,396,1780526399.844,USDCHF_otc
92,2026-06-03 22:40:00,0.77936,0.77867,0.77939,0.77842,407,1780526699.715,USDCHF_otc
92,2026-06-03 22:45:00,0.77867,0.77789,0.77868,0.77778,406,1780526998.667,USDCHF_otc
92,2026-06-03 22:50:00,0.77789,0.77765,0.77798,0.77741,389,1780527299.592,USDCHF_otc
92,2026-06-03 22:55:00,0.77765,0.77835,0.77839,0.77765,394,1780527599.499,USDCHF_otc
92,2026-06-03 23:00:00,0.77834,0.77732,0.77846,0.77731,407,1780527899.968,USDCHF_otc
92,2026-06-03 23:05:00,0.77733,0.77785,0.77811,0.77717,395,1780528199.365,USDCHF_otc
92,2026-06-03 23:10:00,0.77785,0.77703,0.7779,0.77699,408,1780528499.34,USDCHF_otc
92,2026-06-03 23:15:00,0.77703,0.77697,0.77733,0.7767,394,1780528799.68,USDCHF_otc
92,2026-06-03 23:20:00,0.77696,0.77646,0.77703,0.77627,401,1780529099.623,USDCHF_otc
92,2026-06-03 23:25:00,0.77646,0.77634,0.77655,0.77613,391,1780529399.12,USDCHF_otc
92,2026-06-03 23:30:00,0.77634,0.77679,0.777,0.7763,409,1780529699.58,USDCHF_otc
92,2026-06-03 23:35:00,0.77679,0.77635,0.77705,0.77629,424,1780529999.982,USDCHF_otc
92,2026-06-03 23:40:00,0.77635,0.77699,0.77745,0.77626,410,1780530299.848,USDCHF_otc
92,2026-06-03 23:45:00,0.77699,0.77659,0.77709,0.77655,413,1780530599.316,USDCHF_otc
92,2026-06-03 23:50:00,0.77659,0.77682,0.77708,0.77658,379,1780530899.756,USDCHF_otc
92,2026-06-03 23:55:00,0.7768,0.77751,0.77752,0.77662,398,1780531199.218,USDCHF_otc
92,2026-06-04 00:00:00,0.77751,0.77725,0.77767,0.77702,404,1780531499.646,USDCHF_otc
92,2026-06-04 00:05:00,0.77725,0.7775,0.77768,0.77698,401,1780531799.639,USDCHF_otc
92,2026-06-04 00:10:00,0.7775,0.77825,0.77834,0.77705,408,1780532099.975,USDCHF_otc
92,2026-06-04 00:15:00,0.77825,0.77825,0.77854,0.77807,395,1780532399.441,USDCHF_otc
92,2026-06-04 00:20:00,0.77825,0.77932,0.77935,0.7781,400,1780532699.857,USDCHF_otc
92,2026-06-04 00:25:00,0.77932,0.77896,0.7794,0.77869,387,1780532999.795,USDCHF_otc
92,2026-06-04 00:30:00,0.77896,0.77899,0.77904,0.77862,376,1780533299.23,USDCHF_otc
92,2026-06-04 00:35:00,0.77899,0.77944,0.7795,0.77888,410,1780533599.644,USDCHF_otc
92,2026-06-04 00:40:00,0.77944,0.77968,0.77969,0.77915,417,1780533898.58,USDCHF_otc
92,2026-06-04 00:45:00,0.77969,0.77937,0.77986,0.77927,394,1780534199.98,USDCHF_otc
92,2026-06-04 00:50:00,0.77936,0.77924,0.77971,0.77909,424,1780534499.952,USDCHF_otc
92,2026-06-04 00:55:00,0.77924,0.77909,0.77934,0.77876,396,1780534799.904,USDCHF_otc
92,2026-06-04 01:00:00,0.77909,0.77974,0.77978,0.77908,393,1780535099.878,USDCHF_otc
92,2026-06-04 01:05:00,0.77975,0.78017,0.78056,0.77969,397,1780535399.807,USDCHF_otc
92,2026-06-04 01:10:00,0.78019,0.78006,0.78043,0.77991,405,1780535698.253,USDCHF_otc
92,2026-06-04 01:15:00,0.78006,0.78019,0.78034,0.77981,429,1780535999.096,USDCHF_otc
92,2026-06-04 01:20:00,0.78025,0.78027,0.78052,0.78019,385,1780536299.582,USDCHF_otc
92,2026-06-04 01:25:00,0.78028,0.78015,0.78058,0.78007,389,1780536598.955,USDCHF_otc
92,2026-06-04 01:30:00,0.78015,0.77965,0.78029,0.77961,403,1780536897.874,USDCHF_otc
92,2026-06-04 01:35:00,0.77965,0.77925,0.77966,0.77925,378,1780537199.845,USDCHF_otc
92,2026-06-04 01:40:00,0.77925,0.77891,0.77925,0.77852,391,1780537498.73,USDCHF_otc
92,2026-06-04 01:45:00,0.77895,0.77855,0.77898,0.77834,375,1780537799.245,USDCHF_otc
92,2026-06-04 01:50:00,0.77855,0.77885,0.77886,0.77828,390,1780538098.647,USDCHF_otc
92,2026-06-04 01:55:00,0.77886,0.77855,0.77891,0.77841,389,1780538399.648,USDCHF_otc
92,2026-06-04 02:00:00,0.77855,0.77752,0.77861,0.77736,410,1780538699.026,USDCHF_otc
92,2026-06-04 02:05:00,0.77752,0.77821,0.77833,0.77748,419,1780538999.534,USDCHF_otc
92,2026-06-04 02:10:00,0.77821,0.77853,0.77862,0.7779,399,1780539299.928,USDCHF_otc
92,2026-06-04 02:15:00,0.77852,0.77916,0.7792,0.77851,412,1780539599.864,USDCHF_otc
92,2026-06-04 02:20:00,0.77912,0.77879,0.77919,0.77857,388,1780539899.298,USDCHF_otc
92,2026-06-04 02:25:00,0.77879,0.77877,0.77926,0.77862,410,1780540198.737,USDCHF_otc
92,2026-06-04 02:30:00,0.77876,0.77842,0.7789,0.77833,409,1780540499.683,USDCHF_otc
92,2026-06-04 02:35:00,0.77843,0.77881,0.77915,0.7783,393,1780540799.618,USDCHF_otc
92,2026-06-04 02:40:00,0.77881,0.7791,0.77928,0.77833,380,1780541099.572,USDCHF_otc
92,2026-06-04 02:45:00,0.7791,0.77909,0.77924,0.77865,405,1780541399.968,USDCHF_otc
92,2026-06-04 02:50:00,0.77909,0.77932,0.77937,0.77858,400,1780541699.968,USDCHF_otc
92,2026-06-04 02:55:00,0.7793,0.77953,0.77983,0.77927,408,1780541999.91,USDCHF_otc
92,2026-06-04 03:00:00,0.77953,0.7794,0.77959,0.7791,398,1780542298.878,USDCHF_otc
92,2026-06-04 03:05:00,0.7794,0.77989,0.77999,0.77911,387,1780542599.79,USDCHF_otc
92,2026-06-04 03:10:00,0.77986,0.77945,0.78005,0.77937,409,1780542899.305,USDCHF_otc
92,2026-06-04 03:15:00,0.77945,0.77917,0.77966,0.77893,397,1780543199.734,USDCHF_otc
92,2026-06-04 03:20:00,0.77917,0.77852,0.77934,0.77844,397,1780543499.737,USDCHF_otc
92,2026-06-04 03:25:00,0.77851,0.778,0.77866,0.77799,375,1780543799.152,USDCHF_otc
92,2026-06-04 03:30:00,0.778,0.77812,0.77851,0.77795,404,1780544099.152,USDCHF_otc
92,2026-06-04 03:35:00,0.77812,0.77865,0.77874,0.77811,394,1780544399.599,USDCHF_otc
92,2026-06-04 03:40:00,0.77866,0.7793,0.77943,0.77862,395,1780544699.573,USDCHF_otc
92,2026-06-04 03:45:00,0.77931,0.77958,0.77962,0.77909,374,1780544998.536,USDCHF_otc
92,2026-06-04 03:50:00,0.7796,0.77911,0.77962,0.7791,396,1780545299.99,USDCHF_otc
92,2026-06-04 03:55:00,0.77911,0.77887,0.77935,0.77883,389,1780545597.848,USDCHF_otc
92,2026-06-04 04:00:00,0.77885,0.77898,0.77912,0.77868,383,1780545899.862,USDCHF_otc
92,2026-06-04 04:05:00,0.77898,0.7785,0.77898,0.7785,426,1780546199.782,USDCHF_otc
92,2026-06-04 04:10:00,0.7785,0.7783,0.77857,0.778,412,1780546499.298,USDCHF_otc
92,2026-06-04 04:15:00,0.7783,0.77869,0.77889,0.77816,397,1780546799.771,USDCHF_otc
92,2026-06-04 04:20:00,0.7788,0.77852,0.77906,0.77844,412,1780547099.75,USDCHF_otc
92,2026-06-04 04:25:00,0.77852,0.7785,0.77902,0.77828,432,1780547399.699,USDCHF_otc
92,2026-06-04 04:30:00,0.77852,0.77903,0.7791,0.77846,385,1780547699.648,USDCHF_otc
92,2026-06-04 04:35:00,0.77903,0.77862,0.77922,0.77852,394,1780547999.588,USDCHF_otc
92,2026-06-04 04:40:00,0.77862,0.77926,0.77935,0.77841,409,1780548299.632,USDCHF_otc
92,2026-06-04 04:45:00,0.77926,0.77926,0.77947,0.77889,396,1780548598.613,USDCHF_otc
92,2026-06-04 04:50:00,0.77926,0.7795,0.77953,0.77906,405,1780548899.545,USDCHF_otc
92,2026-06-04 04:55:00,0.7795,0.77988,0.78038,0.77946,395,1780549199.506,USDCHF_otc
92,2026-06-04 05:00:00,0.77988,0.77984,0.7801,0.77961,422,1780549499.962,USDCHF_otc
92,2026-06-04 05:05:00,0.77984,0.78001,0.78064,0.7798,414,1780549799.431,USDCHF_otc
92,2026-06-04 05:10:00,0.78,0.77962,0.78007,0.77948,401,1780550099.865,USDCHF_otc
92,2026-06-04 05:15:00,0.77962,0.77992,0.77997,0.77916,408,1780550399.778,USDCHF_otc
92,2026-06-04 05:20:00,0.77992,0.78062,0.78078,0.77987,409,1780550699.758,USDCHF_otc
92,2026-06-04 05:25:00,0.7806,0.77988,0.78077,0.77978,391,1780550999.182,USDCHF_otc
92,2026-06-04 05:30:00,0.77989,0.78022,0.78044,0.77959,373,1780551299.636,USDCHF_otc
92,2026-06-04 05:35:00,0.78022,0.78021,0.78041,0.78005,408,1780551599.624,USDCHF_otc
92,2026-06-04 05:40:00,0.78022,0.77981,0.78053,0.77976,410,1780551899.116,USDCHF_otc
92,2026-06-04 05:45:00,0.77981,0.77984,0.78003,0.77945,415,1780552199.059,USDCHF_otc
92,2026-06-04 05:50:00,0.77984,0.7793,0.77993,0.77902,413,1780552499.542,USDCHF_otc
92,2026-06-04 05:55:00,0.77931,0.78001,0.78007,0.77927,407,1780552799.955,USDCHF_otc
92,2026-06-04 06:00:00,0.78001,0.78016,0.78021,0.77989,382,1780553099.962,USDCHF_otc
92,2026-06-04 06:05:00,0.78016,0.78013,0.78071,0.78002,388,1780553399.917,USDCHF_otc
92,2026-06-04 06:10:00,0.78013,0.77965,0.78017,0.77961,392,1780553699.933,USDCHF_otc
92,2026-06-04 06:15:00,0.77965,0.77987,0.78009,0.77954,387,1780553999.301,USDCHF_otc
92,2026-06-04 06:20:00,0.77987,0.78025,0.78043,0.77982,417,1780554299.306,USDCHF_otc
92,2026-06-04 06:25:00,0.78025,0.7803,0.7804,0.78002,391,1780554599.209,USDCHF_otc
92,2026-06-04 06:30:00,0.7803,0.77949,0.78045,0.77933,386,1780554899.7,USDCHF_otc
92,2026-06-04 06:35:00,0.77949,0.7792,0.77974,0.77908,412,1780555197.678,USDCHF_otc
92,2026-06-04 06:40:00,0.77918,0.77991,0.77998,0.77914,400,1780555499.635,USDCHF_otc
92,2026-06-04 06:45:00,0.77991,0.78002,0.78014,0.77944,407,1780555799.583,USDCHF_otc
92,2026-06-04 06:50:00,0.78001,0.78005,0.78043,0.7799,380,1780556099.549,USDCHF_otc
92,2026-06-04 06:55:00,0.78006,0.77993,0.78037,0.77972,394,1780556399.918,USDCHF_otc
92,2026-06-04 07:00:00,0.77993,0.77898,0.78,0.77873,390,1780556698.941,USDCHF_otc
92,2026-06-04 07:05:00,0.77898,0.77891,0.77928,0.77858,404,1780556999.852,USDCHF_otc
92,2026-06-04 07:10:00,0.77891,0.77893,0.77952,0.77888,382,1780557299.871,USDCHF_otc
92,2026-06-04 07:15:00,0.779,0.77892,0.77916,0.77872,394,1780557599.764,USDCHF_otc
92,2026-06-04 07:20:00,0.77892,0.77929,0.77938,0.77877,391,1780557898.736,USDCHF_otc
92,2026-06-04 07:25:00,0.77929,0.77931,0.77951,0.77913,405,1780558199.141,USDCHF_otc
92,2026-06-04 07:30:00,0.77931,0.77885,0.77957,0.77884,411,1780558498.17,USDCHF_otc
92,2026-06-04 07:35:00,0.77885,0.77888,0.77924,0.77876,411,1780558799.097,USDCHF_otc
92,2026-06-04 07:40:00,0.77892,0.7788,0.77892,0.77859,406,1780559099.622,USDCHF_otc
92,2026-06-04 07:45:00,0.77883,0.77878,0.77901,0.77853,401,1780559399.523,USDCHF_otc
92,2026-06-04 07:50:00,0.77878,0.7788,0.77921,0.77853,391,1780559699.539,USDCHF_otc
92,2026-06-04 07:55:00,0.77881,0.77866,0.77906,0.77858,401,1780559999.937,USDCHF_otc
92,2026-06-04 08:00:00,0.77866,0.77879,0.77908,0.77807,394,1780560298.452,USDCHF_otc
92,2026-06-04 08:05:00,0.77885,0.77864,0.77909,0.77851,416,1780560599.905,USDCHF_otc
92,2026-06-04 08:10:00,0.77864,0.77891,0.77912,0.77852,387,1780560899.897,USDCHF_otc
92,2026-06-04 08:15:00,0.7789,0.77927,0.77931,0.77882,389,1780561199.892,USDCHF_otc
92,2026-06-04 08:20:00,0.77925,0.77946,0.77959,0.77894,421,1780561499.859,USDCHF_otc
92,2026-06-04 08:25:00,0.77946,0.77927,0.77962,0.77908,405,1780561799.886,USDCHF_otc
92,2026-06-04 08:30:00,0.77927,0.78006,0.78021,0.77922,404,1780562099.302,USDCHF_otc
92,2026-06-04 08:35:00,0.78006,0.78039,0.78047,0.77983,404,1780562399.831,USDCHF_otc
92,2026-06-04 08:40:00,0.78041,0.78071,0.78071,0.78017,408,1780562698.684,USDCHF_otc
92,2026-06-04 08:45:00,0.78071,0.78071,0.78094,0.78036,418,1780562999.633,USDCHF_otc
92,2026-06-04 08:50:00,0.78071,0.78105,0.78108,0.78047,387,1780563299.136,USDCHF_otc
92,2026-06-04 08:55:00,0.78105,0.78073,0.78119,0.78058,414,1780563599.6,USDCHF_otc
92,2026-06-04 09:00:00,0.78073,0.78113,0.78125,0.78073,410,1780563899.589,USDCHF_otc
92,2026-06-04 09:05:00,0.78113,0.78142,0.78165,0.78106,395,1780564199.033,USDCHF_otc
92,2026-06-04 09:10:00,0.78142,0.78159,0.78202,0.78127,379,1780564499.503,USDCHF_otc
92,2026-06-04 09:15:00,0.78159,0.78156,0.78159,0.78077,414,1780564799.944,USDCHF_otc
92,2026-06-04 09:20:00,0.78156,0.78095,0.78162,0.78081,402,1780565099.903,USDCHF_otc
92,2026-06-04 09:25:00,0.78093,0.7811,0.78146,0.78069,385,1780565399.897,USDCHF_otc
92,2026-06-04 09:30:00,0.7811,0.78119,0.78146,0.78089,401,1780565699.838,USDCHF_otc
92,2026-06-04 09:35:00,0.78119,0.78051,0.78121,0.78035,399,1780565999.331,USDCHF_otc
92,2026-06-04 09:40:00,0.78051,0.77996,0.78062,0.77985,397,1780566299.795,USDCHF_otc
92,2026-06-04 09:45:00,0.77997,0.78005,0.78016,0.77967,389,1780566599.804,USDCHF_otc
92,2026-06-04 09:50:00,0.78005,0.77933,0.78023,0.77916,396,1780566899.239,USDCHF_otc
92,2026-06-04 09:55:00,0.77933,0.77874,0.7795,0.77847,407,1780567199.756,USDCHF_otc
92,2026-06-04 10:00:00,0.77875,0.77902,0.77927,0.77855,384,1780567499.108,USDCHF_otc
92,2026-06-04 10:05:00,0.77902,0.77867,0.77953,0.77865,392,1780567799.064,USDCHF_otc
92,2026-06-04 10:10:00,0.77871,0.77914,0.7793,0.77871,407,1780568099.023,USDCHF_otc
92,2026-06-04 10:15:00,0.77914,0.7794,0.77954,0.77903,393,1780568395.985,USDCHF_otc
92,2026-06-04 10:20:00,0.77941,0.77952,0.77976,0.77921,396,1780568698.413,USDCHF_otc
92,2026-06-04 10:25:00,0.77952,0.7799,0.78017,0.77946,392,1780568999.349,USDCHF_otc
92,2026-06-04 10:30:00,0.7799,0.78029,0.78048,0.77988,395,1780569299.84,USDCHF_otc
92,2026-06-04 10:35:00,0.78029,0.77987,0.78033,0.7797,387,1780569599.701,USDCHF_otc
92,2026-06-04 10:40:00,0.77984,0.77959,0.7799,0.77908,384,1780569899.67,USDCHF_otc
92,2026-06-04 10:45:00,0.77958,0.77922,0.77959,0.77899,391,1780570199.626,USDCHF_otc
92,2026-06-04 10:50:00,0.77922,0.77863,0.77935,0.77852,393,1780570499.628,USDCHF_otc
92,2026-06-04 10:55:00,0.77862,0.77868,0.77899,0.77856,387,1780570798.517,USDCHF_otc
92,2026-06-04 11:00:00,0.77866,0.77873,0.77881,0.77835,399,1780571099.055,USDCHF_otc
92,2026-06-04 11:05:00,0.77871,0.7776,0.77876,0.77758,408,1780571399.992,USDCHF_otc
92,2026-06-04 11:10:00,0.77759,0.77731,0.77765,0.77717,383,1780571699.542,USDCHF_otc
92,2026-06-04 11:15:00,0.77731,0.77766,0.77789,0.77713,415,1780571999.92,USDCHF_otc
92,2026-06-04 11:20:00,0.77766,0.77729,0.77785,0.77715,402,1780572299.928,USDCHF_otc
92,2026-06-04 11:25:00,0.7773,0.77671,0.77736,0.77671,373,1780572599.329,USDCHF_otc
92,2026-06-04 11:30:00,0.77671,0.77681,0.77703,0.77657,385,1780572899.849,USDCHF_otc
92,2026-06-04 11:35:00,0.77681,0.77713,0.77731,0.77677,400,1780573199.778,USDCHF_otc
92,2026-06-04 11:40:00,0.77712,0.77699,0.77717,0.77672,392,1780573498.804,USDCHF_otc
92,2026-06-04 11:45:00,0.77699,0.77727,0.77728,0.7767,411,1780573799.756,USDCHF_otc
92,2026-06-04 11:50:00,0.77727,0.77664,0.77762,0.77657,418,1780574099.747,USDCHF_otc
92,2026-06-04 11:55:00,0.77664,0.7769,0.77716,0.77658,393,1780574398.633,USDCHF_otc
92,2026-06-04 12:00:00,0.7769,0.77739,0.77746,0.77686,398,1780574699.63,USDCHF_otc
92,2026-06-04 12:05:00,0.77741,0.77813,0.77829,0.77718,403,1780574999.553,USDCHF_otc
92,2026-06-04 12:10:00,0.77811,0.77831,0.77858,0.77783,405,1780575299.547,USDCHF_otc
92,2026-06-04 12:15:00,0.77831,0.77845,0.77858,0.77805,393,1780575599.483,USDCHF_otc
92,2026-06-04 12:20:00,0.77845,0.77875,0.77884,0.77811,418,1780575899.956,USDCHF_otc
92,2026-06-04 12:25:00,0.77875,0.7789,0.77933,0.77866,393,1780576199.845,USDCHF_otc
92,2026-06-04 12:30:00,0.7789,0.77823,0.77899,0.77795,398,1780576499.34,USDCHF_otc
92,2026-06-04 12:35:00,0.77823,0.7787,0.77886,0.77822,403,1780576799.778,USDCHF_otc
92,2026-06-04 12:40:00,0.77871,0.77856,0.77912,0.77855,409,1780577099.802,USDCHF_otc
92,2026-06-04 12:45:00,0.77856,0.77821,0.77877,0.77821,384,1780577398.707,USDCHF_otc
92,2026-06-04 12:50:00,0.77822,0.77755,0.77822,0.77716,393,1780577699.702,USDCHF_otc
92,2026-06-04 12:55:00,0.77755,0.77685,0.77782,0.77681,396,1780577999.563,USDCHF_otc
92,2026-06-04 13:00:00,0.77687,0.77719,0.77726,0.77682,395,1780578299.617,USDCHF_otc
92,2026-06-04 13:05:00,0.77722,0.7777,0.77796,0.77713,400,1780578599.507,USDCHF_otc
92,2026-06-04 13:10:00,0.77772,0.77738,0.77787,0.77731,399,1780578899.018,USDCHF_otc
92,2026-06-04 13:15:00,0.77735,0.77735,0.77777,0.77711,404,1780579199.939,USDCHF_otc
92,2026-06-04 13:20:00,0.77735,0.77809,0.77809,0.77725,424,1780579499.921,USDCHF_otc
92,2026-06-04 13:25:00,0.7781,0.77806,0.77822,0.77772,397,1780579799.298,USDCHF_otc
92,2026-06-04 13:30:00,0.77807,0.77791,0.77822,0.77756,411,1780580099.802,USDCHF_otc
92,2026-06-04 13:35:00,0.77791,0.77729,0.77807,0.77719,405,1780580399.74,USDCHF_otc
92,2026-06-04 13:40:00,0.77729,0.77748,0.77797,0.77721,394,1780580699.721,USDCHF_otc
92,2026-06-04 13:45:00,0.77748,0.77761,0.77791,0.77729,391,1780580999.643,USDCHF_otc
92,2026-06-04 13:50:00,0.77761,0.77827,0.77843,0.77761,395,1780581299.625,USDCHF_otc
92,2026-06-04 13:55:00,0.77828,0.77846,0.77858,0.77811,388,1780581599.039,USDCHF_otc
92,2026-06-04 14:00:00,0.77844,0.77828,0.77883,0.77801,392,1780581899.57,USDCHF_otc
92,2026-06-04 14:05:00,0.77827,0.77817,0.7786,0.77789,412,1780582199.998,USDCHF_otc
92,2026-06-04 14:10:00,0.77817,0.77775,0.7783,0.77759,394,1780582499.017,USDCHF_otc
92,2026-06-04 14:15:00,0.77775,0.77715,0.77779,0.77694,415,1780582799.447,USDCHF_otc
92,2026-06-04 14:20:00,0.77715,0.77788,0.77788,0.77686,412,1780583099.946,USDCHF_otc
92,2026-06-04 14:25:00,0.77788,0.77805,0.7782,0.77758,388,1780583399.39,USDCHF_otc
92,2026-06-04 14:30:00,0.77805,0.77837,0.77876,0.77805,399,1780583699.888,USDCHF_otc
92,2026-06-04 14:35:00,0.77837,0.77823,0.77892,0.77823,388,1780583999.832,USDCHF_otc
92,2026-06-04 14:40:00,0.77823,0.77775,0.77849,0.7777,394,1780584299.836,USDCHF_otc
92,2026-06-04 14:45:00,0.77775,0.77806,0.77845,0.77751,387,1780584599.745,USDCHF_otc
92,2026-06-04 14:50:00,0.77806,0.77846,0.77867,0.77799,410,1780584899.776,USDCHF_otc
92,2026-06-04 14:55:00,0.77846,0.77835,0.7787,0.77824,383,1780585199.683,USDCHF_otc
92,2026-06-04 15:00:00,0.77835,0.77811,0.77853,0.77785,369,1780585497.696,USDCHF_otc
92,2026-06-04 15:05:00,0.7781,0.77851,0.77855,0.77787,408,1780585799.65,USDCHF_otc
92,2026-06-04 15:10:00,0.7785,0.77834,0.77872,0.77813,418,1780586099.636,USDCHF_otc
92,2026-06-04 15:15:00,0.77833,0.77879,0.77913,0.77827,383,1780586399.518,USDCHF_otc
92,2026-06-04 15:20:00,0.77879,0.77841,0.77894,0.77808,406,1780586699.553,USDCHF_otc
92,2026-06-04 15:25:00,0.77841,0.77889,0.77914,0.77834,410,1780586999.501,USDCHF_otc
92,2026-06-04 15:30:00,0.77891,0.77828,0.77899,0.77817,397,1780587298.519,USDCHF_otc
92,2026-06-04 15:35:00,0.77828,0.77861,0.7787,0.77812,367,1780587599.497,USDCHF_otc
92,2026-06-04 15:40:00,0.77863,0.77917,0.77922,0.77849,403,1780587899.506,USDCHF_otc
92,2026-06-04 15:45:00,0.77919,0.77957,0.77976,0.77903,414,1780588198.989,USDCHF_otc
92,2026-06-04 15:50:00,0.77957,0.77955,0.77964,0.77906,397,1780588499.429,USDCHF_otc
92,2026-06-04 15:55:00,0.77955,0.77839,0.77956,0.77837,415,1780588799.983,USDCHF_otc
92,2026-06-04 16:00:00,0.77838,0.77813,0.77839,0.77788,400,1780589099.919,USDCHF_otc
92,2026-06-04 16:05:00,0.77813,0.77735,0.77815,0.77723,387,1780589399.948,USDCHF_otc
92,2026-06-04 16:10:00,0.77735,0.77748,0.77771,0.77725,393,1780589699.862,USDCHF_otc
92,2026-06-04 16:15:00,0.77748,0.77754,0.77775,0.77723,378,1780589999.844,USDCHF_otc
92,2026-06-04 16:20:00,0.77754,0.77767,0.77775,0.7773,387,1780590299.35,USDCHF_otc
92,2026-06-04 16:25:00,0.77767,0.77756,0.77789,0.77735,404,1780590599.841,USDCHF_otc
92,2026-06-04 16:30:00,0.77755,0.77663,0.7776,0.77657,369,1780590899.793,USDCHF_otc
92,2026-06-04 16:35:00,0.77664,0.77645,0.77675,0.77632,393,1780591199.737,USDCHF_otc
92,2026-06-04 16:40:00,0.77645,0.77599,0.77653,0.77595,403,1780591499.648,USDCHF_otc
92,2026-06-04 16:45:00,0.77601,0.77587,0.77626,0.77571,392,1780591799.646,USDCHF_otc
92,2026-06-04 16:50:00,0.77588,0.77563,0.77627,0.77563,404,1780592099.046,USDCHF_otc
92,2026-06-04 16:55:00,0.77563,0.7758,0.77583,0.77517,394,1780592399.546,USDCHF_otc
92,2026-06-04 17:00:00,0.7758,0.77597,0.77618,0.77556,403,1780592699.979,USDCHF_otc
92,2026-06-04 17:05:00,0.77598,0.77586,0.77627,0.77569,398,1780592998.985,USDCHF_otc
92,2026-06-04 17:10:00,0.77586,0.77548,0.77602,0.77547,397,1780593299.891,USDCHF_otc
92,2026-06-04 17:15:00,0.77548,0.77503,0.77554,0.77484,406,1780593599.907,USDCHF_otc
92,2026-06-04 17:20:00,0.77503,0.77462,0.77523,0.7746,394,1780593899.334,USDCHF_otc
92,2026-06-04 17:25:00,0.77462,0.77458,0.77493,0.77441,409,1780594199.837,USDCHF_otc
92,2026-06-04 17:30:00,0.77458,0.77429,0.77458,0.77395,384,1780594499.779,USDCHF_otc
92,2026-06-04 17:35:00,0.7743,0.77471,0.77482,0.77425,394,1780594799.785,USDCHF_otc
92,2026-06-04 17:40:00,0.77471,0.77517,0.7752,0.7747,400,1780595099.699,USDCHF_otc
92,2026-06-04 17:45:00,0.77516,0.77451,0.7752,0.77444,392,1780595399.694,USDCHF_otc
92,2026-06-04 17:50:00,0.77451,0.77442,0.77465,0.77423,414,1780595698.611,USDCHF_otc
92,2026-06-04 17:55:00,0.77442,0.78914,0.78918,0.77413,398,1780595999.59,USDCHF_otc
92,2026-06-04 18:00:00,0.78916,0.78881,0.78917,0.78863,384,1780596299.517,USDCHF_otc
92,2026-06-04 18:05:00,0.78881,0.78889,0.78893,0.78845,389,1780596599.037,USDCHF_otc
92,2026-06-04 18:10:00,0.78892,0.78989,0.78997,0.78888,402,1780596898.943,USDCHF_otc
92,2026-06-04 18:15:00,0.78989,0.78945,0.78989,0.78935,417,1780597199.962,USDCHF_otc
92,2026-06-04 18:20:00,0.78945,0.78964,0.78983,0.78933,382,1780597499.409,USDCHF_otc
92,2026-06-04 18:25:00,0.78964,0.7887,0.78973,0.78865,393,1780597799.368,USDCHF_otc
92,2026-06-04 18:30:00,0.7887,0.78869,0.78874,0.78842,374,1780598099.866,USDCHF_otc
92,2026-06-04 18:35:00,0.78869,0.78836,0.78879,0.78836,375,1780598399.822,USDCHF_otc
92,2026-06-04 18:40:00,0.78836,0.7881,0.78888,0.7881,409,1780598699.844,USDCHF_otc
92,2026-06-04 18:45:00,0.7881,0.78864,0.78878,0.78807,412,1780598999.241,USDCHF_otc
92,2026-06-04 18:50:00,0.78864,0.788,0.7888,0.78797,402,1780599299.232,USDCHF_otc
92,2026-06-04 18:55:00,0.788,0.788,0.788,0.78799,5,1780599304.255,USDCHF_otc
