symbol_id,timestamp,open,close,high,low,volume,last_tick,asset
1,2026-05-05 20:15:00,1.16963,1.16947,1.16963,1.16942,492,1778012999.281,EURUSD
1,2026-05-05 20:30:00,1.16947,1.16926,1.16948,1.16925,380,1778013899.019,EURUSD
1,2026-05-05 20:45:00,1.16925,1.1693,1.16949,1.16922,627,1778014799.893,EURUSD
1,2026-05-05 21:00:00,1.1693,1.16939,1.16942,1.16925,248,1778015695.141,EURUSD
1,2026-05-05 21:15:00,1.16939,1.16936,1.16939,1.16934,65,1778016570.185,EURUSD
1,2026-05-05 21:30:00,1.16936,1.16939,1.1694,1.16934,59,1778017498.129,EURUSD
1,2026-05-05 21:45:00,1.16939,1.16935,1.16942,1.16933,148,1778018384.731,EURUSD
1,2026-05-05 22:00:00,1.16934,1.16941,1.16954,1.16934,406,1778019298.136,EURUSD
1,2026-05-05 22:15:00,1.16941,1.16929,1.16941,1.16918,351,1778020194.594,EURUSD
1,2026-05-05 22:30:00,1.16929,1.16936,1.16937,1.1692,338,1778021099.093,EURUSD
1,2026-05-05 22:45:00,1.16936,1.17056,1.17095,1.16931,1458,1778021999.297,EURUSD
1,2026-05-05 23:00:00,1.17056,1.17233,1.17246,1.17053,1552,1778022899.076,EURUSD
1,2026-05-05 23:15:00,1.17233,1.17178,1.17256,1.17177,1217,1778023799.987,EURUSD
1,2026-05-05 23:30:00,1.17178,1.17165,1.17214,1.17163,963,1778024699.645,EURUSD
1,2026-05-05 23:45:00,1.17165,1.17148,1.17178,1.17146,997,1778025598.192,EURUSD
1,2026-05-06 00:00:00,1.17148,1.17129,1.17167,1.17123,1883,1778026499.276,EURUSD
1,2026-05-06 00:15:00,1.17129,1.17139,1.17181,1.17113,1478,1778027399.196,EURUSD
1,2026-05-06 00:30:00,1.17139,1.17194,1.17205,1.17135,1389,1778028299.994,EURUSD
1,2026-05-06 00:45:00,1.17194,1.17203,1.17216,1.17172,1223,1778029199.696,EURUSD
1,2026-05-06 01:00:00,1.17203,1.17196,1.17216,1.17178,1396,1778030098.275,EURUSD
1,2026-05-06 01:15:00,1.17196,1.17225,1.17254,1.17188,1199,1778030999.097,EURUSD
1,2026-05-06 01:30:00,1.17225,1.17233,1.17234,1.17185,1344,1778031899.061,EURUSD
1,2026-05-06 01:45:00,1.17233,1.17213,1.17261,1.1721,1459,1778032799.094,EURUSD
1,2026-05-06 02:00:00,1.17213,1.17214,1.17249,1.17212,1294,1778033697.247,EURUSD
1,2026-05-06 02:15:00,1.17214,1.17185,1.17234,1.17182,1019,1778034599.293,EURUSD
1,2026-05-06 02:30:00,1.17185,1.17167,1.17197,1.17164,899,1778035499.895,EURUSD
1,2026-05-06 02:45:00,1.17167,1.17174,1.17184,1.17157,856,1778036399.204,EURUSD
1,2026-05-06 03:00:00,1.17174,1.17214,1.17221,1.17169,1036,1778037299.444,EURUSD
1,2026-05-06 03:15:00,1.17214,1.17203,1.17222,1.17189,885,1778038197.092,EURUSD
1,2026-05-06 03:30:00,1.17203,1.17206,1.17231,1.17179,1012,1778039098.046,EURUSD
1,2026-05-06 03:45:00,1.17206,1.17179,1.17207,1.17164,838,1778039997.075,EURUSD
1,2026-05-06 04:00:00,1.17179,1.17182,1.17185,1.17164,728,1778040899.696,EURUSD
1,2026-05-06 04:15:00,1.17183,1.17283,1.17284,1.17176,1190,1778041799.495,EURUSD
1,2026-05-06 04:30:00,1.17283,1.17333,1.17367,1.17265,3088,1778042699.193,EURUSD
1,2026-05-06 04:45:00,1.17333,1.17371,1.1743,1.17308,2897,1778043599.394,EURUSD
1,2026-05-06 05:00:00,1.17371,1.17338,1.17382,1.17338,1964,1778044499.267,EURUSD
1,2026-05-06 05:15:00,1.17338,1.17332,1.17344,1.17302,1381,1778045399.196,EURUSD
1,2026-05-06 05:30:00,1.17332,1.17323,1.17334,1.17314,1072,1778046296.441,EURUSD
1,2026-05-06 05:45:00,1.17323,1.17331,1.17335,1.17308,1081,1778047199.994,EURUSD
1,2026-05-06 06:00:00,1.17331,1.17327,1.17352,1.17306,1610,1778048099.095,EURUSD
1,2026-05-06 06:15:00,1.17326,1.17327,1.17352,1.17306,1279,1778048999.636,EURUSD
1,2026-05-06 06:30:00,1.17327,1.17317,1.1734,1.17284,1465,1778049899.294,EURUSD
1,2026-05-06 06:45:00,1.17317,1.17334,1.17357,1.17312,1305,1778050799.191,EURUSD
1,2026-05-06 07:00:00,1.17335,1.17284,1.17368,1.17284,1603,1778051699.036,EURUSD
1,2026-05-06 07:15:00,1.17284,1.17304,1.17311,1.17272,1419,1778052599.142,EURUSD
1,2026-05-06 07:30:00,1.17304,1.1728,1.17309,1.17246,1431,1778053499.695,EURUSD
1,2026-05-06 07:45:00,1.1728,1.17378,1.17383,1.1728,2019,1778054399.994,EURUSD
1,2026-05-06 08:00:00,1.17376,1.17339,1.174,1.17333,1861,1778055299.505,EURUSD
1,2026-05-06 08:15:00,1.17339,1.1738,1.17382,1.17329,1382,1778056199.895,EURUSD
1,2026-05-06 08:30:00,1.1738,1.1748,1.17497,1.17374,1557,1778057099.026,EURUSD
1,2026-05-06 08:45:00,1.1748,1.17625,1.17708,1.17475,3625,1778057999.995,EURUSD
1,2026-05-06 09:00:00,1.17625,1.17596,1.17646,1.17562,2246,1778058899.696,EURUSD
1,2026-05-06 09:15:00,1.17596,1.17666,1.17698,1.17592,1908,1778059799.994,EURUSD
1,2026-05-06 09:30:00,1.17664,1.17715,1.17738,1.17651,1935,1778060699.894,EURUSD
1,2026-05-06 09:45:00,1.17715,1.17753,1.17772,1.1771,1564,1778061599.893,EURUSD
1,2026-05-06 10:00:00,1.17753,1.17692,1.17772,1.17691,1704,1778062499.011,EURUSD
1,2026-05-06 10:15:00,1.17692,1.17695,1.17706,1.17666,1595,1778063399.043,EURUSD
1,2026-05-06 10:30:00,1.17695,1.17832,1.17841,1.17695,1909,1778064299.694,EURUSD
1,2026-05-06 10:45:00,1.17832,1.17891,1.17969,1.17798,2932,1778065199.094,EURUSD
1,2026-05-06 11:00:00,1.17891,1.17847,1.17917,1.17826,2419,1778066099.897,EURUSD
1,2026-05-06 11:15:00,1.17847,1.17852,1.17898,1.17822,1827,1778066999.032,EURUSD
1,2026-05-06 11:30:00,1.17852,1.17755,1.17867,1.17742,2163,1778067899.795,EURUSD
1,2026-05-06 11:45:00,1.17755,1.17701,1.17768,1.17683,2051,1778068799.097,EURUSD
1,2026-05-06 12:00:00,1.17701,1.17569,1.17702,1.17525,2386,1778069699.695,EURUSD
1,2026-05-06 12:15:00,1.1757,1.17604,1.17624,1.17519,2679,1778070598.395,EURUSD
1,2026-05-06 12:30:00,1.17606,1.17612,1.17641,1.17559,1843,1778071499.094,EURUSD
1,2026-05-06 12:45:00,1.1761,1.17537,1.17611,1.17528,1900,1778072399.495,EURUSD
1,2026-05-06 13:00:00,1.17537,1.17559,1.17594,1.17465,2584,1778073299.299,EURUSD
1,2026-05-06 13:15:00,1.17559,1.17509,1.17581,1.17496,1842,1778074199.193,EURUSD
1,2026-05-06 13:30:00,1.17508,1.17518,1.17564,1.17473,2300,1778075099.035,EURUSD
1,2026-05-06 13:45:00,1.17518,1.17517,1.17552,1.17497,1887,1778075999.076,EURUSD
1,2026-05-06 14:00:00,1.17517,1.17481,1.17522,1.1745,2146,1778076899.081,EURUSD
1,2026-05-06 14:15:00,1.17481,1.17468,1.1752,1.17457,1927,1778077799.291,EURUSD
1,2026-05-06 14:30:00,1.17468,1.1762,1.17622,1.17464,2161,1778078699.994,EURUSD
1,2026-05-06 14:45:00,1.1762,1.17552,1.17629,1.17549,2206,1778079599.293,EURUSD
1,2026-05-06 15:00:00,1.17552,1.17503,1.17554,1.17488,1875,1778080499.994,EURUSD
1,2026-05-06 15:15:00,1.17503,1.17532,1.17541,1.17497,1630,1778081399.895,EURUSD
1,2026-05-06 15:30:00,1.17532,1.17558,1.17586,1.1752,1660,1778082299.994,EURUSD
1,2026-05-06 15:45:00,1.17558,1.17529,1.17574,1.17524,1488,1778083199.393,EURUSD
1,2026-05-06 16:00:00,1.17529,1.17515,1.17536,1.17492,1455,1778084098.399,EURUSD
1,2026-05-06 16:15:00,1.17515,1.1751,1.1753,1.175,1275,1778084999.997,EURUSD
1,2026-05-06 16:30:00,1.17509,1.17504,1.1753,1.17496,1204,1778085899.094,EURUSD
1,2026-05-06 16:45:00,1.17504,1.17444,1.17505,1.1742,1628,1778086799.396,EURUSD
1,2026-05-06 17:00:00,1.17444,1.17516,1.1753,1.17428,1402,1778087699.055,EURUSD
1,2026-05-06 17:15:00,1.17516,1.17536,1.17557,1.17507,1089,1778088599.996,EURUSD
1,2026-05-06 17:30:00,1.17536,1.17469,1.1754,1.17459,1234,1778089499.697,EURUSD
1,2026-05-06 17:45:00,1.17469,1.17483,1.17484,1.17449,1252,1778090399.993,EURUSD
1,2026-05-06 18:00:00,1.17483,1.17462,1.17497,1.17457,1306,1778091298.009,EURUSD
1,2026-05-06 18:15:00,1.17462,1.17457,1.17486,1.17448,1077,1778092199.07,EURUSD
1,2026-05-06 18:30:00,1.17457,1.17471,1.17483,1.17457,1028,1778093095.016,EURUSD
1,2026-05-06 18:45:00,1.17471,1.17495,1.17517,1.17459,1030,1778093999.494,EURUSD
1,2026-05-06 19:00:00,1.17495,1.17536,1.17545,1.1749,1128,1778094899.336,EURUSD
1,2026-05-06 19:15:00,1.17536,1.17534,1.17556,1.17529,857,1778095799.036,EURUSD
1,2026-05-06 19:30:00,1.17534,1.17489,1.17534,1.17488,983,1778096699.074,EURUSD
1,2026-05-06 19:45:00,1.17489,1.17477,1.1752,1.17476,1293,1778097599.596,EURUSD
1,2026-05-06 20:00:00,1.17477,1.17495,1.17504,1.17464,876,1778098496.094,EURUSD
1,2026-05-06 20:15:00,1.17495,1.17484,1.17506,1.17483,597,1778099397.209,EURUSD
1,2026-05-06 20:30:00,1.17484,1.17459,1.17486,1.17454,514,1778100299.793,EURUSD
1,2026-05-06 20:45:00,1.17459,1.17476,1.17491,1.1745,593,1778101199.296,EURUSD
1,2026-05-06 21:00:00,1.17476,1.17488,1.1754,1.1746,248,1778102099.157,EURUSD
1,2026-05-06 21:15:00,1.17488,1.17494,1.17495,1.17474,210,1778102990.186,EURUSD
1,2026-05-06 21:30:00,1.17494,1.17504,1.17506,1.17492,164,1778103890.394,EURUSD
1,2026-05-06 21:45:00,1.17504,1.17498,1.17504,1.17495,201,1778104788.026,EURUSD
1,2026-05-06 22:00:00,1.17498,1.17507,1.17508,1.17494,413,1778105699.338,EURUSD
1,2026-05-06 22:15:00,1.17507,1.17498,1.17511,1.17496,422,1778106596.305,EURUSD
1,2026-05-06 22:30:00,1.17498,1.17514,1.17515,1.17495,504,1778107499.062,EURUSD
1,2026-05-06 22:45:00,1.17514,1.17506,1.17515,1.17498,485,1778108398.297,EURUSD
1,2026-05-06 23:00:00,1.17506,1.17515,1.17521,1.17501,523,1778109296.458,EURUSD
1,2026-05-06 23:15:00,1.17515,1.17494,1.17515,1.17488,429,1778110197.129,EURUSD
1,2026-05-06 23:30:00,1.17494,1.17487,1.17494,1.17483,410,1778111099.028,EURUSD
1,2026-05-06 23:45:00,1.17487,1.1748,1.17495,1.17464,677,1778111999.13,EURUSD
1,2026-05-07 00:00:00,1.1748,1.17541,1.17541,1.17468,1917,1778112899.205,EURUSD
1,2026-05-07 00:15:00,1.17541,1.17486,1.17542,1.17475,1321,1778113798.093,EURUSD
1,2026-05-07 00:30:00,1.17486,1.17485,1.17508,1.17472,1214,1778114699.094,EURUSD
1,2026-05-07 00:45:00,1.17485,1.17487,1.17496,1.1747,1212,1778115599.113,EURUSD
1,2026-05-07 01:00:00,1.17487,1.17542,1.17561,1.17466,1382,1778116499.093,EURUSD
1,2026-05-07 01:15:00,1.17542,1.1757,1.17578,1.1754,1427,1778117399.492,EURUSD
1,2026-05-07 01:30:00,1.1757,1.17626,1.17627,1.17558,1317,1778118297.01,EURUSD
1,2026-05-07 01:45:00,1.17626,1.17591,1.17635,1.17584,1285,1778119199.192,EURUSD
1,2026-05-07 02:00:00,1.17591,1.17565,1.1761,1.1756,1206,1778120099.025,EURUSD
1,2026-05-07 02:15:00,1.17565,1.17566,1.17574,1.17548,1048,1778120999.031,EURUSD
1,2026-05-07 02:30:00,1.17566,1.17556,1.17579,1.17548,992,1778121899.01,EURUSD
1,2026-05-07 02:45:00,1.17556,1.17565,1.1758,1.17554,969,1778122799.096,EURUSD
1,2026-05-07 03:00:00,1.17565,1.17533,1.17567,1.1753,947,1778123699.094,EURUSD
1,2026-05-07 03:15:00,1.17533,1.17527,1.17556,1.17526,918,1778124599.318,EURUSD
1,2026-05-07 03:30:00,1.17527,1.17513,1.1753,1.17504,852,1778125499.195,EURUSD
1,2026-05-07 03:45:00,1.17513,1.17489,1.17514,1.17488,884,1778126398.494,EURUSD
1,2026-05-07 04:00:00,1.17489,1.17505,1.17509,1.17479,940,1778127299.058,EURUSD
1,2026-05-07 04:15:00,1.17505,1.17524,1.17529,1.17505,687,1778128199.033,EURUSD
1,2026-05-07 04:30:00,1.17524,1.17519,1.17537,1.17514,751,1778129099.93,EURUSD
1,2026-05-07 04:45:00,1.17519,1.17509,1.17527,1.17507,864,1778129998.903,EURUSD
1,2026-05-07 05:00:00,1.17509,1.17522,1.17534,1.17508,943,1778130899.048,EURUSD
1,2026-05-07 05:15:00,1.17522,1.17516,1.17525,1.175,961,1778131798.168,EURUSD
1,2026-05-07 05:30:00,1.17516,1.17525,1.17535,1.17516,935,1778132699.018,EURUSD
1,2026-05-07 05:45:00,1.17525,1.1752,1.17538,1.1751,928,1778133599.693,EURUSD
1,2026-05-07 06:00:00,1.1752,1.17502,1.17522,1.17494,1206,1778134499.996,EURUSD
1,2026-05-07 06:15:00,1.17503,1.17479,1.1752,1.17479,1235,1778135399.794,EURUSD
1,2026-05-07 06:30:00,1.17479,1.17562,1.17565,1.17453,1825,1778136299.795,EURUSD
1,2026-05-07 06:45:00,1.17562,1.17481,1.17568,1.17451,1803,1778137199.295,EURUSD
1,2026-05-07 07:00:00,1.17481,1.1767,1.17673,1.17481,2448,1778138099.497,EURUSD
1,2026-05-07 07:15:00,1.1767,1.17647,1.17688,1.17596,2053,1778138999.017,EURUSD
1,2026-05-07 07:30:00,1.17647,1.17645,1.17679,1.17618,1783,1778139899.895,EURUSD
1,2026-05-07 07:45:00,1.17645,1.1767,1.17676,1.17622,1770,1778140799.396,EURUSD
1,2026-05-07 08:00:00,1.1767,1.1767,1.17675,1.1765,1724,1778141699.218,EURUSD
1,2026-05-07 08:15:00,1.1767,1.17699,1.17716,1.17631,1885,1778142599.007,EURUSD
1,2026-05-07 08:30:00,1.17699,1.17699,1.17736,1.17681,1433,1778143499.494,EURUSD
1,2026-05-07 08:45:00,1.17699,1.17718,1.17742,1.17696,1365,1778144398.01,EURUSD
1,2026-05-07 09:00:00,1.17718,1.17685,1.1772,1.17659,1530,1778145299.117,EURUSD
1,2026-05-07 09:15:00,1.17685,1.17686,1.177,1.17658,1388,1778146199.038,EURUSD
1,2026-05-07 09:30:00,1.17686,1.17769,1.17773,1.17681,1377,1778147099.491,EURUSD
1,2026-05-07 09:45:00,1.17769,1.17704,1.17785,1.17693,1547,1778147999.019,EURUSD
1,2026-05-07 10:00:00,1.17704,1.17754,1.17761,1.1768,1463,1778148899.01,EURUSD
1,2026-05-07 10:15:00,1.17754,1.1775,1.17762,1.17732,1389,1778149799.068,EURUSD
1,2026-05-07 10:30:00,1.1775,1.17718,1.17759,1.17699,1446,1778150699.694,EURUSD
1,2026-05-07 10:45:00,1.17718,1.1767,1.17727,1.1765,1624,1778151599.013,EURUSD
1,2026-05-07 11:00:00,1.1767,1.17637,1.17686,1.17635,1400,1778152499.493,EURUSD
1,2026-05-07 11:15:00,1.17637,1.17643,1.17667,1.17624,1427,1778153399.594,EURUSD
1,2026-05-07 11:30:00,1.17643,1.17657,1.1768,1.1763,1306,1778154299.197,EURUSD
1,2026-05-07 11:45:00,1.17657,1.177,1.17704,1.17639,1303,1778155199.067,EURUSD
1,2026-05-07 12:00:00,1.177,1.17711,1.17723,1.1768,1494,1778156099.056,EURUSD
1,2026-05-07 12:15:00,1.17711,1.17699,1.17735,1.17673,1619,1778156999.994,EURUSD
1,2026-05-07 12:30:00,1.17699,1.17745,1.17749,1.17693,1476,1778157899.691,EURUSD
1,2026-05-07 12:45:00,1.17746,1.1773,1.1778,1.17727,1613,1778158799.892,EURUSD
1,2026-05-07 13:00:00,1.1773,1.17728,1.17746,1.17699,1837,1778159699.791,EURUSD
1,2026-05-07 13:15:00,1.17728,1.17756,1.17772,1.1772,1563,1778160599.693,EURUSD
1,2026-05-07 13:30:00,1.17755,1.17735,1.17756,1.17697,1846,1778161499.006,EURUSD
1,2026-05-07 13:45:00,1.17735,1.17687,1.17748,1.17667,2205,1778162399.991,EURUSD
1,2026-05-07 14:00:00,1.17687,1.17691,1.17704,1.1764,1941,1778163299.694,EURUSD
1,2026-05-07 14:15:00,1.17691,1.17696,1.17734,1.17651,1838,1778164199.991,EURUSD
1,2026-05-07 14:30:00,1.17696,1.17702,1.17725,1.17676,1702,1778165099.009,EURUSD
1,2026-05-07 14:45:00,1.17702,1.17759,1.17774,1.177,1878,1778165999.006,EURUSD
1,2026-05-07 15:00:00,1.17759,1.17738,1.1778,1.17736,1849,1778166899.011,EURUSD
1,2026-05-07 15:15:00,1.17738,1.1765,1.17755,1.17632,2082,1778167799.893,EURUSD
1,2026-05-07 15:30:00,1.1765,1.17684,1.17714,1.17646,1678,1778168699.6,EURUSD
1,2026-05-07 15:45:00,1.17684,1.17638,1.1769,1.17632,1691,1778169599.798,EURUSD
1,2026-05-07 16:00:00,1.17638,1.17599,1.1766,1.17586,2007,1778170499.3,EURUSD
1,2026-05-07 16:15:00,1.17599,1.17633,1.17639,1.17565,1830,1778171399.894,EURUSD
1,2026-05-07 16:30:00,1.17633,1.17605,1.17648,1.176,1680,1778172299.065,EURUSD
1,2026-05-07 16:45:00,1.17605,1.17605,1.17614,1.1757,1514,1778173199.693,EURUSD
1,2026-05-07 17:00:00,1.17605,1.17595,1.1761,1.17569,1579,1778174099.892,EURUSD
1,2026-05-07 17:15:00,1.17595,1.17473,1.17595,1.1747,2241,1778174999.692,EURUSD
1,2026-05-07 17:30:00,1.17473,1.17439,1.17495,1.17358,2443,1778175899.392,EURUSD
1,2026-05-07 17:45:00,1.17439,1.1749,1.175,1.17434,1863,1778176799.993,EURUSD
1,2026-05-07 18:00:00,1.1749,1.17483,1.17515,1.17463,1677,1778177699.392,EURUSD
1,2026-05-07 18:15:00,1.17483,1.17509,1.17515,1.17479,1436,1778178599.389,EURUSD
1,2026-05-07 18:30:00,1.17509,1.17435,1.17521,1.174,1685,1778179499.791,EURUSD
1,2026-05-07 18:45:00,1.17435,1.17502,1.1751,1.17406,2439,1778180399.592,EURUSD
1,2026-05-07 19:00:00,1.17502,1.1749,1.17544,1.17457,1765,1778181299.393,EURUSD
1,2026-05-07 19:15:00,1.1749,1.17415,1.17503,1.17366,2177,1778182199.694,EURUSD
1,2026-05-07 19:30:00,1.17415,1.17455,1.17486,1.17412,1320,1778183099.033,EURUSD
1,2026-05-07 19:45:00,1.17455,1.17336,1.1746,1.17335,1988,1778183999.924,EURUSD
1,2026-05-07 20:00:00,1.17336,1.17388,1.17449,1.17333,1650,1778184896.436,EURUSD
1,2026-05-07 20:15:00,1.17388,1.1735,1.17388,1.17339,948,1778185799.792,EURUSD
1,2026-05-07 20:30:00,1.1735,1.17297,1.17358,1.17293,1376,1778186696.038,EURUSD
1,2026-05-07 20:45:00,1.17297,1.17258,1.17301,1.1723,1270,1778187599.591,EURUSD
1,2026-05-07 21:00:00,1.17258,1.17292,1.17325,1.17258,287,1778188497.292,EURUSD
1,2026-05-07 21:15:00,1.17292,1.17295,1.17318,1.17271,218,1778189398.192,EURUSD
1,2026-05-07 21:30:00,1.17295,1.17275,1.17295,1.17247,302,1778190290.151,EURUSD
1,2026-05-07 21:45:00,1.17275,1.1727,1.17283,1.17266,230,1778191196.692,EURUSD
1,2026-05-07 22:00:00,1.1727,1.17267,1.17287,1.17229,754,1778192099.993,EURUSD
1,2026-05-07 22:15:00,1.17267,1.17288,1.17318,1.17259,1115,1778192999.791,EURUSD
1,2026-05-07 22:30:00,1.17288,1.17271,1.173,1.17257,931,1778193899.399,EURUSD
1,2026-05-07 22:45:00,1.17271,1.17252,1.17275,1.1725,597,1778194799.516,EURUSD
1,2026-05-07 23:00:00,1.17252,1.17256,1.17261,1.17245,591,1778195699.019,EURUSD
1,2026-05-07 23:15:00,1.17257,1.17277,1.17278,1.17257,494,1778196598.449,EURUSD
1,2026-05-07 23:30:00,1.17277,1.17287,1.17287,1.1727,569,1778197499.02,EURUSD
1,2026-05-07 23:45:00,1.17287,1.17306,1.17317,1.17285,826,1778198399.495,EURUSD
1,2026-05-08 00:00:00,1.17306,1.17318,1.17349,1.17295,1530,1778199298.212,EURUSD
1,2026-05-08 00:15:00,1.17318,1.17293,1.1732,1.17266,1424,1778200198.091,EURUSD
1,2026-05-08 00:30:00,1.17293,1.17289,1.17314,1.17286,1216,1778201099.028,EURUSD
1,2026-05-08 00:45:00,1.17289,1.1727,1.173,1.1727,1231,1778201999.052,EURUSD
1,2026-05-08 01:00:00,1.1727,1.1731,1.17321,1.1727,1324,1778202899.471,EURUSD
1,2026-05-08 01:15:00,1.1731,1.17321,1.17337,1.17297,1116,1778203798.02,EURUSD
1,2026-05-08 01:30:00,1.17321,1.17302,1.17332,1.17292,1024,1778204695.101,EURUSD
1,2026-05-08 01:45:00,1.17302,1.17326,1.17329,1.17302,906,1778205599.095,EURUSD
1,2026-05-08 02:00:00,1.17326,1.17305,1.17327,1.17301,927,1778206495.001,EURUSD
1,2026-05-08 02:15:00,1.17305,1.17297,1.17321,1.17287,1044,1778207398.095,EURUSD
1,2026-05-08 02:30:00,1.17297,1.17249,1.17304,1.17246,1284,1778208298.065,EURUSD
1,2026-05-08 02:45:00,1.17249,1.17275,1.17304,1.17249,1045,1778209199.054,EURUSD
1,2026-05-08 03:00:00,1.17275,1.17291,1.17295,1.1727,836,1778210099.295,EURUSD
1,2026-05-08 03:15:00,1.17291,1.1729,1.17298,1.17277,759,1778210999.411,EURUSD
1,2026-05-08 03:30:00,1.1729,1.17334,1.17334,1.17289,916,1778211899.393,EURUSD
1,2026-05-08 03:45:00,1.17334,1.17284,1.17339,1.17283,914,1778212799.049,EURUSD
1,2026-05-08 04:00:00,1.17284,1.17291,1.17308,1.17284,1027,1778213698.014,EURUSD
1,2026-05-08 04:15:00,1.17291,1.17295,1.17302,1.1727,834,1778214598.017,EURUSD
1,2026-05-08 04:30:00,1.17295,1.17333,1.17333,1.1729,780,1778215497.071,EURUSD
1,2026-05-08 04:45:00,1.17333,1.17353,1.17359,1.1733,933,1778216399.019,EURUSD
1,2026-05-08 05:00:00,1.17353,1.17339,1.17368,1.1733,958,1778217299.283,EURUSD
1,2026-05-08 05:15:00,1.17339,1.17364,1.17365,1.17334,869,1778218199.011,EURUSD
1,2026-05-08 05:30:00,1.17364,1.17371,1.17388,1.17345,1048,1778219099.383,EURUSD
1,2026-05-08 05:45:00,1.17371,1.17372,1.17388,1.17351,991,1778219999.095,EURUSD
1,2026-05-08 06:00:00,1.17372,1.17407,1.17465,1.17371,1485,1778220899.096,EURUSD
1,2026-05-08 06:15:00,1.17407,1.17477,1.17477,1.17405,1346,1778221799.994,EURUSD
1,2026-05-08 06:30:00,1.17477,1.17462,1.17484,1.17431,1332,1778222699.196,EURUSD
1,2026-05-08 06:45:00,1.17462,1.17444,1.1748,1.17441,1272,1778223599.057,EURUSD
1,2026-05-08 07:00:00,1.17444,1.17445,1.17481,1.17426,1566,1778224499.995,EURUSD
1,2026-05-08 07:15:00,1.17445,1.17429,1.17463,1.17424,1561,1778225399.131,EURUSD
1,2026-05-08 07:30:00,1.17429,1.17451,1.17466,1.17425,1341,1778226299.16,EURUSD
1,2026-05-08 07:45:00,1.17451,1.17432,1.17451,1.17418,1164,1778227199.294,EURUSD
1,2026-05-08 08:00:00,1.17432,1.17449,1.1747,1.17421,1394,1778228098.071,EURUSD
1,2026-05-08 08:15:00,1.17449,1.17553,1.17553,1.17448,1584,1778228998.003,EURUSD
1,2026-05-08 08:30:00,1.17553,1.17615,1.17623,1.17551,1516,1778229899.895,EURUSD
1,2026-05-08 08:45:00,1.17615,1.17639,1.17659,1.17583,1475,1778230799.994,EURUSD
1,2026-05-08 09:00:00,1.17639,1.17684,1.17708,1.17634,1440,1778231699.055,EURUSD
1,2026-05-08 09:15:00,1.17684,1.17683,1.17736,1.17683,1311,1778232597.038,EURUSD
1,2026-05-08 09:30:00,1.17683,1.17691,1.17706,1.17678,1172,1778233499.011,EURUSD
1,2026-05-08 09:45:00,1.1769,1.17691,1.17717,1.17667,1444,1778234398.992,EURUSD
1,2026-05-08 10:00:00,1.17691,1.17706,1.17726,1.17684,1233,1778235298.621,EURUSD
1,2026-05-08 10:15:00,1.17706,1.17696,1.17716,1.17689,1009,1778236199.009,EURUSD
1,2026-05-08 10:30:00,1.17696,1.17673,1.17723,1.17673,1097,1778237097.074,EURUSD
1,2026-05-08 10:45:00,1.17673,1.17641,1.17685,1.17614,1337,1778237999.891,EURUSD
1,2026-05-08 11:00:00,1.17641,1.17646,1.1766,1.1762,1370,1778238899.246,EURUSD
1,2026-05-08 11:15:00,1.17646,1.1767,1.1768,1.17642,1135,1778239799.02,EURUSD
1,2026-05-08 11:30:00,1.1767,1.1765,1.1769,1.1765,1087,1778240699.995,EURUSD
1,2026-05-08 11:45:00,1.1765,1.17654,1.17675,1.17636,1264,1778241598.092,EURUSD
1,2026-05-08 12:00:00,1.17654,1.17601,1.17655,1.17595,1470,1778242499.019,EURUSD
1,2026-05-08 12:15:00,1.17601,1.17651,1.17671,1.17598,1451,1778243399.996,EURUSD
1,2026-05-08 12:30:00,1.17649,1.17771,1.17787,1.1758,2748,1778244299.995,EURUSD
1,2026-05-08 12:45:00,1.17771,1.17741,1.17783,1.17714,2085,1778245199.295,EURUSD
1,2026-05-08 13:00:00,1.17741,1.17678,1.17751,1.17663,2100,1778246098.693,EURUSD
1,2026-05-08 13:15:00,1.17678,1.17778,1.17789,1.17666,1835,1778246999.494,EURUSD
1,2026-05-08 13:30:00,1.17778,1.17821,1.17871,1.17764,2243,1778247899.997,EURUSD
1,2026-05-08 13:45:00,1.17821,1.17791,1.17847,1.17773,1792,1778248799.024,EURUSD
1,2026-05-08 14:00:00,1.17791,1.17737,1.17798,1.17673,1936,1778249699.093,EURUSD
1,2026-05-08 14:15:00,1.17736,1.17677,1.17762,1.17674,1935,1778250599.996,EURUSD
1,2026-05-08 14:30:00,1.17675,1.17734,1.1776,1.17673,1902,1778251498.168,EURUSD
1,2026-05-08 14:45:00,1.17734,1.17744,1.17766,1.17731,1830,1778252399.994,EURUSD
1,2026-05-08 15:00:00,1.17745,1.17701,1.17785,1.17689,1933,1778253299.031,EURUSD
1,2026-05-08 15:15:00,1.17701,1.17727,1.17729,1.1767,1506,1778254199.793,EURUSD
1,2026-05-08 15:30:00,1.17727,1.17737,1.17767,1.17683,1699,1778255099.095,EURUSD
1,2026-05-08 15:45:00,1.17737,1.17729,1.17786,1.17725,1586,1778255999.191,EURUSD
1,2026-05-08 16:00:00,1.17728,1.1775,1.17786,1.17718,1463,1778256899.093,EURUSD
1,2026-05-08 16:15:00,1.1775,1.17767,1.17775,1.17749,1075,1778257799.061,EURUSD
1,2026-05-08 16:30:00,1.17767,1.17725,1.17776,1.17715,1065,1778258699.251,EURUSD
1,2026-05-08 16:45:00,1.17725,1.17713,1.17744,1.17708,1139,1778259599.409,EURUSD
1,2026-05-08 17:00:00,1.17713,1.17714,1.17737,1.17707,1038,1778260499.604,EURUSD
1,2026-05-08 17:15:00,1.17714,1.17743,1.17755,1.17709,1096,1778261399.156,EURUSD
1,2026-05-08 17:30:00,1.17743,1.17744,1.17757,1.17732,822,1778262299.894,EURUSD
1,2026-05-08 17:45:00,1.17744,1.17723,1.17764,1.17717,1042,1778263199.014,EURUSD
1,2026-05-08 18:00:00,1.17723,1.17803,1.17817,1.17708,1498,1778264098.112,EURUSD
1,2026-05-08 18:15:00,1.17803,1.17784,1.17807,1.17774,1079,1778264999.822,EURUSD
1,2026-05-08 18:30:00,1.17784,1.17786,1.17792,1.17768,924,1778265899.692,EURUSD
1,2026-05-08 18:45:00,1.17786,1.17786,1.17804,1.17754,1122,1778266799.195,EURUSD
1,2026-05-08 19:00:00,1.17786,1.17814,1.17822,1.17779,985,1778267699.32,EURUSD
1,2026-05-08 19:15:00,1.17814,1.17818,1.17823,1.17808,735,1778268598.039,EURUSD
1,2026-05-08 19:30:00,1.17818,1.17823,1.17833,1.17804,1055,1778269499.014,EURUSD
1,2026-05-08 19:45:00,1.17823,1.17803,1.17826,1.17768,1330,1778270399.194,EURUSD
1,2026-05-08 20:00:00,1.17803,1.17835,1.17837,1.1779,774,1778271299.093,EURUSD
1,2026-05-08 20:15:00,1.17835,1.17839,1.1785,1.17831,448,1778272199.089,EURUSD
1,2026-05-08 20:30:00,1.17839,1.17864,1.17872,1.17836,735,1778273096.482,EURUSD
1,2026-05-08 20:45:00,1.17864,1.17874,1.17881,1.17839,1181,1778273999.101,EURUSD
1,2026-05-08 21:00:00,1.17874,1.17874,1.17874,1.17874,1,1778274000.096,EURUSD
1,2026-05-08 21:15:00,1.17874,1.17874,1.17874,1.17874,0,1778274900.0,EURUSD
1,2026-05-08 21:30:00,1.17874,1.17874,1.17874,1.17874,0,1778275800.0,EURUSD
1,2026-05-08 21:45:00,1.17874,1.17874,1.17874,1.17874,0,1778276700.0,EURUSD
1,2026-05-08 22:00:00,1.17874,1.17874,1.17874,1.17874,0,1778277600.0,EURUSD
1,2026-05-08 22:15:00,1.17874,1.17874,1.17874,1.17874,0,1778278500.0,EURUSD
1,2026-05-08 22:30:00,1.17874,1.17874,1.17874,1.17874,0,1778279400.0,EURUSD
1,2026-05-08 22:45:00,1.17874,1.17874,1.17874,1.17874,0,1778280300.0,EURUSD
1,2026-05-08 23:00:00,1.17874,1.17874,1.17874,1.17874,0,1778281200.0,EURUSD
1,2026-05-08 23:15:00,1.17874,1.17874,1.17874,1.17874,0,1778282100.0,EURUSD
1,2026-05-08 23:30:00,1.17874,1.17874,1.17874,1.17874,0,1778283000.0,EURUSD
1,2026-05-08 23:45:00,1.17874,1.17874,1.17874,1.17874,0,1778283900.0,EURUSD
1,2026-05-09 00:00:00,1.17874,1.17874,1.17874,1.17874,0,1778284800.0,EURUSD
1,2026-05-09 00:15:00,1.17874,1.17874,1.17874,1.17874,0,1778285700.0,EURUSD
1,2026-05-09 00:30:00,1.17874,1.17874,1.17874,1.17874,0,1778286600.0,EURUSD
1,2026-05-09 00:45:00,1.17874,1.17874,1.17874,1.17874,0,1778287500.0,EURUSD
1,2026-05-09 01:00:00,1.17874,1.17874,1.17874,1.17874,0,1778288400.0,EURUSD
1,2026-05-09 01:15:00,1.17874,1.17874,1.17874,1.17874,0,1778289300.0,EURUSD
1,2026-05-09 01:30:00,1.17874,1.17874,1.17874,1.17874,0,1778290200.0,EURUSD
1,2026-05-09 01:45:00,1.17874,1.17874,1.17874,1.17874,0,1778291100.0,EURUSD
1,2026-05-09 02:00:00,1.17874,1.17874,1.17874,1.17874,0,1778292000.0,EURUSD
1,2026-05-09 02:15:00,1.17874,1.17874,1.17874,1.17874,0,1778292900.0,EURUSD
1,2026-05-09 02:30:00,1.17874,1.17874,1.17874,1.17874,0,1778293800.0,EURUSD
1,2026-05-09 02:45:00,1.17874,1.17874,1.17874,1.17874,0,1778294700.0,EURUSD
1,2026-05-09 03:00:00,1.17874,1.17874,1.17874,1.17874,0,1778295600.0,EURUSD
1,2026-05-09 03:15:00,1.17874,1.17874,1.17874,1.17874,0,1778296500.0,EURUSD
1,2026-05-09 03:30:00,1.17874,1.17874,1.17874,1.17874,0,1778297400.0,EURUSD
1,2026-05-09 03:45:00,1.17874,1.17874,1.17874,1.17874,0,1778298300.0,EURUSD
1,2026-05-09 04:00:00,1.17874,1.17874,1.17874,1.17874,0,1778299200.0,EURUSD
1,2026-05-09 04:15:00,1.17874,1.17874,1.17874,1.17874,0,1778300100.0,EURUSD
1,2026-05-09 04:30:00,1.17874,1.17874,1.17874,1.17874,0,1778301000.0,EURUSD
1,2026-05-09 04:45:00,1.17874,1.17874,1.17874,1.17874,0,1778301900.0,EURUSD
1,2026-05-09 05:00:00,1.17874,1.17874,1.17874,1.17874,0,1778302800.0,EURUSD
1,2026-05-09 05:15:00,1.17874,1.17874,1.17874,1.17874,0,1778303700.0,EURUSD
1,2026-05-09 05:30:00,1.17874,1.17874,1.17874,1.17874,0,1778304600.0,EURUSD
1,2026-05-09 05:45:00,1.17874,1.17874,1.17874,1.17874,0,1778305500.0,EURUSD
1,2026-05-09 06:00:00,1.17874,1.17874,1.17874,1.17874,0,1778306400.0,EURUSD
1,2026-05-09 06:15:00,1.17874,1.17874,1.17874,1.17874,0,1778307300.0,EURUSD
1,2026-05-09 06:30:00,1.17874,1.17874,1.17874,1.17874,0,1778308200.0,EURUSD
1,2026-05-09 06:45:00,1.17874,1.17874,1.17874,1.17874,0,1778309100.0,EURUSD
1,2026-05-09 07:00:00,1.17874,1.17874,1.17874,1.17874,0,1778310000.0,EURUSD
1,2026-05-09 07:15:00,1.17874,1.17874,1.17874,1.17874,0,1778310900.0,EURUSD
1,2026-05-09 07:30:00,1.17874,1.17874,1.17874,1.17874,0,1778311800.0,EURUSD
1,2026-05-09 07:45:00,1.17874,1.17874,1.17874,1.17874,0,1778312700.0,EURUSD
1,2026-05-09 08:00:00,1.17874,1.17874,1.17874,1.17874,0,1778313600.0,EURUSD
1,2026-05-09 08:15:00,1.17874,1.17874,1.17874,1.17874,0,1778314500.0,EURUSD
1,2026-05-09 08:30:00,1.17874,1.17874,1.17874,1.17874,0,1778315400.0,EURUSD
1,2026-05-09 08:45:00,1.17874,1.17874,1.17874,1.17874,0,1778316300.0,EURUSD
1,2026-05-09 09:00:00,1.17874,1.17874,1.17874,1.17874,0,1778317200.0,EURUSD
1,2026-05-09 09:15:00,1.17874,1.17874,1.17874,1.17874,0,1778318100.0,EURUSD
1,2026-05-09 09:30:00,1.17874,1.17874,1.17874,1.17874,0,1778319000.0,EURUSD
1,2026-05-09 09:45:00,1.17874,1.17874,1.17874,1.17874,0,1778319900.0,EURUSD
1,2026-05-09 10:00:00,1.17874,1.17874,1.17874,1.17874,0,1778320800.0,EURUSD
1,2026-05-09 10:15:00,1.17874,1.17874,1.17874,1.17874,0,1778321700.0,EURUSD
1,2026-05-09 10:30:00,1.17874,1.17874,1.17874,1.17874,0,1778322600.0,EURUSD
1,2026-05-09 10:45:00,1.17874,1.17874,1.17874,1.17874,0,1778323500.0,EURUSD
1,2026-05-09 11:00:00,1.17874,1.17874,1.17874,1.17874,0,1778324400.0,EURUSD
1,2026-05-09 11:15:00,1.17874,1.17874,1.17874,1.17874,0,1778325300.0,EURUSD
1,2026-05-09 11:30:00,1.17874,1.17874,1.17874,1.17874,0,1778326200.0,EURUSD
1,2026-05-09 11:45:00,1.17874,1.17874,1.17874,1.17874,0,1778327100.0,EURUSD
1,2026-05-09 12:00:00,1.17874,1.17874,1.17874,1.17874,0,1778328000.0,EURUSD
1,2026-05-09 12:15:00,1.17874,1.17874,1.17874,1.17874,0,1778328900.0,EURUSD
1,2026-05-09 12:30:00,1.17874,1.17874,1.17874,1.17874,0,1778329800.0,EURUSD
1,2026-05-09 12:45:00,1.17874,1.17874,1.17874,1.17874,0,1778330700.0,EURUSD
1,2026-05-09 13:00:00,1.17874,1.17874,1.17874,1.17874,0,1778331600.0,EURUSD
1,2026-05-09 13:15:00,1.17874,1.17874,1.17874,1.17874,0,1778332500.0,EURUSD
1,2026-05-09 13:30:00,1.17874,1.17874,1.17874,1.17874,0,1778333400.0,EURUSD
1,2026-05-09 13:45:00,1.17874,1.17874,1.17874,1.17874,0,1778334300.0,EURUSD
1,2026-05-09 14:00:00,1.17874,1.17874,1.17874,1.17874,0,1778335200.0,EURUSD
1,2026-05-09 14:15:00,1.17874,1.17874,1.17874,1.17874,0,1778336100.0,EURUSD
1,2026-05-09 14:30:00,1.17874,1.17874,1.17874,1.17874,0,1778337000.0,EURUSD
1,2026-05-09 14:45:00,1.17874,1.17874,1.17874,1.17874,0,1778337900.0,EURUSD
1,2026-05-09 15:00:00,1.17874,1.17874,1.17874,1.17874,0,1778338800.0,EURUSD
1,2026-05-09 15:15:00,1.17874,1.17874,1.17874,1.17874,0,1778339700.0,EURUSD
1,2026-05-09 15:30:00,1.17874,1.17874,1.17874,1.17874,0,1778340600.0,EURUSD
1,2026-05-09 15:45:00,1.17874,1.17874,1.17874,1.17874,0,1778341500.0,EURUSD
1,2026-05-09 16:00:00,1.17874,1.17874,1.17874,1.17874,0,1778342400.0,EURUSD
1,2026-05-09 16:15:00,1.17874,1.17874,1.17874,1.17874,0,1778343300.0,EURUSD
1,2026-05-09 16:30:00,1.17874,1.17874,1.17874,1.17874,0,1778344200.0,EURUSD
1,2026-05-09 16:45:00,1.17874,1.17874,1.17874,1.17874,0,1778345100.0,EURUSD
1,2026-05-09 17:00:00,1.17874,1.17874,1.17874,1.17874,0,1778346000.0,EURUSD
1,2026-05-09 17:15:00,1.17874,1.17874,1.17874,1.17874,0,1778346900.0,EURUSD
1,2026-05-09 17:30:00,1.17874,1.17874,1.17874,1.17874,0,1778347800.0,EURUSD
1,2026-05-09 17:45:00,1.17874,1.17874,1.17874,1.17874,0,1778348700.0,EURUSD
1,2026-05-09 18:00:00,1.17874,1.17874,1.17874,1.17874,0,1778349600.0,EURUSD
1,2026-05-09 18:15:00,1.17874,1.17874,1.17874,1.17874,0,1778350500.0,EURUSD
1,2026-05-09 18:30:00,1.17874,1.17874,1.17874,1.17874,0,1778351400.0,EURUSD
1,2026-05-09 18:45:00,1.17874,1.17874,1.17874,1.17874,0,1778352300.0,EURUSD
1,2026-05-09 19:00:00,1.17874,1.17874,1.17874,1.17874,0,1778353200.0,EURUSD
1,2026-05-09 19:15:00,1.17874,1.17874,1.17874,1.17874,0,1778354100.0,EURUSD
1,2026-05-09 19:30:00,1.17874,1.17874,1.17874,1.17874,0,1778355000.0,EURUSD
1,2026-05-09 19:45:00,1.17874,1.17874,1.17874,1.17874,0,1778355900.0,EURUSD
1,2026-05-09 20:00:00,1.17874,1.17874,1.17874,1.17874,0,1778356800.0,EURUSD
1,2026-05-09 20:15:00,1.17874,1.17874,1.17874,1.17874,0,1778357700.0,EURUSD
1,2026-05-09 20:30:00,1.17874,1.17874,1.17874,1.17874,0,1778358600.0,EURUSD
1,2026-05-09 20:45:00,1.17874,1.17874,1.17874,1.17874,0,1778359500.0,EURUSD
1,2026-05-09 21:00:00,1.17874,1.17874,1.17874,1.17874,0,1778360400.0,EURUSD
1,2026-05-09 21:15:00,1.17874,1.17874,1.17874,1.17874,0,1778361300.0,EURUSD
1,2026-05-09 21:30:00,1.17874,1.17874,1.17874,1.17874,0,1778362200.0,EURUSD
1,2026-05-09 21:45:00,1.17874,1.17874,1.17874,1.17874,0,1778363100.0,EURUSD
1,2026-05-09 22:00:00,1.17874,1.17874,1.17874,1.17874,0,1778364000.0,EURUSD
1,2026-05-09 22:15:00,1.17874,1.17874,1.17874,1.17874,0,1778364900.0,EURUSD
1,2026-05-09 22:30:00,1.17874,1.17874,1.17874,1.17874,0,1778365800.0,EURUSD
1,2026-05-09 22:45:00,1.17874,1.17874,1.17874,1.17874,0,1778366700.0,EURUSD
1,2026-05-09 23:00:00,1.17874,1.17874,1.17874,1.17874,0,1778367600.0,EURUSD
1,2026-05-09 23:15:00,1.17874,1.17874,1.17874,1.17874,0,1778368500.0,EURUSD
1,2026-05-09 23:30:00,1.17874,1.17874,1.17874,1.17874,0,1778369400.0,EURUSD
1,2026-05-09 23:45:00,1.17874,1.17874,1.17874,1.17874,0,1778370300.0,EURUSD
1,2026-05-10 00:00:00,1.17874,1.17874,1.17874,1.17874,0,1778371200.0,EURUSD
1,2026-05-10 00:15:00,1.17874,1.17874,1.17874,1.17874,0,1778372100.0,EURUSD
1,2026-05-10 00:30:00,1.17874,1.17874,1.17874,1.17874,0,1778373000.0,EURUSD
1,2026-05-10 00:45:00,1.17874,1.17874,1.17874,1.17874,0,1778373900.0,EURUSD
1,2026-05-10 01:00:00,1.17874,1.17874,1.17874,1.17874,0,1778374800.0,EURUSD
1,2026-05-10 01:15:00,1.17874,1.17874,1.17874,1.17874,0,1778375700.0,EURUSD
1,2026-05-10 01:30:00,1.17874,1.17874,1.17874,1.17874,0,1778376600.0,EURUSD
1,2026-05-10 01:45:00,1.17874,1.17874,1.17874,1.17874,0,1778377500.0,EURUSD
1,2026-05-10 02:00:00,1.17874,1.17874,1.17874,1.17874,0,1778378400.0,EURUSD
1,2026-05-10 02:15:00,1.17874,1.17874,1.17874,1.17874,0,1778379300.0,EURUSD
1,2026-05-10 02:30:00,1.17874,1.17874,1.17874,1.17874,0,1778380200.0,EURUSD
1,2026-05-10 02:45:00,1.17874,1.17874,1.17874,1.17874,0,1778381100.0,EURUSD
1,2026-05-10 03:00:00,1.17874,1.17874,1.17874,1.17874,0,1778382000.0,EURUSD
1,2026-05-10 03:15:00,1.17874,1.17874,1.17874,1.17874,0,1778382900.0,EURUSD
1,2026-05-10 03:30:00,1.17874,1.17874,1.17874,1.17874,0,1778383800.0,EURUSD
1,2026-05-10 03:45:00,1.17874,1.17874,1.17874,1.17874,0,1778384700.0,EURUSD
1,2026-05-10 04:00:00,1.17874,1.17874,1.17874,1.17874,0,1778385600.0,EURUSD
1,2026-05-10 04:15:00,1.17874,1.17874,1.17874,1.17874,0,1778386500.0,EURUSD
1,2026-05-10 04:30:00,1.17874,1.17874,1.17874,1.17874,0,1778387400.0,EURUSD
1,2026-05-10 04:45:00,1.17874,1.17874,1.17874,1.17874,0,1778388300.0,EURUSD
1,2026-05-10 05:00:00,1.17874,1.17874,1.17874,1.17874,0,1778389200.0,EURUSD
1,2026-05-10 05:15:00,1.17874,1.17874,1.17874,1.17874,0,1778390100.0,EURUSD
1,2026-05-10 05:30:00,1.17874,1.17874,1.17874,1.17874,0,1778391000.0,EURUSD
1,2026-05-10 05:45:00,1.17874,1.17874,1.17874,1.17874,0,1778391900.0,EURUSD
1,2026-05-10 06:00:00,1.17874,1.17874,1.17874,1.17874,0,1778392800.0,EURUSD
1,2026-05-10 06:15:00,1.17874,1.17874,1.17874,1.17874,0,1778393700.0,EURUSD
1,2026-05-10 06:30:00,1.17874,1.17874,1.17874,1.17874,0,1778394600.0,EURUSD
1,2026-05-10 06:45:00,1.17874,1.17874,1.17874,1.17874,0,1778395500.0,EURUSD
1,2026-05-10 07:00:00,1.17874,1.17874,1.17874,1.17874,0,1778396400.0,EURUSD
1,2026-05-10 07:15:00,1.17874,1.17874,1.17874,1.17874,0,1778397300.0,EURUSD
1,2026-05-10 07:30:00,1.17874,1.17874,1.17874,1.17874,0,1778398200.0,EURUSD
1,2026-05-10 07:45:00,1.17874,1.17874,1.17874,1.17874,0,1778399100.0,EURUSD
1,2026-05-10 08:00:00,1.17874,1.17874,1.17874,1.17874,0,1778400000.0,EURUSD
1,2026-05-10 08:15:00,1.17874,1.17874,1.17874,1.17874,0,1778400900.0,EURUSD
1,2026-05-10 08:30:00,1.17874,1.17874,1.17874,1.17874,0,1778401800.0,EURUSD
1,2026-05-10 08:45:00,1.17874,1.17874,1.17874,1.17874,0,1778402700.0,EURUSD
1,2026-05-10 09:00:00,1.17874,1.17874,1.17874,1.17874,0,1778403600.0,EURUSD
1,2026-05-10 09:15:00,1.17874,1.17874,1.17874,1.17874,0,1778404500.0,EURUSD
1,2026-05-10 09:30:00,1.17874,1.17874,1.17874,1.17874,0,1778405400.0,EURUSD
1,2026-05-10 09:45:00,1.17874,1.17874,1.17874,1.17874,0,1778406300.0,EURUSD
1,2026-05-10 10:00:00,1.17874,1.17874,1.17874,1.17874,0,1778407200.0,EURUSD
1,2026-05-10 10:15:00,1.17874,1.17874,1.17874,1.17874,0,1778408100.0,EURUSD
1,2026-05-10 10:30:00,1.17874,1.17874,1.17874,1.17874,0,1778409000.0,EURUSD
1,2026-05-10 10:45:00,1.17874,1.17874,1.17874,1.17874,0,1778409900.0,EURUSD
1,2026-05-10 11:00:00,1.17874,1.17874,1.17874,1.17874,0,1778410800.0,EURUSD
1,2026-05-10 11:15:00,1.17874,1.17874,1.17874,1.17874,0,1778411700.0,EURUSD
1,2026-05-10 11:30:00,1.17874,1.17874,1.17874,1.17874,0,1778412600.0,EURUSD
1,2026-05-10 11:45:00,1.17874,1.17874,1.17874,1.17874,0,1778413500.0,EURUSD
1,2026-05-10 12:00:00,1.17874,1.17874,1.17874,1.17874,0,1778414400.0,EURUSD
1,2026-05-10 12:15:00,1.17874,1.17874,1.17874,1.17874,0,1778415300.0,EURUSD
1,2026-05-10 12:30:00,1.17874,1.17874,1.17874,1.17874,0,1778416200.0,EURUSD
1,2026-05-10 12:45:00,1.17874,1.17874,1.17874,1.17874,0,1778417100.0,EURUSD
1,2026-05-10 13:00:00,1.17874,1.17874,1.17874,1.17874,0,1778418000.0,EURUSD
1,2026-05-10 13:15:00,1.17874,1.17874,1.17874,1.17874,0,1778418900.0,EURUSD
1,2026-05-10 13:30:00,1.17874,1.17874,1.17874,1.17874,0,1778419800.0,EURUSD
1,2026-05-10 13:45:00,1.17874,1.17874,1.17874,1.17874,0,1778420700.0,EURUSD
1,2026-05-10 14:00:00,1.17874,1.17874,1.17874,1.17874,0,1778421600.0,EURUSD
1,2026-05-10 14:15:00,1.17874,1.17874,1.17874,1.17874,0,1778422500.0,EURUSD
1,2026-05-10 14:30:00,1.17874,1.17874,1.17874,1.17874,0,1778423400.0,EURUSD
1,2026-05-10 14:45:00,1.17874,1.17874,1.17874,1.17874,0,1778424300.0,EURUSD
1,2026-05-10 15:00:00,1.17874,1.17874,1.17874,1.17874,0,1778425200.0,EURUSD
1,2026-05-10 15:15:00,1.17874,1.17874,1.17874,1.17874,0,1778426100.0,EURUSD
1,2026-05-10 15:30:00,1.17874,1.17874,1.17874,1.17874,0,1778427000.0,EURUSD
1,2026-05-10 15:45:00,1.17874,1.17874,1.17874,1.17874,0,1778427900.0,EURUSD
1,2026-05-10 16:00:00,1.17874,1.17874,1.17874,1.17874,0,1778428800.0,EURUSD
1,2026-05-10 16:15:00,1.17874,1.17874,1.17874,1.17874,0,1778429700.0,EURUSD
1,2026-05-10 16:30:00,1.17874,1.17874,1.17874,1.17874,0,1778430600.0,EURUSD
1,2026-05-10 16:45:00,1.17874,1.17874,1.17874,1.17874,0,1778431500.0,EURUSD
1,2026-05-10 17:00:00,1.17874,1.17874,1.17874,1.17874,0,1778432400.0,EURUSD
1,2026-05-10 17:15:00,1.17874,1.17874,1.17874,1.17874,0,1778433300.0,EURUSD
1,2026-05-10 17:30:00,1.17874,1.17874,1.17874,1.17874,0,1778434200.0,EURUSD
1,2026-05-10 17:45:00,1.17874,1.17874,1.17874,1.17874,0,1778435100.0,EURUSD
1,2026-05-10 18:00:00,1.17874,1.17874,1.17874,1.17874,0,1778436000.0,EURUSD
1,2026-05-10 18:15:00,1.17874,1.17874,1.17874,1.17874,0,1778436900.0,EURUSD
1,2026-05-10 18:30:00,1.17874,1.17874,1.17874,1.17874,0,1778437800.0,EURUSD
1,2026-05-10 18:45:00,1.17874,1.17874,1.17874,1.17874,0,1778438700.0,EURUSD
1,2026-05-10 19:00:00,1.17874,1.17874,1.17874,1.17874,0,1778439600.0,EURUSD
1,2026-05-10 19:15:00,1.17874,1.17874,1.17874,1.17874,0,1778440500.0,EURUSD
1,2026-05-10 19:30:00,1.17874,1.17874,1.17874,1.17874,0,1778441400.0,EURUSD
1,2026-05-10 19:45:00,1.17874,1.17874,1.17874,1.17874,0,1778442300.0,EURUSD
1,2026-05-10 20:00:00,1.17827,1.17664,1.17827,1.17664,433,1778444099.093,EURUSD
1,2026-05-10 20:15:00,1.17664,1.17536,1.17664,1.17529,926,1778444999.093,EURUSD
1,2026-05-10 20:30:00,1.17536,1.1748,1.17536,1.17453,905,1778445899.048,EURUSD
1,2026-05-10 20:45:00,1.1748,1.17497,1.17515,1.1748,900,1778446799.021,EURUSD
1,2026-05-10 21:00:00,1.17497,1.17544,1.17549,1.1746,281,1778447695.169,EURUSD
1,2026-05-10 21:15:00,1.17544,1.17556,1.17556,1.17479,348,1778448598.563,EURUSD
1,2026-05-10 21:30:00,1.17556,1.17707,1.17714,1.17535,420,1778449499.195,EURUSD
1,2026-05-10 21:45:00,1.17707,1.17622,1.17707,1.17603,381,1778450396.195,EURUSD
1,2026-05-10 22:00:00,1.17621,1.17613,1.17648,1.17579,1075,1778451299.195,EURUSD
1,2026-05-10 22:15:00,1.17613,1.17634,1.17636,1.17588,841,1778452199.039,EURUSD
1,2026-05-10 22:30:00,1.17634,1.1764,1.17646,1.17624,744,1778453098.24,EURUSD
1,2026-05-10 22:45:00,1.1764,1.1764,1.17647,1.1763,596,1778453998.595,EURUSD
1,2026-05-10 23:00:00,1.1764,1.17646,1.17656,1.17639,558,1778454899.339,EURUSD
1,2026-05-10 23:15:00,1.17646,1.17671,1.17678,1.17646,522,1778455795.049,EURUSD
1,2026-05-10 23:30:00,1.17671,1.17694,1.17695,1.17667,511,1778456697.19,EURUSD
1,2026-05-10 23:45:00,1.17694,1.17673,1.17701,1.17668,783,1778457599.495,EURUSD
1,2026-05-11 00:00:00,1.17673,1.17681,1.17716,1.17657,1276,1778458498.059,EURUSD
1,2026-05-11 00:15:00,1.17681,1.17707,1.17715,1.17673,988,1778459399.208,EURUSD
1,2026-05-11 00:30:00,1.17707,1.17696,1.17721,1.17694,961,1778460299.093,EURUSD
1,2026-05-11 00:45:00,1.17696,1.17701,1.17705,1.17662,1437,1778461199.029,EURUSD
1,2026-05-11 01:00:00,1.177,1.1768,1.17712,1.1765,1403,1778462098.027,EURUSD
1,2026-05-11 01:15:00,1.1768,1.17691,1.17701,1.17665,1092,1778462999.079,EURUSD
1,2026-05-11 01:30:00,1.17691,1.1765,1.17697,1.17633,1197,1778463899.321,EURUSD
1,2026-05-11 01:45:00,1.1765,1.17629,1.17653,1.17618,1058,1778464799.006,EURUSD
1,2026-05-11 02:00:00,1.1763,1.1764,1.17658,1.17629,1052,1778465699.893,EURUSD
1,2026-05-11 02:15:00,1.1764,1.17653,1.17657,1.17639,716,1778466599.196,EURUSD
1,2026-05-11 02:30:00,1.17653,1.17619,1.17664,1.17619,876,1778467499.009,EURUSD
1,2026-05-11 02:45:00,1.17619,1.17593,1.17624,1.17591,904,1778468399.367,EURUSD
1,2026-05-11 03:00:00,1.17593,1.1759,1.17593,1.17571,912,1778469298.074,EURUSD
1,2026-05-11 03:15:00,1.1759,1.17573,1.17593,1.17569,684,1778470198.129,EURUSD
1,2026-05-11 03:30:00,1.17573,1.17589,1.17592,1.17569,660,1778471099.092,EURUSD
1,2026-05-11 03:45:00,1.17589,1.17567,1.17592,1.17563,785,1778471999.061,EURUSD
1,2026-05-11 04:00:00,1.17567,1.17555,1.17574,1.17544,818,1778472897.185,EURUSD
1,2026-05-11 04:15:00,1.17555,1.17544,1.17558,1.17544,586,1778473798.494,EURUSD
1,2026-05-11 04:30:00,1.17544,1.17525,1.17548,1.1752,600,1778474698.189,EURUSD
1,2026-05-11 04:45:00,1.17525,1.17506,1.17536,1.17503,687,1778475599.077,EURUSD
1,2026-05-11 05:00:00,1.17506,1.17541,1.17548,1.17504,787,1778476499.195,EURUSD
1,2026-05-11 05:15:00,1.17541,1.17524,1.17545,1.17524,800,1778477399.369,EURUSD
1,2026-05-11 05:30:00,1.17524,1.17511,1.17534,1.17507,854,1778478299.694,EURUSD
1,2026-05-11 05:45:00,1.17511,1.175,1.17516,1.17488,1017,1778479199.139,EURUSD
1,2026-05-11 06:00:00,1.175,1.17575,1.17582,1.175,1396,1778480098.078,EURUSD
1,2026-05-11 06:15:00,1.17575,1.17591,1.17594,1.17549,1150,1778480999.329,EURUSD
1,2026-05-11 06:30:00,1.17591,1.17621,1.17626,1.17589,1127,1778481897.018,EURUSD
1,2026-05-11 06:45:00,1.17621,1.17676,1.17682,1.17611,1257,1778482799.294,EURUSD
1,2026-05-11 07:00:00,1.17676,1.17675,1.1769,1.17648,1373,1778483699.059,EURUSD
1,2026-05-11 07:15:00,1.17675,1.17714,1.17748,1.17673,1263,1778484599.134,EURUSD
1,2026-05-11 07:30:00,1.17714,1.17712,1.17722,1.17672,1192,1778485498.269,EURUSD
1,2026-05-11 07:45:00,1.17712,1.17721,1.17723,1.17683,1151,1778486399.193,EURUSD
1,2026-05-11 08:00:00,1.17721,1.1776,1.17765,1.17716,1433,1778487297.089,EURUSD
1,2026-05-11 08:15:00,1.1776,1.178,1.17822,1.1776,1334,1778488199.068,EURUSD
1,2026-05-11 08:30:00,1.178,1.17754,1.17814,1.17754,1078,1778489099.159,EURUSD
1,2026-05-11 08:45:00,1.17754,1.17714,1.17759,1.17714,1147,1778489999.011,EURUSD
1,2026-05-11 09:00:00,1.17714,1.17733,1.17746,1.1771,1037,1778490899.614,EURUSD
1,2026-05-11 09:15:00,1.17733,1.17711,1.17739,1.17708,1029,1778491799.029,EURUSD
1,2026-05-11 09:30:00,1.17711,1.17706,1.17731,1.17695,1029,1778492699.094,EURUSD
1,2026-05-11 09:45:00,1.17706,1.17675,1.17715,1.17674,1042,1778493599.255,EURUSD
1,2026-05-11 10:00:00,1.17675,1.17673,1.17676,1.17647,960,1778494499.277,EURUSD
1,2026-05-11 10:15:00,1.17673,1.17681,1.17688,1.17658,913,1778495399.151,EURUSD
1,2026-05-11 10:30:00,1.17681,1.17715,1.17717,1.17667,1154,1778496299.07,EURUSD
1,2026-05-11 10:45:00,1.17715,1.17692,1.17741,1.1769,1255,1778497199.695,EURUSD
1,2026-05-11 11:00:00,1.17692,1.17736,1.17737,1.17689,1320,1778498099.094,EURUSD
1,2026-05-11 11:15:00,1.17736,1.17742,1.17747,1.17719,972,1778498999.028,EURUSD
1,2026-05-11 11:30:00,1.17742,1.17723,1.17747,1.17716,1109,1778499899.469,EURUSD
1,2026-05-11 11:45:00,1.17723,1.17684,1.17742,1.17636,1288,1778500799.089,EURUSD
1,2026-05-11 12:00:00,1.17684,1.17669,1.17689,1.17644,1310,1778501699.015,EURUSD
1,2026-05-11 12:15:00,1.17669,1.17719,1.17747,1.17645,1400,1778502599.159,EURUSD
1,2026-05-11 12:30:00,1.17719,1.1773,1.17745,1.17687,1393,1778503499.0,EURUSD
1,2026-05-11 12:45:00,1.1773,1.17745,1.17745,1.17679,1613,1778504399.194,EURUSD
1,2026-05-11 13:00:00,1.17745,1.17834,1.17854,1.17744,1626,1778505299.593,EURUSD
1,2026-05-11 13:15:00,1.17834,1.17834,1.17849,1.17798,1394,1778506199.295,EURUSD
1,2026-05-11 13:30:00,1.17834,1.17863,1.17864,1.17791,1644,1778507099.394,EURUSD
1,2026-05-11 13:45:00,1.17863,1.17853,1.17879,1.17847,1601,1778507999.054,EURUSD
1,2026-05-11 14:00:00,1.17853,1.17855,1.17863,1.17798,1505,1778508899.492,EURUSD
1,2026-05-11 14:15:00,1.17855,1.17857,1.17877,1.17846,1382,1778509799.994,EURUSD
1,2026-05-11 14:30:00,1.17856,1.17869,1.17879,1.17809,1947,1778510699.02,EURUSD
1,2026-05-11 14:45:00,1.17869,1.17795,1.1787,1.1779,1885,1778511599.994,EURUSD
1,2026-05-11 15:00:00,1.17795,1.17813,1.17835,1.17788,1673,1778512499.049,EURUSD
1,2026-05-11 15:15:00,1.17813,1.17814,1.17854,1.17797,1359,1778513399.594,EURUSD
1,2026-05-11 15:30:00,1.17814,1.17797,1.1783,1.17789,1369,1778514299.696,EURUSD
1,2026-05-11 15:45:00,1.17797,1.17799,1.17818,1.17769,1436,1778515198.007,EURUSD
1,2026-05-11 16:00:00,1.17799,1.17793,1.17804,1.17778,1080,1778516099.029,EURUSD
1,2026-05-11 16:15:00,1.17793,1.1776,1.17797,1.17759,924,1778516999.305,EURUSD
1,2026-05-11 16:30:00,1.1776,1.17756,1.1779,1.17724,1265,1778517899.026,EURUSD
1,2026-05-11 16:45:00,1.17756,1.17734,1.17771,1.17724,1338,1778518799.02,EURUSD
1,2026-05-11 17:00:00,1.17734,1.17749,1.17749,1.1771,1186,1778519698.395,EURUSD
1,2026-05-11 17:15:00,1.17749,1.17761,1.17775,1.17747,1187,1778520599.993,EURUSD
1,2026-05-11 17:30:00,1.17761,1.1777,1.17787,1.1776,925,1778521499.11,EURUSD
1,2026-05-11 17:45:00,1.1777,1.1778,1.17787,1.17769,868,1778522399.475,EURUSD
1,2026-05-11 18:00:00,1.1778,1.17791,1.17801,1.17779,980,1778523297.622,EURUSD
1,2026-05-11 18:15:00,1.17791,1.17794,1.17805,1.17777,1002,1778524198.007,EURUSD
1,2026-05-11 18:30:00,1.17794,1.1776,1.17801,1.1776,839,1778525099.028,EURUSD
1,2026-05-11 18:45:00,1.1776,1.17751,1.17768,1.17745,963,1778525999.095,EURUSD
1,2026-05-11 19:00:00,1.17751,1.17751,1.17771,1.17745,1067,1778526895.012,EURUSD
1,2026-05-11 19:15:00,1.17751,1.17757,1.1777,1.17748,852,1778527799.062,EURUSD
1,2026-05-11 19:30:00,1.17757,1.17765,1.17775,1.17752,887,1778528698.092,EURUSD
1,2026-05-11 19:45:00,1.17765,1.17775,1.17778,1.17745,836,1778529599.394,EURUSD
1,2026-05-11 20:00:00,1.17774,1.17786,1.17793,1.17741,803,1778530499.055,EURUSD
1,2026-05-11 20:15:00,1.17786,1.17805,1.17812,1.17784,617,1778531399.061,EURUSD
1,2026-05-11 20:30:00,1.17805,1.17814,1.17831,1.17805,482,1778532298.184,EURUSD
1,2026-05-11 20:45:00,1.17814,1.17835,1.17835,1.17806,641,1778533199.315,EURUSD
1,2026-05-11 21:00:00,1.17835,1.17829,1.1784,1.17793,199,1778534096.195,EURUSD
1,2026-05-11 21:15:00,1.17829,1.17836,1.17842,1.17796,207,1778534975.152,EURUSD
1,2026-05-11 21:30:00,1.17836,1.1782,1.17836,1.17817,87,1778535897.065,EURUSD
1,2026-05-11 21:45:00,1.1782,1.17844,1.17846,1.17812,195,1778536781.448,EURUSD
1,2026-05-11 22:00:00,1.17844,1.17869,1.17875,1.17843,369,1778537693.311,EURUSD
1,2026-05-11 22:15:00,1.17869,1.1787,1.17879,1.17869,385,1778538598.711,EURUSD
1,2026-05-11 22:30:00,1.1787,1.17867,1.17874,1.17866,417,1778539497.046,EURUSD
1,2026-05-11 22:45:00,1.17867,1.17853,1.17868,1.1785,356,1778540399.792,EURUSD
1,2026-05-11 23:00:00,1.17853,1.17845,1.17854,1.17844,413,1778541296.849,EURUSD
1,2026-05-11 23:15:00,1.17844,1.17809,1.17846,1.17808,308,1778542198.001,EURUSD
1,2026-05-11 23:30:00,1.17809,1.1779,1.17815,1.1778,440,1778543095.069,EURUSD
1,2026-05-11 23:45:00,1.1779,1.17785,1.17805,1.17775,615,1778543999.061,EURUSD
1,2026-05-12 00:00:00,1.17785,1.1776,1.17785,1.17739,1112,1778544899.394,EURUSD
1,2026-05-12 00:15:00,1.1776,1.17751,1.17773,1.17733,1041,1778545799.695,EURUSD
1,2026-05-12 00:30:00,1.17751,1.17721,1.17752,1.1772,868,1778546699.131,EURUSD
1,2026-05-12 00:45:00,1.17721,1.17671,1.17736,1.17663,1153,1778547599.001,EURUSD
1,2026-05-12 01:00:00,1.17671,1.17649,1.17691,1.17641,1290,1778548497.024,EURUSD
1,2026-05-12 01:15:00,1.17649,1.1762,1.17658,1.17615,1124,1778549398.103,EURUSD
1,2026-05-12 01:30:00,1.1762,1.17611,1.17664,1.17577,1573,1778550299.995,EURUSD
1,2026-05-12 01:45:00,1.17611,1.17616,1.17637,1.17595,1433,1778551199.058,EURUSD
1,2026-05-12 02:00:00,1.17616,1.17617,1.17634,1.17609,1091,1778552099.041,EURUSD
1,2026-05-12 02:15:00,1.17617,1.1761,1.17621,1.17601,879,1778552997.825,EURUSD
1,2026-05-12 02:30:00,1.1761,1.17605,1.17615,1.17595,848,1778553897.318,EURUSD
1,2026-05-12 02:45:00,1.17605,1.17626,1.17647,1.17605,888,1778554799.797,EURUSD
1,2026-05-12 03:00:00,1.17626,1.1759,1.17631,1.1758,820,1778555699.447,EURUSD
1,2026-05-12 03:15:00,1.1759,1.17571,1.17593,1.17565,746,1778556595.115,EURUSD
1,2026-05-12 03:30:00,1.17571,1.17581,1.17583,1.17568,701,1778557498.093,EURUSD
1,2026-05-12 03:45:00,1.17581,1.17564,1.17583,1.17549,767,1778558394.041,EURUSD
1,2026-05-12 04:00:00,1.17564,1.17557,1.17578,1.17556,787,1778559298.77,EURUSD
1,2026-05-12 04:15:00,1.17557,1.1756,1.17577,1.17556,659,1778560198.121,EURUSD
1,2026-05-12 04:30:00,1.1756,1.17596,1.17596,1.1756,698,1778561099.991,EURUSD
1,2026-05-12 04:45:00,1.17596,1.17572,1.17599,1.17568,907,1778561999.591,EURUSD
1,2026-05-12 05:00:00,1.17572,1.1754,1.17584,1.17527,972,1778562897.06,EURUSD
1,2026-05-12 05:15:00,1.1754,1.17551,1.17561,1.17524,955,1778563799.0,EURUSD
1,2026-05-12 05:30:00,1.17551,1.1756,1.17562,1.17535,998,1778564699.059,EURUSD
1,2026-05-12 05:45:00,1.1756,1.17625,1.17682,1.17557,1504,1778565599.716,EURUSD
1,2026-05-12 06:00:00,1.17625,1.17575,1.17656,1.17566,1726,1778566499.178,EURUSD
1,2026-05-12 06:15:00,1.17575,1.1755,1.17585,1.17521,1474,1778567398.028,EURUSD
1,2026-05-12 06:30:00,1.17551,1.17549,1.1759,1.17536,1279,1778568299.797,EURUSD
1,2026-05-12 06:45:00,1.17549,1.17504,1.17554,1.17498,1380,1778569199.096,EURUSD
1,2026-05-12 07:00:00,1.17504,1.17471,1.17506,1.17443,1721,1778570099.665,EURUSD
1,2026-05-12 07:15:00,1.17471,1.17498,1.17534,1.1747,1578,1778570999.293,EURUSD
1,2026-05-12 07:30:00,1.17497,1.17465,1.17505,1.17465,1346,1778571899.071,EURUSD
1,2026-05-12 07:45:00,1.17465,1.17479,1.17479,1.17435,1399,1778572799.894,EURUSD
1,2026-05-12 08:00:00,1.17479,1.1744,1.17486,1.17426,1391,1778573699.592,EURUSD
1,2026-05-12 08:15:00,1.1744,1.17471,1.17506,1.17436,1468,1778574599.009,EURUSD
1,2026-05-12 08:30:00,1.17471,1.17422,1.17477,1.17395,1435,1778575499.081,EURUSD
1,2026-05-12 08:45:00,1.17422,1.17448,1.17481,1.17421,1630,1778576399.993,EURUSD
1,2026-05-12 09:00:00,1.17448,1.17462,1.1748,1.17439,1350,1778577299.695,EURUSD
1,2026-05-12 09:15:00,1.17462,1.1746,1.17475,1.1744,1132,1778578199.694,EURUSD
1,2026-05-12 09:30:00,1.1746,1.17456,1.17517,1.17455,1681,1778579099.693,EURUSD
1,2026-05-12 09:45:00,1.17456,1.17476,1.17496,1.17445,1342,1778579999.091,EURUSD
1,2026-05-12 10:00:00,1.17476,1.17486,1.17491,1.17455,1224,1778580897.019,EURUSD
1,2026-05-12 10:15:00,1.17486,1.17482,1.17486,1.17454,1099,1778581799.297,EURUSD
1,2026-05-12 10:30:00,1.17482,1.1746,1.17492,1.17446,1088,1778582699.019,EURUSD
1,2026-05-12 10:45:00,1.1746,1.17408,1.17465,1.17406,1112,1778583599.029,EURUSD
1,2026-05-12 11:00:00,1.17408,1.17417,1.17449,1.1735,1541,1778584499.299,EURUSD
1,2026-05-12 11:15:00,1.17417,1.17416,1.17441,1.17405,1199,1778585399.791,EURUSD
1,2026-05-12 11:30:00,1.17416,1.17465,1.17476,1.17416,1096,1778586299.099,EURUSD
1,2026-05-12 11:45:00,1.17465,1.17439,1.17484,1.17417,1362,1778587199.09,EURUSD
1,2026-05-12 12:00:00,1.17439,1.1742,1.17445,1.1738,1502,1778588099.799,EURUSD
1,2026-05-12 12:15:00,1.1742,1.17414,1.17441,1.17391,1426,1778588999.997,EURUSD
1,2026-05-12 12:30:00,1.17414,1.17473,1.17477,1.17361,2091,1778589899.091,EURUSD
1,2026-05-12 12:45:00,1.17473,1.17478,1.175,1.17436,1615,1778590799.017,EURUSD
1,2026-05-12 13:00:00,1.17477,1.17406,1.17501,1.17406,1720,1778591699.017,EURUSD
1,2026-05-12 13:15:00,1.17406,1.17397,1.17408,1.17337,1819,1778592599.894,EURUSD
1,2026-05-12 13:30:00,1.17397,1.17371,1.17424,1.17361,2075,1778593499.016,EURUSD
1,2026-05-12 13:45:00,1.17371,1.173,1.17392,1.1727,2011,1778594399.295,EURUSD
1,2026-05-12 14:00:00,1.173,1.17352,1.17356,1.1728,2216,1778595299.792,EURUSD
1,2026-05-12 14:15:00,1.17352,1.17333,1.1736,1.17302,1731,1778596199.81,EURUSD
1,2026-05-12 14:30:00,1.17333,1.1733,1.17352,1.1729,1791,1778597099.891,EURUSD
1,2026-05-12 14:45:00,1.1733,1.17361,1.17362,1.1728,2092,1778597999.996,EURUSD
1,2026-05-12 15:00:00,1.17359,1.17279,1.17367,1.17278,2012,1778598899.092,EURUSD
1,2026-05-12 15:15:00,1.17279,1.17241,1.17291,1.17218,1780,1778599799.192,EURUSD
1,2026-05-12 15:30:00,1.17241,1.17316,1.17322,1.17241,1627,1778600699.008,EURUSD
1,2026-05-12 15:45:00,1.17316,1.17327,1.17337,1.17294,1315,1778601598.029,EURUSD
1,2026-05-12 16:00:00,1.17327,1.17372,1.17376,1.17317,1470,1778602498.079,EURUSD
1,2026-05-12 16:15:00,1.17372,1.17361,1.17387,1.17349,1333,1778603399.039,EURUSD
1,2026-05-12 16:30:00,1.17361,1.1732,1.17361,1.17316,1227,1778604299.034,EURUSD
1,2026-05-12 16:45:00,1.1732,1.17284,1.1732,1.17279,1302,1778605199.005,EURUSD
1,2026-05-12 17:00:00,1.17284,1.17309,1.17329,1.17274,1404,1778606097.128,EURUSD
1,2026-05-12 17:15:00,1.17309,1.17306,1.17335,1.17299,1218,1778606999.016,EURUSD
1,2026-05-12 17:30:00,1.17306,1.17319,1.17325,1.173,1008,1778607899.059,EURUSD
1,2026-05-12 17:45:00,1.17319,1.17334,1.17337,1.17303,1110,1778608799.056,EURUSD
1,2026-05-12 18:00:00,1.17334,1.17321,1.17351,1.1729,1280,1778609699.019,EURUSD
1,2026-05-12 18:15:00,1.17321,1.1736,1.17372,1.17315,1135,1778610599.085,EURUSD
1,2026-05-12 18:30:00,1.1736,1.17386,1.17391,1.1736,1191,1778611499.192,EURUSD
1,2026-05-12 18:45:00,1.17386,1.17406,1.17412,1.17367,1201,1778612399.052,EURUSD
1,2026-05-12 19:00:00,1.17406,1.17439,1.17449,1.17399,1077,1778613299.159,EURUSD
1,2026-05-12 19:15:00,1.1744,1.17424,1.17444,1.1741,896,1778614199.269,EURUSD
1,2026-05-12 19:30:00,1.17424,1.1743,1.17469,1.17424,963,1778615099.029,EURUSD
1,2026-05-12 19:45:00,1.1743,1.17403,1.17436,1.17398,1101,1778615999.593,EURUSD
1,2026-05-12 20:00:00,1.17403,1.1739,1.17409,1.17386,576,1778616896.651,EURUSD
1,2026-05-12 20:15:00,1.1739,1.17389,1.17398,1.17388,434,1778617798.466,EURUSD
1,2026-05-12 20:30:00,1.17389,1.17382,1.1739,1.17378,491,1778618698.312,EURUSD
1,2026-05-12 20:45:00,1.17382,1.17385,1.1741,1.17379,648,1778619599.79,EURUSD
1,2026-05-12 21:00:00,1.17385,1.17369,1.17385,1.1734,225,1778620496.193,EURUSD
1,2026-05-12 21:15:00,1.17369,1.17365,1.17413,1.17358,178,1778621397.689,EURUSD
1,2026-05-12 21:30:00,1.17363,1.17373,1.17381,1.17361,157,1778622271.388,EURUSD
1,2026-05-12 21:45:00,1.17373,1.17389,1.17406,1.17373,296,1778623199.195,EURUSD
1,2026-05-12 22:00:00,1.17389,1.17378,1.17403,1.17376,377,1778624096.195,EURUSD
1,2026-05-12 22:15:00,1.17378,1.17391,1.17395,1.17378,366,1778624998.056,EURUSD
1,2026-05-12 22:30:00,1.17391,1.1739,1.17396,1.17387,381,1778625897.675,EURUSD
1,2026-05-12 22:45:00,1.1739,1.17394,1.17402,1.1739,324,1778626798.071,EURUSD
1,2026-05-12 23:00:00,1.17394,1.17389,1.17413,1.17388,427,1778627699.14,EURUSD
1,2026-05-12 23:15:00,1.17389,1.17386,1.1739,1.17373,299,1778628598.058,EURUSD
1,2026-05-12 23:30:00,1.17386,1.17372,1.17391,1.1737,456,1778629499.116,EURUSD
1,2026-05-12 23:45:00,1.17372,1.17352,1.17382,1.17347,612,1778630398.366,EURUSD
1,2026-05-13 00:00:00,1.17352,1.17335,1.17382,1.1733,1032,1778631298.125,EURUSD
1,2026-05-13 00:15:00,1.17335,1.17354,1.17375,1.17334,1002,1778632199.396,EURUSD
1,2026-05-13 00:30:00,1.17354,1.17359,1.17366,1.17336,909,1778633098.093,EURUSD
1,2026-05-13 00:45:00,1.17359,1.17382,1.17388,1.1733,1086,1778633999.792,EURUSD
1,2026-05-13 01:00:00,1.17382,1.17341,1.1739,1.17341,1258,1778634898.396,EURUSD
1,2026-05-13 01:15:00,1.17341,1.17373,1.17385,1.1732,1166,1778635799.006,EURUSD
1,2026-05-13 01:30:00,1.17373,1.1738,1.17395,1.17367,968,1778636699.093,EURUSD
1,2026-05-13 01:45:00,1.1738,1.17387,1.17418,1.17378,941,1778637599.094,EURUSD
1,2026-05-13 02:00:00,1.17387,1.17378,1.17417,1.17375,1014,1778638499.494,EURUSD
1,2026-05-13 02:15:00,1.17378,1.17381,1.17383,1.17371,755,1778639398.186,EURUSD
1,2026-05-13 02:30:00,1.17381,1.17368,1.17383,1.17368,658,1778640298.093,EURUSD
1,2026-05-13 02:45:00,1.17368,1.17372,1.17389,1.17363,856,1778641199.186,EURUSD
1,2026-05-13 03:00:00,1.17372,1.17346,1.17377,1.17326,1007,1778642097.097,EURUSD
1,2026-05-13 03:15:00,1.17346,1.17356,1.17361,1.17339,866,1778642997.316,EURUSD
1,2026-05-13 03:30:00,1.17356,1.17361,1.17379,1.17353,810,1778643898.086,EURUSD
1,2026-05-13 03:45:00,1.17361,1.17346,1.17368,1.17345,717,1778644799.394,EURUSD
1,2026-05-13 04:00:00,1.17346,1.17345,1.17353,1.17342,611,1778645699.495,EURUSD
1,2026-05-13 04:15:00,1.17345,1.17338,1.17352,1.17336,603,1778646594.06,EURUSD
1,2026-05-13 04:30:00,1.17338,1.17336,1.17344,1.17323,653,1778647495.023,EURUSD
1,2026-05-13 04:45:00,1.17336,1.17346,1.17348,1.17335,602,1778648399.036,EURUSD
1,2026-05-13 05:00:00,1.17346,1.17352,1.17367,1.17343,786,1778649297.036,EURUSD
1,2026-05-13 05:15:00,1.17352,1.17365,1.1737,1.17343,779,1778650199.994,EURUSD
1,2026-05-13 05:30:00,1.17365,1.17334,1.17369,1.17329,872,1778651097.166,EURUSD
1,2026-05-13 05:45:00,1.17334,1.17341,1.17354,1.17325,854,1778651998.04,EURUSD
1,2026-05-13 06:00:00,1.17341,1.17271,1.17344,1.17265,1228,1778652899.694,EURUSD
1,2026-05-13 06:15:00,1.17271,1.17267,1.1729,1.17248,1103,1778653799.176,EURUSD
1,2026-05-13 06:30:00,1.17267,1.1725,1.17267,1.17224,1117,1778654699.053,EURUSD
1,2026-05-13 06:45:00,1.1725,1.172,1.17251,1.17182,1213,1778655599.029,EURUSD
1,2026-05-13 07:00:00,1.172,1.17186,1.17234,1.17174,1481,1778656498.095,EURUSD
1,2026-05-13 07:15:00,1.17186,1.17174,1.17198,1.17171,1173,1778657399.292,EURUSD
1,2026-05-13 07:30:00,1.17174,1.17127,1.17176,1.17111,1215,1778658299.014,EURUSD
1,2026-05-13 07:45:00,1.17127,1.17071,1.17148,1.17071,1328,1778659199.992,EURUSD
1,2026-05-13 08:00:00,1.17071,1.17086,1.17097,1.17052,1380,1778660097.019,EURUSD
1,2026-05-13 08:15:00,1.17086,1.17108,1.17117,1.17085,1139,1778660999.018,EURUSD
1,2026-05-13 08:30:00,1.17108,1.17064,1.17116,1.17057,1035,1778661897.027,EURUSD
1,2026-05-13 08:45:00,1.17064,1.17031,1.17067,1.17004,1458,1778662799.994,EURUSD
1,2026-05-13 09:00:00,1.17031,1.17,1.17044,1.16998,1355,1778663699.004,EURUSD
1,2026-05-13 09:15:00,1.17,1.16958,1.17013,1.16958,1334,1778664599.395,EURUSD
1,2026-05-13 09:30:00,1.16958,1.16998,1.17014,1.16954,1214,1778665499.339,EURUSD
1,2026-05-13 09:45:00,1.16998,1.17063,1.17069,1.16997,1153,1778666398.041,EURUSD
1,2026-05-13 10:00:00,1.17063,1.17052,1.17068,1.1702,1486,1778667299.793,EURUSD
1,2026-05-13 10:15:00,1.17052,1.17053,1.17072,1.17032,1419,1778668199.195,EURUSD
1,2026-05-13 10:30:00,1.17053,1.17093,1.17099,1.17048,1160,1778669099.056,EURUSD
1,2026-05-13 10:45:00,1.17093,1.17129,1.17146,1.17082,1335,1778669999.695,EURUSD
1,2026-05-13 11:00:00,1.17129,1.17142,1.17153,1.17113,1138,1778670899.019,EURUSD
1,2026-05-13 11:15:00,1.17142,1.17136,1.17152,1.17121,999,1778671799.893,EURUSD
1,2026-05-13 11:30:00,1.17136,1.1717,1.17173,1.17131,1049,1778672699.966,EURUSD
1,2026-05-13 11:45:00,1.1717,1.17122,1.17173,1.17116,1264,1778673599.042,EURUSD
1,2026-05-13 12:00:00,1.17122,1.17126,1.17162,1.17121,1203,1778674499.047,EURUSD
1,2026-05-13 12:15:00,1.17126,1.17036,1.17126,1.17035,1385,1778675399.993,EURUSD
1,2026-05-13 12:30:00,1.17038,1.17052,1.17108,1.16972,2267,1778676299.005,EURUSD
1,2026-05-13 12:45:00,1.17052,1.17018,1.17057,1.16979,1500,1778677198.495,EURUSD
1,2026-05-13 13:00:00,1.17018,1.17039,1.17057,1.17017,1524,1778678099.695,EURUSD
1,2026-05-13 13:15:00,1.17039,1.17035,1.17047,1.17011,1328,1778678999.393,EURUSD
1,2026-05-13 13:30:00,1.17035,1.17092,1.17093,1.17031,1895,1778679899.08,EURUSD
1,2026-05-13 13:45:00,1.17092,1.17103,1.17123,1.17066,1827,1778680799.592,EURUSD
1,2026-05-13 14:00:00,1.17103,1.17105,1.17127,1.17067,1786,1778681698.293,EURUSD
1,2026-05-13 14:15:00,1.17105,1.17103,1.17113,1.17056,1467,1778682599.994,EURUSD
1,2026-05-13 14:30:00,1.17101,1.17059,1.17116,1.17056,1369,1778683499.093,EURUSD
1,2026-05-13 14:45:00,1.17059,1.17077,1.17103,1.1703,1741,1778684399.063,EURUSD
1,2026-05-13 15:00:00,1.17077,1.17088,1.17118,1.17074,1595,1778685299.29,EURUSD
1,2026-05-13 15:15:00,1.17088,1.17112,1.17134,1.17085,1279,1778686199.598,EURUSD
1,2026-05-13 15:30:00,1.17112,1.17147,1.17163,1.17092,1578,1778687098.026,EURUSD
1,2026-05-13 15:45:00,1.17147,1.1711,1.17149,1.17107,1317,1778687999.03,EURUSD
1,2026-05-13 16:00:00,1.1711,1.17121,1.17133,1.17101,1207,1778688898.015,EURUSD
1,2026-05-13 16:15:00,1.17121,1.17167,1.17176,1.17096,1489,1778689799.994,EURUSD
1,2026-05-13 16:30:00,1.17167,1.17112,1.1718,1.1711,1282,1778690699.076,EURUSD
1,2026-05-13 16:45:00,1.17112,1.17087,1.17131,1.1708,1124,1778691599.795,EURUSD
1,2026-05-13 17:00:00,1.17087,1.17097,1.17107,1.17081,1118,1778692499.994,EURUSD
1,2026-05-13 17:15:00,1.17097,1.171,1.17109,1.17095,846,1778693399.127,EURUSD
1,2026-05-13 17:30:00,1.171,1.17072,1.17101,1.17068,968,1778694299.092,EURUSD
1,2026-05-13 17:45:00,1.17072,1.17043,1.17082,1.17042,962,1778695199.015,EURUSD
1,2026-05-13 18:00:00,1.17043,1.17061,1.17077,1.17041,1009,1778696099.036,EURUSD
1,2026-05-13 18:15:00,1.17061,1.17068,1.17078,1.17057,1064,1778696998.086,EURUSD
1,2026-05-13 18:30:00,1.17068,1.17087,1.17094,1.17063,1096,1778697899.594,EURUSD
1,2026-05-13 18:45:00,1.17088,1.17078,1.17107,1.17043,1286,1778698799.07,EURUSD
1,2026-05-13 19:00:00,1.17078,1.17102,1.17106,1.17076,1079,1778699699.368,EURUSD
1,2026-05-13 19:15:00,1.17102,1.17113,1.17113,1.17091,1018,1778700599.094,EURUSD
1,2026-05-13 19:30:00,1.17113,1.17103,1.17131,1.17101,934,1778701499.095,EURUSD
1,2026-05-13 19:45:00,1.17103,1.17097,1.17116,1.17089,1083,1778702399.697,EURUSD
1,2026-05-13 20:00:00,1.17097,1.1712,1.17123,1.17091,808,1778703299.004,EURUSD
1,2026-05-13 20:15:00,1.1712,1.17123,1.17134,1.17116,479,1778704195.102,EURUSD
1,2026-05-13 20:30:00,1.17123,1.17133,1.17135,1.17111,428,1778705099.507,EURUSD
1,2026-05-13 20:45:00,1.17133,1.17103,1.17143,1.17103,597,1778705999.893,EURUSD
1,2026-05-13 21:00:00,1.17103,1.1716,1.17165,1.17085,235,1778706886.295,EURUSD
1,2026-05-13 21:15:00,1.1716,1.17151,1.17161,1.1715,104,1778707774.071,EURUSD
1,2026-05-13 21:30:00,1.17149,1.1716,1.17169,1.17147,160,1778708699.266,EURUSD
1,2026-05-13 21:45:00,1.1716,1.17151,1.1716,1.17142,199,1778709599.592,EURUSD
1,2026-05-13 22:00:00,1.17152,1.17175,1.17178,1.17149,383,1778710498.207,EURUSD
1,2026-05-13 22:15:00,1.17174,1.17179,1.17184,1.1717,334,1778711392.447,EURUSD
1,2026-05-13 22:30:00,1.17179,1.17184,1.17188,1.17178,371,1778712298.186,EURUSD
1,2026-05-13 22:45:00,1.17184,1.17176,1.17184,1.1717,378,1778713196.167,EURUSD
1,2026-05-13 23:00:00,1.17177,1.17173,1.17184,1.17168,484,1778714097.495,EURUSD
1,2026-05-13 23:15:00,1.17173,1.17169,1.17179,1.17168,377,1778714999.017,EURUSD
1,2026-05-13 23:30:00,1.17169,1.17159,1.17169,1.17156,415,1778715889.097,EURUSD
1,2026-05-13 23:45:00,1.17159,1.17159,1.17165,1.17154,626,1778716799.257,EURUSD
1,2026-05-14 00:00:00,1.17159,1.17178,1.1718,1.17143,986,1778717699.693,EURUSD
1,2026-05-14 00:15:00,1.17179,1.17166,1.17186,1.17153,978,1778718599.693,EURUSD
1,2026-05-14 00:30:00,1.17166,1.17163,1.17178,1.17155,826,1778719499.976,EURUSD
1,2026-05-14 00:45:00,1.17163,1.17171,1.17175,1.17154,1012,1778720399.011,EURUSD
1,2026-05-14 01:00:00,1.17171,1.17156,1.17175,1.17145,1181,1778721299.017,EURUSD
1,2026-05-14 01:15:00,1.17156,1.17161,1.17166,1.17152,907,1778722199.796,EURUSD
1,2026-05-14 01:30:00,1.17161,1.1717,1.17177,1.17151,1014,1778723099.178,EURUSD
1,2026-05-14 01:45:00,1.1717,1.17139,1.17174,1.17127,979,1778723999.059,EURUSD
1,2026-05-14 02:00:00,1.17139,1.17133,1.17154,1.17132,970,1778724898.348,EURUSD
1,2026-05-14 02:15:00,1.17133,1.17141,1.17143,1.17117,848,1778725799.092,EURUSD
1,2026-05-14 02:30:00,1.17141,1.17139,1.17145,1.17132,786,1778726699.138,EURUSD
1,2026-05-14 02:45:00,1.17139,1.17123,1.17142,1.17122,971,1778727599.158,EURUSD
1,2026-05-14 03:00:00,1.17123,1.17119,1.17131,1.17097,928,1778728499.994,EURUSD
1,2026-05-14 03:15:00,1.17119,1.17145,1.17147,1.17118,912,1778729398.794,EURUSD
1,2026-05-14 03:30:00,1.17145,1.17142,1.17152,1.17138,930,1778730297.357,EURUSD
1,2026-05-14 03:45:00,1.17142,1.17123,1.1715,1.17122,811,1778731199.694,EURUSD
1,2026-05-14 04:00:00,1.17123,1.17148,1.17168,1.17117,1112,1778732099.037,EURUSD
1,2026-05-14 04:15:00,1.17148,1.17153,1.17163,1.17138,869,1778732999.061,EURUSD
1,2026-05-14 04:30:00,1.17153,1.17152,1.17157,1.17146,758,1778733899.095,EURUSD
1,2026-05-14 04:45:00,1.17152,1.17144,1.17174,1.17143,723,1778734799.892,EURUSD
1,2026-05-14 05:00:00,1.17144,1.17123,1.17154,1.17122,1247,1778735696.069,EURUSD
1,2026-05-14 05:15:00,1.17123,1.17134,1.17138,1.17123,901,1778736599.395,EURUSD
1,2026-05-14 05:30:00,1.17134,1.17128,1.17137,1.17118,898,1778737499.492,EURUSD
1,2026-05-14 05:45:00,1.17128,1.17104,1.17161,1.17102,1209,1778738398.059,EURUSD
1,2026-05-14 06:00:00,1.17104,1.17078,1.17124,1.17068,1138,1778739299.049,EURUSD
1,2026-05-14 06:15:00,1.17079,1.17135,1.17149,1.17074,1168,1778740199.056,EURUSD
1,2026-05-14 06:30:00,1.17135,1.17149,1.17158,1.17118,1045,1778741099.263,EURUSD
1,2026-05-14 06:45:00,1.17149,1.17184,1.17215,1.17149,1474,1778741999.895,EURUSD
1,2026-05-14 07:00:00,1.17184,1.17138,1.17186,1.17132,1586,1778742898.896,EURUSD
1,2026-05-14 07:15:00,1.17138,1.17114,1.17138,1.17092,1337,1778743799.097,EURUSD
1,2026-05-14 07:30:00,1.17114,1.17139,1.17163,1.17113,1196,1778744699.027,EURUSD
1,2026-05-14 07:45:00,1.17139,1.17076,1.17159,1.17061,1399,1778745599.018,EURUSD
1,2026-05-14 08:00:00,1.17075,1.17074,1.17099,1.17049,1399,1778746499.092,EURUSD
1,2026-05-14 08:15:00,1.17074,1.17122,1.17129,1.17074,1246,1778747399.798,EURUSD
1,2026-05-14 08:30:00,1.17122,1.17096,1.17139,1.17088,1240,1778748299.057,EURUSD
1,2026-05-14 08:45:00,1.17096,1.17111,1.1712,1.17092,1145,1778749199.595,EURUSD
1,2026-05-14 09:00:00,1.17111,1.17121,1.17134,1.17092,1157,1778750097.04,EURUSD
1,2026-05-14 09:15:00,1.17121,1.17101,1.17128,1.17097,934,1778750999.795,EURUSD
1,2026-05-14 09:30:00,1.17101,1.17089,1.17107,1.17058,1278,1778751899.593,EURUSD
1,2026-05-14 09:45:00,1.17089,1.17074,1.17117,1.17071,1212,1778752799.026,EURUSD
1,2026-05-14 10:00:00,1.17074,1.17093,1.17129,1.17065,1397,1778753699.594,EURUSD
1,2026-05-14 10:15:00,1.17093,1.171,1.17105,1.17073,1173,1778754599.267,EURUSD
1,2026-05-14 10:30:00,1.171,1.17063,1.17109,1.17048,1034,1778755499.018,EURUSD
1,2026-05-14 10:45:00,1.17063,1.17087,1.17103,1.17062,1335,1778756399.494,EURUSD
1,2026-05-14 11:00:00,1.17087,1.17076,1.1709,1.17044,1695,1778757298.0,EURUSD
1,2026-05-14 11:15:00,1.17076,1.17047,1.17077,1.17043,1620,1778758199.497,EURUSD
1,2026-05-14 11:30:00,1.17047,1.17007,1.17056,1.16997,1475,1778759099.394,EURUSD
1,2026-05-14 11:45:00,1.17007,1.16997,1.1704,1.16996,1521,1778759999.444,EURUSD
1,2026-05-14 12:00:00,1.16997,1.17054,1.17054,1.16995,2050,1778760899.993,EURUSD
1,2026-05-14 12:15:00,1.17054,1.17042,1.17056,1.17029,1740,1778761799.996,EURUSD
1,2026-05-14 12:30:00,1.17039,1.16963,1.1705,1.16963,1717,1778762699.017,EURUSD
1,2026-05-14 12:45:00,1.16963,1.16973,1.17013,1.16962,1695,1778763599.094,EURUSD
1,2026-05-14 13:00:00,1.16973,1.16973,1.16989,1.16943,2032,1778764499.038,EURUSD
1,2026-05-14 13:15:00,1.16973,1.16949,1.16975,1.16922,1727,1778765399.8,EURUSD
1,2026-05-14 13:30:00,1.16949,1.16934,1.16949,1.16856,2468,1778766299.928,EURUSD
1,2026-05-14 13:45:00,1.16934,1.16898,1.16997,1.16884,3247,1778767199.994,EURUSD
1,2026-05-14 14:00:00,1.16898,1.16961,1.16965,1.16864,2485,1778768099.728,EURUSD
1,2026-05-14 14:15:00,1.16961,1.16963,1.17002,1.16928,2271,1778768999.92,EURUSD
1,2026-05-14 14:30:00,1.16963,1.16955,1.16966,1.16934,2053,1778769899.0,EURUSD
1,2026-05-14 14:45:00,1.16955,1.16786,1.16966,1.16785,3070,1778770799.794,EURUSD
1,2026-05-14 15:00:00,1.16786,1.16753,1.16811,1.16731,2773,1778771699.796,EURUSD
1,2026-05-14 15:15:00,1.16753,1.16753,1.16762,1.16717,2018,1778772599.594,EURUSD
1,2026-05-14 15:30:00,1.16753,1.16759,1.16787,1.16746,1827,1778773499.295,EURUSD
1,2026-05-14 15:45:00,1.16759,1.16774,1.16781,1.16751,1724,1778774399.696,EURUSD
1,2026-05-14 16:00:00,1.16774,1.1678,1.16785,1.16736,1994,1778775299.41,EURUSD
1,2026-05-14 16:15:00,1.1678,1.16743,1.16816,1.16724,2017,1778776199.093,EURUSD
1,2026-05-14 16:30:00,1.16744,1.1673,1.16755,1.16708,1916,1778777099.293,EURUSD
1,2026-05-14 16:45:00,1.16731,1.16764,1.16766,1.16728,1792,1778777999.891,EURUSD
1,2026-05-14 17:00:00,1.16764,1.16769,1.16802,1.16759,1781,1778778899.001,EURUSD
1,2026-05-14 17:15:00,1.16769,1.1678,1.1679,1.1676,1848,1778779799.092,EURUSD
1,2026-05-14 17:30:00,1.1678,1.16799,1.16805,1.16769,1594,1778780699.392,EURUSD
1,2026-05-14 17:45:00,1.16799,1.16779,1.16806,1.16772,1511,1778781599.091,EURUSD
1,2026-05-14 18:00:00,1.16779,1.1678,1.1678,1.16749,1833,1778782499.024,EURUSD
1,2026-05-14 18:15:00,1.1678,1.16767,1.16785,1.16759,1482,1778783399.296,EURUSD
1,2026-05-14 18:30:00,1.16768,1.16751,1.16773,1.16738,1333,1778784299.094,EURUSD
1,2026-05-14 18:45:00,1.16751,1.16773,1.16775,1.16744,1419,1778785199.094,EURUSD
1,2026-05-14 19:00:00,1.16773,1.1677,1.1679,1.16766,1331,1778786099.093,EURUSD
1,2026-05-14 19:15:00,1.1677,1.16738,1.16772,1.16738,1415,1778786999.005,EURUSD
1,2026-05-14 19:30:00,1.16738,1.16703,1.16749,1.167,1606,1778787899.199,EURUSD
1,2026-05-14 19:45:00,1.16703,1.16708,1.16709,1.16686,1596,1778788799.793,EURUSD
1,2026-05-14 20:00:00,1.16708,1.16684,1.16722,1.1668,1320,1778789699.002,EURUSD
1,2026-05-14 20:15:00,1.16684,1.16668,1.16698,1.16658,1214,1778790599.002,EURUSD
1,2026-05-14 20:30:00,1.16668,1.16671,1.16683,1.16661,1111,1778791499.094,EURUSD
1,2026-05-14 20:45:00,1.16671,1.16695,1.16701,1.1667,1097,1778792399.394,EURUSD
1,2026-05-14 21:00:00,1.16695,1.16683,1.16709,1.16683,874,1778793299.036,EURUSD
1,2026-05-14 21:15:00,1.16683,1.16732,1.16732,1.16675,918,1778794199.01,EURUSD
1,2026-05-14 21:30:00,1.16732,1.16697,1.16737,1.16686,1006,1778795099.016,EURUSD
1,2026-05-14 21:45:00,1.16697,1.16702,1.16712,1.16691,963,1778795998.095,EURUSD
1,2026-05-14 22:00:00,1.16702,1.16691,1.16712,1.1669,1055,1778796899.034,EURUSD
1,2026-05-14 22:15:00,1.16691,1.167,1.16705,1.16689,999,1778797799.336,EURUSD
1,2026-05-14 22:30:00,1.167,1.1671,1.16711,1.16694,1040,1778798699.095,EURUSD
1,2026-05-14 22:45:00,1.1671,1.16697,1.16711,1.16694,967,1778799599.013,EURUSD
1,2026-05-14 23:00:00,1.16697,1.16631,1.16697,1.16629,1067,1778800499.002,EURUSD
1,2026-05-14 23:15:00,1.16631,1.16642,1.16643,1.16622,1132,1778801399.297,EURUSD
1,2026-05-14 23:30:00,1.16642,1.16641,1.16644,1.16623,1049,1778802299.093,EURUSD
1,2026-05-14 23:45:00,1.16641,1.1662,1.16652,1.16615,1209,1778803199.024,EURUSD
1,2026-05-15 00:00:00,1.1662,1.166,1.16629,1.16572,1730,1778804099.593,EURUSD
1,2026-05-15 00:15:00,1.166,1.16589,1.16635,1.16589,1480,1778804999.693,EURUSD
1,2026-05-15 00:30:00,1.16589,1.16544,1.16593,1.16528,1565,1778805899.04,EURUSD
1,2026-05-15 00:45:00,1.16544,1.16554,1.16566,1.16522,1485,1778806799.004,EURUSD
1,2026-05-15 01:00:00,1.16554,1.16555,1.16566,1.16538,1535,1778807699.025,EURUSD
1,2026-05-15 01:15:00,1.16555,1.16492,1.16555,1.1649,1832,1778808599.711,EURUSD
1,2026-05-15 01:30:00,1.16492,1.16505,1.16521,1.16461,1918,1778809499.293,EURUSD
1,2026-05-15 01:45:00,1.16505,1.16468,1.16511,1.16467,1705,1778810399.914,EURUSD
1,2026-05-15 02:00:00,1.16468,1.1648,1.16486,1.16458,1407,1778811299.014,EURUSD
1,2026-05-15 02:15:00,1.1648,1.16512,1.16536,1.16475,1345,1778812199.002,EURUSD
1,2026-05-15 02:30:00,1.16512,1.16536,1.16539,1.16505,1341,1778813099.492,EURUSD
1,2026-05-15 02:45:00,1.16536,1.16536,1.16576,1.1653,1486,1778813999.008,EURUSD
1,2026-05-15 03:00:00,1.16536,1.16521,1.16552,1.16519,1378,1778814899.093,EURUSD
1,2026-05-15 03:15:00,1.16521,1.16526,1.16526,1.16507,1216,1778815799.419,EURUSD
1,2026-05-15 03:30:00,1.16526,1.16521,1.16537,1.165,1436,1778816699.294,EURUSD
1,2026-05-15 03:45:00,1.16521,1.16521,1.16528,1.16515,1224,1778817599.093,EURUSD
1,2026-05-15 04:00:00,1.16521,1.16526,1.16528,1.16507,1081,1778818499.004,EURUSD
1,2026-05-15 04:15:00,1.16526,1.16517,1.16527,1.16514,1171,1778819399.006,EURUSD
1,2026-05-15 04:30:00,1.16517,1.16493,1.16521,1.16492,1197,1778820299.004,EURUSD
1,2026-05-15 04:45:00,1.16493,1.16473,1.16496,1.16465,1287,1778821199.0,EURUSD
1,2026-05-15 05:00:00,1.16473,1.16452,1.16477,1.16429,1755,1778822099.039,EURUSD
1,2026-05-15 05:15:00,1.16452,1.16474,1.1648,1.16435,1449,1778822999.029,EURUSD
1,2026-05-15 05:30:00,1.16474,1.16441,1.16477,1.16441,1551,1778823899.394,EURUSD
1,2026-05-15 05:45:00,1.16441,1.16327,1.16441,1.16327,2310,1778824799.994,EURUSD
1,2026-05-15 06:00:00,1.16327,1.16411,1.16436,1.16325,2760,1778825699.894,EURUSD
1,2026-05-15 06:15:00,1.16411,1.16383,1.16432,1.16378,2139,1778826599.595,EURUSD
1,2026-05-15 06:30:00,1.16383,1.16392,1.16433,1.16372,2189,1778827499.039,EURUSD
1,2026-05-15 06:45:00,1.16392,1.16349,1.16421,1.16329,1973,1778828399.595,EURUSD
1,2026-05-15 07:00:00,1.16349,1.16436,1.16461,1.16319,2354,1778829299.693,EURUSD
1,2026-05-15 07:15:00,1.16436,1.16426,1.16491,1.16416,2081,1778830199.092,EURUSD
1,2026-05-15 07:30:00,1.16426,1.16406,1.16431,1.16389,1974,1778831099.093,EURUSD
1,2026-05-15 07:45:00,1.16406,1.16366,1.16411,1.16359,1754,1778831999.993,EURUSD
1,2026-05-15 08:00:00,1.16366,1.16345,1.16383,1.16329,2064,1778832899.407,EURUSD
1,2026-05-15 08:15:00,1.16345,1.16328,1.1635,1.16311,2177,1778833799.593,EURUSD
1,2026-05-15 08:30:00,1.16328,1.16361,1.16362,1.1631,2063,1778834699.028,EURUSD
1,2026-05-15 08:45:00,1.16361,1.1633,1.16365,1.16305,1803,1778835599.995,EURUSD
1,2026-05-15 09:00:00,1.1633,1.16201,1.16336,1.162,2281,1778836499.095,EURUSD
1,2026-05-15 09:15:00,1.16201,1.16251,1.16267,1.16173,2523,1778837399.012,EURUSD
1,2026-05-15 09:30:00,1.16251,1.16234,1.16265,1.16223,1979,1778838299.094,EURUSD
1,2026-05-15 09:45:00,1.16233,1.16281,1.16289,1.1622,2269,1778839199.994,EURUSD
1,2026-05-15 10:00:00,1.16281,1.16353,1.1636,1.16274,2123,1778840099.592,EURUSD
1,2026-05-15 10:15:00,1.16353,1.16373,1.16407,1.16332,2044,1778840999.013,EURUSD
1,2026-05-15 10:30:00,1.16373,1.1645,1.16451,1.16365,2120,1778841899.893,EURUSD
1,2026-05-15 10:45:00,1.1645,1.16492,1.16555,1.1644,3445,1778842799.394,EURUSD
1,2026-05-15 11:00:00,1.16492,1.16461,1.16501,1.16407,2423,1778843699.494,EURUSD
1,2026-05-15 11:15:00,1.16461,1.164,1.16471,1.16397,1805,1778844599.595,EURUSD
1,2026-05-15 11:30:00,1.16399,1.16331,1.16404,1.16331,2047,1778845499.022,EURUSD
1,2026-05-15 11:45:00,1.16331,1.16317,1.16345,1.16292,1835,1778846399.022,EURUSD
1,2026-05-15 12:00:00,1.16317,1.16273,1.16321,1.16262,2217,1778847299.935,EURUSD
1,2026-05-15 12:15:00,1.16274,1.16295,1.16312,1.16264,2015,1778848199.092,EURUSD
1,2026-05-15 12:30:00,1.16295,1.16206,1.16296,1.16203,2071,1778849099.994,EURUSD
1,2026-05-15 12:45:00,1.16206,1.16263,1.16291,1.16189,2130,1778849999.496,EURUSD
1,2026-05-15 13:00:00,1.16263,1.16288,1.16297,1.1623,2417,1778850899.894,EURUSD
1,2026-05-15 13:15:00,1.16287,1.16291,1.16323,1.16261,2271,1778851799.694,EURUSD
1,2026-05-15 13:30:00,1.16291,1.16236,1.16302,1.16234,2914,1778852699.092,EURUSD
1,2026-05-15 13:45:00,1.16236,1.16234,1.16258,1.1619,2911,1778853599.893,EURUSD
1,2026-05-15 14:00:00,1.16234,1.16265,1.16302,1.16214,2790,1778854499.593,EURUSD
1,2026-05-15 14:15:00,1.16265,1.16324,1.16379,1.16265,3020,1778855399.893,EURUSD
1,2026-05-15 14:30:00,1.16324,1.16272,1.16339,1.1627,2544,1778856299.82,EURUSD
1,2026-05-15 14:45:00,1.16272,1.16295,1.16308,1.16235,2813,1778857199.595,EURUSD
1,2026-05-15 15:00:00,1.16295,1.16284,1.16311,1.16246,2705,1778858099.043,EURUSD
1,2026-05-15 15:15:00,1.16284,1.16231,1.16297,1.16206,2421,1778858999.998,EURUSD
1,2026-05-15 15:30:00,1.16233,1.16234,1.16261,1.1622,2232,1778859899.909,EURUSD
1,2026-05-15 15:45:00,1.16234,1.16264,1.16264,1.16209,2031,1778860799.494,EURUSD
1,2026-05-15 16:00:00,1.16265,1.16246,1.16274,1.1623,1928,1778861699.094,EURUSD
1,2026-05-15 16:15:00,1.16246,1.16277,1.16278,1.1624,1587,1778862599.894,EURUSD
1,2026-05-15 16:30:00,1.16277,1.16311,1.16314,1.16269,1713,1778863499.399,EURUSD
1,2026-05-15 16:45:00,1.16311,1.16299,1.16314,1.16269,1686,1778864399.994,EURUSD
1,2026-05-15 17:00:00,1.16301,1.16339,1.16341,1.16288,1704,1778865299.095,EURUSD
1,2026-05-15 17:15:00,1.16339,1.16325,1.16357,1.16321,1589,1778866199.004,EURUSD
1,2026-05-15 17:30:00,1.16325,1.16286,1.16335,1.16284,1688,1778867099.594,EURUSD
1,2026-05-15 17:45:00,1.16285,1.16268,1.16302,1.16268,1499,1778867999.095,EURUSD
1,2026-05-15 18:00:00,1.16268,1.1625,1.16273,1.16234,1608,1778868899.093,EURUSD
1,2026-05-15 18:15:00,1.1625,1.16216,1.1625,1.16209,1848,1778869799.793,EURUSD
1,2026-05-15 18:30:00,1.16216,1.16204,1.16219,1.16169,1751,1778870699.093,EURUSD
1,2026-05-15 18:45:00,1.16204,1.16219,1.1624,1.16196,1517,1778871599.725,EURUSD
1,2026-05-15 19:00:00,1.16219,1.16202,1.16227,1.16201,1430,1778872499.093,EURUSD
1,2026-05-15 19:15:00,1.16202,1.16215,1.16221,1.16195,1320,1778873399.814,EURUSD
1,2026-05-15 19:30:00,1.16215,1.16195,1.16231,1.16192,1455,1778874299.001,EURUSD
1,2026-05-15 19:45:00,1.16195,1.16214,1.16227,1.16193,1588,1778875199.494,EURUSD
1,2026-05-15 20:00:00,1.16214,1.16216,1.16226,1.16193,1401,1778876099.0,EURUSD
1,2026-05-15 20:15:00,1.16216,1.16209,1.16227,1.16206,1220,1778876999.094,EURUSD
1,2026-05-15 20:30:00,1.16209,1.16249,1.1625,1.16209,1207,1778877899.03,EURUSD
1,2026-05-15 20:45:00,1.16249,1.16267,1.16267,1.16231,1330,1778878799.109,EURUSD
1,2026-05-15 21:00:00,1.16267,1.16267,1.16267,1.16267,1,1778878800.012,EURUSD
1,2026-05-15 21:15:00,1.16267,1.16267,1.16267,1.16267,0,1778879700.0,EURUSD
1,2026-05-15 21:30:00,1.16267,1.16267,1.16267,1.16267,0,1778880600.0,EURUSD
1,2026-05-15 21:45:00,1.16267,1.16267,1.16267,1.16267,0,1778881500.0,EURUSD
1,2026-05-15 22:00:00,1.16267,1.16267,1.16267,1.16267,0,1778882400.0,EURUSD
1,2026-05-15 22:15:00,1.16267,1.16267,1.16267,1.16267,0,1778883300.0,EURUSD
1,2026-05-15 22:30:00,1.16267,1.16267,1.16267,1.16267,0,1778884200.0,EURUSD
1,2026-05-15 22:45:00,1.16267,1.16267,1.16267,1.16267,0,1778885100.0,EURUSD
1,2026-05-15 23:00:00,1.16267,1.16267,1.16267,1.16267,0,1778886000.0,EURUSD
1,2026-05-15 23:15:00,1.16267,1.16267,1.16267,1.16267,0,1778886900.0,EURUSD
1,2026-05-15 23:30:00,1.16267,1.16267,1.16267,1.16267,0,1778887800.0,EURUSD
1,2026-05-15 23:45:00,1.16267,1.16267,1.16267,1.16267,0,1778888700.0,EURUSD
1,2026-05-16 00:00:00,1.16267,1.16267,1.16267,1.16267,0,1778889600.0,EURUSD
1,2026-05-16 00:15:00,1.16267,1.16267,1.16267,1.16267,0,1778890500.0,EURUSD
1,2026-05-16 00:30:00,1.16267,1.16267,1.16267,1.16267,0,1778891400.0,EURUSD
1,2026-05-16 00:45:00,1.16267,1.16267,1.16267,1.16267,0,1778892300.0,EURUSD
1,2026-05-16 01:00:00,1.16267,1.16267,1.16267,1.16267,0,1778893200.0,EURUSD
1,2026-05-16 01:15:00,1.16267,1.16267,1.16267,1.16267,0,1778894100.0,EURUSD
1,2026-05-16 01:30:00,1.16267,1.16267,1.16267,1.16267,0,1778895000.0,EURUSD
1,2026-05-16 01:45:00,1.16267,1.16267,1.16267,1.16267,0,1778895900.0,EURUSD
1,2026-05-16 02:00:00,1.16267,1.16267,1.16267,1.16267,0,1778896800.0,EURUSD
1,2026-05-16 02:15:00,1.16267,1.16267,1.16267,1.16267,0,1778897700.0,EURUSD
1,2026-05-16 02:30:00,1.16267,1.16267,1.16267,1.16267,0,1778898600.0,EURUSD
1,2026-05-16 02:45:00,1.16267,1.16267,1.16267,1.16267,0,1778899500.0,EURUSD
1,2026-05-16 03:00:00,1.16267,1.16267,1.16267,1.16267,0,1778900400.0,EURUSD
1,2026-05-16 03:15:00,1.16267,1.16267,1.16267,1.16267,0,1778901300.0,EURUSD
1,2026-05-16 03:30:00,1.16267,1.16267,1.16267,1.16267,0,1778902200.0,EURUSD
1,2026-05-16 03:45:00,1.16267,1.16267,1.16267,1.16267,0,1778903100.0,EURUSD
1,2026-05-16 04:00:00,1.16267,1.16267,1.16267,1.16267,0,1778904000.0,EURUSD
1,2026-05-16 04:15:00,1.16267,1.16267,1.16267,1.16267,0,1778904900.0,EURUSD
1,2026-05-16 04:30:00,1.16267,1.16267,1.16267,1.16267,0,1778905800.0,EURUSD
1,2026-05-16 04:45:00,1.16267,1.16267,1.16267,1.16267,0,1778906700.0,EURUSD
1,2026-05-16 05:00:00,1.16267,1.16267,1.16267,1.16267,0,1778907600.0,EURUSD
1,2026-05-16 05:15:00,1.16267,1.16267,1.16267,1.16267,0,1778908500.0,EURUSD
1,2026-05-16 05:30:00,1.16267,1.16267,1.16267,1.16267,0,1778909400.0,EURUSD
1,2026-05-16 05:45:00,1.16267,1.16267,1.16267,1.16267,0,1778910300.0,EURUSD
1,2026-05-16 06:00:00,1.16267,1.16267,1.16267,1.16267,0,1778911200.0,EURUSD
1,2026-05-16 06:15:00,1.16267,1.16267,1.16267,1.16267,0,1778912100.0,EURUSD
1,2026-05-16 06:30:00,1.16267,1.16267,1.16267,1.16267,0,1778913000.0,EURUSD
1,2026-05-16 06:45:00,1.16267,1.16267,1.16267,1.16267,0,1778913900.0,EURUSD
1,2026-05-16 07:00:00,1.16267,1.16267,1.16267,1.16267,0,1778914800.0,EURUSD
1,2026-05-16 07:15:00,1.16267,1.16267,1.16267,1.16267,0,1778915700.0,EURUSD
1,2026-05-16 07:30:00,1.16267,1.16267,1.16267,1.16267,0,1778916600.0,EURUSD
1,2026-05-16 07:45:00,1.16267,1.16267,1.16267,1.16267,0,1778917500.0,EURUSD
1,2026-05-16 08:00:00,1.16267,1.16267,1.16267,1.16267,0,1778918400.0,EURUSD
1,2026-05-16 08:15:00,1.16267,1.16267,1.16267,1.16267,0,1778919300.0,EURUSD
1,2026-05-16 08:30:00,1.16267,1.16267,1.16267,1.16267,0,1778920200.0,EURUSD
1,2026-05-16 08:45:00,1.16267,1.16267,1.16267,1.16267,0,1778921100.0,EURUSD
1,2026-05-16 09:00:00,1.16267,1.16267,1.16267,1.16267,0,1778922000.0,EURUSD
1,2026-05-16 09:15:00,1.16267,1.16267,1.16267,1.16267,0,1778922900.0,EURUSD
1,2026-05-16 09:30:00,1.16267,1.16267,1.16267,1.16267,0,1778923800.0,EURUSD
1,2026-05-16 09:45:00,1.16267,1.16267,1.16267,1.16267,0,1778924700.0,EURUSD
1,2026-05-16 10:00:00,1.16267,1.16267,1.16267,1.16267,0,1778925600.0,EURUSD
1,2026-05-16 10:15:00,1.16267,1.16267,1.16267,1.16267,0,1778926500.0,EURUSD
1,2026-05-16 10:30:00,1.16267,1.16267,1.16267,1.16267,0,1778927400.0,EURUSD
1,2026-05-16 10:45:00,1.16267,1.16267,1.16267,1.16267,0,1778928300.0,EURUSD
1,2026-05-16 11:00:00,1.16267,1.16267,1.16267,1.16267,0,1778929200.0,EURUSD
1,2026-05-16 11:15:00,1.16267,1.16267,1.16267,1.16267,0,1778930100.0,EURUSD
1,2026-05-16 11:30:00,1.16267,1.16267,1.16267,1.16267,0,1778931000.0,EURUSD
1,2026-05-16 11:45:00,1.16267,1.16267,1.16267,1.16267,0,1778931900.0,EURUSD
1,2026-05-16 12:00:00,1.16267,1.16267,1.16267,1.16267,0,1778932800.0,EURUSD
1,2026-05-16 12:15:00,1.16267,1.16267,1.16267,1.16267,0,1778933700.0,EURUSD
1,2026-05-16 12:30:00,1.16267,1.16267,1.16267,1.16267,0,1778934600.0,EURUSD
1,2026-05-16 12:45:00,1.16267,1.16267,1.16267,1.16267,0,1778935500.0,EURUSD
1,2026-05-16 13:00:00,1.16267,1.16267,1.16267,1.16267,0,1778936400.0,EURUSD
1,2026-05-16 13:15:00,1.16267,1.16267,1.16267,1.16267,0,1778937300.0,EURUSD
1,2026-05-16 13:30:00,1.16267,1.16267,1.16267,1.16267,0,1778938200.0,EURUSD
1,2026-05-16 13:45:00,1.16267,1.16267,1.16267,1.16267,0,1778939100.0,EURUSD
1,2026-05-16 14:00:00,1.16267,1.16267,1.16267,1.16267,0,1778940000.0,EURUSD
1,2026-05-16 14:15:00,1.16267,1.16267,1.16267,1.16267,0,1778940900.0,EURUSD
1,2026-05-16 14:30:00,1.16267,1.16267,1.16267,1.16267,0,1778941800.0,EURUSD
1,2026-05-16 14:45:00,1.16267,1.16267,1.16267,1.16267,0,1778942700.0,EURUSD
1,2026-05-16 15:00:00,1.16267,1.16267,1.16267,1.16267,0,1778943600.0,EURUSD
1,2026-05-16 15:15:00,1.16267,1.16267,1.16267,1.16267,0,1778944500.0,EURUSD
1,2026-05-16 15:30:00,1.16267,1.16267,1.16267,1.16267,0,1778945400.0,EURUSD
1,2026-05-16 15:45:00,1.16267,1.16267,1.16267,1.16267,0,1778946300.0,EURUSD
1,2026-05-16 16:00:00,1.16267,1.16267,1.16267,1.16267,0,1778947200.0,EURUSD
1,2026-05-16 16:15:00,1.16267,1.16267,1.16267,1.16267,0,1778948100.0,EURUSD
1,2026-05-16 16:30:00,1.16267,1.16267,1.16267,1.16267,0,1778949000.0,EURUSD
1,2026-05-16 16:45:00,1.16267,1.16267,1.16267,1.16267,0,1778949900.0,EURUSD
1,2026-05-16 17:00:00,1.16267,1.16267,1.16267,1.16267,0,1778950800.0,EURUSD
1,2026-05-16 17:15:00,1.16267,1.16267,1.16267,1.16267,0,1778951700.0,EURUSD
1,2026-05-16 17:30:00,1.16267,1.16267,1.16267,1.16267,0,1778952600.0,EURUSD
1,2026-05-16 17:45:00,1.16267,1.16267,1.16267,1.16267,0,1778953500.0,EURUSD
1,2026-05-16 18:00:00,1.16267,1.16267,1.16267,1.16267,0,1778954400.0,EURUSD
1,2026-05-16 18:15:00,1.16267,1.16267,1.16267,1.16267,0,1778955300.0,EURUSD
1,2026-05-16 18:30:00,1.16267,1.16267,1.16267,1.16267,0,1778956200.0,EURUSD
1,2026-05-16 18:45:00,1.16267,1.16267,1.16267,1.16267,0,1778957100.0,EURUSD
1,2026-05-16 19:00:00,1.16267,1.16267,1.16267,1.16267,0,1778958000.0,EURUSD
1,2026-05-16 19:15:00,1.16267,1.16267,1.16267,1.16267,0,1778958900.0,EURUSD
1,2026-05-16 19:30:00,1.16267,1.16267,1.16267,1.16267,0,1778959800.0,EURUSD
1,2026-05-16 19:45:00,1.16267,1.16267,1.16267,1.16267,0,1778960700.0,EURUSD
1,2026-05-16 20:00:00,1.16267,1.16267,1.16267,1.16267,0,1778961600.0,EURUSD
1,2026-05-16 20:15:00,1.16267,1.16267,1.16267,1.16267,0,1778962500.0,EURUSD
1,2026-05-16 20:30:00,1.16267,1.16267,1.16267,1.16267,0,1778963400.0,EURUSD
1,2026-05-16 20:45:00,1.16267,1.16267,1.16267,1.16267,0,1778964300.0,EURUSD
1,2026-05-16 21:00:00,1.16267,1.16267,1.16267,1.16267,0,1778965200.0,EURUSD
1,2026-05-16 21:15:00,1.16267,1.16267,1.16267,1.16267,0,1778966100.0,EURUSD
1,2026-05-16 21:30:00,1.16267,1.16267,1.16267,1.16267,0,1778967000.0,EURUSD
1,2026-05-16 21:45:00,1.16267,1.16267,1.16267,1.16267,0,1778967900.0,EURUSD
1,2026-05-16 22:00:00,1.16267,1.16267,1.16267,1.16267,0,1778968800.0,EURUSD
1,2026-05-16 22:15:00,1.16267,1.16267,1.16267,1.16267,0,1778969700.0,EURUSD
1,2026-05-16 22:30:00,1.16267,1.16267,1.16267,1.16267,0,1778970600.0,EURUSD
1,2026-05-16 22:45:00,1.16267,1.16267,1.16267,1.16267,0,1778971500.0,EURUSD
1,2026-05-16 23:00:00,1.16267,1.16267,1.16267,1.16267,0,1778972400.0,EURUSD
1,2026-05-16 23:15:00,1.16267,1.16267,1.16267,1.16267,0,1778973300.0,EURUSD
1,2026-05-16 23:30:00,1.16267,1.16267,1.16267,1.16267,0,1778974200.0,EURUSD
1,2026-05-16 23:45:00,1.16267,1.16267,1.16267,1.16267,0,1778975100.0,EURUSD
1,2026-05-17 00:00:00,1.16267,1.16267,1.16267,1.16267,0,1778976000.0,EURUSD
1,2026-05-17 00:15:00,1.16267,1.16267,1.16267,1.16267,0,1778976900.0,EURUSD
1,2026-05-17 00:30:00,1.16267,1.16267,1.16267,1.16267,0,1778977800.0,EURUSD
1,2026-05-17 00:45:00,1.16267,1.16267,1.16267,1.16267,0,1778978700.0,EURUSD
1,2026-05-17 01:00:00,1.16267,1.16267,1.16267,1.16267,0,1778979600.0,EURUSD
1,2026-05-17 01:15:00,1.16267,1.16267,1.16267,1.16267,0,1778980500.0,EURUSD
1,2026-05-17 01:30:00,1.16267,1.16267,1.16267,1.16267,0,1778981400.0,EURUSD
1,2026-05-17 01:45:00,1.16267,1.16267,1.16267,1.16267,0,1778982300.0,EURUSD
1,2026-05-17 02:00:00,1.16267,1.16267,1.16267,1.16267,0,1778983200.0,EURUSD
1,2026-05-17 02:15:00,1.16267,1.16267,1.16267,1.16267,0,1778984100.0,EURUSD
1,2026-05-17 02:30:00,1.16267,1.16267,1.16267,1.16267,0,1778985000.0,EURUSD
1,2026-05-17 02:45:00,1.16267,1.16267,1.16267,1.16267,0,1778985900.0,EURUSD
1,2026-05-17 03:00:00,1.16267,1.16267,1.16267,1.16267,0,1778986800.0,EURUSD
1,2026-05-17 03:15:00,1.16267,1.16267,1.16267,1.16267,0,1778987700.0,EURUSD
1,2026-05-17 03:30:00,1.16267,1.16267,1.16267,1.16267,0,1778988600.0,EURUSD
1,2026-05-17 03:45:00,1.16267,1.16267,1.16267,1.16267,0,1778989500.0,EURUSD
1,2026-05-17 04:00:00,1.16267,1.16267,1.16267,1.16267,0,1778990400.0,EURUSD
1,2026-05-17 04:15:00,1.16267,1.16267,1.16267,1.16267,0,1778991300.0,EURUSD
1,2026-05-17 04:30:00,1.16267,1.16267,1.16267,1.16267,0,1778992200.0,EURUSD
1,2026-05-17 04:45:00,1.16267,1.16267,1.16267,1.16267,0,1778993100.0,EURUSD
1,2026-05-17 05:00:00,1.16267,1.16267,1.16267,1.16267,0,1778994000.0,EURUSD
1,2026-05-17 05:15:00,1.16267,1.16267,1.16267,1.16267,0,1778994900.0,EURUSD
1,2026-05-17 05:30:00,1.16267,1.16267,1.16267,1.16267,0,1778995800.0,EURUSD
1,2026-05-17 05:45:00,1.16267,1.16267,1.16267,1.16267,0,1778996700.0,EURUSD
1,2026-05-17 06:00:00,1.16267,1.16267,1.16267,1.16267,0,1778997600.0,EURUSD
1,2026-05-17 06:15:00,1.16267,1.16267,1.16267,1.16267,0,1778998500.0,EURUSD
1,2026-05-17 06:30:00,1.16267,1.16267,1.16267,1.16267,0,1778999400.0,EURUSD
1,2026-05-17 06:45:00,1.16267,1.16267,1.16267,1.16267,0,1779000300.0,EURUSD
1,2026-05-17 07:00:00,1.16267,1.16267,1.16267,1.16267,0,1779001200.0,EURUSD
1,2026-05-17 07:15:00,1.16267,1.16267,1.16267,1.16267,0,1779002100.0,EURUSD
1,2026-05-17 07:30:00,1.16267,1.16267,1.16267,1.16267,0,1779003000.0,EURUSD
1,2026-05-17 07:45:00,1.16267,1.16267,1.16267,1.16267,0,1779003900.0,EURUSD
1,2026-05-17 08:00:00,1.16267,1.16267,1.16267,1.16267,0,1779004800.0,EURUSD
1,2026-05-17 08:15:00,1.16267,1.16267,1.16267,1.16267,0,1779005700.0,EURUSD
1,2026-05-17 08:30:00,1.16267,1.16267,1.16267,1.16267,0,1779006600.0,EURUSD
1,2026-05-17 08:45:00,1.16267,1.16267,1.16267,1.16267,0,1779007500.0,EURUSD
1,2026-05-17 09:00:00,1.16267,1.16267,1.16267,1.16267,0,1779008400.0,EURUSD
1,2026-05-17 09:15:00,1.16267,1.16267,1.16267,1.16267,0,1779009300.0,EURUSD
1,2026-05-17 09:30:00,1.16267,1.16267,1.16267,1.16267,0,1779010200.0,EURUSD
1,2026-05-17 09:45:00,1.16267,1.16267,1.16267,1.16267,0,1779011100.0,EURUSD
1,2026-05-17 10:00:00,1.16267,1.16267,1.16267,1.16267,0,1779012000.0,EURUSD
1,2026-05-17 10:15:00,1.16267,1.16267,1.16267,1.16267,0,1779012900.0,EURUSD
1,2026-05-17 10:30:00,1.16267,1.16267,1.16267,1.16267,0,1779013800.0,EURUSD
1,2026-05-17 10:45:00,1.16267,1.16267,1.16267,1.16267,0,1779014700.0,EURUSD
1,2026-05-17 11:00:00,1.16267,1.16267,1.16267,1.16267,0,1779015600.0,EURUSD
1,2026-05-17 11:15:00,1.16267,1.16267,1.16267,1.16267,0,1779016500.0,EURUSD
1,2026-05-17 11:30:00,1.16267,1.16267,1.16267,1.16267,0,1779017400.0,EURUSD
1,2026-05-17 11:45:00,1.16267,1.16267,1.16267,1.16267,0,1779018300.0,EURUSD
1,2026-05-17 12:00:00,1.16267,1.16267,1.16267,1.16267,0,1779019200.0,EURUSD
1,2026-05-17 12:15:00,1.16267,1.16267,1.16267,1.16267,0,1779020100.0,EURUSD
1,2026-05-17 12:30:00,1.16267,1.16267,1.16267,1.16267,0,1779021000.0,EURUSD
1,2026-05-17 12:45:00,1.16267,1.16267,1.16267,1.16267,0,1779021900.0,EURUSD
1,2026-05-17 13:00:00,1.16267,1.16267,1.16267,1.16267,0,1779022800.0,EURUSD
1,2026-05-17 13:15:00,1.16267,1.16267,1.16267,1.16267,0,1779023700.0,EURUSD
1,2026-05-17 13:30:00,1.16267,1.16267,1.16267,1.16267,0,1779024600.0,EURUSD
1,2026-05-17 13:45:00,1.16267,1.16267,1.16267,1.16267,0,1779025500.0,EURUSD
1,2026-05-17 14:00:00,1.16267,1.16267,1.16267,1.16267,0,1779026400.0,EURUSD
1,2026-05-17 14:15:00,1.16267,1.16267,1.16267,1.16267,0,1779027300.0,EURUSD
1,2026-05-17 14:30:00,1.16267,1.16267,1.16267,1.16267,0,1779028200.0,EURUSD
1,2026-05-17 14:45:00,1.16267,1.16267,1.16267,1.16267,0,1779029100.0,EURUSD
1,2026-05-17 15:00:00,1.16267,1.16267,1.16267,1.16267,0,1779030000.0,EURUSD
1,2026-05-17 15:15:00,1.16267,1.16267,1.16267,1.16267,0,1779030900.0,EURUSD
1,2026-05-17 15:30:00,1.16267,1.16267,1.16267,1.16267,0,1779031800.0,EURUSD
1,2026-05-17 15:45:00,1.16267,1.16267,1.16267,1.16267,0,1779032700.0,EURUSD
1,2026-05-17 16:00:00,1.16267,1.16267,1.16267,1.16267,0,1779033600.0,EURUSD
1,2026-05-17 16:15:00,1.16267,1.16267,1.16267,1.16267,0,1779034500.0,EURUSD
1,2026-05-17 16:30:00,1.16267,1.16267,1.16267,1.16267,0,1779035400.0,EURUSD
1,2026-05-17 16:45:00,1.16267,1.16267,1.16267,1.16267,0,1779036300.0,EURUSD
1,2026-05-17 17:00:00,1.16267,1.16267,1.16267,1.16267,0,1779037200.0,EURUSD
1,2026-05-17 17:15:00,1.16267,1.16267,1.16267,1.16267,0,1779038100.0,EURUSD
1,2026-05-17 17:30:00,1.16267,1.16267,1.16267,1.16267,0,1779039000.0,EURUSD
1,2026-05-17 17:45:00,1.16267,1.16267,1.16267,1.16267,0,1779039900.0,EURUSD
1,2026-05-17 18:00:00,1.16267,1.16267,1.16267,1.16267,0,1779040800.0,EURUSD
1,2026-05-17 18:15:00,1.16267,1.16267,1.16267,1.16267,0,1779041700.0,EURUSD
1,2026-05-17 18:30:00,1.16267,1.16267,1.16267,1.16267,0,1779042600.0,EURUSD
1,2026-05-17 18:45:00,1.16267,1.16267,1.16267,1.16267,0,1779043500.0,EURUSD
1,2026-05-17 19:00:00,1.16267,1.16267,1.16267,1.16267,0,1779044400.0,EURUSD
1,2026-05-17 19:15:00,1.16267,1.16267,1.16267,1.16267,0,1779045300.0,EURUSD
1,2026-05-17 19:30:00,1.16267,1.16267,1.16267,1.16267,0,1779046200.0,EURUSD
1,2026-05-17 19:45:00,1.16267,1.16267,1.16267,1.16267,0,1779047100.0,EURUSD
1,2026-05-17 20:00:00,1.16267,1.16267,1.16267,1.16267,0,1779048000.0,EURUSD
1,2026-05-17 20:15:00,1.16267,1.16267,1.16267,1.16267,0,1779048900.0,EURUSD
1,2026-05-17 20:30:00,1.16267,1.16267,1.16267,1.16267,0,1779049800.0,EURUSD
1,2026-05-17 20:45:00,1.16267,1.16267,1.16267,1.16267,0,1779050700.0,EURUSD
1,2026-05-17 21:00:00,1.16239,1.16206,1.16239,1.16201,829,1779052499.04,EURUSD
1,2026-05-17 21:15:00,1.16206,1.16212,1.16232,1.16206,878,1779053399.032,EURUSD
1,2026-05-17 21:30:00,1.16212,1.16192,1.16214,1.16192,897,1779054299.033,EURUSD
1,2026-05-17 21:45:00,1.16192,1.16225,1.16234,1.16192,964,1779055199.017,EURUSD
1,2026-05-17 22:00:00,1.16225,1.16231,1.16247,1.16215,1267,1779056099.397,EURUSD
1,2026-05-17 22:15:00,1.16231,1.16209,1.16241,1.16209,1112,1779056999.092,EURUSD
1,2026-05-17 22:30:00,1.16209,1.16236,1.1624,1.16206,1154,1779057899.092,EURUSD
1,2026-05-17 22:45:00,1.16236,1.1623,1.16237,1.16225,972,1779058799.093,EURUSD
1,2026-05-17 23:00:00,1.1623,1.16211,1.16237,1.16203,1160,1779059698.094,EURUSD
1,2026-05-17 23:15:00,1.16211,1.16197,1.16219,1.16192,1153,1779060599.093,EURUSD
1,2026-05-17 23:30:00,1.16197,1.16146,1.16197,1.16119,1373,1779061499.794,EURUSD
1,2026-05-17 23:45:00,1.16146,1.16136,1.1615,1.16123,1511,1779062399.094,EURUSD
1,2026-05-18 00:00:00,1.16136,1.16156,1.16212,1.16134,2075,1779063299.192,EURUSD
1,2026-05-18 00:15:00,1.16156,1.16151,1.16177,1.16141,1827,1779064199.716,EURUSD
1,2026-05-18 00:30:00,1.16151,1.16106,1.16161,1.16105,1966,1779065099.0,EURUSD
1,2026-05-18 00:45:00,1.16106,1.16117,1.16128,1.16083,1857,1779065999.923,EURUSD
1,2026-05-18 01:00:00,1.16117,1.16113,1.16137,1.16085,1919,1779066899.001,EURUSD
1,2026-05-18 01:15:00,1.16113,1.16129,1.16141,1.161,2121,1779067799.001,EURUSD
1,2026-05-18 01:30:00,1.16129,1.16145,1.16166,1.16124,2002,1779068699.093,EURUSD
1,2026-05-18 01:45:00,1.16145,1.16175,1.16189,1.16124,1666,1779069599.094,EURUSD
1,2026-05-18 02:00:00,1.16175,1.16166,1.16175,1.16132,1745,1779070499.093,EURUSD
1,2026-05-18 02:15:00,1.16166,1.16179,1.16185,1.16159,1416,1779071399.001,EURUSD
1,2026-05-18 02:30:00,1.16179,1.16169,1.16197,1.16159,1319,1779072299.71,EURUSD
1,2026-05-18 02:45:00,1.16169,1.16156,1.16177,1.16139,1358,1779073199.792,EURUSD
1,2026-05-18 03:00:00,1.16155,1.16175,1.16177,1.16155,1303,1779074099.007,EURUSD
1,2026-05-18 03:15:00,1.16175,1.16202,1.16207,1.16169,1318,1779074999.018,EURUSD
1,2026-05-18 03:30:00,1.16202,1.16216,1.16216,1.16181,1443,1779075899.003,EURUSD
1,2026-05-18 03:45:00,1.16216,1.1622,1.16227,1.16205,1308,1779076799.093,EURUSD
1,2026-05-18 04:00:00,1.16219,1.16257,1.16263,1.16216,1376,1779077699.695,EURUSD
1,2026-05-18 04:15:00,1.16257,1.16214,1.16261,1.16209,1308,1779078598.011,EURUSD
1,2026-05-18 04:30:00,1.16214,1.16221,1.16233,1.16209,1364,1779079499.094,EURUSD
1,2026-05-18 04:45:00,1.16221,1.16207,1.16229,1.16192,1374,1779080399.33,EURUSD
1,2026-05-18 05:00:00,1.16207,1.16186,1.1622,1.16182,1545,1779081299.093,EURUSD
1,2026-05-18 05:15:00,1.16186,1.16202,1.1621,1.16168,1411,1779082199.693,EURUSD
1,2026-05-18 05:30:00,1.16202,1.16203,1.16221,1.16186,1458,1779083099.0,EURUSD
1,2026-05-18 05:45:00,1.16203,1.16233,1.16233,1.16199,1533,1779083999.093,EURUSD
1,2026-05-18 06:00:00,1.16233,1.16281,1.16282,1.1622,1750,1779084899.004,EURUSD
1,2026-05-18 06:15:00,1.16281,1.16307,1.16338,1.16281,1840,1779085799.994,EURUSD
1,2026-05-18 06:30:00,1.16308,1.16351,1.16363,1.16301,1805,1779086699.006,EURUSD
1,2026-05-18 06:45:00,1.16351,1.16358,1.16366,1.1634,1787,1779087599.293,EURUSD
1,2026-05-18 07:00:00,1.16358,1.16329,1.16368,1.16316,1710,1779088499.006,EURUSD
1,2026-05-18 07:15:00,1.16329,1.16371,1.16396,1.16318,2108,1779089399.041,EURUSD
1,2026-05-18 07:30:00,1.16371,1.16361,1.16403,1.16354,2057,1779090299.932,EURUSD
1,2026-05-18 07:45:00,1.1636,1.16321,1.16366,1.16315,1991,1779091199.006,EURUSD
1,2026-05-18 08:00:00,1.16321,1.16335,1.16338,1.1629,1772,1779092099.994,EURUSD
1,2026-05-18 08:15:00,1.16335,1.16378,1.16378,1.16334,1866,1779092999.039,EURUSD
1,2026-05-18 08:30:00,1.1638,1.16379,1.16452,1.1637,1803,1779093899.013,EURUSD
1,2026-05-18 08:45:00,1.16379,1.16416,1.16453,1.16379,1889,1779094799.294,EURUSD
1,2026-05-18 09:00:00,1.16415,1.16386,1.16427,1.16376,1885,1779095699.993,EURUSD
1,2026-05-18 09:15:00,1.16386,1.16397,1.164,1.16375,1520,1779096599.092,EURUSD
1,2026-05-18 09:30:00,1.16397,1.16387,1.16412,1.16378,1615,1779097499.091,EURUSD
1,2026-05-18 09:45:00,1.16387,1.16351,1.16392,1.16351,1604,1779098399.994,EURUSD
1,2026-05-18 10:00:00,1.16351,1.16355,1.16369,1.16322,1635,1779099299.096,EURUSD
1,2026-05-18 10:15:00,1.16355,1.16362,1.16364,1.16338,1516,1779100199.095,EURUSD
1,2026-05-18 10:30:00,1.16362,1.16342,1.16365,1.16322,1542,1779101099.995,EURUSD
1,2026-05-18 10:45:00,1.16342,1.16269,1.16345,1.16263,1510,1779101999.993,EURUSD
1,2026-05-18 11:00:00,1.16269,1.16297,1.16309,1.16266,1789,1779102899.011,EURUSD
1,2026-05-18 11:15:00,1.16297,1.16308,1.16335,1.16284,1562,1779103799.894,EURUSD
1,2026-05-18 11:30:00,1.16308,1.16492,1.16497,1.16304,3204,1779104699.92,EURUSD
1,2026-05-18 11:45:00,1.16491,1.16417,1.16495,1.16386,2567,1779105599.02,EURUSD
1,2026-05-18 12:00:00,1.16417,1.16476,1.16492,1.1641,2146,1779106499.0,EURUSD
1,2026-05-18 12:15:00,1.16476,1.16465,1.16476,1.16428,2149,1779107399.995,EURUSD
1,2026-05-18 12:30:00,1.16465,1.16537,1.16546,1.16458,2966,1779108299.992,EURUSD
1,2026-05-18 12:45:00,1.16536,1.16514,1.16575,1.16488,2791,1779109199.015,EURUSD
1,2026-05-18 13:00:00,1.16514,1.16504,1.16539,1.16468,2793,1779110099.029,EURUSD
1,2026-05-18 13:15:00,1.16504,1.16498,1.16504,1.16453,2124,1779110999.995,EURUSD
1,2026-05-18 13:30:00,1.16498,1.16466,1.16505,1.16439,2767,1779111899.813,EURUSD
1,2026-05-18 13:45:00,1.16466,1.16512,1.16561,1.16463,3210,1779112799.394,EURUSD
1,2026-05-18 14:00:00,1.16512,1.16456,1.16534,1.1643,3017,1779113699.793,EURUSD
1,2026-05-18 14:15:00,1.16456,1.16456,1.16473,1.16419,2724,1779114599.91,EURUSD
1,2026-05-18 14:30:00,1.16455,1.16429,1.16476,1.16414,2514,1779115499.192,EURUSD
1,2026-05-18 14:45:00,1.16429,1.16419,1.16471,1.16419,2377,1779116399.992,EURUSD
1,2026-05-18 15:00:00,1.16419,1.16396,1.16423,1.16334,3280,1779117299.025,EURUSD
1,2026-05-18 15:15:00,1.16395,1.16405,1.16427,1.16367,2495,1779118199.939,EURUSD
1,2026-05-18 15:30:00,1.16406,1.16474,1.16492,1.16388,2361,1779119098.794,EURUSD
1,2026-05-18 15:45:00,1.16474,1.16485,1.16531,1.16453,2409,1779119999.893,EURUSD
1,2026-05-18 16:00:00,1.16485,1.16542,1.16542,1.1644,2224,1779120899.039,EURUSD
1,2026-05-18 16:15:00,1.16542,1.16497,1.16562,1.16487,2554,1779121799.994,EURUSD
1,2026-05-18 16:30:00,1.16497,1.16507,1.16541,1.16481,2084,1779122699.795,EURUSD
1,2026-05-18 16:45:00,1.16506,1.16515,1.16545,1.16505,1747,1779123599.093,EURUSD
1,2026-05-18 17:00:00,1.16515,1.165,1.16532,1.16497,1970,1779124499.908,EURUSD
1,2026-05-18 17:15:00,1.16499,1.16515,1.16535,1.16494,1612,1779125399.092,EURUSD
1,2026-05-18 17:30:00,1.16515,1.16517,1.16534,1.16499,1547,1779126299.091,EURUSD
1,2026-05-18 17:45:00,1.16517,1.16481,1.16521,1.1648,1471,1779127199.318,EURUSD
1,2026-05-18 18:00:00,1.16481,1.16458,1.1649,1.16451,1885,1779128099.792,EURUSD
1,2026-05-18 18:15:00,1.16458,1.16389,1.16458,1.16368,2136,1779128999.894,EURUSD
1,2026-05-18 18:30:00,1.1639,1.16372,1.16399,1.16356,1986,1779129899.894,EURUSD
1,2026-05-18 18:45:00,1.16372,1.16294,1.16373,1.16287,1788,1779130799.995,EURUSD
1,2026-05-18 19:00:00,1.16293,1.16461,1.16566,1.16292,4074,1779131699.025,EURUSD
1,2026-05-18 19:15:00,1.16461,1.16476,1.16512,1.16445,2329,1779132599.093,EURUSD
1,2026-05-18 19:30:00,1.16476,1.16518,1.16526,1.16473,1959,1779133499.494,EURUSD
1,2026-05-18 19:45:00,1.16517,1.16511,1.16555,1.16509,2052,1779134399.894,EURUSD
1,2026-05-18 20:00:00,1.16511,1.16573,1.16576,1.16511,1379,1779135299.095,EURUSD
1,2026-05-18 20:15:00,1.16573,1.16593,1.16609,1.16573,1195,1779136199.009,EURUSD
1,2026-05-18 20:30:00,1.16593,1.16578,1.16594,1.16548,1244,1779137099.093,EURUSD
1,2026-05-18 20:45:00,1.16578,1.16569,1.16578,1.16546,1250,1779137999.908,EURUSD
1,2026-05-18 21:00:00,1.1657,1.16536,1.16582,1.16527,898,1779138899.042,EURUSD
1,2026-05-18 21:15:00,1.16536,1.16539,1.16539,1.16532,893,1779139799.001,EURUSD
1,2026-05-18 21:30:00,1.16539,1.16582,1.16586,1.16534,993,1779140699.022,EURUSD
1,2026-05-18 21:45:00,1.16582,1.16599,1.1661,1.16582,968,1779141599.032,EURUSD
1,2026-05-18 22:00:00,1.16599,1.16597,1.16623,1.16591,1076,1779142499.02,EURUSD
1,2026-05-18 22:15:00,1.16597,1.16593,1.16602,1.16587,962,1779143399.294,EURUSD
1,2026-05-18 22:30:00,1.16593,1.16589,1.16605,1.16586,1056,1779144299.014,EURUSD
1,2026-05-18 22:45:00,1.16589,1.1658,1.1659,1.16578,969,1779145199.029,EURUSD
1,2026-05-18 23:00:00,1.1658,1.16568,1.16586,1.16567,1001,1779146099.022,EURUSD
1,2026-05-18 23:15:00,1.16568,1.16582,1.16584,1.16562,1117,1779146999.018,EURUSD
1,2026-05-18 23:30:00,1.16582,1.16578,1.16586,1.16559,1212,1779147899.037,EURUSD
1,2026-05-18 23:45:00,1.16578,1.16548,1.16578,1.16546,1066,1779148799.091,EURUSD
1,2026-05-19 00:00:00,1.16548,1.16509,1.1656,1.16496,1958,1779149699.493,EURUSD
1,2026-05-19 00:15:00,1.16509,1.16507,1.16541,1.16491,1651,1779150599.996,EURUSD
1,2026-05-19 00:30:00,1.16507,1.16458,1.1651,1.16451,1587,1779151499.093,EURUSD
1,2026-05-19 00:45:00,1.16458,1.16444,1.16466,1.16439,1452,1779152399.043,EURUSD
1,2026-05-19 01:00:00,1.16444,1.1645,1.16462,1.16431,1710,1779153299.018,EURUSD
1,2026-05-19 01:15:00,1.1645,1.16464,1.16473,1.16439,1571,1779154199.192,EURUSD
1,2026-05-19 01:30:00,1.16464,1.16522,1.16527,1.16444,1697,1779155098.011,EURUSD
1,2026-05-19 01:45:00,1.16522,1.16464,1.16524,1.16463,1578,1779155999.293,EURUSD
1,2026-05-19 02:00:00,1.16464,1.16433,1.16464,1.1641,1676,1779156899.394,EURUSD
1,2026-05-19 02:15:00,1.16433,1.1645,1.16471,1.1642,1575,1779157799.893,EURUSD
1,2026-05-19 02:30:00,1.1645,1.16446,1.16467,1.16435,1628,1779158699.492,EURUSD
1,2026-05-19 02:45:00,1.16446,1.16433,1.16457,1.16416,1480,1779159599.04,EURUSD
1,2026-05-19 03:00:00,1.16433,1.16429,1.16437,1.16406,1518,1779160499.094,EURUSD
1,2026-05-19 03:15:00,1.16429,1.16448,1.16458,1.16424,1402,1779161399.221,EURUSD
1,2026-05-19 03:30:00,1.16448,1.16437,1.16453,1.16437,1338,1779162299.001,EURUSD
1,2026-05-19 03:45:00,1.16437,1.16412,1.16438,1.16411,1355,1779163199.033,EURUSD
1,2026-05-19 04:00:00,1.16412,1.16424,1.16431,1.16405,1256,1779164099.194,EURUSD
1,2026-05-19 04:15:00,1.16424,1.16411,1.16432,1.16406,1217,1779164999.093,EURUSD
1,2026-05-19 04:30:00,1.16411,1.16376,1.16424,1.16375,1326,1779165899.033,EURUSD
1,2026-05-19 04:45:00,1.16377,1.16366,1.16385,1.16353,1170,1779166799.092,EURUSD
1,2026-05-19 05:00:00,1.16366,1.16387,1.16397,1.16354,1297,1779167699.031,EURUSD
1,2026-05-19 05:15:00,1.16387,1.16356,1.1639,1.16336,1413,1779168599.793,EURUSD
1,2026-05-19 05:30:00,1.16356,1.16386,1.16394,1.16344,1466,1779169499.943,EURUSD
1,2026-05-19 05:45:00,1.16385,1.16421,1.16431,1.16379,1664,1779170399.595,EURUSD
1,2026-05-19 06:00:00,1.16421,1.16406,1.16427,1.16379,1942,1779171299.492,EURUSD
1,2026-05-19 06:15:00,1.16406,1.1643,1.16458,1.164,1736,1779172199.093,EURUSD
1,2026-05-19 06:30:00,1.1643,1.16423,1.16431,1.16385,1746,1779173099.233,EURUSD
1,2026-05-19 06:45:00,1.16423,1.16366,1.16426,1.1636,1804,1779173999.593,EURUSD
1,2026-05-19 07:00:00,1.16366,1.16343,1.16366,1.16308,2017,1779174899.817,EURUSD
1,2026-05-19 07:15:00,1.16343,1.16317,1.16348,1.16301,1731,1779175799.097,EURUSD
1,2026-05-19 07:30:00,1.16317,1.16311,1.16338,1.16305,1775,1779176699.015,EURUSD
1,2026-05-19 07:45:00,1.16311,1.16349,1.16376,1.16311,1974,1779177599.095,EURUSD
1,2026-05-19 08:00:00,1.16349,1.16281,1.16361,1.16262,1977,1779178499.193,EURUSD
1,2026-05-19 08:15:00,1.16281,1.16303,1.16324,1.16274,2089,1779179399.993,EURUSD
1,2026-05-19 08:30:00,1.16303,1.16274,1.16338,1.1626,1952,1779180299.015,EURUSD
1,2026-05-19 08:45:00,1.16274,1.16234,1.16284,1.16223,1862,1779181199.033,EURUSD
1,2026-05-19 09:00:00,1.16234,1.16175,1.16234,1.16164,1950,1779182099.015,EURUSD
1,2026-05-19 09:15:00,1.16175,1.1618,1.16196,1.16151,1816,1779182999.821,EURUSD
1,2026-05-19 09:30:00,1.16179,1.16182,1.16196,1.1615,1980,1779183899.094,EURUSD
1,2026-05-19 09:45:00,1.16182,1.16195,1.16206,1.16165,1872,1779184799.002,EURUSD
1,2026-05-19 10:00:00,1.16195,1.16254,1.16261,1.16186,1754,1779185699.028,EURUSD
1,2026-05-19 10:15:00,1.16254,1.16248,1.16267,1.16232,1660,1779186599.895,EURUSD
1,2026-05-19 10:30:00,1.16248,1.16126,1.16254,1.1611,2426,1779187499.823,EURUSD
1,2026-05-19 10:45:00,1.16126,1.16221,1.16236,1.16122,2287,1779188399.34,EURUSD
1,2026-05-19 11:00:00,1.16221,1.16185,1.16224,1.16181,2104,1779189299.005,EURUSD
1,2026-05-19 11:15:00,1.16184,1.16189,1.16203,1.1617,1756,1779190199.092,EURUSD
1,2026-05-19 11:30:00,1.16189,1.16217,1.16226,1.16189,1629,1779191099.033,EURUSD
1,2026-05-19 11:45:00,1.16217,1.16166,1.16223,1.16165,1816,1779191999.007,EURUSD
1,2026-05-19 12:00:00,1.16166,1.1622,1.16229,1.16151,2250,1779192899.093,EURUSD
1,2026-05-19 12:15:00,1.1622,1.16223,1.1624,1.16201,1847,1779193799.993,EURUSD
1,2026-05-19 12:30:00,1.16221,1.16182,1.16237,1.16168,2487,1779194699.893,EURUSD
1,2026-05-19 12:45:00,1.16183,1.16168,1.16219,1.1616,2295,1779195599.994,EURUSD
1,2026-05-19 13:00:00,1.16166,1.16147,1.1618,1.16117,2718,1779196499.995,EURUSD
1,2026-05-19 13:15:00,1.16147,1.16056,1.16153,1.16042,2660,1779197399.194,EURUSD
1,2026-05-19 13:30:00,1.16057,1.16094,1.16098,1.16016,3184,1779198299.898,EURUSD
1,2026-05-19 13:45:00,1.16094,1.16138,1.16157,1.16078,3240,1779199199.893,EURUSD
1,2026-05-19 14:00:00,1.16138,1.16053,1.16168,1.16053,3411,1779200099.002,EURUSD
1,2026-05-19 14:15:00,1.16053,1.16006,1.16066,1.15949,3226,1779200999.093,EURUSD
1,2026-05-19 14:30:00,1.16006,1.15962,1.16014,1.1595,3146,1779201899.137,EURUSD
1,2026-05-19 14:45:00,1.15962,1.15956,1.1601,1.15955,2944,1779202799.027,EURUSD
1,2026-05-19 15:00:00,1.15956,1.15949,1.15982,1.15922,2587,1779203699.992,EURUSD
1,2026-05-19 15:15:00,1.15949,1.1596,1.15983,1.15934,2483,1779204599.618,EURUSD
1,2026-05-19 15:30:00,1.1596,1.15999,1.16031,1.15947,2253,1779205499.393,EURUSD
1,2026-05-19 15:45:00,1.15999,1.16019,1.1603,1.15993,2026,1779206399.094,EURUSD
1,2026-05-19 16:00:00,1.16019,1.1599,1.16026,1.15958,2253,1779207299.094,EURUSD
1,2026-05-19 16:15:00,1.1599,1.16052,1.1606,1.15976,1951,1779208199.992,EURUSD
1,2026-05-19 16:30:00,1.16053,1.16085,1.16094,1.16038,2137,1779209099.195,EURUSD
1,2026-05-19 16:45:00,1.16085,1.16071,1.1609,1.16057,1679,1779209999.713,EURUSD
1,2026-05-19 17:00:00,1.16071,1.16118,1.16123,1.16066,1583,1779210899.293,EURUSD
1,2026-05-19 17:15:00,1.16117,1.16094,1.16121,1.16086,1569,1779211799.795,EURUSD
1,2026-05-19 17:30:00,1.16094,1.16103,1.16107,1.16073,1609,1779212699.007,EURUSD
1,2026-05-19 17:45:00,1.16103,1.16107,1.16117,1.16081,1677,1779213599.04,EURUSD
1,2026-05-19 18:00:00,1.16106,1.16124,1.16148,1.16105,1475,1779214499.011,EURUSD
1,2026-05-19 18:15:00,1.16124,1.16085,1.16128,1.16084,1586,1779215399.994,EURUSD
1,2026-05-19 18:30:00,1.16085,1.16094,1.16098,1.16065,1914,1779216299.393,EURUSD
1,2026-05-19 18:45:00,1.16092,1.16033,1.16093,1.16027,1851,1779217199.094,EURUSD
1,2026-05-19 19:00:00,1.16033,1.16054,1.16067,1.16026,1632,1779218099.005,EURUSD
1,2026-05-19 19:15:00,1.16054,1.16047,1.16063,1.16027,1529,1779218999.997,EURUSD
1,2026-05-19 19:30:00,1.16047,1.16078,1.1608,1.16038,1601,1779219899.494,EURUSD
1,2026-05-19 19:45:00,1.16078,1.16064,1.16078,1.16044,1525,1779220799.118,EURUSD
1,2026-05-19 20:00:00,1.16065,1.16044,1.16065,1.16034,1219,1779221699.025,EURUSD
1,2026-05-19 20:15:00,1.16044,1.16049,1.1605,1.16034,1090,1779222599.093,EURUSD
1,2026-05-19 20:30:00,1.16048,1.16053,1.1607,1.16048,1025,1779223499.032,EURUSD
1,2026-05-19 20:45:00,1.16053,1.16056,1.16067,1.16044,1206,1779224399.393,EURUSD
1,2026-05-19 21:00:00,1.16056,1.16051,1.16063,1.16007,915,1779225299.009,EURUSD
1,2026-05-19 21:15:00,1.16051,1.16077,1.16079,1.16041,919,1779226199.026,EURUSD
1,2026-05-19 21:30:00,1.16077,1.16074,1.1609,1.16073,975,1779227099.295,EURUSD
1,2026-05-19 21:45:00,1.16074,1.16081,1.16084,1.16068,910,1779227999.004,EURUSD
1,2026-05-19 22:00:00,1.16081,1.16071,1.16083,1.1606,1071,1779228899.095,EURUSD
1,2026-05-19 22:15:00,1.16071,1.1608,1.16085,1.16069,973,1779229799.001,EURUSD
1,2026-05-19 22:30:00,1.1608,1.1607,1.16088,1.16065,1016,1779230699.028,EURUSD
1,2026-05-19 22:45:00,1.1607,1.16087,1.1609,1.16067,1017,1779231599.009,EURUSD
1,2026-05-19 23:00:00,1.16088,1.16092,1.16092,1.16077,1005,1779232499.032,EURUSD
1,2026-05-19 23:15:00,1.16092,1.16104,1.16107,1.16092,972,1779233399.092,EURUSD
1,2026-05-19 23:30:00,1.16104,1.16114,1.1613,1.16099,1108,1779234299.003,EURUSD
1,2026-05-19 23:45:00,1.16114,1.16068,1.16115,1.16065,1165,1779235199.043,EURUSD
1,2026-05-20 00:00:00,1.16068,1.1605,1.1607,1.16033,1874,1779236099.094,EURUSD
1,2026-05-20 00:15:00,1.16049,1.16085,1.16104,1.16038,1734,1779236999.792,EURUSD
1,2026-05-20 00:30:00,1.16085,1.16045,1.16107,1.16038,1690,1779237899.216,EURUSD
1,2026-05-20 00:45:00,1.16045,1.16013,1.16061,1.16009,1715,1779238799.023,EURUSD
1,2026-05-20 01:00:00,1.16013,1.15988,1.16024,1.15983,1849,1779239699.515,EURUSD
1,2026-05-20 01:15:00,1.15988,1.15958,1.16006,1.15952,1782,1779240599.015,EURUSD
1,2026-05-20 01:30:00,1.15958,1.15955,1.15978,1.15936,1858,1779241499.007,EURUSD
1,2026-05-20 01:45:00,1.15955,1.15972,1.16029,1.15943,2188,1779242399.042,EURUSD
1,2026-05-20 02:00:00,1.15972,1.16002,1.16004,1.1597,1633,1779243299.043,EURUSD
1,2026-05-20 02:15:00,1.16002,1.15992,1.1603,1.15983,1555,1779244199.043,EURUSD
1,2026-05-20 02:30:00,1.15992,1.15976,1.15994,1.15944,1823,1779245099.0,EURUSD
1,2026-05-20 02:45:00,1.15976,1.15978,1.15996,1.1597,1555,1779245999.044,EURUSD
1,2026-05-20 03:00:00,1.15978,1.15976,1.15985,1.15955,1521,1779246899.395,EURUSD
1,2026-05-20 03:15:00,1.15976,1.16023,1.1603,1.15972,1542,1779247799.294,EURUSD
1,2026-05-20 03:30:00,1.16023,1.16049,1.16054,1.16012,1486,1779248699.093,EURUSD
1,2026-05-20 03:45:00,1.16049,1.16023,1.16055,1.16019,1352,1779249599.906,EURUSD
1,2026-05-20 04:00:00,1.16023,1.16051,1.16068,1.16023,1352,1779250499.032,EURUSD
1,2026-05-20 04:15:00,1.16051,1.16031,1.16051,1.1602,1307,1779251399.993,EURUSD
1,2026-05-20 04:30:00,1.16031,1.15986,1.16031,1.1597,1466,1779252299.392,EURUSD
1,2026-05-20 04:45:00,1.15986,1.15972,1.15997,1.15972,1414,1779253199.693,EURUSD
1,2026-05-20 05:00:00,1.15972,1.15986,1.16015,1.15971,1401,1779254099.034,EURUSD
1,2026-05-20 05:15:00,1.15986,1.15951,1.16009,1.15949,1496,1779254999.033,EURUSD
1,2026-05-20 05:30:00,1.15951,1.15958,1.15994,1.15949,1656,1779255899.094,EURUSD
1,2026-05-20 05:45:00,1.15958,1.15955,1.15959,1.15918,1545,1779256799.016,EURUSD
1,2026-05-20 06:00:00,1.15955,1.15983,1.15985,1.15931,1915,1779257699.293,EURUSD
1,2026-05-20 06:15:00,1.15984,1.16048,1.1606,1.15983,1968,1779258599.014,EURUSD
1,2026-05-20 06:30:00,1.16048,1.15997,1.1605,1.15981,1817,1779259499.093,EURUSD
1,2026-05-20 06:45:00,1.15997,1.15966,1.15999,1.15931,1816,1779260399.093,EURUSD
1,2026-05-20 07:00:00,1.15965,1.15985,1.16014,1.1595,1890,1779261299.696,EURUSD
1,2026-05-20 07:15:00,1.15985,1.15974,1.16003,1.15959,1847,1779262199.842,EURUSD
1,2026-05-20 07:30:00,1.15973,1.15942,1.1598,1.15942,1861,1779263099.008,EURUSD
1,2026-05-20 07:45:00,1.15942,1.15932,1.15949,1.15921,1717,1779263999.005,EURUSD
1,2026-05-20 08:00:00,1.15932,1.15877,1.15952,1.15871,1962,1779264899.005,EURUSD
1,2026-05-20 08:15:00,1.15877,1.15889,1.15898,1.15834,1879,1779265799.997,EURUSD
1,2026-05-20 08:30:00,1.1589,1.15934,1.15944,1.15878,1976,1779266699.793,EURUSD
1,2026-05-20 08:45:00,1.15934,1.15903,1.15944,1.15901,1788,1779267599.993,EURUSD
1,2026-05-20 09:00:00,1.15903,1.15931,1.15946,1.15898,1749,1779268499.593,EURUSD
1,2026-05-20 09:15:00,1.15931,1.15914,1.15946,1.15902,1560,1779269399.433,EURUSD
1,2026-05-20 09:30:00,1.15915,1.15911,1.15929,1.15909,1406,1779270299.018,EURUSD
1,2026-05-20 09:45:00,1.15911,1.15881,1.15922,1.15881,1466,1779271199.015,EURUSD
1,2026-05-20 10:00:00,1.15881,1.1593,1.15936,1.15874,1595,1779272099.323,EURUSD
1,2026-05-20 10:15:00,1.1593,1.1595,1.15967,1.15922,1538,1779272999.536,EURUSD
1,2026-05-20 10:30:00,1.1595,1.16004,1.16026,1.15943,1763,1779273899.021,EURUSD
1,2026-05-20 10:45:00,1.16004,1.1601,1.16029,1.15997,1456,1779274799.793,EURUSD
1,2026-05-20 11:00:00,1.16011,1.15981,1.16011,1.15963,1536,1779275699.108,EURUSD
1,2026-05-20 11:15:00,1.15981,1.16023,1.16024,1.15963,1519,1779276599.693,EURUSD
1,2026-05-20 11:30:00,1.16023,1.1602,1.16056,1.16012,1585,1779277499.693,EURUSD
1,2026-05-20 11:45:00,1.1602,1.16009,1.16034,1.1598,1788,1779278399.001,EURUSD
1,2026-05-20 12:00:00,1.16009,1.16017,1.16044,1.15992,1865,1779279299.094,EURUSD
1,2026-05-20 12:15:00,1.16017,1.15989,1.16027,1.15958,1917,1779280199.095,EURUSD
1,2026-05-20 12:30:00,1.15989,1.15986,1.16017,1.15965,1999,1779281099.993,EURUSD
1,2026-05-20 12:45:00,1.15986,1.15953,1.16,1.15938,1705,1779281999.039,EURUSD
1,2026-05-20 13:00:00,1.15953,1.15932,1.15956,1.15921,1812,1779282899.028,EURUSD
1,2026-05-20 13:15:00,1.15932,1.15909,1.15939,1.15904,1721,1779283799.013,EURUSD
1,2026-05-20 13:30:00,1.15909,1.15929,1.15936,1.15894,2116,1779284699.838,EURUSD
1,2026-05-20 13:45:00,1.15929,1.15911,1.15972,1.1589,2570,1779285599.044,EURUSD
1,2026-05-20 14:00:00,1.15911,1.15886,1.15912,1.15827,2741,1779286499.943,EURUSD
1,2026-05-20 14:15:00,1.15886,1.16132,1.16203,1.15886,5298,1779287399.794,EURUSD
1,2026-05-20 14:30:00,1.16131,1.16168,1.16241,1.16115,3985,1779288299.903,EURUSD
1,2026-05-20 14:45:00,1.16168,1.16182,1.16241,1.16158,3507,1779289199.042,EURUSD
1,2026-05-20 15:00:00,1.16182,1.16148,1.16229,1.16131,2858,1779290099.043,EURUSD
1,2026-05-20 15:15:00,1.16148,1.16252,1.16453,1.16146,5129,1779290999.994,EURUSD
1,2026-05-20 15:30:00,1.16252,1.1627,1.16347,1.1625,3057,1779291899.794,EURUSD
1,2026-05-20 15:45:00,1.1627,1.16192,1.16291,1.16172,2817,1779292799.291,EURUSD
1,2026-05-20 16:00:00,1.16192,1.16287,1.16307,1.16187,2073,1779293699.609,EURUSD
1,2026-05-20 16:15:00,1.16287,1.16239,1.16308,1.16216,2450,1779294599.999,EURUSD
1,2026-05-20 16:30:00,1.1624,1.16277,1.16277,1.16198,2331,1779295499.916,EURUSD
1,2026-05-20 16:45:00,1.16276,1.16256,1.16303,1.16226,2403,1779296399.494,EURUSD
1,2026-05-20 17:00:00,1.16256,1.16239,1.16265,1.16186,2318,1779297299.022,EURUSD
1,2026-05-20 17:15:00,1.16239,1.16246,1.16259,1.16214,2048,1779298199.592,EURUSD
1,2026-05-20 17:30:00,1.16246,1.162,1.1627,1.162,1967,1779299099.092,EURUSD
1,2026-05-20 17:45:00,1.162,1.16187,1.1623,1.16182,1727,1779299999.994,EURUSD
1,2026-05-20 18:00:00,1.16187,1.16237,1.1624,1.1616,2010,1779300899.994,EURUSD
1,2026-05-20 18:15:00,1.16237,1.16278,1.16279,1.16231,1879,1779301799.593,EURUSD
1,2026-05-20 18:30:00,1.16278,1.1627,1.16329,1.16268,1632,1779302699.998,EURUSD
1,2026-05-20 18:45:00,1.16272,1.16309,1.16358,1.16267,1747,1779303599.338,EURUSD
1,2026-05-20 19:00:00,1.1631,1.16303,1.16342,1.16297,1545,1779304499.0,EURUSD
1,2026-05-20 19:15:00,1.16303,1.16326,1.16329,1.16301,1335,1779305399.093,EURUSD
1,2026-05-20 19:30:00,1.16326,1.16309,1.16355,1.16303,1610,1779306299.718,EURUSD
1,2026-05-20 19:45:00,1.16309,1.16279,1.16326,1.16276,1745,1779307199.894,EURUSD
1,2026-05-20 20:00:00,1.16278,1.16281,1.16284,1.16268,1246,1779308099.015,EURUSD
1,2026-05-20 20:15:00,1.16281,1.16271,1.16284,1.16261,1465,1779308999.001,EURUSD
1,2026-05-20 20:30:00,1.16271,1.16241,1.16275,1.1624,1177,1779309899.015,EURUSD
1,2026-05-20 20:45:00,1.16241,1.1623,1.16267,1.1623,1268,1779310799.493,EURUSD
1,2026-05-20 21:00:00,1.1623,1.16261,1.16261,1.1623,931,1779311699.009,EURUSD
1,2026-05-20 21:15:00,1.16261,1.16257,1.16267,1.16241,1067,1779312599.039,EURUSD
1,2026-05-20 21:30:00,1.16257,1.1626,1.16275,1.16251,1120,1779313499.032,EURUSD
1,2026-05-20 21:45:00,1.1626,1.16248,1.16267,1.16244,957,1779314399.043,EURUSD
1,2026-05-20 22:00:00,1.16248,1.1628,1.16281,1.16243,1116,1779315298.093,EURUSD
1,2026-05-20 22:15:00,1.1628,1.16264,1.1628,1.16258,1047,1779316199.093,EURUSD
1,2026-05-20 22:30:00,1.16264,1.1627,1.16271,1.16254,1010,1779317099.015,EURUSD
1,2026-05-20 22:45:00,1.1627,1.16263,1.16271,1.1626,981,1779317999.024,EURUSD
1,2026-05-20 23:00:00,1.16263,1.16263,1.16275,1.16259,1014,1779318899.092,EURUSD
1,2026-05-20 23:15:00,1.16263,1.16247,1.16265,1.16237,974,1779319799.013,EURUSD
1,2026-05-20 23:30:00,1.16247,1.16233,1.16247,1.1623,971,1779320699.013,EURUSD
1,2026-05-20 23:45:00,1.16233,1.16248,1.16272,1.16231,1145,1779321599.295,EURUSD
1,2026-05-21 00:00:00,1.16248,1.16258,1.16265,1.16228,1691,1779322499.793,EURUSD
1,2026-05-21 00:15:00,1.16258,1.16264,1.16275,1.16221,1550,1779323399.04,EURUSD
1,2026-05-21 00:30:00,1.16264,1.16265,1.1627,1.16246,1360,1779324299.037,EURUSD
1,2026-05-21 00:45:00,1.16265,1.16285,1.16291,1.16263,1477,1779325199.393,EURUSD
1,2026-05-21 01:00:00,1.16285,1.16332,1.16346,1.16285,1389,1779326099.092,EURUSD
1,2026-05-21 01:15:00,1.16332,1.16331,1.16354,1.16324,1343,1779326999.694,EURUSD
1,2026-05-21 01:30:00,1.16331,1.16312,1.16346,1.163,1836,1779327899.0,EURUSD
1,2026-05-21 01:45:00,1.16312,1.16261,1.16315,1.16228,1818,1779328799.094,EURUSD
1,2026-05-21 02:00:00,1.16261,1.16254,1.16286,1.16251,1538,1779329699.794,EURUSD
1,2026-05-21 02:15:00,1.16254,1.16213,1.16257,1.16209,1477,1779330599.393,EURUSD
1,2026-05-21 02:30:00,1.16213,1.162,1.16224,1.16183,1485,1779331499.094,EURUSD
1,2026-05-21 02:45:00,1.162,1.16177,1.16203,1.16158,1473,1779332399.093,EURUSD
1,2026-05-21 03:00:00,1.16178,1.1619,1.16209,1.16175,1323,1779333299.094,EURUSD
1,2026-05-21 03:15:00,1.1619,1.16204,1.16227,1.16183,1261,1779334199.992,EURUSD
1,2026-05-21 03:30:00,1.16204,1.1621,1.16216,1.16182,1327,1779335099.04,EURUSD
1,2026-05-21 03:45:00,1.1621,1.16191,1.16216,1.16186,1272,1779335999.092,EURUSD
1,2026-05-21 04:00:00,1.16191,1.16209,1.16212,1.16183,1220,1779336899.093,EURUSD
1,2026-05-21 04:15:00,1.16209,1.16212,1.16217,1.162,1094,1779337799.895,EURUSD
1,2026-05-21 04:30:00,1.16213,1.16215,1.16216,1.16202,1034,1779338699.031,EURUSD
1,2026-05-21 04:45:00,1.16215,1.16221,1.16236,1.16209,1141,1779339599.094,EURUSD
1,2026-05-21 05:00:00,1.16221,1.16217,1.16235,1.16214,1291,1779340499.592,EURUSD
1,2026-05-21 05:15:00,1.16217,1.16189,1.1622,1.16185,1237,1779341399.894,EURUSD
1,2026-05-21 05:30:00,1.1619,1.16207,1.16216,1.16187,1292,1779342299.092,EURUSD
1,2026-05-21 05:45:00,1.16207,1.16219,1.16223,1.1618,1533,1779343199.392,EURUSD
1,2026-05-21 06:00:00,1.16219,1.16257,1.16265,1.16213,1488,1779344099.025,EURUSD
1,2026-05-21 06:15:00,1.16257,1.1625,1.16268,1.162,1742,1779344999.992,EURUSD
1,2026-05-21 06:30:00,1.1625,1.1617,1.1626,1.16157,1627,1779345899.292,EURUSD
1,2026-05-21 06:45:00,1.1617,1.16202,1.16204,1.16163,1779,1779346799.038,EURUSD
1,2026-05-21 07:00:00,1.16202,1.16182,1.1621,1.16163,1813,1779347699.036,EURUSD
1,2026-05-21 07:15:00,1.16181,1.15971,1.16181,1.15942,3276,1779348599.693,EURUSD
1,2026-05-21 07:30:00,1.15972,1.16034,1.16041,1.15971,2574,1779349499.027,EURUSD
1,2026-05-21 07:45:00,1.16034,1.16076,1.1609,1.16033,1975,1779350399.693,EURUSD
1,2026-05-21 08:00:00,1.16077,1.16261,1.16262,1.16063,2416,1779351299.319,EURUSD
1,2026-05-21 08:15:00,1.16261,1.16338,1.16355,1.16244,2818,1779352199.894,EURUSD
1,2026-05-21 08:30:00,1.16336,1.1623,1.16336,1.16226,2345,1779353099.028,EURUSD
1,2026-05-21 08:45:00,1.1623,1.16236,1.16288,1.16213,2268,1779353999.794,EURUSD
1,2026-05-21 09:00:00,1.16236,1.16278,1.16289,1.16207,2247,1779354899.093,EURUSD
1,2026-05-21 09:15:00,1.16278,1.16318,1.16321,1.16269,1812,1779355799.019,EURUSD
1,2026-05-21 09:30:00,1.16318,1.16273,1.16335,1.16267,1895,1779356699.694,EURUSD
1,2026-05-21 09:45:00,1.16273,1.16274,1.16297,1.16259,1685,1779357599.993,EURUSD
1,2026-05-21 10:00:00,1.16274,1.16244,1.16304,1.16237,1691,1779358499.693,EURUSD
1,2026-05-21 10:15:00,1.16244,1.16133,1.16253,1.16087,2720,1779359399.408,EURUSD
1,2026-05-21 10:30:00,1.16134,1.16065,1.16136,1.15999,3252,1779360299.493,EURUSD
1,2026-05-21 10:45:00,1.16065,1.16074,1.16108,1.16037,2696,1779361199.094,EURUSD
1,2026-05-21 11:00:00,1.16074,1.16095,1.16124,1.16063,2181,1779362099.013,EURUSD
1,2026-05-21 11:15:00,1.16095,1.16129,1.1616,1.16086,2024,1779362999.035,EURUSD
1,2026-05-21 11:30:00,1.16129,1.16077,1.16145,1.16071,1702,1779363899.027,EURUSD
1,2026-05-21 11:45:00,1.16077,1.1599,1.16079,1.15959,1929,1779364799.095,EURUSD
1,2026-05-21 12:00:00,1.1599,1.15975,1.16034,1.15952,2166,1779365699.292,EURUSD
1,2026-05-21 12:15:00,1.15975,1.15948,1.15985,1.15934,1886,1779366599.918,EURUSD
1,2026-05-21 12:30:00,1.15948,1.16064,1.16065,1.15945,2774,1779367499.299,EURUSD
1,2026-05-21 12:45:00,1.16064,1.15973,1.16092,1.15972,2463,1779368399.093,EURUSD
1,2026-05-21 13:00:00,1.15973,1.15955,1.16,1.15929,2427,1779369299.092,EURUSD
1,2026-05-21 13:15:00,1.15955,1.15895,1.15959,1.15875,2233,1779370199.911,EURUSD
1,2026-05-21 13:30:00,1.15898,1.15782,1.15902,1.15763,2967,1779371099.406,EURUSD
1,2026-05-21 13:45:00,1.15782,1.15947,1.1601,1.1578,3696,1779371999.891,EURUSD
1,2026-05-21 14:00:00,1.15947,1.15928,1.15956,1.15882,3080,1779372899.994,EURUSD
1,2026-05-21 14:15:00,1.15928,1.15888,1.1594,1.15843,3109,1779373799.298,EURUSD
1,2026-05-21 14:30:00,1.15888,1.15903,1.15949,1.15861,2627,1779374699.017,EURUSD
1,2026-05-21 14:45:00,1.15903,1.15929,1.15966,1.15898,2659,1779375599.093,EURUSD
1,2026-05-21 15:00:00,1.15929,1.15878,1.15939,1.15822,3187,1779376499.693,EURUSD
1,2026-05-21 15:15:00,1.15878,1.15856,1.15894,1.15851,2554,1779377399.995,EURUSD
1,2026-05-21 15:30:00,1.15856,1.15833,1.15885,1.1583,2115,1779378299.905,EURUSD
1,2026-05-21 15:45:00,1.15833,1.15884,1.15891,1.15831,1882,1779379199.192,EURUSD
1,2026-05-21 16:00:00,1.15884,1.15884,1.15921,1.15845,2387,1779380099.021,EURUSD
1,2026-05-21 16:15:00,1.15884,1.15934,1.15936,1.15867,1815,1779380999.01,EURUSD
1,2026-05-21 16:30:00,1.15934,1.15953,1.15958,1.15924,1649,1779381899.043,EURUSD
1,2026-05-21 16:45:00,1.15953,1.15953,1.15965,1.15938,1724,1779382799.193,EURUSD
1,2026-05-21 17:00:00,1.15953,1.16019,1.16024,1.15928,2704,1779383699.794,EURUSD
1,2026-05-21 17:15:00,1.16019,1.16184,1.16203,1.16019,4255,1779384599.903,EURUSD
1,2026-05-21 17:30:00,1.16182,1.16234,1.16247,1.16146,2874,1779385499.793,EURUSD
1,2026-05-21 17:45:00,1.16234,1.16248,1.16302,1.16196,2554,1779386399.094,EURUSD
1,2026-05-21 18:00:00,1.16248,1.16227,1.16301,1.16189,2952,1779387299.731,EURUSD
1,2026-05-21 18:15:00,1.16227,1.16263,1.16278,1.16207,2078,1779388199.994,EURUSD
1,2026-05-21 18:30:00,1.16263,1.16247,1.16273,1.16236,1787,1779389099.992,EURUSD
1,2026-05-21 18:45:00,1.16247,1.16114,1.16255,1.16072,3375,1779389999.092,EURUSD
1,2026-05-21 19:00:00,1.16114,1.16149,1.16165,1.16097,2299,1779390899.19,EURUSD
1,2026-05-21 19:15:00,1.16149,1.16199,1.16209,1.16148,1553,1779391799.691,EURUSD
1,2026-05-21 19:30:00,1.162,1.16182,1.16241,1.16182,1667,1779392699.019,EURUSD
1,2026-05-21 19:45:00,1.16182,1.16213,1.16243,1.16142,2207,1779393599.695,EURUSD
1,2026-05-21 20:00:00,1.16214,1.16175,1.1623,1.16166,1455,1779394499.092,EURUSD
1,2026-05-21 20:15:00,1.16175,1.16185,1.16199,1.1616,1215,1779395399.091,EURUSD
1,2026-05-21 20:30:00,1.16185,1.16175,1.16187,1.1616,1066,1779396299.031,EURUSD
1,2026-05-21 20:45:00,1.16175,1.16191,1.16192,1.16165,1347,1779397199.893,EURUSD
1,2026-05-21 21:00:00,1.16192,1.16213,1.16218,1.16192,896,1779398099.039,EURUSD
1,2026-05-21 21:15:00,1.1621,1.16219,1.1622,1.1621,924,1779398999.039,EURUSD
1,2026-05-21 21:30:00,1.16219,1.16182,1.16219,1.16172,986,1779399899.015,EURUSD
1,2026-05-21 21:45:00,1.16182,1.16187,1.16195,1.16179,1013,1779400799.092,EURUSD
1,2026-05-21 22:00:00,1.16187,1.16165,1.16196,1.16153,966,1779401699.001,EURUSD
1,2026-05-21 22:15:00,1.16165,1.16169,1.16173,1.16162,943,1779402599.092,EURUSD
1,2026-05-21 22:30:00,1.16169,1.16186,1.1619,1.16168,1010,1779403499.092,EURUSD
1,2026-05-21 22:45:00,1.16186,1.16175,1.16191,1.16175,985,1779404399.091,EURUSD
1,2026-05-21 23:00:00,1.16175,1.1618,1.16186,1.16173,978,1779405299.015,EURUSD
1,2026-05-21 23:15:00,1.1618,1.16175,1.16181,1.1616,949,1779406199.092,EURUSD
1,2026-05-21 23:30:00,1.16175,1.1617,1.16175,1.16168,939,1779407099.09,EURUSD
1,2026-05-21 23:45:00,1.1617,1.16179,1.16191,1.16169,1044,1779407999.011,EURUSD
1,2026-05-22 00:00:00,1.16179,1.16139,1.1618,1.16135,1533,1779408899.092,EURUSD
1,2026-05-22 00:15:00,1.16139,1.16141,1.16151,1.16129,1258,1779409799.0,EURUSD
1,2026-05-22 00:30:00,1.16141,1.16149,1.16151,1.16124,1309,1779410699.021,EURUSD
1,2026-05-22 00:45:00,1.16149,1.16144,1.16162,1.16135,1358,1779411599.001,EURUSD
1,2026-05-22 01:00:00,1.16144,1.16145,1.16155,1.16125,1330,1779412499.038,EURUSD
1,2026-05-22 01:15:00,1.16145,1.16141,1.16159,1.16122,1329,1779413399.026,EURUSD
1,2026-05-22 01:30:00,1.16141,1.16139,1.16151,1.16123,1479,1779414299.791,EURUSD
1,2026-05-22 01:45:00,1.16139,1.161,1.16158,1.16099,1399,1779415199.091,EURUSD
1,2026-05-22 02:00:00,1.161,1.16108,1.16118,1.16097,1282,1779416098.895,EURUSD
1,2026-05-22 02:15:00,1.16108,1.16115,1.16121,1.16104,1220,1779416999.033,EURUSD
1,2026-05-22 02:30:00,1.16115,1.16135,1.16143,1.16114,1195,1779417899.031,EURUSD
1,2026-05-22 02:45:00,1.16135,1.16119,1.16143,1.161,1197,1779418799.003,EURUSD
1,2026-05-22 03:00:00,1.16119,1.16094,1.16131,1.16088,1139,1779419699.091,EURUSD
1,2026-05-22 03:15:00,1.16094,1.16104,1.16108,1.16087,1160,1779420599.021,EURUSD
1,2026-05-22 03:30:00,1.16104,1.16115,1.16117,1.16102,1143,1779421499.001,EURUSD
1,2026-05-22 03:45:00,1.16115,1.16121,1.16122,1.16105,1110,1779422399.017,EURUSD
1,2026-05-22 04:00:00,1.16121,1.16141,1.16143,1.16114,1060,1779423299.095,EURUSD
1,2026-05-22 04:15:00,1.16141,1.16135,1.16151,1.16132,991,1779424199.091,EURUSD
1,2026-05-22 04:30:00,1.16135,1.16135,1.16141,1.16129,970,1779425099.027,EURUSD
1,2026-05-22 04:45:00,1.16135,1.16153,1.16156,1.16133,1049,1779425999.036,EURUSD
1,2026-05-22 05:00:00,1.16153,1.16151,1.16169,1.16148,1124,1779426899.091,EURUSD
1,2026-05-22 05:15:00,1.16151,1.16146,1.16158,1.16144,1073,1779427799.594,EURUSD
1,2026-05-22 05:30:00,1.16146,1.16148,1.16155,1.16139,1086,1779428699.992,EURUSD
1,2026-05-22 05:45:00,1.16148,1.16093,1.16169,1.16072,1439,1779429599.895,EURUSD
1,2026-05-22 06:00:00,1.16093,1.16126,1.16145,1.16077,1631,1779430499.79,EURUSD
1,2026-05-22 06:15:00,1.16125,1.16124,1.16131,1.16094,1705,1779431399.691,EURUSD
1,2026-05-22 06:30:00,1.16124,1.16095,1.16126,1.16053,1699,1779432299.896,EURUSD
1,2026-05-22 06:45:00,1.16098,1.16099,1.16111,1.16059,1606,1779433199.893,EURUSD
1,2026-05-22 07:00:00,1.16099,1.16019,1.16099,1.16013,1603,1779434099.093,EURUSD
1,2026-05-22 07:15:00,1.1602,1.16085,1.16086,1.16019,1555,1779434999.022,EURUSD
1,2026-05-22 07:30:00,1.16085,1.16064,1.16085,1.16047,1824,1779435899.094,EURUSD
1,2026-05-22 07:45:00,1.16064,1.16085,1.16095,1.16052,1474,1779436799.004,EURUSD
1,2026-05-22 08:00:00,1.16084,1.16064,1.16106,1.1606,1471,1779437699.028,EURUSD
1,2026-05-22 08:15:00,1.16064,1.16114,1.16158,1.16063,1973,1779438599.926,EURUSD
1,2026-05-22 08:30:00,1.16114,1.16074,1.16124,1.16034,1996,1779439499.013,EURUSD
1,2026-05-22 08:45:00,1.16074,1.16078,1.16103,1.1606,1636,1779440399.034,EURUSD
1,2026-05-22 09:00:00,1.16078,1.15999,1.16081,1.15993,1831,1779441299.01,EURUSD
1,2026-05-22 09:15:00,1.15999,1.15992,1.1601,1.15962,1782,1779442199.991,EURUSD
1,2026-05-22 09:30:00,1.15993,1.16023,1.1604,1.15983,1594,1779443099.034,EURUSD
1,2026-05-22 09:45:00,1.16024,1.16043,1.16058,1.16024,1525,1779443999.0,EURUSD
1,2026-05-22 10:00:00,1.16043,1.16037,1.1608,1.16029,1498,1779444899.693,EURUSD
1,2026-05-22 10:15:00,1.16037,1.16003,1.16058,1.16002,1398,1779445799.026,EURUSD
1,2026-05-22 10:30:00,1.16003,1.15985,1.16014,1.15973,1484,1779446699.993,EURUSD
1,2026-05-22 10:45:00,1.15985,1.15975,1.15997,1.15952,1642,1779447599.497,EURUSD
1,2026-05-22 11:00:00,1.15975,1.15955,1.15977,1.15935,1570,1779448499.293,EURUSD
1,2026-05-22 11:15:00,1.15955,1.15941,1.15969,1.15937,1365,1779449399.0,EURUSD
1,2026-05-22 11:30:00,1.15941,1.1598,1.15986,1.15934,1357,1779450299.293,EURUSD
1,2026-05-22 11:45:00,1.1598,1.15965,1.16022,1.15956,1913,1779451199.092,EURUSD
1,2026-05-22 12:00:00,1.15965,1.16046,1.16068,1.15945,2474,1779452099.999,EURUSD
1,2026-05-22 12:15:00,1.16046,1.15985,1.16071,1.15965,2619,1779452999.092,EURUSD
1,2026-05-22 12:30:00,1.15985,1.16,1.16011,1.15977,1755,1779453899.594,EURUSD
1,2026-05-22 12:45:00,1.16,1.16044,1.16049,1.16,1628,1779454799.91,EURUSD
1,2026-05-22 13:00:00,1.16042,1.16128,1.16185,1.16039,2685,1779455699.395,EURUSD
1,2026-05-22 13:15:00,1.16128,1.1611,1.16141,1.16078,2063,1779456599.533,EURUSD
1,2026-05-22 13:30:00,1.16109,1.16043,1.16117,1.16027,2605,1779457499.493,EURUSD
1,2026-05-22 13:45:00,1.16041,1.16035,1.16058,1.15995,2117,1779458399.708,EURUSD
1,2026-05-22 14:00:00,1.16035,1.15899,1.16037,1.15892,3079,1779459299.74,EURUSD
1,2026-05-22 14:15:00,1.15899,1.15966,1.15966,1.15884,2265,1779460199.993,EURUSD
1,2026-05-22 14:30:00,1.15966,1.16009,1.16018,1.15956,2227,1779461099.795,EURUSD
1,2026-05-22 14:45:00,1.16009,1.15979,1.16025,1.15948,2203,1779461999.593,EURUSD
1,2026-05-22 15:00:00,1.15979,1.16034,1.16048,1.15958,2083,1779462899.443,EURUSD
1,2026-05-22 15:15:00,1.16034,1.16029,1.16056,1.15993,1943,1779463799.792,EURUSD
1,2026-05-22 15:30:00,1.16029,1.16011,1.16039,1.15983,1968,1779464699.693,EURUSD
1,2026-05-22 15:45:00,1.16011,1.16029,1.16044,1.15995,1737,1779465599.711,EURUSD
1,2026-05-22 16:00:00,1.16028,1.16069,1.16078,1.15996,1839,1779466499.992,EURUSD
1,2026-05-22 16:15:00,1.16068,1.16094,1.16094,1.16053,1741,1779467399.31,EURUSD
1,2026-05-22 16:30:00,1.16094,1.16067,1.16109,1.16054,1582,1779468299.025,EURUSD
1,2026-05-22 16:45:00,1.16068,1.16112,1.16112,1.16067,1542,1779469199.193,EURUSD
1,2026-05-22 17:00:00,1.16112,1.16136,1.16153,1.16112,1609,1779470099.024,EURUSD
1,2026-05-22 17:15:00,1.16136,1.16163,1.16175,1.16087,2141,1779470999.995,EURUSD
1,2026-05-22 17:30:00,1.16163,1.16132,1.16192,1.16113,2318,1779471899.094,EURUSD
1,2026-05-22 17:45:00,1.16132,1.16134,1.16152,1.16107,1766,1779472799.018,EURUSD
1,2026-05-22 18:00:00,1.16134,1.16119,1.16151,1.16094,1786,1779473699.006,EURUSD
1,2026-05-22 18:15:00,1.16119,1.16105,1.16125,1.16101,1502,1779474599.021,EURUSD
1,2026-05-22 18:30:00,1.16105,1.16119,1.16152,1.16094,1441,1779475499.094,EURUSD
1,2026-05-22 18:45:00,1.16119,1.16119,1.16142,1.16111,1378,1779476399.593,EURUSD
1,2026-05-22 19:00:00,1.16119,1.16085,1.16139,1.1608,1508,1779477299.793,EURUSD
1,2026-05-22 19:15:00,1.16085,1.16084,1.16104,1.16081,1171,1779478199.393,EURUSD
1,2026-05-22 19:30:00,1.16084,1.16071,1.16089,1.16067,1409,1779479099.593,EURUSD
1,2026-05-22 19:45:00,1.16071,1.1606,1.16074,1.16053,1392,1779479999.199,EURUSD
1,2026-05-22 20:00:00,1.1606,1.16048,1.16067,1.16042,1159,1779480899.033,EURUSD
1,2026-05-22 20:15:00,1.16048,1.1604,1.1606,1.16036,1068,1779481799.003,EURUSD
1,2026-05-22 20:30:00,1.1604,1.16017,1.1604,1.15997,1165,1779482699.016,EURUSD
1,2026-05-22 20:45:00,1.16017,1.16031,1.16038,1.15982,1485,1779483598.042,EURUSD
1,2026-05-22 21:00:00,1.16031,1.16031,1.16031,1.16031,0,1779483600.0,EURUSD
1,2026-05-22 21:15:00,1.16031,1.16031,1.16031,1.16031,0,1779484500.0,EURUSD
1,2026-05-22 21:30:00,1.16031,1.16031,1.16031,1.16031,0,1779485400.0,EURUSD
1,2026-05-22 21:45:00,1.16031,1.16031,1.16031,1.16031,0,1779486300.0,EURUSD
1,2026-05-22 22:00:00,1.16031,1.16031,1.16031,1.16031,0,1779487200.0,EURUSD
1,2026-05-22 22:15:00,1.16031,1.16031,1.16031,1.16031,0,1779488100.0,EURUSD
1,2026-05-22 22:30:00,1.16031,1.16031,1.16031,1.16031,0,1779489000.0,EURUSD
1,2026-05-22 22:45:00,1.16031,1.16031,1.16031,1.16031,0,1779489900.0,EURUSD
1,2026-05-22 23:00:00,1.16031,1.16031,1.16031,1.16031,0,1779490800.0,EURUSD
1,2026-05-22 23:15:00,1.16031,1.16031,1.16031,1.16031,0,1779491700.0,EURUSD
1,2026-05-22 23:30:00,1.16031,1.16031,1.16031,1.16031,0,1779492600.0,EURUSD
1,2026-05-22 23:45:00,1.16031,1.16031,1.16031,1.16031,0,1779493500.0,EURUSD
1,2026-05-23 00:00:00,1.16031,1.16031,1.16031,1.16031,0,1779494400.0,EURUSD
1,2026-05-23 00:15:00,1.16031,1.16031,1.16031,1.16031,0,1779495300.0,EURUSD
1,2026-05-23 00:30:00,1.16031,1.16031,1.16031,1.16031,0,1779496200.0,EURUSD
1,2026-05-23 00:45:00,1.16031,1.16031,1.16031,1.16031,0,1779497100.0,EURUSD
1,2026-05-23 01:00:00,1.16031,1.16031,1.16031,1.16031,0,1779498000.0,EURUSD
1,2026-05-23 01:15:00,1.16031,1.16031,1.16031,1.16031,0,1779498900.0,EURUSD
1,2026-05-23 01:30:00,1.16031,1.16031,1.16031,1.16031,0,1779499800.0,EURUSD
1,2026-05-23 01:45:00,1.16031,1.16031,1.16031,1.16031,0,1779500700.0,EURUSD
1,2026-05-23 02:00:00,1.16031,1.16031,1.16031,1.16031,0,1779501600.0,EURUSD
1,2026-05-23 02:15:00,1.16031,1.16031,1.16031,1.16031,0,1779502500.0,EURUSD
1,2026-05-23 02:30:00,1.16031,1.16031,1.16031,1.16031,0,1779503400.0,EURUSD
1,2026-05-23 02:45:00,1.16031,1.16031,1.16031,1.16031,0,1779504300.0,EURUSD
1,2026-05-23 03:00:00,1.16031,1.16031,1.16031,1.16031,0,1779505200.0,EURUSD
1,2026-05-23 03:15:00,1.16031,1.16031,1.16031,1.16031,0,1779506100.0,EURUSD
1,2026-05-23 03:30:00,1.16031,1.16031,1.16031,1.16031,0,1779507000.0,EURUSD
1,2026-05-23 03:45:00,1.16031,1.16031,1.16031,1.16031,0,1779507900.0,EURUSD
1,2026-05-23 04:00:00,1.16031,1.16031,1.16031,1.16031,0,1779508800.0,EURUSD
1,2026-05-23 04:15:00,1.16031,1.16031,1.16031,1.16031,0,1779509700.0,EURUSD
1,2026-05-23 04:30:00,1.16031,1.16031,1.16031,1.16031,0,1779510600.0,EURUSD
1,2026-05-23 04:45:00,1.16031,1.16031,1.16031,1.16031,0,1779511500.0,EURUSD
1,2026-05-23 05:00:00,1.16031,1.16031,1.16031,1.16031,0,1779512400.0,EURUSD
1,2026-05-23 05:15:00,1.16031,1.16031,1.16031,1.16031,0,1779513300.0,EURUSD
1,2026-05-23 05:30:00,1.16031,1.16031,1.16031,1.16031,0,1779514200.0,EURUSD
1,2026-05-23 05:45:00,1.16031,1.16031,1.16031,1.16031,0,1779515100.0,EURUSD
1,2026-05-23 06:00:00,1.16031,1.16031,1.16031,1.16031,0,1779516000.0,EURUSD
1,2026-05-23 06:15:00,1.16031,1.16031,1.16031,1.16031,0,1779516900.0,EURUSD
1,2026-05-23 06:30:00,1.16031,1.16031,1.16031,1.16031,0,1779517800.0,EURUSD
1,2026-05-23 06:45:00,1.16031,1.16031,1.16031,1.16031,0,1779518700.0,EURUSD
1,2026-05-23 07:00:00,1.16031,1.16031,1.16031,1.16031,0,1779519600.0,EURUSD
1,2026-05-23 07:15:00,1.16031,1.16031,1.16031,1.16031,0,1779520500.0,EURUSD
1,2026-05-23 07:30:00,1.16031,1.16031,1.16031,1.16031,0,1779521400.0,EURUSD
1,2026-05-23 07:45:00,1.16031,1.16031,1.16031,1.16031,0,1779522300.0,EURUSD
1,2026-05-23 08:00:00,1.16031,1.16031,1.16031,1.16031,0,1779523200.0,EURUSD
1,2026-05-23 08:15:00,1.16031,1.16031,1.16031,1.16031,0,1779524100.0,EURUSD
1,2026-05-23 08:30:00,1.16031,1.16031,1.16031,1.16031,0,1779525000.0,EURUSD
1,2026-05-23 08:45:00,1.16031,1.16031,1.16031,1.16031,0,1779525900.0,EURUSD
1,2026-05-23 09:00:00,1.16031,1.16031,1.16031,1.16031,0,1779526800.0,EURUSD
1,2026-05-23 09:15:00,1.16031,1.16031,1.16031,1.16031,0,1779527700.0,EURUSD
1,2026-05-23 09:30:00,1.16031,1.16031,1.16031,1.16031,0,1779528600.0,EURUSD
1,2026-05-23 09:45:00,1.16031,1.16031,1.16031,1.16031,0,1779529500.0,EURUSD
1,2026-05-23 10:00:00,1.16031,1.16031,1.16031,1.16031,0,1779530400.0,EURUSD
1,2026-05-23 10:15:00,1.16031,1.16031,1.16031,1.16031,0,1779531300.0,EURUSD
1,2026-05-23 10:30:00,1.16031,1.16031,1.16031,1.16031,0,1779532200.0,EURUSD
1,2026-05-23 10:45:00,1.16031,1.16031,1.16031,1.16031,0,1779533100.0,EURUSD
1,2026-05-23 11:00:00,1.16031,1.16031,1.16031,1.16031,0,1779534000.0,EURUSD
1,2026-05-23 11:15:00,1.16031,1.16031,1.16031,1.16031,0,1779534900.0,EURUSD
1,2026-05-23 11:30:00,1.16031,1.16031,1.16031,1.16031,0,1779535800.0,EURUSD
1,2026-05-23 11:45:00,1.16031,1.16031,1.16031,1.16031,0,1779536700.0,EURUSD
1,2026-05-23 12:00:00,1.16031,1.16031,1.16031,1.16031,0,1779537600.0,EURUSD
1,2026-05-23 12:15:00,1.16031,1.16031,1.16031,1.16031,0,1779538500.0,EURUSD
1,2026-05-23 12:30:00,1.16031,1.16031,1.16031,1.16031,0,1779539400.0,EURUSD
1,2026-05-23 12:45:00,1.16031,1.16031,1.16031,1.16031,0,1779540300.0,EURUSD
1,2026-05-23 13:00:00,1.16031,1.16031,1.16031,1.16031,0,1779541200.0,EURUSD
1,2026-05-23 13:15:00,1.16031,1.16031,1.16031,1.16031,0,1779542100.0,EURUSD
1,2026-05-23 13:30:00,1.16031,1.16031,1.16031,1.16031,0,1779543000.0,EURUSD
1,2026-05-23 13:45:00,1.16031,1.16031,1.16031,1.16031,0,1779543900.0,EURUSD
1,2026-05-23 14:00:00,1.16031,1.16031,1.16031,1.16031,0,1779544800.0,EURUSD
1,2026-05-23 14:15:00,1.16031,1.16031,1.16031,1.16031,0,1779545700.0,EURUSD
1,2026-05-23 14:30:00,1.16031,1.16031,1.16031,1.16031,0,1779546600.0,EURUSD
1,2026-05-23 14:45:00,1.16031,1.16031,1.16031,1.16031,0,1779547500.0,EURUSD
1,2026-05-23 15:00:00,1.16031,1.16031,1.16031,1.16031,0,1779548400.0,EURUSD
1,2026-05-23 15:15:00,1.16031,1.16031,1.16031,1.16031,0,1779549300.0,EURUSD
1,2026-05-23 15:30:00,1.16031,1.16031,1.16031,1.16031,0,1779550200.0,EURUSD
1,2026-05-23 15:45:00,1.16031,1.16031,1.16031,1.16031,0,1779551100.0,EURUSD
1,2026-05-23 16:00:00,1.16031,1.16031,1.16031,1.16031,0,1779552000.0,EURUSD
1,2026-05-23 16:15:00,1.16031,1.16031,1.16031,1.16031,0,1779552900.0,EURUSD
1,2026-05-23 16:30:00,1.16031,1.16031,1.16031,1.16031,0,1779553800.0,EURUSD
1,2026-05-23 16:45:00,1.16031,1.16031,1.16031,1.16031,0,1779554700.0,EURUSD
1,2026-05-23 17:00:00,1.16031,1.16031,1.16031,1.16031,0,1779555600.0,EURUSD
1,2026-05-23 17:15:00,1.16031,1.16031,1.16031,1.16031,0,1779556500.0,EURUSD
1,2026-05-23 17:30:00,1.16031,1.16031,1.16031,1.16031,0,1779557400.0,EURUSD
1,2026-05-23 17:45:00,1.16031,1.16031,1.16031,1.16031,0,1779558300.0,EURUSD
1,2026-05-23 18:00:00,1.16031,1.16031,1.16031,1.16031,0,1779559200.0,EURUSD
1,2026-05-23 18:15:00,1.16031,1.16031,1.16031,1.16031,0,1779560100.0,EURUSD
1,2026-05-23 18:30:00,1.16031,1.16031,1.16031,1.16031,0,1779561000.0,EURUSD
1,2026-05-23 18:45:00,1.16031,1.16031,1.16031,1.16031,0,1779561900.0,EURUSD
1,2026-05-23 19:00:00,1.16031,1.16031,1.16031,1.16031,0,1779562800.0,EURUSD
1,2026-05-23 19:15:00,1.16031,1.16031,1.16031,1.16031,0,1779563700.0,EURUSD
1,2026-05-23 19:30:00,1.16031,1.16031,1.16031,1.16031,0,1779564600.0,EURUSD
1,2026-05-23 19:45:00,1.16031,1.16031,1.16031,1.16031,0,1779565500.0,EURUSD
1,2026-05-23 20:00:00,1.16031,1.16031,1.16031,1.16031,0,1779566400.0,EURUSD
1,2026-05-23 20:15:00,1.16031,1.16031,1.16031,1.16031,0,1779567300.0,EURUSD
1,2026-05-23 20:30:00,1.16031,1.16031,1.16031,1.16031,0,1779568200.0,EURUSD
1,2026-05-23 20:45:00,1.16031,1.16031,1.16031,1.16031,0,1779569100.0,EURUSD
1,2026-05-23 21:00:00,1.16031,1.16031,1.16031,1.16031,0,1779570000.0,EURUSD
1,2026-05-23 21:15:00,1.16031,1.16031,1.16031,1.16031,0,1779570900.0,EURUSD
1,2026-05-23 21:30:00,1.16031,1.16031,1.16031,1.16031,0,1779571800.0,EURUSD
1,2026-05-23 21:45:00,1.16031,1.16031,1.16031,1.16031,0,1779572700.0,EURUSD
1,2026-05-23 22:00:00,1.16031,1.16031,1.16031,1.16031,0,1779573600.0,EURUSD
1,2026-05-23 22:15:00,1.16031,1.16031,1.16031,1.16031,0,1779574500.0,EURUSD
1,2026-05-23 22:30:00,1.16031,1.16031,1.16031,1.16031,0,1779575400.0,EURUSD
1,2026-05-23 22:45:00,1.16031,1.16031,1.16031,1.16031,0,1779576300.0,EURUSD
1,2026-05-23 23:00:00,1.16031,1.16031,1.16031,1.16031,0,1779577200.0,EURUSD
1,2026-05-23 23:15:00,1.16031,1.16031,1.16031,1.16031,0,1779578100.0,EURUSD
1,2026-05-23 23:30:00,1.16031,1.16031,1.16031,1.16031,0,1779579000.0,EURUSD
1,2026-05-23 23:45:00,1.16031,1.16031,1.16031,1.16031,0,1779579900.0,EURUSD
1,2026-05-24 00:00:00,1.16031,1.16031,1.16031,1.16031,0,1779580800.0,EURUSD
1,2026-05-24 00:15:00,1.16031,1.16031,1.16031,1.16031,0,1779581700.0,EURUSD
1,2026-05-24 00:30:00,1.16031,1.16031,1.16031,1.16031,0,1779582600.0,EURUSD
1,2026-05-24 00:45:00,1.16031,1.16031,1.16031,1.16031,0,1779583500.0,EURUSD
1,2026-05-24 01:00:00,1.16031,1.16031,1.16031,1.16031,0,1779584400.0,EURUSD
1,2026-05-24 01:15:00,1.16031,1.16031,1.16031,1.16031,0,1779585300.0,EURUSD
1,2026-05-24 01:30:00,1.16031,1.16031,1.16031,1.16031,0,1779586200.0,EURUSD
1,2026-05-24 01:45:00,1.16031,1.16031,1.16031,1.16031,0,1779587100.0,EURUSD
1,2026-05-24 02:00:00,1.16031,1.16031,1.16031,1.16031,0,1779588000.0,EURUSD
1,2026-05-24 02:15:00,1.16031,1.16031,1.16031,1.16031,0,1779588900.0,EURUSD
1,2026-05-24 02:30:00,1.16031,1.16031,1.16031,1.16031,0,1779589800.0,EURUSD
1,2026-05-24 02:45:00,1.16031,1.16031,1.16031,1.16031,0,1779590700.0,EURUSD
1,2026-05-24 03:00:00,1.16031,1.16031,1.16031,1.16031,0,1779591600.0,EURUSD
1,2026-05-24 03:15:00,1.16031,1.16031,1.16031,1.16031,0,1779592500.0,EURUSD
1,2026-05-24 03:30:00,1.16031,1.16031,1.16031,1.16031,0,1779593400.0,EURUSD
1,2026-05-24 03:45:00,1.16031,1.16031,1.16031,1.16031,0,1779594300.0,EURUSD
1,2026-05-24 04:00:00,1.16031,1.16031,1.16031,1.16031,0,1779595200.0,EURUSD
1,2026-05-24 04:15:00,1.16031,1.16031,1.16031,1.16031,0,1779596100.0,EURUSD
1,2026-05-24 04:30:00,1.16031,1.16031,1.16031,1.16031,0,1779597000.0,EURUSD
1,2026-05-24 04:45:00,1.16031,1.16031,1.16031,1.16031,0,1779597900.0,EURUSD
1,2026-05-24 05:00:00,1.16031,1.16031,1.16031,1.16031,0,1779598800.0,EURUSD
1,2026-05-24 05:15:00,1.16031,1.16031,1.16031,1.16031,0,1779599700.0,EURUSD
1,2026-05-24 05:30:00,1.16031,1.16031,1.16031,1.16031,0,1779600600.0,EURUSD
1,2026-05-24 05:45:00,1.16031,1.16031,1.16031,1.16031,0,1779601500.0,EURUSD
1,2026-05-24 06:00:00,1.16031,1.16031,1.16031,1.16031,0,1779602400.0,EURUSD
1,2026-05-24 06:15:00,1.16031,1.16031,1.16031,1.16031,0,1779603300.0,EURUSD
1,2026-05-24 06:30:00,1.16031,1.16031,1.16031,1.16031,0,1779604200.0,EURUSD
1,2026-05-24 06:45:00,1.16031,1.16031,1.16031,1.16031,0,1779605100.0,EURUSD
1,2026-05-24 07:00:00,1.16031,1.16031,1.16031,1.16031,0,1779606000.0,EURUSD
1,2026-05-24 07:15:00,1.16031,1.16031,1.16031,1.16031,0,1779606900.0,EURUSD
1,2026-05-24 07:30:00,1.16031,1.16031,1.16031,1.16031,0,1779607800.0,EURUSD
1,2026-05-24 07:45:00,1.16031,1.16031,1.16031,1.16031,0,1779608700.0,EURUSD
1,2026-05-24 08:00:00,1.16031,1.16031,1.16031,1.16031,0,1779609600.0,EURUSD
1,2026-05-24 08:15:00,1.16031,1.16031,1.16031,1.16031,0,1779610500.0,EURUSD
1,2026-05-24 08:30:00,1.16031,1.16031,1.16031,1.16031,0,1779611400.0,EURUSD
1,2026-05-24 08:45:00,1.16031,1.16031,1.16031,1.16031,0,1779612300.0,EURUSD
1,2026-05-24 09:00:00,1.16031,1.16031,1.16031,1.16031,0,1779613200.0,EURUSD
1,2026-05-24 09:15:00,1.16031,1.16031,1.16031,1.16031,0,1779614100.0,EURUSD
1,2026-05-24 09:30:00,1.16031,1.16031,1.16031,1.16031,0,1779615000.0,EURUSD
1,2026-05-24 09:45:00,1.16031,1.16031,1.16031,1.16031,0,1779615900.0,EURUSD
1,2026-05-24 10:00:00,1.16031,1.16031,1.16031,1.16031,0,1779616800.0,EURUSD
1,2026-05-24 10:15:00,1.16031,1.16031,1.16031,1.16031,0,1779617700.0,EURUSD
1,2026-05-24 10:30:00,1.16031,1.16031,1.16031,1.16031,0,1779618600.0,EURUSD
1,2026-05-24 10:45:00,1.16031,1.16031,1.16031,1.16031,0,1779619500.0,EURUSD
1,2026-05-24 11:00:00,1.16031,1.16031,1.16031,1.16031,0,1779620400.0,EURUSD
1,2026-05-24 11:15:00,1.16031,1.16031,1.16031,1.16031,0,1779621300.0,EURUSD
1,2026-05-24 11:30:00,1.16031,1.16031,1.16031,1.16031,0,1779622200.0,EURUSD
1,2026-05-24 11:45:00,1.16031,1.16031,1.16031,1.16031,0,1779623100.0,EURUSD
1,2026-05-24 12:00:00,1.16031,1.16031,1.16031,1.16031,0,1779624000.0,EURUSD
1,2026-05-24 12:15:00,1.16031,1.16031,1.16031,1.16031,0,1779624900.0,EURUSD
1,2026-05-24 12:30:00,1.16031,1.16031,1.16031,1.16031,0,1779625800.0,EURUSD
1,2026-05-24 12:45:00,1.16031,1.16031,1.16031,1.16031,0,1779626700.0,EURUSD
1,2026-05-24 13:00:00,1.16031,1.16031,1.16031,1.16031,0,1779627600.0,EURUSD
1,2026-05-24 13:15:00,1.16031,1.16031,1.16031,1.16031,0,1779628500.0,EURUSD
1,2026-05-24 13:30:00,1.16031,1.16031,1.16031,1.16031,0,1779629400.0,EURUSD
1,2026-05-24 13:45:00,1.16031,1.16031,1.16031,1.16031,0,1779630300.0,EURUSD
1,2026-05-24 14:00:00,1.16031,1.16031,1.16031,1.16031,0,1779631200.0,EURUSD
1,2026-05-24 14:15:00,1.16031,1.16031,1.16031,1.16031,0,1779632100.0,EURUSD
1,2026-05-24 14:30:00,1.16031,1.16031,1.16031,1.16031,0,1779633000.0,EURUSD
1,2026-05-24 14:45:00,1.16031,1.16031,1.16031,1.16031,0,1779633900.0,EURUSD
1,2026-05-24 15:00:00,1.16031,1.16031,1.16031,1.16031,0,1779634800.0,EURUSD
1,2026-05-24 15:15:00,1.16031,1.16031,1.16031,1.16031,0,1779635700.0,EURUSD
1,2026-05-24 15:30:00,1.16031,1.16031,1.16031,1.16031,0,1779636600.0,EURUSD
1,2026-05-24 15:45:00,1.16031,1.16031,1.16031,1.16031,0,1779637500.0,EURUSD
1,2026-05-24 16:00:00,1.16031,1.16031,1.16031,1.16031,0,1779638400.0,EURUSD
1,2026-05-24 16:15:00,1.16031,1.16031,1.16031,1.16031,0,1779639300.0,EURUSD
1,2026-05-24 16:30:00,1.16031,1.16031,1.16031,1.16031,0,1779640200.0,EURUSD
1,2026-05-24 16:45:00,1.16031,1.16031,1.16031,1.16031,0,1779641100.0,EURUSD
1,2026-05-24 17:00:00,1.16031,1.16031,1.16031,1.16031,0,1779642000.0,EURUSD
1,2026-05-24 17:15:00,1.16031,1.16031,1.16031,1.16031,0,1779642900.0,EURUSD
1,2026-05-24 17:30:00,1.16031,1.16031,1.16031,1.16031,0,1779643800.0,EURUSD
1,2026-05-24 17:45:00,1.16031,1.16031,1.16031,1.16031,0,1779644700.0,EURUSD
1,2026-05-24 18:00:00,1.16031,1.16031,1.16031,1.16031,0,1779645600.0,EURUSD
1,2026-05-24 18:15:00,1.16031,1.16031,1.16031,1.16031,0,1779646500.0,EURUSD
1,2026-05-24 18:30:00,1.16031,1.16031,1.16031,1.16031,0,1779647400.0,EURUSD
1,2026-05-24 18:45:00,1.16031,1.16031,1.16031,1.16031,0,1779648300.0,EURUSD
1,2026-05-24 19:00:00,1.16031,1.16031,1.16031,1.16031,0,1779649200.0,EURUSD
1,2026-05-24 19:15:00,1.16031,1.16031,1.16031,1.16031,0,1779650100.0,EURUSD
1,2026-05-24 19:30:00,1.16031,1.16031,1.16031,1.16031,0,1779651000.0,EURUSD
1,2026-05-24 19:45:00,1.16031,1.16031,1.16031,1.16031,0,1779651900.0,EURUSD
1,2026-05-24 20:00:00,1.16031,1.16377,1.16463,1.16031,854,1779653699.0,EURUSD
1,2026-05-24 20:15:00,1.16377,1.16335,1.16403,1.16335,757,1779654588.178,EURUSD
1,2026-05-24 20:30:00,1.16335,1.16375,1.16375,1.16335,723,1779655499.035,EURUSD
1,2026-05-24 20:45:00,1.16375,1.16414,1.16414,1.16364,915,1779656399.017,EURUSD
1,2026-05-24 21:00:00,1.16414,1.16389,1.16423,1.16363,929,1779657299.021,EURUSD
1,2026-05-24 21:15:00,1.16389,1.16394,1.16404,1.16358,978,1779658199.008,EURUSD
1,2026-05-24 21:30:00,1.16394,1.16342,1.16394,1.16329,1014,1779659099.024,EURUSD
1,2026-05-24 21:45:00,1.16342,1.16336,1.16343,1.16311,1047,1779659999.03,EURUSD
1,2026-05-24 22:00:00,1.16337,1.16363,1.16377,1.16317,1552,1779660899.019,EURUSD
1,2026-05-24 22:15:00,1.16363,1.16409,1.1642,1.16348,1440,1779661799.027,EURUSD
1,2026-05-24 22:30:00,1.16409,1.1644,1.16443,1.16404,1475,1779662699.394,EURUSD
1,2026-05-24 22:45:00,1.1644,1.16431,1.16451,1.16419,1213,1779663599.0,EURUSD
1,2026-05-24 23:00:00,1.16431,1.16449,1.16462,1.16431,1219,1779664499.012,EURUSD
1,2026-05-24 23:15:00,1.16449,1.16453,1.1646,1.16443,1066,1779665399.0,EURUSD
1,2026-05-24 23:30:00,1.16453,1.16448,1.16456,1.16441,1224,1779666299.093,EURUSD
1,2026-05-24 23:45:00,1.16448,1.16419,1.16457,1.16414,1267,1779667199.294,EURUSD
1,2026-05-25 00:00:00,1.16419,1.16392,1.16424,1.16379,1429,1779668099.012,EURUSD
1,2026-05-25 00:15:00,1.16392,1.16419,1.16425,1.16384,1347,1779668999.04,EURUSD
1,2026-05-25 00:30:00,1.16419,1.16393,1.16433,1.16385,1252,1779669898.093,EURUSD
1,2026-05-25 00:45:00,1.16393,1.16368,1.1649,1.16354,1959,1779670799.594,EURUSD
1,2026-05-25 01:00:00,1.16368,1.16433,1.16437,1.16356,1797,1779671699.407,EURUSD
1,2026-05-25 01:15:00,1.16433,1.16464,1.16471,1.1643,1569,1779672599.041,EURUSD
1,2026-05-25 01:30:00,1.16463,1.16403,1.16464,1.16396,1625,1779673499.038,EURUSD
1,2026-05-25 01:45:00,1.16403,1.16391,1.16417,1.16383,1353,1779674399.13,EURUSD
1,2026-05-25 02:00:00,1.16391,1.16404,1.16426,1.1639,1309,1779675299.094,EURUSD
1,2026-05-25 02:15:00,1.16404,1.16417,1.16424,1.16396,1295,1779676199.012,EURUSD
1,2026-05-25 02:30:00,1.16417,1.16404,1.16419,1.16396,1151,1779677099.093,EURUSD
1,2026-05-25 02:45:00,1.16404,1.16378,1.1641,1.16367,1176,1779677999.023,EURUSD
1,2026-05-25 03:00:00,1.16378,1.16373,1.16396,1.16361,1303,1779678899.021,EURUSD
1,2026-05-25 03:15:00,1.16373,1.16372,1.1639,1.16362,1325,1779679799.393,EURUSD
1,2026-05-25 03:30:00,1.16372,1.16375,1.16397,1.16372,1245,1779680699.004,EURUSD
1,2026-05-25 03:45:00,1.16375,1.16372,1.16378,1.16361,1253,1779681599.895,EURUSD
1,2026-05-25 04:00:00,1.16372,1.16365,1.16377,1.16357,1235,1779682499.004,EURUSD
1,2026-05-25 04:15:00,1.16365,1.1637,1.16372,1.1636,1123,1779683399.0,EURUSD
1,2026-05-25 04:30:00,1.1637,1.16402,1.16403,1.1637,1137,1779684299.006,EURUSD
1,2026-05-25 04:45:00,1.16402,1.1642,1.16438,1.16402,1149,1779685199.021,EURUSD
1,2026-05-25 05:00:00,1.1642,1.16431,1.16453,1.16412,1304,1779686099.018,EURUSD
1,2026-05-25 05:15:00,1.16431,1.16433,1.16437,1.16421,1140,1779686999.035,EURUSD
1,2026-05-25 05:30:00,1.16431,1.16429,1.16449,1.16419,1217,1779687899.093,EURUSD
1,2026-05-25 05:45:00,1.16429,1.16391,1.1644,1.16381,1220,1779688799.593,EURUSD
1,2026-05-25 06:00:00,1.16391,1.16406,1.16408,1.16382,1537,1779689699.013,EURUSD
1,2026-05-25 06:15:00,1.16406,1.1639,1.16413,1.16376,1458,1779690599.005,EURUSD
1,2026-05-25 06:30:00,1.1639,1.16407,1.16427,1.16375,1396,1779691499.001,EURUSD
1,2026-05-25 06:45:00,1.16407,1.16409,1.16448,1.16398,1559,1779692399.736,EURUSD
1,2026-05-25 07:00:00,1.16409,1.16369,1.16419,1.16358,1653,1779693299.096,EURUSD
1,2026-05-25 07:15:00,1.16369,1.16338,1.16372,1.16297,1961,1779694199.001,EURUSD
1,2026-05-25 07:30:00,1.16338,1.16356,1.16383,1.16335,1814,1779695099.002,EURUSD
1,2026-05-25 07:45:00,1.16356,1.16375,1.16376,1.1634,1520,1779695999.0,EURUSD
1,2026-05-25 08:00:00,1.16375,1.16395,1.16406,1.1633,1559,1779696899.041,EURUSD
1,2026-05-25 08:15:00,1.16395,1.16404,1.16409,1.16385,1440,1779697799.016,EURUSD
1,2026-05-25 08:30:00,1.16404,1.16424,1.16443,1.16402,1613,1779698699.036,EURUSD
1,2026-05-25 08:45:00,1.16424,1.16437,1.16444,1.16421,1428,1779699599.011,EURUSD
1,2026-05-25 09:00:00,1.16437,1.16416,1.16453,1.16413,1388,1779700499.034,EURUSD
1,2026-05-25 09:15:00,1.16416,1.16424,1.1644,1.16403,1228,1779701399.094,EURUSD
1,2026-05-25 09:30:00,1.16424,1.16447,1.16448,1.1642,1275,1779702299.893,EURUSD
1,2026-05-25 09:45:00,1.16447,1.16416,1.16448,1.16406,1269,1779703199.597,EURUSD
1,2026-05-25 10:00:00,1.16416,1.16427,1.16433,1.16413,1269,1779704098.041,EURUSD
1,2026-05-25 10:15:00,1.16427,1.16419,1.16444,1.16418,1254,1779704999.036,EURUSD
1,2026-05-25 10:30:00,1.16419,1.16439,1.1644,1.16414,1209,1779705899.006,EURUSD
1,2026-05-25 10:45:00,1.16439,1.16429,1.16441,1.16417,1191,1779706799.094,EURUSD
1,2026-05-25 11:00:00,1.16428,1.16417,1.16431,1.16403,1200,1779707699.035,EURUSD
1,2026-05-25 11:15:00,1.16417,1.16444,1.16448,1.16417,1175,1779708599.006,EURUSD
1,2026-05-25 11:30:00,1.16444,1.16498,1.16501,1.16443,1505,1779709499.522,EURUSD
1,2026-05-25 11:45:00,1.16498,1.1644,1.16508,1.16436,1650,1779710399.393,EURUSD
1,2026-05-25 12:00:00,1.1644,1.16458,1.16464,1.16426,1437,1779711299.093,EURUSD
1,2026-05-25 12:15:00,1.16458,1.16441,1.16471,1.16437,1489,1779712199.392,EURUSD
1,2026-05-25 12:30:00,1.16441,1.16504,1.16506,1.16441,1523,1779713099.091,EURUSD
1,2026-05-25 12:45:00,1.16504,1.16483,1.16529,1.16475,1607,1779713999.999,EURUSD
1,2026-05-25 13:00:00,1.16483,1.16471,1.16498,1.16463,1457,1779714899.693,EURUSD
1,2026-05-25 13:15:00,1.16471,1.16441,1.16473,1.16439,1453,1779715799.0,EURUSD
1,2026-05-25 13:30:00,1.16441,1.16417,1.16445,1.16415,1560,1779716699.092,EURUSD
1,2026-05-25 13:45:00,1.16417,1.16388,1.16431,1.16388,1394,1779717599.004,EURUSD
1,2026-05-25 14:00:00,1.16388,1.16394,1.16419,1.16385,1324,1779718499.093,EURUSD
1,2026-05-25 14:15:00,1.16394,1.16413,1.1643,1.16394,1313,1779719399.03,EURUSD
1,2026-05-25 14:30:00,1.16413,1.16445,1.16449,1.16403,1298,1779720299.019,EURUSD
1,2026-05-25 14:45:00,1.16445,1.1642,1.16464,1.16407,1596,1779721199.094,EURUSD
1,2026-05-25 15:00:00,1.1642,1.16443,1.16484,1.16396,1999,1779722099.891,EURUSD
1,2026-05-25 15:15:00,1.16443,1.16457,1.1648,1.16438,1547,1779722999.498,EURUSD
1,2026-05-25 15:30:00,1.16457,1.16452,1.1646,1.1644,1282,1779723899.093,EURUSD
1,2026-05-25 15:45:00,1.16452,1.16421,1.16459,1.16421,1176,1779724799.593,EURUSD
1,2026-05-25 16:00:00,1.16421,1.16399,1.16427,1.16378,1243,1779725699.094,EURUSD
1,2026-05-25 16:15:00,1.16399,1.16383,1.164,1.16381,1162,1779726599.092,EURUSD
1,2026-05-25 16:30:00,1.16383,1.16383,1.16397,1.16368,1263,1779727499.04,EURUSD
1,2026-05-25 16:45:00,1.16383,1.16412,1.16417,1.16383,1163,1779728399.793,EURUSD
1,2026-05-25 17:00:00,1.16412,1.1642,1.16425,1.16403,1051,1779729299.013,EURUSD
1,2026-05-25 17:15:00,1.1642,1.16439,1.16442,1.16419,1046,1779730199.029,EURUSD
1,2026-05-25 17:30:00,1.16439,1.16431,1.1644,1.16426,1082,1779731099.007,EURUSD
1,2026-05-25 17:45:00,1.16431,1.16434,1.16437,1.16417,1051,1779731999.092,EURUSD
1,2026-05-25 18:00:00,1.16434,1.16434,1.16438,1.16421,966,1779732899.008,EURUSD
1,2026-05-25 18:15:00,1.16434,1.16426,1.16439,1.16424,1049,1779733799.093,EURUSD
1,2026-05-25 18:30:00,1.16426,1.1642,1.16433,1.16415,975,1779734699.009,EURUSD
1,2026-05-25 18:45:00,1.1642,1.16434,1.16439,1.16419,996,1779735599.693,EURUSD
1,2026-05-25 19:00:00,1.16434,1.16424,1.16437,1.16421,974,1779736499.092,EURUSD
1,2026-05-25 19:15:00,1.16424,1.16431,1.16432,1.16424,947,1779737399.025,EURUSD
1,2026-05-25 19:30:00,1.16431,1.16429,1.16438,1.16421,938,1779738299.193,EURUSD
1,2026-05-25 19:45:00,1.16429,1.16422,1.1643,1.16419,964,1779739199.308,EURUSD
1,2026-05-25 20:00:00,1.16422,1.1643,1.16432,1.16422,963,1779740099.093,EURUSD
1,2026-05-25 20:15:00,1.1643,1.16432,1.16435,1.16419,950,1779740999.025,EURUSD
1,2026-05-25 20:30:00,1.16432,1.16427,1.16434,1.16414,939,1779741899.018,EURUSD
1,2026-05-25 20:45:00,1.16427,1.16439,1.16439,1.16425,1088,1779742799.094,EURUSD
1,2026-05-25 21:00:00,1.16439,1.16414,1.16439,1.16407,882,1779743699.013,EURUSD
1,2026-05-25 21:15:00,1.16414,1.16411,1.16429,1.164,930,1779744599.038,EURUSD
1,2026-05-25 21:30:00,1.16411,1.1639,1.16447,1.16387,1066,1779745499.994,EURUSD
1,2026-05-25 21:45:00,1.1639,1.16402,1.16406,1.16359,1085,1779746399.001,EURUSD
1,2026-05-25 22:00:00,1.16402,1.16411,1.16433,1.16383,1181,1779747299.092,EURUSD
1,2026-05-25 22:15:00,1.16411,1.164,1.16413,1.16397,1041,1779748199.092,EURUSD
1,2026-05-25 22:30:00,1.164,1.16413,1.16413,1.16392,1003,1779749099.028,EURUSD
1,2026-05-25 22:45:00,1.16413,1.16407,1.16417,1.16407,987,1779749999.038,EURUSD
1,2026-05-25 23:00:00,1.16407,1.16423,1.16427,1.16407,983,1779750899.003,EURUSD
1,2026-05-25 23:15:00,1.16423,1.1641,1.16433,1.16406,1015,1779751799.034,EURUSD
1,2026-05-25 23:30:00,1.1641,1.16375,1.16411,1.16372,1070,1779752699.003,EURUSD
1,2026-05-25 23:45:00,1.16375,1.16358,1.16398,1.16357,1185,1779753599.492,EURUSD
1,2026-05-26 00:00:00,1.16358,1.16382,1.16399,1.16349,1746,1779754499.003,EURUSD
1,2026-05-26 00:15:00,1.16382,1.16356,1.16387,1.16339,1491,1779755399.691,EURUSD
1,2026-05-26 00:30:00,1.16358,1.16359,1.16366,1.16349,1373,1779756299.994,EURUSD
1,2026-05-26 00:45:00,1.16359,1.16387,1.16396,1.16352,1443,1779757199.029,EURUSD
1,2026-05-26 01:00:00,1.16387,1.16394,1.16399,1.16351,1511,1779758099.093,EURUSD
1,2026-05-26 01:15:00,1.16394,1.16366,1.16398,1.16362,1374,1779758999.01,EURUSD
1,2026-05-26 01:30:00,1.16366,1.16312,1.16369,1.16303,1616,1779759899.039,EURUSD
1,2026-05-26 01:45:00,1.16312,1.16339,1.16343,1.16308,1423,1779760799.493,EURUSD
1,2026-05-26 02:00:00,1.16339,1.16326,1.16353,1.16324,1423,1779761699.093,EURUSD
1,2026-05-26 02:15:00,1.16326,1.16331,1.16338,1.16322,1238,1779762599.04,EURUSD
1,2026-05-26 02:30:00,1.16331,1.16318,1.16342,1.16315,1208,1779763499.092,EURUSD
1,2026-05-26 02:45:00,1.16318,1.1634,1.16345,1.16312,1198,1779764399.013,EURUSD
1,2026-05-26 03:00:00,1.1634,1.16348,1.16355,1.16337,1095,1779765298.094,EURUSD
1,2026-05-26 03:15:00,1.16348,1.16346,1.16372,1.16346,1092,1779766199.026,EURUSD
1,2026-05-26 03:30:00,1.16346,1.1635,1.16353,1.16343,1036,1779767099.022,EURUSD
1,2026-05-26 03:45:00,1.1635,1.1636,1.16363,1.16342,1026,1779767999.093,EURUSD
1,2026-05-26 04:00:00,1.1636,1.16358,1.16361,1.16333,1063,1779768899.007,EURUSD
1,2026-05-26 04:15:00,1.16358,1.16333,1.16358,1.16331,979,1779769799.093,EURUSD
1,2026-05-26 04:30:00,1.16333,1.16329,1.16343,1.16323,1073,1779770699.893,EURUSD
1,2026-05-26 04:45:00,1.16329,1.16297,1.16332,1.16294,1144,1779771599.004,EURUSD
1,2026-05-26 05:00:00,1.16297,1.16291,1.16303,1.16286,1294,1779772499.493,EURUSD
1,2026-05-26 05:15:00,1.16291,1.16296,1.16298,1.16281,1163,1779773399.094,EURUSD
1,2026-05-26 05:30:00,1.16296,1.16298,1.16308,1.1629,1287,1779774299.01,EURUSD
1,2026-05-26 05:45:00,1.16298,1.1628,1.16299,1.16274,1269,1779775199.092,EURUSD
1,2026-05-26 06:00:00,1.1628,1.16298,1.16301,1.16272,1432,1779776099.029,EURUSD
1,2026-05-26 06:15:00,1.16298,1.16328,1.16356,1.16288,1587,1779776999.933,EURUSD
1,2026-05-26 06:30:00,1.16328,1.16362,1.16363,1.16326,1574,1779777899.294,EURUSD
1,2026-05-26 06:45:00,1.16361,1.16352,1.16376,1.16339,1657,1779778799.694,EURUSD
1,2026-05-26 07:00:00,1.16352,1.16302,1.16365,1.16241,1878,1779779699.792,EURUSD
1,2026-05-26 07:15:00,1.16302,1.16339,1.16339,1.16291,1532,1779780599.007,EURUSD
1,2026-05-26 07:30:00,1.16339,1.16357,1.16404,1.16328,1917,1779781499.829,EURUSD
1,2026-05-26 07:45:00,1.16357,1.1637,1.16397,1.16336,1728,1779782399.194,EURUSD
1,2026-05-26 08:00:00,1.1637,1.16386,1.16406,1.16351,1661,1779783299.025,EURUSD
1,2026-05-26 08:15:00,1.16386,1.16394,1.16421,1.16376,1559,1779784199.094,EURUSD
1,2026-05-26 08:30:00,1.16392,1.16349,1.16414,1.16348,1648,1779785099.024,EURUSD
1,2026-05-26 08:45:00,1.16349,1.16365,1.16411,1.16345,1567,1779785999.0,EURUSD
1,2026-05-26 09:00:00,1.16365,1.16379,1.16392,1.16325,1621,1779786899.092,EURUSD
1,2026-05-26 09:15:00,1.16379,1.16419,1.16424,1.16369,1565,1779787799.01,EURUSD
1,2026-05-26 09:30:00,1.16419,1.1641,1.16434,1.16399,1371,1779788699.193,EURUSD
1,2026-05-26 09:45:00,1.1641,1.16427,1.16441,1.16399,1482,1779789599.032,EURUSD
1,2026-05-26 10:00:00,1.16427,1.16427,1.16437,1.16397,1489,1779790499.002,EURUSD
1,2026-05-26 10:15:00,1.16427,1.16429,1.16437,1.16409,1481,1779791399.001,EURUSD
1,2026-05-26 10:30:00,1.1643,1.16404,1.16452,1.16377,1756,1779792299.045,EURUSD
1,2026-05-26 10:45:00,1.16404,1.16414,1.16436,1.16393,1584,1779793199.993,EURUSD
1,2026-05-26 11:00:00,1.16414,1.16433,1.16449,1.16404,1439,1779794099.993,EURUSD
1,2026-05-26 11:15:00,1.16433,1.16401,1.16446,1.16399,1455,1779794999.993,EURUSD
1,2026-05-26 11:30:00,1.16402,1.1635,1.16421,1.16349,1783,1779795899.495,EURUSD
1,2026-05-26 11:45:00,1.1635,1.16348,1.16365,1.16335,1659,1779796799.094,EURUSD
1,2026-05-26 12:00:00,1.16348,1.16338,1.16362,1.16312,1764,1779797699.005,EURUSD
1,2026-05-26 12:15:00,1.16338,1.16353,1.16353,1.16322,1525,1779798599.523,EURUSD
1,2026-05-26 12:30:00,1.16353,1.16341,1.16367,1.16332,1638,1779799499.594,EURUSD
1,2026-05-26 12:45:00,1.16341,1.16319,1.16348,1.16317,1647,1779800399.594,EURUSD
1,2026-05-26 13:00:00,1.16319,1.16308,1.16331,1.16286,1662,1779801299.017,EURUSD
1,2026-05-26 13:15:00,1.16308,1.16268,1.16331,1.16265,1670,1779802199.992,EURUSD
1,2026-05-26 13:30:00,1.16268,1.16281,1.16303,1.16255,2130,1779803099.593,EURUSD
1,2026-05-26 13:45:00,1.16281,1.16256,1.16313,1.16173,2554,1779803999.997,EURUSD
1,2026-05-26 14:00:00,1.16256,1.16248,1.16299,1.1622,2123,1779804899.193,EURUSD
1,2026-05-26 14:15:00,1.16248,1.16245,1.16265,1.16213,2045,1779805799.637,EURUSD
1,2026-05-26 14:30:00,1.16244,1.1626,1.1629,1.16229,2060,1779806699.842,EURUSD
1,2026-05-26 14:45:00,1.1626,1.1625,1.16288,1.16239,2231,1779807599.394,EURUSD
1,2026-05-26 15:00:00,1.1625,1.16229,1.1626,1.16199,2026,1779808499.035,EURUSD
1,2026-05-26 15:15:00,1.16229,1.16209,1.1623,1.16175,1932,1779809399.397,EURUSD
1,2026-05-26 15:30:00,1.16209,1.16199,1.16224,1.16163,1920,1779810299.007,EURUSD
1,2026-05-26 15:45:00,1.16199,1.16193,1.16221,1.16189,1951,1779811199.893,EURUSD
1,2026-05-26 16:00:00,1.16193,1.16249,1.1626,1.16193,1572,1779812099.092,EURUSD
1,2026-05-26 16:15:00,1.16249,1.16273,1.1629,1.16245,1419,1779812999.092,EURUSD
1,2026-05-26 16:30:00,1.16273,1.16254,1.16297,1.16251,1563,1779813899.892,EURUSD
1,2026-05-26 16:45:00,1.16254,1.1624,1.16263,1.16224,1607,1779814799.014,EURUSD
1,2026-05-26 17:00:00,1.1624,1.16264,1.16276,1.16229,1440,1779815699.999,EURUSD
1,2026-05-26 17:15:00,1.16264,1.16241,1.16277,1.16241,1499,1779816599.494,EURUSD
1,2026-05-26 17:30:00,1.16241,1.16229,1.16262,1.16223,1411,1779817499.492,EURUSD
1,2026-05-26 17:45:00,1.16229,1.1624,1.16241,1.16213,1296,1779818399.733,EURUSD
1,2026-05-26 18:00:00,1.1624,1.1626,1.16266,1.16234,1300,1779819299.041,EURUSD
1,2026-05-26 18:15:00,1.1626,1.16271,1.16275,1.16255,1257,1779820199.01,EURUSD
1,2026-05-26 18:30:00,1.16271,1.1628,1.16287,1.16264,1370,1779821099.193,EURUSD
1,2026-05-26 18:45:00,1.1628,1.16295,1.16309,1.16279,1258,1779821999.593,EURUSD
1,2026-05-26 19:00:00,1.16295,1.16284,1.16302,1.16274,1314,1779822899.041,EURUSD
1,2026-05-26 19:15:00,1.16284,1.16294,1.16305,1.16281,1224,1779823799.194,EURUSD
1,2026-05-26 19:30:00,1.16294,1.16313,1.16319,1.16294,1233,1779824699.092,EURUSD
1,2026-05-26 19:45:00,1.16313,1.16321,1.16326,1.16308,1376,1779825599.893,EURUSD
1,2026-05-26 20:00:00,1.16321,1.16321,1.1633,1.16314,1089,1779826499.018,EURUSD
1,2026-05-26 20:15:00,1.16321,1.16304,1.16325,1.16304,1049,1779827399.994,EURUSD
1,2026-05-26 20:30:00,1.16304,1.1631,1.16321,1.16304,1056,1779828299.013,EURUSD
1,2026-05-26 20:45:00,1.1631,1.16313,1.16325,1.16298,1065,1779829199.936,EURUSD
1,2026-05-26 21:00:00,1.16313,1.16305,1.16313,1.1625,918,1779830099.0,EURUSD
1,2026-05-26 21:15:00,1.16305,1.1632,1.16329,1.16302,1204,1779830999.693,EURUSD
1,2026-05-26 21:30:00,1.1632,1.16316,1.16325,1.16308,1315,1779831899.603,EURUSD
1,2026-05-26 21:45:00,1.16316,1.16319,1.16323,1.16312,1336,1779832799.037,EURUSD
1,2026-05-26 22:00:00,1.16319,1.16321,1.16331,1.16314,1068,1779833699.039,EURUSD
1,2026-05-26 22:15:00,1.16321,1.16324,1.1633,1.16315,998,1779834599.038,EURUSD
1,2026-05-26 22:30:00,1.16324,1.16329,1.16331,1.16321,944,1779835499.031,EURUSD
1,2026-05-26 22:45:00,1.16329,1.16335,1.16335,1.16328,919,1779836399.002,EURUSD
1,2026-05-26 23:00:00,1.16335,1.16339,1.16342,1.16331,960,1779837299.004,EURUSD
1,2026-05-26 23:15:00,1.16339,1.16369,1.1637,1.16339,1006,1779838198.023,EURUSD
1,2026-05-26 23:30:00,1.16369,1.16394,1.16395,1.16363,985,1779839099.003,EURUSD
1,2026-05-26 23:45:00,1.16394,1.16365,1.16399,1.16361,1118,1779839999.026,EURUSD
1,2026-05-27 00:00:00,1.16365,1.16388,1.16392,1.1636,1424,1779840899.091,EURUSD
1,2026-05-27 00:15:00,1.16388,1.16395,1.16404,1.16379,1334,1779841799.093,EURUSD
1,2026-05-27 00:30:00,1.16395,1.1639,1.16399,1.16376,1227,1779842699.03,EURUSD
1,2026-05-27 00:45:00,1.1639,1.16381,1.16406,1.16377,1392,1779843599.392,EURUSD
1,2026-05-27 01:00:00,1.16381,1.1639,1.16393,1.16373,1453,1779844499.393,EURUSD
1,2026-05-27 01:15:00,1.1639,1.16372,1.16395,1.16368,1334,1779845399.009,EURUSD
1,2026-05-27 01:30:00,1.16372,1.16347,1.16372,1.16328,1629,1779846299.093,EURUSD
1,2026-05-27 01:45:00,1.16347,1.1634,1.16349,1.1633,1261,1779847199.894,EURUSD
1,2026-05-27 02:00:00,1.16341,1.16359,1.16385,1.16338,1670,1779848099.001,EURUSD
1,2026-05-27 02:15:00,1.16359,1.16349,1.16372,1.16345,1313,1779848999.0,EURUSD
1,2026-05-27 02:30:00,1.16349,1.16344,1.16363,1.16341,1278,1779849898.092,EURUSD
1,2026-05-27 02:45:00,1.16344,1.16383,1.16385,1.16343,1201,1779850799.093,EURUSD
1,2026-05-27 03:00:00,1.16383,1.16392,1.16425,1.16382,1314,1779851699.018,EURUSD
1,2026-05-27 03:15:00,1.16392,1.16392,1.16399,1.16378,1168,1779852599.093,EURUSD
1,2026-05-27 03:30:00,1.16392,1.16382,1.16397,1.16369,1147,1779853499.007,EURUSD
1,2026-05-27 03:45:00,1.16382,1.16387,1.16393,1.16372,1119,1779854399.017,EURUSD
1,2026-05-27 04:00:00,1.16387,1.164,1.16403,1.16383,1111,1779855299.091,EURUSD
1,2026-05-27 04:15:00,1.164,1.16396,1.1641,1.16395,1113,1779856199.022,EURUSD
1,2026-05-27 04:30:00,1.16396,1.16419,1.16419,1.16393,1166,1779857099.037,EURUSD
1,2026-05-27 04:45:00,1.16419,1.16413,1.16425,1.16402,1166,1779857999.597,EURUSD
1,2026-05-27 05:00:00,1.16413,1.16428,1.16436,1.16409,1265,1779858899.428,EURUSD
1,2026-05-27 05:15:00,1.16428,1.16439,1.16445,1.16417,1153,1779859799.094,EURUSD
1,2026-05-27 05:30:00,1.16439,1.16413,1.16444,1.16408,1340,1779860699.393,EURUSD
1,2026-05-27 05:45:00,1.16413,1.16396,1.1643,1.16387,1331,1779861599.092,EURUSD
1,2026-05-27 06:00:00,1.16396,1.16385,1.16414,1.16373,1590,1779862499.029,EURUSD
1,2026-05-27 06:15:00,1.16385,1.16402,1.1641,1.16377,1584,1779863399.996,EURUSD
1,2026-05-27 06:30:00,1.16402,1.16463,1.16464,1.16388,1598,1779864299.642,EURUSD
1,2026-05-27 06:45:00,1.16463,1.16456,1.16493,1.16444,1535,1779865199.293,EURUSD
1,2026-05-27 07:00:00,1.16456,1.16446,1.16489,1.16443,1739,1779866099.094,EURUSD
1,2026-05-27 07:15:00,1.16446,1.16454,1.16464,1.16423,1618,1779866999.893,EURUSD
1,2026-05-27 07:30:00,1.16454,1.16476,1.1648,1.16437,1614,1779867899.928,EURUSD
1,2026-05-27 07:45:00,1.16475,1.16407,1.16478,1.16403,1596,1779868799.794,EURUSD
1,2026-05-27 08:00:00,1.16407,1.16437,1.16446,1.16383,1760,1779869698.029,EURUSD
1,2026-05-27 08:15:00,1.16437,1.16472,1.16472,1.16425,1726,1779870599.493,EURUSD
1,2026-05-27 08:30:00,1.16472,1.16458,1.16473,1.16434,1601,1779871499.093,EURUSD
1,2026-05-27 08:45:00,1.16458,1.16449,1.16461,1.16429,1563,1779872399.394,EURUSD
1,2026-05-27 09:00:00,1.16449,1.16439,1.16456,1.16424,1480,1779873299.806,EURUSD
1,2026-05-27 09:15:00,1.16439,1.16453,1.1647,1.16439,1498,1779874199.02,EURUSD
1,2026-05-27 09:30:00,1.16454,1.16445,1.16458,1.16434,1277,1779875099.0,EURUSD
1,2026-05-27 09:45:00,1.16445,1.16446,1.16486,1.1644,1371,1779875999.434,EURUSD
1,2026-05-27 10:00:00,1.16446,1.16437,1.16448,1.16429,1415,1779876899.035,EURUSD
1,2026-05-27 10:15:00,1.16437,1.16375,1.16441,1.16365,1444,1779877799.893,EURUSD
1,2026-05-27 10:30:00,1.16375,1.16384,1.16406,1.16362,1451,1779878699.813,EURUSD
1,2026-05-27 10:45:00,1.16384,1.16392,1.16397,1.1636,1618,1779879599.693,EURUSD
1,2026-05-27 11:00:00,1.16392,1.16407,1.16407,1.16363,1489,1779880499.494,EURUSD
1,2026-05-27 11:15:00,1.16407,1.16379,1.16419,1.16368,1580,1779881399.027,EURUSD
1,2026-05-27 11:30:00,1.16379,1.16387,1.16396,1.16358,1729,1779882299.092,EURUSD
1,2026-05-27 11:45:00,1.16387,1.16377,1.16399,1.1633,1885,1779883199.307,EURUSD
1,2026-05-27 12:00:00,1.16377,1.16373,1.16395,1.16361,1679,1779884099.095,EURUSD
1,2026-05-27 12:15:00,1.16373,1.16562,1.16603,1.16346,4397,1779884999.092,EURUSD
1,2026-05-27 12:30:00,1.16562,1.16538,1.16613,1.16536,3190,1779885899.696,EURUSD
1,2026-05-27 12:45:00,1.16538,1.16439,1.16552,1.16419,2543,1779886799.593,EURUSD
1,2026-05-27 13:00:00,1.16439,1.16453,1.1648,1.16427,2805,1779887699.037,EURUSD
1,2026-05-27 13:15:00,1.16453,1.1641,1.16477,1.16397,2295,1779888599.994,EURUSD
1,2026-05-27 13:30:00,1.1641,1.1642,1.1646,1.16393,2826,1779889499.941,EURUSD
1,2026-05-27 13:45:00,1.1642,1.16414,1.16462,1.16377,2688,1779890399.692,EURUSD
1,2026-05-27 14:00:00,1.16414,1.16484,1.1649,1.16365,2465,1779891299.7,EURUSD
1,2026-05-27 14:15:00,1.16484,1.16488,1.16522,1.16439,2777,1779892199.993,EURUSD
1,2026-05-27 14:30:00,1.16488,1.16488,1.16519,1.16417,3219,1779893099.895,EURUSD
1,2026-05-27 14:45:00,1.16488,1.16256,1.16508,1.1625,3376,1779893999.992,EURUSD
1,2026-05-27 15:00:00,1.16256,1.16335,1.1634,1.16227,2558,1779894899.693,EURUSD
1,2026-05-27 15:15:00,1.16335,1.16339,1.16346,1.16295,2151,1779895799.805,EURUSD
1,2026-05-27 15:30:00,1.16339,1.16309,1.16363,1.16302,2213,1779896699.892,EURUSD
1,2026-05-27 15:45:00,1.16309,1.16303,1.16338,1.16265,2073,1779897599.794,EURUSD
1,2026-05-27 16:00:00,1.16303,1.16294,1.16304,1.16241,2021,1779898499.393,EURUSD
1,2026-05-27 16:15:00,1.16294,1.16287,1.16322,1.16281,1521,1779899399.901,EURUSD
1,2026-05-27 16:30:00,1.16287,1.16313,1.16328,1.16276,1502,1779900299.094,EURUSD
1,2026-05-27 16:45:00,1.16313,1.16324,1.16329,1.16304,1365,1779901199.014,EURUSD
1,2026-05-27 17:00:00,1.16324,1.16234,1.1633,1.1623,2017,1779902099.894,EURUSD
1,2026-05-27 17:15:00,1.16234,1.16236,1.16257,1.16223,1547,1779902999.002,EURUSD
1,2026-05-27 17:30:00,1.16236,1.16255,1.16261,1.16223,1406,1779903899.208,EURUSD
1,2026-05-27 17:45:00,1.16255,1.16274,1.16285,1.16253,1399,1779904799.006,EURUSD
1,2026-05-27 18:00:00,1.16273,1.16242,1.16275,1.1623,1366,1779905699.093,EURUSD
1,2026-05-27 18:15:00,1.16242,1.16247,1.16247,1.16227,1473,1779906598.094,EURUSD
1,2026-05-27 18:30:00,1.16247,1.16279,1.16282,1.16239,1406,1779907499.018,EURUSD
1,2026-05-27 18:45:00,1.16278,1.16294,1.16304,1.16267,1366,1779908399.792,EURUSD
1,2026-05-27 19:00:00,1.16294,1.16302,1.16315,1.16284,1207,1779909299.294,EURUSD
1,2026-05-27 19:15:00,1.16302,1.16311,1.16321,1.16296,1255,1779910199.992,EURUSD
1,2026-05-27 19:30:00,1.16311,1.1629,1.16317,1.16288,1305,1779911099.095,EURUSD
1,2026-05-27 19:45:00,1.1629,1.16288,1.163,1.16268,1230,1779911999.895,EURUSD
1,2026-05-27 20:00:00,1.16288,1.16287,1.16307,1.1628,1169,1779912899.007,EURUSD
1,2026-05-27 20:15:00,1.16287,1.1628,1.16294,1.16278,1028,1779913799.094,EURUSD
1,2026-05-27 20:30:00,1.1628,1.16278,1.16291,1.16263,1016,1779914699.001,EURUSD
1,2026-05-27 20:45:00,1.16278,1.16258,1.16279,1.16256,1154,1779915599.592,EURUSD
1,2026-05-27 21:00:00,1.16258,1.16298,1.16313,1.16258,894,1779916499.028,EURUSD
1,2026-05-27 21:15:00,1.16298,1.16304,1.16315,1.16295,919,1779917399.093,EURUSD
1,2026-05-27 21:30:00,1.16304,1.16291,1.16312,1.16284,1040,1779918299.093,EURUSD
1,2026-05-27 21:45:00,1.16291,1.16292,1.16312,1.16254,1166,1779919199.026,EURUSD
1,2026-05-27 22:00:00,1.16292,1.16302,1.16302,1.16277,1004,1779920099.014,EURUSD
1,2026-05-27 22:15:00,1.16302,1.16281,1.16304,1.1628,1021,1779920999.014,EURUSD
1,2026-05-27 22:30:00,1.16281,1.16271,1.16296,1.16269,1024,1779921899.003,EURUSD
1,2026-05-27 22:45:00,1.16271,1.16261,1.16271,1.1626,996,1779922798.002,EURUSD
1,2026-05-27 23:00:00,1.16261,1.16278,1.16281,1.16257,989,1779923699.002,EURUSD
1,2026-05-27 23:15:00,1.16278,1.16219,1.16287,1.16216,1193,1779924599.033,EURUSD
1,2026-05-27 23:30:00,1.16219,1.16221,1.16228,1.16206,1165,1779925499.011,EURUSD
1,2026-05-27 23:45:00,1.16221,1.16176,1.16221,1.1616,1181,1779926399.097,EURUSD
1,2026-05-28 00:00:00,1.16176,1.16202,1.16209,1.16166,1523,1779927299.011,EURUSD
1,2026-05-28 00:15:00,1.16202,1.16233,1.16234,1.16199,1358,1779928199.094,EURUSD
1,2026-05-28 00:30:00,1.16233,1.16199,1.16236,1.16196,1352,1779929099.894,EURUSD
1,2026-05-28 00:45:00,1.16199,1.16207,1.16213,1.16169,1386,1779929999.393,EURUSD
1,2026-05-28 01:00:00,1.16207,1.16196,1.16213,1.16179,1433,1779930899.004,EURUSD
1,2026-05-28 01:15:00,1.16196,1.16186,1.16204,1.16184,1390,1779931799.013,EURUSD
1,2026-05-28 01:30:00,1.16186,1.16161,1.16197,1.16159,1391,1779932699.833,EURUSD
1,2026-05-28 01:45:00,1.16161,1.16101,1.16162,1.16092,1483,1779933599.802,EURUSD
1,2026-05-28 02:00:00,1.16101,1.16127,1.16127,1.16095,1468,1779934499.0,EURUSD
1,2026-05-28 02:15:00,1.16127,1.16136,1.16143,1.16121,1177,1779935399.029,EURUSD
1,2026-05-28 02:30:00,1.16136,1.16119,1.16153,1.16113,1221,1779936299.793,EURUSD
1,2026-05-28 02:45:00,1.16119,1.16126,1.16128,1.16105,1269,1779937199.004,EURUSD
1,2026-05-28 03:00:00,1.16126,1.16058,1.16138,1.16057,1403,1779938099.016,EURUSD
1,2026-05-28 03:15:00,1.16058,1.16011,1.16058,1.16009,1575,1779938999.037,EURUSD
1,2026-05-28 03:30:00,1.16011,1.15931,1.16011,1.15928,1974,1779939899.033,EURUSD
1,2026-05-28 03:45:00,1.15931,1.15871,1.15943,1.15871,1666,1779940799.592,EURUSD
1,2026-05-28 04:00:00,1.15871,1.15911,1.15914,1.15863,1659,1779941699.095,EURUSD
1,2026-05-28 04:15:00,1.15911,1.15881,1.15918,1.15879,1663,1779942599.193,EURUSD
1,2026-05-28 04:30:00,1.15881,1.15918,1.15928,1.1588,1329,1779943499.094,EURUSD
1,2026-05-28 04:45:00,1.15918,1.15918,1.15924,1.15903,1149,1779944399.004,EURUSD
1,2026-05-28 05:00:00,1.15918,1.1591,1.15933,1.15891,1314,1779945299.493,EURUSD
1,2026-05-28 05:15:00,1.15909,1.15943,1.15951,1.15902,1387,1779946199.093,EURUSD
1,2026-05-28 05:30:00,1.15943,1.15997,1.16002,1.15943,1637,1779947099.022,EURUSD
1,2026-05-28 05:45:00,1.15997,1.15992,1.16021,1.15992,1333,1779947999.492,EURUSD
1,2026-05-28 06:00:00,1.15992,1.16041,1.16049,1.15985,1657,1779948899.04,EURUSD
1,2026-05-28 06:15:00,1.16041,1.16071,1.16092,1.16032,1702,1779949799.032,EURUSD
1,2026-05-28 06:30:00,1.16071,1.16078,1.16098,1.16055,1604,1779950699.925,EURUSD
1,2026-05-28 06:45:00,1.16078,1.16103,1.16122,1.16061,1517,1779951599.997,EURUSD
1,2026-05-28 07:00:00,1.16102,1.16171,1.16177,1.16102,1716,1779952499.995,EURUSD
1,2026-05-28 07:15:00,1.16173,1.16125,1.16173,1.16123,1806,1779953399.699,EURUSD
1,2026-05-28 07:30:00,1.16125,1.16125,1.1614,1.16101,1728,1779954299.094,EURUSD
1,2026-05-28 07:45:00,1.16125,1.16118,1.16139,1.16112,1525,1779955199.694,EURUSD
1,2026-05-28 08:00:00,1.16118,1.16112,1.1616,1.16094,1691,1779956099.026,EURUSD
1,2026-05-28 08:15:00,1.16112,1.16095,1.16122,1.16067,1617,1779956999.294,EURUSD
1,2026-05-28 08:30:00,1.16095,1.16107,1.16121,1.1609,1493,1779957899.393,EURUSD
1,2026-05-28 08:45:00,1.16107,1.16156,1.16169,1.16104,1414,1779958799.094,EURUSD
1,2026-05-28 09:00:00,1.16156,1.16182,1.16182,1.16145,1493,1779959699.014,EURUSD
1,2026-05-28 09:15:00,1.16182,1.16179,1.16193,1.16156,1543,1779960599.693,EURUSD
1,2026-05-28 09:30:00,1.16179,1.16166,1.16185,1.16142,1484,1779961499.023,EURUSD
1,2026-05-28 09:45:00,1.16166,1.16132,1.16179,1.1613,1495,1779962399.015,EURUSD
1,2026-05-28 10:00:00,1.16132,1.1613,1.16141,1.1609,1503,1779963299.194,EURUSD
1,2026-05-28 10:15:00,1.16129,1.16146,1.16156,1.16099,1523,1779964198.595,EURUSD
1,2026-05-28 10:30:00,1.16146,1.16063,1.16147,1.16058,1498,1779965099.496,EURUSD
1,2026-05-28 10:45:00,1.16063,1.16037,1.16107,1.16037,1895,1779965999.922,EURUSD
1,2026-05-28 11:00:00,1.16037,1.16079,1.16082,1.16036,1784,1779966899.335,EURUSD
1,2026-05-28 11:15:00,1.16079,1.16109,1.16112,1.16077,1369,1779967799.002,EURUSD
1,2026-05-28 11:30:00,1.16109,1.16114,1.1612,1.1608,1459,1779968699.015,EURUSD
1,2026-05-28 11:45:00,1.16114,1.16169,1.16228,1.16105,1981,1779969599.493,EURUSD
1,2026-05-28 12:00:00,1.16169,1.16193,1.16197,1.16157,1713,1779970499.093,EURUSD
1,2026-05-28 12:15:00,1.16193,1.16234,1.16257,1.16189,1741,1779971399.995,EURUSD
1,2026-05-28 12:30:00,1.16236,1.16325,1.16345,1.16236,2646,1779972299.994,EURUSD
1,2026-05-28 12:45:00,1.16325,1.16365,1.16384,1.16321,2247,1779973199.092,EURUSD
1,2026-05-28 13:00:00,1.16365,1.16329,1.16431,1.16328,2354,1779974099.796,EURUSD
1,2026-05-28 13:15:00,1.16328,1.1633,1.16355,1.16328,1766,1779974999.727,EURUSD
1,2026-05-28 13:30:00,1.16329,1.16375,1.16387,1.16321,2192,1779975899.009,EURUSD
1,2026-05-28 13:45:00,1.16375,1.16307,1.16386,1.16291,1873,1779976799.093,EURUSD
1,2026-05-28 14:00:00,1.16307,1.16464,1.16542,1.1627,3268,1779977699.702,EURUSD
1,2026-05-28 14:15:00,1.16463,1.16542,1.1658,1.1642,3792,1779978599.894,EURUSD
1,2026-05-28 14:30:00,1.16542,1.16519,1.1657,1.16467,3188,1779979499.827,EURUSD
1,2026-05-28 14:45:00,1.16519,1.16477,1.16555,1.1643,3400,1779980399.093,EURUSD
1,2026-05-28 15:00:00,1.16479,1.16536,1.16555,1.16477,2667,1779981299.732,EURUSD
1,2026-05-28 15:15:00,1.16535,1.16531,1.16546,1.16505,2208,1779982199.092,EURUSD
1,2026-05-28 15:30:00,1.16531,1.16512,1.16568,1.16497,2035,1779983099.791,EURUSD
1,2026-05-28 15:45:00,1.16512,1.16481,1.16538,1.16478,1767,1779983999.938,EURUSD
1,2026-05-28 16:00:00,1.16481,1.16504,1.16508,1.16456,1772,1779984899.0,EURUSD
1,2026-05-28 16:15:00,1.16504,1.16573,1.16614,1.16493,2289,1779985799.006,EURUSD
1,2026-05-28 16:30:00,1.16573,1.16563,1.16596,1.16539,1928,1779986699.892,EURUSD
1,2026-05-28 16:45:00,1.16566,1.16568,1.16589,1.16535,1846,1779987599.897,EURUSD
1,2026-05-28 17:00:00,1.16568,1.16549,1.16575,1.16535,1590,1779988499.392,EURUSD
1,2026-05-28 17:15:00,1.16549,1.1651,1.16551,1.16508,1577,1779989399.03,EURUSD
1,2026-05-28 17:30:00,1.1651,1.16513,1.16539,1.16509,1372,1779990299.029,EURUSD
1,2026-05-28 17:45:00,1.16513,1.16534,1.16544,1.16513,1387,1779991199.595,EURUSD
1,2026-05-28 18:00:00,1.16534,1.16522,1.1655,1.16501,1655,1779992099.595,EURUSD
1,2026-05-28 18:15:00,1.16522,1.1649,1.16555,1.16485,2037,1779992999.594,EURUSD
1,2026-05-28 18:30:00,1.16491,1.16475,1.16494,1.16465,1544,1779993899.002,EURUSD
1,2026-05-28 18:45:00,1.16475,1.1648,1.16502,1.16474,1441,1779994799.492,EURUSD
1,2026-05-28 19:00:00,1.1648,1.16473,1.16492,1.16464,1468,1779995699.004,EURUSD
1,2026-05-28 19:15:00,1.16473,1.1649,1.16491,1.16471,1201,1779996598.493,EURUSD
1,2026-05-28 19:30:00,1.1649,1.16501,1.16512,1.1649,1349,1779997499.001,EURUSD
1,2026-05-28 19:45:00,1.16501,1.16476,1.16517,1.16469,1508,1779998399.994,EURUSD
1,2026-05-28 20:00:00,1.16477,1.16472,1.1648,1.1645,1263,1779999299.092,EURUSD
1,2026-05-28 20:15:00,1.16472,1.16466,1.16478,1.16461,1160,1780000199.992,EURUSD
1,2026-05-28 20:30:00,1.16466,1.16477,1.16484,1.16465,1073,1780001099.009,EURUSD
1,2026-05-28 20:45:00,1.16477,1.16515,1.16518,1.16477,1086,1780001999.431,EURUSD
1,2026-05-28 21:00:00,1.16515,1.16523,1.16533,1.16495,894,1780002899.023,EURUSD
1,2026-05-28 21:15:00,1.16523,1.16517,1.16524,1.16514,908,1780003799.029,EURUSD
1,2026-05-28 21:30:00,1.16517,1.1651,1.16519,1.1651,980,1780004699.995,EURUSD
1,2026-05-28 21:45:00,1.1651,1.16513,1.16517,1.1651,1045,1780005599.393,EURUSD
1,2026-05-28 22:00:00,1.16513,1.16521,1.16522,1.16505,1070,1780006499.001,EURUSD
1,2026-05-28 22:15:00,1.16521,1.16517,1.16522,1.16513,907,1780007399.093,EURUSD
1,2026-05-28 22:30:00,1.16517,1.16507,1.16517,1.16503,975,1780008298.037,EURUSD
1,2026-05-28 22:45:00,1.16507,1.16502,1.16517,1.165,955,1780009199.0,EURUSD
1,2026-05-28 23:00:00,1.16502,1.16517,1.16532,1.16502,1121,1780010099.093,EURUSD
1,2026-05-28 23:15:00,1.16517,1.16516,1.16522,1.16513,1037,1780010999.093,EURUSD
1,2026-05-28 23:30:00,1.16516,1.16517,1.16525,1.16506,1040,1780011899.032,EURUSD
1,2026-05-28 23:45:00,1.16517,1.16525,1.16532,1.16514,1056,1780012799.008,EURUSD
1,2026-05-29 00:00:00,1.16525,1.16535,1.16547,1.16521,1528,1780013699.014,EURUSD
1,2026-05-29 00:15:00,1.16535,1.16539,1.16557,1.16525,1355,1780014599.01,EURUSD
1,2026-05-29 00:30:00,1.16539,1.16515,1.16539,1.16498,1394,1780015499.692,EURUSD
1,2026-05-29 00:45:00,1.16515,1.16488,1.16521,1.16475,1343,1780016399.892,EURUSD
1,2026-05-29 01:00:00,1.16488,1.16552,1.16559,1.16478,1608,1780017299.092,EURUSD
1,2026-05-29 01:15:00,1.16552,1.1654,1.16565,1.16537,1551,1780018199.193,EURUSD
1,2026-05-29 01:30:00,1.1654,1.16495,1.1654,1.16492,1418,1780019099.295,EURUSD
1,2026-05-29 01:45:00,1.16495,1.16447,1.16495,1.16434,1464,1780019999.792,EURUSD
1,2026-05-29 02:00:00,1.16446,1.16473,1.16475,1.16436,1453,1780020899.393,EURUSD
1,2026-05-29 02:15:00,1.16473,1.16465,1.16479,1.16457,1279,1780021799.499,EURUSD
1,2026-05-29 02:30:00,1.16465,1.16485,1.16493,1.16458,1220,1780022699.793,EURUSD
1,2026-05-29 02:45:00,1.16485,1.16448,1.16493,1.16447,1120,1780023599.094,EURUSD
1,2026-05-29 03:00:00,1.16448,1.16409,1.16451,1.16403,1256,1780024498.092,EURUSD
1,2026-05-29 03:15:00,1.16409,1.1641,1.16418,1.16397,1335,1780025399.895,EURUSD
1,2026-05-29 03:30:00,1.1641,1.16385,1.16414,1.16363,1251,1780026299.593,EURUSD
1,2026-05-29 03:45:00,1.16385,1.16373,1.16391,1.16361,1335,1780027199.094,EURUSD
1,2026-05-29 04:00:00,1.16373,1.16377,1.16392,1.16369,1204,1780028099.094,EURUSD
1,2026-05-29 04:15:00,1.16377,1.16358,1.1638,1.16355,1215,1780028999.894,EURUSD
1,2026-05-29 04:30:00,1.16358,1.16389,1.16393,1.16343,1172,1780029899.092,EURUSD
1,2026-05-29 04:45:00,1.16389,1.16392,1.16392,1.1637,1146,1780030799.792,EURUSD
1,2026-05-29 05:00:00,1.16392,1.16423,1.16426,1.16382,1242,1780031699.094,EURUSD
1,2026-05-29 05:15:00,1.16423,1.16416,1.16437,1.16412,1169,1780032598.04,EURUSD
1,2026-05-29 05:30:00,1.16416,1.16401,1.16424,1.16397,1236,1780033499.016,EURUSD
1,2026-05-29 05:45:00,1.16401,1.16421,1.16428,1.16396,1211,1780034399.092,EURUSD
1,2026-05-29 06:00:00,1.16421,1.16478,1.16479,1.16421,1583,1780035299.019,EURUSD
1,2026-05-29 06:15:00,1.16478,1.16456,1.16478,1.16453,1458,1780036199.094,EURUSD
1,2026-05-29 06:30:00,1.16456,1.16495,1.16501,1.16451,1599,1780037099.995,EURUSD
1,2026-05-29 06:45:00,1.16495,1.16535,1.16545,1.16488,1633,1780037999.994,EURUSD
1,2026-05-29 07:00:00,1.16535,1.16491,1.16535,1.16486,1683,1780038899.092,EURUSD
1,2026-05-29 07:15:00,1.16491,1.16436,1.16507,1.16415,1742,1780039799.092,EURUSD
1,2026-05-29 07:30:00,1.16436,1.16433,1.16445,1.16379,1773,1780040699.02,EURUSD
1,2026-05-29 07:45:00,1.16433,1.16421,1.16447,1.16397,1490,1780041599.392,EURUSD
1,2026-05-29 08:00:00,1.16414,1.16351,1.16414,1.16342,1937,1780042499.092,EURUSD
1,2026-05-29 08:15:00,1.16351,1.16389,1.16392,1.16338,1740,1780043399.492,EURUSD
1,2026-05-29 08:30:00,1.16387,1.16373,1.16397,1.16358,1713,1780044299.494,EURUSD
1,2026-05-29 08:45:00,1.16373,1.16281,1.16373,1.1625,1847,1780045199.0,EURUSD
1,2026-05-29 09:00:00,1.16281,1.16363,1.16365,1.16267,1776,1780046099.025,EURUSD
1,2026-05-29 09:15:00,1.16363,1.16365,1.16385,1.16342,1661,1780046999.907,EURUSD
1,2026-05-29 09:30:00,1.16365,1.16368,1.16373,1.16331,1597,1780047899.896,EURUSD
1,2026-05-29 09:45:00,1.16368,1.16417,1.16429,1.16366,1713,1780048799.908,EURUSD
1,2026-05-29 10:00:00,1.16417,1.16451,1.16453,1.1638,1530,1780049699.002,EURUSD
1,2026-05-29 10:15:00,1.16451,1.16426,1.16451,1.164,1519,1780050599.028,EURUSD
1,2026-05-29 10:30:00,1.16426,1.16426,1.16445,1.16413,1363,1780051499.043,EURUSD
1,2026-05-29 10:45:00,1.16426,1.16431,1.16441,1.16407,1469,1780052399.014,EURUSD
1,2026-05-29 11:00:00,1.16431,1.16424,1.1645,1.1641,1456,1780053299.092,EURUSD
1,2026-05-29 11:15:00,1.16424,1.16434,1.16437,1.16399,1582,1780054199.0,EURUSD
1,2026-05-29 11:30:00,1.16434,1.16457,1.16469,1.16405,1454,1780055099.091,EURUSD
1,2026-05-29 11:45:00,1.16457,1.16478,1.16483,1.16414,1857,1780055999.993,EURUSD
1,2026-05-29 12:00:00,1.16478,1.16458,1.16487,1.1643,1623,1780056899.041,EURUSD
1,2026-05-29 12:15:00,1.16458,1.16464,1.16473,1.16439,1507,1780057799.994,EURUSD
1,2026-05-29 12:30:00,1.16464,1.16453,1.16471,1.16413,1752,1780058699.593,EURUSD
1,2026-05-29 12:45:00,1.16453,1.1649,1.16491,1.16439,1754,1780059599.092,EURUSD
1,2026-05-29 13:00:00,1.1649,1.16475,1.16495,1.16465,1915,1780060499.002,EURUSD
1,2026-05-29 13:15:00,1.16475,1.165,1.16533,1.16474,1667,1780061399.031,EURUSD
1,2026-05-29 13:30:00,1.165,1.16508,1.16522,1.16481,1827,1780062299.095,EURUSD
1,2026-05-29 13:45:00,1.16508,1.16474,1.16512,1.16448,1943,1780063199.094,EURUSD
1,2026-05-29 14:00:00,1.16474,1.16436,1.16511,1.16433,2176,1780064099.495,EURUSD
1,2026-05-29 14:15:00,1.16436,1.16461,1.16463,1.16419,2202,1780064999.894,EURUSD
1,2026-05-29 14:30:00,1.16461,1.16477,1.16482,1.16405,2479,1780065899.839,EURUSD
1,2026-05-29 14:45:00,1.16477,1.16687,1.16745,1.16468,4097,1780066799.799,EURUSD
1,2026-05-29 15:00:00,1.16687,1.16763,1.1678,1.16674,3102,1780067699.493,EURUSD
1,2026-05-29 15:15:00,1.16765,1.16752,1.16819,1.1674,2358,1780068599.993,EURUSD
1,2026-05-29 15:30:00,1.16752,1.16761,1.1686,1.16743,2911,1780069499.293,EURUSD
1,2026-05-29 15:45:00,1.16761,1.16782,1.16805,1.16757,2195,1780070399.893,EURUSD
1,2026-05-29 16:00:00,1.16782,1.16697,1.16792,1.16695,2023,1780071299.798,EURUSD
1,2026-05-29 16:15:00,1.16697,1.16697,1.16711,1.16678,1590,1780072199.501,EURUSD
1,2026-05-29 16:30:00,1.16697,1.16709,1.16748,1.16667,1997,1780073099.037,EURUSD
1,2026-05-29 16:45:00,1.16709,1.16722,1.16724,1.16691,1612,1780073999.027,EURUSD
1,2026-05-29 17:00:00,1.16722,1.16692,1.16734,1.16688,1512,1780074899.001,EURUSD
1,2026-05-29 17:15:00,1.16692,1.16678,1.16707,1.1666,1538,1780075799.094,EURUSD
1,2026-05-29 17:30:00,1.16678,1.16644,1.16683,1.16633,1367,1780076699.001,EURUSD
1,2026-05-29 17:45:00,1.16644,1.16623,1.16657,1.16621,1567,1780077599.094,EURUSD
1,2026-05-29 18:00:00,1.16623,1.16643,1.16643,1.16616,1444,1780078499.191,EURUSD
1,2026-05-29 18:15:00,1.16641,1.16646,1.16659,1.16625,1519,1780079399.795,EURUSD
1,2026-05-29 18:30:00,1.16647,1.16653,1.16687,1.16646,1414,1780080299.094,EURUSD
1,2026-05-29 18:45:00,1.16653,1.16643,1.16678,1.16606,1818,1780081199.893,EURUSD
1,2026-05-29 19:00:00,1.16643,1.16681,1.16693,1.16642,1376,1780082099.892,EURUSD
1,2026-05-29 19:15:00,1.16681,1.16681,1.16695,1.16656,1407,1780082999.001,EURUSD
1,2026-05-29 19:30:00,1.16681,1.16677,1.16689,1.16664,1454,1780083899.008,EURUSD
1,2026-05-29 19:45:00,1.16677,1.16647,1.16678,1.16637,1847,1780084799.993,EURUSD
1,2026-05-29 20:00:00,1.16647,1.1663,1.16649,1.16617,1353,1780085699.092,EURUSD
1,2026-05-29 20:15:00,1.1663,1.16613,1.16632,1.16609,1090,1780086599.093,EURUSD
1,2026-05-29 20:30:00,1.16614,1.16621,1.16627,1.16604,1195,1780087499.014,EURUSD
1,2026-05-29 20:45:00,1.16621,1.16595,1.16627,1.16587,1603,1780088399.234,EURUSD
1,2026-05-29 21:00:00,1.16595,1.16595,1.16595,1.16595,1,1780088400.071,EURUSD
1,2026-05-29 21:15:00,1.16595,1.16595,1.16595,1.16595,0,1780089300.0,EURUSD
1,2026-05-29 21:30:00,1.16595,1.16595,1.16595,1.16595,0,1780090200.0,EURUSD
1,2026-05-29 21:45:00,1.16595,1.16595,1.16595,1.16595,0,1780091100.0,EURUSD
1,2026-05-29 22:00:00,1.16595,1.16595,1.16595,1.16595,0,1780092000.0,EURUSD
1,2026-05-29 22:15:00,1.16595,1.16595,1.16595,1.16595,0,1780092900.0,EURUSD
1,2026-05-29 22:30:00,1.16595,1.16595,1.16595,1.16595,0,1780093800.0,EURUSD
1,2026-05-29 22:45:00,1.16595,1.16595,1.16595,1.16595,0,1780094700.0,EURUSD
1,2026-05-29 23:00:00,1.16595,1.16595,1.16595,1.16595,0,1780095600.0,EURUSD
1,2026-05-29 23:15:00,1.16595,1.16595,1.16595,1.16595,0,1780096500.0,EURUSD
1,2026-05-29 23:30:00,1.16595,1.16595,1.16595,1.16595,0,1780097400.0,EURUSD
1,2026-05-29 23:45:00,1.16595,1.16595,1.16595,1.16595,0,1780098300.0,EURUSD
1,2026-05-30 00:00:00,1.16595,1.16595,1.16595,1.16595,0,1780099200.0,EURUSD
1,2026-05-30 00:15:00,1.16595,1.16595,1.16595,1.16595,0,1780100100.0,EURUSD
1,2026-05-30 00:30:00,1.16595,1.16595,1.16595,1.16595,0,1780101000.0,EURUSD
1,2026-05-30 00:45:00,1.16595,1.16595,1.16595,1.16595,0,1780101900.0,EURUSD
1,2026-05-30 01:00:00,1.16595,1.16595,1.16595,1.16595,0,1780102800.0,EURUSD
1,2026-05-30 01:15:00,1.16595,1.16595,1.16595,1.16595,0,1780103700.0,EURUSD
1,2026-05-30 01:30:00,1.16595,1.16595,1.16595,1.16595,0,1780104600.0,EURUSD
1,2026-05-30 01:45:00,1.16595,1.16595,1.16595,1.16595,0,1780105500.0,EURUSD
1,2026-05-30 02:00:00,1.16595,1.16595,1.16595,1.16595,0,1780106400.0,EURUSD
1,2026-05-30 02:15:00,1.16595,1.16595,1.16595,1.16595,0,1780107300.0,EURUSD
1,2026-05-30 02:30:00,1.16595,1.16595,1.16595,1.16595,0,1780108200.0,EURUSD
1,2026-05-30 02:45:00,1.16595,1.16595,1.16595,1.16595,0,1780109100.0,EURUSD
1,2026-05-30 03:00:00,1.16595,1.16595,1.16595,1.16595,0,1780110000.0,EURUSD
1,2026-05-30 03:15:00,1.16595,1.16595,1.16595,1.16595,0,1780110900.0,EURUSD
1,2026-05-30 03:30:00,1.16595,1.16595,1.16595,1.16595,0,1780111800.0,EURUSD
1,2026-05-30 03:45:00,1.16595,1.16595,1.16595,1.16595,0,1780112700.0,EURUSD
1,2026-05-30 04:00:00,1.16595,1.16595,1.16595,1.16595,0,1780113600.0,EURUSD
1,2026-05-30 04:15:00,1.16595,1.16595,1.16595,1.16595,0,1780114500.0,EURUSD
1,2026-05-30 04:30:00,1.16595,1.16595,1.16595,1.16595,0,1780115400.0,EURUSD
1,2026-05-30 04:45:00,1.16595,1.16595,1.16595,1.16595,0,1780116300.0,EURUSD
1,2026-05-30 05:00:00,1.16595,1.16595,1.16595,1.16595,0,1780117200.0,EURUSD
1,2026-05-30 05:15:00,1.16595,1.16595,1.16595,1.16595,0,1780118100.0,EURUSD
1,2026-05-30 05:30:00,1.16595,1.16595,1.16595,1.16595,0,1780119000.0,EURUSD
1,2026-05-30 05:45:00,1.16595,1.16595,1.16595,1.16595,0,1780119900.0,EURUSD
1,2026-05-30 06:00:00,1.16595,1.16595,1.16595,1.16595,0,1780120800.0,EURUSD
1,2026-05-30 06:15:00,1.16595,1.16595,1.16595,1.16595,0,1780121700.0,EURUSD
1,2026-05-30 06:30:00,1.16595,1.16595,1.16595,1.16595,0,1780122600.0,EURUSD
1,2026-05-30 06:45:00,1.16595,1.16595,1.16595,1.16595,0,1780123500.0,EURUSD
1,2026-05-30 07:00:00,1.16595,1.16595,1.16595,1.16595,0,1780124400.0,EURUSD
1,2026-05-30 07:15:00,1.16595,1.16595,1.16595,1.16595,0,1780125300.0,EURUSD
1,2026-05-30 07:30:00,1.16595,1.16595,1.16595,1.16595,0,1780126200.0,EURUSD
1,2026-05-30 07:45:00,1.16595,1.16595,1.16595,1.16595,0,1780127100.0,EURUSD
1,2026-05-30 08:00:00,1.16595,1.16595,1.16595,1.16595,0,1780128000.0,EURUSD
1,2026-05-30 08:15:00,1.16595,1.16595,1.16595,1.16595,0,1780128900.0,EURUSD
1,2026-05-30 08:30:00,1.16595,1.16595,1.16595,1.16595,0,1780129800.0,EURUSD
1,2026-05-30 08:45:00,1.16595,1.16595,1.16595,1.16595,0,1780130700.0,EURUSD
1,2026-05-30 09:00:00,1.16595,1.16595,1.16595,1.16595,0,1780131600.0,EURUSD
1,2026-05-30 09:15:00,1.16595,1.16595,1.16595,1.16595,0,1780132500.0,EURUSD
1,2026-05-30 09:30:00,1.16595,1.16595,1.16595,1.16595,0,1780133400.0,EURUSD
1,2026-05-30 09:45:00,1.16595,1.16595,1.16595,1.16595,0,1780134300.0,EURUSD
1,2026-05-30 10:00:00,1.16595,1.16595,1.16595,1.16595,0,1780135200.0,EURUSD
1,2026-05-30 10:15:00,1.16595,1.16595,1.16595,1.16595,0,1780136100.0,EURUSD
1,2026-05-30 10:30:00,1.16595,1.16595,1.16595,1.16595,0,1780137000.0,EURUSD
1,2026-05-30 10:45:00,1.16595,1.16595,1.16595,1.16595,0,1780137900.0,EURUSD
1,2026-05-30 11:00:00,1.16595,1.16595,1.16595,1.16595,0,1780138800.0,EURUSD
1,2026-05-30 11:15:00,1.16595,1.16595,1.16595,1.16595,0,1780139700.0,EURUSD
1,2026-05-30 11:30:00,1.16595,1.16595,1.16595,1.16595,0,1780140600.0,EURUSD
1,2026-05-30 11:45:00,1.16595,1.16595,1.16595,1.16595,0,1780141500.0,EURUSD
1,2026-05-30 12:00:00,1.16595,1.16595,1.16595,1.16595,0,1780142400.0,EURUSD
1,2026-05-30 12:15:00,1.16595,1.16595,1.16595,1.16595,0,1780143300.0,EURUSD
1,2026-05-30 12:30:00,1.16595,1.16595,1.16595,1.16595,0,1780144200.0,EURUSD
1,2026-05-30 12:45:00,1.16595,1.16595,1.16595,1.16595,0,1780145100.0,EURUSD
1,2026-05-30 13:00:00,1.16595,1.16595,1.16595,1.16595,0,1780146000.0,EURUSD
1,2026-05-30 13:15:00,1.16595,1.16595,1.16595,1.16595,0,1780146900.0,EURUSD
1,2026-05-30 13:30:00,1.16595,1.16595,1.16595,1.16595,0,1780147800.0,EURUSD
1,2026-05-30 13:45:00,1.16595,1.16595,1.16595,1.16595,0,1780148700.0,EURUSD
1,2026-05-30 14:00:00,1.16595,1.16595,1.16595,1.16595,0,1780149600.0,EURUSD
1,2026-05-30 14:15:00,1.16595,1.16595,1.16595,1.16595,0,1780150500.0,EURUSD
1,2026-05-30 14:30:00,1.16595,1.16595,1.16595,1.16595,0,1780151400.0,EURUSD
1,2026-05-30 14:45:00,1.16595,1.16595,1.16595,1.16595,0,1780152300.0,EURUSD
1,2026-05-30 15:00:00,1.16595,1.16595,1.16595,1.16595,0,1780153200.0,EURUSD
1,2026-05-30 15:15:00,1.16595,1.16595,1.16595,1.16595,0,1780154100.0,EURUSD
1,2026-05-30 15:30:00,1.16595,1.16595,1.16595,1.16595,0,1780155000.0,EURUSD
1,2026-05-30 15:45:00,1.16595,1.16595,1.16595,1.16595,0,1780155900.0,EURUSD
1,2026-05-30 16:00:00,1.16595,1.16595,1.16595,1.16595,0,1780156800.0,EURUSD
1,2026-05-30 16:15:00,1.16595,1.16595,1.16595,1.16595,0,1780157700.0,EURUSD
1,2026-05-30 16:30:00,1.16595,1.16595,1.16595,1.16595,0,1780158600.0,EURUSD
1,2026-05-30 16:45:00,1.16595,1.16595,1.16595,1.16595,0,1780159500.0,EURUSD
1,2026-05-30 17:00:00,1.16595,1.16595,1.16595,1.16595,0,1780160400.0,EURUSD
1,2026-05-30 17:15:00,1.16595,1.16595,1.16595,1.16595,0,1780161300.0,EURUSD
1,2026-05-30 17:30:00,1.16595,1.16595,1.16595,1.16595,0,1780162200.0,EURUSD
1,2026-05-30 17:45:00,1.16595,1.16595,1.16595,1.16595,0,1780163100.0,EURUSD
1,2026-05-30 18:00:00,1.16595,1.16595,1.16595,1.16595,0,1780164000.0,EURUSD
1,2026-05-30 18:15:00,1.16595,1.16595,1.16595,1.16595,0,1780164900.0,EURUSD
1,2026-05-30 18:30:00,1.16595,1.16595,1.16595,1.16595,0,1780165800.0,EURUSD
1,2026-05-30 18:45:00,1.16595,1.16595,1.16595,1.16595,0,1780166700.0,EURUSD
1,2026-05-30 19:00:00,1.16595,1.16595,1.16595,1.16595,0,1780167600.0,EURUSD
1,2026-05-30 19:15:00,1.16595,1.16595,1.16595,1.16595,0,1780168500.0,EURUSD
1,2026-05-30 19:30:00,1.16595,1.16595,1.16595,1.16595,0,1780169400.0,EURUSD
1,2026-05-30 19:45:00,1.16595,1.16595,1.16595,1.16595,0,1780170300.0,EURUSD
1,2026-05-30 20:00:00,1.16595,1.16595,1.16595,1.16595,0,1780171200.0,EURUSD
1,2026-05-30 20:15:00,1.16595,1.16595,1.16595,1.16595,0,1780172100.0,EURUSD
1,2026-05-30 20:30:00,1.16595,1.16595,1.16595,1.16595,0,1780173000.0,EURUSD
1,2026-05-30 20:45:00,1.16595,1.16595,1.16595,1.16595,0,1780173900.0,EURUSD
1,2026-05-30 21:00:00,1.16595,1.16595,1.16595,1.16595,0,1780174800.0,EURUSD
1,2026-05-30 21:15:00,1.16595,1.16595,1.16595,1.16595,0,1780175700.0,EURUSD
1,2026-05-30 21:30:00,1.16595,1.16595,1.16595,1.16595,0,1780176600.0,EURUSD
1,2026-05-30 21:45:00,1.16595,1.16595,1.16595,1.16595,0,1780177500.0,EURUSD
1,2026-05-30 22:00:00,1.16595,1.16595,1.16595,1.16595,0,1780178400.0,EURUSD
1,2026-05-30 22:15:00,1.16595,1.16595,1.16595,1.16595,0,1780179300.0,EURUSD
1,2026-05-30 22:30:00,1.16595,1.16595,1.16595,1.16595,0,1780180200.0,EURUSD
1,2026-05-30 22:45:00,1.16595,1.16595,1.16595,1.16595,0,1780181100.0,EURUSD
1,2026-05-30 23:00:00,1.16595,1.16595,1.16595,1.16595,0,1780182000.0,EURUSD
1,2026-05-30 23:15:00,1.16595,1.16595,1.16595,1.16595,0,1780182900.0,EURUSD
1,2026-05-30 23:30:00,1.16595,1.16595,1.16595,1.16595,0,1780183800.0,EURUSD
1,2026-05-30 23:45:00,1.16595,1.16595,1.16595,1.16595,0,1780184700.0,EURUSD
1,2026-05-31 00:00:00,1.16595,1.16595,1.16595,1.16595,0,1780185600.0,EURUSD
1,2026-05-31 00:15:00,1.16595,1.16595,1.16595,1.16595,0,1780186500.0,EURUSD
1,2026-05-31 00:30:00,1.16595,1.16595,1.16595,1.16595,0,1780187400.0,EURUSD
1,2026-05-31 00:45:00,1.16595,1.16595,1.16595,1.16595,0,1780188300.0,EURUSD
1,2026-05-31 01:00:00,1.16595,1.16595,1.16595,1.16595,0,1780189200.0,EURUSD
1,2026-05-31 01:15:00,1.16595,1.16595,1.16595,1.16595,0,1780190100.0,EURUSD
1,2026-05-31 01:30:00,1.16595,1.16595,1.16595,1.16595,0,1780191000.0,EURUSD
1,2026-05-31 01:45:00,1.16595,1.16595,1.16595,1.16595,0,1780191900.0,EURUSD
1,2026-05-31 02:00:00,1.16595,1.16595,1.16595,1.16595,0,1780192800.0,EURUSD
1,2026-05-31 02:15:00,1.16595,1.16595,1.16595,1.16595,0,1780193700.0,EURUSD
1,2026-05-31 02:30:00,1.16595,1.16595,1.16595,1.16595,0,1780194600.0,EURUSD
1,2026-05-31 02:45:00,1.16595,1.16595,1.16595,1.16595,0,1780195500.0,EURUSD
1,2026-05-31 03:00:00,1.16595,1.16595,1.16595,1.16595,0,1780196400.0,EURUSD
1,2026-05-31 03:15:00,1.16595,1.16595,1.16595,1.16595,0,1780197300.0,EURUSD
1,2026-05-31 03:30:00,1.16595,1.16595,1.16595,1.16595,0,1780198200.0,EURUSD
1,2026-05-31 03:45:00,1.16595,1.16595,1.16595,1.16595,0,1780199100.0,EURUSD
1,2026-05-31 04:00:00,1.16595,1.16595,1.16595,1.16595,0,1780200000.0,EURUSD
1,2026-05-31 04:15:00,1.16595,1.16595,1.16595,1.16595,0,1780200900.0,EURUSD
1,2026-05-31 04:30:00,1.16595,1.16595,1.16595,1.16595,0,1780201800.0,EURUSD
1,2026-05-31 04:45:00,1.16595,1.16595,1.16595,1.16595,0,1780202700.0,EURUSD
1,2026-05-31 05:00:00,1.16595,1.16595,1.16595,1.16595,0,1780203600.0,EURUSD
1,2026-05-31 05:15:00,1.16595,1.16595,1.16595,1.16595,0,1780204500.0,EURUSD
1,2026-05-31 05:30:00,1.16595,1.16595,1.16595,1.16595,0,1780205400.0,EURUSD
1,2026-05-31 05:45:00,1.16595,1.16595,1.16595,1.16595,0,1780206300.0,EURUSD
1,2026-05-31 06:00:00,1.16595,1.16595,1.16595,1.16595,0,1780207200.0,EURUSD
1,2026-05-31 06:15:00,1.16595,1.16595,1.16595,1.16595,0,1780208100.0,EURUSD
1,2026-05-31 06:30:00,1.16595,1.16595,1.16595,1.16595,0,1780209000.0,EURUSD
1,2026-05-31 06:45:00,1.16595,1.16595,1.16595,1.16595,0,1780209900.0,EURUSD
1,2026-05-31 07:00:00,1.16595,1.16595,1.16595,1.16595,0,1780210800.0,EURUSD
1,2026-05-31 07:15:00,1.16595,1.16595,1.16595,1.16595,0,1780211700.0,EURUSD
1,2026-05-31 07:30:00,1.16595,1.16595,1.16595,1.16595,0,1780212600.0,EURUSD
1,2026-05-31 07:45:00,1.16595,1.16595,1.16595,1.16595,0,1780213500.0,EURUSD
1,2026-05-31 08:00:00,1.16595,1.16595,1.16595,1.16595,0,1780214400.0,EURUSD
1,2026-05-31 08:15:00,1.16595,1.16595,1.16595,1.16595,0,1780215300.0,EURUSD
1,2026-05-31 08:30:00,1.16595,1.16595,1.16595,1.16595,0,1780216200.0,EURUSD
1,2026-05-31 08:45:00,1.16595,1.16595,1.16595,1.16595,0,1780217100.0,EURUSD
1,2026-05-31 09:00:00,1.16595,1.16595,1.16595,1.16595,0,1780218000.0,EURUSD
1,2026-05-31 09:15:00,1.16595,1.16595,1.16595,1.16595,0,1780218900.0,EURUSD
1,2026-05-31 09:30:00,1.16595,1.16595,1.16595,1.16595,0,1780219800.0,EURUSD
1,2026-05-31 09:45:00,1.16595,1.16595,1.16595,1.16595,0,1780220700.0,EURUSD
1,2026-05-31 10:00:00,1.16595,1.16595,1.16595,1.16595,0,1780221600.0,EURUSD
1,2026-05-31 10:15:00,1.16595,1.16595,1.16595,1.16595,0,1780222500.0,EURUSD
1,2026-05-31 10:30:00,1.16595,1.16595,1.16595,1.16595,0,1780223400.0,EURUSD
1,2026-05-31 10:45:00,1.16595,1.16595,1.16595,1.16595,0,1780224300.0,EURUSD
1,2026-05-31 11:00:00,1.16595,1.16595,1.16595,1.16595,0,1780225200.0,EURUSD
1,2026-05-31 11:15:00,1.16595,1.16595,1.16595,1.16595,0,1780226100.0,EURUSD
1,2026-05-31 11:30:00,1.16595,1.16595,1.16595,1.16595,0,1780227000.0,EURUSD
1,2026-05-31 11:45:00,1.16595,1.16595,1.16595,1.16595,0,1780227900.0,EURUSD
1,2026-05-31 12:00:00,1.16595,1.16595,1.16595,1.16595,0,1780228800.0,EURUSD
1,2026-05-31 12:15:00,1.16595,1.16595,1.16595,1.16595,0,1780229700.0,EURUSD
1,2026-05-31 12:30:00,1.16595,1.16595,1.16595,1.16595,0,1780230600.0,EURUSD
1,2026-05-31 12:45:00,1.16595,1.16595,1.16595,1.16595,0,1780231500.0,EURUSD
1,2026-05-31 13:00:00,1.16595,1.16595,1.16595,1.16595,0,1780232400.0,EURUSD
1,2026-05-31 13:15:00,1.16595,1.16595,1.16595,1.16595,0,1780233300.0,EURUSD
1,2026-05-31 13:30:00,1.16595,1.16595,1.16595,1.16595,0,1780234200.0,EURUSD
1,2026-05-31 13:45:00,1.16595,1.16595,1.16595,1.16595,0,1780235100.0,EURUSD
1,2026-05-31 14:00:00,1.16595,1.16595,1.16595,1.16595,0,1780236000.0,EURUSD
1,2026-05-31 14:15:00,1.16595,1.16595,1.16595,1.16595,0,1780236900.0,EURUSD
1,2026-05-31 14:30:00,1.16595,1.16595,1.16595,1.16595,0,1780237800.0,EURUSD
1,2026-05-31 14:45:00,1.16595,1.16595,1.16595,1.16595,0,1780238700.0,EURUSD
1,2026-05-31 15:00:00,1.16595,1.16595,1.16595,1.16595,0,1780239600.0,EURUSD
1,2026-05-31 15:15:00,1.16595,1.16595,1.16595,1.16595,0,1780240500.0,EURUSD
1,2026-05-31 15:30:00,1.16595,1.16595,1.16595,1.16595,0,1780241400.0,EURUSD
1,2026-05-31 15:45:00,1.16595,1.16595,1.16595,1.16595,0,1780242300.0,EURUSD
1,2026-05-31 16:00:00,1.16595,1.16595,1.16595,1.16595,0,1780243200.0,EURUSD
1,2026-05-31 16:15:00,1.16595,1.16595,1.16595,1.16595,0,1780244100.0,EURUSD
1,2026-05-31 16:30:00,1.16595,1.16595,1.16595,1.16595,0,1780245000.0,EURUSD
1,2026-05-31 16:45:00,1.16595,1.16595,1.16595,1.16595,0,1780245900.0,EURUSD
1,2026-05-31 17:00:00,1.16595,1.16595,1.16595,1.16595,0,1780246800.0,EURUSD
1,2026-05-31 17:15:00,1.16595,1.16595,1.16595,1.16595,0,1780247700.0,EURUSD
1,2026-05-31 17:30:00,1.16595,1.16595,1.16595,1.16595,0,1780248600.0,EURUSD
1,2026-05-31 17:45:00,1.16595,1.16595,1.16595,1.16595,0,1780249500.0,EURUSD
1,2026-05-31 18:00:00,1.16595,1.16595,1.16595,1.16595,0,1780250400.0,EURUSD
1,2026-05-31 18:15:00,1.16595,1.16595,1.16595,1.16595,0,1780251300.0,EURUSD
1,2026-05-31 18:30:00,1.16595,1.16595,1.16595,1.16595,0,1780252200.0,EURUSD
1,2026-05-31 18:45:00,1.16595,1.16595,1.16595,1.16595,0,1780253100.0,EURUSD
1,2026-05-31 19:00:00,1.16595,1.16595,1.16595,1.16595,0,1780254000.0,EURUSD
1,2026-05-31 19:15:00,1.16595,1.16595,1.16595,1.16595,0,1780254900.0,EURUSD
1,2026-05-31 19:30:00,1.16595,1.16595,1.16595,1.16595,0,1780255800.0,EURUSD
1,2026-05-31 19:45:00,1.16595,1.16595,1.16595,1.16595,0,1780256700.0,EURUSD
1,2026-05-31 20:00:00,1.16595,1.16548,1.16595,1.16547,591,1780258499.005,EURUSD
1,2026-05-31 20:15:00,1.16548,1.16545,1.16548,1.16545,857,1780259399.042,EURUSD
1,2026-05-31 20:30:00,1.16545,1.16542,1.16545,1.16542,861,1780260299.009,EURUSD
1,2026-05-31 20:45:00,1.16542,1.16558,1.16558,1.16542,873,1780261199.093,EURUSD
1,2026-05-31 21:00:00,1.16558,1.16559,1.16561,1.1655,877,1780262099.043,EURUSD
1,2026-05-31 21:15:00,1.16559,1.1656,1.16563,1.16549,891,1780262999.015,EURUSD
1,2026-05-31 21:30:00,1.1656,1.16585,1.16585,1.16549,932,1780263899.028,EURUSD
1,2026-05-31 21:45:00,1.16585,1.16602,1.16614,1.16575,941,1780264799.02,EURUSD
1,2026-05-31 22:00:00,1.16602,1.16541,1.16606,1.16512,1183,1780265699.04,EURUSD
1,2026-05-31 22:15:00,1.16541,1.16536,1.16559,1.16535,1199,1780266599.0,EURUSD
1,2026-05-31 22:30:00,1.16536,1.16538,1.16542,1.16523,1231,1780267499.793,EURUSD
1,2026-05-31 22:45:00,1.16538,1.16543,1.16552,1.16535,1792,1780268399.893,EURUSD
1,2026-05-31 23:00:00,1.16543,1.16546,1.16558,1.16535,1404,1780269299.031,EURUSD
1,2026-05-31 23:15:00,1.16546,1.16555,1.16556,1.16534,1192,1780270198.092,EURUSD
1,2026-05-31 23:30:00,1.16555,1.16544,1.16558,1.16539,1413,1780271099.793,EURUSD
1,2026-05-31 23:45:00,1.16544,1.16485,1.16549,1.16485,1766,1780271999.899,EURUSD
1,2026-06-01 00:00:00,1.16485,1.16512,1.16537,1.16475,1912,1780272899.995,EURUSD
1,2026-06-01 00:15:00,1.16512,1.16478,1.1652,1.16457,1842,1780273799.892,EURUSD
1,2026-06-01 00:30:00,1.16478,1.16474,1.16485,1.16461,1620,1780274699.005,EURUSD
1,2026-06-01 00:45:00,1.16474,1.16478,1.16485,1.1645,1370,1780275599.094,EURUSD
1,2026-06-01 01:00:00,1.16478,1.1646,1.16484,1.16441,1502,1780276499.03,EURUSD
1,2026-06-01 01:15:00,1.1646,1.16439,1.1647,1.16437,1347,1780277398.194,EURUSD
1,2026-06-01 01:30:00,1.16439,1.1644,1.16454,1.16423,1348,1780278299.093,EURUSD
1,2026-06-01 01:45:00,1.1644,1.16448,1.16451,1.1642,1264,1780279199.037,EURUSD
1,2026-06-01 02:00:00,1.16448,1.16446,1.16453,1.16438,1155,1780280099.092,EURUSD
1,2026-06-01 02:15:00,1.16446,1.16446,1.16454,1.16443,1115,1780280999.091,EURUSD
1,2026-06-01 02:30:00,1.16446,1.16444,1.16458,1.16436,1232,1780281899.0,EURUSD
1,2026-06-01 02:45:00,1.16444,1.16464,1.16469,1.16443,1210,1780282799.026,EURUSD
1,2026-06-01 03:00:00,1.16464,1.16458,1.16492,1.16457,1245,1780283699.717,EURUSD
1,2026-06-01 03:15:00,1.16458,1.16477,1.16482,1.16435,1309,1780284599.036,EURUSD
1,2026-06-01 03:30:00,1.16477,1.16417,1.16485,1.16417,1233,1780285499.003,EURUSD
1,2026-06-01 03:45:00,1.16417,1.16438,1.16443,1.16417,1110,1780286399.02,EURUSD
1,2026-06-01 04:00:00,1.16438,1.16454,1.16458,1.16434,1075,1780287299.006,EURUSD
1,2026-06-01 04:15:00,1.16454,1.16473,1.16474,1.16453,1084,1780288199.013,EURUSD
1,2026-06-01 04:30:00,1.16473,1.16482,1.16485,1.16466,1074,1780289098.092,EURUSD
1,2026-06-01 04:45:00,1.16482,1.16481,1.16482,1.16462,1122,1780289999.693,EURUSD
1,2026-06-01 05:00:00,1.16481,1.16517,1.16524,1.16479,1367,1780290899.033,EURUSD
1,2026-06-01 05:15:00,1.16517,1.16514,1.16525,1.16513,1066,1780291799.004,EURUSD
1,2026-06-01 05:30:00,1.16514,1.16522,1.16523,1.16505,1235,1780292699.99,EURUSD
1,2026-06-01 05:45:00,1.16522,1.16514,1.16534,1.16508,1245,1780293599.725,EURUSD
1,2026-06-01 06:00:00,1.16514,1.16548,1.16561,1.16514,1731,1780294499.092,EURUSD
1,2026-06-01 06:15:00,1.16548,1.16514,1.16556,1.16501,1545,1780295399.993,EURUSD
1,2026-06-01 06:30:00,1.16514,1.16539,1.16542,1.16509,1662,1780296299.012,EURUSD
1,2026-06-01 06:45:00,1.16539,1.16647,1.16647,1.16526,2137,1780297199.005,EURUSD
1,2026-06-01 07:00:00,1.16647,1.16586,1.16648,1.1656,1828,1780298099.394,EURUSD
1,2026-06-01 07:15:00,1.16586,1.16583,1.16612,1.16557,1727,1780298999.003,EURUSD
1,2026-06-01 07:30:00,1.16583,1.16535,1.16589,1.16526,1508,1780299899.694,EURUSD
1,2026-06-01 07:45:00,1.16535,1.16566,1.1659,1.16519,1509,1780300799.992,EURUSD
1,2026-06-01 08:00:00,1.16566,1.16581,1.16589,1.16549,1485,1780301699.793,EURUSD
1,2026-06-01 08:15:00,1.16581,1.16589,1.16602,1.1655,1403,1780302599.096,EURUSD
1,2026-06-01 08:30:00,1.16589,1.16593,1.16596,1.1657,1461,1780303499.016,EURUSD
1,2026-06-01 08:45:00,1.16593,1.1658,1.16602,1.16535,1590,1780304399.608,EURUSD
1,2026-06-01 09:00:00,1.1658,1.16521,1.16607,1.16512,1691,1780305299.793,EURUSD
1,2026-06-01 09:15:00,1.16521,1.16498,1.16546,1.16482,1504,1780306199.693,EURUSD
1,2026-06-01 09:30:00,1.16498,1.16487,1.16512,1.16487,1493,1780307099.012,EURUSD
1,2026-06-01 09:45:00,1.16487,1.16508,1.16514,1.16486,1521,1780307999.094,EURUSD
1,2026-06-01 10:00:00,1.16508,1.16492,1.16512,1.16487,1380,1780308899.794,EURUSD
1,2026-06-01 10:15:00,1.16491,1.16486,1.16496,1.16473,1359,1780309799.613,EURUSD
1,2026-06-01 10:30:00,1.16486,1.16496,1.16502,1.16474,1341,1780310699.993,EURUSD
1,2026-06-01 10:45:00,1.16497,1.16475,1.16501,1.16461,1415,1780311599.002,EURUSD
1,2026-06-01 11:00:00,1.16475,1.16448,1.16481,1.16417,1545,1780312499.027,EURUSD
1,2026-06-01 11:15:00,1.16448,1.16465,1.16467,1.1644,1465,1780313399.314,EURUSD
1,2026-06-01 11:30:00,1.16465,1.16454,1.16465,1.1643,1540,1780314299.023,EURUSD
1,2026-06-01 11:45:00,1.16454,1.16463,1.16482,1.16439,1419,1780315199.092,EURUSD
1,2026-06-01 12:00:00,1.16462,1.16461,1.16484,1.16458,1595,1780316099.094,EURUSD
1,2026-06-01 12:15:00,1.16461,1.16499,1.16502,1.16457,1580,1780316999.493,EURUSD
1,2026-06-01 12:30:00,1.16499,1.16482,1.16505,1.16451,1904,1780317899.997,EURUSD
1,2026-06-01 12:45:00,1.16482,1.16473,1.16491,1.1646,1802,1780318799.021,EURUSD
1,2026-06-01 13:00:00,1.16473,1.16321,1.16482,1.16279,3159,1780319699.991,EURUSD
1,2026-06-01 13:15:00,1.16321,1.16273,1.1638,1.16256,3459,1780320599.293,EURUSD
1,2026-06-01 13:30:00,1.16272,1.16208,1.16295,1.16204,3307,1780321498.04,EURUSD
1,2026-06-01 13:45:00,1.16208,1.161,1.16229,1.161,2894,1780322399.594,EURUSD
1,2026-06-01 14:00:00,1.161,1.16142,1.16153,1.16068,3050,1780323299.693,EURUSD
1,2026-06-01 14:15:00,1.16142,1.16144,1.16182,1.16112,2673,1780324199.825,EURUSD
1,2026-06-01 14:30:00,1.16144,1.16175,1.16181,1.16126,2306,1780325099.092,EURUSD
1,2026-06-01 14:45:00,1.16175,1.16175,1.16185,1.16111,2180,1780325999.139,EURUSD
1,2026-06-01 15:00:00,1.16175,1.16165,1.16199,1.16153,2412,1780326899.032,EURUSD
1,2026-06-01 15:15:00,1.16165,1.16218,1.16228,1.16162,2049,1780327799.893,EURUSD
1,2026-06-01 15:30:00,1.16218,1.16249,1.16288,1.16217,2872,1780328699.892,EURUSD
1,2026-06-01 15:45:00,1.16249,1.16231,1.16256,1.16216,1660,1780329599.534,EURUSD
1,2026-06-01 16:00:00,1.1623,1.16189,1.16261,1.16172,1811,1780330499.093,EURUSD
1,2026-06-01 16:15:00,1.16189,1.16214,1.16223,1.16163,1718,1780331399.04,EURUSD
1,2026-06-01 16:30:00,1.16216,1.16213,1.16243,1.16207,1725,1780332299.0,EURUSD
1,2026-06-01 16:45:00,1.16213,1.16298,1.16305,1.1621,1946,1780333199.193,EURUSD
1,2026-06-01 17:00:00,1.16298,1.16264,1.16303,1.16252,1700,1780334098.994,EURUSD
1,2026-06-01 17:15:00,1.16264,1.16322,1.16322,1.16253,1773,1780334999.931,EURUSD
1,2026-06-01 17:30:00,1.16322,1.16355,1.16379,1.16297,2215,1780335899.094,EURUSD
1,2026-06-01 17:45:00,1.16355,1.16348,1.16373,1.16338,1642,1780336799.694,EURUSD
1,2026-06-01 18:00:00,1.16348,1.16342,1.16352,1.16334,1394,1780337699.013,EURUSD
1,2026-06-01 18:15:00,1.16342,1.16332,1.16353,1.16329,1247,1780338599.094,EURUSD
1,2026-06-01 18:30:00,1.16332,1.16347,1.16349,1.16324,1260,1780339499.092,EURUSD
1,2026-06-01 18:45:00,1.16347,1.16308,1.16349,1.16307,1281,1780340399.894,EURUSD
1,2026-06-01 19:00:00,1.16308,1.16317,1.16338,1.16296,1249,1780341299.094,EURUSD
1,2026-06-01 19:15:00,1.16317,1.16322,1.16336,1.16316,1139,1780342199.7,EURUSD
1,2026-06-01 19:30:00,1.16322,1.16318,1.16335,1.16318,1254,1780343099.029,EURUSD
1,2026-06-01 19:45:00,1.16318,1.16317,1.16324,1.16265,1682,1780343999.693,EURUSD
1,2026-06-01 20:00:00,1.16317,1.16319,1.16339,1.16312,1154,1780344899.093,EURUSD
1,2026-06-01 20:15:00,1.16319,1.16316,1.16323,1.16305,1068,1780345799.244,EURUSD
1,2026-06-01 20:30:00,1.16316,1.16329,1.16331,1.16309,1016,1780346699.493,EURUSD
1,2026-06-01 20:45:00,1.16329,1.1631,1.16331,1.16308,1231,1780347599.791,EURUSD
1,2026-06-01 21:00:00,1.1631,1.16292,1.16345,1.16292,879,1780348499.03,EURUSD
1,2026-06-01 21:15:00,1.16292,1.16349,1.16354,1.16292,904,1780349399.01,EURUSD
1,2026-06-01 21:30:00,1.16349,1.16359,1.16363,1.16336,987,1780350299.018,EURUSD
1,2026-06-01 21:45:00,1.16359,1.1635,1.16366,1.16342,947,1780351199.013,EURUSD
1,2026-06-01 22:00:00,1.1635,1.16338,1.1635,1.16324,1054,1780352099.005,EURUSD
1,2026-06-01 22:15:00,1.16338,1.16331,1.1634,1.16331,979,1780352999.092,EURUSD
1,2026-06-01 22:30:00,1.16331,1.16338,1.16342,1.1633,974,1780353899.005,EURUSD
1,2026-06-01 22:45:00,1.16338,1.16341,1.16342,1.16335,979,1780354799.031,EURUSD
1,2026-06-01 23:00:00,1.16341,1.1635,1.16359,1.16341,991,1780355699.994,EURUSD
1,2026-06-01 23:15:00,1.1635,1.16349,1.16356,1.16348,931,1780356599.003,EURUSD
1,2026-06-01 23:30:00,1.16349,1.16362,1.16363,1.1633,1111,1780357498.093,EURUSD
1,2026-06-01 23:45:00,1.16362,1.16355,1.16362,1.16349,1076,1780358399.092,EURUSD
1,2026-06-02 00:00:00,1.16355,1.16334,1.16356,1.163,1517,1780359299.093,EURUSD
1,2026-06-02 00:15:00,1.16334,1.16332,1.16345,1.16318,1281,1780360199.093,EURUSD
1,2026-06-02 00:30:00,1.16332,1.16325,1.16348,1.16318,1245,1780361099.041,EURUSD
1,2026-06-02 00:45:00,1.16325,1.16315,1.16329,1.16293,1368,1780361999.594,EURUSD
1,2026-06-02 01:00:00,1.16315,1.1636,1.1637,1.16313,1546,1780362899.094,EURUSD
1,2026-06-02 01:15:00,1.1636,1.16337,1.16361,1.16327,1440,1780363799.908,EURUSD
1,2026-06-02 01:30:00,1.16337,1.16331,1.16354,1.16324,1488,1780364699.04,EURUSD
1,2026-06-02 01:45:00,1.16331,1.16307,1.16331,1.16285,1338,1780365599.043,EURUSD
1,2026-06-02 02:00:00,1.16307,1.16318,1.16323,1.16304,1228,1780366499.006,EURUSD
1,2026-06-02 02:15:00,1.16318,1.16338,1.16342,1.16314,1198,1780367399.095,EURUSD
1,2026-06-02 02:30:00,1.16338,1.16308,1.16346,1.16302,1170,1780368299.094,EURUSD
1,2026-06-02 02:45:00,1.16308,1.16308,1.16318,1.16306,1111,1780369199.02,EURUSD
1,2026-06-02 03:00:00,1.16308,1.16329,1.16336,1.16308,1215,1780370099.393,EURUSD
1,2026-06-02 03:15:00,1.16329,1.16332,1.16338,1.16317,1189,1780370999.014,EURUSD
1,2026-06-02 03:30:00,1.16332,1.16341,1.16346,1.16327,1143,1780371899.993,EURUSD
1,2026-06-02 03:45:00,1.16341,1.16343,1.16352,1.16335,1129,1780372799.0,EURUSD
1,2026-06-02 04:00:00,1.16343,1.16352,1.16355,1.16342,1088,1780373699.693,EURUSD
1,2026-06-02 04:15:00,1.16351,1.16359,1.16365,1.16351,1114,1780374599.894,EURUSD
1,2026-06-02 04:30:00,1.16359,1.16369,1.16373,1.16358,1041,1780375499.034,EURUSD
1,2026-06-02 04:45:00,1.16369,1.16379,1.16389,1.16365,1102,1780376399.994,EURUSD
1,2026-06-02 05:00:00,1.16379,1.16392,1.16392,1.16378,1149,1780377299.048,EURUSD
1,2026-06-02 05:15:00,1.16392,1.16376,1.16397,1.16369,1156,1780378199.003,EURUSD
1,2026-06-02 05:30:00,1.16376,1.16379,1.16387,1.16376,1101,1780379099.031,EURUSD
1,2026-06-02 05:45:00,1.16379,1.16372,1.16379,1.16363,1073,1780379999.001,EURUSD
1,2026-06-02 06:00:00,1.16372,1.16453,1.16473,1.16371,1584,1780380899.694,EURUSD
1,2026-06-02 06:15:00,1.16452,1.16491,1.16503,1.16447,1664,1780381799.01,EURUSD
1,2026-06-02 06:30:00,1.16491,1.16484,1.16523,1.16481,1836,1780382699.008,EURUSD
1,2026-06-02 06:45:00,1.16484,1.16505,1.16507,1.16481,1614,1780383599.994,EURUSD
1,2026-06-02 07:00:00,1.16505,1.16467,1.16508,1.16465,1606,1780384499.022,EURUSD
1,2026-06-02 07:15:00,1.16467,1.16468,1.16477,1.16447,1584,1780385399.092,EURUSD
1,2026-06-02 07:30:00,1.16468,1.16484,1.1649,1.16458,1414,1780386299.014,EURUSD
1,2026-06-02 07:45:00,1.16484,1.16487,1.16494,1.1647,1512,1780387199.094,EURUSD
1,2026-06-02 08:00:00,1.16487,1.16464,1.16526,1.16464,1613,1780388099.0,EURUSD
1,2026-06-02 08:15:00,1.16464,1.16463,1.16477,1.16451,1461,1780388999.193,EURUSD
1,2026-06-02 08:30:00,1.16463,1.16454,1.16478,1.16452,1418,1780389899.01,EURUSD
1,2026-06-02 08:45:00,1.16454,1.16437,1.16454,1.16421,1392,1780390799.039,EURUSD
1,2026-06-02 09:00:00,1.16437,1.16412,1.16439,1.16403,1459,1780391699.093,EURUSD
1,2026-06-02 09:15:00,1.16412,1.16433,1.16434,1.16404,1433,1780392599.293,EURUSD
1,2026-06-02 09:30:00,1.16433,1.16437,1.16449,1.16427,1354,1780393499.01,EURUSD
1,2026-06-02 09:45:00,1.16437,1.16433,1.16446,1.1641,1486,1780394399.995,EURUSD
1,2026-06-02 10:00:00,1.16432,1.16439,1.16456,1.16413,1373,1780395299.092,EURUSD
1,2026-06-02 10:15:00,1.16439,1.16426,1.16441,1.16383,1332,1780396199.092,EURUSD
1,2026-06-02 10:30:00,1.16426,1.16439,1.1644,1.16417,1233,1780397099.006,EURUSD
1,2026-06-02 10:45:00,1.16439,1.16437,1.16461,1.16424,1323,1780397999.093,EURUSD
1,2026-06-02 11:00:00,1.16437,1.16443,1.16458,1.16437,1454,1780398899.612,EURUSD
1,2026-06-02 11:15:00,1.16443,1.16467,1.16468,1.16439,1406,1780399799.0,EURUSD
1,2026-06-02 11:30:00,1.16467,1.16504,1.16506,1.16464,1486,1780400699.095,EURUSD
1,2026-06-02 11:45:00,1.16504,1.16495,1.16528,1.16494,1469,1780401599.394,EURUSD
1,2026-06-02 12:00:00,1.16495,1.16489,1.16512,1.16484,1510,1780402499.494,EURUSD
1,2026-06-02 12:15:00,1.16489,1.16524,1.16541,1.16474,1612,1780403399.928,EURUSD
1,2026-06-02 12:30:00,1.16524,1.16512,1.16557,1.16494,1921,1780404299.321,EURUSD
1,2026-06-02 12:45:00,1.16512,1.16504,1.16524,1.16493,1686,1780405199.991,EURUSD
1,2026-06-02 13:00:00,1.16505,1.16485,1.16523,1.16474,2138,1780406099.793,EURUSD
1,2026-06-02 13:15:00,1.16485,1.16457,1.16504,1.16456,1743,1780406999.493,EURUSD
1,2026-06-02 13:30:00,1.16457,1.16444,1.1648,1.16442,2064,1780407899.021,EURUSD
1,2026-06-02 13:45:00,1.16444,1.16437,1.16452,1.16396,1859,1780408799.293,EURUSD
1,2026-06-02 14:00:00,1.16437,1.16417,1.16437,1.16363,2155,1780409699.038,EURUSD
1,2026-06-02 14:15:00,1.16417,1.16397,1.16437,1.16365,1919,1780410599.993,EURUSD
1,2026-06-02 14:30:00,1.16397,1.16466,1.165,1.16394,1904,1780411499.694,EURUSD
1,2026-06-02 14:45:00,1.16466,1.16437,1.16468,1.16424,1995,1780412399.993,EURUSD
1,2026-06-02 15:00:00,1.16437,1.16418,1.16447,1.16385,2006,1780413299.093,EURUSD
1,2026-06-02 15:15:00,1.16418,1.16368,1.16451,1.16353,1853,1780414199.046,EURUSD
1,2026-06-02 15:30:00,1.16368,1.16402,1.16409,1.16363,1607,1780415099.892,EURUSD
1,2026-06-02 15:45:00,1.16402,1.16406,1.16419,1.16392,1594,1780415999.04,EURUSD
1,2026-06-02 16:00:00,1.16406,1.16376,1.16412,1.16358,1461,1780416899.01,EURUSD
1,2026-06-02 16:15:00,1.16376,1.16308,1.16383,1.16304,1472,1780417799.093,EURUSD
1,2026-06-02 16:30:00,1.16308,1.16284,1.16317,1.16269,1493,1780418699.011,EURUSD
1,2026-06-02 16:45:00,1.16284,1.16285,1.16295,1.16268,1327,1780419598.093,EURUSD
1,2026-06-02 17:00:00,1.16284,1.1626,1.16298,1.16249,1366,1780420499.395,EURUSD
1,2026-06-02 17:15:00,1.1626,1.16244,1.1627,1.16232,1385,1780421399.029,EURUSD
1,2026-06-02 17:30:00,1.16244,1.1623,1.16253,1.16222,1255,1780422299.093,EURUSD
1,2026-06-02 17:45:00,1.1623,1.16214,1.1623,1.16202,1226,1780423199.593,EURUSD
1,2026-06-02 18:00:00,1.16214,1.16184,1.16227,1.16177,1297,1780424099.004,EURUSD
1,2026-06-02 18:15:00,1.16184,1.16205,1.16212,1.16134,1400,1780424999.693,EURUSD
1,2026-06-02 18:30:00,1.16205,1.16248,1.16261,1.16205,1555,1780425899.0,EURUSD
1,2026-06-02 18:45:00,1.16248,1.16284,1.163,1.16247,1419,1780426799.496,EURUSD
1,2026-06-02 19:00:00,1.16284,1.16322,1.16324,1.16284,1187,1780427699.894,EURUSD
1,2026-06-02 19:15:00,1.16322,1.16318,1.1633,1.16308,1244,1780428599.094,EURUSD
1,2026-06-02 19:30:00,1.16318,1.16315,1.16325,1.16308,1112,1780429499.093,EURUSD
1,2026-06-02 19:45:00,1.16315,1.16324,1.16328,1.16308,1193,1780430399.021,EURUSD
1,2026-06-02 20:00:00,1.16324,1.16334,1.16349,1.16322,1138,1780431299.294,EURUSD
1,2026-06-02 20:15:00,1.16334,1.1632,1.16336,1.16315,1019,1780432199.994,EURUSD
1,2026-06-02 20:30:00,1.1632,1.16314,1.16324,1.16301,1015,1780433099.008,EURUSD
1,2026-06-02 20:45:00,1.16314,1.16318,1.16321,1.16305,1215,1780433999.898,EURUSD
1,2026-06-02 21:00:00,1.16318,1.16321,1.16321,1.16284,893,1780434899.014,EURUSD
1,2026-06-02 21:15:00,1.16321,1.16321,1.16322,1.16315,899,1780435799.026,EURUSD
1,2026-06-02 21:30:00,1.16321,1.16315,1.16324,1.16309,917,1780436699.005,EURUSD
1,2026-06-02 21:45:00,1.16315,1.16292,1.16329,1.1629,931,1780437599.032,EURUSD
1,2026-06-02 22:00:00,1.16292,1.16273,1.16305,1.16271,1104,1780438499.017,EURUSD
1,2026-06-02 22:15:00,1.16273,1.16288,1.1629,1.1627,961,1780439399.042,EURUSD
1,2026-06-02 22:30:00,1.16288,1.16287,1.16292,1.16282,975,1780440299.493,EURUSD
1,2026-06-02 22:45:00,1.16287,1.16266,1.1629,1.16264,1071,1780441199.045,EURUSD
1,2026-06-02 23:00:00,1.16268,1.1625,1.16274,1.16246,1199,1780442099.094,EURUSD
1,2026-06-02 23:15:00,1.1625,1.16229,1.16254,1.16221,1195,1780442999.044,EURUSD
1,2026-06-02 23:30:00,1.16229,1.16218,1.16236,1.16199,1203,1780443899.837,EURUSD
1,2026-06-02 23:45:00,1.16218,1.16213,1.16223,1.16198,1207,1780444799.014,EURUSD
1,2026-06-03 00:00:00,1.16213,1.16234,1.1624,1.16204,1350,1780445699.045,EURUSD
1,2026-06-03 00:15:00,1.16234,1.16272,1.16274,1.16223,1330,1780446599.317,EURUSD
1,2026-06-03 00:30:00,1.16272,1.1629,1.16308,1.16269,1262,1780447499.041,EURUSD
1,2026-06-03 00:45:00,1.1629,1.16288,1.16295,1.16275,1283,1780448399.039,EURUSD
1,2026-06-03 01:00:00,1.16288,1.1628,1.16296,1.16261,1515,1780449299.993,EURUSD
1,2026-06-03 01:15:00,1.1628,1.16307,1.16309,1.1627,1309,1780450199.009,EURUSD
1,2026-06-03 01:30:00,1.16307,1.16318,1.16325,1.16284,1508,1780451098.031,EURUSD
1,2026-06-03 01:45:00,1.16318,1.16295,1.16335,1.16276,1369,1780451999.031,EURUSD
1,2026-06-03 02:00:00,1.16295,1.16308,1.1632,1.16294,1258,1780452899.042,EURUSD
1,2026-06-03 02:15:00,1.16308,1.16285,1.16309,1.16284,1210,1780453799.015,EURUSD
1,2026-06-03 02:30:00,1.16285,1.16282,1.16297,1.16273,1238,1780454699.416,EURUSD
1,2026-06-03 02:45:00,1.16282,1.16281,1.16285,1.1625,1399,1780455599.994,EURUSD
1,2026-06-03 03:00:00,1.16281,1.16284,1.16296,1.16273,1296,1780456499.028,EURUSD
1,2026-06-03 03:15:00,1.16284,1.16271,1.16291,1.1627,1210,1780457399.004,EURUSD
1,2026-06-03 03:30:00,1.16271,1.16284,1.16295,1.16263,1194,1780458299.003,EURUSD
1,2026-06-03 03:45:00,1.16284,1.16275,1.1629,1.16267,1023,1780459199.094,EURUSD
1,2026-06-03 04:00:00,1.16275,1.1626,1.16281,1.16256,1113,1780460099.033,EURUSD
1,2026-06-03 04:15:00,1.1626,1.16248,1.16264,1.16248,1115,1780460999.093,EURUSD
1,2026-06-03 04:30:00,1.16248,1.16258,1.16259,1.16246,1051,1780461899.026,EURUSD
1,2026-06-03 04:45:00,1.16258,1.16257,1.16261,1.16243,1082,1780462799.092,EURUSD
1,2026-06-03 05:00:00,1.16257,1.16263,1.1627,1.16246,1114,1780463699.032,EURUSD
1,2026-06-03 05:15:00,1.16263,1.16223,1.16272,1.16219,1174,1780464599.194,EURUSD
1,2026-06-03 05:30:00,1.16223,1.1622,1.16241,1.16213,1364,1780465499.394,EURUSD
1,2026-06-03 05:45:00,1.1622,1.16188,1.16233,1.16187,1356,1780466399.295,EURUSD
1,2026-06-03 06:00:00,1.16188,1.16175,1.16225,1.16144,1625,1780467299.808,EURUSD
1,2026-06-03 06:15:00,1.16175,1.1616,1.16185,1.16124,1665,1780468199.894,EURUSD
1,2026-06-03 06:30:00,1.1616,1.16143,1.16187,1.16134,1754,1780469099.013,EURUSD
1,2026-06-03 06:45:00,1.16143,1.16165,1.16174,1.16132,1613,1780469999.193,EURUSD
1,2026-06-03 07:00:00,1.16165,1.16185,1.16207,1.16132,1778,1780470899.034,EURUSD
1,2026-06-03 07:15:00,1.16185,1.16139,1.16199,1.16139,1566,1780471799.793,EURUSD
1,2026-06-03 07:30:00,1.16139,1.16217,1.16244,1.16128,2316,1780472699.993,EURUSD
1,2026-06-03 07:45:00,1.1622,1.16162,1.16223,1.16159,1756,1780473599.793,EURUSD
1,2026-06-03 08:00:00,1.16162,1.16122,1.16168,1.16121,1867,1780474499.092,EURUSD
1,2026-06-03 08:15:00,1.16122,1.16121,1.1613,1.16098,1688,1780475399.905,EURUSD
1,2026-06-03 08:30:00,1.16121,1.16064,1.16155,1.16051,2146,1780476299.093,EURUSD
1,2026-06-03 08:45:00,1.16064,1.16082,1.16104,1.16064,1615,1780477199.093,EURUSD
1,2026-06-03 09:00:00,1.16082,1.16119,1.16135,1.1608,1526,1780478099.001,EURUSD
1,2026-06-03 09:15:00,1.16119,1.16124,1.1616,1.1611,1540,1780478999.0,EURUSD
1,2026-06-03 09:30:00,1.16124,1.16142,1.16143,1.16097,1469,1780479899.491,EURUSD
1,2026-06-03 09:45:00,1.16142,1.16135,1.16156,1.16108,1618,1780480799.892,EURUSD
1,2026-06-03 10:00:00,1.16135,1.16153,1.1623,1.16128,2569,1780481699.003,EURUSD
1,2026-06-03 10:15:00,1.16153,1.16155,1.1616,1.16134,1554,1780482599.01,EURUSD
1,2026-06-03 10:30:00,1.16155,1.16165,1.16179,1.16146,1457,1780483499.993,EURUSD
1,2026-06-03 10:45:00,1.16167,1.16161,1.16171,1.16146,1427,1780484399.633,EURUSD
1,2026-06-03 11:00:00,1.16161,1.16182,1.16189,1.16154,1515,1780485299.032,EURUSD
1,2026-06-03 11:15:00,1.16182,1.16202,1.16203,1.16173,1361,1780486199.015,EURUSD
1,2026-06-03 11:30:00,1.16202,1.16181,1.16209,1.16178,1379,1780487099.094,EURUSD
1,2026-06-03 11:45:00,1.16181,1.16178,1.16227,1.16164,1772,1780487999.816,EURUSD
1,2026-06-03 12:00:00,1.16178,1.16142,1.16186,1.16125,1832,1780488899.994,EURUSD
1,2026-06-03 12:15:00,1.16142,1.16071,1.16143,1.16069,1772,1780489799.991,EURUSD
1,2026-06-03 12:30:00,1.16071,1.16051,1.16071,1.15966,2148,1780490699.633,EURUSD
1,2026-06-03 12:45:00,1.16052,1.16004,1.16053,1.15975,1843,1780491598.006,EURUSD
1,2026-06-03 13:00:00,1.16004,1.16014,1.16036,1.15989,1926,1780492499.893,EURUSD
1,2026-06-03 13:15:00,1.16014,1.16041,1.16048,1.15972,1802,1780493399.011,EURUSD
1,2026-06-03 13:30:00,1.16041,1.16031,1.16064,1.16024,2412,1780494299.694,EURUSD
1,2026-06-03 13:45:00,1.16031,1.1603,1.16049,1.15989,2605,1780495199.995,EURUSD
1,2026-06-03 14:00:00,1.1603,1.16065,1.16087,1.16,2696,1780496099.094,EURUSD
1,2026-06-03 14:15:00,1.16065,1.16038,1.16077,1.15996,2541,1780496999.001,EURUSD
1,2026-06-03 14:30:00,1.16038,1.15964,1.16044,1.1596,2124,1780497899.197,EURUSD
1,2026-06-03 14:45:00,1.15964,1.16124,1.16125,1.15949,3074,1780498799.494,EURUSD
1,2026-06-03 15:00:00,1.16125,1.16071,1.16131,1.16025,2679,1780499699.691,EURUSD
1,2026-06-03 15:15:00,1.16071,1.16075,1.16114,1.16052,2310,1780500599.895,EURUSD
1,2026-06-03 15:30:00,1.16075,1.16064,1.16105,1.16043,2243,1780501499.795,EURUSD
1,2026-06-03 15:45:00,1.16064,1.16049,1.16077,1.16041,1770,1780502399.693,EURUSD
1,2026-06-03 16:00:00,1.16049,1.15983,1.16051,1.1597,1914,1780503299.094,EURUSD
1,2026-06-03 16:15:00,1.15983,1.15996,1.16003,1.15957,1837,1780504199.993,EURUSD
1,2026-06-03 16:30:00,1.15996,1.15963,1.16002,1.15951,1725,1780505099.194,EURUSD
1,2026-06-03 16:45:00,1.15963,1.16003,1.16019,1.15956,1795,1780505999.093,EURUSD
1,2026-06-03 17:00:00,1.16003,1.16003,1.16037,1.15983,1520,1780506899.093,EURUSD
1,2026-06-03 17:15:00,1.16003,1.15973,1.16006,1.15972,1353,1780507799.993,EURUSD
1,2026-06-03 17:30:00,1.15973,1.15983,1.15998,1.1597,1219,1780508699.041,EURUSD
1,2026-06-03 17:45:00,1.15983,1.15984,1.15992,1.15969,1326,1780509599.092,EURUSD
1,2026-06-03 18:00:00,1.15984,1.15963,1.15993,1.15959,1372,1780510499.694,EURUSD
1,2026-06-03 18:15:00,1.15963,1.15977,1.15982,1.15955,1400,1780511399.093,EURUSD
1,2026-06-03 18:30:00,1.15977,1.15973,1.15979,1.15956,1400,1780512299.094,EURUSD
1,2026-06-03 18:45:00,1.15972,1.15983,1.15999,1.1597,1309,1780513199.005,EURUSD
1,2026-06-03 19:00:00,1.15983,1.15983,1.16002,1.15978,1272,1780514099.013,EURUSD
1,2026-06-03 19:15:00,1.15983,1.15974,1.1601,1.15972,1359,1780514999.092,EURUSD
1,2026-06-03 19:30:00,1.15974,1.15981,1.15992,1.15974,1248,1780515898.024,EURUSD
1,2026-06-03 19:45:00,1.15982,1.15982,1.1599,1.15973,1371,1780516799.893,EURUSD
1,2026-06-03 20:00:00,1.15982,1.15989,1.15993,1.15971,1153,1780517699.011,EURUSD
1,2026-06-03 20:15:00,1.15989,1.15996,1.16005,1.15983,1155,1780518599.012,EURUSD
1,2026-06-03 20:30:00,1.15996,1.15983,1.16003,1.15981,1145,1780519499.042,EURUSD
1,2026-06-03 20:45:00,1.15983,1.15976,1.16,1.1597,1156,1780520399.999,EURUSD
1,2026-06-03 21:00:00,1.15976,1.15992,1.16021,1.15976,876,1780521299.037,EURUSD
1,2026-06-03 21:15:00,1.15992,1.15995,1.15999,1.15983,900,1780522199.01,EURUSD
1,2026-06-03 21:30:00,1.15995,1.16007,1.16007,1.15982,947,1780523099.003,EURUSD
1,2026-06-03 21:45:00,1.16007,1.1599,1.1601,1.15979,1003,1780523998.041,EURUSD
1,2026-06-03 22:00:00,1.1599,1.15959,1.16,1.15949,1063,1780524899.294,EURUSD
1,2026-06-03 22:15:00,1.15959,1.1597,1.15975,1.15946,1069,1780525799.008,EURUSD
1,2026-06-03 22:30:00,1.1597,1.15975,1.15989,1.15968,1015,1780526699.042,EURUSD
1,2026-06-03 22:45:00,1.15975,1.16058,1.16124,1.15969,1505,1780527599.892,EURUSD
1,2026-06-03 23:00:00,1.16058,1.16051,1.16085,1.16015,1314,1780528499.028,EURUSD
1,2026-06-03 23:15:00,1.16051,1.16054,1.16063,1.16039,1076,1780529399.093,EURUSD
1,2026-06-03 23:30:00,1.16054,1.1607,1.16075,1.16049,1092,1780530299.025,EURUSD
1,2026-06-03 23:45:00,1.1607,1.16091,1.16109,1.16069,1185,1780531199.012,EURUSD
1,2026-06-04 00:00:00,1.16091,1.16086,1.16113,1.16055,1695,1780532099.092,EURUSD
1,2026-06-04 00:15:00,1.16086,1.16095,1.16126,1.16076,1477,1780532999.724,EURUSD
1,2026-06-04 00:30:00,1.16095,1.16115,1.1612,1.16083,1439,1780533899.619,EURUSD
1,2026-06-04 00:45:00,1.16115,1.16068,1.16117,1.16058,1460,1780534799.094,EURUSD
1,2026-06-04 01:00:00,1.16067,1.16064,1.16075,1.16039,1624,1780535698.094,EURUSD
1,2026-06-04 01:15:00,1.16064,1.16079,1.16086,1.16053,1429,1780536599.046,EURUSD
1,2026-06-04 01:30:00,1.16079,1.16078,1.16102,1.16073,1499,1780537499.024,EURUSD
1,2026-06-04 01:45:00,1.16078,1.16095,1.161,1.16074,1394,1780538399.0,EURUSD
1,2026-06-04 02:00:00,1.16095,1.16077,1.16104,1.16077,1429,1780539299.592,EURUSD
1,2026-06-04 02:15:00,1.16077,1.16078,1.16082,1.16063,1394,1780540199.893,EURUSD
1,2026-06-04 02:30:00,1.16078,1.16094,1.16097,1.16077,1199,1780541099.092,EURUSD
1,2026-06-04 02:45:00,1.16094,1.16101,1.16113,1.16094,1190,1780541999.03,EURUSD
1,2026-06-04 03:00:00,1.16101,1.16046,1.16101,1.1604,1168,1780542899.092,EURUSD
1,2026-06-04 03:15:00,1.16046,1.16036,1.16064,1.16026,1167,1780543799.892,EURUSD
1,2026-06-04 03:30:00,1.16036,1.16034,1.1605,1.16029,1166,1780544699.02,EURUSD
1,2026-06-04 03:45:00,1.16034,1.16061,1.16063,1.16028,1122,1780545599.094,EURUSD
1,2026-06-04 04:00:00,1.16061,1.16046,1.16062,1.1604,1126,1780546499.092,EURUSD
1,2026-06-04 04:15:00,1.16046,1.1606,1.16061,1.16046,1125,1780547399.095,EURUSD
1,2026-06-04 04:30:00,1.1606,1.16112,1.16131,1.1606,1534,1780548299.193,EURUSD
1,2026-06-04 04:45:00,1.16112,1.16098,1.16127,1.16085,1135,1780549199.027,EURUSD
1,2026-06-04 05:00:00,1.16098,1.16084,1.16105,1.16074,1288,1780550099.003,EURUSD
1,2026-06-04 05:15:00,1.16084,1.16058,1.16092,1.16055,1256,1780550999.893,EURUSD
1,2026-06-04 05:30:00,1.16058,1.16084,1.1609,1.16053,1338,1780551898.001,EURUSD
1,2026-06-04 05:45:00,1.16084,1.16098,1.16105,1.16075,1307,1780552799.095,EURUSD
1,2026-06-04 06:00:00,1.16098,1.16123,1.16126,1.16091,1611,1780553699.033,EURUSD
1,2026-06-04 06:15:00,1.16123,1.16105,1.16128,1.16072,1572,1780554599.693,EURUSD
1,2026-06-04 06:30:00,1.16105,1.16131,1.16151,1.16086,1711,1780555498.092,EURUSD
1,2026-06-04 06:45:00,1.16131,1.16107,1.16131,1.1608,1587,1780556399.794,EURUSD
1,2026-06-04 07:00:00,1.16107,1.16104,1.16127,1.16092,1716,1780557299.094,EURUSD
1,2026-06-04 07:15:00,1.16104,1.16064,1.16115,1.16038,1549,1780558199.093,EURUSD
1,2026-06-04 07:30:00,1.16064,1.16014,1.16073,1.15985,1791,1780559099.793,EURUSD
1,2026-06-04 07:45:00,1.16014,1.1604,1.16045,1.15999,1559,1780559999.812,EURUSD
1,2026-06-04 08:00:00,1.1604,1.16054,1.16077,1.16037,1740,1780560899.628,EURUSD
1,2026-06-04 08:15:00,1.16054,1.16105,1.1611,1.16053,1767,1780561799.697,EURUSD
1,2026-06-04 08:30:00,1.16104,1.16077,1.16141,1.16067,1819,1780562699.993,EURUSD
1,2026-06-04 08:45:00,1.16077,1.16131,1.16139,1.16075,1470,1780563599.994,EURUSD
1,2026-06-04 09:00:00,1.16131,1.16189,1.162,1.1613,1908,1780564499.003,EURUSD
1,2026-06-04 09:15:00,1.16189,1.16207,1.16226,1.16183,1659,1780565399.594,EURUSD
1,2026-06-04 09:30:00,1.16207,1.16267,1.16273,1.16193,1749,1780566299.094,EURUSD
1,2026-06-04 09:45:00,1.16267,1.16258,1.16284,1.16243,1658,1780567199.093,EURUSD
1,2026-06-04 10:00:00,1.16257,1.16297,1.16307,1.16252,1609,1780568099.593,EURUSD
1,2026-06-04 10:15:00,1.16297,1.16289,1.16306,1.16259,1545,1780568999.294,EURUSD
1,2026-06-04 10:30:00,1.16289,1.16325,1.16336,1.16281,1606,1780569899.893,EURUSD
1,2026-06-04 10:45:00,1.16325,1.16305,1.16342,1.16278,1697,1780570799.391,EURUSD
1,2026-06-04 11:00:00,1.16305,1.16353,1.16369,1.16303,1850,1780571699.092,EURUSD
1,2026-06-04 11:15:00,1.16353,1.16407,1.16434,1.16352,2088,1780572599.996,EURUSD
1,2026-06-04 11:30:00,1.16407,1.16438,1.16441,1.1637,2056,1780573499.394,EURUSD
1,2026-06-04 11:45:00,1.16438,1.16418,1.16453,1.1641,1964,1780574399.095,EURUSD
1,2026-06-04 12:00:00,1.16418,1.16379,1.16453,1.16344,2401,1780575299.694,EURUSD
1,2026-06-04 12:15:00,1.16379,1.16389,1.164,1.16368,1904,1780576199.993,EURUSD
1,2026-06-04 12:30:00,1.16389,1.16399,1.16414,1.16382,1878,1780577099.892,EURUSD
1,2026-06-04 12:45:00,1.16399,1.1637,1.16434,1.16369,1914,1780577999.994,EURUSD
1,2026-06-04 13:00:00,1.16369,1.16349,1.164,1.16343,1889,1780578899.692,EURUSD
1,2026-06-04 13:15:00,1.16349,1.16365,1.16379,1.16339,1853,1780579799.005,EURUSD
1,2026-06-04 13:30:00,1.16365,1.16396,1.16396,1.16349,2242,1780580699.206,EURUSD
1,2026-06-04 13:45:00,1.16396,1.16361,1.16399,1.16353,2227,1780581599.194,EURUSD
1,2026-06-04 14:00:00,1.16361,1.16335,1.16399,1.16323,2083,1780582499.093,EURUSD
1,2026-06-04 14:15:00,1.16335,1.16315,1.1635,1.16314,1734,1780583399.093,EURUSD
1,2026-06-04 14:30:00,1.16315,1.16314,1.1633,1.16291,1710,1780584299.04,EURUSD
1,2026-06-04 14:45:00,1.16314,1.16305,1.16332,1.16294,1767,1780585199.116,EURUSD
1,2026-06-04 15:00:00,1.16305,1.16249,1.16316,1.16236,2050,1780586099.096,EURUSD
1,2026-06-04 15:15:00,1.16249,1.16236,1.16263,1.16224,1689,1780586999.941,EURUSD
1,2026-06-04 15:30:00,1.16235,1.16237,1.16267,1.16225,1754,1780587899.045,EURUSD
1,2026-06-04 15:45:00,1.16237,1.16283,1.163,1.16228,1675,1780588799.593,EURUSD
1,2026-06-04 16:00:00,1.16283,1.16275,1.16291,1.16263,1528,1780589699.292,EURUSD
1,2026-06-04 16:15:00,1.16275,1.16282,1.16297,1.16268,1333,1780590599.093,EURUSD
1,2026-06-04 16:30:00,1.16282,1.16263,1.16289,1.16257,1396,1780591499.095,EURUSD
1,2026-06-04 16:45:00,1.16263,1.16234,1.16264,1.16232,1283,1780592399.093,EURUSD
1,2026-06-04 17:00:00,1.16234,1.16214,1.16241,1.1621,1298,1780593299.594,EURUSD
1,2026-06-04 17:15:00,1.16214,1.16202,1.16221,1.162,1199,1780594199.037,EURUSD
1,2026-06-04 17:30:00,1.16202,1.16207,1.16221,1.16199,1223,1780595099.0,EURUSD
1,2026-06-04 17:45:00,1.16207,1.16207,1.16212,1.16195,1107,1780595999.345,EURUSD
1,2026-06-04 18:00:00,1.16207,1.16204,1.16226,1.16197,1235,1780596899.994,EURUSD
1,2026-06-04 18:15:00,1.16204,1.16166,1.16207,1.16165,1128,1780597799.423,EURUSD
1,2026-06-04 18:30:00,1.16166,1.16165,1.1618,1.16148,1295,1780598699.092,EURUSD
1,2026-06-04 18:45:00,1.16165,1.16149,1.16175,1.16133,1267,1780599599.993,EURUSD
1,2026-06-04 19:00:00,1.16149,1.16121,1.16162,1.16114,1285,1780600499.014,EURUSD
1,2026-06-04 19:15:00,1.16121,1.16125,1.16131,1.16121,1100,1780601399.034,EURUSD
1,2026-06-04 19:30:00,1.16124,1.16114,1.16129,1.16109,1158,1780602299.008,EURUSD
1,2026-06-04 19:45:00,1.16114,1.16125,1.16132,1.16105,1297,1780603199.096,EURUSD
1,2026-06-04 20:00:00,1.16125,1.16112,1.16135,1.16109,790,1780603804.093,EURUSD
