symbol_id,timestamp,open,close,high,low,volume,last_tick,asset
86,2026-05-21 19:00:00,1.34286,1.34273,1.34286,1.34271,377,1779390297.802,GBPUSD_otc
86,2026-05-21 19:05:00,1.34273,1.34275,1.34279,1.34273,399,1779390599.209,GBPUSD_otc
86,2026-05-21 19:10:00,1.34275,1.34277,1.3428,1.34268,408,1779390899.12,GBPUSD_otc
86,2026-05-21 19:15:00,1.34277,1.34266,1.34279,1.34261,402,1779391199.555,GBPUSD_otc
86,2026-05-21 19:20:00,1.34266,1.34266,1.34273,1.34266,405,1779391499.941,GBPUSD_otc
86,2026-05-21 19:25:00,1.34266,1.34263,1.34272,1.34262,403,1779391799.939,GBPUSD_otc
86,2026-05-21 19:30:00,1.34263,1.34271,1.34277,1.34262,400,1779392099.341,GBPUSD_otc
86,2026-05-21 19:35:00,1.34271,1.34274,1.34274,1.34267,411,1779392399.85,GBPUSD_otc
86,2026-05-21 19:40:00,1.34274,1.34284,1.34287,1.34274,403,1779392698.84,GBPUSD_otc
86,2026-05-21 19:45:00,1.34284,1.34275,1.34284,1.34273,395,1779392998.728,GBPUSD_otc
86,2026-05-21 19:50:00,1.34275,1.34284,1.34286,1.34272,402,1779393298.204,GBPUSD_otc
86,2026-05-21 19:55:00,1.34284,1.34288,1.3429,1.34278,395,1779393599.561,GBPUSD_otc
86,2026-05-21 20:00:00,1.34288,1.34279,1.34291,1.34279,385,1779393899.584,GBPUSD_otc
86,2026-05-21 20:05:00,1.34279,1.34281,1.34282,1.34275,412,1779394199.512,GBPUSD_otc
86,2026-05-21 20:10:00,1.34281,1.3429,1.34298,1.34281,416,1779394499.008,GBPUSD_otc
86,2026-05-21 20:15:00,1.3429,1.34287,1.34296,1.34286,398,1779394799.924,GBPUSD_otc
86,2026-05-21 20:20:00,1.34287,1.34302,1.34302,1.34284,394,1779395099.898,GBPUSD_otc
86,2026-05-21 20:25:00,1.34302,1.34293,1.34306,1.3429,386,1779395399.245,GBPUSD_otc
86,2026-05-21 20:30:00,1.34293,1.34294,1.34298,1.34287,405,1779395699.722,GBPUSD_otc
86,2026-05-21 20:35:00,1.34294,1.34289,1.34296,1.34289,408,1779395999.644,GBPUSD_otc
86,2026-05-21 20:40:00,1.34289,1.3429,1.34291,1.34279,397,1779396299.582,GBPUSD_otc
86,2026-05-21 20:45:00,1.3429,1.3428,1.3429,1.34279,364,1779396599.485,GBPUSD_otc
86,2026-05-21 20:50:00,1.3428,1.34268,1.34283,1.34268,404,1779396899.348,GBPUSD_otc
86,2026-05-21 20:55:00,1.34268,1.34261,1.34269,1.34256,407,1779397199.349,GBPUSD_otc
86,2026-05-21 21:00:00,1.34261,1.34251,1.34261,1.3425,420,1779397499.727,GBPUSD_otc
86,2026-05-21 21:05:00,1.34251,1.34251,1.34255,1.34245,372,1779397798.223,GBPUSD_otc
86,2026-05-21 21:10:00,1.34251,1.34256,1.34258,1.34249,415,1779398099.577,GBPUSD_otc
86,2026-05-21 21:15:00,1.34256,1.34254,1.34262,1.34254,398,1779398398.551,GBPUSD_otc
86,2026-05-21 21:20:00,1.34254,1.34251,1.34257,1.3425,408,1779398699.897,GBPUSD_otc
86,2026-05-21 21:25:00,1.34251,1.34255,1.34257,1.34246,390,1779398999.245,GBPUSD_otc
86,2026-05-21 21:30:00,1.34255,1.34254,1.34263,1.34254,402,1779399299.693,GBPUSD_otc
86,2026-05-21 21:35:00,1.34254,1.34247,1.3426,1.34247,385,1779399599.111,GBPUSD_otc
86,2026-05-21 21:40:00,1.34247,1.34249,1.34254,1.34242,421,1779399899.623,GBPUSD_otc
86,2026-05-21 21:45:00,1.34249,1.34243,1.34255,1.34243,399,1779400199.512,GBPUSD_otc
86,2026-05-21 21:50:00,1.34243,1.34247,1.34249,1.34241,407,1779400499.985,GBPUSD_otc
86,2026-05-21 21:55:00,1.34247,1.34238,1.34247,1.34238,395,1779400799.777,GBPUSD_otc
86,2026-05-21 22:00:00,1.34238,1.34234,1.34238,1.34229,381,1779401099.179,GBPUSD_otc
86,2026-05-21 22:05:00,1.34234,1.3424,1.34241,1.34234,400,1779401399.128,GBPUSD_otc
86,2026-05-21 22:10:00,1.3424,1.34237,1.34248,1.34236,414,1779401699.54,GBPUSD_otc
86,2026-05-21 22:15:00,1.34237,1.34242,1.34242,1.34232,392,1779401999.543,GBPUSD_otc
86,2026-05-21 22:20:00,1.34242,1.3424,1.34243,1.34235,385,1779402299.979,GBPUSD_otc
86,2026-05-21 22:25:00,1.3424,1.3424,1.34242,1.34232,397,1779402599.399,GBPUSD_otc
86,2026-05-21 22:30:00,1.3424,1.34228,1.34246,1.34228,403,1779402899.769,GBPUSD_otc
86,2026-05-21 22:35:00,1.34228,1.3423,1.34233,1.34226,397,1779403199.78,GBPUSD_otc
86,2026-05-21 22:40:00,1.3423,1.34235,1.34238,1.34229,418,1779403499.699,GBPUSD_otc
86,2026-05-21 22:45:00,1.34235,1.34231,1.34237,1.3423,418,1779403799.215,GBPUSD_otc
86,2026-05-21 22:50:00,1.34231,1.34233,1.34235,1.34229,413,1779404098.575,GBPUSD_otc
86,2026-05-21 22:55:00,1.34233,1.34224,1.34236,1.34224,394,1779404399.533,GBPUSD_otc
86,2026-05-21 23:00:00,1.34224,1.34222,1.34224,1.34218,404,1779404699.917,GBPUSD_otc
86,2026-05-21 23:05:00,1.34222,1.34217,1.34222,1.34209,419,1779404999.885,GBPUSD_otc
86,2026-05-21 23:10:00,1.34217,1.34225,1.34226,1.34214,372,1779405299.791,GBPUSD_otc
86,2026-05-21 23:15:00,1.34225,1.34231,1.34234,1.34223,412,1779405599.736,GBPUSD_otc
86,2026-05-21 23:20:00,1.34231,1.34235,1.34238,1.34226,413,1779405899.6,GBPUSD_otc
86,2026-05-21 23:25:00,1.34235,1.34232,1.34238,1.3423,385,1779406197.49,GBPUSD_otc
86,2026-05-21 23:30:00,1.34232,1.34225,1.34232,1.34225,390,1779406498.479,GBPUSD_otc
86,2026-05-21 23:35:00,1.34225,1.34229,1.34231,1.34222,394,1779406799.361,GBPUSD_otc
86,2026-05-21 23:40:00,1.34229,1.34228,1.34234,1.34228,388,1779407099.829,GBPUSD_otc
86,2026-05-21 23:45:00,1.34228,1.34225,1.34233,1.34225,390,1779407399.785,GBPUSD_otc
86,2026-05-21 23:50:00,1.34225,1.34228,1.3423,1.34224,402,1779407699.704,GBPUSD_otc
86,2026-05-21 23:55:00,1.34228,1.34239,1.34239,1.34228,391,1779407999.605,GBPUSD_otc
86,2026-05-22 00:00:00,1.34239,1.34232,1.34243,1.3423,391,1779408299.141,GBPUSD_otc
86,2026-05-22 00:05:00,1.34232,1.34221,1.34232,1.3422,416,1779408599.581,GBPUSD_otc
86,2026-05-22 00:10:00,1.34221,1.34217,1.34223,1.34215,388,1779408899.503,GBPUSD_otc
86,2026-05-22 00:15:00,1.34217,1.34216,1.34218,1.34212,378,1779409199.923,GBPUSD_otc
86,2026-05-22 00:20:00,1.34216,1.34224,1.34224,1.34216,399,1779409499.893,GBPUSD_otc
86,2026-05-22 00:25:00,1.34224,1.34229,1.3423,1.34221,411,1779409799.265,GBPUSD_otc
86,2026-05-22 00:30:00,1.34229,1.34234,1.34234,1.34225,388,1779410099.264,GBPUSD_otc
86,2026-05-22 00:35:00,1.34234,1.34257,1.34258,1.34233,396,1779410399.129,GBPUSD_otc
86,2026-05-22 00:40:00,1.34257,1.34252,1.34258,1.34252,405,1779410699.593,GBPUSD_otc
86,2026-05-22 00:45:00,1.34252,1.34249,1.34256,1.34248,397,1779410999.491,GBPUSD_otc
86,2026-05-22 00:50:00,1.34249,1.34253,1.34255,1.34245,392,1779411299.99,GBPUSD_otc
86,2026-05-22 00:55:00,1.34253,1.3423,1.34253,1.34229,406,1779411598.831,GBPUSD_otc
86,2026-05-22 01:00:00,1.3423,1.34228,1.34232,1.34223,409,1779411898.314,GBPUSD_otc
86,2026-05-22 01:05:00,1.34228,1.34212,1.34228,1.34211,405,1779412199.739,GBPUSD_otc
86,2026-05-22 01:10:00,1.34211,1.34204,1.34218,1.34204,373,1779412499.19,GBPUSD_otc
86,2026-05-22 01:15:00,1.34205,1.34208,1.34213,1.342,389,1779412799.066,GBPUSD_otc
86,2026-05-22 01:20:00,1.34208,1.34212,1.34216,1.34208,405,1779413099.545,GBPUSD_otc
86,2026-05-22 01:25:00,1.34212,1.34213,1.3422,1.34212,419,1779413399.424,GBPUSD_otc
86,2026-05-22 01:30:00,1.34213,1.34212,1.34221,1.34211,410,1779413699.928,GBPUSD_otc
86,2026-05-22 01:35:00,1.34212,1.34207,1.34212,1.34198,409,1779413999.779,GBPUSD_otc
86,2026-05-22 01:40:00,1.34207,1.34215,1.34222,1.34207,408,1779414299.273,GBPUSD_otc
86,2026-05-22 01:45:00,1.34215,1.34201,1.34217,1.34201,385,1779414599.629,GBPUSD_otc
86,2026-05-22 01:50:00,1.34201,1.34204,1.34204,1.34199,396,1779414899.603,GBPUSD_otc
86,2026-05-22 01:55:00,1.34204,1.34198,1.34205,1.34193,401,1779415199.992,GBPUSD_otc
86,2026-05-22 02:00:00,1.34198,1.34205,1.34209,1.34198,385,1779415499.497,GBPUSD_otc
86,2026-05-22 02:05:00,1.34205,1.34213,1.34216,1.34205,412,1779415799.859,GBPUSD_otc
86,2026-05-22 02:10:00,1.34213,1.3421,1.34217,1.34207,397,1779416099.823,GBPUSD_otc
86,2026-05-22 02:15:00,1.3421,1.34219,1.34221,1.34208,399,1779416399.724,GBPUSD_otc
86,2026-05-22 02:20:00,1.34219,1.34216,1.34221,1.34214,415,1779416699.677,GBPUSD_otc
86,2026-05-22 02:25:00,1.34216,1.34221,1.34226,1.34216,396,1779416999.539,GBPUSD_otc
86,2026-05-22 02:30:00,1.34221,1.34217,1.34224,1.34216,417,1779417299.94,GBPUSD_otc
86,2026-05-22 02:35:00,1.34217,1.34213,1.34219,1.34213,392,1779417599.368,GBPUSD_otc
86,2026-05-22 02:40:00,1.34213,1.34209,1.34213,1.34203,390,1779417899.219,GBPUSD_otc
86,2026-05-22 02:45:00,1.34209,1.34206,1.34209,1.34198,395,1779418199.721,GBPUSD_otc
86,2026-05-22 02:50:00,1.34206,1.34197,1.34207,1.34197,407,1779418499.069,GBPUSD_otc
86,2026-05-22 02:55:00,1.34197,1.34198,1.34203,1.34192,406,1779418799.052,GBPUSD_otc
86,2026-05-22 03:00:00,1.34198,1.34215,1.34218,1.34196,398,1779419099.399,GBPUSD_otc
86,2026-05-22 03:05:00,1.34215,1.34215,1.34217,1.34209,383,1779419399.837,GBPUSD_otc
86,2026-05-22 03:10:00,1.34215,1.3422,1.34227,1.34215,401,1779419699.218,GBPUSD_otc
86,2026-05-22 03:15:00,1.3422,1.34203,1.3422,1.34203,393,1779419998.615,GBPUSD_otc
86,2026-05-22 03:20:00,1.34203,1.34216,1.34217,1.34203,405,1779420299.584,GBPUSD_otc
86,2026-05-22 03:25:00,1.34216,1.34215,1.34218,1.34211,387,1779420597.989,GBPUSD_otc
86,2026-05-22 03:30:00,1.34215,1.34209,1.34217,1.34208,378,1779420899.975,GBPUSD_otc
86,2026-05-22 03:35:00,1.34209,1.34211,1.34213,1.34205,395,1779421199.839,GBPUSD_otc
86,2026-05-22 03:40:00,1.34211,1.34228,1.3423,1.3421,392,1779421499.835,GBPUSD_otc
86,2026-05-22 03:45:00,1.34228,1.34218,1.3423,1.34217,379,1779421799.73,GBPUSD_otc
86,2026-05-22 03:50:00,1.34218,1.34214,1.34218,1.34212,387,1779422099.73,GBPUSD_otc
86,2026-05-22 03:55:00,1.34214,1.34211,1.34217,1.3421,411,1779422399.099,GBPUSD_otc
86,2026-05-22 04:00:00,1.34211,1.34189,1.34211,1.34189,398,1779422699.574,GBPUSD_otc
86,2026-05-22 04:05:00,1.34189,1.34183,1.34193,1.34179,388,1779422999.928,GBPUSD_otc
86,2026-05-22 04:10:00,1.34183,1.34176,1.34184,1.34175,396,1779423298.847,GBPUSD_otc
86,2026-05-22 04:15:00,1.34176,1.34164,1.34179,1.34163,406,1779423599.832,GBPUSD_otc
86,2026-05-22 04:20:00,1.34164,1.34162,1.34169,1.34156,385,1779423899.353,GBPUSD_otc
86,2026-05-22 04:25:00,1.34162,1.3417,1.34171,1.34158,395,1779424199.767,GBPUSD_otc
86,2026-05-22 04:30:00,1.3417,1.34161,1.34175,1.34159,414,1779424499.701,GBPUSD_otc
86,2026-05-22 04:35:00,1.34161,1.34164,1.34165,1.34158,399,1779424799.581,GBPUSD_otc
86,2026-05-22 04:40:00,1.34164,1.34164,1.34167,1.34157,377,1779425099.47,GBPUSD_otc
86,2026-05-22 04:45:00,1.34164,1.34156,1.34164,1.34152,384,1779425398.42,GBPUSD_otc
86,2026-05-22 04:50:00,1.34156,1.34145,1.34156,1.34144,383,1779425699.846,GBPUSD_otc
86,2026-05-22 04:55:00,1.34145,1.34153,1.34153,1.34142,388,1779425999.29,GBPUSD_otc
86,2026-05-22 05:00:00,1.34153,1.34147,1.34158,1.34147,397,1779426298.667,GBPUSD_otc
86,2026-05-22 05:05:00,1.34147,1.34154,1.34154,1.34144,377,1779426599.131,GBPUSD_otc
86,2026-05-22 05:10:00,1.34154,1.34163,1.34163,1.34153,395,1779426899.535,GBPUSD_otc
86,2026-05-22 05:15:00,1.34163,1.3416,1.34166,1.3416,397,1779427199.536,GBPUSD_otc
86,2026-05-22 05:20:00,1.3416,1.3415,1.3416,1.34147,392,1779427499.895,GBPUSD_otc
86,2026-05-22 05:25:00,1.3415,1.34154,1.34155,1.34149,409,1779427799.917,GBPUSD_otc
86,2026-05-22 05:30:00,1.34154,1.34155,1.34161,1.34152,381,1779428099.841,GBPUSD_otc
86,2026-05-22 05:35:00,1.34155,1.34158,1.3416,1.34154,376,1779428399.768,GBPUSD_otc
86,2026-05-22 05:40:00,1.34158,1.34156,1.34166,1.34155,411,1779428699.652,GBPUSD_otc
86,2026-05-22 05:45:00,1.34155,1.34146,1.34156,1.34146,415,1779428998.567,GBPUSD_otc
86,2026-05-22 05:50:00,1.34146,1.34152,1.34152,1.34146,416,1779429299.524,GBPUSD_otc
86,2026-05-22 05:55:00,1.34152,1.3415,1.34152,1.34141,422,1779429599.879,GBPUSD_otc
86,2026-05-22 06:00:00,1.3415,1.34164,1.34164,1.3415,412,1779429899.387,GBPUSD_otc
86,2026-05-22 06:05:00,1.34164,1.34183,1.34183,1.3416,433,1779430199.723,GBPUSD_otc
86,2026-05-22 06:10:00,1.34183,1.34178,1.34184,1.34176,388,1779430499.601,GBPUSD_otc
86,2026-05-22 06:15:00,1.34178,1.34191,1.34194,1.34178,413,1779430799.588,GBPUSD_otc
86,2026-05-22 06:20:00,1.34191,1.34201,1.34201,1.34191,406,1779431099.516,GBPUSD_otc
86,2026-05-22 06:25:00,1.34201,1.34194,1.34205,1.34193,398,1779431399.969,GBPUSD_otc
86,2026-05-22 06:30:00,1.34194,1.34198,1.34206,1.34194,392,1779431699.884,GBPUSD_otc
86,2026-05-22 06:35:00,1.34198,1.34191,1.342,1.34188,416,1779431999.845,GBPUSD_otc
86,2026-05-22 06:40:00,1.34191,1.34187,1.34192,1.34184,393,1779432299.721,GBPUSD_otc
86,2026-05-22 06:45:00,1.34187,1.34193,1.34194,1.34183,396,1779432599.732,GBPUSD_otc
86,2026-05-22 06:50:00,1.34193,1.34189,1.342,1.34188,393,1779432899.659,GBPUSD_otc
86,2026-05-22 06:55:00,1.34189,1.34175,1.34189,1.34174,415,1779433199.68,GBPUSD_otc
86,2026-05-22 07:00:00,1.34175,1.3417,1.34179,1.34163,406,1779433499.087,GBPUSD_otc
86,2026-05-22 07:05:00,1.3417,1.34164,1.3417,1.34159,396,1779433799.571,GBPUSD_otc
86,2026-05-22 07:10:00,1.34164,1.34155,1.34164,1.34155,413,1779434099.959,GBPUSD_otc
86,2026-05-22 07:15:00,1.34155,1.34158,1.34158,1.34151,393,1779434399.942,GBPUSD_otc
86,2026-05-22 07:20:00,1.34158,1.34162,1.34166,1.34156,396,1779434699.374,GBPUSD_otc
86,2026-05-22 07:25:00,1.34162,1.34171,1.34173,1.34161,421,1779434999.302,GBPUSD_otc
86,2026-05-22 07:30:00,1.34171,1.34178,1.3418,1.34171,399,1779435299.612,GBPUSD_otc
86,2026-05-22 07:35:00,1.34178,1.34159,1.34178,1.34159,409,1779435599.561,GBPUSD_otc
86,2026-05-22 07:40:00,1.34159,1.34148,1.34163,1.34148,403,1779435899.506,GBPUSD_otc
86,2026-05-22 07:45:00,1.34148,1.34152,1.34155,1.34144,408,1779436199.93,GBPUSD_otc
86,2026-05-22 07:50:00,1.34152,1.34147,1.34152,1.34142,404,1779436499.851,GBPUSD_otc
86,2026-05-22 07:55:00,1.34147,1.34153,1.34155,1.34145,376,1779436799.779,GBPUSD_otc
86,2026-05-22 08:00:00,1.34153,1.34157,1.34162,1.34152,406,1779437099.698,GBPUSD_otc
86,2026-05-22 08:05:00,1.34157,1.34158,1.34165,1.34156,386,1779437399.559,GBPUSD_otc
86,2026-05-22 08:10:00,1.34158,1.34156,1.34163,1.34153,396,1779437698.467,GBPUSD_otc
86,2026-05-22 08:15:00,1.34156,1.34147,1.34156,1.34142,404,1779437999.922,GBPUSD_otc
86,2026-05-22 08:20:00,1.34147,1.34144,1.34153,1.34144,396,1779438299.921,GBPUSD_otc
86,2026-05-22 08:25:00,1.34144,1.34141,1.34146,1.34134,398,1779438599.287,GBPUSD_otc
86,2026-05-22 08:30:00,1.34141,1.34146,1.34146,1.34137,400,1779438899.763,GBPUSD_otc
86,2026-05-22 08:35:00,1.34146,1.34143,1.3415,1.34141,391,1779439199.678,GBPUSD_otc
86,2026-05-22 08:40:00,1.34143,1.34144,1.34144,1.34136,392,1779439499.06,GBPUSD_otc
86,2026-05-22 08:45:00,1.34144,1.34149,1.34151,1.34143,396,1779439799.536,GBPUSD_otc
86,2026-05-22 08:50:00,1.34149,1.34152,1.34158,1.34146,410,1779440099.922,GBPUSD_otc
86,2026-05-22 08:55:00,1.34152,1.34162,1.34163,1.34151,409,1779440399.894,GBPUSD_otc
86,2026-05-22 09:00:00,1.34162,1.34169,1.34171,1.34162,412,1779440699.753,GBPUSD_otc
86,2026-05-22 09:05:00,1.34169,1.34166,1.34169,1.34159,407,1779440999.309,GBPUSD_otc
86,2026-05-22 09:10:00,1.34166,1.34155,1.34166,1.34153,392,1779441299.673,GBPUSD_otc
86,2026-05-22 09:15:00,1.34155,1.34152,1.34158,1.34149,383,1779441599.668,GBPUSD_otc
86,2026-05-22 09:20:00,1.34152,1.34148,1.34152,1.34147,417,1779441898.569,GBPUSD_otc
86,2026-05-22 09:25:00,1.34148,1.34146,1.34149,1.34143,394,1779442199.57,GBPUSD_otc
86,2026-05-22 09:30:00,1.34146,1.34149,1.34152,1.34142,400,1779442499.422,GBPUSD_otc
86,2026-05-22 09:35:00,1.34149,1.34158,1.3416,1.34149,385,1779442799.9,GBPUSD_otc
86,2026-05-22 09:40:00,1.34158,1.34153,1.34161,1.34151,403,1779443098.787,GBPUSD_otc
86,2026-05-22 09:45:00,1.34153,1.34162,1.34168,1.34151,418,1779443399.253,GBPUSD_otc
86,2026-05-22 09:50:00,1.34162,1.34154,1.34162,1.34153,390,1779443699.67,GBPUSD_otc
86,2026-05-22 09:55:00,1.34154,1.34144,1.34155,1.34142,400,1779443999.682,GBPUSD_otc
86,2026-05-22 10:00:00,1.34144,1.3413,1.34145,1.3413,397,1779444299.553,GBPUSD_otc
86,2026-05-22 10:05:00,1.3413,1.34131,1.34138,1.34126,381,1779444599.481,GBPUSD_otc
86,2026-05-22 10:10:00,1.34131,1.3414,1.34143,1.34128,410,1779444899.966,GBPUSD_otc
86,2026-05-22 10:15:00,1.3414,1.34138,1.3414,1.34135,403,1779445199.441,GBPUSD_otc
86,2026-05-22 10:20:00,1.34138,1.34132,1.34138,1.34128,387,1779445498.895,GBPUSD_otc
86,2026-05-22 10:25:00,1.34132,1.34125,1.34134,1.3412,404,1779445799.88,GBPUSD_otc
86,2026-05-22 10:30:00,1.34125,1.34125,1.34126,1.34118,414,1779446098.765,GBPUSD_otc
86,2026-05-22 10:35:00,1.34125,1.34117,1.34128,1.34116,386,1779446399.71,GBPUSD_otc
86,2026-05-22 10:40:00,1.34117,1.34114,1.34117,1.3411,400,1779446699.168,GBPUSD_otc
86,2026-05-22 10:45:00,1.34114,1.34131,1.34131,1.34114,417,1779446999.693,GBPUSD_otc
86,2026-05-22 10:50:00,1.34131,1.34132,1.34133,1.34127,388,1779447299.106,GBPUSD_otc
86,2026-05-22 10:55:00,1.34132,1.34129,1.34136,1.34126,409,1779447599.115,GBPUSD_otc
86,2026-05-22 11:00:00,1.3413,1.34117,1.3413,1.34116,401,1779447899.501,GBPUSD_otc
86,2026-05-22 11:05:00,1.34117,1.34113,1.34118,1.3411,405,1779448199.526,GBPUSD_otc
86,2026-05-22 11:10:00,1.34113,1.34123,1.34123,1.34113,414,1779448499.893,GBPUSD_otc
86,2026-05-22 11:15:00,1.34123,1.3412,1.34125,1.34117,387,1779448799.888,GBPUSD_otc
86,2026-05-22 11:20:00,1.3412,1.34139,1.34139,1.3412,404,1779449099.338,GBPUSD_otc
86,2026-05-22 11:25:00,1.34139,1.34124,1.34139,1.34124,405,1779449399.335,GBPUSD_otc
86,2026-05-22 11:30:00,1.34124,1.34122,1.34129,1.3412,404,1779449699.692,GBPUSD_otc
86,2026-05-22 11:35:00,1.34122,1.34126,1.34126,1.34118,400,1779449999.709,GBPUSD_otc
86,2026-05-22 11:40:00,1.34126,1.34128,1.3413,1.34124,399,1779450299.626,GBPUSD_otc
86,2026-05-22 11:45:00,1.34128,1.34123,1.34131,1.34122,403,1779450599.622,GBPUSD_otc
86,2026-05-22 11:50:00,1.34123,1.34116,1.34123,1.34115,393,1779450899.541,GBPUSD_otc
86,2026-05-22 11:55:00,1.34116,1.34116,1.3412,1.34109,400,1779451199.043,GBPUSD_otc
86,2026-05-22 12:00:00,1.34116,1.34108,1.34117,1.34106,402,1779451499.966,GBPUSD_otc
86,2026-05-22 12:05:00,1.34108,1.34117,1.34121,1.34106,400,1779451799.979,GBPUSD_otc
86,2026-05-22 12:10:00,1.34117,1.34115,1.34117,1.34112,383,1779452099.868,GBPUSD_otc
86,2026-05-22 12:15:00,1.34115,1.34128,1.3413,1.34112,388,1779452398.873,GBPUSD_otc
86,2026-05-22 12:20:00,1.34128,1.34121,1.3413,1.34119,386,1779452698.751,GBPUSD_otc
86,2026-05-22 12:25:00,1.34121,1.34119,1.34126,1.34118,396,1779452999.758,GBPUSD_otc
86,2026-05-22 12:30:00,1.34118,1.34118,1.34125,1.34115,393,1779453299.156,GBPUSD_otc
86,2026-05-22 12:35:00,1.34118,1.34102,1.34119,1.34102,392,1779453599.681,GBPUSD_otc
86,2026-05-22 12:40:00,1.34102,1.34118,1.34118,1.34101,401,1779453899.585,GBPUSD_otc
86,2026-05-22 12:45:00,1.34118,1.34116,1.34123,1.34114,410,1779454199.619,GBPUSD_otc
86,2026-05-22 12:50:00,1.34116,1.34116,1.34116,1.34108,391,1779454499.479,GBPUSD_otc
86,2026-05-22 12:55:00,1.34116,1.34119,1.34124,1.34114,415,1779454799.974,GBPUSD_otc
86,2026-05-22 13:00:00,1.34119,1.34118,1.34122,1.34111,402,1779455098.358,GBPUSD_otc
86,2026-05-22 13:05:00,1.34118,1.34117,1.3412,1.34111,399,1779455398.872,GBPUSD_otc
86,2026-05-22 13:10:00,1.34117,1.34127,1.34128,1.34113,414,1779455699.773,GBPUSD_otc
86,2026-05-22 13:15:00,1.34127,1.34118,1.34127,1.34116,384,1779455999.786,GBPUSD_otc
86,2026-05-22 13:20:00,1.34117,1.3412,1.34125,1.34116,393,1779456299.663,GBPUSD_otc
86,2026-05-22 13:25:00,1.3412,1.34124,1.34126,1.3412,380,1779456599.158,GBPUSD_otc
86,2026-05-22 13:30:00,1.34124,1.34123,1.34127,1.34121,398,1779456899.56,GBPUSD_otc
86,2026-05-22 13:35:00,1.34124,1.34119,1.34126,1.34116,393,1779457199.558,GBPUSD_otc
86,2026-05-22 13:40:00,1.34119,1.34125,1.34127,1.34117,411,1779457499.997,GBPUSD_otc
86,2026-05-22 13:45:00,1.34125,1.34132,1.34135,1.34125,398,1779457799.032,GBPUSD_otc
86,2026-05-22 13:50:00,1.34132,1.3414,1.34141,1.3413,383,1779458099.925,GBPUSD_otc
86,2026-05-22 13:55:00,1.3414,1.34146,1.34148,1.3414,389,1779458399.912,GBPUSD_otc
86,2026-05-22 14:00:00,1.34146,1.34154,1.34158,1.34144,393,1779458699.81,GBPUSD_otc
86,2026-05-22 14:05:00,1.34154,1.34148,1.34156,1.34147,395,1779458999.306,GBPUSD_otc
86,2026-05-22 14:10:00,1.34148,1.34163,1.34165,1.34148,380,1779459297.705,GBPUSD_otc
86,2026-05-22 14:15:00,1.34163,1.34156,1.34166,1.34156,390,1779459598.221,GBPUSD_otc
86,2026-05-22 14:20:00,1.34156,1.34164,1.34164,1.34153,396,1779459898.132,GBPUSD_otc
86,2026-05-22 14:25:00,1.34164,1.34166,1.34167,1.3416,383,1779460199.1,GBPUSD_otc
86,2026-05-22 14:30:00,1.34167,1.34169,1.3417,1.34165,389,1779460499.988,GBPUSD_otc
86,2026-05-22 14:35:00,1.34169,1.34165,1.34173,1.3416,398,1779460799.945,GBPUSD_otc
86,2026-05-22 14:40:00,1.34165,1.3417,1.34174,1.34165,409,1779461098.864,GBPUSD_otc
86,2026-05-22 14:45:00,1.3417,1.3417,1.34171,1.34165,415,1779461399.84,GBPUSD_otc
86,2026-05-22 14:50:00,1.3417,1.34181,1.34186,1.3417,408,1779461699.736,GBPUSD_otc
86,2026-05-22 14:55:00,1.34181,1.34195,1.34195,1.34181,403,1779461999.681,GBPUSD_otc
86,2026-05-22 15:00:00,1.34195,1.34203,1.34203,1.34194,419,1779462299.603,GBPUSD_otc
86,2026-05-22 15:05:00,1.34203,1.34195,1.34203,1.34194,384,1779462599.594,GBPUSD_otc
86,2026-05-22 15:10:00,1.34196,1.34193,1.34199,1.3419,409,1779462899.513,GBPUSD_otc
86,2026-05-22 15:15:00,1.34193,1.34205,1.34206,1.34192,398,1779463198.532,GBPUSD_otc
86,2026-05-22 15:20:00,1.34205,1.34215,1.34219,1.34204,400,1779463499.979,GBPUSD_otc
86,2026-05-22 15:25:00,1.34215,1.34213,1.34215,1.34208,399,1779463799.962,GBPUSD_otc
86,2026-05-22 15:30:00,1.34213,1.34207,1.34213,1.34201,395,1779464099.329,GBPUSD_otc
86,2026-05-22 15:35:00,1.34207,1.34205,1.34213,1.34205,402,1779464399.316,GBPUSD_otc
86,2026-05-22 15:40:00,1.34205,1.34207,1.34214,1.34205,402,1779464699.772,GBPUSD_otc
86,2026-05-22 15:45:00,1.34207,1.34221,1.34221,1.34205,367,1779464998.268,GBPUSD_otc
86,2026-05-22 15:50:00,1.34221,1.34228,1.3423,1.3422,399,1779465299.72,GBPUSD_otc
86,2026-05-22 15:55:00,1.34228,1.34221,1.3423,1.3422,400,1779465599.647,GBPUSD_otc
86,2026-05-22 16:00:00,1.34221,1.34214,1.34222,1.34212,400,1779465899.565,GBPUSD_otc
86,2026-05-22 16:05:00,1.34214,1.34222,1.34222,1.3421,411,1779466199.555,GBPUSD_otc
86,2026-05-22 16:10:00,1.34222,1.34224,1.34234,1.34221,388,1779466499.935,GBPUSD_otc
86,2026-05-22 16:15:00,1.34224,1.34236,1.34241,1.34224,395,1779466798.919,GBPUSD_otc
86,2026-05-22 16:20:00,1.34236,1.3423,1.34239,1.3423,415,1779467099.842,GBPUSD_otc
86,2026-05-22 16:25:00,1.3423,1.34238,1.34239,1.34227,405,1779467399.799,GBPUSD_otc
86,2026-05-22 16:30:00,1.34238,1.34255,1.34256,1.34238,402,1779467699.673,GBPUSD_otc
86,2026-05-22 16:35:00,1.34255,1.34238,1.34255,1.34237,387,1779467999.668,GBPUSD_otc
86,2026-05-22 16:40:00,1.34238,1.34237,1.34249,1.34237,399,1779468299.609,GBPUSD_otc
86,2026-05-22 16:45:00,1.34237,1.3422,1.34237,1.34219,417,1779468599.616,GBPUSD_otc
86,2026-05-22 16:50:00,1.3422,1.34221,1.34223,1.34216,421,1779468899.539,GBPUSD_otc
86,2026-05-22 16:55:00,1.34221,1.34228,1.34228,1.34218,389,1779469199.51,GBPUSD_otc
86,2026-05-22 17:00:00,1.34228,1.34232,1.34232,1.34218,396,1779469499.942,GBPUSD_otc
86,2026-05-22 17:05:00,1.34232,1.34238,1.34239,1.3423,397,1779469799.951,GBPUSD_otc
86,2026-05-22 17:10:00,1.34238,1.34233,1.3424,1.3423,410,1779470099.31,GBPUSD_otc
86,2026-05-22 17:15:00,1.34233,1.34236,1.34237,1.34231,399,1779470399.31,GBPUSD_otc
86,2026-05-22 17:20:00,1.34236,1.34233,1.34238,1.34229,396,1779470699.225,GBPUSD_otc
86,2026-05-22 17:25:00,1.34233,1.34235,1.34235,1.34227,391,1779470999.188,GBPUSD_otc
86,2026-05-22 17:30:00,1.34235,1.34241,1.34243,1.34231,385,1779471299.597,GBPUSD_otc
86,2026-05-22 17:35:00,1.34241,1.34244,1.34249,1.3424,381,1779471599.604,GBPUSD_otc
86,2026-05-22 17:40:00,1.34244,1.34246,1.34248,1.34236,413,1779471899.479,GBPUSD_otc
86,2026-05-22 17:45:00,1.34246,1.34247,1.34253,1.34244,404,1779472199.943,GBPUSD_otc
86,2026-05-22 17:50:00,1.34247,1.34256,1.34256,1.34243,391,1779472499.358,GBPUSD_otc
86,2026-05-22 17:55:00,1.34256,1.34237,1.34257,1.34237,401,1779472799.839,GBPUSD_otc
86,2026-05-22 18:00:00,1.34237,1.34238,1.34242,1.34234,395,1779473099.735,GBPUSD_otc
86,2026-05-22 18:05:00,1.34238,1.34229,1.34238,1.34228,397,1779473398.715,GBPUSD_otc
86,2026-05-22 18:10:00,1.34229,1.34226,1.34232,1.34222,409,1779473699.614,GBPUSD_otc
86,2026-05-22 18:15:00,1.34226,1.34235,1.34237,1.34223,401,1779473999.597,GBPUSD_otc
86,2026-05-22 18:20:00,1.34235,1.34225,1.34235,1.34225,423,1779474299.506,GBPUSD_otc
86,2026-05-22 18:25:00,1.34225,1.34221,1.34228,1.34221,393,1779474599.921,GBPUSD_otc
86,2026-05-22 18:30:00,1.34221,1.34207,1.34221,1.34205,400,1779474899.93,GBPUSD_otc
86,2026-05-22 18:35:00,1.34207,1.34207,1.34213,1.34204,390,1779475199.863,GBPUSD_otc
86,2026-05-22 18:40:00,1.34207,1.34206,1.34211,1.34203,404,1779475499.799,GBPUSD_otc
86,2026-05-22 18:45:00,1.34206,1.34212,1.34217,1.34206,384,1779475799.763,GBPUSD_otc
86,2026-05-22 18:50:00,1.34212,1.34211,1.34216,1.34209,412,1779476098.676,GBPUSD_otc
86,2026-05-22 18:55:00,1.34211,1.34211,1.34217,1.34209,391,1779476399.071,GBPUSD_otc
86,2026-05-22 19:00:00,1.34211,1.34213,1.34217,1.3421,390,1779476699.062,GBPUSD_otc
86,2026-05-22 19:05:00,1.34213,1.34211,1.3422,1.34211,415,1779476999.957,GBPUSD_otc
86,2026-05-22 19:10:00,1.34211,1.34217,1.34218,1.34208,396,1779477299.494,GBPUSD_otc
86,2026-05-22 19:15:00,1.34217,1.34217,1.34224,1.34215,417,1779477598.856,GBPUSD_otc
86,2026-05-22 19:20:00,1.34217,1.34207,1.34217,1.34207,369,1779477899.812,GBPUSD_otc
86,2026-05-22 19:25:00,1.34207,1.34214,1.34216,1.34206,416,1779478198.673,GBPUSD_otc
86,2026-05-22 19:30:00,1.34214,1.34213,1.34215,1.34208,395,1779478499.169,GBPUSD_otc
86,2026-05-22 19:35:00,1.34213,1.34211,1.3422,1.34211,419,1779478799.606,GBPUSD_otc
86,2026-05-22 19:40:00,1.34211,1.34214,1.34214,1.34208,382,1779479099.095,GBPUSD_otc
86,2026-05-22 19:45:00,1.34214,1.34219,1.34225,1.34213,398,1779479399.014,GBPUSD_otc
86,2026-05-22 19:50:00,1.34218,1.34222,1.34224,1.34212,404,1779479699.499,GBPUSD_otc
86,2026-05-22 19:55:00,1.34221,1.34217,1.34224,1.34216,413,1779479999.336,GBPUSD_otc
86,2026-05-22 20:00:00,1.34217,1.34221,1.34223,1.34212,407,1779480299.77,GBPUSD_otc
86,2026-05-22 20:05:00,1.34221,1.34224,1.34228,1.3422,398,1779480599.72,GBPUSD_otc
86,2026-05-22 20:10:00,1.34224,1.34225,1.34231,1.34221,381,1779480899.631,GBPUSD_otc
86,2026-05-22 20:15:00,1.34224,1.34224,1.34225,1.34219,390,1779481198.571,GBPUSD_otc
86,2026-05-22 20:20:00,1.34224,1.34225,1.34226,1.34219,383,1779481499.525,GBPUSD_otc
86,2026-05-22 20:25:00,1.34225,1.3422,1.34228,1.3422,389,1779481799.911,GBPUSD_otc
86,2026-05-22 20:30:00,1.3422,1.34205,1.34223,1.34205,397,1779482099.813,GBPUSD_otc
86,2026-05-22 20:35:00,1.34205,1.34196,1.34205,1.34192,407,1779482399.792,GBPUSD_otc
86,2026-05-22 20:40:00,1.34196,1.34192,1.34197,1.3419,384,1779482698.682,GBPUSD_otc
86,2026-05-22 20:45:00,1.34192,1.34185,1.34192,1.34185,417,1779482999.66,GBPUSD_otc
86,2026-05-22 20:50:00,1.34185,1.34189,1.34189,1.34177,421,1779483299.505,GBPUSD_otc
86,2026-05-22 20:55:00,1.34189,1.3419,1.34193,1.34183,416,1779483599.524,GBPUSD_otc
86,2026-05-22 21:00:00,1.34191,1.34188,1.34198,1.34187,397,1779483899.878,GBPUSD_otc
86,2026-05-22 21:05:00,1.34188,1.34181,1.34192,1.34181,386,1779484199.87,GBPUSD_otc
86,2026-05-22 21:10:00,1.34181,1.34186,1.34186,1.3418,405,1779484499.788,GBPUSD_otc
86,2026-05-22 21:15:00,1.34186,1.34202,1.34202,1.34186,409,1779484799.778,GBPUSD_otc
86,2026-05-22 21:20:00,1.34202,1.34198,1.34202,1.34192,408,1779485099.679,GBPUSD_otc
86,2026-05-22 21:25:00,1.34198,1.34197,1.34202,1.34196,412,1779485399.639,GBPUSD_otc
86,2026-05-22 21:30:00,1.34197,1.34197,1.34199,1.34193,409,1779485697.473,GBPUSD_otc
86,2026-05-22 21:35:00,1.34197,1.34213,1.34214,1.34195,410,1779485998.96,GBPUSD_otc
86,2026-05-22 21:40:00,1.34213,1.34216,1.34218,1.3421,394,1779486299.829,GBPUSD_otc
86,2026-05-22 21:45:00,1.34216,1.3422,1.34223,1.34209,410,1779486599.785,GBPUSD_otc
86,2026-05-22 21:50:00,1.3422,1.34217,1.34222,1.34213,392,1779486899.169,GBPUSD_otc
86,2026-05-22 21:55:00,1.34217,1.34213,1.34219,1.34211,395,1779487199.042,GBPUSD_otc
86,2026-05-22 22:00:00,1.34213,1.34211,1.34216,1.34208,390,1779487499.997,GBPUSD_otc
86,2026-05-22 22:05:00,1.34211,1.34229,1.34231,1.34211,402,1779487799.847,GBPUSD_otc
86,2026-05-22 22:10:00,1.34229,1.34234,1.34234,1.34223,401,1779488099.815,GBPUSD_otc
86,2026-05-22 22:15:00,1.34234,1.34231,1.34235,1.34226,391,1779488399.718,GBPUSD_otc
86,2026-05-22 22:20:00,1.3423,1.34217,1.34233,1.34217,426,1779488699.661,GBPUSD_otc
86,2026-05-22 22:25:00,1.34219,1.34233,1.34235,1.34219,397,1779488998.556,GBPUSD_otc
86,2026-05-22 22:30:00,1.34233,1.34231,1.34236,1.34228,392,1779489299.02,GBPUSD_otc
86,2026-05-22 22:35:00,1.34231,1.34238,1.34241,1.3423,404,1779489599.908,GBPUSD_otc
86,2026-05-22 22:40:00,1.34238,1.3424,1.34244,1.34238,389,1779489898.877,GBPUSD_otc
86,2026-05-22 22:45:00,1.3424,1.34232,1.34241,1.34232,384,1779490199.791,GBPUSD_otc
86,2026-05-22 22:50:00,1.34232,1.34222,1.34232,1.34218,402,1779490499.196,GBPUSD_otc
86,2026-05-22 22:55:00,1.34222,1.34221,1.34224,1.34218,398,1779490799.619,GBPUSD_otc
86,2026-05-22 23:00:00,1.34221,1.34233,1.34233,1.34216,391,1779491099.998,GBPUSD_otc
86,2026-05-22 23:05:00,1.34233,1.34229,1.34234,1.34228,399,1779491399.462,GBPUSD_otc
86,2026-05-22 23:10:00,1.34229,1.34232,1.34236,1.34227,395,1779491698.823,GBPUSD_otc
86,2026-05-22 23:15:00,1.34232,1.34233,1.34234,1.34226,389,1779491999.81,GBPUSD_otc
86,2026-05-22 23:20:00,1.34233,1.34231,1.34235,1.34227,395,1779492298.194,GBPUSD_otc
86,2026-05-22 23:25:00,1.34231,1.34229,1.34233,1.34222,412,1779492599.672,GBPUSD_otc
86,2026-05-22 23:30:00,1.34229,1.34227,1.34237,1.34226,402,1779492899.537,GBPUSD_otc
86,2026-05-22 23:35:00,1.34227,1.34229,1.34232,1.34224,401,1779493199.516,GBPUSD_otc
86,2026-05-22 23:40:00,1.34229,1.34231,1.34236,1.34226,408,1779493499.936,GBPUSD_otc
86,2026-05-22 23:45:00,1.34231,1.34224,1.34233,1.34222,389,1779493799.9,GBPUSD_otc
86,2026-05-22 23:50:00,1.34224,1.34232,1.34232,1.3422,399,1779494099.362,GBPUSD_otc
86,2026-05-22 23:55:00,1.34232,1.34237,1.34241,1.34232,403,1779494399.824,GBPUSD_otc
86,2026-05-23 00:00:00,1.34237,1.34236,1.34238,1.3423,402,1779494699.747,GBPUSD_otc
86,2026-05-23 00:05:00,1.34236,1.34227,1.34237,1.34227,409,1779494998.186,GBPUSD_otc
86,2026-05-23 00:10:00,1.34227,1.34217,1.34233,1.34216,407,1779495299.56,GBPUSD_otc
86,2026-05-23 00:15:00,1.34217,1.34221,1.34223,1.34216,416,1779495599.532,GBPUSD_otc
86,2026-05-23 00:20:00,1.34221,1.34229,1.34231,1.34221,405,1779495899.433,GBPUSD_otc
86,2026-05-23 00:25:00,1.34229,1.34226,1.34231,1.34223,394,1779496199.401,GBPUSD_otc
86,2026-05-23 00:30:00,1.34226,1.34233,1.34233,1.34223,399,1779496499.796,GBPUSD_otc
86,2026-05-23 00:35:00,1.34233,1.34234,1.34235,1.34228,383,1779496799.719,GBPUSD_otc
86,2026-05-23 00:40:00,1.34234,1.34227,1.34238,1.34227,399,1779497099.126,GBPUSD_otc
86,2026-05-23 00:45:00,1.34227,1.3424,1.34241,1.34224,393,1779497399.527,GBPUSD_otc
86,2026-05-23 00:50:00,1.3424,1.34232,1.3424,1.34226,390,1779497699.953,GBPUSD_otc
86,2026-05-23 00:55:00,1.34232,1.34235,1.34237,1.34231,411,1779497999.819,GBPUSD_otc
86,2026-05-23 01:00:00,1.34235,1.3422,1.34236,1.34219,393,1779498299.806,GBPUSD_otc
86,2026-05-23 01:05:00,1.3422,1.34221,1.34224,1.34215,408,1779498599.691,GBPUSD_otc
86,2026-05-23 01:10:00,1.34221,1.34225,1.34233,1.34218,409,1779498899.172,GBPUSD_otc
86,2026-05-23 01:15:00,1.34225,1.3423,1.34231,1.34218,409,1779499199.544,GBPUSD_otc
86,2026-05-23 01:20:00,1.3423,1.34244,1.34244,1.34226,389,1779499499.523,GBPUSD_otc
86,2026-05-23 01:25:00,1.34244,1.34239,1.34245,1.34232,390,1779499799.879,GBPUSD_otc
86,2026-05-23 01:30:00,1.34239,1.34237,1.34243,1.34237,399,1779500099.801,GBPUSD_otc
86,2026-05-23 01:35:00,1.34237,1.3423,1.34238,1.34223,409,1779500399.679,GBPUSD_otc
86,2026-05-23 01:40:00,1.3423,1.34225,1.34234,1.34225,402,1779500699.587,GBPUSD_otc
86,2026-05-23 01:45:00,1.34225,1.34218,1.34225,1.34213,384,1779500999.603,GBPUSD_otc
86,2026-05-23 01:50:00,1.34218,1.34221,1.34225,1.34216,421,1779501299.99,GBPUSD_otc
86,2026-05-23 01:55:00,1.34221,1.34219,1.34223,1.34216,407,1779501599.941,GBPUSD_otc
86,2026-05-23 02:00:00,1.34219,1.34221,1.34224,1.34217,394,1779501899.821,GBPUSD_otc
86,2026-05-23 02:05:00,1.34221,1.3422,1.3423,1.34219,385,1779502199.278,GBPUSD_otc
86,2026-05-23 02:10:00,1.3422,1.34208,1.3422,1.34207,404,1779502499.641,GBPUSD_otc
86,2026-05-23 02:15:00,1.34208,1.34201,1.34216,1.34199,403,1779502799.575,GBPUSD_otc
86,2026-05-23 02:20:00,1.342,1.342,1.34206,1.34198,403,1779503098.504,GBPUSD_otc
86,2026-05-23 02:25:00,1.342,1.34203,1.34204,1.3419,406,1779503399.458,GBPUSD_otc
86,2026-05-23 02:30:00,1.34203,1.34193,1.34203,1.34192,381,1779503699.89,GBPUSD_otc
86,2026-05-23 02:35:00,1.34193,1.342,1.34202,1.34191,412,1779503999.363,GBPUSD_otc
86,2026-05-23 02:40:00,1.342,1.34207,1.34209,1.342,388,1779504299.21,GBPUSD_otc
86,2026-05-23 02:45:00,1.34207,1.34216,1.3422,1.34207,401,1779504598.633,GBPUSD_otc
86,2026-05-23 02:50:00,1.34216,1.3422,1.34221,1.34212,404,1779504899.108,GBPUSD_otc
86,2026-05-23 02:55:00,1.3422,1.34217,1.3422,1.34212,403,1779505199.556,GBPUSD_otc
86,2026-05-23 03:00:00,1.34217,1.34217,1.34219,1.34211,406,1779505499.456,GBPUSD_otc
86,2026-05-23 03:05:00,1.34218,1.34215,1.34221,1.34214,402,1779505799.84,GBPUSD_otc
86,2026-05-23 03:10:00,1.34214,1.34208,1.34215,1.34208,390,1779506099.787,GBPUSD_otc
86,2026-05-23 03:15:00,1.34208,1.34207,1.34213,1.34205,400,1779506399.657,GBPUSD_otc
86,2026-05-23 03:20:00,1.34207,1.34201,1.34213,1.34201,403,1779506699.149,GBPUSD_otc
86,2026-05-23 03:25:00,1.34201,1.34189,1.34203,1.34189,390,1779506999.516,GBPUSD_otc
86,2026-05-23 03:30:00,1.34189,1.34191,1.34196,1.34186,415,1779507299.508,GBPUSD_otc
86,2026-05-23 03:35:00,1.34192,1.34193,1.34196,1.34186,404,1779507599.865,GBPUSD_otc
86,2026-05-23 03:40:00,1.34193,1.34192,1.34193,1.34186,407,1779507899.697,GBPUSD_otc
86,2026-05-23 03:45:00,1.34192,1.34185,1.34197,1.34178,381,1779508198.655,GBPUSD_otc
86,2026-05-23 03:50:00,1.34185,1.34187,1.34194,1.34185,397,1779508499.569,GBPUSD_otc
86,2026-05-23 03:55:00,1.34187,1.34185,1.34188,1.34183,412,1779508799.535,GBPUSD_otc
86,2026-05-23 04:00:00,1.34185,1.34197,1.34197,1.34184,377,1779509099.948,GBPUSD_otc
86,2026-05-23 04:05:00,1.34197,1.34201,1.34207,1.34195,385,1779509399.44,GBPUSD_otc
86,2026-05-23 04:10:00,1.34201,1.34194,1.34202,1.34193,392,1779509699.298,GBPUSD_otc
86,2026-05-23 04:15:00,1.34194,1.34206,1.34208,1.34192,406,1779509999.8,GBPUSD_otc
86,2026-05-23 04:20:00,1.34205,1.342,1.34206,1.34199,382,1779510299.663,GBPUSD_otc
86,2026-05-23 04:25:00,1.342,1.34193,1.34202,1.34193,405,1779510599.137,GBPUSD_otc
86,2026-05-23 04:30:00,1.34193,1.34186,1.34195,1.34183,401,1779510899.526,GBPUSD_otc
86,2026-05-23 04:35:00,1.34186,1.34189,1.34198,1.34186,397,1779511199.941,GBPUSD_otc
86,2026-05-23 04:40:00,1.34189,1.34191,1.34202,1.34189,421,1779511499.87,GBPUSD_otc
86,2026-05-23 04:45:00,1.34191,1.34183,1.34194,1.3418,391,1779511799.293,GBPUSD_otc
86,2026-05-23 04:50:00,1.34183,1.34188,1.3419,1.34182,396,1779512099.768,GBPUSD_otc
86,2026-05-23 04:55:00,1.34188,1.34189,1.34192,1.34183,404,1779512398.714,GBPUSD_otc
86,2026-05-23 05:00:00,1.3419,1.34191,1.34193,1.34182,402,1779512699.639,GBPUSD_otc
86,2026-05-23 05:05:00,1.34191,1.34189,1.34195,1.34187,418,1779512999.588,GBPUSD_otc
86,2026-05-23 05:10:00,1.34189,1.34187,1.34192,1.34185,403,1779513299.969,GBPUSD_otc
86,2026-05-23 05:15:00,1.34187,1.34175,1.34188,1.34174,388,1779513599.955,GBPUSD_otc
86,2026-05-23 05:20:00,1.34175,1.34165,1.34179,1.3416,404,1779513899.862,GBPUSD_otc
86,2026-05-23 05:25:00,1.34165,1.3417,1.34176,1.34165,401,1779514199.823,GBPUSD_otc
86,2026-05-23 05:30:00,1.3417,1.34163,1.3417,1.34158,417,1779514498.654,GBPUSD_otc
86,2026-05-23 05:35:00,1.34163,1.34157,1.34167,1.34156,398,1779514799.136,GBPUSD_otc
86,2026-05-23 05:40:00,1.34157,1.34154,1.34161,1.34153,409,1779515099.515,GBPUSD_otc
86,2026-05-23 05:45:00,1.34154,1.3415,1.34154,1.34146,406,1779515399.983,GBPUSD_otc
86,2026-05-23 05:50:00,1.3415,1.34146,1.3415,1.34142,384,1779515699.861,GBPUSD_otc
86,2026-05-23 05:55:00,1.34146,1.34143,1.34151,1.34141,405,1779515999.243,GBPUSD_otc
86,2026-05-23 06:00:00,1.34143,1.34143,1.34149,1.34143,402,1779516299.728,GBPUSD_otc
86,2026-05-23 06:05:00,1.34143,1.34139,1.34153,1.34138,404,1779516599.691,GBPUSD_otc
86,2026-05-23 06:10:00,1.34139,1.3415,1.3415,1.34137,389,1779516899.614,GBPUSD_otc
86,2026-05-23 06:15:00,1.3415,1.3415,1.3416,1.3415,404,1779517199.472,GBPUSD_otc
86,2026-05-23 06:20:00,1.3415,1.34143,1.34151,1.34141,413,1779517499.954,GBPUSD_otc
86,2026-05-23 06:25:00,1.34143,1.34136,1.34144,1.34136,414,1779517798.315,GBPUSD_otc
86,2026-05-23 06:30:00,1.34136,1.34146,1.34146,1.34136,397,1779518099.783,GBPUSD_otc
86,2026-05-23 06:35:00,1.34146,1.34142,1.34146,1.3414,399,1779518399.706,GBPUSD_otc
86,2026-05-23 06:40:00,1.34142,1.34148,1.34151,1.3414,389,1779518698.686,GBPUSD_otc
86,2026-05-23 06:45:00,1.34148,1.34161,1.34161,1.34146,403,1779518998.612,GBPUSD_otc
86,2026-05-23 06:50:00,1.34161,1.3417,1.3417,1.34159,411,1779519299.559,GBPUSD_otc
86,2026-05-23 06:55:00,1.3417,1.34171,1.34177,1.34167,402,1779519599.506,GBPUSD_otc
86,2026-05-23 07:00:00,1.34171,1.34184,1.34184,1.34169,402,1779519899.961,GBPUSD_otc
86,2026-05-23 07:05:00,1.34184,1.34185,1.34187,1.3418,394,1779520198.916,GBPUSD_otc
86,2026-05-23 07:10:00,1.34185,1.34185,1.34188,1.34182,403,1779520499.896,GBPUSD_otc
86,2026-05-23 07:15:00,1.34185,1.34184,1.34186,1.3418,381,1779520799.791,GBPUSD_otc
86,2026-05-23 07:20:00,1.34184,1.34182,1.34185,1.3418,402,1779521099.754,GBPUSD_otc
86,2026-05-23 07:25:00,1.34182,1.34195,1.34195,1.34179,399,1779521398.225,GBPUSD_otc
86,2026-05-23 07:30:00,1.34196,1.34202,1.34204,1.34194,406,1779521698.674,GBPUSD_otc
86,2026-05-23 07:35:00,1.34202,1.34195,1.34207,1.34195,397,1779521999.065,GBPUSD_otc
86,2026-05-23 07:40:00,1.34195,1.34189,1.34196,1.34181,393,1779522299.528,GBPUSD_otc
86,2026-05-23 07:45:00,1.34189,1.34188,1.34195,1.34186,415,1779522599.969,GBPUSD_otc
86,2026-05-23 07:50:00,1.34188,1.34189,1.34195,1.34186,389,1779522899.941,GBPUSD_otc
86,2026-05-23 07:55:00,1.34189,1.34188,1.34195,1.34186,411,1779523199.315,GBPUSD_otc
86,2026-05-23 08:00:00,1.34188,1.34181,1.34193,1.34177,387,1779523499.754,GBPUSD_otc
86,2026-05-23 08:05:00,1.34181,1.34184,1.34188,1.34177,419,1779523799.666,GBPUSD_otc
86,2026-05-23 08:10:00,1.34184,1.34186,1.34193,1.34184,377,1779524099.105,GBPUSD_otc
86,2026-05-23 08:15:00,1.34186,1.34172,1.34186,1.34172,413,1779524399.051,GBPUSD_otc
86,2026-05-23 08:20:00,1.34172,1.3416,1.34173,1.3416,409,1779524699.967,GBPUSD_otc
86,2026-05-23 08:25:00,1.3416,1.34156,1.34162,1.34154,399,1779524999.923,GBPUSD_otc
86,2026-05-23 08:30:00,1.34156,1.34152,1.34161,1.3415,395,1779525298.827,GBPUSD_otc
86,2026-05-23 08:35:00,1.34152,1.34154,1.3416,1.34151,403,1779525599.802,GBPUSD_otc
86,2026-05-23 08:40:00,1.34155,1.34151,1.34156,1.34145,401,1779525899.65,GBPUSD_otc
86,2026-05-23 08:45:00,1.34151,1.34153,1.34162,1.3415,390,1779526199.624,GBPUSD_otc
86,2026-05-23 08:50:00,1.34153,1.3415,1.34157,1.3415,394,1779526499.572,GBPUSD_otc
86,2026-05-23 08:55:00,1.3415,1.34157,1.3416,1.3414,420,1779526799.527,GBPUSD_otc
86,2026-05-23 09:00:00,1.34157,1.34173,1.34174,1.34154,390,1779527099.461,GBPUSD_otc
86,2026-05-23 09:05:00,1.34172,1.34173,1.34174,1.34166,416,1779527399.877,GBPUSD_otc
86,2026-05-23 09:10:00,1.34173,1.34171,1.34181,1.34171,404,1779527698.788,GBPUSD_otc
86,2026-05-23 09:15:00,1.34171,1.34163,1.34173,1.34163,397,1779527999.728,GBPUSD_otc
86,2026-05-23 09:20:00,1.34163,1.34168,1.34171,1.34162,398,1779528299.643,GBPUSD_otc
86,2026-05-23 09:25:00,1.34168,1.34178,1.34181,1.34166,405,1779528599.525,GBPUSD_otc
86,2026-05-23 09:30:00,1.34178,1.34178,1.34182,1.34173,398,1779528899.557,GBPUSD_otc
86,2026-05-23 09:35:00,1.34178,1.34171,1.34178,1.34168,392,1779529199.394,GBPUSD_otc
86,2026-05-23 09:40:00,1.34171,1.34173,1.34179,1.3417,390,1779529499.404,GBPUSD_otc
86,2026-05-23 09:45:00,1.34173,1.34172,1.34177,1.34167,395,1779529798.711,GBPUSD_otc
86,2026-05-23 09:50:00,1.34172,1.34173,1.34181,1.3417,392,1779530099.127,GBPUSD_otc
86,2026-05-23 09:55:00,1.34173,1.34162,1.34174,1.34158,375,1779530398.586,GBPUSD_otc
86,2026-05-23 10:00:00,1.34162,1.34171,1.34171,1.34162,387,1779530699.486,GBPUSD_otc
86,2026-05-23 10:05:00,1.34171,1.34165,1.34174,1.34161,412,1779530999.998,GBPUSD_otc
86,2026-05-23 10:10:00,1.34165,1.34162,1.34168,1.34162,397,1779531299.348,GBPUSD_otc
86,2026-05-23 10:15:00,1.34162,1.34165,1.3417,1.34159,388,1779531599.837,GBPUSD_otc
86,2026-05-23 10:20:00,1.34165,1.34165,1.34168,1.3416,395,1779531899.737,GBPUSD_otc
86,2026-05-23 10:25:00,1.34165,1.34163,1.3417,1.34161,402,1779532199.721,GBPUSD_otc
86,2026-05-23 10:30:00,1.34162,1.34158,1.34164,1.34156,409,1779532499.636,GBPUSD_otc
86,2026-05-23 10:35:00,1.34158,1.34155,1.34159,1.34147,383,1779532798.612,GBPUSD_otc
86,2026-05-23 10:40:00,1.34155,1.34143,1.34159,1.34141,406,1779533099.496,GBPUSD_otc
86,2026-05-23 10:45:00,1.34143,1.34152,1.34157,1.34143,402,1779533399.052,GBPUSD_otc
86,2026-05-23 10:50:00,1.34152,1.34151,1.34153,1.34144,387,1779533699.899,GBPUSD_otc
86,2026-05-23 10:55:00,1.34151,1.34148,1.34152,1.34145,393,1779533999.394,GBPUSD_otc
86,2026-05-23 11:00:00,1.34148,1.34153,1.34155,1.34147,403,1779534299.817,GBPUSD_otc
86,2026-05-23 11:05:00,1.34153,1.34141,1.34153,1.34141,403,1779534599.78,GBPUSD_otc
86,2026-05-23 11:10:00,1.3414,1.34136,1.34141,1.34135,402,1779534899.686,GBPUSD_otc
86,2026-05-23 11:15:00,1.34136,1.34127,1.34136,1.34127,399,1779535199.18,GBPUSD_otc
86,2026-05-23 11:20:00,1.34127,1.34132,1.34136,1.34127,389,1779535499.542,GBPUSD_otc
86,2026-05-23 11:25:00,1.34132,1.34129,1.34135,1.34128,389,1779535799.53,GBPUSD_otc
86,2026-05-23 11:30:00,1.34129,1.34129,1.34134,1.34127,398,1779536099.998,GBPUSD_otc
86,2026-05-23 11:35:00,1.34129,1.34116,1.34129,1.34116,405,1779536399.981,GBPUSD_otc
86,2026-05-23 11:40:00,1.34116,1.34119,1.34121,1.3411,407,1779536699.371,GBPUSD_otc
86,2026-05-23 11:45:00,1.34119,1.3413,1.3413,1.34117,412,1779536999.861,GBPUSD_otc
86,2026-05-23 11:50:00,1.3413,1.34128,1.34134,1.34126,400,1779537299.236,GBPUSD_otc
86,2026-05-23 11:55:00,1.34128,1.3414,1.3414,1.34125,394,1779537599.659,GBPUSD_otc
86,2026-05-23 12:00:00,1.3414,1.34144,1.34144,1.34139,384,1779537899.654,GBPUSD_otc
86,2026-05-23 12:05:00,1.34144,1.34142,1.34145,1.34137,381,1779538199.617,GBPUSD_otc
86,2026-05-23 12:10:00,1.34142,1.34133,1.34143,1.34132,396,1779538499.523,GBPUSD_otc
86,2026-05-23 12:15:00,1.34133,1.34145,1.34145,1.34132,405,1779538799.972,GBPUSD_otc
86,2026-05-23 12:20:00,1.34145,1.34136,1.34148,1.34136,380,1779539099.89,GBPUSD_otc
86,2026-05-23 12:25:00,1.34136,1.3413,1.34138,1.34127,400,1779539399.362,GBPUSD_otc
86,2026-05-23 12:30:00,1.3413,1.34137,1.34142,1.3413,397,1779539699.844,GBPUSD_otc
86,2026-05-23 12:35:00,1.34137,1.34133,1.34138,1.34127,399,1779539999.76,GBPUSD_otc
86,2026-05-23 12:40:00,1.34133,1.34135,1.34137,1.34129,398,1779540299.193,GBPUSD_otc
86,2026-05-23 12:45:00,1.34135,1.34129,1.34139,1.34126,411,1779540599.559,GBPUSD_otc
86,2026-05-23 12:50:00,1.34129,1.34141,1.34141,1.34128,406,1779540899.548,GBPUSD_otc
86,2026-05-23 12:55:00,1.34141,1.34128,1.34141,1.34125,392,1779541199.954,GBPUSD_otc
86,2026-05-23 13:00:00,1.3413,1.34128,1.34133,1.34124,426,1779541499.969,GBPUSD_otc
86,2026-05-23 13:05:00,1.34128,1.34125,1.34135,1.34125,406,1779541799.881,GBPUSD_otc
86,2026-05-23 13:10:00,1.34125,1.34125,1.3413,1.34124,395,1779542099.872,GBPUSD_otc
86,2026-05-23 13:15:00,1.34125,1.34122,1.34125,1.34114,376,1779542399.687,GBPUSD_otc
86,2026-05-23 13:20:00,1.34121,1.34117,1.34123,1.34114,401,1779542698.204,GBPUSD_otc
86,2026-05-23 13:25:00,1.34117,1.34119,1.34125,1.34117,390,1779542999.089,GBPUSD_otc
86,2026-05-23 13:30:00,1.34119,1.34103,1.34123,1.34103,390,1779543299.111,GBPUSD_otc
86,2026-05-23 13:35:00,1.34103,1.34109,1.34109,1.34101,398,1779543599.998,GBPUSD_otc
86,2026-05-23 13:40:00,1.34109,1.34099,1.34111,1.34099,385,1779543898.968,GBPUSD_otc
86,2026-05-23 13:45:00,1.34099,1.34104,1.34105,1.34093,381,1779544199.842,GBPUSD_otc
86,2026-05-23 13:50:00,1.34104,1.34105,1.3411,1.341,427,1779544499.733,GBPUSD_otc
86,2026-05-23 13:55:00,1.34105,1.34101,1.34106,1.34101,408,1779544799.666,GBPUSD_otc
86,2026-05-23 14:00:00,1.34101,1.34108,1.34109,1.34101,408,1779545099.629,GBPUSD_otc
86,2026-05-23 14:05:00,1.34109,1.34108,1.34119,1.34106,413,1779545398.552,GBPUSD_otc
86,2026-05-23 14:10:00,1.34108,1.3411,1.34113,1.34104,392,1779545699.979,GBPUSD_otc
86,2026-05-23 14:15:00,1.3411,1.34114,1.34114,1.34104,392,1779545999.421,GBPUSD_otc
86,2026-05-23 14:20:00,1.34114,1.34098,1.34114,1.34093,410,1779546299.824,GBPUSD_otc
86,2026-05-23 14:25:00,1.34098,1.34094,1.34098,1.34088,387,1779546599.793,GBPUSD_otc
86,2026-05-23 14:30:00,1.34094,1.34087,1.34095,1.34083,404,1779546899.695,GBPUSD_otc
86,2026-05-23 14:35:00,1.34087,1.341,1.34104,1.34087,368,1779547199.161,GBPUSD_otc
86,2026-05-23 14:40:00,1.34101,1.34091,1.34103,1.34088,380,1779547499.551,GBPUSD_otc
86,2026-05-23 14:45:00,1.3409,1.34095,1.34098,1.34088,391,1779547799.575,GBPUSD_otc
86,2026-05-23 14:50:00,1.34097,1.34102,1.34102,1.34094,388,1779548099.473,GBPUSD_otc
86,2026-05-23 14:55:00,1.34102,1.34094,1.34105,1.34093,394,1779548399.978,GBPUSD_otc
86,2026-05-23 15:00:00,1.34094,1.34088,1.34095,1.34087,415,1779548699.356,GBPUSD_otc
86,2026-05-23 15:05:00,1.34088,1.34091,1.34097,1.34088,406,1779548999.841,GBPUSD_otc
86,2026-05-23 15:10:00,1.34091,1.34093,1.34101,1.3409,406,1779549299.234,GBPUSD_otc
86,2026-05-23 15:15:00,1.34093,1.3409,1.34093,1.34085,397,1779549599.732,GBPUSD_otc
86,2026-05-23 15:20:00,1.34091,1.34095,1.34099,1.3409,400,1779549899.108,GBPUSD_otc
86,2026-05-23 15:25:00,1.34095,1.34091,1.34097,1.34089,381,1779550199.61,GBPUSD_otc
86,2026-05-23 15:30:00,1.34091,1.34089,1.34095,1.34088,397,1779550498.465,GBPUSD_otc
86,2026-05-23 15:35:00,1.34089,1.34101,1.34103,1.34089,397,1779550799.944,GBPUSD_otc
86,2026-05-23 15:40:00,1.34101,1.34109,1.34109,1.34101,401,1779551099.858,GBPUSD_otc
86,2026-05-23 15:45:00,1.34109,1.34115,1.34115,1.34106,402,1779551399.823,GBPUSD_otc
86,2026-05-23 15:50:00,1.34115,1.34107,1.34116,1.34105,391,1779551699.782,GBPUSD_otc
86,2026-05-23 15:55:00,1.34107,1.34108,1.3411,1.34104,398,1779551999.711,GBPUSD_otc
86,2026-05-23 16:00:00,1.34108,1.34092,1.34109,1.34092,405,1779552299.656,GBPUSD_otc
86,2026-05-23 16:05:00,1.34092,1.34091,1.34098,1.34088,396,1779552599.143,GBPUSD_otc
86,2026-05-23 16:10:00,1.34092,1.34102,1.34103,1.34092,410,1779552899.104,GBPUSD_otc
86,2026-05-23 16:15:00,1.34102,1.34122,1.34125,1.34102,402,1779553199.576,GBPUSD_otc
86,2026-05-23 16:20:00,1.34122,1.34123,1.34125,1.34119,391,1779553499.028,GBPUSD_otc
86,2026-05-23 16:25:00,1.34123,1.34123,1.34126,1.34119,389,1779553799.483,GBPUSD_otc
86,2026-05-23 16:30:00,1.34123,1.34116,1.34123,1.34113,390,1779554099.879,GBPUSD_otc
86,2026-05-23 16:35:00,1.34116,1.34127,1.34127,1.34116,397,1779554399.368,GBPUSD_otc
86,2026-05-23 16:40:00,1.34127,1.34128,1.34133,1.34127,391,1779554699.749,GBPUSD_otc
86,2026-05-23 16:45:00,1.34128,1.34133,1.34137,1.34128,378,1779554999.677,GBPUSD_otc
86,2026-05-23 16:50:00,1.34133,1.34126,1.34135,1.34126,410,1779555299.16,GBPUSD_otc
86,2026-05-23 16:55:00,1.34127,1.34125,1.34127,1.34118,388,1779555599.58,GBPUSD_otc
86,2026-05-23 17:00:00,1.34125,1.34111,1.34128,1.34111,407,1779555899.052,GBPUSD_otc
86,2026-05-23 17:05:00,1.34111,1.34109,1.34117,1.34108,405,1779556199.962,GBPUSD_otc
86,2026-05-23 17:10:00,1.34111,1.34108,1.34115,1.34107,394,1779556499.486,GBPUSD_otc
86,2026-05-23 17:15:00,1.34108,1.3412,1.34122,1.34108,391,1779556799.88,GBPUSD_otc
86,2026-05-23 17:20:00,1.3412,1.34117,1.34121,1.34112,383,1779557099.332,GBPUSD_otc
86,2026-05-23 17:25:00,1.34117,1.34114,1.34121,1.34113,400,1779557399.759,GBPUSD_otc
86,2026-05-23 17:30:00,1.34114,1.34104,1.34116,1.34103,398,1779557699.721,GBPUSD_otc
86,2026-05-23 17:35:00,1.34104,1.34109,1.34109,1.34098,412,1779557999.612,GBPUSD_otc
86,2026-05-23 17:40:00,1.34109,1.34119,1.3412,1.34108,397,1779558298.071,GBPUSD_otc
86,2026-05-23 17:45:00,1.34119,1.34109,1.3412,1.34108,394,1779558599.953,GBPUSD_otc
86,2026-05-23 17:50:00,1.34109,1.34106,1.34112,1.34106,391,1779558899.931,GBPUSD_otc
86,2026-05-23 17:55:00,1.34106,1.34115,1.34119,1.34106,424,1779559198.358,GBPUSD_otc
86,2026-05-23 18:00:00,1.34115,1.34116,1.34119,1.34111,411,1779559499.839,GBPUSD_otc
86,2026-05-23 18:05:00,1.34116,1.34127,1.34128,1.34114,392,1779559799.686,GBPUSD_otc
86,2026-05-23 18:10:00,1.34127,1.34132,1.34136,1.34125,413,1779560099.635,GBPUSD_otc
86,2026-05-23 18:15:00,1.34132,1.34133,1.34139,1.34131,393,1779560399.083,GBPUSD_otc
86,2026-05-23 18:20:00,1.34133,1.34143,1.34145,1.34132,405,1779560698.499,GBPUSD_otc
86,2026-05-23 18:25:00,1.34143,1.34157,1.34158,1.34143,402,1779560999.479,GBPUSD_otc
86,2026-05-23 18:30:00,1.34157,1.34168,1.34171,1.34157,393,1779561299.914,GBPUSD_otc
86,2026-05-23 18:35:00,1.34168,1.34161,1.34175,1.34161,409,1779561598.373,GBPUSD_otc
86,2026-05-23 18:40:00,1.34161,1.34165,1.34169,1.34159,405,1779561899.825,GBPUSD_otc
86,2026-05-23 18:45:00,1.34165,1.34156,1.34166,1.34154,414,1779562199.248,GBPUSD_otc
86,2026-05-23 18:50:00,1.34156,1.34168,1.34168,1.34153,389,1779562499.745,GBPUSD_otc
86,2026-05-23 18:55:00,1.34168,1.3417,1.34172,1.34166,399,1779562799.719,GBPUSD_otc
86,2026-05-23 19:00:00,1.3417,1.34167,1.34171,1.34161,402,1779563099.705,GBPUSD_otc
86,2026-05-23 19:05:00,1.34167,1.34169,1.34175,1.34163,413,1779563399.604,GBPUSD_otc
86,2026-05-23 19:10:00,1.34169,1.34162,1.3417,1.34158,399,1779563699.604,GBPUSD_otc
86,2026-05-23 19:15:00,1.34162,1.34164,1.34168,1.3416,383,1779563999.988,GBPUSD_otc
86,2026-05-23 19:20:00,1.34164,1.34165,1.34168,1.34161,394,1779564299.973,GBPUSD_otc
86,2026-05-23 19:25:00,1.34165,1.34165,1.34171,1.34164,414,1779564599.358,GBPUSD_otc
86,2026-05-23 19:30:00,1.34164,1.34173,1.34175,1.34164,427,1779564899.843,GBPUSD_otc
86,2026-05-23 19:35:00,1.34173,1.34168,1.34173,1.34162,402,1779565199.75,GBPUSD_otc
86,2026-05-23 19:40:00,1.34168,1.34169,1.3417,1.34157,404,1779565499.667,GBPUSD_otc
86,2026-05-23 19:45:00,1.34169,1.34173,1.34173,1.3416,406,1779565799.025,GBPUSD_otc
86,2026-05-23 19:50:00,1.34173,1.34178,1.34178,1.34171,418,1779566099.486,GBPUSD_otc
86,2026-05-23 19:55:00,1.34178,1.34187,1.34189,1.34178,378,1779566399.406,GBPUSD_otc
86,2026-05-23 20:00:00,1.34187,1.34193,1.34196,1.34187,401,1779566699.371,GBPUSD_otc
86,2026-05-23 20:05:00,1.34193,1.34181,1.34194,1.34178,400,1779566999.793,GBPUSD_otc
86,2026-05-23 20:10:00,1.34181,1.34186,1.34186,1.34176,412,1779567299.764,GBPUSD_otc
86,2026-05-23 20:15:00,1.34186,1.34178,1.34186,1.34177,401,1779567599.619,GBPUSD_otc
86,2026-05-23 20:20:00,1.34178,1.34181,1.34183,1.34175,409,1779567898.561,GBPUSD_otc
86,2026-05-23 20:25:00,1.34181,1.34169,1.34181,1.34169,397,1779568199.986,GBPUSD_otc
86,2026-05-23 20:30:00,1.3417,1.34182,1.34182,1.3417,402,1779568499.364,GBPUSD_otc
86,2026-05-23 20:35:00,1.34182,1.34187,1.34191,1.34182,412,1779568799.83,GBPUSD_otc
86,2026-05-23 20:40:00,1.34187,1.34187,1.34193,1.34181,414,1779569099.777,GBPUSD_otc
86,2026-05-23 20:45:00,1.34187,1.34185,1.3419,1.34179,393,1779569399.679,GBPUSD_otc
86,2026-05-23 20:50:00,1.34185,1.34188,1.34191,1.34178,395,1779569699.083,GBPUSD_otc
86,2026-05-23 20:55:00,1.34189,1.34182,1.34189,1.34178,410,1779569999.561,GBPUSD_otc
86,2026-05-23 21:00:00,1.34182,1.34184,1.34186,1.34179,398,1779570299.999,GBPUSD_otc
86,2026-05-23 21:05:00,1.34184,1.34184,1.34189,1.34178,403,1779570599.949,GBPUSD_otc
86,2026-05-23 21:10:00,1.34184,1.34189,1.34189,1.3418,410,1779570899.327,GBPUSD_otc
86,2026-05-23 21:15:00,1.34189,1.34303,1.34305,1.34189,397,1779571199.304,GBPUSD_otc
86,2026-05-23 21:20:00,1.34303,1.34297,1.34305,1.34294,394,1779571499.647,GBPUSD_otc
86,2026-05-23 21:25:00,1.34297,1.3429,1.34297,1.3429,390,1779571799.172,GBPUSD_otc
86,2026-05-23 21:30:00,1.3429,1.34286,1.34292,1.34284,395,1779572099.575,GBPUSD_otc
86,2026-05-23 21:35:00,1.34286,1.34276,1.34289,1.34274,396,1779572399.561,GBPUSD_otc
86,2026-05-23 21:40:00,1.34276,1.34279,1.3428,1.34269,401,1779572699.449,GBPUSD_otc
86,2026-05-23 21:45:00,1.34279,1.34284,1.34285,1.34278,404,1779572998.931,GBPUSD_otc
86,2026-05-23 21:50:00,1.34284,1.34285,1.34286,1.34274,392,1779573299.796,GBPUSD_otc
86,2026-05-23 21:55:00,1.34285,1.34289,1.34293,1.34282,393,1779573599.747,GBPUSD_otc
86,2026-05-23 22:00:00,1.34289,1.34286,1.34292,1.34286,403,1779573899.645,GBPUSD_otc
86,2026-05-23 22:05:00,1.34286,1.34284,1.34287,1.34282,399,1779574199.663,GBPUSD_otc
86,2026-05-23 22:10:00,1.34283,1.34284,1.34288,1.34277,412,1779574499.521,GBPUSD_otc
86,2026-05-23 22:15:00,1.34284,1.34296,1.34298,1.34284,394,1779574799.996,GBPUSD_otc
86,2026-05-23 22:20:00,1.34296,1.34289,1.34297,1.34287,407,1779575099.845,GBPUSD_otc
86,2026-05-23 22:25:00,1.34289,1.34295,1.34299,1.34282,409,1779575399.226,GBPUSD_otc
86,2026-05-23 22:30:00,1.34295,1.34302,1.34305,1.34291,395,1779575699.668,GBPUSD_otc
86,2026-05-23 22:35:00,1.34302,1.34312,1.34314,1.34302,387,1779575999.54,GBPUSD_otc
86,2026-05-23 22:40:00,1.34312,1.3432,1.34324,1.34311,403,1779576299.554,GBPUSD_otc
86,2026-05-23 22:45:00,1.34321,1.34321,1.34327,1.34316,379,1779576599.922,GBPUSD_otc
86,2026-05-23 22:50:00,1.34321,1.34338,1.34338,1.3432,414,1779576899.897,GBPUSD_otc
86,2026-05-23 22:55:00,1.34338,1.34333,1.34339,1.34333,377,1779577199.769,GBPUSD_otc
86,2026-05-23 23:00:00,1.34333,1.34328,1.34334,1.34325,415,1779577499.67,GBPUSD_otc
86,2026-05-23 23:05:00,1.34328,1.34323,1.3433,1.34322,397,1779577799.606,GBPUSD_otc
86,2026-05-23 23:10:00,1.34324,1.34327,1.34328,1.34322,394,1779578099.993,GBPUSD_otc
86,2026-05-23 23:15:00,1.34327,1.34337,1.34341,1.34327,412,1779578398.971,GBPUSD_otc
86,2026-05-23 23:20:00,1.34337,1.3434,1.34345,1.34336,398,1779578699.876,GBPUSD_otc
86,2026-05-23 23:25:00,1.3434,1.34333,1.34341,1.34331,425,1779578998.823,GBPUSD_otc
86,2026-05-23 23:30:00,1.34333,1.34331,1.34337,1.3433,400,1779579299.696,GBPUSD_otc
86,2026-05-23 23:35:00,1.34331,1.34328,1.34334,1.34327,392,1779579599.636,GBPUSD_otc
86,2026-05-23 23:40:00,1.34328,1.34334,1.34334,1.34326,380,1779579899.532,GBPUSD_otc
86,2026-05-23 23:45:00,1.34334,1.34328,1.34335,1.34327,392,1779580199.418,GBPUSD_otc
86,2026-05-23 23:50:00,1.34328,1.34336,1.34336,1.34327,389,1779580499.892,GBPUSD_otc
86,2026-05-23 23:55:00,1.34336,1.34347,1.34351,1.34332,389,1779580798.797,GBPUSD_otc
86,2026-05-24 00:00:00,1.34347,1.34359,1.34367,1.34347,407,1779581099.78,GBPUSD_otc
86,2026-05-24 00:05:00,1.34359,1.34362,1.34362,1.34354,377,1779581399.704,GBPUSD_otc
86,2026-05-24 00:10:00,1.34362,1.34366,1.34366,1.34356,385,1779581699.66,GBPUSD_otc
86,2026-05-24 00:15:00,1.34366,1.34378,1.34381,1.34365,387,1779581999.582,GBPUSD_otc
86,2026-05-24 00:20:00,1.34378,1.34386,1.34391,1.34378,418,1779582299.535,GBPUSD_otc
86,2026-05-24 00:25:00,1.34386,1.34394,1.34397,1.34386,396,1779582599.454,GBPUSD_otc
86,2026-05-24 00:30:00,1.34394,1.34388,1.34398,1.34388,417,1779582898.872,GBPUSD_otc
86,2026-05-24 00:35:00,1.34388,1.34397,1.34398,1.34388,407,1779583199.781,GBPUSD_otc
86,2026-05-24 00:40:00,1.34397,1.34389,1.34397,1.34387,378,1779583499.258,GBPUSD_otc
86,2026-05-24 00:45:00,1.34389,1.34387,1.34395,1.34385,393,1779583799.62,GBPUSD_otc
86,2026-05-24 00:50:00,1.34387,1.34388,1.34389,1.34377,390,1779584099.561,GBPUSD_otc
86,2026-05-24 00:55:00,1.34388,1.34407,1.34407,1.34388,402,1779584398.45,GBPUSD_otc
86,2026-05-24 01:00:00,1.34407,1.34404,1.34407,1.344,386,1779584699.875,GBPUSD_otc
86,2026-05-24 01:05:00,1.34404,1.34403,1.34414,1.34402,396,1779584999.841,GBPUSD_otc
86,2026-05-24 01:10:00,1.34403,1.34408,1.34409,1.34403,400,1779585299.278,GBPUSD_otc
86,2026-05-24 01:15:00,1.34408,1.34403,1.3441,1.34403,385,1779585599.188,GBPUSD_otc
86,2026-05-24 01:20:00,1.34403,1.344,1.34409,1.344,396,1779585899.516,GBPUSD_otc
86,2026-05-24 01:25:00,1.344,1.34401,1.34407,1.34397,392,1779586199.457,GBPUSD_otc
86,2026-05-24 01:30:00,1.34401,1.34407,1.3441,1.344,404,1779586499.866,GBPUSD_otc
86,2026-05-24 01:35:00,1.34407,1.34409,1.34412,1.34405,400,1779586799.806,GBPUSD_otc
86,2026-05-24 01:40:00,1.34409,1.34412,1.34416,1.34408,406,1779587099.702,GBPUSD_otc
86,2026-05-24 01:45:00,1.34412,1.34422,1.34424,1.34411,408,1779587399.655,GBPUSD_otc
86,2026-05-24 01:50:00,1.34422,1.34428,1.34435,1.34421,412,1779587699.062,GBPUSD_otc
86,2026-05-24 01:55:00,1.34428,1.34428,1.34432,1.34425,388,1779587999.51,GBPUSD_otc
86,2026-05-24 02:00:00,1.34427,1.34437,1.34439,1.34426,384,1779588299.919,GBPUSD_otc
86,2026-05-24 02:05:00,1.34437,1.34433,1.34441,1.34432,390,1779588599.914,GBPUSD_otc
86,2026-05-24 02:10:00,1.34433,1.34441,1.34443,1.34433,401,1779588899.315,GBPUSD_otc
86,2026-05-24 02:15:00,1.34441,1.34444,1.34449,1.3444,400,1779589199.269,GBPUSD_otc
86,2026-05-24 02:20:00,1.34444,1.34448,1.3445,1.34441,402,1779589499.186,GBPUSD_otc
86,2026-05-24 02:25:00,1.34448,1.34446,1.34454,1.34446,386,1779589799.114,GBPUSD_otc
86,2026-05-24 02:30:00,1.34446,1.34454,1.34457,1.34446,387,1779590099.997,GBPUSD_otc
86,2026-05-24 02:35:00,1.34454,1.34441,1.34456,1.34441,377,1779590398.893,GBPUSD_otc
86,2026-05-24 02:40:00,1.34441,1.34423,1.34442,1.34418,379,1779590699.868,GBPUSD_otc
86,2026-05-24 02:45:00,1.34423,1.3442,1.34429,1.3442,398,1779590999.284,GBPUSD_otc
86,2026-05-24 02:50:00,1.3442,1.34429,1.34429,1.34419,396,1779591299.234,GBPUSD_otc
86,2026-05-24 02:55:00,1.34429,1.34437,1.34437,1.34427,412,1779591599.082,GBPUSD_otc
86,2026-05-24 03:00:00,1.34437,1.34427,1.34441,1.34426,383,1779591899.555,GBPUSD_otc
86,2026-05-24 03:05:00,1.34426,1.3442,1.34428,1.34413,406,1779592197.906,GBPUSD_otc
86,2026-05-24 03:10:00,1.3442,1.34431,1.34431,1.3442,413,1779592499.842,GBPUSD_otc
86,2026-05-24 03:15:00,1.34431,1.34436,1.34439,1.34428,392,1779592799.778,GBPUSD_otc
86,2026-05-24 03:20:00,1.34436,1.34435,1.34438,1.34431,389,1779593099.664,GBPUSD_otc
86,2026-05-24 03:25:00,1.34435,1.34441,1.34444,1.34434,401,1779593399.602,GBPUSD_otc
86,2026-05-24 03:30:00,1.34441,1.34446,1.34452,1.3444,397,1779593699.99,GBPUSD_otc
86,2026-05-24 03:35:00,1.34446,1.34435,1.34446,1.34435,378,1779593999.396,GBPUSD_otc
86,2026-05-24 03:40:00,1.34435,1.34423,1.34435,1.34422,396,1779594299.785,GBPUSD_otc
86,2026-05-24 03:45:00,1.34423,1.34427,1.34429,1.34418,409,1779594599.766,GBPUSD_otc
86,2026-05-24 03:50:00,1.34427,1.34422,1.34428,1.34416,384,1779594899.639,GBPUSD_otc
86,2026-05-24 03:55:00,1.34422,1.34431,1.34432,1.34422,410,1779595199.148,GBPUSD_otc
86,2026-05-24 04:00:00,1.34431,1.34425,1.34431,1.3442,408,1779595499.498,GBPUSD_otc
86,2026-05-24 04:05:00,1.34425,1.34435,1.34437,1.34425,400,1779595799.467,GBPUSD_otc
86,2026-05-24 04:10:00,1.34435,1.3443,1.34437,1.34427,424,1779596099.815,GBPUSD_otc
86,2026-05-24 04:15:00,1.3443,1.3443,1.34432,1.34421,401,1779596399.747,GBPUSD_otc
86,2026-05-24 04:20:00,1.3443,1.34426,1.3443,1.34421,401,1779596699.18,GBPUSD_otc
86,2026-05-24 04:25:00,1.34426,1.34427,1.34433,1.34422,425,1779596998.613,GBPUSD_otc
86,2026-05-24 04:30:00,1.34427,1.34431,1.34433,1.34427,386,1779597299.988,GBPUSD_otc
86,2026-05-24 04:35:00,1.34431,1.34454,1.34456,1.34431,391,1779597599.829,GBPUSD_otc
86,2026-05-24 04:40:00,1.34454,1.34445,1.34454,1.34443,410,1779597899.289,GBPUSD_otc
86,2026-05-24 04:45:00,1.34445,1.34439,1.34449,1.34439,400,1779598199.665,GBPUSD_otc
86,2026-05-24 04:50:00,1.34439,1.34428,1.3444,1.34425,401,1779598499.138,GBPUSD_otc
86,2026-05-24 04:55:00,1.34428,1.3442,1.3443,1.3442,398,1779598799.503,GBPUSD_otc
86,2026-05-24 05:00:00,1.3442,1.34419,1.34422,1.34414,415,1779599099.946,GBPUSD_otc
86,2026-05-24 05:05:00,1.34419,1.3442,1.34424,1.34414,419,1779599399.893,GBPUSD_otc
86,2026-05-24 05:10:00,1.3442,1.34407,1.34421,1.34407,408,1779599699.807,GBPUSD_otc
86,2026-05-24 05:15:00,1.34406,1.34404,1.34406,1.34397,387,1779599999.712,GBPUSD_otc
86,2026-05-24 05:20:00,1.34404,1.34398,1.3441,1.34397,422,1779600299.676,GBPUSD_otc
86,2026-05-24 05:25:00,1.34398,1.34391,1.34398,1.34391,400,1779600599.621,GBPUSD_otc
86,2026-05-24 05:30:00,1.3439,1.3439,1.3439,1.34379,418,1779600899.586,GBPUSD_otc
86,2026-05-24 05:35:00,1.3439,1.34379,1.3439,1.34378,398,1779601199.443,GBPUSD_otc
86,2026-05-24 05:40:00,1.34379,1.34372,1.3438,1.34368,410,1779601499.845,GBPUSD_otc
86,2026-05-24 05:45:00,1.34372,1.3437,1.34374,1.34366,419,1779601799.803,GBPUSD_otc
86,2026-05-24 05:50:00,1.34371,1.34376,1.34377,1.34368,412,1779602099.659,GBPUSD_otc
86,2026-05-24 05:55:00,1.34376,1.34376,1.34383,1.34374,394,1779602399.615,GBPUSD_otc
86,2026-05-24 06:00:00,1.34376,1.34385,1.34385,1.34374,402,1779602699.941,GBPUSD_otc
86,2026-05-24 06:05:00,1.34385,1.34388,1.34392,1.34384,410,1779602999.877,GBPUSD_otc
86,2026-05-24 06:10:00,1.34388,1.34387,1.34392,1.34384,393,1779603299.288,GBPUSD_otc
86,2026-05-24 06:15:00,1.34387,1.34393,1.34396,1.34387,396,1779603599.67,GBPUSD_otc
86,2026-05-24 06:20:00,1.34393,1.34404,1.34405,1.34388,391,1779603899.622,GBPUSD_otc
86,2026-05-24 06:25:00,1.34404,1.34396,1.34404,1.34395,397,1779604199.064,GBPUSD_otc
86,2026-05-24 06:30:00,1.34396,1.34396,1.34396,1.34388,425,1779604499.978,GBPUSD_otc
86,2026-05-24 06:35:00,1.34395,1.34397,1.34403,1.34395,415,1779604799.871,GBPUSD_otc
86,2026-05-24 06:40:00,1.34397,1.34407,1.34408,1.34392,405,1779605099.32,GBPUSD_otc
86,2026-05-24 06:45:00,1.34407,1.34402,1.34407,1.34393,413,1779605399.683,GBPUSD_otc
86,2026-05-24 06:50:00,1.34402,1.34396,1.3441,1.34396,397,1779605699.677,GBPUSD_otc
86,2026-05-24 06:55:00,1.34396,1.34393,1.34396,1.34386,414,1779605999.559,GBPUSD_otc
86,2026-05-24 07:00:00,1.34393,1.34394,1.34397,1.34389,402,1779606299.539,GBPUSD_otc
86,2026-05-24 07:05:00,1.34394,1.34384,1.34394,1.34383,392,1779606599.401,GBPUSD_otc
86,2026-05-24 07:10:00,1.34384,1.34389,1.34391,1.3438,420,1779606899.827,GBPUSD_otc
86,2026-05-24 07:15:00,1.34389,1.34391,1.34395,1.34387,406,1779607199.699,GBPUSD_otc
86,2026-05-24 07:20:00,1.34391,1.34399,1.34399,1.34388,392,1779607499.594,GBPUSD_otc
86,2026-05-24 07:25:00,1.34399,1.34392,1.34404,1.34392,401,1779607798.541,GBPUSD_otc
86,2026-05-24 07:30:00,1.34392,1.34394,1.34396,1.34391,391,1779608099.947,GBPUSD_otc
86,2026-05-24 07:35:00,1.34394,1.34385,1.34395,1.34383,420,1779608399.899,GBPUSD_otc
86,2026-05-24 07:40:00,1.34385,1.34385,1.34387,1.34378,390,1779608699.735,GBPUSD_otc
86,2026-05-24 07:45:00,1.34385,1.34391,1.34394,1.34381,385,1779608999.131,GBPUSD_otc
86,2026-05-24 07:50:00,1.34392,1.34399,1.34399,1.34392,399,1779609299.591,GBPUSD_otc
86,2026-05-24 07:55:00,1.34399,1.34403,1.34406,1.34397,411,1779609599.559,GBPUSD_otc
86,2026-05-24 08:00:00,1.34403,1.34395,1.34403,1.34391,373,1779609899.926,GBPUSD_otc
86,2026-05-24 08:05:00,1.34395,1.34389,1.34396,1.34387,390,1779610198.847,GBPUSD_otc
86,2026-05-24 08:10:00,1.34389,1.34389,1.34389,1.34381,400,1779610499.744,GBPUSD_otc
86,2026-05-24 08:15:00,1.34389,1.34384,1.34389,1.3438,394,1779610799.639,GBPUSD_otc
86,2026-05-24 08:20:00,1.34384,1.34375,1.34384,1.3437,406,1779611099.594,GBPUSD_otc
86,2026-05-24 08:25:00,1.34375,1.34383,1.34385,1.34375,404,1779611399.008,GBPUSD_otc
86,2026-05-24 08:30:00,1.34383,1.34395,1.34395,1.34383,409,1779611699.973,GBPUSD_otc
86,2026-05-24 08:35:00,1.34395,1.34397,1.34406,1.34394,390,1779611999.827,GBPUSD_otc
86,2026-05-24 08:40:00,1.34397,1.34395,1.34399,1.3439,406,1779612299.82,GBPUSD_otc
86,2026-05-24 08:45:00,1.34395,1.34394,1.344,1.34394,400,1779612599.688,GBPUSD_otc
86,2026-05-24 08:50:00,1.34393,1.34398,1.34401,1.34392,386,1779612899.129,GBPUSD_otc
86,2026-05-24 08:55:00,1.34398,1.34398,1.34403,1.34398,396,1779613199.594,GBPUSD_otc
86,2026-05-24 09:00:00,1.34398,1.34401,1.34404,1.34396,388,1779613499.52,GBPUSD_otc
86,2026-05-24 09:05:00,1.34401,1.34394,1.34402,1.34391,405,1779613798.961,GBPUSD_otc
86,2026-05-24 09:10:00,1.34394,1.34377,1.34394,1.34376,400,1779614099.842,GBPUSD_otc
86,2026-05-24 09:15:00,1.34377,1.34364,1.34377,1.34363,416,1779614399.785,GBPUSD_otc
86,2026-05-24 09:20:00,1.34364,1.34371,1.34371,1.34363,419,1779614698.679,GBPUSD_otc
86,2026-05-24 09:25:00,1.34371,1.34374,1.34382,1.3437,381,1779614999.667,GBPUSD_otc
86,2026-05-24 09:30:00,1.34374,1.34378,1.34383,1.34374,398,1779615299.591,GBPUSD_otc
86,2026-05-24 09:35:00,1.34378,1.34377,1.34381,1.34373,394,1779615599.061,GBPUSD_otc
86,2026-05-24 09:40:00,1.34377,1.34372,1.34379,1.3437,386,1779615899.886,GBPUSD_otc
86,2026-05-24 09:45:00,1.34372,1.34376,1.34386,1.34371,400,1779616199.89,GBPUSD_otc
86,2026-05-24 09:50:00,1.34376,1.34366,1.34378,1.34362,418,1779616499.778,GBPUSD_otc
86,2026-05-24 09:55:00,1.34366,1.34363,1.34366,1.3436,398,1779616799.759,GBPUSD_otc
86,2026-05-24 10:00:00,1.34363,1.34356,1.34364,1.34356,424,1779617099.63,GBPUSD_otc
86,2026-05-24 10:05:00,1.34356,1.34371,1.34371,1.34356,386,1779617399.598,GBPUSD_otc
86,2026-05-24 10:10:00,1.34371,1.34381,1.34383,1.34371,421,1779617699.462,GBPUSD_otc
86,2026-05-24 10:15:00,1.34381,1.34394,1.34396,1.34379,400,1779617998.877,GBPUSD_otc
86,2026-05-24 10:20:00,1.34394,1.34394,1.34396,1.34391,407,1779618299.86,GBPUSD_otc
86,2026-05-24 10:25:00,1.34394,1.34396,1.34398,1.34386,386,1779618599.794,GBPUSD_otc
86,2026-05-24 10:30:00,1.34396,1.344,1.34409,1.34395,411,1779618899.711,GBPUSD_otc
86,2026-05-24 10:35:00,1.344,1.34398,1.344,1.3439,411,1779619199.599,GBPUSD_otc
86,2026-05-24 10:40:00,1.34398,1.34403,1.34404,1.34398,408,1779619499.559,GBPUSD_otc
86,2026-05-24 10:45:00,1.34403,1.34399,1.34408,1.34395,393,1779619799.922,GBPUSD_otc
86,2026-05-24 10:50:00,1.34399,1.34401,1.34405,1.34398,419,1779620098.879,GBPUSD_otc
86,2026-05-24 10:55:00,1.34401,1.344,1.34401,1.34393,390,1779620399.309,GBPUSD_otc
86,2026-05-24 11:00:00,1.344,1.34392,1.34403,1.3439,406,1779620699.299,GBPUSD_otc
86,2026-05-24 11:05:00,1.34392,1.34386,1.34396,1.34386,418,1779620999.691,GBPUSD_otc
86,2026-05-24 11:10:00,1.34386,1.34383,1.34393,1.34381,400,1779621299.648,GBPUSD_otc
86,2026-05-24 11:15:00,1.34383,1.34394,1.34397,1.34381,380,1779621599.962,GBPUSD_otc
86,2026-05-24 11:20:00,1.34394,1.34389,1.34395,1.34383,409,1779621899.879,GBPUSD_otc
86,2026-05-24 11:25:00,1.34389,1.34386,1.34391,1.34384,396,1779622199.817,GBPUSD_otc
86,2026-05-24 11:30:00,1.34386,1.3438,1.3439,1.34379,387,1779622499.719,GBPUSD_otc
86,2026-05-24 11:35:00,1.3438,1.3437,1.34383,1.3437,399,1779622799.696,GBPUSD_otc
86,2026-05-24 11:40:00,1.3437,1.3436,1.34371,1.3436,405,1779623099.636,GBPUSD_otc
86,2026-05-24 11:45:00,1.34361,1.34372,1.34373,1.34361,385,1779623398.08,GBPUSD_otc
86,2026-05-24 11:50:00,1.34372,1.34369,1.34374,1.34366,396,1779623699.993,GBPUSD_otc
86,2026-05-24 11:55:00,1.34369,1.34359,1.34372,1.34359,389,1779623999.921,GBPUSD_otc
86,2026-05-24 12:00:00,1.34359,1.34362,1.34362,1.34352,400,1779624299.365,GBPUSD_otc
86,2026-05-24 12:05:00,1.34362,1.34352,1.34364,1.34351,391,1779624599.815,GBPUSD_otc
86,2026-05-24 12:10:00,1.34351,1.34347,1.34355,1.34345,395,1779624899.647,GBPUSD_otc
86,2026-05-24 12:15:00,1.34347,1.34338,1.34347,1.34334,378,1779625199.615,GBPUSD_otc
86,2026-05-24 12:20:00,1.34338,1.34333,1.34339,1.34328,407,1779625499.97,GBPUSD_otc
86,2026-05-24 12:25:00,1.34333,1.34339,1.34343,1.34331,408,1779625799.924,GBPUSD_otc
86,2026-05-24 12:30:00,1.34339,1.34334,1.34339,1.34333,409,1779626099.797,GBPUSD_otc
86,2026-05-24 12:35:00,1.34334,1.34345,1.3435,1.34334,377,1779626399.243,GBPUSD_otc
86,2026-05-24 12:40:00,1.34345,1.3435,1.34355,1.34344,389,1779626699.683,GBPUSD_otc
86,2026-05-24 12:45:00,1.3435,1.34353,1.34357,1.34348,395,1779626999.549,GBPUSD_otc
86,2026-05-24 12:50:00,1.34353,1.34349,1.34354,1.34342,393,1779627299.513,GBPUSD_otc
86,2026-05-24 12:55:00,1.34349,1.34361,1.34362,1.34349,407,1779627599.353,GBPUSD_otc
86,2026-05-24 13:00:00,1.34361,1.34372,1.34372,1.34361,401,1779627899.8,GBPUSD_otc
86,2026-05-24 13:05:00,1.34372,1.34361,1.34372,1.34359,390,1779628199.223,GBPUSD_otc
86,2026-05-24 13:10:00,1.34361,1.34356,1.34367,1.34356,403,1779628499.566,GBPUSD_otc
86,2026-05-24 13:15:00,1.34357,1.3436,1.3436,1.3435,402,1779628799.04,GBPUSD_otc
86,2026-05-24 13:20:00,1.3436,1.34356,1.3436,1.3435,390,1779629099.371,GBPUSD_otc
86,2026-05-24 13:25:00,1.34356,1.34355,1.3436,1.34353,392,1779629399.775,GBPUSD_otc
86,2026-05-24 13:30:00,1.34355,1.34368,1.3437,1.34355,412,1779629699.688,GBPUSD_otc
86,2026-05-24 13:35:00,1.34367,1.34355,1.34368,1.34355,400,1779629999.622,GBPUSD_otc
86,2026-05-24 13:40:00,1.34355,1.34351,1.34357,1.34349,391,1779630299.549,GBPUSD_otc
86,2026-05-24 13:45:00,1.34351,1.34349,1.34354,1.34347,392,1779630599.892,GBPUSD_otc
86,2026-05-24 13:50:00,1.34349,1.34339,1.34349,1.34338,426,1779630899.827,GBPUSD_otc
86,2026-05-24 13:55:00,1.34339,1.34334,1.34339,1.34324,403,1779631199.772,GBPUSD_otc
86,2026-05-24 14:00:00,1.34334,1.34337,1.34337,1.34332,391,1779631499.742,GBPUSD_otc
86,2026-05-24 14:05:00,1.34337,1.34323,1.34337,1.34319,401,1779631799.574,GBPUSD_otc
86,2026-05-24 14:10:00,1.34323,1.34326,1.34331,1.34319,402,1779632099.515,GBPUSD_otc
86,2026-05-24 14:15:00,1.34326,1.34328,1.34332,1.34324,389,1779632399.962,GBPUSD_otc
86,2026-05-24 14:20:00,1.34328,1.34329,1.34333,1.34324,404,1779632699.368,GBPUSD_otc
86,2026-05-24 14:25:00,1.34329,1.34334,1.34337,1.34324,414,1779632999.842,GBPUSD_otc
86,2026-05-24 14:30:00,1.34334,1.34332,1.34336,1.34329,373,1779633299.314,GBPUSD_otc
86,2026-05-24 14:35:00,1.34332,1.34327,1.34337,1.34325,402,1779633599.737,GBPUSD_otc
86,2026-05-24 14:40:00,1.34327,1.34325,1.34329,1.34317,427,1779633899.164,GBPUSD_otc
86,2026-05-24 14:45:00,1.34325,1.34321,1.34326,1.34317,393,1779634199.627,GBPUSD_otc
86,2026-05-24 14:50:00,1.34321,1.34316,1.34323,1.34315,394,1779634499.052,GBPUSD_otc
86,2026-05-24 14:55:00,1.34316,1.34302,1.34317,1.343,407,1779634799.993,GBPUSD_otc
86,2026-05-24 15:00:00,1.34302,1.34302,1.34311,1.34299,402,1779635099.894,GBPUSD_otc
86,2026-05-24 15:05:00,1.34302,1.34302,1.3431,1.34299,392,1779635399.899,GBPUSD_otc
86,2026-05-24 15:10:00,1.34302,1.34302,1.34307,1.34296,413,1779635699.811,GBPUSD_otc
86,2026-05-24 15:15:00,1.34302,1.34305,1.34309,1.34302,413,1779635999.763,GBPUSD_otc
86,2026-05-24 15:20:00,1.34305,1.34311,1.34311,1.34303,383,1779636298.147,GBPUSD_otc
86,2026-05-24 15:25:00,1.34311,1.34322,1.34324,1.34308,382,1779636598.144,GBPUSD_otc
86,2026-05-24 15:30:00,1.34322,1.34307,1.34324,1.34307,425,1779636899.518,GBPUSD_otc
86,2026-05-24 15:35:00,1.34307,1.34302,1.3431,1.34301,393,1779637199.018,GBPUSD_otc
86,2026-05-24 15:40:00,1.34302,1.3431,1.34311,1.34302,398,1779637499.903,GBPUSD_otc
86,2026-05-24 15:45:00,1.3431,1.34301,1.34312,1.34301,419,1779637799.328,GBPUSD_otc
86,2026-05-24 15:50:00,1.34301,1.34301,1.34302,1.34296,398,1779638099.723,GBPUSD_otc
86,2026-05-24 15:55:00,1.34301,1.34295,1.34304,1.34294,392,1779638398.164,GBPUSD_otc
86,2026-05-24 16:00:00,1.34295,1.34283,1.34296,1.34279,415,1779638699.594,GBPUSD_otc
86,2026-05-24 16:05:00,1.34283,1.34285,1.34285,1.34274,386,1779638999.512,GBPUSD_otc
86,2026-05-24 16:10:00,1.34285,1.34279,1.34291,1.34278,407,1779639298.958,GBPUSD_otc
86,2026-05-24 16:15:00,1.34279,1.34282,1.34285,1.34277,391,1779639599.907,GBPUSD_otc
86,2026-05-24 16:20:00,1.34282,1.34287,1.3429,1.34282,384,1779639899.856,GBPUSD_otc
86,2026-05-24 16:25:00,1.34287,1.34291,1.34296,1.34287,414,1779640199.781,GBPUSD_otc
86,2026-05-24 16:30:00,1.34291,1.34296,1.34297,1.34287,395,1779640499.745,GBPUSD_otc
86,2026-05-24 16:35:00,1.34296,1.343,1.34302,1.34291,402,1779640799.715,GBPUSD_otc
86,2026-05-24 16:40:00,1.343,1.34291,1.34305,1.34291,387,1779641099.586,GBPUSD_otc
86,2026-05-24 16:45:00,1.34291,1.34306,1.34306,1.3429,404,1779641399.984,GBPUSD_otc
86,2026-05-24 16:50:00,1.34306,1.34306,1.34309,1.34303,400,1779641699.499,GBPUSD_otc
86,2026-05-24 16:55:00,1.34306,1.34306,1.34314,1.34306,421,1779641999.902,GBPUSD_otc
86,2026-05-24 17:00:00,1.34306,1.34303,1.34308,1.34303,389,1779642299.895,GBPUSD_otc
86,2026-05-24 17:05:00,1.34304,1.3429,1.34306,1.34287,413,1779642599.788,GBPUSD_otc
86,2026-05-24 17:10:00,1.3429,1.34293,1.34297,1.34289,402,1779642899.242,GBPUSD_otc
86,2026-05-24 17:15:00,1.34293,1.34289,1.34294,1.34287,390,1779643197.068,GBPUSD_otc
86,2026-05-24 17:20:00,1.3429,1.34287,1.34293,1.34283,400,1779643498.534,GBPUSD_otc
86,2026-05-24 17:25:00,1.34287,1.34281,1.34287,1.34278,378,1779643799.963,GBPUSD_otc
86,2026-05-24 17:30:00,1.34281,1.34294,1.34294,1.34281,391,1779644098.462,GBPUSD_otc
86,2026-05-24 17:35:00,1.34294,1.3429,1.34299,1.34287,401,1779644399.886,GBPUSD_otc
86,2026-05-24 17:40:00,1.3429,1.34288,1.34295,1.34285,390,1779644699.862,GBPUSD_otc
86,2026-05-24 17:45:00,1.34288,1.34274,1.34292,1.34274,404,1779644999.69,GBPUSD_otc
86,2026-05-24 17:50:00,1.34274,1.34283,1.34286,1.34272,390,1779645299.601,GBPUSD_otc
86,2026-05-24 17:55:00,1.34283,1.34283,1.34288,1.34279,408,1779645599.592,GBPUSD_otc
86,2026-05-24 18:00:00,1.34283,1.34289,1.34289,1.34281,408,1779645899.566,GBPUSD_otc
86,2026-05-24 18:05:00,1.34289,1.34289,1.34294,1.34287,393,1779646199.988,GBPUSD_otc
86,2026-05-24 18:10:00,1.34289,1.3429,1.34294,1.34288,397,1779646499.889,GBPUSD_otc
86,2026-05-24 18:15:00,1.3429,1.34289,1.34292,1.34281,404,1779646799.882,GBPUSD_otc
86,2026-05-24 18:20:00,1.34289,1.34293,1.34293,1.34284,399,1779647099.799,GBPUSD_otc
86,2026-05-24 18:25:00,1.34293,1.34302,1.34306,1.34292,399,1779647399.733,GBPUSD_otc
86,2026-05-24 18:30:00,1.34302,1.34306,1.34311,1.34297,419,1779647699.661,GBPUSD_otc
86,2026-05-24 18:35:00,1.34306,1.34301,1.34309,1.34299,419,1779647999.616,GBPUSD_otc
86,2026-05-24 18:40:00,1.34301,1.34302,1.34309,1.343,382,1779648299.979,GBPUSD_otc
86,2026-05-24 18:45:00,1.34302,1.34299,1.34302,1.34293,388,1779648599.456,GBPUSD_otc
86,2026-05-24 18:50:00,1.34299,1.34316,1.34316,1.34299,404,1779648899.327,GBPUSD_otc
86,2026-05-24 18:55:00,1.34318,1.34317,1.34322,1.34316,425,1779649199.797,GBPUSD_otc
86,2026-05-24 19:00:00,1.34317,1.34327,1.34328,1.34316,422,1779649499.675,GBPUSD_otc
86,2026-05-24 19:05:00,1.34327,1.34322,1.3433,1.34322,406,1779649799.696,GBPUSD_otc
86,2026-05-24 19:10:00,1.34322,1.34327,1.34328,1.34318,409,1779650098.068,GBPUSD_otc
86,2026-05-24 19:15:00,1.34328,1.34337,1.34337,1.34327,396,1779650399.573,GBPUSD_otc
86,2026-05-24 19:20:00,1.34337,1.34328,1.34337,1.34328,408,1779650699.442,GBPUSD_otc
86,2026-05-24 19:25:00,1.34328,1.34333,1.34337,1.34327,428,1779650999.44,GBPUSD_otc
86,2026-05-24 19:30:00,1.34333,1.34332,1.34335,1.34327,403,1779651299.789,GBPUSD_otc
86,2026-05-24 19:35:00,1.34332,1.34335,1.34337,1.34329,403,1779651599.265,GBPUSD_otc
86,2026-05-24 19:40:00,1.34335,1.34325,1.34338,1.34325,379,1779651899.66,GBPUSD_otc
86,2026-05-24 19:45:00,1.34325,1.34324,1.34328,1.34321,386,1779652199.624,GBPUSD_otc
86,2026-05-24 19:50:00,1.34324,1.34324,1.34327,1.34316,394,1779652499.998,GBPUSD_otc
86,2026-05-24 19:55:00,1.34324,1.34328,1.34329,1.34318,422,1779652799.931,GBPUSD_otc
86,2026-05-24 20:00:00,1.34328,1.34317,1.34328,1.34317,410,1779653099.855,GBPUSD_otc
86,2026-05-24 20:05:00,1.34317,1.34322,1.34329,1.34316,415,1779653399.79,GBPUSD_otc
86,2026-05-24 20:10:00,1.34322,1.34321,1.34323,1.34312,395,1779653699.704,GBPUSD_otc
86,2026-05-24 20:15:00,1.34322,1.34316,1.34324,1.34316,404,1779653999.54,GBPUSD_otc
86,2026-05-24 20:20:00,1.34316,1.343,1.34316,1.343,414,1779654299.527,GBPUSD_otc
86,2026-05-24 20:25:00,1.343,1.34293,1.343,1.34288,411,1779654599.347,GBPUSD_otc
86,2026-05-24 20:30:00,1.34293,1.34291,1.34297,1.34288,402,1779654899.281,GBPUSD_otc
86,2026-05-24 20:35:00,1.34291,1.34292,1.34293,1.34285,411,1779655199.719,GBPUSD_otc
86,2026-05-24 20:40:00,1.34292,1.34295,1.34298,1.34292,401,1779655499.645,GBPUSD_otc
86,2026-05-24 20:45:00,1.34295,1.34299,1.34301,1.34292,390,1779655799.603,GBPUSD_otc
86,2026-05-24 20:50:00,1.34299,1.34315,1.34315,1.34299,397,1779656099.458,GBPUSD_otc
86,2026-05-24 20:55:00,1.34315,1.34317,1.34317,1.34311,396,1779656399.47,GBPUSD_otc
86,2026-05-24 21:00:00,1.34317,1.34325,1.34326,1.34313,392,1779656699.898,GBPUSD_otc
86,2026-05-24 21:05:00,1.34325,1.34328,1.34328,1.34321,386,1779656999.852,GBPUSD_otc
86,2026-05-24 21:10:00,1.34328,1.3433,1.34336,1.34328,408,1779657299.754,GBPUSD_otc
86,2026-05-24 21:15:00,1.3433,1.3433,1.34337,1.34328,389,1779657599.731,GBPUSD_otc
86,2026-05-24 21:20:00,1.3433,1.34317,1.34332,1.34316,406,1779657899.571,GBPUSD_otc
86,2026-05-24 21:25:00,1.34317,1.34319,1.34323,1.34315,397,1779658199.58,GBPUSD_otc
86,2026-05-24 21:30:00,1.34319,1.34316,1.34323,1.34316,382,1779658499.447,GBPUSD_otc
86,2026-05-24 21:35:00,1.34316,1.34316,1.3432,1.34309,406,1779658799.394,GBPUSD_otc
86,2026-05-24 21:40:00,1.34316,1.34316,1.34321,1.34315,401,1779659099.797,GBPUSD_otc
86,2026-05-24 21:45:00,1.34316,1.34308,1.34317,1.34307,407,1779659399.705,GBPUSD_otc
86,2026-05-24 21:50:00,1.34308,1.34309,1.34313,1.34303,413,1779659699.104,GBPUSD_otc
86,2026-05-24 21:55:00,1.34309,1.34309,1.3431,1.34304,410,1779659999.979,GBPUSD_otc
86,2026-05-24 22:00:00,1.34309,1.34311,1.34316,1.34309,403,1779660298.962,GBPUSD_otc
86,2026-05-24 22:05:00,1.34311,1.34307,1.34317,1.34304,414,1779660599.909,GBPUSD_otc
86,2026-05-24 22:10:00,1.34307,1.34304,1.34311,1.34303,416,1779660899.86,GBPUSD_otc
86,2026-05-24 22:15:00,1.34304,1.34309,1.34311,1.34302,383,1779661199.747,GBPUSD_otc
86,2026-05-24 22:20:00,1.34309,1.34295,1.34312,1.34295,401,1779661499.713,GBPUSD_otc
86,2026-05-24 22:25:00,1.34295,1.3429,1.34298,1.34287,403,1779661798.548,GBPUSD_otc
86,2026-05-24 22:30:00,1.3429,1.3429,1.34294,1.34288,406,1779662099.507,GBPUSD_otc
86,2026-05-24 22:35:00,1.34289,1.34291,1.34291,1.34281,396,1779662399.924,GBPUSD_otc
86,2026-05-24 22:40:00,1.34291,1.34291,1.34296,1.34288,382,1779662699.883,GBPUSD_otc
86,2026-05-24 22:45:00,1.34291,1.34284,1.34293,1.34279,409,1779662999.763,GBPUSD_otc
86,2026-05-24 22:50:00,1.34284,1.3429,1.34296,1.34283,406,1779663299.724,GBPUSD_otc
86,2026-05-24 22:55:00,1.3429,1.34283,1.3429,1.3428,374,1779663599.566,GBPUSD_otc
86,2026-05-24 23:00:00,1.34283,1.34286,1.34287,1.3428,404,1779663899.507,GBPUSD_otc
86,2026-05-24 23:05:00,1.34285,1.34277,1.34286,1.34272,417,1779664199.371,GBPUSD_otc
86,2026-05-24 23:10:00,1.34277,1.3428,1.34282,1.34274,417,1779664498.752,GBPUSD_otc
86,2026-05-24 23:15:00,1.3428,1.34284,1.34286,1.34278,388,1779664799.717,GBPUSD_otc
86,2026-05-24 23:20:00,1.34284,1.34282,1.34285,1.34278,421,1779665099.621,GBPUSD_otc
86,2026-05-24 23:25:00,1.34283,1.34289,1.34293,1.34281,382,1779665399.609,GBPUSD_otc
86,2026-05-24 23:30:00,1.34289,1.34292,1.34296,1.34285,386,1779665699.961,GBPUSD_otc
86,2026-05-24 23:35:00,1.34292,1.34301,1.34301,1.34291,396,1779665998.913,GBPUSD_otc
86,2026-05-24 23:40:00,1.34301,1.34313,1.34315,1.34301,390,1779666299.848,GBPUSD_otc
86,2026-05-24 23:45:00,1.34314,1.34338,1.34338,1.34314,383,1779666599.83,GBPUSD_otc
86,2026-05-24 23:50:00,1.34338,1.34347,1.34349,1.34337,408,1779666899.682,GBPUSD_otc
86,2026-05-24 23:55:00,1.34347,1.34352,1.34355,1.34346,397,1779667197.134,GBPUSD_otc
86,2026-05-25 00:00:00,1.34352,1.34357,1.3436,1.34351,397,1779667499.51,GBPUSD_otc
86,2026-05-25 00:05:00,1.34356,1.34368,1.34368,1.34356,414,1779667799.473,GBPUSD_otc
86,2026-05-25 00:10:00,1.34368,1.34361,1.34371,1.34361,399,1779668099.836,GBPUSD_otc
86,2026-05-25 00:15:00,1.34361,1.34358,1.34361,1.34354,389,1779668398.25,GBPUSD_otc
86,2026-05-25 00:20:00,1.34358,1.34359,1.34365,1.34352,422,1779668699.633,GBPUSD_otc
86,2026-05-25 00:25:00,1.34359,1.34357,1.34366,1.34354,385,1779668997.509,GBPUSD_otc
86,2026-05-25 00:30:00,1.34357,1.34363,1.34365,1.34357,397,1779669299.959,GBPUSD_otc
86,2026-05-25 00:35:00,1.34363,1.34351,1.34364,1.34351,404,1779669599.828,GBPUSD_otc
86,2026-05-25 00:40:00,1.34351,1.34362,1.34362,1.3435,380,1779669899.269,GBPUSD_otc
86,2026-05-25 00:45:00,1.34362,1.34363,1.3437,1.34361,393,1779670199.663,GBPUSD_otc
86,2026-05-25 00:50:00,1.34363,1.34369,1.3437,1.34361,408,1779670498.635,GBPUSD_otc
86,2026-05-25 00:55:00,1.34369,1.34375,1.34379,1.34369,389,1779670798.526,GBPUSD_otc
86,2026-05-25 01:00:00,1.34375,1.3436,1.34375,1.34359,405,1779671099.958,GBPUSD_otc
86,2026-05-25 01:05:00,1.3436,1.34362,1.34368,1.3436,392,1779671399.833,GBPUSD_otc
86,2026-05-25 01:10:00,1.34362,1.34354,1.34363,1.34353,381,1779671699.758,GBPUSD_otc
86,2026-05-25 01:15:00,1.34354,1.3436,1.34368,1.34354,400,1779671999.716,GBPUSD_otc
86,2026-05-25 01:20:00,1.3436,1.34367,1.3437,1.34355,409,1779672299.148,GBPUSD_otc
86,2026-05-25 01:25:00,1.34367,1.34368,1.34375,1.34363,407,1779672599.571,GBPUSD_otc
86,2026-05-25 01:30:00,1.34368,1.34366,1.34369,1.34361,390,1779672899.442,GBPUSD_otc
86,2026-05-25 01:35:00,1.34366,1.34365,1.34371,1.34363,386,1779673199.914,GBPUSD_otc
86,2026-05-25 01:40:00,1.34365,1.34368,1.34368,1.34356,397,1779673498.256,GBPUSD_otc
86,2026-05-25 01:45:00,1.34368,1.34375,1.34375,1.34367,407,1779673799.728,GBPUSD_otc
86,2026-05-25 01:50:00,1.34375,1.34377,1.34379,1.3437,404,1779674099.556,GBPUSD_otc
86,2026-05-25 01:55:00,1.34377,1.34374,1.3438,1.34372,384,1779674398.989,GBPUSD_otc
86,2026-05-25 02:00:00,1.34374,1.34368,1.34375,1.34364,418,1779674699.407,GBPUSD_otc
86,2026-05-25 02:05:00,1.34368,1.34373,1.34373,1.34366,405,1779674999.302,GBPUSD_otc
86,2026-05-25 02:10:00,1.34373,1.34367,1.34374,1.34364,404,1779675299.748,GBPUSD_otc
86,2026-05-25 02:15:00,1.34368,1.34368,1.3437,1.34363,403,1779675599.64,GBPUSD_otc
86,2026-05-25 02:20:00,1.34368,1.34369,1.34369,1.34363,402,1779675899.639,GBPUSD_otc
86,2026-05-25 02:25:00,1.34369,1.34352,1.3437,1.34352,389,1779676198.518,GBPUSD_otc
86,2026-05-25 02:30:00,1.34352,1.3436,1.34364,1.34352,393,1779676497.985,GBPUSD_otc
86,2026-05-25 02:35:00,1.3436,1.34359,1.34362,1.34353,371,1779676799.816,GBPUSD_otc
86,2026-05-25 02:40:00,1.34359,1.34358,1.34362,1.34355,386,1779677099.751,GBPUSD_otc
86,2026-05-25 02:45:00,1.34358,1.34349,1.34359,1.34346,392,1779677399.682,GBPUSD_otc
86,2026-05-25 02:50:00,1.34349,1.34351,1.34357,1.34348,394,1779677699.586,GBPUSD_otc
86,2026-05-25 02:55:00,1.34351,1.3434,1.34352,1.34339,386,1779677999.5,GBPUSD_otc
86,2026-05-25 03:00:00,1.3434,1.34344,1.34349,1.34337,387,1779678299.954,GBPUSD_otc
86,2026-05-25 03:05:00,1.34344,1.34338,1.34345,1.34338,384,1779678599.87,GBPUSD_otc
86,2026-05-25 03:10:00,1.34338,1.34328,1.34339,1.34327,391,1779678899.802,GBPUSD_otc
86,2026-05-25 03:15:00,1.34328,1.34333,1.34334,1.34326,412,1779679199.711,GBPUSD_otc
86,2026-05-25 03:20:00,1.34333,1.3434,1.3434,1.34329,398,1779679499.656,GBPUSD_otc
86,2026-05-25 03:25:00,1.3434,1.34332,1.34343,1.34331,409,1779679799.554,GBPUSD_otc
86,2026-05-25 03:30:00,1.34332,1.3433,1.34332,1.34326,364,1779680098.501,GBPUSD_otc
86,2026-05-25 03:35:00,1.34329,1.34334,1.34335,1.34328,386,1779680399.957,GBPUSD_otc
86,2026-05-25 03:40:00,1.34334,1.3433,1.34339,1.34328,388,1779680699.875,GBPUSD_otc
86,2026-05-25 03:45:00,1.3433,1.3433,1.34338,1.34326,401,1779680999.751,GBPUSD_otc
86,2026-05-25 03:50:00,1.3433,1.34334,1.34335,1.34327,418,1779681298.602,GBPUSD_otc
86,2026-05-25 03:55:00,1.34334,1.34341,1.34343,1.3433,392,1779681599.108,GBPUSD_otc
86,2026-05-25 04:00:00,1.34341,1.3435,1.34351,1.34337,399,1779681899.962,GBPUSD_otc
86,2026-05-25 04:05:00,1.3435,1.34348,1.34352,1.34345,416,1779682199.378,GBPUSD_otc
86,2026-05-25 04:10:00,1.34348,1.3435,1.34351,1.34343,389,1779682499.748,GBPUSD_otc
86,2026-05-25 04:15:00,1.3435,1.34369,1.3437,1.3435,393,1779682799.072,GBPUSD_otc
86,2026-05-25 04:20:00,1.34369,1.34376,1.34376,1.3436,405,1779683099.557,GBPUSD_otc
86,2026-05-25 04:25:00,1.34376,1.34381,1.34386,1.34376,413,1779683399.414,GBPUSD_otc
86,2026-05-25 04:30:00,1.34381,1.34382,1.34385,1.34375,395,1779683699.902,GBPUSD_otc
86,2026-05-25 04:35:00,1.34382,1.34382,1.34385,1.34375,387,1779683999.792,GBPUSD_otc
86,2026-05-25 04:40:00,1.34382,1.34381,1.34384,1.34378,377,1779684299.228,GBPUSD_otc
86,2026-05-25 04:45:00,1.34381,1.34386,1.34388,1.34381,384,1779684598.601,GBPUSD_otc
86,2026-05-25 04:50:00,1.34386,1.34393,1.34394,1.34381,384,1779684899.505,GBPUSD_otc
86,2026-05-25 04:55:00,1.34393,1.34392,1.34396,1.3439,410,1779685199.98,GBPUSD_otc
86,2026-05-25 05:00:00,1.34392,1.34389,1.34394,1.34384,410,1779685499.944,GBPUSD_otc
86,2026-05-25 05:05:00,1.34389,1.34393,1.34395,1.34387,409,1779685799.833,GBPUSD_otc
86,2026-05-25 05:10:00,1.34393,1.34394,1.34405,1.34389,408,1779686099.711,GBPUSD_otc
86,2026-05-25 05:15:00,1.34394,1.34388,1.34398,1.34387,410,1779686399.72,GBPUSD_otc
86,2026-05-25 05:20:00,1.34388,1.34398,1.34399,1.34385,398,1779686698.09,GBPUSD_otc
86,2026-05-25 05:25:00,1.34398,1.34381,1.344,1.34378,410,1779686999.595,GBPUSD_otc
86,2026-05-25 05:30:00,1.34381,1.34379,1.34385,1.34374,426,1779687299.975,GBPUSD_otc
86,2026-05-25 05:35:00,1.34379,1.34389,1.34389,1.34379,401,1779687599.964,GBPUSD_otc
86,2026-05-25 05:40:00,1.34389,1.3439,1.34395,1.34387,393,1779687899.839,GBPUSD_otc
86,2026-05-25 05:45:00,1.3439,1.34388,1.34393,1.34387,425,1779688199.358,GBPUSD_otc
86,2026-05-25 05:50:00,1.34388,1.34381,1.34388,1.34376,394,1779688499.212,GBPUSD_otc
86,2026-05-25 05:55:00,1.34382,1.34385,1.3439,1.34381,400,1779688799.698,GBPUSD_otc
86,2026-05-25 06:00:00,1.34385,1.34388,1.34391,1.34382,406,1779689099.612,GBPUSD_otc
86,2026-05-25 06:05:00,1.34388,1.34391,1.34391,1.34381,397,1779689398.61,GBPUSD_otc
86,2026-05-25 06:10:00,1.34391,1.34399,1.34402,1.34389,391,1779689699.541,GBPUSD_otc
86,2026-05-25 06:15:00,1.34399,1.34401,1.3441,1.34397,398,1779689999.542,GBPUSD_otc
86,2026-05-25 06:20:00,1.34401,1.344,1.34403,1.344,411,1779690299.951,GBPUSD_otc
86,2026-05-25 06:25:00,1.344,1.34403,1.34404,1.34399,408,1779690599.951,GBPUSD_otc
86,2026-05-25 06:30:00,1.34403,1.344,1.34405,1.34397,394,1779690899.829,GBPUSD_otc
86,2026-05-25 06:35:00,1.344,1.34398,1.34401,1.3439,399,1779691199.303,GBPUSD_otc
86,2026-05-25 06:40:00,1.34398,1.3441,1.34414,1.34398,390,1779691499.742,GBPUSD_otc
86,2026-05-25 06:45:00,1.3441,1.3441,1.3441,1.34399,385,1779691799.699,GBPUSD_otc
86,2026-05-25 06:50:00,1.3441,1.34408,1.34411,1.34401,401,1779692099.595,GBPUSD_otc
86,2026-05-25 06:55:00,1.34408,1.34409,1.34413,1.34406,393,1779692399.554,GBPUSD_otc
86,2026-05-25 07:00:00,1.34409,1.34396,1.34409,1.34395,401,1779692699.481,GBPUSD_otc
86,2026-05-25 07:05:00,1.34396,1.34396,1.34402,1.34395,396,1779692999.953,GBPUSD_otc
86,2026-05-25 07:10:00,1.34396,1.34399,1.344,1.34387,405,1779693299.832,GBPUSD_otc
86,2026-05-25 07:15:00,1.34399,1.34399,1.344,1.34393,408,1779693599.85,GBPUSD_otc
86,2026-05-25 07:20:00,1.34399,1.34405,1.34407,1.34399,401,1779693899.71,GBPUSD_otc
86,2026-05-25 07:25:00,1.34405,1.34403,1.3441,1.344,379,1779694197.653,GBPUSD_otc
86,2026-05-25 07:30:00,1.34403,1.34395,1.34406,1.34394,387,1779694499.623,GBPUSD_otc
86,2026-05-25 07:35:00,1.34395,1.34391,1.34395,1.34386,398,1779694799.601,GBPUSD_otc
86,2026-05-25 07:40:00,1.34391,1.34396,1.34398,1.3439,388,1779695099.482,GBPUSD_otc
86,2026-05-25 07:45:00,1.34396,1.34403,1.34408,1.34396,369,1779695399.464,GBPUSD_otc
86,2026-05-25 07:50:00,1.34403,1.34407,1.34409,1.34401,399,1779695699.835,GBPUSD_otc
86,2026-05-25 07:55:00,1.34407,1.34415,1.34415,1.34406,400,1779695999.769,GBPUSD_otc
86,2026-05-25 08:00:00,1.34415,1.34398,1.34417,1.34397,403,1779696299.701,GBPUSD_otc
86,2026-05-25 08:05:00,1.34398,1.344,1.34402,1.34395,413,1779696599.668,GBPUSD_otc
86,2026-05-25 08:10:00,1.344,1.34393,1.34404,1.34392,408,1779696899.577,GBPUSD_otc
86,2026-05-25 08:15:00,1.34393,1.3438,1.34394,1.34378,385,1779697199.428,GBPUSD_otc
86,2026-05-25 08:20:00,1.3438,1.34376,1.34388,1.34376,415,1779697499.943,GBPUSD_otc
86,2026-05-25 08:25:00,1.34376,1.34388,1.3439,1.34375,404,1779697799.329,GBPUSD_otc
86,2026-05-25 08:30:00,1.34388,1.34393,1.34396,1.34386,409,1779698099.302,GBPUSD_otc
86,2026-05-25 08:35:00,1.34393,1.34395,1.34399,1.34392,405,1779698399.648,GBPUSD_otc
86,2026-05-25 08:40:00,1.34395,1.34387,1.34397,1.34384,405,1779698699.607,GBPUSD_otc
86,2026-05-25 08:45:00,1.34387,1.34389,1.34391,1.34382,389,1779698999.963,GBPUSD_otc
86,2026-05-25 08:50:00,1.34389,1.34389,1.34394,1.34388,409,1779699299.916,GBPUSD_otc
86,2026-05-25 08:55:00,1.34389,1.34382,1.34395,1.34382,407,1779699599.383,GBPUSD_otc
86,2026-05-25 09:00:00,1.34382,1.34377,1.34384,1.34375,402,1779699899.837,GBPUSD_otc
86,2026-05-25 09:05:00,1.34377,1.34384,1.34384,1.34372,403,1779700199.304,GBPUSD_otc
86,2026-05-25 09:10:00,1.34384,1.34377,1.34387,1.34375,403,1779700498.748,GBPUSD_otc
86,2026-05-25 09:15:00,1.34378,1.34375,1.34379,1.3437,401,1779700799.125,GBPUSD_otc
86,2026-05-25 09:20:00,1.34375,1.34382,1.34386,1.34375,399,1779701099.51,GBPUSD_otc
86,2026-05-25 09:25:00,1.34382,1.34379,1.34387,1.34379,403,1779701399.465,GBPUSD_otc
86,2026-05-25 09:30:00,1.34379,1.34372,1.34381,1.34369,397,1779701699.953,GBPUSD_otc
86,2026-05-25 09:35:00,1.34372,1.34356,1.34374,1.34356,405,1779701999.949,GBPUSD_otc
86,2026-05-25 09:40:00,1.34356,1.3436,1.34361,1.34354,418,1779702298.804,GBPUSD_otc
86,2026-05-25 09:45:00,1.3436,1.34367,1.34373,1.3436,410,1779702599.796,GBPUSD_otc
86,2026-05-25 09:50:00,1.34366,1.34356,1.34366,1.34356,408,1779702897.683,GBPUSD_otc
86,2026-05-25 09:55:00,1.34356,1.34346,1.34358,1.34344,402,1779703199.69,GBPUSD_otc
86,2026-05-25 10:00:00,1.34346,1.34342,1.34346,1.34334,428,1779703499.096,GBPUSD_otc
86,2026-05-25 10:05:00,1.34342,1.34327,1.34342,1.34327,418,1779703799.583,GBPUSD_otc
86,2026-05-25 10:10:00,1.34327,1.34325,1.34338,1.34323,402,1779704099.442,GBPUSD_otc
86,2026-05-25 10:15:00,1.34325,1.34322,1.34326,1.34318,392,1779704399.899,GBPUSD_otc
86,2026-05-25 10:20:00,1.34322,1.3433,1.34332,1.34321,408,1779704699.836,GBPUSD_otc
86,2026-05-25 10:25:00,1.34329,1.34337,1.34337,1.34328,394,1779704999.801,GBPUSD_otc
86,2026-05-25 10:30:00,1.34337,1.34334,1.3434,1.34327,399,1779705299.765,GBPUSD_otc
86,2026-05-25 10:35:00,1.34334,1.34336,1.34343,1.34332,409,1779705599.244,GBPUSD_otc
86,2026-05-25 10:40:00,1.34335,1.34331,1.34341,1.34331,389,1779705899.152,GBPUSD_otc
86,2026-05-25 10:45:00,1.34331,1.34332,1.34335,1.34328,374,1779706199.609,GBPUSD_otc
86,2026-05-25 10:50:00,1.34332,1.34332,1.34336,1.34327,408,1779706499.443,GBPUSD_otc
86,2026-05-25 10:55:00,1.34332,1.34333,1.34334,1.34327,390,1779706799.475,GBPUSD_otc
86,2026-05-25 11:00:00,1.34333,1.34325,1.34336,1.3432,395,1779707099.857,GBPUSD_otc
86,2026-05-25 11:05:00,1.34325,1.34319,1.3433,1.34319,382,1779707399.839,GBPUSD_otc
86,2026-05-25 11:10:00,1.34319,1.34317,1.34326,1.34315,398,1779707699.701,GBPUSD_otc
86,2026-05-25 11:15:00,1.34317,1.34304,1.3432,1.34302,400,1779707998.689,GBPUSD_otc
86,2026-05-25 11:20:00,1.34304,1.34299,1.34307,1.34294,400,1779708299.028,GBPUSD_otc
86,2026-05-25 11:25:00,1.34299,1.34289,1.343,1.34289,392,1779708599.918,GBPUSD_otc
86,2026-05-25 11:30:00,1.34289,1.3429,1.34292,1.34285,422,1779708899.896,GBPUSD_otc
86,2026-05-25 11:35:00,1.3429,1.34292,1.34292,1.34281,398,1779709199.826,GBPUSD_otc
86,2026-05-25 11:40:00,1.34292,1.34303,1.34305,1.34292,395,1779709499.788,GBPUSD_otc
86,2026-05-25 11:45:00,1.34303,1.34302,1.34309,1.343,403,1779709799.173,GBPUSD_otc
86,2026-05-25 11:50:00,1.34302,1.34306,1.34308,1.34301,403,1779710098.637,GBPUSD_otc
86,2026-05-25 11:55:00,1.34306,1.3431,1.34315,1.34303,411,1779710399.531,GBPUSD_otc
86,2026-05-25 12:00:00,1.3431,1.34312,1.34312,1.34302,374,1779710698.555,GBPUSD_otc
86,2026-05-25 12:05:00,1.34312,1.34323,1.34327,1.34307,405,1779710999.424,GBPUSD_otc
86,2026-05-25 12:10:00,1.34323,1.34317,1.34327,1.34315,426,1779711299.395,GBPUSD_otc
86,2026-05-25 12:15:00,1.34317,1.34317,1.34324,1.34314,402,1779711599.786,GBPUSD_otc
86,2026-05-25 12:20:00,1.34317,1.34315,1.3432,1.34313,383,1779711899.215,GBPUSD_otc
86,2026-05-25 12:25:00,1.34315,1.34315,1.34322,1.34314,385,1779712199.657,GBPUSD_otc
86,2026-05-25 12:30:00,1.34315,1.34307,1.34319,1.34307,397,1779712498.576,GBPUSD_otc
86,2026-05-25 12:35:00,1.34307,1.3431,1.34314,1.34304,413,1779712799.538,GBPUSD_otc
86,2026-05-25 12:40:00,1.3431,1.34315,1.34317,1.34305,387,1779713098.909,GBPUSD_otc
86,2026-05-25 12:45:00,1.34315,1.343,1.34315,1.34298,420,1779713399.916,GBPUSD_otc
86,2026-05-25 12:50:00,1.343,1.34304,1.34308,1.34299,408,1779713699.774,GBPUSD_otc
86,2026-05-25 12:55:00,1.34304,1.34309,1.34311,1.34302,394,1779713999.77,GBPUSD_otc
86,2026-05-25 13:00:00,1.34309,1.3431,1.34316,1.34306,390,1779714299.655,GBPUSD_otc
86,2026-05-25 13:05:00,1.3431,1.34299,1.34314,1.34299,390,1779714599.137,GBPUSD_otc
86,2026-05-25 13:10:00,1.34299,1.34294,1.34301,1.34291,405,1779714899.505,GBPUSD_otc
86,2026-05-25 13:15:00,1.34294,1.34294,1.34296,1.3429,387,1779715199.905,GBPUSD_otc
86,2026-05-25 13:20:00,1.34294,1.34297,1.343,1.34293,382,1779715499.893,GBPUSD_otc
86,2026-05-25 13:25:00,1.34297,1.34292,1.343,1.34287,402,1779715799.288,GBPUSD_otc
86,2026-05-25 13:30:00,1.34292,1.34289,1.34297,1.34289,409,1779716099.771,GBPUSD_otc
86,2026-05-25 13:35:00,1.34289,1.34276,1.3429,1.34276,381,1779716399.13,GBPUSD_otc
86,2026-05-25 13:40:00,1.34276,1.34278,1.34282,1.34272,390,1779716699.638,GBPUSD_otc
86,2026-05-25 13:45:00,1.34278,1.34282,1.34286,1.34275,398,1779716997.508,GBPUSD_otc
86,2026-05-25 13:50:00,1.34282,1.34286,1.34289,1.3428,400,1779717299.953,GBPUSD_otc
86,2026-05-25 13:55:00,1.34286,1.34288,1.34291,1.34285,394,1779717599.896,GBPUSD_otc
86,2026-05-25 14:00:00,1.34288,1.3429,1.34292,1.34283,399,1779717899.902,GBPUSD_otc
86,2026-05-25 14:05:00,1.3429,1.34292,1.34294,1.34287,400,1779718199.306,GBPUSD_otc
86,2026-05-25 14:10:00,1.34292,1.34286,1.34299,1.34286,387,1779718499.306,GBPUSD_otc
86,2026-05-25 14:15:00,1.34286,1.34291,1.34291,1.34284,404,1779718799.64,GBPUSD_otc
86,2026-05-25 14:20:00,1.34291,1.34285,1.34296,1.34285,412,1779719099.574,GBPUSD_otc
86,2026-05-25 14:25:00,1.34285,1.34274,1.34285,1.34273,398,1779719399.013,GBPUSD_otc
86,2026-05-25 14:30:00,1.34274,1.34261,1.34279,1.34261,414,1779719699.543,GBPUSD_otc
86,2026-05-25 14:35:00,1.34261,1.3427,1.34278,1.34261,395,1779719999.983,GBPUSD_otc
86,2026-05-25 14:40:00,1.3427,1.34276,1.34278,1.34264,409,1779720299.454,GBPUSD_otc
86,2026-05-25 14:45:00,1.34276,1.34275,1.34278,1.34272,395,1779720599.876,GBPUSD_otc
86,2026-05-25 14:50:00,1.34275,1.34282,1.34282,1.34275,398,1779720899.841,GBPUSD_otc
86,2026-05-25 14:55:00,1.34282,1.3429,1.34291,1.34272,407,1779721199.752,GBPUSD_otc
86,2026-05-25 15:00:00,1.3429,1.34288,1.34295,1.34287,403,1779721499.746,GBPUSD_otc
86,2026-05-25 15:05:00,1.34288,1.34284,1.34289,1.34281,395,1779721798.708,GBPUSD_otc
86,2026-05-25 15:10:00,1.34284,1.34278,1.34285,1.34276,409,1779722099.644,GBPUSD_otc
86,2026-05-25 15:15:00,1.34278,1.34285,1.34288,1.34276,404,1779722399.544,GBPUSD_otc
86,2026-05-25 15:20:00,1.34285,1.34285,1.34292,1.34283,401,1779722698.518,GBPUSD_otc
86,2026-05-25 15:25:00,1.34286,1.34282,1.34291,1.34281,403,1779722999.452,GBPUSD_otc
86,2026-05-25 15:30:00,1.34282,1.34283,1.34289,1.34276,401,1779723299.913,GBPUSD_otc
86,2026-05-25 15:35:00,1.34283,1.34295,1.34295,1.34282,387,1779723598.866,GBPUSD_otc
86,2026-05-25 15:40:00,1.34295,1.34289,1.34295,1.34284,412,1779723899.833,GBPUSD_otc
86,2026-05-25 15:45:00,1.34289,1.34279,1.34291,1.34277,394,1779724198.259,GBPUSD_otc
86,2026-05-25 15:50:00,1.34279,1.34282,1.34288,1.34275,407,1779724499.754,GBPUSD_otc
86,2026-05-25 15:55:00,1.34282,1.3428,1.34284,1.34276,418,1779724799.125,GBPUSD_otc
86,2026-05-25 16:00:00,1.34279,1.34285,1.34287,1.34276,432,1779725099.649,GBPUSD_otc
86,2026-05-25 16:05:00,1.34285,1.34293,1.34293,1.34284,394,1779725399.062,GBPUSD_otc
86,2026-05-25 16:10:00,1.34294,1.34303,1.34308,1.34294,385,1779725699.033,GBPUSD_otc
86,2026-05-25 16:15:00,1.34303,1.34293,1.34308,1.34293,413,1779725999.904,GBPUSD_otc
86,2026-05-25 16:20:00,1.34293,1.34286,1.34294,1.34285,400,1779726299.39,GBPUSD_otc
86,2026-05-25 16:25:00,1.34286,1.34277,1.34286,1.34265,400,1779726598.803,GBPUSD_otc
86,2026-05-25 16:30:00,1.34277,1.34269,1.34281,1.34268,392,1779726899.795,GBPUSD_otc
86,2026-05-25 16:35:00,1.34269,1.34263,1.34273,1.34263,395,1779727199.743,GBPUSD_otc
86,2026-05-25 16:40:00,1.34263,1.34268,1.34268,1.3426,391,1779727499.705,GBPUSD_otc
86,2026-05-25 16:45:00,1.34268,1.34255,1.34272,1.34254,407,1779727799.212,GBPUSD_otc
86,2026-05-25 16:50:00,1.34255,1.34254,1.34259,1.34249,370,1779728099.561,GBPUSD_otc
86,2026-05-25 16:55:00,1.34254,1.34254,1.34256,1.34248,387,1779728399.539,GBPUSD_otc
86,2026-05-25 17:00:00,1.34254,1.34252,1.34257,1.34248,412,1779728699.016,GBPUSD_otc
86,2026-05-25 17:05:00,1.34252,1.34255,1.34255,1.34248,384,1779728999.522,GBPUSD_otc
86,2026-05-25 17:10:00,1.34255,1.34261,1.34261,1.34254,401,1779729299.895,GBPUSD_otc
86,2026-05-25 17:15:00,1.34261,1.34269,1.34271,1.34261,388,1779729599.376,GBPUSD_otc
86,2026-05-25 17:20:00,1.34269,1.34262,1.34271,1.34262,396,1779729899.233,GBPUSD_otc
86,2026-05-25 17:25:00,1.34262,1.34259,1.34268,1.34257,396,1779730199.728,GBPUSD_otc
86,2026-05-25 17:30:00,1.34259,1.3426,1.34265,1.34258,399,1779730499.695,GBPUSD_otc
86,2026-05-25 17:35:00,1.3426,1.34243,1.34269,1.34243,385,1779730799.709,GBPUSD_otc
86,2026-05-25 17:40:00,1.34243,1.34234,1.34245,1.34233,400,1779731098.593,GBPUSD_otc
86,2026-05-25 17:45:00,1.34234,1.34231,1.34237,1.34229,399,1779731399.085,GBPUSD_otc
86,2026-05-25 17:50:00,1.34231,1.34216,1.34231,1.34212,417,1779731699.39,GBPUSD_otc
86,2026-05-25 17:55:00,1.34216,1.3422,1.34224,1.34216,411,1779731999.794,GBPUSD_otc
86,2026-05-25 18:00:00,1.3422,1.34222,1.34224,1.34217,389,1779732299.811,GBPUSD_otc
86,2026-05-25 18:05:00,1.34222,1.34229,1.34234,1.34221,417,1779732599.737,GBPUSD_otc
86,2026-05-25 18:10:00,1.34229,1.34229,1.34233,1.34225,402,1779732899.737,GBPUSD_otc
86,2026-05-25 18:15:00,1.34229,1.34218,1.3423,1.34218,399,1779733199.641,GBPUSD_otc
86,2026-05-25 18:20:00,1.34218,1.3422,1.34223,1.34217,409,1779733499.553,GBPUSD_otc
86,2026-05-25 18:25:00,1.3422,1.34211,1.3422,1.34209,423,1779733799.966,GBPUSD_otc
86,2026-05-25 18:30:00,1.34211,1.34217,1.34218,1.34211,389,1779734099.973,GBPUSD_otc
86,2026-05-25 18:35:00,1.34217,1.3421,1.34217,1.3421,389,1779734399.398,GBPUSD_otc
86,2026-05-25 18:40:00,1.3421,1.3421,1.34214,1.34208,410,1779734699.849,GBPUSD_otc
86,2026-05-25 18:45:00,1.3421,1.34214,1.34215,1.34207,384,1779734999.252,GBPUSD_otc
86,2026-05-25 18:50:00,1.34214,1.3422,1.34224,1.34214,383,1779735299.757,GBPUSD_otc
86,2026-05-25 18:55:00,1.3422,1.34225,1.3423,1.3422,423,1779735599.665,GBPUSD_otc
86,2026-05-25 19:00:00,1.34226,1.34221,1.34227,1.34218,395,1779735899.625,GBPUSD_otc
86,2026-05-25 19:05:00,1.34221,1.34241,1.34242,1.34221,387,1779736199.571,GBPUSD_otc
86,2026-05-25 19:10:00,1.34241,1.34236,1.34243,1.34232,406,1779736498.508,GBPUSD_otc
86,2026-05-25 19:15:00,1.34236,1.34235,1.34242,1.34234,411,1779736799.907,GBPUSD_otc
86,2026-05-25 19:20:00,1.34236,1.34243,1.34246,1.34236,383,1779737099.898,GBPUSD_otc
86,2026-05-25 19:25:00,1.34243,1.3425,1.34254,1.34238,396,1779737399.828,GBPUSD_otc
86,2026-05-25 19:30:00,1.3425,1.34256,1.34261,1.3425,401,1779737699.294,GBPUSD_otc
86,2026-05-25 19:35:00,1.34256,1.34246,1.34261,1.34246,400,1779737999.695,GBPUSD_otc
86,2026-05-25 19:40:00,1.34246,1.34243,1.34246,1.34235,409,1779738299.662,GBPUSD_otc
86,2026-05-25 19:45:00,1.34243,1.34254,1.34255,1.34243,406,1779738599.534,GBPUSD_otc
86,2026-05-25 19:50:00,1.34254,1.34249,1.34255,1.34246,398,1779738899.527,GBPUSD_otc
86,2026-05-25 19:55:00,1.34249,1.34247,1.34252,1.34244,418,1779739199.908,GBPUSD_otc
86,2026-05-25 20:00:00,1.34247,1.34251,1.34252,1.34244,396,1779739499.358,GBPUSD_otc
86,2026-05-25 20:05:00,1.34251,1.3425,1.34253,1.34249,416,1779739799.783,GBPUSD_otc
86,2026-05-25 20:10:00,1.3425,1.34255,1.3426,1.34248,402,1779740099.722,GBPUSD_otc
86,2026-05-25 20:15:00,1.34255,1.34259,1.34259,1.34249,397,1779740399.647,GBPUSD_otc
86,2026-05-25 20:20:00,1.34259,1.34273,1.34274,1.34257,389,1779740698.552,GBPUSD_otc
86,2026-05-25 20:25:00,1.34273,1.34271,1.34277,1.34269,415,1779740999.528,GBPUSD_otc
86,2026-05-25 20:30:00,1.34271,1.34277,1.34286,1.34271,381,1779741299.917,GBPUSD_otc
86,2026-05-25 20:35:00,1.34277,1.34276,1.34281,1.34271,401,1779741599.899,GBPUSD_otc
86,2026-05-25 20:40:00,1.34276,1.34283,1.34283,1.34273,394,1779741899.809,GBPUSD_otc
86,2026-05-25 20:45:00,1.34283,1.34283,1.34286,1.34273,403,1779742199.791,GBPUSD_otc
86,2026-05-25 20:50:00,1.34283,1.34291,1.34291,1.34282,392,1779742498.121,GBPUSD_otc
86,2026-05-25 20:55:00,1.34291,1.34292,1.34297,1.34285,399,1779742799.575,GBPUSD_otc
86,2026-05-25 21:00:00,1.34292,1.34289,1.34297,1.34288,409,1779743099.505,GBPUSD_otc
86,2026-05-25 21:05:00,1.34289,1.34285,1.34294,1.34284,385,1779743399.949,GBPUSD_otc
86,2026-05-25 21:10:00,1.34285,1.34303,1.34304,1.34284,390,1779743699.312,GBPUSD_otc
86,2026-05-25 21:15:00,1.34303,1.34304,1.34311,1.343,397,1779743999.637,GBPUSD_otc
86,2026-05-25 21:20:00,1.34304,1.34304,1.34309,1.343,390,1779744298.551,GBPUSD_otc
86,2026-05-25 21:25:00,1.34304,1.34302,1.34305,1.34296,408,1779744599.498,GBPUSD_otc
86,2026-05-25 21:30:00,1.34302,1.34301,1.34303,1.34297,404,1779744899.959,GBPUSD_otc
86,2026-05-25 21:35:00,1.34301,1.34303,1.34305,1.34296,423,1779745199.366,GBPUSD_otc
86,2026-05-25 21:40:00,1.34303,1.34288,1.34306,1.34287,398,1779745499.802,GBPUSD_otc
86,2026-05-25 21:45:00,1.34288,1.34291,1.34291,1.34285,409,1779745798.718,GBPUSD_otc
86,2026-05-25 21:50:00,1.34291,1.34288,1.34292,1.34284,399,1779746099.624,GBPUSD_otc
86,2026-05-25 21:55:00,1.34288,1.34301,1.34302,1.34285,392,1779746399.064,GBPUSD_otc
86,2026-05-25 22:00:00,1.34301,1.34304,1.34308,1.34299,384,1779746699.952,GBPUSD_otc
86,2026-05-25 22:05:00,1.34304,1.34311,1.34312,1.34303,405,1779746999.437,GBPUSD_otc
86,2026-05-25 22:10:00,1.34311,1.34304,1.34316,1.34303,402,1779747299.857,GBPUSD_otc
86,2026-05-25 22:15:00,1.34304,1.3431,1.34311,1.34304,390,1779747599.846,GBPUSD_otc
86,2026-05-25 22:20:00,1.3431,1.34294,1.34311,1.34294,402,1779747899.733,GBPUSD_otc
86,2026-05-25 22:25:00,1.34294,1.34271,1.34294,1.3427,397,1779748199.198,GBPUSD_otc
86,2026-05-25 22:30:00,1.34271,1.34273,1.3428,1.34269,406,1779748499.075,GBPUSD_otc
86,2026-05-25 22:35:00,1.34273,1.34267,1.34273,1.3426,402,1779748799.528,GBPUSD_otc
86,2026-05-25 22:40:00,1.34267,1.34276,1.34279,1.34267,407,1779749099.374,GBPUSD_otc
86,2026-05-25 22:45:00,1.34276,1.34274,1.34279,1.34272,396,1779749399.825,GBPUSD_otc
86,2026-05-25 22:50:00,1.34274,1.34264,1.34274,1.34264,399,1779749699.751,GBPUSD_otc
86,2026-05-25 22:55:00,1.34264,1.34278,1.34278,1.34264,401,1779749999.673,GBPUSD_otc
86,2026-05-25 23:00:00,1.34278,1.34279,1.34282,1.34275,405,1779750299.617,GBPUSD_otc
86,2026-05-25 23:05:00,1.34279,1.3428,1.3428,1.34272,414,1779750599.523,GBPUSD_otc
86,2026-05-25 23:10:00,1.3428,1.34287,1.3429,1.34278,395,1779750899.486,GBPUSD_otc
86,2026-05-25 23:15:00,1.34288,1.34296,1.34296,1.34282,388,1779751199.862,GBPUSD_otc
86,2026-05-25 23:20:00,1.34296,1.34292,1.34299,1.34292,391,1779751499.33,GBPUSD_otc
86,2026-05-25 23:25:00,1.34292,1.34292,1.34297,1.34289,405,1779751798.686,GBPUSD_otc
86,2026-05-25 23:30:00,1.34292,1.34298,1.34298,1.34289,410,1779752099.655,GBPUSD_otc
86,2026-05-25 23:35:00,1.34298,1.34298,1.34304,1.34298,389,1779752399.069,GBPUSD_otc
86,2026-05-25 23:40:00,1.34298,1.34289,1.34298,1.34283,395,1779752699.557,GBPUSD_otc
86,2026-05-25 23:45:00,1.34289,1.3429,1.34293,1.34285,408,1779752999.926,GBPUSD_otc
86,2026-05-25 23:50:00,1.3429,1.34299,1.34301,1.3429,397,1779753299.861,GBPUSD_otc
86,2026-05-25 23:55:00,1.34299,1.34288,1.34299,1.34284,402,1779753599.251,GBPUSD_otc
86,2026-05-26 00:00:00,1.34288,1.3428,1.34291,1.34279,410,1779753899.666,GBPUSD_otc
86,2026-05-26 00:05:00,1.3428,1.34273,1.34285,1.34273,401,1779754199.624,GBPUSD_otc
86,2026-05-26 00:10:00,1.34273,1.34278,1.34279,1.34266,400,1779754499.516,GBPUSD_otc
86,2026-05-26 00:15:00,1.34278,1.34276,1.34281,1.34275,394,1779754799.986,GBPUSD_otc
86,2026-05-26 00:20:00,1.34276,1.34271,1.34277,1.3427,376,1779755099.87,GBPUSD_otc
86,2026-05-26 00:25:00,1.34271,1.34275,1.34276,1.34263,391,1779755399.848,GBPUSD_otc
86,2026-05-26 00:30:00,1.34275,1.34268,1.34278,1.34267,406,1779755699.239,GBPUSD_otc
86,2026-05-26 00:35:00,1.34268,1.3426,1.34268,1.3426,376,1779755999.696,GBPUSD_otc
86,2026-05-26 00:40:00,1.3426,1.34249,1.3426,1.34244,372,1779756299.572,GBPUSD_otc
86,2026-05-26 00:45:00,1.34249,1.34259,1.34261,1.34248,374,1779756599.993,GBPUSD_otc
86,2026-05-26 00:50:00,1.34259,1.34257,1.3426,1.34253,401,1779756898.929,GBPUSD_otc
86,2026-05-26 00:55:00,1.34257,1.34245,1.34261,1.34245,432,1779757198.899,GBPUSD_otc
86,2026-05-26 01:00:00,1.34245,1.34255,1.34255,1.34242,413,1779757498.815,GBPUSD_otc
86,2026-05-26 01:05:00,1.34255,1.34259,1.34263,1.34254,415,1779757799.768,GBPUSD_otc
86,2026-05-26 01:10:00,1.34259,1.34254,1.34259,1.34247,379,1779758099.692,GBPUSD_otc
86,2026-05-26 01:15:00,1.34254,1.34247,1.34255,1.34246,410,1779758399.597,GBPUSD_otc
86,2026-05-26 01:20:00,1.34247,1.34247,1.34247,1.3424,366,1779758699.038,GBPUSD_otc
86,2026-05-26 01:25:00,1.34247,1.34238,1.34248,1.34234,391,1779758999.871,GBPUSD_otc
86,2026-05-26 01:30:00,1.34238,1.34252,1.34252,1.34237,411,1779759298.847,GBPUSD_otc
86,2026-05-26 01:35:00,1.34252,1.3424,1.34253,1.34235,405,1779759599.763,GBPUSD_otc
86,2026-05-26 01:40:00,1.3424,1.34236,1.34241,1.34231,415,1779759899.276,GBPUSD_otc
86,2026-05-26 01:45:00,1.34236,1.34239,1.34241,1.34235,414,1779760199.636,GBPUSD_otc
86,2026-05-26 01:50:00,1.34239,1.3425,1.3425,1.34238,389,1779760499.622,GBPUSD_otc
86,2026-05-26 01:55:00,1.3425,1.34262,1.34262,1.34247,405,1779760798.944,GBPUSD_otc
86,2026-05-26 02:00:00,1.34262,1.3427,1.34271,1.34261,385,1779761099.852,GBPUSD_otc
86,2026-05-26 02:05:00,1.3427,1.34272,1.34274,1.34262,394,1779761399.849,GBPUSD_otc
86,2026-05-26 02:10:00,1.34272,1.34268,1.34273,1.34266,418,1779761697.792,GBPUSD_otc
86,2026-05-26 02:15:00,1.34268,1.3425,1.34268,1.3425,394,1779761999.756,GBPUSD_otc
86,2026-05-26 02:20:00,1.3425,1.34231,1.3425,1.34231,403,1779762299.135,GBPUSD_otc
86,2026-05-26 02:25:00,1.34231,1.34231,1.34237,1.3423,394,1779762599.642,GBPUSD_otc
86,2026-05-26 02:30:00,1.34231,1.34231,1.34234,1.34227,392,1779762899.55,GBPUSD_otc
86,2026-05-26 02:35:00,1.34231,1.34242,1.34243,1.34227,402,1779763199.548,GBPUSD_otc
86,2026-05-26 02:40:00,1.34242,1.34252,1.34252,1.34241,405,1779763499.988,GBPUSD_otc
86,2026-05-26 02:45:00,1.3425,1.34248,1.34254,1.34246,395,1779763799.938,GBPUSD_otc
86,2026-05-26 02:50:00,1.34248,1.34252,1.34252,1.34242,398,1779764099.893,GBPUSD_otc
86,2026-05-26 02:55:00,1.34252,1.34248,1.34257,1.34247,380,1779764399.8,GBPUSD_otc
86,2026-05-26 03:00:00,1.34248,1.34234,1.34249,1.34234,409,1779764699.758,GBPUSD_otc
86,2026-05-26 03:05:00,1.34234,1.34235,1.34236,1.34229,405,1779764999.691,GBPUSD_otc
86,2026-05-26 03:10:00,1.34235,1.34233,1.34241,1.34233,409,1779765299.64,GBPUSD_otc
86,2026-05-26 03:15:00,1.34233,1.34227,1.34233,1.34227,384,1779765599.57,GBPUSD_otc
86,2026-05-26 03:20:00,1.34227,1.34227,1.3424,1.34225,408,1779765899.94,GBPUSD_otc
86,2026-05-26 03:25:00,1.34227,1.34219,1.34228,1.34214,415,1779766199.917,GBPUSD_otc
86,2026-05-26 03:30:00,1.34219,1.34223,1.34226,1.34219,408,1779766499.804,GBPUSD_otc
86,2026-05-26 03:35:00,1.34223,1.34231,1.34236,1.34223,420,1779766799.791,GBPUSD_otc
86,2026-05-26 03:40:00,1.34231,1.34233,1.34236,1.34229,416,1779767099.676,GBPUSD_otc
86,2026-05-26 03:45:00,1.34233,1.3422,1.34233,1.34216,424,1779767397.661,GBPUSD_otc
86,2026-05-26 03:50:00,1.3422,1.34208,1.34221,1.34207,395,1779767698.507,GBPUSD_otc
86,2026-05-26 03:55:00,1.34208,1.34888,1.34888,1.34198,383,1779767999.973,GBPUSD_otc
86,2026-05-26 04:00:00,1.34888,1.34882,1.34888,1.34879,396,1779768299.866,GBPUSD_otc
86,2026-05-26 04:05:00,1.34882,1.3488,1.34889,1.34875,385,1779768599.803,GBPUSD_otc
86,2026-05-26 04:10:00,1.3488,1.34888,1.34888,1.34877,392,1779768899.178,GBPUSD_otc
86,2026-05-26 04:15:00,1.34888,1.34887,1.34892,1.34885,388,1779769199.645,GBPUSD_otc
86,2026-05-26 04:20:00,1.34887,1.34884,1.34889,1.34884,390,1779769499.043,GBPUSD_otc
86,2026-05-26 04:25:00,1.34884,1.34885,1.3489,1.34884,406,1779769799.919,GBPUSD_otc
86,2026-05-26 04:30:00,1.34885,1.34872,1.34885,1.34872,439,1779770099.916,GBPUSD_otc
86,2026-05-26 04:35:00,1.34872,1.34867,1.34879,1.34866,396,1779770399.786,GBPUSD_otc
86,2026-05-26 04:40:00,1.34867,1.34868,1.3487,1.34865,410,1779770699.778,GBPUSD_otc
86,2026-05-26 04:45:00,1.34868,1.34889,1.34892,1.34867,388,1779770999.678,GBPUSD_otc
86,2026-05-26 04:50:00,1.34889,1.34881,1.34893,1.34878,411,1779771299.676,GBPUSD_otc
86,2026-05-26 04:55:00,1.34881,1.34873,1.34884,1.34867,394,1779771599.497,GBPUSD_otc
86,2026-05-26 05:00:00,1.34873,1.34869,1.34877,1.34866,398,1779771899.409,GBPUSD_otc
86,2026-05-26 05:05:00,1.34869,1.34862,1.3487,1.34859,386,1779772199.348,GBPUSD_otc
86,2026-05-26 05:10:00,1.34862,1.34845,1.34863,1.34845,412,1779772499.293,GBPUSD_otc
86,2026-05-26 05:15:00,1.34845,1.34855,1.34855,1.34845,391,1779772799.225,GBPUSD_otc
86,2026-05-26 05:20:00,1.34855,1.34845,1.34857,1.34845,383,1779773099.663,GBPUSD_otc
86,2026-05-26 05:25:00,1.34845,1.34839,1.34849,1.34835,386,1779773399.588,GBPUSD_otc
86,2026-05-26 05:30:00,1.34839,1.34858,1.34858,1.34839,396,1779773698.984,GBPUSD_otc
86,2026-05-26 05:35:00,1.34858,1.34855,1.34858,1.34849,400,1779773999.994,GBPUSD_otc
86,2026-05-26 05:40:00,1.34855,1.3484,1.34857,1.3484,421,1779774299.447,GBPUSD_otc
86,2026-05-26 05:45:00,1.3484,1.34836,1.34841,1.34833,413,1779774598.367,GBPUSD_otc
86,2026-05-26 05:50:00,1.34836,1.34834,1.34837,1.34833,406,1779774899.831,GBPUSD_otc
86,2026-05-26 05:55:00,1.34834,1.34842,1.34842,1.34832,382,1779775199.812,GBPUSD_otc
86,2026-05-26 06:00:00,1.34842,1.34845,1.34848,1.34839,400,1779775499.785,GBPUSD_otc
86,2026-05-26 06:05:00,1.34845,1.34839,1.34845,1.34832,389,1779775799.214,GBPUSD_otc
86,2026-05-26 06:10:00,1.34839,1.34832,1.34847,1.34831,406,1779776099.126,GBPUSD_otc
86,2026-05-26 06:15:00,1.34832,1.34825,1.34838,1.34825,411,1779776399.531,GBPUSD_otc
86,2026-05-26 06:20:00,1.34825,1.34834,1.34834,1.34822,405,1779776699.94,GBPUSD_otc
86,2026-05-26 06:25:00,1.34833,1.34839,1.34841,1.34832,395,1779776998.393,GBPUSD_otc
86,2026-05-26 06:30:00,1.34839,1.34835,1.34839,1.34831,402,1779777299.266,GBPUSD_otc
86,2026-05-26 06:35:00,1.34835,1.34841,1.34843,1.34827,382,1779777598.259,GBPUSD_otc
86,2026-05-26 06:40:00,1.34841,1.34842,1.34844,1.34837,416,1779777899.144,GBPUSD_otc
86,2026-05-26 06:45:00,1.34842,1.34834,1.34842,1.34833,399,1779778199.629,GBPUSD_otc
86,2026-05-26 06:50:00,1.34834,1.34835,1.34837,1.34827,384,1779778499.508,GBPUSD_otc
86,2026-05-26 06:55:00,1.34835,1.34829,1.3484,1.34829,417,1779778799.477,GBPUSD_otc
86,2026-05-26 07:00:00,1.34829,1.34841,1.34845,1.34828,415,1779779099.853,GBPUSD_otc
86,2026-05-26 07:05:00,1.34841,1.34836,1.34843,1.34832,392,1779779399.854,GBPUSD_otc
86,2026-05-26 07:10:00,1.34836,1.34856,1.34856,1.34836,409,1779779698.77,GBPUSD_otc
86,2026-05-26 07:15:00,1.34856,1.34856,1.34858,1.34849,391,1779779999.782,GBPUSD_otc
86,2026-05-26 07:20:00,1.34856,1.34846,1.34859,1.34843,409,1779780299.667,GBPUSD_otc
86,2026-05-26 07:25:00,1.34846,1.34839,1.34846,1.34836,395,1779780599.688,GBPUSD_otc
86,2026-05-26 07:30:00,1.34839,1.34831,1.34839,1.34829,403,1779780899.023,GBPUSD_otc
86,2026-05-26 07:35:00,1.34831,1.34833,1.34838,1.34829,412,1779781199.992,GBPUSD_otc
86,2026-05-26 07:40:00,1.34834,1.3483,1.34834,1.34827,388,1779781499.957,GBPUSD_otc
86,2026-05-26 07:45:00,1.3483,1.34839,1.34842,1.34828,392,1779781799.935,GBPUSD_otc
86,2026-05-26 07:50:00,1.34839,1.34828,1.3484,1.34828,413,1779782099.833,GBPUSD_otc
86,2026-05-26 07:55:00,1.34828,1.3483,1.34835,1.34826,404,1779782399.342,GBPUSD_otc
86,2026-05-26 08:00:00,1.3483,1.34838,1.34839,1.34827,384,1779782699.727,GBPUSD_otc
86,2026-05-26 08:05:00,1.34838,1.34845,1.34853,1.34837,413,1779782999.713,GBPUSD_otc
86,2026-05-26 08:10:00,1.34845,1.34839,1.34845,1.34836,403,1779783298.591,GBPUSD_otc
86,2026-05-26 08:15:00,1.34839,1.34834,1.34845,1.34834,395,1779783599.58,GBPUSD_otc
86,2026-05-26 08:20:00,1.34834,1.34838,1.34841,1.34834,380,1779783899.99,GBPUSD_otc
86,2026-05-26 08:25:00,1.34838,1.34842,1.34847,1.34837,404,1779784199.516,GBPUSD_otc
86,2026-05-26 08:30:00,1.34842,1.34842,1.34846,1.34838,397,1779784499.36,GBPUSD_otc
86,2026-05-26 08:35:00,1.34842,1.3484,1.34843,1.34833,390,1779784799.809,GBPUSD_otc
86,2026-05-26 08:40:00,1.3484,1.34851,1.34851,1.3484,393,1779785099.757,GBPUSD_otc
86,2026-05-26 08:45:00,1.34851,1.34849,1.34854,1.34846,401,1779785399.722,GBPUSD_otc
86,2026-05-26 08:50:00,1.34849,1.34854,1.34858,1.34848,394,1779785699.65,GBPUSD_otc
86,2026-05-26 08:55:00,1.34854,1.34847,1.34855,1.34844,391,1779785999.538,GBPUSD_otc
86,2026-05-26 09:00:00,1.34847,1.34858,1.34859,1.34844,410,1779786299.948,GBPUSD_otc
86,2026-05-26 09:05:00,1.34858,1.34865,1.34865,1.34858,396,1779786599.36,GBPUSD_otc
86,2026-05-26 09:10:00,1.34865,1.34876,1.3488,1.34864,390,1779786899.339,GBPUSD_otc
86,2026-05-26 09:15:00,1.34876,1.34876,1.34878,1.34872,396,1779787199.774,GBPUSD_otc
86,2026-05-26 09:20:00,1.34876,1.34879,1.34887,1.34876,402,1779787498.744,GBPUSD_otc
86,2026-05-26 09:25:00,1.34879,1.34885,1.34889,1.34879,378,1779787799.662,GBPUSD_otc
86,2026-05-26 09:30:00,1.34885,1.34887,1.34891,1.34882,390,1779788099.609,GBPUSD_otc
86,2026-05-26 09:35:00,1.34887,1.34889,1.34892,1.34882,410,1779788399.524,GBPUSD_otc
86,2026-05-26 09:40:00,1.34889,1.34897,1.34897,1.34889,384,1779788699.516,GBPUSD_otc
86,2026-05-26 09:45:00,1.34897,1.34905,1.34915,1.34896,393,1779788999.966,GBPUSD_otc
86,2026-05-26 09:50:00,1.34905,1.34906,1.34906,1.34899,399,1779789299.408,GBPUSD_otc
86,2026-05-26 09:55:00,1.34906,1.34912,1.34916,1.34903,413,1779789599.854,GBPUSD_otc
86,2026-05-26 10:00:00,1.34912,1.34925,1.34925,1.34912,401,1779789899.805,GBPUSD_otc
86,2026-05-26 10:05:00,1.34925,1.34921,1.34925,1.3492,391,1779790199.68,GBPUSD_otc
86,2026-05-26 10:10:00,1.34921,1.34915,1.34921,1.34912,405,1779790499.675,GBPUSD_otc
86,2026-05-26 10:15:00,1.34915,1.34911,1.34916,1.34908,423,1779790798.587,GBPUSD_otc
86,2026-05-26 10:20:00,1.34911,1.34906,1.34912,1.34903,404,1779791099.579,GBPUSD_otc
86,2026-05-26 10:25:00,1.34906,1.34912,1.34916,1.34904,393,1779791399.998,GBPUSD_otc
86,2026-05-26 10:30:00,1.34912,1.34904,1.34915,1.34904,394,1779791699.995,GBPUSD_otc
86,2026-05-26 10:35:00,1.34904,1.34912,1.34912,1.349,402,1779791999.882,GBPUSD_otc
86,2026-05-26 10:40:00,1.34912,1.34911,1.34913,1.34905,414,1779792299.873,GBPUSD_otc
86,2026-05-26 10:45:00,1.34911,1.34911,1.34911,1.34899,412,1779792599.828,GBPUSD_otc
86,2026-05-26 10:50:00,1.34911,1.34916,1.34917,1.34903,382,1779792899.743,GBPUSD_otc
86,2026-05-26 10:55:00,1.34916,1.3491,1.34923,1.34906,403,1779793199.699,GBPUSD_otc
86,2026-05-26 11:00:00,1.3491,1.34915,1.34919,1.34909,398,1779793498.599,GBPUSD_otc
86,2026-05-26 11:05:00,1.34915,1.34913,1.34925,1.34912,415,1779793799.946,GBPUSD_otc
86,2026-05-26 11:10:00,1.34913,1.34916,1.34922,1.34913,409,1779794099.927,GBPUSD_otc
86,2026-05-26 11:15:00,1.34916,1.34923,1.34929,1.34916,409,1779794399.835,GBPUSD_otc
86,2026-05-26 11:20:00,1.34922,1.34911,1.34924,1.3491,388,1779794699.831,GBPUSD_otc
86,2026-05-26 11:25:00,1.34911,1.34899,1.34913,1.34899,392,1779794998.692,GBPUSD_otc
86,2026-05-26 11:30:00,1.34899,1.34907,1.34907,1.34897,402,1779795299.127,GBPUSD_otc
86,2026-05-26 11:35:00,1.34907,1.34912,1.34913,1.34905,410,1779795599.591,GBPUSD_otc
86,2026-05-26 11:40:00,1.34911,1.34913,1.34916,1.34909,384,1779795899.551,GBPUSD_otc
86,2026-05-26 11:45:00,1.34914,1.34914,1.34918,1.34912,395,1779796198.525,GBPUSD_otc
86,2026-05-26 11:50:00,1.34914,1.3492,1.3492,1.34912,406,1779796499.57,GBPUSD_otc
86,2026-05-26 11:55:00,1.3492,1.34923,1.34927,1.34919,405,1779796799.917,GBPUSD_otc
86,2026-05-26 12:00:00,1.34923,1.34921,1.34926,1.34916,427,1779797099.382,GBPUSD_otc
86,2026-05-26 12:05:00,1.34921,1.34913,1.34922,1.34908,422,1779797399.783,GBPUSD_otc
86,2026-05-26 12:10:00,1.34913,1.34918,1.34918,1.34911,399,1779797698.703,GBPUSD_otc
86,2026-05-26 12:15:00,1.34918,1.34929,1.34937,1.34917,418,1779797999.617,GBPUSD_otc
86,2026-05-26 12:20:00,1.34929,1.34925,1.34932,1.34924,405,1779798299.546,GBPUSD_otc
86,2026-05-26 12:25:00,1.34925,1.34926,1.34934,1.34923,403,1779798599.042,GBPUSD_otc
86,2026-05-26 12:30:00,1.34926,1.34921,1.34929,1.3492,395,1779798899.937,GBPUSD_otc
86,2026-05-26 12:35:00,1.34921,1.34918,1.34927,1.34917,407,1779799199.928,GBPUSD_otc
86,2026-05-26 12:40:00,1.34918,1.34924,1.34925,1.34916,409,1779799499.867,GBPUSD_otc
86,2026-05-26 12:45:00,1.34924,1.34921,1.34925,1.34918,375,1779799798.842,GBPUSD_otc
86,2026-05-26 12:50:00,1.34921,1.34915,1.34925,1.34915,390,1779800098.786,GBPUSD_otc
86,2026-05-26 12:55:00,1.34915,1.34909,1.34917,1.34908,402,1779800399.775,GBPUSD_otc
86,2026-05-26 13:00:00,1.34909,1.34911,1.34914,1.34906,409,1779800699.694,GBPUSD_otc
86,2026-05-26 13:05:00,1.34911,1.3492,1.3492,1.3491,399,1779800999.664,GBPUSD_otc
86,2026-05-26 13:10:00,1.3492,1.34928,1.34928,1.34918,413,1779801299.053,GBPUSD_otc
86,2026-05-26 13:15:00,1.34927,1.34934,1.34934,1.34924,385,1779801599.551,GBPUSD_otc
86,2026-05-26 13:20:00,1.34934,1.34918,1.34934,1.34916,384,1779801899.474,GBPUSD_otc
86,2026-05-26 13:25:00,1.34919,1.34933,1.34934,1.34918,396,1779802199.931,GBPUSD_otc
86,2026-05-26 13:30:00,1.34933,1.34936,1.34936,1.34926,406,1779802499.773,GBPUSD_otc
86,2026-05-26 13:35:00,1.34936,1.3493,1.34939,1.34927,405,1779802799.222,GBPUSD_otc
86,2026-05-26 13:40:00,1.3493,1.34938,1.34939,1.34926,398,1779803099.698,GBPUSD_otc
86,2026-05-26 13:45:00,1.34938,1.34928,1.34938,1.34928,377,1779803399.713,GBPUSD_otc
86,2026-05-26 13:50:00,1.34928,1.34921,1.34929,1.34919,404,1779803699.622,GBPUSD_otc
86,2026-05-26 13:55:00,1.34921,1.34923,1.34929,1.34919,417,1779803999.609,GBPUSD_otc
86,2026-05-26 14:00:00,1.34923,1.34921,1.34924,1.34916,381,1779804299.524,GBPUSD_otc
86,2026-05-26 14:05:00,1.34921,1.34913,1.34923,1.34912,387,1779804599.985,GBPUSD_otc
86,2026-05-26 14:10:00,1.34913,1.34907,1.34913,1.34902,384,1779804899.9,GBPUSD_otc
86,2026-05-26 14:15:00,1.34908,1.34898,1.34909,1.34894,422,1779805199.915,GBPUSD_otc
86,2026-05-26 14:20:00,1.34898,1.3489,1.34898,1.34888,386,1779805499.846,GBPUSD_otc
86,2026-05-26 14:25:00,1.3489,1.3488,1.3489,1.34875,412,1779805799.821,GBPUSD_otc
86,2026-05-26 14:30:00,1.3488,1.34874,1.34883,1.34873,399,1779806099.702,GBPUSD_otc
86,2026-05-26 14:35:00,1.34873,1.34869,1.34879,1.34869,418,1779806398.688,GBPUSD_otc
86,2026-05-26 14:40:00,1.34868,1.34886,1.34887,1.34867,412,1779806699.088,GBPUSD_otc
86,2026-05-26 14:45:00,1.34886,1.34891,1.34896,1.34885,407,1779806999.582,GBPUSD_otc
86,2026-05-26 14:50:00,1.34891,1.34895,1.349,1.34888,399,1779807299.965,GBPUSD_otc
86,2026-05-26 14:55:00,1.34895,1.34892,1.34895,1.34885,375,1779807598.504,GBPUSD_otc
86,2026-05-26 15:00:00,1.34892,1.34891,1.34895,1.34886,412,1779807899.896,GBPUSD_otc
86,2026-05-26 15:05:00,1.34891,1.34887,1.34893,1.34885,401,1779808198.424,GBPUSD_otc
86,2026-05-26 15:10:00,1.34886,1.34876,1.34886,1.34875,391,1779808499.313,GBPUSD_otc
86,2026-05-26 15:15:00,1.34876,1.34874,1.34885,1.34874,398,1779808799.286,GBPUSD_otc
86,2026-05-26 15:20:00,1.34874,1.34867,1.34879,1.34866,403,1779809099.229,GBPUSD_otc
86,2026-05-26 15:25:00,1.34867,1.34861,1.34867,1.34859,398,1779809399.716,GBPUSD_otc
86,2026-05-26 15:30:00,1.34861,1.34863,1.34869,1.34859,393,1779809699.59,GBPUSD_otc
86,2026-05-26 15:35:00,1.34863,1.34869,1.34871,1.3486,392,1779809999.604,GBPUSD_otc
86,2026-05-26 15:40:00,1.34869,1.34874,1.34876,1.34869,390,1779810298.007,GBPUSD_otc
86,2026-05-26 15:45:00,1.34873,1.34877,1.34877,1.34867,403,1779810599.503,GBPUSD_otc
86,2026-05-26 15:50:00,1.34877,1.34877,1.34879,1.34873,395,1779810897.926,GBPUSD_otc
86,2026-05-26 15:55:00,1.34877,1.34873,1.34879,1.34867,403,1779811199.907,GBPUSD_otc
86,2026-05-26 16:00:00,1.34873,1.34873,1.34877,1.34869,391,1779811499.318,GBPUSD_otc
86,2026-05-26 16:05:00,1.34873,1.34876,1.34877,1.34871,394,1779811799.346,GBPUSD_otc
86,2026-05-26 16:10:00,1.34876,1.34881,1.34884,1.34875,410,1779812099.25,GBPUSD_otc
86,2026-05-26 16:15:00,1.34881,1.3487,1.34881,1.34866,396,1779812399.755,GBPUSD_otc
86,2026-05-26 16:20:00,1.3487,1.34875,1.34877,1.34867,396,1779812699.142,GBPUSD_otc
86,2026-05-26 16:25:00,1.34875,1.34879,1.34881,1.34874,397,1779812998.623,GBPUSD_otc
86,2026-05-26 16:30:00,1.34879,1.34879,1.34882,1.34875,395,1779813299.084,GBPUSD_otc
86,2026-05-26 16:35:00,1.34879,1.34872,1.34881,1.34872,402,1779813599.566,GBPUSD_otc
86,2026-05-26 16:40:00,1.34872,1.34869,1.34872,1.34864,415,1779813899.049,GBPUSD_otc
86,2026-05-26 16:45:00,1.3487,1.34873,1.34873,1.34866,398,1779814199.975,GBPUSD_otc
86,2026-05-26 16:50:00,1.34873,1.34868,1.34877,1.34867,403,1779814499.923,GBPUSD_otc
86,2026-05-26 16:55:00,1.34868,1.3487,1.3487,1.34859,425,1779814799.842,GBPUSD_otc
86,2026-05-26 17:00:00,1.3487,1.34851,1.34871,1.34848,413,1779815099.792,GBPUSD_otc
86,2026-05-26 17:05:00,1.34851,1.34846,1.34858,1.34845,393,1779815399.795,GBPUSD_otc
86,2026-05-26 17:10:00,1.34846,1.34841,1.3485,1.34838,398,1779815699.786,GBPUSD_otc
86,2026-05-26 17:15:00,1.34841,1.34852,1.34852,1.34837,388,1779815999.665,GBPUSD_otc
86,2026-05-26 17:20:00,1.34852,1.34854,1.34859,1.34851,416,1779816299.601,GBPUSD_otc
86,2026-05-26 17:25:00,1.34854,1.34845,1.34855,1.34843,395,1779816599.573,GBPUSD_otc
86,2026-05-26 17:30:00,1.34845,1.34835,1.34845,1.3483,386,1779816899.519,GBPUSD_otc
86,2026-05-26 17:35:00,1.34835,1.34826,1.34835,1.34821,416,1779817198.993,GBPUSD_otc
86,2026-05-26 17:40:00,1.34826,1.34836,1.34836,1.34825,384,1779817499.509,GBPUSD_otc
86,2026-05-26 17:45:00,1.34836,1.3482,1.34836,1.3482,392,1779817799.421,GBPUSD_otc
86,2026-05-26 17:50:00,1.3482,1.34807,1.3482,1.34806,375,1779818099.899,GBPUSD_otc
86,2026-05-26 17:55:00,1.34807,1.34809,1.34813,1.34806,373,1779818399.764,GBPUSD_otc
86,2026-05-26 18:00:00,1.34809,1.34815,1.34818,1.34805,397,1779818699.708,GBPUSD_otc
86,2026-05-26 18:05:00,1.34815,1.34809,1.34815,1.34804,389,1779818999.662,GBPUSD_otc
86,2026-05-26 18:10:00,1.34809,1.3481,1.34816,1.34805,394,1779819299.572,GBPUSD_otc
86,2026-05-26 18:15:00,1.3481,1.34805,1.34813,1.34805,418,1779819599.531,GBPUSD_otc
86,2026-05-26 18:20:00,1.34805,1.34816,1.34816,1.34805,404,1779819899.411,GBPUSD_otc
86,2026-05-26 18:25:00,1.34816,1.34815,1.34817,1.34808,380,1779820199.403,GBPUSD_otc
86,2026-05-26 18:30:00,1.34815,1.34805,1.34819,1.34805,421,1779820499.225,GBPUSD_otc
86,2026-05-26 18:35:00,1.34805,1.34805,1.34809,1.348,397,1779820799.258,GBPUSD_otc
86,2026-05-26 18:40:00,1.34805,1.34799,1.34807,1.34799,393,1779821099.664,GBPUSD_otc
86,2026-05-26 18:45:00,1.34799,1.34796,1.34807,1.34796,399,1779821399.665,GBPUSD_otc
86,2026-05-26 18:50:00,1.34796,1.34794,1.34799,1.3479,396,1779821699.522,GBPUSD_otc
86,2026-05-26 18:55:00,1.34794,1.3479,1.34795,1.34786,409,1779821998.487,GBPUSD_otc
86,2026-05-26 19:00:00,1.3479,1.34791,1.34794,1.34785,412,1779822299.891,GBPUSD_otc
86,2026-05-26 19:05:00,1.34791,1.34782,1.34792,1.34779,382,1779822599.818,GBPUSD_otc
86,2026-05-26 19:10:00,1.34782,1.34783,1.34784,1.34774,404,1779822898.265,GBPUSD_otc
86,2026-05-26 19:15:00,1.34783,1.34783,1.34786,1.34778,394,1779823199.721,GBPUSD_otc
86,2026-05-26 19:20:00,1.34783,1.34768,1.34785,1.34766,414,1779823499.647,GBPUSD_otc
86,2026-05-26 19:25:00,1.34769,1.34765,1.34769,1.34763,395,1779823799.519,GBPUSD_otc
86,2026-05-26 19:30:00,1.34766,1.34774,1.34774,1.34765,414,1779824099.548,GBPUSD_otc
86,2026-05-26 19:35:00,1.34774,1.3477,1.34775,1.34768,392,1779824399.921,GBPUSD_otc
86,2026-05-26 19:40:00,1.3477,1.34763,1.3477,1.34762,392,1779824699.395,GBPUSD_otc
86,2026-05-26 19:45:00,1.34763,1.3477,1.34773,1.34763,405,1779824999.789,GBPUSD_otc
86,2026-05-26 19:50:00,1.3477,1.34778,1.3478,1.34768,402,1779825299.739,GBPUSD_otc
86,2026-05-26 19:55:00,1.34778,1.34786,1.34789,1.34778,391,1779825599.658,GBPUSD_otc
86,2026-05-26 20:00:00,1.34786,1.34785,1.34786,1.34779,403,1779825899.643,GBPUSD_otc
86,2026-05-26 20:05:00,1.34785,1.34783,1.34789,1.34782,400,1779826199.014,GBPUSD_otc
86,2026-05-26 20:10:00,1.34783,1.34801,1.34806,1.34783,413,1779826498.998,GBPUSD_otc
86,2026-05-26 20:15:00,1.34801,1.34805,1.34812,1.34798,400,1779826799.462,GBPUSD_otc
86,2026-05-26 20:20:00,1.34805,1.34814,1.34816,1.348,411,1779827099.903,GBPUSD_otc
86,2026-05-26 20:25:00,1.34814,1.34811,1.34817,1.34808,400,1779827399.766,GBPUSD_otc
86,2026-05-26 20:30:00,1.34811,1.34826,1.34827,1.34809,397,1779827699.204,GBPUSD_otc
86,2026-05-26 20:35:00,1.34826,1.34827,1.34829,1.3482,407,1779827999.622,GBPUSD_otc
86,2026-05-26 20:40:00,1.34827,1.3482,1.34832,1.34819,398,1779828299.07,GBPUSD_otc
86,2026-05-26 20:45:00,1.3482,1.34824,1.34828,1.34819,397,1779828599.516,GBPUSD_otc
86,2026-05-26 20:50:00,1.34824,1.34831,1.34831,1.34823,398,1779828899.922,GBPUSD_otc
86,2026-05-26 20:55:00,1.34831,1.34815,1.34835,1.34815,399,1779829199.881,GBPUSD_otc
86,2026-05-26 21:00:00,1.34815,1.34808,1.34816,1.34808,403,1779829499.723,GBPUSD_otc
86,2026-05-26 21:05:00,1.34808,1.34811,1.34817,1.34808,403,1779829799.704,GBPUSD_otc
86,2026-05-26 21:10:00,1.34811,1.34805,1.34812,1.34801,397,1779830099.591,GBPUSD_otc
86,2026-05-26 21:15:00,1.34805,1.34795,1.34808,1.34792,383,1779830399.552,GBPUSD_otc
86,2026-05-26 21:20:00,1.34795,1.34798,1.34805,1.34794,372,1779830699.434,GBPUSD_otc
86,2026-05-26 21:25:00,1.34798,1.34794,1.34798,1.34785,390,1779830999.83,GBPUSD_otc
86,2026-05-26 21:30:00,1.34794,1.34799,1.34802,1.34794,385,1779831299.784,GBPUSD_otc
86,2026-05-26 21:35:00,1.34799,1.34802,1.34804,1.34798,412,1779831598.674,GBPUSD_otc
86,2026-05-26 21:40:00,1.34802,1.34807,1.34813,1.34801,396,1779831898.632,GBPUSD_otc
86,2026-05-26 21:45:00,1.34807,1.34797,1.34807,1.34795,400,1779832199.536,GBPUSD_otc
86,2026-05-26 21:50:00,1.34797,1.34802,1.34805,1.34796,396,1779832499.521,GBPUSD_otc
86,2026-05-26 21:55:00,1.34802,1.348,1.34808,1.348,414,1779832799.847,GBPUSD_otc
86,2026-05-26 22:00:00,1.348,1.348,1.34803,1.34796,409,1779833099.825,GBPUSD_otc
86,2026-05-26 22:05:00,1.348,1.34814,1.34815,1.34798,400,1779833399.785,GBPUSD_otc
86,2026-05-26 22:10:00,1.34814,1.34809,1.3482,1.34809,416,1779833699.734,GBPUSD_otc
86,2026-05-26 22:15:00,1.34809,1.3482,1.34822,1.34809,393,1779833999.125,GBPUSD_otc
86,2026-05-26 22:20:00,1.3482,1.34823,1.34826,1.34818,406,1779834299.549,GBPUSD_otc
86,2026-05-26 22:25:00,1.34823,1.34823,1.34827,1.34817,400,1779834599.521,GBPUSD_otc
86,2026-05-26 22:30:00,1.34823,1.34833,1.34837,1.34822,405,1779834899.467,GBPUSD_otc
86,2026-05-26 22:35:00,1.34833,1.34834,1.34846,1.34831,421,1779835199.911,GBPUSD_otc
86,2026-05-26 22:40:00,1.34834,1.34833,1.34836,1.3483,390,1779835499.841,GBPUSD_otc
86,2026-05-26 22:45:00,1.34833,1.34822,1.34833,1.34819,415,1779835799.744,GBPUSD_otc
86,2026-05-26 22:50:00,1.34822,1.34815,1.34823,1.34812,376,1779836098.21,GBPUSD_otc
86,2026-05-26 22:55:00,1.34815,1.34807,1.34817,1.34806,397,1779836399.679,GBPUSD_otc
86,2026-05-26 23:00:00,1.34807,1.34807,1.34809,1.34802,383,1779836699.595,GBPUSD_otc
86,2026-05-26 23:05:00,1.34806,1.34809,1.34812,1.34803,407,1779836999.086,GBPUSD_otc
86,2026-05-26 23:10:00,1.34809,1.34807,1.3481,1.348,408,1779837299.549,GBPUSD_otc
86,2026-05-26 23:15:00,1.34807,1.34805,1.34814,1.34803,410,1779837599.966,GBPUSD_otc
86,2026-05-26 23:20:00,1.34805,1.34804,1.34807,1.34799,381,1779837899.881,GBPUSD_otc
86,2026-05-26 23:25:00,1.34804,1.34806,1.34807,1.348,397,1779838199.322,GBPUSD_otc
86,2026-05-26 23:30:00,1.34806,1.34814,1.34814,1.34804,390,1779838499.713,GBPUSD_otc
86,2026-05-26 23:35:00,1.34814,1.34808,1.34814,1.34802,379,1779838799.677,GBPUSD_otc
86,2026-05-26 23:40:00,1.34808,1.34812,1.34816,1.34807,396,1779839099.106,GBPUSD_otc
86,2026-05-26 23:45:00,1.34812,1.34825,1.34827,1.34811,402,1779839398.016,GBPUSD_otc
86,2026-05-26 23:50:00,1.34826,1.34827,1.34833,1.34825,397,1779839699.885,GBPUSD_otc
86,2026-05-26 23:55:00,1.34827,1.34825,1.34828,1.34822,390,1779839999.864,GBPUSD_otc
86,2026-05-27 00:00:00,1.34825,1.34826,1.34831,1.34824,408,1779840299.668,GBPUSD_otc
86,2026-05-27 00:05:00,1.34826,1.34828,1.34831,1.34823,397,1779840598.53,GBPUSD_otc
86,2026-05-27 00:10:00,1.34828,1.34826,1.34831,1.34822,403,1779840899.995,GBPUSD_otc
86,2026-05-27 00:15:00,1.34826,1.3483,1.34831,1.34824,390,1779841199.927,GBPUSD_otc
86,2026-05-27 00:20:00,1.3483,1.34836,1.34838,1.3483,427,1779841499.86,GBPUSD_otc
86,2026-05-27 00:25:00,1.34836,1.34843,1.34844,1.34833,410,1779841799.256,GBPUSD_otc
86,2026-05-27 00:30:00,1.34843,1.34842,1.34846,1.34839,402,1779842099.708,GBPUSD_otc
86,2026-05-27 00:35:00,1.34842,1.34831,1.34842,1.34831,405,1779842399.58,GBPUSD_otc
86,2026-05-27 00:40:00,1.34831,1.34818,1.34831,1.34817,415,1779842699.555,GBPUSD_otc
86,2026-05-27 00:45:00,1.34818,1.34815,1.34821,1.34812,398,1779842999.938,GBPUSD_otc
86,2026-05-27 00:50:00,1.34815,1.34817,1.34823,1.34814,400,1779843299.939,GBPUSD_otc
86,2026-05-27 00:55:00,1.34818,1.34812,1.3482,1.34807,402,1779843599.831,GBPUSD_otc
86,2026-05-27 01:00:00,1.34812,1.34815,1.34817,1.34808,400,1779843899.367,GBPUSD_otc
86,2026-05-27 01:05:00,1.34815,1.34807,1.34818,1.34807,401,1779844199.738,GBPUSD_otc
86,2026-05-27 01:10:00,1.34807,1.34801,1.3481,1.348,429,1779844499.728,GBPUSD_otc
86,2026-05-27 01:15:00,1.348,1.34805,1.34808,1.34798,391,1779844799.593,GBPUSD_otc
86,2026-05-27 01:20:00,1.34805,1.34803,1.34806,1.348,412,1779845099.583,GBPUSD_otc
86,2026-05-27 01:25:00,1.34803,1.34803,1.34804,1.34796,422,1779845399.9,GBPUSD_otc
86,2026-05-27 01:30:00,1.34803,1.34799,1.34806,1.34796,382,1779845699.755,GBPUSD_otc
86,2026-05-27 01:35:00,1.34799,1.34796,1.34799,1.34788,371,1779845999.202,GBPUSD_otc
86,2026-05-27 01:40:00,1.34796,1.34801,1.34801,1.3479,410,1779846299.143,GBPUSD_otc
86,2026-05-27 01:45:00,1.34801,1.34802,1.34808,1.348,393,1779846599.6,GBPUSD_otc
86,2026-05-27 01:50:00,1.34802,1.34791,1.34804,1.34789,406,1779846898.998,GBPUSD_otc
86,2026-05-27 01:55:00,1.34791,1.3479,1.34795,1.3479,403,1779847199.414,GBPUSD_otc
86,2026-05-27 02:00:00,1.3479,1.34786,1.34791,1.34781,407,1779847499.836,GBPUSD_otc
86,2026-05-27 02:05:00,1.34786,1.34786,1.34789,1.3478,418,1779847799.761,GBPUSD_otc
86,2026-05-27 02:10:00,1.34786,1.34792,1.34799,1.34786,388,1779848099.199,GBPUSD_otc
86,2026-05-27 02:15:00,1.34792,1.34797,1.34797,1.34786,414,1779848399.603,GBPUSD_otc
86,2026-05-27 02:20:00,1.34797,1.348,1.348,1.34793,394,1779848699.566,GBPUSD_otc
86,2026-05-27 02:25:00,1.348,1.34806,1.34808,1.34797,398,1779848999.955,GBPUSD_otc
86,2026-05-27 02:30:00,1.34806,1.348,1.34812,1.348,389,1779849299.929,GBPUSD_otc
86,2026-05-27 02:35:00,1.348,1.34798,1.348,1.3479,414,1779849599.807,GBPUSD_otc
86,2026-05-27 02:40:00,1.34798,1.34804,1.34809,1.34798,393,1779849899.802,GBPUSD_otc
86,2026-05-27 02:45:00,1.34804,1.34806,1.34809,1.34799,413,1779850199.767,GBPUSD_otc
86,2026-05-27 02:50:00,1.34806,1.34813,1.34816,1.34804,399,1779850499.696,GBPUSD_otc
86,2026-05-27 02:55:00,1.34813,1.3482,1.3482,1.34808,415,1779850798.03,GBPUSD_otc
86,2026-05-27 03:00:00,1.3482,1.34813,1.3482,1.34811,422,1779851099.94,GBPUSD_otc
86,2026-05-27 03:05:00,1.34813,1.34818,1.34823,1.34812,407,1779851399.887,GBPUSD_otc
86,2026-05-27 03:10:00,1.34818,1.34828,1.34828,1.34816,415,1779851699.83,GBPUSD_otc
86,2026-05-27 03:15:00,1.34828,1.34812,1.3483,1.34809,413,1779851999.816,GBPUSD_otc
86,2026-05-27 03:20:00,1.34812,1.34822,1.34823,1.34812,406,1779852299.692,GBPUSD_otc
86,2026-05-27 03:25:00,1.34822,1.34811,1.34823,1.3481,415,1779852599.677,GBPUSD_otc
86,2026-05-27 03:30:00,1.34811,1.34787,1.34811,1.34787,400,1779852899.591,GBPUSD_otc
86,2026-05-27 03:35:00,1.34787,1.34798,1.34798,1.34785,384,1779853198.079,GBPUSD_otc
86,2026-05-27 03:40:00,1.34798,1.348,1.34806,1.3479,386,1779853499.566,GBPUSD_otc
86,2026-05-27 03:45:00,1.348,1.34804,1.34806,1.348,398,1779853799.494,GBPUSD_otc
86,2026-05-27 03:50:00,1.34804,1.34806,1.34815,1.34804,404,1779854099.933,GBPUSD_otc
86,2026-05-27 03:55:00,1.34806,1.34805,1.34809,1.34799,396,1779854398.878,GBPUSD_otc
86,2026-05-27 04:00:00,1.34805,1.34796,1.34805,1.34796,394,1779854699.781,GBPUSD_otc
86,2026-05-27 04:05:00,1.34796,1.34792,1.34801,1.34791,420,1779854999.75,GBPUSD_otc
86,2026-05-27 04:10:00,1.34792,1.34793,1.34793,1.34785,395,1779855299.138,GBPUSD_otc
86,2026-05-27 04:15:00,1.34793,1.34805,1.34806,1.3479,386,1779855599.604,GBPUSD_otc
86,2026-05-27 04:20:00,1.34805,1.3479,1.34807,1.34789,398,1779855898.997,GBPUSD_otc
86,2026-05-27 04:25:00,1.3479,1.34798,1.348,1.34786,378,1779856199.504,GBPUSD_otc
86,2026-05-27 04:30:00,1.34798,1.34803,1.34804,1.34796,400,1779856499.901,GBPUSD_otc
86,2026-05-27 04:35:00,1.34803,1.34801,1.34804,1.34789,423,1779856799.9,GBPUSD_otc
86,2026-05-27 04:40:00,1.34801,1.34807,1.34809,1.348,404,1779857099.747,GBPUSD_otc
86,2026-05-27 04:45:00,1.34807,1.34816,1.34816,1.34805,420,1779857399.249,GBPUSD_otc
86,2026-05-27 04:50:00,1.34816,1.34821,1.34824,1.34815,380,1779857699.109,GBPUSD_otc
86,2026-05-27 04:55:00,1.34821,1.34819,1.34827,1.34816,406,1779857999.549,GBPUSD_otc
86,2026-05-27 05:00:00,1.34819,1.34816,1.34819,1.34814,415,1779858299.435,GBPUSD_otc
86,2026-05-27 05:05:00,1.34816,1.34811,1.34819,1.34805,410,1779858599.816,GBPUSD_otc
86,2026-05-27 05:10:00,1.34811,1.34815,1.34819,1.34809,400,1779858899.31,GBPUSD_otc
86,2026-05-27 05:15:00,1.34815,1.34812,1.34817,1.34809,402,1779859199.25,GBPUSD_otc
86,2026-05-27 05:20:00,1.34812,1.34811,1.34815,1.34807,382,1779859498.231,GBPUSD_otc
86,2026-05-27 05:25:00,1.3481,1.34815,1.34821,1.3481,386,1779859798.696,GBPUSD_otc
86,2026-05-27 05:30:00,1.34815,1.34819,1.34821,1.34813,400,1779860099.632,GBPUSD_otc
86,2026-05-27 05:35:00,1.34819,1.34812,1.34821,1.34812,406,1779860399.604,GBPUSD_otc
86,2026-05-27 05:40:00,1.34811,1.3481,1.34814,1.34808,381,1779860699.548,GBPUSD_otc
86,2026-05-27 05:45:00,1.3481,1.34807,1.34813,1.34807,390,1779860999.54,GBPUSD_otc
86,2026-05-27 05:50:00,1.34807,1.34806,1.3481,1.34804,395,1779861298.426,GBPUSD_otc
86,2026-05-27 05:55:00,1.34806,1.34799,1.34812,1.34799,427,1779861599.816,GBPUSD_otc
86,2026-05-27 06:00:00,1.34799,1.34789,1.34799,1.34784,397,1779861899.803,GBPUSD_otc
86,2026-05-27 06:05:00,1.34789,1.348,1.348,1.34789,378,1779862199.202,GBPUSD_otc
86,2026-05-27 06:10:00,1.348,1.34798,1.34801,1.34797,405,1779862498.683,GBPUSD_otc
86,2026-05-27 06:15:00,1.34798,1.34811,1.34811,1.34798,392,1779862799.573,GBPUSD_otc
86,2026-05-27 06:20:00,1.34811,1.34803,1.34812,1.34802,402,1779863099.555,GBPUSD_otc
86,2026-05-27 06:25:00,1.34803,1.34791,1.34803,1.3479,373,1779863399.959,GBPUSD_otc
86,2026-05-27 06:30:00,1.34791,1.34784,1.34796,1.34784,399,1779863699.444,GBPUSD_otc
86,2026-05-27 06:35:00,1.34784,1.34786,1.3479,1.34779,419,1779863999.827,GBPUSD_otc
86,2026-05-27 06:40:00,1.34786,1.34783,1.3479,1.34775,402,1779864298.847,GBPUSD_otc
86,2026-05-27 06:45:00,1.34783,1.34785,1.34786,1.34777,400,1779864599.697,GBPUSD_otc
86,2026-05-27 06:50:00,1.34786,1.3478,1.34788,1.34778,387,1779864899.226,GBPUSD_otc
86,2026-05-27 06:55:00,1.3478,1.34785,1.34785,1.34773,418,1779865199.594,GBPUSD_otc
86,2026-05-27 07:00:00,1.34785,1.34791,1.34796,1.34785,402,1779865499.53,GBPUSD_otc
86,2026-05-27 07:05:00,1.34791,1.34786,1.34794,1.34783,402,1779865799.94,GBPUSD_otc
86,2026-05-27 07:10:00,1.34786,1.348,1.348,1.34785,399,1779866099.377,GBPUSD_otc
86,2026-05-27 07:15:00,1.348,1.34798,1.34801,1.34789,410,1779866399.862,GBPUSD_otc
86,2026-05-27 07:20:00,1.34798,1.34793,1.34798,1.34788,407,1779866698.806,GBPUSD_otc
86,2026-05-27 07:25:00,1.34793,1.34792,1.34798,1.34788,398,1779866999.719,GBPUSD_otc
86,2026-05-27 07:30:00,1.34791,1.3478,1.34791,1.3478,408,1779867299.678,GBPUSD_otc
86,2026-05-27 07:35:00,1.3478,1.3478,1.34785,1.34778,402,1779867598.656,GBPUSD_otc
86,2026-05-27 07:40:00,1.3478,1.34779,1.34786,1.34776,406,1779867899.192,GBPUSD_otc
86,2026-05-27 07:45:00,1.34779,1.34784,1.34786,1.34776,414,1779868199.596,GBPUSD_otc
86,2026-05-27 07:50:00,1.34784,1.34792,1.34792,1.34782,411,1779868499.089,GBPUSD_otc
86,2026-05-27 07:55:00,1.34792,1.34794,1.34794,1.34788,408,1779868799.469,GBPUSD_otc
86,2026-05-27 08:00:00,1.34794,1.34801,1.34801,1.34793,403,1779869099.967,GBPUSD_otc
86,2026-05-27 08:05:00,1.34801,1.34796,1.34801,1.34794,399,1779869399.355,GBPUSD_otc
86,2026-05-27 08:10:00,1.34796,1.34813,1.34813,1.34796,384,1779869698.845,GBPUSD_otc
86,2026-05-27 08:15:00,1.34813,1.34808,1.34819,1.34808,399,1779869999.776,GBPUSD_otc
86,2026-05-27 08:20:00,1.34808,1.34803,1.34808,1.348,400,1779870299.772,GBPUSD_otc
86,2026-05-27 08:25:00,1.34803,1.34791,1.34806,1.34789,395,1779870599.6,GBPUSD_otc
86,2026-05-27 08:30:00,1.34791,1.34787,1.34793,1.34785,407,1779870899.045,GBPUSD_otc
86,2026-05-27 08:35:00,1.34787,1.34793,1.34794,1.34786,388,1779871199.963,GBPUSD_otc
86,2026-05-27 08:40:00,1.34793,1.3479,1.34793,1.34782,398,1779871499.917,GBPUSD_otc
86,2026-05-27 08:45:00,1.3479,1.34793,1.34794,1.34783,405,1779871799.357,GBPUSD_otc
86,2026-05-27 08:50:00,1.34793,1.34784,1.34796,1.34781,401,1779872099.77,GBPUSD_otc
86,2026-05-27 08:55:00,1.34784,1.34778,1.34784,1.34776,410,1779872399.766,GBPUSD_otc
86,2026-05-27 09:00:00,1.34778,1.3479,1.3479,1.34778,388,1779872699.665,GBPUSD_otc
86,2026-05-27 09:05:00,1.3479,1.34799,1.348,1.34787,401,1779872999.693,GBPUSD_otc
86,2026-05-27 09:10:00,1.34799,1.34786,1.348,1.34782,402,1779873298.604,GBPUSD_otc
86,2026-05-27 09:15:00,1.34786,1.3478,1.34789,1.3478,408,1779873599.521,GBPUSD_otc
86,2026-05-27 09:20:00,1.3478,1.34792,1.34792,1.34779,408,1779873899.872,GBPUSD_otc
86,2026-05-27 09:25:00,1.34792,1.3479,1.34792,1.34784,406,1779874199.841,GBPUSD_otc
86,2026-05-27 09:30:00,1.3479,1.34798,1.34798,1.34786,392,1779874499.256,GBPUSD_otc
86,2026-05-27 09:35:00,1.34798,1.34783,1.34798,1.34783,414,1779874799.77,GBPUSD_otc
86,2026-05-27 09:40:00,1.34783,1.34785,1.34787,1.34781,404,1779875099.683,GBPUSD_otc
86,2026-05-27 09:45:00,1.34785,1.34782,1.3479,1.34781,401,1779875399.734,GBPUSD_otc
86,2026-05-27 09:50:00,1.34782,1.34774,1.34782,1.3477,380,1779875697.577,GBPUSD_otc
86,2026-05-27 09:55:00,1.34774,1.34775,1.34777,1.34768,418,1779875998.074,GBPUSD_otc
86,2026-05-27 10:00:00,1.34775,1.34782,1.34788,1.34775,385,1779876297.483,GBPUSD_otc
86,2026-05-27 10:05:00,1.34783,1.34778,1.34788,1.34778,393,1779876599.51,GBPUSD_otc
86,2026-05-27 10:10:00,1.34778,1.34775,1.34784,1.34775,400,1779876899.912,GBPUSD_otc
86,2026-05-27 10:15:00,1.34775,1.34768,1.34776,1.34768,385,1779877199.906,GBPUSD_otc
86,2026-05-27 10:20:00,1.34768,1.34772,1.34773,1.34765,380,1779877499.798,GBPUSD_otc
86,2026-05-27 10:25:00,1.34772,1.34763,1.34772,1.34761,401,1779877798.802,GBPUSD_otc
86,2026-05-27 10:30:00,1.34763,1.34766,1.3477,1.3476,397,1779878099.694,GBPUSD_otc
86,2026-05-27 10:35:00,1.34766,1.34758,1.34766,1.34758,396,1779878399.709,GBPUSD_otc
86,2026-05-27 10:40:00,1.34758,1.34753,1.34762,1.34751,417,1779878699.609,GBPUSD_otc
86,2026-05-27 10:45:00,1.34753,1.34747,1.34753,1.34741,395,1779878999.59,GBPUSD_otc
86,2026-05-27 10:50:00,1.34747,1.34746,1.34749,1.3474,384,1779879299.954,GBPUSD_otc
86,2026-05-27 10:55:00,1.34746,1.34758,1.34758,1.34746,376,1779879599.856,GBPUSD_otc
86,2026-05-27 11:00:00,1.34758,1.34774,1.34774,1.34758,397,1779879899.84,GBPUSD_otc
86,2026-05-27 11:05:00,1.34774,1.34782,1.34787,1.34774,412,1779880199.827,GBPUSD_otc
86,2026-05-27 11:10:00,1.34782,1.3478,1.34789,1.3478,393,1779880498.708,GBPUSD_otc
86,2026-05-27 11:15:00,1.3478,1.34773,1.34783,1.34771,394,1779880799.668,GBPUSD_otc
86,2026-05-27 11:20:00,1.34773,1.34773,1.34774,1.34762,401,1779881099.103,GBPUSD_otc
86,2026-05-27 11:25:00,1.34773,1.34776,1.34783,1.34768,398,1779881399.586,GBPUSD_otc
86,2026-05-27 11:30:00,1.34776,1.34784,1.34786,1.34775,400,1779881699.971,GBPUSD_otc
86,2026-05-27 11:35:00,1.34784,1.34783,1.3479,1.34777,395,1779881999.95,GBPUSD_otc
86,2026-05-27 11:40:00,1.34783,1.34779,1.3479,1.34776,396,1779882299.88,GBPUSD_otc
86,2026-05-27 11:45:00,1.34779,1.34777,1.34781,1.34772,392,1779882598.826,GBPUSD_otc
86,2026-05-27 11:50:00,1.34777,1.34778,1.34783,1.34774,395,1779882899.748,GBPUSD_otc
86,2026-05-27 11:55:00,1.34778,1.34771,1.34785,1.34771,396,1779883199.146,GBPUSD_otc
86,2026-05-27 12:00:00,1.34771,1.34774,1.34781,1.3477,395,1779883499.642,GBPUSD_otc
86,2026-05-27 12:05:00,1.34772,1.34764,1.34773,1.34762,389,1779883799.525,GBPUSD_otc
86,2026-05-27 12:10:00,1.34764,1.34758,1.34765,1.34756,398,1779884099.978,GBPUSD_otc
86,2026-05-27 12:15:00,1.34758,1.3475,1.34759,1.34748,401,1779884399.843,GBPUSD_otc
86,2026-05-27 12:20:00,1.3475,1.34738,1.3475,1.34737,406,1779884699.842,GBPUSD_otc
86,2026-05-27 12:25:00,1.34738,1.34747,1.34748,1.34737,417,1779884999.194,GBPUSD_otc
86,2026-05-27 12:30:00,1.34747,1.34747,1.34754,1.34743,391,1779885299.158,GBPUSD_otc
86,2026-05-27 12:35:00,1.34747,1.34756,1.3476,1.34743,414,1779885599.594,GBPUSD_otc
86,2026-05-27 12:40:00,1.34756,1.3476,1.34761,1.34753,413,1779885899.097,GBPUSD_otc
86,2026-05-27 12:45:00,1.3476,1.34753,1.3476,1.34752,415,1779886199.499,GBPUSD_otc
86,2026-05-27 12:50:00,1.34753,1.34759,1.34763,1.34753,392,1779886499.924,GBPUSD_otc
86,2026-05-27 12:55:00,1.34759,1.34756,1.34764,1.34756,409,1779886799.889,GBPUSD_otc
86,2026-05-27 13:00:00,1.34756,1.34768,1.34769,1.34754,409,1779887099.835,GBPUSD_otc
86,2026-05-27 13:05:00,1.34768,1.34771,1.34776,1.34765,396,1779887398.795,GBPUSD_otc
86,2026-05-27 13:10:00,1.34771,1.34768,1.34772,1.34763,414,1779887699.751,GBPUSD_otc
86,2026-05-27 13:15:00,1.34768,1.34779,1.3478,1.34765,403,1779887999.674,GBPUSD_otc
86,2026-05-27 13:20:00,1.34779,1.34778,1.34784,1.34773,387,1779888299.635,GBPUSD_otc
86,2026-05-27 13:25:00,1.34778,1.3477,1.3478,1.34768,389,1779888599.543,GBPUSD_otc
86,2026-05-27 13:30:00,1.3477,1.3478,1.34786,1.3477,406,1779888899.939,GBPUSD_otc
86,2026-05-27 13:35:00,1.3478,1.34777,1.34781,1.34772,407,1779889199.904,GBPUSD_otc
86,2026-05-27 13:40:00,1.34777,1.34769,1.34779,1.34765,402,1779889499.77,GBPUSD_otc
86,2026-05-27 13:45:00,1.34769,1.34769,1.34771,1.34766,395,1779889799.769,GBPUSD_otc
86,2026-05-27 13:50:00,1.34769,1.34776,1.3478,1.34769,405,1779890098.597,GBPUSD_otc
86,2026-05-27 13:55:00,1.34776,1.34773,1.34776,1.34766,405,1779890399.5,GBPUSD_otc
86,2026-05-27 14:00:00,1.34773,1.34784,1.34784,1.34769,410,1779890699.475,GBPUSD_otc
86,2026-05-27 14:05:00,1.34784,1.34785,1.34791,1.34782,394,1779890999.897,GBPUSD_otc
86,2026-05-27 14:10:00,1.34785,1.34793,1.34794,1.34784,411,1779891299.845,GBPUSD_otc
86,2026-05-27 14:15:00,1.34793,1.348,1.34801,1.34793,386,1779891599.217,GBPUSD_otc
86,2026-05-27 14:20:00,1.348,1.34798,1.34801,1.34794,390,1779891899.713,GBPUSD_otc
86,2026-05-27 14:25:00,1.34798,1.34791,1.34799,1.34787,420,1779892199.566,GBPUSD_otc
86,2026-05-27 14:30:00,1.34791,1.34779,1.34793,1.34779,418,1779892499.554,GBPUSD_otc
86,2026-05-27 14:35:00,1.34779,1.34782,1.34783,1.34774,398,1779892799.996,GBPUSD_otc
86,2026-05-27 14:40:00,1.34782,1.34777,1.34788,1.34773,380,1779893097.476,GBPUSD_otc
86,2026-05-27 14:45:00,1.34777,1.34776,1.34783,1.34775,397,1779893399.888,GBPUSD_otc
86,2026-05-27 14:50:00,1.34776,1.34765,1.34778,1.34765,392,1779893699.86,GBPUSD_otc
86,2026-05-27 14:55:00,1.34765,1.34768,1.3477,1.34762,400,1779893999.799,GBPUSD_otc
86,2026-05-27 15:00:00,1.34768,1.34763,1.3477,1.34762,397,1779894299.784,GBPUSD_otc
86,2026-05-27 15:05:00,1.34763,1.34752,1.34765,1.34749,409,1779894599.707,GBPUSD_otc
86,2026-05-27 15:10:00,1.34752,1.3476,1.34762,1.3475,382,1779894899.609,GBPUSD_otc
86,2026-05-27 15:15:00,1.3476,1.3477,1.34771,1.34758,416,1779895199.554,GBPUSD_otc
86,2026-05-27 15:20:00,1.3477,1.3477,1.34773,1.34765,393,1779895499.037,GBPUSD_otc
86,2026-05-27 15:25:00,1.3477,1.34777,1.34777,1.34767,395,1779895799.958,GBPUSD_otc
86,2026-05-27 15:30:00,1.34777,1.34761,1.34778,1.34758,406,1779896099.449,GBPUSD_otc
86,2026-05-27 15:35:00,1.34761,1.34765,1.34766,1.34756,413,1779896399.392,GBPUSD_otc
86,2026-05-27 15:40:00,1.34765,1.34757,1.34765,1.34754,396,1779896699.32,GBPUSD_otc
86,2026-05-27 15:45:00,1.34757,1.34768,1.3477,1.34757,386,1779896999.736,GBPUSD_otc
86,2026-05-27 15:50:00,1.34768,1.34772,1.34775,1.34767,403,1779897297.683,GBPUSD_otc
86,2026-05-27 15:55:00,1.34771,1.34784,1.34784,1.34771,383,1779897599.629,GBPUSD_otc
86,2026-05-27 16:00:00,1.34784,1.34775,1.34784,1.34768,412,1779897898.107,GBPUSD_otc
86,2026-05-27 16:05:00,1.34775,1.34765,1.34775,1.34765,392,1779898199.097,GBPUSD_otc
86,2026-05-27 16:10:00,1.34765,1.34764,1.34766,1.34759,380,1779898499.004,GBPUSD_otc
86,2026-05-27 16:15:00,1.34764,1.34754,1.34765,1.34753,402,1779898799.951,GBPUSD_otc
86,2026-05-27 16:20:00,1.34754,1.34761,1.34764,1.34749,388,1779899099.434,GBPUSD_otc
86,2026-05-27 16:25:00,1.34761,1.34771,1.34771,1.34755,402,1779899399.871,GBPUSD_otc
86,2026-05-27 16:30:00,1.3477,1.34779,1.3478,1.34769,416,1779899699.89,GBPUSD_otc
86,2026-05-27 16:35:00,1.34779,1.34771,1.3478,1.3477,384,1779899999.315,GBPUSD_otc
86,2026-05-27 16:40:00,1.34771,1.34775,1.34778,1.34771,382,1779900298.277,GBPUSD_otc
86,2026-05-27 16:45:00,1.34775,1.34779,1.34782,1.34772,393,1779900598.642,GBPUSD_otc
86,2026-05-27 16:50:00,1.34779,1.34785,1.34794,1.34779,385,1779900899.569,GBPUSD_otc
86,2026-05-27 16:55:00,1.34785,1.34793,1.34793,1.34784,422,1779901199.033,GBPUSD_otc
86,2026-05-27 17:00:00,1.34793,1.34787,1.34793,1.34783,386,1779901499.985,GBPUSD_otc
86,2026-05-27 17:05:00,1.34787,1.34794,1.34794,1.34786,403,1779901799.465,GBPUSD_otc
86,2026-05-27 17:10:00,1.34793,1.34792,1.34797,1.34791,411,1779902099.363,GBPUSD_otc
86,2026-05-27 17:15:00,1.34792,1.34783,1.34792,1.34778,388,1779902399.84,GBPUSD_otc
86,2026-05-27 17:20:00,1.34783,1.3479,1.34792,1.34782,396,1779902699.736,GBPUSD_otc
86,2026-05-27 17:25:00,1.3479,1.34792,1.34793,1.34787,398,1779902999.729,GBPUSD_otc
86,2026-05-27 17:30:00,1.34792,1.34783,1.34794,1.34783,389,1779903299.138,GBPUSD_otc
86,2026-05-27 17:35:00,1.34783,1.34775,1.34783,1.34773,398,1779903599.142,GBPUSD_otc
86,2026-05-27 17:40:00,1.34775,1.34778,1.34778,1.34771,411,1779903899.491,GBPUSD_otc
86,2026-05-27 17:45:00,1.34778,1.34778,1.34779,1.34773,403,1779904199.978,GBPUSD_otc
86,2026-05-27 17:50:00,1.34778,1.34782,1.34785,1.34776,398,1779904499.924,GBPUSD_otc
86,2026-05-27 17:55:00,1.34782,1.34776,1.34783,1.34772,394,1779904799.932,GBPUSD_otc
86,2026-05-27 18:00:00,1.34776,1.34763,1.34778,1.34763,406,1779905098.826,GBPUSD_otc
86,2026-05-27 18:05:00,1.34763,1.3476,1.34768,1.34756,399,1779905399.843,GBPUSD_otc
86,2026-05-27 18:10:00,1.3476,1.34762,1.34763,1.34756,391,1779905699.19,GBPUSD_otc
86,2026-05-27 18:15:00,1.34762,1.34757,1.34763,1.34752,398,1779905999.659,GBPUSD_otc
86,2026-05-27 18:20:00,1.34757,1.34757,1.3476,1.34751,403,1779906299.02,GBPUSD_otc
86,2026-05-27 18:25:00,1.34757,1.34753,1.34764,1.34752,395,1779906599.973,GBPUSD_otc
86,2026-05-27 18:30:00,1.34753,1.34752,1.34756,1.34748,412,1779906899.92,GBPUSD_otc
86,2026-05-27 18:35:00,1.34752,1.34756,1.34756,1.34748,400,1779907199.871,GBPUSD_otc
86,2026-05-27 18:40:00,1.34756,1.34764,1.34764,1.34754,380,1779907499.772,GBPUSD_otc
86,2026-05-27 18:45:00,1.34764,1.34758,1.34765,1.34755,391,1779907796.619,GBPUSD_otc
86,2026-05-27 18:50:00,1.34758,1.34746,1.3476,1.34746,387,1779908099.634,GBPUSD_otc
86,2026-05-27 18:55:00,1.34746,1.34747,1.34748,1.34742,392,1779908398.569,GBPUSD_otc
86,2026-05-27 19:00:00,1.34747,1.34757,1.34759,1.34745,391,1779908699.039,GBPUSD_otc
86,2026-05-27 19:05:00,1.34757,1.34755,1.34762,1.34753,412,1779908999.997,GBPUSD_otc
86,2026-05-27 19:10:00,1.34755,1.34764,1.34766,1.34754,391,1779909299.897,GBPUSD_otc
86,2026-05-27 19:15:00,1.34764,1.34754,1.34765,1.34753,411,1779909598.77,GBPUSD_otc
86,2026-05-27 19:20:00,1.34754,1.34747,1.34756,1.34745,396,1779909898.768,GBPUSD_otc
86,2026-05-27 19:25:00,1.34747,1.34748,1.34752,1.34742,418,1779910199.64,GBPUSD_otc
86,2026-05-27 19:30:00,1.34748,1.34753,1.34753,1.34748,397,1779910499.603,GBPUSD_otc
86,2026-05-27 19:35:00,1.34753,1.34761,1.34763,1.3475,393,1779910799.063,GBPUSD_otc
86,2026-05-27 19:40:00,1.34761,1.34739,1.34761,1.34739,395,1779911099.533,GBPUSD_otc
86,2026-05-27 19:45:00,1.34738,1.34745,1.34749,1.34735,390,1779911399.431,GBPUSD_otc
86,2026-05-27 19:50:00,1.34745,1.34744,1.34748,1.34738,409,1779911699.908,GBPUSD_otc
86,2026-05-27 19:55:00,1.34744,1.34744,1.34747,1.3474,415,1779911999.753,GBPUSD_otc
86,2026-05-27 20:00:00,1.34744,1.34742,1.34744,1.34738,393,1779912299.225,GBPUSD_otc
86,2026-05-27 20:05:00,1.34742,1.34742,1.34747,1.3474,408,1779912599.693,GBPUSD_otc
86,2026-05-27 20:10:00,1.34742,1.34745,1.34745,1.34739,413,1779912899.684,GBPUSD_otc
86,2026-05-27 20:15:00,1.34745,1.34737,1.34749,1.34736,393,1779913198.598,GBPUSD_otc
86,2026-05-27 20:20:00,1.34737,1.34728,1.3474,1.34728,380,1779913499.549,GBPUSD_otc
86,2026-05-27 20:25:00,1.34728,1.34739,1.34743,1.34726,386,1779913799.952,GBPUSD_otc
86,2026-05-27 20:30:00,1.34739,1.34725,1.34741,1.34725,405,1779914099.914,GBPUSD_otc
86,2026-05-27 20:35:00,1.34725,1.3472,1.34725,1.34717,393,1779914399.32,GBPUSD_otc
86,2026-05-27 20:40:00,1.3472,1.34717,1.34724,1.3471,388,1779914699.752,GBPUSD_otc
86,2026-05-27 20:45:00,1.34717,1.34711,1.3472,1.34711,407,1779914999.164,GBPUSD_otc
86,2026-05-27 20:50:00,1.34711,1.34718,1.34719,1.34709,411,1779915299.583,GBPUSD_otc
86,2026-05-27 20:55:00,1.34718,1.34728,1.34731,1.34717,406,1779915599.523,GBPUSD_otc
86,2026-05-27 21:00:00,1.34728,1.34729,1.34729,1.34721,415,1779915899.928,GBPUSD_otc
86,2026-05-27 21:05:00,1.34729,1.34725,1.34729,1.34721,406,1779916199.889,GBPUSD_otc
86,2026-05-27 21:10:00,1.34725,1.34722,1.34727,1.34722,389,1779916498.254,GBPUSD_otc
86,2026-05-27 21:15:00,1.34722,1.34723,1.34725,1.3471,403,1779916799.685,GBPUSD_otc
86,2026-05-27 21:20:00,1.34723,1.34726,1.34726,1.3472,386,1779917099.585,GBPUSD_otc
86,2026-05-27 21:25:00,1.34725,1.34727,1.34727,1.3472,396,1779917399.054,GBPUSD_otc
86,2026-05-27 21:30:00,1.34727,1.34727,1.34733,1.34724,402,1779917699.45,GBPUSD_otc
86,2026-05-27 21:35:00,1.34727,1.34734,1.34736,1.34727,395,1779917999.402,GBPUSD_otc
86,2026-05-27 21:40:00,1.34734,1.3474,1.3474,1.34733,400,1779918299.717,GBPUSD_otc
86,2026-05-27 21:45:00,1.3474,1.34742,1.34744,1.34735,390,1779918599.561,GBPUSD_otc
86,2026-05-27 21:50:00,1.34742,1.34748,1.3475,1.3474,402,1779918899.529,GBPUSD_otc
86,2026-05-27 21:55:00,1.34748,1.34742,1.34748,1.3474,422,1779919199.917,GBPUSD_otc
86,2026-05-27 22:00:00,1.34742,1.34748,1.3475,1.34741,383,1779919499.39,GBPUSD_otc
86,2026-05-27 22:05:00,1.34748,1.34743,1.34748,1.3474,388,1779919799.304,GBPUSD_otc
86,2026-05-27 22:10:00,1.34744,1.34744,1.34752,1.34744,380,1779920099.766,GBPUSD_otc
86,2026-05-27 22:15:00,1.34744,1.34744,1.3475,1.34744,413,1779920399.585,GBPUSD_otc
86,2026-05-27 22:20:00,1.34744,1.34755,1.34757,1.34743,385,1779920699.945,GBPUSD_otc
86,2026-05-27 22:25:00,1.34755,1.34749,1.34761,1.34749,391,1779920999.942,GBPUSD_otc
86,2026-05-27 22:30:00,1.34749,1.34746,1.34751,1.34741,400,1779921299.825,GBPUSD_otc
86,2026-05-27 22:35:00,1.34746,1.34751,1.34753,1.34742,398,1779921599.778,GBPUSD_otc
86,2026-05-27 22:40:00,1.34751,1.34746,1.34753,1.3474,409,1779921899.605,GBPUSD_otc
86,2026-05-27 22:45:00,1.34746,1.34744,1.34751,1.34742,388,1779922199.564,GBPUSD_otc
86,2026-05-27 22:50:00,1.34744,1.34754,1.34755,1.3474,391,1779922499.417,GBPUSD_otc
86,2026-05-27 22:55:00,1.34754,1.34747,1.34755,1.34747,385,1779922799.302,GBPUSD_otc
86,2026-05-27 23:00:00,1.34747,1.34747,1.34755,1.34746,416,1779923099.767,GBPUSD_otc
86,2026-05-27 23:05:00,1.34747,1.3475,1.34752,1.34742,403,1779923399.693,GBPUSD_otc
86,2026-05-27 23:10:00,1.3475,1.34736,1.34752,1.34736,406,1779923699.623,GBPUSD_otc
86,2026-05-27 23:15:00,1.34736,1.34737,1.34741,1.34736,403,1779923998.492,GBPUSD_otc
86,2026-05-27 23:20:00,1.34737,1.3474,1.34745,1.34737,396,1779924299.955,GBPUSD_otc
86,2026-05-27 23:25:00,1.3474,1.34732,1.3474,1.3473,407,1779924598.835,GBPUSD_otc
86,2026-05-27 23:30:00,1.34732,1.34734,1.34734,1.34724,390,1779924899.313,GBPUSD_otc
86,2026-05-27 23:35:00,1.34734,1.34738,1.34741,1.34732,387,1779925199.68,GBPUSD_otc
86,2026-05-27 23:40:00,1.34738,1.34719,1.3474,1.34719,413,1779925499.632,GBPUSD_otc
86,2026-05-27 23:45:00,1.34719,1.34732,1.34736,1.34719,396,1779925799.518,GBPUSD_otc
86,2026-05-27 23:50:00,1.34733,1.34731,1.34739,1.34729,391,1779926099.964,GBPUSD_otc
86,2026-05-27 23:55:00,1.34731,1.34731,1.34734,1.34727,412,1779926399.857,GBPUSD_otc
86,2026-05-28 00:00:00,1.34731,1.3473,1.34732,1.34726,379,1779926699.794,GBPUSD_otc
86,2026-05-28 00:05:00,1.3473,1.34731,1.34735,1.34726,401,1779926999.737,GBPUSD_otc
86,2026-05-28 00:10:00,1.34731,1.34727,1.34739,1.34723,415,1779927299.64,GBPUSD_otc
86,2026-05-28 00:15:00,1.34727,1.34708,1.34729,1.34708,401,1779927599.575,GBPUSD_otc
86,2026-05-28 00:20:00,1.34708,1.34708,1.34713,1.34704,400,1779927898.968,GBPUSD_otc
86,2026-05-28 00:25:00,1.34708,1.34707,1.34713,1.34704,410,1779928199.922,GBPUSD_otc
86,2026-05-28 00:30:00,1.34707,1.34707,1.34708,1.34697,383,1779928498.788,GBPUSD_otc
86,2026-05-28 00:35:00,1.34707,1.34713,1.34717,1.34707,387,1779928799.793,GBPUSD_otc
86,2026-05-28 00:40:00,1.34713,1.34714,1.34716,1.34706,403,1779929099.168,GBPUSD_otc
86,2026-05-28 00:45:00,1.34714,1.34715,1.34716,1.34707,406,1779929399.111,GBPUSD_otc
86,2026-05-28 00:50:00,1.34715,1.34717,1.34719,1.34711,398,1779929699.989,GBPUSD_otc
86,2026-05-28 00:55:00,1.34717,1.34719,1.34721,1.34714,405,1779929999.889,GBPUSD_otc
86,2026-05-28 01:00:00,1.34719,1.34717,1.34722,1.34709,400,1779930299.32,GBPUSD_otc
86,2026-05-28 01:05:00,1.34717,1.34728,1.34732,1.34717,401,1779930599.675,GBPUSD_otc
86,2026-05-28 01:10:00,1.34728,1.34728,1.34732,1.34724,392,1779930899.142,GBPUSD_otc
86,2026-05-28 01:15:00,1.3473,1.34734,1.34734,1.34728,413,1779931199.533,GBPUSD_otc
86,2026-05-28 01:20:00,1.34734,1.34733,1.34741,1.34732,392,1779931499.536,GBPUSD_otc
86,2026-05-28 01:25:00,1.34733,1.34733,1.34736,1.34728,392,1779931799.851,GBPUSD_otc
86,2026-05-28 01:30:00,1.34733,1.34737,1.34739,1.34731,382,1779932099.321,GBPUSD_otc
86,2026-05-28 01:35:00,1.34736,1.34723,1.34739,1.3472,394,1779932399.7,GBPUSD_otc
86,2026-05-28 01:40:00,1.34723,1.34717,1.34724,1.34714,417,1779932699.678,GBPUSD_otc
86,2026-05-28 01:45:00,1.34717,1.34721,1.34724,1.34712,387,1779932999.098,GBPUSD_otc
86,2026-05-28 01:50:00,1.3472,1.34723,1.34725,1.34718,393,1779933299.998,GBPUSD_otc
86,2026-05-28 01:55:00,1.34723,1.34722,1.34723,1.34711,395,1779933599.444,GBPUSD_otc
86,2026-05-28 02:00:00,1.34722,1.34736,1.34736,1.34722,393,1779933899.882,GBPUSD_otc
86,2026-05-28 02:05:00,1.34736,1.34731,1.34738,1.34728,387,1779934199.305,GBPUSD_otc
86,2026-05-28 02:10:00,1.34731,1.34742,1.34743,1.34731,396,1779934499.719,GBPUSD_otc
86,2026-05-28 02:15:00,1.34742,1.34751,1.34753,1.34742,386,1779934798.647,GBPUSD_otc
86,2026-05-28 02:20:00,1.34751,1.34757,1.34762,1.34751,382,1779935099.552,GBPUSD_otc
86,2026-05-28 02:25:00,1.34758,1.34756,1.34762,1.34754,386,1779935399.024,GBPUSD_otc
86,2026-05-28 02:30:00,1.34756,1.34758,1.34758,1.34752,403,1779935699.863,GBPUSD_otc
86,2026-05-28 02:35:00,1.34758,1.34766,1.34769,1.34757,414,1779935999.849,GBPUSD_otc
86,2026-05-28 02:40:00,1.34767,1.34777,1.3478,1.34766,399,1779936299.228,GBPUSD_otc
86,2026-05-28 02:45:00,1.34777,1.3478,1.3478,1.3477,413,1779936599.73,GBPUSD_otc
86,2026-05-28 02:50:00,1.3478,1.34773,1.34784,1.34773,408,1779936899.558,GBPUSD_otc
86,2026-05-28 02:55:00,1.34773,1.34781,1.34785,1.34771,399,1779937199.494,GBPUSD_otc
86,2026-05-28 03:00:00,1.34781,1.34776,1.34781,1.34775,387,1779937498.917,GBPUSD_otc
86,2026-05-28 03:05:00,1.34776,1.34776,1.3478,1.34773,390,1779937799.793,GBPUSD_otc
86,2026-05-28 03:10:00,1.34776,1.34775,1.34776,1.34768,405,1779938099.243,GBPUSD_otc
86,2026-05-28 03:15:00,1.34776,1.34779,1.34779,1.34771,397,1779938399.588,GBPUSD_otc
86,2026-05-28 03:20:00,1.34779,1.34778,1.34781,1.34772,408,1779938699.537,GBPUSD_otc
86,2026-05-28 03:25:00,1.34777,1.34781,1.34784,1.34777,397,1779938999.95,GBPUSD_otc
86,2026-05-28 03:30:00,1.34781,1.34784,1.3479,1.34777,396,1779939299.871,GBPUSD_otc
86,2026-05-28 03:35:00,1.34784,1.34786,1.34793,1.34784,403,1779939599.341,GBPUSD_otc
86,2026-05-28 03:40:00,1.34786,1.34786,1.34788,1.34778,416,1779939898.736,GBPUSD_otc
86,2026-05-28 03:45:00,1.34786,1.34797,1.34798,1.34785,416,1779940199.657,GBPUSD_otc
86,2026-05-28 03:50:00,1.34798,1.34798,1.34803,1.34797,411,1779940499.551,GBPUSD_otc
86,2026-05-28 03:55:00,1.34798,1.3478,1.34798,1.34777,404,1779940799.489,GBPUSD_otc
86,2026-05-28 04:00:00,1.3478,1.34796,1.34798,1.34773,403,1779941099.859,GBPUSD_otc
86,2026-05-28 04:05:00,1.34796,1.34798,1.348,1.34793,401,1779941399.331,GBPUSD_otc
86,2026-05-28 04:10:00,1.34798,1.34802,1.34806,1.34798,385,1779941699.775,GBPUSD_otc
86,2026-05-28 04:15:00,1.34802,1.34791,1.34804,1.34789,391,1779941999.75,GBPUSD_otc
86,2026-05-28 04:20:00,1.34791,1.34786,1.34793,1.34782,418,1779942299.157,GBPUSD_otc
86,2026-05-28 04:25:00,1.34786,1.34782,1.34789,1.34779,406,1779942599.644,GBPUSD_otc
86,2026-05-28 04:30:00,1.34782,1.34778,1.34785,1.34777,400,1779942899.506,GBPUSD_otc
86,2026-05-28 04:35:00,1.34778,1.34788,1.34792,1.34778,398,1779943199.464,GBPUSD_otc
86,2026-05-28 04:40:00,1.34788,1.34786,1.34792,1.34785,426,1779943499.883,GBPUSD_otc
86,2026-05-28 04:45:00,1.34786,1.34784,1.34789,1.34784,393,1779943799.876,GBPUSD_otc
86,2026-05-28 04:50:00,1.34784,1.34789,1.34791,1.3478,399,1779944098.249,GBPUSD_otc
86,2026-05-28 04:55:00,1.34789,1.34787,1.34789,1.34782,395,1779944399.761,GBPUSD_otc
86,2026-05-28 05:00:00,1.34787,1.34785,1.3479,1.34777,413,1779944699.65,GBPUSD_otc
86,2026-05-28 05:05:00,1.34785,1.3479,1.34793,1.34785,401,1779944999.656,GBPUSD_otc
86,2026-05-28 05:10:00,1.3479,1.34783,1.34792,1.34783,391,1779945299.063,GBPUSD_otc
86,2026-05-28 05:15:00,1.34783,1.34786,1.34788,1.34783,407,1779945599.562,GBPUSD_otc
86,2026-05-28 05:20:00,1.34786,1.34785,1.34787,1.3478,392,1779945899.935,GBPUSD_otc
86,2026-05-28 05:25:00,1.34785,1.34784,1.34789,1.34783,383,1779946199.912,GBPUSD_otc
86,2026-05-28 05:30:00,1.34784,1.34784,1.34788,1.3478,409,1779946499.794,GBPUSD_otc
86,2026-05-28 05:35:00,1.34784,1.34776,1.34786,1.34774,405,1779946799.789,GBPUSD_otc
86,2026-05-28 05:40:00,1.34776,1.3476,1.34776,1.34758,386,1779947099.681,GBPUSD_otc
86,2026-05-28 05:45:00,1.3476,1.34768,1.34769,1.34757,391,1779947399.707,GBPUSD_otc
86,2026-05-28 05:50:00,1.34768,1.34751,1.3477,1.34747,406,1779947699.583,GBPUSD_otc
86,2026-05-28 05:55:00,1.34751,1.34744,1.34751,1.34744,398,1779947999.506,GBPUSD_otc
86,2026-05-28 06:00:00,1.34744,1.34748,1.3475,1.34739,412,1779948299.93,GBPUSD_otc
86,2026-05-28 06:05:00,1.34748,1.34747,1.34752,1.34745,401,1779948597.888,GBPUSD_otc
86,2026-05-28 06:10:00,1.34747,1.34739,1.34749,1.34737,414,1779948899.833,GBPUSD_otc
86,2026-05-28 06:15:00,1.34739,1.34735,1.34739,1.34729,388,1779949199.325,GBPUSD_otc
86,2026-05-28 06:20:00,1.34735,1.34737,1.34738,1.34732,398,1779949499.271,GBPUSD_otc
86,2026-05-28 06:25:00,1.34737,1.3474,1.34742,1.34735,384,1779949799.278,GBPUSD_otc
86,2026-05-28 06:30:00,1.3474,1.3475,1.34754,1.34739,416,1779950099.174,GBPUSD_otc
86,2026-05-28 06:35:00,1.3475,1.34741,1.34753,1.34741,418,1779950399.149,GBPUSD_otc
86,2026-05-28 06:40:00,1.34741,1.34757,1.34758,1.34739,405,1779950698.582,GBPUSD_otc
86,2026-05-28 06:45:00,1.34757,1.34755,1.3476,1.34752,381,1779950999.608,GBPUSD_otc
86,2026-05-28 06:50:00,1.34755,1.34747,1.3476,1.34747,395,1779951299.975,GBPUSD_otc
86,2026-05-28 06:55:00,1.34747,1.34742,1.34749,1.34742,402,1779951599.969,GBPUSD_otc
86,2026-05-28 07:00:00,1.34742,1.34743,1.34745,1.3474,396,1779951899.845,GBPUSD_otc
86,2026-05-28 07:05:00,1.34743,1.34736,1.34746,1.34733,377,1779952199.905,GBPUSD_otc
86,2026-05-28 07:10:00,1.34736,1.34736,1.34745,1.34734,400,1779952499.278,GBPUSD_otc
86,2026-05-28 07:15:00,1.34736,1.34736,1.34742,1.34734,391,1779952798.253,GBPUSD_otc
86,2026-05-28 07:20:00,1.34736,1.34743,1.34743,1.34736,398,1779953099.639,GBPUSD_otc
86,2026-05-28 07:25:00,1.34743,1.34747,1.34748,1.3474,403,1779953399.63,GBPUSD_otc
86,2026-05-28 07:30:00,1.34747,1.34747,1.34747,1.34739,393,1779953699.051,GBPUSD_otc
86,2026-05-28 07:35:00,1.34747,1.3474,1.34749,1.3474,382,1779953999.513,GBPUSD_otc
86,2026-05-28 07:40:00,1.3474,1.34736,1.34741,1.34733,391,1779954299.406,GBPUSD_otc
86,2026-05-28 07:45:00,1.34736,1.34731,1.34737,1.34727,395,1779954599.374,GBPUSD_otc
86,2026-05-28 07:50:00,1.34731,1.34721,1.34732,1.3472,419,1779954899.781,GBPUSD_otc
86,2026-05-28 07:55:00,1.34721,1.34708,1.34723,1.34708,403,1779955197.788,GBPUSD_otc
86,2026-05-28 08:00:00,1.34708,1.34706,1.34713,1.34706,397,1779955499.639,GBPUSD_otc
86,2026-05-28 08:05:00,1.34706,1.34697,1.34706,1.34693,400,1779955798.611,GBPUSD_otc
86,2026-05-28 08:10:00,1.34697,1.34698,1.34699,1.34692,430,1779956099.515,GBPUSD_otc
86,2026-05-28 08:15:00,1.34698,1.34706,1.34707,1.34695,406,1779956399.023,GBPUSD_otc
86,2026-05-28 08:20:00,1.34706,1.34704,1.34706,1.34696,402,1779956699.407,GBPUSD_otc
86,2026-05-28 08:25:00,1.34704,1.34705,1.34705,1.34696,389,1779956999.89,GBPUSD_otc
86,2026-05-28 08:30:00,1.34705,1.34702,1.34707,1.347,395,1779957297.809,GBPUSD_otc
86,2026-05-28 08:35:00,1.34702,1.34713,1.34714,1.34699,380,1779957599.259,GBPUSD_otc
86,2026-05-28 08:40:00,1.34713,1.34712,1.34718,1.34709,411,1779957899.206,GBPUSD_otc
86,2026-05-28 08:45:00,1.34712,1.34713,1.34718,1.34711,420,1779958199.666,GBPUSD_otc
86,2026-05-28 08:50:00,1.34713,1.34706,1.34713,1.34704,413,1779958498.995,GBPUSD_otc
86,2026-05-28 08:55:00,1.34707,1.3471,1.34711,1.34697,408,1779958799.895,GBPUSD_otc
86,2026-05-28 09:00:00,1.3471,1.34711,1.34716,1.34708,390,1779959099.849,GBPUSD_otc
86,2026-05-28 09:05:00,1.34711,1.34701,1.34712,1.34696,391,1779959399.851,GBPUSD_otc
86,2026-05-28 09:10:00,1.34701,1.34698,1.34702,1.34694,410,1779959699.708,GBPUSD_otc
86,2026-05-28 09:15:00,1.34698,1.34706,1.3471,1.34697,399,1779959999.596,GBPUSD_otc
86,2026-05-28 09:20:00,1.34706,1.3468,1.34706,1.3468,403,1779960299.093,GBPUSD_otc
86,2026-05-28 09:25:00,1.3468,1.34676,1.34685,1.34673,394,1779960598.564,GBPUSD_otc
86,2026-05-28 09:30:00,1.34677,1.34681,1.34682,1.34673,376,1779960899.978,GBPUSD_otc
86,2026-05-28 09:35:00,1.34681,1.34682,1.34682,1.34676,393,1779961199.87,GBPUSD_otc
86,2026-05-28 09:40:00,1.34681,1.34685,1.3469,1.34681,414,1779961499.875,GBPUSD_otc
86,2026-05-28 09:45:00,1.34685,1.34694,1.34698,1.34684,418,1779961799.769,GBPUSD_otc
86,2026-05-28 09:50:00,1.34694,1.34703,1.34704,1.34693,400,1779962099.755,GBPUSD_otc
86,2026-05-28 09:55:00,1.34703,1.3469,1.34703,1.34689,420,1779962399.699,GBPUSD_otc
86,2026-05-28 10:00:00,1.34691,1.34694,1.34702,1.34691,395,1779962698.624,GBPUSD_otc
86,2026-05-28 10:05:00,1.34694,1.347,1.34704,1.34691,412,1779962998.568,GBPUSD_otc
86,2026-05-28 10:10:00,1.347,1.34702,1.34704,1.34697,387,1779963299.016,GBPUSD_otc
86,2026-05-28 10:15:00,1.34702,1.34704,1.34712,1.34695,391,1779963599.875,GBPUSD_otc
86,2026-05-28 10:20:00,1.34704,1.34702,1.34709,1.34699,414,1779963899.345,GBPUSD_otc
86,2026-05-28 10:25:00,1.34702,1.34699,1.34706,1.34698,406,1779964199.744,GBPUSD_otc
86,2026-05-28 10:30:00,1.34699,1.34695,1.347,1.34692,416,1779964499.767,GBPUSD_otc
86,2026-05-28 10:35:00,1.34695,1.34688,1.34697,1.34683,412,1779964799.586,GBPUSD_otc
86,2026-05-28 10:40:00,1.34688,1.34683,1.34689,1.34681,396,1779965099.566,GBPUSD_otc
86,2026-05-28 10:45:00,1.34683,1.34681,1.34686,1.34681,411,1779965399.992,GBPUSD_otc
86,2026-05-28 10:50:00,1.34681,1.34684,1.34687,1.34677,422,1779965699.986,GBPUSD_otc
86,2026-05-28 10:55:00,1.34684,1.34682,1.34685,1.34678,391,1779965999.844,GBPUSD_otc
86,2026-05-28 11:00:00,1.34682,1.34681,1.34687,1.34679,392,1779966298.803,GBPUSD_otc
86,2026-05-28 11:05:00,1.34681,1.34686,1.34693,1.34677,398,1779966599.747,GBPUSD_otc
86,2026-05-28 11:10:00,1.34686,1.34678,1.34687,1.34673,408,1779966898.11,GBPUSD_otc
86,2026-05-28 11:15:00,1.34678,1.34676,1.34684,1.34671,418,1779967199.581,GBPUSD_otc
86,2026-05-28 11:20:00,1.34677,1.34676,1.34686,1.34672,391,1779967499.964,GBPUSD_otc
86,2026-05-28 11:25:00,1.34676,1.34682,1.34682,1.34667,410,1779967799.939,GBPUSD_otc
86,2026-05-28 11:30:00,1.34682,1.34684,1.34689,1.34679,405,1779968099.245,GBPUSD_otc
86,2026-05-28 11:35:00,1.34684,1.34686,1.34689,1.34683,407,1779968399.674,GBPUSD_otc
86,2026-05-28 11:40:00,1.34686,1.34673,1.34686,1.34673,406,1779968699.671,GBPUSD_otc
86,2026-05-28 11:45:00,1.34672,1.34665,1.34677,1.34665,422,1779968999.548,GBPUSD_otc
86,2026-05-28 11:50:00,1.34665,1.34669,1.34671,1.3466,386,1779969297.543,GBPUSD_otc
86,2026-05-28 11:55:00,1.34669,1.34652,1.34669,1.34652,404,1779969599.407,GBPUSD_otc
86,2026-05-28 12:00:00,1.34652,1.34652,1.34655,1.34649,393,1779969899.408,GBPUSD_otc
86,2026-05-28 12:05:00,1.34652,1.34662,1.34662,1.34649,391,1779970199.271,GBPUSD_otc
86,2026-05-28 12:10:00,1.34662,1.34661,1.34664,1.34658,382,1779970499.8,GBPUSD_otc
86,2026-05-28 12:15:00,1.34661,1.34661,1.34664,1.34655,398,1779970799.722,GBPUSD_otc
86,2026-05-28 12:20:00,1.34661,1.34663,1.34667,1.34653,401,1779971099.729,GBPUSD_otc
86,2026-05-28 12:25:00,1.34663,1.34666,1.34666,1.34654,411,1779971399.583,GBPUSD_otc
86,2026-05-28 12:30:00,1.34666,1.34664,1.34669,1.34663,399,1779971699.555,GBPUSD_otc
86,2026-05-28 12:35:00,1.34664,1.34677,1.34684,1.34664,396,1779971998.871,GBPUSD_otc
86,2026-05-28 12:40:00,1.34676,1.34671,1.34677,1.34669,403,1779972299.814,GBPUSD_otc
86,2026-05-28 12:45:00,1.34671,1.34665,1.34674,1.34661,411,1779972599.784,GBPUSD_otc
86,2026-05-28 12:50:00,1.34665,1.34668,1.34672,1.34662,402,1779972899.265,GBPUSD_otc
86,2026-05-28 12:55:00,1.34668,1.34694,1.34695,1.34668,389,1779973199.667,GBPUSD_otc
86,2026-05-28 13:00:00,1.34694,1.34696,1.34698,1.3469,406,1779973499.596,GBPUSD_otc
86,2026-05-28 13:05:00,1.34696,1.34704,1.34704,1.34691,390,1779973799.555,GBPUSD_otc
86,2026-05-28 13:10:00,1.34704,1.34701,1.34705,1.34697,385,1779974098.987,GBPUSD_otc
86,2026-05-28 13:15:00,1.34701,1.34217,1.34705,1.34213,383,1779974398.456,GBPUSD_otc
86,2026-05-28 13:20:00,1.34217,1.34215,1.34218,1.34211,410,1779974699.875,GBPUSD_otc
86,2026-05-28 13:25:00,1.34215,1.3422,1.34223,1.3421,391,1779974999.821,GBPUSD_otc
86,2026-05-28 13:30:00,1.3422,1.34222,1.34227,1.3422,412,1779975299.74,GBPUSD_otc
86,2026-05-28 13:35:00,1.34223,1.34212,1.34223,1.34211,415,1779975599.182,GBPUSD_otc
86,2026-05-28 13:40:00,1.34212,1.34219,1.34221,1.3421,407,1779975899.612,GBPUSD_otc
86,2026-05-28 13:45:00,1.34219,1.34216,1.3422,1.34208,408,1779976199.09,GBPUSD_otc
86,2026-05-28 13:50:00,1.34216,1.34215,1.3422,1.34213,407,1779976499.564,GBPUSD_otc
86,2026-05-28 13:55:00,1.34215,1.34226,1.34226,1.34212,393,1779976799.998,GBPUSD_otc
86,2026-05-28 14:00:00,1.34226,1.34237,1.34238,1.34223,397,1779977099.485,GBPUSD_otc
86,2026-05-28 14:05:00,1.34237,1.34225,1.3424,1.34224,393,1779977399.359,GBPUSD_otc
86,2026-05-28 14:10:00,1.34225,1.34212,1.34229,1.34212,409,1779977698.898,GBPUSD_otc
86,2026-05-28 14:15:00,1.34212,1.34222,1.34222,1.34211,416,1779977999.807,GBPUSD_otc
86,2026-05-28 14:20:00,1.34222,1.34219,1.34226,1.34217,405,1779978299.825,GBPUSD_otc
86,2026-05-28 14:25:00,1.34219,1.34222,1.34224,1.34217,385,1779978599.753,GBPUSD_otc
86,2026-05-28 14:30:00,1.34222,1.34224,1.34229,1.3422,384,1779978899.773,GBPUSD_otc
86,2026-05-28 14:35:00,1.34224,1.34223,1.34227,1.3422,392,1779979199.584,GBPUSD_otc
86,2026-05-28 14:40:00,1.34223,1.34228,1.3423,1.34222,393,1779979499.132,GBPUSD_otc
86,2026-05-28 14:45:00,1.34228,1.34224,1.3423,1.3422,388,1779979799.546,GBPUSD_otc
86,2026-05-28 14:50:00,1.34224,1.34229,1.3423,1.34223,390,1779980099.527,GBPUSD_otc
86,2026-05-28 14:55:00,1.34227,1.34217,1.34228,1.34217,403,1779980399.918,GBPUSD_otc
86,2026-05-28 15:00:00,1.34217,1.34207,1.3422,1.34207,411,1779980699.427,GBPUSD_otc
86,2026-05-28 15:05:00,1.34207,1.34207,1.34209,1.34201,375,1779980999.737,GBPUSD_otc
86,2026-05-28 15:10:00,1.34207,1.34209,1.34213,1.34206,415,1779981299.673,GBPUSD_otc
86,2026-05-28 15:15:00,1.34209,1.34202,1.34209,1.34199,372,1779981599.609,GBPUSD_otc
86,2026-05-28 15:20:00,1.34201,1.34198,1.34207,1.34195,383,1779981899.558,GBPUSD_otc
86,2026-05-28 15:25:00,1.34198,1.3421,1.3421,1.34197,404,1779982199.514,GBPUSD_otc
86,2026-05-28 15:30:00,1.3421,1.34207,1.34213,1.34204,387,1779982499.882,GBPUSD_otc
86,2026-05-28 15:35:00,1.34207,1.34203,1.3421,1.34202,399,1779982799.882,GBPUSD_otc
86,2026-05-28 15:40:00,1.34203,1.34198,1.34205,1.34195,405,1779983099.789,GBPUSD_otc
86,2026-05-28 15:45:00,1.34198,1.34198,1.34201,1.34192,397,1779983399.345,GBPUSD_otc
86,2026-05-28 15:50:00,1.34198,1.34198,1.34205,1.34197,416,1779983699.717,GBPUSD_otc
86,2026-05-28 15:55:00,1.34197,1.34183,1.34197,1.34182,407,1779983999.729,GBPUSD_otc
86,2026-05-28 16:00:00,1.34183,1.34168,1.34183,1.34167,391,1779984299.615,GBPUSD_otc
86,2026-05-28 16:05:00,1.34168,1.34157,1.34168,1.34157,392,1779984599.631,GBPUSD_otc
86,2026-05-28 16:10:00,1.34157,1.34147,1.34159,1.34143,391,1779984899.542,GBPUSD_otc
86,2026-05-28 16:15:00,1.34147,1.34147,1.34151,1.3414,403,1779985198.556,GBPUSD_otc
86,2026-05-28 16:20:00,1.34147,1.34149,1.34149,1.34139,399,1779985499.967,GBPUSD_otc
86,2026-05-28 16:25:00,1.34149,1.34151,1.34152,1.34144,411,1779985799.984,GBPUSD_otc
86,2026-05-28 16:30:00,1.34151,1.34128,1.34151,1.34128,407,1779986099.828,GBPUSD_otc
86,2026-05-28 16:35:00,1.34127,1.34147,1.3415,1.34124,387,1779986399.79,GBPUSD_otc
86,2026-05-28 16:40:00,1.34147,1.34142,1.3415,1.34135,402,1779986699.733,GBPUSD_otc
86,2026-05-28 16:45:00,1.34142,1.34143,1.34147,1.3414,411,1779986998.755,GBPUSD_otc
86,2026-05-28 16:50:00,1.34143,1.3415,1.34153,1.34142,408,1779987299.692,GBPUSD_otc
86,2026-05-28 16:55:00,1.3415,1.34161,1.34161,1.3415,406,1779987599.7,GBPUSD_otc
86,2026-05-28 17:00:00,1.34161,1.34157,1.34165,1.34153,406,1779987899.086,GBPUSD_otc
86,2026-05-28 17:05:00,1.34156,1.3416,1.34163,1.34154,407,1779988199.56,GBPUSD_otc
86,2026-05-28 17:10:00,1.3416,1.34149,1.34161,1.34149,402,1779988499.454,GBPUSD_otc
86,2026-05-28 17:15:00,1.34148,1.34148,1.3415,1.34143,412,1779988799.429,GBPUSD_otc
86,2026-05-28 17:20:00,1.34148,1.34143,1.34151,1.34143,394,1779989099.345,GBPUSD_otc
86,2026-05-28 17:25:00,1.34143,1.34144,1.34153,1.34143,405,1779989399.817,GBPUSD_otc
86,2026-05-28 17:30:00,1.34144,1.34132,1.34144,1.34132,383,1779989699.727,GBPUSD_otc
86,2026-05-28 17:35:00,1.34132,1.34131,1.34133,1.34126,384,1779989999.644,GBPUSD_otc
86,2026-05-28 17:40:00,1.34131,1.34128,1.34134,1.34125,381,1779990299.136,GBPUSD_otc
86,2026-05-28 17:45:00,1.34128,1.34135,1.34139,1.34126,409,1779990599.55,GBPUSD_otc
86,2026-05-28 17:50:00,1.34135,1.34139,1.34141,1.34132,398,1779990899.01,GBPUSD_otc
86,2026-05-28 17:55:00,1.34139,1.34151,1.34151,1.34138,399,1779991199.875,GBPUSD_otc
86,2026-05-28 18:00:00,1.34151,1.34151,1.34153,1.34146,394,1779991499.884,GBPUSD_otc
86,2026-05-28 18:05:00,1.34151,1.34152,1.34156,1.34148,411,1779991798.786,GBPUSD_otc
86,2026-05-28 18:10:00,1.34152,1.34152,1.34153,1.34144,388,1779992099.314,GBPUSD_otc
86,2026-05-28 18:15:00,1.34152,1.34146,1.34152,1.3414,419,1779992399.715,GBPUSD_otc
86,2026-05-28 18:20:00,1.34146,1.34144,1.34152,1.3414,415,1779992699.743,GBPUSD_otc
86,2026-05-28 18:25:00,1.34144,1.34133,1.34148,1.34133,395,1779992999.655,GBPUSD_otc
86,2026-05-28 18:30:00,1.34133,1.34141,1.34142,1.34132,388,1779993299.148,GBPUSD_otc
86,2026-05-28 18:35:00,1.34141,1.3414,1.34145,1.34137,407,1779993599.532,GBPUSD_otc
86,2026-05-28 18:40:00,1.3414,1.34142,1.34145,1.34137,390,1779993899.512,GBPUSD_otc
86,2026-05-28 18:45:00,1.34142,1.3414,1.34144,1.34136,380,1779994199.955,GBPUSD_otc
86,2026-05-28 18:50:00,1.3414,1.3414,1.34143,1.34133,388,1779994499.896,GBPUSD_otc
86,2026-05-28 18:55:00,1.3414,1.34141,1.34144,1.34135,390,1779994799.285,GBPUSD_otc
86,2026-05-28 19:00:00,1.34141,1.34141,1.34145,1.34134,406,1779995099.286,GBPUSD_otc
86,2026-05-28 19:05:00,1.34142,1.34144,1.34148,1.3414,396,1779995399.67,GBPUSD_otc
86,2026-05-28 19:10:00,1.34144,1.34146,1.34146,1.3414,401,1779995699.655,GBPUSD_otc
86,2026-05-28 19:15:00,1.34146,1.34147,1.34148,1.34143,388,1779995999.541,GBPUSD_otc
86,2026-05-28 19:20:00,1.34147,1.34155,1.34156,1.34146,383,1779996299.997,GBPUSD_otc
86,2026-05-28 19:25:00,1.34155,1.34155,1.3416,1.34154,410,1779996598.88,GBPUSD_otc
86,2026-05-28 19:30:00,1.34155,1.34155,1.34157,1.34151,401,1779996899.768,GBPUSD_otc
86,2026-05-28 19:35:00,1.34155,1.34157,1.34159,1.34151,400,1779997199.769,GBPUSD_otc
86,2026-05-28 19:40:00,1.34156,1.34167,1.34167,1.34154,382,1779997499.71,GBPUSD_otc
86,2026-05-28 19:45:00,1.34167,1.3416,1.34169,1.34154,400,1779997799.145,GBPUSD_otc
86,2026-05-28 19:50:00,1.3416,1.34151,1.34161,1.3415,407,1779998099.638,GBPUSD_otc
86,2026-05-28 19:55:00,1.34151,1.34133,1.34153,1.34133,387,1779998399.576,GBPUSD_otc
86,2026-05-28 20:00:00,1.34133,1.34127,1.34135,1.34126,404,1779998699.517,GBPUSD_otc
86,2026-05-28 20:05:00,1.34127,1.34119,1.34127,1.34117,389,1779998999.983,GBPUSD_otc
86,2026-05-28 20:10:00,1.34119,1.34114,1.34121,1.34109,394,1779999299.966,GBPUSD_otc
86,2026-05-28 20:15:00,1.34115,1.34117,1.34122,1.34115,395,1779999599.338,GBPUSD_otc
86,2026-05-28 20:20:00,1.34117,1.34105,1.34121,1.34105,404,1779999899.821,GBPUSD_otc
86,2026-05-28 20:25:00,1.34105,1.34105,1.34112,1.34103,403,1780000198.682,GBPUSD_otc
86,2026-05-28 20:30:00,1.34105,1.34102,1.34106,1.34096,395,1780000498.652,GBPUSD_otc
86,2026-05-28 20:35:00,1.34102,1.34112,1.34112,1.34098,380,1780000799.595,GBPUSD_otc
86,2026-05-28 20:40:00,1.34112,1.34124,1.34125,1.34112,405,1780001099.547,GBPUSD_otc
86,2026-05-28 20:45:00,1.34124,1.34117,1.34128,1.34117,384,1780001399.974,GBPUSD_otc
86,2026-05-28 20:50:00,1.34117,1.34119,1.34121,1.34112,407,1780001699.855,GBPUSD_otc
86,2026-05-28 20:55:00,1.34119,1.34134,1.34136,1.34119,398,1780001999.799,GBPUSD_otc
86,2026-05-28 21:00:00,1.34134,1.34141,1.34142,1.34132,383,1780002298.684,GBPUSD_otc
86,2026-05-28 21:05:00,1.34141,1.34147,1.34148,1.34141,405,1780002599.679,GBPUSD_otc
86,2026-05-28 21:10:00,1.34147,1.34129,1.34147,1.34129,403,1780002899.519,GBPUSD_otc
86,2026-05-28 21:15:00,1.34129,1.34132,1.34134,1.34125,407,1780003199.918,GBPUSD_otc
86,2026-05-28 21:20:00,1.34132,1.34143,1.34143,1.34131,377,1780003499.829,GBPUSD_otc
86,2026-05-28 21:25:00,1.34143,1.34154,1.34154,1.3414,396,1780003799.721,GBPUSD_otc
86,2026-05-28 21:30:00,1.34154,1.34152,1.34158,1.34151,408,1780004099.714,GBPUSD_otc
86,2026-05-28 21:35:00,1.34152,1.34169,1.34169,1.34152,404,1780004399.545,GBPUSD_otc
86,2026-05-28 21:40:00,1.34169,1.34175,1.34177,1.34166,384,1780004699.996,GBPUSD_otc
86,2026-05-28 21:45:00,1.34175,1.34176,1.34181,1.34173,412,1780004999.422,GBPUSD_otc
86,2026-05-28 21:50:00,1.34176,1.34173,1.34179,1.34172,394,1780005299.879,GBPUSD_otc
86,2026-05-28 21:55:00,1.34173,1.34178,1.34178,1.34168,386,1780005599.759,GBPUSD_otc
86,2026-05-28 22:00:00,1.34179,1.34185,1.34189,1.34179,400,1780005899.723,GBPUSD_otc
86,2026-05-28 22:05:00,1.34183,1.34173,1.34183,1.34173,383,1780006199.67,GBPUSD_otc
86,2026-05-28 22:10:00,1.34172,1.34187,1.34189,1.34172,389,1780006499.601,GBPUSD_otc
86,2026-05-28 22:15:00,1.34188,1.34193,1.34197,1.34186,409,1780006799.068,GBPUSD_otc
86,2026-05-28 22:20:00,1.34193,1.34198,1.34204,1.34193,394,1780007099.981,GBPUSD_otc
86,2026-05-28 22:25:00,1.34198,1.34189,1.34205,1.34189,390,1780007399.897,GBPUSD_otc
86,2026-05-28 22:30:00,1.34189,1.34199,1.34201,1.34189,392,1780007698.301,GBPUSD_otc
86,2026-05-28 22:35:00,1.34199,1.34193,1.34202,1.3419,409,1780007999.776,GBPUSD_otc
86,2026-05-28 22:40:00,1.34193,1.34183,1.34196,1.34179,403,1780008299.684,GBPUSD_otc
86,2026-05-28 22:45:00,1.34183,1.34173,1.34185,1.34173,401,1780008599.656,GBPUSD_otc
86,2026-05-28 22:50:00,1.34173,1.34165,1.34174,1.34163,384,1780008899.593,GBPUSD_otc
86,2026-05-28 22:55:00,1.34165,1.34169,1.34169,1.3416,399,1780009199.493,GBPUSD_otc
86,2026-05-28 23:00:00,1.34169,1.34182,1.34184,1.34169,408,1780009499.85,GBPUSD_otc
86,2026-05-28 23:05:00,1.34182,1.34186,1.34187,1.34176,395,1780009799.344,GBPUSD_otc
86,2026-05-28 23:10:00,1.34186,1.342,1.342,1.34185,397,1780010099.685,GBPUSD_otc
86,2026-05-28 23:15:00,1.342,1.34211,1.34211,1.34199,378,1780010398.67,GBPUSD_otc
86,2026-05-28 23:20:00,1.34211,1.34211,1.34218,1.34209,396,1780010699.533,GBPUSD_otc
86,2026-05-28 23:25:00,1.34211,1.34228,1.34228,1.34211,383,1780010999.973,GBPUSD_otc
86,2026-05-28 23:30:00,1.34228,1.34235,1.34235,1.34227,379,1780011299.403,GBPUSD_otc
86,2026-05-28 23:35:00,1.34235,1.3424,1.34245,1.34231,383,1780011599.852,GBPUSD_otc
86,2026-05-28 23:40:00,1.3424,1.34249,1.34251,1.34239,381,1780011899.261,GBPUSD_otc
86,2026-05-28 23:45:00,1.34249,1.3424,1.34255,1.3424,405,1780012198.73,GBPUSD_otc
86,2026-05-28 23:50:00,1.3424,1.3425,1.34253,1.34238,401,1780012499.638,GBPUSD_otc
86,2026-05-28 23:55:00,1.3425,1.34249,1.34254,1.34246,403,1780012798.531,GBPUSD_otc
86,2026-05-29 00:00:00,1.34249,1.34255,1.3426,1.34247,401,1780013099.007,GBPUSD_otc
86,2026-05-29 00:05:00,1.34255,1.34261,1.34265,1.34254,395,1780013399.875,GBPUSD_otc
86,2026-05-29 00:10:00,1.34261,1.34263,1.34266,1.34253,417,1780013699.364,GBPUSD_otc
86,2026-05-29 00:15:00,1.34263,1.34255,1.34264,1.34255,400,1780013999.775,GBPUSD_otc
86,2026-05-29 00:20:00,1.34255,1.34262,1.34263,1.34255,390,1780014299.738,GBPUSD_otc
86,2026-05-29 00:25:00,1.34262,1.34257,1.34262,1.34253,400,1780014599.577,GBPUSD_otc
86,2026-05-29 00:30:00,1.34257,1.34254,1.34264,1.34253,406,1780014899.528,GBPUSD_otc
86,2026-05-29 00:35:00,1.34254,1.34253,1.34256,1.34248,406,1780015199.411,GBPUSD_otc
86,2026-05-29 00:40:00,1.34253,1.34254,1.34255,1.34249,408,1780015499.888,GBPUSD_otc
86,2026-05-29 00:45:00,1.34254,1.34275,1.34276,1.34253,401,1780015799.769,GBPUSD_otc
86,2026-05-29 00:50:00,1.34275,1.34274,1.34278,1.34273,409,1780016098.726,GBPUSD_otc
86,2026-05-29 00:55:00,1.34274,1.34273,1.34282,1.34273,389,1780016399.114,GBPUSD_otc
86,2026-05-29 01:00:00,1.34273,1.34276,1.34276,1.34271,399,1780016699.034,GBPUSD_otc
86,2026-05-29 01:05:00,1.34276,1.3428,1.34289,1.34276,423,1780016999.479,GBPUSD_otc
86,2026-05-29 01:10:00,1.3428,1.34299,1.343,1.3428,414,1780017299.337,GBPUSD_otc
86,2026-05-29 01:15:00,1.34299,1.34303,1.34307,1.34298,393,1780017599.303,GBPUSD_otc
86,2026-05-29 01:20:00,1.34303,1.34308,1.34312,1.34301,410,1780017899.682,GBPUSD_otc
86,2026-05-29 01:25:00,1.34308,1.34319,1.3432,1.34306,390,1780018199.68,GBPUSD_otc
86,2026-05-29 01:30:00,1.34319,1.34313,1.34319,1.34311,369,1780018499.532,GBPUSD_otc
86,2026-05-29 01:35:00,1.34312,1.34309,1.34312,1.34306,384,1780018799.971,GBPUSD_otc
86,2026-05-29 01:40:00,1.34309,1.34307,1.34314,1.34302,394,1780019099.898,GBPUSD_otc
86,2026-05-29 01:45:00,1.34307,1.34309,1.34312,1.34303,404,1780019399.818,GBPUSD_otc
86,2026-05-29 01:50:00,1.34309,1.34305,1.34315,1.34305,414,1780019699.221,GBPUSD_otc
86,2026-05-29 01:55:00,1.34305,1.3431,1.34313,1.34305,399,1780019999.679,GBPUSD_otc
86,2026-05-29 02:00:00,1.3431,1.34312,1.34315,1.34305,406,1780020299.527,GBPUSD_otc
86,2026-05-29 02:05:00,1.34312,1.34307,1.34316,1.34304,399,1780020599.459,GBPUSD_otc
86,2026-05-29 02:10:00,1.34307,1.34296,1.34308,1.34294,399,1780020899.947,GBPUSD_otc
86,2026-05-29 02:15:00,1.34296,1.34306,1.34307,1.34296,380,1780021199.393,GBPUSD_otc
86,2026-05-29 02:20:00,1.34306,1.34305,1.34309,1.34297,402,1780021499.3,GBPUSD_otc
86,2026-05-29 02:25:00,1.34305,1.34292,1.34308,1.34292,387,1780021799.743,GBPUSD_otc
86,2026-05-29 02:30:00,1.34292,1.34289,1.34292,1.34278,403,1780022099.144,GBPUSD_otc
86,2026-05-29 02:35:00,1.3429,1.34279,1.3429,1.34274,410,1780022399.509,GBPUSD_otc
86,2026-05-29 02:40:00,1.34279,1.3428,1.34282,1.34273,399,1780022699.482,GBPUSD_otc
86,2026-05-29 02:45:00,1.3428,1.3428,1.34287,1.34279,403,1780022999.82,GBPUSD_otc
86,2026-05-29 02:50:00,1.3428,1.3429,1.34293,1.3428,394,1780023296.766,GBPUSD_otc
86,2026-05-29 02:55:00,1.34291,1.34309,1.3431,1.34287,399,1780023598.647,GBPUSD_otc
86,2026-05-29 03:00:00,1.34309,1.34314,1.34316,1.34308,382,1780023898.078,GBPUSD_otc
86,2026-05-29 03:05:00,1.34315,1.34328,1.3433,1.34315,389,1780024199.547,GBPUSD_otc
86,2026-05-29 03:10:00,1.34328,1.3433,1.34336,1.34326,392,1780024499.944,GBPUSD_otc
86,2026-05-29 03:15:00,1.3433,1.34334,1.34336,1.34326,405,1780024799.953,GBPUSD_otc
86,2026-05-29 03:20:00,1.34334,1.34344,1.34344,1.34333,406,1780025098.915,GBPUSD_otc
86,2026-05-29 03:25:00,1.34344,1.34344,1.34351,1.3434,423,1780025399.844,GBPUSD_otc
86,2026-05-29 03:30:00,1.34344,1.34341,1.34349,1.34338,401,1780025698.788,GBPUSD_otc
86,2026-05-29 03:35:00,1.34341,1.34344,1.34348,1.34339,401,1780025999.709,GBPUSD_otc
86,2026-05-29 03:40:00,1.34344,1.34343,1.34346,1.34341,386,1780026299.57,GBPUSD_otc
86,2026-05-29 03:45:00,1.34343,1.34342,1.34346,1.34341,384,1780026599.534,GBPUSD_otc
86,2026-05-29 03:50:00,1.34342,1.34352,1.34352,1.34341,408,1780026899.958,GBPUSD_otc
86,2026-05-29 03:55:00,1.34352,1.34359,1.34359,1.34351,390,1780027199.92,GBPUSD_otc
86,2026-05-29 04:00:00,1.34359,1.3436,1.34366,1.34358,385,1780027498.323,GBPUSD_otc
86,2026-05-29 04:05:00,1.3436,1.34362,1.34365,1.34358,394,1780027799.748,GBPUSD_otc
86,2026-05-29 04:10:00,1.34362,1.34356,1.34364,1.34354,395,1780028099.199,GBPUSD_otc
86,2026-05-29 04:15:00,1.34356,1.34351,1.34361,1.34348,398,1780028399.648,GBPUSD_otc
86,2026-05-29 04:20:00,1.34351,1.34364,1.34364,1.34349,412,1780028699.019,GBPUSD_otc
86,2026-05-29 04:25:00,1.34364,1.34363,1.34373,1.34359,394,1780028999.445,GBPUSD_otc
86,2026-05-29 04:30:00,1.34363,1.34365,1.34368,1.34358,389,1780029299.9,GBPUSD_otc
86,2026-05-29 04:35:00,1.34365,1.34346,1.34366,1.34346,399,1780029599.779,GBPUSD_otc
86,2026-05-29 04:40:00,1.34346,1.34357,1.34357,1.34345,416,1780029899.729,GBPUSD_otc
86,2026-05-29 04:45:00,1.34357,1.34353,1.34358,1.34348,378,1780030199.619,GBPUSD_otc
86,2026-05-29 04:50:00,1.34353,1.34359,1.34363,1.34352,379,1780030498.646,GBPUSD_otc
86,2026-05-29 04:55:00,1.34359,1.34361,1.34369,1.34355,397,1780030799.03,GBPUSD_otc
86,2026-05-29 05:00:00,1.34361,1.34361,1.34365,1.34356,377,1780031099.505,GBPUSD_otc
86,2026-05-29 05:05:00,1.34361,1.34358,1.34361,1.34351,386,1780031399.883,GBPUSD_otc
86,2026-05-29 05:10:00,1.34358,1.34357,1.34363,1.34357,411,1780031699.866,GBPUSD_otc
86,2026-05-29 05:15:00,1.34357,1.34349,1.34357,1.34348,385,1780031999.261,GBPUSD_otc
86,2026-05-29 05:20:00,1.34349,1.34342,1.34349,1.34333,422,1780032299.791,GBPUSD_otc
86,2026-05-29 05:25:00,1.34342,1.34344,1.34346,1.34338,403,1780032599.724,GBPUSD_otc
86,2026-05-29 05:30:00,1.34344,1.34346,1.34353,1.34342,404,1780032899.707,GBPUSD_otc
86,2026-05-29 05:35:00,1.34346,1.34353,1.34354,1.34344,383,1780033199.606,GBPUSD_otc
86,2026-05-29 05:40:00,1.34353,1.34375,1.34375,1.34353,411,1780033499.565,GBPUSD_otc
86,2026-05-29 05:45:00,1.34375,1.34376,1.34384,1.34372,408,1780033799.992,GBPUSD_otc
86,2026-05-29 05:50:00,1.34376,1.34374,1.34378,1.34368,407,1780034099.966,GBPUSD_otc
86,2026-05-29 05:55:00,1.34374,1.34373,1.34376,1.34368,405,1780034399.924,GBPUSD_otc
86,2026-05-29 06:00:00,1.34373,1.34353,1.34374,1.34351,407,1780034699.407,GBPUSD_otc
86,2026-05-29 06:05:00,1.34353,1.34359,1.3436,1.34353,403,1780034999.844,GBPUSD_otc
86,2026-05-29 06:10:00,1.34359,1.34358,1.3436,1.34353,396,1780035299.745,GBPUSD_otc
86,2026-05-29 06:15:00,1.34358,1.34364,1.34373,1.34358,404,1780035599.16,GBPUSD_otc
86,2026-05-29 06:20:00,1.34364,1.34355,1.34365,1.34352,398,1780035899.108,GBPUSD_otc
86,2026-05-29 06:25:00,1.34355,1.3435,1.34357,1.34345,396,1780036198.542,GBPUSD_otc
86,2026-05-29 06:30:00,1.3435,1.34344,1.34352,1.34342,389,1780036498.534,GBPUSD_otc
86,2026-05-29 06:35:00,1.34344,1.34328,1.34345,1.34328,402,1780036799.912,GBPUSD_otc
86,2026-05-29 06:40:00,1.34328,1.34338,1.34339,1.34326,401,1780037099.892,GBPUSD_otc
86,2026-05-29 06:45:00,1.34338,1.34347,1.3435,1.34337,399,1780037399.304,GBPUSD_otc
86,2026-05-29 06:50:00,1.34347,1.34356,1.34357,1.34345,405,1780037699.804,GBPUSD_otc
86,2026-05-29 06:55:00,1.34356,1.34355,1.34361,1.34354,396,1780037999.71,GBPUSD_otc
86,2026-05-29 07:00:00,1.34355,1.34362,1.34365,1.34355,403,1780038299.723,GBPUSD_otc
86,2026-05-29 07:05:00,1.34362,1.34354,1.34363,1.34353,415,1780038599.097,GBPUSD_otc
86,2026-05-29 07:10:00,1.34354,1.34358,1.34358,1.34349,394,1780038899.552,GBPUSD_otc
86,2026-05-29 07:15:00,1.34359,1.34344,1.3436,1.34344,401,1780039199.97,GBPUSD_otc
86,2026-05-29 07:20:00,1.34344,1.34353,1.34354,1.34343,406,1780039499.949,GBPUSD_otc
86,2026-05-29 07:25:00,1.34353,1.34351,1.34356,1.34347,398,1780039799.845,GBPUSD_otc
86,2026-05-29 07:30:00,1.34351,1.3435,1.34356,1.34349,404,1780040098.323,GBPUSD_otc
86,2026-05-29 07:35:00,1.3435,1.34338,1.34352,1.34337,404,1780040399.675,GBPUSD_otc
86,2026-05-29 07:40:00,1.34338,1.34332,1.34341,1.34331,412,1780040698.08,GBPUSD_otc
86,2026-05-29 07:45:00,1.34332,1.34325,1.34333,1.34322,403,1780040999.521,GBPUSD_otc
86,2026-05-29 07:50:00,1.34325,1.34333,1.34334,1.34321,388,1780041299.939,GBPUSD_otc
86,2026-05-29 07:55:00,1.34333,1.34331,1.34337,1.34328,407,1780041599.903,GBPUSD_otc
86,2026-05-29 08:00:00,1.34331,1.34332,1.34337,1.34327,383,1780041899.775,GBPUSD_otc
86,2026-05-29 08:05:00,1.34332,1.34337,1.34337,1.34329,417,1780042199.781,GBPUSD_otc
86,2026-05-29 08:10:00,1.34337,1.34343,1.34343,1.34336,385,1780042498.628,GBPUSD_otc
86,2026-05-29 08:15:00,1.34343,1.34338,1.34346,1.34337,399,1780042799.625,GBPUSD_otc
86,2026-05-29 08:20:00,1.34339,1.34341,1.34342,1.34335,391,1780043098.009,GBPUSD_otc
86,2026-05-29 08:25:00,1.34341,1.34337,1.34343,1.34333,400,1780043399.551,GBPUSD_otc
86,2026-05-29 08:30:00,1.34337,1.34341,1.34344,1.34335,408,1780043699.927,GBPUSD_otc
86,2026-05-29 08:35:00,1.34341,1.34349,1.34351,1.34338,410,1780043991.38,GBPUSD_otc
86,2026-05-29 08:40:00,1.34349,1.34349,1.34349,1.34349,0,1780044000.0,GBPUSD_otc
86,2026-05-29 08:45:00,1.34349,1.34349,1.34349,1.34349,0,1780044300.0,GBPUSD_otc
86,2026-05-29 08:50:00,1.34349,1.34349,1.34349,1.34349,0,1780044600.0,GBPUSD_otc
86,2026-05-29 08:55:00,1.34349,1.34349,1.34349,1.34349,0,1780044900.0,GBPUSD_otc
86,2026-05-29 09:00:00,1.34349,1.34349,1.34349,1.34349,0,1780045200.0,GBPUSD_otc
86,2026-05-29 09:05:00,1.34349,1.34349,1.34349,1.34349,0,1780045500.0,GBPUSD_otc
86,2026-05-29 09:10:00,1.34349,1.34349,1.34349,1.34349,0,1780045800.0,GBPUSD_otc
86,2026-05-29 09:15:00,1.34349,1.34349,1.34349,1.34349,0,1780046100.0,GBPUSD_otc
86,2026-05-29 09:20:00,1.34349,1.34349,1.34349,1.34349,0,1780046400.0,GBPUSD_otc
86,2026-05-29 09:25:00,1.34349,1.34349,1.34349,1.34349,0,1780046700.0,GBPUSD_otc
86,2026-05-29 09:30:00,1.34349,1.34124,1.34349,1.34124,181,1780047298.757,GBPUSD_otc
86,2026-05-29 09:35:00,1.34124,1.3412,1.34124,1.34114,401,1780047599.584,GBPUSD_otc
86,2026-05-29 09:40:00,1.3412,1.34111,1.34123,1.34111,418,1780047899.519,GBPUSD_otc
86,2026-05-29 09:45:00,1.34111,1.34113,1.34115,1.34105,396,1780048199.965,GBPUSD_otc
86,2026-05-29 09:50:00,1.34113,1.34108,1.34115,1.34106,402,1780048497.954,GBPUSD_otc
86,2026-05-29 09:55:00,1.34108,1.34108,1.34111,1.34104,390,1780048799.341,GBPUSD_otc
86,2026-05-29 10:00:00,1.34108,1.34105,1.3411,1.34102,398,1780049099.353,GBPUSD_otc
86,2026-05-29 10:05:00,1.34105,1.34102,1.34108,1.34097,406,1780049399.807,GBPUSD_otc
86,2026-05-29 10:10:00,1.34102,1.34099,1.34103,1.34097,393,1780049699.787,GBPUSD_otc
86,2026-05-29 10:15:00,1.34099,1.34108,1.34108,1.34099,388,1780049999.698,GBPUSD_otc
86,2026-05-29 10:20:00,1.34108,1.34107,1.3411,1.34102,402,1780050299.638,GBPUSD_otc
86,2026-05-29 10:25:00,1.34107,1.3409,1.34108,1.34089,417,1780050599.993,GBPUSD_otc
86,2026-05-29 10:30:00,1.3409,1.34089,1.34091,1.34084,415,1780050899.895,GBPUSD_otc
86,2026-05-29 10:35:00,1.34089,1.34089,1.34094,1.34087,397,1780051199.894,GBPUSD_otc
86,2026-05-29 10:40:00,1.34089,1.34089,1.3409,1.34085,414,1780051499.792,GBPUSD_otc
86,2026-05-29 10:45:00,1.34089,1.34101,1.34102,1.34088,398,1780051799.824,GBPUSD_otc
86,2026-05-29 10:50:00,1.34101,1.341,1.34111,1.34097,415,1780052099.716,GBPUSD_otc
86,2026-05-29 10:55:00,1.341,1.34104,1.34104,1.34098,377,1780052399.67,GBPUSD_otc
86,2026-05-29 11:00:00,1.34104,1.34087,1.34106,1.34087,379,1780052699.078,GBPUSD_otc
86,2026-05-29 11:05:00,1.34087,1.34089,1.34089,1.34082,411,1780052998.6,GBPUSD_otc
86,2026-05-29 11:10:00,1.34089,1.34085,1.34089,1.34082,376,1780053299.518,GBPUSD_otc
86,2026-05-29 11:15:00,1.34085,1.34085,1.34094,1.34081,402,1780053599.529,GBPUSD_otc
86,2026-05-29 11:20:00,1.34085,1.34082,1.34088,1.34078,389,1780053899.42,GBPUSD_otc
86,2026-05-29 11:25:00,1.34082,1.34076,1.34083,1.34068,404,1780054199.908,GBPUSD_otc
86,2026-05-29 11:30:00,1.34077,1.34079,1.34081,1.34072,397,1780054499.762,GBPUSD_otc
86,2026-05-29 11:35:00,1.34079,1.34092,1.34092,1.34075,400,1780054799.797,GBPUSD_otc
86,2026-05-29 11:40:00,1.34092,1.3409,1.34097,1.34088,395,1780055099.709,GBPUSD_otc
86,2026-05-29 11:45:00,1.3409,1.34092,1.34096,1.3409,415,1780055398.728,GBPUSD_otc
86,2026-05-29 11:50:00,1.34092,1.3408,1.34095,1.3408,383,1780055699.644,GBPUSD_otc
86,2026-05-29 11:55:00,1.3408,1.34069,1.3408,1.34067,407,1780055999.625,GBPUSD_otc
86,2026-05-29 12:00:00,1.34069,1.34066,1.34073,1.34064,388,1780056299.995,GBPUSD_otc
86,2026-05-29 12:05:00,1.34066,1.3407,1.34072,1.34065,421,1780056599.971,GBPUSD_otc
86,2026-05-29 12:10:00,1.3407,1.3407,1.34072,1.34067,398,1780056899.912,GBPUSD_otc
86,2026-05-29 12:15:00,1.3407,1.34067,1.34074,1.34067,383,1780057198.904,GBPUSD_otc
86,2026-05-29 12:20:00,1.34067,1.34068,1.34075,1.34065,395,1780057499.772,GBPUSD_otc
86,2026-05-29 12:25:00,1.34066,1.34068,1.34068,1.34057,391,1780057799.746,GBPUSD_otc
86,2026-05-29 12:30:00,1.34068,1.34087,1.34087,1.34067,396,1780058099.619,GBPUSD_otc
86,2026-05-29 12:35:00,1.34087,1.34083,1.34087,1.34079,397,1780058399.55,GBPUSD_otc
86,2026-05-29 12:40:00,1.34083,1.34071,1.34084,1.34068,388,1780058698.018,GBPUSD_otc
86,2026-05-29 12:45:00,1.34071,1.34064,1.34071,1.34062,380,1780058999.968,GBPUSD_otc
86,2026-05-29 12:50:00,1.34064,1.34083,1.34084,1.34064,393,1780059298.886,GBPUSD_otc
86,2026-05-29 12:55:00,1.34083,1.34082,1.34089,1.34078,380,1780059599.718,GBPUSD_otc
86,2026-05-29 13:00:00,1.34081,1.34076,1.34082,1.34075,396,1780059899.244,GBPUSD_otc
86,2026-05-29 13:05:00,1.34076,1.34084,1.34084,1.34071,393,1780060199.661,GBPUSD_otc
86,2026-05-29 13:10:00,1.34084,1.34093,1.34096,1.34083,389,1780060499.668,GBPUSD_otc
86,2026-05-29 13:15:00,1.34093,1.34088,1.34095,1.34082,402,1780060799.052,GBPUSD_otc
86,2026-05-29 13:20:00,1.34088,1.34089,1.34095,1.34086,391,1780061099.553,GBPUSD_otc
86,2026-05-29 13:25:00,1.34089,1.34089,1.34094,1.34084,399,1780061399.933,GBPUSD_otc
86,2026-05-29 13:30:00,1.34089,1.34083,1.341,1.34083,385,1780061699.951,GBPUSD_otc
86,2026-05-29 13:35:00,1.34083,1.34068,1.34087,1.34068,400,1780061999.8,GBPUSD_otc
86,2026-05-29 13:40:00,1.34068,1.34068,1.34069,1.34063,405,1780062299.799,GBPUSD_otc
86,2026-05-29 13:45:00,1.34067,1.3406,1.34068,1.34058,405,1780062599.704,GBPUSD_otc
86,2026-05-29 13:50:00,1.3406,1.34049,1.34061,1.34045,399,1780062899.669,GBPUSD_otc
86,2026-05-29 13:55:00,1.34049,1.34063,1.34063,1.34049,425,1780063199.587,GBPUSD_otc
86,2026-05-29 14:00:00,1.34063,1.34059,1.34064,1.34059,411,1780063499.548,GBPUSD_otc
86,2026-05-29 14:05:00,1.34059,1.34054,1.34061,1.34054,396,1780063799.977,GBPUSD_otc
86,2026-05-29 14:10:00,1.34054,1.34067,1.34067,1.34054,401,1780064096.923,GBPUSD_otc
86,2026-05-29 14:15:00,1.34067,1.34081,1.34084,1.34063,379,1780064399.868,GBPUSD_otc
86,2026-05-29 14:20:00,1.34081,1.3408,1.34084,1.34078,405,1780064698.324,GBPUSD_otc
86,2026-05-29 14:25:00,1.3408,1.3408,1.3408,1.34069,431,1780064999.276,GBPUSD_otc
86,2026-05-29 14:30:00,1.3408,1.34077,1.34084,1.34075,383,1780065299.718,GBPUSD_otc
86,2026-05-29 14:35:00,1.34077,1.34075,1.34079,1.34071,403,1780065599.667,GBPUSD_otc
86,2026-05-29 14:40:00,1.34075,1.34083,1.34089,1.34075,374,1780065899.544,GBPUSD_otc
86,2026-05-29 14:45:00,1.34083,1.34074,1.34088,1.34074,397,1780066199.545,GBPUSD_otc
86,2026-05-29 14:50:00,1.34074,1.34082,1.34086,1.34071,390,1780066499.403,GBPUSD_otc
86,2026-05-29 14:55:00,1.34082,1.34088,1.34091,1.34082,397,1780066799.819,GBPUSD_otc
86,2026-05-29 15:00:00,1.34089,1.34096,1.34096,1.34088,383,1780067098.265,GBPUSD_otc
86,2026-05-29 15:05:00,1.34096,1.34103,1.34109,1.34096,386,1780067399.286,GBPUSD_otc
86,2026-05-29 15:10:00,1.34103,1.34099,1.34109,1.34098,395,1780067699.693,GBPUSD_otc
86,2026-05-29 15:15:00,1.34099,1.34101,1.34102,1.34096,399,1780067997.612,GBPUSD_otc
86,2026-05-29 15:20:00,1.34101,1.34103,1.34107,1.34097,409,1780068299.512,GBPUSD_otc
86,2026-05-29 15:25:00,1.34102,1.34107,1.34112,1.34102,381,1780068599.886,GBPUSD_otc
86,2026-05-29 15:30:00,1.34107,1.34106,1.34111,1.34103,389,1780068899.858,GBPUSD_otc
86,2026-05-29 15:35:00,1.34106,1.3411,1.34112,1.34102,401,1780069199.76,GBPUSD_otc
86,2026-05-29 15:40:00,1.3411,1.34113,1.34117,1.3411,407,1780069499.74,GBPUSD_otc
86,2026-05-29 15:45:00,1.34113,1.34095,1.34114,1.34092,397,1780069799.12,GBPUSD_otc
86,2026-05-29 15:50:00,1.34095,1.34104,1.34105,1.34093,405,1780070099.583,GBPUSD_otc
86,2026-05-29 15:55:00,1.34104,1.34106,1.34112,1.34104,378,1780070399.517,GBPUSD_otc
86,2026-05-29 16:00:00,1.34106,1.34114,1.34115,1.34106,406,1780070699.024,GBPUSD_otc
86,2026-05-29 16:05:00,1.34114,1.34123,1.34126,1.34114,412,1780070998.926,GBPUSD_otc
86,2026-05-29 16:10:00,1.34123,1.34122,1.34126,1.34122,399,1780071299.414,GBPUSD_otc
86,2026-05-29 16:15:00,1.34122,1.3413,1.3413,1.34119,405,1780071599.799,GBPUSD_otc
86,2026-05-29 16:20:00,1.3413,1.34113,1.3413,1.3411,380,1780071899.707,GBPUSD_otc
86,2026-05-29 16:25:00,1.34113,1.34113,1.34117,1.34108,400,1780072199.635,GBPUSD_otc
86,2026-05-29 16:30:00,1.34113,1.34108,1.34117,1.34108,408,1780072499.596,GBPUSD_otc
86,2026-05-29 16:35:00,1.34108,1.34102,1.3411,1.34098,395,1780072799.987,GBPUSD_otc
86,2026-05-29 16:40:00,1.34102,1.34103,1.34109,1.34098,396,1780073099.915,GBPUSD_otc
86,2026-05-29 16:45:00,1.34103,1.3411,1.34115,1.34102,397,1780073399.873,GBPUSD_otc
86,2026-05-29 16:50:00,1.3411,1.34119,1.34119,1.34107,396,1780073699.74,GBPUSD_otc
86,2026-05-29 16:55:00,1.34119,1.34123,1.34126,1.34117,390,1780073999.225,GBPUSD_otc
86,2026-05-29 17:00:00,1.34123,1.34125,1.34126,1.34121,404,1780074299.621,GBPUSD_otc
86,2026-05-29 17:05:00,1.34125,1.34116,1.34129,1.34116,402,1780074599.607,GBPUSD_otc
86,2026-05-29 17:10:00,1.34116,1.34107,1.34119,1.34103,406,1780074899.988,GBPUSD_otc
86,2026-05-29 17:15:00,1.34107,1.34111,1.34111,1.34101,399,1780075199.941,GBPUSD_otc
86,2026-05-29 17:20:00,1.34111,1.34103,1.34113,1.34103,384,1780075499.861,GBPUSD_otc
86,2026-05-29 17:25:00,1.34103,1.34102,1.34105,1.34097,397,1780075799.329,GBPUSD_otc
86,2026-05-29 17:30:00,1.34102,1.34106,1.34108,1.34097,388,1780076099.303,GBPUSD_otc
86,2026-05-29 17:35:00,1.34106,1.34121,1.34121,1.34106,414,1780076399.686,GBPUSD_otc
86,2026-05-29 17:40:00,1.34121,1.34116,1.34123,1.34113,408,1780076699.632,GBPUSD_otc
86,2026-05-29 17:45:00,1.34116,1.34115,1.3412,1.34114,408,1780076999.993,GBPUSD_otc
86,2026-05-29 17:50:00,1.34115,1.34121,1.34126,1.34114,388,1780077299.996,GBPUSD_otc
86,2026-05-29 17:55:00,1.34121,1.3412,1.34121,1.34117,392,1780077599.38,GBPUSD_otc
86,2026-05-29 18:00:00,1.3412,1.34111,1.34121,1.34111,377,1780077899.292,GBPUSD_otc
86,2026-05-29 18:05:00,1.34111,1.34111,1.34115,1.34108,397,1780078198.184,GBPUSD_otc
86,2026-05-29 18:10:00,1.34111,1.34118,1.34118,1.34109,411,1780078499.08,GBPUSD_otc
86,2026-05-29 18:15:00,1.34118,1.34113,1.34119,1.34109,401,1780078799.022,GBPUSD_otc
86,2026-05-29 18:20:00,1.34113,1.34118,1.34119,1.34112,395,1780079099.928,GBPUSD_otc
86,2026-05-29 18:25:00,1.34118,1.34121,1.34121,1.34112,396,1780079399.416,GBPUSD_otc
86,2026-05-29 18:30:00,1.34122,1.34112,1.34122,1.34108,376,1780079699.849,GBPUSD_otc
86,2026-05-29 18:35:00,1.34112,1.34115,1.34117,1.34108,392,1780079999.778,GBPUSD_otc
86,2026-05-29 18:40:00,1.34115,1.3411,1.34117,1.3411,402,1780080299.712,GBPUSD_otc
86,2026-05-29 18:45:00,1.3411,1.3411,1.34114,1.34107,390,1780080599.649,GBPUSD_otc
86,2026-05-29 18:50:00,1.3411,1.34119,1.34119,1.34108,383,1780080899.548,GBPUSD_otc
86,2026-05-29 18:55:00,1.34119,1.3411,1.34119,1.34109,388,1780081199.504,GBPUSD_otc
86,2026-05-29 19:00:00,1.34109,1.3411,1.34115,1.34107,396,1780081499.929,GBPUSD_otc
86,2026-05-29 19:05:00,1.3411,1.34105,1.3411,1.34104,388,1780081799.88,GBPUSD_otc
86,2026-05-29 19:10:00,1.34105,1.34109,1.34112,1.34105,383,1780082099.776,GBPUSD_otc
86,2026-05-29 19:15:00,1.34109,1.34107,1.34111,1.34102,387,1780082399.735,GBPUSD_otc
86,2026-05-29 19:20:00,1.34107,1.341,1.34107,1.34096,403,1780082699.134,GBPUSD_otc
86,2026-05-29 19:25:00,1.341,1.34096,1.34106,1.34094,390,1780082998.609,GBPUSD_otc
86,2026-05-29 19:30:00,1.34096,1.34091,1.341,1.34089,394,1780083299.578,GBPUSD_otc
86,2026-05-29 19:35:00,1.34091,1.34092,1.34098,1.34088,395,1780083599.54,GBPUSD_otc
86,2026-05-29 19:40:00,1.34092,1.34093,1.34099,1.34092,392,1780083898.939,GBPUSD_otc
86,2026-05-29 19:45:00,1.34093,1.34088,1.34097,1.34087,404,1780084199.362,GBPUSD_otc
86,2026-05-29 19:50:00,1.34088,1.34081,1.34088,1.34076,395,1780084499.75,GBPUSD_otc
86,2026-05-29 19:55:00,1.34081,1.34084,1.34086,1.3408,389,1780084799.185,GBPUSD_otc
86,2026-05-29 20:00:00,1.34084,1.34098,1.34099,1.34082,401,1780085099.554,GBPUSD_otc
86,2026-05-29 20:05:00,1.34098,1.34102,1.34105,1.34098,404,1780085399.499,GBPUSD_otc
86,2026-05-29 20:10:00,1.34102,1.34089,1.34104,1.34087,399,1780085699.92,GBPUSD_otc
86,2026-05-29 20:15:00,1.34089,1.34077,1.34093,1.34077,400,1780085999.881,GBPUSD_otc
86,2026-05-29 20:20:00,1.34077,1.34077,1.34081,1.34071,400,1780086299.709,GBPUSD_otc
86,2026-05-29 20:25:00,1.34077,1.34081,1.34088,1.34077,386,1780086599.628,GBPUSD_otc
86,2026-05-29 20:30:00,1.34081,1.34096,1.34099,1.34081,396,1780086899.566,GBPUSD_otc
86,2026-05-29 20:35:00,1.34096,1.34094,1.34099,1.34093,394,1780087199.975,GBPUSD_otc
86,2026-05-29 20:40:00,1.34094,1.34108,1.34109,1.34094,404,1780087499.911,GBPUSD_otc
86,2026-05-29 20:45:00,1.34108,1.34101,1.34112,1.341,406,1780087799.815,GBPUSD_otc
86,2026-05-29 20:50:00,1.34101,1.34103,1.34105,1.34099,403,1780088099.757,GBPUSD_otc
86,2026-05-29 20:55:00,1.34103,1.34108,1.34109,1.34099,398,1780088399.112,GBPUSD_otc
86,2026-05-29 21:00:00,1.34108,1.34102,1.3411,1.34102,399,1780088699.617,GBPUSD_otc
86,2026-05-29 21:05:00,1.34102,1.34093,1.34102,1.34093,395,1780088998.518,GBPUSD_otc
86,2026-05-29 21:10:00,1.34093,1.34105,1.34109,1.34092,398,1780089299.545,GBPUSD_otc
86,2026-05-29 21:15:00,1.34105,1.34092,1.34108,1.34089,411,1780089599.474,GBPUSD_otc
86,2026-05-29 21:20:00,1.34092,1.34088,1.34092,1.3408,401,1780089898.468,GBPUSD_otc
86,2026-05-29 21:25:00,1.34088,1.34093,1.34094,1.34084,396,1780090199.821,GBPUSD_otc
86,2026-05-29 21:30:00,1.34093,1.34097,1.34097,1.34087,387,1780090499.809,GBPUSD_otc
86,2026-05-29 21:35:00,1.34097,1.34098,1.34099,1.34091,403,1780090799.258,GBPUSD_otc
86,2026-05-29 21:40:00,1.34098,1.34099,1.34104,1.34096,398,1780091099.25,GBPUSD_otc
86,2026-05-29 21:45:00,1.34098,1.34091,1.34098,1.3409,393,1780091399.647,GBPUSD_otc
86,2026-05-29 21:50:00,1.34091,1.34096,1.34101,1.34091,395,1780091699.592,GBPUSD_otc
86,2026-05-29 21:55:00,1.34096,1.34107,1.34107,1.34094,399,1780091999.502,GBPUSD_otc
86,2026-05-29 22:00:00,1.34107,1.34112,1.34118,1.34107,391,1780092299.956,GBPUSD_otc
86,2026-05-29 22:05:00,1.34112,1.34101,1.34114,1.34101,410,1780092599.93,GBPUSD_otc
86,2026-05-29 22:10:00,1.34101,1.34087,1.34106,1.34086,397,1780092898.903,GBPUSD_otc
86,2026-05-29 22:15:00,1.34087,1.34088,1.34095,1.34087,392,1780093199.866,GBPUSD_otc
86,2026-05-29 22:20:00,1.34088,1.34094,1.34096,1.34088,380,1780093498.284,GBPUSD_otc
86,2026-05-29 22:25:00,1.34094,1.34093,1.341,1.34093,420,1780093799.753,GBPUSD_otc
86,2026-05-29 22:30:00,1.34093,1.34092,1.341,1.34092,377,1780094097.661,GBPUSD_otc
86,2026-05-29 22:35:00,1.34092,1.34098,1.34101,1.34092,399,1780094399.62,GBPUSD_otc
86,2026-05-29 22:40:00,1.34098,1.341,1.34101,1.34094,405,1780094699.543,GBPUSD_otc
86,2026-05-29 22:45:00,1.341,1.341,1.34105,1.341,393,1780094999.557,GBPUSD_otc
86,2026-05-29 22:50:00,1.341,1.34111,1.34114,1.34098,417,1780095299.972,GBPUSD_otc
86,2026-05-29 22:55:00,1.34111,1.34096,1.34111,1.34096,389,1780095599.949,GBPUSD_otc
86,2026-05-29 23:00:00,1.34096,1.3409,1.34096,1.34085,400,1780095899.862,GBPUSD_otc
86,2026-05-29 23:05:00,1.3409,1.34086,1.34091,1.34083,417,1780096199.873,GBPUSD_otc
86,2026-05-29 23:10:00,1.34086,1.34077,1.34088,1.34077,402,1780096499.762,GBPUSD_otc
86,2026-05-29 23:15:00,1.34078,1.34087,1.34088,1.34076,404,1780096799.777,GBPUSD_otc
86,2026-05-29 23:20:00,1.34087,1.34094,1.34094,1.34084,380,1780097099.141,GBPUSD_otc
86,2026-05-29 23:25:00,1.34094,1.34085,1.34095,1.34085,392,1780097398.613,GBPUSD_otc
86,2026-05-29 23:30:00,1.34085,1.34087,1.34088,1.34078,385,1780097698.068,GBPUSD_otc
86,2026-05-29 23:35:00,1.34087,1.34072,1.34088,1.34072,403,1780097999.061,GBPUSD_otc
86,2026-05-29 23:40:00,1.34072,1.34076,1.34077,1.3407,419,1780098298.904,GBPUSD_otc
86,2026-05-29 23:45:00,1.34076,1.3408,1.34085,1.34076,400,1780098599.81,GBPUSD_otc
86,2026-05-29 23:50:00,1.34079,1.34076,1.34084,1.34076,406,1780098899.31,GBPUSD_otc
86,2026-05-29 23:55:00,1.34076,1.3408,1.34082,1.34073,388,1780099198.714,GBPUSD_otc
86,2026-05-30 00:00:00,1.3408,1.34079,1.3408,1.34068,397,1780099499.703,GBPUSD_otc
86,2026-05-30 00:05:00,1.34079,1.34081,1.34083,1.34074,392,1780099799.62,GBPUSD_otc
86,2026-05-30 00:10:00,1.34081,1.34096,1.34096,1.3408,397,1780100099.601,GBPUSD_otc
86,2026-05-30 00:15:00,1.34096,1.34103,1.34105,1.34095,392,1780100399.01,GBPUSD_otc
86,2026-05-30 00:20:00,1.34103,1.34111,1.34112,1.34101,397,1780100699.041,GBPUSD_otc
86,2026-05-30 00:25:00,1.34112,1.34116,1.34119,1.34111,426,1780100999.992,GBPUSD_otc
86,2026-05-30 00:30:00,1.34117,1.34118,1.34119,1.34109,408,1780101299.44,GBPUSD_otc
86,2026-05-30 00:35:00,1.34118,1.3413,1.3413,1.34118,383,1780101599.804,GBPUSD_otc
86,2026-05-30 00:40:00,1.3413,1.34125,1.3413,1.34122,403,1780101899.327,GBPUSD_otc
86,2026-05-30 00:45:00,1.34125,1.34136,1.34136,1.34125,411,1780102199.723,GBPUSD_otc
86,2026-05-30 00:50:00,1.34136,1.3414,1.34141,1.34131,400,1780102499.753,GBPUSD_otc
86,2026-05-30 00:55:00,1.3414,1.34138,1.34144,1.34136,406,1780102799.164,GBPUSD_otc
86,2026-05-30 01:00:00,1.34138,1.34135,1.34144,1.34134,406,1780103099.659,GBPUSD_otc
86,2026-05-30 01:05:00,1.34135,1.34151,1.34151,1.34132,413,1780103399.567,GBPUSD_otc
86,2026-05-30 01:10:00,1.34151,1.34148,1.34152,1.34146,389,1780103699.54,GBPUSD_otc
86,2026-05-30 01:15:00,1.34148,1.34148,1.34153,1.34146,373,1780103999.94,GBPUSD_otc
86,2026-05-30 01:20:00,1.34148,1.34161,1.34161,1.34148,390,1780104299.942,GBPUSD_otc
86,2026-05-30 01:25:00,1.34161,1.34164,1.34168,1.34161,402,1780104599.343,GBPUSD_otc
86,2026-05-30 01:30:00,1.34164,1.3416,1.34165,1.34159,399,1780104899.354,GBPUSD_otc
86,2026-05-30 01:35:00,1.3416,1.34159,1.34166,1.34159,407,1780105199.74,GBPUSD_otc
86,2026-05-30 01:40:00,1.34159,1.34153,1.3416,1.34145,403,1780105498.752,GBPUSD_otc
86,2026-05-30 01:45:00,1.34153,1.34158,1.3416,1.34148,403,1780105798.63,GBPUSD_otc
86,2026-05-30 01:50:00,1.34159,1.34161,1.34169,1.34159,394,1780106099.597,GBPUSD_otc
86,2026-05-30 01:55:00,1.34161,1.34175,1.34175,1.34161,421,1780106399.545,GBPUSD_otc
86,2026-05-30 02:00:00,1.34175,1.34187,1.34189,1.34173,392,1780106699.018,GBPUSD_otc
86,2026-05-30 02:05:00,1.34187,1.34184,1.3419,1.3418,406,1780106999.948,GBPUSD_otc
86,2026-05-30 02:10:00,1.34184,1.3418,1.34187,1.3418,401,1780107298.348,GBPUSD_otc
86,2026-05-30 02:15:00,1.3418,1.34189,1.3419,1.34179,418,1780107599.327,GBPUSD_otc
86,2026-05-30 02:20:00,1.34189,1.34197,1.342,1.34186,399,1780107898.834,GBPUSD_otc
86,2026-05-30 02:25:00,1.34197,1.34187,1.34201,1.34186,416,1780108199.784,GBPUSD_otc
86,2026-05-30 02:30:00,1.34187,1.34191,1.34194,1.34183,396,1780108499.27,GBPUSD_otc
86,2026-05-30 02:35:00,1.34191,1.342,1.34201,1.34189,405,1780108799.74,GBPUSD_otc
86,2026-05-30 02:40:00,1.34201,1.34188,1.34201,1.34187,408,1780109099.697,GBPUSD_otc
86,2026-05-30 02:45:00,1.34188,1.34184,1.34189,1.34178,407,1780109399.704,GBPUSD_otc
86,2026-05-30 02:50:00,1.34184,1.34187,1.34196,1.34184,404,1780109699.723,GBPUSD_otc
86,2026-05-30 02:55:00,1.34187,1.342,1.342,1.34186,410,1780109998.619,GBPUSD_otc
86,2026-05-30 03:00:00,1.342,1.34196,1.34203,1.34189,399,1780110299.628,GBPUSD_otc
86,2026-05-30 03:05:00,1.34196,1.34196,1.34205,1.34193,408,1780110599.999,GBPUSD_otc
86,2026-05-30 03:10:00,1.34196,1.34189,1.34196,1.34188,389,1780110899.977,GBPUSD_otc
86,2026-05-30 03:15:00,1.34189,1.34182,1.3419,1.34176,426,1780111199.878,GBPUSD_otc
86,2026-05-30 03:20:00,1.34182,1.34177,1.34184,1.34174,394,1780111499.858,GBPUSD_otc
86,2026-05-30 03:25:00,1.34177,1.34182,1.34186,1.34177,401,1780111799.79,GBPUSD_otc
86,2026-05-30 03:30:00,1.34182,1.34196,1.34196,1.3418,397,1780112099.18,GBPUSD_otc
86,2026-05-30 03:35:00,1.34196,1.34194,1.34198,1.34192,403,1780112399.711,GBPUSD_otc
86,2026-05-30 03:40:00,1.34194,1.34184,1.34196,1.34183,411,1780112699.641,GBPUSD_otc
86,2026-05-30 03:45:00,1.34184,1.34192,1.34199,1.34184,409,1780112999.118,GBPUSD_otc
86,2026-05-30 03:50:00,1.34192,1.3418,1.34193,1.34179,406,1780113299.585,GBPUSD_otc
86,2026-05-30 03:55:00,1.3418,1.34172,1.34183,1.34172,399,1780113599.544,GBPUSD_otc
86,2026-05-30 04:00:00,1.34172,1.34166,1.34174,1.34165,407,1780113899.958,GBPUSD_otc
86,2026-05-30 04:05:00,1.34166,1.3417,1.3417,1.34162,405,1780114199.932,GBPUSD_otc
86,2026-05-30 04:10:00,1.3417,1.34159,1.34171,1.34159,374,1780114499.88,GBPUSD_otc
86,2026-05-30 04:15:00,1.34159,1.34157,1.34164,1.34156,406,1780114798.39,GBPUSD_otc
86,2026-05-30 04:20:00,1.34157,1.3415,1.34158,1.34148,419,1780115099.832,GBPUSD_otc
86,2026-05-30 04:25:00,1.3415,1.34152,1.34156,1.34149,393,1780115399.353,GBPUSD_otc
86,2026-05-30 04:30:00,1.34152,1.34159,1.34161,1.34149,405,1780115699.254,GBPUSD_otc
86,2026-05-30 04:35:00,1.34159,1.34151,1.34159,1.34142,418,1780115999.757,GBPUSD_otc
86,2026-05-30 04:40:00,1.34151,1.3415,1.34156,1.34147,416,1780116299.189,GBPUSD_otc
86,2026-05-30 04:45:00,1.3415,1.34144,1.34153,1.34143,404,1780116599.216,GBPUSD_otc
86,2026-05-30 04:50:00,1.34144,1.34147,1.34154,1.34144,408,1780116899.197,GBPUSD_otc
86,2026-05-30 04:55:00,1.34147,1.34153,1.34157,1.34147,395,1780117199.686,GBPUSD_otc
86,2026-05-30 05:00:00,1.34153,1.34153,1.34158,1.34147,394,1780117499.121,GBPUSD_otc
86,2026-05-30 05:05:00,1.34153,1.34155,1.34159,1.34153,407,1780117799.598,GBPUSD_otc
86,2026-05-30 05:10:00,1.34155,1.34157,1.34163,1.34155,393,1780118099.531,GBPUSD_otc
86,2026-05-30 05:15:00,1.34157,1.34165,1.34167,1.34157,406,1780118399.511,GBPUSD_otc
86,2026-05-30 05:20:00,1.34165,1.34168,1.3417,1.34159,412,1780118699.892,GBPUSD_otc
86,2026-05-30 05:25:00,1.34168,1.34176,1.34177,1.34164,408,1780118999.422,GBPUSD_otc
86,2026-05-30 05:30:00,1.34176,1.34178,1.3418,1.34175,403,1780119299.842,GBPUSD_otc
86,2026-05-30 05:35:00,1.34179,1.34188,1.34193,1.34179,412,1780119599.831,GBPUSD_otc
86,2026-05-30 05:40:00,1.34188,1.34199,1.34201,1.34188,398,1780119899.254,GBPUSD_otc
86,2026-05-30 05:45:00,1.34199,1.34195,1.342,1.34191,385,1780120199.786,GBPUSD_otc
86,2026-05-30 05:50:00,1.34195,1.34198,1.34203,1.34194,404,1780120499.737,GBPUSD_otc
86,2026-05-30 05:55:00,1.34198,1.34189,1.34198,1.34189,392,1780120799.759,GBPUSD_otc
86,2026-05-30 06:00:00,1.34189,1.3419,1.34191,1.34185,395,1780121099.713,GBPUSD_otc
86,2026-05-30 06:05:00,1.3419,1.34183,1.3419,1.34181,394,1780121399.691,GBPUSD_otc
86,2026-05-30 06:10:00,1.34183,1.34175,1.34185,1.34174,399,1780121698.592,GBPUSD_otc
86,2026-05-30 06:15:00,1.34176,1.34171,1.34182,1.34168,403,1780121999.603,GBPUSD_otc
86,2026-05-30 06:20:00,1.34171,1.34174,1.34181,1.3417,398,1780122299.07,GBPUSD_otc
86,2026-05-30 06:25:00,1.34174,1.34151,1.34175,1.34151,420,1780122599.058,GBPUSD_otc
86,2026-05-30 06:30:00,1.3415,1.34149,1.34159,1.34149,394,1780122899.571,GBPUSD_otc
86,2026-05-30 06:35:00,1.34149,1.34153,1.34158,1.34147,397,1780123199.514,GBPUSD_otc
86,2026-05-30 06:40:00,1.34153,1.34156,1.34157,1.34148,405,1780123499.534,GBPUSD_otc
86,2026-05-30 06:45:00,1.34156,1.34158,1.34162,1.34156,412,1780123799.865,GBPUSD_otc
86,2026-05-30 06:50:00,1.34158,1.34166,1.34168,1.34158,402,1780124098.87,GBPUSD_otc
86,2026-05-30 06:55:00,1.34166,1.34166,1.34171,1.34164,404,1780124399.841,GBPUSD_otc
86,2026-05-30 07:00:00,1.34166,1.34155,1.3417,1.34153,388,1780124699.755,GBPUSD_otc
86,2026-05-30 07:05:00,1.34155,1.3414,1.34158,1.3414,409,1780124999.707,GBPUSD_otc
86,2026-05-30 07:10:00,1.3414,1.3415,1.34152,1.3414,400,1780125298.545,GBPUSD_otc
86,2026-05-30 07:15:00,1.3415,1.34148,1.34151,1.34143,419,1780125599.595,GBPUSD_otc
86,2026-05-30 07:20:00,1.34148,1.34151,1.34151,1.34144,396,1780125899.999,GBPUSD_otc
86,2026-05-30 07:25:00,1.34151,1.34153,1.34154,1.34148,417,1780126199.978,GBPUSD_otc
86,2026-05-30 07:30:00,1.34153,1.34157,1.34157,1.34149,399,1780126499.93,GBPUSD_otc
86,2026-05-30 07:35:00,1.34157,1.34147,1.3416,1.34147,375,1780126799.918,GBPUSD_otc
86,2026-05-30 07:40:00,1.34147,1.3414,1.3415,1.34135,406,1780127099.82,GBPUSD_otc
86,2026-05-30 07:45:00,1.3414,1.34133,1.34146,1.34133,380,1780127398.794,GBPUSD_otc
86,2026-05-30 07:50:00,1.34133,1.34136,1.34139,1.34132,373,1780127699.735,GBPUSD_otc
86,2026-05-30 07:55:00,1.34135,1.34134,1.34138,1.34132,415,1780127999.649,GBPUSD_otc
86,2026-05-30 08:00:00,1.34134,1.34126,1.34137,1.34125,394,1780128298.144,GBPUSD_otc
86,2026-05-30 08:05:00,1.34126,1.34127,1.34128,1.34118,415,1780128599.574,GBPUSD_otc
86,2026-05-30 08:10:00,1.34127,1.34136,1.34139,1.34124,396,1780128899.611,GBPUSD_otc
86,2026-05-30 08:15:00,1.34136,1.34139,1.34144,1.34135,395,1780129199.611,GBPUSD_otc
86,2026-05-30 08:20:00,1.34139,1.34139,1.34143,1.34137,394,1780129499.603,GBPUSD_otc
86,2026-05-30 08:25:00,1.34139,1.34142,1.34145,1.34137,399,1780129799.627,GBPUSD_otc
86,2026-05-30 08:30:00,1.34142,1.34151,1.34152,1.34141,373,1780130099.574,GBPUSD_otc
86,2026-05-30 08:35:00,1.34151,1.3414,1.34151,1.34136,409,1780130399.592,GBPUSD_otc
86,2026-05-30 08:40:00,1.3414,1.34151,1.34151,1.34139,408,1780130699.523,GBPUSD_otc
86,2026-05-30 08:45:00,1.34151,1.3415,1.34152,1.34144,410,1780130999.533,GBPUSD_otc
86,2026-05-30 08:50:00,1.3415,1.34152,1.34158,1.3415,397,1780131299.531,GBPUSD_otc
86,2026-05-30 08:55:00,1.34152,1.34165,1.34168,1.34149,389,1780131599.962,GBPUSD_otc
86,2026-05-30 09:00:00,1.34165,1.34164,1.34167,1.34159,391,1780131899.366,GBPUSD_otc
86,2026-05-30 09:05:00,1.34164,1.34169,1.34172,1.34161,420,1780132199.901,GBPUSD_otc
86,2026-05-30 09:10:00,1.34169,1.34166,1.34173,1.34164,377,1780132499.835,GBPUSD_otc
86,2026-05-30 09:15:00,1.34166,1.34162,1.34167,1.34159,399,1780132799.792,GBPUSD_otc
86,2026-05-30 09:20:00,1.34162,1.34154,1.34162,1.34152,398,1780133099.676,GBPUSD_otc
86,2026-05-30 09:25:00,1.34155,1.3415,1.34155,1.34145,398,1780133399.651,GBPUSD_otc
86,2026-05-30 09:30:00,1.3415,1.34138,1.34152,1.34138,412,1780133699.096,GBPUSD_otc
86,2026-05-30 09:35:00,1.34138,1.34136,1.34139,1.34132,379,1780133999.62,GBPUSD_otc
86,2026-05-30 09:40:00,1.34136,1.34133,1.34138,1.34131,409,1780134299.07,GBPUSD_otc
86,2026-05-30 09:45:00,1.34133,1.34137,1.3414,1.34132,397,1780134599.568,GBPUSD_otc
86,2026-05-30 09:50:00,1.34137,1.34132,1.34137,1.34131,403,1780134899.512,GBPUSD_otc
86,2026-05-30 09:55:00,1.34132,1.34128,1.34136,1.34124,400,1780135199.019,GBPUSD_otc
86,2026-05-30 10:00:00,1.34128,1.34132,1.34134,1.34126,404,1780135499.983,GBPUSD_otc
86,2026-05-30 10:05:00,1.34132,1.3412,1.34133,1.3412,383,1780135799.959,GBPUSD_otc
86,2026-05-30 10:10:00,1.3412,1.34123,1.34128,1.3412,422,1780136099.459,GBPUSD_otc
86,2026-05-30 10:15:00,1.34123,1.34114,1.34123,1.34112,403,1780136399.892,GBPUSD_otc
86,2026-05-30 10:20:00,1.34114,1.34105,1.34114,1.34102,399,1780136699.935,GBPUSD_otc
86,2026-05-30 10:25:00,1.34105,1.34095,1.34106,1.34094,406,1780136999.339,GBPUSD_otc
86,2026-05-30 10:30:00,1.34095,1.34095,1.34098,1.34087,411,1780137299.845,GBPUSD_otc
86,2026-05-30 10:35:00,1.34095,1.34108,1.34109,1.34095,375,1780137598.294,GBPUSD_otc
86,2026-05-30 10:40:00,1.34108,1.34104,1.34111,1.34102,408,1780137899.827,GBPUSD_otc
86,2026-05-30 10:45:00,1.34104,1.34099,1.3411,1.34094,377,1780138199.781,GBPUSD_otc
86,2026-05-30 10:50:00,1.34099,1.34095,1.34101,1.34095,387,1780138499.273,GBPUSD_otc
86,2026-05-30 10:55:00,1.34095,1.3409,1.34099,1.3409,399,1780138799.712,GBPUSD_otc
86,2026-05-30 11:00:00,1.3409,1.34089,1.34091,1.34085,407,1780139099.694,GBPUSD_otc
86,2026-05-30 11:05:00,1.34089,1.34089,1.34092,1.34085,403,1780139399.604,GBPUSD_otc
86,2026-05-30 11:10:00,1.34089,1.34091,1.34092,1.34085,405,1780139699.62,GBPUSD_otc
86,2026-05-30 11:15:00,1.34091,1.34094,1.34099,1.3409,397,1780139999.988,GBPUSD_otc
86,2026-05-30 11:20:00,1.34094,1.34096,1.34099,1.3409,425,1780140299.019,GBPUSD_otc
86,2026-05-30 11:25:00,1.34096,1.341,1.34101,1.3409,410,1780140599.913,GBPUSD_otc
86,2026-05-30 11:30:00,1.341,1.34099,1.34111,1.34099,405,1780140899.448,GBPUSD_otc
86,2026-05-30 11:35:00,1.34099,1.34086,1.34099,1.34082,385,1780141199.845,GBPUSD_otc
86,2026-05-30 11:40:00,1.34086,1.34085,1.34089,1.34084,401,1780141499.849,GBPUSD_otc
86,2026-05-30 11:45:00,1.34085,1.34093,1.34095,1.34085,371,1780141799.735,GBPUSD_otc
86,2026-05-30 11:50:00,1.34092,1.34089,1.34092,1.34083,389,1780142099.75,GBPUSD_otc
86,2026-05-30 11:55:00,1.34089,1.34082,1.34091,1.34077,392,1780142399.682,GBPUSD_otc
86,2026-05-30 12:00:00,1.34082,1.34087,1.34088,1.34081,409,1780142699.693,GBPUSD_otc
86,2026-05-30 12:05:00,1.34087,1.34089,1.34095,1.34084,389,1780142999.623,GBPUSD_otc
86,2026-05-30 12:10:00,1.34089,1.34095,1.34098,1.34089,387,1780143299.646,GBPUSD_otc
86,2026-05-30 12:15:00,1.34095,1.34106,1.34106,1.34095,392,1780143599.585,GBPUSD_otc
86,2026-05-30 12:20:00,1.34106,1.34107,1.34113,1.34101,408,1780143899.168,GBPUSD_otc
86,2026-05-30 12:25:00,1.34107,1.34102,1.34109,1.34101,395,1780144199.66,GBPUSD_otc
86,2026-05-30 12:30:00,1.34102,1.34096,1.34102,1.34096,377,1780144499.677,GBPUSD_otc
86,2026-05-30 12:35:00,1.34096,1.34093,1.34099,1.3409,385,1780144799.638,GBPUSD_otc
86,2026-05-30 12:40:00,1.34093,1.34083,1.34094,1.34083,399,1780145099.545,GBPUSD_otc
86,2026-05-30 12:45:00,1.34084,1.34072,1.34085,1.34067,408,1780145399.551,GBPUSD_otc
86,2026-05-30 12:50:00,1.34072,1.34076,1.3408,1.34069,390,1780145699.03,GBPUSD_otc
86,2026-05-30 12:55:00,1.34076,1.34071,1.34079,1.34067,395,1780145999.546,GBPUSD_otc
86,2026-05-30 13:00:00,1.34071,1.34068,1.34074,1.34064,410,1780146299.538,GBPUSD_otc
86,2026-05-30 13:05:00,1.34068,1.3407,1.34074,1.34067,396,1780146599.569,GBPUSD_otc
86,2026-05-30 13:10:00,1.3407,1.3407,1.34076,1.34067,397,1780146899.997,GBPUSD_otc
86,2026-05-30 13:15:00,1.3407,1.34075,1.34082,1.3407,393,1780147199.485,GBPUSD_otc
86,2026-05-30 13:20:00,1.34075,1.34079,1.34089,1.34072,410,1780147499.443,GBPUSD_otc
86,2026-05-30 13:25:00,1.34079,1.34087,1.34093,1.34079,412,1780147799.45,GBPUSD_otc
86,2026-05-30 13:30:00,1.34087,1.34079,1.34087,1.34077,413,1780148099.962,GBPUSD_otc
86,2026-05-30 13:35:00,1.34079,1.34086,1.34091,1.34079,412,1780148399.409,GBPUSD_otc
86,2026-05-30 13:40:00,1.34086,1.34088,1.34092,1.34084,404,1780148699.847,GBPUSD_otc
86,2026-05-30 13:45:00,1.34088,1.34086,1.34091,1.34084,400,1780148999.858,GBPUSD_otc
86,2026-05-30 13:50:00,1.34086,1.34086,1.34092,1.34083,400,1780149299.85,GBPUSD_otc
86,2026-05-30 13:55:00,1.34086,1.34089,1.34096,1.34085,407,1780149599.35,GBPUSD_otc
86,2026-05-30 14:00:00,1.34089,1.34091,1.34094,1.34084,400,1780149899.898,GBPUSD_otc
86,2026-05-30 14:05:00,1.34091,1.34086,1.34092,1.34086,409,1780150198.321,GBPUSD_otc
86,2026-05-30 14:10:00,1.34086,1.3408,1.3409,1.3408,397,1780150499.871,GBPUSD_otc
86,2026-05-30 14:15:00,1.3408,1.34076,1.3408,1.34068,396,1780150799.861,GBPUSD_otc
86,2026-05-30 14:20:00,1.34076,1.34072,1.34077,1.34067,393,1780151099.353,GBPUSD_otc
86,2026-05-30 14:25:00,1.34072,1.34071,1.34075,1.34069,371,1780151399.327,GBPUSD_otc
86,2026-05-30 14:30:00,1.34071,1.34082,1.34085,1.34071,405,1780151699.32,GBPUSD_otc
86,2026-05-30 14:35:00,1.34082,1.3408,1.34082,1.34077,419,1780151999.335,GBPUSD_otc
86,2026-05-30 14:40:00,1.3408,1.34084,1.34091,1.34077,399,1780152299.838,GBPUSD_otc
86,2026-05-30 14:45:00,1.34084,1.34073,1.34084,1.34071,409,1780152599.898,GBPUSD_otc
86,2026-05-30 14:50:00,1.34073,1.34073,1.34077,1.34068,405,1780152898.32,GBPUSD_otc
86,2026-05-30 14:55:00,1.34073,1.34068,1.34075,1.34065,393,1780153199.853,GBPUSD_otc
86,2026-05-30 15:00:00,1.34068,1.34075,1.34075,1.34067,405,1780153499.731,GBPUSD_otc
86,2026-05-30 15:05:00,1.34075,1.34083,1.34086,1.3407,399,1780153799.754,GBPUSD_otc
86,2026-05-30 15:10:00,1.34083,1.34086,1.34086,1.34077,399,1780154099.73,GBPUSD_otc
86,2026-05-30 15:15:00,1.34086,1.34079,1.34086,1.34078,411,1780154399.221,GBPUSD_otc
86,2026-05-30 15:20:00,1.34079,1.34087,1.34088,1.34071,396,1780154699.144,GBPUSD_otc
86,2026-05-30 15:25:00,1.34087,1.34094,1.34095,1.34087,397,1780154999.682,GBPUSD_otc
86,2026-05-30 15:30:00,1.34094,1.34099,1.34106,1.3409,408,1780155299.573,GBPUSD_otc
86,2026-05-30 15:35:00,1.34099,1.34107,1.34107,1.34095,379,1780155599.592,GBPUSD_otc
86,2026-05-30 15:40:00,1.34107,1.34099,1.34111,1.34099,398,1780155899.567,GBPUSD_otc
86,2026-05-30 15:45:00,1.34099,1.34112,1.34113,1.34098,418,1780156199.629,GBPUSD_otc
86,2026-05-30 15:50:00,1.34111,1.34107,1.34114,1.34104,399,1780156499.069,GBPUSD_otc
86,2026-05-30 15:55:00,1.34108,1.34117,1.34119,1.34106,414,1780156799.592,GBPUSD_otc
86,2026-05-30 16:00:00,1.34117,1.34118,1.3412,1.34115,393,1780157099.602,GBPUSD_otc
86,2026-05-30 16:05:00,1.34118,1.34111,1.34121,1.3411,399,1780157399.537,GBPUSD_otc
86,2026-05-30 16:10:00,1.34111,1.34105,1.34116,1.34104,405,1780157699.585,GBPUSD_otc
86,2026-05-30 16:15:00,1.34105,1.34111,1.34112,1.34105,384,1780157998.994,GBPUSD_otc
86,2026-05-30 16:20:00,1.34111,1.34111,1.34118,1.34111,394,1780158298.503,GBPUSD_otc
86,2026-05-30 16:25:00,1.34111,1.34102,1.34111,1.34098,395,1780158599.942,GBPUSD_otc
86,2026-05-30 16:30:00,1.34102,1.34101,1.34103,1.34097,383,1780158899.985,GBPUSD_otc
86,2026-05-30 16:35:00,1.34101,1.34098,1.34107,1.34098,415,1780159199.917,GBPUSD_otc
86,2026-05-30 16:40:00,1.34098,1.34106,1.34108,1.34095,393,1780159499.967,GBPUSD_otc
86,2026-05-30 16:45:00,1.34106,1.34108,1.34111,1.34102,397,1780159799.836,GBPUSD_otc
86,2026-05-30 16:50:00,1.34108,1.341,1.34114,1.341,406,1780160099.302,GBPUSD_otc
86,2026-05-30 16:55:00,1.341,1.3409,1.341,1.3409,390,1780160399.838,GBPUSD_otc
86,2026-05-30 17:00:00,1.3409,1.34095,1.341,1.34087,404,1780160699.397,GBPUSD_otc
86,2026-05-30 17:05:00,1.34095,1.34087,1.34099,1.34087,397,1780160999.857,GBPUSD_otc
86,2026-05-30 17:10:00,1.34087,1.34085,1.34088,1.34081,396,1780161299.352,GBPUSD_otc
86,2026-05-30 17:15:00,1.34085,1.34096,1.34098,1.34084,408,1780161599.783,GBPUSD_otc
86,2026-05-30 17:20:00,1.34096,1.34089,1.34097,1.34087,411,1780161899.822,GBPUSD_otc
86,2026-05-30 17:25:00,1.34089,1.34088,1.34094,1.34086,407,1780162199.789,GBPUSD_otc
86,2026-05-30 17:30:00,1.34088,1.34101,1.34104,1.34088,398,1780162497.774,GBPUSD_otc
86,2026-05-30 17:35:00,1.34101,1.34098,1.34104,1.34096,378,1780162799.776,GBPUSD_otc
86,2026-05-30 17:40:00,1.34098,1.341,1.34108,1.34096,404,1780163099.754,GBPUSD_otc
86,2026-05-30 17:45:00,1.341,1.34108,1.34111,1.34099,386,1780163399.276,GBPUSD_otc
86,2026-05-30 17:50:00,1.34108,1.34115,1.34115,1.34105,388,1780163699.269,GBPUSD_otc
86,2026-05-30 17:55:00,1.34115,1.34102,1.34116,1.34102,401,1780163999.767,GBPUSD_otc
86,2026-05-30 18:00:00,1.34102,1.34096,1.34104,1.34094,386,1780164299.71,GBPUSD_otc
86,2026-05-30 18:05:00,1.34096,1.34099,1.34101,1.34089,410,1780164599.742,GBPUSD_otc
86,2026-05-30 18:10:00,1.34099,1.34096,1.341,1.34094,416,1780164899.68,GBPUSD_otc
86,2026-05-30 18:15:00,1.34096,1.34102,1.34103,1.34096,415,1780165199.708,GBPUSD_otc
86,2026-05-30 18:20:00,1.34102,1.34099,1.34107,1.34098,393,1780165499.132,GBPUSD_otc
86,2026-05-30 18:25:00,1.34099,1.34114,1.34117,1.34099,396,1780165799.119,GBPUSD_otc
86,2026-05-30 18:30:00,1.34114,1.3412,1.34124,1.34114,377,1780166099.08,GBPUSD_otc
86,2026-05-30 18:35:00,1.34119,1.34111,1.3412,1.3411,414,1780166399.574,GBPUSD_otc
86,2026-05-30 18:40:00,1.34112,1.34099,1.34112,1.34097,406,1780166699.583,GBPUSD_otc
86,2026-05-30 18:45:00,1.34099,1.34098,1.34104,1.34094,393,1780166999.53,GBPUSD_otc
86,2026-05-30 18:50:00,1.34098,1.34085,1.34098,1.34085,392,1780167299.558,GBPUSD_otc
86,2026-05-30 18:55:00,1.34085,1.34088,1.34088,1.34076,402,1780167599.981,GBPUSD_otc
86,2026-05-30 19:00:00,1.34088,1.34091,1.34093,1.34087,401,1780167899.549,GBPUSD_otc
86,2026-05-30 19:05:00,1.34091,1.34096,1.34097,1.34087,387,1780168199.446,GBPUSD_otc
86,2026-05-30 19:10:00,1.34096,1.34083,1.34097,1.34081,393,1780168498.969,GBPUSD_otc
86,2026-05-30 19:15:00,1.34084,1.34091,1.34093,1.34081,375,1780168799.382,GBPUSD_otc
86,2026-05-30 19:20:00,1.34091,1.34087,1.34096,1.34085,413,1780169099.941,GBPUSD_otc
86,2026-05-30 19:25:00,1.34087,1.34089,1.3409,1.3408,396,1780169398.345,GBPUSD_otc
86,2026-05-30 19:30:00,1.34089,1.34096,1.34101,1.34089,388,1780169699.88,GBPUSD_otc
86,2026-05-30 19:35:00,1.34096,1.34093,1.34102,1.34093,421,1780169998.785,GBPUSD_otc
86,2026-05-30 19:40:00,1.34093,1.3409,1.34096,1.34088,404,1780170299.735,GBPUSD_otc
86,2026-05-30 19:45:00,1.3409,1.34085,1.34092,1.34081,399,1780170599.638,GBPUSD_otc
86,2026-05-30 19:50:00,1.34085,1.34091,1.34098,1.34083,405,1780170899.538,GBPUSD_otc
86,2026-05-30 19:55:00,1.34091,1.34088,1.34091,1.34085,394,1780171199.543,GBPUSD_otc
86,2026-05-30 20:00:00,1.34088,1.3409,1.34092,1.34082,392,1780171499.998,GBPUSD_otc
86,2026-05-30 20:05:00,1.34091,1.34086,1.34096,1.34085,393,1780171799.977,GBPUSD_otc
86,2026-05-30 20:10:00,1.34086,1.34094,1.34096,1.34083,401,1780172099.927,GBPUSD_otc
86,2026-05-30 20:15:00,1.34094,1.34102,1.34103,1.34094,390,1780172399.898,GBPUSD_otc
86,2026-05-30 20:20:00,1.34102,1.34112,1.34115,1.34102,407,1780172699.37,GBPUSD_otc
86,2026-05-30 20:25:00,1.34112,1.34521,1.34526,1.34112,425,1780172999.807,GBPUSD_otc
86,2026-05-30 20:30:00,1.34521,1.34527,1.3453,1.34521,387,1780173299.726,GBPUSD_otc
86,2026-05-30 20:35:00,1.34527,1.34534,1.34534,1.34527,403,1780173599.718,GBPUSD_otc
86,2026-05-30 20:40:00,1.34534,1.34538,1.34541,1.34533,404,1780173899.707,GBPUSD_otc
86,2026-05-30 20:45:00,1.34538,1.34545,1.34546,1.34534,404,1780174199.628,GBPUSD_otc
86,2026-05-30 20:50:00,1.34545,1.34564,1.34564,1.34543,390,1780174499.12,GBPUSD_otc
86,2026-05-30 20:55:00,1.34564,1.34556,1.34568,1.34556,406,1780174799.072,GBPUSD_otc
86,2026-05-30 21:00:00,1.34556,1.34544,1.34556,1.34544,413,1780175098.504,GBPUSD_otc
86,2026-05-30 21:05:00,1.34544,1.34545,1.3455,1.34538,412,1780175399.991,GBPUSD_otc
86,2026-05-30 21:10:00,1.34545,1.34552,1.34553,1.34542,418,1780175699.955,GBPUSD_otc
86,2026-05-30 21:15:00,1.34552,1.34557,1.34563,1.34552,388,1780175997.378,GBPUSD_otc
86,2026-05-30 21:20:00,1.34557,1.34561,1.34562,1.34554,403,1780176299.305,GBPUSD_otc
86,2026-05-30 21:25:00,1.34561,1.34558,1.34565,1.34552,417,1780176599.263,GBPUSD_otc
86,2026-05-30 21:30:00,1.34558,1.34547,1.34561,1.34546,392,1780176899.747,GBPUSD_otc
86,2026-05-30 21:35:00,1.34547,1.34549,1.34552,1.34543,389,1780177199.714,GBPUSD_otc
86,2026-05-30 21:40:00,1.34549,1.34549,1.34553,1.34545,408,1780177497.622,GBPUSD_otc
86,2026-05-30 21:45:00,1.34549,1.34567,1.34568,1.34549,406,1780177799.642,GBPUSD_otc
86,2026-05-30 21:50:00,1.34567,1.34564,1.3457,1.34559,419,1780178099.535,GBPUSD_otc
86,2026-05-30 21:55:00,1.34564,1.34557,1.34566,1.34557,398,1780178399.545,GBPUSD_otc
86,2026-05-30 22:00:00,1.34557,1.34562,1.34566,1.34557,394,1780178699.515,GBPUSD_otc
86,2026-05-30 22:05:00,1.34562,1.34569,1.34571,1.34559,383,1780178999.984,GBPUSD_otc
86,2026-05-30 22:10:00,1.34569,1.34565,1.34573,1.34563,399,1780179299.905,GBPUSD_otc
86,2026-05-30 22:15:00,1.34565,1.34563,1.3457,1.34558,397,1780179598.385,GBPUSD_otc
86,2026-05-30 22:20:00,1.34563,1.34554,1.34563,1.34553,375,1780179899.311,GBPUSD_otc
86,2026-05-30 22:25:00,1.34554,1.34555,1.3456,1.34549,398,1780180199.781,GBPUSD_otc
86,2026-05-30 22:30:00,1.34555,1.34565,1.34566,1.34555,409,1780180499.774,GBPUSD_otc
86,2026-05-30 22:35:00,1.34565,1.3457,1.34573,1.34563,395,1780180799.704,GBPUSD_otc
86,2026-05-30 22:40:00,1.3457,1.34586,1.34587,1.3457,391,1780181099.65,GBPUSD_otc
86,2026-05-30 22:45:00,1.34586,1.34584,1.34591,1.34581,419,1780181399.126,GBPUSD_otc
86,2026-05-30 22:50:00,1.34584,1.34585,1.34586,1.34576,392,1780181699.587,GBPUSD_otc
86,2026-05-30 22:55:00,1.34586,1.34592,1.34596,1.34586,417,1780181999.527,GBPUSD_otc
86,2026-05-30 23:00:00,1.34592,1.34603,1.34603,1.3459,415,1780182299.997,GBPUSD_otc
86,2026-05-30 23:05:00,1.34603,1.34624,1.34625,1.34603,397,1780182599.42,GBPUSD_otc
86,2026-05-30 23:10:00,1.34625,1.34627,1.34629,1.34623,394,1780182899.919,GBPUSD_otc
86,2026-05-30 23:15:00,1.34627,1.34638,1.34639,1.34624,384,1780183199.842,GBPUSD_otc
86,2026-05-30 23:20:00,1.34638,1.34648,1.34648,1.34634,409,1780183498.792,GBPUSD_otc
86,2026-05-30 23:25:00,1.34647,1.34648,1.34652,1.34647,393,1780183799.775,GBPUSD_otc
86,2026-05-30 23:30:00,1.34648,1.34657,1.34657,1.34648,404,1780184099.744,GBPUSD_otc
86,2026-05-30 23:35:00,1.34657,1.34659,1.34664,1.34655,413,1780184399.682,GBPUSD_otc
86,2026-05-30 23:40:00,1.34659,1.3466,1.34661,1.34656,399,1780184698.629,GBPUSD_otc
86,2026-05-30 23:45:00,1.3466,1.34663,1.34663,1.34657,397,1780184999.616,GBPUSD_otc
86,2026-05-30 23:50:00,1.34663,1.34658,1.34663,1.34653,415,1780185298.61,GBPUSD_otc
86,2026-05-30 23:55:00,1.34658,1.34661,1.34666,1.34656,393,1780185599.074,GBPUSD_otc
86,2026-05-31 00:00:00,1.34661,1.34655,1.34665,1.34655,391,1780185899.569,GBPUSD_otc
86,2026-05-31 00:05:00,1.34655,1.34653,1.34656,1.3465,399,1780186197.978,GBPUSD_otc
86,2026-05-31 00:10:00,1.34653,1.34655,1.34658,1.3465,399,1780186498.9,GBPUSD_otc
86,2026-05-31 00:15:00,1.34655,1.34664,1.34667,1.34655,392,1780186799.886,GBPUSD_otc
86,2026-05-31 00:20:00,1.34665,1.34687,1.34687,1.34665,395,1780187099.335,GBPUSD_otc
86,2026-05-31 00:25:00,1.34687,1.34684,1.34687,1.34676,403,1780187399.814,GBPUSD_otc
86,2026-05-31 00:30:00,1.34684,1.34681,1.34685,1.34678,405,1780187699.197,GBPUSD_otc
86,2026-05-31 00:35:00,1.34681,1.34678,1.34686,1.34678,405,1780187999.691,GBPUSD_otc
86,2026-05-31 00:40:00,1.34678,1.34678,1.34683,1.34676,393,1780188299.571,GBPUSD_otc
86,2026-05-31 00:45:00,1.34678,1.34681,1.34686,1.34677,398,1780188599.583,GBPUSD_otc
86,2026-05-31 00:50:00,1.34681,1.34672,1.34682,1.34671,398,1780188899.003,GBPUSD_otc
86,2026-05-31 00:55:00,1.34672,1.34673,1.34673,1.34665,417,1780189199.968,GBPUSD_otc
86,2026-05-31 01:00:00,1.34673,1.3467,1.34675,1.34664,391,1780189498.361,GBPUSD_otc
86,2026-05-31 01:05:00,1.3467,1.34656,1.34672,1.34654,404,1780189799.765,GBPUSD_otc
86,2026-05-31 01:10:00,1.34655,1.34646,1.34658,1.34646,392,1780190099.26,GBPUSD_otc
86,2026-05-31 01:15:00,1.34646,1.34651,1.34652,1.34646,389,1780190399.672,GBPUSD_otc
86,2026-05-31 01:20:00,1.34651,1.34651,1.3466,1.34649,396,1780190699.19,GBPUSD_otc
86,2026-05-31 01:25:00,1.34651,1.34653,1.34659,1.34646,370,1780190999.109,GBPUSD_otc
86,2026-05-31 01:30:00,1.34653,1.34672,1.34672,1.34652,395,1780191299.57,GBPUSD_otc
86,2026-05-31 01:35:00,1.34672,1.34677,1.34678,1.34666,414,1780191599.941,GBPUSD_otc
86,2026-05-31 01:40:00,1.34677,1.34663,1.34678,1.34658,404,1780191899.947,GBPUSD_otc
86,2026-05-31 01:45:00,1.34663,1.34661,1.34663,1.34656,394,1780192199.872,GBPUSD_otc
86,2026-05-31 01:50:00,1.34661,1.34652,1.34661,1.34651,387,1780192499.882,GBPUSD_otc
86,2026-05-31 01:55:00,1.34652,1.3466,1.34662,1.34652,400,1780192799.263,GBPUSD_otc
86,2026-05-31 02:00:00,1.3466,1.34664,1.34669,1.34659,387,1780193098.765,GBPUSD_otc
86,2026-05-31 02:05:00,1.34664,1.34677,1.34679,1.34663,374,1780193399.668,GBPUSD_otc
86,2026-05-31 02:10:00,1.34677,1.34675,1.34681,1.34669,387,1780193699.155,GBPUSD_otc
86,2026-05-31 02:15:00,1.34675,1.34678,1.34684,1.34674,422,1780193999.139,GBPUSD_otc
86,2026-05-31 02:20:00,1.34679,1.3469,1.3469,1.34676,417,1780194299.583,GBPUSD_otc
86,2026-05-31 02:25:00,1.3469,1.34681,1.3469,1.3468,408,1780194599.498,GBPUSD_otc
86,2026-05-31 02:30:00,1.34681,1.34674,1.34681,1.34674,407,1780194898.511,GBPUSD_otc
86,2026-05-31 02:35:00,1.34674,1.3468,1.3468,1.34673,402,1780195199.909,GBPUSD_otc
86,2026-05-31 02:40:00,1.3468,1.34676,1.34681,1.34673,401,1780195499.445,GBPUSD_otc
86,2026-05-31 02:45:00,1.34676,1.34677,1.3468,1.34672,404,1780195799.926,GBPUSD_otc
86,2026-05-31 02:50:00,1.34677,1.34675,1.34681,1.34674,396,1780196099.917,GBPUSD_otc
86,2026-05-31 02:55:00,1.34675,1.34676,1.34687,1.34673,389,1780196399.878,GBPUSD_otc
86,2026-05-31 03:00:00,1.34676,1.34675,1.34678,1.34672,394,1780196699.889,GBPUSD_otc
86,2026-05-31 03:05:00,1.34675,1.34686,1.34686,1.34673,384,1780196999.883,GBPUSD_otc
86,2026-05-31 03:10:00,1.34686,1.34688,1.34689,1.34682,386,1780197299.781,GBPUSD_otc
86,2026-05-31 03:15:00,1.34688,1.34702,1.34702,1.34687,393,1780197599.773,GBPUSD_otc
86,2026-05-31 03:20:00,1.34702,1.34707,1.34709,1.34701,407,1780197898.236,GBPUSD_otc
86,2026-05-31 03:25:00,1.34707,1.34705,1.34708,1.34702,411,1780198199.193,GBPUSD_otc
86,2026-05-31 03:30:00,1.34704,1.34712,1.34712,1.34702,392,1780198499.634,GBPUSD_otc
86,2026-05-31 03:35:00,1.34712,1.34714,1.34716,1.34709,389,1780198798.612,GBPUSD_otc
86,2026-05-31 03:40:00,1.34714,1.34718,1.34722,1.3471,409,1780199099.566,GBPUSD_otc
86,2026-05-31 03:45:00,1.34719,1.34711,1.3472,1.34708,397,1780199399.089,GBPUSD_otc
86,2026-05-31 03:50:00,1.34711,1.34716,1.34718,1.34711,393,1780199699.963,GBPUSD_otc
86,2026-05-31 03:55:00,1.34716,1.34722,1.34724,1.34716,400,1780199999.913,GBPUSD_otc
86,2026-05-31 04:00:00,1.34722,1.34725,1.34725,1.34716,363,1780200299.898,GBPUSD_otc
86,2026-05-31 04:05:00,1.34725,1.3473,1.34739,1.34725,409,1780200599.867,GBPUSD_otc
86,2026-05-31 04:10:00,1.3473,1.34723,1.34732,1.3472,410,1780200899.822,GBPUSD_otc
86,2026-05-31 04:15:00,1.34723,1.34703,1.34723,1.34699,414,1780201199.853,GBPUSD_otc
86,2026-05-31 04:20:00,1.34703,1.34704,1.34713,1.34703,400,1780201499.714,GBPUSD_otc
86,2026-05-31 04:25:00,1.34704,1.34712,1.34714,1.34703,389,1780201798.15,GBPUSD_otc
86,2026-05-31 04:30:00,1.34712,1.34711,1.34716,1.34707,385,1780202099.649,GBPUSD_otc
86,2026-05-31 04:35:00,1.34711,1.34709,1.34715,1.34707,403,1780202398.62,GBPUSD_otc
86,2026-05-31 04:40:00,1.34709,1.34695,1.3471,1.34695,414,1780202699.567,GBPUSD_otc
86,2026-05-31 04:45:00,1.34695,1.34683,1.34695,1.34683,392,1780202999.559,GBPUSD_otc
86,2026-05-31 04:50:00,1.34682,1.34686,1.34686,1.34682,406,1780203299.984,GBPUSD_otc
86,2026-05-31 04:55:00,1.34686,1.34702,1.34702,1.34686,402,1780203599.935,GBPUSD_otc
86,2026-05-31 05:00:00,1.34702,1.34709,1.34711,1.34702,393,1780203899.945,GBPUSD_otc
86,2026-05-31 05:05:00,1.34709,1.34716,1.34718,1.34706,394,1780204199.864,GBPUSD_otc
86,2026-05-31 05:10:00,1.34716,1.34719,1.34724,1.34714,397,1780204499.883,GBPUSD_otc
86,2026-05-31 05:15:00,1.34719,1.34735,1.34736,1.34719,393,1780204799.817,GBPUSD_otc
86,2026-05-31 05:20:00,1.34735,1.34738,1.34746,1.34732,404,1780205099.807,GBPUSD_otc
86,2026-05-31 05:25:00,1.34738,1.3474,1.34743,1.34734,413,1780205399.738,GBPUSD_otc
86,2026-05-31 05:30:00,1.3474,1.34742,1.34745,1.34737,380,1780205699.736,GBPUSD_otc
86,2026-05-31 05:35:00,1.34742,1.34735,1.34742,1.3473,414,1780205999.192,GBPUSD_otc
86,2026-05-31 05:40:00,1.34735,1.34741,1.34744,1.34732,408,1780206299.155,GBPUSD_otc
86,2026-05-31 05:45:00,1.34741,1.34745,1.34749,1.3474,392,1780206599.557,GBPUSD_otc
86,2026-05-31 05:50:00,1.34745,1.3474,1.34746,1.34735,396,1780206899.593,GBPUSD_otc
86,2026-05-31 05:55:00,1.3474,1.34746,1.3475,1.3474,400,1780207198.055,GBPUSD_otc
86,2026-05-31 06:00:00,1.34746,1.34753,1.34753,1.34745,385,1780207499.529,GBPUSD_otc
86,2026-05-31 06:05:00,1.34753,1.34748,1.34756,1.34745,402,1780207799.971,GBPUSD_otc
86,2026-05-31 06:10:00,1.34748,1.34739,1.34748,1.34734,393,1780208099.913,GBPUSD_otc
86,2026-05-31 06:15:00,1.34739,1.34737,1.34743,1.34733,387,1780208399.341,GBPUSD_otc
86,2026-05-31 06:20:00,1.34737,1.34734,1.34739,1.3473,410,1780208699.862,GBPUSD_otc
86,2026-05-31 06:25:00,1.34734,1.34753,1.34753,1.34733,418,1780208999.329,GBPUSD_otc
86,2026-05-31 06:30:00,1.34753,1.34751,1.34761,1.34751,389,1780209299.356,GBPUSD_otc
86,2026-05-31 06:35:00,1.34751,1.34748,1.34758,1.34748,415,1780209599.73,GBPUSD_otc
86,2026-05-31 06:40:00,1.34748,1.34747,1.34749,1.34741,404,1780209899.748,GBPUSD_otc
86,2026-05-31 06:45:00,1.34747,1.34747,1.34758,1.34741,405,1780210199.659,GBPUSD_otc
86,2026-05-31 06:50:00,1.34747,1.34751,1.34756,1.34747,398,1780210499.69,GBPUSD_otc
86,2026-05-31 06:55:00,1.34751,1.34748,1.34754,1.34746,387,1780210799.619,GBPUSD_otc
86,2026-05-31 07:00:00,1.34748,1.34737,1.34748,1.34737,387,1780211099.131,GBPUSD_otc
86,2026-05-31 07:05:00,1.34737,1.34736,1.34742,1.34736,407,1780211399.988,GBPUSD_otc
86,2026-05-31 07:10:00,1.34737,1.34737,1.34743,1.34734,394,1780211699.937,GBPUSD_otc
86,2026-05-31 07:15:00,1.34737,1.34746,1.34747,1.34737,423,1780211999.9,GBPUSD_otc
86,2026-05-31 07:20:00,1.34746,1.3474,1.3475,1.34739,390,1780212298.885,GBPUSD_otc
86,2026-05-31 07:25:00,1.3474,1.34737,1.34743,1.34734,377,1780212597.864,GBPUSD_otc
86,2026-05-31 07:30:00,1.34737,1.34729,1.34743,1.34724,418,1780212899.347,GBPUSD_otc
86,2026-05-31 07:35:00,1.34729,1.34731,1.34732,1.34726,420,1780213199.718,GBPUSD_otc
86,2026-05-31 07:40:00,1.34732,1.34739,1.3474,1.34732,390,1780213499.192,GBPUSD_otc
86,2026-05-31 07:45:00,1.34739,1.34737,1.34742,1.34733,402,1780213799.683,GBPUSD_otc
86,2026-05-31 07:50:00,1.34737,1.34737,1.34743,1.34736,433,1780214099.695,GBPUSD_otc
86,2026-05-31 07:55:00,1.34737,1.34752,1.34754,1.34735,400,1780214399.651,GBPUSD_otc
86,2026-05-31 08:00:00,1.34752,1.34749,1.34755,1.34746,402,1780214699.662,GBPUSD_otc
86,2026-05-31 08:05:00,1.34749,1.34734,1.34749,1.34734,399,1780214999.056,GBPUSD_otc
86,2026-05-31 08:10:00,1.34734,1.34739,1.34743,1.34734,400,1780215299.056,GBPUSD_otc
86,2026-05-31 08:15:00,1.34739,1.34748,1.34748,1.34736,400,1780215599.993,GBPUSD_otc
86,2026-05-31 08:20:00,1.34748,1.34756,1.34756,1.34746,406,1780215898.556,GBPUSD_otc
86,2026-05-31 08:25:00,1.34756,1.34751,1.34759,1.34751,408,1780216199.461,GBPUSD_otc
86,2026-05-31 08:30:00,1.34751,1.34753,1.34757,1.34749,403,1780216499.95,GBPUSD_otc
86,2026-05-31 08:35:00,1.34753,1.34763,1.34763,1.34748,424,1780216799.321,GBPUSD_otc
86,2026-05-31 08:40:00,1.34763,1.34771,1.34772,1.34758,383,1780217098.307,GBPUSD_otc
86,2026-05-31 08:45:00,1.34771,1.34766,1.34775,1.34764,388,1780217399.761,GBPUSD_otc
86,2026-05-31 08:50:00,1.34766,1.34772,1.34774,1.34764,367,1780217699.792,GBPUSD_otc
86,2026-05-31 08:55:00,1.34772,1.3477,1.34775,1.34767,405,1780217999.729,GBPUSD_otc
86,2026-05-31 09:00:00,1.3477,1.34776,1.34782,1.34769,394,1780218299.734,GBPUSD_otc
86,2026-05-31 09:05:00,1.34776,1.34784,1.34788,1.34776,415,1780218599.65,GBPUSD_otc
86,2026-05-31 09:10:00,1.34784,1.34797,1.34798,1.34782,389,1780218899.661,GBPUSD_otc
86,2026-05-31 09:15:00,1.34797,1.34805,1.34805,1.34791,402,1780219199.16,GBPUSD_otc
86,2026-05-31 09:20:00,1.34805,1.34787,1.34805,1.34786,414,1780219499.645,GBPUSD_otc
86,2026-05-31 09:25:00,1.34787,1.34778,1.34787,1.34777,428,1780219799.617,GBPUSD_otc
86,2026-05-31 09:30:00,1.34778,1.3477,1.3478,1.34768,405,1780220099.607,GBPUSD_otc
86,2026-05-31 09:35:00,1.3477,1.34776,1.3478,1.34769,399,1780220399.556,GBPUSD_otc
86,2026-05-31 09:40:00,1.34776,1.34777,1.34782,1.34774,398,1780220699.578,GBPUSD_otc
86,2026-05-31 09:45:00,1.34777,1.3477,1.34784,1.3477,406,1780220999.593,GBPUSD_otc
86,2026-05-31 09:50:00,1.3477,1.34775,1.34779,1.34768,413,1780221299.995,GBPUSD_otc
86,2026-05-31 09:55:00,1.34775,1.34782,1.34786,1.34773,404,1780221599.507,GBPUSD_otc
86,2026-05-31 10:00:00,1.34782,1.34775,1.34782,1.34773,376,1780221899.443,GBPUSD_otc
86,2026-05-31 10:05:00,1.34775,1.34781,1.34782,1.3477,402,1780222199.477,GBPUSD_otc
86,2026-05-31 10:10:00,1.34781,1.34784,1.34784,1.34775,395,1780222499.41,GBPUSD_otc
86,2026-05-31 10:15:00,1.34784,1.3477,1.34788,1.34769,408,1780222799.9,GBPUSD_otc
86,2026-05-31 10:20:00,1.3477,1.34769,1.34772,1.34761,406,1780223099.317,GBPUSD_otc
86,2026-05-31 10:25:00,1.34769,1.34756,1.3477,1.34756,388,1780223399.34,GBPUSD_otc
86,2026-05-31 10:30:00,1.34756,1.34746,1.34756,1.34743,395,1780223699.296,GBPUSD_otc
86,2026-05-31 10:35:00,1.34748,1.34747,1.34751,1.34744,393,1780223999.783,GBPUSD_otc
86,2026-05-31 10:40:00,1.34747,1.34753,1.34755,1.34744,384,1780224299.772,GBPUSD_otc
86,2026-05-31 10:45:00,1.34753,1.34751,1.34755,1.3475,399,1780224599.742,GBPUSD_otc
86,2026-05-31 10:50:00,1.34751,1.34745,1.34752,1.34743,380,1780224899.745,GBPUSD_otc
86,2026-05-31 10:55:00,1.34745,1.34745,1.34747,1.34739,406,1780225199.655,GBPUSD_otc
86,2026-05-31 11:00:00,1.34745,1.34746,1.3475,1.34742,402,1780225498.106,GBPUSD_otc
86,2026-05-31 11:05:00,1.34746,1.34756,1.34757,1.34746,410,1780225799.061,GBPUSD_otc
86,2026-05-31 11:10:00,1.34756,1.34757,1.3476,1.34749,420,1780226099.495,GBPUSD_otc
86,2026-05-31 11:15:00,1.34757,1.34759,1.34762,1.34754,398,1780226399.994,GBPUSD_otc
86,2026-05-31 11:20:00,1.34759,1.34756,1.3476,1.34751,395,1780226699.401,GBPUSD_otc
86,2026-05-31 11:25:00,1.34755,1.34764,1.34764,1.34751,401,1780226999.918,GBPUSD_otc
86,2026-05-31 11:30:00,1.34764,1.34763,1.34768,1.34761,400,1780227299.868,GBPUSD_otc
86,2026-05-31 11:35:00,1.34763,1.34775,1.34777,1.34761,368,1780227599.822,GBPUSD_otc
86,2026-05-31 11:40:00,1.34775,1.34752,1.34775,1.34752,405,1780227899.745,GBPUSD_otc
86,2026-05-31 11:45:00,1.34752,1.34755,1.34758,1.3475,399,1780228199.251,GBPUSD_otc
86,2026-05-31 11:50:00,1.34753,1.34741,1.34754,1.3474,403,1780228499.215,GBPUSD_otc
86,2026-05-31 11:55:00,1.34741,1.34743,1.34747,1.34738,417,1780228799.696,GBPUSD_otc
86,2026-05-31 12:00:00,1.34743,1.34733,1.34744,1.34728,380,1780229099.664,GBPUSD_otc
86,2026-05-31 12:05:00,1.34731,1.34722,1.34733,1.34722,426,1780229399.619,GBPUSD_otc
86,2026-05-31 12:10:00,1.34722,1.34735,1.34735,1.3472,388,1780229699.598,GBPUSD_otc
86,2026-05-31 12:15:00,1.34735,1.34743,1.34745,1.34735,408,1780229999.526,GBPUSD_otc
86,2026-05-31 12:20:00,1.34743,1.34732,1.34744,1.34726,406,1780230299.952,GBPUSD_otc
86,2026-05-31 12:25:00,1.34732,1.34726,1.34735,1.34723,414,1780230599.937,GBPUSD_otc
86,2026-05-31 12:30:00,1.34726,1.34726,1.34729,1.34722,389,1780230899.918,GBPUSD_otc
86,2026-05-31 12:35:00,1.34726,1.34725,1.34728,1.34723,393,1780231199.852,GBPUSD_otc
86,2026-05-31 12:40:00,1.34725,1.34731,1.34731,1.34724,409,1780231499.815,GBPUSD_otc
86,2026-05-31 12:45:00,1.3473,1.34733,1.34741,1.34723,399,1780231799.795,GBPUSD_otc
86,2026-05-31 12:50:00,1.34733,1.34724,1.34736,1.34723,394,1780232099.827,GBPUSD_otc
86,2026-05-31 12:55:00,1.34724,1.3472,1.34728,1.34718,391,1780232399.798,GBPUSD_otc
86,2026-05-31 13:00:00,1.3472,1.34718,1.34723,1.34715,378,1780232699.791,GBPUSD_otc
86,2026-05-31 13:05:00,1.34718,1.34717,1.34718,1.34712,401,1780232999.675,GBPUSD_otc
86,2026-05-31 13:10:00,1.34717,1.3471,1.34718,1.34707,398,1780233299.178,GBPUSD_otc
86,2026-05-31 13:15:00,1.3471,1.34707,1.34716,1.34707,399,1780233599.036,GBPUSD_otc
86,2026-05-31 13:20:00,1.34707,1.34717,1.34719,1.34706,397,1780233899.02,GBPUSD_otc
86,2026-05-31 13:25:00,1.34717,1.34727,1.3473,1.34716,388,1780234199.981,GBPUSD_otc
86,2026-05-31 13:30:00,1.34727,1.34737,1.34747,1.34727,391,1780234499.507,GBPUSD_otc
86,2026-05-31 13:35:00,1.34737,1.34743,1.34746,1.34735,408,1780234799.353,GBPUSD_otc
86,2026-05-31 13:40:00,1.34743,1.3474,1.34743,1.34735,398,1780235099.842,GBPUSD_otc
86,2026-05-31 13:45:00,1.3474,1.34747,1.34747,1.34739,380,1780235399.33,GBPUSD_otc
86,2026-05-31 13:50:00,1.34747,1.3474,1.34747,1.34738,380,1780235698.852,GBPUSD_otc
86,2026-05-31 13:55:00,1.3474,1.34743,1.3475,1.3474,397,1780235999.814,GBPUSD_otc
86,2026-05-31 14:00:00,1.34743,1.34743,1.34745,1.34739,397,1780236299.278,GBPUSD_otc
86,2026-05-31 14:05:00,1.34742,1.34739,1.34744,1.34737,406,1780236599.181,GBPUSD_otc
86,2026-05-31 14:10:00,1.34739,1.34738,1.34745,1.34736,392,1780236899.174,GBPUSD_otc
86,2026-05-31 14:15:00,1.34738,1.34729,1.34739,1.34729,405,1780237199.63,GBPUSD_otc
86,2026-05-31 14:20:00,1.34729,1.34716,1.3473,1.34716,406,1780237499.142,GBPUSD_otc
86,2026-05-31 14:25:00,1.34716,1.34713,1.34717,1.34707,391,1780237799.606,GBPUSD_otc
86,2026-05-31 14:30:00,1.34713,1.34714,1.34715,1.34707,404,1780238098.09,GBPUSD_otc
86,2026-05-31 14:35:00,1.34714,1.34699,1.34714,1.34699,392,1780238399.583,GBPUSD_otc
86,2026-05-31 14:40:00,1.34699,1.34709,1.34709,1.34694,409,1780238699.543,GBPUSD_otc
86,2026-05-31 14:45:00,1.34709,1.34702,1.34709,1.347,406,1780238999.527,GBPUSD_otc
86,2026-05-31 14:50:00,1.34702,1.34712,1.34715,1.34702,399,1780239299.01,GBPUSD_otc
86,2026-05-31 14:55:00,1.34712,1.34707,1.34712,1.34698,397,1780239599.983,GBPUSD_otc
86,2026-05-31 15:00:00,1.34707,1.34709,1.34709,1.34702,389,1780239899.916,GBPUSD_otc
86,2026-05-31 15:05:00,1.34709,1.34714,1.34723,1.34708,387,1780240199.867,GBPUSD_otc
86,2026-05-31 15:10:00,1.34714,1.34724,1.34726,1.34712,398,1780240499.836,GBPUSD_otc
86,2026-05-31 15:15:00,1.34724,1.34726,1.34728,1.34722,403,1780240799.802,GBPUSD_otc
86,2026-05-31 15:20:00,1.34726,1.34727,1.3473,1.34723,401,1780241099.756,GBPUSD_otc
86,2026-05-31 15:25:00,1.34727,1.34726,1.34728,1.34724,398,1780241399.733,GBPUSD_otc
86,2026-05-31 15:30:00,1.34726,1.34727,1.34731,1.34725,408,1780241699.713,GBPUSD_otc
86,2026-05-31 15:35:00,1.34727,1.34735,1.34738,1.34726,419,1780241999.696,GBPUSD_otc
86,2026-05-31 15:40:00,1.34735,1.34733,1.34741,1.34732,413,1780242299.658,GBPUSD_otc
86,2026-05-31 15:45:00,1.34733,1.34733,1.34737,1.3473,401,1780242599.653,GBPUSD_otc
86,2026-05-31 15:50:00,1.34733,1.34731,1.34733,1.34725,400,1780242899.637,GBPUSD_otc
86,2026-05-31 15:55:00,1.34731,1.34741,1.34744,1.34731,407,1780243199.647,GBPUSD_otc
86,2026-05-31 16:00:00,1.34741,1.34743,1.34747,1.34736,395,1780243499.481,GBPUSD_otc
86,2026-05-31 16:05:00,1.34743,1.34738,1.34744,1.34735,387,1780243799.904,GBPUSD_otc
86,2026-05-31 16:10:00,1.34738,1.34738,1.34741,1.34734,411,1780244099.403,GBPUSD_otc
86,2026-05-31 16:15:00,1.34738,1.34739,1.34746,1.34738,404,1780244399.887,GBPUSD_otc
86,2026-05-31 16:20:00,1.34739,1.34744,1.34746,1.34738,398,1780244699.895,GBPUSD_otc
86,2026-05-31 16:25:00,1.34744,1.34747,1.34749,1.3474,396,1780244999.825,GBPUSD_otc
86,2026-05-31 16:30:00,1.34747,1.34747,1.34752,1.34744,411,1780245299.317,GBPUSD_otc
86,2026-05-31 16:35:00,1.34748,1.34739,1.34748,1.34736,398,1780245599.344,GBPUSD_otc
86,2026-05-31 16:40:00,1.34739,1.34744,1.34745,1.34736,403,1780245899.327,GBPUSD_otc
86,2026-05-31 16:45:00,1.34744,1.34741,1.34746,1.3474,402,1780246198.857,GBPUSD_otc
86,2026-05-31 16:50:00,1.34741,1.34743,1.34746,1.34739,390,1780246499.737,GBPUSD_otc
86,2026-05-31 16:55:00,1.34743,1.34744,1.34747,1.34741,409,1780246797.676,GBPUSD_otc
86,2026-05-31 17:00:00,1.34744,1.34739,1.34744,1.34736,386,1780247099.661,GBPUSD_otc
86,2026-05-31 17:05:00,1.34738,1.34734,1.34742,1.34734,412,1780247399.693,GBPUSD_otc
86,2026-05-31 17:10:00,1.34734,1.34728,1.34736,1.34725,410,1780247699.6,GBPUSD_otc
86,2026-05-31 17:15:00,1.34728,1.34729,1.34732,1.34724,410,1780247999.576,GBPUSD_otc
86,2026-05-31 17:20:00,1.34729,1.34724,1.34731,1.34717,416,1780248299.519,GBPUSD_otc
86,2026-05-31 17:25:00,1.34724,1.34717,1.34726,1.34715,385,1780248599.399,GBPUSD_otc
86,2026-05-31 17:30:00,1.34717,1.34714,1.34718,1.34713,409,1780248899.881,GBPUSD_otc
86,2026-05-31 17:35:00,1.34714,1.34711,1.34719,1.3471,411,1780249199.324,GBPUSD_otc
86,2026-05-31 17:40:00,1.34711,1.34714,1.3472,1.34711,389,1780249498.835,GBPUSD_otc
86,2026-05-31 17:45:00,1.34714,1.34716,1.34721,1.34713,402,1780249799.801,GBPUSD_otc
86,2026-05-31 17:50:00,1.34716,1.34708,1.34721,1.34708,399,1780250099.775,GBPUSD_otc
86,2026-05-31 17:55:00,1.34708,1.3471,1.34714,1.34705,396,1780250399.754,GBPUSD_otc
86,2026-05-31 18:00:00,1.3471,1.34701,1.34713,1.347,403,1780250699.737,GBPUSD_otc
86,2026-05-31 18:05:00,1.34703,1.347,1.34704,1.34697,411,1780250999.758,GBPUSD_otc
86,2026-05-31 18:10:00,1.347,1.34681,1.347,1.34681,387,1780251299.635,GBPUSD_otc
86,2026-05-31 18:15:00,1.34681,1.34676,1.34682,1.34675,411,1780251599.648,GBPUSD_otc
86,2026-05-31 18:20:00,1.34676,1.34686,1.34689,1.34674,391,1780251899.562,GBPUSD_otc
86,2026-05-31 18:25:00,1.34686,1.34677,1.34687,1.34677,401,1780252199.569,GBPUSD_otc
86,2026-05-31 18:30:00,1.34677,1.34684,1.34684,1.34677,413,1780252499.497,GBPUSD_otc
86,2026-05-31 18:35:00,1.34684,1.34683,1.34689,1.34682,391,1780252799.042,GBPUSD_otc
86,2026-05-31 18:40:00,1.34683,1.34681,1.34684,1.3468,392,1780253098.898,GBPUSD_otc
86,2026-05-31 18:45:00,1.34681,1.34685,1.34686,1.34678,384,1780253399.367,GBPUSD_otc
86,2026-05-31 18:50:00,1.34685,1.34699,1.34699,1.34685,390,1780253699.347,GBPUSD_otc
86,2026-05-31 18:55:00,1.34699,1.34694,1.34702,1.34691,393,1780253999.306,GBPUSD_otc
86,2026-05-31 19:00:00,1.34694,1.34694,1.34698,1.3469,391,1780254299.75,GBPUSD_otc
86,2026-05-31 19:05:00,1.34694,1.34684,1.34698,1.34681,403,1780254599.776,GBPUSD_otc
86,2026-05-31 19:10:00,1.34684,1.34679,1.34691,1.34679,402,1780254899.716,GBPUSD_otc
86,2026-05-31 19:15:00,1.34679,1.34678,1.34684,1.34676,393,1780255199.681,GBPUSD_otc
86,2026-05-31 19:20:00,1.34678,1.34673,1.34684,1.34672,391,1780255499.672,GBPUSD_otc
86,2026-05-31 19:25:00,1.34673,1.3466,1.34679,1.3466,395,1780255799.687,GBPUSD_otc
86,2026-05-31 19:30:00,1.3466,1.34661,1.34665,1.3466,416,1780256099.61,GBPUSD_otc
86,2026-05-31 19:35:00,1.34661,1.34666,1.34669,1.3466,380,1780256398.13,GBPUSD_otc
86,2026-05-31 19:40:00,1.34666,1.34665,1.34669,1.34662,370,1780256698.529,GBPUSD_otc
86,2026-05-31 19:45:00,1.34665,1.34657,1.34665,1.34657,397,1780256999.567,GBPUSD_otc
86,2026-05-31 19:50:00,1.34656,1.34643,1.34658,1.34642,401,1780257298.951,GBPUSD_otc
86,2026-05-31 19:55:00,1.34643,1.34644,1.34646,1.3464,408,1780257599.479,GBPUSD_otc
86,2026-05-31 20:00:00,1.34644,1.34651,1.34654,1.34644,384,1780257899.898,GBPUSD_otc
86,2026-05-31 20:05:00,1.34653,1.34652,1.34658,1.34649,389,1780258199.911,GBPUSD_otc
86,2026-05-31 20:10:00,1.34652,1.34654,1.3466,1.34652,384,1780258498.276,GBPUSD_otc
86,2026-05-31 20:15:00,1.34654,1.34654,1.34659,1.34652,393,1780258799.226,GBPUSD_otc
86,2026-05-31 20:20:00,1.34654,1.34646,1.34657,1.34644,372,1780259099.69,GBPUSD_otc
86,2026-05-31 20:25:00,1.34646,1.34637,1.34647,1.34635,388,1780259399.2,GBPUSD_otc
86,2026-05-31 20:30:00,1.34637,1.34635,1.34641,1.34633,382,1780259699.621,GBPUSD_otc
86,2026-05-31 20:35:00,1.34635,1.34642,1.34645,1.34633,403,1780259999.158,GBPUSD_otc
86,2026-05-31 20:40:00,1.34642,1.34645,1.34648,1.34642,418,1780260299.57,GBPUSD_otc
86,2026-05-31 20:45:00,1.34645,1.34653,1.34653,1.34645,405,1780260599.541,GBPUSD_otc
86,2026-05-31 20:50:00,1.34653,1.34651,1.34658,1.34651,406,1780260898.992,GBPUSD_otc
86,2026-05-31 20:55:00,1.34651,1.3465,1.34658,1.34649,401,1780261199.027,GBPUSD_otc
86,2026-05-31 21:00:00,1.3465,1.34659,1.3466,1.34648,408,1780261499.878,GBPUSD_otc
86,2026-05-31 21:05:00,1.34659,1.34656,1.34663,1.34653,417,1780261799.826,GBPUSD_otc
86,2026-05-31 21:10:00,1.34656,1.34664,1.34664,1.34654,398,1780262099.788,GBPUSD_otc
86,2026-05-31 21:15:00,1.34665,1.34667,1.3467,1.34661,408,1780262399.235,GBPUSD_otc
86,2026-05-31 21:20:00,1.34667,1.34671,1.34678,1.34667,400,1780262699.183,GBPUSD_otc
86,2026-05-31 21:25:00,1.34672,1.3468,1.34681,1.34669,409,1780262999.58,GBPUSD_otc
86,2026-05-31 21:30:00,1.3468,1.34667,1.34681,1.34667,396,1780263299.602,GBPUSD_otc
86,2026-05-31 21:35:00,1.34667,1.3467,1.34674,1.34666,394,1780263599.538,GBPUSD_otc
86,2026-05-31 21:40:00,1.3467,1.34667,1.34671,1.34662,399,1780263899.041,GBPUSD_otc
86,2026-05-31 21:45:00,1.34667,1.34665,1.34674,1.34664,404,1780264199.519,GBPUSD_otc
86,2026-05-31 21:50:00,1.34665,1.34665,1.34668,1.34661,389,1780264499.959,GBPUSD_otc
86,2026-05-31 21:55:00,1.34665,1.34673,1.34674,1.34663,411,1780264799.431,GBPUSD_otc
86,2026-05-31 22:00:00,1.34673,1.3468,1.34684,1.34673,397,1780265099.345,GBPUSD_otc
86,2026-05-31 22:05:00,1.3468,1.3468,1.34687,1.34678,411,1780265399.825,GBPUSD_otc
86,2026-05-31 22:10:00,1.3468,1.34678,1.34687,1.34678,378,1780265699.717,GBPUSD_otc
86,2026-05-31 22:15:00,1.34678,1.34681,1.34681,1.34671,415,1780265999.713,GBPUSD_otc
86,2026-05-31 22:20:00,1.34681,1.34686,1.34689,1.3468,374,1780266299.17,GBPUSD_otc
86,2026-05-31 22:25:00,1.34686,1.34679,1.34689,1.34677,396,1780266598.661,GBPUSD_otc
86,2026-05-31 22:30:00,1.34679,1.34685,1.34687,1.34676,424,1780266899.58,GBPUSD_otc
86,2026-05-31 22:35:00,1.34685,1.34683,1.34687,1.3468,403,1780267199.572,GBPUSD_otc
86,2026-05-31 22:40:00,1.34683,1.34679,1.34685,1.34678,394,1780267499.524,GBPUSD_otc
86,2026-05-31 22:45:00,1.34679,1.34679,1.34687,1.34678,373,1780267798.991,GBPUSD_otc
86,2026-05-31 22:50:00,1.34679,1.34671,1.34681,1.34671,412,1780268099.932,GBPUSD_otc
86,2026-05-31 22:55:00,1.34671,1.34666,1.34674,1.34665,403,1780268399.905,GBPUSD_otc
86,2026-05-31 23:00:00,1.34666,1.34675,1.34675,1.34663,412,1780268699.278,GBPUSD_otc
86,2026-05-31 23:05:00,1.34675,1.34681,1.34684,1.34672,407,1780268998.69,GBPUSD_otc
86,2026-05-31 23:10:00,1.34681,1.3468,1.34692,1.3468,396,1780269298.671,GBPUSD_otc
86,2026-05-31 23:15:00,1.3468,1.34672,1.34681,1.34663,382,1780269599.133,GBPUSD_otc
86,2026-05-31 23:20:00,1.34672,1.34673,1.34673,1.34663,403,1780269899.086,GBPUSD_otc
86,2026-05-31 23:25:00,1.34671,1.3466,1.34672,1.34659,400,1780270199.499,GBPUSD_otc
86,2026-05-31 23:30:00,1.3466,1.34661,1.34664,1.34658,399,1780270499.985,GBPUSD_otc
86,2026-05-31 23:35:00,1.34661,1.34662,1.34663,1.34656,386,1780270799.396,GBPUSD_otc
86,2026-05-31 23:40:00,1.34662,1.34665,1.34673,1.34661,410,1780271099.876,GBPUSD_otc
86,2026-05-31 23:45:00,1.34665,1.3467,1.34673,1.34658,387,1780271399.822,GBPUSD_otc
86,2026-05-31 23:50:00,1.3467,1.34666,1.34671,1.34661,392,1780271699.801,GBPUSD_otc
86,2026-05-31 23:55:00,1.34666,1.34674,1.34674,1.34666,413,1780271999.7,GBPUSD_otc
86,2026-06-01 00:00:00,1.34674,1.34686,1.34689,1.34674,410,1780272299.694,GBPUSD_otc
86,2026-06-01 00:05:00,1.34686,1.34678,1.34688,1.34678,415,1780272599.593,GBPUSD_otc
86,2026-06-01 00:10:00,1.34678,1.34683,1.34683,1.34673,400,1780272899.606,GBPUSD_otc
86,2026-06-01 00:15:00,1.34683,1.34684,1.3469,1.34676,388,1780273199.581,GBPUSD_otc
86,2026-06-01 00:20:00,1.34684,1.34696,1.34697,1.34683,404,1780273499.999,GBPUSD_otc
86,2026-06-01 00:25:00,1.34696,1.34695,1.34703,1.34693,384,1780273799.884,GBPUSD_otc
86,2026-06-01 00:30:00,1.34695,1.34686,1.34695,1.34682,398,1780274099.891,GBPUSD_otc
86,2026-06-01 00:35:00,1.34686,1.34692,1.34694,1.34684,410,1780274397.812,GBPUSD_otc
86,2026-06-01 00:40:00,1.34692,1.34689,1.34696,1.34688,384,1780274699.806,GBPUSD_otc
86,2026-06-01 00:45:00,1.34689,1.34694,1.34702,1.34688,413,1780274999.699,GBPUSD_otc
86,2026-06-01 00:50:00,1.34694,1.34688,1.34694,1.34687,389,1780275299.657,GBPUSD_otc
86,2026-06-01 00:55:00,1.34689,1.34691,1.34693,1.34685,382,1780275599.111,GBPUSD_otc
86,2026-06-01 01:00:00,1.34691,1.34685,1.34691,1.34681,407,1780275898.111,GBPUSD_otc
86,2026-06-01 01:05:00,1.34685,1.34684,1.34688,1.3468,391,1780276199.541,GBPUSD_otc
86,2026-06-01 01:10:00,1.34684,1.3469,1.34694,1.34684,384,1780276498.012,GBPUSD_otc
86,2026-06-01 01:15:00,1.3469,1.34691,1.34693,1.34688,388,1780276799.894,GBPUSD_otc
86,2026-06-01 01:20:00,1.34691,1.34686,1.34692,1.34683,399,1780277099.917,GBPUSD_otc
86,2026-06-01 01:25:00,1.34686,1.34695,1.347,1.34685,403,1780277398.751,GBPUSD_otc
86,2026-06-01 01:30:00,1.34695,1.34695,1.34696,1.34686,392,1780277699.704,GBPUSD_otc
86,2026-06-01 01:35:00,1.34695,1.34702,1.34706,1.34695,406,1780277998.682,GBPUSD_otc
86,2026-06-01 01:40:00,1.34702,1.34697,1.34702,1.34696,400,1780278298.659,GBPUSD_otc
86,2026-06-01 01:45:00,1.34697,1.34696,1.34706,1.34696,413,1780278598.627,GBPUSD_otc
86,2026-06-01 01:50:00,1.34696,1.34693,1.34696,1.34691,374,1780278899.607,GBPUSD_otc
86,2026-06-01 01:55:00,1.34693,1.34697,1.34697,1.34689,418,1780279198.989,GBPUSD_otc
86,2026-06-01 02:00:00,1.34697,1.34677,1.34697,1.34676,392,1780279498.996,GBPUSD_otc
86,2026-06-01 02:05:00,1.34677,1.34669,1.34678,1.34663,404,1780279799.965,GBPUSD_otc
86,2026-06-01 02:10:00,1.34669,1.34656,1.34671,1.34655,395,1780280099.97,GBPUSD_otc
86,2026-06-01 02:15:00,1.34656,1.34654,1.34663,1.34654,408,1780280399.369,GBPUSD_otc
86,2026-06-01 02:20:00,1.34654,1.34654,1.34655,1.34645,387,1780280699.872,GBPUSD_otc
86,2026-06-01 02:25:00,1.34654,1.34645,1.34659,1.34642,393,1780280999.711,GBPUSD_otc
86,2026-06-01 02:30:00,1.34645,1.34647,1.34653,1.34645,399,1780281299.664,GBPUSD_otc
86,2026-06-01 02:35:00,1.34647,1.34646,1.34652,1.34645,392,1780281599.62,GBPUSD_otc
86,2026-06-01 02:40:00,1.34645,1.34645,1.3465,1.34642,397,1780281899.596,GBPUSD_otc
86,2026-06-01 02:45:00,1.34645,1.34635,1.34647,1.34633,395,1780282199.556,GBPUSD_otc
86,2026-06-01 02:50:00,1.34635,1.34628,1.34636,1.34627,387,1780282499.95,GBPUSD_otc
86,2026-06-01 02:55:00,1.34628,1.3463,1.3463,1.34622,397,1780282799.902,GBPUSD_otc
86,2026-06-01 03:00:00,1.3463,1.34623,1.34633,1.34622,417,1780283099.829,GBPUSD_otc
86,2026-06-01 03:05:00,1.34623,1.34633,1.34635,1.34622,405,1780283399.844,GBPUSD_otc
86,2026-06-01 03:10:00,1.34633,1.34627,1.34636,1.34626,378,1780283699.681,GBPUSD_otc
86,2026-06-01 03:15:00,1.34627,1.34631,1.34633,1.34625,392,1780283999.588,GBPUSD_otc
86,2026-06-01 03:20:00,1.34631,1.34628,1.34633,1.34622,387,1780284299.012,GBPUSD_otc
86,2026-06-01 03:25:00,1.34627,1.34624,1.34633,1.34623,402,1780284599.417,GBPUSD_otc
86,2026-06-01 03:30:00,1.34624,1.34627,1.34627,1.34619,407,1780284899.443,GBPUSD_otc
86,2026-06-01 03:35:00,1.34627,1.34619,1.34629,1.34618,406,1780285199.864,GBPUSD_otc
86,2026-06-01 03:40:00,1.34619,1.34632,1.34634,1.34619,380,1780285498.372,GBPUSD_otc
86,2026-06-01 03:45:00,1.34632,1.34641,1.34642,1.34632,393,1780285799.74,GBPUSD_otc
86,2026-06-01 03:50:00,1.34642,1.34654,1.34655,1.34637,385,1780286099.758,GBPUSD_otc
86,2026-06-01 03:55:00,1.34654,1.34659,1.34659,1.34643,389,1780286399.647,GBPUSD_otc
86,2026-06-01 04:00:00,1.34659,1.34667,1.34669,1.34658,390,1780286697.144,GBPUSD_otc
86,2026-06-01 04:05:00,1.34667,1.34665,1.3467,1.34662,392,1780286999.568,GBPUSD_otc
86,2026-06-01 04:10:00,1.34666,1.34672,1.34674,1.34666,396,1780287298.563,GBPUSD_otc
86,2026-06-01 04:15:00,1.34672,1.34668,1.34672,1.34662,384,1780287599.998,GBPUSD_otc
86,2026-06-01 04:20:00,1.34668,1.34665,1.34672,1.34662,405,1780287898.524,GBPUSD_otc
86,2026-06-01 04:25:00,1.34665,1.34668,1.3467,1.34664,402,1780288199.99,GBPUSD_otc
86,2026-06-01 04:30:00,1.34668,1.34672,1.34673,1.34665,388,1780288499.991,GBPUSD_otc
86,2026-06-01 04:35:00,1.34672,1.34681,1.34687,1.34671,385,1780288799.881,GBPUSD_otc
86,2026-06-01 04:40:00,1.34681,1.34672,1.34681,1.34672,401,1780289099.394,GBPUSD_otc
86,2026-06-01 04:45:00,1.34672,1.34679,1.3468,1.3467,388,1780289399.295,GBPUSD_otc
86,2026-06-01 04:50:00,1.34679,1.34678,1.34685,1.34678,373,1780289699.814,GBPUSD_otc
86,2026-06-01 04:55:00,1.34678,1.34681,1.34688,1.34677,394,1780289999.823,GBPUSD_otc
86,2026-06-01 05:00:00,1.34681,1.34685,1.34688,1.3468,393,1780290299.761,GBPUSD_otc
86,2026-06-01 05:05:00,1.34685,1.34671,1.34686,1.3467,416,1780290599.713,GBPUSD_otc
86,2026-06-01 05:10:00,1.34671,1.34666,1.34671,1.3466,413,1780290899.694,GBPUSD_otc
86,2026-06-01 05:15:00,1.34666,1.34679,1.3468,1.34664,385,1780291199.652,GBPUSD_otc
86,2026-06-01 05:20:00,1.34679,1.34653,1.34681,1.34649,404,1780291499.612,GBPUSD_otc
86,2026-06-01 05:25:00,1.34653,1.34662,1.34662,1.34651,396,1780291799.064,GBPUSD_otc
86,2026-06-01 05:30:00,1.34662,1.3467,1.34674,1.34659,399,1780292098.513,GBPUSD_otc
86,2026-06-01 05:35:00,1.3467,1.34668,1.34673,1.34664,385,1780292399.511,GBPUSD_otc
86,2026-06-01 05:40:00,1.34668,1.34662,1.34668,1.3466,396,1780292699.467,GBPUSD_otc
86,2026-06-01 05:45:00,1.34662,1.3467,1.3467,1.34659,397,1780292999.928,GBPUSD_otc
86,2026-06-01 05:50:00,1.3467,1.34674,1.34674,1.34664,403,1780293299.884,GBPUSD_otc
86,2026-06-01 05:55:00,1.34674,1.34676,1.3468,1.34672,400,1780293599.865,GBPUSD_otc
86,2026-06-01 06:00:00,1.34676,1.34675,1.34679,1.34673,389,1780293898.811,GBPUSD_otc
86,2026-06-01 06:05:00,1.34675,1.34675,1.34678,1.34671,399,1780294199.803,GBPUSD_otc
86,2026-06-01 06:10:00,1.34675,1.34676,1.34679,1.34669,409,1780294499.762,GBPUSD_otc
86,2026-06-01 06:15:00,1.34676,1.34672,1.34681,1.34672,391,1780294799.2,GBPUSD_otc
86,2026-06-01 06:20:00,1.34672,1.34672,1.34673,1.34667,407,1780295099.677,GBPUSD_otc
86,2026-06-01 06:25:00,1.34672,1.34676,1.3468,1.3467,385,1780295399.687,GBPUSD_otc
86,2026-06-01 06:30:00,1.34676,1.3468,1.34681,1.3467,383,1780295699.61,GBPUSD_otc
86,2026-06-01 06:35:00,1.3468,1.34673,1.34682,1.34668,392,1780295999.598,GBPUSD_otc
86,2026-06-01 06:40:00,1.34673,1.34668,1.34674,1.34665,413,1780296299.539,GBPUSD_otc
86,2026-06-01 06:45:00,1.34668,1.34666,1.34672,1.34664,396,1780296599.57,GBPUSD_otc
86,2026-06-01 06:50:00,1.34666,1.34657,1.34669,1.34657,384,1780296899.488,GBPUSD_otc
86,2026-06-01 06:55:00,1.34657,1.34652,1.34659,1.34651,397,1780297199.997,GBPUSD_otc
86,2026-06-01 07:00:00,1.34652,1.34643,1.34652,1.34642,414,1780297499.91,GBPUSD_otc
86,2026-06-01 07:05:00,1.34643,1.34639,1.34644,1.34638,378,1780297799.456,GBPUSD_otc
86,2026-06-01 07:10:00,1.34639,1.34624,1.34639,1.34624,403,1780298099.849,GBPUSD_otc
86,2026-06-01 07:15:00,1.34624,1.34619,1.34631,1.34617,395,1780298399.874,GBPUSD_otc
86,2026-06-01 07:20:00,1.34619,1.34639,1.3464,1.34617,412,1780298699.257,GBPUSD_otc
86,2026-06-01 07:25:00,1.34639,1.34622,1.34639,1.34621,404,1780298999.805,GBPUSD_otc
86,2026-06-01 07:30:00,1.34622,1.3463,1.34635,1.34622,399,1780299299.683,GBPUSD_otc
86,2026-06-01 07:35:00,1.3463,1.34635,1.34637,1.34623,428,1780299599.739,GBPUSD_otc
86,2026-06-01 07:40:00,1.34635,1.3462,1.34637,1.34618,406,1780299899.666,GBPUSD_otc
86,2026-06-01 07:45:00,1.3462,1.34628,1.34628,1.34619,393,1780300199.673,GBPUSD_otc
86,2026-06-01 07:50:00,1.34628,1.34642,1.34643,1.34626,388,1780300499.657,GBPUSD_otc
86,2026-06-01 07:55:00,1.34642,1.34637,1.34643,1.34635,404,1780300799.629,GBPUSD_otc
86,2026-06-01 08:00:00,1.34637,1.34649,1.34649,1.34636,425,1780301099.577,GBPUSD_otc
86,2026-06-01 08:05:00,1.34649,1.34662,1.34664,1.34649,386,1780301399.575,GBPUSD_otc
86,2026-06-01 08:10:00,1.34662,1.34668,1.34673,1.34661,404,1780301699.555,GBPUSD_otc
86,2026-06-01 08:15:00,1.34668,1.34663,1.34674,1.3466,382,1780301999.025,GBPUSD_otc
86,2026-06-01 08:20:00,1.34663,1.34668,1.3467,1.34658,398,1780302299.522,GBPUSD_otc
86,2026-06-01 08:25:00,1.34668,1.3467,1.34671,1.34665,396,1780302599.939,GBPUSD_otc
86,2026-06-01 08:30:00,1.3467,1.34683,1.34685,1.3467,413,1780302898.437,GBPUSD_otc
86,2026-06-01 08:35:00,1.34683,1.34684,1.34687,1.3468,411,1780303199.925,GBPUSD_otc
86,2026-06-01 08:40:00,1.34684,1.34684,1.34686,1.3468,421,1780303499.945,GBPUSD_otc
86,2026-06-01 08:45:00,1.34684,1.347,1.347,1.34683,402,1780303799.885,GBPUSD_otc
86,2026-06-01 08:50:00,1.347,1.34711,1.34711,1.34698,394,1780304099.39,GBPUSD_otc
86,2026-06-01 08:55:00,1.34711,1.34712,1.34714,1.34706,395,1780304399.77,GBPUSD_otc
86,2026-06-01 09:00:00,1.34712,1.34709,1.34713,1.34708,399,1780304699.819,GBPUSD_otc
86,2026-06-01 09:05:00,1.34709,1.34704,1.34711,1.34703,393,1780304999.761,GBPUSD_otc
86,2026-06-01 09:10:00,1.34704,1.34702,1.34707,1.34701,404,1780305299.296,GBPUSD_otc
86,2026-06-01 09:15:00,1.34702,1.34694,1.34706,1.34694,403,1780305599.689,GBPUSD_otc
86,2026-06-01 09:20:00,1.34694,1.34691,1.34701,1.34689,380,1780305899.704,GBPUSD_otc
86,2026-06-01 09:25:00,1.34691,1.34705,1.34705,1.3469,415,1780306199.627,GBPUSD_otc
86,2026-06-01 09:30:00,1.34705,1.34706,1.34709,1.34698,398,1780306499.149,GBPUSD_otc
86,2026-06-01 09:35:00,1.34706,1.34704,1.34709,1.34703,414,1780306799.607,GBPUSD_otc
86,2026-06-01 09:40:00,1.34704,1.34704,1.3471,1.34703,398,1780307099.588,GBPUSD_otc
86,2026-06-01 09:45:00,1.34704,1.34708,1.34708,1.34693,400,1780307399.546,GBPUSD_otc
86,2026-06-01 09:50:00,1.34708,1.3471,1.34713,1.34705,381,1780307699.978,GBPUSD_otc
86,2026-06-01 09:55:00,1.3471,1.34709,1.34711,1.34703,414,1780307999.4,GBPUSD_otc
86,2026-06-01 10:00:00,1.34709,1.34714,1.34715,1.34705,397,1780308299.922,GBPUSD_otc
86,2026-06-01 10:05:00,1.34714,1.34715,1.34717,1.34709,398,1780308599.881,GBPUSD_otc
86,2026-06-01 10:10:00,1.34715,1.34715,1.34723,1.34713,411,1780308899.824,GBPUSD_otc
86,2026-06-01 10:15:00,1.34715,1.34713,1.34718,1.34709,382,1780309199.745,GBPUSD_otc
86,2026-06-01 10:20:00,1.34715,1.34713,1.34721,1.34713,402,1780309499.745,GBPUSD_otc
86,2026-06-01 10:25:00,1.34713,1.34718,1.34719,1.34706,402,1780309799.696,GBPUSD_otc
86,2026-06-01 10:30:00,1.34718,1.34724,1.34726,1.34716,408,1780310099.708,GBPUSD_otc
86,2026-06-01 10:35:00,1.34724,1.34724,1.34727,1.34721,417,1780310399.183,GBPUSD_otc
86,2026-06-01 10:40:00,1.34724,1.34716,1.34724,1.34712,382,1780310699.109,GBPUSD_otc
86,2026-06-01 10:45:00,1.34716,1.34714,1.34717,1.34711,402,1780310999.535,GBPUSD_otc
86,2026-06-01 10:50:00,1.34714,1.34711,1.34718,1.34709,400,1780311299.507,GBPUSD_otc
86,2026-06-01 10:55:00,1.34711,1.34707,1.34713,1.347,390,1780311598.009,GBPUSD_otc
86,2026-06-01 11:00:00,1.34707,1.34693,1.34709,1.34693,396,1780311899.02,GBPUSD_otc
86,2026-06-01 11:05:00,1.34693,1.34686,1.34694,1.34685,379,1780312199.509,GBPUSD_otc
86,2026-06-01 11:10:00,1.34686,1.3468,1.34687,1.34678,401,1780312498.924,GBPUSD_otc
86,2026-06-01 11:15:00,1.3468,1.34676,1.3468,1.34672,416,1780312799.462,GBPUSD_otc
86,2026-06-01 11:20:00,1.34676,1.34678,1.34681,1.34676,381,1780313098.842,GBPUSD_otc
86,2026-06-01 11:25:00,1.34678,1.3469,1.3469,1.34672,401,1780313399.861,GBPUSD_otc
86,2026-06-01 11:30:00,1.3469,1.3469,1.34693,1.34684,383,1780313699.781,GBPUSD_otc
86,2026-06-01 11:35:00,1.34689,1.34687,1.34692,1.34681,426,1780313999.835,GBPUSD_otc
86,2026-06-01 11:40:00,1.34687,1.34694,1.34697,1.34687,392,1780314299.257,GBPUSD_otc
86,2026-06-01 11:45:00,1.34694,1.34678,1.34695,1.34676,398,1780314599.743,GBPUSD_otc
86,2026-06-01 11:50:00,1.34678,1.34676,1.34683,1.34675,388,1780314899.725,GBPUSD_otc
86,2026-06-01 11:55:00,1.34676,1.34667,1.34676,1.34664,404,1780315199.693,GBPUSD_otc
86,2026-06-01 12:00:00,1.34667,1.3466,1.34668,1.34658,386,1780315499.703,GBPUSD_otc
86,2026-06-01 12:05:00,1.3466,1.34659,1.34664,1.34654,376,1780315799.678,GBPUSD_otc
86,2026-06-01 12:10:00,1.34659,1.34654,1.34665,1.34653,392,1780316098.045,GBPUSD_otc
86,2026-06-01 12:15:00,1.34654,1.34657,1.34661,1.34653,404,1780316399.555,GBPUSD_otc
86,2026-06-01 12:20:00,1.34657,1.34665,1.34667,1.34656,390,1780316699.995,GBPUSD_otc
86,2026-06-01 12:25:00,1.34665,1.34659,1.34665,1.34657,387,1780316999.528,GBPUSD_otc
86,2026-06-01 12:30:00,1.34659,1.34656,1.34663,1.34656,375,1780317299.532,GBPUSD_otc
86,2026-06-01 12:35:00,1.34656,1.34649,1.34657,1.34647,385,1780317599.988,GBPUSD_otc
86,2026-06-01 12:40:00,1.34649,1.34641,1.34652,1.34639,402,1780317899.462,GBPUSD_otc
86,2026-06-01 12:45:00,1.34641,1.34634,1.34644,1.34632,411,1780318199.961,GBPUSD_otc
86,2026-06-01 12:50:00,1.34634,1.34642,1.34644,1.34634,393,1780318498.505,GBPUSD_otc
86,2026-06-01 12:55:00,1.34642,1.34647,1.34647,1.34639,413,1780318797.892,GBPUSD_otc
86,2026-06-01 13:00:00,1.34647,1.34637,1.34649,1.34636,402,1780319099.926,GBPUSD_otc
86,2026-06-01 13:05:00,1.34637,1.34634,1.34642,1.34633,384,1780319399.817,GBPUSD_otc
86,2026-06-01 13:10:00,1.34634,1.34635,1.34641,1.34633,394,1780319699.817,GBPUSD_otc
86,2026-06-01 13:15:00,1.34635,1.34635,1.34637,1.34628,396,1780319998.738,GBPUSD_otc
86,2026-06-01 13:20:00,1.34635,1.34636,1.34642,1.34634,393,1780320298.773,GBPUSD_otc
86,2026-06-01 13:25:00,1.34636,1.3465,1.34651,1.34636,382,1780320599.713,GBPUSD_otc
86,2026-06-01 13:30:00,1.3465,1.34652,1.34658,1.34647,399,1780320898.723,GBPUSD_otc
86,2026-06-01 13:35:00,1.34652,1.34668,1.34668,1.34652,412,1780321199.644,GBPUSD_otc
86,2026-06-01 13:40:00,1.34668,1.34684,1.34688,1.34667,417,1780321499.655,GBPUSD_otc
86,2026-06-01 13:45:00,1.34684,1.34684,1.34689,1.3468,396,1780321798.554,GBPUSD_otc
86,2026-06-01 13:50:00,1.34684,1.34697,1.34697,1.34679,408,1780322099.089,GBPUSD_otc
86,2026-06-01 13:55:00,1.34697,1.34701,1.34706,1.34694,381,1780322399.064,GBPUSD_otc
86,2026-06-01 14:00:00,1.34701,1.34714,1.34714,1.34701,385,1780322699.051,GBPUSD_otc
86,2026-06-01 14:05:00,1.34714,1.34718,1.34721,1.34709,423,1780322999.519,GBPUSD_otc
86,2026-06-01 14:10:00,1.34718,1.34733,1.34735,1.34718,412,1780323299.513,GBPUSD_otc
86,2026-06-01 14:15:00,1.34733,1.34731,1.34738,1.34729,417,1780323599.947,GBPUSD_otc
86,2026-06-01 14:20:00,1.34731,1.34745,1.34747,1.34731,405,1780323899.971,GBPUSD_otc
86,2026-06-01 14:25:00,1.34745,1.34753,1.34755,1.34744,423,1780324199.471,GBPUSD_otc
86,2026-06-01 14:30:00,1.34753,1.3475,1.34755,1.34746,394,1780324499.916,GBPUSD_otc
86,2026-06-01 14:35:00,1.3475,1.34756,1.34758,1.3475,396,1780324799.936,GBPUSD_otc
86,2026-06-01 14:40:00,1.34756,1.34754,1.34759,1.3475,377,1780325099.898,GBPUSD_otc
86,2026-06-01 14:45:00,1.34754,1.34757,1.34764,1.34753,390,1780325398.429,GBPUSD_otc
86,2026-06-01 14:50:00,1.34757,1.3475,1.34758,1.34746,395,1780325699.368,GBPUSD_otc
86,2026-06-01 14:55:00,1.3475,1.34752,1.34755,1.34748,402,1780325999.887,GBPUSD_otc
86,2026-06-01 15:00:00,1.34752,1.34772,1.34772,1.34752,394,1780326299.816,GBPUSD_otc
86,2026-06-01 15:05:00,1.34772,1.34772,1.34775,1.34768,412,1780326599.337,GBPUSD_otc
86,2026-06-01 15:10:00,1.34772,1.34773,1.34774,1.34767,405,1780326899.802,GBPUSD_otc
86,2026-06-01 15:15:00,1.34773,1.34775,1.34776,1.34766,400,1780327199.787,GBPUSD_otc
86,2026-06-01 15:20:00,1.34775,1.34772,1.34777,1.34771,421,1780327499.732,GBPUSD_otc
86,2026-06-01 15:25:00,1.34772,1.34773,1.34773,1.34766,400,1780327797.718,GBPUSD_otc
86,2026-06-01 15:30:00,1.34773,1.34767,1.34773,1.34763,415,1780328099.636,GBPUSD_otc
86,2026-06-01 15:35:00,1.34767,1.34777,1.34777,1.34765,407,1780328399.673,GBPUSD_otc
86,2026-06-01 15:40:00,1.34777,1.3479,1.34794,1.34777,397,1780328699.611,GBPUSD_otc
86,2026-06-01 15:45:00,1.3479,1.34798,1.34798,1.34788,418,1780328999.615,GBPUSD_otc
86,2026-06-01 15:50:00,1.34798,1.34784,1.34799,1.34784,394,1780329299.018,GBPUSD_otc
86,2026-06-01 15:55:00,1.34784,1.34793,1.34801,1.34784,392,1780329599.586,GBPUSD_otc
86,2026-06-01 16:00:00,1.34793,1.34793,1.34795,1.3479,390,1780329898.028,GBPUSD_otc
86,2026-06-01 16:05:00,1.34793,1.34807,1.34809,1.34791,380,1780330199.518,GBPUSD_otc
86,2026-06-01 16:10:00,1.34807,1.3481,1.34816,1.34807,406,1780330499.534,GBPUSD_otc
86,2026-06-01 16:15:00,1.3481,1.34811,1.34815,1.34805,402,1780330799.916,GBPUSD_otc
86,2026-06-01 16:20:00,1.34811,1.34808,1.34812,1.34803,380,1780331099.905,GBPUSD_otc
86,2026-06-01 16:25:00,1.34808,1.34811,1.34818,1.34802,414,1780331398.898,GBPUSD_otc
86,2026-06-01 16:30:00,1.34811,1.34828,1.3483,1.34809,420,1780331699.908,GBPUSD_otc
86,2026-06-01 16:35:00,1.34828,1.34819,1.34831,1.34817,397,1780331999.839,GBPUSD_otc
86,2026-06-01 16:40:00,1.34819,1.34822,1.34824,1.34814,402,1780332298.381,GBPUSD_otc
86,2026-06-01 16:45:00,1.34822,1.34836,1.34836,1.34822,409,1780332599.281,GBPUSD_otc
86,2026-06-01 16:50:00,1.34836,1.3484,1.34841,1.34831,422,1780332899.324,GBPUSD_otc
86,2026-06-01 16:55:00,1.3484,1.34835,1.34845,1.34834,411,1780333199.23,GBPUSD_otc
86,2026-06-01 17:00:00,1.34835,1.3484,1.3484,1.34831,401,1780333498.755,GBPUSD_otc
86,2026-06-01 17:05:00,1.3484,1.34833,1.34841,1.34831,403,1780333799.176,GBPUSD_otc
86,2026-06-01 17:10:00,1.34833,1.34833,1.34836,1.34831,389,1780334099.663,GBPUSD_otc
86,2026-06-01 17:15:00,1.34833,1.34836,1.34837,1.34825,398,1780334399.469,GBPUSD_otc
86,2026-06-01 17:20:00,1.34836,1.34826,1.34837,1.34823,388,1780334699.882,GBPUSD_otc
86,2026-06-01 17:25:00,1.34826,1.34817,1.34827,1.34817,394,1780334999.898,GBPUSD_otc
86,2026-06-01 17:30:00,1.34817,1.34831,1.34833,1.34816,407,1780335299.835,GBPUSD_otc
86,2026-06-01 17:35:00,1.34832,1.34848,1.34853,1.3483,438,1780335599.859,GBPUSD_otc
86,2026-06-01 17:40:00,1.34848,1.34841,1.34851,1.34841,396,1780335899.787,GBPUSD_otc
86,2026-06-01 17:45:00,1.34841,1.34849,1.3485,1.34841,375,1780336199.797,GBPUSD_otc
86,2026-06-01 17:50:00,1.34849,1.34867,1.34868,1.34847,407,1780336499.774,GBPUSD_otc
86,2026-06-01 17:55:00,1.34867,1.34869,1.3487,1.34864,391,1780336798.811,GBPUSD_otc
86,2026-06-01 18:00:00,1.34869,1.34878,1.3488,1.34869,413,1780337099.827,GBPUSD_otc
86,2026-06-01 18:05:00,1.34878,1.34881,1.34885,1.34874,406,1780337399.236,GBPUSD_otc
86,2026-06-01 18:10:00,1.34881,1.34891,1.34891,1.34879,393,1780337699.747,GBPUSD_otc
86,2026-06-01 18:15:00,1.34891,1.34893,1.34899,1.34891,394,1780337999.665,GBPUSD_otc
86,2026-06-01 18:20:00,1.34893,1.34894,1.34898,1.34891,406,1780338299.647,GBPUSD_otc
86,2026-06-01 18:25:00,1.34894,1.34891,1.34899,1.3489,384,1780338599.583,GBPUSD_otc
86,2026-06-01 18:30:00,1.34891,1.34893,1.34897,1.3489,392,1780338899.577,GBPUSD_otc
86,2026-06-01 18:35:00,1.34893,1.34882,1.34898,1.34882,424,1780339199.964,GBPUSD_otc
86,2026-06-01 18:40:00,1.34882,1.34888,1.34891,1.3488,390,1780339499.439,GBPUSD_otc
86,2026-06-01 18:45:00,1.34888,1.34878,1.3489,1.34876,403,1780339798.934,GBPUSD_otc
86,2026-06-01 18:50:00,1.34878,1.34879,1.34884,1.34874,398,1780340099.952,GBPUSD_otc
86,2026-06-01 18:55:00,1.34879,1.3487,1.34879,1.3487,419,1780340399.897,GBPUSD_otc
86,2026-06-01 19:00:00,1.3487,1.34881,1.34881,1.34869,379,1780340698.398,GBPUSD_otc
86,2026-06-01 19:05:00,1.34881,1.34867,1.34882,1.34866,398,1780340999.286,GBPUSD_otc
86,2026-06-01 19:10:00,1.34867,1.34869,1.34873,1.34865,407,1780341299.268,GBPUSD_otc
86,2026-06-01 19:15:00,1.34869,1.34868,1.34872,1.34864,401,1780341599.747,GBPUSD_otc
86,2026-06-01 19:20:00,1.34868,1.34863,1.34872,1.3486,399,1780341899.229,GBPUSD_otc
86,2026-06-01 19:25:00,1.34863,1.34859,1.34868,1.34859,391,1780342199.676,GBPUSD_otc
86,2026-06-01 19:30:00,1.34859,1.34872,1.34873,1.34859,414,1780342499.653,GBPUSD_otc
86,2026-06-01 19:35:00,1.34872,1.34886,1.34886,1.34872,411,1780342799.534,GBPUSD_otc
86,2026-06-01 19:40:00,1.34886,1.34886,1.3489,1.34882,394,1780343099.966,GBPUSD_otc
86,2026-06-01 19:45:00,1.34886,1.34894,1.34895,1.34885,392,1780343398.497,GBPUSD_otc
86,2026-06-01 19:50:00,1.34895,1.34909,1.34912,1.34891,407,1780343699.51,GBPUSD_otc
86,2026-06-01 19:55:00,1.34909,1.34907,1.34911,1.34904,402,1780343998.919,GBPUSD_otc
86,2026-06-01 20:00:00,1.34907,1.34915,1.34917,1.34905,405,1780344299.915,GBPUSD_otc
86,2026-06-01 20:05:00,1.34915,1.34909,1.3492,1.34906,400,1780344599.788,GBPUSD_otc
86,2026-06-01 20:10:00,1.34909,1.34909,1.34913,1.34904,407,1780344898.75,GBPUSD_otc
86,2026-06-01 20:15:00,1.34909,1.34911,1.34917,1.34909,388,1780345199.719,GBPUSD_otc
86,2026-06-01 20:20:00,1.34911,1.349,1.34912,1.34898,397,1780345499.653,GBPUSD_otc
86,2026-06-01 20:25:00,1.349,1.34899,1.34901,1.34896,398,1780345799.636,GBPUSD_otc
86,2026-06-01 20:30:00,1.34899,1.34899,1.34903,1.34895,416,1780346099.556,GBPUSD_otc
86,2026-06-01 20:35:00,1.34899,1.34905,1.34906,1.34897,384,1780346399.059,GBPUSD_otc
86,2026-06-01 20:40:00,1.34905,1.34908,1.34913,1.34905,418,1780346698.98,GBPUSD_otc
86,2026-06-01 20:45:00,1.34908,1.34898,1.34908,1.34896,391,1780346999.96,GBPUSD_otc
86,2026-06-01 20:50:00,1.34898,1.34888,1.34899,1.34884,396,1780347299.383,GBPUSD_otc
86,2026-06-01 20:55:00,1.34888,1.34887,1.34891,1.34883,394,1780347599.877,GBPUSD_otc
86,2026-06-01 21:00:00,1.34887,1.34881,1.34888,1.3488,425,1780347899.78,GBPUSD_otc
86,2026-06-01 21:05:00,1.34882,1.34883,1.34884,1.34879,391,1780348199.8,GBPUSD_otc
86,2026-06-01 21:10:00,1.34883,1.34888,1.34889,1.3488,396,1780348498.757,GBPUSD_otc
86,2026-06-01 21:15:00,1.34888,1.34891,1.34901,1.34887,405,1780348799.214,GBPUSD_otc
86,2026-06-01 21:20:00,1.34891,1.34893,1.34893,1.34885,370,1780349098.187,GBPUSD_otc
86,2026-06-01 21:25:00,1.34893,1.34886,1.34898,1.34883,395,1780349399.623,GBPUSD_otc
86,2026-06-01 21:30:00,1.34886,1.3488,1.3489,1.3488,407,1780349699.978,GBPUSD_otc
86,2026-06-01 21:35:00,1.3488,1.34874,1.34883,1.34873,391,1780349999.485,GBPUSD_otc
86,2026-06-01 21:40:00,1.34874,1.34864,1.34878,1.34864,423,1780350298.919,GBPUSD_otc
86,2026-06-01 21:45:00,1.34864,1.34875,1.34879,1.34863,408,1780350599.403,GBPUSD_otc
86,2026-06-01 21:50:00,1.34875,1.34874,1.34876,1.34868,392,1780350898.821,GBPUSD_otc
86,2026-06-01 21:55:00,1.34874,1.34885,1.34885,1.34873,401,1780351199.855,GBPUSD_otc
86,2026-06-01 22:00:00,1.34885,1.3489,1.34895,1.34885,403,1780351499.767,GBPUSD_otc
86,2026-06-01 22:05:00,1.3489,1.3491,1.3491,1.34889,403,1780351799.776,GBPUSD_otc
86,2026-06-01 22:10:00,1.3491,1.34917,1.34923,1.34908,416,1780352098.223,GBPUSD_otc
86,2026-06-01 22:15:00,1.34917,1.34908,1.34919,1.34907,401,1780352398.676,GBPUSD_otc
86,2026-06-01 22:20:00,1.34908,1.34916,1.34919,1.34908,419,1780352699.607,GBPUSD_otc
86,2026-06-01 22:25:00,1.34916,1.34927,1.34928,1.34916,382,1780352999.072,GBPUSD_otc
86,2026-06-01 22:30:00,1.34927,1.34932,1.34937,1.34927,424,1780353299.993,GBPUSD_otc
86,2026-06-01 22:35:00,1.34932,1.34939,1.34939,1.34929,403,1780353599.505,GBPUSD_otc
86,2026-06-01 22:40:00,1.34939,1.34941,1.34942,1.34931,414,1780353899.47,GBPUSD_otc
86,2026-06-01 22:45:00,1.34941,1.3493,1.34944,1.34927,401,1780354199.903,GBPUSD_otc
86,2026-06-01 22:50:00,1.3493,1.34922,1.34931,1.34919,387,1780354499.804,GBPUSD_otc
86,2026-06-01 22:55:00,1.34922,1.34927,1.3493,1.3492,386,1780354799.792,GBPUSD_otc
86,2026-06-01 23:00:00,1.34927,1.34916,1.34928,1.34913,391,1780355099.729,GBPUSD_otc
86,2026-06-01 23:05:00,1.34916,1.34915,1.3492,1.34911,393,1780355399.731,GBPUSD_otc
86,2026-06-01 23:10:00,1.34915,1.34928,1.34928,1.34915,410,1780355699.625,GBPUSD_otc
86,2026-06-01 23:15:00,1.34928,1.34938,1.34938,1.34927,395,1780355999.104,GBPUSD_otc
86,2026-06-01 23:20:00,1.34938,1.34925,1.34939,1.34922,398,1780356299.459,GBPUSD_otc
86,2026-06-01 23:25:00,1.34925,1.34932,1.34935,1.34925,396,1780356599.431,GBPUSD_otc
86,2026-06-01 23:30:00,1.34932,1.34917,1.34933,1.34916,409,1780356899.861,GBPUSD_otc
86,2026-06-01 23:35:00,1.34917,1.34915,1.3492,1.34914,394,1780357199.823,GBPUSD_otc
86,2026-06-01 23:40:00,1.34915,1.34928,1.34929,1.34911,394,1780357499.759,GBPUSD_otc
86,2026-06-01 23:45:00,1.34928,1.34935,1.3494,1.34927,398,1780357799.191,GBPUSD_otc
86,2026-06-01 23:50:00,1.34935,1.34936,1.3494,1.34932,404,1780358099.644,GBPUSD_otc
86,2026-06-01 23:55:00,1.34936,1.34932,1.34938,1.34929,400,1780358399.623,GBPUSD_otc
86,2026-06-02 00:00:00,1.34932,1.34924,1.34935,1.34921,391,1780358699.588,GBPUSD_otc
86,2026-06-02 00:05:00,1.34924,1.34927,1.34929,1.3492,385,1780358999.601,GBPUSD_otc
86,2026-06-02 00:10:00,1.34927,1.34937,1.34937,1.34923,406,1780359299.545,GBPUSD_otc
86,2026-06-02 00:15:00,1.34937,1.34929,1.34938,1.34929,402,1780359599.032,GBPUSD_otc
86,2026-06-02 00:20:00,1.34929,1.34938,1.34939,1.34928,409,1780359899.91,GBPUSD_otc
86,2026-06-02 00:25:00,1.34938,1.34943,1.34945,1.34937,380,1780360199.375,GBPUSD_otc
86,2026-06-02 00:30:00,1.34943,1.34951,1.34954,1.34943,373,1780360499.321,GBPUSD_otc
86,2026-06-02 00:35:00,1.34951,1.34948,1.34951,1.34944,403,1780360799.866,GBPUSD_otc
86,2026-06-02 00:40:00,1.34948,1.34948,1.34953,1.34944,403,1780361099.777,GBPUSD_otc
86,2026-06-02 00:45:00,1.34948,1.34939,1.34948,1.34935,388,1780361399.793,GBPUSD_otc
86,2026-06-02 00:50:00,1.34939,1.3494,1.34942,1.34936,380,1780361699.662,GBPUSD_otc
86,2026-06-02 00:55:00,1.3494,1.34936,1.34942,1.34936,402,1780361999.685,GBPUSD_otc
86,2026-06-02 01:00:00,1.34935,1.34602,1.34938,1.34594,390,1780362299.607,GBPUSD_otc
86,2026-06-02 01:05:00,1.34602,1.346,1.34602,1.3459,390,1780362599.598,GBPUSD_otc
86,2026-06-02 01:10:00,1.346,1.3461,1.3461,1.34597,401,1780362899.979,GBPUSD_otc
86,2026-06-02 01:15:00,1.3461,1.34603,1.34611,1.34601,402,1780363199.959,GBPUSD_otc
86,2026-06-02 01:20:00,1.34603,1.34588,1.34603,1.34585,386,1780363498.371,GBPUSD_otc
86,2026-06-02 01:25:00,1.34588,1.34588,1.34591,1.34582,404,1780363799.833,GBPUSD_otc
86,2026-06-02 01:30:00,1.34588,1.34588,1.34588,1.34572,397,1780364099.775,GBPUSD_otc
86,2026-06-02 01:35:00,1.34588,1.34582,1.34591,1.34581,392,1780364399.778,GBPUSD_otc
86,2026-06-02 01:40:00,1.34582,1.34585,1.34585,1.34575,398,1780364699.663,GBPUSD_otc
86,2026-06-02 01:45:00,1.34585,1.34594,1.34596,1.34585,414,1780364999.546,GBPUSD_otc
86,2026-06-02 01:50:00,1.34594,1.34582,1.34597,1.34582,406,1780365299.573,GBPUSD_otc
86,2026-06-02 01:55:00,1.34582,1.34577,1.34583,1.34575,377,1780365599.04,GBPUSD_otc
86,2026-06-02 02:00:00,1.34577,1.34571,1.3458,1.34571,410,1780365899.977,GBPUSD_otc
86,2026-06-02 02:05:00,1.34571,1.34571,1.34573,1.34566,380,1780366199.905,GBPUSD_otc
86,2026-06-02 02:10:00,1.34571,1.34589,1.34589,1.34571,407,1780366499.883,GBPUSD_otc
86,2026-06-02 02:15:00,1.34589,1.34583,1.34592,1.34581,406,1780366799.267,GBPUSD_otc
86,2026-06-02 02:20:00,1.34583,1.34575,1.34585,1.34567,396,1780367099.779,GBPUSD_otc
86,2026-06-02 02:25:00,1.34575,1.34575,1.34576,1.34569,404,1780367399.193,GBPUSD_otc
86,2026-06-02 02:30:00,1.34575,1.34565,1.34577,1.34565,384,1780367699.153,GBPUSD_otc
86,2026-06-02 02:35:00,1.34565,1.34569,1.34569,1.3456,386,1780367998.652,GBPUSD_otc
86,2026-06-02 02:40:00,1.34569,1.34569,1.34574,1.34565,423,1780368299.6,GBPUSD_otc
86,2026-06-02 02:45:00,1.34569,1.34557,1.3457,1.34557,384,1780368599.529,GBPUSD_otc
86,2026-06-02 02:50:00,1.34557,1.34547,1.34557,1.34546,411,1780368899.013,GBPUSD_otc
86,2026-06-02 02:55:00,1.34547,1.34548,1.34553,1.34545,402,1780369199.945,GBPUSD_otc
86,2026-06-02 03:00:00,1.34548,1.34541,1.34552,1.3454,402,1780369499.915,GBPUSD_otc
86,2026-06-02 03:05:00,1.34541,1.34529,1.34542,1.34527,415,1780369799.828,GBPUSD_otc
86,2026-06-02 03:10:00,1.34529,1.34533,1.34534,1.34521,400,1780370099.825,GBPUSD_otc
86,2026-06-02 03:15:00,1.34533,1.3453,1.34539,1.34529,403,1780370399.706,GBPUSD_otc
86,2026-06-02 03:20:00,1.3453,1.34527,1.3453,1.34518,395,1780370699.227,GBPUSD_otc
86,2026-06-02 03:25:00,1.34527,1.34513,1.34527,1.34513,410,1780370999.668,GBPUSD_otc
86,2026-06-02 03:30:00,1.34513,1.34515,1.3452,1.34509,401,1780371299.662,GBPUSD_otc
86,2026-06-02 03:35:00,1.34515,1.34516,1.34521,1.34513,403,1780371599.575,GBPUSD_otc
86,2026-06-02 03:40:00,1.34516,1.34508,1.34518,1.34501,390,1780371899.607,GBPUSD_otc
86,2026-06-02 03:45:00,1.34507,1.345,1.34508,1.34497,399,1780372199.526,GBPUSD_otc
86,2026-06-02 03:50:00,1.345,1.34496,1.34505,1.3449,401,1780372499.032,GBPUSD_otc
86,2026-06-02 03:55:00,1.34496,1.34495,1.34497,1.34489,394,1780372799.464,GBPUSD_otc
86,2026-06-02 04:00:00,1.34495,1.34487,1.34495,1.34487,401,1780373099.94,GBPUSD_otc
86,2026-06-02 04:05:00,1.34487,1.34488,1.34491,1.34482,391,1780373399.877,GBPUSD_otc
86,2026-06-02 04:10:00,1.34488,1.34498,1.34499,1.34485,390,1780373697.845,GBPUSD_otc
86,2026-06-02 04:15:00,1.34498,1.3449,1.345,1.34489,391,1780373999.75,GBPUSD_otc
86,2026-06-02 04:20:00,1.3449,1.34493,1.345,1.3449,396,1780374299.77,GBPUSD_otc
86,2026-06-02 04:25:00,1.34493,1.34488,1.34498,1.34484,413,1780374599.702,GBPUSD_otc
86,2026-06-02 04:30:00,1.34488,1.34495,1.34499,1.34488,392,1780374899.708,GBPUSD_otc
86,2026-06-02 04:35:00,1.34495,1.34498,1.34501,1.34492,382,1780375199.161,GBPUSD_otc
86,2026-06-02 04:40:00,1.34498,1.34509,1.34511,1.34498,407,1780375499.634,GBPUSD_otc
86,2026-06-02 04:45:00,1.3451,1.34518,1.34522,1.3451,407,1780375799.042,GBPUSD_otc
86,2026-06-02 04:50:00,1.34518,1.34508,1.34522,1.34508,411,1780376099.554,GBPUSD_otc
86,2026-06-02 04:55:00,1.34508,1.34507,1.34516,1.34507,398,1780376399.935,GBPUSD_otc
86,2026-06-02 05:00:00,1.34507,1.34512,1.34515,1.34507,408,1780376699.921,GBPUSD_otc
86,2026-06-02 05:05:00,1.34512,1.34507,1.34517,1.34507,406,1780376999.768,GBPUSD_otc
86,2026-06-02 05:10:00,1.34507,1.34502,1.34508,1.34498,397,1780377297.749,GBPUSD_otc
86,2026-06-02 05:15:00,1.34502,1.34496,1.34505,1.34494,426,1780377599.724,GBPUSD_otc
86,2026-06-02 05:20:00,1.34496,1.34491,1.34497,1.34491,371,1780377899.674,GBPUSD_otc
86,2026-06-02 05:25:00,1.34491,1.34479,1.34491,1.34478,390,1780378199.568,GBPUSD_otc
86,2026-06-02 05:30:00,1.34479,1.34483,1.34484,1.34476,393,1780378498.499,GBPUSD_otc
86,2026-06-02 05:35:00,1.34483,1.34496,1.34496,1.34483,399,1780378799.978,GBPUSD_otc
86,2026-06-02 05:40:00,1.34496,1.34496,1.34499,1.34491,398,1780379099.885,GBPUSD_otc
86,2026-06-02 05:45:00,1.34496,1.345,1.34502,1.34491,420,1780379397.896,GBPUSD_otc
86,2026-06-02 05:50:00,1.345,1.34503,1.34506,1.34496,398,1780379698.785,GBPUSD_otc
86,2026-06-02 05:55:00,1.34503,1.345,1.34508,1.34494,403,1780379999.811,GBPUSD_otc
86,2026-06-02 06:00:00,1.345,1.34509,1.3451,1.345,392,1780380299.226,GBPUSD_otc
86,2026-06-02 06:05:00,1.34509,1.34507,1.34513,1.34506,405,1780380599.761,GBPUSD_otc
86,2026-06-02 06:10:00,1.34506,1.34502,1.34507,1.345,395,1780380899.695,GBPUSD_otc
86,2026-06-02 06:15:00,1.34502,1.34494,1.34506,1.34492,396,1780381199.703,GBPUSD_otc
86,2026-06-02 06:20:00,1.34494,1.345,1.34501,1.3449,398,1780381499.577,GBPUSD_otc
86,2026-06-02 06:25:00,1.345,1.34502,1.34503,1.34498,398,1780381799.564,GBPUSD_otc
86,2026-06-02 06:30:00,1.34502,1.34502,1.34505,1.34501,404,1780382099.98,GBPUSD_otc
86,2026-06-02 06:35:00,1.34502,1.34493,1.34505,1.34493,408,1780382399.054,GBPUSD_otc
86,2026-06-02 06:40:00,1.34493,1.345,1.34503,1.34492,396,1780382698.032,GBPUSD_otc
86,2026-06-02 06:45:00,1.345,1.34507,1.34511,1.34498,402,1780382999.048,GBPUSD_otc
86,2026-06-02 06:50:00,1.34506,1.34503,1.34508,1.34498,386,1780383299.487,GBPUSD_otc
86,2026-06-02 06:55:00,1.34503,1.34503,1.34506,1.345,409,1780383598.936,GBPUSD_otc
86,2026-06-02 07:00:00,1.34503,1.34505,1.34512,1.34499,389,1780383899.894,GBPUSD_otc
86,2026-06-02 07:05:00,1.34505,1.34499,1.34508,1.34499,398,1780384199.327,GBPUSD_otc
86,2026-06-02 07:10:00,1.34499,1.34509,1.34511,1.34498,390,1780384499.802,GBPUSD_otc
86,2026-06-02 07:15:00,1.34509,1.34518,1.3452,1.34509,404,1780384799.289,GBPUSD_otc
86,2026-06-02 07:20:00,1.34518,1.34516,1.34518,1.34509,396,1780385099.649,GBPUSD_otc
86,2026-06-02 07:25:00,1.34516,1.34518,1.34521,1.34508,401,1780385399.126,GBPUSD_otc
86,2026-06-02 07:30:00,1.34518,1.34508,1.34518,1.34507,414,1780385699.522,GBPUSD_otc
86,2026-06-02 07:35:00,1.34508,1.34514,1.34514,1.34504,393,1780385999.551,GBPUSD_otc
86,2026-06-02 07:40:00,1.34514,1.34517,1.3452,1.34513,388,1780386299.449,GBPUSD_otc
86,2026-06-02 07:45:00,1.34517,1.34517,1.34525,1.34515,410,1780386599.963,GBPUSD_otc
86,2026-06-02 07:50:00,1.34517,1.34521,1.34524,1.34517,394,1780386898.847,GBPUSD_otc
86,2026-06-02 07:55:00,1.34521,1.34518,1.34525,1.34516,404,1780387199.875,GBPUSD_otc
86,2026-06-02 08:00:00,1.34518,1.34504,1.34519,1.34501,390,1780387499.832,GBPUSD_otc
86,2026-06-02 08:05:00,1.34504,1.34494,1.34506,1.34493,412,1780387798.325,GBPUSD_otc
86,2026-06-02 08:10:00,1.34494,1.34499,1.34501,1.34491,405,1780388099.255,GBPUSD_otc
86,2026-06-02 08:15:00,1.34499,1.34506,1.34507,1.34495,416,1780388399.762,GBPUSD_otc
86,2026-06-02 08:20:00,1.34506,1.34506,1.34519,1.34506,394,1780388699.12,GBPUSD_otc
86,2026-06-02 08:25:00,1.34506,1.34512,1.34512,1.34505,397,1780388999.658,GBPUSD_otc
86,2026-06-02 08:30:00,1.34513,1.34517,1.34522,1.34513,409,1780389299.591,GBPUSD_otc
86,2026-06-02 08:35:00,1.34517,1.34522,1.34523,1.34515,384,1780389599.62,GBPUSD_otc
86,2026-06-02 08:40:00,1.34522,1.34517,1.34523,1.34514,399,1780389899.53,GBPUSD_otc
86,2026-06-02 08:45:00,1.34517,1.34513,1.34519,1.34509,390,1780390199.518,GBPUSD_otc
86,2026-06-02 08:50:00,1.34513,1.34523,1.34523,1.34512,401,1780390499.413,GBPUSD_otc
86,2026-06-02 08:55:00,1.34523,1.34514,1.34525,1.3451,398,1780390798.923,GBPUSD_otc
86,2026-06-02 09:00:00,1.34514,1.34512,1.34516,1.3451,395,1780391099.353,GBPUSD_otc
86,2026-06-02 09:05:00,1.34512,1.34511,1.34516,1.34508,383,1780391399.882,GBPUSD_otc
86,2026-06-02 09:10:00,1.34511,1.34501,1.34511,1.34497,406,1780391699.738,GBPUSD_otc
86,2026-06-02 09:15:00,1.345,1.34506,1.34507,1.34495,383,1780391999.206,GBPUSD_otc
86,2026-06-02 09:20:00,1.34506,1.34501,1.34506,1.34495,389,1780392299.674,GBPUSD_otc
86,2026-06-02 09:25:00,1.34501,1.34508,1.34508,1.34501,400,1780392599.687,GBPUSD_otc
86,2026-06-02 09:30:00,1.34508,1.34499,1.34508,1.34499,417,1780392898.609,GBPUSD_otc
86,2026-06-02 09:35:00,1.34499,1.34489,1.34499,1.34488,395,1780393199.621,GBPUSD_otc
86,2026-06-02 09:40:00,1.34489,1.34499,1.345,1.34487,387,1780393499.053,GBPUSD_otc
86,2026-06-02 09:45:00,1.34499,1.34494,1.34506,1.34494,397,1780393799.587,GBPUSD_otc
86,2026-06-02 09:50:00,1.34494,1.34492,1.34495,1.34487,402,1780394099.542,GBPUSD_otc
86,2026-06-02 09:55:00,1.34492,1.34487,1.34492,1.34479,400,1780394399.559,GBPUSD_otc
86,2026-06-02 10:00:00,1.34487,1.34483,1.34488,1.34479,392,1780394699.493,GBPUSD_otc
86,2026-06-02 10:05:00,1.34483,1.34472,1.34484,1.34472,394,1780394999.5,GBPUSD_otc
86,2026-06-02 10:10:00,1.34472,1.34458,1.34474,1.34457,393,1780395298.933,GBPUSD_otc
86,2026-06-02 10:15:00,1.34458,1.34472,1.34472,1.34458,395,1780395599.914,GBPUSD_otc
86,2026-06-02 10:20:00,1.34472,1.34472,1.34476,1.34468,395,1780395899.888,GBPUSD_otc
86,2026-06-02 10:25:00,1.34472,1.3447,1.34475,1.34464,413,1780396199.361,GBPUSD_otc
86,2026-06-02 10:30:00,1.3447,1.34483,1.34486,1.34468,391,1780396499.745,GBPUSD_otc
86,2026-06-02 10:35:00,1.34483,1.34489,1.34491,1.34483,384,1780396799.782,GBPUSD_otc
86,2026-06-02 10:40:00,1.34489,1.34494,1.34498,1.34484,411,1780397099.747,GBPUSD_otc
86,2026-06-02 10:45:00,1.34494,1.34489,1.34497,1.34485,417,1780397399.752,GBPUSD_otc
86,2026-06-02 10:50:00,1.34489,1.34496,1.34497,1.34487,404,1780397699.303,GBPUSD_otc
86,2026-06-02 10:55:00,1.34496,1.345,1.345,1.34491,393,1780397999.191,GBPUSD_otc
86,2026-06-02 11:00:00,1.345,1.34502,1.34502,1.34496,413,1780398299.684,GBPUSD_otc
86,2026-06-02 11:05:00,1.34502,1.3449,1.34503,1.3449,419,1780398599.652,GBPUSD_otc
86,2026-06-02 11:10:00,1.3449,1.34491,1.34495,1.34487,391,1780398899.128,GBPUSD_otc
86,2026-06-02 11:15:00,1.34491,1.34487,1.34493,1.34487,391,1780399199.586,GBPUSD_otc
86,2026-06-02 11:20:00,1.34487,1.34487,1.34488,1.34483,384,1780399498.58,GBPUSD_otc
86,2026-06-02 11:25:00,1.34487,1.34485,1.34493,1.34483,408,1780399799.985,GBPUSD_otc
86,2026-06-02 11:30:00,1.34485,1.3448,1.34485,1.34477,398,1780400099.021,GBPUSD_otc
86,2026-06-02 11:35:00,1.3448,1.34487,1.3449,1.3448,402,1780400399.399,GBPUSD_otc
86,2026-06-02 11:40:00,1.34486,1.3449,1.34492,1.34481,384,1780400699.898,GBPUSD_otc
86,2026-06-02 11:45:00,1.3449,1.34508,1.34508,1.34489,420,1780400999.372,GBPUSD_otc
86,2026-06-02 11:50:00,1.34508,1.34506,1.34509,1.34503,385,1780401299.845,GBPUSD_otc
86,2026-06-02 11:55:00,1.34506,1.34499,1.34508,1.34499,399,1780401599.328,GBPUSD_otc
86,2026-06-02 12:00:00,1.34499,1.34499,1.34502,1.34498,403,1780401899.783,GBPUSD_otc
86,2026-06-02 12:05:00,1.34499,1.345,1.34504,1.34495,390,1780402198.825,GBPUSD_otc
86,2026-06-02 12:10:00,1.345,1.34494,1.34505,1.34494,401,1780402499.227,GBPUSD_otc
86,2026-06-02 12:15:00,1.34494,1.34491,1.34498,1.34491,379,1780402799.767,GBPUSD_otc
86,2026-06-02 12:20:00,1.34491,1.34496,1.34497,1.34488,391,1780403099.695,GBPUSD_otc
86,2026-06-02 12:25:00,1.34496,1.34505,1.34506,1.34493,419,1780403399.663,GBPUSD_otc
86,2026-06-02 12:30:00,1.34505,1.34514,1.34515,1.34501,425,1780403699.571,GBPUSD_otc
86,2026-06-02 12:35:00,1.34514,1.34518,1.34519,1.34513,399,1780403999.069,GBPUSD_otc
86,2026-06-02 12:40:00,1.34518,1.34508,1.34518,1.34508,401,1780404299.002,GBPUSD_otc
86,2026-06-02 12:45:00,1.34508,1.34502,1.34512,1.34499,393,1780404599.499,GBPUSD_otc
86,2026-06-02 12:50:00,1.34502,1.34502,1.34505,1.34496,396,1780404899.949,GBPUSD_otc
86,2026-06-02 12:55:00,1.34502,1.34508,1.3451,1.34502,382,1780405199.433,GBPUSD_otc
86,2026-06-02 13:00:00,1.34508,1.34505,1.34508,1.34499,391,1780405499.882,GBPUSD_otc
86,2026-06-02 13:05:00,1.34505,1.34501,1.34506,1.345,390,1780405798.821,GBPUSD_otc
86,2026-06-02 13:10:00,1.34501,1.34492,1.34501,1.34491,378,1780406098.291,GBPUSD_otc
86,2026-06-02 13:15:00,1.34492,1.34503,1.34504,1.34492,411,1780406399.798,GBPUSD_otc
86,2026-06-02 13:20:00,1.34503,1.34496,1.34505,1.34496,410,1780406699.811,GBPUSD_otc
86,2026-06-02 13:25:00,1.34496,1.34495,1.345,1.34493,391,1780406999.214,GBPUSD_otc
86,2026-06-02 13:30:00,1.34495,1.34498,1.34498,1.34488,395,1780407299.742,GBPUSD_otc
86,2026-06-02 13:35:00,1.34499,1.34502,1.34505,1.34497,388,1780407597.581,GBPUSD_otc
86,2026-06-02 13:40:00,1.34502,1.34525,1.34528,1.34502,395,1780407899.563,GBPUSD_otc
86,2026-06-02 13:45:00,1.34524,1.34521,1.34524,1.34516,408,1780408199.528,GBPUSD_otc
86,2026-06-02 13:50:00,1.34521,1.34519,1.34523,1.34513,392,1780408499.475,GBPUSD_otc
86,2026-06-02 13:55:00,1.34519,1.34512,1.34522,1.3451,383,1780408797.436,GBPUSD_otc
86,2026-06-02 14:00:00,1.34512,1.34511,1.34516,1.34508,408,1780409099.919,GBPUSD_otc
86,2026-06-02 14:05:00,1.34511,1.34502,1.34512,1.34501,405,1780409399.895,GBPUSD_otc
86,2026-06-02 14:10:00,1.34502,1.34505,1.34509,1.34499,398,1780409699.407,GBPUSD_otc
86,2026-06-02 14:15:00,1.34505,1.34507,1.34512,1.34503,375,1780409999.366,GBPUSD_otc
86,2026-06-02 14:20:00,1.34507,1.34505,1.34509,1.345,386,1780410299.371,GBPUSD_otc
86,2026-06-02 14:25:00,1.34505,1.34521,1.34521,1.34505,398,1780410598.774,GBPUSD_otc
86,2026-06-02 14:30:00,1.34521,1.34522,1.34522,1.34513,402,1780410899.795,GBPUSD_otc
86,2026-06-02 14:35:00,1.34522,1.3453,1.34531,1.34521,398,1780411199.778,GBPUSD_otc
86,2026-06-02 14:40:00,1.3453,1.34521,1.34531,1.34521,406,1780411499.791,GBPUSD_otc
86,2026-06-02 14:45:00,1.3452,1.34524,1.34524,1.34513,402,1780411799.717,GBPUSD_otc
86,2026-06-02 14:50:00,1.34524,1.34517,1.3453,1.34517,413,1780412099.715,GBPUSD_otc
86,2026-06-02 14:55:00,1.34517,1.34523,1.34523,1.34515,421,1780412399.12,GBPUSD_otc
86,2026-06-02 15:00:00,1.34523,1.34528,1.34528,1.34521,420,1780412699.649,GBPUSD_otc
86,2026-06-02 15:05:00,1.34528,1.34511,1.3453,1.34511,402,1780412999.544,GBPUSD_otc
86,2026-06-02 15:10:00,1.34512,1.34512,1.34516,1.3451,403,1780413299.562,GBPUSD_otc
86,2026-06-02 15:15:00,1.34512,1.34515,1.34517,1.34509,397,1780413599.99,GBPUSD_otc
86,2026-06-02 15:20:00,1.34515,1.34513,1.34521,1.34513,411,1780413898.496,GBPUSD_otc
86,2026-06-02 15:25:00,1.34513,1.34517,1.3452,1.34513,386,1780414199.39,GBPUSD_otc
86,2026-06-02 15:30:00,1.34517,1.34536,1.34538,1.34517,413,1780414499.401,GBPUSD_otc
86,2026-06-02 15:35:00,1.34536,1.34537,1.34539,1.34534,388,1780414799.84,GBPUSD_otc
86,2026-06-02 15:40:00,1.34537,1.34539,1.34541,1.34533,394,1780415099.88,GBPUSD_otc
86,2026-06-02 15:45:00,1.34539,1.34528,1.3454,1.34528,385,1780415399.219,GBPUSD_otc
86,2026-06-02 15:50:00,1.34528,1.34527,1.34534,1.34526,422,1780415699.151,GBPUSD_otc
86,2026-06-02 15:55:00,1.34527,1.34523,1.3453,1.34522,384,1780415998.601,GBPUSD_otc
86,2026-06-02 16:00:00,1.34523,1.34507,1.34523,1.34504,400,1780416299.076,GBPUSD_otc
86,2026-06-02 16:05:00,1.34507,1.34511,1.34515,1.34507,392,1780416598.585,GBPUSD_otc
86,2026-06-02 16:10:00,1.34511,1.34534,1.34537,1.3451,408,1780416899.55,GBPUSD_otc
86,2026-06-02 16:15:00,1.34534,1.34539,1.34539,1.34531,414,1780417199.553,GBPUSD_otc
86,2026-06-02 16:20:00,1.34539,1.34532,1.34541,1.34532,405,1780417499.523,GBPUSD_otc
86,2026-06-02 16:25:00,1.34532,1.34527,1.3454,1.34527,389,1780417799.505,GBPUSD_otc
86,2026-06-02 16:30:00,1.34527,1.34527,1.34529,1.34523,378,1780418098.558,GBPUSD_otc
86,2026-06-02 16:35:00,1.34526,1.34517,1.3453,1.34517,376,1780418399.466,GBPUSD_otc
86,2026-06-02 16:40:00,1.34517,1.34523,1.34528,1.34517,405,1780418698.96,GBPUSD_otc
86,2026-06-02 16:45:00,1.34523,1.34518,1.34526,1.34517,390,1780418999.931,GBPUSD_otc
86,2026-06-02 16:50:00,1.34518,1.34502,1.34518,1.34502,380,1780419299.438,GBPUSD_otc
86,2026-06-02 16:55:00,1.34502,1.34511,1.34511,1.34502,403,1780419599.872,GBPUSD_otc
86,2026-06-02 17:00:00,1.34511,1.34499,1.34514,1.34499,388,1780419899.887,GBPUSD_otc
86,2026-06-02 17:05:00,1.34499,1.34503,1.34508,1.34495,408,1780420199.878,GBPUSD_otc
86,2026-06-02 17:10:00,1.34503,1.34512,1.34514,1.34503,408,1780420498.297,GBPUSD_otc
86,2026-06-02 17:15:00,1.34512,1.34492,1.34514,1.34491,378,1780420799.732,GBPUSD_otc
86,2026-06-02 17:20:00,1.34492,1.34491,1.34497,1.34491,380,1780421099.724,GBPUSD_otc
86,2026-06-02 17:25:00,1.34491,1.34479,1.34495,1.34479,401,1780421399.705,GBPUSD_otc
86,2026-06-02 17:30:00,1.34479,1.34471,1.34479,1.3447,405,1780421699.646,GBPUSD_otc
86,2026-06-02 17:35:00,1.34471,1.3447,1.34473,1.34467,381,1780421998.606,GBPUSD_otc
86,2026-06-02 17:40:00,1.3447,1.34472,1.34476,1.34467,406,1780422299.594,GBPUSD_otc
86,2026-06-02 17:45:00,1.34471,1.3448,1.34484,1.34469,402,1780422598.57,GBPUSD_otc
86,2026-06-02 17:50:00,1.3448,1.34484,1.34485,1.34476,388,1780422899.589,GBPUSD_otc
86,2026-06-02 17:55:00,1.34484,1.34482,1.34486,1.34478,399,1780423199.12,GBPUSD_otc
86,2026-06-02 18:00:00,1.34482,1.34469,1.34482,1.34468,391,1780423499.017,GBPUSD_otc
86,2026-06-02 18:05:00,1.34469,1.34467,1.3447,1.34462,412,1780423799.519,GBPUSD_otc
86,2026-06-02 18:10:00,1.34467,1.34451,1.34467,1.34451,406,1780424099.932,GBPUSD_otc
86,2026-06-02 18:15:00,1.34451,1.34451,1.34452,1.34444,380,1780424399.908,GBPUSD_otc
86,2026-06-02 18:20:00,1.34451,1.34452,1.34452,1.34445,399,1780424699.876,GBPUSD_otc
86,2026-06-02 18:25:00,1.34452,1.34446,1.34453,1.34445,395,1780424998.907,GBPUSD_otc
86,2026-06-02 18:30:00,1.34446,1.34434,1.34449,1.3443,396,1780425299.822,GBPUSD_otc
86,2026-06-02 18:35:00,1.34434,1.34436,1.34439,1.3443,412,1780425597.341,GBPUSD_otc
86,2026-06-02 18:40:00,1.34436,1.3443,1.34436,1.34424,397,1780425899.739,GBPUSD_otc
86,2026-06-02 18:45:00,1.3443,1.34431,1.34436,1.34426,371,1780426199.225,GBPUSD_otc
86,2026-06-02 18:50:00,1.34431,1.34424,1.34434,1.34423,399,1780426499.665,GBPUSD_otc
86,2026-06-02 18:55:00,1.34424,1.34424,1.34428,1.34415,393,1780426799.651,GBPUSD_otc
86,2026-06-02 19:00:00,1.34424,1.34426,1.34427,1.34421,418,1780427099.012,GBPUSD_otc
86,2026-06-02 19:05:00,1.34426,1.34422,1.34431,1.34422,414,1780427399.985,GBPUSD_otc
86,2026-06-02 19:10:00,1.34422,1.34424,1.34432,1.34418,408,1780427699.43,GBPUSD_otc
86,2026-06-02 19:15:00,1.34424,1.34429,1.3443,1.34421,387,1780427999.872,GBPUSD_otc
86,2026-06-02 19:20:00,1.34429,1.34433,1.34434,1.34425,425,1780428299.824,GBPUSD_otc
86,2026-06-02 19:25:00,1.34433,1.34434,1.34442,1.34433,392,1780428599.801,GBPUSD_otc
86,2026-06-02 19:30:00,1.34434,1.34436,1.34442,1.34433,405,1780428898.265,GBPUSD_otc
86,2026-06-02 19:35:00,1.34436,1.34439,1.3444,1.34434,418,1780429199.184,GBPUSD_otc
86,2026-06-02 19:40:00,1.34439,1.34457,1.34458,1.34439,379,1780429498.711,GBPUSD_otc
86,2026-06-02 19:45:00,1.34457,1.34451,1.34459,1.34448,387,1780429799.163,GBPUSD_otc
86,2026-06-02 19:50:00,1.34451,1.34448,1.34457,1.34445,406,1780430099.123,GBPUSD_otc
86,2026-06-02 19:55:00,1.34448,1.34445,1.34452,1.34442,408,1780430399.05,GBPUSD_otc
86,2026-06-02 20:00:00,1.34445,1.34445,1.34451,1.34443,393,1780430699.54,GBPUSD_otc
86,2026-06-02 20:05:00,1.34445,1.34439,1.3445,1.34437,396,1780430999.46,GBPUSD_otc
86,2026-06-02 20:10:00,1.34439,1.34439,1.34442,1.3443,416,1780431298.974,GBPUSD_otc
86,2026-06-02 20:15:00,1.34439,1.34442,1.34448,1.34436,383,1780431599.896,GBPUSD_otc
86,2026-06-02 20:20:00,1.34442,1.34443,1.34444,1.34436,394,1780431899.406,GBPUSD_otc
86,2026-06-02 20:25:00,1.34443,1.34447,1.34453,1.34443,413,1780432198.831,GBPUSD_otc
86,2026-06-02 20:30:00,1.34447,1.3444,1.34447,1.34437,389,1780432499.817,GBPUSD_otc
86,2026-06-02 20:35:00,1.3444,1.34435,1.3444,1.34429,418,1780432799.716,GBPUSD_otc
86,2026-06-02 20:40:00,1.34435,1.34437,1.34443,1.34435,419,1780433099.709,GBPUSD_otc
86,2026-06-02 20:45:00,1.34437,1.34423,1.34437,1.34423,396,1780433399.586,GBPUSD_otc
86,2026-06-02 20:50:00,1.34423,1.34421,1.34428,1.34421,393,1780433699.598,GBPUSD_otc
86,2026-06-02 20:55:00,1.34421,1.3442,1.34423,1.34416,412,1780433998.979,GBPUSD_otc
86,2026-06-02 21:00:00,1.3442,1.34424,1.34434,1.34418,398,1780434299.498,GBPUSD_otc
86,2026-06-02 21:05:00,1.34424,1.34422,1.34426,1.34418,408,1780434598.918,GBPUSD_otc
86,2026-06-02 21:10:00,1.34422,1.34405,1.34422,1.34405,404,1780434899.409,GBPUSD_otc
86,2026-06-02 21:15:00,1.34405,1.344,1.34406,1.34399,426,1780435199.863,GBPUSD_otc
86,2026-06-02 21:20:00,1.344,1.34405,1.3441,1.34396,409,1780435499.827,GBPUSD_otc
86,2026-06-02 21:25:00,1.34405,1.34393,1.34405,1.34393,411,1780435799.278,GBPUSD_otc
86,2026-06-02 21:30:00,1.34393,1.34404,1.34405,1.34393,403,1780436099.714,GBPUSD_otc
86,2026-06-02 21:35:00,1.34404,1.34395,1.34404,1.34392,400,1780436399.662,GBPUSD_otc
86,2026-06-02 21:40:00,1.34396,1.34384,1.34396,1.34383,389,1780436699.656,GBPUSD_otc
86,2026-06-02 21:45:00,1.34384,1.3438,1.34389,1.3438,399,1780436999.624,GBPUSD_otc
86,2026-06-02 21:50:00,1.3438,1.34387,1.3439,1.34378,396,1780437299.539,GBPUSD_otc
86,2026-06-02 21:55:00,1.34388,1.34386,1.34393,1.34385,408,1780437599.501,GBPUSD_otc
86,2026-06-02 22:00:00,1.34386,1.34387,1.34394,1.34382,395,1780437899.456,GBPUSD_otc
86,2026-06-02 22:05:00,1.34387,1.34382,1.34388,1.3438,403,1780438199.423,GBPUSD_otc
86,2026-06-02 22:10:00,1.34382,1.34383,1.34388,1.34379,394,1780438499.876,GBPUSD_otc
86,2026-06-02 22:15:00,1.34383,1.34385,1.34388,1.34381,400,1780438799.787,GBPUSD_otc
86,2026-06-02 22:20:00,1.34385,1.34382,1.34385,1.34376,395,1780439094.76,GBPUSD_otc
86,2026-06-02 22:25:00,1.34382,1.34371,1.34384,1.34367,393,1780439399.627,GBPUSD_otc
86,2026-06-02 22:30:00,1.34371,1.34363,1.34371,1.34359,406,1780439698.65,GBPUSD_otc
86,2026-06-02 22:35:00,1.34362,1.34356,1.34363,1.34355,387,1780439999.043,GBPUSD_otc
86,2026-06-02 22:40:00,1.34356,1.34362,1.34365,1.34356,398,1780440299.549,GBPUSD_otc
86,2026-06-02 22:45:00,1.34362,1.34355,1.34365,1.34355,415,1780440599.44,GBPUSD_otc
86,2026-06-02 22:50:00,1.34355,1.34342,1.34355,1.34341,410,1780440899.881,GBPUSD_otc
86,2026-06-02 22:55:00,1.34342,1.34338,1.34345,1.34334,380,1780441199.345,GBPUSD_otc
86,2026-06-02 23:00:00,1.34338,1.34344,1.34344,1.34328,403,1780441499.302,GBPUSD_otc
86,2026-06-02 23:05:00,1.34344,1.34341,1.34347,1.34335,399,1780441799.748,GBPUSD_otc
86,2026-06-02 23:10:00,1.34342,1.34346,1.3435,1.34342,399,1780442099.198,GBPUSD_otc
86,2026-06-02 23:15:00,1.34346,1.34353,1.34355,1.34342,407,1780442399.137,GBPUSD_otc
86,2026-06-02 23:20:00,1.34353,1.34356,1.34357,1.34349,411,1780442699.541,GBPUSD_otc
86,2026-06-02 23:25:00,1.34358,1.3437,1.3437,1.34356,405,1780442999.558,GBPUSD_otc
86,2026-06-02 23:30:00,1.3437,1.34366,1.34375,1.34364,393,1780443299.992,GBPUSD_otc
86,2026-06-02 23:35:00,1.34366,1.34367,1.34369,1.34362,422,1780443599.952,GBPUSD_otc
86,2026-06-02 23:40:00,1.34367,1.34365,1.34371,1.34363,383,1780443899.904,GBPUSD_otc
86,2026-06-02 23:45:00,1.34365,1.34363,1.34374,1.3436,399,1780444198.858,GBPUSD_otc
86,2026-06-02 23:50:00,1.34363,1.34355,1.34365,1.34353,403,1780444499.217,GBPUSD_otc
86,2026-06-02 23:55:00,1.34355,1.34353,1.34355,1.34345,395,1780444799.728,GBPUSD_otc
86,2026-06-03 00:00:00,1.34353,1.34345,1.34356,1.34345,382,1780445099.654,GBPUSD_otc
86,2026-06-03 00:05:00,1.34345,1.34343,1.34347,1.34341,403,1780445399.662,GBPUSD_otc
86,2026-06-03 00:10:00,1.34343,1.34347,1.3435,1.34342,418,1780445699.58,GBPUSD_otc
86,2026-06-03 00:15:00,1.34347,1.3435,1.3435,1.34342,407,1780445999.566,GBPUSD_otc
86,2026-06-03 00:20:00,1.3435,1.3435,1.34352,1.34347,396,1780446299.466,GBPUSD_otc
86,2026-06-03 00:25:00,1.34349,1.34338,1.3435,1.34337,411,1780446598.455,GBPUSD_otc
86,2026-06-03 00:30:00,1.34338,1.34346,1.34348,1.34338,400,1780446899.839,GBPUSD_otc
86,2026-06-03 00:35:00,1.34347,1.34343,1.34352,1.3434,405,1780447199.3,GBPUSD_otc
86,2026-06-03 00:40:00,1.34343,1.34341,1.34343,1.34335,408,1780447499.734,GBPUSD_otc
86,2026-06-03 00:45:00,1.34341,1.3434,1.34346,1.34337,402,1780447799.711,GBPUSD_otc
86,2026-06-03 00:50:00,1.3434,1.34342,1.34348,1.34339,395,1780448099.655,GBPUSD_otc
86,2026-06-03 00:55:00,1.34342,1.34324,1.34343,1.34324,409,1780448399.63,GBPUSD_otc
86,2026-06-03 01:00:00,1.34324,1.34318,1.34327,1.34318,399,1780448699.033,GBPUSD_otc
86,2026-06-03 01:05:00,1.34319,1.34321,1.34325,1.34315,415,1780448999.061,GBPUSD_otc
86,2026-06-03 01:10:00,1.34321,1.34317,1.34323,1.34315,397,1780449299.433,GBPUSD_otc
86,2026-06-03 01:15:00,1.34317,1.34316,1.34322,1.34312,392,1780449599.912,GBPUSD_otc
86,2026-06-03 01:20:00,1.34316,1.34321,1.34321,1.34314,389,1780449899.839,GBPUSD_otc
86,2026-06-03 01:25:00,1.34321,1.3432,1.34324,1.34315,401,1780450199.791,GBPUSD_otc
86,2026-06-03 01:30:00,1.3432,1.34328,1.34329,1.34317,393,1780450499.731,GBPUSD_otc
86,2026-06-03 01:35:00,1.34328,1.34336,1.34338,1.34327,384,1780450799.634,GBPUSD_otc
86,2026-06-03 01:40:00,1.34336,1.34341,1.34344,1.34334,398,1780451099.623,GBPUSD_otc
86,2026-06-03 01:45:00,1.34341,1.3434,1.34348,1.34339,405,1780451399.566,GBPUSD_otc
86,2026-06-03 01:50:00,1.3434,1.34345,1.3435,1.34338,403,1780451699.562,GBPUSD_otc
86,2026-06-03 01:55:00,1.34345,1.34343,1.3435,1.3434,395,1780451999.562,GBPUSD_otc
86,2026-06-03 02:00:00,1.34343,1.34353,1.34354,1.34341,403,1780452299.978,GBPUSD_otc
86,2026-06-03 02:05:00,1.34353,1.34366,1.34367,1.34353,399,1780452598.912,GBPUSD_otc
86,2026-06-03 02:10:00,1.34366,1.34375,1.34375,1.34365,403,1780452899.822,GBPUSD_otc
86,2026-06-03 02:15:00,1.34375,1.34375,1.34383,1.34373,396,1780453199.235,GBPUSD_otc
86,2026-06-03 02:20:00,1.34375,1.34384,1.34384,1.34375,395,1780453499.779,GBPUSD_otc
86,2026-06-03 02:25:00,1.34384,1.34388,1.34392,1.34381,389,1780453799.685,GBPUSD_otc
86,2026-06-03 02:30:00,1.34388,1.34402,1.34402,1.34384,393,1780454099.68,GBPUSD_otc
86,2026-06-03 02:35:00,1.34402,1.34406,1.34406,1.34399,407,1780454399.614,GBPUSD_otc
86,2026-06-03 02:40:00,1.34406,1.34409,1.34412,1.34404,393,1780454699.604,GBPUSD_otc
86,2026-06-03 02:45:00,1.34409,1.34402,1.3442,1.344,413,1780454999.539,GBPUSD_otc
86,2026-06-03 02:50:00,1.34402,1.34411,1.34413,1.34401,390,1780455299.561,GBPUSD_otc
86,2026-06-03 02:55:00,1.34411,1.34408,1.34413,1.34405,383,1780455599.552,GBPUSD_otc
86,2026-06-03 03:00:00,1.34408,1.34412,1.34415,1.34406,379,1780455898.989,GBPUSD_otc
86,2026-06-03 03:05:00,1.34412,1.34415,1.34418,1.34409,382,1780456199.9,GBPUSD_otc
86,2026-06-03 03:10:00,1.34415,1.34405,1.34416,1.34404,408,1780456499.892,GBPUSD_otc
86,2026-06-03 03:15:00,1.34405,1.3439,1.34406,1.3439,403,1780456799.404,GBPUSD_otc
86,2026-06-03 03:20:00,1.34391,1.34388,1.34396,1.34388,411,1780457099.884,GBPUSD_otc
86,2026-06-03 03:25:00,1.34388,1.34392,1.34393,1.34383,389,1780457399.88,GBPUSD_otc
86,2026-06-03 03:30:00,1.34392,1.34394,1.34394,1.34387,388,1780457699.748,GBPUSD_otc
86,2026-06-03 03:35:00,1.34394,1.34392,1.34398,1.34392,398,1780457999.746,GBPUSD_otc
86,2026-06-03 03:40:00,1.34392,1.34394,1.34397,1.34387,405,1780458299.145,GBPUSD_otc
86,2026-06-03 03:45:00,1.34394,1.34384,1.34395,1.3438,405,1780458599.709,GBPUSD_otc
86,2026-06-03 03:50:00,1.34385,1.34385,1.34389,1.34384,389,1780458898.194,GBPUSD_otc
86,2026-06-03 03:55:00,1.34385,1.34383,1.34386,1.3438,394,1780459199.66,GBPUSD_otc
86,2026-06-03 04:00:00,1.34383,1.34382,1.34384,1.34378,411,1780459499.603,GBPUSD_otc
86,2026-06-03 04:05:00,1.34382,1.34378,1.34384,1.34373,390,1780459799.556,GBPUSD_otc
86,2026-06-03 04:10:00,1.34378,1.34372,1.34381,1.34371,405,1780460099.961,GBPUSD_otc
86,2026-06-03 04:15:00,1.34372,1.34361,1.34372,1.3436,393,1780460399.972,GBPUSD_otc
86,2026-06-03 04:20:00,1.34361,1.34361,1.34367,1.34356,400,1780460699.896,GBPUSD_otc
86,2026-06-03 04:25:00,1.34361,1.34356,1.34366,1.34356,414,1780460999.898,GBPUSD_otc
86,2026-06-03 04:30:00,1.34356,1.34354,1.34361,1.34351,387,1780461299.817,GBPUSD_otc
86,2026-06-03 04:35:00,1.34354,1.34347,1.34355,1.34345,414,1780461599.781,GBPUSD_otc
86,2026-06-03 04:40:00,1.34347,1.34348,1.34356,1.34344,390,1780461899.649,GBPUSD_otc
86,2026-06-03 04:45:00,1.34348,1.34376,1.34376,1.34348,413,1780462199.153,GBPUSD_otc
86,2026-06-03 04:50:00,1.34376,1.34393,1.34394,1.34376,395,1780462499.616,GBPUSD_otc
86,2026-06-03 04:55:00,1.34393,1.34393,1.34397,1.34385,402,1780462799.621,GBPUSD_otc
86,2026-06-03 05:00:00,1.34393,1.34388,1.34399,1.34387,384,1780463099.053,GBPUSD_otc
86,2026-06-03 05:05:00,1.34388,1.34385,1.3439,1.34384,398,1780463399.514,GBPUSD_otc
86,2026-06-03 05:10:00,1.34385,1.34393,1.34395,1.34383,410,1780463699.925,GBPUSD_otc
86,2026-06-03 05:15:00,1.34393,1.34387,1.34397,1.34387,394,1780463998.433,GBPUSD_otc
86,2026-06-03 05:20:00,1.34387,1.34388,1.3439,1.34381,400,1780464299.408,GBPUSD_otc
86,2026-06-03 05:25:00,1.34388,1.34391,1.34393,1.34387,394,1780464599.441,GBPUSD_otc
86,2026-06-03 05:30:00,1.34391,1.34391,1.34396,1.34388,385,1780464899.749,GBPUSD_otc
86,2026-06-03 05:35:00,1.34391,1.34386,1.34393,1.34386,388,1780465199.184,GBPUSD_otc
86,2026-06-03 05:40:00,1.34386,1.34391,1.34391,1.34378,407,1780465499.177,GBPUSD_otc
86,2026-06-03 05:45:00,1.34391,1.34399,1.344,1.34386,398,1780465799.672,GBPUSD_otc
86,2026-06-03 05:50:00,1.34399,1.34405,1.34407,1.34395,413,1780466099.647,GBPUSD_otc
86,2026-06-03 05:55:00,1.34405,1.34397,1.34405,1.34395,404,1780466399.628,GBPUSD_otc
86,2026-06-03 06:00:00,1.34397,1.34389,1.34397,1.34389,415,1780466699.608,GBPUSD_otc
86,2026-06-03 06:05:00,1.34389,1.34386,1.3439,1.34379,419,1780466999.604,GBPUSD_otc
86,2026-06-03 06:10:00,1.34386,1.34382,1.3439,1.3438,418,1780467299.547,GBPUSD_otc
86,2026-06-03 06:15:00,1.34382,1.34382,1.34385,1.34377,417,1780467599.533,GBPUSD_otc
86,2026-06-03 06:20:00,1.34382,1.34385,1.34389,1.34379,405,1780467899.983,GBPUSD_otc
86,2026-06-03 06:25:00,1.34385,1.3438,1.34386,1.34375,396,1780468199.981,GBPUSD_otc
86,2026-06-03 06:30:00,1.3438,1.34391,1.34395,1.34375,396,1780468499.907,GBPUSD_otc
86,2026-06-03 06:35:00,1.34391,1.3438,1.34393,1.34379,386,1780468798.894,GBPUSD_otc
86,2026-06-03 06:40:00,1.3438,1.34375,1.3438,1.34374,392,1780469099.836,GBPUSD_otc
86,2026-06-03 06:45:00,1.34375,1.34375,1.34377,1.34369,389,1780469398.317,GBPUSD_otc
86,2026-06-03 06:50:00,1.34375,1.34372,1.34376,1.3437,395,1780469698.808,GBPUSD_otc
86,2026-06-03 06:55:00,1.34372,1.3437,1.34376,1.34365,390,1780469999.849,GBPUSD_otc
86,2026-06-03 07:00:00,1.3437,1.34385,1.34386,1.3437,405,1780470299.78,GBPUSD_otc
86,2026-06-03 07:05:00,1.34385,1.34391,1.34394,1.34383,399,1780470599.805,GBPUSD_otc
86,2026-06-03 07:10:00,1.34391,1.34401,1.34403,1.3439,394,1780470899.284,GBPUSD_otc
86,2026-06-03 07:15:00,1.34402,1.34409,1.3441,1.34398,410,1780471199.742,GBPUSD_otc
86,2026-06-03 07:20:00,1.34409,1.34396,1.34409,1.34391,407,1780471499.694,GBPUSD_otc
86,2026-06-03 07:25:00,1.34396,1.34391,1.34397,1.34384,391,1780471799.684,GBPUSD_otc
86,2026-06-03 07:30:00,1.34391,1.34379,1.34391,1.34379,405,1780472099.162,GBPUSD_otc
86,2026-06-03 07:35:00,1.34377,1.34384,1.34385,1.34374,404,1780472399.621,GBPUSD_otc
86,2026-06-03 07:40:00,1.34384,1.3436,1.34384,1.34358,420,1780472699.605,GBPUSD_otc
86,2026-06-03 07:45:00,1.3436,1.34365,1.34366,1.34352,393,1780472999.555,GBPUSD_otc
86,2026-06-03 07:50:00,1.34365,1.34368,1.3437,1.34362,402,1780473299.542,GBPUSD_otc
86,2026-06-03 07:55:00,1.34368,1.34368,1.34372,1.34363,404,1780473599.548,GBPUSD_otc
86,2026-06-03 08:00:00,1.34368,1.3436,1.34368,1.34358,394,1780473899.555,GBPUSD_otc
86,2026-06-03 08:05:00,1.3436,1.34365,1.34368,1.34357,388,1780474199.508,GBPUSD_otc
86,2026-06-03 08:10:00,1.34365,1.34374,1.34374,1.34359,403,1780474499.493,GBPUSD_otc
86,2026-06-03 08:15:00,1.34374,1.34376,1.34381,1.34372,400,1780474799.374,GBPUSD_otc
86,2026-06-03 08:20:00,1.34376,1.34377,1.34379,1.34373,409,1780475099.886,GBPUSD_otc
86,2026-06-03 08:25:00,1.34377,1.34369,1.34377,1.34368,417,1780475399.877,GBPUSD_otc
86,2026-06-03 08:30:00,1.34367,1.34379,1.34379,1.34366,392,1780475699.887,GBPUSD_otc
86,2026-06-03 08:35:00,1.34379,1.34375,1.34383,1.34371,390,1780475999.284,GBPUSD_otc
86,2026-06-03 08:40:00,1.34375,1.34371,1.34377,1.3437,378,1780476299.82,GBPUSD_otc
86,2026-06-03 08:45:00,1.34371,1.34379,1.34383,1.34371,390,1780476599.784,GBPUSD_otc
86,2026-06-03 08:50:00,1.34379,1.34374,1.34382,1.3437,400,1780476899.794,GBPUSD_otc
86,2026-06-03 08:55:00,1.34374,1.34367,1.34375,1.34367,410,1780477199.743,GBPUSD_otc
86,2026-06-03 09:00:00,1.34367,1.34364,1.34373,1.34364,407,1780477499.718,GBPUSD_otc
86,2026-06-03 09:05:00,1.34364,1.34362,1.34367,1.34361,415,1780477799.645,GBPUSD_otc
86,2026-06-03 09:10:00,1.34362,1.3436,1.34364,1.34356,387,1780478099.627,GBPUSD_otc
86,2026-06-03 09:15:00,1.3436,1.34362,1.34364,1.34359,382,1780478399.554,GBPUSD_otc
86,2026-06-03 09:20:00,1.34362,1.3435,1.34362,1.3435,387,1780478699.587,GBPUSD_otc
86,2026-06-03 09:25:00,1.3435,1.34351,1.34355,1.34346,392,1780478999.595,GBPUSD_otc
86,2026-06-03 09:30:00,1.34351,1.34342,1.34354,1.34342,389,1780479298.037,GBPUSD_otc
86,2026-06-03 09:35:00,1.34342,1.34345,1.34345,1.34339,378,1780479599.492,GBPUSD_otc
86,2026-06-03 09:40:00,1.34346,1.34345,1.3435,1.34343,418,1780479899.94,GBPUSD_otc
86,2026-06-03 09:45:00,1.34345,1.34351,1.34355,1.34344,386,1780480199.455,GBPUSD_otc
86,2026-06-03 09:50:00,1.34351,1.34344,1.34353,1.34343,404,1780480499.95,GBPUSD_otc
86,2026-06-03 09:55:00,1.34344,1.34353,1.34354,1.34344,393,1780480799.973,GBPUSD_otc
86,2026-06-03 10:00:00,1.34353,1.34353,1.34357,1.34347,402,1780481099.436,GBPUSD_otc
86,2026-06-03 10:05:00,1.34353,1.34358,1.34362,1.34349,388,1780481399.41,GBPUSD_otc
86,2026-06-03 10:10:00,1.34358,1.34358,1.34368,1.34358,388,1780481699.809,GBPUSD_otc
86,2026-06-03 10:15:00,1.34358,1.34354,1.3436,1.34353,392,1780481999.839,GBPUSD_otc
86,2026-06-03 10:20:00,1.34354,1.34359,1.34365,1.34354,400,1780482299.764,GBPUSD_otc
86,2026-06-03 10:25:00,1.34359,1.34365,1.34371,1.34358,430,1780482599.794,GBPUSD_otc
86,2026-06-03 10:30:00,1.34365,1.34357,1.34366,1.34354,400,1780482898.641,GBPUSD_otc
86,2026-06-03 10:35:00,1.34357,1.34351,1.34359,1.34348,401,1780483199.707,GBPUSD_otc
86,2026-06-03 10:40:00,1.34352,1.34357,1.3436,1.34352,417,1780483498.596,GBPUSD_otc
86,2026-06-03 10:45:00,1.34357,1.34358,1.34363,1.34354,399,1780483798.634,GBPUSD_otc
86,2026-06-03 10:50:00,1.34358,1.34357,1.34362,1.34352,430,1780484099.536,GBPUSD_otc
86,2026-06-03 10:55:00,1.34357,1.34352,1.34357,1.3435,400,1780484399.071,GBPUSD_otc
86,2026-06-03 11:00:00,1.34352,1.34352,1.34359,1.34348,402,1780484699.943,GBPUSD_otc
86,2026-06-03 11:05:00,1.34352,1.34348,1.34354,1.34348,393,1780484999.997,GBPUSD_otc
86,2026-06-03 11:10:00,1.34348,1.34337,1.34353,1.34337,399,1780485295.396,GBPUSD_otc
86,2026-06-03 11:15:00,1.34338,1.3434,1.3434,1.34334,401,1780485599.437,GBPUSD_otc
86,2026-06-03 11:20:00,1.3434,1.34343,1.34348,1.3434,378,1780485899.838,GBPUSD_otc
86,2026-06-03 11:25:00,1.34343,1.34327,1.34343,1.34326,385,1780486199.851,GBPUSD_otc
86,2026-06-03 11:30:00,1.34327,1.34335,1.34335,1.34327,424,1780486499.774,GBPUSD_otc
86,2026-06-03 11:35:00,1.34335,1.34334,1.34339,1.34333,395,1780486799.802,GBPUSD_otc
86,2026-06-03 11:40:00,1.34334,1.34322,1.34336,1.34321,406,1780487099.728,GBPUSD_otc
86,2026-06-03 11:45:00,1.34322,1.34326,1.3433,1.34322,400,1780487399.77,GBPUSD_otc
86,2026-06-03 11:50:00,1.34326,1.34328,1.3433,1.34322,387,1780487699.177,GBPUSD_otc
86,2026-06-03 11:55:00,1.34328,1.34337,1.34338,1.34324,392,1780487999.682,GBPUSD_otc
86,2026-06-03 12:00:00,1.34337,1.34333,1.34337,1.34326,389,1780488298.602,GBPUSD_otc
86,2026-06-03 12:05:00,1.34333,1.34334,1.34338,1.34332,381,1780488599.119,GBPUSD_otc
86,2026-06-03 12:10:00,1.34334,1.34335,1.34344,1.34332,398,1780488899.508,GBPUSD_otc
86,2026-06-03 12:15:00,1.34335,1.34315,1.34335,1.3431,410,1780489198.027,GBPUSD_otc
86,2026-06-03 12:20:00,1.34315,1.34318,1.3432,1.34315,371,1780489499.938,GBPUSD_otc
86,2026-06-03 12:25:00,1.34318,1.34317,1.34326,1.34315,423,1780489798.953,GBPUSD_otc
86,2026-06-03 12:30:00,1.34317,1.34325,1.34328,1.34317,413,1780490098.93,GBPUSD_otc
86,2026-06-03 12:35:00,1.34325,1.34337,1.34337,1.34324,401,1780490399.935,GBPUSD_otc
86,2026-06-03 12:40:00,1.34337,1.34335,1.34338,1.3433,397,1780490699.38,GBPUSD_otc
86,2026-06-03 12:45:00,1.34335,1.34344,1.34345,1.34332,402,1780490999.911,GBPUSD_otc
86,2026-06-03 12:50:00,1.34344,1.34337,1.34345,1.34337,403,1780491299.846,GBPUSD_otc
86,2026-06-03 12:55:00,1.34337,1.3433,1.34337,1.34327,408,1780491599.886,GBPUSD_otc
86,2026-06-03 13:00:00,1.3433,1.34344,1.34347,1.34327,386,1780491899.881,GBPUSD_otc
86,2026-06-03 13:05:00,1.34344,1.3432,1.34344,1.3432,391,1780492199.377,GBPUSD_otc
86,2026-06-03 13:10:00,1.3432,1.34327,1.34329,1.34314,412,1780492498.914,GBPUSD_otc
86,2026-06-03 13:15:00,1.34327,1.34315,1.34327,1.34311,382,1780492799.82,GBPUSD_otc
86,2026-06-03 13:20:00,1.34315,1.34314,1.34327,1.34314,406,1780493099.837,GBPUSD_otc
86,2026-06-03 13:25:00,1.34314,1.34312,1.34314,1.34306,378,1780493399.81,GBPUSD_otc
86,2026-06-03 13:30:00,1.34312,1.34299,1.34313,1.34299,398,1780493699.817,GBPUSD_otc
86,2026-06-03 13:35:00,1.34299,1.34295,1.343,1.3429,415,1780493999.791,GBPUSD_otc
86,2026-06-03 13:40:00,1.34295,1.34309,1.34309,1.34294,405,1780494299.778,GBPUSD_otc
86,2026-06-03 13:45:00,1.34308,1.34313,1.34317,1.34308,418,1780494599.733,GBPUSD_otc
86,2026-06-03 13:50:00,1.34313,1.34322,1.34326,1.34313,393,1780494899.697,GBPUSD_otc
86,2026-06-03 13:55:00,1.34322,1.34314,1.34322,1.34312,384,1780495199.688,GBPUSD_otc
86,2026-06-03 14:00:00,1.34314,1.34316,1.34324,1.34313,406,1780495499.64,GBPUSD_otc
86,2026-06-03 14:05:00,1.34316,1.34305,1.34316,1.34305,389,1780495799.635,GBPUSD_otc
86,2026-06-03 14:10:00,1.34305,1.34308,1.34312,1.34303,413,1780496099.556,GBPUSD_otc
86,2026-06-03 14:15:00,1.34308,1.34312,1.34317,1.34307,388,1780496399.507,GBPUSD_otc
86,2026-06-03 14:20:00,1.34312,1.3431,1.34316,1.34309,388,1780496699.469,GBPUSD_otc
86,2026-06-03 14:25:00,1.34311,1.34299,1.34311,1.34298,399,1780496999.502,GBPUSD_otc
86,2026-06-03 14:30:00,1.34299,1.34293,1.34303,1.34291,389,1780497298.913,GBPUSD_otc
86,2026-06-03 14:35:00,1.34293,1.34281,1.34293,1.3428,401,1780497599.903,GBPUSD_otc
86,2026-06-03 14:40:00,1.3428,1.3428,1.34283,1.34274,408,1780497899.795,GBPUSD_otc
86,2026-06-03 14:45:00,1.3428,1.34278,1.3428,1.34271,410,1780498198.797,GBPUSD_otc
86,2026-06-03 14:50:00,1.34278,1.34291,1.34293,1.34278,397,1780498498.288,GBPUSD_otc
86,2026-06-03 14:55:00,1.34291,1.34291,1.34294,1.34284,405,1780498799.831,GBPUSD_otc
86,2026-06-03 15:00:00,1.34291,1.34304,1.34307,1.34291,401,1780499099.773,GBPUSD_otc
86,2026-06-03 15:05:00,1.34304,1.343,1.34311,1.34298,387,1780499399.761,GBPUSD_otc
86,2026-06-03 15:10:00,1.343,1.34301,1.34308,1.34298,392,1780499699.162,GBPUSD_otc
86,2026-06-03 15:15:00,1.34301,1.34297,1.34302,1.34293,388,1780499999.708,GBPUSD_otc
86,2026-06-03 15:20:00,1.34297,1.34299,1.34307,1.34297,401,1780500299.671,GBPUSD_otc
86,2026-06-03 15:25:00,1.34299,1.34301,1.34304,1.34294,423,1780500599.176,GBPUSD_otc
86,2026-06-03 15:30:00,1.34301,1.34291,1.34301,1.34289,388,1780500899.217,GBPUSD_otc
86,2026-06-03 15:35:00,1.34291,1.34283,1.34291,1.34279,400,1780501199.623,GBPUSD_otc
86,2026-06-03 15:40:00,1.34283,1.34295,1.34296,1.3428,407,1780501499.65,GBPUSD_otc
86,2026-06-03 15:45:00,1.34295,1.34309,1.34311,1.34292,395,1780501799.557,GBPUSD_otc
86,2026-06-03 15:50:00,1.34309,1.34307,1.34309,1.343,411,1780502099.618,GBPUSD_otc
86,2026-06-03 15:55:00,1.34307,1.34302,1.34307,1.343,399,1780502399.553,GBPUSD_otc
86,2026-06-03 16:00:00,1.34302,1.34306,1.3431,1.343,409,1780502699.539,GBPUSD_otc
86,2026-06-03 16:05:00,1.34306,1.34308,1.3431,1.343,396,1780502998.539,GBPUSD_otc
86,2026-06-03 16:10:00,1.34308,1.34313,1.34314,1.34308,396,1780503299.982,GBPUSD_otc
86,2026-06-03 16:15:00,1.34313,1.34314,1.34317,1.3431,405,1780503599.962,GBPUSD_otc
86,2026-06-03 16:20:00,1.34315,1.34312,1.34318,1.3431,416,1780503899.931,GBPUSD_otc
86,2026-06-03 16:25:00,1.34312,1.34307,1.34315,1.34307,398,1780504199.943,GBPUSD_otc
86,2026-06-03 16:30:00,1.34307,1.34324,1.34325,1.34307,404,1780504499.858,GBPUSD_otc
86,2026-06-03 16:35:00,1.34324,1.34331,1.34333,1.34324,413,1780504798.893,GBPUSD_otc
86,2026-06-03 16:40:00,1.34331,1.34345,1.34345,1.34327,397,1780505099.756,GBPUSD_otc
86,2026-06-03 16:45:00,1.34345,1.34344,1.3435,1.34343,396,1780505399.217,GBPUSD_otc
86,2026-06-03 16:50:00,1.34344,1.34348,1.34349,1.34344,403,1780505699.711,GBPUSD_otc
86,2026-06-03 16:55:00,1.34348,1.34352,1.34356,1.34348,395,1780505999.703,GBPUSD_otc
86,2026-06-03 17:00:00,1.34352,1.34339,1.34353,1.34339,391,1780506299.106,GBPUSD_otc
86,2026-06-03 17:05:00,1.34339,1.34339,1.34341,1.34333,415,1780506599.529,GBPUSD_otc
86,2026-06-03 17:10:00,1.34339,1.34338,1.34345,1.34337,404,1780506899.572,GBPUSD_otc
86,2026-06-03 17:15:00,1.34338,1.34337,1.34338,1.34333,396,1780507197.087,GBPUSD_otc
86,2026-06-03 17:20:00,1.34336,1.34323,1.34336,1.34322,386,1780507499.035,GBPUSD_otc
86,2026-06-03 17:25:00,1.34323,1.34311,1.34327,1.34311,430,1780507799.519,GBPUSD_otc
86,2026-06-03 17:30:00,1.34311,1.34311,1.34314,1.34303,406,1780508099.932,GBPUSD_otc
86,2026-06-03 17:35:00,1.34311,1.34311,1.34319,1.34309,411,1780508399.458,GBPUSD_otc
86,2026-06-03 17:40:00,1.34311,1.3431,1.34316,1.34307,384,1780508699.879,GBPUSD_otc
86,2026-06-03 17:45:00,1.34311,1.34321,1.34321,1.34309,413,1780508999.401,GBPUSD_otc
86,2026-06-03 17:50:00,1.34321,1.34318,1.34322,1.34316,378,1780509299.821,GBPUSD_otc
86,2026-06-03 17:55:00,1.34318,1.34332,1.34333,1.34315,390,1780509599.829,GBPUSD_otc
86,2026-06-03 18:00:00,1.34333,1.34338,1.34339,1.34329,406,1780509899.693,GBPUSD_otc
86,2026-06-03 18:05:00,1.34338,1.34335,1.34342,1.34333,397,1780510199.739,GBPUSD_otc
86,2026-06-03 18:10:00,1.34335,1.34332,1.3434,1.34332,394,1780510499.691,GBPUSD_otc
86,2026-06-03 18:15:00,1.34332,1.34334,1.34335,1.34327,401,1780510799.689,GBPUSD_otc
86,2026-06-03 18:20:00,1.34334,1.34335,1.34335,1.34323,392,1780511099.598,GBPUSD_otc
86,2026-06-03 18:25:00,1.34335,1.34336,1.3434,1.34326,404,1780511399.571,GBPUSD_otc
86,2026-06-03 18:30:00,1.34336,1.34343,1.34346,1.34336,381,1780511699.495,GBPUSD_otc
86,2026-06-03 18:35:00,1.34343,1.34352,1.34354,1.34341,389,1780511998.967,GBPUSD_otc
86,2026-06-03 18:40:00,1.34352,1.34354,1.34355,1.34345,398,1780512299.884,GBPUSD_otc
86,2026-06-03 18:45:00,1.34354,1.34342,1.34354,1.34342,399,1780512599.908,GBPUSD_otc
86,2026-06-03 18:50:00,1.34342,1.34326,1.34342,1.34325,392,1780512899.795,GBPUSD_otc
86,2026-06-03 18:55:00,1.34326,1.34322,1.34328,1.34316,382,1780513198.243,GBPUSD_otc
86,2026-06-03 19:00:00,1.34322,1.3431,1.34326,1.34308,401,1780513499.717,GBPUSD_otc
86,2026-06-03 19:05:00,1.3431,1.34307,1.34314,1.34306,390,1780513799.721,GBPUSD_otc
86,2026-06-03 19:10:00,1.34307,1.34294,1.34307,1.34293,405,1780514099.654,GBPUSD_otc
86,2026-06-03 19:15:00,1.34294,1.34288,1.34295,1.34288,406,1780514399.676,GBPUSD_otc
86,2026-06-03 19:20:00,1.34288,1.34277,1.34289,1.34276,404,1780514699.552,GBPUSD_otc
86,2026-06-03 19:25:00,1.34277,1.34286,1.3429,1.34276,395,1780514999.422,GBPUSD_otc
86,2026-06-03 19:30:00,1.34286,1.34291,1.34291,1.34279,399,1780515299.951,GBPUSD_otc
86,2026-06-03 19:35:00,1.34291,1.34295,1.34298,1.34289,405,1780515599.882,GBPUSD_otc
86,2026-06-03 19:40:00,1.34295,1.34301,1.34304,1.34293,407,1780515899.895,GBPUSD_otc
86,2026-06-03 19:45:00,1.34301,1.34303,1.34308,1.34301,406,1780516199.795,GBPUSD_otc
86,2026-06-03 19:50:00,1.34303,1.34179,1.34303,1.34172,392,1780516499.803,GBPUSD_otc
86,2026-06-03 19:55:00,1.34179,1.34188,1.34193,1.34178,404,1780516799.751,GBPUSD_otc
86,2026-06-03 20:00:00,1.34188,1.34193,1.34194,1.34185,409,1780517099.675,GBPUSD_otc
86,2026-06-03 20:05:00,1.34193,1.34209,1.34212,1.34193,404,1780517399.626,GBPUSD_otc
86,2026-06-03 20:10:00,1.34209,1.342,1.34211,1.342,405,1780517699.55,GBPUSD_otc
86,2026-06-03 20:15:00,1.342,1.34197,1.34203,1.34193,427,1780517999.904,GBPUSD_otc
86,2026-06-03 20:20:00,1.34197,1.34195,1.34202,1.34194,393,1780518299.922,GBPUSD_otc
86,2026-06-03 20:25:00,1.34195,1.34203,1.34203,1.34192,391,1780518599.834,GBPUSD_otc
86,2026-06-03 20:30:00,1.34203,1.34205,1.34209,1.34199,418,1780518899.832,GBPUSD_otc
86,2026-06-03 20:35:00,1.34205,1.34191,1.34206,1.34191,415,1780519199.744,GBPUSD_otc
86,2026-06-03 20:40:00,1.34191,1.34207,1.34207,1.34191,404,1780519499.725,GBPUSD_otc
86,2026-06-03 20:45:00,1.34207,1.34208,1.34214,1.34204,388,1780519799.639,GBPUSD_otc
86,2026-06-03 20:50:00,1.34207,1.3421,1.34215,1.34206,388,1780520099.154,GBPUSD_otc
86,2026-06-03 20:55:00,1.3421,1.34207,1.34213,1.342,393,1780520399.051,GBPUSD_otc
86,2026-06-03 21:00:00,1.34207,1.34215,1.34216,1.34207,398,1780520699.55,GBPUSD_otc
86,2026-06-03 21:05:00,1.34215,1.3421,1.34218,1.34206,416,1780520999.988,GBPUSD_otc
86,2026-06-03 21:10:00,1.3421,1.34189,1.34211,1.34189,389,1780521299.904,GBPUSD_otc
86,2026-06-03 21:15:00,1.34189,1.34179,1.3419,1.34179,386,1780521599.86,GBPUSD_otc
86,2026-06-03 21:20:00,1.34179,1.34181,1.34182,1.34176,404,1780521899.835,GBPUSD_otc
86,2026-06-03 21:25:00,1.34181,1.34192,1.34192,1.34181,404,1780522199.244,GBPUSD_otc
86,2026-06-03 21:30:00,1.34192,1.34187,1.34195,1.34187,370,1780522499.758,GBPUSD_otc
86,2026-06-03 21:35:00,1.34187,1.34184,1.34188,1.3418,372,1780522799.712,GBPUSD_otc
86,2026-06-03 21:40:00,1.34184,1.34186,1.34189,1.3418,407,1780523099.622,GBPUSD_otc
86,2026-06-03 21:45:00,1.34186,1.34178,1.34188,1.34176,414,1780523399.582,GBPUSD_otc
86,2026-06-03 21:50:00,1.34178,1.34182,1.34183,1.34177,394,1780523699.501,GBPUSD_otc
86,2026-06-03 21:55:00,1.34182,1.34171,1.34182,1.34168,405,1780523999.874,GBPUSD_otc
86,2026-06-03 22:00:00,1.34171,1.34169,1.34176,1.34168,409,1780524298.328,GBPUSD_otc
86,2026-06-03 22:05:00,1.34169,1.34167,1.34171,1.34162,419,1780524599.233,GBPUSD_otc
86,2026-06-03 22:10:00,1.34167,1.34156,1.34169,1.34154,386,1780524899.708,GBPUSD_otc
86,2026-06-03 22:15:00,1.34156,1.34162,1.34164,1.34153,394,1780525199.63,GBPUSD_otc
86,2026-06-03 22:20:00,1.34162,1.34171,1.34171,1.34162,392,1780525499.004,GBPUSD_otc
86,2026-06-03 22:25:00,1.34171,1.34166,1.34172,1.34163,390,1780525799.984,GBPUSD_otc
86,2026-06-03 22:30:00,1.34166,1.34178,1.3418,1.34165,387,1780526099.861,GBPUSD_otc
86,2026-06-03 22:35:00,1.34178,1.34171,1.3418,1.34168,410,1780526399.34,GBPUSD_otc
86,2026-06-03 22:40:00,1.34171,1.34159,1.34172,1.34158,414,1780526699.213,GBPUSD_otc
86,2026-06-03 22:45:00,1.34159,1.34142,1.34161,1.34142,408,1780526999.166,GBPUSD_otc
86,2026-06-03 22:50:00,1.34142,1.34136,1.34143,1.34134,392,1780527299.592,GBPUSD_otc
86,2026-06-03 22:55:00,1.34136,1.34157,1.34157,1.34136,389,1780527599.499,GBPUSD_otc
86,2026-06-03 23:00:00,1.34158,1.34155,1.34158,1.34147,400,1780527899.968,GBPUSD_otc
86,2026-06-03 23:05:00,1.34155,1.34154,1.34164,1.3415,399,1780528198.848,GBPUSD_otc
86,2026-06-03 23:10:00,1.34154,1.34158,1.34161,1.3415,410,1780528499.34,GBPUSD_otc
86,2026-06-03 23:15:00,1.34158,1.3416,1.34162,1.34157,404,1780528799.68,GBPUSD_otc
86,2026-06-03 23:20:00,1.3416,1.34154,1.3416,1.34152,401,1780529099.623,GBPUSD_otc
86,2026-06-03 23:25:00,1.34154,1.34148,1.34156,1.34145,398,1780529399.617,GBPUSD_otc
86,2026-06-03 23:30:00,1.34148,1.34154,1.34157,1.34147,414,1780529697.572,GBPUSD_otc
86,2026-06-03 23:35:00,1.34154,1.34148,1.34154,1.34145,412,1780529999.479,GBPUSD_otc
86,2026-06-03 23:40:00,1.34148,1.34154,1.34154,1.34144,382,1780530299.848,GBPUSD_otc
86,2026-06-03 23:45:00,1.34154,1.34143,1.34155,1.34142,375,1780530599.816,GBPUSD_otc
86,2026-06-03 23:50:00,1.34143,1.34141,1.34146,1.34138,404,1780530899.756,GBPUSD_otc
86,2026-06-03 23:55:00,1.34141,1.34133,1.34145,1.34132,403,1780531199.218,GBPUSD_otc
86,2026-06-04 00:00:00,1.34133,1.34131,1.34135,1.34126,399,1780531499.646,GBPUSD_otc
86,2026-06-04 00:05:00,1.34131,1.34135,1.34139,1.34129,414,1780531799.639,GBPUSD_otc
86,2026-06-04 00:10:00,1.34135,1.34135,1.34135,1.34128,411,1780532099.975,GBPUSD_otc
86,2026-06-04 00:15:00,1.34135,1.34139,1.34141,1.34132,393,1780532399.935,GBPUSD_otc
86,2026-06-04 00:20:00,1.34139,1.34139,1.34142,1.34133,394,1780532699.857,GBPUSD_otc
86,2026-06-04 00:25:00,1.34139,1.34144,1.34147,1.34138,406,1780532999.293,GBPUSD_otc
86,2026-06-04 00:30:00,1.34144,1.3414,1.34151,1.3414,399,1780533299.733,GBPUSD_otc
86,2026-06-04 00:35:00,1.3414,1.34132,1.3414,1.34129,389,1780533599.644,GBPUSD_otc
86,2026-06-04 00:40:00,1.34132,1.34126,1.34132,1.34121,396,1780533899.576,GBPUSD_otc
86,2026-06-04 00:45:00,1.34126,1.34129,1.34133,1.34125,403,1780534199.478,GBPUSD_otc
86,2026-06-04 00:50:00,1.34129,1.34124,1.34131,1.34124,383,1780534499.952,GBPUSD_otc
86,2026-06-04 00:55:00,1.34124,1.34121,1.34126,1.34116,378,1780534797.904,GBPUSD_otc
86,2026-06-04 01:00:00,1.34121,1.34131,1.34133,1.34121,398,1780535099.878,GBPUSD_otc
86,2026-06-04 01:05:00,1.34131,1.34136,1.3414,1.3413,413,1780535399.807,GBPUSD_otc
86,2026-06-04 01:10:00,1.34136,1.34138,1.34139,1.34132,398,1780535699.745,GBPUSD_otc
86,2026-06-04 01:15:00,1.34138,1.34139,1.34145,1.34137,399,1780535999.604,GBPUSD_otc
86,2026-06-04 01:20:00,1.34139,1.34143,1.34143,1.34132,394,1780536299.582,GBPUSD_otc
86,2026-06-04 01:25:00,1.34143,1.34151,1.34154,1.3414,386,1780536599.449,GBPUSD_otc
86,2026-06-04 01:30:00,1.34151,1.3415,1.34156,1.34148,403,1780536899.882,GBPUSD_otc
86,2026-06-04 01:35:00,1.3415,1.3415,1.34155,1.34143,404,1780537198.841,GBPUSD_otc
86,2026-06-04 01:40:00,1.3415,1.34156,1.34157,1.3415,401,1780537499.731,GBPUSD_otc
86,2026-06-04 01:45:00,1.34156,1.34154,1.34158,1.34147,407,1780537799.746,GBPUSD_otc
86,2026-06-04 01:50:00,1.34154,1.34158,1.3416,1.34152,410,1780538099.65,GBPUSD_otc
86,2026-06-04 01:55:00,1.34158,1.3416,1.3416,1.34152,383,1780538399.648,GBPUSD_otc
86,2026-06-04 02:00:00,1.3416,1.34151,1.3416,1.34151,407,1780538699.523,GBPUSD_otc
86,2026-06-04 02:05:00,1.34151,1.34148,1.34151,1.34141,402,1780538998.522,GBPUSD_otc
86,2026-06-04 02:10:00,1.34148,1.3415,1.34152,1.34147,407,1780539299.433,GBPUSD_otc
86,2026-06-04 02:15:00,1.3415,1.34153,1.34153,1.34143,390,1780539599.864,GBPUSD_otc
86,2026-06-04 02:20:00,1.34153,1.34142,1.34153,1.34136,392,1780539899.802,GBPUSD_otc
86,2026-06-04 02:25:00,1.34142,1.34147,1.34153,1.34142,403,1780540199.742,GBPUSD_otc
86,2026-06-04 02:30:00,1.34147,1.34144,1.34148,1.34141,400,1780540499.683,GBPUSD_otc
86,2026-06-04 02:35:00,1.34144,1.34147,1.3415,1.34143,385,1780540799.618,GBPUSD_otc
86,2026-06-04 02:40:00,1.34147,1.34134,1.3415,1.34134,403,1780541099.572,GBPUSD_otc
86,2026-06-04 02:45:00,1.34134,1.34116,1.34134,1.34116,396,1780541399.968,GBPUSD_otc
86,2026-06-04 02:50:00,1.34116,1.34113,1.34116,1.34107,391,1780541699.968,GBPUSD_otc
86,2026-06-04 02:55:00,1.34113,1.34099,1.34113,1.34099,403,1780541999.91,GBPUSD_otc
86,2026-06-04 03:00:00,1.34099,1.34102,1.34102,1.34096,420,1780542299.391,GBPUSD_otc
86,2026-06-04 03:05:00,1.34102,1.34103,1.34104,1.34097,420,1780542599.285,GBPUSD_otc
86,2026-06-04 03:10:00,1.34103,1.34094,1.34103,1.3409,397,1780542899.805,GBPUSD_otc
86,2026-06-04 03:15:00,1.34094,1.34093,1.34098,1.3409,394,1780543199.734,GBPUSD_otc
86,2026-06-04 03:20:00,1.34093,1.34098,1.34099,1.34093,369,1780543499.737,GBPUSD_otc
86,2026-06-04 03:25:00,1.34098,1.34093,1.34105,1.34093,399,1780543799.656,GBPUSD_otc
86,2026-06-04 03:30:00,1.34093,1.34081,1.34094,1.3408,386,1780544099.152,GBPUSD_otc
86,2026-06-04 03:35:00,1.34081,1.34068,1.34081,1.34065,396,1780544399.094,GBPUSD_otc
86,2026-06-04 03:40:00,1.34068,1.34069,1.34078,1.34067,392,1780544699.573,GBPUSD_otc
86,2026-06-04 03:45:00,1.34069,1.34077,1.34077,1.34069,406,1780544999.036,GBPUSD_otc
86,2026-06-04 03:50:00,1.34077,1.34075,1.34079,1.34067,383,1780545299.99,GBPUSD_otc
86,2026-06-04 03:55:00,1.34075,1.34069,1.34078,1.34066,387,1780545599.852,GBPUSD_otc
86,2026-06-04 04:00:00,1.34069,1.34056,1.34069,1.34055,394,1780545899.862,GBPUSD_otc
86,2026-06-04 04:05:00,1.34056,1.34057,1.34057,1.3405,392,1780546199.782,GBPUSD_otc
86,2026-06-04 04:10:00,1.34057,1.34045,1.34057,1.34043,423,1780546499.797,GBPUSD_otc
86,2026-06-04 04:15:00,1.34045,1.34051,1.34054,1.34045,400,1780546799.771,GBPUSD_otc
86,2026-06-04 04:20:00,1.34051,1.34054,1.34055,1.34047,422,1780547099.75,GBPUSD_otc
86,2026-06-04 04:25:00,1.34054,1.34054,1.34057,1.34049,396,1780547398.707,GBPUSD_otc
86,2026-06-04 04:30:00,1.34054,1.34065,1.34065,1.34053,393,1780547699.648,GBPUSD_otc
86,2026-06-04 04:35:00,1.34065,1.34066,1.34072,1.34061,419,1780547998.584,GBPUSD_otc
86,2026-06-04 04:40:00,1.34066,1.34067,1.3407,1.34062,398,1780548299.632,GBPUSD_otc
86,2026-06-04 04:45:00,1.34067,1.34064,1.34069,1.34063,393,1780548599.112,GBPUSD_otc
86,2026-06-04 04:50:00,1.34063,1.34071,1.34072,1.34062,390,1780548898.548,GBPUSD_otc
86,2026-06-04 04:55:00,1.34071,1.34073,1.3408,1.3407,419,1780549199.506,GBPUSD_otc
86,2026-06-04 05:00:00,1.34073,1.34076,1.34079,1.34072,405,1780549499.466,GBPUSD_otc
86,2026-06-04 05:05:00,1.34076,1.3407,1.34079,1.3407,394,1780549799.934,GBPUSD_otc
86,2026-06-04 05:10:00,1.3407,1.34068,1.34072,1.34065,404,1780550099.865,GBPUSD_otc
86,2026-06-04 05:15:00,1.34068,1.3407,1.34073,1.34066,392,1780550398.774,GBPUSD_otc
86,2026-06-04 05:20:00,1.3407,1.34064,1.34076,1.3406,406,1780550699.266,GBPUSD_otc
86,2026-06-04 05:25:00,1.34064,1.3407,1.34072,1.3406,410,1780550999.685,GBPUSD_otc
86,2026-06-04 05:30:00,1.3407,1.34057,1.3407,1.34057,425,1780551298.631,GBPUSD_otc
86,2026-06-04 05:35:00,1.34057,1.34048,1.34061,1.34048,399,1780551599.624,GBPUSD_otc
86,2026-06-04 05:40:00,1.34048,1.34048,1.34055,1.34047,391,1780551899.116,GBPUSD_otc
86,2026-06-04 05:45:00,1.34048,1.34046,1.34051,1.34042,392,1780552199.562,GBPUSD_otc
86,2026-06-04 05:50:00,1.34046,1.34042,1.34047,1.34038,381,1780552499.037,GBPUSD_otc
86,2026-06-04 05:55:00,1.34042,1.34049,1.3405,1.34041,408,1780552799.955,GBPUSD_otc
86,2026-06-04 06:00:00,1.34049,1.34039,1.34049,1.34037,394,1780553099.962,GBPUSD_otc
86,2026-06-04 06:05:00,1.34039,1.34048,1.34051,1.34039,406,1780553398.921,GBPUSD_otc
86,2026-06-04 06:10:00,1.34048,1.34043,1.34049,1.34038,400,1780553699.416,GBPUSD_otc
86,2026-06-04 06:15:00,1.34043,1.34044,1.34044,1.34039,378,1780553999.803,GBPUSD_otc
86,2026-06-04 06:20:00,1.34044,1.3404,1.34044,1.34038,396,1780554299.803,GBPUSD_otc
86,2026-06-04 06:25:00,1.3404,1.34049,1.3405,1.34037,413,1780554599.705,GBPUSD_otc
86,2026-06-04 06:30:00,1.34049,1.3404,1.34049,1.34034,414,1780554899.7,GBPUSD_otc
86,2026-06-04 06:35:00,1.3404,1.34051,1.34052,1.3404,384,1780555199.682,GBPUSD_otc
86,2026-06-04 06:40:00,1.34051,1.3405,1.34055,1.34046,405,1780555499.635,GBPUSD_otc
86,2026-06-04 06:45:00,1.3405,1.3404,1.3405,1.34039,407,1780555799.583,GBPUSD_otc
86,2026-06-04 06:50:00,1.3404,1.34058,1.34058,1.34038,392,1780556099.549,GBPUSD_otc
86,2026-06-04 06:55:00,1.34057,1.34068,1.34068,1.34055,408,1780556398.915,GBPUSD_otc
86,2026-06-04 07:00:00,1.34068,1.34059,1.34068,1.34059,408,1780556699.448,GBPUSD_otc
86,2026-06-04 07:05:00,1.34059,1.3406,1.34064,1.34057,385,1780556999.852,GBPUSD_otc
86,2026-06-04 07:10:00,1.34061,1.34045,1.34062,1.34045,396,1780557299.871,GBPUSD_otc
86,2026-06-04 07:15:00,1.34045,1.34035,1.34045,1.34035,388,1780557599.764,GBPUSD_otc
86,2026-06-04 07:20:00,1.34035,1.34037,1.34038,1.34031,415,1780557898.736,GBPUSD_otc
86,2026-06-04 07:25:00,1.34037,1.34041,1.34042,1.34034,386,1780558198.637,GBPUSD_otc
86,2026-06-04 07:30:00,1.3404,1.34035,1.3404,1.34028,392,1780558499.669,GBPUSD_otc
86,2026-06-04 07:35:00,1.34035,1.34036,1.34039,1.3403,411,1780558799.608,GBPUSD_otc
86,2026-06-04 07:40:00,1.34036,1.34032,1.34038,1.34028,402,1780559099.12,GBPUSD_otc
86,2026-06-04 07:45:00,1.34032,1.34029,1.34032,1.34023,411,1780559399.523,GBPUSD_otc
86,2026-06-04 07:50:00,1.34029,1.34026,1.34029,1.34014,386,1780559699.539,GBPUSD_otc
86,2026-06-04 07:55:00,1.34025,1.34038,1.34038,1.34023,422,1780559999.437,GBPUSD_otc
86,2026-06-04 08:00:00,1.34038,1.3404,1.34044,1.34029,420,1780560298.947,GBPUSD_otc
86,2026-06-04 08:05:00,1.3404,1.34028,1.34045,1.34027,388,1780560599.905,GBPUSD_otc
86,2026-06-04 08:10:00,1.34028,1.34034,1.34035,1.34027,394,1780560899.897,GBPUSD_otc
86,2026-06-04 08:15:00,1.34034,1.34016,1.34034,1.34016,391,1780561199.892,GBPUSD_otc
86,2026-06-04 08:20:00,1.34016,1.34015,1.3402,1.3401,390,1780561499.859,GBPUSD_otc
86,2026-06-04 08:25:00,1.34015,1.34011,1.34018,1.34011,401,1780561799.886,GBPUSD_otc
86,2026-06-04 08:30:00,1.34011,1.34009,1.34013,1.34004,415,1780562099.811,GBPUSD_otc
86,2026-06-04 08:35:00,1.34009,1.34011,1.34016,1.34007,403,1780562399.831,GBPUSD_otc
86,2026-06-04 08:40:00,1.34011,1.34007,1.34014,1.34007,402,1780562699.685,GBPUSD_otc
86,2026-06-04 08:45:00,1.34007,1.34005,1.34018,1.34004,401,1780562999.126,GBPUSD_otc
86,2026-06-04 08:50:00,1.34005,1.34002,1.34007,1.33991,398,1780563299.64,GBPUSD_otc
86,2026-06-04 08:55:00,1.34002,1.33998,1.34009,1.33997,388,1780563599.6,GBPUSD_otc
86,2026-06-04 09:00:00,1.33998,1.34003,1.34007,1.33997,406,1780563899.589,GBPUSD_otc
86,2026-06-04 09:05:00,1.34003,1.34006,1.34009,1.34002,402,1780564199.532,GBPUSD_otc
86,2026-06-04 09:10:00,1.34006,1.34001,1.34007,1.33997,387,1780564498.993,GBPUSD_otc
86,2026-06-04 09:15:00,1.34001,1.33991,1.34002,1.33987,413,1780564799.944,GBPUSD_otc
86,2026-06-04 09:20:00,1.33991,1.33991,1.33993,1.3398,393,1780565097.398,GBPUSD_otc
86,2026-06-04 09:25:00,1.33992,1.34,1.34,1.3399,392,1780565399.897,GBPUSD_otc
86,2026-06-04 09:30:00,1.34,1.34011,1.34011,1.33997,406,1780565699.838,GBPUSD_otc
86,2026-06-04 09:35:00,1.34011,1.34025,1.3403,1.34011,403,1780565999.855,GBPUSD_otc
86,2026-06-04 09:40:00,1.34025,1.34008,1.34026,1.34006,402,1780566299.795,GBPUSD_otc
86,2026-06-04 09:45:00,1.34008,1.34001,1.34012,1.34,408,1780566599.804,GBPUSD_otc
86,2026-06-04 09:50:00,1.34001,1.34,1.34005,1.33999,406,1780566897.738,GBPUSD_otc
86,2026-06-04 09:55:00,1.33998,1.33988,1.33999,1.33986,397,1780567199.756,GBPUSD_otc
86,2026-06-04 10:00:00,1.33989,1.33997,1.33999,1.33987,410,1780567499.611,GBPUSD_otc
86,2026-06-04 10:05:00,1.33997,1.33993,1.34001,1.3399,400,1780567799.569,GBPUSD_otc
86,2026-06-04 10:10:00,1.33993,1.3399,1.33993,1.33987,388,1780568099.523,GBPUSD_otc
86,2026-06-04 10:15:00,1.3399,1.34003,1.34005,1.3399,409,1780568399.991,GBPUSD_otc
86,2026-06-04 10:20:00,1.34003,1.34006,1.34006,1.33998,401,1780568699.913,GBPUSD_otc
86,2026-06-04 10:25:00,1.34006,1.34002,1.34009,1.34001,392,1780568999.857,GBPUSD_otc
86,2026-06-04 10:30:00,1.34002,1.34002,1.34004,1.33995,390,1780569299.84,GBPUSD_otc
86,2026-06-04 10:35:00,1.34002,1.34006,1.34014,1.34001,387,1780569598.697,GBPUSD_otc
86,2026-06-04 10:40:00,1.34006,1.33997,1.34007,1.33996,390,1780569899.67,GBPUSD_otc
86,2026-06-04 10:45:00,1.33997,1.33988,1.33997,1.33984,395,1780570199.626,GBPUSD_otc
86,2026-06-04 10:50:00,1.33988,1.33974,1.33988,1.33974,402,1780570499.628,GBPUSD_otc
86,2026-06-04 10:55:00,1.33975,1.33979,1.33981,1.33974,398,1780570799.022,GBPUSD_otc
86,2026-06-04 11:00:00,1.33978,1.33982,1.33984,1.33974,402,1780571099.566,GBPUSD_otc
86,2026-06-04 11:05:00,1.33981,1.33983,1.33983,1.33974,387,1780571398.988,GBPUSD_otc
86,2026-06-04 11:10:00,1.33983,1.33987,1.3399,1.33981,399,1780571699.542,GBPUSD_otc
86,2026-06-04 11:15:00,1.33987,1.33989,1.33994,1.33983,396,1780571999.92,GBPUSD_otc
86,2026-06-04 11:20:00,1.33989,1.33993,1.33994,1.33987,402,1780572299.427,GBPUSD_otc
86,2026-06-04 11:25:00,1.33993,1.34003,1.34003,1.33992,404,1780572599.329,GBPUSD_otc
86,2026-06-04 11:30:00,1.34003,1.34003,1.34007,1.33999,391,1780572899.354,GBPUSD_otc
86,2026-06-04 11:35:00,1.34003,1.34004,1.34007,1.34002,391,1780573199.778,GBPUSD_otc
86,2026-06-04 11:40:00,1.34004,1.34001,1.34009,1.33994,401,1780573498.804,GBPUSD_otc
86,2026-06-04 11:45:00,1.34001,1.34005,1.34009,1.33998,396,1780573799.756,GBPUSD_otc
86,2026-06-04 11:50:00,1.34005,1.3399,1.34008,1.3399,397,1780574099.747,GBPUSD_otc
86,2026-06-04 11:55:00,1.3399,1.33967,1.3399,1.33967,420,1780574399.634,GBPUSD_otc
86,2026-06-04 12:00:00,1.33967,1.3396,1.33968,1.33954,392,1780574699.63,GBPUSD_otc
86,2026-06-04 12:05:00,1.3396,1.33945,1.3396,1.33945,394,1780574999.553,GBPUSD_otc
86,2026-06-04 12:10:00,1.33945,1.33944,1.33947,1.33935,396,1780575299.048,GBPUSD_otc
86,2026-06-04 12:15:00,1.33944,1.33941,1.33946,1.33941,388,1780575599.988,GBPUSD_otc
86,2026-06-04 12:20:00,1.33941,1.33941,1.33948,1.3394,394,1780575899.451,GBPUSD_otc
86,2026-06-04 12:25:00,1.33941,1.33947,1.33947,1.33939,395,1780576199.845,GBPUSD_otc
86,2026-06-04 12:30:00,1.33947,1.33945,1.33951,1.33943,399,1780576499.842,GBPUSD_otc
86,2026-06-04 12:35:00,1.33946,1.33948,1.33954,1.33944,416,1780576799.778,GBPUSD_otc
86,2026-06-04 12:40:00,1.33948,1.33945,1.33949,1.33937,400,1780577099.802,GBPUSD_otc
86,2026-06-04 12:45:00,1.33945,1.33937,1.33947,1.33935,389,1780577399.715,GBPUSD_otc
86,2026-06-04 12:50:00,1.33937,1.33924,1.33939,1.33922,395,1780577699.702,GBPUSD_otc
86,2026-06-04 12:55:00,1.33924,1.33927,1.33928,1.33922,397,1780577999.563,GBPUSD_otc
86,2026-06-04 13:00:00,1.33927,1.33925,1.33928,1.33918,376,1780578299.617,GBPUSD_otc
86,2026-06-04 13:05:00,1.33925,1.33894,1.33925,1.33893,409,1780578599.507,GBPUSD_otc
86,2026-06-04 13:10:00,1.33894,1.33891,1.33895,1.33887,393,1780578898.515,GBPUSD_otc
86,2026-06-04 13:15:00,1.33891,1.33877,1.33893,1.33875,398,1780579199.439,GBPUSD_otc
86,2026-06-04 13:20:00,1.33877,1.33881,1.33884,1.33877,408,1780579499.921,GBPUSD_otc
86,2026-06-04 13:25:00,1.33881,1.3387,1.33885,1.3387,391,1780579799.799,GBPUSD_otc
86,2026-06-04 13:30:00,1.3387,1.33853,1.3387,1.33853,402,1780580098.805,GBPUSD_otc
86,2026-06-04 13:35:00,1.33853,1.33856,1.3386,1.3385,397,1780580399.228,GBPUSD_otc
86,2026-06-04 13:40:00,1.33856,1.33842,1.33856,1.33841,399,1780580699.721,GBPUSD_otc
86,2026-06-04 13:45:00,1.33842,1.33844,1.33849,1.3384,391,1780580999.643,GBPUSD_otc
86,2026-06-04 13:50:00,1.33844,1.33846,1.33847,1.33838,421,1780581299.625,GBPUSD_otc
86,2026-06-04 13:55:00,1.33847,1.33851,1.33856,1.33844,404,1780581599.554,GBPUSD_otc
86,2026-06-04 14:00:00,1.33851,1.33846,1.33855,1.33843,406,1780581899.04,GBPUSD_otc
86,2026-06-04 14:05:00,1.33846,1.3385,1.33854,1.33846,385,1780582199.549,GBPUSD_otc
86,2026-06-04 14:10:00,1.3385,1.3386,1.33863,1.3385,402,1780582499.531,GBPUSD_otc
86,2026-06-04 14:15:00,1.3386,1.33855,1.33864,1.33854,412,1780582799.943,GBPUSD_otc
86,2026-06-04 14:20:00,1.33855,1.33844,1.33858,1.33843,401,1780583099.46,GBPUSD_otc
86,2026-06-04 14:25:00,1.33844,1.33839,1.33844,1.33837,401,1780583399.881,GBPUSD_otc
86,2026-06-04 14:30:00,1.33839,1.33837,1.33844,1.33836,394,1780583699.888,GBPUSD_otc
86,2026-06-04 14:35:00,1.33837,1.3384,1.33842,1.33833,394,1780583999.832,GBPUSD_otc
86,2026-06-04 14:40:00,1.3384,1.33822,1.3384,1.3382,381,1780584299.836,GBPUSD_otc
86,2026-06-04 14:45:00,1.33822,1.33822,1.33825,1.33817,385,1780584599.745,GBPUSD_otc
86,2026-06-04 14:50:00,1.33822,1.33825,1.33827,1.3382,417,1780584898.784,GBPUSD_otc
86,2026-06-04 14:55:00,1.33825,1.33824,1.3383,1.33823,396,1780585199.182,GBPUSD_otc
86,2026-06-04 15:00:00,1.33824,1.33827,1.33831,1.33824,405,1780585499.196,GBPUSD_otc
86,2026-06-04 15:05:00,1.33827,1.3383,1.3383,1.33822,406,1780585799.65,GBPUSD_otc
86,2026-06-04 15:10:00,1.3383,1.33834,1.33837,1.33826,393,1780586099.139,GBPUSD_otc
86,2026-06-04 15:15:00,1.33834,1.33841,1.33841,1.33831,377,1780586399.518,GBPUSD_otc
86,2026-06-04 15:20:00,1.33841,1.33841,1.33845,1.33836,399,1780586699.553,GBPUSD_otc
86,2026-06-04 15:25:00,1.33841,1.3385,1.3385,1.33839,402,1780586998.502,GBPUSD_otc
86,2026-06-04 15:30:00,1.3385,1.33853,1.33855,1.33848,404,1780587299.527,GBPUSD_otc
86,2026-06-04 15:35:00,1.33853,1.33841,1.33853,1.3384,392,1780587598.009,GBPUSD_otc
86,2026-06-04 15:40:00,1.33841,1.33834,1.33843,1.33834,404,1780587899.003,GBPUSD_otc
86,2026-06-04 15:45:00,1.33834,1.33844,1.33845,1.33832,396,1780588199.5,GBPUSD_otc
86,2026-06-04 15:50:00,1.33844,1.33834,1.33844,1.33831,411,1780588499.429,GBPUSD_otc
86,2026-06-04 15:55:00,1.33834,1.33824,1.33837,1.33823,417,1780588799.478,GBPUSD_otc
86,2026-06-04 16:00:00,1.33824,1.33814,1.33825,1.33813,398,1780589099.919,GBPUSD_otc
86,2026-06-04 16:05:00,1.33814,1.33817,1.3382,1.33814,391,1780589399.948,GBPUSD_otc
86,2026-06-04 16:10:00,1.33817,1.33825,1.33828,1.33815,397,1780589699.862,GBPUSD_otc
86,2026-06-04 16:15:00,1.33826,1.33828,1.33828,1.33821,382,1780589999.844,GBPUSD_otc
86,2026-06-04 16:20:00,1.33828,1.33826,1.33834,1.33824,414,1780590299.844,GBPUSD_otc
86,2026-06-04 16:25:00,1.33826,1.33827,1.33834,1.33825,386,1780590599.337,GBPUSD_otc
86,2026-06-04 16:30:00,1.33827,1.33838,1.33842,1.33827,396,1780590899.793,GBPUSD_otc
86,2026-06-04 16:35:00,1.33838,1.33835,1.33839,1.33829,398,1780591199.737,GBPUSD_otc
86,2026-06-04 16:40:00,1.33835,1.3382,1.33839,1.33819,400,1780591499.141,GBPUSD_otc
86,2026-06-04 16:45:00,1.33819,1.33822,1.33824,1.33817,397,1780591799.646,GBPUSD_otc
86,2026-06-04 16:50:00,1.33822,1.33815,1.33823,1.33814,393,1780592099.543,GBPUSD_otc
86,2026-06-04 16:55:00,1.33815,1.33799,1.33815,1.33799,391,1780592399.546,GBPUSD_otc
86,2026-06-04 17:00:00,1.33799,1.338,1.33804,1.33796,423,1780592699.476,GBPUSD_otc
86,2026-06-04 17:05:00,1.338,1.33799,1.33803,1.33793,395,1780592999.986,GBPUSD_otc
86,2026-06-04 17:10:00,1.33799,1.33786,1.33799,1.33784,417,1780593299.891,GBPUSD_otc
86,2026-06-04 17:15:00,1.33786,1.33786,1.33787,1.33781,391,1780593599.907,GBPUSD_otc
86,2026-06-04 17:20:00,1.33786,1.33786,1.33793,1.33786,412,1780593899.334,GBPUSD_otc
86,2026-06-04 17:25:00,1.33786,1.33777,1.33786,1.33776,399,1780594199.837,GBPUSD_otc
86,2026-06-04 17:30:00,1.33777,1.33769,1.3378,1.33768,413,1780594497.781,GBPUSD_otc
86,2026-06-04 17:35:00,1.33769,1.33778,1.3378,1.33765,390,1780594799.785,GBPUSD_otc
86,2026-06-04 17:40:00,1.33778,1.33781,1.33782,1.33775,396,1780595099.198,GBPUSD_otc
86,2026-06-04 17:45:00,1.33781,1.33786,1.33786,1.33777,408,1780595399.191,GBPUSD_otc
86,2026-06-04 17:50:00,1.33786,1.33786,1.33792,1.33784,416,1780595699.106,GBPUSD_otc
86,2026-06-04 17:55:00,1.33786,1.33793,1.33793,1.33786,386,1780595999.59,GBPUSD_otc
86,2026-06-04 18:00:00,1.33793,1.33783,1.33793,1.33781,408,1780596299.517,GBPUSD_otc
86,2026-06-04 18:05:00,1.33783,1.33794,1.33796,1.33781,408,1780596599.037,GBPUSD_otc
86,2026-06-04 18:10:00,1.33794,1.33793,1.33795,1.33787,403,1780596899.948,GBPUSD_otc
86,2026-06-04 18:15:00,1.33793,1.33796,1.33804,1.33792,394,1780597199.451,GBPUSD_otc
86,2026-06-04 18:20:00,1.33796,1.33802,1.33808,1.33793,412,1780597498.908,GBPUSD_otc
86,2026-06-04 18:25:00,1.33802,1.33795,1.33802,1.33792,401,1780597799.368,GBPUSD_otc
86,2026-06-04 18:30:00,1.33795,1.33797,1.33804,1.3379,401,1780598098.867,GBPUSD_otc
86,2026-06-04 18:35:00,1.33799,1.33814,1.33816,1.33799,411,1780598399.822,GBPUSD_otc
86,2026-06-04 18:40:00,1.33814,1.33814,1.33821,1.33813,388,1780598699.844,GBPUSD_otc
86,2026-06-04 18:45:00,1.33814,1.33814,1.33815,1.33808,401,1780598999.241,GBPUSD_otc
86,2026-06-04 18:50:00,1.33814,1.33818,1.33824,1.33812,418,1780599298.727,GBPUSD_otc
86,2026-06-04 18:55:00,1.33818,1.33818,1.33818,1.33818,6,1780599303.745,GBPUSD_otc
