symbol_id,timestamp,open,close,high,low,volume,last_tick,asset
56,2026-05-21 20:15:00,1.3436,1.34349,1.34363,1.3434,428,1779394799.026,GBPUSD
56,2026-05-21 20:20:00,1.34349,1.34347,1.34362,1.34347,406,1779395099.007,GBPUSD
56,2026-05-21 20:25:00,1.34347,1.3436,1.34369,1.34347,480,1779395399.804,GBPUSD
56,2026-05-21 20:30:00,1.3436,1.34341,1.34362,1.34341,679,1779395699.995,GBPUSD
56,2026-05-21 20:35:00,1.34341,1.3434,1.34343,1.34337,511,1779395998.093,GBPUSD
56,2026-05-21 20:40:00,1.3434,1.34335,1.34349,1.34329,530,1779396299.833,GBPUSD
56,2026-05-21 20:45:00,1.34334,1.34332,1.34342,1.34332,429,1779396599.024,GBPUSD
56,2026-05-21 20:50:00,1.34332,1.3434,1.34349,1.34323,444,1779396899.007,GBPUSD
56,2026-05-21 20:55:00,1.3434,1.34318,1.3434,1.34277,720,1779397199.192,GBPUSD
56,2026-05-21 21:00:00,1.34318,1.34289,1.34318,1.34265,289,1779397499.001,GBPUSD
56,2026-05-21 21:05:00,1.34289,1.34298,1.34328,1.34271,352,1779397799.007,GBPUSD
56,2026-05-21 21:10:00,1.34298,1.34339,1.34345,1.34285,311,1779398099.04,GBPUSD
56,2026-05-21 21:15:00,1.34339,1.34333,1.34343,1.34333,287,1779398399.01,GBPUSD
56,2026-05-21 21:20:00,1.34333,1.34339,1.34356,1.34329,358,1779398699.093,GBPUSD
56,2026-05-21 21:25:00,1.34339,1.3434,1.34342,1.34339,311,1779398999.04,GBPUSD
56,2026-05-21 21:30:00,1.3434,1.34362,1.34364,1.34338,365,1779399299.019,GBPUSD
56,2026-05-21 21:35:00,1.34362,1.34308,1.34363,1.34308,503,1779399599.033,GBPUSD
56,2026-05-21 21:40:00,1.34308,1.34329,1.34332,1.3428,638,1779399899.017,GBPUSD
56,2026-05-21 21:45:00,1.34329,1.34346,1.34366,1.34319,416,1779400199.009,GBPUSD
56,2026-05-21 21:50:00,1.34346,1.34316,1.34364,1.34291,871,1779400499.497,GBPUSD
56,2026-05-21 21:55:00,1.34316,1.34298,1.34336,1.34281,876,1779400799.093,GBPUSD
56,2026-05-21 22:00:00,1.34298,1.34342,1.34345,1.34297,367,1779401099.092,GBPUSD
56,2026-05-21 22:05:00,1.34342,1.34308,1.34342,1.34307,374,1779401399.035,GBPUSD
56,2026-05-21 22:10:00,1.34308,1.34306,1.34308,1.3429,349,1779401699.002,GBPUSD
56,2026-05-21 22:15:00,1.34306,1.34309,1.34318,1.34303,340,1779401999.04,GBPUSD
56,2026-05-21 22:20:00,1.34309,1.34311,1.34315,1.34308,320,1779402299.492,GBPUSD
56,2026-05-21 22:25:00,1.34311,1.34309,1.34311,1.34304,367,1779402599.01,GBPUSD
56,2026-05-21 22:30:00,1.34309,1.34309,1.34313,1.34305,354,1779402899.093,GBPUSD
56,2026-05-21 22:35:00,1.34309,1.34302,1.34312,1.34302,356,1779403199.093,GBPUSD
56,2026-05-21 22:40:00,1.34302,1.34332,1.34333,1.34301,384,1779403499.029,GBPUSD
56,2026-05-21 22:45:00,1.34332,1.34329,1.34341,1.34327,361,1779403799.004,GBPUSD
56,2026-05-21 22:50:00,1.34329,1.34327,1.34339,1.34327,342,1779404099.037,GBPUSD
56,2026-05-21 22:55:00,1.34328,1.34327,1.34332,1.34321,357,1779404399.033,GBPUSD
56,2026-05-21 23:00:00,1.34327,1.34334,1.3434,1.34325,387,1779404699.042,GBPUSD
56,2026-05-21 23:05:00,1.34334,1.34322,1.34334,1.34321,313,1779404999.005,GBPUSD
56,2026-05-21 23:10:00,1.34322,1.34332,1.34333,1.34321,361,1779405299.016,GBPUSD
56,2026-05-21 23:15:00,1.34332,1.34322,1.34332,1.3432,355,1779405599.034,GBPUSD
56,2026-05-21 23:20:00,1.34322,1.34312,1.34322,1.34311,316,1779405899.034,GBPUSD
56,2026-05-21 23:25:00,1.34311,1.34322,1.34323,1.3431,357,1779406199.043,GBPUSD
56,2026-05-21 23:30:00,1.34322,1.34322,1.34323,1.34311,343,1779406499.021,GBPUSD
56,2026-05-21 23:35:00,1.34322,1.34322,1.34322,1.34319,302,1779406799.037,GBPUSD
56,2026-05-21 23:40:00,1.34322,1.34313,1.34322,1.3431,410,1779407099.003,GBPUSD
56,2026-05-21 23:45:00,1.34313,1.34329,1.34332,1.34312,412,1779407399.032,GBPUSD
56,2026-05-21 23:50:00,1.34329,1.34316,1.3434,1.34315,430,1779407698.047,GBPUSD
56,2026-05-21 23:55:00,1.34316,1.34322,1.34323,1.34311,420,1779407999.013,GBPUSD
56,2026-05-22 00:00:00,1.34322,1.34286,1.34326,1.34282,749,1779408299.592,GBPUSD
56,2026-05-22 00:05:00,1.34286,1.34295,1.3431,1.34286,839,1779408599.891,GBPUSD
56,2026-05-22 00:10:00,1.34295,1.34275,1.34296,1.34272,629,1779408899.841,GBPUSD
56,2026-05-22 00:15:00,1.34275,1.34268,1.34289,1.34268,782,1779409199.003,GBPUSD
56,2026-05-22 00:20:00,1.34268,1.34272,1.34288,1.34261,715,1779409499.71,GBPUSD
56,2026-05-22 00:25:00,1.34272,1.34271,1.34275,1.34258,610,1779409799.093,GBPUSD
56,2026-05-22 00:30:00,1.34271,1.34266,1.34282,1.34265,596,1779410099.037,GBPUSD
56,2026-05-22 00:35:00,1.34266,1.34252,1.34266,1.34246,585,1779410399.01,GBPUSD
56,2026-05-22 00:40:00,1.34252,1.34265,1.34266,1.34252,501,1779410699.022,GBPUSD
56,2026-05-22 00:45:00,1.34265,1.34269,1.34277,1.34261,538,1779410999.038,GBPUSD
56,2026-05-22 00:50:00,1.34269,1.34269,1.34286,1.34268,592,1779411299.625,GBPUSD
56,2026-05-22 00:55:00,1.34269,1.34255,1.34272,1.34255,567,1779411599.237,GBPUSD
56,2026-05-22 01:00:00,1.34255,1.34249,1.34269,1.34238,704,1779411899.016,GBPUSD
56,2026-05-22 01:05:00,1.34249,1.34249,1.34265,1.34238,652,1779412199.837,GBPUSD
56,2026-05-22 01:10:00,1.34249,1.34262,1.34265,1.34245,587,1779412499.038,GBPUSD
56,2026-05-22 01:15:00,1.34262,1.34272,1.34272,1.34252,667,1779412799.013,GBPUSD
56,2026-05-22 01:20:00,1.34272,1.3425,1.34285,1.3425,568,1779413099.093,GBPUSD
56,2026-05-22 01:25:00,1.3425,1.34272,1.34276,1.34248,552,1779413399.027,GBPUSD
56,2026-05-22 01:30:00,1.34272,1.34272,1.34279,1.34262,596,1779413699.029,GBPUSD
56,2026-05-22 01:35:00,1.34272,1.34269,1.34277,1.34251,658,1779413999.025,GBPUSD
56,2026-05-22 01:40:00,1.34269,1.34281,1.34301,1.34262,618,1779414299.737,GBPUSD
56,2026-05-22 01:45:00,1.34281,1.34292,1.34293,1.34281,543,1779414599.094,GBPUSD
56,2026-05-22 01:50:00,1.34292,1.34288,1.34308,1.34282,560,1779414899.797,GBPUSD
56,2026-05-22 01:55:00,1.34287,1.34252,1.34287,1.34251,555,1779415199.011,GBPUSD
56,2026-05-22 02:00:00,1.34252,1.34269,1.34274,1.34246,585,1779415499.004,GBPUSD
56,2026-05-22 02:05:00,1.34269,1.34259,1.34271,1.34254,522,1779415799.02,GBPUSD
56,2026-05-22 02:10:00,1.34259,1.34265,1.34269,1.34252,442,1779416099.199,GBPUSD
56,2026-05-22 02:15:00,1.34265,1.34266,1.34278,1.3426,552,1779416399.045,GBPUSD
56,2026-05-22 02:20:00,1.34266,1.34266,1.34274,1.34259,499,1779416699.095,GBPUSD
56,2026-05-22 02:25:00,1.34266,1.34272,1.34273,1.34262,438,1779416999.034,GBPUSD
56,2026-05-22 02:30:00,1.34272,1.34282,1.34284,1.34267,567,1779417299.194,GBPUSD
56,2026-05-22 02:35:00,1.34282,1.34293,1.34302,1.34278,447,1779417599.093,GBPUSD
56,2026-05-22 02:40:00,1.34293,1.34295,1.34306,1.34291,495,1779417899.893,GBPUSD
56,2026-05-22 02:45:00,1.34296,1.34289,1.34299,1.34281,524,1779418199.302,GBPUSD
56,2026-05-22 02:50:00,1.34289,1.34261,1.34296,1.34261,480,1779418499.025,GBPUSD
56,2026-05-22 02:55:00,1.34261,1.34272,1.34274,1.34247,515,1779418799.004,GBPUSD
56,2026-05-22 03:00:00,1.34272,1.34257,1.34285,1.34253,554,1779419099.493,GBPUSD
56,2026-05-22 03:05:00,1.34257,1.3424,1.34258,1.34235,471,1779419399.042,GBPUSD
56,2026-05-22 03:10:00,1.3424,1.3424,1.34248,1.34235,477,1779419699.093,GBPUSD
56,2026-05-22 03:15:00,1.3424,1.34242,1.34247,1.34231,511,1779419999.092,GBPUSD
56,2026-05-22 03:20:00,1.34242,1.34247,1.34253,1.34241,464,1779420299.132,GBPUSD
56,2026-05-22 03:25:00,1.34247,1.34251,1.34261,1.34242,423,1779420599.021,GBPUSD
56,2026-05-22 03:30:00,1.34251,1.34248,1.34263,1.34245,469,1779420899.027,GBPUSD
56,2026-05-22 03:35:00,1.34248,1.34261,1.34268,1.34241,443,1779421199.02,GBPUSD
56,2026-05-22 03:40:00,1.3426,1.34262,1.34268,1.3426,407,1779421499.001,GBPUSD
56,2026-05-22 03:45:00,1.34262,1.34266,1.34272,1.3426,442,1779421799.092,GBPUSD
56,2026-05-22 03:50:00,1.34266,1.3426,1.34268,1.34252,392,1779422099.093,GBPUSD
56,2026-05-22 03:55:00,1.3426,1.34263,1.34269,1.34259,405,1779422399.093,GBPUSD
56,2026-05-22 04:00:00,1.34263,1.34265,1.3427,1.34255,450,1779422699.012,GBPUSD
56,2026-05-22 04:05:00,1.34265,1.3429,1.34294,1.34262,449,1779422999.03,GBPUSD
56,2026-05-22 04:10:00,1.3429,1.34299,1.34301,1.34289,450,1779423299.095,GBPUSD
56,2026-05-22 04:15:00,1.34299,1.34302,1.34312,1.34291,483,1779423599.009,GBPUSD
56,2026-05-22 04:20:00,1.34302,1.34296,1.34304,1.34293,515,1779423899.04,GBPUSD
56,2026-05-22 04:25:00,1.34297,1.34293,1.34299,1.34291,450,1779424199.092,GBPUSD
56,2026-05-22 04:30:00,1.34293,1.34288,1.34293,1.34285,526,1779424499.393,GBPUSD
56,2026-05-22 04:35:00,1.34288,1.34288,1.34291,1.34279,449,1779424799.092,GBPUSD
56,2026-05-22 04:40:00,1.34288,1.34299,1.34301,1.34287,410,1779425099.028,GBPUSD
56,2026-05-22 04:45:00,1.34299,1.34303,1.34304,1.34292,401,1779425399.2,GBPUSD
56,2026-05-22 04:50:00,1.34303,1.34311,1.34315,1.34302,389,1779425699.818,GBPUSD
56,2026-05-22 04:55:00,1.34311,1.34305,1.3432,1.34302,433,1779425999.891,GBPUSD
56,2026-05-22 05:00:00,1.34305,1.34314,1.34322,1.34302,478,1779426299.093,GBPUSD
56,2026-05-22 05:05:00,1.34313,1.34322,1.34326,1.34313,429,1779426599.019,GBPUSD
56,2026-05-22 05:10:00,1.34322,1.34302,1.34323,1.34302,429,1779426899.024,GBPUSD
56,2026-05-22 05:15:00,1.34302,1.34303,1.34313,1.34302,408,1779427199.722,GBPUSD
56,2026-05-22 05:20:00,1.34303,1.34292,1.34306,1.34292,436,1779427499.893,GBPUSD
56,2026-05-22 05:25:00,1.34292,1.34301,1.34303,1.34292,450,1779427799.694,GBPUSD
56,2026-05-22 05:30:00,1.34301,1.34312,1.34318,1.34299,470,1779428099.043,GBPUSD
56,2026-05-22 05:35:00,1.34311,1.34302,1.34315,1.34299,470,1779428399.291,GBPUSD
56,2026-05-22 05:40:00,1.34302,1.34295,1.34303,1.34284,447,1779428699.994,GBPUSD
56,2026-05-22 05:45:00,1.34295,1.34293,1.34295,1.34281,449,1779428999.028,GBPUSD
56,2026-05-22 05:50:00,1.34293,1.34288,1.34313,1.34283,487,1779429299.816,GBPUSD
56,2026-05-22 05:55:00,1.34289,1.34225,1.34289,1.34196,817,1779429599.392,GBPUSD
56,2026-05-22 06:00:00,1.34225,1.34231,1.34241,1.34171,785,1779429899.34,GBPUSD
56,2026-05-22 06:05:00,1.34231,1.34242,1.34254,1.34218,656,1779430199.016,GBPUSD
56,2026-05-22 06:10:00,1.34242,1.34251,1.34265,1.34235,538,1779430499.992,GBPUSD
56,2026-05-22 06:15:00,1.34251,1.34254,1.34254,1.34207,666,1779430799.016,GBPUSD
56,2026-05-22 06:20:00,1.34254,1.34252,1.34265,1.34241,557,1779431099.029,GBPUSD
56,2026-05-22 06:25:00,1.34252,1.34275,1.34285,1.34241,577,1779431399.193,GBPUSD
56,2026-05-22 06:30:00,1.34275,1.3424,1.34284,1.34227,599,1779431699.993,GBPUSD
56,2026-05-22 06:35:00,1.3424,1.34191,1.34245,1.34191,597,1779431999.693,GBPUSD
56,2026-05-22 06:40:00,1.34191,1.34223,1.34224,1.34177,649,1779432299.897,GBPUSD
56,2026-05-22 06:45:00,1.34224,1.34214,1.34234,1.342,572,1779432599.021,GBPUSD
56,2026-05-22 06:50:00,1.34214,1.34211,1.3423,1.34203,571,1779432899.794,GBPUSD
56,2026-05-22 06:55:00,1.34211,1.34245,1.34252,1.3421,647,1779433199.2,GBPUSD
56,2026-05-22 07:00:00,1.34245,1.34202,1.34245,1.34167,835,1779433499.042,GBPUSD
56,2026-05-22 07:05:00,1.34202,1.34184,1.34205,1.3417,564,1779433799.007,GBPUSD
56,2026-05-22 07:10:00,1.34184,1.34144,1.34193,1.34132,627,1779434099.496,GBPUSD
56,2026-05-22 07:15:00,1.34144,1.3419,1.34191,1.34143,600,1779434399.717,GBPUSD
56,2026-05-22 07:20:00,1.3419,1.34217,1.34227,1.34174,594,1779434699.004,GBPUSD
56,2026-05-22 07:25:00,1.34215,1.34254,1.34255,1.34204,521,1779434999.024,GBPUSD
56,2026-05-22 07:30:00,1.34254,1.34248,1.34254,1.34224,571,1779435299.024,GBPUSD
56,2026-05-22 07:35:00,1.34248,1.34221,1.34255,1.3422,663,1779435599.31,GBPUSD
56,2026-05-22 07:40:00,1.34221,1.3423,1.34245,1.34214,565,1779435899.098,GBPUSD
56,2026-05-22 07:45:00,1.3423,1.34234,1.34234,1.34213,516,1779436199.009,GBPUSD
56,2026-05-22 07:50:00,1.34234,1.34232,1.34247,1.34223,477,1779436499.037,GBPUSD
56,2026-05-22 07:55:00,1.34232,1.34252,1.34259,1.3422,463,1779436799.006,GBPUSD
56,2026-05-22 08:00:00,1.34252,1.34293,1.34306,1.34251,640,1779437099.024,GBPUSD
56,2026-05-22 08:05:00,1.34293,1.34269,1.34295,1.34259,575,1779437399.429,GBPUSD
56,2026-05-22 08:10:00,1.34269,1.34265,1.34291,1.34262,507,1779437699.029,GBPUSD
56,2026-05-22 08:15:00,1.34265,1.34348,1.3435,1.34265,904,1779437999.92,GBPUSD
56,2026-05-22 08:20:00,1.34349,1.34348,1.34387,1.3431,895,1779438299.895,GBPUSD
56,2026-05-22 08:25:00,1.34348,1.3434,1.34354,1.34323,561,1779438599.927,GBPUSD
56,2026-05-22 08:30:00,1.3434,1.34273,1.34352,1.34262,644,1779438899.895,GBPUSD
56,2026-05-22 08:35:00,1.34272,1.34301,1.34311,1.34232,1177,1779439199.495,GBPUSD
56,2026-05-22 08:40:00,1.34301,1.34301,1.34322,1.34291,794,1779439499.008,GBPUSD
56,2026-05-22 08:45:00,1.34301,1.34313,1.3432,1.34299,541,1779439799.003,GBPUSD
56,2026-05-22 08:50:00,1.34313,1.34281,1.34315,1.34281,612,1779440099.011,GBPUSD
56,2026-05-22 08:55:00,1.34281,1.34261,1.34288,1.34254,527,1779440399.036,GBPUSD
56,2026-05-22 09:00:00,1.34261,1.34269,1.34281,1.34241,645,1779440699.015,GBPUSD
56,2026-05-22 09:05:00,1.34269,1.34238,1.34269,1.34227,673,1779440999.095,GBPUSD
56,2026-05-22 09:10:00,1.34238,1.34198,1.34245,1.34193,587,1779441299.012,GBPUSD
56,2026-05-22 09:15:00,1.34198,1.34201,1.34203,1.34166,622,1779441599.696,GBPUSD
56,2026-05-22 09:20:00,1.34201,1.34214,1.34215,1.342,485,1779441899.024,GBPUSD
56,2026-05-22 09:25:00,1.34214,1.34224,1.34242,1.34204,552,1779442199.897,GBPUSD
56,2026-05-22 09:30:00,1.34224,1.34224,1.34234,1.34211,557,1779442499.019,GBPUSD
56,2026-05-22 09:35:00,1.34224,1.34252,1.34252,1.34214,560,1779442799.094,GBPUSD
56,2026-05-22 09:40:00,1.34252,1.34232,1.34272,1.34231,536,1779443099.394,GBPUSD
56,2026-05-22 09:45:00,1.34232,1.34269,1.34271,1.34232,440,1779443399.806,GBPUSD
56,2026-05-22 09:50:00,1.34268,1.34259,1.34282,1.34252,545,1779443699.016,GBPUSD
56,2026-05-22 09:55:00,1.34259,1.34274,1.34281,1.34257,608,1779443999.696,GBPUSD
56,2026-05-22 10:00:00,1.34274,1.34278,1.34289,1.34269,506,1779444299.01,GBPUSD
56,2026-05-22 10:05:00,1.34278,1.34301,1.34303,1.34278,397,1779444599.042,GBPUSD
56,2026-05-22 10:10:00,1.34301,1.34302,1.34323,1.34299,564,1779444899.494,GBPUSD
56,2026-05-22 10:15:00,1.34302,1.34306,1.34322,1.34292,529,1779445199.002,GBPUSD
56,2026-05-22 10:20:00,1.34306,1.34293,1.34306,1.34272,547,1779445499.192,GBPUSD
56,2026-05-22 10:25:00,1.34293,1.3426,1.34293,1.34255,496,1779445799.027,GBPUSD
56,2026-05-22 10:30:00,1.3426,1.34215,1.34272,1.34214,749,1779446099.736,GBPUSD
56,2026-05-22 10:35:00,1.34215,1.34238,1.34242,1.34205,689,1779446399.61,GBPUSD
56,2026-05-22 10:40:00,1.34238,1.34238,1.34249,1.34231,564,1779446699.005,GBPUSD
56,2026-05-22 10:45:00,1.34238,1.3421,1.34254,1.34208,546,1779446999.895,GBPUSD
56,2026-05-22 10:50:00,1.34208,1.34242,1.34244,1.34207,572,1779447299.718,GBPUSD
56,2026-05-22 10:55:00,1.34242,1.34234,1.34242,1.34221,608,1779447599.498,GBPUSD
56,2026-05-22 11:00:00,1.34234,1.34224,1.34241,1.34204,732,1779447899.995,GBPUSD
56,2026-05-22 11:05:00,1.34223,1.34204,1.34225,1.34198,693,1779448199.61,GBPUSD
56,2026-05-22 11:10:00,1.34204,1.34204,1.34207,1.3419,615,1779448499.095,GBPUSD
56,2026-05-22 11:15:00,1.34204,1.34204,1.34222,1.342,557,1779448799.036,GBPUSD
56,2026-05-22 11:20:00,1.34204,1.34213,1.34221,1.34198,634,1779449099.494,GBPUSD
56,2026-05-22 11:25:00,1.34213,1.34198,1.34218,1.34193,627,1779449399.012,GBPUSD
56,2026-05-22 11:30:00,1.34198,1.34196,1.34206,1.34189,558,1779449699.013,GBPUSD
56,2026-05-22 11:35:00,1.34196,1.3422,1.34223,1.34191,673,1779449999.027,GBPUSD
56,2026-05-22 11:40:00,1.3422,1.34228,1.34239,1.34208,722,1779450299.335,GBPUSD
56,2026-05-22 11:45:00,1.34228,1.3424,1.34256,1.34215,914,1779450599.095,GBPUSD
56,2026-05-22 11:50:00,1.3424,1.34217,1.34251,1.34216,749,1779450899.928,GBPUSD
56,2026-05-22 11:55:00,1.34217,1.34211,1.34226,1.34203,814,1779451199.027,GBPUSD
56,2026-05-22 12:00:00,1.34211,1.34172,1.3422,1.34171,893,1779451499.327,GBPUSD
56,2026-05-22 12:05:00,1.34171,1.34185,1.34193,1.34169,740,1779451799.035,GBPUSD
56,2026-05-22 12:10:00,1.34185,1.3427,1.34302,1.34184,1564,1779452099.896,GBPUSD
56,2026-05-22 12:15:00,1.34271,1.34283,1.3431,1.34237,1434,1779452399.996,GBPUSD
56,2026-05-22 12:20:00,1.34282,1.34276,1.34282,1.34193,1108,1779452699.295,GBPUSD
56,2026-05-22 12:25:00,1.34276,1.34231,1.34277,1.34207,837,1779452999.035,GBPUSD
56,2026-05-22 12:30:00,1.34231,1.34241,1.34245,1.3422,671,1779453299.894,GBPUSD
56,2026-05-22 12:35:00,1.34241,1.34264,1.34265,1.34238,676,1779453599.794,GBPUSD
56,2026-05-22 12:40:00,1.34264,1.34261,1.34271,1.34233,668,1779453899.341,GBPUSD
56,2026-05-22 12:45:00,1.34261,1.34319,1.34331,1.34261,718,1779454199.994,GBPUSD
56,2026-05-22 12:50:00,1.34319,1.34311,1.3432,1.343,620,1779454499.696,GBPUSD
56,2026-05-22 12:55:00,1.34311,1.34368,1.34374,1.34296,760,1779454799.911,GBPUSD
56,2026-05-22 13:00:00,1.34367,1.34384,1.34401,1.34355,961,1779455099.022,GBPUSD
56,2026-05-22 13:05:00,1.34386,1.34546,1.34596,1.34384,1047,1779455399.996,GBPUSD
56,2026-05-22 13:10:00,1.34548,1.34509,1.3463,1.34495,1351,1779455699.396,GBPUSD
56,2026-05-22 13:15:00,1.34509,1.34519,1.34527,1.34468,990,1779455999.294,GBPUSD
56,2026-05-22 13:20:00,1.34519,1.34461,1.34519,1.34431,830,1779456299.833,GBPUSD
56,2026-05-22 13:25:00,1.34461,1.34487,1.34515,1.34458,853,1779456599.534,GBPUSD
56,2026-05-22 13:30:00,1.34488,1.34442,1.34491,1.344,1189,1779456899.7,GBPUSD
56,2026-05-22 13:35:00,1.34442,1.34423,1.34471,1.34403,1270,1779457199.493,GBPUSD
56,2026-05-22 13:40:00,1.34423,1.34403,1.34443,1.34376,1195,1779457499.295,GBPUSD
56,2026-05-22 13:45:00,1.34403,1.3435,1.34419,1.34346,1069,1779457799.495,GBPUSD
56,2026-05-22 13:50:00,1.3435,1.34388,1.34408,1.34332,1151,1779458099.044,GBPUSD
56,2026-05-22 13:55:00,1.34388,1.3438,1.34391,1.34358,803,1779458399.995,GBPUSD
56,2026-05-22 14:00:00,1.3438,1.34254,1.34383,1.34207,1435,1779458699.022,GBPUSD
56,2026-05-22 14:05:00,1.34254,1.34283,1.34284,1.34227,1398,1779458999.836,GBPUSD
56,2026-05-22 14:10:00,1.34283,1.34218,1.34302,1.34209,1093,1779459299.796,GBPUSD
56,2026-05-22 14:15:00,1.34218,1.3422,1.3423,1.3418,1161,1779459599.094,GBPUSD
56,2026-05-22 14:20:00,1.3422,1.34204,1.34234,1.34193,1190,1779459899.541,GBPUSD
56,2026-05-22 14:25:00,1.34204,1.34231,1.34241,1.34198,1041,1779460199.794,GBPUSD
56,2026-05-22 14:30:00,1.34231,1.3428,1.34295,1.34217,974,1779460499.293,GBPUSD
56,2026-05-22 14:35:00,1.3428,1.34261,1.34292,1.34257,975,1779460799.04,GBPUSD
56,2026-05-22 14:40:00,1.34261,1.34327,1.34328,1.3426,959,1779461099.695,GBPUSD
56,2026-05-22 14:45:00,1.34327,1.34276,1.34351,1.34276,1057,1779461399.994,GBPUSD
56,2026-05-22 14:50:00,1.34276,1.34315,1.34319,1.34237,997,1779461699.795,GBPUSD
56,2026-05-22 14:55:00,1.34314,1.34342,1.34376,1.343,1369,1779461999.194,GBPUSD
56,2026-05-22 15:00:00,1.34342,1.34342,1.34348,1.34292,1119,1779462299.095,GBPUSD
56,2026-05-22 15:05:00,1.34342,1.34366,1.34401,1.34335,978,1779462599.194,GBPUSD
56,2026-05-22 15:10:00,1.34364,1.34368,1.34379,1.34349,825,1779462899.794,GBPUSD
56,2026-05-22 15:15:00,1.34368,1.3437,1.34421,1.34367,962,1779463199.618,GBPUSD
56,2026-05-22 15:20:00,1.3437,1.34369,1.34382,1.34351,828,1779463499.0,GBPUSD
56,2026-05-22 15:25:00,1.34369,1.3439,1.34422,1.34363,894,1779463799.696,GBPUSD
56,2026-05-22 15:30:00,1.3439,1.34374,1.34408,1.34374,940,1779464099.905,GBPUSD
56,2026-05-22 15:35:00,1.34375,1.34393,1.34414,1.34371,830,1779464399.14,GBPUSD
56,2026-05-22 15:40:00,1.34393,1.34411,1.34435,1.3438,744,1779464699.694,GBPUSD
56,2026-05-22 15:45:00,1.34411,1.3439,1.34427,1.34375,869,1779464999.337,GBPUSD
56,2026-05-22 15:50:00,1.3439,1.34401,1.34419,1.3438,816,1779465299.498,GBPUSD
56,2026-05-22 15:55:00,1.34401,1.3437,1.34404,1.34359,726,1779465599.611,GBPUSD
56,2026-05-22 16:00:00,1.3437,1.34349,1.34381,1.34335,970,1779465899.003,GBPUSD
56,2026-05-22 16:05:00,1.34349,1.3438,1.34382,1.34343,793,1779466199.53,GBPUSD
56,2026-05-22 16:10:00,1.3438,1.34395,1.3441,1.34378,752,1779466499.993,GBPUSD
56,2026-05-22 16:15:00,1.34394,1.34388,1.34404,1.34369,803,1779466799.296,GBPUSD
56,2026-05-22 16:20:00,1.34388,1.34421,1.34429,1.34387,837,1779467099.994,GBPUSD
56,2026-05-22 16:25:00,1.34422,1.34451,1.34451,1.34418,850,1779467399.505,GBPUSD
56,2026-05-22 16:30:00,1.34451,1.34405,1.34466,1.34397,821,1779467699.095,GBPUSD
56,2026-05-22 16:35:00,1.34405,1.3442,1.34421,1.34398,711,1779467999.513,GBPUSD
56,2026-05-22 16:40:00,1.3442,1.34422,1.34441,1.34413,623,1779468299.893,GBPUSD
56,2026-05-22 16:45:00,1.34422,1.34437,1.34452,1.3442,751,1779468599.045,GBPUSD
56,2026-05-22 16:50:00,1.34437,1.34444,1.34455,1.3442,726,1779468899.994,GBPUSD
56,2026-05-22 16:55:00,1.34444,1.34444,1.34448,1.34418,810,1779469199.043,GBPUSD
56,2026-05-22 17:00:00,1.34443,1.34469,1.34478,1.34441,750,1779469499.038,GBPUSD
56,2026-05-22 17:05:00,1.34469,1.34459,1.34481,1.34447,661,1779469798.039,GBPUSD
56,2026-05-22 17:10:00,1.34459,1.3447,1.34477,1.34445,678,1779470099.025,GBPUSD
56,2026-05-22 17:15:00,1.3447,1.34449,1.34481,1.34445,675,1779470399.8,GBPUSD
56,2026-05-22 17:20:00,1.34449,1.3446,1.34471,1.34437,863,1779470699.996,GBPUSD
56,2026-05-22 17:25:00,1.34461,1.34498,1.34506,1.34427,1363,1779470999.996,GBPUSD
56,2026-05-22 17:30:00,1.34499,1.34478,1.34536,1.34471,1479,1779471299.04,GBPUSD
56,2026-05-22 17:35:00,1.34478,1.34515,1.34521,1.34464,782,1779471599.012,GBPUSD
56,2026-05-22 17:40:00,1.34515,1.34498,1.34519,1.34491,676,1779471899.907,GBPUSD
56,2026-05-22 17:45:00,1.34498,1.34478,1.34502,1.34461,777,1779472199.904,GBPUSD
56,2026-05-22 17:50:00,1.34478,1.34478,1.34506,1.34472,731,1779472499.009,GBPUSD
56,2026-05-22 17:55:00,1.34478,1.34492,1.34512,1.34476,687,1779472799.019,GBPUSD
56,2026-05-22 18:00:00,1.34492,1.34491,1.34504,1.34441,806,1779473099.011,GBPUSD
56,2026-05-22 18:05:00,1.34491,1.34477,1.34508,1.34462,821,1779473399.035,GBPUSD
56,2026-05-22 18:10:00,1.34477,1.34464,1.34478,1.34451,628,1779473699.006,GBPUSD
56,2026-05-22 18:15:00,1.34464,1.34452,1.34474,1.34451,706,1779473999.015,GBPUSD
56,2026-05-22 18:20:00,1.34452,1.34465,1.34474,1.34452,653,1779474299.407,GBPUSD
56,2026-05-22 18:25:00,1.34465,1.34451,1.34474,1.34449,680,1779474599.023,GBPUSD
56,2026-05-22 18:30:00,1.34451,1.34462,1.34462,1.3444,597,1779474899.094,GBPUSD
56,2026-05-22 18:35:00,1.34462,1.34471,1.34512,1.34458,648,1779475199.035,GBPUSD
56,2026-05-22 18:40:00,1.34471,1.34471,1.34482,1.34462,654,1779475499.043,GBPUSD
56,2026-05-22 18:45:00,1.34471,1.34471,1.34482,1.34462,634,1779475799.032,GBPUSD
56,2026-05-22 18:50:00,1.34471,1.34494,1.34502,1.34469,511,1779476099.111,GBPUSD
56,2026-05-22 18:55:00,1.34494,1.34481,1.34498,1.34479,541,1779476399.996,GBPUSD
56,2026-05-22 19:00:00,1.34481,1.34418,1.34484,1.34411,859,1779476699.022,GBPUSD
56,2026-05-22 19:05:00,1.34418,1.34423,1.34427,1.34402,775,1779476999.095,GBPUSD
56,2026-05-22 19:10:00,1.34423,1.34416,1.34429,1.34412,601,1779477299.826,GBPUSD
56,2026-05-22 19:15:00,1.34417,1.34434,1.34435,1.34415,642,1779477599.039,GBPUSD
56,2026-05-22 19:20:00,1.34434,1.34427,1.34434,1.34418,558,1779477898.297,GBPUSD
56,2026-05-22 19:25:00,1.34427,1.34413,1.34431,1.34411,522,1779478199.918,GBPUSD
56,2026-05-22 19:30:00,1.34413,1.34403,1.34415,1.34398,574,1779478499.004,GBPUSD
56,2026-05-22 19:35:00,1.34403,1.34401,1.34423,1.34401,642,1779478799.0,GBPUSD
56,2026-05-22 19:40:00,1.34401,1.344,1.3441,1.34398,733,1779479099.993,GBPUSD
56,2026-05-22 19:45:00,1.344,1.34397,1.34407,1.34388,731,1779479399.919,GBPUSD
56,2026-05-22 19:50:00,1.34397,1.34388,1.34402,1.34381,675,1779479699.031,GBPUSD
56,2026-05-22 19:55:00,1.34388,1.34401,1.34421,1.34388,640,1779479999.094,GBPUSD
56,2026-05-22 20:00:00,1.34401,1.34409,1.34411,1.34393,577,1779480299.994,GBPUSD
56,2026-05-22 20:05:00,1.34409,1.34417,1.3442,1.34402,602,1779480599.193,GBPUSD
56,2026-05-22 20:10:00,1.34417,1.34408,1.3442,1.34403,546,1779480899.033,GBPUSD
56,2026-05-22 20:15:00,1.34408,1.34411,1.34414,1.344,445,1779481199.096,GBPUSD
56,2026-05-22 20:20:00,1.34411,1.3441,1.34421,1.3441,454,1779481499.025,GBPUSD
56,2026-05-22 20:25:00,1.3441,1.34408,1.34413,1.34401,424,1779481799.003,GBPUSD
56,2026-05-22 20:30:00,1.34408,1.34373,1.3441,1.34356,757,1779482099.011,GBPUSD
56,2026-05-22 20:35:00,1.34373,1.3438,1.34383,1.34367,680,1779482399.593,GBPUSD
56,2026-05-22 20:40:00,1.3438,1.34367,1.34381,1.34366,516,1779482699.017,GBPUSD
56,2026-05-22 20:45:00,1.34367,1.34348,1.34374,1.34336,532,1779482999.005,GBPUSD
56,2026-05-22 20:50:00,1.34348,1.34354,1.34355,1.34326,543,1779483299.691,GBPUSD
56,2026-05-22 20:55:00,1.34354,1.34337,1.3436,1.34282,720,1779483599.094,GBPUSD
56,2026-05-22 21:00:00,1.34305,1.34305,1.34305,1.34305,1,1779483600.055,GBPUSD
56,2026-05-22 21:05:00,1.34305,1.34305,1.34305,1.34305,0,1779483900.0,GBPUSD
56,2026-05-22 21:10:00,1.34305,1.34305,1.34305,1.34305,0,1779484200.0,GBPUSD
56,2026-05-22 21:15:00,1.34305,1.34305,1.34305,1.34305,0,1779484500.0,GBPUSD
56,2026-05-22 21:20:00,1.34305,1.34305,1.34305,1.34305,0,1779484800.0,GBPUSD
56,2026-05-22 21:25:00,1.34305,1.34305,1.34305,1.34305,0,1779485100.0,GBPUSD
56,2026-05-22 21:30:00,1.34305,1.34305,1.34305,1.34305,0,1779485400.0,GBPUSD
56,2026-05-22 21:35:00,1.34305,1.34305,1.34305,1.34305,0,1779485700.0,GBPUSD
56,2026-05-22 21:40:00,1.34305,1.34305,1.34305,1.34305,0,1779486000.0,GBPUSD
56,2026-05-22 21:45:00,1.34305,1.34305,1.34305,1.34305,0,1779486300.0,GBPUSD
56,2026-05-22 21:50:00,1.34305,1.34305,1.34305,1.34305,0,1779486600.0,GBPUSD
56,2026-05-22 21:55:00,1.34305,1.34305,1.34305,1.34305,0,1779486900.0,GBPUSD
56,2026-05-22 22:00:00,1.34305,1.34305,1.34305,1.34305,0,1779487200.0,GBPUSD
56,2026-05-22 22:05:00,1.34305,1.34305,1.34305,1.34305,0,1779487500.0,GBPUSD
56,2026-05-22 22:10:00,1.34305,1.34305,1.34305,1.34305,0,1779487800.0,GBPUSD
56,2026-05-22 22:15:00,1.34305,1.34305,1.34305,1.34305,0,1779488100.0,GBPUSD
56,2026-05-22 22:20:00,1.34305,1.34305,1.34305,1.34305,0,1779488400.0,GBPUSD
56,2026-05-22 22:25:00,1.34305,1.34305,1.34305,1.34305,0,1779488700.0,GBPUSD
56,2026-05-22 22:30:00,1.34305,1.34305,1.34305,1.34305,0,1779489000.0,GBPUSD
56,2026-05-22 22:35:00,1.34305,1.34305,1.34305,1.34305,0,1779489300.0,GBPUSD
56,2026-05-22 22:40:00,1.34305,1.34305,1.34305,1.34305,0,1779489600.0,GBPUSD
56,2026-05-22 22:45:00,1.34305,1.34305,1.34305,1.34305,0,1779489900.0,GBPUSD
56,2026-05-22 22:50:00,1.34305,1.34305,1.34305,1.34305,0,1779490200.0,GBPUSD
56,2026-05-22 22:55:00,1.34305,1.34305,1.34305,1.34305,0,1779490500.0,GBPUSD
56,2026-05-22 23:00:00,1.34305,1.34305,1.34305,1.34305,0,1779490800.0,GBPUSD
56,2026-05-22 23:05:00,1.34305,1.34305,1.34305,1.34305,0,1779491100.0,GBPUSD
56,2026-05-22 23:10:00,1.34305,1.34305,1.34305,1.34305,0,1779491400.0,GBPUSD
56,2026-05-22 23:15:00,1.34305,1.34305,1.34305,1.34305,0,1779491700.0,GBPUSD
56,2026-05-22 23:20:00,1.34305,1.34305,1.34305,1.34305,0,1779492000.0,GBPUSD
56,2026-05-22 23:25:00,1.34305,1.34305,1.34305,1.34305,0,1779492300.0,GBPUSD
56,2026-05-22 23:30:00,1.34305,1.34305,1.34305,1.34305,0,1779492600.0,GBPUSD
56,2026-05-22 23:35:00,1.34305,1.34305,1.34305,1.34305,0,1779492900.0,GBPUSD
56,2026-05-22 23:40:00,1.34305,1.34305,1.34305,1.34305,0,1779493200.0,GBPUSD
56,2026-05-22 23:45:00,1.34305,1.34305,1.34305,1.34305,0,1779493500.0,GBPUSD
56,2026-05-22 23:50:00,1.34305,1.34305,1.34305,1.34305,0,1779493800.0,GBPUSD
56,2026-05-22 23:55:00,1.34305,1.34305,1.34305,1.34305,0,1779494100.0,GBPUSD
56,2026-05-23 00:00:00,1.34305,1.34305,1.34305,1.34305,0,1779494400.0,GBPUSD
56,2026-05-23 00:05:00,1.34305,1.34305,1.34305,1.34305,0,1779494700.0,GBPUSD
56,2026-05-23 00:10:00,1.34305,1.34305,1.34305,1.34305,0,1779495000.0,GBPUSD
56,2026-05-23 00:15:00,1.34305,1.34305,1.34305,1.34305,0,1779495300.0,GBPUSD
56,2026-05-23 00:20:00,1.34305,1.34305,1.34305,1.34305,0,1779495600.0,GBPUSD
56,2026-05-23 00:25:00,1.34305,1.34305,1.34305,1.34305,0,1779495900.0,GBPUSD
56,2026-05-23 00:30:00,1.34305,1.34305,1.34305,1.34305,0,1779496200.0,GBPUSD
56,2026-05-23 00:35:00,1.34305,1.34305,1.34305,1.34305,0,1779496500.0,GBPUSD
56,2026-05-23 00:40:00,1.34305,1.34305,1.34305,1.34305,0,1779496800.0,GBPUSD
56,2026-05-23 00:45:00,1.34305,1.34305,1.34305,1.34305,0,1779497100.0,GBPUSD
56,2026-05-23 00:50:00,1.34305,1.34305,1.34305,1.34305,0,1779497400.0,GBPUSD
56,2026-05-23 00:55:00,1.34305,1.34305,1.34305,1.34305,0,1779497700.0,GBPUSD
56,2026-05-23 01:00:00,1.34305,1.34305,1.34305,1.34305,0,1779498000.0,GBPUSD
56,2026-05-23 01:05:00,1.34305,1.34305,1.34305,1.34305,0,1779498300.0,GBPUSD
56,2026-05-23 01:10:00,1.34305,1.34305,1.34305,1.34305,0,1779498600.0,GBPUSD
56,2026-05-23 01:15:00,1.34305,1.34305,1.34305,1.34305,0,1779498900.0,GBPUSD
56,2026-05-23 01:20:00,1.34305,1.34305,1.34305,1.34305,0,1779499200.0,GBPUSD
56,2026-05-23 01:25:00,1.34305,1.34305,1.34305,1.34305,0,1779499500.0,GBPUSD
56,2026-05-23 01:30:00,1.34305,1.34305,1.34305,1.34305,0,1779499800.0,GBPUSD
56,2026-05-23 01:35:00,1.34305,1.34305,1.34305,1.34305,0,1779500100.0,GBPUSD
56,2026-05-23 01:40:00,1.34305,1.34305,1.34305,1.34305,0,1779500400.0,GBPUSD
56,2026-05-23 01:45:00,1.34305,1.34305,1.34305,1.34305,0,1779500700.0,GBPUSD
56,2026-05-23 01:50:00,1.34305,1.34305,1.34305,1.34305,0,1779501000.0,GBPUSD
56,2026-05-23 01:55:00,1.34305,1.34305,1.34305,1.34305,0,1779501300.0,GBPUSD
56,2026-05-23 02:00:00,1.34305,1.34305,1.34305,1.34305,0,1779501600.0,GBPUSD
56,2026-05-23 02:05:00,1.34305,1.34305,1.34305,1.34305,0,1779501900.0,GBPUSD
56,2026-05-23 02:10:00,1.34305,1.34305,1.34305,1.34305,0,1779502200.0,GBPUSD
56,2026-05-23 02:15:00,1.34305,1.34305,1.34305,1.34305,0,1779502500.0,GBPUSD
56,2026-05-23 02:20:00,1.34305,1.34305,1.34305,1.34305,0,1779502800.0,GBPUSD
56,2026-05-23 02:25:00,1.34305,1.34305,1.34305,1.34305,0,1779503100.0,GBPUSD
56,2026-05-23 02:30:00,1.34305,1.34305,1.34305,1.34305,0,1779503400.0,GBPUSD
56,2026-05-23 02:35:00,1.34305,1.34305,1.34305,1.34305,0,1779503700.0,GBPUSD
56,2026-05-23 02:40:00,1.34305,1.34305,1.34305,1.34305,0,1779504000.0,GBPUSD
56,2026-05-23 02:45:00,1.34305,1.34305,1.34305,1.34305,0,1779504300.0,GBPUSD
56,2026-05-23 02:50:00,1.34305,1.34305,1.34305,1.34305,0,1779504600.0,GBPUSD
56,2026-05-23 02:55:00,1.34305,1.34305,1.34305,1.34305,0,1779504900.0,GBPUSD
56,2026-05-23 03:00:00,1.34305,1.34305,1.34305,1.34305,0,1779505200.0,GBPUSD
56,2026-05-23 03:05:00,1.34305,1.34305,1.34305,1.34305,0,1779505500.0,GBPUSD
56,2026-05-23 03:10:00,1.34305,1.34305,1.34305,1.34305,0,1779505800.0,GBPUSD
56,2026-05-23 03:15:00,1.34305,1.34305,1.34305,1.34305,0,1779506100.0,GBPUSD
56,2026-05-23 03:20:00,1.34305,1.34305,1.34305,1.34305,0,1779506400.0,GBPUSD
56,2026-05-23 03:25:00,1.34305,1.34305,1.34305,1.34305,0,1779506700.0,GBPUSD
56,2026-05-23 03:30:00,1.34305,1.34305,1.34305,1.34305,0,1779507000.0,GBPUSD
56,2026-05-23 03:35:00,1.34305,1.34305,1.34305,1.34305,0,1779507300.0,GBPUSD
56,2026-05-23 03:40:00,1.34305,1.34305,1.34305,1.34305,0,1779507600.0,GBPUSD
56,2026-05-23 03:45:00,1.34305,1.34305,1.34305,1.34305,0,1779507900.0,GBPUSD
56,2026-05-23 03:50:00,1.34305,1.34305,1.34305,1.34305,0,1779508200.0,GBPUSD
56,2026-05-23 03:55:00,1.34305,1.34305,1.34305,1.34305,0,1779508500.0,GBPUSD
56,2026-05-23 04:00:00,1.34305,1.34305,1.34305,1.34305,0,1779508800.0,GBPUSD
56,2026-05-23 04:05:00,1.34305,1.34305,1.34305,1.34305,0,1779509100.0,GBPUSD
56,2026-05-23 04:10:00,1.34305,1.34305,1.34305,1.34305,0,1779509400.0,GBPUSD
56,2026-05-23 04:15:00,1.34305,1.34305,1.34305,1.34305,0,1779509700.0,GBPUSD
56,2026-05-23 04:20:00,1.34305,1.34305,1.34305,1.34305,0,1779510000.0,GBPUSD
56,2026-05-23 04:25:00,1.34305,1.34305,1.34305,1.34305,0,1779510300.0,GBPUSD
56,2026-05-23 04:30:00,1.34305,1.34305,1.34305,1.34305,0,1779510600.0,GBPUSD
56,2026-05-23 04:35:00,1.34305,1.34305,1.34305,1.34305,0,1779510900.0,GBPUSD
56,2026-05-23 04:40:00,1.34305,1.34305,1.34305,1.34305,0,1779511200.0,GBPUSD
56,2026-05-23 04:45:00,1.34305,1.34305,1.34305,1.34305,0,1779511500.0,GBPUSD
56,2026-05-23 04:50:00,1.34305,1.34305,1.34305,1.34305,0,1779511800.0,GBPUSD
56,2026-05-23 04:55:00,1.34305,1.34305,1.34305,1.34305,0,1779512100.0,GBPUSD
56,2026-05-23 05:00:00,1.34305,1.34305,1.34305,1.34305,0,1779512400.0,GBPUSD
56,2026-05-23 05:05:00,1.34305,1.34305,1.34305,1.34305,0,1779512700.0,GBPUSD
56,2026-05-23 05:10:00,1.34305,1.34305,1.34305,1.34305,0,1779513000.0,GBPUSD
56,2026-05-23 05:15:00,1.34305,1.34305,1.34305,1.34305,0,1779513300.0,GBPUSD
56,2026-05-23 05:20:00,1.34305,1.34305,1.34305,1.34305,0,1779513600.0,GBPUSD
56,2026-05-23 05:25:00,1.34305,1.34305,1.34305,1.34305,0,1779513900.0,GBPUSD
56,2026-05-23 05:30:00,1.34305,1.34305,1.34305,1.34305,0,1779514200.0,GBPUSD
56,2026-05-23 05:35:00,1.34305,1.34305,1.34305,1.34305,0,1779514500.0,GBPUSD
56,2026-05-23 05:40:00,1.34305,1.34305,1.34305,1.34305,0,1779514800.0,GBPUSD
56,2026-05-23 05:45:00,1.34305,1.34305,1.34305,1.34305,0,1779515100.0,GBPUSD
56,2026-05-23 05:50:00,1.34305,1.34305,1.34305,1.34305,0,1779515400.0,GBPUSD
56,2026-05-23 05:55:00,1.34305,1.34305,1.34305,1.34305,0,1779515700.0,GBPUSD
56,2026-05-23 06:00:00,1.34305,1.34305,1.34305,1.34305,0,1779516000.0,GBPUSD
56,2026-05-23 06:05:00,1.34305,1.34305,1.34305,1.34305,0,1779516300.0,GBPUSD
56,2026-05-23 06:10:00,1.34305,1.34305,1.34305,1.34305,0,1779516600.0,GBPUSD
56,2026-05-23 06:15:00,1.34305,1.34305,1.34305,1.34305,0,1779516900.0,GBPUSD
56,2026-05-23 06:20:00,1.34305,1.34305,1.34305,1.34305,0,1779517200.0,GBPUSD
56,2026-05-23 06:25:00,1.34305,1.34305,1.34305,1.34305,0,1779517500.0,GBPUSD
56,2026-05-23 06:30:00,1.34305,1.34305,1.34305,1.34305,0,1779517800.0,GBPUSD
56,2026-05-23 06:35:00,1.34305,1.34305,1.34305,1.34305,0,1779518100.0,GBPUSD
56,2026-05-23 06:40:00,1.34305,1.34305,1.34305,1.34305,0,1779518400.0,GBPUSD
56,2026-05-23 06:45:00,1.34305,1.34305,1.34305,1.34305,0,1779518700.0,GBPUSD
56,2026-05-23 06:50:00,1.34305,1.34305,1.34305,1.34305,0,1779519000.0,GBPUSD
56,2026-05-23 06:55:00,1.34305,1.34305,1.34305,1.34305,0,1779519300.0,GBPUSD
56,2026-05-23 07:00:00,1.34305,1.34305,1.34305,1.34305,0,1779519600.0,GBPUSD
56,2026-05-23 07:05:00,1.34305,1.34305,1.34305,1.34305,0,1779519900.0,GBPUSD
56,2026-05-23 07:10:00,1.34305,1.34305,1.34305,1.34305,0,1779520200.0,GBPUSD
56,2026-05-23 07:15:00,1.34305,1.34305,1.34305,1.34305,0,1779520500.0,GBPUSD
56,2026-05-23 07:20:00,1.34305,1.34305,1.34305,1.34305,0,1779520800.0,GBPUSD
56,2026-05-23 07:25:00,1.34305,1.34305,1.34305,1.34305,0,1779521100.0,GBPUSD
56,2026-05-23 07:30:00,1.34305,1.34305,1.34305,1.34305,0,1779521400.0,GBPUSD
56,2026-05-23 07:35:00,1.34305,1.34305,1.34305,1.34305,0,1779521700.0,GBPUSD
56,2026-05-23 07:40:00,1.34305,1.34305,1.34305,1.34305,0,1779522000.0,GBPUSD
56,2026-05-23 07:45:00,1.34305,1.34305,1.34305,1.34305,0,1779522300.0,GBPUSD
56,2026-05-23 07:50:00,1.34305,1.34305,1.34305,1.34305,0,1779522600.0,GBPUSD
56,2026-05-23 07:55:00,1.34305,1.34305,1.34305,1.34305,0,1779522900.0,GBPUSD
56,2026-05-23 08:00:00,1.34305,1.34305,1.34305,1.34305,0,1779523200.0,GBPUSD
56,2026-05-23 08:05:00,1.34305,1.34305,1.34305,1.34305,0,1779523500.0,GBPUSD
56,2026-05-23 08:10:00,1.34305,1.34305,1.34305,1.34305,0,1779523800.0,GBPUSD
56,2026-05-23 08:15:00,1.34305,1.34305,1.34305,1.34305,0,1779524100.0,GBPUSD
56,2026-05-23 08:20:00,1.34305,1.34305,1.34305,1.34305,0,1779524400.0,GBPUSD
56,2026-05-23 08:25:00,1.34305,1.34305,1.34305,1.34305,0,1779524700.0,GBPUSD
56,2026-05-23 08:30:00,1.34305,1.34305,1.34305,1.34305,0,1779525000.0,GBPUSD
56,2026-05-23 08:35:00,1.34305,1.34305,1.34305,1.34305,0,1779525300.0,GBPUSD
56,2026-05-23 08:40:00,1.34305,1.34305,1.34305,1.34305,0,1779525600.0,GBPUSD
56,2026-05-23 08:45:00,1.34305,1.34305,1.34305,1.34305,0,1779525900.0,GBPUSD
56,2026-05-23 08:50:00,1.34305,1.34305,1.34305,1.34305,0,1779526200.0,GBPUSD
56,2026-05-23 08:55:00,1.34305,1.34305,1.34305,1.34305,0,1779526500.0,GBPUSD
56,2026-05-23 09:00:00,1.34305,1.34305,1.34305,1.34305,0,1779526800.0,GBPUSD
56,2026-05-23 09:05:00,1.34305,1.34305,1.34305,1.34305,0,1779527100.0,GBPUSD
56,2026-05-23 09:10:00,1.34305,1.34305,1.34305,1.34305,0,1779527400.0,GBPUSD
56,2026-05-23 09:15:00,1.34305,1.34305,1.34305,1.34305,0,1779527700.0,GBPUSD
56,2026-05-23 09:20:00,1.34305,1.34305,1.34305,1.34305,0,1779528000.0,GBPUSD
56,2026-05-23 09:25:00,1.34305,1.34305,1.34305,1.34305,0,1779528300.0,GBPUSD
56,2026-05-23 09:30:00,1.34305,1.34305,1.34305,1.34305,0,1779528600.0,GBPUSD
56,2026-05-23 09:35:00,1.34305,1.34305,1.34305,1.34305,0,1779528900.0,GBPUSD
56,2026-05-23 09:40:00,1.34305,1.34305,1.34305,1.34305,0,1779529200.0,GBPUSD
56,2026-05-23 09:45:00,1.34305,1.34305,1.34305,1.34305,0,1779529500.0,GBPUSD
56,2026-05-23 09:50:00,1.34305,1.34305,1.34305,1.34305,0,1779529800.0,GBPUSD
56,2026-05-23 09:55:00,1.34305,1.34305,1.34305,1.34305,0,1779530100.0,GBPUSD
56,2026-05-23 10:00:00,1.34305,1.34305,1.34305,1.34305,0,1779530400.0,GBPUSD
56,2026-05-23 10:05:00,1.34305,1.34305,1.34305,1.34305,0,1779530700.0,GBPUSD
56,2026-05-23 10:10:00,1.34305,1.34305,1.34305,1.34305,0,1779531000.0,GBPUSD
56,2026-05-23 10:15:00,1.34305,1.34305,1.34305,1.34305,0,1779531300.0,GBPUSD
56,2026-05-23 10:20:00,1.34305,1.34305,1.34305,1.34305,0,1779531600.0,GBPUSD
56,2026-05-23 10:25:00,1.34305,1.34305,1.34305,1.34305,0,1779531900.0,GBPUSD
56,2026-05-23 10:30:00,1.34305,1.34305,1.34305,1.34305,0,1779532200.0,GBPUSD
56,2026-05-23 10:35:00,1.34305,1.34305,1.34305,1.34305,0,1779532500.0,GBPUSD
56,2026-05-23 10:40:00,1.34305,1.34305,1.34305,1.34305,0,1779532800.0,GBPUSD
56,2026-05-23 10:45:00,1.34305,1.34305,1.34305,1.34305,0,1779533100.0,GBPUSD
56,2026-05-23 10:50:00,1.34305,1.34305,1.34305,1.34305,0,1779533400.0,GBPUSD
56,2026-05-23 10:55:00,1.34305,1.34305,1.34305,1.34305,0,1779533700.0,GBPUSD
56,2026-05-23 11:00:00,1.34305,1.34305,1.34305,1.34305,0,1779534000.0,GBPUSD
56,2026-05-23 11:05:00,1.34305,1.34305,1.34305,1.34305,0,1779534300.0,GBPUSD
56,2026-05-23 11:10:00,1.34305,1.34305,1.34305,1.34305,0,1779534600.0,GBPUSD
56,2026-05-23 11:15:00,1.34305,1.34305,1.34305,1.34305,0,1779534900.0,GBPUSD
56,2026-05-23 11:20:00,1.34305,1.34305,1.34305,1.34305,0,1779535200.0,GBPUSD
56,2026-05-23 11:25:00,1.34305,1.34305,1.34305,1.34305,0,1779535500.0,GBPUSD
56,2026-05-23 11:30:00,1.34305,1.34305,1.34305,1.34305,0,1779535800.0,GBPUSD
56,2026-05-23 11:35:00,1.34305,1.34305,1.34305,1.34305,0,1779536100.0,GBPUSD
56,2026-05-23 11:40:00,1.34305,1.34305,1.34305,1.34305,0,1779536400.0,GBPUSD
56,2026-05-23 11:45:00,1.34305,1.34305,1.34305,1.34305,0,1779536700.0,GBPUSD
56,2026-05-23 11:50:00,1.34305,1.34305,1.34305,1.34305,0,1779537000.0,GBPUSD
56,2026-05-23 11:55:00,1.34305,1.34305,1.34305,1.34305,0,1779537300.0,GBPUSD
56,2026-05-23 12:00:00,1.34305,1.34305,1.34305,1.34305,0,1779537600.0,GBPUSD
56,2026-05-23 12:05:00,1.34305,1.34305,1.34305,1.34305,0,1779537900.0,GBPUSD
56,2026-05-23 12:10:00,1.34305,1.34305,1.34305,1.34305,0,1779538200.0,GBPUSD
56,2026-05-23 12:15:00,1.34305,1.34305,1.34305,1.34305,0,1779538500.0,GBPUSD
56,2026-05-23 12:20:00,1.34305,1.34305,1.34305,1.34305,0,1779538800.0,GBPUSD
56,2026-05-23 12:25:00,1.34305,1.34305,1.34305,1.34305,0,1779539100.0,GBPUSD
56,2026-05-23 12:30:00,1.34305,1.34305,1.34305,1.34305,0,1779539400.0,GBPUSD
56,2026-05-23 12:35:00,1.34305,1.34305,1.34305,1.34305,0,1779539700.0,GBPUSD
56,2026-05-23 12:40:00,1.34305,1.34305,1.34305,1.34305,0,1779540000.0,GBPUSD
56,2026-05-23 12:45:00,1.34305,1.34305,1.34305,1.34305,0,1779540300.0,GBPUSD
56,2026-05-23 12:50:00,1.34305,1.34305,1.34305,1.34305,0,1779540600.0,GBPUSD
56,2026-05-23 12:55:00,1.34305,1.34305,1.34305,1.34305,0,1779540900.0,GBPUSD
56,2026-05-23 13:00:00,1.34305,1.34305,1.34305,1.34305,0,1779541200.0,GBPUSD
56,2026-05-23 13:05:00,1.34305,1.34305,1.34305,1.34305,0,1779541500.0,GBPUSD
56,2026-05-23 13:10:00,1.34305,1.34305,1.34305,1.34305,0,1779541800.0,GBPUSD
56,2026-05-23 13:15:00,1.34305,1.34305,1.34305,1.34305,0,1779542100.0,GBPUSD
56,2026-05-23 13:20:00,1.34305,1.34305,1.34305,1.34305,0,1779542400.0,GBPUSD
56,2026-05-23 13:25:00,1.34305,1.34305,1.34305,1.34305,0,1779542700.0,GBPUSD
56,2026-05-23 13:30:00,1.34305,1.34305,1.34305,1.34305,0,1779543000.0,GBPUSD
56,2026-05-23 13:35:00,1.34305,1.34305,1.34305,1.34305,0,1779543300.0,GBPUSD
56,2026-05-23 13:40:00,1.34305,1.34305,1.34305,1.34305,0,1779543600.0,GBPUSD
56,2026-05-23 13:45:00,1.34305,1.34305,1.34305,1.34305,0,1779543900.0,GBPUSD
56,2026-05-23 13:50:00,1.34305,1.34305,1.34305,1.34305,0,1779544200.0,GBPUSD
56,2026-05-23 13:55:00,1.34305,1.34305,1.34305,1.34305,0,1779544500.0,GBPUSD
56,2026-05-23 14:00:00,1.34305,1.34305,1.34305,1.34305,0,1779544800.0,GBPUSD
56,2026-05-23 14:05:00,1.34305,1.34305,1.34305,1.34305,0,1779545100.0,GBPUSD
56,2026-05-23 14:10:00,1.34305,1.34305,1.34305,1.34305,0,1779545400.0,GBPUSD
56,2026-05-23 14:15:00,1.34305,1.34305,1.34305,1.34305,0,1779545700.0,GBPUSD
56,2026-05-23 14:20:00,1.34305,1.34305,1.34305,1.34305,0,1779546000.0,GBPUSD
56,2026-05-23 14:25:00,1.34305,1.34305,1.34305,1.34305,0,1779546300.0,GBPUSD
56,2026-05-23 14:30:00,1.34305,1.34305,1.34305,1.34305,0,1779546600.0,GBPUSD
56,2026-05-23 14:35:00,1.34305,1.34305,1.34305,1.34305,0,1779546900.0,GBPUSD
56,2026-05-23 14:40:00,1.34305,1.34305,1.34305,1.34305,0,1779547200.0,GBPUSD
56,2026-05-23 14:45:00,1.34305,1.34305,1.34305,1.34305,0,1779547500.0,GBPUSD
56,2026-05-23 14:50:00,1.34305,1.34305,1.34305,1.34305,0,1779547800.0,GBPUSD
56,2026-05-23 14:55:00,1.34305,1.34305,1.34305,1.34305,0,1779548100.0,GBPUSD
56,2026-05-23 15:00:00,1.34305,1.34305,1.34305,1.34305,0,1779548400.0,GBPUSD
56,2026-05-23 15:05:00,1.34305,1.34305,1.34305,1.34305,0,1779548700.0,GBPUSD
56,2026-05-23 15:10:00,1.34305,1.34305,1.34305,1.34305,0,1779549000.0,GBPUSD
56,2026-05-23 15:15:00,1.34305,1.34305,1.34305,1.34305,0,1779549300.0,GBPUSD
56,2026-05-23 15:20:00,1.34305,1.34305,1.34305,1.34305,0,1779549600.0,GBPUSD
56,2026-05-23 15:25:00,1.34305,1.34305,1.34305,1.34305,0,1779549900.0,GBPUSD
56,2026-05-23 15:30:00,1.34305,1.34305,1.34305,1.34305,0,1779550200.0,GBPUSD
56,2026-05-23 15:35:00,1.34305,1.34305,1.34305,1.34305,0,1779550500.0,GBPUSD
56,2026-05-23 15:40:00,1.34305,1.34305,1.34305,1.34305,0,1779550800.0,GBPUSD
56,2026-05-23 15:45:00,1.34305,1.34305,1.34305,1.34305,0,1779551100.0,GBPUSD
56,2026-05-23 15:50:00,1.34305,1.34305,1.34305,1.34305,0,1779551400.0,GBPUSD
56,2026-05-23 15:55:00,1.34305,1.34305,1.34305,1.34305,0,1779551700.0,GBPUSD
56,2026-05-23 16:00:00,1.34305,1.34305,1.34305,1.34305,0,1779552000.0,GBPUSD
56,2026-05-23 16:05:00,1.34305,1.34305,1.34305,1.34305,0,1779552300.0,GBPUSD
56,2026-05-23 16:10:00,1.34305,1.34305,1.34305,1.34305,0,1779552600.0,GBPUSD
56,2026-05-23 16:15:00,1.34305,1.34305,1.34305,1.34305,0,1779552900.0,GBPUSD
56,2026-05-23 16:20:00,1.34305,1.34305,1.34305,1.34305,0,1779553200.0,GBPUSD
56,2026-05-23 16:25:00,1.34305,1.34305,1.34305,1.34305,0,1779553500.0,GBPUSD
56,2026-05-23 16:30:00,1.34305,1.34305,1.34305,1.34305,0,1779553800.0,GBPUSD
56,2026-05-23 16:35:00,1.34305,1.34305,1.34305,1.34305,0,1779554100.0,GBPUSD
56,2026-05-23 16:40:00,1.34305,1.34305,1.34305,1.34305,0,1779554400.0,GBPUSD
56,2026-05-23 16:45:00,1.34305,1.34305,1.34305,1.34305,0,1779554700.0,GBPUSD
56,2026-05-23 16:50:00,1.34305,1.34305,1.34305,1.34305,0,1779555000.0,GBPUSD
56,2026-05-23 16:55:00,1.34305,1.34305,1.34305,1.34305,0,1779555300.0,GBPUSD
56,2026-05-23 17:00:00,1.34305,1.34305,1.34305,1.34305,0,1779555600.0,GBPUSD
56,2026-05-23 17:05:00,1.34305,1.34305,1.34305,1.34305,0,1779555900.0,GBPUSD
56,2026-05-23 17:10:00,1.34305,1.34305,1.34305,1.34305,0,1779556200.0,GBPUSD
56,2026-05-23 17:15:00,1.34305,1.34305,1.34305,1.34305,0,1779556500.0,GBPUSD
56,2026-05-23 17:20:00,1.34305,1.34305,1.34305,1.34305,0,1779556800.0,GBPUSD
56,2026-05-23 17:25:00,1.34305,1.34305,1.34305,1.34305,0,1779557100.0,GBPUSD
56,2026-05-23 17:30:00,1.34305,1.34305,1.34305,1.34305,0,1779557400.0,GBPUSD
56,2026-05-23 17:35:00,1.34305,1.34305,1.34305,1.34305,0,1779557700.0,GBPUSD
56,2026-05-23 17:40:00,1.34305,1.34305,1.34305,1.34305,0,1779558000.0,GBPUSD
56,2026-05-23 17:45:00,1.34305,1.34305,1.34305,1.34305,0,1779558300.0,GBPUSD
56,2026-05-23 17:50:00,1.34305,1.34305,1.34305,1.34305,0,1779558600.0,GBPUSD
56,2026-05-23 17:55:00,1.34305,1.34305,1.34305,1.34305,0,1779558900.0,GBPUSD
56,2026-05-23 18:00:00,1.34305,1.34305,1.34305,1.34305,0,1779559200.0,GBPUSD
56,2026-05-23 18:05:00,1.34305,1.34305,1.34305,1.34305,0,1779559500.0,GBPUSD
56,2026-05-23 18:10:00,1.34305,1.34305,1.34305,1.34305,0,1779559800.0,GBPUSD
56,2026-05-23 18:15:00,1.34305,1.34305,1.34305,1.34305,0,1779560100.0,GBPUSD
56,2026-05-23 18:20:00,1.34305,1.34305,1.34305,1.34305,0,1779560400.0,GBPUSD
56,2026-05-23 18:25:00,1.34305,1.34305,1.34305,1.34305,0,1779560700.0,GBPUSD
56,2026-05-23 18:30:00,1.34305,1.34305,1.34305,1.34305,0,1779561000.0,GBPUSD
56,2026-05-23 18:35:00,1.34305,1.34305,1.34305,1.34305,0,1779561300.0,GBPUSD
56,2026-05-23 18:40:00,1.34305,1.34305,1.34305,1.34305,0,1779561600.0,GBPUSD
56,2026-05-23 18:45:00,1.34305,1.34305,1.34305,1.34305,0,1779561900.0,GBPUSD
56,2026-05-23 18:50:00,1.34305,1.34305,1.34305,1.34305,0,1779562200.0,GBPUSD
56,2026-05-23 18:55:00,1.34305,1.34305,1.34305,1.34305,0,1779562500.0,GBPUSD
56,2026-05-23 19:00:00,1.34305,1.34305,1.34305,1.34305,0,1779562800.0,GBPUSD
56,2026-05-23 19:05:00,1.34305,1.34305,1.34305,1.34305,0,1779563100.0,GBPUSD
56,2026-05-23 19:10:00,1.34305,1.34305,1.34305,1.34305,0,1779563400.0,GBPUSD
56,2026-05-23 19:15:00,1.34305,1.34305,1.34305,1.34305,0,1779563700.0,GBPUSD
56,2026-05-23 19:20:00,1.34305,1.34305,1.34305,1.34305,0,1779564000.0,GBPUSD
56,2026-05-23 19:25:00,1.34305,1.34305,1.34305,1.34305,0,1779564300.0,GBPUSD
56,2026-05-23 19:30:00,1.34305,1.34305,1.34305,1.34305,0,1779564600.0,GBPUSD
56,2026-05-23 19:35:00,1.34305,1.34305,1.34305,1.34305,0,1779564900.0,GBPUSD
56,2026-05-23 19:40:00,1.34305,1.34305,1.34305,1.34305,0,1779565200.0,GBPUSD
56,2026-05-23 19:45:00,1.34305,1.34305,1.34305,1.34305,0,1779565500.0,GBPUSD
56,2026-05-23 19:50:00,1.34305,1.34305,1.34305,1.34305,0,1779565800.0,GBPUSD
56,2026-05-23 19:55:00,1.34305,1.34305,1.34305,1.34305,0,1779566100.0,GBPUSD
56,2026-05-23 20:00:00,1.34305,1.34305,1.34305,1.34305,0,1779566400.0,GBPUSD
56,2026-05-23 20:05:00,1.34305,1.34305,1.34305,1.34305,0,1779566700.0,GBPUSD
56,2026-05-23 20:10:00,1.34305,1.34305,1.34305,1.34305,0,1779567000.0,GBPUSD
56,2026-05-23 20:15:00,1.34305,1.34305,1.34305,1.34305,0,1779567300.0,GBPUSD
56,2026-05-23 20:20:00,1.34305,1.34305,1.34305,1.34305,0,1779567600.0,GBPUSD
56,2026-05-23 20:25:00,1.34305,1.34305,1.34305,1.34305,0,1779567900.0,GBPUSD
56,2026-05-23 20:30:00,1.34305,1.34305,1.34305,1.34305,0,1779568200.0,GBPUSD
56,2026-05-23 20:35:00,1.34305,1.34305,1.34305,1.34305,0,1779568500.0,GBPUSD
56,2026-05-23 20:40:00,1.34305,1.34305,1.34305,1.34305,0,1779568800.0,GBPUSD
56,2026-05-23 20:45:00,1.34305,1.34305,1.34305,1.34305,0,1779569100.0,GBPUSD
56,2026-05-23 20:50:00,1.34305,1.34305,1.34305,1.34305,0,1779569400.0,GBPUSD
56,2026-05-23 20:55:00,1.34305,1.34305,1.34305,1.34305,0,1779569700.0,GBPUSD
56,2026-05-23 21:00:00,1.34305,1.34305,1.34305,1.34305,0,1779570000.0,GBPUSD
56,2026-05-23 21:05:00,1.34305,1.34305,1.34305,1.34305,0,1779570300.0,GBPUSD
56,2026-05-23 21:10:00,1.34305,1.34305,1.34305,1.34305,0,1779570600.0,GBPUSD
56,2026-05-23 21:15:00,1.34305,1.34305,1.34305,1.34305,0,1779570900.0,GBPUSD
56,2026-05-23 21:20:00,1.34305,1.34305,1.34305,1.34305,0,1779571200.0,GBPUSD
56,2026-05-23 21:25:00,1.34305,1.34305,1.34305,1.34305,0,1779571500.0,GBPUSD
56,2026-05-23 21:30:00,1.34305,1.34305,1.34305,1.34305,0,1779571800.0,GBPUSD
56,2026-05-23 21:35:00,1.34305,1.34305,1.34305,1.34305,0,1779572100.0,GBPUSD
56,2026-05-23 21:40:00,1.34305,1.34305,1.34305,1.34305,0,1779572400.0,GBPUSD
56,2026-05-23 21:45:00,1.34305,1.34305,1.34305,1.34305,0,1779572700.0,GBPUSD
56,2026-05-23 21:50:00,1.34305,1.34305,1.34305,1.34305,0,1779573000.0,GBPUSD
56,2026-05-23 21:55:00,1.34305,1.34305,1.34305,1.34305,0,1779573300.0,GBPUSD
56,2026-05-23 22:00:00,1.34305,1.34305,1.34305,1.34305,0,1779573600.0,GBPUSD
56,2026-05-23 22:05:00,1.34305,1.34305,1.34305,1.34305,0,1779573900.0,GBPUSD
56,2026-05-23 22:10:00,1.34305,1.34305,1.34305,1.34305,0,1779574200.0,GBPUSD
56,2026-05-23 22:15:00,1.34305,1.34305,1.34305,1.34305,0,1779574500.0,GBPUSD
56,2026-05-23 22:20:00,1.34305,1.34305,1.34305,1.34305,0,1779574800.0,GBPUSD
56,2026-05-23 22:25:00,1.34305,1.34305,1.34305,1.34305,0,1779575100.0,GBPUSD
56,2026-05-23 22:30:00,1.34305,1.34305,1.34305,1.34305,0,1779575400.0,GBPUSD
56,2026-05-23 22:35:00,1.34305,1.34305,1.34305,1.34305,0,1779575700.0,GBPUSD
56,2026-05-23 22:40:00,1.34305,1.34305,1.34305,1.34305,0,1779576000.0,GBPUSD
56,2026-05-23 22:45:00,1.34305,1.34305,1.34305,1.34305,0,1779576300.0,GBPUSD
56,2026-05-23 22:50:00,1.34305,1.34305,1.34305,1.34305,0,1779576600.0,GBPUSD
56,2026-05-23 22:55:00,1.34305,1.34305,1.34305,1.34305,0,1779576900.0,GBPUSD
56,2026-05-23 23:00:00,1.34305,1.34305,1.34305,1.34305,0,1779577200.0,GBPUSD
56,2026-05-23 23:05:00,1.34305,1.34305,1.34305,1.34305,0,1779577500.0,GBPUSD
56,2026-05-23 23:10:00,1.34305,1.34305,1.34305,1.34305,0,1779577800.0,GBPUSD
56,2026-05-23 23:15:00,1.34305,1.34305,1.34305,1.34305,0,1779578100.0,GBPUSD
56,2026-05-23 23:20:00,1.34305,1.34305,1.34305,1.34305,0,1779578400.0,GBPUSD
56,2026-05-23 23:25:00,1.34305,1.34305,1.34305,1.34305,0,1779578700.0,GBPUSD
56,2026-05-23 23:30:00,1.34305,1.34305,1.34305,1.34305,0,1779579000.0,GBPUSD
56,2026-05-23 23:35:00,1.34305,1.34305,1.34305,1.34305,0,1779579300.0,GBPUSD
56,2026-05-23 23:40:00,1.34305,1.34305,1.34305,1.34305,0,1779579600.0,GBPUSD
56,2026-05-23 23:45:00,1.34305,1.34305,1.34305,1.34305,0,1779579900.0,GBPUSD
56,2026-05-23 23:50:00,1.34305,1.34305,1.34305,1.34305,0,1779580200.0,GBPUSD
56,2026-05-23 23:55:00,1.34305,1.34305,1.34305,1.34305,0,1779580500.0,GBPUSD
56,2026-05-24 00:00:00,1.34305,1.34305,1.34305,1.34305,0,1779580800.0,GBPUSD
56,2026-05-24 00:05:00,1.34305,1.34305,1.34305,1.34305,0,1779581100.0,GBPUSD
56,2026-05-24 00:10:00,1.34305,1.34305,1.34305,1.34305,0,1779581400.0,GBPUSD
56,2026-05-24 00:15:00,1.34305,1.34305,1.34305,1.34305,0,1779581700.0,GBPUSD
56,2026-05-24 00:20:00,1.34305,1.34305,1.34305,1.34305,0,1779582000.0,GBPUSD
56,2026-05-24 00:25:00,1.34305,1.34305,1.34305,1.34305,0,1779582300.0,GBPUSD
56,2026-05-24 00:30:00,1.34305,1.34305,1.34305,1.34305,0,1779582600.0,GBPUSD
56,2026-05-24 00:35:00,1.34305,1.34305,1.34305,1.34305,0,1779582900.0,GBPUSD
56,2026-05-24 00:40:00,1.34305,1.34305,1.34305,1.34305,0,1779583200.0,GBPUSD
56,2026-05-24 00:45:00,1.34305,1.34305,1.34305,1.34305,0,1779583500.0,GBPUSD
56,2026-05-24 00:50:00,1.34305,1.34305,1.34305,1.34305,0,1779583800.0,GBPUSD
56,2026-05-24 00:55:00,1.34305,1.34305,1.34305,1.34305,0,1779584100.0,GBPUSD
56,2026-05-24 01:00:00,1.34305,1.34305,1.34305,1.34305,0,1779584400.0,GBPUSD
56,2026-05-24 01:05:00,1.34305,1.34305,1.34305,1.34305,0,1779584700.0,GBPUSD
56,2026-05-24 01:10:00,1.34305,1.34305,1.34305,1.34305,0,1779585000.0,GBPUSD
56,2026-05-24 01:15:00,1.34305,1.34305,1.34305,1.34305,0,1779585300.0,GBPUSD
56,2026-05-24 01:20:00,1.34305,1.34305,1.34305,1.34305,0,1779585600.0,GBPUSD
56,2026-05-24 01:25:00,1.34305,1.34305,1.34305,1.34305,0,1779585900.0,GBPUSD
56,2026-05-24 01:30:00,1.34305,1.34305,1.34305,1.34305,0,1779586200.0,GBPUSD
56,2026-05-24 01:35:00,1.34305,1.34305,1.34305,1.34305,0,1779586500.0,GBPUSD
56,2026-05-24 01:40:00,1.34305,1.34305,1.34305,1.34305,0,1779586800.0,GBPUSD
56,2026-05-24 01:45:00,1.34305,1.34305,1.34305,1.34305,0,1779587100.0,GBPUSD
56,2026-05-24 01:50:00,1.34305,1.34305,1.34305,1.34305,0,1779587400.0,GBPUSD
56,2026-05-24 01:55:00,1.34305,1.34305,1.34305,1.34305,0,1779587700.0,GBPUSD
56,2026-05-24 02:00:00,1.34305,1.34305,1.34305,1.34305,0,1779588000.0,GBPUSD
56,2026-05-24 02:05:00,1.34305,1.34305,1.34305,1.34305,0,1779588300.0,GBPUSD
56,2026-05-24 02:10:00,1.34305,1.34305,1.34305,1.34305,0,1779588600.0,GBPUSD
56,2026-05-24 02:15:00,1.34305,1.34305,1.34305,1.34305,0,1779588900.0,GBPUSD
56,2026-05-24 02:20:00,1.34305,1.34305,1.34305,1.34305,0,1779589200.0,GBPUSD
56,2026-05-24 02:25:00,1.34305,1.34305,1.34305,1.34305,0,1779589500.0,GBPUSD
56,2026-05-24 02:30:00,1.34305,1.34305,1.34305,1.34305,0,1779589800.0,GBPUSD
56,2026-05-24 02:35:00,1.34305,1.34305,1.34305,1.34305,0,1779590100.0,GBPUSD
56,2026-05-24 02:40:00,1.34305,1.34305,1.34305,1.34305,0,1779590400.0,GBPUSD
56,2026-05-24 02:45:00,1.34305,1.34305,1.34305,1.34305,0,1779590700.0,GBPUSD
56,2026-05-24 02:50:00,1.34305,1.34305,1.34305,1.34305,0,1779591000.0,GBPUSD
56,2026-05-24 02:55:00,1.34305,1.34305,1.34305,1.34305,0,1779591300.0,GBPUSD
56,2026-05-24 03:00:00,1.34305,1.34305,1.34305,1.34305,0,1779591600.0,GBPUSD
56,2026-05-24 03:05:00,1.34305,1.34305,1.34305,1.34305,0,1779591900.0,GBPUSD
56,2026-05-24 03:10:00,1.34305,1.34305,1.34305,1.34305,0,1779592200.0,GBPUSD
56,2026-05-24 03:15:00,1.34305,1.34305,1.34305,1.34305,0,1779592500.0,GBPUSD
56,2026-05-24 03:20:00,1.34305,1.34305,1.34305,1.34305,0,1779592800.0,GBPUSD
56,2026-05-24 03:25:00,1.34305,1.34305,1.34305,1.34305,0,1779593100.0,GBPUSD
56,2026-05-24 03:30:00,1.34305,1.34305,1.34305,1.34305,0,1779593400.0,GBPUSD
56,2026-05-24 03:35:00,1.34305,1.34305,1.34305,1.34305,0,1779593700.0,GBPUSD
56,2026-05-24 03:40:00,1.34305,1.34305,1.34305,1.34305,0,1779594000.0,GBPUSD
56,2026-05-24 03:45:00,1.34305,1.34305,1.34305,1.34305,0,1779594300.0,GBPUSD
56,2026-05-24 03:50:00,1.34305,1.34305,1.34305,1.34305,0,1779594600.0,GBPUSD
56,2026-05-24 03:55:00,1.34305,1.34305,1.34305,1.34305,0,1779594900.0,GBPUSD
56,2026-05-24 04:00:00,1.34305,1.34305,1.34305,1.34305,0,1779595200.0,GBPUSD
56,2026-05-24 04:05:00,1.34305,1.34305,1.34305,1.34305,0,1779595500.0,GBPUSD
56,2026-05-24 04:10:00,1.34305,1.34305,1.34305,1.34305,0,1779595800.0,GBPUSD
56,2026-05-24 04:15:00,1.34305,1.34305,1.34305,1.34305,0,1779596100.0,GBPUSD
56,2026-05-24 04:20:00,1.34305,1.34305,1.34305,1.34305,0,1779596400.0,GBPUSD
56,2026-05-24 04:25:00,1.34305,1.34305,1.34305,1.34305,0,1779596700.0,GBPUSD
56,2026-05-24 04:30:00,1.34305,1.34305,1.34305,1.34305,0,1779597000.0,GBPUSD
56,2026-05-24 04:35:00,1.34305,1.34305,1.34305,1.34305,0,1779597300.0,GBPUSD
56,2026-05-24 04:40:00,1.34305,1.34305,1.34305,1.34305,0,1779597600.0,GBPUSD
56,2026-05-24 04:45:00,1.34305,1.34305,1.34305,1.34305,0,1779597900.0,GBPUSD
56,2026-05-24 04:50:00,1.34305,1.34305,1.34305,1.34305,0,1779598200.0,GBPUSD
56,2026-05-24 04:55:00,1.34305,1.34305,1.34305,1.34305,0,1779598500.0,GBPUSD
56,2026-05-24 05:00:00,1.34305,1.34305,1.34305,1.34305,0,1779598800.0,GBPUSD
56,2026-05-24 05:05:00,1.34305,1.34305,1.34305,1.34305,0,1779599100.0,GBPUSD
56,2026-05-24 05:10:00,1.34305,1.34305,1.34305,1.34305,0,1779599400.0,GBPUSD
56,2026-05-24 05:15:00,1.34305,1.34305,1.34305,1.34305,0,1779599700.0,GBPUSD
56,2026-05-24 05:20:00,1.34305,1.34305,1.34305,1.34305,0,1779600000.0,GBPUSD
56,2026-05-24 05:25:00,1.34305,1.34305,1.34305,1.34305,0,1779600300.0,GBPUSD
56,2026-05-24 05:30:00,1.34305,1.34305,1.34305,1.34305,0,1779600600.0,GBPUSD
56,2026-05-24 05:35:00,1.34305,1.34305,1.34305,1.34305,0,1779600900.0,GBPUSD
56,2026-05-24 05:40:00,1.34305,1.34305,1.34305,1.34305,0,1779601200.0,GBPUSD
56,2026-05-24 05:45:00,1.34305,1.34305,1.34305,1.34305,0,1779601500.0,GBPUSD
56,2026-05-24 05:50:00,1.34305,1.34305,1.34305,1.34305,0,1779601800.0,GBPUSD
56,2026-05-24 05:55:00,1.34305,1.34305,1.34305,1.34305,0,1779602100.0,GBPUSD
56,2026-05-24 06:00:00,1.34305,1.34305,1.34305,1.34305,0,1779602400.0,GBPUSD
56,2026-05-24 06:05:00,1.34305,1.34305,1.34305,1.34305,0,1779602700.0,GBPUSD
56,2026-05-24 06:10:00,1.34305,1.34305,1.34305,1.34305,0,1779603000.0,GBPUSD
56,2026-05-24 06:15:00,1.34305,1.34305,1.34305,1.34305,0,1779603300.0,GBPUSD
56,2026-05-24 06:20:00,1.34305,1.34305,1.34305,1.34305,0,1779603600.0,GBPUSD
56,2026-05-24 06:25:00,1.34305,1.34305,1.34305,1.34305,0,1779603900.0,GBPUSD
56,2026-05-24 06:30:00,1.34305,1.34305,1.34305,1.34305,0,1779604200.0,GBPUSD
56,2026-05-24 06:35:00,1.34305,1.34305,1.34305,1.34305,0,1779604500.0,GBPUSD
56,2026-05-24 06:40:00,1.34305,1.34305,1.34305,1.34305,0,1779604800.0,GBPUSD
56,2026-05-24 06:45:00,1.34305,1.34305,1.34305,1.34305,0,1779605100.0,GBPUSD
56,2026-05-24 06:50:00,1.34305,1.34305,1.34305,1.34305,0,1779605400.0,GBPUSD
56,2026-05-24 06:55:00,1.34305,1.34305,1.34305,1.34305,0,1779605700.0,GBPUSD
56,2026-05-24 07:00:00,1.34305,1.34305,1.34305,1.34305,0,1779606000.0,GBPUSD
56,2026-05-24 07:05:00,1.34305,1.34305,1.34305,1.34305,0,1779606300.0,GBPUSD
56,2026-05-24 07:10:00,1.34305,1.34305,1.34305,1.34305,0,1779606600.0,GBPUSD
56,2026-05-24 07:15:00,1.34305,1.34305,1.34305,1.34305,0,1779606900.0,GBPUSD
56,2026-05-24 07:20:00,1.34305,1.34305,1.34305,1.34305,0,1779607200.0,GBPUSD
56,2026-05-24 07:25:00,1.34305,1.34305,1.34305,1.34305,0,1779607500.0,GBPUSD
56,2026-05-24 07:30:00,1.34305,1.34305,1.34305,1.34305,0,1779607800.0,GBPUSD
56,2026-05-24 07:35:00,1.34305,1.34305,1.34305,1.34305,0,1779608100.0,GBPUSD
56,2026-05-24 07:40:00,1.34305,1.34305,1.34305,1.34305,0,1779608400.0,GBPUSD
56,2026-05-24 07:45:00,1.34305,1.34305,1.34305,1.34305,0,1779608700.0,GBPUSD
56,2026-05-24 07:50:00,1.34305,1.34305,1.34305,1.34305,0,1779609000.0,GBPUSD
56,2026-05-24 07:55:00,1.34305,1.34305,1.34305,1.34305,0,1779609300.0,GBPUSD
56,2026-05-24 08:00:00,1.34305,1.34305,1.34305,1.34305,0,1779609600.0,GBPUSD
56,2026-05-24 08:05:00,1.34305,1.34305,1.34305,1.34305,0,1779609900.0,GBPUSD
56,2026-05-24 08:10:00,1.34305,1.34305,1.34305,1.34305,0,1779610200.0,GBPUSD
56,2026-05-24 08:15:00,1.34305,1.34305,1.34305,1.34305,0,1779610500.0,GBPUSD
56,2026-05-24 08:20:00,1.34305,1.34305,1.34305,1.34305,0,1779610800.0,GBPUSD
56,2026-05-24 08:25:00,1.34305,1.34305,1.34305,1.34305,0,1779611100.0,GBPUSD
56,2026-05-24 08:30:00,1.34305,1.34305,1.34305,1.34305,0,1779611400.0,GBPUSD
56,2026-05-24 08:35:00,1.34305,1.34305,1.34305,1.34305,0,1779611700.0,GBPUSD
56,2026-05-24 08:40:00,1.34305,1.34305,1.34305,1.34305,0,1779612000.0,GBPUSD
56,2026-05-24 08:45:00,1.34305,1.34305,1.34305,1.34305,0,1779612300.0,GBPUSD
56,2026-05-24 08:50:00,1.34305,1.34305,1.34305,1.34305,0,1779612600.0,GBPUSD
56,2026-05-24 08:55:00,1.34305,1.34305,1.34305,1.34305,0,1779612900.0,GBPUSD
56,2026-05-24 09:00:00,1.34305,1.34305,1.34305,1.34305,0,1779613200.0,GBPUSD
56,2026-05-24 09:05:00,1.34305,1.34305,1.34305,1.34305,0,1779613500.0,GBPUSD
56,2026-05-24 09:10:00,1.34305,1.34305,1.34305,1.34305,0,1779613800.0,GBPUSD
56,2026-05-24 09:15:00,1.34305,1.34305,1.34305,1.34305,0,1779614100.0,GBPUSD
56,2026-05-24 09:20:00,1.34305,1.34305,1.34305,1.34305,0,1779614400.0,GBPUSD
56,2026-05-24 09:25:00,1.34305,1.34305,1.34305,1.34305,0,1779614700.0,GBPUSD
56,2026-05-24 09:30:00,1.34305,1.34305,1.34305,1.34305,0,1779615000.0,GBPUSD
56,2026-05-24 09:35:00,1.34305,1.34305,1.34305,1.34305,0,1779615300.0,GBPUSD
56,2026-05-24 09:40:00,1.34305,1.34305,1.34305,1.34305,0,1779615600.0,GBPUSD
56,2026-05-24 09:45:00,1.34305,1.34305,1.34305,1.34305,0,1779615900.0,GBPUSD
56,2026-05-24 09:50:00,1.34305,1.34305,1.34305,1.34305,0,1779616200.0,GBPUSD
56,2026-05-24 09:55:00,1.34305,1.34305,1.34305,1.34305,0,1779616500.0,GBPUSD
56,2026-05-24 10:00:00,1.34305,1.34305,1.34305,1.34305,0,1779616800.0,GBPUSD
56,2026-05-24 10:05:00,1.34305,1.34305,1.34305,1.34305,0,1779617100.0,GBPUSD
56,2026-05-24 10:10:00,1.34305,1.34305,1.34305,1.34305,0,1779617400.0,GBPUSD
56,2026-05-24 10:15:00,1.34305,1.34305,1.34305,1.34305,0,1779617700.0,GBPUSD
56,2026-05-24 10:20:00,1.34305,1.34305,1.34305,1.34305,0,1779618000.0,GBPUSD
56,2026-05-24 10:25:00,1.34305,1.34305,1.34305,1.34305,0,1779618300.0,GBPUSD
56,2026-05-24 10:30:00,1.34305,1.34305,1.34305,1.34305,0,1779618600.0,GBPUSD
56,2026-05-24 10:35:00,1.34305,1.34305,1.34305,1.34305,0,1779618900.0,GBPUSD
56,2026-05-24 10:40:00,1.34305,1.34305,1.34305,1.34305,0,1779619200.0,GBPUSD
56,2026-05-24 10:45:00,1.34305,1.34305,1.34305,1.34305,0,1779619500.0,GBPUSD
56,2026-05-24 10:50:00,1.34305,1.34305,1.34305,1.34305,0,1779619800.0,GBPUSD
56,2026-05-24 10:55:00,1.34305,1.34305,1.34305,1.34305,0,1779620100.0,GBPUSD
56,2026-05-24 11:00:00,1.34305,1.34305,1.34305,1.34305,0,1779620400.0,GBPUSD
56,2026-05-24 11:05:00,1.34305,1.34305,1.34305,1.34305,0,1779620700.0,GBPUSD
56,2026-05-24 11:10:00,1.34305,1.34305,1.34305,1.34305,0,1779621000.0,GBPUSD
56,2026-05-24 11:15:00,1.34305,1.34305,1.34305,1.34305,0,1779621300.0,GBPUSD
56,2026-05-24 11:20:00,1.34305,1.34305,1.34305,1.34305,0,1779621600.0,GBPUSD
56,2026-05-24 11:25:00,1.34305,1.34305,1.34305,1.34305,0,1779621900.0,GBPUSD
56,2026-05-24 11:30:00,1.34305,1.34305,1.34305,1.34305,0,1779622200.0,GBPUSD
56,2026-05-24 11:35:00,1.34305,1.34305,1.34305,1.34305,0,1779622500.0,GBPUSD
56,2026-05-24 11:40:00,1.34305,1.34305,1.34305,1.34305,0,1779622800.0,GBPUSD
56,2026-05-24 11:45:00,1.34305,1.34305,1.34305,1.34305,0,1779623100.0,GBPUSD
56,2026-05-24 11:50:00,1.34305,1.34305,1.34305,1.34305,0,1779623400.0,GBPUSD
56,2026-05-24 11:55:00,1.34305,1.34305,1.34305,1.34305,0,1779623700.0,GBPUSD
56,2026-05-24 12:00:00,1.34305,1.34305,1.34305,1.34305,0,1779624000.0,GBPUSD
56,2026-05-24 12:05:00,1.34305,1.34305,1.34305,1.34305,0,1779624300.0,GBPUSD
56,2026-05-24 12:10:00,1.34305,1.34305,1.34305,1.34305,0,1779624600.0,GBPUSD
56,2026-05-24 12:15:00,1.34305,1.34305,1.34305,1.34305,0,1779624900.0,GBPUSD
56,2026-05-24 12:20:00,1.34305,1.34305,1.34305,1.34305,0,1779625200.0,GBPUSD
56,2026-05-24 12:25:00,1.34305,1.34305,1.34305,1.34305,0,1779625500.0,GBPUSD
56,2026-05-24 12:30:00,1.34305,1.34305,1.34305,1.34305,0,1779625800.0,GBPUSD
56,2026-05-24 12:35:00,1.34305,1.34305,1.34305,1.34305,0,1779626100.0,GBPUSD
56,2026-05-24 12:40:00,1.34305,1.34305,1.34305,1.34305,0,1779626400.0,GBPUSD
56,2026-05-24 12:45:00,1.34305,1.34305,1.34305,1.34305,0,1779626700.0,GBPUSD
56,2026-05-24 12:50:00,1.34305,1.34305,1.34305,1.34305,0,1779627000.0,GBPUSD
56,2026-05-24 12:55:00,1.34305,1.34305,1.34305,1.34305,0,1779627300.0,GBPUSD
56,2026-05-24 13:00:00,1.34305,1.34305,1.34305,1.34305,0,1779627600.0,GBPUSD
56,2026-05-24 13:05:00,1.34305,1.34305,1.34305,1.34305,0,1779627900.0,GBPUSD
56,2026-05-24 13:10:00,1.34305,1.34305,1.34305,1.34305,0,1779628200.0,GBPUSD
56,2026-05-24 13:15:00,1.34305,1.34305,1.34305,1.34305,0,1779628500.0,GBPUSD
56,2026-05-24 13:20:00,1.34305,1.34305,1.34305,1.34305,0,1779628800.0,GBPUSD
56,2026-05-24 13:25:00,1.34305,1.34305,1.34305,1.34305,0,1779629100.0,GBPUSD
56,2026-05-24 13:30:00,1.34305,1.34305,1.34305,1.34305,0,1779629400.0,GBPUSD
56,2026-05-24 13:35:00,1.34305,1.34305,1.34305,1.34305,0,1779629700.0,GBPUSD
56,2026-05-24 13:40:00,1.34305,1.34305,1.34305,1.34305,0,1779630000.0,GBPUSD
56,2026-05-24 13:45:00,1.34305,1.34305,1.34305,1.34305,0,1779630300.0,GBPUSD
56,2026-05-24 13:50:00,1.34305,1.34305,1.34305,1.34305,0,1779630600.0,GBPUSD
56,2026-05-24 13:55:00,1.34305,1.34305,1.34305,1.34305,0,1779630900.0,GBPUSD
56,2026-05-24 14:00:00,1.34305,1.34305,1.34305,1.34305,0,1779631200.0,GBPUSD
56,2026-05-24 14:05:00,1.34305,1.34305,1.34305,1.34305,0,1779631500.0,GBPUSD
56,2026-05-24 14:10:00,1.34305,1.34305,1.34305,1.34305,0,1779631800.0,GBPUSD
56,2026-05-24 14:15:00,1.34305,1.34305,1.34305,1.34305,0,1779632100.0,GBPUSD
56,2026-05-24 14:20:00,1.34305,1.34305,1.34305,1.34305,0,1779632400.0,GBPUSD
56,2026-05-24 14:25:00,1.34305,1.34305,1.34305,1.34305,0,1779632700.0,GBPUSD
56,2026-05-24 14:30:00,1.34305,1.34305,1.34305,1.34305,0,1779633000.0,GBPUSD
56,2026-05-24 14:35:00,1.34305,1.34305,1.34305,1.34305,0,1779633300.0,GBPUSD
56,2026-05-24 14:40:00,1.34305,1.34305,1.34305,1.34305,0,1779633600.0,GBPUSD
56,2026-05-24 14:45:00,1.34305,1.34305,1.34305,1.34305,0,1779633900.0,GBPUSD
56,2026-05-24 14:50:00,1.34305,1.34305,1.34305,1.34305,0,1779634200.0,GBPUSD
56,2026-05-24 14:55:00,1.34305,1.34305,1.34305,1.34305,0,1779634500.0,GBPUSD
56,2026-05-24 15:00:00,1.34305,1.34305,1.34305,1.34305,0,1779634800.0,GBPUSD
56,2026-05-24 15:05:00,1.34305,1.34305,1.34305,1.34305,0,1779635100.0,GBPUSD
56,2026-05-24 15:10:00,1.34305,1.34305,1.34305,1.34305,0,1779635400.0,GBPUSD
56,2026-05-24 15:15:00,1.34305,1.34305,1.34305,1.34305,0,1779635700.0,GBPUSD
56,2026-05-24 15:20:00,1.34305,1.34305,1.34305,1.34305,0,1779636000.0,GBPUSD
56,2026-05-24 15:25:00,1.34305,1.34305,1.34305,1.34305,0,1779636300.0,GBPUSD
56,2026-05-24 15:30:00,1.34305,1.34305,1.34305,1.34305,0,1779636600.0,GBPUSD
56,2026-05-24 15:35:00,1.34305,1.34305,1.34305,1.34305,0,1779636900.0,GBPUSD
56,2026-05-24 15:40:00,1.34305,1.34305,1.34305,1.34305,0,1779637200.0,GBPUSD
56,2026-05-24 15:45:00,1.34305,1.34305,1.34305,1.34305,0,1779637500.0,GBPUSD
56,2026-05-24 15:50:00,1.34305,1.34305,1.34305,1.34305,0,1779637800.0,GBPUSD
56,2026-05-24 15:55:00,1.34305,1.34305,1.34305,1.34305,0,1779638100.0,GBPUSD
56,2026-05-24 16:00:00,1.34305,1.34305,1.34305,1.34305,0,1779638400.0,GBPUSD
56,2026-05-24 16:05:00,1.34305,1.34305,1.34305,1.34305,0,1779638700.0,GBPUSD
56,2026-05-24 16:10:00,1.34305,1.34305,1.34305,1.34305,0,1779639000.0,GBPUSD
56,2026-05-24 16:15:00,1.34305,1.34305,1.34305,1.34305,0,1779639300.0,GBPUSD
56,2026-05-24 16:20:00,1.34305,1.34305,1.34305,1.34305,0,1779639600.0,GBPUSD
56,2026-05-24 16:25:00,1.34305,1.34305,1.34305,1.34305,0,1779639900.0,GBPUSD
56,2026-05-24 16:30:00,1.34305,1.34305,1.34305,1.34305,0,1779640200.0,GBPUSD
56,2026-05-24 16:35:00,1.34305,1.34305,1.34305,1.34305,0,1779640500.0,GBPUSD
56,2026-05-24 16:40:00,1.34305,1.34305,1.34305,1.34305,0,1779640800.0,GBPUSD
56,2026-05-24 16:45:00,1.34305,1.34305,1.34305,1.34305,0,1779641100.0,GBPUSD
56,2026-05-24 16:50:00,1.34305,1.34305,1.34305,1.34305,0,1779641400.0,GBPUSD
56,2026-05-24 16:55:00,1.34305,1.34305,1.34305,1.34305,0,1779641700.0,GBPUSD
56,2026-05-24 17:00:00,1.34305,1.34305,1.34305,1.34305,0,1779642000.0,GBPUSD
56,2026-05-24 17:05:00,1.34305,1.34305,1.34305,1.34305,0,1779642300.0,GBPUSD
56,2026-05-24 17:10:00,1.34305,1.34305,1.34305,1.34305,0,1779642600.0,GBPUSD
56,2026-05-24 17:15:00,1.34305,1.34305,1.34305,1.34305,0,1779642900.0,GBPUSD
56,2026-05-24 17:20:00,1.34305,1.34305,1.34305,1.34305,0,1779643200.0,GBPUSD
56,2026-05-24 17:25:00,1.34305,1.34305,1.34305,1.34305,0,1779643500.0,GBPUSD
56,2026-05-24 17:30:00,1.34305,1.34305,1.34305,1.34305,0,1779643800.0,GBPUSD
56,2026-05-24 17:35:00,1.34305,1.34305,1.34305,1.34305,0,1779644100.0,GBPUSD
56,2026-05-24 17:40:00,1.34305,1.34305,1.34305,1.34305,0,1779644400.0,GBPUSD
56,2026-05-24 17:45:00,1.34305,1.34305,1.34305,1.34305,0,1779644700.0,GBPUSD
56,2026-05-24 17:50:00,1.34305,1.34305,1.34305,1.34305,0,1779645000.0,GBPUSD
56,2026-05-24 17:55:00,1.34305,1.34305,1.34305,1.34305,0,1779645300.0,GBPUSD
56,2026-05-24 18:00:00,1.34305,1.34305,1.34305,1.34305,0,1779645600.0,GBPUSD
56,2026-05-24 18:05:00,1.34305,1.34305,1.34305,1.34305,0,1779645900.0,GBPUSD
56,2026-05-24 18:10:00,1.34305,1.34305,1.34305,1.34305,0,1779646200.0,GBPUSD
56,2026-05-24 18:15:00,1.34305,1.34305,1.34305,1.34305,0,1779646500.0,GBPUSD
56,2026-05-24 18:20:00,1.34305,1.34305,1.34305,1.34305,0,1779646800.0,GBPUSD
56,2026-05-24 18:25:00,1.34305,1.34305,1.34305,1.34305,0,1779647100.0,GBPUSD
56,2026-05-24 18:30:00,1.34305,1.34305,1.34305,1.34305,0,1779647400.0,GBPUSD
56,2026-05-24 18:35:00,1.34305,1.34305,1.34305,1.34305,0,1779647700.0,GBPUSD
56,2026-05-24 18:40:00,1.34305,1.34305,1.34305,1.34305,0,1779648000.0,GBPUSD
56,2026-05-24 18:45:00,1.34305,1.34305,1.34305,1.34305,0,1779648300.0,GBPUSD
56,2026-05-24 18:50:00,1.34305,1.34305,1.34305,1.34305,0,1779648600.0,GBPUSD
56,2026-05-24 18:55:00,1.34305,1.34305,1.34305,1.34305,0,1779648900.0,GBPUSD
56,2026-05-24 19:00:00,1.34305,1.34305,1.34305,1.34305,0,1779649200.0,GBPUSD
56,2026-05-24 19:05:00,1.34305,1.34305,1.34305,1.34305,0,1779649500.0,GBPUSD
56,2026-05-24 19:10:00,1.34305,1.34305,1.34305,1.34305,0,1779649800.0,GBPUSD
56,2026-05-24 19:15:00,1.34305,1.34305,1.34305,1.34305,0,1779650100.0,GBPUSD
56,2026-05-24 19:20:00,1.34305,1.34305,1.34305,1.34305,0,1779650400.0,GBPUSD
56,2026-05-24 19:25:00,1.34305,1.34305,1.34305,1.34305,0,1779650700.0,GBPUSD
56,2026-05-24 19:30:00,1.34305,1.34305,1.34305,1.34305,0,1779651000.0,GBPUSD
56,2026-05-24 19:35:00,1.34305,1.34305,1.34305,1.34305,0,1779651300.0,GBPUSD
56,2026-05-24 19:40:00,1.34305,1.34305,1.34305,1.34305,0,1779651600.0,GBPUSD
56,2026-05-24 19:45:00,1.34305,1.34305,1.34305,1.34305,0,1779651900.0,GBPUSD
56,2026-05-24 19:50:00,1.34305,1.34305,1.34305,1.34305,0,1779652200.0,GBPUSD
56,2026-05-24 19:55:00,1.34305,1.34305,1.34305,1.34305,0,1779652500.0,GBPUSD
56,2026-05-24 20:00:00,1.34305,1.3467,1.3467,1.34305,289,1779653099.039,GBPUSD
56,2026-05-24 20:05:00,1.3467,1.3467,1.3467,1.3467,300,1779653399.035,GBPUSD
56,2026-05-24 20:10:00,1.3467,1.3467,1.3467,1.3467,242,1779653699.0,GBPUSD
56,2026-05-24 20:15:00,1.3467,1.34645,1.3467,1.34645,297,1779653999.094,GBPUSD
56,2026-05-24 20:20:00,1.34645,1.34645,1.34645,1.34645,300,1779654299.014,GBPUSD
56,2026-05-24 20:25:00,1.34645,1.34645,1.34645,1.34645,263,1779654599.009,GBPUSD
56,2026-05-24 20:30:00,1.34645,1.34645,1.34645,1.34645,288,1779654899.014,GBPUSD
56,2026-05-24 20:35:00,1.34645,1.34595,1.34645,1.34595,300,1779655199.015,GBPUSD
56,2026-05-24 20:40:00,1.34595,1.34595,1.34645,1.34575,302,1779655499.037,GBPUSD
56,2026-05-24 20:45:00,1.34595,1.34595,1.34595,1.34595,268,1779655799.024,GBPUSD
56,2026-05-24 20:50:00,1.34595,1.34595,1.34595,1.34595,294,1779656099.037,GBPUSD
56,2026-05-24 20:55:00,1.34595,1.34595,1.34595,1.34595,300,1779656399.018,GBPUSD
56,2026-05-24 21:00:00,1.34595,1.34595,1.34595,1.34595,262,1779656699.021,GBPUSD
56,2026-05-24 21:05:00,1.34595,1.34558,1.34596,1.34557,306,1779656999.036,GBPUSD
56,2026-05-24 21:10:00,1.34558,1.34553,1.34558,1.34468,320,1779657299.022,GBPUSD
56,2026-05-24 21:15:00,1.34553,1.34569,1.3457,1.34543,280,1779657598.035,GBPUSD
56,2026-05-24 21:20:00,1.34569,1.34593,1.34611,1.34536,348,1779657899.001,GBPUSD
56,2026-05-24 21:25:00,1.34593,1.34591,1.34599,1.34588,335,1779658199.009,GBPUSD
56,2026-05-24 21:30:00,1.34591,1.34554,1.3461,1.34554,314,1779658499.01,GBPUSD
56,2026-05-24 21:35:00,1.34554,1.34552,1.34556,1.34547,290,1779658799.013,GBPUSD
56,2026-05-24 21:40:00,1.34552,1.34526,1.34552,1.34518,358,1779659099.025,GBPUSD
56,2026-05-24 21:45:00,1.34526,1.34533,1.34559,1.34524,335,1779659399.019,GBPUSD
56,2026-05-24 21:50:00,1.34533,1.34549,1.34559,1.34533,291,1779659699.026,GBPUSD
56,2026-05-24 21:55:00,1.34549,1.34562,1.34584,1.3454,322,1779659999.031,GBPUSD
56,2026-05-24 22:00:00,1.34562,1.34755,1.34759,1.34559,689,1779660299.02,GBPUSD
56,2026-05-24 22:05:00,1.34755,1.34781,1.34781,1.3474,561,1779660599.01,GBPUSD
56,2026-05-24 22:10:00,1.34781,1.34769,1.34784,1.34759,439,1779660899.021,GBPUSD
56,2026-05-24 22:15:00,1.34769,1.34765,1.34783,1.34754,436,1779661199.094,GBPUSD
56,2026-05-24 22:20:00,1.34766,1.34781,1.3479,1.3476,434,1779661499.094,GBPUSD
56,2026-05-24 22:25:00,1.34781,1.34831,1.34844,1.3478,534,1779661799.029,GBPUSD
56,2026-05-24 22:30:00,1.34831,1.3483,1.34862,1.34828,565,1779662099.095,GBPUSD
56,2026-05-24 22:35:00,1.3483,1.34829,1.34841,1.34808,541,1779662399.594,GBPUSD
56,2026-05-24 22:40:00,1.34829,1.34822,1.3483,1.3481,445,1779662699.596,GBPUSD
56,2026-05-24 22:45:00,1.34822,1.34831,1.34841,1.3482,443,1779662999.104,GBPUSD
56,2026-05-24 22:50:00,1.34831,1.34809,1.34833,1.34803,444,1779663299.094,GBPUSD
56,2026-05-24 22:55:00,1.34809,1.34841,1.34842,1.34808,427,1779663599.002,GBPUSD
56,2026-05-24 23:00:00,1.34841,1.34879,1.3488,1.3484,447,1779663899.093,GBPUSD
56,2026-05-24 23:05:00,1.34879,1.34879,1.34883,1.34869,400,1779664199.194,GBPUSD
56,2026-05-24 23:10:00,1.34879,1.34868,1.34882,1.34867,383,1779664499.094,GBPUSD
56,2026-05-24 23:15:00,1.34868,1.34861,1.34875,1.34858,360,1779664799.016,GBPUSD
56,2026-05-24 23:20:00,1.34861,1.34865,1.34872,1.34859,399,1779665099.039,GBPUSD
56,2026-05-24 23:25:00,1.34865,1.34843,1.34865,1.34841,406,1779665399.017,GBPUSD
56,2026-05-24 23:30:00,1.34843,1.34845,1.34857,1.34832,417,1779665698.04,GBPUSD
56,2026-05-24 23:35:00,1.34845,1.34858,1.34859,1.34839,434,1779665999.517,GBPUSD
56,2026-05-24 23:40:00,1.34858,1.34848,1.3486,1.34848,433,1779666299.094,GBPUSD
56,2026-05-24 23:45:00,1.34848,1.34842,1.34857,1.34838,476,1779666599.035,GBPUSD
56,2026-05-24 23:50:00,1.34842,1.3483,1.34842,1.34818,518,1779666899.038,GBPUSD
56,2026-05-24 23:55:00,1.3483,1.3481,1.34832,1.34807,488,1779667199.994,GBPUSD
56,2026-05-25 00:00:00,1.3481,1.3479,1.3482,1.34788,641,1779667499.034,GBPUSD
56,2026-05-25 00:05:00,1.3479,1.34804,1.34814,1.34788,465,1779667799.017,GBPUSD
56,2026-05-25 00:10:00,1.34804,1.34803,1.3482,1.34797,549,1779668099.014,GBPUSD
56,2026-05-25 00:15:00,1.34803,1.34821,1.34821,1.34788,595,1779668399.0,GBPUSD
56,2026-05-25 00:20:00,1.34821,1.34824,1.34828,1.34803,554,1779668699.018,GBPUSD
56,2026-05-25 00:25:00,1.34824,1.34817,1.34824,1.34787,503,1779668999.042,GBPUSD
56,2026-05-25 00:30:00,1.34817,1.34801,1.3483,1.348,456,1779669299.037,GBPUSD
56,2026-05-25 00:35:00,1.34801,1.34788,1.34808,1.34783,464,1779669599.694,GBPUSD
56,2026-05-25 00:40:00,1.34788,1.34779,1.34789,1.34769,448,1779669898.024,GBPUSD
56,2026-05-25 00:45:00,1.34779,1.34859,1.34882,1.34778,581,1779670199.094,GBPUSD
56,2026-05-25 00:50:00,1.34859,1.34869,1.34882,1.3485,619,1779670499.802,GBPUSD
56,2026-05-25 00:55:00,1.34869,1.3479,1.34877,1.34773,890,1779670799.017,GBPUSD
56,2026-05-25 01:00:00,1.3479,1.34813,1.3483,1.34781,877,1779671099.095,GBPUSD
56,2026-05-25 01:05:00,1.34813,1.34797,1.34832,1.34781,521,1779671399.093,GBPUSD
56,2026-05-25 01:10:00,1.34797,1.34869,1.34871,1.34774,625,1779671699.009,GBPUSD
56,2026-05-25 01:15:00,1.34869,1.3488,1.34881,1.34862,548,1779671999.041,GBPUSD
56,2026-05-25 01:20:00,1.3488,1.34875,1.34886,1.34869,449,1779672299.804,GBPUSD
56,2026-05-25 01:25:00,1.34875,1.34899,1.34903,1.34866,510,1779672599.042,GBPUSD
56,2026-05-25 01:30:00,1.34899,1.34832,1.34905,1.34818,746,1779672899.623,GBPUSD
56,2026-05-25 01:35:00,1.34832,1.34869,1.34874,1.34832,445,1779673199.033,GBPUSD
56,2026-05-25 01:40:00,1.34869,1.34835,1.34871,1.3483,490,1779673499.039,GBPUSD
56,2026-05-25 01:45:00,1.34835,1.3483,1.34852,1.34825,557,1779673799.01,GBPUSD
56,2026-05-25 01:50:00,1.3483,1.34814,1.3483,1.34808,449,1779674099.002,GBPUSD
56,2026-05-25 01:55:00,1.34814,1.348,1.3482,1.34791,553,1779674399.095,GBPUSD
56,2026-05-25 02:00:00,1.348,1.34808,1.34815,1.34799,431,1779674699.495,GBPUSD
56,2026-05-25 02:05:00,1.34808,1.34828,1.34837,1.34808,485,1779674999.041,GBPUSD
56,2026-05-25 02:10:00,1.34828,1.34797,1.3483,1.34796,449,1779675299.008,GBPUSD
56,2026-05-25 02:15:00,1.34797,1.348,1.34804,1.34789,456,1779675599.425,GBPUSD
56,2026-05-25 02:20:00,1.348,1.34811,1.34815,1.34797,453,1779675899.024,GBPUSD
56,2026-05-25 02:25:00,1.34811,1.34812,1.34818,1.34797,461,1779676199.014,GBPUSD
56,2026-05-25 02:30:00,1.34812,1.34808,1.34814,1.34799,396,1779676499.023,GBPUSD
56,2026-05-25 02:35:00,1.34808,1.34807,1.34818,1.34807,432,1779676799.195,GBPUSD
56,2026-05-25 02:40:00,1.34807,1.34805,1.34808,1.34787,434,1779677099.005,GBPUSD
56,2026-05-25 02:45:00,1.34805,1.34797,1.34809,1.34788,445,1779677399.045,GBPUSD
56,2026-05-25 02:50:00,1.34797,1.34777,1.34798,1.34777,418,1779677699.014,GBPUSD
56,2026-05-25 02:55:00,1.34777,1.34769,1.34779,1.34756,498,1779677999.025,GBPUSD
56,2026-05-25 03:00:00,1.34769,1.34756,1.34791,1.34743,523,1779678298.094,GBPUSD
56,2026-05-25 03:05:00,1.34757,1.34757,1.34761,1.34743,449,1779678599.001,GBPUSD
56,2026-05-25 03:10:00,1.34757,1.3476,1.34767,1.34755,450,1779678899.023,GBPUSD
56,2026-05-25 03:15:00,1.3476,1.34759,1.34762,1.34749,487,1779679199.045,GBPUSD
56,2026-05-25 03:20:00,1.34759,1.34767,1.34787,1.34759,488,1779679499.841,GBPUSD
56,2026-05-25 03:25:00,1.34767,1.34766,1.34774,1.34759,469,1779679799.433,GBPUSD
56,2026-05-25 03:30:00,1.34767,1.34774,1.3478,1.34763,470,1779680099.096,GBPUSD
56,2026-05-25 03:35:00,1.34774,1.34771,1.34796,1.34767,548,1779680399.017,GBPUSD
56,2026-05-25 03:40:00,1.34771,1.34764,1.34779,1.34761,426,1779680699.395,GBPUSD
56,2026-05-25 03:45:00,1.34764,1.34756,1.34764,1.3475,455,1779680999.093,GBPUSD
56,2026-05-25 03:50:00,1.34756,1.34749,1.3476,1.34745,452,1779681299.693,GBPUSD
56,2026-05-25 03:55:00,1.34749,1.34752,1.3476,1.34745,523,1779681599.693,GBPUSD
56,2026-05-25 04:00:00,1.34752,1.34763,1.34764,1.34747,481,1779681899.939,GBPUSD
56,2026-05-25 04:05:00,1.34763,1.34749,1.34766,1.34747,452,1779682199.029,GBPUSD
56,2026-05-25 04:10:00,1.34749,1.3475,1.34759,1.34749,448,1779682499.005,GBPUSD
56,2026-05-25 04:15:00,1.3475,1.34749,1.34753,1.34747,357,1779682799.0,GBPUSD
56,2026-05-25 04:20:00,1.34749,1.34751,1.34761,1.34747,436,1779683099.094,GBPUSD
56,2026-05-25 04:25:00,1.34751,1.34767,1.34769,1.3475,425,1779683399.024,GBPUSD
56,2026-05-25 04:30:00,1.34767,1.3479,1.3479,1.34767,445,1779683699.016,GBPUSD
56,2026-05-25 04:35:00,1.3479,1.34791,1.34803,1.34778,377,1779683999.003,GBPUSD
56,2026-05-25 04:40:00,1.34791,1.3481,1.34811,1.3479,372,1779684299.008,GBPUSD
56,2026-05-25 04:45:00,1.3481,1.34821,1.34831,1.34809,400,1779684599.037,GBPUSD
56,2026-05-25 04:50:00,1.34821,1.34842,1.34843,1.34818,449,1779684899.095,GBPUSD
56,2026-05-25 04:55:00,1.34842,1.34832,1.34857,1.34831,428,1779685199.022,GBPUSD
56,2026-05-25 05:00:00,1.34832,1.34842,1.34852,1.3483,487,1779685499.031,GBPUSD
56,2026-05-25 05:05:00,1.34842,1.34859,1.34872,1.34841,471,1779685799.195,GBPUSD
56,2026-05-25 05:10:00,1.34859,1.34862,1.3489,1.34855,603,1779686099.019,GBPUSD
56,2026-05-25 05:15:00,1.34862,1.34859,1.34873,1.34858,425,1779686399.002,GBPUSD
56,2026-05-25 05:20:00,1.34859,1.34857,1.34863,1.34855,448,1779686699.003,GBPUSD
56,2026-05-25 05:25:00,1.34857,1.34867,1.3487,1.34854,438,1779686999.037,GBPUSD
56,2026-05-25 05:30:00,1.34868,1.34871,1.3488,1.34855,468,1779687299.004,GBPUSD
56,2026-05-25 05:35:00,1.34871,1.34878,1.34882,1.34863,393,1779687599.929,GBPUSD
56,2026-05-25 05:40:00,1.34878,1.34871,1.34879,1.34857,516,1779687899.03,GBPUSD
56,2026-05-25 05:45:00,1.34871,1.34857,1.34882,1.34855,445,1779688199.008,GBPUSD
56,2026-05-25 05:50:00,1.34857,1.34862,1.34863,1.34854,470,1779688499.095,GBPUSD
56,2026-05-25 05:55:00,1.34862,1.34823,1.34862,1.34813,542,1779688799.995,GBPUSD
56,2026-05-25 06:00:00,1.34823,1.3481,1.34831,1.34803,597,1779689099.037,GBPUSD
56,2026-05-25 06:05:00,1.3481,1.3481,1.34823,1.34801,464,1779689399.095,GBPUSD
56,2026-05-25 06:10:00,1.3481,1.34835,1.34841,1.3481,441,1779689699.016,GBPUSD
56,2026-05-25 06:15:00,1.34835,1.34807,1.34835,1.34804,493,1779689999.041,GBPUSD
56,2026-05-25 06:20:00,1.34807,1.34821,1.34824,1.34786,508,1779690299.017,GBPUSD
56,2026-05-25 06:25:00,1.34821,1.34804,1.34831,1.34801,521,1779690599.094,GBPUSD
56,2026-05-25 06:30:00,1.34804,1.34831,1.34831,1.34789,574,1779690899.017,GBPUSD
56,2026-05-25 06:35:00,1.34832,1.34842,1.34852,1.34829,496,1779691199.012,GBPUSD
56,2026-05-25 06:40:00,1.34842,1.34817,1.34842,1.34814,491,1779691499.039,GBPUSD
56,2026-05-25 06:45:00,1.34817,1.34844,1.34851,1.34817,450,1779691799.035,GBPUSD
56,2026-05-25 06:50:00,1.34844,1.34862,1.34873,1.34842,527,1779692099.033,GBPUSD
56,2026-05-25 06:55:00,1.34862,1.34861,1.34872,1.34841,614,1779692399.025,GBPUSD
56,2026-05-25 07:00:00,1.34861,1.34847,1.34865,1.34841,728,1779692699.629,GBPUSD
56,2026-05-25 07:05:00,1.34847,1.3481,1.34847,1.34788,728,1779692999.094,GBPUSD
56,2026-05-25 07:10:00,1.3481,1.34823,1.34832,1.34789,572,1779693299.095,GBPUSD
56,2026-05-25 07:15:00,1.34823,1.34722,1.34823,1.34708,945,1779693599.022,GBPUSD
56,2026-05-25 07:20:00,1.34722,1.34748,1.34754,1.34709,779,1779693899.322,GBPUSD
56,2026-05-25 07:25:00,1.34748,1.3474,1.34752,1.34732,564,1779694199.034,GBPUSD
56,2026-05-25 07:30:00,1.3474,1.34762,1.34801,1.34737,890,1779694499.04,GBPUSD
56,2026-05-25 07:35:00,1.34762,1.34769,1.34783,1.34761,558,1779694799.041,GBPUSD
56,2026-05-25 07:40:00,1.34769,1.34769,1.34787,1.34766,563,1779695099.595,GBPUSD
56,2026-05-25 07:45:00,1.34769,1.34788,1.3479,1.34754,500,1779695399.196,GBPUSD
56,2026-05-25 07:50:00,1.34788,1.34788,1.34801,1.34779,457,1779695698.094,GBPUSD
56,2026-05-25 07:55:00,1.34788,1.34846,1.34849,1.34786,627,1779695999.994,GBPUSD
56,2026-05-25 08:00:00,1.34846,1.34813,1.34852,1.34787,709,1779696299.096,GBPUSD
56,2026-05-25 08:05:00,1.34813,1.34881,1.34882,1.3481,588,1779696599.094,GBPUSD
56,2026-05-25 08:10:00,1.34881,1.34871,1.34899,1.34865,444,1779696899.043,GBPUSD
56,2026-05-25 08:15:00,1.34871,1.34878,1.34879,1.34864,419,1779697199.009,GBPUSD
56,2026-05-25 08:20:00,1.34878,1.34871,1.34888,1.34865,441,1779697499.018,GBPUSD
56,2026-05-25 08:25:00,1.34871,1.34878,1.34882,1.34868,475,1779697799.017,GBPUSD
56,2026-05-25 08:30:00,1.34878,1.34903,1.34906,1.34875,420,1779698099.023,GBPUSD
56,2026-05-25 08:35:00,1.34903,1.34889,1.3491,1.34878,489,1779698399.437,GBPUSD
56,2026-05-25 08:40:00,1.34889,1.34871,1.34898,1.34867,504,1779698699.038,GBPUSD
56,2026-05-25 08:45:00,1.34871,1.34902,1.34908,1.34868,400,1779698999.043,GBPUSD
56,2026-05-25 08:50:00,1.34902,1.349,1.34903,1.34882,463,1779699299.007,GBPUSD
56,2026-05-25 08:55:00,1.349,1.34936,1.34939,1.34884,522,1779699599.11,GBPUSD
56,2026-05-25 09:00:00,1.34936,1.34939,1.34946,1.34925,461,1779699898.028,GBPUSD
56,2026-05-25 09:05:00,1.34939,1.34939,1.34957,1.3493,356,1779700199.019,GBPUSD
56,2026-05-25 09:10:00,1.34939,1.34929,1.34953,1.34926,407,1779700499.942,GBPUSD
56,2026-05-25 09:15:00,1.34928,1.34936,1.34942,1.34916,438,1779700799.009,GBPUSD
56,2026-05-25 09:20:00,1.34936,1.34932,1.34939,1.34926,382,1779701099.817,GBPUSD
56,2026-05-25 09:25:00,1.34932,1.34936,1.34952,1.3493,415,1779701399.025,GBPUSD
56,2026-05-25 09:30:00,1.34936,1.34943,1.3495,1.34933,435,1779701699.046,GBPUSD
56,2026-05-25 09:35:00,1.34943,1.34946,1.34949,1.34937,420,1779701999.03,GBPUSD
56,2026-05-25 09:40:00,1.34946,1.34957,1.34957,1.34946,362,1779702299.002,GBPUSD
56,2026-05-25 09:45:00,1.34957,1.34946,1.3496,1.34939,404,1779702599.095,GBPUSD
56,2026-05-25 09:50:00,1.34946,1.34942,1.34949,1.34937,396,1779702899.094,GBPUSD
56,2026-05-25 09:55:00,1.34942,1.34929,1.3495,1.34926,380,1779703199.799,GBPUSD
56,2026-05-25 10:00:00,1.34929,1.34938,1.34949,1.34926,476,1779703499.029,GBPUSD
56,2026-05-25 10:05:00,1.34938,1.34932,1.34941,1.3493,450,1779703799.025,GBPUSD
56,2026-05-25 10:10:00,1.34932,1.34916,1.34936,1.34913,450,1779704099.393,GBPUSD
56,2026-05-25 10:15:00,1.34916,1.3492,1.34937,1.34912,472,1779704399.019,GBPUSD
56,2026-05-25 10:20:00,1.3492,1.34903,1.3492,1.34899,475,1779704699.016,GBPUSD
56,2026-05-25 10:25:00,1.34903,1.34906,1.34918,1.34896,441,1779704999.037,GBPUSD
56,2026-05-25 10:30:00,1.34906,1.34901,1.3491,1.34896,427,1779705299.016,GBPUSD
56,2026-05-25 10:35:00,1.34901,1.34906,1.3491,1.34898,402,1779705599.094,GBPUSD
56,2026-05-25 10:40:00,1.34906,1.34921,1.34922,1.34902,444,1779705899.008,GBPUSD
56,2026-05-25 10:45:00,1.34921,1.34918,1.34929,1.34916,359,1779706199.093,GBPUSD
56,2026-05-25 10:50:00,1.34918,1.34906,1.34918,1.34901,346,1779706499.096,GBPUSD
56,2026-05-25 10:55:00,1.34906,1.34912,1.34914,1.34901,388,1779706799.037,GBPUSD
56,2026-05-25 11:00:00,1.34912,1.349,1.34913,1.34895,421,1779707099.022,GBPUSD
56,2026-05-25 11:05:00,1.349,1.34887,1.34901,1.34875,420,1779707399.032,GBPUSD
56,2026-05-25 11:10:00,1.34887,1.34908,1.34909,1.34887,512,1779707699.037,GBPUSD
56,2026-05-25 11:15:00,1.34908,1.34931,1.34933,1.34907,498,1779707999.019,GBPUSD
56,2026-05-25 11:20:00,1.34931,1.34948,1.34951,1.34928,452,1779708299.008,GBPUSD
56,2026-05-25 11:25:00,1.34948,1.34953,1.34955,1.34938,447,1779708599.028,GBPUSD
56,2026-05-25 11:30:00,1.34953,1.34971,1.34995,1.34952,668,1779708899.032,GBPUSD
56,2026-05-25 11:35:00,1.34971,1.35022,1.35023,1.34968,585,1779709199.814,GBPUSD
56,2026-05-25 11:40:00,1.35021,1.35041,1.35043,1.35021,602,1779709499.324,GBPUSD
56,2026-05-25 11:45:00,1.35041,1.35017,1.35061,1.35015,664,1779709799.096,GBPUSD
56,2026-05-25 11:50:00,1.35017,1.3503,1.35033,1.35013,626,1779710099.021,GBPUSD
56,2026-05-25 11:55:00,1.3503,1.34984,1.35033,1.34982,682,1779710399.394,GBPUSD
56,2026-05-25 12:00:00,1.34984,1.35007,1.35011,1.3497,665,1779710699.032,GBPUSD
56,2026-05-25 12:05:00,1.35007,1.34996,1.35011,1.3498,622,1779710999.033,GBPUSD
56,2026-05-25 12:10:00,1.34996,1.35008,1.3502,1.34994,577,1779711299.141,GBPUSD
56,2026-05-25 12:15:00,1.35008,1.35008,1.3502,1.35001,506,1779711599.726,GBPUSD
56,2026-05-25 12:20:00,1.35008,1.3501,1.35025,1.34991,658,1779711899.524,GBPUSD
56,2026-05-25 12:25:00,1.3501,1.34997,1.35015,1.34996,578,1779712199.094,GBPUSD
56,2026-05-25 12:30:00,1.34997,1.35058,1.35059,1.34997,640,1779712498.009,GBPUSD
56,2026-05-25 12:35:00,1.35058,1.35031,1.35058,1.35028,560,1779712799.017,GBPUSD
56,2026-05-25 12:40:00,1.35031,1.35052,1.35052,1.35029,583,1779713099.711,GBPUSD
56,2026-05-25 12:45:00,1.35051,1.35027,1.35067,1.35025,783,1779713399.021,GBPUSD
56,2026-05-25 12:50:00,1.35027,1.35017,1.35035,1.35008,632,1779713699.028,GBPUSD
56,2026-05-25 12:55:00,1.35017,1.35008,1.35021,1.35003,575,1779713999.894,GBPUSD
56,2026-05-25 13:00:00,1.35009,1.35018,1.35028,1.34998,657,1779714299.994,GBPUSD
56,2026-05-25 13:05:00,1.35018,1.35027,1.35031,1.35014,585,1779714599.03,GBPUSD
56,2026-05-25 13:10:00,1.35027,1.34997,1.35028,1.34986,534,1779714899.029,GBPUSD
56,2026-05-25 13:15:00,1.34997,1.34999,1.35002,1.34986,660,1779715199.096,GBPUSD
56,2026-05-25 13:20:00,1.34999,1.3501,1.35019,1.34997,586,1779715499.293,GBPUSD
56,2026-05-25 13:25:00,1.3501,1.35018,1.35023,1.35004,544,1779715799.032,GBPUSD
56,2026-05-25 13:30:00,1.35018,1.35032,1.35041,1.35015,594,1779716099.094,GBPUSD
56,2026-05-25 13:35:00,1.35032,1.3502,1.35034,1.35014,634,1779716399.293,GBPUSD
56,2026-05-25 13:40:00,1.35021,1.3499,1.35027,1.3499,630,1779716699.394,GBPUSD
56,2026-05-25 13:45:00,1.3499,1.34989,1.34993,1.34966,669,1779716999.093,GBPUSD
56,2026-05-25 13:50:00,1.34989,1.34981,1.35006,1.3498,575,1779717299.003,GBPUSD
56,2026-05-25 13:55:00,1.34981,1.3494,1.34984,1.3494,642,1779717599.808,GBPUSD
56,2026-05-25 14:00:00,1.3494,1.34972,1.34979,1.34929,624,1779717899.596,GBPUSD
56,2026-05-25 14:05:00,1.34972,1.34961,1.34973,1.34949,568,1779718199.027,GBPUSD
56,2026-05-25 14:10:00,1.34961,1.34941,1.34962,1.34928,535,1779718499.094,GBPUSD
56,2026-05-25 14:15:00,1.34941,1.34959,1.34959,1.3494,529,1779718799.04,GBPUSD
56,2026-05-25 14:20:00,1.34959,1.34981,1.34983,1.34959,476,1779719099.008,GBPUSD
56,2026-05-25 14:25:00,1.34981,1.34969,1.34984,1.34968,506,1779719399.194,GBPUSD
56,2026-05-25 14:30:00,1.34969,1.34964,1.3497,1.34949,532,1779719699.593,GBPUSD
56,2026-05-25 14:35:00,1.34964,1.34971,1.34976,1.3496,470,1779719999.993,GBPUSD
56,2026-05-25 14:40:00,1.34971,1.35007,1.35011,1.34966,612,1779720299.021,GBPUSD
56,2026-05-25 14:45:00,1.35007,1.35004,1.35019,1.34993,637,1779720599.037,GBPUSD
56,2026-05-25 14:50:00,1.35004,1.34986,1.35006,1.34979,541,1779720898.394,GBPUSD
56,2026-05-25 14:55:00,1.34986,1.35007,1.35021,1.34985,871,1779721199.794,GBPUSD
56,2026-05-25 15:00:00,1.35007,1.34984,1.35008,1.3497,957,1779721499.033,GBPUSD
56,2026-05-25 15:05:00,1.34984,1.3496,1.34993,1.3496,671,1779721799.045,GBPUSD
56,2026-05-25 15:10:00,1.3496,1.35001,1.35053,1.34959,1288,1779722099.494,GBPUSD
56,2026-05-25 15:15:00,1.35001,1.35021,1.35023,1.34989,730,1779722399.041,GBPUSD
56,2026-05-25 15:20:00,1.35021,1.3502,1.35034,1.3501,474,1779722699.4,GBPUSD
56,2026-05-25 15:25:00,1.3502,1.35027,1.35039,1.35014,548,1779722999.096,GBPUSD
56,2026-05-25 15:30:00,1.35027,1.35032,1.35032,1.35011,445,1779723299.01,GBPUSD
56,2026-05-25 15:35:00,1.35032,1.35037,1.35041,1.35027,486,1779723599.095,GBPUSD
56,2026-05-25 15:40:00,1.35037,1.35047,1.35051,1.35025,457,1779723899.033,GBPUSD
56,2026-05-25 15:45:00,1.35047,1.35021,1.35053,1.35019,406,1779724199.041,GBPUSD
56,2026-05-25 15:50:00,1.35021,1.35022,1.35034,1.35019,416,1779724499.294,GBPUSD
56,2026-05-25 15:55:00,1.35022,1.35018,1.35051,1.35018,457,1779724799.196,GBPUSD
56,2026-05-25 16:00:00,1.35018,1.35011,1.35022,1.34997,423,1779725099.04,GBPUSD
56,2026-05-25 16:05:00,1.35011,1.34998,1.35011,1.34997,397,1779725399.014,GBPUSD
56,2026-05-25 16:10:00,1.34998,1.35012,1.35013,1.34994,485,1779725699.094,GBPUSD
56,2026-05-25 16:15:00,1.35012,1.35001,1.35013,1.35,384,1779725999.023,GBPUSD
56,2026-05-25 16:20:00,1.35001,1.3501,1.35018,1.35,466,1779726299.896,GBPUSD
56,2026-05-25 16:25:00,1.3501,1.35003,1.35019,1.35,409,1779726599.022,GBPUSD
56,2026-05-25 16:30:00,1.35003,1.35004,1.35011,1.34998,555,1779726899.095,GBPUSD
56,2026-05-25 16:35:00,1.35004,1.34997,1.35017,1.34996,546,1779727199.096,GBPUSD
56,2026-05-25 16:40:00,1.34997,1.35013,1.35013,1.34993,493,1779727499.135,GBPUSD
56,2026-05-25 16:45:00,1.35013,1.35023,1.35025,1.35011,474,1779727799.021,GBPUSD
56,2026-05-25 16:50:00,1.35023,1.35017,1.35038,1.35012,579,1779728099.009,GBPUSD
56,2026-05-25 16:55:00,1.35017,1.3504,1.35051,1.35017,478,1779728399.694,GBPUSD
56,2026-05-25 17:00:00,1.3504,1.35041,1.35046,1.35038,394,1779728698.016,GBPUSD
56,2026-05-25 17:05:00,1.35041,1.3504,1.35042,1.35035,361,1779728999.02,GBPUSD
56,2026-05-25 17:10:00,1.3504,1.35045,1.35055,1.35038,363,1779729299.014,GBPUSD
56,2026-05-25 17:15:00,1.35045,1.35059,1.35062,1.35045,383,1779729599.022,GBPUSD
56,2026-05-25 17:20:00,1.35059,1.35059,1.35061,1.35051,385,1779729899.037,GBPUSD
56,2026-05-25 17:25:00,1.35059,1.35067,1.35068,1.35055,406,1779730199.03,GBPUSD
56,2026-05-25 17:30:00,1.35067,1.35067,1.35069,1.35064,359,1779730499.004,GBPUSD
56,2026-05-25 17:35:00,1.35067,1.35066,1.35067,1.35058,417,1779730799.094,GBPUSD
56,2026-05-25 17:40:00,1.35066,1.35068,1.35075,1.35065,382,1779731099.093,GBPUSD
56,2026-05-25 17:45:00,1.35068,1.3505,1.35068,1.35041,434,1779731399.095,GBPUSD
56,2026-05-25 17:50:00,1.3505,1.35058,1.35059,1.35047,393,1779731699.032,GBPUSD
56,2026-05-25 17:55:00,1.35058,1.35057,1.3506,1.35051,343,1779731999.012,GBPUSD
56,2026-05-25 18:00:00,1.35057,1.35052,1.35061,1.35049,372,1779732299.041,GBPUSD
56,2026-05-25 18:05:00,1.35052,1.35064,1.35068,1.35048,432,1779732599.014,GBPUSD
56,2026-05-25 18:10:00,1.35064,1.35066,1.35072,1.35062,476,1779732899.093,GBPUSD
56,2026-05-25 18:15:00,1.35066,1.3506,1.35069,1.35059,391,1779733199.037,GBPUSD
56,2026-05-25 18:20:00,1.3506,1.35057,1.35062,1.35053,401,1779733499.044,GBPUSD
56,2026-05-25 18:25:00,1.35057,1.35055,1.35061,1.35054,427,1779733799.042,GBPUSD
56,2026-05-25 18:30:00,1.35055,1.35057,1.3506,1.35053,407,1779734099.093,GBPUSD
56,2026-05-25 18:35:00,1.35058,1.3507,1.35072,1.35057,348,1779734399.015,GBPUSD
56,2026-05-25 18:40:00,1.3507,1.35055,1.35071,1.35051,388,1779734699.01,GBPUSD
56,2026-05-25 18:45:00,1.35055,1.35061,1.35064,1.35055,352,1779734999.037,GBPUSD
56,2026-05-25 18:50:00,1.35062,1.35064,1.35068,1.35061,385,1779735299.006,GBPUSD
56,2026-05-25 18:55:00,1.35064,1.35069,1.35072,1.35064,376,1779735599.995,GBPUSD
56,2026-05-25 19:00:00,1.3507,1.35068,1.35071,1.35066,325,1779735899.096,GBPUSD
56,2026-05-25 19:05:00,1.35068,1.35063,1.35069,1.35063,349,1779736199.095,GBPUSD
56,2026-05-25 19:10:00,1.35063,1.3506,1.35066,1.35058,399,1779736499.093,GBPUSD
56,2026-05-25 19:15:00,1.3506,1.35064,1.35065,1.35057,353,1779736798.039,GBPUSD
56,2026-05-25 19:20:00,1.35064,1.35068,1.35069,1.3506,399,1779737099.023,GBPUSD
56,2026-05-25 19:25:00,1.35068,1.35068,1.35073,1.35065,379,1779737399.027,GBPUSD
56,2026-05-25 19:30:00,1.35068,1.35062,1.35069,1.3506,405,1779737699.013,GBPUSD
56,2026-05-25 19:35:00,1.35062,1.35081,1.35091,1.35057,388,1779737999.094,GBPUSD
56,2026-05-25 19:40:00,1.35081,1.35085,1.35091,1.3508,406,1779738299.037,GBPUSD
56,2026-05-25 19:45:00,1.35085,1.35081,1.35086,1.35078,383,1779738599.096,GBPUSD
56,2026-05-25 19:50:00,1.35081,1.35074,1.35082,1.35071,407,1779738899.994,GBPUSD
56,2026-05-25 19:55:00,1.35075,1.3508,1.35089,1.35073,427,1779739199.008,GBPUSD
56,2026-05-25 20:00:00,1.3508,1.35081,1.35086,1.35079,417,1779739499.998,GBPUSD
56,2026-05-25 20:05:00,1.35081,1.35081,1.35081,1.35076,362,1779739799.032,GBPUSD
56,2026-05-25 20:10:00,1.35081,1.35081,1.35082,1.35078,306,1779740099.001,GBPUSD
56,2026-05-25 20:15:00,1.35081,1.35081,1.35085,1.35076,391,1779740399.035,GBPUSD
56,2026-05-25 20:20:00,1.35081,1.35071,1.35081,1.35068,402,1779740699.009,GBPUSD
56,2026-05-25 20:25:00,1.35071,1.35081,1.35081,1.35069,353,1779740999.026,GBPUSD
56,2026-05-25 20:30:00,1.35081,1.35081,1.35085,1.35077,392,1779741299.007,GBPUSD
56,2026-05-25 20:35:00,1.35081,1.3507,1.35081,1.35067,426,1779741599.094,GBPUSD
56,2026-05-25 20:40:00,1.3507,1.35069,1.35072,1.35057,406,1779741899.019,GBPUSD
56,2026-05-25 20:45:00,1.35069,1.35077,1.3508,1.35068,438,1779742199.033,GBPUSD
56,2026-05-25 20:50:00,1.35077,1.35073,1.35084,1.3507,356,1779742499.095,GBPUSD
56,2026-05-25 20:55:00,1.35073,1.35051,1.35077,1.35033,391,1779742799.694,GBPUSD
56,2026-05-25 21:00:00,1.35051,1.3505,1.35056,1.34963,290,1779743099.021,GBPUSD
56,2026-05-25 21:05:00,1.3505,1.35064,1.3507,1.35046,305,1779743399.004,GBPUSD
56,2026-05-25 21:10:00,1.35064,1.35051,1.35069,1.35035,333,1779743699.013,GBPUSD
56,2026-05-25 21:15:00,1.35051,1.35034,1.35051,1.35013,292,1779743999.021,GBPUSD
56,2026-05-25 21:20:00,1.35034,1.35026,1.35034,1.35021,350,1779744299.014,GBPUSD
56,2026-05-25 21:25:00,1.35026,1.35033,1.35034,1.35017,318,1779744599.039,GBPUSD
56,2026-05-25 21:30:00,1.35033,1.35015,1.35033,1.35015,319,1779744899.02,GBPUSD
56,2026-05-25 21:35:00,1.35015,1.35034,1.35057,1.35015,353,1779745199.018,GBPUSD
56,2026-05-25 21:40:00,1.35034,1.35023,1.35045,1.35021,344,1779745499.93,GBPUSD
56,2026-05-25 21:45:00,1.35023,1.35007,1.35023,1.34986,401,1779745799.042,GBPUSD
56,2026-05-25 21:50:00,1.35007,1.35009,1.35021,1.34995,358,1779746099.012,GBPUSD
56,2026-05-25 21:55:00,1.35009,1.35029,1.35039,1.35008,350,1779746399.002,GBPUSD
56,2026-05-25 22:00:00,1.35029,1.35006,1.35037,1.35005,443,1779746699.035,GBPUSD
56,2026-05-25 22:05:00,1.35006,1.35029,1.35032,1.35006,378,1779746999.022,GBPUSD
56,2026-05-25 22:10:00,1.35029,1.35041,1.35054,1.35026,397,1779747299.094,GBPUSD
56,2026-05-25 22:15:00,1.35041,1.3503,1.35042,1.35027,351,1779747599.093,GBPUSD
56,2026-05-25 22:20:00,1.3503,1.35038,1.35041,1.35028,361,1779747899.038,GBPUSD
56,2026-05-25 22:25:00,1.35038,1.35034,1.35041,1.35032,351,1779748199.793,GBPUSD
56,2026-05-25 22:30:00,1.35034,1.35031,1.35037,1.35025,404,1779748499.018,GBPUSD
56,2026-05-25 22:35:00,1.35031,1.35041,1.35041,1.35027,362,1779748799.008,GBPUSD
56,2026-05-25 22:40:00,1.35041,1.35051,1.35052,1.35038,331,1779749099.029,GBPUSD
56,2026-05-25 22:45:00,1.35051,1.3505,1.35052,1.35047,356,1779749399.007,GBPUSD
56,2026-05-25 22:50:00,1.3505,1.3505,1.35052,1.35047,353,1779749699.012,GBPUSD
56,2026-05-25 22:55:00,1.3505,1.35033,1.35051,1.35032,353,1779749999.04,GBPUSD
56,2026-05-25 23:00:00,1.35033,1.35048,1.35052,1.35033,424,1779750299.036,GBPUSD
56,2026-05-25 23:05:00,1.35048,1.35031,1.35052,1.3503,388,1779750599.02,GBPUSD
56,2026-05-25 23:10:00,1.35031,1.35037,1.3504,1.3503,293,1779750899.003,GBPUSD
56,2026-05-25 23:15:00,1.35037,1.35034,1.35042,1.35033,355,1779751199.808,GBPUSD
56,2026-05-25 23:20:00,1.35034,1.3502,1.3504,1.35012,367,1779751499.033,GBPUSD
56,2026-05-25 23:25:00,1.3502,1.35008,1.35024,1.35004,338,1779751799.035,GBPUSD
56,2026-05-25 23:30:00,1.35008,1.35,1.3501,1.34993,389,1779752099.095,GBPUSD
56,2026-05-25 23:35:00,1.35,1.34998,1.35004,1.34992,397,1779752399.003,GBPUSD
56,2026-05-25 23:40:00,1.34998,1.34983,1.35003,1.34978,384,1779752699.004,GBPUSD
56,2026-05-25 23:45:00,1.34983,1.3499,1.35023,1.34983,539,1779752999.094,GBPUSD
56,2026-05-25 23:50:00,1.3499,1.3497,1.34991,1.34958,505,1779753299.018,GBPUSD
56,2026-05-25 23:55:00,1.3497,1.34957,1.34983,1.34956,429,1779753599.018,GBPUSD
56,2026-05-26 00:00:00,1.34957,1.34963,1.34969,1.34928,919,1779753899.094,GBPUSD
56,2026-05-26 00:05:00,1.34963,1.34939,1.34969,1.34937,661,1779754199.026,GBPUSD
56,2026-05-26 00:10:00,1.34939,1.3493,1.34959,1.34926,654,1779754499.006,GBPUSD
56,2026-05-26 00:15:00,1.3493,1.34892,1.34943,1.34887,576,1779754799.495,GBPUSD
56,2026-05-26 00:20:00,1.34891,1.34902,1.34912,1.34882,635,1779755099.094,GBPUSD
56,2026-05-26 00:25:00,1.34902,1.34928,1.3493,1.34897,651,1779755399.094,GBPUSD
56,2026-05-26 00:30:00,1.34928,1.34924,1.34942,1.34912,618,1779755699.833,GBPUSD
56,2026-05-26 00:35:00,1.34924,1.34913,1.34933,1.34911,506,1779755999.724,GBPUSD
56,2026-05-26 00:40:00,1.34913,1.34918,1.34929,1.34908,533,1779756299.041,GBPUSD
56,2026-05-26 00:45:00,1.34918,1.34928,1.34936,1.34908,563,1779756598.016,GBPUSD
56,2026-05-26 00:50:00,1.34928,1.34926,1.34938,1.34925,464,1779756899.911,GBPUSD
56,2026-05-26 00:55:00,1.34926,1.34946,1.34956,1.34926,563,1779757199.031,GBPUSD
56,2026-05-26 01:00:00,1.34946,1.34922,1.34952,1.34917,726,1779757499.038,GBPUSD
56,2026-05-26 01:05:00,1.34922,1.34915,1.34923,1.34891,765,1779757799.002,GBPUSD
56,2026-05-26 01:10:00,1.34915,1.34938,1.34943,1.34908,637,1779758099.998,GBPUSD
56,2026-05-26 01:15:00,1.34939,1.34932,1.34943,1.34923,635,1779758399.005,GBPUSD
56,2026-05-26 01:20:00,1.34932,1.34922,1.34941,1.34903,667,1779758699.594,GBPUSD
56,2026-05-26 01:25:00,1.34922,1.34909,1.34922,1.34897,546,1779758999.01,GBPUSD
56,2026-05-26 01:30:00,1.34909,1.34889,1.34912,1.34885,642,1779759299.031,GBPUSD
56,2026-05-26 01:35:00,1.34889,1.34839,1.34892,1.34836,607,1779759599.994,GBPUSD
56,2026-05-26 01:40:00,1.3484,1.34842,1.34849,1.34826,631,1779759899.043,GBPUSD
56,2026-05-26 01:45:00,1.34842,1.34855,1.34861,1.34838,547,1779760199.994,GBPUSD
56,2026-05-26 01:50:00,1.34857,1.34868,1.34869,1.34851,538,1779760499.016,GBPUSD
56,2026-05-26 01:55:00,1.34868,1.34872,1.34878,1.34864,498,1779760799.494,GBPUSD
56,2026-05-26 02:00:00,1.34872,1.34873,1.34885,1.34866,516,1779761099.095,GBPUSD
56,2026-05-26 02:05:00,1.34873,1.34899,1.34903,1.34869,544,1779761399.795,GBPUSD
56,2026-05-26 02:10:00,1.34899,1.34868,1.34899,1.34865,502,1779761699.094,GBPUSD
56,2026-05-26 02:15:00,1.34868,1.34875,1.34882,1.34865,402,1779761999.03,GBPUSD
56,2026-05-26 02:20:00,1.34876,1.34875,1.34881,1.34861,501,1779762299.007,GBPUSD
56,2026-05-26 02:25:00,1.34875,1.34871,1.34885,1.34868,484,1779762599.694,GBPUSD
56,2026-05-26 02:30:00,1.34871,1.34878,1.34881,1.34868,471,1779762899.096,GBPUSD
56,2026-05-26 02:35:00,1.34878,1.34875,1.34882,1.34865,475,1779763199.094,GBPUSD
56,2026-05-26 02:40:00,1.34875,1.34845,1.34879,1.34844,473,1779763499.094,GBPUSD
56,2026-05-26 02:45:00,1.34845,1.34852,1.34861,1.34831,480,1779763799.03,GBPUSD
56,2026-05-26 02:50:00,1.34852,1.34854,1.34867,1.34849,412,1779764099.003,GBPUSD
56,2026-05-26 02:55:00,1.34854,1.34871,1.3488,1.34851,485,1779764399.014,GBPUSD
56,2026-05-26 03:00:00,1.34871,1.34869,1.34885,1.34868,435,1779764699.038,GBPUSD
56,2026-05-26 03:05:00,1.34869,1.34879,1.34889,1.34869,454,1779764999.095,GBPUSD
56,2026-05-26 03:10:00,1.34879,1.34883,1.34898,1.34875,409,1779765299.008,GBPUSD
56,2026-05-26 03:15:00,1.34883,1.34898,1.34901,1.34882,422,1779765599.014,GBPUSD
56,2026-05-26 03:20:00,1.34898,1.3491,1.34912,1.34898,388,1779765899.021,GBPUSD
56,2026-05-26 03:25:00,1.3491,1.3489,1.34922,1.34889,578,1779766199.02,GBPUSD
56,2026-05-26 03:30:00,1.3489,1.34888,1.34891,1.34885,405,1779766499.096,GBPUSD
56,2026-05-26 03:35:00,1.34888,1.34882,1.34897,1.34882,442,1779766799.029,GBPUSD
56,2026-05-26 03:40:00,1.34882,1.34882,1.3489,1.34877,410,1779767099.024,GBPUSD
56,2026-05-26 03:45:00,1.34882,1.34881,1.34888,1.34876,432,1779767399.011,GBPUSD
56,2026-05-26 03:50:00,1.34881,1.34879,1.34884,1.34869,440,1779767699.007,GBPUSD
56,2026-05-26 03:55:00,1.34879,1.34886,1.34889,1.34871,415,1779767999.023,GBPUSD
56,2026-05-26 04:00:00,1.34886,1.34862,1.34889,1.34861,416,1779768299.005,GBPUSD
56,2026-05-26 04:05:00,1.34862,1.34869,1.34871,1.34852,434,1779768599.008,GBPUSD
56,2026-05-26 04:10:00,1.34869,1.34889,1.34891,1.34868,458,1779768899.009,GBPUSD
56,2026-05-26 04:15:00,1.34889,1.34871,1.34889,1.34869,380,1779769198.094,GBPUSD
56,2026-05-26 04:20:00,1.34871,1.34868,1.34875,1.34864,370,1779769499.02,GBPUSD
56,2026-05-26 04:25:00,1.34868,1.34854,1.34868,1.34854,436,1779769799.041,GBPUSD
56,2026-05-26 04:30:00,1.34854,1.34865,1.3487,1.34847,413,1779770099.002,GBPUSD
56,2026-05-26 04:35:00,1.34865,1.34849,1.34868,1.34846,390,1779770399.002,GBPUSD
56,2026-05-26 04:40:00,1.34849,1.34847,1.34852,1.34841,423,1779770699.904,GBPUSD
56,2026-05-26 04:45:00,1.34847,1.3484,1.34847,1.34834,437,1779770999.31,GBPUSD
56,2026-05-26 04:50:00,1.34839,1.34837,1.34845,1.34823,400,1779771299.095,GBPUSD
56,2026-05-26 04:55:00,1.34837,1.34809,1.34838,1.34806,489,1779771599.094,GBPUSD
56,2026-05-26 05:00:00,1.34809,1.34794,1.34815,1.34787,532,1779771899.016,GBPUSD
56,2026-05-26 05:05:00,1.34794,1.34797,1.34811,1.34784,530,1779772199.094,GBPUSD
56,2026-05-26 05:10:00,1.34797,1.34787,1.34798,1.3478,475,1779772499.594,GBPUSD
56,2026-05-26 05:15:00,1.34787,1.34777,1.34796,1.34776,491,1779772799.034,GBPUSD
56,2026-05-26 05:20:00,1.34777,1.34777,1.34783,1.34775,475,1779773099.808,GBPUSD
56,2026-05-26 05:25:00,1.34777,1.34784,1.34788,1.34775,479,1779773399.202,GBPUSD
56,2026-05-26 05:30:00,1.34784,1.34781,1.34797,1.3478,455,1779773698.698,GBPUSD
56,2026-05-26 05:35:00,1.34781,1.34783,1.34795,1.34778,482,1779773999.037,GBPUSD
56,2026-05-26 05:40:00,1.34783,1.34777,1.34784,1.34768,443,1779774299.012,GBPUSD
56,2026-05-26 05:45:00,1.34777,1.34766,1.3478,1.34759,428,1779774599.396,GBPUSD
56,2026-05-26 05:50:00,1.34766,1.3476,1.34766,1.34754,434,1779774899.796,GBPUSD
56,2026-05-26 05:55:00,1.3476,1.34752,1.34762,1.34743,487,1779775199.029,GBPUSD
56,2026-05-26 06:00:00,1.34752,1.34743,1.34757,1.34737,615,1779775499.794,GBPUSD
56,2026-05-26 06:05:00,1.34743,1.34754,1.3476,1.3474,475,1779775799.0,GBPUSD
56,2026-05-26 06:10:00,1.34754,1.34767,1.34769,1.34752,438,1779776099.03,GBPUSD
56,2026-05-26 06:15:00,1.34767,1.34779,1.34782,1.34759,532,1779776399.324,GBPUSD
56,2026-05-26 06:20:00,1.3478,1.3481,1.3481,1.34776,509,1779776699.593,GBPUSD
56,2026-05-26 06:25:00,1.3481,1.34799,1.34851,1.34799,917,1779776999.934,GBPUSD
56,2026-05-26 06:30:00,1.34799,1.34781,1.34812,1.34752,802,1779777299.993,GBPUSD
56,2026-05-26 06:35:00,1.34781,1.34793,1.34806,1.34776,498,1779777599.006,GBPUSD
56,2026-05-26 06:40:00,1.34793,1.3479,1.34797,1.3476,528,1779777899.793,GBPUSD
56,2026-05-26 06:45:00,1.3479,1.34793,1.34797,1.34769,558,1779778199.022,GBPUSD
56,2026-05-26 06:50:00,1.34793,1.34787,1.34803,1.34781,523,1779778499.094,GBPUSD
56,2026-05-26 06:55:00,1.34787,1.34779,1.34793,1.34764,569,1779778799.895,GBPUSD
56,2026-05-26 07:00:00,1.34779,1.34702,1.34783,1.34696,905,1779779099.995,GBPUSD
56,2026-05-26 07:05:00,1.34702,1.34688,1.34742,1.34649,1191,1779779399.794,GBPUSD
56,2026-05-26 07:10:00,1.34688,1.34739,1.34741,1.34688,827,1779779699.024,GBPUSD
56,2026-05-26 07:15:00,1.34739,1.34719,1.3474,1.34691,735,1779779999.03,GBPUSD
56,2026-05-26 07:20:00,1.34719,1.34692,1.3474,1.34691,607,1779780299.04,GBPUSD
56,2026-05-26 07:25:00,1.34692,1.34712,1.34718,1.34676,539,1779780599.494,GBPUSD
56,2026-05-26 07:30:00,1.34712,1.34725,1.34774,1.34682,1030,1779780899.293,GBPUSD
56,2026-05-26 07:35:00,1.34725,1.34712,1.34725,1.34694,864,1779781199.412,GBPUSD
56,2026-05-26 07:40:00,1.34712,1.34708,1.34725,1.34699,628,1779781499.694,GBPUSD
56,2026-05-26 07:45:00,1.34708,1.34737,1.3474,1.34679,612,1779781799.594,GBPUSD
56,2026-05-26 07:50:00,1.34737,1.34712,1.34746,1.34709,653,1779782099.008,GBPUSD
56,2026-05-26 07:55:00,1.34712,1.34749,1.34757,1.34712,700,1779782399.095,GBPUSD
56,2026-05-26 08:00:00,1.34749,1.34756,1.34769,1.34717,961,1779782699.095,GBPUSD
56,2026-05-26 08:05:00,1.34756,1.34762,1.34771,1.34753,581,1779782999.012,GBPUSD
56,2026-05-26 08:10:00,1.34762,1.34763,1.3481,1.34756,717,1779783299.027,GBPUSD
56,2026-05-26 08:15:00,1.34763,1.34771,1.34781,1.3476,503,1779783599.018,GBPUSD
56,2026-05-26 08:20:00,1.34771,1.3479,1.34796,1.34767,492,1779783899.044,GBPUSD
56,2026-05-26 08:25:00,1.3479,1.34759,1.3479,1.34736,603,1779784199.025,GBPUSD
56,2026-05-26 08:30:00,1.34757,1.34759,1.34782,1.34742,710,1779784499.043,GBPUSD
56,2026-05-26 08:35:00,1.34757,1.34747,1.34772,1.34743,623,1779784799.002,GBPUSD
56,2026-05-26 08:40:00,1.34747,1.34728,1.34753,1.34722,521,1779785099.025,GBPUSD
56,2026-05-26 08:45:00,1.34728,1.34742,1.34745,1.3472,499,1779785399.018,GBPUSD
56,2026-05-26 08:50:00,1.34742,1.34781,1.34794,1.34736,540,1779785699.038,GBPUSD
56,2026-05-26 08:55:00,1.34781,1.3475,1.34783,1.34742,589,1779785999.602,GBPUSD
56,2026-05-26 09:00:00,1.3475,1.34742,1.34753,1.34723,703,1779786299.935,GBPUSD
56,2026-05-26 09:05:00,1.34742,1.34781,1.34782,1.3473,657,1779786599.995,GBPUSD
56,2026-05-26 09:10:00,1.3478,1.34779,1.34787,1.34769,502,1779786899.027,GBPUSD
56,2026-05-26 09:15:00,1.34779,1.34798,1.34814,1.34752,644,1779787199.995,GBPUSD
56,2026-05-26 09:20:00,1.34798,1.34788,1.34813,1.34767,620,1779787499.695,GBPUSD
56,2026-05-26 09:25:00,1.34788,1.34817,1.34821,1.34769,550,1779787799.011,GBPUSD
56,2026-05-26 09:30:00,1.34817,1.34828,1.34834,1.34807,598,1779788099.006,GBPUSD
56,2026-05-26 09:35:00,1.34828,1.34808,1.3483,1.348,463,1779788399.017,GBPUSD
56,2026-05-26 09:40:00,1.34808,1.34788,1.34821,1.34784,482,1779788699.494,GBPUSD
56,2026-05-26 09:45:00,1.34788,1.34817,1.34818,1.34786,474,1779788999.916,GBPUSD
56,2026-05-26 09:50:00,1.34817,1.34811,1.34818,1.3479,525,1779789299.012,GBPUSD
56,2026-05-26 09:55:00,1.34811,1.34838,1.34849,1.34811,670,1779789599.033,GBPUSD
56,2026-05-26 10:00:00,1.34838,1.3479,1.34838,1.34787,653,1779789899.095,GBPUSD
56,2026-05-26 10:05:00,1.3479,1.34816,1.3482,1.34777,579,1779790199.01,GBPUSD
56,2026-05-26 10:10:00,1.34816,1.34814,1.34823,1.3481,530,1779790499.395,GBPUSD
56,2026-05-26 10:15:00,1.34814,1.34821,1.34824,1.34804,496,1779790799.813,GBPUSD
56,2026-05-26 10:20:00,1.34821,1.34803,1.34824,1.34793,510,1779791099.028,GBPUSD
56,2026-05-26 10:25:00,1.34803,1.34832,1.34839,1.34801,616,1779791399.895,GBPUSD
56,2026-05-26 10:30:00,1.34832,1.34848,1.34864,1.34822,894,1779791699.03,GBPUSD
56,2026-05-26 10:35:00,1.34848,1.34815,1.34863,1.3481,643,1779791999.025,GBPUSD
56,2026-05-26 10:40:00,1.34815,1.34827,1.34837,1.34804,564,1779792299.047,GBPUSD
56,2026-05-26 10:45:00,1.34827,1.34832,1.34838,1.34815,487,1779792599.039,GBPUSD
56,2026-05-26 10:50:00,1.34832,1.34871,1.34875,1.34832,617,1779792899.016,GBPUSD
56,2026-05-26 10:55:00,1.34871,1.34848,1.34893,1.34848,613,1779793199.005,GBPUSD
56,2026-05-26 11:00:00,1.34848,1.34872,1.34882,1.3484,732,1779793499.006,GBPUSD
56,2026-05-26 11:05:00,1.34872,1.34883,1.34889,1.34869,640,1779793799.036,GBPUSD
56,2026-05-26 11:10:00,1.34883,1.34851,1.34895,1.34851,561,1779794099.034,GBPUSD
56,2026-05-26 11:15:00,1.34851,1.34858,1.34887,1.34844,699,1779794399.394,GBPUSD
56,2026-05-26 11:20:00,1.34858,1.34843,1.34859,1.3484,595,1779794699.94,GBPUSD
56,2026-05-26 11:25:00,1.34843,1.3481,1.34845,1.34808,633,1779794999.995,GBPUSD
56,2026-05-26 11:30:00,1.3481,1.34795,1.34823,1.34781,847,1779795299.833,GBPUSD
56,2026-05-26 11:35:00,1.34795,1.34767,1.34808,1.34749,1008,1779795599.694,GBPUSD
56,2026-05-26 11:40:00,1.34767,1.34696,1.34769,1.34695,794,1779795899.801,GBPUSD
56,2026-05-26 11:45:00,1.34696,1.34698,1.34711,1.34686,836,1779796199.895,GBPUSD
56,2026-05-26 11:50:00,1.34698,1.34695,1.3471,1.34687,617,1779796499.045,GBPUSD
56,2026-05-26 11:55:00,1.34695,1.34693,1.34703,1.34685,766,1779796799.801,GBPUSD
56,2026-05-26 12:00:00,1.34693,1.34691,1.34696,1.34668,822,1779797099.026,GBPUSD
56,2026-05-26 12:05:00,1.34691,1.34693,1.34702,1.34658,881,1779797399.908,GBPUSD
56,2026-05-26 12:10:00,1.34692,1.34691,1.34716,1.34677,774,1779797699.294,GBPUSD
56,2026-05-26 12:15:00,1.34691,1.3472,1.34728,1.34685,757,1779797999.295,GBPUSD
56,2026-05-26 12:20:00,1.3472,1.34729,1.34751,1.34718,615,1779798299.994,GBPUSD
56,2026-05-26 12:25:00,1.34729,1.34742,1.34749,1.34725,645,1779798599.824,GBPUSD
56,2026-05-26 12:30:00,1.34742,1.34742,1.34743,1.34722,634,1779798899.095,GBPUSD
56,2026-05-26 12:35:00,1.34742,1.34684,1.34742,1.34681,756,1779799199.004,GBPUSD
56,2026-05-26 12:40:00,1.34684,1.34699,1.34722,1.34682,770,1779799499.294,GBPUSD
56,2026-05-26 12:45:00,1.34699,1.34693,1.34718,1.34679,752,1779799799.394,GBPUSD
56,2026-05-26 12:50:00,1.34694,1.34682,1.34704,1.34681,758,1779800099.832,GBPUSD
56,2026-05-26 12:55:00,1.34682,1.34672,1.34689,1.34665,735,1779800399.042,GBPUSD
56,2026-05-26 13:00:00,1.34672,1.34658,1.3469,1.34647,767,1779800699.994,GBPUSD
56,2026-05-26 13:05:00,1.34658,1.34661,1.34674,1.34651,833,1779800999.514,GBPUSD
56,2026-05-26 13:10:00,1.34661,1.34668,1.34682,1.34654,827,1779801299.094,GBPUSD
56,2026-05-26 13:15:00,1.34668,1.34658,1.34681,1.34658,768,1779801599.694,GBPUSD
56,2026-05-26 13:20:00,1.34659,1.34691,1.34703,1.34657,841,1779801899.02,GBPUSD
56,2026-05-26 13:25:00,1.34691,1.34638,1.34699,1.34637,817,1779802199.994,GBPUSD
56,2026-05-26 13:30:00,1.34638,1.34642,1.34662,1.34627,1117,1779802498.432,GBPUSD
56,2026-05-26 13:35:00,1.34642,1.34665,1.34682,1.34628,1030,1779802799.794,GBPUSD
56,2026-05-26 13:40:00,1.34665,1.3463,1.34665,1.34623,1147,1779803099.7,GBPUSD
56,2026-05-26 13:45:00,1.3463,1.34669,1.34679,1.34623,1084,1779803399.521,GBPUSD
56,2026-05-26 13:50:00,1.34669,1.34604,1.34675,1.34568,1311,1779803699.034,GBPUSD
56,2026-05-26 13:55:00,1.34604,1.34641,1.34641,1.34603,900,1779803999.998,GBPUSD
56,2026-05-26 14:00:00,1.34637,1.34662,1.34689,1.34603,1045,1779804299.036,GBPUSD
56,2026-05-26 14:05:00,1.34662,1.34631,1.34664,1.34621,1181,1779804599.939,GBPUSD
56,2026-05-26 14:10:00,1.34631,1.3462,1.34652,1.34606,1004,1779804899.394,GBPUSD
56,2026-05-26 14:15:00,1.3462,1.34608,1.34625,1.34599,843,1779805199.894,GBPUSD
56,2026-05-26 14:20:00,1.34608,1.34611,1.3464,1.34598,855,1779805499.795,GBPUSD
56,2026-05-26 14:25:00,1.34611,1.34604,1.3462,1.34581,922,1779805799.441,GBPUSD
56,2026-05-26 14:30:00,1.34604,1.34641,1.34644,1.34591,1021,1779806099.895,GBPUSD
56,2026-05-26 14:35:00,1.34641,1.3464,1.3469,1.34635,1069,1779806399.933,GBPUSD
56,2026-05-26 14:40:00,1.3464,1.34613,1.34662,1.34608,909,1779806699.596,GBPUSD
56,2026-05-26 14:45:00,1.34613,1.34613,1.34634,1.34598,1012,1779806999.032,GBPUSD
56,2026-05-26 14:50:00,1.34613,1.3455,1.34622,1.34541,1070,1779807299.894,GBPUSD
56,2026-05-26 14:55:00,1.34547,1.34496,1.34557,1.34496,1153,1779807599.794,GBPUSD
56,2026-05-26 15:00:00,1.34496,1.34459,1.34503,1.34444,1224,1779807899.939,GBPUSD
56,2026-05-26 15:05:00,1.34459,1.34424,1.34484,1.34421,1073,1779808199.895,GBPUSD
56,2026-05-26 15:10:00,1.34424,1.34442,1.34475,1.3442,885,1779808499.794,GBPUSD
56,2026-05-26 15:15:00,1.34442,1.34393,1.34448,1.34381,870,1779808799.994,GBPUSD
56,2026-05-26 15:20:00,1.34392,1.34351,1.34401,1.34346,827,1779809099.095,GBPUSD
56,2026-05-26 15:25:00,1.34351,1.34424,1.34435,1.34349,899,1779809399.8,GBPUSD
56,2026-05-26 15:30:00,1.34424,1.34413,1.34449,1.34405,1010,1779809699.995,GBPUSD
56,2026-05-26 15:35:00,1.34412,1.34387,1.3442,1.34369,920,1779809999.134,GBPUSD
56,2026-05-26 15:40:00,1.34387,1.34388,1.34397,1.34361,959,1779810299.616,GBPUSD
56,2026-05-26 15:45:00,1.34388,1.344,1.34412,1.3437,838,1779810599.497,GBPUSD
56,2026-05-26 15:50:00,1.344,1.3439,1.34402,1.34376,840,1779810899.044,GBPUSD
56,2026-05-26 15:55:00,1.3439,1.34359,1.344,1.34347,804,1779811199.613,GBPUSD
56,2026-05-26 16:00:00,1.34359,1.34381,1.34385,1.34348,903,1779811499.993,GBPUSD
56,2026-05-26 16:05:00,1.34381,1.3441,1.3441,1.34379,696,1779811799.799,GBPUSD
56,2026-05-26 16:10:00,1.34409,1.34422,1.34438,1.34394,907,1779812099.194,GBPUSD
56,2026-05-26 16:15:00,1.34423,1.34479,1.34481,1.34423,682,1779812399.033,GBPUSD
56,2026-05-26 16:20:00,1.34479,1.34461,1.34489,1.34457,656,1779812699.023,GBPUSD
56,2026-05-26 16:25:00,1.34461,1.34458,1.34463,1.34442,658,1779812999.025,GBPUSD
56,2026-05-26 16:30:00,1.34458,1.34472,1.34481,1.34454,663,1779813299.006,GBPUSD
56,2026-05-26 16:35:00,1.34472,1.34437,1.34473,1.34431,627,1779813599.818,GBPUSD
56,2026-05-26 16:40:00,1.34437,1.34413,1.34448,1.34411,708,1779813899.538,GBPUSD
56,2026-05-26 16:45:00,1.34413,1.34413,1.3443,1.34398,817,1779814199.994,GBPUSD
56,2026-05-26 16:50:00,1.34414,1.34401,1.34422,1.34396,765,1779814499.594,GBPUSD
56,2026-05-26 16:55:00,1.34401,1.34413,1.34418,1.344,675,1779814799.015,GBPUSD
56,2026-05-26 17:00:00,1.34413,1.34412,1.34432,1.34411,726,1779815099.032,GBPUSD
56,2026-05-26 17:05:00,1.34412,1.34452,1.34456,1.3441,729,1779815399.044,GBPUSD
56,2026-05-26 17:10:00,1.34452,1.34462,1.34484,1.34443,571,1779815699.094,GBPUSD
56,2026-05-26 17:15:00,1.34462,1.34465,1.34472,1.34456,473,1779815999.194,GBPUSD
56,2026-05-26 17:20:00,1.34465,1.34448,1.34466,1.34442,633,1779816299.008,GBPUSD
56,2026-05-26 17:25:00,1.34448,1.3443,1.34456,1.34426,583,1779816599.295,GBPUSD
56,2026-05-26 17:30:00,1.3443,1.34461,1.34464,1.34427,562,1779816899.999,GBPUSD
56,2026-05-26 17:35:00,1.34461,1.3443,1.34461,1.34429,567,1779817199.994,GBPUSD
56,2026-05-26 17:40:00,1.3443,1.34397,1.34431,1.3439,717,1779817499.405,GBPUSD
56,2026-05-26 17:45:00,1.34397,1.34417,1.34419,1.34386,632,1779817799.029,GBPUSD
56,2026-05-26 17:50:00,1.34417,1.34413,1.34425,1.34401,588,1779818099.04,GBPUSD
56,2026-05-26 17:55:00,1.34413,1.34413,1.34421,1.3439,604,1779818399.833,GBPUSD
56,2026-05-26 18:00:00,1.34412,1.34408,1.34417,1.34393,652,1779818699.328,GBPUSD
56,2026-05-26 18:05:00,1.34408,1.34411,1.34414,1.34399,581,1779818999.637,GBPUSD
56,2026-05-26 18:10:00,1.34411,1.34428,1.34434,1.34411,591,1779819299.041,GBPUSD
56,2026-05-26 18:15:00,1.34428,1.3443,1.34434,1.3441,589,1779819599.022,GBPUSD
56,2026-05-26 18:20:00,1.3443,1.34421,1.34435,1.34418,591,1779819899.432,GBPUSD
56,2026-05-26 18:25:00,1.34421,1.3442,1.3443,1.34417,637,1779820199.993,GBPUSD
56,2026-05-26 18:30:00,1.3442,1.34434,1.34443,1.3442,620,1779820499.03,GBPUSD
56,2026-05-26 18:35:00,1.34435,1.34432,1.3444,1.34428,626,1779820799.799,GBPUSD
56,2026-05-26 18:40:00,1.34432,1.34431,1.34432,1.34411,635,1779821099.039,GBPUSD
56,2026-05-26 18:45:00,1.3443,1.34435,1.34442,1.34429,597,1779821399.718,GBPUSD
56,2026-05-26 18:50:00,1.34435,1.34449,1.34462,1.34431,540,1779821699.005,GBPUSD
56,2026-05-26 18:55:00,1.34449,1.34449,1.34451,1.34437,563,1779821999.007,GBPUSD
56,2026-05-26 19:00:00,1.34449,1.34449,1.34458,1.34425,628,1779822299.825,GBPUSD
56,2026-05-26 19:05:00,1.34449,1.34438,1.34455,1.34428,530,1779822598.042,GBPUSD
56,2026-05-26 19:10:00,1.34438,1.34428,1.34449,1.34428,607,1779822899.043,GBPUSD
56,2026-05-26 19:15:00,1.34428,1.34438,1.34443,1.34427,529,1779823199.893,GBPUSD
56,2026-05-26 19:20:00,1.34438,1.3446,1.3446,1.34438,471,1779823499.094,GBPUSD
56,2026-05-26 19:25:00,1.3446,1.34448,1.34462,1.34448,521,1779823799.094,GBPUSD
56,2026-05-26 19:30:00,1.34448,1.34478,1.34481,1.34448,505,1779824099.04,GBPUSD
56,2026-05-26 19:35:00,1.34478,1.34477,1.34491,1.34469,612,1779824399.994,GBPUSD
56,2026-05-26 19:40:00,1.34476,1.34486,1.34491,1.34475,495,1779824699.033,GBPUSD
56,2026-05-26 19:45:00,1.34486,1.34491,1.34491,1.34476,553,1779824999.024,GBPUSD
56,2026-05-26 19:50:00,1.34491,1.34489,1.34501,1.34486,540,1779825299.0,GBPUSD
56,2026-05-26 19:55:00,1.34489,1.34486,1.34491,1.34476,659,1779825599.894,GBPUSD
56,2026-05-26 20:00:00,1.34487,1.34509,1.34513,1.34482,604,1779825899.194,GBPUSD
56,2026-05-26 20:05:00,1.34509,1.34518,1.34539,1.34509,557,1779826199.032,GBPUSD
56,2026-05-26 20:10:00,1.34518,1.34519,1.3453,1.34517,394,1779826499.019,GBPUSD
56,2026-05-26 20:15:00,1.34519,1.34512,1.34521,1.34512,429,1779826799.096,GBPUSD
56,2026-05-26 20:20:00,1.34512,1.34502,1.34519,1.34499,442,1779827099.907,GBPUSD
56,2026-05-26 20:25:00,1.34501,1.34481,1.34505,1.34481,539,1779827399.912,GBPUSD
56,2026-05-26 20:30:00,1.3448,1.34489,1.34503,1.3448,388,1779827699.094,GBPUSD
56,2026-05-26 20:35:00,1.34489,1.34479,1.34499,1.34478,401,1779827999.014,GBPUSD
56,2026-05-26 20:40:00,1.34479,1.34479,1.34486,1.34476,366,1779828299.014,GBPUSD
56,2026-05-26 20:45:00,1.34479,1.34487,1.34489,1.34479,403,1779828599.022,GBPUSD
56,2026-05-26 20:50:00,1.34487,1.34481,1.34487,1.34476,386,1779828899.005,GBPUSD
56,2026-05-26 20:55:00,1.34481,1.34464,1.34486,1.34452,751,1779829199.794,GBPUSD
56,2026-05-26 21:00:00,1.34464,1.34465,1.34465,1.34421,308,1779829499.01,GBPUSD
56,2026-05-26 21:05:00,1.34465,1.34464,1.34465,1.34464,272,1779829799.046,GBPUSD
56,2026-05-26 21:10:00,1.34464,1.34465,1.34488,1.34463,299,1779830099.002,GBPUSD
56,2026-05-26 21:15:00,1.34465,1.34465,1.34465,1.34465,300,1779830399.0,GBPUSD
56,2026-05-26 21:20:00,1.34465,1.34471,1.34474,1.34465,277,1779830699.041,GBPUSD
56,2026-05-26 21:25:00,1.34471,1.34469,1.34471,1.34469,304,1779830999.028,GBPUSD
56,2026-05-26 21:30:00,1.34469,1.3447,1.34473,1.34468,318,1779831299.021,GBPUSD
56,2026-05-26 21:35:00,1.3447,1.34518,1.34521,1.3447,351,1779831599.024,GBPUSD
56,2026-05-26 21:40:00,1.34518,1.34512,1.3452,1.3451,542,1779831899.094,GBPUSD
56,2026-05-26 21:45:00,1.34512,1.34489,1.34523,1.34482,379,1779832199.095,GBPUSD
56,2026-05-26 21:50:00,1.34489,1.34484,1.34491,1.34479,308,1779832499.015,GBPUSD
56,2026-05-26 21:55:00,1.34484,1.34488,1.34493,1.34481,398,1779832799.038,GBPUSD
56,2026-05-26 22:00:00,1.34488,1.34505,1.34515,1.34488,473,1779833099.016,GBPUSD
56,2026-05-26 22:05:00,1.34505,1.34486,1.34508,1.34486,401,1779833399.697,GBPUSD
56,2026-05-26 22:10:00,1.34486,1.34486,1.34498,1.3448,439,1779833699.04,GBPUSD
56,2026-05-26 22:15:00,1.34486,1.34486,1.34489,1.34482,414,1779833999.042,GBPUSD
56,2026-05-26 22:20:00,1.34486,1.34489,1.34492,1.34482,352,1779834298.018,GBPUSD
56,2026-05-26 22:25:00,1.34489,1.34491,1.34491,1.34482,319,1779834599.04,GBPUSD
56,2026-05-26 22:30:00,1.34491,1.34489,1.34491,1.34484,354,1779834899.009,GBPUSD
56,2026-05-26 22:35:00,1.34489,1.3449,1.34491,1.34484,352,1779835199.038,GBPUSD
56,2026-05-26 22:40:00,1.3449,1.34495,1.34496,1.34488,339,1779835499.994,GBPUSD
56,2026-05-26 22:45:00,1.34495,1.34489,1.34496,1.34489,439,1779835799.015,GBPUSD
56,2026-05-26 22:50:00,1.34489,1.34496,1.34498,1.34489,378,1779836099.094,GBPUSD
56,2026-05-26 22:55:00,1.34496,1.34505,1.3451,1.34495,358,1779836399.031,GBPUSD
56,2026-05-26 23:00:00,1.34505,1.34509,1.34513,1.34499,353,1779836699.044,GBPUSD
56,2026-05-26 23:05:00,1.34509,1.34506,1.3451,1.34506,350,1779836999.018,GBPUSD
56,2026-05-26 23:10:00,1.34506,1.34509,1.3451,1.34506,296,1779837299.003,GBPUSD
56,2026-05-26 23:15:00,1.34509,1.34523,1.34529,1.34509,341,1779837599.014,GBPUSD
56,2026-05-26 23:20:00,1.34523,1.34539,1.34539,1.34522,337,1779837899.029,GBPUSD
56,2026-05-26 23:25:00,1.34539,1.34546,1.34546,1.3453,330,1779838199.013,GBPUSD
56,2026-05-26 23:30:00,1.34546,1.3456,1.34566,1.34539,370,1779838499.015,GBPUSD
56,2026-05-26 23:35:00,1.3456,1.34566,1.34568,1.34558,331,1779838799.017,GBPUSD
56,2026-05-26 23:40:00,1.34566,1.34581,1.34589,1.34566,363,1779839099.004,GBPUSD
56,2026-05-26 23:45:00,1.34581,1.3457,1.34591,1.34569,373,1779839399.095,GBPUSD
56,2026-05-26 23:50:00,1.3457,1.3457,1.34573,1.3456,384,1779839699.038,GBPUSD
56,2026-05-26 23:55:00,1.3457,1.34549,1.3457,1.34543,474,1779839999.027,GBPUSD
56,2026-05-27 00:00:00,1.34549,1.34562,1.34577,1.34543,639,1779840299.095,GBPUSD
56,2026-05-27 00:05:00,1.34562,1.34553,1.3457,1.3455,498,1779840599.093,GBPUSD
56,2026-05-27 00:10:00,1.34553,1.34567,1.34569,1.3455,545,1779840899.015,GBPUSD
56,2026-05-27 00:15:00,1.34567,1.34567,1.34578,1.34554,471,1779841199.894,GBPUSD
56,2026-05-27 00:20:00,1.34567,1.34564,1.34576,1.34554,482,1779841499.027,GBPUSD
56,2026-05-27 00:25:00,1.34564,1.34566,1.34573,1.34557,545,1779841799.095,GBPUSD
56,2026-05-27 00:30:00,1.34566,1.34557,1.34569,1.34556,515,1779842098.039,GBPUSD
56,2026-05-27 00:35:00,1.34557,1.34547,1.34566,1.34546,581,1779842399.694,GBPUSD
56,2026-05-27 00:40:00,1.34547,1.34565,1.34567,1.34546,461,1779842699.031,GBPUSD
56,2026-05-27 00:45:00,1.34565,1.34563,1.34581,1.34562,539,1779842999.593,GBPUSD
56,2026-05-27 00:50:00,1.34563,1.34551,1.34568,1.34546,608,1779843299.899,GBPUSD
56,2026-05-27 00:55:00,1.34551,1.34556,1.34557,1.34542,613,1779843599.818,GBPUSD
56,2026-05-27 01:00:00,1.34556,1.3455,1.34557,1.34539,615,1779843899.894,GBPUSD
56,2026-05-27 01:05:00,1.3455,1.34539,1.34554,1.34536,500,1779844199.019,GBPUSD
56,2026-05-27 01:10:00,1.34539,1.34547,1.34557,1.34539,551,1779844499.018,GBPUSD
56,2026-05-27 01:15:00,1.34547,1.34537,1.34557,1.34534,587,1779844799.033,GBPUSD
56,2026-05-27 01:20:00,1.34537,1.34547,1.34557,1.34532,483,1779845099.593,GBPUSD
56,2026-05-27 01:25:00,1.34546,1.34532,1.34549,1.34521,508,1779845399.011,GBPUSD
56,2026-05-27 01:30:00,1.34532,1.34496,1.34532,1.34495,916,1779845699.602,GBPUSD
56,2026-05-27 01:35:00,1.34496,1.34478,1.34509,1.34474,557,1779845999.021,GBPUSD
56,2026-05-27 01:40:00,1.34478,1.34496,1.34499,1.34478,588,1779846299.011,GBPUSD
56,2026-05-27 01:45:00,1.34496,1.34479,1.34498,1.3446,552,1779846599.726,GBPUSD
56,2026-05-27 01:50:00,1.34479,1.34471,1.34483,1.34469,560,1779846899.021,GBPUSD
56,2026-05-27 01:55:00,1.34471,1.34471,1.34477,1.34462,461,1779847199.524,GBPUSD
56,2026-05-27 02:00:00,1.34471,1.34518,1.34527,1.34471,756,1779847499.023,GBPUSD
56,2026-05-27 02:05:00,1.34518,1.3451,1.34519,1.34497,614,1779847799.094,GBPUSD
56,2026-05-27 02:10:00,1.3451,1.34499,1.34519,1.34489,517,1779848099.594,GBPUSD
56,2026-05-27 02:15:00,1.34499,1.34496,1.34516,1.34492,529,1779848399.042,GBPUSD
56,2026-05-27 02:20:00,1.34496,1.34497,1.34504,1.3448,518,1779848699.895,GBPUSD
56,2026-05-27 02:25:00,1.34497,1.34491,1.34511,1.34489,444,1779848999.3,GBPUSD
56,2026-05-27 02:30:00,1.34491,1.34509,1.3451,1.34491,472,1779849299.023,GBPUSD
56,2026-05-27 02:35:00,1.34509,1.34489,1.3451,1.34489,483,1779849599.003,GBPUSD
56,2026-05-27 02:40:00,1.34489,1.34496,1.34505,1.34489,463,1779849899.022,GBPUSD
56,2026-05-27 02:45:00,1.34496,1.34519,1.34519,1.34496,443,1779850199.0,GBPUSD
56,2026-05-27 02:50:00,1.34519,1.3453,1.34543,1.34519,485,1779850499.393,GBPUSD
56,2026-05-27 02:55:00,1.3453,1.34525,1.34538,1.34517,529,1779850799.094,GBPUSD
56,2026-05-27 03:00:00,1.34525,1.34563,1.34577,1.34525,489,1779851099.001,GBPUSD
56,2026-05-27 03:05:00,1.34563,1.34571,1.34587,1.34557,556,1779851399.194,GBPUSD
56,2026-05-27 03:10:00,1.34571,1.34553,1.34572,1.34547,452,1779851699.019,GBPUSD
56,2026-05-27 03:15:00,1.34553,1.3455,1.34559,1.34545,431,1779851999.831,GBPUSD
56,2026-05-27 03:20:00,1.34551,1.3455,1.34551,1.34536,424,1779852299.094,GBPUSD
56,2026-05-27 03:25:00,1.3455,1.34552,1.34557,1.34543,428,1779852599.398,GBPUSD
56,2026-05-27 03:30:00,1.34552,1.34545,1.34557,1.3454,461,1779852899.994,GBPUSD
56,2026-05-27 03:35:00,1.34545,1.34537,1.34546,1.34529,461,1779853199.025,GBPUSD
56,2026-05-27 03:40:00,1.34536,1.34544,1.34545,1.34536,399,1779853499.043,GBPUSD
56,2026-05-27 03:45:00,1.34544,1.34538,1.34549,1.34534,405,1779853799.032,GBPUSD
56,2026-05-27 03:50:00,1.34538,1.34549,1.34552,1.34533,463,1779854099.016,GBPUSD
56,2026-05-27 03:55:00,1.34549,1.34549,1.34552,1.34536,541,1779854399.019,GBPUSD
56,2026-05-27 04:00:00,1.34549,1.34547,1.34552,1.34542,492,1779854699.036,GBPUSD
56,2026-05-27 04:05:00,1.34547,1.34552,1.34557,1.34543,379,1779854999.994,GBPUSD
56,2026-05-27 04:10:00,1.3455,1.3455,1.34563,1.34549,431,1779855299.02,GBPUSD
56,2026-05-27 04:15:00,1.3455,1.34547,1.34552,1.34546,390,1779855599.095,GBPUSD
56,2026-05-27 04:20:00,1.34547,1.34547,1.34567,1.34546,420,1779855899.093,GBPUSD
56,2026-05-27 04:25:00,1.34547,1.3453,1.3455,1.3453,486,1779856199.094,GBPUSD
56,2026-05-27 04:30:00,1.3453,1.3455,1.34553,1.34529,487,1779856499.006,GBPUSD
56,2026-05-27 04:35:00,1.3455,1.34547,1.3455,1.34539,484,1779856799.033,GBPUSD
56,2026-05-27 04:40:00,1.34547,1.34558,1.34558,1.34536,418,1779857099.038,GBPUSD
56,2026-05-27 04:45:00,1.34558,1.34553,1.34559,1.34546,434,1779857399.393,GBPUSD
56,2026-05-27 04:50:00,1.34553,1.34546,1.34553,1.34539,420,1779857698.495,GBPUSD
56,2026-05-27 04:55:00,1.34546,1.34542,1.3455,1.34532,443,1779857999.697,GBPUSD
56,2026-05-27 05:00:00,1.34542,1.34567,1.34569,1.34535,524,1779858299.612,GBPUSD
56,2026-05-27 05:05:00,1.34567,1.34559,1.34569,1.34552,429,1779858599.595,GBPUSD
56,2026-05-27 05:10:00,1.34559,1.34557,1.34563,1.34544,408,1779858899.024,GBPUSD
56,2026-05-27 05:15:00,1.34557,1.34542,1.34557,1.3454,442,1779859199.016,GBPUSD
56,2026-05-27 05:20:00,1.34542,1.34563,1.34565,1.34538,455,1779859499.995,GBPUSD
56,2026-05-27 05:25:00,1.34563,1.34562,1.34567,1.34552,419,1779859799.095,GBPUSD
56,2026-05-27 05:30:00,1.34562,1.34532,1.34566,1.3453,545,1779860099.042,GBPUSD
56,2026-05-27 05:35:00,1.34532,1.34535,1.3455,1.34526,550,1779860399.042,GBPUSD
56,2026-05-27 05:40:00,1.34535,1.34537,1.3454,1.3452,493,1779860699.042,GBPUSD
56,2026-05-27 05:45:00,1.34537,1.34519,1.34539,1.3451,466,1779860999.095,GBPUSD
56,2026-05-27 05:50:00,1.34519,1.34532,1.34543,1.34516,517,1779861299.032,GBPUSD
56,2026-05-27 05:55:00,1.34532,1.34496,1.34532,1.34489,579,1779861599.018,GBPUSD
56,2026-05-27 06:00:00,1.34496,1.34468,1.34499,1.34462,589,1779861899.003,GBPUSD
56,2026-05-27 06:05:00,1.34468,1.34492,1.34499,1.34468,518,1779862199.294,GBPUSD
56,2026-05-27 06:10:00,1.34492,1.34468,1.34503,1.34461,498,1779862499.031,GBPUSD
56,2026-05-27 06:15:00,1.34468,1.34469,1.34479,1.34462,506,1779862799.008,GBPUSD
56,2026-05-27 06:20:00,1.34469,1.34471,1.34481,1.34449,676,1779863099.01,GBPUSD
56,2026-05-27 06:25:00,1.34471,1.34469,1.34475,1.34448,534,1779863399.041,GBPUSD
56,2026-05-27 06:30:00,1.34469,1.34466,1.34471,1.34444,664,1779863699.994,GBPUSD
56,2026-05-27 06:35:00,1.34466,1.34493,1.34498,1.34462,540,1779863999.002,GBPUSD
56,2026-05-27 06:40:00,1.34493,1.34543,1.34546,1.34485,545,1779864299.043,GBPUSD
56,2026-05-27 06:45:00,1.34543,1.3455,1.34562,1.34534,549,1779864599.992,GBPUSD
56,2026-05-27 06:50:00,1.3455,1.34518,1.34557,1.34513,632,1779864899.394,GBPUSD
56,2026-05-27 06:55:00,1.34518,1.34523,1.3454,1.34507,727,1779865199.594,GBPUSD
56,2026-05-27 07:00:00,1.34525,1.34526,1.34566,1.34517,735,1779865499.935,GBPUSD
56,2026-05-27 07:05:00,1.34527,1.3451,1.34541,1.34505,602,1779865799.045,GBPUSD
56,2026-05-27 07:10:00,1.34509,1.34502,1.3452,1.34498,511,1779866099.023,GBPUSD
56,2026-05-27 07:15:00,1.34502,1.34498,1.34508,1.34488,470,1779866399.032,GBPUSD
56,2026-05-27 07:20:00,1.34498,1.34478,1.34499,1.34468,517,1779866699.011,GBPUSD
56,2026-05-27 07:25:00,1.34478,1.34478,1.34491,1.34469,562,1779866999.994,GBPUSD
56,2026-05-27 07:30:00,1.34478,1.34479,1.34488,1.34462,579,1779867299.795,GBPUSD
56,2026-05-27 07:35:00,1.34479,1.34488,1.34491,1.34464,514,1779867599.21,GBPUSD
56,2026-05-27 07:40:00,1.34488,1.34489,1.34491,1.34462,509,1779867899.029,GBPUSD
56,2026-05-27 07:45:00,1.34489,1.34429,1.34489,1.34428,545,1779868199.794,GBPUSD
56,2026-05-27 07:50:00,1.34429,1.34448,1.34449,1.34421,532,1779868499.023,GBPUSD
56,2026-05-27 07:55:00,1.34448,1.3443,1.34448,1.34425,554,1779868799.027,GBPUSD
56,2026-05-27 08:00:00,1.3443,1.34459,1.34477,1.34414,735,1779869099.895,GBPUSD
56,2026-05-27 08:05:00,1.34459,1.34451,1.34467,1.34436,618,1779869398.097,GBPUSD
56,2026-05-27 08:10:00,1.34451,1.34482,1.3451,1.34444,612,1779869699.036,GBPUSD
56,2026-05-27 08:15:00,1.34482,1.34449,1.3452,1.34448,651,1779869999.031,GBPUSD
56,2026-05-27 08:20:00,1.34449,1.34435,1.34462,1.34431,571,1779870299.811,GBPUSD
56,2026-05-27 08:25:00,1.34435,1.34471,1.34472,1.34431,492,1779870599.045,GBPUSD
56,2026-05-27 08:30:00,1.34471,1.34459,1.34471,1.34441,468,1779870899.037,GBPUSD
56,2026-05-27 08:35:00,1.34459,1.34437,1.34462,1.34428,491,1779871199.031,GBPUSD
56,2026-05-27 08:40:00,1.34437,1.34458,1.34462,1.34437,477,1779871499.0,GBPUSD
56,2026-05-27 08:45:00,1.34458,1.34442,1.34475,1.3444,476,1779871799.007,GBPUSD
56,2026-05-27 08:50:00,1.34442,1.34427,1.34455,1.34425,572,1779872099.033,GBPUSD
56,2026-05-27 08:55:00,1.34427,1.34465,1.34474,1.34421,577,1779872399.994,GBPUSD
56,2026-05-27 09:00:00,1.34465,1.34482,1.34483,1.34451,610,1779872699.013,GBPUSD
56,2026-05-27 09:05:00,1.34482,1.34491,1.34491,1.34461,589,1779872999.032,GBPUSD
56,2026-05-27 09:10:00,1.34491,1.3449,1.34509,1.34481,580,1779873299.005,GBPUSD
56,2026-05-27 09:15:00,1.3449,1.34508,1.34513,1.34489,524,1779873599.194,GBPUSD
56,2026-05-27 09:20:00,1.34508,1.34489,1.34522,1.34489,588,1779873899.002,GBPUSD
56,2026-05-27 09:25:00,1.34489,1.34501,1.34503,1.34475,489,1779874199.021,GBPUSD
56,2026-05-27 09:30:00,1.34501,1.34491,1.34501,1.34485,465,1779874499.001,GBPUSD
56,2026-05-27 09:35:00,1.34491,1.34475,1.34495,1.34472,379,1779874799.006,GBPUSD
56,2026-05-27 09:40:00,1.34475,1.34462,1.34478,1.34461,417,1779875099.013,GBPUSD
56,2026-05-27 09:45:00,1.34462,1.34464,1.34469,1.34451,465,1779875399.411,GBPUSD
56,2026-05-27 09:50:00,1.34464,1.34498,1.34498,1.34464,502,1779875699.495,GBPUSD
56,2026-05-27 09:55:00,1.34498,1.34454,1.34522,1.34452,667,1779875999.535,GBPUSD
56,2026-05-27 10:00:00,1.34454,1.34446,1.34455,1.34429,625,1779876299.008,GBPUSD
56,2026-05-27 10:05:00,1.34446,1.34454,1.34462,1.34441,515,1779876599.613,GBPUSD
56,2026-05-27 10:10:00,1.34454,1.34432,1.34454,1.34428,480,1779876899.037,GBPUSD
56,2026-05-27 10:15:00,1.34432,1.34394,1.34432,1.34394,561,1779877199.009,GBPUSD
56,2026-05-27 10:20:00,1.34394,1.34387,1.34402,1.34373,528,1779877499.027,GBPUSD
56,2026-05-27 10:25:00,1.34387,1.34373,1.34397,1.34362,514,1779877799.039,GBPUSD
56,2026-05-27 10:30:00,1.34373,1.34398,1.34403,1.34362,643,1779878099.017,GBPUSD
56,2026-05-27 10:35:00,1.34397,1.34382,1.3441,1.34376,541,1779878399.043,GBPUSD
56,2026-05-27 10:40:00,1.34382,1.34412,1.34412,1.34376,611,1779878699.814,GBPUSD
56,2026-05-27 10:45:00,1.34412,1.3441,1.34422,1.34388,647,1779878999.004,GBPUSD
56,2026-05-27 10:50:00,1.3441,1.3441,1.34414,1.3439,496,1779879299.695,GBPUSD
56,2026-05-27 10:55:00,1.3441,1.3441,1.3442,1.3439,501,1779879599.409,GBPUSD
56,2026-05-27 11:00:00,1.3441,1.34397,1.34428,1.34389,638,1779879899.002,GBPUSD
56,2026-05-27 11:05:00,1.34397,1.34369,1.34398,1.34352,633,1779880199.013,GBPUSD
56,2026-05-27 11:10:00,1.34369,1.344,1.34401,1.34343,646,1779880499.194,GBPUSD
56,2026-05-27 11:15:00,1.344,1.34381,1.34418,1.34379,635,1779880799.024,GBPUSD
56,2026-05-27 11:20:00,1.34381,1.34381,1.34383,1.34356,736,1779881099.045,GBPUSD
56,2026-05-27 11:25:00,1.34381,1.3436,1.34381,1.34354,690,1779881399.733,GBPUSD
56,2026-05-27 11:30:00,1.3436,1.34356,1.34373,1.34347,671,1779881699.013,GBPUSD
56,2026-05-27 11:35:00,1.34356,1.34366,1.34387,1.34354,696,1779881999.495,GBPUSD
56,2026-05-27 11:40:00,1.34365,1.34382,1.34388,1.34354,619,1779882299.094,GBPUSD
56,2026-05-27 11:45:00,1.34382,1.34369,1.34387,1.34356,679,1779882599.008,GBPUSD
56,2026-05-27 11:50:00,1.34369,1.34327,1.34371,1.34327,613,1779882899.698,GBPUSD
56,2026-05-27 11:55:00,1.34327,1.34347,1.34348,1.34303,757,1779883199.511,GBPUSD
56,2026-05-27 12:00:00,1.34347,1.34339,1.34359,1.34327,870,1779883499.396,GBPUSD
56,2026-05-27 12:05:00,1.34339,1.34355,1.34361,1.34337,748,1779883799.697,GBPUSD
56,2026-05-27 12:10:00,1.34355,1.34339,1.34359,1.34315,801,1779884099.028,GBPUSD
56,2026-05-27 12:15:00,1.34338,1.34381,1.34447,1.34319,1450,1779884399.894,GBPUSD
56,2026-05-27 12:20:00,1.34382,1.34456,1.34566,1.34374,1902,1779884699.996,GBPUSD
56,2026-05-27 12:25:00,1.34457,1.34531,1.34552,1.34454,1590,1779884999.238,GBPUSD
56,2026-05-27 12:30:00,1.34531,1.3451,1.3456,1.34498,1386,1779885299.822,GBPUSD
56,2026-05-27 12:35:00,1.3451,1.34532,1.34552,1.34492,1317,1779885599.094,GBPUSD
56,2026-05-27 12:40:00,1.34532,1.34489,1.3454,1.34486,1043,1779885898.041,GBPUSD
56,2026-05-27 12:45:00,1.34489,1.34469,1.34493,1.34438,1107,1779886199.993,GBPUSD
56,2026-05-27 12:50:00,1.34469,1.34479,1.34482,1.34451,983,1779886499.03,GBPUSD
56,2026-05-27 12:55:00,1.34479,1.34401,1.34484,1.34388,1002,1779886799.995,GBPUSD
56,2026-05-27 13:00:00,1.34401,1.34461,1.34483,1.34395,1006,1779887099.095,GBPUSD
56,2026-05-27 13:05:00,1.34462,1.34438,1.34479,1.34421,1010,1779887399.029,GBPUSD
56,2026-05-27 13:10:00,1.34438,1.34455,1.34468,1.34438,851,1779887699.037,GBPUSD
56,2026-05-27 13:15:00,1.34455,1.34452,1.34479,1.34439,887,1779887999.037,GBPUSD
56,2026-05-27 13:20:00,1.34452,1.34442,1.34454,1.34412,879,1779888299.009,GBPUSD
56,2026-05-27 13:25:00,1.34442,1.3444,1.34474,1.3442,995,1779888599.995,GBPUSD
56,2026-05-27 13:30:00,1.34438,1.34481,1.34488,1.34427,1130,1779888899.197,GBPUSD
56,2026-05-27 13:35:00,1.34481,1.34428,1.34489,1.34417,1071,1779889199.322,GBPUSD
56,2026-05-27 13:40:00,1.34428,1.34437,1.34461,1.34424,1059,1779889499.294,GBPUSD
56,2026-05-27 13:45:00,1.34437,1.34448,1.34477,1.34428,1078,1779889799.033,GBPUSD
56,2026-05-27 13:50:00,1.34448,1.34428,1.34479,1.34411,1071,1779890099.294,GBPUSD
56,2026-05-27 13:55:00,1.34428,1.34469,1.34473,1.3441,1060,1779890399.209,GBPUSD
56,2026-05-27 14:00:00,1.34469,1.34459,1.34491,1.34427,1088,1779890699.906,GBPUSD
56,2026-05-27 14:05:00,1.34459,1.34459,1.34484,1.34432,1048,1779890999.695,GBPUSD
56,2026-05-27 14:10:00,1.34459,1.34522,1.34523,1.34449,1156,1779891299.904,GBPUSD
56,2026-05-27 14:15:00,1.34522,1.34568,1.34568,1.34496,1125,1779891599.595,GBPUSD
56,2026-05-27 14:20:00,1.34568,1.34462,1.3458,1.34452,1307,1779891899.996,GBPUSD
56,2026-05-27 14:25:00,1.34464,1.34488,1.34508,1.3446,1314,1779892199.196,GBPUSD
56,2026-05-27 14:30:00,1.34488,1.34459,1.34539,1.34398,1622,1779892499.645,GBPUSD
56,2026-05-27 14:35:00,1.34459,1.34511,1.34518,1.34448,1219,1779892799.995,GBPUSD
56,2026-05-27 14:40:00,1.34512,1.34512,1.34533,1.34482,1156,1779893099.899,GBPUSD
56,2026-05-27 14:45:00,1.34512,1.3444,1.34533,1.3444,1113,1779893399.917,GBPUSD
56,2026-05-27 14:50:00,1.3444,1.34294,1.34448,1.34268,1329,1779893699.794,GBPUSD
56,2026-05-27 14:55:00,1.34294,1.34188,1.34294,1.34174,1717,1779893999.996,GBPUSD
56,2026-05-27 15:00:00,1.34188,1.34242,1.34271,1.34164,1552,1779894299.494,GBPUSD
56,2026-05-27 15:05:00,1.34242,1.34281,1.34296,1.34241,1125,1779894599.095,GBPUSD
56,2026-05-27 15:10:00,1.34281,1.34299,1.34302,1.34251,942,1779894899.794,GBPUSD
56,2026-05-27 15:15:00,1.34299,1.34261,1.343,1.34257,803,1779895199.294,GBPUSD
56,2026-05-27 15:20:00,1.34261,1.34256,1.34286,1.34232,812,1779895499.995,GBPUSD
56,2026-05-27 15:25:00,1.34256,1.3428,1.34289,1.34251,782,1779895799.704,GBPUSD
56,2026-05-27 15:30:00,1.3428,1.3431,1.34318,1.34259,973,1779896099.621,GBPUSD
56,2026-05-27 15:35:00,1.3431,1.34289,1.34312,1.34279,899,1779896399.594,GBPUSD
56,2026-05-27 15:40:00,1.34289,1.34251,1.34308,1.34244,915,1779896699.795,GBPUSD
56,2026-05-27 15:45:00,1.34252,1.34228,1.3429,1.34222,1183,1779896999.994,GBPUSD
56,2026-05-27 15:50:00,1.34228,1.34242,1.34253,1.34221,969,1779897299.041,GBPUSD
56,2026-05-27 15:55:00,1.34242,1.34293,1.34293,1.34238,727,1779897599.044,GBPUSD
56,2026-05-27 16:00:00,1.34292,1.3423,1.34294,1.34203,1056,1779897899.333,GBPUSD
56,2026-05-27 16:05:00,1.3423,1.34245,1.3425,1.3422,910,1779898199.602,GBPUSD
56,2026-05-27 16:10:00,1.34245,1.34258,1.3427,1.34241,770,1779898499.811,GBPUSD
56,2026-05-27 16:15:00,1.34258,1.34296,1.34297,1.34257,679,1779898799.037,GBPUSD
56,2026-05-27 16:20:00,1.34296,1.34273,1.34319,1.34272,763,1779899099.695,GBPUSD
56,2026-05-27 16:25:00,1.34273,1.3429,1.34303,1.34272,567,1779899399.903,GBPUSD
56,2026-05-27 16:30:00,1.3429,1.3428,1.34295,1.34274,685,1779899699.394,GBPUSD
56,2026-05-27 16:35:00,1.3428,1.34285,1.34293,1.34273,633,1779899999.993,GBPUSD
56,2026-05-27 16:40:00,1.34285,1.34278,1.34299,1.34274,625,1779900299.994,GBPUSD
56,2026-05-27 16:45:00,1.34278,1.34293,1.34301,1.34276,607,1779900599.003,GBPUSD
56,2026-05-27 16:50:00,1.34293,1.34306,1.34318,1.3429,604,1779900899.214,GBPUSD
56,2026-05-27 16:55:00,1.34306,1.34309,1.34316,1.34291,702,1779901199.094,GBPUSD
56,2026-05-27 17:00:00,1.34309,1.34285,1.34319,1.34274,783,1779901499.093,GBPUSD
56,2026-05-27 17:05:00,1.34285,1.34211,1.34299,1.34207,948,1779901799.998,GBPUSD
56,2026-05-27 17:10:00,1.34211,1.34201,1.3423,1.3419,930,1779902099.995,GBPUSD
56,2026-05-27 17:15:00,1.34201,1.34207,1.34227,1.34194,734,1779902399.003,GBPUSD
56,2026-05-27 17:20:00,1.34207,1.34193,1.34217,1.3419,678,1779902699.094,GBPUSD
56,2026-05-27 17:25:00,1.34193,1.34188,1.34207,1.34175,635,1779902999.002,GBPUSD
56,2026-05-27 17:30:00,1.34188,1.34184,1.34201,1.34177,613,1779903299.041,GBPUSD
56,2026-05-27 17:35:00,1.34184,1.34197,1.34213,1.34173,691,1779903599.009,GBPUSD
56,2026-05-27 17:40:00,1.34197,1.34207,1.3421,1.34184,604,1779903899.005,GBPUSD
56,2026-05-27 17:45:00,1.34207,1.34241,1.34241,1.34205,620,1779904199.296,GBPUSD
56,2026-05-27 17:50:00,1.34241,1.34252,1.34269,1.34238,624,1779904499.03,GBPUSD
56,2026-05-27 17:55:00,1.34252,1.34267,1.34286,1.34252,722,1779904799.894,GBPUSD
56,2026-05-27 18:00:00,1.34267,1.34244,1.34274,1.34235,773,1779905099.023,GBPUSD
56,2026-05-27 18:05:00,1.34244,1.34237,1.34249,1.34232,585,1779905399.002,GBPUSD
56,2026-05-27 18:10:00,1.34237,1.34232,1.34245,1.34221,647,1779905699.393,GBPUSD
56,2026-05-27 18:15:00,1.34232,1.34251,1.34262,1.34225,693,1779905999.894,GBPUSD
56,2026-05-27 18:20:00,1.3425,1.34249,1.34273,1.34249,690,1779906299.099,GBPUSD
56,2026-05-27 18:25:00,1.3425,1.34271,1.34277,1.34247,681,1779906599.405,GBPUSD
56,2026-05-27 18:30:00,1.34271,1.34263,1.34288,1.34259,817,1779906899.093,GBPUSD
56,2026-05-27 18:35:00,1.34263,1.34268,1.34276,1.34257,570,1779907199.007,GBPUSD
56,2026-05-27 18:40:00,1.34268,1.34276,1.34281,1.34259,525,1779907499.294,GBPUSD
56,2026-05-27 18:45:00,1.34275,1.34279,1.34279,1.34267,619,1779907799.01,GBPUSD
56,2026-05-27 18:50:00,1.34279,1.34292,1.34292,1.34276,515,1779908099.021,GBPUSD
56,2026-05-27 18:55:00,1.34292,1.34299,1.34312,1.34291,554,1779908399.495,GBPUSD
56,2026-05-27 19:00:00,1.34299,1.34301,1.34306,1.34285,582,1779908699.534,GBPUSD
56,2026-05-27 19:05:00,1.34302,1.34312,1.34318,1.34301,518,1779908999.024,GBPUSD
56,2026-05-27 19:10:00,1.34312,1.343,1.34313,1.34289,607,1779909299.035,GBPUSD
56,2026-05-27 19:15:00,1.343,1.343,1.34303,1.34293,479,1779909599.899,GBPUSD
56,2026-05-27 19:20:00,1.34299,1.34316,1.34329,1.34299,498,1779909899.839,GBPUSD
56,2026-05-27 19:25:00,1.34316,1.34313,1.3432,1.34308,632,1779910199.009,GBPUSD
56,2026-05-27 19:30:00,1.34313,1.34315,1.34323,1.34297,622,1779910499.297,GBPUSD
56,2026-05-27 19:35:00,1.34315,1.34327,1.3433,1.34315,533,1779910799.019,GBPUSD
56,2026-05-27 19:40:00,1.34327,1.3431,1.34329,1.34307,574,1779911099.393,GBPUSD
56,2026-05-27 19:45:00,1.3431,1.34302,1.3431,1.34299,629,1779911399.394,GBPUSD
56,2026-05-27 19:50:00,1.34302,1.34296,1.34303,1.34293,494,1779911699.027,GBPUSD
56,2026-05-27 19:55:00,1.34296,1.34306,1.34313,1.34294,560,1779911999.105,GBPUSD
56,2026-05-27 20:00:00,1.34306,1.3432,1.34322,1.34298,574,1779912299.699,GBPUSD
56,2026-05-27 20:05:00,1.3432,1.3432,1.34329,1.34317,367,1779912599.04,GBPUSD
56,2026-05-27 20:10:00,1.3432,1.34319,1.34326,1.34309,458,1779912899.094,GBPUSD
56,2026-05-27 20:15:00,1.34319,1.3431,1.34319,1.34308,433,1779913199.596,GBPUSD
56,2026-05-27 20:20:00,1.3431,1.34309,1.34311,1.34297,376,1779913499.029,GBPUSD
56,2026-05-27 20:25:00,1.34309,1.34301,1.34312,1.34298,369,1779913799.095,GBPUSD
56,2026-05-27 20:30:00,1.34301,1.34316,1.34317,1.343,432,1779914099.009,GBPUSD
56,2026-05-27 20:35:00,1.34316,1.34308,1.34316,1.34302,397,1779914398.001,GBPUSD
56,2026-05-27 20:40:00,1.34308,1.34305,1.34308,1.34297,344,1779914699.002,GBPUSD
56,2026-05-27 20:45:00,1.34305,1.34301,1.34307,1.34297,438,1779914999.036,GBPUSD
56,2026-05-27 20:50:00,1.34301,1.34291,1.34301,1.34289,380,1779915299.016,GBPUSD
56,2026-05-27 20:55:00,1.34291,1.34269,1.34292,1.34261,576,1779915599.294,GBPUSD
56,2026-05-27 21:00:00,1.34269,1.34251,1.34269,1.34193,300,1779915899.007,GBPUSD
56,2026-05-27 21:05:00,1.34251,1.34266,1.34266,1.34251,301,1779916199.034,GBPUSD
56,2026-05-27 21:10:00,1.34266,1.34265,1.34268,1.34265,293,1779916499.03,GBPUSD
56,2026-05-27 21:15:00,1.34265,1.3427,1.3427,1.34264,281,1779916799.016,GBPUSD
56,2026-05-27 21:20:00,1.3427,1.34256,1.3427,1.34251,305,1779917099.041,GBPUSD
56,2026-05-27 21:25:00,1.34256,1.34254,1.34256,1.34254,307,1779917399.094,GBPUSD
56,2026-05-27 21:30:00,1.34254,1.34252,1.34258,1.34251,284,1779917699.024,GBPUSD
56,2026-05-27 21:35:00,1.34252,1.34267,1.34271,1.34252,331,1779917999.039,GBPUSD
56,2026-05-27 21:40:00,1.34267,1.34272,1.34275,1.34265,321,1779918299.094,GBPUSD
56,2026-05-27 21:45:00,1.34272,1.34285,1.343,1.34269,410,1779918598.294,GBPUSD
56,2026-05-27 21:50:00,1.34285,1.34281,1.3429,1.34279,405,1779918899.094,GBPUSD
56,2026-05-27 21:55:00,1.34281,1.34264,1.34281,1.34259,356,1779919199.53,GBPUSD
56,2026-05-27 22:00:00,1.34264,1.34265,1.34287,1.34264,435,1779919499.094,GBPUSD
56,2026-05-27 22:05:00,1.34265,1.34289,1.34292,1.34263,386,1779919799.029,GBPUSD
56,2026-05-27 22:10:00,1.34289,1.34301,1.34309,1.34286,372,1779920099.016,GBPUSD
56,2026-05-27 22:15:00,1.34301,1.34288,1.34309,1.34288,355,1779920399.038,GBPUSD
56,2026-05-27 22:20:00,1.34288,1.34299,1.34301,1.34288,318,1779920699.006,GBPUSD
56,2026-05-27 22:25:00,1.34299,1.34279,1.34301,1.34278,386,1779920999.015,GBPUSD
56,2026-05-27 22:30:00,1.34279,1.34281,1.34281,1.34271,399,1779921299.093,GBPUSD
56,2026-05-27 22:35:00,1.34281,1.34289,1.34289,1.34279,362,1779921599.035,GBPUSD
56,2026-05-27 22:40:00,1.34289,1.34279,1.34291,1.34277,352,1779921899.004,GBPUSD
56,2026-05-27 22:45:00,1.34279,1.3426,1.34279,1.34257,388,1779922199.027,GBPUSD
56,2026-05-27 22:50:00,1.3426,1.34279,1.34281,1.3426,348,1779922498.027,GBPUSD
56,2026-05-27 22:55:00,1.34279,1.34279,1.34281,1.34278,323,1779922799.01,GBPUSD
56,2026-05-27 23:00:00,1.34279,1.34278,1.34279,1.34268,368,1779923099.025,GBPUSD
56,2026-05-27 23:05:00,1.34278,1.34279,1.3428,1.34276,328,1779923399.006,GBPUSD
56,2026-05-27 23:10:00,1.34279,1.34282,1.34288,1.34279,321,1779923699.039,GBPUSD
56,2026-05-27 23:15:00,1.34282,1.34288,1.34291,1.34276,338,1779923999.033,GBPUSD
56,2026-05-27 23:20:00,1.34288,1.34227,1.34289,1.34218,579,1779924299.894,GBPUSD
56,2026-05-27 23:25:00,1.34227,1.34227,1.34233,1.34215,418,1779924599.43,GBPUSD
56,2026-05-27 23:30:00,1.34226,1.3422,1.34226,1.34199,482,1779924899.024,GBPUSD
56,2026-05-27 23:35:00,1.3422,1.34203,1.3422,1.34188,425,1779925199.024,GBPUSD
56,2026-05-27 23:40:00,1.34203,1.34208,1.34209,1.34198,437,1779925499.012,GBPUSD
56,2026-05-27 23:45:00,1.34208,1.342,1.34208,1.34197,425,1779925799.019,GBPUSD
56,2026-05-27 23:50:00,1.342,1.34166,1.34203,1.34144,527,1779926099.838,GBPUSD
56,2026-05-27 23:55:00,1.34166,1.3416,1.34179,1.34158,510,1779926399.095,GBPUSD
56,2026-05-28 00:00:00,1.3416,1.3416,1.34169,1.34147,820,1779926699.994,GBPUSD
56,2026-05-28 00:05:00,1.3416,1.34179,1.3418,1.3415,668,1779926999.094,GBPUSD
56,2026-05-28 00:10:00,1.34179,1.34166,1.34179,1.34158,621,1779927299.917,GBPUSD
56,2026-05-28 00:15:00,1.34166,1.34182,1.34193,1.34159,566,1779927599.039,GBPUSD
56,2026-05-28 00:20:00,1.34182,1.3418,1.34201,1.34173,587,1779927899.795,GBPUSD
56,2026-05-28 00:25:00,1.3418,1.3419,1.34193,1.34167,562,1779928199.002,GBPUSD
56,2026-05-28 00:30:00,1.3419,1.34159,1.34193,1.34152,649,1779928499.493,GBPUSD
56,2026-05-28 00:35:00,1.34159,1.34157,1.3417,1.3415,476,1779928799.093,GBPUSD
56,2026-05-28 00:40:00,1.34157,1.3415,1.34166,1.34149,453,1779929099.896,GBPUSD
56,2026-05-28 00:45:00,1.3415,1.34131,1.3416,1.3413,504,1779929399.094,GBPUSD
56,2026-05-28 00:50:00,1.34131,1.34108,1.34137,1.34108,587,1779929699.934,GBPUSD
56,2026-05-28 00:55:00,1.34108,1.34136,1.34143,1.34096,599,1779929999.295,GBPUSD
56,2026-05-28 01:00:00,1.34136,1.34109,1.34142,1.34098,669,1779930299.041,GBPUSD
56,2026-05-28 01:05:00,1.34109,1.34118,1.34123,1.34102,548,1779930599.003,GBPUSD
56,2026-05-28 01:10:00,1.34118,1.34119,1.34131,1.3411,556,1779930899.005,GBPUSD
56,2026-05-28 01:15:00,1.34119,1.34119,1.3413,1.34115,589,1779931199.094,GBPUSD
56,2026-05-28 01:20:00,1.34119,1.34121,1.3413,1.341,542,1779931499.094,GBPUSD
56,2026-05-28 01:25:00,1.34121,1.34103,1.34121,1.34098,538,1779931799.015,GBPUSD
56,2026-05-28 01:30:00,1.34103,1.34086,1.34118,1.34072,674,1779932099.129,GBPUSD
56,2026-05-28 01:35:00,1.34086,1.34086,1.34091,1.34074,535,1779932399.097,GBPUSD
56,2026-05-28 01:40:00,1.34086,1.34052,1.34088,1.34052,500,1779932699.994,GBPUSD
56,2026-05-28 01:45:00,1.34054,1.34031,1.34054,1.34011,618,1779932999.031,GBPUSD
56,2026-05-28 01:50:00,1.34031,1.34021,1.34038,1.34017,531,1779933299.013,GBPUSD
56,2026-05-28 01:55:00,1.34021,1.33985,1.34021,1.33976,612,1779933599.994,GBPUSD
56,2026-05-28 02:00:00,1.33985,1.33998,1.3401,1.33984,654,1779933899.096,GBPUSD
56,2026-05-28 02:05:00,1.33998,1.34015,1.34017,1.3399,547,1779934199.015,GBPUSD
56,2026-05-28 02:10:00,1.34015,1.34028,1.3403,1.34014,502,1779934499.012,GBPUSD
56,2026-05-28 02:15:00,1.34028,1.34035,1.34037,1.3402,475,1779934799.023,GBPUSD
56,2026-05-28 02:20:00,1.34035,1.34049,1.34055,1.34034,433,1779935099.093,GBPUSD
56,2026-05-28 02:25:00,1.34049,1.34049,1.34054,1.34041,429,1779935399.732,GBPUSD
56,2026-05-28 02:30:00,1.34049,1.34062,1.34068,1.34049,509,1779935699.095,GBPUSD
56,2026-05-28 02:35:00,1.34062,1.34041,1.34069,1.3403,460,1779935999.023,GBPUSD
56,2026-05-28 02:40:00,1.34041,1.34014,1.34042,1.34008,621,1779936299.993,GBPUSD
56,2026-05-28 02:45:00,1.34014,1.34014,1.34017,1.34001,568,1779936599.009,GBPUSD
56,2026-05-28 02:50:00,1.34014,1.3401,1.34021,1.34004,517,1779936899.018,GBPUSD
56,2026-05-28 02:55:00,1.3401,1.34018,1.34021,1.34008,457,1779937199.6,GBPUSD
56,2026-05-28 03:00:00,1.34018,1.34013,1.34027,1.3401,578,1779937499.906,GBPUSD
56,2026-05-28 03:05:00,1.34013,1.33994,1.34037,1.33987,525,1779937799.031,GBPUSD
56,2026-05-28 03:10:00,1.33994,1.3394,1.33995,1.33936,622,1779938099.019,GBPUSD
56,2026-05-28 03:15:00,1.3394,1.33893,1.33947,1.33886,664,1779938399.995,GBPUSD
56,2026-05-28 03:20:00,1.33895,1.3389,1.33916,1.33883,675,1779938699.031,GBPUSD
56,2026-05-28 03:25:00,1.33891,1.33892,1.33918,1.33888,599,1779938999.039,GBPUSD
56,2026-05-28 03:30:00,1.33891,1.33818,1.33892,1.33807,833,1779939299.694,GBPUSD
56,2026-05-28 03:35:00,1.33818,1.33791,1.33838,1.33788,793,1779939599.004,GBPUSD
56,2026-05-28 03:40:00,1.33791,1.3376,1.33811,1.33757,923,1779939899.035,GBPUSD
56,2026-05-28 03:45:00,1.3376,1.33726,1.33778,1.33714,806,1779940199.297,GBPUSD
56,2026-05-28 03:50:00,1.33726,1.33706,1.33729,1.33692,691,1779940499.494,GBPUSD
56,2026-05-28 03:55:00,1.33706,1.33686,1.33708,1.33685,585,1779940799.005,GBPUSD
56,2026-05-28 04:00:00,1.33686,1.33712,1.33712,1.33675,732,1779941099.594,GBPUSD
56,2026-05-28 04:05:00,1.33712,1.33748,1.33748,1.33678,655,1779941399.016,GBPUSD
56,2026-05-28 04:10:00,1.33748,1.33736,1.33753,1.33717,564,1779941699.695,GBPUSD
56,2026-05-28 04:15:00,1.33736,1.33709,1.33753,1.33708,679,1779941999.795,GBPUSD
56,2026-05-28 04:20:00,1.33709,1.33736,1.33744,1.33708,732,1779942299.394,GBPUSD
56,2026-05-28 04:25:00,1.33737,1.33716,1.33739,1.33714,556,1779942599.394,GBPUSD
56,2026-05-28 04:30:00,1.33716,1.33743,1.3375,1.33714,584,1779942899.028,GBPUSD
56,2026-05-28 04:35:00,1.33743,1.33769,1.33769,1.33736,503,1779943199.126,GBPUSD
56,2026-05-28 04:40:00,1.33769,1.33766,1.33784,1.33756,544,1779943499.095,GBPUSD
56,2026-05-28 04:45:00,1.33766,1.33767,1.33773,1.33751,474,1779943799.594,GBPUSD
56,2026-05-28 04:50:00,1.33767,1.3377,1.33781,1.33759,501,1779944099.52,GBPUSD
56,2026-05-28 04:55:00,1.3377,1.33779,1.33783,1.33769,492,1779944399.025,GBPUSD
56,2026-05-28 05:00:00,1.33778,1.33781,1.3379,1.33765,576,1779944699.936,GBPUSD
56,2026-05-28 05:05:00,1.33781,1.33771,1.33794,1.33769,464,1779944999.022,GBPUSD
56,2026-05-28 05:10:00,1.33771,1.33791,1.33793,1.33754,486,1779945299.008,GBPUSD
56,2026-05-28 05:15:00,1.3379,1.33793,1.33802,1.33783,464,1779945599.006,GBPUSD
56,2026-05-28 05:20:00,1.33793,1.33814,1.33821,1.33789,433,1779945899.022,GBPUSD
56,2026-05-28 05:25:00,1.33814,1.33838,1.33844,1.33814,469,1779946199.01,GBPUSD
56,2026-05-28 05:30:00,1.33838,1.3391,1.33913,1.33838,682,1779946499.001,GBPUSD
56,2026-05-28 05:35:00,1.3391,1.33921,1.33922,1.33889,582,1779946799.008,GBPUSD
56,2026-05-28 05:40:00,1.33921,1.33929,1.33943,1.33916,595,1779947099.023,GBPUSD
56,2026-05-28 05:45:00,1.33929,1.33949,1.33952,1.33929,537,1779947399.095,GBPUSD
56,2026-05-28 05:50:00,1.33949,1.33941,1.33962,1.33937,555,1779947699.093,GBPUSD
56,2026-05-28 05:55:00,1.33941,1.33922,1.33942,1.3392,549,1779947999.442,GBPUSD
56,2026-05-28 06:00:00,1.33922,1.33939,1.33949,1.33906,593,1779948299.997,GBPUSD
56,2026-05-28 06:05:00,1.33939,1.3394,1.3396,1.33936,536,1779948599.027,GBPUSD
56,2026-05-28 06:10:00,1.3394,1.33983,1.33991,1.33927,562,1779948899.042,GBPUSD
56,2026-05-28 06:15:00,1.33983,1.33981,1.33986,1.33957,572,1779949199.207,GBPUSD
56,2026-05-28 06:20:00,1.33981,1.34003,1.3402,1.33981,554,1779949499.814,GBPUSD
56,2026-05-28 06:25:00,1.34003,1.33994,1.34024,1.33991,602,1779949799.033,GBPUSD
56,2026-05-28 06:30:00,1.33994,1.3403,1.34052,1.3399,781,1779950099.015,GBPUSD
56,2026-05-28 06:35:00,1.3403,1.34071,1.34081,1.34027,682,1779950399.013,GBPUSD
56,2026-05-28 06:40:00,1.34069,1.34064,1.34069,1.34035,720,1779950699.322,GBPUSD
56,2026-05-28 06:45:00,1.34064,1.34064,1.34078,1.34056,501,1779950999.794,GBPUSD
56,2026-05-28 06:50:00,1.34064,1.3403,1.34064,1.34025,585,1779951299.943,GBPUSD
56,2026-05-28 06:55:00,1.34028,1.3404,1.34061,1.34028,624,1779951599.341,GBPUSD
56,2026-05-28 07:00:00,1.3404,1.34086,1.34099,1.3404,909,1779951899.693,GBPUSD
56,2026-05-28 07:05:00,1.34085,1.34096,1.34096,1.34052,772,1779952199.009,GBPUSD
56,2026-05-28 07:10:00,1.34096,1.34106,1.34117,1.34088,762,1779952499.942,GBPUSD
56,2026-05-28 07:15:00,1.34108,1.34076,1.34109,1.34061,738,1779952799.003,GBPUSD
56,2026-05-28 07:20:00,1.34076,1.34062,1.34078,1.34041,724,1779953099.029,GBPUSD
56,2026-05-28 07:25:00,1.34062,1.3403,1.34062,1.34005,716,1779953399.301,GBPUSD
56,2026-05-28 07:30:00,1.3403,1.34027,1.34066,1.34025,685,1779953699.031,GBPUSD
56,2026-05-28 07:35:00,1.34027,1.34003,1.34028,1.33996,634,1779953999.929,GBPUSD
56,2026-05-28 07:40:00,1.34003,1.34027,1.3403,1.33998,571,1779954299.095,GBPUSD
56,2026-05-28 07:45:00,1.34027,1.34042,1.34054,1.34015,708,1779954599.017,GBPUSD
56,2026-05-28 07:50:00,1.34042,1.34025,1.34045,1.34018,546,1779954899.026,GBPUSD
56,2026-05-28 07:55:00,1.34025,1.34027,1.34032,1.34015,504,1779955199.007,GBPUSD
56,2026-05-28 08:00:00,1.34027,1.34055,1.34061,1.34021,770,1779955499.638,GBPUSD
56,2026-05-28 08:05:00,1.34055,1.34051,1.34069,1.34045,654,1779955799.415,GBPUSD
56,2026-05-28 08:10:00,1.34051,1.33997,1.34054,1.33979,575,1779956099.994,GBPUSD
56,2026-05-28 08:15:00,1.33997,1.3399,1.33999,1.33976,608,1779956399.027,GBPUSD
56,2026-05-28 08:20:00,1.3399,1.34018,1.34028,1.3399,560,1779956699.421,GBPUSD
56,2026-05-28 08:25:00,1.34018,1.33994,1.34022,1.33956,652,1779956999.038,GBPUSD
56,2026-05-28 08:30:00,1.33994,1.3398,1.34002,1.33973,615,1779957299.095,GBPUSD
56,2026-05-28 08:35:00,1.3398,1.33988,1.33996,1.33975,549,1779957599.022,GBPUSD
56,2026-05-28 08:40:00,1.33987,1.33962,1.34005,1.3395,509,1779957899.395,GBPUSD
56,2026-05-28 08:45:00,1.33962,1.34008,1.34009,1.33956,533,1779958199.094,GBPUSD
56,2026-05-28 08:50:00,1.34008,1.34017,1.3404,1.34001,517,1779958499.022,GBPUSD
56,2026-05-28 08:55:00,1.34017,1.34018,1.34028,1.33998,459,1779958799.096,GBPUSD
56,2026-05-28 09:00:00,1.34018,1.34035,1.34044,1.34014,504,1779959099.094,GBPUSD
56,2026-05-28 09:05:00,1.34035,1.3403,1.34054,1.34028,659,1779959399.039,GBPUSD
56,2026-05-28 09:10:00,1.3403,1.34068,1.34078,1.34023,593,1779959699.015,GBPUSD
56,2026-05-28 09:15:00,1.34068,1.34058,1.34071,1.34051,520,1779959998.017,GBPUSD
56,2026-05-28 09:20:00,1.34058,1.34071,1.34098,1.34051,543,1779960299.124,GBPUSD
56,2026-05-28 09:25:00,1.34071,1.34043,1.34082,1.3404,632,1779960599.809,GBPUSD
56,2026-05-28 09:30:00,1.34043,1.34016,1.34049,1.34001,612,1779960899.024,GBPUSD
56,2026-05-28 09:35:00,1.34016,1.34002,1.3403,1.33998,588,1779961199.095,GBPUSD
56,2026-05-28 09:40:00,1.34002,1.33988,1.3403,1.33987,530,1779961499.024,GBPUSD
56,2026-05-28 09:45:00,1.33988,1.3398,1.33988,1.3396,547,1779961799.016,GBPUSD
56,2026-05-28 09:50:00,1.33981,1.33981,1.34008,1.33973,711,1779962099.293,GBPUSD
56,2026-05-28 09:55:00,1.33981,1.33957,1.33983,1.33948,640,1779962399.016,GBPUSD
56,2026-05-28 10:00:00,1.33959,1.33947,1.33973,1.33936,635,1779962699.928,GBPUSD
56,2026-05-28 10:05:00,1.33944,1.33937,1.33956,1.339,664,1779962999.019,GBPUSD
56,2026-05-28 10:10:00,1.33937,1.33942,1.33954,1.33929,495,1779963299.031,GBPUSD
56,2026-05-28 10:15:00,1.33942,1.33932,1.33981,1.33929,710,1779963599.494,GBPUSD
56,2026-05-28 10:20:00,1.33931,1.33947,1.33954,1.33909,725,1779963899.039,GBPUSD
56,2026-05-28 10:25:00,1.33947,1.33977,1.33981,1.33946,602,1779964198.394,GBPUSD
56,2026-05-28 10:30:00,1.33979,1.33959,1.33981,1.33956,548,1779964499.014,GBPUSD
56,2026-05-28 10:35:00,1.33959,1.33921,1.33962,1.33919,535,1779964799.806,GBPUSD
56,2026-05-28 10:40:00,1.33921,1.33881,1.33921,1.33871,710,1779965099.497,GBPUSD
56,2026-05-28 10:45:00,1.33881,1.33938,1.33948,1.33874,610,1779965399.029,GBPUSD
56,2026-05-28 10:50:00,1.33938,1.33926,1.33939,1.33867,1196,1779965699.794,GBPUSD
56,2026-05-28 10:55:00,1.33928,1.33893,1.33939,1.33889,884,1779965999.994,GBPUSD
56,2026-05-28 11:00:00,1.33892,1.33956,1.33957,1.33891,939,1779966299.811,GBPUSD
56,2026-05-28 11:05:00,1.33956,1.33937,1.3396,1.33921,631,1779966599.894,GBPUSD
56,2026-05-28 11:10:00,1.33937,1.33959,1.33962,1.33923,658,1779966899.538,GBPUSD
56,2026-05-28 11:15:00,1.3396,1.3398,1.33981,1.33959,642,1779967199.026,GBPUSD
56,2026-05-28 11:20:00,1.3398,1.33979,1.33992,1.33969,544,1779967499.922,GBPUSD
56,2026-05-28 11:25:00,1.33979,1.34006,1.34011,1.33969,516,1779967799.704,GBPUSD
56,2026-05-28 11:30:00,1.34006,1.34001,1.34006,1.33959,568,1779968099.011,GBPUSD
56,2026-05-28 11:35:00,1.34001,1.3402,1.34027,1.33993,604,1779968399.31,GBPUSD
56,2026-05-28 11:40:00,1.3402,1.34028,1.34032,1.34012,469,1779968699.016,GBPUSD
56,2026-05-28 11:45:00,1.34028,1.34017,1.34052,1.34017,584,1779968999.095,GBPUSD
56,2026-05-28 11:50:00,1.34017,1.3407,1.34075,1.3401,731,1779969299.195,GBPUSD
56,2026-05-28 11:55:00,1.3407,1.34066,1.34105,1.34057,780,1779969599.036,GBPUSD
56,2026-05-28 12:00:00,1.34066,1.34061,1.34069,1.34042,842,1779969899.994,GBPUSD
56,2026-05-28 12:05:00,1.34061,1.34047,1.34081,1.34046,760,1779970199.295,GBPUSD
56,2026-05-28 12:10:00,1.34046,1.34069,1.34069,1.34032,737,1779970499.994,GBPUSD
56,2026-05-28 12:15:00,1.34068,1.34077,1.34088,1.34065,738,1779970799.894,GBPUSD
56,2026-05-28 12:20:00,1.34077,1.34069,1.34094,1.34055,830,1779971099.501,GBPUSD
56,2026-05-28 12:25:00,1.34069,1.34101,1.34109,1.34069,641,1779971399.695,GBPUSD
56,2026-05-28 12:30:00,1.34101,1.34169,1.34221,1.34082,1028,1779971699.919,GBPUSD
56,2026-05-28 12:35:00,1.34169,1.34201,1.34228,1.34154,1237,1779971999.02,GBPUSD
56,2026-05-28 12:40:00,1.34201,1.34198,1.34224,1.34182,1020,1779972299.847,GBPUSD
56,2026-05-28 12:45:00,1.34198,1.34209,1.34227,1.34181,975,1779972599.895,GBPUSD
56,2026-05-28 12:50:00,1.34209,1.34223,1.34252,1.34201,924,1779972899.818,GBPUSD
56,2026-05-28 12:55:00,1.34223,1.34208,1.34227,1.3418,1013,1779973199.395,GBPUSD
56,2026-05-28 13:00:00,1.34208,1.34244,1.34281,1.34208,965,1779973499.698,GBPUSD
56,2026-05-28 13:05:00,1.34244,1.34208,1.34259,1.34199,994,1779973799.436,GBPUSD
56,2026-05-28 13:10:00,1.34208,1.34157,1.34211,1.34157,889,1779974099.696,GBPUSD
56,2026-05-28 13:15:00,1.34157,1.34163,1.34166,1.34141,773,1779974399.094,GBPUSD
56,2026-05-28 13:20:00,1.34163,1.34188,1.34191,1.34149,802,1779974699.993,GBPUSD
56,2026-05-28 13:25:00,1.34188,1.34171,1.3421,1.34169,855,1779974999.933,GBPUSD
56,2026-05-28 13:30:00,1.34171,1.34191,1.34193,1.34157,1121,1779975299.026,GBPUSD
56,2026-05-28 13:35:00,1.34191,1.34191,1.34234,1.34186,965,1779975599.018,GBPUSD
56,2026-05-28 13:40:00,1.34191,1.34231,1.34251,1.34187,1044,1779975899.094,GBPUSD
56,2026-05-28 13:45:00,1.34231,1.3421,1.34259,1.34191,928,1779976199.01,GBPUSD
56,2026-05-28 13:50:00,1.3421,1.34163,1.34248,1.34163,1049,1779976499.995,GBPUSD
56,2026-05-28 13:55:00,1.34164,1.34125,1.34169,1.34125,854,1779976799.894,GBPUSD
56,2026-05-28 14:00:00,1.34126,1.34102,1.3413,1.34074,915,1779977099.027,GBPUSD
56,2026-05-28 14:05:00,1.34102,1.3413,1.34134,1.34098,1033,1779977399.913,GBPUSD
56,2026-05-28 14:10:00,1.3413,1.34373,1.34515,1.34098,2203,1779977699.993,GBPUSD
56,2026-05-28 14:15:00,1.34373,1.34377,1.3441,1.34306,1975,1779977999.521,GBPUSD
56,2026-05-28 14:20:00,1.34377,1.3437,1.34421,1.34329,1412,1779978299.836,GBPUSD
56,2026-05-28 14:25:00,1.34369,1.34388,1.34399,1.3434,1195,1779978599.705,GBPUSD
56,2026-05-28 14:30:00,1.34388,1.34316,1.34442,1.343,1363,1779978899.696,GBPUSD
56,2026-05-28 14:35:00,1.34316,1.34356,1.3437,1.34293,1306,1779979199.033,GBPUSD
56,2026-05-28 14:40:00,1.34356,1.3435,1.34424,1.34329,1257,1779979499.929,GBPUSD
56,2026-05-28 14:45:00,1.3435,1.34347,1.34398,1.34319,1483,1779979799.901,GBPUSD
56,2026-05-28 14:50:00,1.34347,1.34299,1.34371,1.34254,1359,1779980099.915,GBPUSD
56,2026-05-28 14:55:00,1.34299,1.34329,1.34329,1.34278,1266,1779980399.094,GBPUSD
56,2026-05-28 15:00:00,1.3433,1.3438,1.34401,1.34321,1158,1779980699.033,GBPUSD
56,2026-05-28 15:05:00,1.3438,1.3438,1.34398,1.34345,1091,1779980999.694,GBPUSD
56,2026-05-28 15:10:00,1.3438,1.344,1.34421,1.3436,1044,1779981299.532,GBPUSD
56,2026-05-28 15:15:00,1.34399,1.34376,1.3441,1.34363,956,1779981599.395,GBPUSD
56,2026-05-28 15:20:00,1.34376,1.34381,1.34391,1.3436,851,1779981899.9,GBPUSD
56,2026-05-28 15:25:00,1.3438,1.34368,1.34391,1.34345,908,1779982199.795,GBPUSD
56,2026-05-28 15:30:00,1.34367,1.34375,1.34379,1.34346,921,1779982499.995,GBPUSD
56,2026-05-28 15:35:00,1.34375,1.34349,1.3441,1.34347,1000,1779982799.037,GBPUSD
56,2026-05-28 15:40:00,1.34349,1.34366,1.34369,1.34338,986,1779983099.813,GBPUSD
56,2026-05-28 15:45:00,1.34365,1.34371,1.34388,1.34352,890,1779983399.825,GBPUSD
56,2026-05-28 15:50:00,1.34371,1.34369,1.3439,1.34347,844,1779983699.021,GBPUSD
56,2026-05-28 15:55:00,1.34369,1.34358,1.3438,1.34352,856,1779983999.839,GBPUSD
56,2026-05-28 16:00:00,1.34358,1.34369,1.34374,1.34322,1061,1779984299.695,GBPUSD
56,2026-05-28 16:05:00,1.34369,1.34388,1.34397,1.34367,744,1779984599.008,GBPUSD
56,2026-05-28 16:10:00,1.34388,1.34398,1.34403,1.34376,738,1779984899.03,GBPUSD
56,2026-05-28 16:15:00,1.34398,1.3442,1.34447,1.34386,1051,1779985199.594,GBPUSD
56,2026-05-28 16:20:00,1.3442,1.34449,1.34484,1.34407,991,1779985499.611,GBPUSD
56,2026-05-28 16:25:00,1.34449,1.34442,1.34462,1.34439,839,1779985799.095,GBPUSD
56,2026-05-28 16:30:00,1.34442,1.34455,1.34457,1.34435,784,1779986099.094,GBPUSD
56,2026-05-28 16:35:00,1.34455,1.34418,1.34462,1.34416,803,1779986399.717,GBPUSD
56,2026-05-28 16:40:00,1.34418,1.34435,1.34448,1.34407,787,1779986699.993,GBPUSD
56,2026-05-28 16:45:00,1.34435,1.34436,1.34464,1.34432,739,1779986999.995,GBPUSD
56,2026-05-28 16:50:00,1.34436,1.34429,1.34452,1.34414,847,1779987299.895,GBPUSD
56,2026-05-28 16:55:00,1.34428,1.34466,1.34469,1.34428,783,1779987599.898,GBPUSD
56,2026-05-28 17:00:00,1.34466,1.34468,1.34477,1.34454,758,1779987899.894,GBPUSD
56,2026-05-28 17:05:00,1.34468,1.34478,1.3448,1.34433,864,1779988199.995,GBPUSD
56,2026-05-28 17:10:00,1.34478,1.34458,1.34482,1.34448,671,1779988499.018,GBPUSD
56,2026-05-28 17:15:00,1.34458,1.34442,1.34459,1.34436,614,1779988799.022,GBPUSD
56,2026-05-28 17:20:00,1.34442,1.34443,1.34455,1.34433,717,1779989099.094,GBPUSD
56,2026-05-28 17:25:00,1.34442,1.34413,1.34442,1.34411,603,1779989399.495,GBPUSD
56,2026-05-28 17:30:00,1.34413,1.34452,1.34462,1.34413,748,1779989699.007,GBPUSD
56,2026-05-28 17:35:00,1.34452,1.3445,1.34459,1.34436,673,1779989999.019,GBPUSD
56,2026-05-28 17:40:00,1.3445,1.34412,1.34458,1.34407,609,1779990299.594,GBPUSD
56,2026-05-28 17:45:00,1.34411,1.34442,1.34445,1.34411,687,1779990599.005,GBPUSD
56,2026-05-28 17:50:00,1.34442,1.34444,1.3445,1.34431,691,1779990899.022,GBPUSD
56,2026-05-28 17:55:00,1.34444,1.34457,1.34466,1.34436,677,1779991199.596,GBPUSD
56,2026-05-28 18:00:00,1.34457,1.34465,1.34477,1.34444,708,1779991499.008,GBPUSD
56,2026-05-28 18:05:00,1.34465,1.34458,1.34471,1.34454,805,1779991799.923,GBPUSD
56,2026-05-28 18:10:00,1.34458,1.34443,1.34458,1.34417,786,1779992099.199,GBPUSD
56,2026-05-28 18:15:00,1.34444,1.34459,1.34483,1.34431,1033,1779992399.312,GBPUSD
56,2026-05-28 18:20:00,1.34459,1.34416,1.34468,1.34394,913,1779992699.194,GBPUSD
56,2026-05-28 18:25:00,1.34416,1.34391,1.34417,1.34387,802,1779992999.594,GBPUSD
56,2026-05-28 18:30:00,1.34391,1.34377,1.34397,1.34374,794,1779993299.702,GBPUSD
56,2026-05-28 18:35:00,1.34377,1.34371,1.3439,1.34365,728,1779993599.029,GBPUSD
56,2026-05-28 18:40:00,1.34371,1.34385,1.34387,1.34366,595,1779993899.015,GBPUSD
56,2026-05-28 18:45:00,1.34385,1.34399,1.34402,1.34384,596,1779994199.095,GBPUSD
56,2026-05-28 18:50:00,1.34399,1.34417,1.3442,1.34396,599,1779994499.03,GBPUSD
56,2026-05-28 18:55:00,1.34417,1.34405,1.34426,1.34396,603,1779994799.795,GBPUSD
56,2026-05-28 19:00:00,1.34404,1.34398,1.34408,1.34384,610,1779995099.093,GBPUSD
56,2026-05-28 19:05:00,1.34398,1.34386,1.34401,1.34376,668,1779995399.83,GBPUSD
56,2026-05-28 19:10:00,1.34386,1.34385,1.34407,1.3438,664,1779995699.093,GBPUSD
56,2026-05-28 19:15:00,1.34385,1.34407,1.34407,1.34383,514,1779995999.027,GBPUSD
56,2026-05-28 19:20:00,1.34406,1.344,1.3441,1.34397,596,1779996299.004,GBPUSD
56,2026-05-28 19:25:00,1.344,1.34405,1.34407,1.34394,534,1779996598.536,GBPUSD
56,2026-05-28 19:30:00,1.34405,1.34427,1.3443,1.34405,586,1779996899.018,GBPUSD
56,2026-05-28 19:35:00,1.34427,1.34435,1.34441,1.34423,669,1779997199.994,GBPUSD
56,2026-05-28 19:40:00,1.34433,1.34415,1.34435,1.34408,606,1779997499.002,GBPUSD
56,2026-05-28 19:45:00,1.34415,1.34436,1.34439,1.34406,568,1779997799.095,GBPUSD
56,2026-05-28 19:50:00,1.34436,1.3442,1.34436,1.3441,644,1779998099.696,GBPUSD
56,2026-05-28 19:55:00,1.3442,1.34394,1.3442,1.34383,894,1779998399.996,GBPUSD
56,2026-05-28 20:00:00,1.34394,1.3439,1.3441,1.34385,873,1779998699.83,GBPUSD
56,2026-05-28 20:05:00,1.34389,1.34418,1.34421,1.34389,596,1779998999.025,GBPUSD
56,2026-05-28 20:10:00,1.34417,1.34408,1.34417,1.344,484,1779999299.04,GBPUSD
56,2026-05-28 20:15:00,1.34408,1.34408,1.34418,1.34403,572,1779999599.023,GBPUSD
56,2026-05-28 20:20:00,1.34408,1.34401,1.34411,1.34399,377,1779999899.024,GBPUSD
56,2026-05-28 20:25:00,1.34401,1.34392,1.34401,1.3439,500,1780000199.593,GBPUSD
56,2026-05-28 20:30:00,1.34393,1.34418,1.34421,1.34393,520,1780000499.011,GBPUSD
56,2026-05-28 20:35:00,1.34418,1.3441,1.34422,1.34409,404,1780000799.834,GBPUSD
56,2026-05-28 20:40:00,1.3441,1.34418,1.3442,1.34409,378,1780001099.011,GBPUSD
56,2026-05-28 20:45:00,1.34418,1.34419,1.34423,1.34417,396,1780001399.009,GBPUSD
56,2026-05-28 20:50:00,1.34419,1.34437,1.34438,1.34418,399,1780001699.037,GBPUSD
56,2026-05-28 20:55:00,1.34437,1.3446,1.3446,1.34428,438,1780001999.495,GBPUSD
56,2026-05-28 21:00:00,1.3446,1.34447,1.34473,1.3444,307,1780002299.893,GBPUSD
56,2026-05-28 21:05:00,1.34447,1.34437,1.34447,1.3442,315,1780002599.035,GBPUSD
56,2026-05-28 21:10:00,1.34437,1.34437,1.34444,1.34437,278,1780002899.025,GBPUSD
56,2026-05-28 21:15:00,1.34437,1.34435,1.34463,1.34434,297,1780003199.036,GBPUSD
56,2026-05-28 21:20:00,1.34435,1.34424,1.34435,1.34417,308,1780003499.036,GBPUSD
56,2026-05-28 21:25:00,1.34424,1.34432,1.34433,1.34419,282,1780003799.032,GBPUSD
56,2026-05-28 21:30:00,1.34432,1.34428,1.34437,1.34425,329,1780004099.036,GBPUSD
56,2026-05-28 21:35:00,1.34428,1.34424,1.3444,1.34424,330,1780004399.022,GBPUSD
56,2026-05-28 21:40:00,1.34424,1.34449,1.34452,1.34424,303,1780004699.006,GBPUSD
56,2026-05-28 21:45:00,1.34449,1.34434,1.34451,1.34434,313,1780004999.03,GBPUSD
56,2026-05-28 21:50:00,1.34434,1.34421,1.34437,1.34416,311,1780005299.038,GBPUSD
56,2026-05-28 21:55:00,1.34421,1.34456,1.34457,1.34421,288,1780005599.012,GBPUSD
56,2026-05-28 22:00:00,1.34456,1.34459,1.34461,1.34438,399,1780005899.037,GBPUSD
56,2026-05-28 22:05:00,1.34459,1.34452,1.34461,1.34448,411,1780006199.095,GBPUSD
56,2026-05-28 22:10:00,1.34451,1.34452,1.34461,1.34438,462,1780006499.023,GBPUSD
56,2026-05-28 22:15:00,1.34452,1.34448,1.34459,1.34448,342,1780006799.023,GBPUSD
56,2026-05-28 22:20:00,1.34448,1.34448,1.34454,1.34448,317,1780007099.029,GBPUSD
56,2026-05-28 22:25:00,1.34448,1.34444,1.34449,1.34441,328,1780007399.093,GBPUSD
56,2026-05-28 22:30:00,1.34444,1.34428,1.34444,1.34427,363,1780007699.095,GBPUSD
56,2026-05-28 22:35:00,1.34428,1.3443,1.3443,1.34427,328,1780007999.032,GBPUSD
56,2026-05-28 22:40:00,1.3443,1.3443,1.3443,1.34423,312,1780008298.038,GBPUSD
56,2026-05-28 22:45:00,1.3443,1.34418,1.3443,1.34417,335,1780008599.096,GBPUSD
56,2026-05-28 22:50:00,1.34418,1.34424,1.34425,1.34418,339,1780008899.014,GBPUSD
56,2026-05-28 22:55:00,1.34424,1.34416,1.3443,1.34416,340,1780009199.093,GBPUSD
56,2026-05-28 23:00:00,1.34416,1.34451,1.34452,1.34416,451,1780009499.008,GBPUSD
56,2026-05-28 23:05:00,1.34451,1.34435,1.34451,1.34434,388,1780009799.051,GBPUSD
56,2026-05-28 23:10:00,1.34435,1.3444,1.34447,1.34435,379,1780010099.091,GBPUSD
56,2026-05-28 23:15:00,1.3444,1.34438,1.34449,1.34437,335,1780010399.025,GBPUSD
56,2026-05-28 23:20:00,1.34438,1.34448,1.3445,1.34437,361,1780010699.031,GBPUSD
56,2026-05-28 23:25:00,1.34448,1.3444,1.34449,1.34438,366,1780010999.038,GBPUSD
56,2026-05-28 23:30:00,1.3444,1.34444,1.34445,1.34431,330,1780011299.601,GBPUSD
56,2026-05-28 23:35:00,1.34444,1.34444,1.34452,1.34441,379,1780011599.047,GBPUSD
56,2026-05-28 23:40:00,1.34444,1.34446,1.34448,1.3443,363,1780011899.594,GBPUSD
56,2026-05-28 23:45:00,1.34446,1.34439,1.34447,1.34434,342,1780012199.994,GBPUSD
56,2026-05-28 23:50:00,1.34439,1.34441,1.34456,1.34437,417,1780012499.033,GBPUSD
56,2026-05-28 23:55:00,1.34441,1.34441,1.34445,1.34437,427,1780012799.593,GBPUSD
56,2026-05-29 00:00:00,1.34441,1.34458,1.34458,1.34437,602,1780013099.807,GBPUSD
56,2026-05-29 00:05:00,1.34458,1.34442,1.34462,1.34438,564,1780013399.193,GBPUSD
56,2026-05-29 00:10:00,1.34442,1.34448,1.34451,1.34436,487,1780013699.594,GBPUSD
56,2026-05-29 00:15:00,1.34448,1.34469,1.34469,1.3444,536,1780013999.023,GBPUSD
56,2026-05-29 00:20:00,1.34469,1.34464,1.34489,1.34463,484,1780014299.997,GBPUSD
56,2026-05-29 00:25:00,1.34464,1.34459,1.34477,1.34454,576,1780014599.01,GBPUSD
56,2026-05-29 00:30:00,1.34459,1.34408,1.34459,1.34407,579,1780014899.095,GBPUSD
56,2026-05-29 00:35:00,1.34408,1.34417,1.34421,1.34407,419,1780015199.042,GBPUSD
56,2026-05-29 00:40:00,1.34417,1.34437,1.34441,1.34414,487,1780015499.018,GBPUSD
56,2026-05-29 00:45:00,1.34437,1.34431,1.34437,1.34417,539,1780015799.008,GBPUSD
56,2026-05-29 00:50:00,1.34431,1.34424,1.34443,1.34424,569,1780016099.594,GBPUSD
56,2026-05-29 00:55:00,1.34424,1.3441,1.34427,1.34396,558,1780016398.05,GBPUSD
56,2026-05-29 01:00:00,1.3441,1.34398,1.34428,1.34383,633,1780016699.016,GBPUSD
56,2026-05-29 01:05:00,1.34398,1.34448,1.34457,1.34397,751,1780016999.016,GBPUSD
56,2026-05-29 01:10:00,1.34448,1.34468,1.34468,1.34447,589,1780017299.014,GBPUSD
56,2026-05-29 01:15:00,1.34468,1.34478,1.34488,1.34457,601,1780017599.009,GBPUSD
56,2026-05-29 01:20:00,1.34478,1.34491,1.34506,1.34472,580,1780017899.038,GBPUSD
56,2026-05-29 01:25:00,1.34489,1.34482,1.34502,1.34482,468,1780018199.025,GBPUSD
56,2026-05-29 01:30:00,1.34482,1.34471,1.34485,1.34462,637,1780018499.894,GBPUSD
56,2026-05-29 01:35:00,1.34471,1.34449,1.34476,1.34446,578,1780018799.094,GBPUSD
56,2026-05-29 01:40:00,1.34449,1.34444,1.34464,1.34442,573,1780019099.016,GBPUSD
56,2026-05-29 01:45:00,1.34444,1.34408,1.34446,1.34398,603,1780019399.296,GBPUSD
56,2026-05-29 01:50:00,1.34408,1.34406,1.34416,1.34397,566,1780019699.039,GBPUSD
56,2026-05-29 01:55:00,1.34407,1.344,1.3442,1.34388,551,1780019999.81,GBPUSD
56,2026-05-29 02:00:00,1.344,1.34402,1.34417,1.34396,575,1780020299.017,GBPUSD
56,2026-05-29 02:05:00,1.34402,1.34402,1.34421,1.34392,558,1780020599.894,GBPUSD
56,2026-05-29 02:10:00,1.34401,1.34428,1.3443,1.34397,522,1780020899.414,GBPUSD
56,2026-05-29 02:15:00,1.34428,1.34417,1.34428,1.34417,468,1780021199.002,GBPUSD
56,2026-05-29 02:20:00,1.34417,1.34411,1.34429,1.34408,528,1780021499.043,GBPUSD
56,2026-05-29 02:25:00,1.34411,1.34409,1.34411,1.34398,494,1780021799.093,GBPUSD
56,2026-05-29 02:30:00,1.34409,1.34418,1.34421,1.34397,485,1780022099.194,GBPUSD
56,2026-05-29 02:35:00,1.34418,1.34421,1.34427,1.34412,467,1780022399.003,GBPUSD
56,2026-05-29 02:40:00,1.34421,1.3443,1.34438,1.34421,449,1780022699.894,GBPUSD
56,2026-05-29 02:45:00,1.34431,1.34418,1.3444,1.34416,494,1780022999.694,GBPUSD
56,2026-05-29 02:50:00,1.34418,1.344,1.3442,1.34396,410,1780023299.0,GBPUSD
56,2026-05-29 02:55:00,1.344,1.34383,1.34401,1.34381,488,1780023599.034,GBPUSD
56,2026-05-29 03:00:00,1.34383,1.34367,1.3439,1.34356,534,1780023899.019,GBPUSD
56,2026-05-29 03:05:00,1.34367,1.34361,1.34377,1.34361,457,1780024199.203,GBPUSD
56,2026-05-29 03:10:00,1.34361,1.34347,1.34361,1.34343,481,1780024499.095,GBPUSD
56,2026-05-29 03:15:00,1.34347,1.34342,1.34353,1.34335,480,1780024799.022,GBPUSD
56,2026-05-29 03:20:00,1.34342,1.34342,1.3435,1.34336,454,1780025099.023,GBPUSD
56,2026-05-29 03:25:00,1.34342,1.34352,1.34354,1.34332,502,1780025399.029,GBPUSD
56,2026-05-29 03:30:00,1.34351,1.34342,1.34357,1.34337,497,1780025699.095,GBPUSD
56,2026-05-29 03:35:00,1.34342,1.34327,1.34347,1.34316,479,1780025999.024,GBPUSD
56,2026-05-29 03:40:00,1.34327,1.34333,1.34334,1.34313,404,1780026299.502,GBPUSD
56,2026-05-29 03:45:00,1.34333,1.3432,1.34336,1.34318,408,1780026599.036,GBPUSD
56,2026-05-29 03:50:00,1.3432,1.3432,1.34326,1.34305,504,1780026899.003,GBPUSD
56,2026-05-29 03:55:00,1.34319,1.34324,1.34327,1.34312,527,1780027199.035,GBPUSD
56,2026-05-29 04:00:00,1.34323,1.3434,1.34352,1.34321,515,1780027499.009,GBPUSD
56,2026-05-29 04:05:00,1.3434,1.34349,1.34349,1.3433,424,1780027799.994,GBPUSD
56,2026-05-29 04:10:00,1.34349,1.34347,1.34354,1.34339,393,1780028099.095,GBPUSD
56,2026-05-29 04:15:00,1.34347,1.34349,1.34358,1.34338,465,1780028399.046,GBPUSD
56,2026-05-29 04:20:00,1.34349,1.34342,1.3435,1.34337,496,1780028699.008,GBPUSD
56,2026-05-29 04:25:00,1.34342,1.3434,1.34345,1.34326,503,1780028999.013,GBPUSD
56,2026-05-29 04:30:00,1.34339,1.34328,1.34342,1.34326,472,1780029299.213,GBPUSD
56,2026-05-29 04:35:00,1.34328,1.34345,1.34345,1.34326,404,1780029599.024,GBPUSD
56,2026-05-29 04:40:00,1.34345,1.34367,1.3437,1.3434,419,1780029899.037,GBPUSD
56,2026-05-29 04:45:00,1.34367,1.34373,1.3438,1.34364,432,1780030199.401,GBPUSD
56,2026-05-29 04:50:00,1.34373,1.3438,1.34381,1.34363,389,1780030499.794,GBPUSD
56,2026-05-29 04:55:00,1.3438,1.34383,1.34384,1.34373,409,1780030799.036,GBPUSD
56,2026-05-29 05:00:00,1.34383,1.34376,1.34389,1.34376,462,1780031099.016,GBPUSD
56,2026-05-29 05:05:00,1.34376,1.34391,1.34399,1.34376,431,1780031399.595,GBPUSD
56,2026-05-29 05:10:00,1.3439,1.34404,1.34407,1.34389,421,1780031699.095,GBPUSD
56,2026-05-29 05:15:00,1.34404,1.34417,1.34418,1.34398,458,1780031999.594,GBPUSD
56,2026-05-29 05:20:00,1.34417,1.344,1.34419,1.34398,486,1780032299.029,GBPUSD
56,2026-05-29 05:25:00,1.344,1.34403,1.34414,1.344,425,1780032598.042,GBPUSD
56,2026-05-29 05:30:00,1.34403,1.34391,1.34403,1.34387,418,1780032899.197,GBPUSD
56,2026-05-29 05:35:00,1.34391,1.34368,1.34391,1.3436,475,1780033199.094,GBPUSD
56,2026-05-29 05:40:00,1.34368,1.34377,1.34388,1.34364,427,1780033499.017,GBPUSD
56,2026-05-29 05:45:00,1.34377,1.34377,1.34381,1.34372,404,1780033799.005,GBPUSD
56,2026-05-29 05:50:00,1.34377,1.34381,1.34382,1.34368,441,1780034099.017,GBPUSD
56,2026-05-29 05:55:00,1.34381,1.34387,1.34402,1.3438,465,1780034399.193,GBPUSD
56,2026-05-29 06:00:00,1.34387,1.34396,1.34408,1.34379,623,1780034699.198,GBPUSD
56,2026-05-29 06:05:00,1.34396,1.34386,1.344,1.34373,479,1780034999.015,GBPUSD
56,2026-05-29 06:10:00,1.34386,1.3444,1.34442,1.34386,493,1780035299.994,GBPUSD
56,2026-05-29 06:15:00,1.3444,1.34413,1.34441,1.34401,641,1780035599.395,GBPUSD
56,2026-05-29 06:20:00,1.34413,1.34414,1.34424,1.3439,653,1780035899.828,GBPUSD
56,2026-05-29 06:25:00,1.34414,1.34397,1.34424,1.34391,634,1780036199.406,GBPUSD
56,2026-05-29 06:30:00,1.34397,1.34393,1.34448,1.34393,749,1780036499.032,GBPUSD
56,2026-05-29 06:35:00,1.34394,1.34381,1.34402,1.34367,697,1780036799.54,GBPUSD
56,2026-05-29 06:40:00,1.34381,1.34387,1.34391,1.34356,623,1780037099.996,GBPUSD
56,2026-05-29 06:45:00,1.34388,1.34401,1.3442,1.34388,480,1780037399.095,GBPUSD
56,2026-05-29 06:50:00,1.34401,1.34396,1.34405,1.34384,559,1780037699.014,GBPUSD
56,2026-05-29 06:55:00,1.34396,1.3442,1.34437,1.34391,592,1780037999.995,GBPUSD
56,2026-05-29 07:00:00,1.3442,1.3436,1.3442,1.3434,817,1780038299.993,GBPUSD
56,2026-05-29 07:05:00,1.3436,1.34373,1.34402,1.3436,757,1780038599.594,GBPUSD
56,2026-05-29 07:10:00,1.34373,1.34325,1.34388,1.34316,710,1780038899.02,GBPUSD
56,2026-05-29 07:15:00,1.34325,1.34326,1.34339,1.34305,489,1780039199.043,GBPUSD
56,2026-05-29 07:20:00,1.34326,1.34256,1.34335,1.34255,643,1780039499.795,GBPUSD
56,2026-05-29 07:25:00,1.34256,1.34238,1.34256,1.34227,719,1780039799.036,GBPUSD
56,2026-05-29 07:30:00,1.34238,1.34227,1.34238,1.34204,584,1780040099.037,GBPUSD
56,2026-05-29 07:35:00,1.34227,1.34189,1.34238,1.34188,685,1780040399.223,GBPUSD
56,2026-05-29 07:40:00,1.34189,1.34257,1.34259,1.34177,688,1780040699.021,GBPUSD
56,2026-05-29 07:45:00,1.34257,1.34237,1.34279,1.34234,607,1780040999.295,GBPUSD
56,2026-05-29 07:50:00,1.34237,1.34247,1.34261,1.34232,400,1780041299.993,GBPUSD
56,2026-05-29 07:55:00,1.34247,1.34261,1.34271,1.34245,599,1780041599.623,GBPUSD
56,2026-05-29 08:00:00,1.34261,1.34224,1.34261,1.34219,947,1780041899.705,GBPUSD
56,2026-05-29 08:05:00,1.34224,1.34197,1.34238,1.34196,823,1780042199.694,GBPUSD
56,2026-05-29 08:10:00,1.34197,1.34191,1.3421,1.34187,633,1780042499.03,GBPUSD
56,2026-05-29 08:15:00,1.34191,1.34191,1.34208,1.34181,624,1780042799.944,GBPUSD
56,2026-05-29 08:20:00,1.34191,1.34201,1.34218,1.34188,610,1780043099.04,GBPUSD
56,2026-05-29 08:25:00,1.34201,1.34198,1.34212,1.34183,637,1780043399.039,GBPUSD
56,2026-05-29 08:30:00,1.34198,1.34218,1.34224,1.34184,595,1780043699.003,GBPUSD
56,2026-05-29 08:35:00,1.34218,1.3418,1.34227,1.34166,496,1780043999.425,GBPUSD
56,2026-05-29 08:40:00,1.3418,1.34166,1.34191,1.34157,574,1780044299.029,GBPUSD
56,2026-05-29 08:45:00,1.34166,1.34136,1.34166,1.34133,516,1780044599.696,GBPUSD
56,2026-05-29 08:50:00,1.34136,1.34118,1.3414,1.34092,732,1780044899.394,GBPUSD
56,2026-05-29 08:55:00,1.34118,1.34116,1.34123,1.34084,734,1780045199.013,GBPUSD
56,2026-05-29 09:00:00,1.34116,1.3414,1.34164,1.34095,739,1780045499.023,GBPUSD
56,2026-05-29 09:05:00,1.3414,1.34132,1.3416,1.3413,588,1780045798.294,GBPUSD
56,2026-05-29 09:10:00,1.34132,1.34156,1.34162,1.3412,696,1780046099.896,GBPUSD
56,2026-05-29 09:15:00,1.34156,1.34172,1.34195,1.34146,695,1780046399.895,GBPUSD
56,2026-05-29 09:20:00,1.34172,1.34142,1.34173,1.34135,586,1780046699.031,GBPUSD
56,2026-05-29 09:25:00,1.34142,1.34153,1.34166,1.34127,557,1780046999.007,GBPUSD
56,2026-05-29 09:30:00,1.34153,1.34122,1.34159,1.34119,567,1780047299.693,GBPUSD
56,2026-05-29 09:35:00,1.34122,1.34122,1.3413,1.34108,560,1780047599.993,GBPUSD
56,2026-05-29 09:40:00,1.34122,1.34129,1.34131,1.34108,566,1780047899.495,GBPUSD
56,2026-05-29 09:45:00,1.34129,1.34138,1.3416,1.34125,574,1780048199.532,GBPUSD
56,2026-05-29 09:50:00,1.34138,1.34156,1.34159,1.34132,592,1780048499.594,GBPUSD
56,2026-05-29 09:55:00,1.34156,1.34177,1.34191,1.34151,659,1780048799.795,GBPUSD
56,2026-05-29 10:00:00,1.34177,1.34137,1.34177,1.34133,649,1780049099.035,GBPUSD
56,2026-05-29 10:05:00,1.34137,1.3414,1.34152,1.34129,537,1780049399.202,GBPUSD
56,2026-05-29 10:10:00,1.3414,1.34152,1.34166,1.34132,598,1780049699.004,GBPUSD
56,2026-05-29 10:15:00,1.34152,1.34146,1.34162,1.34135,520,1780049999.095,GBPUSD
56,2026-05-29 10:20:00,1.34146,1.3417,1.34179,1.34146,538,1780050299.124,GBPUSD
56,2026-05-29 10:25:00,1.3417,1.34143,1.3417,1.34133,459,1780050599.031,GBPUSD
56,2026-05-29 10:30:00,1.34143,1.3415,1.34153,1.34139,475,1780050899.095,GBPUSD
56,2026-05-29 10:35:00,1.3415,1.34137,1.34163,1.34129,605,1780051199.007,GBPUSD
56,2026-05-29 10:40:00,1.34137,1.34137,1.3414,1.34114,612,1780051499.894,GBPUSD
56,2026-05-29 10:45:00,1.34137,1.34108,1.34152,1.34101,620,1780051799.095,GBPUSD
56,2026-05-29 10:50:00,1.34108,1.34127,1.34132,1.34108,509,1780052099.993,GBPUSD
56,2026-05-29 10:55:00,1.34127,1.3418,1.34184,1.34122,601,1780052399.494,GBPUSD
56,2026-05-29 11:00:00,1.3418,1.3419,1.34202,1.34157,695,1780052699.021,GBPUSD
56,2026-05-29 11:05:00,1.3419,1.34179,1.342,1.34176,600,1780052999.198,GBPUSD
56,2026-05-29 11:10:00,1.34179,1.34164,1.34182,1.34158,673,1780053299.039,GBPUSD
56,2026-05-29 11:15:00,1.34164,1.3417,1.34181,1.34159,708,1780053599.024,GBPUSD
56,2026-05-29 11:20:00,1.3417,1.34186,1.34192,1.34155,695,1780053899.093,GBPUSD
56,2026-05-29 11:25:00,1.34186,1.34193,1.34198,1.34179,655,1780054199.001,GBPUSD
56,2026-05-29 11:30:00,1.34193,1.34171,1.34193,1.34167,654,1780054499.093,GBPUSD
56,2026-05-29 11:35:00,1.3417,1.34234,1.3424,1.3417,699,1780054799.995,GBPUSD
56,2026-05-29 11:40:00,1.34234,1.34252,1.34259,1.34223,764,1780055099.019,GBPUSD
56,2026-05-29 11:45:00,1.34252,1.34232,1.3427,1.34232,682,1780055399.023,GBPUSD
56,2026-05-29 11:50:00,1.34232,1.34259,1.34268,1.34196,1091,1780055699.005,GBPUSD
56,2026-05-29 11:55:00,1.34259,1.34291,1.34298,1.34244,669,1780055999.315,GBPUSD
56,2026-05-29 12:00:00,1.34291,1.34281,1.34298,1.34272,765,1780056299.004,GBPUSD
56,2026-05-29 12:05:00,1.34281,1.34267,1.34283,1.34258,859,1780056599.094,GBPUSD
56,2026-05-29 12:10:00,1.34267,1.34287,1.343,1.34245,878,1780056899.894,GBPUSD
56,2026-05-29 12:15:00,1.34287,1.34288,1.34295,1.34278,778,1780057199.295,GBPUSD
56,2026-05-29 12:20:00,1.34288,1.34251,1.34288,1.34247,727,1780057499.629,GBPUSD
56,2026-05-29 12:25:00,1.34251,1.34255,1.34269,1.34231,608,1780057799.626,GBPUSD
56,2026-05-29 12:30:00,1.34255,1.34241,1.34264,1.34207,796,1780058099.194,GBPUSD
56,2026-05-29 12:35:00,1.34241,1.34272,1.34279,1.34238,896,1780058399.635,GBPUSD
56,2026-05-29 12:40:00,1.34272,1.34296,1.34298,1.34268,822,1780058698.345,GBPUSD
56,2026-05-29 12:45:00,1.34296,1.34302,1.34305,1.34279,731,1780058999.993,GBPUSD
56,2026-05-29 12:50:00,1.34302,1.34288,1.34334,1.34288,850,1780059299.994,GBPUSD
56,2026-05-29 12:55:00,1.34288,1.34341,1.34345,1.34268,839,1780059599.094,GBPUSD
56,2026-05-29 13:00:00,1.34341,1.34346,1.34356,1.3431,925,1780059899.734,GBPUSD
56,2026-05-29 13:05:00,1.34346,1.34349,1.34352,1.34329,830,1780060199.098,GBPUSD
56,2026-05-29 13:10:00,1.34349,1.34349,1.34354,1.34335,736,1780060499.002,GBPUSD
56,2026-05-29 13:15:00,1.34349,1.344,1.34405,1.34348,885,1780060799.039,GBPUSD
56,2026-05-29 13:20:00,1.344,1.34387,1.34442,1.34369,838,1780061099.095,GBPUSD
56,2026-05-29 13:25:00,1.34387,1.3441,1.34424,1.34387,797,1780061399.231,GBPUSD
56,2026-05-29 13:30:00,1.3441,1.34441,1.34451,1.3439,1020,1780061699.794,GBPUSD
56,2026-05-29 13:35:00,1.3444,1.3443,1.34451,1.34421,804,1780061999.896,GBPUSD
56,2026-05-29 13:40:00,1.34429,1.3445,1.34452,1.3442,690,1780062299.896,GBPUSD
56,2026-05-29 13:45:00,1.3445,1.34448,1.34473,1.34432,862,1780062599.894,GBPUSD
56,2026-05-29 13:50:00,1.34448,1.34409,1.34458,1.34376,996,1780062899.494,GBPUSD
56,2026-05-29 13:55:00,1.34409,1.34388,1.34415,1.34386,957,1780063199.004,GBPUSD
56,2026-05-29 14:00:00,1.34388,1.34408,1.34413,1.34369,1052,1780063499.706,GBPUSD
56,2026-05-29 14:05:00,1.34408,1.34431,1.34461,1.34399,911,1780063799.497,GBPUSD
56,2026-05-29 14:10:00,1.34431,1.34384,1.34458,1.3438,1143,1780064099.824,GBPUSD
56,2026-05-29 14:15:00,1.34384,1.34356,1.34391,1.34342,1170,1780064399.036,GBPUSD
56,2026-05-29 14:20:00,1.34356,1.34373,1.34397,1.34356,1145,1780064699.995,GBPUSD
56,2026-05-29 14:25:00,1.34373,1.34395,1.34398,1.34359,1074,1780064999.995,GBPUSD
56,2026-05-29 14:30:00,1.34396,1.3439,1.34408,1.34364,1133,1780065299.098,GBPUSD
56,2026-05-29 14:35:00,1.3439,1.34318,1.34405,1.34298,1043,1780065599.006,GBPUSD
56,2026-05-29 14:40:00,1.34318,1.344,1.34406,1.34318,1270,1780065899.293,GBPUSD
56,2026-05-29 14:45:00,1.344,1.34519,1.34538,1.34381,1208,1780066199.295,GBPUSD
56,2026-05-29 14:50:00,1.34519,1.34685,1.34686,1.345,2337,1780066499.632,GBPUSD
56,2026-05-29 14:55:00,1.34685,1.34776,1.34811,1.34667,1958,1780066799.997,GBPUSD
56,2026-05-29 15:00:00,1.34776,1.34787,1.34848,1.34774,1846,1780067099.44,GBPUSD
56,2026-05-29 15:05:00,1.34787,1.34789,1.34798,1.34757,1374,1780067399.903,GBPUSD
56,2026-05-29 15:10:00,1.34789,1.34828,1.34847,1.34786,1391,1780067699.194,GBPUSD
56,2026-05-29 15:15:00,1.3483,1.34786,1.34832,1.34785,1285,1780067999.806,GBPUSD
56,2026-05-29 15:20:00,1.34787,1.34789,1.34852,1.34777,1005,1780068299.502,GBPUSD
56,2026-05-29 15:25:00,1.34789,1.34746,1.34791,1.3473,1144,1780068599.994,GBPUSD
56,2026-05-29 15:30:00,1.34746,1.34799,1.34854,1.34743,1201,1780068899.895,GBPUSD
56,2026-05-29 15:35:00,1.34799,1.34774,1.34829,1.34747,1292,1780069199.031,GBPUSD
56,2026-05-29 15:40:00,1.34774,1.34718,1.34798,1.34699,1370,1780069499.894,GBPUSD
56,2026-05-29 15:45:00,1.34718,1.34763,1.34769,1.34712,1298,1780069799.001,GBPUSD
56,2026-05-29 15:50:00,1.34763,1.34749,1.34781,1.34738,1050,1780070099.021,GBPUSD
56,2026-05-29 15:55:00,1.34749,1.34747,1.34772,1.34736,901,1780070399.512,GBPUSD
56,2026-05-29 16:00:00,1.34747,1.34687,1.34758,1.34687,1006,1780070699.294,GBPUSD
56,2026-05-29 16:05:00,1.34687,1.34689,1.34699,1.34677,846,1780070999.698,GBPUSD
56,2026-05-29 16:10:00,1.34688,1.34666,1.34693,1.34655,753,1780071299.094,GBPUSD
56,2026-05-29 16:15:00,1.34665,1.34686,1.3471,1.34658,688,1780071599.034,GBPUSD
56,2026-05-29 16:20:00,1.34686,1.34699,1.34709,1.34679,767,1780071899.631,GBPUSD
56,2026-05-29 16:25:00,1.347,1.34697,1.34718,1.34697,757,1780072199.095,GBPUSD
56,2026-05-29 16:30:00,1.34697,1.34688,1.3472,1.34661,1160,1780072499.994,GBPUSD
56,2026-05-29 16:35:00,1.34689,1.34699,1.34716,1.34676,970,1780072799.046,GBPUSD
56,2026-05-29 16:40:00,1.34699,1.34662,1.34709,1.34658,840,1780073099.038,GBPUSD
56,2026-05-29 16:45:00,1.34662,1.34659,1.34679,1.34643,875,1780073399.795,GBPUSD
56,2026-05-29 16:50:00,1.34659,1.34661,1.34682,1.34639,827,1780073699.095,GBPUSD
56,2026-05-29 16:55:00,1.34661,1.34673,1.34678,1.34655,759,1780073999.029,GBPUSD
56,2026-05-29 17:00:00,1.34674,1.34681,1.34691,1.34658,690,1780074299.01,GBPUSD
56,2026-05-29 17:05:00,1.34681,1.34671,1.34699,1.34666,599,1780074599.039,GBPUSD
56,2026-05-29 17:10:00,1.34671,1.34663,1.34681,1.34659,775,1780074899.994,GBPUSD
56,2026-05-29 17:15:00,1.34662,1.34645,1.34678,1.34644,632,1780075199.694,GBPUSD
56,2026-05-29 17:20:00,1.34645,1.34618,1.34647,1.34598,864,1780075499.037,GBPUSD
56,2026-05-29 17:25:00,1.34618,1.34627,1.34631,1.34603,667,1780075799.095,GBPUSD
56,2026-05-29 17:30:00,1.34627,1.34632,1.34637,1.34608,682,1780076099.039,GBPUSD
56,2026-05-29 17:35:00,1.34631,1.3461,1.3464,1.34604,682,1780076399.594,GBPUSD
56,2026-05-29 17:40:00,1.3461,1.34607,1.34612,1.34586,587,1780076699.002,GBPUSD
56,2026-05-29 17:45:00,1.34606,1.34609,1.34616,1.34594,564,1780076999.893,GBPUSD
56,2026-05-29 17:50:00,1.34609,1.34579,1.34613,1.34562,562,1780077299.521,GBPUSD
56,2026-05-29 17:55:00,1.34579,1.34559,1.34582,1.34557,909,1780077599.013,GBPUSD
56,2026-05-29 18:00:00,1.34559,1.34581,1.34584,1.34552,828,1780077899.003,GBPUSD
56,2026-05-29 18:05:00,1.34581,1.34588,1.34593,1.34577,611,1780078199.894,GBPUSD
56,2026-05-29 18:10:00,1.34588,1.34599,1.34602,1.34586,609,1780078499.194,GBPUSD
56,2026-05-29 18:15:00,1.34599,1.34607,1.34608,1.34583,630,1780078799.004,GBPUSD
56,2026-05-29 18:20:00,1.34607,1.34587,1.34618,1.34586,590,1780079099.506,GBPUSD
56,2026-05-29 18:25:00,1.34588,1.34594,1.34608,1.34585,566,1780079399.996,GBPUSD
56,2026-05-29 18:30:00,1.34595,1.34638,1.34639,1.34594,540,1780079699.015,GBPUSD
56,2026-05-29 18:35:00,1.34638,1.34644,1.34649,1.34618,565,1780079999.044,GBPUSD
56,2026-05-29 18:40:00,1.34645,1.34606,1.34647,1.34598,597,1780080299.095,GBPUSD
56,2026-05-29 18:45:00,1.34606,1.34607,1.34618,1.34552,1007,1780080599.916,GBPUSD
56,2026-05-29 18:50:00,1.34607,1.34628,1.34631,1.34606,586,1780080899.033,GBPUSD
56,2026-05-29 18:55:00,1.34628,1.34605,1.34639,1.34604,731,1780081199.724,GBPUSD
56,2026-05-29 19:00:00,1.34605,1.34628,1.34638,1.34605,788,1780081499.024,GBPUSD
56,2026-05-29 19:05:00,1.34628,1.34661,1.34662,1.34628,657,1780081799.037,GBPUSD
56,2026-05-29 19:10:00,1.34661,1.34658,1.34667,1.3465,641,1780082099.838,GBPUSD
56,2026-05-29 19:15:00,1.34658,1.34648,1.34668,1.34648,648,1780082399.698,GBPUSD
56,2026-05-29 19:20:00,1.34648,1.34644,1.34668,1.34642,665,1780082699.732,GBPUSD
56,2026-05-29 19:25:00,1.34644,1.34667,1.34667,1.34627,646,1780082999.002,GBPUSD
56,2026-05-29 19:30:00,1.34667,1.34672,1.3468,1.34664,748,1780083299.61,GBPUSD
56,2026-05-29 19:35:00,1.34672,1.34678,1.34687,1.34665,534,1780083599.095,GBPUSD
56,2026-05-29 19:40:00,1.34678,1.34702,1.3471,1.34676,553,1780083899.126,GBPUSD
56,2026-05-29 19:45:00,1.34702,1.34689,1.34708,1.34678,715,1780084199.794,GBPUSD
56,2026-05-29 19:50:00,1.34689,1.34683,1.34698,1.34679,878,1780084499.894,GBPUSD
56,2026-05-29 19:55:00,1.34682,1.34676,1.34693,1.34667,833,1780084799.917,GBPUSD
56,2026-05-29 20:00:00,1.34676,1.34656,1.34683,1.34645,674,1780085099.325,GBPUSD
56,2026-05-29 20:05:00,1.34655,1.34653,1.34667,1.34647,656,1780085399.494,GBPUSD
56,2026-05-29 20:10:00,1.34653,1.34638,1.34657,1.34627,650,1780085699.994,GBPUSD
56,2026-05-29 20:15:00,1.34638,1.34618,1.34639,1.34617,677,1780085999.194,GBPUSD
56,2026-05-29 20:20:00,1.34618,1.34621,1.34627,1.34615,853,1780086299.026,GBPUSD
56,2026-05-29 20:25:00,1.34621,1.34607,1.34622,1.34606,692,1780086599.041,GBPUSD
56,2026-05-29 20:30:00,1.34607,1.34598,1.34608,1.34595,679,1780086899.022,GBPUSD
56,2026-05-29 20:35:00,1.34598,1.34597,1.34611,1.34596,400,1780087199.039,GBPUSD
56,2026-05-29 20:40:00,1.34596,1.34599,1.34606,1.34596,591,1780087499.014,GBPUSD
56,2026-05-29 20:45:00,1.34599,1.34563,1.346,1.34559,686,1780087799.793,GBPUSD
56,2026-05-29 20:50:00,1.34563,1.34563,1.34587,1.34554,690,1780088099.119,GBPUSD
56,2026-05-29 20:55:00,1.34563,1.34525,1.34597,1.34517,1388,1780088399.594,GBPUSD
56,2026-05-29 21:00:00,1.34525,1.34525,1.34525,1.34525,1,1780088400.072,GBPUSD
56,2026-05-29 21:05:00,1.34525,1.34525,1.34525,1.34525,0,1780088700.0,GBPUSD
56,2026-05-29 21:10:00,1.34525,1.34525,1.34525,1.34525,0,1780089000.0,GBPUSD
56,2026-05-29 21:15:00,1.34525,1.34525,1.34525,1.34525,0,1780089300.0,GBPUSD
56,2026-05-29 21:20:00,1.34525,1.34525,1.34525,1.34525,0,1780089600.0,GBPUSD
56,2026-05-29 21:25:00,1.34525,1.34525,1.34525,1.34525,0,1780089900.0,GBPUSD
56,2026-05-29 21:30:00,1.34525,1.34525,1.34525,1.34525,0,1780090200.0,GBPUSD
56,2026-05-29 21:35:00,1.34525,1.34525,1.34525,1.34525,0,1780090500.0,GBPUSD
56,2026-05-29 21:40:00,1.34525,1.34525,1.34525,1.34525,0,1780090800.0,GBPUSD
56,2026-05-29 21:45:00,1.34525,1.34525,1.34525,1.34525,0,1780091100.0,GBPUSD
56,2026-05-29 21:50:00,1.34525,1.34525,1.34525,1.34525,0,1780091400.0,GBPUSD
56,2026-05-29 21:55:00,1.34525,1.34525,1.34525,1.34525,0,1780091700.0,GBPUSD
56,2026-05-29 22:00:00,1.34525,1.34525,1.34525,1.34525,0,1780092000.0,GBPUSD
56,2026-05-29 22:05:00,1.34525,1.34525,1.34525,1.34525,0,1780092300.0,GBPUSD
56,2026-05-29 22:10:00,1.34525,1.34525,1.34525,1.34525,0,1780092600.0,GBPUSD
56,2026-05-29 22:15:00,1.34525,1.34525,1.34525,1.34525,0,1780092900.0,GBPUSD
56,2026-05-29 22:20:00,1.34525,1.34525,1.34525,1.34525,0,1780093200.0,GBPUSD
56,2026-05-29 22:25:00,1.34525,1.34525,1.34525,1.34525,0,1780093500.0,GBPUSD
56,2026-05-29 22:30:00,1.34525,1.34525,1.34525,1.34525,0,1780093800.0,GBPUSD
56,2026-05-29 22:35:00,1.34525,1.34525,1.34525,1.34525,0,1780094100.0,GBPUSD
56,2026-05-29 22:40:00,1.34525,1.34525,1.34525,1.34525,0,1780094400.0,GBPUSD
56,2026-05-29 22:45:00,1.34525,1.34525,1.34525,1.34525,0,1780094700.0,GBPUSD
56,2026-05-29 22:50:00,1.34525,1.34525,1.34525,1.34525,0,1780095000.0,GBPUSD
56,2026-05-29 22:55:00,1.34525,1.34525,1.34525,1.34525,0,1780095300.0,GBPUSD
56,2026-05-29 23:00:00,1.34525,1.34525,1.34525,1.34525,0,1780095600.0,GBPUSD
56,2026-05-29 23:05:00,1.34525,1.34525,1.34525,1.34525,0,1780095900.0,GBPUSD
56,2026-05-29 23:10:00,1.34525,1.34525,1.34525,1.34525,0,1780096200.0,GBPUSD
56,2026-05-29 23:15:00,1.34525,1.34525,1.34525,1.34525,0,1780096500.0,GBPUSD
56,2026-05-29 23:20:00,1.34525,1.34525,1.34525,1.34525,0,1780096800.0,GBPUSD
56,2026-05-29 23:25:00,1.34525,1.34525,1.34525,1.34525,0,1780097100.0,GBPUSD
56,2026-05-29 23:30:00,1.34525,1.34525,1.34525,1.34525,0,1780097400.0,GBPUSD
56,2026-05-29 23:35:00,1.34525,1.34525,1.34525,1.34525,0,1780097700.0,GBPUSD
56,2026-05-29 23:40:00,1.34525,1.34525,1.34525,1.34525,0,1780098000.0,GBPUSD
56,2026-05-29 23:45:00,1.34525,1.34525,1.34525,1.34525,0,1780098300.0,GBPUSD
56,2026-05-29 23:50:00,1.34525,1.34525,1.34525,1.34525,0,1780098600.0,GBPUSD
56,2026-05-29 23:55:00,1.34525,1.34525,1.34525,1.34525,0,1780098900.0,GBPUSD
56,2026-05-30 00:00:00,1.34525,1.34525,1.34525,1.34525,0,1780099200.0,GBPUSD
56,2026-05-30 00:05:00,1.34525,1.34525,1.34525,1.34525,0,1780099500.0,GBPUSD
56,2026-05-30 00:10:00,1.34525,1.34525,1.34525,1.34525,0,1780099800.0,GBPUSD
56,2026-05-30 00:15:00,1.34525,1.34525,1.34525,1.34525,0,1780100100.0,GBPUSD
56,2026-05-30 00:20:00,1.34525,1.34525,1.34525,1.34525,0,1780100400.0,GBPUSD
56,2026-05-30 00:25:00,1.34525,1.34525,1.34525,1.34525,0,1780100700.0,GBPUSD
56,2026-05-30 00:30:00,1.34525,1.34525,1.34525,1.34525,0,1780101000.0,GBPUSD
56,2026-05-30 00:35:00,1.34525,1.34525,1.34525,1.34525,0,1780101300.0,GBPUSD
56,2026-05-30 00:40:00,1.34525,1.34525,1.34525,1.34525,0,1780101600.0,GBPUSD
56,2026-05-30 00:45:00,1.34525,1.34525,1.34525,1.34525,0,1780101900.0,GBPUSD
56,2026-05-30 00:50:00,1.34525,1.34525,1.34525,1.34525,0,1780102200.0,GBPUSD
56,2026-05-30 00:55:00,1.34525,1.34525,1.34525,1.34525,0,1780102500.0,GBPUSD
56,2026-05-30 01:00:00,1.34525,1.34525,1.34525,1.34525,0,1780102800.0,GBPUSD
56,2026-05-30 01:05:00,1.34525,1.34525,1.34525,1.34525,0,1780103100.0,GBPUSD
56,2026-05-30 01:10:00,1.34525,1.34525,1.34525,1.34525,0,1780103400.0,GBPUSD
56,2026-05-30 01:15:00,1.34525,1.34525,1.34525,1.34525,0,1780103700.0,GBPUSD
56,2026-05-30 01:20:00,1.34525,1.34525,1.34525,1.34525,0,1780104000.0,GBPUSD
56,2026-05-30 01:25:00,1.34525,1.34525,1.34525,1.34525,0,1780104300.0,GBPUSD
56,2026-05-30 01:30:00,1.34525,1.34525,1.34525,1.34525,0,1780104600.0,GBPUSD
56,2026-05-30 01:35:00,1.34525,1.34525,1.34525,1.34525,0,1780104900.0,GBPUSD
56,2026-05-30 01:40:00,1.34525,1.34525,1.34525,1.34525,0,1780105200.0,GBPUSD
56,2026-05-30 01:45:00,1.34525,1.34525,1.34525,1.34525,0,1780105500.0,GBPUSD
56,2026-05-30 01:50:00,1.34525,1.34525,1.34525,1.34525,0,1780105800.0,GBPUSD
56,2026-05-30 01:55:00,1.34525,1.34525,1.34525,1.34525,0,1780106100.0,GBPUSD
56,2026-05-30 02:00:00,1.34525,1.34525,1.34525,1.34525,0,1780106400.0,GBPUSD
56,2026-05-30 02:05:00,1.34525,1.34525,1.34525,1.34525,0,1780106700.0,GBPUSD
56,2026-05-30 02:10:00,1.34525,1.34525,1.34525,1.34525,0,1780107000.0,GBPUSD
56,2026-05-30 02:15:00,1.34525,1.34525,1.34525,1.34525,0,1780107300.0,GBPUSD
56,2026-05-30 02:20:00,1.34525,1.34525,1.34525,1.34525,0,1780107600.0,GBPUSD
56,2026-05-30 02:25:00,1.34525,1.34525,1.34525,1.34525,0,1780107900.0,GBPUSD
56,2026-05-30 02:30:00,1.34525,1.34525,1.34525,1.34525,0,1780108200.0,GBPUSD
56,2026-05-30 02:35:00,1.34525,1.34525,1.34525,1.34525,0,1780108500.0,GBPUSD
56,2026-05-30 02:40:00,1.34525,1.34525,1.34525,1.34525,0,1780108800.0,GBPUSD
56,2026-05-30 02:45:00,1.34525,1.34525,1.34525,1.34525,0,1780109100.0,GBPUSD
56,2026-05-30 02:50:00,1.34525,1.34525,1.34525,1.34525,0,1780109400.0,GBPUSD
56,2026-05-30 02:55:00,1.34525,1.34525,1.34525,1.34525,0,1780109700.0,GBPUSD
56,2026-05-30 03:00:00,1.34525,1.34525,1.34525,1.34525,0,1780110000.0,GBPUSD
56,2026-05-30 03:05:00,1.34525,1.34525,1.34525,1.34525,0,1780110300.0,GBPUSD
56,2026-05-30 03:10:00,1.34525,1.34525,1.34525,1.34525,0,1780110600.0,GBPUSD
56,2026-05-30 03:15:00,1.34525,1.34525,1.34525,1.34525,0,1780110900.0,GBPUSD
56,2026-05-30 03:20:00,1.34525,1.34525,1.34525,1.34525,0,1780111200.0,GBPUSD
56,2026-05-30 03:25:00,1.34525,1.34525,1.34525,1.34525,0,1780111500.0,GBPUSD
56,2026-05-30 03:30:00,1.34525,1.34525,1.34525,1.34525,0,1780111800.0,GBPUSD
56,2026-05-30 03:35:00,1.34525,1.34525,1.34525,1.34525,0,1780112100.0,GBPUSD
56,2026-05-30 03:40:00,1.34525,1.34525,1.34525,1.34525,0,1780112400.0,GBPUSD
56,2026-05-30 03:45:00,1.34525,1.34525,1.34525,1.34525,0,1780112700.0,GBPUSD
56,2026-05-30 03:50:00,1.34525,1.34525,1.34525,1.34525,0,1780113000.0,GBPUSD
56,2026-05-30 03:55:00,1.34525,1.34525,1.34525,1.34525,0,1780113300.0,GBPUSD
56,2026-05-30 04:00:00,1.34525,1.34525,1.34525,1.34525,0,1780113600.0,GBPUSD
56,2026-05-30 04:05:00,1.34525,1.34525,1.34525,1.34525,0,1780113900.0,GBPUSD
56,2026-05-30 04:10:00,1.34525,1.34525,1.34525,1.34525,0,1780114200.0,GBPUSD
56,2026-05-30 04:15:00,1.34525,1.34525,1.34525,1.34525,0,1780114500.0,GBPUSD
56,2026-05-30 04:20:00,1.34525,1.34525,1.34525,1.34525,0,1780114800.0,GBPUSD
56,2026-05-30 04:25:00,1.34525,1.34525,1.34525,1.34525,0,1780115100.0,GBPUSD
56,2026-05-30 04:30:00,1.34525,1.34525,1.34525,1.34525,0,1780115400.0,GBPUSD
56,2026-05-30 04:35:00,1.34525,1.34525,1.34525,1.34525,0,1780115700.0,GBPUSD
56,2026-05-30 04:40:00,1.34525,1.34525,1.34525,1.34525,0,1780116000.0,GBPUSD
56,2026-05-30 04:45:00,1.34525,1.34525,1.34525,1.34525,0,1780116300.0,GBPUSD
56,2026-05-30 04:50:00,1.34525,1.34525,1.34525,1.34525,0,1780116600.0,GBPUSD
56,2026-05-30 04:55:00,1.34525,1.34525,1.34525,1.34525,0,1780116900.0,GBPUSD
56,2026-05-30 05:00:00,1.34525,1.34525,1.34525,1.34525,0,1780117200.0,GBPUSD
56,2026-05-30 05:05:00,1.34525,1.34525,1.34525,1.34525,0,1780117500.0,GBPUSD
56,2026-05-30 05:10:00,1.34525,1.34525,1.34525,1.34525,0,1780117800.0,GBPUSD
56,2026-05-30 05:15:00,1.34525,1.34525,1.34525,1.34525,0,1780118100.0,GBPUSD
56,2026-05-30 05:20:00,1.34525,1.34525,1.34525,1.34525,0,1780118400.0,GBPUSD
56,2026-05-30 05:25:00,1.34525,1.34525,1.34525,1.34525,0,1780118700.0,GBPUSD
56,2026-05-30 05:30:00,1.34525,1.34525,1.34525,1.34525,0,1780119000.0,GBPUSD
56,2026-05-30 05:35:00,1.34525,1.34525,1.34525,1.34525,0,1780119300.0,GBPUSD
56,2026-05-30 05:40:00,1.34525,1.34525,1.34525,1.34525,0,1780119600.0,GBPUSD
56,2026-05-30 05:45:00,1.34525,1.34525,1.34525,1.34525,0,1780119900.0,GBPUSD
56,2026-05-30 05:50:00,1.34525,1.34525,1.34525,1.34525,0,1780120200.0,GBPUSD
56,2026-05-30 05:55:00,1.34525,1.34525,1.34525,1.34525,0,1780120500.0,GBPUSD
56,2026-05-30 06:00:00,1.34525,1.34525,1.34525,1.34525,0,1780120800.0,GBPUSD
56,2026-05-30 06:05:00,1.34525,1.34525,1.34525,1.34525,0,1780121100.0,GBPUSD
56,2026-05-30 06:10:00,1.34525,1.34525,1.34525,1.34525,0,1780121400.0,GBPUSD
56,2026-05-30 06:15:00,1.34525,1.34525,1.34525,1.34525,0,1780121700.0,GBPUSD
56,2026-05-30 06:20:00,1.34525,1.34525,1.34525,1.34525,0,1780122000.0,GBPUSD
56,2026-05-30 06:25:00,1.34525,1.34525,1.34525,1.34525,0,1780122300.0,GBPUSD
56,2026-05-30 06:30:00,1.34525,1.34525,1.34525,1.34525,0,1780122600.0,GBPUSD
56,2026-05-30 06:35:00,1.34525,1.34525,1.34525,1.34525,0,1780122900.0,GBPUSD
56,2026-05-30 06:40:00,1.34525,1.34525,1.34525,1.34525,0,1780123200.0,GBPUSD
56,2026-05-30 06:45:00,1.34525,1.34525,1.34525,1.34525,0,1780123500.0,GBPUSD
56,2026-05-30 06:50:00,1.34525,1.34525,1.34525,1.34525,0,1780123800.0,GBPUSD
56,2026-05-30 06:55:00,1.34525,1.34525,1.34525,1.34525,0,1780124100.0,GBPUSD
56,2026-05-30 07:00:00,1.34525,1.34525,1.34525,1.34525,0,1780124400.0,GBPUSD
56,2026-05-30 07:05:00,1.34525,1.34525,1.34525,1.34525,0,1780124700.0,GBPUSD
56,2026-05-30 07:10:00,1.34525,1.34525,1.34525,1.34525,0,1780125000.0,GBPUSD
56,2026-05-30 07:15:00,1.34525,1.34525,1.34525,1.34525,0,1780125300.0,GBPUSD
56,2026-05-30 07:20:00,1.34525,1.34525,1.34525,1.34525,0,1780125600.0,GBPUSD
56,2026-05-30 07:25:00,1.34525,1.34525,1.34525,1.34525,0,1780125900.0,GBPUSD
56,2026-05-30 07:30:00,1.34525,1.34525,1.34525,1.34525,0,1780126200.0,GBPUSD
56,2026-05-30 07:35:00,1.34525,1.34525,1.34525,1.34525,0,1780126500.0,GBPUSD
56,2026-05-30 07:40:00,1.34525,1.34525,1.34525,1.34525,0,1780126800.0,GBPUSD
56,2026-05-30 07:45:00,1.34525,1.34525,1.34525,1.34525,0,1780127100.0,GBPUSD
56,2026-05-30 07:50:00,1.34525,1.34525,1.34525,1.34525,0,1780127400.0,GBPUSD
56,2026-05-30 07:55:00,1.34525,1.34525,1.34525,1.34525,0,1780127700.0,GBPUSD
56,2026-05-30 08:00:00,1.34525,1.34525,1.34525,1.34525,0,1780128000.0,GBPUSD
56,2026-05-30 08:05:00,1.34525,1.34525,1.34525,1.34525,0,1780128300.0,GBPUSD
56,2026-05-30 08:10:00,1.34525,1.34525,1.34525,1.34525,0,1780128600.0,GBPUSD
56,2026-05-30 08:15:00,1.34525,1.34525,1.34525,1.34525,0,1780128900.0,GBPUSD
56,2026-05-30 08:20:00,1.34525,1.34525,1.34525,1.34525,0,1780129200.0,GBPUSD
56,2026-05-30 08:25:00,1.34525,1.34525,1.34525,1.34525,0,1780129500.0,GBPUSD
56,2026-05-30 08:30:00,1.34525,1.34525,1.34525,1.34525,0,1780129800.0,GBPUSD
56,2026-05-30 08:35:00,1.34525,1.34525,1.34525,1.34525,0,1780130100.0,GBPUSD
56,2026-05-30 08:40:00,1.34525,1.34525,1.34525,1.34525,0,1780130400.0,GBPUSD
56,2026-05-30 08:45:00,1.34525,1.34525,1.34525,1.34525,0,1780130700.0,GBPUSD
56,2026-05-30 08:50:00,1.34525,1.34525,1.34525,1.34525,0,1780131000.0,GBPUSD
56,2026-05-30 08:55:00,1.34525,1.34525,1.34525,1.34525,0,1780131300.0,GBPUSD
56,2026-05-30 09:00:00,1.34525,1.34525,1.34525,1.34525,0,1780131600.0,GBPUSD
56,2026-05-30 09:05:00,1.34525,1.34525,1.34525,1.34525,0,1780131900.0,GBPUSD
56,2026-05-30 09:10:00,1.34525,1.34525,1.34525,1.34525,0,1780132200.0,GBPUSD
56,2026-05-30 09:15:00,1.34525,1.34525,1.34525,1.34525,0,1780132500.0,GBPUSD
56,2026-05-30 09:20:00,1.34525,1.34525,1.34525,1.34525,0,1780132800.0,GBPUSD
56,2026-05-30 09:25:00,1.34525,1.34525,1.34525,1.34525,0,1780133100.0,GBPUSD
56,2026-05-30 09:30:00,1.34525,1.34525,1.34525,1.34525,0,1780133400.0,GBPUSD
56,2026-05-30 09:35:00,1.34525,1.34525,1.34525,1.34525,0,1780133700.0,GBPUSD
56,2026-05-30 09:40:00,1.34525,1.34525,1.34525,1.34525,0,1780134000.0,GBPUSD
56,2026-05-30 09:45:00,1.34525,1.34525,1.34525,1.34525,0,1780134300.0,GBPUSD
56,2026-05-30 09:50:00,1.34525,1.34525,1.34525,1.34525,0,1780134600.0,GBPUSD
56,2026-05-30 09:55:00,1.34525,1.34525,1.34525,1.34525,0,1780134900.0,GBPUSD
56,2026-05-30 10:00:00,1.34525,1.34525,1.34525,1.34525,0,1780135200.0,GBPUSD
56,2026-05-30 10:05:00,1.34525,1.34525,1.34525,1.34525,0,1780135500.0,GBPUSD
56,2026-05-30 10:10:00,1.34525,1.34525,1.34525,1.34525,0,1780135800.0,GBPUSD
56,2026-05-30 10:15:00,1.34525,1.34525,1.34525,1.34525,0,1780136100.0,GBPUSD
56,2026-05-30 10:20:00,1.34525,1.34525,1.34525,1.34525,0,1780136400.0,GBPUSD
56,2026-05-30 10:25:00,1.34525,1.34525,1.34525,1.34525,0,1780136700.0,GBPUSD
56,2026-05-30 10:30:00,1.34525,1.34525,1.34525,1.34525,0,1780137000.0,GBPUSD
56,2026-05-30 10:35:00,1.34525,1.34525,1.34525,1.34525,0,1780137300.0,GBPUSD
56,2026-05-30 10:40:00,1.34525,1.34525,1.34525,1.34525,0,1780137600.0,GBPUSD
56,2026-05-30 10:45:00,1.34525,1.34525,1.34525,1.34525,0,1780137900.0,GBPUSD
56,2026-05-30 10:50:00,1.34525,1.34525,1.34525,1.34525,0,1780138200.0,GBPUSD
56,2026-05-30 10:55:00,1.34525,1.34525,1.34525,1.34525,0,1780138500.0,GBPUSD
56,2026-05-30 11:00:00,1.34525,1.34525,1.34525,1.34525,0,1780138800.0,GBPUSD
56,2026-05-30 11:05:00,1.34525,1.34525,1.34525,1.34525,0,1780139100.0,GBPUSD
56,2026-05-30 11:10:00,1.34525,1.34525,1.34525,1.34525,0,1780139400.0,GBPUSD
56,2026-05-30 11:15:00,1.34525,1.34525,1.34525,1.34525,0,1780139700.0,GBPUSD
56,2026-05-30 11:20:00,1.34525,1.34525,1.34525,1.34525,0,1780140000.0,GBPUSD
56,2026-05-30 11:25:00,1.34525,1.34525,1.34525,1.34525,0,1780140300.0,GBPUSD
56,2026-05-30 11:30:00,1.34525,1.34525,1.34525,1.34525,0,1780140600.0,GBPUSD
56,2026-05-30 11:35:00,1.34525,1.34525,1.34525,1.34525,0,1780140900.0,GBPUSD
56,2026-05-30 11:40:00,1.34525,1.34525,1.34525,1.34525,0,1780141200.0,GBPUSD
56,2026-05-30 11:45:00,1.34525,1.34525,1.34525,1.34525,0,1780141500.0,GBPUSD
56,2026-05-30 11:50:00,1.34525,1.34525,1.34525,1.34525,0,1780141800.0,GBPUSD
56,2026-05-30 11:55:00,1.34525,1.34525,1.34525,1.34525,0,1780142100.0,GBPUSD
56,2026-05-30 12:00:00,1.34525,1.34525,1.34525,1.34525,0,1780142400.0,GBPUSD
56,2026-05-30 12:05:00,1.34525,1.34525,1.34525,1.34525,0,1780142700.0,GBPUSD
56,2026-05-30 12:10:00,1.34525,1.34525,1.34525,1.34525,0,1780143000.0,GBPUSD
56,2026-05-30 12:15:00,1.34525,1.34525,1.34525,1.34525,0,1780143300.0,GBPUSD
56,2026-05-30 12:20:00,1.34525,1.34525,1.34525,1.34525,0,1780143600.0,GBPUSD
56,2026-05-30 12:25:00,1.34525,1.34525,1.34525,1.34525,0,1780143900.0,GBPUSD
56,2026-05-30 12:30:00,1.34525,1.34525,1.34525,1.34525,0,1780144200.0,GBPUSD
56,2026-05-30 12:35:00,1.34525,1.34525,1.34525,1.34525,0,1780144500.0,GBPUSD
56,2026-05-30 12:40:00,1.34525,1.34525,1.34525,1.34525,0,1780144800.0,GBPUSD
56,2026-05-30 12:45:00,1.34525,1.34525,1.34525,1.34525,0,1780145100.0,GBPUSD
56,2026-05-30 12:50:00,1.34525,1.34525,1.34525,1.34525,0,1780145400.0,GBPUSD
56,2026-05-30 12:55:00,1.34525,1.34525,1.34525,1.34525,0,1780145700.0,GBPUSD
56,2026-05-30 13:00:00,1.34525,1.34525,1.34525,1.34525,0,1780146000.0,GBPUSD
56,2026-05-30 13:05:00,1.34525,1.34525,1.34525,1.34525,0,1780146300.0,GBPUSD
56,2026-05-30 13:10:00,1.34525,1.34525,1.34525,1.34525,0,1780146600.0,GBPUSD
56,2026-05-30 13:15:00,1.34525,1.34525,1.34525,1.34525,0,1780146900.0,GBPUSD
56,2026-05-30 13:20:00,1.34525,1.34525,1.34525,1.34525,0,1780147200.0,GBPUSD
56,2026-05-30 13:25:00,1.34525,1.34525,1.34525,1.34525,0,1780147500.0,GBPUSD
56,2026-05-30 13:30:00,1.34525,1.34525,1.34525,1.34525,0,1780147800.0,GBPUSD
56,2026-05-30 13:35:00,1.34525,1.34525,1.34525,1.34525,0,1780148100.0,GBPUSD
56,2026-05-30 13:40:00,1.34525,1.34525,1.34525,1.34525,0,1780148400.0,GBPUSD
56,2026-05-30 13:45:00,1.34525,1.34525,1.34525,1.34525,0,1780148700.0,GBPUSD
56,2026-05-30 13:50:00,1.34525,1.34525,1.34525,1.34525,0,1780149000.0,GBPUSD
56,2026-05-30 13:55:00,1.34525,1.34525,1.34525,1.34525,0,1780149300.0,GBPUSD
56,2026-05-30 14:00:00,1.34525,1.34525,1.34525,1.34525,0,1780149600.0,GBPUSD
56,2026-05-30 14:05:00,1.34525,1.34525,1.34525,1.34525,0,1780149900.0,GBPUSD
56,2026-05-30 14:10:00,1.34525,1.34525,1.34525,1.34525,0,1780150200.0,GBPUSD
56,2026-05-30 14:15:00,1.34525,1.34525,1.34525,1.34525,0,1780150500.0,GBPUSD
56,2026-05-30 14:20:00,1.34525,1.34525,1.34525,1.34525,0,1780150800.0,GBPUSD
56,2026-05-30 14:25:00,1.34525,1.34525,1.34525,1.34525,0,1780151100.0,GBPUSD
56,2026-05-30 14:30:00,1.34525,1.34525,1.34525,1.34525,0,1780151400.0,GBPUSD
56,2026-05-30 14:35:00,1.34525,1.34525,1.34525,1.34525,0,1780151700.0,GBPUSD
56,2026-05-30 14:40:00,1.34525,1.34525,1.34525,1.34525,0,1780152000.0,GBPUSD
56,2026-05-30 14:45:00,1.34525,1.34525,1.34525,1.34525,0,1780152300.0,GBPUSD
56,2026-05-30 14:50:00,1.34525,1.34525,1.34525,1.34525,0,1780152600.0,GBPUSD
56,2026-05-30 14:55:00,1.34525,1.34525,1.34525,1.34525,0,1780152900.0,GBPUSD
56,2026-05-30 15:00:00,1.34525,1.34525,1.34525,1.34525,0,1780153200.0,GBPUSD
56,2026-05-30 15:05:00,1.34525,1.34525,1.34525,1.34525,0,1780153500.0,GBPUSD
56,2026-05-30 15:10:00,1.34525,1.34525,1.34525,1.34525,0,1780153800.0,GBPUSD
56,2026-05-30 15:15:00,1.34525,1.34525,1.34525,1.34525,0,1780154100.0,GBPUSD
56,2026-05-30 15:20:00,1.34525,1.34525,1.34525,1.34525,0,1780154400.0,GBPUSD
56,2026-05-30 15:25:00,1.34525,1.34525,1.34525,1.34525,0,1780154700.0,GBPUSD
56,2026-05-30 15:30:00,1.34525,1.34525,1.34525,1.34525,0,1780155000.0,GBPUSD
56,2026-05-30 15:35:00,1.34525,1.34525,1.34525,1.34525,0,1780155300.0,GBPUSD
56,2026-05-30 15:40:00,1.34525,1.34525,1.34525,1.34525,0,1780155600.0,GBPUSD
56,2026-05-30 15:45:00,1.34525,1.34525,1.34525,1.34525,0,1780155900.0,GBPUSD
56,2026-05-30 15:50:00,1.34525,1.34525,1.34525,1.34525,0,1780156200.0,GBPUSD
56,2026-05-30 15:55:00,1.34525,1.34525,1.34525,1.34525,0,1780156500.0,GBPUSD
56,2026-05-30 16:00:00,1.34525,1.34525,1.34525,1.34525,0,1780156800.0,GBPUSD
56,2026-05-30 16:05:00,1.34525,1.34525,1.34525,1.34525,0,1780157100.0,GBPUSD
56,2026-05-30 16:10:00,1.34525,1.34525,1.34525,1.34525,0,1780157400.0,GBPUSD
56,2026-05-30 16:15:00,1.34525,1.34525,1.34525,1.34525,0,1780157700.0,GBPUSD
56,2026-05-30 16:20:00,1.34525,1.34525,1.34525,1.34525,0,1780158000.0,GBPUSD
56,2026-05-30 16:25:00,1.34525,1.34525,1.34525,1.34525,0,1780158300.0,GBPUSD
56,2026-05-30 16:30:00,1.34525,1.34525,1.34525,1.34525,0,1780158600.0,GBPUSD
56,2026-05-30 16:35:00,1.34525,1.34525,1.34525,1.34525,0,1780158900.0,GBPUSD
56,2026-05-30 16:40:00,1.34525,1.34525,1.34525,1.34525,0,1780159200.0,GBPUSD
56,2026-05-30 16:45:00,1.34525,1.34525,1.34525,1.34525,0,1780159500.0,GBPUSD
56,2026-05-30 16:50:00,1.34525,1.34525,1.34525,1.34525,0,1780159800.0,GBPUSD
56,2026-05-30 16:55:00,1.34525,1.34525,1.34525,1.34525,0,1780160100.0,GBPUSD
56,2026-05-30 17:00:00,1.34525,1.34525,1.34525,1.34525,0,1780160400.0,GBPUSD
56,2026-05-30 17:05:00,1.34525,1.34525,1.34525,1.34525,0,1780160700.0,GBPUSD
56,2026-05-30 17:10:00,1.34525,1.34525,1.34525,1.34525,0,1780161000.0,GBPUSD
56,2026-05-30 17:15:00,1.34525,1.34525,1.34525,1.34525,0,1780161300.0,GBPUSD
56,2026-05-30 17:20:00,1.34525,1.34525,1.34525,1.34525,0,1780161600.0,GBPUSD
56,2026-05-30 17:25:00,1.34525,1.34525,1.34525,1.34525,0,1780161900.0,GBPUSD
56,2026-05-30 17:30:00,1.34525,1.34525,1.34525,1.34525,0,1780162200.0,GBPUSD
56,2026-05-30 17:35:00,1.34525,1.34525,1.34525,1.34525,0,1780162500.0,GBPUSD
56,2026-05-30 17:40:00,1.34525,1.34525,1.34525,1.34525,0,1780162800.0,GBPUSD
56,2026-05-30 17:45:00,1.34525,1.34525,1.34525,1.34525,0,1780163100.0,GBPUSD
56,2026-05-30 17:50:00,1.34525,1.34525,1.34525,1.34525,0,1780163400.0,GBPUSD
56,2026-05-30 17:55:00,1.34525,1.34525,1.34525,1.34525,0,1780163700.0,GBPUSD
56,2026-05-30 18:00:00,1.34525,1.34525,1.34525,1.34525,0,1780164000.0,GBPUSD
56,2026-05-30 18:05:00,1.34525,1.34525,1.34525,1.34525,0,1780164300.0,GBPUSD
56,2026-05-30 18:10:00,1.34525,1.34525,1.34525,1.34525,0,1780164600.0,GBPUSD
56,2026-05-30 18:15:00,1.34525,1.34525,1.34525,1.34525,0,1780164900.0,GBPUSD
56,2026-05-30 18:20:00,1.34525,1.34525,1.34525,1.34525,0,1780165200.0,GBPUSD
56,2026-05-30 18:25:00,1.34525,1.34525,1.34525,1.34525,0,1780165500.0,GBPUSD
56,2026-05-30 18:30:00,1.34525,1.34525,1.34525,1.34525,0,1780165800.0,GBPUSD
56,2026-05-30 18:35:00,1.34525,1.34525,1.34525,1.34525,0,1780166100.0,GBPUSD
56,2026-05-30 18:40:00,1.34525,1.34525,1.34525,1.34525,0,1780166400.0,GBPUSD
56,2026-05-30 18:45:00,1.34525,1.34525,1.34525,1.34525,0,1780166700.0,GBPUSD
56,2026-05-30 18:50:00,1.34525,1.34525,1.34525,1.34525,0,1780167000.0,GBPUSD
56,2026-05-30 18:55:00,1.34525,1.34525,1.34525,1.34525,0,1780167300.0,GBPUSD
56,2026-05-30 19:00:00,1.34525,1.34525,1.34525,1.34525,0,1780167600.0,GBPUSD
56,2026-05-30 19:05:00,1.34525,1.34525,1.34525,1.34525,0,1780167900.0,GBPUSD
56,2026-05-30 19:10:00,1.34525,1.34525,1.34525,1.34525,0,1780168200.0,GBPUSD
56,2026-05-30 19:15:00,1.34525,1.34525,1.34525,1.34525,0,1780168500.0,GBPUSD
56,2026-05-30 19:20:00,1.34525,1.34525,1.34525,1.34525,0,1780168800.0,GBPUSD
56,2026-05-30 19:25:00,1.34525,1.34525,1.34525,1.34525,0,1780169100.0,GBPUSD
56,2026-05-30 19:30:00,1.34525,1.34525,1.34525,1.34525,0,1780169400.0,GBPUSD
56,2026-05-30 19:35:00,1.34525,1.34525,1.34525,1.34525,0,1780169700.0,GBPUSD
56,2026-05-30 19:40:00,1.34525,1.34525,1.34525,1.34525,0,1780170000.0,GBPUSD
56,2026-05-30 19:45:00,1.34525,1.34525,1.34525,1.34525,0,1780170300.0,GBPUSD
56,2026-05-30 19:50:00,1.34525,1.34525,1.34525,1.34525,0,1780170600.0,GBPUSD
56,2026-05-30 19:55:00,1.34525,1.34525,1.34525,1.34525,0,1780170900.0,GBPUSD
56,2026-05-30 20:00:00,1.34525,1.34525,1.34525,1.34525,0,1780171200.0,GBPUSD
56,2026-05-30 20:05:00,1.34525,1.34525,1.34525,1.34525,0,1780171500.0,GBPUSD
56,2026-05-30 20:10:00,1.34525,1.34525,1.34525,1.34525,0,1780171800.0,GBPUSD
56,2026-05-30 20:15:00,1.34525,1.34525,1.34525,1.34525,0,1780172100.0,GBPUSD
56,2026-05-30 20:20:00,1.34525,1.34525,1.34525,1.34525,0,1780172400.0,GBPUSD
56,2026-05-30 20:25:00,1.34525,1.34525,1.34525,1.34525,0,1780172700.0,GBPUSD
56,2026-05-30 20:30:00,1.34525,1.34525,1.34525,1.34525,0,1780173000.0,GBPUSD
56,2026-05-30 20:35:00,1.34525,1.34525,1.34525,1.34525,0,1780173300.0,GBPUSD
56,2026-05-30 20:40:00,1.34525,1.34525,1.34525,1.34525,0,1780173600.0,GBPUSD
56,2026-05-30 20:45:00,1.34525,1.34525,1.34525,1.34525,0,1780173900.0,GBPUSD
56,2026-05-30 20:50:00,1.34525,1.34525,1.34525,1.34525,0,1780174200.0,GBPUSD
56,2026-05-30 20:55:00,1.34525,1.34525,1.34525,1.34525,0,1780174500.0,GBPUSD
56,2026-05-30 21:00:00,1.34525,1.34525,1.34525,1.34525,0,1780174800.0,GBPUSD
56,2026-05-30 21:05:00,1.34525,1.34525,1.34525,1.34525,0,1780175100.0,GBPUSD
56,2026-05-30 21:10:00,1.34525,1.34525,1.34525,1.34525,0,1780175400.0,GBPUSD
56,2026-05-30 21:15:00,1.34525,1.34525,1.34525,1.34525,0,1780175700.0,GBPUSD
56,2026-05-30 21:20:00,1.34525,1.34525,1.34525,1.34525,0,1780176000.0,GBPUSD
56,2026-05-30 21:25:00,1.34525,1.34525,1.34525,1.34525,0,1780176300.0,GBPUSD
56,2026-05-30 21:30:00,1.34525,1.34525,1.34525,1.34525,0,1780176600.0,GBPUSD
56,2026-05-30 21:35:00,1.34525,1.34525,1.34525,1.34525,0,1780176900.0,GBPUSD
56,2026-05-30 21:40:00,1.34525,1.34525,1.34525,1.34525,0,1780177200.0,GBPUSD
56,2026-05-30 21:45:00,1.34525,1.34525,1.34525,1.34525,0,1780177500.0,GBPUSD
56,2026-05-30 21:50:00,1.34525,1.34525,1.34525,1.34525,0,1780177800.0,GBPUSD
56,2026-05-30 21:55:00,1.34525,1.34525,1.34525,1.34525,0,1780178100.0,GBPUSD
56,2026-05-30 22:00:00,1.34525,1.34525,1.34525,1.34525,0,1780178400.0,GBPUSD
56,2026-05-30 22:05:00,1.34525,1.34525,1.34525,1.34525,0,1780178700.0,GBPUSD
56,2026-05-30 22:10:00,1.34525,1.34525,1.34525,1.34525,0,1780179000.0,GBPUSD
56,2026-05-30 22:15:00,1.34525,1.34525,1.34525,1.34525,0,1780179300.0,GBPUSD
56,2026-05-30 22:20:00,1.34525,1.34525,1.34525,1.34525,0,1780179600.0,GBPUSD
56,2026-05-30 22:25:00,1.34525,1.34525,1.34525,1.34525,0,1780179900.0,GBPUSD
56,2026-05-30 22:30:00,1.34525,1.34525,1.34525,1.34525,0,1780180200.0,GBPUSD
56,2026-05-30 22:35:00,1.34525,1.34525,1.34525,1.34525,0,1780180500.0,GBPUSD
56,2026-05-30 22:40:00,1.34525,1.34525,1.34525,1.34525,0,1780180800.0,GBPUSD
56,2026-05-30 22:45:00,1.34525,1.34525,1.34525,1.34525,0,1780181100.0,GBPUSD
56,2026-05-30 22:50:00,1.34525,1.34525,1.34525,1.34525,0,1780181400.0,GBPUSD
56,2026-05-30 22:55:00,1.34525,1.34525,1.34525,1.34525,0,1780181700.0,GBPUSD
56,2026-05-30 23:00:00,1.34525,1.34525,1.34525,1.34525,0,1780182000.0,GBPUSD
56,2026-05-30 23:05:00,1.34525,1.34525,1.34525,1.34525,0,1780182300.0,GBPUSD
56,2026-05-30 23:10:00,1.34525,1.34525,1.34525,1.34525,0,1780182600.0,GBPUSD
56,2026-05-30 23:15:00,1.34525,1.34525,1.34525,1.34525,0,1780182900.0,GBPUSD
56,2026-05-30 23:20:00,1.34525,1.34525,1.34525,1.34525,0,1780183200.0,GBPUSD
56,2026-05-30 23:25:00,1.34525,1.34525,1.34525,1.34525,0,1780183500.0,GBPUSD
56,2026-05-30 23:30:00,1.34525,1.34525,1.34525,1.34525,0,1780183800.0,GBPUSD
56,2026-05-30 23:35:00,1.34525,1.34525,1.34525,1.34525,0,1780184100.0,GBPUSD
56,2026-05-30 23:40:00,1.34525,1.34525,1.34525,1.34525,0,1780184400.0,GBPUSD
56,2026-05-30 23:45:00,1.34525,1.34525,1.34525,1.34525,0,1780184700.0,GBPUSD
56,2026-05-30 23:50:00,1.34525,1.34525,1.34525,1.34525,0,1780185000.0,GBPUSD
56,2026-05-30 23:55:00,1.34525,1.34525,1.34525,1.34525,0,1780185300.0,GBPUSD
56,2026-05-31 00:00:00,1.34525,1.34525,1.34525,1.34525,0,1780185600.0,GBPUSD
56,2026-05-31 00:05:00,1.34525,1.34525,1.34525,1.34525,0,1780185900.0,GBPUSD
56,2026-05-31 00:10:00,1.34525,1.34525,1.34525,1.34525,0,1780186200.0,GBPUSD
56,2026-05-31 00:15:00,1.34525,1.34525,1.34525,1.34525,0,1780186500.0,GBPUSD
56,2026-05-31 00:20:00,1.34525,1.34525,1.34525,1.34525,0,1780186800.0,GBPUSD
56,2026-05-31 00:25:00,1.34525,1.34525,1.34525,1.34525,0,1780187100.0,GBPUSD
56,2026-05-31 00:30:00,1.34525,1.34525,1.34525,1.34525,0,1780187400.0,GBPUSD
56,2026-05-31 00:35:00,1.34525,1.34525,1.34525,1.34525,0,1780187700.0,GBPUSD
56,2026-05-31 00:40:00,1.34525,1.34525,1.34525,1.34525,0,1780188000.0,GBPUSD
56,2026-05-31 00:45:00,1.34525,1.34525,1.34525,1.34525,0,1780188300.0,GBPUSD
56,2026-05-31 00:50:00,1.34525,1.34525,1.34525,1.34525,0,1780188600.0,GBPUSD
56,2026-05-31 00:55:00,1.34525,1.34525,1.34525,1.34525,0,1780188900.0,GBPUSD
56,2026-05-31 01:00:00,1.34525,1.34525,1.34525,1.34525,0,1780189200.0,GBPUSD
56,2026-05-31 01:05:00,1.34525,1.34525,1.34525,1.34525,0,1780189500.0,GBPUSD
56,2026-05-31 01:10:00,1.34525,1.34525,1.34525,1.34525,0,1780189800.0,GBPUSD
56,2026-05-31 01:15:00,1.34525,1.34525,1.34525,1.34525,0,1780190100.0,GBPUSD
56,2026-05-31 01:20:00,1.34525,1.34525,1.34525,1.34525,0,1780190400.0,GBPUSD
56,2026-05-31 01:25:00,1.34525,1.34525,1.34525,1.34525,0,1780190700.0,GBPUSD
56,2026-05-31 01:30:00,1.34525,1.34525,1.34525,1.34525,0,1780191000.0,GBPUSD
56,2026-05-31 01:35:00,1.34525,1.34525,1.34525,1.34525,0,1780191300.0,GBPUSD
56,2026-05-31 01:40:00,1.34525,1.34525,1.34525,1.34525,0,1780191600.0,GBPUSD
56,2026-05-31 01:45:00,1.34525,1.34525,1.34525,1.34525,0,1780191900.0,GBPUSD
56,2026-05-31 01:50:00,1.34525,1.34525,1.34525,1.34525,0,1780192200.0,GBPUSD
56,2026-05-31 01:55:00,1.34525,1.34525,1.34525,1.34525,0,1780192500.0,GBPUSD
56,2026-05-31 02:00:00,1.34525,1.34525,1.34525,1.34525,0,1780192800.0,GBPUSD
56,2026-05-31 02:05:00,1.34525,1.34525,1.34525,1.34525,0,1780193100.0,GBPUSD
56,2026-05-31 02:10:00,1.34525,1.34525,1.34525,1.34525,0,1780193400.0,GBPUSD
56,2026-05-31 02:15:00,1.34525,1.34525,1.34525,1.34525,0,1780193700.0,GBPUSD
56,2026-05-31 02:20:00,1.34525,1.34525,1.34525,1.34525,0,1780194000.0,GBPUSD
56,2026-05-31 02:25:00,1.34525,1.34525,1.34525,1.34525,0,1780194300.0,GBPUSD
56,2026-05-31 02:30:00,1.34525,1.34525,1.34525,1.34525,0,1780194600.0,GBPUSD
56,2026-05-31 02:35:00,1.34525,1.34525,1.34525,1.34525,0,1780194900.0,GBPUSD
56,2026-05-31 02:40:00,1.34525,1.34525,1.34525,1.34525,0,1780195200.0,GBPUSD
56,2026-05-31 02:45:00,1.34525,1.34525,1.34525,1.34525,0,1780195500.0,GBPUSD
56,2026-05-31 02:50:00,1.34525,1.34525,1.34525,1.34525,0,1780195800.0,GBPUSD
56,2026-05-31 02:55:00,1.34525,1.34525,1.34525,1.34525,0,1780196100.0,GBPUSD
56,2026-05-31 03:00:00,1.34525,1.34525,1.34525,1.34525,0,1780196400.0,GBPUSD
56,2026-05-31 03:05:00,1.34525,1.34525,1.34525,1.34525,0,1780196700.0,GBPUSD
56,2026-05-31 03:10:00,1.34525,1.34525,1.34525,1.34525,0,1780197000.0,GBPUSD
56,2026-05-31 03:15:00,1.34525,1.34525,1.34525,1.34525,0,1780197300.0,GBPUSD
56,2026-05-31 03:20:00,1.34525,1.34525,1.34525,1.34525,0,1780197600.0,GBPUSD
56,2026-05-31 03:25:00,1.34525,1.34525,1.34525,1.34525,0,1780197900.0,GBPUSD
56,2026-05-31 03:30:00,1.34525,1.34525,1.34525,1.34525,0,1780198200.0,GBPUSD
56,2026-05-31 03:35:00,1.34525,1.34525,1.34525,1.34525,0,1780198500.0,GBPUSD
56,2026-05-31 03:40:00,1.34525,1.34525,1.34525,1.34525,0,1780198800.0,GBPUSD
56,2026-05-31 03:45:00,1.34525,1.34525,1.34525,1.34525,0,1780199100.0,GBPUSD
56,2026-05-31 03:50:00,1.34525,1.34525,1.34525,1.34525,0,1780199400.0,GBPUSD
56,2026-05-31 03:55:00,1.34525,1.34525,1.34525,1.34525,0,1780199700.0,GBPUSD
56,2026-05-31 04:00:00,1.34525,1.34525,1.34525,1.34525,0,1780200000.0,GBPUSD
56,2026-05-31 04:05:00,1.34525,1.34525,1.34525,1.34525,0,1780200300.0,GBPUSD
56,2026-05-31 04:10:00,1.34525,1.34525,1.34525,1.34525,0,1780200600.0,GBPUSD
56,2026-05-31 04:15:00,1.34525,1.34525,1.34525,1.34525,0,1780200900.0,GBPUSD
56,2026-05-31 04:20:00,1.34525,1.34525,1.34525,1.34525,0,1780201200.0,GBPUSD
56,2026-05-31 04:25:00,1.34525,1.34525,1.34525,1.34525,0,1780201500.0,GBPUSD
56,2026-05-31 04:30:00,1.34525,1.34525,1.34525,1.34525,0,1780201800.0,GBPUSD
56,2026-05-31 04:35:00,1.34525,1.34525,1.34525,1.34525,0,1780202100.0,GBPUSD
56,2026-05-31 04:40:00,1.34525,1.34525,1.34525,1.34525,0,1780202400.0,GBPUSD
56,2026-05-31 04:45:00,1.34525,1.34525,1.34525,1.34525,0,1780202700.0,GBPUSD
56,2026-05-31 04:50:00,1.34525,1.34525,1.34525,1.34525,0,1780203000.0,GBPUSD
56,2026-05-31 04:55:00,1.34525,1.34525,1.34525,1.34525,0,1780203300.0,GBPUSD
56,2026-05-31 05:00:00,1.34525,1.34525,1.34525,1.34525,0,1780203600.0,GBPUSD
56,2026-05-31 05:05:00,1.34525,1.34525,1.34525,1.34525,0,1780203900.0,GBPUSD
56,2026-05-31 05:10:00,1.34525,1.34525,1.34525,1.34525,0,1780204200.0,GBPUSD
56,2026-05-31 05:15:00,1.34525,1.34525,1.34525,1.34525,0,1780204500.0,GBPUSD
56,2026-05-31 05:20:00,1.34525,1.34525,1.34525,1.34525,0,1780204800.0,GBPUSD
56,2026-05-31 05:25:00,1.34525,1.34525,1.34525,1.34525,0,1780205100.0,GBPUSD
56,2026-05-31 05:30:00,1.34525,1.34525,1.34525,1.34525,0,1780205400.0,GBPUSD
56,2026-05-31 05:35:00,1.34525,1.34525,1.34525,1.34525,0,1780205700.0,GBPUSD
56,2026-05-31 05:40:00,1.34525,1.34525,1.34525,1.34525,0,1780206000.0,GBPUSD
56,2026-05-31 05:45:00,1.34525,1.34525,1.34525,1.34525,0,1780206300.0,GBPUSD
56,2026-05-31 05:50:00,1.34525,1.34525,1.34525,1.34525,0,1780206600.0,GBPUSD
56,2026-05-31 05:55:00,1.34525,1.34525,1.34525,1.34525,0,1780206900.0,GBPUSD
56,2026-05-31 06:00:00,1.34525,1.34525,1.34525,1.34525,0,1780207200.0,GBPUSD
56,2026-05-31 06:05:00,1.34525,1.34525,1.34525,1.34525,0,1780207500.0,GBPUSD
56,2026-05-31 06:10:00,1.34525,1.34525,1.34525,1.34525,0,1780207800.0,GBPUSD
56,2026-05-31 06:15:00,1.34525,1.34525,1.34525,1.34525,0,1780208100.0,GBPUSD
56,2026-05-31 06:20:00,1.34525,1.34525,1.34525,1.34525,0,1780208400.0,GBPUSD
56,2026-05-31 06:25:00,1.34525,1.34525,1.34525,1.34525,0,1780208700.0,GBPUSD
56,2026-05-31 06:30:00,1.34525,1.34525,1.34525,1.34525,0,1780209000.0,GBPUSD
56,2026-05-31 06:35:00,1.34525,1.34525,1.34525,1.34525,0,1780209300.0,GBPUSD
56,2026-05-31 06:40:00,1.34525,1.34525,1.34525,1.34525,0,1780209600.0,GBPUSD
56,2026-05-31 06:45:00,1.34525,1.34525,1.34525,1.34525,0,1780209900.0,GBPUSD
56,2026-05-31 06:50:00,1.34525,1.34525,1.34525,1.34525,0,1780210200.0,GBPUSD
56,2026-05-31 06:55:00,1.34525,1.34525,1.34525,1.34525,0,1780210500.0,GBPUSD
56,2026-05-31 07:00:00,1.34525,1.34525,1.34525,1.34525,0,1780210800.0,GBPUSD
56,2026-05-31 07:05:00,1.34525,1.34525,1.34525,1.34525,0,1780211100.0,GBPUSD
56,2026-05-31 07:10:00,1.34525,1.34525,1.34525,1.34525,0,1780211400.0,GBPUSD
56,2026-05-31 07:15:00,1.34525,1.34525,1.34525,1.34525,0,1780211700.0,GBPUSD
56,2026-05-31 07:20:00,1.34525,1.34525,1.34525,1.34525,0,1780212000.0,GBPUSD
56,2026-05-31 07:25:00,1.34525,1.34525,1.34525,1.34525,0,1780212300.0,GBPUSD
56,2026-05-31 07:30:00,1.34525,1.34525,1.34525,1.34525,0,1780212600.0,GBPUSD
56,2026-05-31 07:35:00,1.34525,1.34525,1.34525,1.34525,0,1780212900.0,GBPUSD
56,2026-05-31 07:40:00,1.34525,1.34525,1.34525,1.34525,0,1780213200.0,GBPUSD
56,2026-05-31 07:45:00,1.34525,1.34525,1.34525,1.34525,0,1780213500.0,GBPUSD
56,2026-05-31 07:50:00,1.34525,1.34525,1.34525,1.34525,0,1780213800.0,GBPUSD
56,2026-05-31 07:55:00,1.34525,1.34525,1.34525,1.34525,0,1780214100.0,GBPUSD
56,2026-05-31 08:00:00,1.34525,1.34525,1.34525,1.34525,0,1780214400.0,GBPUSD
56,2026-05-31 08:05:00,1.34525,1.34525,1.34525,1.34525,0,1780214700.0,GBPUSD
56,2026-05-31 08:10:00,1.34525,1.34525,1.34525,1.34525,0,1780215000.0,GBPUSD
56,2026-05-31 08:15:00,1.34525,1.34525,1.34525,1.34525,0,1780215300.0,GBPUSD
56,2026-05-31 08:20:00,1.34525,1.34525,1.34525,1.34525,0,1780215600.0,GBPUSD
56,2026-05-31 08:25:00,1.34525,1.34525,1.34525,1.34525,0,1780215900.0,GBPUSD
56,2026-05-31 08:30:00,1.34525,1.34525,1.34525,1.34525,0,1780216200.0,GBPUSD
56,2026-05-31 08:35:00,1.34525,1.34525,1.34525,1.34525,0,1780216500.0,GBPUSD
56,2026-05-31 08:40:00,1.34525,1.34525,1.34525,1.34525,0,1780216800.0,GBPUSD
56,2026-05-31 08:45:00,1.34525,1.34525,1.34525,1.34525,0,1780217100.0,GBPUSD
56,2026-05-31 08:50:00,1.34525,1.34525,1.34525,1.34525,0,1780217400.0,GBPUSD
56,2026-05-31 08:55:00,1.34525,1.34525,1.34525,1.34525,0,1780217700.0,GBPUSD
56,2026-05-31 09:00:00,1.34525,1.34525,1.34525,1.34525,0,1780218000.0,GBPUSD
56,2026-05-31 09:05:00,1.34525,1.34525,1.34525,1.34525,0,1780218300.0,GBPUSD
56,2026-05-31 09:10:00,1.34525,1.34525,1.34525,1.34525,0,1780218600.0,GBPUSD
56,2026-05-31 09:15:00,1.34525,1.34525,1.34525,1.34525,0,1780218900.0,GBPUSD
56,2026-05-31 09:20:00,1.34525,1.34525,1.34525,1.34525,0,1780219200.0,GBPUSD
56,2026-05-31 09:25:00,1.34525,1.34525,1.34525,1.34525,0,1780219500.0,GBPUSD
56,2026-05-31 09:30:00,1.34525,1.34525,1.34525,1.34525,0,1780219800.0,GBPUSD
56,2026-05-31 09:35:00,1.34525,1.34525,1.34525,1.34525,0,1780220100.0,GBPUSD
56,2026-05-31 09:40:00,1.34525,1.34525,1.34525,1.34525,0,1780220400.0,GBPUSD
56,2026-05-31 09:45:00,1.34525,1.34525,1.34525,1.34525,0,1780220700.0,GBPUSD
56,2026-05-31 09:50:00,1.34525,1.34525,1.34525,1.34525,0,1780221000.0,GBPUSD
56,2026-05-31 09:55:00,1.34525,1.34525,1.34525,1.34525,0,1780221300.0,GBPUSD
56,2026-05-31 10:00:00,1.34525,1.34525,1.34525,1.34525,0,1780221600.0,GBPUSD
56,2026-05-31 10:05:00,1.34525,1.34525,1.34525,1.34525,0,1780221900.0,GBPUSD
56,2026-05-31 10:10:00,1.34525,1.34525,1.34525,1.34525,0,1780222200.0,GBPUSD
56,2026-05-31 10:15:00,1.34525,1.34525,1.34525,1.34525,0,1780222500.0,GBPUSD
56,2026-05-31 10:20:00,1.34525,1.34525,1.34525,1.34525,0,1780222800.0,GBPUSD
56,2026-05-31 10:25:00,1.34525,1.34525,1.34525,1.34525,0,1780223100.0,GBPUSD
56,2026-05-31 10:30:00,1.34525,1.34525,1.34525,1.34525,0,1780223400.0,GBPUSD
56,2026-05-31 10:35:00,1.34525,1.34525,1.34525,1.34525,0,1780223700.0,GBPUSD
56,2026-05-31 10:40:00,1.34525,1.34525,1.34525,1.34525,0,1780224000.0,GBPUSD
56,2026-05-31 10:45:00,1.34525,1.34525,1.34525,1.34525,0,1780224300.0,GBPUSD
56,2026-05-31 10:50:00,1.34525,1.34525,1.34525,1.34525,0,1780224600.0,GBPUSD
56,2026-05-31 10:55:00,1.34525,1.34525,1.34525,1.34525,0,1780224900.0,GBPUSD
56,2026-05-31 11:00:00,1.34525,1.34525,1.34525,1.34525,0,1780225200.0,GBPUSD
56,2026-05-31 11:05:00,1.34525,1.34525,1.34525,1.34525,0,1780225500.0,GBPUSD
56,2026-05-31 11:10:00,1.34525,1.34525,1.34525,1.34525,0,1780225800.0,GBPUSD
56,2026-05-31 11:15:00,1.34525,1.34525,1.34525,1.34525,0,1780226100.0,GBPUSD
56,2026-05-31 11:20:00,1.34525,1.34525,1.34525,1.34525,0,1780226400.0,GBPUSD
56,2026-05-31 11:25:00,1.34525,1.34525,1.34525,1.34525,0,1780226700.0,GBPUSD
56,2026-05-31 11:30:00,1.34525,1.34525,1.34525,1.34525,0,1780227000.0,GBPUSD
56,2026-05-31 11:35:00,1.34525,1.34525,1.34525,1.34525,0,1780227300.0,GBPUSD
56,2026-05-31 11:40:00,1.34525,1.34525,1.34525,1.34525,0,1780227600.0,GBPUSD
56,2026-05-31 11:45:00,1.34525,1.34525,1.34525,1.34525,0,1780227900.0,GBPUSD
56,2026-05-31 11:50:00,1.34525,1.34525,1.34525,1.34525,0,1780228200.0,GBPUSD
56,2026-05-31 11:55:00,1.34525,1.34525,1.34525,1.34525,0,1780228500.0,GBPUSD
56,2026-05-31 12:00:00,1.34525,1.34525,1.34525,1.34525,0,1780228800.0,GBPUSD
56,2026-05-31 12:05:00,1.34525,1.34525,1.34525,1.34525,0,1780229100.0,GBPUSD
56,2026-05-31 12:10:00,1.34525,1.34525,1.34525,1.34525,0,1780229400.0,GBPUSD
56,2026-05-31 12:15:00,1.34525,1.34525,1.34525,1.34525,0,1780229700.0,GBPUSD
56,2026-05-31 12:20:00,1.34525,1.34525,1.34525,1.34525,0,1780230000.0,GBPUSD
56,2026-05-31 12:25:00,1.34525,1.34525,1.34525,1.34525,0,1780230300.0,GBPUSD
56,2026-05-31 12:30:00,1.34525,1.34525,1.34525,1.34525,0,1780230600.0,GBPUSD
56,2026-05-31 12:35:00,1.34525,1.34525,1.34525,1.34525,0,1780230900.0,GBPUSD
56,2026-05-31 12:40:00,1.34525,1.34525,1.34525,1.34525,0,1780231200.0,GBPUSD
56,2026-05-31 12:45:00,1.34525,1.34525,1.34525,1.34525,0,1780231500.0,GBPUSD
56,2026-05-31 12:50:00,1.34525,1.34525,1.34525,1.34525,0,1780231800.0,GBPUSD
56,2026-05-31 12:55:00,1.34525,1.34525,1.34525,1.34525,0,1780232100.0,GBPUSD
56,2026-05-31 13:00:00,1.34525,1.34525,1.34525,1.34525,0,1780232400.0,GBPUSD
56,2026-05-31 13:05:00,1.34525,1.34525,1.34525,1.34525,0,1780232700.0,GBPUSD
56,2026-05-31 13:10:00,1.34525,1.34525,1.34525,1.34525,0,1780233000.0,GBPUSD
56,2026-05-31 13:15:00,1.34525,1.34525,1.34525,1.34525,0,1780233300.0,GBPUSD
56,2026-05-31 13:20:00,1.34525,1.34525,1.34525,1.34525,0,1780233600.0,GBPUSD
56,2026-05-31 13:25:00,1.34525,1.34525,1.34525,1.34525,0,1780233900.0,GBPUSD
56,2026-05-31 13:30:00,1.34525,1.34525,1.34525,1.34525,0,1780234200.0,GBPUSD
56,2026-05-31 13:35:00,1.34525,1.34525,1.34525,1.34525,0,1780234500.0,GBPUSD
56,2026-05-31 13:40:00,1.34525,1.34525,1.34525,1.34525,0,1780234800.0,GBPUSD
56,2026-05-31 13:45:00,1.34525,1.34525,1.34525,1.34525,0,1780235100.0,GBPUSD
56,2026-05-31 13:50:00,1.34525,1.34525,1.34525,1.34525,0,1780235400.0,GBPUSD
56,2026-05-31 13:55:00,1.34525,1.34525,1.34525,1.34525,0,1780235700.0,GBPUSD
56,2026-05-31 14:00:00,1.34525,1.34525,1.34525,1.34525,0,1780236000.0,GBPUSD
56,2026-05-31 14:05:00,1.34525,1.34525,1.34525,1.34525,0,1780236300.0,GBPUSD
56,2026-05-31 14:10:00,1.34525,1.34525,1.34525,1.34525,0,1780236600.0,GBPUSD
56,2026-05-31 14:15:00,1.34525,1.34525,1.34525,1.34525,0,1780236900.0,GBPUSD
56,2026-05-31 14:20:00,1.34525,1.34525,1.34525,1.34525,0,1780237200.0,GBPUSD
56,2026-05-31 14:25:00,1.34525,1.34525,1.34525,1.34525,0,1780237500.0,GBPUSD
56,2026-05-31 14:30:00,1.34525,1.34525,1.34525,1.34525,0,1780237800.0,GBPUSD
56,2026-05-31 14:35:00,1.34525,1.34525,1.34525,1.34525,0,1780238100.0,GBPUSD
56,2026-05-31 14:40:00,1.34525,1.34525,1.34525,1.34525,0,1780238400.0,GBPUSD
56,2026-05-31 14:45:00,1.34525,1.34525,1.34525,1.34525,0,1780238700.0,GBPUSD
56,2026-05-31 14:50:00,1.34525,1.34525,1.34525,1.34525,0,1780239000.0,GBPUSD
56,2026-05-31 14:55:00,1.34525,1.34525,1.34525,1.34525,0,1780239300.0,GBPUSD
56,2026-05-31 15:00:00,1.34525,1.34525,1.34525,1.34525,0,1780239600.0,GBPUSD
56,2026-05-31 15:05:00,1.34525,1.34525,1.34525,1.34525,0,1780239900.0,GBPUSD
56,2026-05-31 15:10:00,1.34525,1.34525,1.34525,1.34525,0,1780240200.0,GBPUSD
56,2026-05-31 15:15:00,1.34525,1.34525,1.34525,1.34525,0,1780240500.0,GBPUSD
56,2026-05-31 15:20:00,1.34525,1.34525,1.34525,1.34525,0,1780240800.0,GBPUSD
56,2026-05-31 15:25:00,1.34525,1.34525,1.34525,1.34525,0,1780241100.0,GBPUSD
56,2026-05-31 15:30:00,1.34525,1.34525,1.34525,1.34525,0,1780241400.0,GBPUSD
56,2026-05-31 15:35:00,1.34525,1.34525,1.34525,1.34525,0,1780241700.0,GBPUSD
56,2026-05-31 15:40:00,1.34525,1.34525,1.34525,1.34525,0,1780242000.0,GBPUSD
56,2026-05-31 15:45:00,1.34525,1.34525,1.34525,1.34525,0,1780242300.0,GBPUSD
56,2026-05-31 15:50:00,1.34525,1.34525,1.34525,1.34525,0,1780242600.0,GBPUSD
56,2026-05-31 15:55:00,1.34525,1.34525,1.34525,1.34525,0,1780242900.0,GBPUSD
56,2026-05-31 16:00:00,1.34525,1.34525,1.34525,1.34525,0,1780243200.0,GBPUSD
56,2026-05-31 16:05:00,1.34525,1.34525,1.34525,1.34525,0,1780243500.0,GBPUSD
56,2026-05-31 16:10:00,1.34525,1.34525,1.34525,1.34525,0,1780243800.0,GBPUSD
56,2026-05-31 16:15:00,1.34525,1.34525,1.34525,1.34525,0,1780244100.0,GBPUSD
56,2026-05-31 16:20:00,1.34525,1.34525,1.34525,1.34525,0,1780244400.0,GBPUSD
56,2026-05-31 16:25:00,1.34525,1.34525,1.34525,1.34525,0,1780244700.0,GBPUSD
56,2026-05-31 16:30:00,1.34525,1.34525,1.34525,1.34525,0,1780245000.0,GBPUSD
56,2026-05-31 16:35:00,1.34525,1.34525,1.34525,1.34525,0,1780245300.0,GBPUSD
56,2026-05-31 16:40:00,1.34525,1.34525,1.34525,1.34525,0,1780245600.0,GBPUSD
56,2026-05-31 16:45:00,1.34525,1.34525,1.34525,1.34525,0,1780245900.0,GBPUSD
56,2026-05-31 16:50:00,1.34525,1.34525,1.34525,1.34525,0,1780246200.0,GBPUSD
56,2026-05-31 16:55:00,1.34525,1.34525,1.34525,1.34525,0,1780246500.0,GBPUSD
56,2026-05-31 17:00:00,1.34525,1.34525,1.34525,1.34525,0,1780246800.0,GBPUSD
56,2026-05-31 17:05:00,1.34525,1.34525,1.34525,1.34525,0,1780247100.0,GBPUSD
56,2026-05-31 17:10:00,1.34525,1.34525,1.34525,1.34525,0,1780247400.0,GBPUSD
56,2026-05-31 17:15:00,1.34525,1.34525,1.34525,1.34525,0,1780247700.0,GBPUSD
56,2026-05-31 17:20:00,1.34525,1.34525,1.34525,1.34525,0,1780248000.0,GBPUSD
56,2026-05-31 17:25:00,1.34525,1.34525,1.34525,1.34525,0,1780248300.0,GBPUSD
56,2026-05-31 17:30:00,1.34525,1.34525,1.34525,1.34525,0,1780248600.0,GBPUSD
56,2026-05-31 17:35:00,1.34525,1.34525,1.34525,1.34525,0,1780248900.0,GBPUSD
56,2026-05-31 17:40:00,1.34525,1.34525,1.34525,1.34525,0,1780249200.0,GBPUSD
56,2026-05-31 17:45:00,1.34525,1.34525,1.34525,1.34525,0,1780249500.0,GBPUSD
56,2026-05-31 17:50:00,1.34525,1.34525,1.34525,1.34525,0,1780249800.0,GBPUSD
56,2026-05-31 17:55:00,1.34525,1.34525,1.34525,1.34525,0,1780250100.0,GBPUSD
56,2026-05-31 18:00:00,1.34525,1.34525,1.34525,1.34525,0,1780250400.0,GBPUSD
56,2026-05-31 18:05:00,1.34525,1.34525,1.34525,1.34525,0,1780250700.0,GBPUSD
56,2026-05-31 18:10:00,1.34525,1.34525,1.34525,1.34525,0,1780251000.0,GBPUSD
56,2026-05-31 18:15:00,1.34525,1.34525,1.34525,1.34525,0,1780251300.0,GBPUSD
56,2026-05-31 18:20:00,1.34525,1.34525,1.34525,1.34525,0,1780251600.0,GBPUSD
56,2026-05-31 18:25:00,1.34525,1.34525,1.34525,1.34525,0,1780251900.0,GBPUSD
56,2026-05-31 18:30:00,1.34525,1.34525,1.34525,1.34525,0,1780252200.0,GBPUSD
56,2026-05-31 18:35:00,1.34525,1.34525,1.34525,1.34525,0,1780252500.0,GBPUSD
56,2026-05-31 18:40:00,1.34525,1.34525,1.34525,1.34525,0,1780252800.0,GBPUSD
56,2026-05-31 18:45:00,1.34525,1.34525,1.34525,1.34525,0,1780253100.0,GBPUSD
56,2026-05-31 18:50:00,1.34525,1.34525,1.34525,1.34525,0,1780253400.0,GBPUSD
56,2026-05-31 18:55:00,1.34525,1.34525,1.34525,1.34525,0,1780253700.0,GBPUSD
56,2026-05-31 19:00:00,1.34525,1.34525,1.34525,1.34525,0,1780254000.0,GBPUSD
56,2026-05-31 19:05:00,1.34525,1.34525,1.34525,1.34525,0,1780254300.0,GBPUSD
56,2026-05-31 19:10:00,1.34525,1.34525,1.34525,1.34525,0,1780254600.0,GBPUSD
56,2026-05-31 19:15:00,1.34525,1.34525,1.34525,1.34525,0,1780254900.0,GBPUSD
56,2026-05-31 19:20:00,1.34525,1.34525,1.34525,1.34525,0,1780255200.0,GBPUSD
56,2026-05-31 19:25:00,1.34525,1.34525,1.34525,1.34525,0,1780255500.0,GBPUSD
56,2026-05-31 19:30:00,1.34525,1.34525,1.34525,1.34525,0,1780255800.0,GBPUSD
56,2026-05-31 19:35:00,1.34525,1.34525,1.34525,1.34525,0,1780256100.0,GBPUSD
56,2026-05-31 19:40:00,1.34525,1.34525,1.34525,1.34525,0,1780256400.0,GBPUSD
56,2026-05-31 19:45:00,1.34525,1.34525,1.34525,1.34525,0,1780256700.0,GBPUSD
56,2026-05-31 19:50:00,1.34525,1.34525,1.34525,1.34525,0,1780257000.0,GBPUSD
56,2026-05-31 19:55:00,1.34525,1.34525,1.34525,1.34525,0,1780257300.0,GBPUSD
56,2026-05-31 20:00:00,1.3467,1.34591,1.34691,1.34591,288,1780257899.025,GBPUSD
56,2026-05-31 20:05:00,1.34591,1.3452,1.34591,1.3452,294,1780258199.034,GBPUSD
56,2026-05-31 20:10:00,1.3452,1.3451,1.3452,1.3451,261,1780258499.006,GBPUSD
56,2026-05-31 20:15:00,1.3451,1.34562,1.34562,1.3451,265,1780258785.706,GBPUSD
56,2026-05-31 20:20:00,1.34562,1.34563,1.34564,1.34558,246,1780259099.027,GBPUSD
56,2026-05-31 20:25:00,1.34563,1.34563,1.34563,1.3455,303,1780259399.093,GBPUSD
56,2026-05-31 20:30:00,1.34563,1.34558,1.34563,1.34557,283,1780259698.039,GBPUSD
56,2026-05-31 20:35:00,1.34558,1.34558,1.34558,1.34558,281,1780259999.039,GBPUSD
56,2026-05-31 20:40:00,1.34558,1.34565,1.34565,1.34558,299,1780260299.01,GBPUSD
56,2026-05-31 20:45:00,1.34565,1.34575,1.34575,1.34565,300,1780260599.038,GBPUSD
56,2026-05-31 20:50:00,1.34575,1.34575,1.34575,1.34575,272,1780260899.018,GBPUSD
56,2026-05-31 20:55:00,1.34575,1.34575,1.34575,1.34575,299,1780261199.096,GBPUSD
56,2026-05-31 21:00:00,1.34575,1.34575,1.34575,1.34575,279,1780261499.029,GBPUSD
56,2026-05-31 21:05:00,1.34575,1.34562,1.34575,1.34558,288,1780261799.024,GBPUSD
56,2026-05-31 21:10:00,1.34562,1.34577,1.34609,1.34559,343,1780262099.094,GBPUSD
56,2026-05-31 21:15:00,1.34577,1.34586,1.34588,1.3453,312,1780262399.042,GBPUSD
56,2026-05-31 21:20:00,1.34586,1.34578,1.34601,1.34564,1135,1780262699.994,GBPUSD
56,2026-05-31 21:25:00,1.34579,1.34612,1.34623,1.34571,741,1780262999.016,GBPUSD
56,2026-05-31 21:30:00,1.34612,1.34613,1.34623,1.34603,330,1780263299.014,GBPUSD
56,2026-05-31 21:35:00,1.34613,1.34611,1.3463,1.34594,427,1780263599.026,GBPUSD
56,2026-05-31 21:40:00,1.34611,1.34618,1.34636,1.34601,381,1780263899.493,GBPUSD
56,2026-05-31 21:45:00,1.34618,1.34569,1.34634,1.34566,550,1780264199.507,GBPUSD
56,2026-05-31 21:50:00,1.34569,1.3454,1.34569,1.3454,309,1780264499.095,GBPUSD
56,2026-05-31 21:55:00,1.3454,1.34546,1.34549,1.34533,319,1780264799.02,GBPUSD
56,2026-05-31 22:00:00,1.34546,1.34473,1.34566,1.34471,568,1780265099.114,GBPUSD
56,2026-05-31 22:05:00,1.34473,1.34488,1.34499,1.34458,966,1780265399.848,GBPUSD
56,2026-05-31 22:10:00,1.34488,1.34492,1.34496,1.34477,441,1780265699.041,GBPUSD
56,2026-05-31 22:15:00,1.34492,1.34496,1.34498,1.34488,418,1780265999.033,GBPUSD
56,2026-05-31 22:20:00,1.34496,1.34495,1.34509,1.34489,421,1780266299.822,GBPUSD
56,2026-05-31 22:25:00,1.34493,1.34485,1.34495,1.34484,409,1780266599.993,GBPUSD
56,2026-05-31 22:30:00,1.34485,1.34472,1.34488,1.34464,641,1780266899.493,GBPUSD
56,2026-05-31 22:35:00,1.34472,1.34475,1.34481,1.34465,463,1780267199.02,GBPUSD
56,2026-05-31 22:40:00,1.34475,1.34482,1.34484,1.34472,654,1780267499.546,GBPUSD
56,2026-05-31 22:45:00,1.34482,1.34482,1.34496,1.34478,591,1780267799.094,GBPUSD
56,2026-05-31 22:50:00,1.34482,1.34486,1.34494,1.34479,622,1780268099.994,GBPUSD
56,2026-05-31 22:55:00,1.34486,1.34491,1.34503,1.34482,553,1780268399.035,GBPUSD
56,2026-05-31 23:00:00,1.34491,1.34503,1.34508,1.34478,564,1780268699.031,GBPUSD
56,2026-05-31 23:05:00,1.34503,1.34503,1.34507,1.34491,546,1780268999.095,GBPUSD
56,2026-05-31 23:10:00,1.34503,1.34498,1.34503,1.34492,434,1780269299.894,GBPUSD
56,2026-05-31 23:15:00,1.34498,1.34493,1.34503,1.3449,478,1780269599.041,GBPUSD
56,2026-05-31 23:20:00,1.34493,1.34493,1.34499,1.34491,384,1780269899.138,GBPUSD
56,2026-05-31 23:25:00,1.34493,1.34515,1.34516,1.34492,441,1780270198.027,GBPUSD
56,2026-05-31 23:30:00,1.34515,1.34503,1.34516,1.34496,464,1780270499.01,GBPUSD
56,2026-05-31 23:35:00,1.34505,1.34503,1.3451,1.34498,523,1780270799.011,GBPUSD
56,2026-05-31 23:40:00,1.34503,1.34545,1.34545,1.34501,791,1780271099.994,GBPUSD
56,2026-05-31 23:45:00,1.34548,1.34543,1.34592,1.34527,979,1780271399.895,GBPUSD
56,2026-05-31 23:50:00,1.34544,1.34523,1.34546,1.34519,692,1780271699.026,GBPUSD
56,2026-05-31 23:55:00,1.34523,1.3451,1.34535,1.34505,777,1780271999.999,GBPUSD
56,2026-06-01 00:00:00,1.3451,1.34533,1.34545,1.34485,1226,1780272299.895,GBPUSD
56,2026-06-01 00:05:00,1.34533,1.34536,1.34546,1.34522,727,1780272599.042,GBPUSD
56,2026-06-01 00:10:00,1.34536,1.34513,1.34537,1.34505,579,1780272899.039,GBPUSD
56,2026-06-01 00:15:00,1.34513,1.34499,1.34531,1.34498,787,1780273199.724,GBPUSD
56,2026-06-01 00:20:00,1.34499,1.34482,1.34507,1.34479,572,1780273498.015,GBPUSD
56,2026-06-01 00:25:00,1.34482,1.34482,1.34485,1.34457,613,1780273799.307,GBPUSD
56,2026-06-01 00:30:00,1.34482,1.34471,1.34489,1.34471,620,1780274099.016,GBPUSD
56,2026-06-01 00:35:00,1.34471,1.34469,1.34479,1.34459,522,1780274399.028,GBPUSD
56,2026-06-01 00:40:00,1.34469,1.34485,1.34488,1.3446,469,1780274699.996,GBPUSD
56,2026-06-01 00:45:00,1.34485,1.34479,1.34499,1.34472,561,1780274999.025,GBPUSD
56,2026-06-01 00:50:00,1.34479,1.3446,1.34502,1.34457,602,1780275299.995,GBPUSD
56,2026-06-01 00:55:00,1.3446,1.34516,1.34519,1.34459,646,1780275599.036,GBPUSD
56,2026-06-01 01:00:00,1.34516,1.34512,1.34522,1.34494,731,1780275899.694,GBPUSD
56,2026-06-01 01:05:00,1.34512,1.34523,1.34531,1.34501,684,1780276199.031,GBPUSD
56,2026-06-01 01:10:00,1.34523,1.34516,1.34532,1.3451,590,1780276499.533,GBPUSD
56,2026-06-01 01:15:00,1.34516,1.34503,1.34516,1.34491,559,1780276799.011,GBPUSD
56,2026-06-01 01:20:00,1.34503,1.34522,1.34537,1.34503,650,1780277099.016,GBPUSD
56,2026-06-01 01:25:00,1.34522,1.34501,1.34522,1.34498,471,1780277398.013,GBPUSD
56,2026-06-01 01:30:00,1.34501,1.3451,1.3451,1.34486,516,1780277699.894,GBPUSD
56,2026-06-01 01:35:00,1.3451,1.34505,1.34522,1.34505,536,1780277999.004,GBPUSD
56,2026-06-01 01:40:00,1.34505,1.34526,1.34529,1.34505,496,1780278299.094,GBPUSD
56,2026-06-01 01:45:00,1.34526,1.34509,1.34527,1.34505,423,1780278599.695,GBPUSD
56,2026-06-01 01:50:00,1.34509,1.34525,1.34528,1.34505,481,1780278899.093,GBPUSD
56,2026-06-01 01:55:00,1.34525,1.34536,1.34539,1.34516,473,1780279199.993,GBPUSD
56,2026-06-01 02:00:00,1.34536,1.34538,1.34543,1.3453,439,1780279499.495,GBPUSD
56,2026-06-01 02:05:00,1.34538,1.34546,1.34557,1.34537,437,1780279799.033,GBPUSD
56,2026-06-01 02:10:00,1.34546,1.34551,1.34558,1.34546,391,1780280099.094,GBPUSD
56,2026-06-01 02:15:00,1.34551,1.34557,1.34564,1.3455,416,1780280399.019,GBPUSD
56,2026-06-01 02:20:00,1.34557,1.3456,1.34563,1.34551,488,1780280699.014,GBPUSD
56,2026-06-01 02:25:00,1.3456,1.34538,1.3456,1.34537,417,1780280999.02,GBPUSD
56,2026-06-01 02:30:00,1.34538,1.3454,1.34542,1.34529,436,1780281299.009,GBPUSD
56,2026-06-01 02:35:00,1.3454,1.34549,1.34556,1.3454,486,1780281599.102,GBPUSD
56,2026-06-01 02:40:00,1.34549,1.34532,1.3455,1.3453,529,1780281899.043,GBPUSD
56,2026-06-01 02:45:00,1.34532,1.3454,1.34542,1.3453,524,1780282199.033,GBPUSD
56,2026-06-01 02:50:00,1.3454,1.34542,1.34544,1.34536,453,1780282499.031,GBPUSD
56,2026-06-01 02:55:00,1.34542,1.34559,1.34563,1.34539,492,1780282799.028,GBPUSD
56,2026-06-01 03:00:00,1.34559,1.34581,1.34592,1.34558,490,1780283099.045,GBPUSD
56,2026-06-01 03:05:00,1.34581,1.34572,1.34584,1.3457,526,1780283399.094,GBPUSD
56,2026-06-01 03:10:00,1.34572,1.34557,1.34573,1.34557,487,1780283699.692,GBPUSD
56,2026-06-01 03:15:00,1.34557,1.34531,1.34567,1.34529,566,1780283999.006,GBPUSD
56,2026-06-01 03:20:00,1.34531,1.34538,1.3454,1.3452,490,1780284299.094,GBPUSD
56,2026-06-01 03:25:00,1.34537,1.34571,1.34577,1.34537,517,1780284599.138,GBPUSD
56,2026-06-01 03:30:00,1.34571,1.34569,1.34596,1.34569,510,1780284899.094,GBPUSD
56,2026-06-01 03:35:00,1.34569,1.34536,1.34569,1.3453,459,1780285199.306,GBPUSD
56,2026-06-01 03:40:00,1.34536,1.34502,1.34539,1.34499,500,1780285499.005,GBPUSD
56,2026-06-01 03:45:00,1.34502,1.34508,1.34518,1.34502,462,1780285799.032,GBPUSD
56,2026-06-01 03:50:00,1.34508,1.34508,1.34512,1.34498,422,1780286099.04,GBPUSD
56,2026-06-01 03:55:00,1.34508,1.34499,1.34513,1.34493,448,1780286399.022,GBPUSD
56,2026-06-01 04:00:00,1.34499,1.34519,1.34519,1.34495,444,1780286699.095,GBPUSD
56,2026-06-01 04:05:00,1.34519,1.34526,1.34532,1.34512,359,1780286999.595,GBPUSD
56,2026-06-01 04:10:00,1.34526,1.34527,1.34532,1.34522,440,1780287299.03,GBPUSD
56,2026-06-01 04:15:00,1.34527,1.34547,1.34551,1.34527,372,1780287599.045,GBPUSD
56,2026-06-01 04:20:00,1.34547,1.34552,1.34552,1.34542,379,1780287899.037,GBPUSD
56,2026-06-01 04:25:00,1.34552,1.3456,1.3456,1.34547,376,1780288199.816,GBPUSD
56,2026-06-01 04:30:00,1.3456,1.34556,1.34564,1.34554,404,1780288499.017,GBPUSD
56,2026-06-01 04:35:00,1.34556,1.3457,1.34573,1.34552,420,1780288799.031,GBPUSD
56,2026-06-01 04:40:00,1.3457,1.34571,1.34579,1.3457,429,1780289099.009,GBPUSD
56,2026-06-01 04:45:00,1.34571,1.34559,1.34573,1.34551,389,1780289399.017,GBPUSD
56,2026-06-01 04:50:00,1.34559,1.34562,1.34563,1.34551,401,1780289699.013,GBPUSD
56,2026-06-01 04:55:00,1.34562,1.34571,1.34573,1.34557,436,1780289999.013,GBPUSD
56,2026-06-01 05:00:00,1.34571,1.34593,1.346,1.34564,567,1780290299.028,GBPUSD
56,2026-06-01 05:05:00,1.34592,1.34618,1.34623,1.34592,501,1780290599.001,GBPUSD
56,2026-06-01 05:10:00,1.34618,1.3462,1.34631,1.34603,442,1780290899.035,GBPUSD
56,2026-06-01 05:15:00,1.3462,1.3463,1.34632,1.34618,385,1780291199.022,GBPUSD
56,2026-06-01 05:20:00,1.3463,1.34636,1.3464,1.34625,541,1780291499.093,GBPUSD
56,2026-06-01 05:25:00,1.34636,1.34623,1.34637,1.34621,457,1780291799.031,GBPUSD
56,2026-06-01 05:30:00,1.34623,1.34618,1.3463,1.34614,475,1780292099.006,GBPUSD
56,2026-06-01 05:35:00,1.34618,1.34632,1.34632,1.34614,488,1780292399.995,GBPUSD
56,2026-06-01 05:40:00,1.34634,1.34645,1.34646,1.3462,490,1780292699.031,GBPUSD
56,2026-06-01 05:45:00,1.34645,1.34652,1.34659,1.34638,477,1780292999.994,GBPUSD
56,2026-06-01 05:50:00,1.34651,1.34641,1.3466,1.34638,482,1780293299.041,GBPUSD
56,2026-06-01 05:55:00,1.34641,1.34632,1.34649,1.34627,492,1780293599.894,GBPUSD
56,2026-06-01 06:00:00,1.34632,1.34658,1.34678,1.34632,583,1780293899.039,GBPUSD
56,2026-06-01 06:05:00,1.34658,1.34689,1.34699,1.34647,599,1780294199.809,GBPUSD
56,2026-06-01 06:10:00,1.34689,1.34668,1.34694,1.34648,627,1780294499.019,GBPUSD
56,2026-06-01 06:15:00,1.34668,1.3464,1.34668,1.34638,627,1780294799.033,GBPUSD
56,2026-06-01 06:20:00,1.3464,1.34607,1.34641,1.34606,533,1780295099.036,GBPUSD
56,2026-06-01 06:25:00,1.34607,1.34618,1.34619,1.3458,504,1780295399.993,GBPUSD
56,2026-06-01 06:30:00,1.34618,1.34668,1.34676,1.34616,663,1780295699.994,GBPUSD
56,2026-06-01 06:35:00,1.34668,1.34648,1.34679,1.34647,631,1780295999.007,GBPUSD
56,2026-06-01 06:40:00,1.34648,1.34661,1.34668,1.34634,518,1780296299.013,GBPUSD
56,2026-06-01 06:45:00,1.34661,1.34694,1.3472,1.3465,799,1780296599.695,GBPUSD
56,2026-06-01 06:50:00,1.34694,1.34728,1.34728,1.34693,674,1780296899.537,GBPUSD
56,2026-06-01 06:55:00,1.34728,1.34726,1.3476,1.34716,680,1780297199.038,GBPUSD
56,2026-06-01 07:00:00,1.34726,1.34698,1.34728,1.34677,740,1780297499.006,GBPUSD
56,2026-06-01 07:05:00,1.34698,1.34671,1.34698,1.3465,778,1780297799.016,GBPUSD
56,2026-06-01 07:10:00,1.34671,1.34647,1.34679,1.34626,637,1780298099.096,GBPUSD
56,2026-06-01 07:15:00,1.34647,1.3467,1.3467,1.34638,579,1780298399.994,GBPUSD
56,2026-06-01 07:20:00,1.34669,1.34628,1.34671,1.34621,688,1780298699.012,GBPUSD
56,2026-06-01 07:25:00,1.34628,1.34651,1.34661,1.34607,577,1780298999.996,GBPUSD
56,2026-06-01 07:30:00,1.34651,1.34648,1.34668,1.3464,558,1780299299.322,GBPUSD
56,2026-06-01 07:35:00,1.34648,1.34617,1.34654,1.34613,559,1780299599.394,GBPUSD
56,2026-06-01 07:40:00,1.34617,1.3459,1.34618,1.3458,702,1780299899.696,GBPUSD
56,2026-06-01 07:45:00,1.3459,1.34598,1.34601,1.34555,583,1780300199.039,GBPUSD
56,2026-06-01 07:50:00,1.34598,1.34631,1.3464,1.34598,650,1780300499.011,GBPUSD
56,2026-06-01 07:55:00,1.34631,1.34607,1.34638,1.34594,619,1780300799.012,GBPUSD
56,2026-06-01 08:00:00,1.34607,1.34617,1.3463,1.34604,717,1780301099.994,GBPUSD
56,2026-06-01 08:05:00,1.34617,1.34618,1.34628,1.34606,546,1780301399.235,GBPUSD
56,2026-06-01 08:10:00,1.34618,1.34672,1.34672,1.34617,672,1780301699.022,GBPUSD
56,2026-06-01 08:15:00,1.34672,1.34668,1.34689,1.34665,594,1780301999.009,GBPUSD
56,2026-06-01 08:20:00,1.34668,1.34679,1.34691,1.34651,577,1780302299.094,GBPUSD
56,2026-06-01 08:25:00,1.34679,1.34696,1.34715,1.34679,618,1780302599.094,GBPUSD
56,2026-06-01 08:30:00,1.34696,1.34692,1.34699,1.34668,620,1780302899.015,GBPUSD
56,2026-06-01 08:35:00,1.34692,1.34709,1.3471,1.34688,532,1780303199.019,GBPUSD
56,2026-06-01 08:40:00,1.34709,1.34727,1.34729,1.34699,527,1780303499.093,GBPUSD
56,2026-06-01 08:45:00,1.34727,1.3472,1.34736,1.34691,680,1780303799.012,GBPUSD
56,2026-06-01 08:50:00,1.3472,1.34688,1.34726,1.34688,540,1780304099.024,GBPUSD
56,2026-06-01 08:55:00,1.34688,1.34708,1.34717,1.34675,557,1780304399.002,GBPUSD
56,2026-06-01 09:00:00,1.34708,1.34727,1.3475,1.34708,688,1780304699.021,GBPUSD
56,2026-06-01 09:05:00,1.34727,1.34696,1.34733,1.3469,648,1780304999.627,GBPUSD
56,2026-06-01 09:10:00,1.34696,1.34671,1.34696,1.34659,742,1780305299.995,GBPUSD
56,2026-06-01 09:15:00,1.34671,1.34676,1.34695,1.34665,629,1780305599.005,GBPUSD
56,2026-06-01 09:20:00,1.34676,1.34618,1.34681,1.34617,581,1780305899.036,GBPUSD
56,2026-06-01 09:25:00,1.34618,1.34624,1.34627,1.34598,571,1780306199.694,GBPUSD
56,2026-06-01 09:30:00,1.34624,1.34608,1.34626,1.34598,517,1780306499.295,GBPUSD
56,2026-06-01 09:35:00,1.34608,1.3461,1.34619,1.34571,654,1780306799.037,GBPUSD
56,2026-06-01 09:40:00,1.3461,1.34603,1.3463,1.34601,604,1780307099.213,GBPUSD
56,2026-06-01 09:45:00,1.34603,1.34593,1.34615,1.34588,514,1780307399.994,GBPUSD
56,2026-06-01 09:50:00,1.34594,1.34608,1.34614,1.34593,554,1780307699.995,GBPUSD
56,2026-06-01 09:55:00,1.3461,1.34598,1.34611,1.34586,671,1780307999.012,GBPUSD
56,2026-06-01 10:00:00,1.34598,1.34601,1.34612,1.34579,676,1780308299.395,GBPUSD
56,2026-06-01 10:05:00,1.34601,1.34577,1.34602,1.34573,539,1780308599.026,GBPUSD
56,2026-06-01 10:10:00,1.34577,1.34601,1.34608,1.34573,507,1780308899.932,GBPUSD
56,2026-06-01 10:15:00,1.34601,1.34571,1.34607,1.3457,509,1780309199.994,GBPUSD
56,2026-06-01 10:20:00,1.34571,1.34579,1.34588,1.34556,611,1780309499.042,GBPUSD
56,2026-06-01 10:25:00,1.34579,1.34591,1.34604,1.3456,539,1780309799.015,GBPUSD
56,2026-06-01 10:30:00,1.34591,1.34593,1.34613,1.34584,595,1780310099.294,GBPUSD
56,2026-06-01 10:35:00,1.34593,1.34598,1.34612,1.34584,478,1780310399.995,GBPUSD
56,2026-06-01 10:40:00,1.34597,1.34648,1.34648,1.34594,581,1780310699.995,GBPUSD
56,2026-06-01 10:45:00,1.34648,1.34651,1.34657,1.34625,533,1780310999.036,GBPUSD
56,2026-06-01 10:50:00,1.3465,1.34635,1.34652,1.3463,519,1780311299.002,GBPUSD
56,2026-06-01 10:55:00,1.34635,1.34632,1.34647,1.34603,556,1780311599.114,GBPUSD
56,2026-06-01 11:00:00,1.34632,1.34612,1.34641,1.34608,708,1780311899.023,GBPUSD
56,2026-06-01 11:05:00,1.34612,1.34631,1.34635,1.346,673,1780312199.042,GBPUSD
56,2026-06-01 11:10:00,1.34631,1.34631,1.34646,1.34604,604,1780312499.028,GBPUSD
56,2026-06-01 11:15:00,1.34632,1.34647,1.34647,1.34627,656,1780312799.094,GBPUSD
56,2026-06-01 11:20:00,1.34648,1.34627,1.3466,1.34618,585,1780313099.035,GBPUSD
56,2026-06-01 11:25:00,1.34627,1.34647,1.34648,1.3462,658,1780313399.019,GBPUSD
56,2026-06-01 11:30:00,1.34647,1.34619,1.34647,1.34608,612,1780313699.932,GBPUSD
56,2026-06-01 11:35:00,1.34619,1.34637,1.34641,1.34609,694,1780313999.512,GBPUSD
56,2026-06-01 11:40:00,1.34637,1.34631,1.34648,1.34611,570,1780314299.623,GBPUSD
56,2026-06-01 11:45:00,1.34631,1.34642,1.34647,1.34626,541,1780314599.004,GBPUSD
56,2026-06-01 11:50:00,1.34642,1.34628,1.34648,1.34628,595,1780314899.828,GBPUSD
56,2026-06-01 11:55:00,1.34628,1.34655,1.34664,1.34628,650,1780315199.029,GBPUSD
56,2026-06-01 12:00:00,1.34655,1.34667,1.34675,1.34652,790,1780315499.734,GBPUSD
56,2026-06-01 12:05:00,1.34667,1.34651,1.34685,1.34647,801,1780315799.011,GBPUSD
56,2026-06-01 12:10:00,1.34651,1.34629,1.34661,1.34627,641,1780316099.994,GBPUSD
56,2026-06-01 12:15:00,1.3463,1.3465,1.34659,1.34625,751,1780316399.094,GBPUSD
56,2026-06-01 12:20:00,1.3465,1.34647,1.34658,1.34634,697,1780316699.019,GBPUSD
56,2026-06-01 12:25:00,1.34647,1.34661,1.34668,1.3464,689,1780316999.824,GBPUSD
56,2026-06-01 12:30:00,1.34661,1.34673,1.34688,1.3466,747,1780317299.994,GBPUSD
56,2026-06-01 12:35:00,1.34673,1.34668,1.34688,1.34665,752,1780317599.902,GBPUSD
56,2026-06-01 12:40:00,1.34669,1.3467,1.34685,1.34625,1006,1780317899.996,GBPUSD
56,2026-06-01 12:45:00,1.34671,1.34651,1.34687,1.3464,971,1780318199.995,GBPUSD
56,2026-06-01 12:50:00,1.34651,1.34649,1.34659,1.34638,830,1780318499.895,GBPUSD
56,2026-06-01 12:55:00,1.34649,1.3464,1.34653,1.34631,744,1780318799.095,GBPUSD
56,2026-06-01 13:00:00,1.3464,1.34566,1.3464,1.34551,919,1780319099.014,GBPUSD
56,2026-06-01 13:05:00,1.34566,1.34559,1.3457,1.34537,854,1780319399.006,GBPUSD
56,2026-06-01 13:10:00,1.34559,1.34418,1.34563,1.3437,2209,1780319699.214,GBPUSD
56,2026-06-01 13:15:00,1.34418,1.34435,1.3452,1.34411,1531,1780319999.926,GBPUSD
56,2026-06-01 13:20:00,1.34435,1.34342,1.34448,1.34336,1663,1780320299.034,GBPUSD
56,2026-06-01 13:25:00,1.34342,1.34345,1.3439,1.3433,1583,1780320599.992,GBPUSD
56,2026-06-01 13:30:00,1.34345,1.34279,1.34362,1.34268,1520,1780320899.394,GBPUSD
56,2026-06-01 13:35:00,1.34279,1.34342,1.34362,1.34279,1343,1780321199.81,GBPUSD
56,2026-06-01 13:40:00,1.34342,1.34264,1.34353,1.34261,1265,1780321499.403,GBPUSD
56,2026-06-01 13:45:00,1.34264,1.3423,1.34274,1.34203,1086,1780321799.496,GBPUSD
56,2026-06-01 13:50:00,1.3423,1.34144,1.34243,1.34128,1541,1780322099.795,GBPUSD
56,2026-06-01 13:55:00,1.34143,1.34146,1.34173,1.34105,1013,1780322399.994,GBPUSD
56,2026-06-01 14:00:00,1.34146,1.34124,1.34146,1.34068,1292,1780322699.902,GBPUSD
56,2026-06-01 14:05:00,1.34124,1.34205,1.3421,1.34119,1382,1780322999.994,GBPUSD
56,2026-06-01 14:10:00,1.34205,1.34225,1.34226,1.34181,1115,1780323299.495,GBPUSD
56,2026-06-01 14:15:00,1.34225,1.34188,1.34278,1.34169,1311,1780323599.81,GBPUSD
56,2026-06-01 14:20:00,1.34188,1.34224,1.34238,1.34181,1064,1780323899.594,GBPUSD
56,2026-06-01 14:25:00,1.34224,1.34241,1.34241,1.34204,1035,1780324199.294,GBPUSD
56,2026-06-01 14:30:00,1.34241,1.34232,1.34269,1.34218,1226,1780324499.002,GBPUSD
56,2026-06-01 14:35:00,1.34232,1.34237,1.34245,1.34204,1014,1780324799.694,GBPUSD
56,2026-06-01 14:40:00,1.34237,1.34269,1.3428,1.34236,1125,1780325099.008,GBPUSD
56,2026-06-01 14:45:00,1.34269,1.34218,1.34283,1.34214,968,1780325399.822,GBPUSD
56,2026-06-01 14:50:00,1.34218,1.34253,1.34265,1.34194,1011,1780325699.894,GBPUSD
56,2026-06-01 14:55:00,1.34253,1.34371,1.34374,1.34253,1287,1780325999.043,GBPUSD
56,2026-06-01 15:00:00,1.34371,1.34361,1.34383,1.34332,1225,1780326299.593,GBPUSD
56,2026-06-01 15:05:00,1.34361,1.3435,1.34383,1.34335,1220,1780326599.796,GBPUSD
56,2026-06-01 15:10:00,1.3435,1.34339,1.34369,1.34337,1003,1780326899.033,GBPUSD
56,2026-06-01 15:15:00,1.34339,1.34369,1.3437,1.34339,973,1780327199.933,GBPUSD
56,2026-06-01 15:20:00,1.34369,1.34409,1.34434,1.34367,881,1780327499.793,GBPUSD
56,2026-06-01 15:25:00,1.34409,1.34464,1.34475,1.34397,1024,1780327799.995,GBPUSD
56,2026-06-01 15:30:00,1.34465,1.34486,1.3456,1.34463,1715,1780328099.694,GBPUSD
56,2026-06-01 15:35:00,1.34486,1.34464,1.34498,1.34449,1126,1780328399.995,GBPUSD
56,2026-06-01 15:40:00,1.34464,1.34482,1.34486,1.34453,718,1780328699.694,GBPUSD
56,2026-06-01 15:45:00,1.34482,1.34448,1.34485,1.34442,687,1780328999.025,GBPUSD
56,2026-06-01 15:50:00,1.34448,1.34444,1.34457,1.34434,624,1780329299.016,GBPUSD
56,2026-06-01 15:55:00,1.34444,1.34493,1.34503,1.34444,676,1780329599.535,GBPUSD
56,2026-06-01 16:00:00,1.34493,1.34479,1.34539,1.34478,872,1780329898.046,GBPUSD
56,2026-06-01 16:05:00,1.34479,1.3444,1.34491,1.34428,721,1780330199.031,GBPUSD
56,2026-06-01 16:10:00,1.3444,1.34435,1.34442,1.3442,780,1780330499.043,GBPUSD
56,2026-06-01 16:15:00,1.34435,1.34418,1.34437,1.34406,688,1780330799.994,GBPUSD
56,2026-06-01 16:20:00,1.34418,1.34432,1.34446,1.34409,658,1780331099.897,GBPUSD
56,2026-06-01 16:25:00,1.34432,1.34464,1.34469,1.3443,720,1780331399.041,GBPUSD
56,2026-06-01 16:30:00,1.34464,1.34493,1.34496,1.34457,948,1780331699.037,GBPUSD
56,2026-06-01 16:35:00,1.34492,1.34512,1.34542,1.34489,839,1780331999.695,GBPUSD
56,2026-06-01 16:40:00,1.34512,1.34481,1.34519,1.34476,647,1780332299.042,GBPUSD
56,2026-06-01 16:45:00,1.34481,1.34532,1.34536,1.34481,693,1780332599.895,GBPUSD
56,2026-06-01 16:50:00,1.34532,1.34607,1.34612,1.34531,1053,1780332899.913,GBPUSD
56,2026-06-01 16:55:00,1.34607,1.34607,1.3463,1.34586,960,1780333199.423,GBPUSD
56,2026-06-01 17:00:00,1.34607,1.34566,1.34618,1.34565,1135,1780333499.299,GBPUSD
56,2026-06-01 17:05:00,1.34568,1.34542,1.34573,1.34537,634,1780333799.754,GBPUSD
56,2026-06-01 17:10:00,1.34543,1.34554,1.34563,1.34542,631,1780334099.011,GBPUSD
56,2026-06-01 17:15:00,1.34554,1.34562,1.34563,1.3454,671,1780334399.194,GBPUSD
56,2026-06-01 17:20:00,1.34562,1.34584,1.34591,1.3456,720,1780334699.029,GBPUSD
56,2026-06-01 17:25:00,1.34584,1.34657,1.34657,1.34581,741,1780334999.896,GBPUSD
56,2026-06-01 17:30:00,1.34657,1.3463,1.34686,1.34621,1294,1780335299.895,GBPUSD
56,2026-06-01 17:35:00,1.3463,1.34627,1.34648,1.3462,871,1780335599.74,GBPUSD
56,2026-06-01 17:40:00,1.34627,1.34672,1.34703,1.34621,942,1780335899.241,GBPUSD
56,2026-06-01 17:45:00,1.34672,1.34651,1.34695,1.3465,827,1780336199.793,GBPUSD
56,2026-06-01 17:50:00,1.34651,1.34654,1.3467,1.34646,863,1780336499.005,GBPUSD
56,2026-06-01 17:55:00,1.34654,1.34647,1.34675,1.34646,633,1780336799.624,GBPUSD
56,2026-06-01 18:00:00,1.34647,1.34638,1.34651,1.34635,523,1780337099.001,GBPUSD
56,2026-06-01 18:05:00,1.34638,1.34658,1.3466,1.34637,609,1780337399.028,GBPUSD
56,2026-06-01 18:10:00,1.34658,1.34637,1.34658,1.34635,495,1780337699.014,GBPUSD
56,2026-06-01 18:15:00,1.34637,1.3464,1.34643,1.34617,518,1780337999.038,GBPUSD
56,2026-06-01 18:20:00,1.34641,1.34637,1.34652,1.34625,509,1780338299.294,GBPUSD
56,2026-06-01 18:25:00,1.34636,1.34627,1.34642,1.34627,554,1780338599.441,GBPUSD
56,2026-06-01 18:30:00,1.34627,1.34629,1.34631,1.34611,508,1780338899.694,GBPUSD
56,2026-06-01 18:35:00,1.34629,1.3463,1.3464,1.34625,546,1780339199.895,GBPUSD
56,2026-06-01 18:40:00,1.3463,1.34629,1.34632,1.34618,532,1780339499.021,GBPUSD
56,2026-06-01 18:45:00,1.34629,1.34607,1.34631,1.34606,499,1780339799.796,GBPUSD
56,2026-06-01 18:50:00,1.34608,1.34593,1.34608,1.3459,599,1780340099.696,GBPUSD
56,2026-06-01 18:55:00,1.34593,1.34573,1.34599,1.34572,652,1780340399.995,GBPUSD
56,2026-06-01 19:00:00,1.34573,1.34588,1.34592,1.34548,663,1780340699.408,GBPUSD
56,2026-06-01 19:05:00,1.34588,1.34586,1.34598,1.3457,521,1780340999.012,GBPUSD
56,2026-06-01 19:10:00,1.34586,1.3459,1.34603,1.34585,464,1780341299.895,GBPUSD
56,2026-06-01 19:15:00,1.3459,1.34598,1.34601,1.34583,540,1780341599.294,GBPUSD
56,2026-06-01 19:20:00,1.34598,1.34611,1.34611,1.34598,492,1780341898.037,GBPUSD
56,2026-06-01 19:25:00,1.34611,1.3459,1.34611,1.34589,484,1780342199.096,GBPUSD
56,2026-06-01 19:30:00,1.3459,1.34601,1.34608,1.34588,591,1780342499.004,GBPUSD
56,2026-06-01 19:35:00,1.34601,1.34591,1.34606,1.34591,485,1780342799.036,GBPUSD
56,2026-06-01 19:40:00,1.34591,1.34591,1.34607,1.3459,516,1780343099.43,GBPUSD
56,2026-06-01 19:45:00,1.34591,1.34597,1.346,1.34586,523,1780343399.813,GBPUSD
56,2026-06-01 19:50:00,1.34598,1.34536,1.34599,1.34536,724,1780343699.094,GBPUSD
56,2026-06-01 19:55:00,1.34536,1.34592,1.34594,1.34536,771,1780343999.62,GBPUSD
56,2026-06-01 20:00:00,1.34592,1.34604,1.3461,1.34586,607,1780344299.01,GBPUSD
56,2026-06-01 20:05:00,1.34604,1.34591,1.34607,1.34587,513,1780344599.333,GBPUSD
56,2026-06-01 20:10:00,1.34591,1.3458,1.34591,1.34572,468,1780344899.008,GBPUSD
56,2026-06-01 20:15:00,1.3458,1.34568,1.34587,1.34564,493,1780345199.018,GBPUSD
56,2026-06-01 20:20:00,1.34568,1.34568,1.3457,1.34561,427,1780345499.094,GBPUSD
56,2026-06-01 20:25:00,1.34568,1.34579,1.34582,1.34568,389,1780345799.094,GBPUSD
56,2026-06-01 20:30:00,1.34579,1.34589,1.3459,1.34566,404,1780346099.035,GBPUSD
56,2026-06-01 20:35:00,1.34589,1.34586,1.34591,1.34578,401,1780346399.806,GBPUSD
56,2026-06-01 20:40:00,1.34586,1.34581,1.34587,1.34578,426,1780346699.894,GBPUSD
56,2026-06-01 20:45:00,1.34581,1.3457,1.34582,1.34568,450,1780346999.929,GBPUSD
56,2026-06-01 20:50:00,1.3457,1.3456,1.34571,1.3456,402,1780347299.094,GBPUSD
56,2026-06-01 20:55:00,1.3456,1.3454,1.34569,1.34539,654,1780347599.792,GBPUSD
56,2026-06-01 21:00:00,1.3454,1.34603,1.34603,1.3454,280,1780347899.02,GBPUSD
56,2026-06-01 21:05:00,1.34603,1.34603,1.34606,1.34588,291,1780348199.042,GBPUSD
56,2026-06-01 21:10:00,1.34603,1.34579,1.34608,1.34579,410,1780348499.032,GBPUSD
56,2026-06-01 21:15:00,1.34579,1.34594,1.34602,1.34579,354,1780348799.696,GBPUSD
56,2026-06-01 21:20:00,1.34594,1.34585,1.34606,1.34573,332,1780349099.002,GBPUSD
56,2026-06-01 21:25:00,1.34585,1.34582,1.34602,1.34572,349,1780349399.011,GBPUSD
56,2026-06-01 21:30:00,1.34582,1.34607,1.34617,1.34572,389,1780349699.01,GBPUSD
56,2026-06-01 21:35:00,1.34607,1.34627,1.34652,1.34556,541,1780349999.993,GBPUSD
56,2026-06-01 21:40:00,1.34627,1.34637,1.34639,1.34603,2078,1780350299.018,GBPUSD
56,2026-06-01 21:45:00,1.34637,1.34619,1.34637,1.34603,380,1780350599.001,GBPUSD
56,2026-06-01 21:50:00,1.34619,1.34623,1.34633,1.34619,360,1780350899.025,GBPUSD
56,2026-06-01 21:55:00,1.34623,1.34585,1.34628,1.34554,424,1780351199.014,GBPUSD
56,2026-06-01 22:00:00,1.34585,1.34581,1.34599,1.34579,407,1780351499.016,GBPUSD
56,2026-06-01 22:05:00,1.34581,1.34576,1.3459,1.34563,541,1780351799.04,GBPUSD
56,2026-06-01 22:10:00,1.34576,1.34576,1.3458,1.34573,350,1780352099.006,GBPUSD
56,2026-06-01 22:15:00,1.34576,1.3458,1.3458,1.34574,343,1780352399.031,GBPUSD
56,2026-06-01 22:20:00,1.3458,1.3457,1.3458,1.34562,348,1780352699.02,GBPUSD
56,2026-06-01 22:25:00,1.3457,1.3456,1.34573,1.3456,332,1780352999.039,GBPUSD
56,2026-06-01 22:30:00,1.3456,1.3457,1.34577,1.34559,382,1780353299.019,GBPUSD
56,2026-06-01 22:35:00,1.3457,1.34571,1.34572,1.34566,423,1780353599.095,GBPUSD
56,2026-06-01 22:40:00,1.34571,1.34576,1.34581,1.3457,345,1780353898.042,GBPUSD
56,2026-06-01 22:45:00,1.34575,1.34579,1.34581,1.3457,435,1780354199.022,GBPUSD
56,2026-06-01 22:50:00,1.34579,1.34579,1.3458,1.34574,482,1780354499.095,GBPUSD
56,2026-06-01 22:55:00,1.34579,1.34582,1.34588,1.3457,455,1780354799.693,GBPUSD
56,2026-06-01 23:00:00,1.34582,1.34593,1.34602,1.34581,384,1780355099.096,GBPUSD
56,2026-06-01 23:05:00,1.34593,1.34591,1.346,1.34588,392,1780355399.095,GBPUSD
56,2026-06-01 23:10:00,1.34591,1.3459,1.34596,1.34589,484,1780355699.894,GBPUSD
56,2026-06-01 23:15:00,1.3459,1.34592,1.34598,1.34588,396,1780355999.034,GBPUSD
56,2026-06-01 23:20:00,1.34592,1.34588,1.34594,1.34587,350,1780356299.023,GBPUSD
56,2026-06-01 23:25:00,1.34588,1.34587,1.34591,1.34586,375,1780356599.004,GBPUSD
56,2026-06-01 23:30:00,1.34587,1.34577,1.34591,1.34573,397,1780356899.022,GBPUSD
56,2026-06-01 23:35:00,1.34577,1.34587,1.34591,1.34569,421,1780357199.03,GBPUSD
56,2026-06-01 23:40:00,1.34587,1.34604,1.34606,1.34587,448,1780357498.094,GBPUSD
56,2026-06-01 23:45:00,1.34604,1.34598,1.34607,1.34597,425,1780357799.023,GBPUSD
56,2026-06-01 23:50:00,1.34598,1.34593,1.34599,1.34589,439,1780358099.911,GBPUSD
56,2026-06-01 23:55:00,1.34593,1.34598,1.346,1.34589,409,1780358399.038,GBPUSD
56,2026-06-02 00:00:00,1.34598,1.34608,1.3462,1.34592,497,1780358699.994,GBPUSD
56,2026-06-02 00:05:00,1.34608,1.3457,1.34611,1.34564,629,1780358999.025,GBPUSD
56,2026-06-02 00:10:00,1.3457,1.34598,1.346,1.3457,486,1780359299.001,GBPUSD
56,2026-06-02 00:15:00,1.34598,1.34607,1.3461,1.34591,501,1780359599.008,GBPUSD
56,2026-06-02 00:20:00,1.34607,1.34586,1.34611,1.34583,456,1780359899.095,GBPUSD
56,2026-06-02 00:25:00,1.34586,1.34598,1.34599,1.3458,477,1780360199.094,GBPUSD
56,2026-06-02 00:30:00,1.34598,1.346,1.34615,1.34588,426,1780360499.994,GBPUSD
56,2026-06-02 00:35:00,1.346,1.34591,1.34604,1.34588,441,1780360799.003,GBPUSD
56,2026-06-02 00:40:00,1.34591,1.34578,1.34594,1.34567,467,1780361099.043,GBPUSD
56,2026-06-02 00:45:00,1.34578,1.34567,1.3458,1.34567,457,1780361399.296,GBPUSD
56,2026-06-02 00:50:00,1.34567,1.34552,1.34571,1.34549,454,1780361699.794,GBPUSD
56,2026-06-02 00:55:00,1.34552,1.34537,1.34557,1.34525,649,1780361999.036,GBPUSD
56,2026-06-02 01:00:00,1.34539,1.34549,1.34559,1.34531,724,1780362299.695,GBPUSD
56,2026-06-02 01:05:00,1.34549,1.34559,1.34577,1.34547,554,1780362599.095,GBPUSD
56,2026-06-02 01:10:00,1.34559,1.34598,1.34613,1.34558,581,1780362899.095,GBPUSD
56,2026-06-02 01:15:00,1.34598,1.34581,1.346,1.34579,630,1780363199.035,GBPUSD
56,2026-06-02 01:20:00,1.34581,1.34569,1.34585,1.34566,591,1780363499.897,GBPUSD
56,2026-06-02 01:25:00,1.3457,1.34569,1.3458,1.34558,619,1780363799.994,GBPUSD
56,2026-06-02 01:30:00,1.34569,1.3459,1.34591,1.34569,608,1780364099.019,GBPUSD
56,2026-06-02 01:35:00,1.3459,1.34571,1.3461,1.34568,548,1780364399.897,GBPUSD
56,2026-06-02 01:40:00,1.34571,1.3457,1.34594,1.34563,589,1780364699.041,GBPUSD
56,2026-06-02 01:45:00,1.3457,1.34518,1.3457,1.34513,653,1780364999.993,GBPUSD
56,2026-06-02 01:50:00,1.34518,1.3453,1.3453,1.34508,619,1780365299.494,GBPUSD
56,2026-06-02 01:55:00,1.3453,1.34519,1.34539,1.34518,552,1780365599.093,GBPUSD
56,2026-06-02 02:00:00,1.34519,1.34518,1.34542,1.34513,607,1780365899.036,GBPUSD
56,2026-06-02 02:05:00,1.34519,1.34525,1.34529,1.34511,473,1780366199.093,GBPUSD
56,2026-06-02 02:10:00,1.34525,1.34529,1.34532,1.34519,474,1780366499.296,GBPUSD
56,2026-06-02 02:15:00,1.34529,1.34529,1.34539,1.34519,448,1780366799.043,GBPUSD
56,2026-06-02 02:20:00,1.34529,1.34535,1.34538,1.34525,490,1780367099.01,GBPUSD
56,2026-06-02 02:25:00,1.34535,1.34556,1.34557,1.34535,504,1780367399.096,GBPUSD
56,2026-06-02 02:30:00,1.34556,1.34547,1.34569,1.34546,506,1780367699.194,GBPUSD
56,2026-06-02 02:35:00,1.34547,1.34546,1.3455,1.3454,444,1780367999.13,GBPUSD
56,2026-06-02 02:40:00,1.34546,1.3453,1.34548,1.34527,461,1780368299.094,GBPUSD
56,2026-06-02 02:45:00,1.3453,1.34539,1.34549,1.3453,453,1780368599.028,GBPUSD
56,2026-06-02 02:50:00,1.34539,1.34529,1.34545,1.34529,407,1780368899.095,GBPUSD
56,2026-06-02 02:55:00,1.34529,1.34537,1.34545,1.34528,466,1780369199.419,GBPUSD
56,2026-06-02 03:00:00,1.34537,1.34545,1.34558,1.34535,497,1780369499.016,GBPUSD
56,2026-06-02 03:05:00,1.34545,1.3455,1.34556,1.34542,478,1780369799.435,GBPUSD
56,2026-06-02 03:10:00,1.3455,1.34559,1.34565,1.34543,497,1780370099.008,GBPUSD
56,2026-06-02 03:15:00,1.34559,1.34552,1.34569,1.34546,479,1780370399.035,GBPUSD
56,2026-06-02 03:20:00,1.34552,1.34558,1.34558,1.34539,488,1780370699.594,GBPUSD
56,2026-06-02 03:25:00,1.34558,1.34561,1.34565,1.34552,476,1780370999.016,GBPUSD
56,2026-06-02 03:30:00,1.34561,1.34558,1.34568,1.34554,474,1780371299.03,GBPUSD
56,2026-06-02 03:35:00,1.34559,1.34569,1.34573,1.34559,435,1780371599.095,GBPUSD
56,2026-06-02 03:40:00,1.34569,1.3457,1.34579,1.34568,397,1780371899.095,GBPUSD
56,2026-06-02 03:45:00,1.3457,1.3458,1.34588,1.34567,411,1780372199.007,GBPUSD
56,2026-06-02 03:50:00,1.3458,1.34566,1.34584,1.3456,386,1780372499.094,GBPUSD
56,2026-06-02 03:55:00,1.34566,1.34583,1.3459,1.34566,402,1780372799.037,GBPUSD
56,2026-06-02 04:00:00,1.34583,1.34593,1.34593,1.34577,391,1780373099.011,GBPUSD
56,2026-06-02 04:05:00,1.34593,1.34585,1.34594,1.34581,451,1780373399.809,GBPUSD
56,2026-06-02 04:10:00,1.34585,1.34581,1.34588,1.34573,430,1780373699.223,GBPUSD
56,2026-06-02 04:15:00,1.34581,1.34591,1.34601,1.3458,382,1780373998.094,GBPUSD
56,2026-06-02 04:20:00,1.34591,1.346,1.34603,1.34591,404,1780374299.095,GBPUSD
56,2026-06-02 04:25:00,1.346,1.34598,1.34608,1.34598,432,1780374599.994,GBPUSD
56,2026-06-02 04:30:00,1.34598,1.34621,1.34623,1.34598,505,1780374899.0,GBPUSD
56,2026-06-02 04:35:00,1.34621,1.34622,1.34627,1.34617,397,1780375199.016,GBPUSD
56,2026-06-02 04:40:00,1.34622,1.34631,1.34632,1.34618,415,1780375499.035,GBPUSD
56,2026-06-02 04:45:00,1.34631,1.34635,1.34641,1.34627,396,1780375799.018,GBPUSD
56,2026-06-02 04:50:00,1.34635,1.34634,1.34647,1.3463,454,1780376099.005,GBPUSD
56,2026-06-02 04:55:00,1.34634,1.34641,1.34648,1.3463,443,1780376399.042,GBPUSD
56,2026-06-02 05:00:00,1.3464,1.34645,1.34651,1.34632,525,1780376699.095,GBPUSD
56,2026-06-02 05:05:00,1.34645,1.34647,1.34649,1.34639,383,1780376999.009,GBPUSD
56,2026-06-02 05:10:00,1.34647,1.34654,1.34659,1.34644,505,1780377299.049,GBPUSD
56,2026-06-02 05:15:00,1.34654,1.34638,1.34659,1.34628,571,1780377599.028,GBPUSD
56,2026-06-02 05:20:00,1.34638,1.34644,1.34644,1.34629,400,1780377899.039,GBPUSD
56,2026-06-02 05:25:00,1.34642,1.34651,1.34662,1.34637,473,1780378199.04,GBPUSD
56,2026-06-02 05:30:00,1.34651,1.34659,1.34668,1.34649,513,1780378499.613,GBPUSD
56,2026-06-02 05:35:00,1.34662,1.34658,1.34669,1.34651,463,1780378799.094,GBPUSD
56,2026-06-02 05:40:00,1.34658,1.34652,1.34666,1.34649,462,1780379099.033,GBPUSD
56,2026-06-02 05:45:00,1.34652,1.34628,1.34652,1.3462,493,1780379399.521,GBPUSD
56,2026-06-02 05:50:00,1.34628,1.34626,1.3463,1.34618,412,1780379699.094,GBPUSD
56,2026-06-02 05:55:00,1.34626,1.34611,1.34631,1.3461,463,1780379999.0,GBPUSD
56,2026-06-02 06:00:00,1.34611,1.34654,1.34657,1.34611,498,1780380299.024,GBPUSD
56,2026-06-02 06:05:00,1.34654,1.34679,1.34689,1.34652,625,1780380599.906,GBPUSD
56,2026-06-02 06:10:00,1.34679,1.34736,1.34762,1.34679,647,1780380899.62,GBPUSD
56,2026-06-02 06:15:00,1.34736,1.34747,1.34756,1.34735,531,1780381199.033,GBPUSD
56,2026-06-02 06:20:00,1.34747,1.34771,1.3478,1.34747,588,1780381499.511,GBPUSD
56,2026-06-02 06:25:00,1.34771,1.34796,1.34807,1.34767,705,1780381799.011,GBPUSD
56,2026-06-02 06:30:00,1.34796,1.34804,1.34815,1.34774,759,1780382099.408,GBPUSD
56,2026-06-02 06:35:00,1.34804,1.34794,1.34817,1.34788,743,1780382399.02,GBPUSD
56,2026-06-02 06:40:00,1.34794,1.34753,1.34804,1.34749,723,1780382699.007,GBPUSD
56,2026-06-02 06:45:00,1.34753,1.34776,1.34781,1.34752,586,1780382999.033,GBPUSD
56,2026-06-02 06:50:00,1.34776,1.34754,1.34777,1.34747,566,1780383299.711,GBPUSD
56,2026-06-02 06:55:00,1.34754,1.34783,1.34787,1.34748,603,1780383599.634,GBPUSD
56,2026-06-02 07:00:00,1.34781,1.34777,1.3479,1.3475,822,1780383899.294,GBPUSD
56,2026-06-02 07:05:00,1.34777,1.34749,1.34777,1.34727,638,1780384199.394,GBPUSD
56,2026-06-02 07:10:00,1.34749,1.3474,1.34756,1.34735,572,1780384499.023,GBPUSD
56,2026-06-02 07:15:00,1.3474,1.34708,1.3474,1.34705,632,1780384799.495,GBPUSD
56,2026-06-02 07:20:00,1.34708,1.34709,1.34726,1.34702,571,1780385099.033,GBPUSD
56,2026-06-02 07:25:00,1.34709,1.34723,1.3473,1.34679,701,1780385399.012,GBPUSD
56,2026-06-02 07:30:00,1.34723,1.34739,1.34742,1.34706,579,1780385699.042,GBPUSD
56,2026-06-02 07:35:00,1.34739,1.34733,1.34752,1.3472,538,1780385999.238,GBPUSD
56,2026-06-02 07:40:00,1.34733,1.34754,1.34771,1.34729,615,1780386299.618,GBPUSD
56,2026-06-02 07:45:00,1.34754,1.3474,1.34762,1.34726,604,1780386599.005,GBPUSD
56,2026-06-02 07:50:00,1.3474,1.3472,1.3474,1.34706,677,1780386899.029,GBPUSD
56,2026-06-02 07:55:00,1.3472,1.3472,1.34731,1.34706,749,1780387199.895,GBPUSD
56,2026-06-02 08:00:00,1.3472,1.3474,1.3474,1.34715,756,1780387499.02,GBPUSD
56,2026-06-02 08:05:00,1.3474,1.34722,1.34758,1.3471,734,1780387799.899,GBPUSD
56,2026-06-02 08:10:00,1.3472,1.34692,1.3472,1.34685,624,1780388099.002,GBPUSD
56,2026-06-02 08:15:00,1.34692,1.34695,1.34708,1.34674,700,1780388399.002,GBPUSD
56,2026-06-02 08:20:00,1.34695,1.34668,1.34699,1.34662,722,1780388699.01,GBPUSD
56,2026-06-02 08:25:00,1.34668,1.34678,1.34692,1.34668,572,1780388999.993,GBPUSD
56,2026-06-02 08:30:00,1.34678,1.34679,1.34695,1.34665,529,1780389299.499,GBPUSD
56,2026-06-02 08:35:00,1.34679,1.34659,1.34686,1.34646,636,1780389599.793,GBPUSD
56,2026-06-02 08:40:00,1.34659,1.34651,1.34674,1.34647,492,1780389899.012,GBPUSD
56,2026-06-02 08:45:00,1.34651,1.34641,1.34651,1.34627,541,1780390198.22,GBPUSD
56,2026-06-02 08:50:00,1.34641,1.34635,1.34642,1.34614,585,1780390499.012,GBPUSD
56,2026-06-02 08:55:00,1.34635,1.34634,1.3464,1.34607,460,1780390799.694,GBPUSD
56,2026-06-02 09:00:00,1.34635,1.34628,1.3464,1.34607,545,1780391099.031,GBPUSD
56,2026-06-02 09:05:00,1.34628,1.34641,1.34649,1.34628,429,1780391399.028,GBPUSD
56,2026-06-02 09:10:00,1.34641,1.34661,1.34662,1.34631,515,1780391699.095,GBPUSD
56,2026-06-02 09:15:00,1.34661,1.34672,1.34679,1.34659,568,1780391999.012,GBPUSD
56,2026-06-02 09:20:00,1.34672,1.34668,1.34689,1.34647,515,1780392299.094,GBPUSD
56,2026-06-02 09:25:00,1.34668,1.34688,1.34689,1.34667,506,1780392599.037,GBPUSD
56,2026-06-02 09:30:00,1.34688,1.3469,1.34703,1.34665,582,1780392899.018,GBPUSD
56,2026-06-02 09:35:00,1.3469,1.34679,1.34699,1.34678,488,1780393199.044,GBPUSD
56,2026-06-02 09:40:00,1.34679,1.34674,1.34681,1.34658,594,1780393499.01,GBPUSD
56,2026-06-02 09:45:00,1.34674,1.34682,1.34692,1.34664,436,1780393799.024,GBPUSD
56,2026-06-02 09:50:00,1.34682,1.34674,1.34686,1.34665,495,1780394099.312,GBPUSD
56,2026-06-02 09:55:00,1.34674,1.34703,1.34707,1.34674,542,1780394399.008,GBPUSD
56,2026-06-02 10:00:00,1.34703,1.34682,1.34706,1.34668,584,1780394699.624,GBPUSD
56,2026-06-02 10:05:00,1.34682,1.34716,1.34719,1.3468,513,1780394999.094,GBPUSD
56,2026-06-02 10:10:00,1.34716,1.34737,1.34743,1.34713,445,1780395299.319,GBPUSD
56,2026-06-02 10:15:00,1.34737,1.34699,1.34742,1.34699,494,1780395599.009,GBPUSD
56,2026-06-02 10:20:00,1.34699,1.34678,1.34701,1.34667,538,1780395899.039,GBPUSD
56,2026-06-02 10:25:00,1.34678,1.34692,1.34692,1.34669,459,1780396199.027,GBPUSD
56,2026-06-02 10:30:00,1.34692,1.34691,1.34699,1.34686,484,1780396499.012,GBPUSD
56,2026-06-02 10:35:00,1.34691,1.34691,1.34699,1.34679,518,1780396799.919,GBPUSD
56,2026-06-02 10:40:00,1.34691,1.34693,1.34696,1.34676,550,1780397099.995,GBPUSD
56,2026-06-02 10:45:00,1.34693,1.34685,1.34707,1.34681,571,1780397399.095,GBPUSD
56,2026-06-02 10:50:00,1.34685,1.34712,1.34718,1.34685,460,1780397699.0,GBPUSD
56,2026-06-02 10:55:00,1.34712,1.34679,1.34712,1.34674,549,1780397999.094,GBPUSD
56,2026-06-02 11:00:00,1.34679,1.34698,1.34706,1.34676,738,1780398299.935,GBPUSD
56,2026-06-02 11:05:00,1.34697,1.34699,1.3471,1.3469,643,1780398599.595,GBPUSD
56,2026-06-02 11:10:00,1.34699,1.3468,1.34708,1.34677,619,1780398899.094,GBPUSD
56,2026-06-02 11:15:00,1.3468,1.34674,1.34688,1.34654,692,1780399199.043,GBPUSD
56,2026-06-02 11:20:00,1.34674,1.34679,1.34698,1.34669,682,1780399499.8,GBPUSD
56,2026-06-02 11:25:00,1.34679,1.34682,1.34689,1.34674,655,1780399799.094,GBPUSD
56,2026-06-02 11:30:00,1.34682,1.34662,1.34689,1.34661,584,1780400099.001,GBPUSD
56,2026-06-02 11:35:00,1.34662,1.34702,1.34705,1.34661,640,1780400399.432,GBPUSD
56,2026-06-02 11:40:00,1.34702,1.34701,1.34707,1.34691,570,1780400699.097,GBPUSD
56,2026-06-02 11:45:00,1.34701,1.34721,1.34723,1.34695,546,1780400999.027,GBPUSD
56,2026-06-02 11:50:00,1.34721,1.34747,1.3475,1.34719,551,1780401299.019,GBPUSD
56,2026-06-02 11:55:00,1.34747,1.3474,1.34772,1.34738,662,1780401599.041,GBPUSD
56,2026-06-02 12:00:00,1.3474,1.34713,1.34754,1.34713,703,1780401899.694,GBPUSD
56,2026-06-02 12:05:00,1.34713,1.34729,1.34751,1.34712,684,1780402199.211,GBPUSD
56,2026-06-02 12:10:00,1.34729,1.34722,1.34729,1.34715,574,1780402499.094,GBPUSD
56,2026-06-02 12:15:00,1.34722,1.34748,1.34758,1.34707,653,1780402799.739,GBPUSD
56,2026-06-02 12:20:00,1.34748,1.34749,1.34767,1.34747,725,1780403099.794,GBPUSD
56,2026-06-02 12:25:00,1.34749,1.3477,1.3477,1.34747,645,1780403399.792,GBPUSD
56,2026-06-02 12:30:00,1.3477,1.34759,1.34772,1.34728,761,1780403699.995,GBPUSD
56,2026-06-02 12:35:00,1.34759,1.34746,1.34776,1.34727,791,1780403999.44,GBPUSD
56,2026-06-02 12:40:00,1.34746,1.34739,1.34762,1.34722,676,1780404299.893,GBPUSD
56,2026-06-02 12:45:00,1.34739,1.34726,1.34746,1.34715,709,1780404599.042,GBPUSD
56,2026-06-02 12:50:00,1.34726,1.3472,1.34732,1.34714,623,1780404899.037,GBPUSD
56,2026-06-02 12:55:00,1.3472,1.34721,1.34736,1.34715,677,1780405199.995,GBPUSD
56,2026-06-02 13:00:00,1.3472,1.3474,1.34754,1.3471,770,1780405499.031,GBPUSD
56,2026-06-02 13:05:00,1.3474,1.34725,1.3476,1.34711,1052,1780405799.893,GBPUSD
56,2026-06-02 13:10:00,1.34725,1.34732,1.34758,1.34722,956,1780406099.808,GBPUSD
56,2026-06-02 13:15:00,1.34732,1.34747,1.34747,1.34726,781,1780406399.094,GBPUSD
56,2026-06-02 13:20:00,1.34747,1.3476,1.34769,1.34727,738,1780406699.094,GBPUSD
56,2026-06-02 13:25:00,1.3476,1.34732,1.3477,1.34726,720,1780406999.41,GBPUSD
56,2026-06-02 13:30:00,1.34731,1.34742,1.34777,1.34731,818,1780407299.895,GBPUSD
56,2026-06-02 13:35:00,1.34742,1.34752,1.34774,1.3474,842,1780407599.894,GBPUSD
56,2026-06-02 13:40:00,1.3475,1.34737,1.34775,1.34736,866,1780407899.032,GBPUSD
56,2026-06-02 13:45:00,1.34737,1.3471,1.34752,1.34703,888,1780408199.997,GBPUSD
56,2026-06-02 13:50:00,1.3471,1.34681,1.34713,1.34674,886,1780408499.01,GBPUSD
56,2026-06-02 13:55:00,1.34681,1.34706,1.3471,1.34671,853,1780408799.995,GBPUSD
56,2026-06-02 14:00:00,1.34706,1.34665,1.34706,1.34634,1134,1780409099.13,GBPUSD
56,2026-06-02 14:05:00,1.34665,1.34676,1.34698,1.34658,941,1780409399.695,GBPUSD
56,2026-06-02 14:10:00,1.34676,1.34698,1.34706,1.34668,939,1780409699.795,GBPUSD
56,2026-06-02 14:15:00,1.34696,1.34695,1.34726,1.34676,778,1780409999.635,GBPUSD
56,2026-06-02 14:20:00,1.34695,1.34652,1.34698,1.34641,819,1780410299.015,GBPUSD
56,2026-06-02 14:25:00,1.34652,1.34681,1.34692,1.34651,892,1780410599.495,GBPUSD
56,2026-06-02 14:30:00,1.34681,1.34718,1.3472,1.34678,835,1780410899.995,GBPUSD
56,2026-06-02 14:35:00,1.34718,1.34766,1.34776,1.34717,800,1780411199.623,GBPUSD
56,2026-06-02 14:40:00,1.34766,1.34787,1.34806,1.3476,705,1780411499.046,GBPUSD
56,2026-06-02 14:45:00,1.34787,1.34766,1.34788,1.34747,701,1780411799.033,GBPUSD
56,2026-06-02 14:50:00,1.34766,1.34698,1.34766,1.34686,946,1780412099.029,GBPUSD
56,2026-06-02 14:55:00,1.34698,1.34722,1.34753,1.34695,983,1780412399.994,GBPUSD
56,2026-06-02 15:00:00,1.34723,1.34735,1.34769,1.3472,856,1780412699.094,GBPUSD
56,2026-06-02 15:05:00,1.34735,1.34788,1.34796,1.34715,932,1780412999.806,GBPUSD
56,2026-06-02 15:10:00,1.34787,1.34757,1.34788,1.34745,746,1780413299.195,GBPUSD
56,2026-06-02 15:15:00,1.34757,1.34767,1.34767,1.34741,702,1780413599.015,GBPUSD
56,2026-06-02 15:20:00,1.34767,1.34796,1.34802,1.34764,770,1780413899.995,GBPUSD
56,2026-06-02 15:25:00,1.34796,1.34739,1.34798,1.34738,880,1780414199.896,GBPUSD
56,2026-06-02 15:30:00,1.34738,1.3473,1.34756,1.34719,805,1780414499.797,GBPUSD
56,2026-06-02 15:35:00,1.34729,1.3474,1.34769,1.34729,739,1780414799.038,GBPUSD
56,2026-06-02 15:40:00,1.3474,1.3474,1.3475,1.34728,763,1780415099.695,GBPUSD
56,2026-06-02 15:45:00,1.3474,1.3476,1.34779,1.34733,657,1780415399.798,GBPUSD
56,2026-06-02 15:50:00,1.3476,1.34769,1.3478,1.34747,692,1780415699.928,GBPUSD
56,2026-06-02 15:55:00,1.34768,1.34794,1.34801,1.34762,793,1780415999.437,GBPUSD
56,2026-06-02 16:00:00,1.34793,1.34746,1.348,1.34741,793,1780416299.994,GBPUSD
56,2026-06-02 16:05:00,1.34747,1.34763,1.34786,1.34747,692,1780416599.997,GBPUSD
56,2026-06-02 16:10:00,1.34763,1.3479,1.348,1.34749,690,1780416899.194,GBPUSD
56,2026-06-02 16:15:00,1.3479,1.34747,1.34801,1.34746,733,1780417199.838,GBPUSD
56,2026-06-02 16:20:00,1.34747,1.34747,1.3476,1.34719,810,1780417499.022,GBPUSD
56,2026-06-02 16:25:00,1.34747,1.34712,1.3475,1.34709,709,1780417799.094,GBPUSD
56,2026-06-02 16:30:00,1.34712,1.34716,1.3474,1.34711,647,1780418099.414,GBPUSD
56,2026-06-02 16:35:00,1.34716,1.34683,1.34721,1.34682,627,1780418399.095,GBPUSD
56,2026-06-02 16:40:00,1.34684,1.34676,1.34691,1.34659,722,1780418699.012,GBPUSD
56,2026-06-02 16:45:00,1.34675,1.34682,1.34684,1.34647,608,1780418999.82,GBPUSD
56,2026-06-02 16:50:00,1.34682,1.34669,1.34688,1.34667,577,1780419299.409,GBPUSD
56,2026-06-02 16:55:00,1.34669,1.34662,1.34669,1.34647,578,1780419599.093,GBPUSD
56,2026-06-02 17:00:00,1.34662,1.34669,1.34679,1.34647,799,1780419899.015,GBPUSD
56,2026-06-02 17:05:00,1.34669,1.34635,1.34669,1.34628,753,1780420199.501,GBPUSD
56,2026-06-02 17:10:00,1.34637,1.34641,1.34647,1.3462,567,1780420499.436,GBPUSD
56,2026-06-02 17:15:00,1.34641,1.34628,1.34648,1.34615,599,1780420799.694,GBPUSD
56,2026-06-02 17:20:00,1.34628,1.34625,1.34647,1.3462,557,1780421099.012,GBPUSD
56,2026-06-02 17:25:00,1.34625,1.34628,1.34631,1.34605,723,1780421399.629,GBPUSD
56,2026-06-02 17:30:00,1.34628,1.3464,1.34646,1.34621,671,1780421699.021,GBPUSD
56,2026-06-02 17:35:00,1.3464,1.34606,1.3464,1.34606,695,1780421999.894,GBPUSD
56,2026-06-02 17:40:00,1.34606,1.34619,1.34627,1.34599,579,1780422299.994,GBPUSD
56,2026-06-02 17:45:00,1.34618,1.34603,1.3462,1.34596,565,1780422599.537,GBPUSD
56,2026-06-02 17:50:00,1.34602,1.3458,1.34607,1.34579,586,1780422899.728,GBPUSD
56,2026-06-02 17:55:00,1.3458,1.34591,1.34598,1.34574,563,1780423199.04,GBPUSD
56,2026-06-02 18:00:00,1.34591,1.34591,1.34615,1.34588,580,1780423499.028,GBPUSD
56,2026-06-02 18:05:00,1.34591,1.34576,1.346,1.34571,595,1780423799.094,GBPUSD
56,2026-06-02 18:10:00,1.34576,1.34573,1.34582,1.34557,655,1780424099.005,GBPUSD
56,2026-06-02 18:15:00,1.34573,1.34546,1.34578,1.34533,673,1780424399.03,GBPUSD
56,2026-06-02 18:20:00,1.34546,1.34601,1.34603,1.34533,682,1780424699.023,GBPUSD
56,2026-06-02 18:25:00,1.34601,1.34608,1.3461,1.34591,610,1780424999.495,GBPUSD
56,2026-06-02 18:30:00,1.34608,1.34627,1.34641,1.34607,676,1780425299.293,GBPUSD
56,2026-06-02 18:35:00,1.34627,1.3463,1.34638,1.34615,546,1780425599.046,GBPUSD
56,2026-06-02 18:40:00,1.3463,1.3463,1.34638,1.34627,566,1780425899.01,GBPUSD
56,2026-06-02 18:45:00,1.3463,1.34688,1.34691,1.34627,623,1780426199.03,GBPUSD
56,2026-06-02 18:50:00,1.34688,1.34689,1.34693,1.3468,498,1780426499.02,GBPUSD
56,2026-06-02 18:55:00,1.34689,1.3469,1.34706,1.34688,503,1780426799.043,GBPUSD
56,2026-06-02 19:00:00,1.3469,1.34691,1.34702,1.34687,526,1780427099.031,GBPUSD
56,2026-06-02 19:05:00,1.34691,1.34701,1.34709,1.34688,439,1780427398.434,GBPUSD
56,2026-06-02 19:10:00,1.34701,1.34706,1.34708,1.34694,465,1780427699.032,GBPUSD
56,2026-06-02 19:15:00,1.34706,1.34703,1.34722,1.34702,503,1780427999.037,GBPUSD
56,2026-06-02 19:20:00,1.34704,1.34689,1.34708,1.34688,504,1780428299.593,GBPUSD
56,2026-06-02 19:25:00,1.34689,1.34694,1.34698,1.34681,504,1780428599.494,GBPUSD
56,2026-06-02 19:30:00,1.34695,1.34688,1.34698,1.34685,493,1780428899.013,GBPUSD
56,2026-06-02 19:35:00,1.34688,1.34681,1.34691,1.34679,468,1780429199.021,GBPUSD
56,2026-06-02 19:40:00,1.34681,1.34688,1.34689,1.34678,373,1780429499.095,GBPUSD
56,2026-06-02 19:45:00,1.34688,1.34698,1.347,1.34682,480,1780429799.12,GBPUSD
56,2026-06-02 19:50:00,1.34698,1.34686,1.34701,1.34686,490,1780430099.094,GBPUSD
56,2026-06-02 19:55:00,1.34686,1.34686,1.34696,1.34678,639,1780430399.824,GBPUSD
56,2026-06-02 20:00:00,1.34688,1.34708,1.34709,1.34683,467,1780430699.019,GBPUSD
56,2026-06-02 20:05:00,1.34708,1.34707,1.34718,1.34706,393,1780430999.026,GBPUSD
56,2026-06-02 20:10:00,1.34707,1.34696,1.34707,1.34693,351,1780431299.033,GBPUSD
56,2026-06-02 20:15:00,1.34696,1.34678,1.34697,1.34677,340,1780431599.015,GBPUSD
56,2026-06-02 20:20:00,1.34678,1.34668,1.34681,1.34668,375,1780431899.195,GBPUSD
56,2026-06-02 20:25:00,1.34668,1.34671,1.34674,1.34666,458,1780432199.213,GBPUSD
56,2026-06-02 20:30:00,1.34671,1.34668,1.34678,1.34667,372,1780432499.034,GBPUSD
56,2026-06-02 20:35:00,1.34668,1.34664,1.34668,1.34662,349,1780432799.035,GBPUSD
56,2026-06-02 20:40:00,1.34664,1.34674,1.34674,1.34661,352,1780433099.009,GBPUSD
56,2026-06-02 20:45:00,1.34674,1.34669,1.34678,1.34668,378,1780433399.031,GBPUSD
56,2026-06-02 20:50:00,1.34669,1.34668,1.34683,1.34668,347,1780433699.319,GBPUSD
56,2026-06-02 20:55:00,1.34668,1.34657,1.34677,1.34635,1011,1780433999.097,GBPUSD
56,2026-06-02 21:00:00,1.34657,1.34672,1.34691,1.34657,303,1780434299.025,GBPUSD
56,2026-06-02 21:05:00,1.34672,1.34665,1.34673,1.3464,289,1780434599.095,GBPUSD
56,2026-06-02 21:10:00,1.34665,1.34668,1.34683,1.34665,307,1780434899.015,GBPUSD
56,2026-06-02 21:15:00,1.34668,1.34664,1.34668,1.34663,306,1780435198.044,GBPUSD
56,2026-06-02 21:20:00,1.34664,1.34667,1.34686,1.34657,309,1780435499.01,GBPUSD
56,2026-06-02 21:25:00,1.34667,1.34662,1.34675,1.34649,331,1780435799.027,GBPUSD
56,2026-06-02 21:30:00,1.34662,1.34652,1.34671,1.34647,366,1780436099.028,GBPUSD
56,2026-06-02 21:35:00,1.34652,1.34648,1.34664,1.34643,303,1780436399.046,GBPUSD
56,2026-06-02 21:40:00,1.34648,1.34651,1.34664,1.34647,311,1780436699.007,GBPUSD
56,2026-06-02 21:45:00,1.34651,1.34663,1.34667,1.34651,334,1780436999.028,GBPUSD
56,2026-06-02 21:50:00,1.34663,1.34664,1.34666,1.3465,293,1780437299.023,GBPUSD
56,2026-06-02 21:55:00,1.34664,1.34648,1.34681,1.34639,1455,1780437599.034,GBPUSD
56,2026-06-02 22:00:00,1.34648,1.34661,1.34676,1.34648,444,1780437899.095,GBPUSD
56,2026-06-02 22:05:00,1.34661,1.34664,1.34672,1.34652,410,1780438199.018,GBPUSD
56,2026-06-02 22:10:00,1.34664,1.34635,1.34669,1.34635,376,1780438499.019,GBPUSD
56,2026-06-02 22:15:00,1.34635,1.34635,1.34641,1.34632,381,1780438799.013,GBPUSD
56,2026-06-02 22:20:00,1.34635,1.34638,1.34641,1.34633,360,1780439099.0,GBPUSD
56,2026-06-02 22:25:00,1.34638,1.34654,1.34659,1.34636,347,1780439399.043,GBPUSD
56,2026-06-02 22:30:00,1.34654,1.34648,1.34658,1.34647,394,1780439699.047,GBPUSD
56,2026-06-02 22:35:00,1.34648,1.34647,1.34655,1.34644,361,1780439999.023,GBPUSD
56,2026-06-02 22:40:00,1.34647,1.34647,1.34651,1.34643,329,1780440299.34,GBPUSD
56,2026-06-02 22:45:00,1.34648,1.34645,1.34651,1.3464,377,1780440599.019,GBPUSD
56,2026-06-02 22:50:00,1.34645,1.34628,1.34647,1.34624,416,1780440899.035,GBPUSD
56,2026-06-02 22:55:00,1.34628,1.3462,1.3464,1.34616,406,1780441199.046,GBPUSD
56,2026-06-02 23:00:00,1.3462,1.3461,1.34626,1.34599,500,1780441499.031,GBPUSD
56,2026-06-02 23:05:00,1.3461,1.34609,1.34618,1.34604,376,1780441799.032,GBPUSD
56,2026-06-02 23:10:00,1.34609,1.34608,1.34618,1.34604,382,1780442099.038,GBPUSD
56,2026-06-02 23:15:00,1.34608,1.34588,1.3461,1.34588,394,1780442399.942,GBPUSD
56,2026-06-02 23:20:00,1.34588,1.34561,1.34594,1.34556,509,1780442699.094,GBPUSD
56,2026-06-02 23:25:00,1.34561,1.34567,1.34571,1.34557,433,1780442999.045,GBPUSD
56,2026-06-02 23:30:00,1.34567,1.3455,1.34577,1.34547,408,1780443298.095,GBPUSD
56,2026-06-02 23:35:00,1.3455,1.34516,1.3457,1.34513,530,1780443599.295,GBPUSD
56,2026-06-02 23:40:00,1.34516,1.34543,1.34545,1.34505,536,1780443899.038,GBPUSD
56,2026-06-02 23:45:00,1.34543,1.34527,1.34543,1.3451,523,1780444199.096,GBPUSD
56,2026-06-02 23:50:00,1.34527,1.34535,1.34537,1.34525,517,1780444499.027,GBPUSD
56,2026-06-02 23:55:00,1.34535,1.34527,1.34542,1.34527,463,1780444799.016,GBPUSD
56,2026-06-03 00:00:00,1.34527,1.34559,1.34561,1.34517,591,1780445099.095,GBPUSD
56,2026-06-03 00:05:00,1.34559,1.34561,1.3457,1.3455,534,1780445399.794,GBPUSD
56,2026-06-03 00:10:00,1.34561,1.34569,1.34579,1.34559,467,1780445699.046,GBPUSD
56,2026-06-03 00:15:00,1.34569,1.34593,1.34597,1.34559,459,1780445999.033,GBPUSD
56,2026-06-03 00:20:00,1.34593,1.34606,1.34621,1.34588,489,1780446299.493,GBPUSD
56,2026-06-03 00:25:00,1.34606,1.34617,1.34618,1.34601,485,1780446599.019,GBPUSD
56,2026-06-03 00:30:00,1.34617,1.34638,1.3464,1.34614,494,1780446899.294,GBPUSD
56,2026-06-03 00:35:00,1.34638,1.3466,1.3466,1.34634,400,1780447199.094,GBPUSD
56,2026-06-03 00:40:00,1.3466,1.34648,1.34672,1.34645,438,1780447499.042,GBPUSD
56,2026-06-03 00:45:00,1.34648,1.34652,1.34657,1.34641,455,1780447799.498,GBPUSD
56,2026-06-03 00:50:00,1.34652,1.34642,1.34671,1.34641,507,1780448099.896,GBPUSD
56,2026-06-03 00:55:00,1.34642,1.34659,1.34667,1.34638,505,1780448399.04,GBPUSD
56,2026-06-03 01:00:00,1.34659,1.34638,1.34668,1.34629,719,1780448699.015,GBPUSD
56,2026-06-03 01:05:00,1.34638,1.34644,1.34647,1.3462,613,1780448999.995,GBPUSD
56,2026-06-03 01:10:00,1.34644,1.34645,1.34654,1.34634,521,1780449299.095,GBPUSD
56,2026-06-03 01:15:00,1.34645,1.34648,1.34655,1.34636,475,1780449599.03,GBPUSD
56,2026-06-03 01:20:00,1.34648,1.34662,1.34663,1.34645,487,1780449899.228,GBPUSD
56,2026-06-03 01:25:00,1.34662,1.34675,1.3468,1.34657,423,1780450199.01,GBPUSD
56,2026-06-03 01:30:00,1.34675,1.34686,1.34688,1.34645,556,1780450499.604,GBPUSD
56,2026-06-03 01:35:00,1.34686,1.34699,1.34708,1.34686,500,1780450799.016,GBPUSD
56,2026-06-03 01:40:00,1.34699,1.34699,1.34706,1.34689,424,1780451099.495,GBPUSD
56,2026-06-03 01:45:00,1.34699,1.34719,1.3472,1.34688,435,1780451399.31,GBPUSD
56,2026-06-03 01:50:00,1.34719,1.34698,1.3472,1.34695,469,1780451699.095,GBPUSD
56,2026-06-03 01:55:00,1.34698,1.34674,1.347,1.34654,573,1780451999.033,GBPUSD
56,2026-06-03 02:00:00,1.34674,1.34693,1.34699,1.34672,485,1780452299.012,GBPUSD
56,2026-06-03 02:05:00,1.34693,1.34699,1.34706,1.34688,417,1780452599.03,GBPUSD
56,2026-06-03 02:10:00,1.34699,1.34706,1.34708,1.34698,407,1780452899.044,GBPUSD
56,2026-06-03 02:15:00,1.34706,1.34695,1.34708,1.34694,440,1780453199.096,GBPUSD
56,2026-06-03 02:20:00,1.34695,1.34688,1.34698,1.34682,439,1780453499.295,GBPUSD
56,2026-06-03 02:25:00,1.34688,1.34674,1.34692,1.34672,429,1780453799.016,GBPUSD
56,2026-06-03 02:30:00,1.34674,1.34678,1.3468,1.34659,440,1780454099.194,GBPUSD
56,2026-06-03 02:35:00,1.34678,1.34667,1.34678,1.34654,425,1780454399.095,GBPUSD
56,2026-06-03 02:40:00,1.34667,1.34659,1.34679,1.34658,465,1780454699.02,GBPUSD
56,2026-06-03 02:45:00,1.34659,1.34635,1.34659,1.3461,638,1780454999.094,GBPUSD
56,2026-06-03 02:50:00,1.34635,1.34638,1.34644,1.34617,477,1780455298.043,GBPUSD
56,2026-06-03 02:55:00,1.34638,1.34631,1.34652,1.34631,506,1780455599.033,GBPUSD
56,2026-06-03 03:00:00,1.34632,1.3464,1.34647,1.34623,547,1780455899.096,GBPUSD
56,2026-06-03 03:05:00,1.3464,1.34638,1.34651,1.34628,492,1780456199.03,GBPUSD
56,2026-06-03 03:10:00,1.34638,1.34621,1.3464,1.34618,417,1780456499.03,GBPUSD
56,2026-06-03 03:15:00,1.34621,1.34624,1.34627,1.34614,459,1780456799.013,GBPUSD
56,2026-06-03 03:20:00,1.34624,1.34634,1.34638,1.34624,473,1780457099.094,GBPUSD
56,2026-06-03 03:25:00,1.34634,1.34617,1.34635,1.34615,396,1780457399.005,GBPUSD
56,2026-06-03 03:30:00,1.34617,1.34617,1.3462,1.34608,452,1780457699.014,GBPUSD
56,2026-06-03 03:35:00,1.34617,1.34627,1.34631,1.34614,398,1780457999.895,GBPUSD
56,2026-06-03 03:40:00,1.34627,1.34634,1.34648,1.34627,356,1780458299.005,GBPUSD
56,2026-06-03 03:45:00,1.34634,1.3464,1.34641,1.34633,357,1780458599.014,GBPUSD
56,2026-06-03 03:50:00,1.3464,1.34634,1.34647,1.34633,368,1780458899.01,GBPUSD
56,2026-06-03 03:55:00,1.34634,1.34631,1.34639,1.34627,448,1780459199.095,GBPUSD
56,2026-06-03 04:00:00,1.34631,1.34628,1.3464,1.3462,460,1780459499.013,GBPUSD
56,2026-06-03 04:05:00,1.34628,1.3461,1.34628,1.34606,391,1780459799.207,GBPUSD
56,2026-06-03 04:10:00,1.3461,1.34604,1.3461,1.34599,423,1780460099.294,GBPUSD
56,2026-06-03 04:15:00,1.34604,1.34608,1.34614,1.34604,427,1780460399.945,GBPUSD
56,2026-06-03 04:20:00,1.34608,1.34606,1.3461,1.34599,393,1780460699.024,GBPUSD
56,2026-06-03 04:25:00,1.34606,1.34591,1.34609,1.34589,431,1780460999.027,GBPUSD
56,2026-06-03 04:30:00,1.34591,1.34596,1.34608,1.34591,365,1780461299.432,GBPUSD
56,2026-06-03 04:35:00,1.34596,1.34598,1.34599,1.34588,434,1780461599.097,GBPUSD
56,2026-06-03 04:40:00,1.34598,1.34604,1.34605,1.34594,415,1780461899.028,GBPUSD
56,2026-06-03 04:45:00,1.34605,1.34593,1.34605,1.34591,434,1780462199.695,GBPUSD
56,2026-06-03 04:50:00,1.34593,1.346,1.34604,1.34585,364,1780462499.042,GBPUSD
56,2026-06-03 04:55:00,1.346,1.34602,1.34618,1.34594,386,1780462799.008,GBPUSD
56,2026-06-03 05:00:00,1.34602,1.34604,1.34607,1.3459,450,1780463099.012,GBPUSD
56,2026-06-03 05:05:00,1.34604,1.34618,1.34619,1.34601,420,1780463398.032,GBPUSD
56,2026-06-03 05:10:00,1.34618,1.34613,1.34621,1.3461,456,1780463699.034,GBPUSD
56,2026-06-03 05:15:00,1.34613,1.3462,1.34637,1.34613,426,1780463999.023,GBPUSD
56,2026-06-03 05:20:00,1.3462,1.34608,1.34623,1.34606,409,1780464299.031,GBPUSD
56,2026-06-03 05:25:00,1.34608,1.3456,1.34608,1.34553,485,1780464599.793,GBPUSD
56,2026-06-03 05:30:00,1.3456,1.34546,1.34564,1.34533,629,1780464899.693,GBPUSD
56,2026-06-03 05:35:00,1.34546,1.34543,1.34559,1.34539,493,1780465199.494,GBPUSD
56,2026-06-03 05:40:00,1.34543,1.3453,1.3455,1.3453,476,1780465499.022,GBPUSD
56,2026-06-03 05:45:00,1.3453,1.34549,1.34549,1.34527,454,1780465799.03,GBPUSD
56,2026-06-03 05:50:00,1.34549,1.34539,1.34552,1.34528,514,1780466099.096,GBPUSD
56,2026-06-03 05:55:00,1.34539,1.34498,1.34542,1.34496,488,1780466399.014,GBPUSD
56,2026-06-03 06:00:00,1.34498,1.34526,1.34537,1.34492,634,1780466699.045,GBPUSD
56,2026-06-03 06:05:00,1.34526,1.3447,1.34526,1.34469,547,1780466999.025,GBPUSD
56,2026-06-03 06:10:00,1.3447,1.34438,1.34472,1.3442,653,1780467299.007,GBPUSD
56,2026-06-03 06:15:00,1.34438,1.34454,1.34455,1.34418,616,1780467599.394,GBPUSD
56,2026-06-03 06:20:00,1.34454,1.34377,1.34459,1.34369,641,1780467899.029,GBPUSD
56,2026-06-03 06:25:00,1.34377,1.34418,1.34428,1.34374,823,1780468199.046,GBPUSD
56,2026-06-03 06:30:00,1.34418,1.34439,1.34461,1.34407,899,1780468499.794,GBPUSD
56,2026-06-03 06:35:00,1.34439,1.34471,1.34479,1.34438,628,1780468799.194,GBPUSD
56,2026-06-03 06:40:00,1.34471,1.3447,1.34489,1.34448,691,1780469099.015,GBPUSD
56,2026-06-03 06:45:00,1.3447,1.34449,1.34471,1.34427,575,1780469399.005,GBPUSD
56,2026-06-03 06:50:00,1.34449,1.34474,1.34478,1.34447,471,1780469699.021,GBPUSD
56,2026-06-03 06:55:00,1.34474,1.34502,1.34512,1.34468,567,1780469999.936,GBPUSD
56,2026-06-03 07:00:00,1.34502,1.34482,1.34508,1.34458,889,1780470299.03,GBPUSD
56,2026-06-03 07:05:00,1.34482,1.34501,1.34517,1.34471,536,1780470599.818,GBPUSD
56,2026-06-03 07:10:00,1.34501,1.34518,1.34543,1.34501,665,1780470899.035,GBPUSD
56,2026-06-03 07:15:00,1.34518,1.34509,1.3453,1.34499,626,1780471199.493,GBPUSD
56,2026-06-03 07:20:00,1.34509,1.34491,1.34519,1.34479,511,1780471499.33,GBPUSD
56,2026-06-03 07:25:00,1.34491,1.34461,1.34496,1.34461,596,1780471799.903,GBPUSD
56,2026-06-03 07:30:00,1.34461,1.34537,1.34545,1.34429,973,1780472099.794,GBPUSD
56,2026-06-03 07:35:00,1.34537,1.34542,1.34585,1.34535,1007,1780472399.041,GBPUSD
56,2026-06-03 07:40:00,1.34542,1.34621,1.34621,1.3453,643,1780472699.417,GBPUSD
56,2026-06-03 07:45:00,1.34621,1.34593,1.34625,1.3459,638,1780472999.032,GBPUSD
56,2026-06-03 07:50:00,1.34593,1.3459,1.34611,1.34576,531,1780473299.02,GBPUSD
56,2026-06-03 07:55:00,1.3459,1.34563,1.34591,1.34547,560,1780473599.695,GBPUSD
56,2026-06-03 08:00:00,1.34563,1.34559,1.34581,1.34536,754,1780473899.994,GBPUSD
56,2026-06-03 08:05:00,1.3456,1.34539,1.3456,1.3453,607,1780474199.025,GBPUSD
56,2026-06-03 08:10:00,1.34539,1.34492,1.34542,1.34488,576,1780474499.094,GBPUSD
56,2026-06-03 08:15:00,1.34492,1.34492,1.34496,1.34449,633,1780474799.136,GBPUSD
56,2026-06-03 08:20:00,1.34492,1.34478,1.34503,1.34469,618,1780475099.021,GBPUSD
56,2026-06-03 08:25:00,1.34478,1.34509,1.34518,1.34476,505,1780475399.103,GBPUSD
56,2026-06-03 08:30:00,1.34509,1.34502,1.34553,1.34492,900,1780475699.694,GBPUSD
56,2026-06-03 08:35:00,1.34502,1.34444,1.34509,1.34444,596,1780475999.994,GBPUSD
56,2026-06-03 08:40:00,1.34444,1.34418,1.34444,1.34407,709,1780476299.0,GBPUSD
56,2026-06-03 08:45:00,1.34418,1.34457,1.3447,1.34417,677,1780476599.895,GBPUSD
56,2026-06-03 08:50:00,1.34457,1.3443,1.34465,1.34425,578,1780476899.194,GBPUSD
56,2026-06-03 08:55:00,1.3443,1.34428,1.34451,1.34424,528,1780477199.027,GBPUSD
56,2026-06-03 09:00:00,1.34428,1.34455,1.3447,1.34424,598,1780477499.024,GBPUSD
56,2026-06-03 09:05:00,1.34455,1.34478,1.34489,1.34449,492,1780477799.035,GBPUSD
56,2026-06-03 09:10:00,1.34478,1.34485,1.34486,1.34466,500,1780478099.398,GBPUSD
56,2026-06-03 09:15:00,1.34485,1.34491,1.34497,1.34468,617,1780478399.416,GBPUSD
56,2026-06-03 09:20:00,1.34491,1.34474,1.34512,1.34465,590,1780478699.031,GBPUSD
56,2026-06-03 09:25:00,1.34474,1.34461,1.34508,1.34461,687,1780478999.012,GBPUSD
56,2026-06-03 09:30:00,1.34461,1.34455,1.3448,1.34439,764,1780479299.999,GBPUSD
56,2026-06-03 09:35:00,1.34455,1.34485,1.34489,1.34455,513,1780479598.042,GBPUSD
56,2026-06-03 09:40:00,1.34485,1.34478,1.34491,1.34471,534,1780479899.541,GBPUSD
56,2026-06-03 09:45:00,1.34478,1.34482,1.34503,1.34466,585,1780480199.017,GBPUSD
56,2026-06-03 09:50:00,1.34482,1.34465,1.34498,1.34461,540,1780480499.594,GBPUSD
56,2026-06-03 09:55:00,1.34465,1.34481,1.34482,1.34448,697,1780480799.821,GBPUSD
56,2026-06-03 10:00:00,1.34481,1.34508,1.34508,1.34471,687,1780481099.694,GBPUSD
56,2026-06-03 10:05:00,1.34508,1.34559,1.34601,1.34508,1545,1780481399.513,GBPUSD
56,2026-06-03 10:10:00,1.34559,1.34526,1.34573,1.34509,698,1780481699.795,GBPUSD
56,2026-06-03 10:15:00,1.34526,1.34478,1.34527,1.34476,552,1780481999.095,GBPUSD
56,2026-06-03 10:20:00,1.34478,1.34491,1.34491,1.34468,533,1780482299.996,GBPUSD
56,2026-06-03 10:25:00,1.34496,1.34476,1.34498,1.34464,510,1780482599.995,GBPUSD
56,2026-06-03 10:30:00,1.34476,1.34481,1.34498,1.34466,594,1780482899.195,GBPUSD
56,2026-06-03 10:35:00,1.34481,1.34471,1.34486,1.34468,509,1780483199.697,GBPUSD
56,2026-06-03 10:40:00,1.34475,1.34469,1.34478,1.34458,524,1780483499.995,GBPUSD
56,2026-06-03 10:45:00,1.34468,1.34475,1.3448,1.34462,475,1780483799.032,GBPUSD
56,2026-06-03 10:50:00,1.34475,1.345,1.34504,1.34474,522,1780484099.094,GBPUSD
56,2026-06-03 10:55:00,1.345,1.34499,1.34508,1.34491,505,1780484399.693,GBPUSD
56,2026-06-03 11:00:00,1.34499,1.3452,1.34528,1.34497,681,1780484699.028,GBPUSD
56,2026-06-03 11:05:00,1.3452,1.34524,1.34541,1.34505,710,1780484999.037,GBPUSD
56,2026-06-03 11:10:00,1.34524,1.34546,1.34552,1.34522,666,1780485299.033,GBPUSD
56,2026-06-03 11:15:00,1.34546,1.34539,1.34547,1.34513,535,1780485599.016,GBPUSD
56,2026-06-03 11:20:00,1.34539,1.34539,1.3455,1.3453,563,1780485899.538,GBPUSD
56,2026-06-03 11:25:00,1.34537,1.34539,1.34543,1.34529,542,1780486199.016,GBPUSD
56,2026-06-03 11:30:00,1.34539,1.34537,1.34557,1.34532,561,1780486499.23,GBPUSD
56,2026-06-03 11:35:00,1.34537,1.34526,1.34542,1.3452,557,1780486799.411,GBPUSD
56,2026-06-03 11:40:00,1.34526,1.3449,1.34529,1.34486,559,1780487099.007,GBPUSD
56,2026-06-03 11:45:00,1.3449,1.34512,1.3453,1.34486,687,1780487399.018,GBPUSD
56,2026-06-03 11:50:00,1.34512,1.34545,1.3456,1.34511,679,1780487699.729,GBPUSD
56,2026-06-03 11:55:00,1.34545,1.34501,1.34549,1.34488,807,1780487999.02,GBPUSD
56,2026-06-03 12:00:00,1.34501,1.34488,1.3451,1.3447,966,1780488299.594,GBPUSD
56,2026-06-03 12:05:00,1.34488,1.34469,1.34491,1.34465,745,1780488599.008,GBPUSD
56,2026-06-03 12:10:00,1.34469,1.34475,1.34494,1.34469,766,1780488899.695,GBPUSD
56,2026-06-03 12:15:00,1.34471,1.34442,1.34481,1.34442,735,1780489199.595,GBPUSD
56,2026-06-03 12:20:00,1.34442,1.34432,1.34442,1.34416,792,1780489499.894,GBPUSD
56,2026-06-03 12:25:00,1.34432,1.3441,1.34442,1.3441,679,1780489799.03,GBPUSD
56,2026-06-03 12:30:00,1.3441,1.34353,1.34413,1.34349,861,1780490099.204,GBPUSD
56,2026-06-03 12:35:00,1.34353,1.3429,1.34353,1.34287,968,1780490399.995,GBPUSD
56,2026-06-03 12:40:00,1.34291,1.34372,1.34383,1.34276,901,1780490699.894,GBPUSD
56,2026-06-03 12:45:00,1.34372,1.34336,1.34374,1.34331,924,1780490999.422,GBPUSD
56,2026-06-03 12:50:00,1.34336,1.34321,1.34336,1.34294,1006,1780491299.923,GBPUSD
56,2026-06-03 12:55:00,1.34321,1.34322,1.34326,1.34302,691,1780491599.006,GBPUSD
56,2026-06-03 13:00:00,1.34321,1.34337,1.34338,1.34302,734,1780491899.594,GBPUSD
56,2026-06-03 13:05:00,1.34337,1.34342,1.34352,1.34324,755,1780492199.018,GBPUSD
56,2026-06-03 13:10:00,1.34342,1.3433,1.34364,1.34326,804,1780492499.894,GBPUSD
56,2026-06-03 13:15:00,1.3433,1.34271,1.34339,1.34258,862,1780492799.63,GBPUSD
56,2026-06-03 13:20:00,1.34271,1.34261,1.34301,1.34249,974,1780493099.696,GBPUSD
56,2026-06-03 13:25:00,1.34261,1.3432,1.34327,1.34242,930,1780493399.994,GBPUSD
56,2026-06-03 13:30:00,1.3432,1.34301,1.34333,1.34274,1337,1780493699.894,GBPUSD
56,2026-06-03 13:35:00,1.34301,1.34313,1.34336,1.34296,1034,1780493999.024,GBPUSD
56,2026-06-03 13:40:00,1.34312,1.34271,1.34333,1.34269,1067,1780494299.712,GBPUSD
56,2026-06-03 13:45:00,1.34271,1.3422,1.34288,1.3422,1269,1780494599.796,GBPUSD
56,2026-06-03 13:50:00,1.3422,1.34261,1.34278,1.34218,1224,1780494899.994,GBPUSD
56,2026-06-03 13:55:00,1.34261,1.34262,1.34285,1.3426,1017,1780495199.736,GBPUSD
56,2026-06-03 14:00:00,1.34262,1.34291,1.34316,1.34234,1042,1780495499.695,GBPUSD
56,2026-06-03 14:05:00,1.34291,1.34268,1.34291,1.34258,1000,1780495799.795,GBPUSD
56,2026-06-03 14:10:00,1.34267,1.34322,1.34342,1.34267,989,1780496099.096,GBPUSD
56,2026-06-03 14:15:00,1.34322,1.34263,1.34338,1.34238,1249,1780496399.995,GBPUSD
56,2026-06-03 14:20:00,1.34263,1.34282,1.34289,1.34249,1191,1780496699.719,GBPUSD
56,2026-06-03 14:25:00,1.34283,1.34302,1.34313,1.3428,1035,1780496999.896,GBPUSD
56,2026-06-03 14:30:00,1.34301,1.34283,1.34308,1.34255,978,1780497299.694,GBPUSD
56,2026-06-03 14:35:00,1.34283,1.34296,1.34298,1.34276,825,1780497599.193,GBPUSD
56,2026-06-03 14:40:00,1.34296,1.3424,1.34297,1.34239,810,1780497899.893,GBPUSD
56,2026-06-03 14:45:00,1.3424,1.3423,1.34248,1.34214,963,1780498199.931,GBPUSD
56,2026-06-03 14:50:00,1.3423,1.34313,1.34329,1.34218,1302,1780498499.896,GBPUSD
56,2026-06-03 14:55:00,1.34313,1.34371,1.34373,1.34288,1206,1780498799.793,GBPUSD
56,2026-06-03 15:00:00,1.3437,1.34297,1.34373,1.34296,1129,1780499099.118,GBPUSD
56,2026-06-03 15:05:00,1.34297,1.34277,1.34305,1.34261,1039,1780499399.893,GBPUSD
56,2026-06-03 15:10:00,1.34276,1.34305,1.3431,1.34265,935,1780499699.695,GBPUSD
56,2026-06-03 15:15:00,1.34305,1.34348,1.34377,1.34299,1168,1780499999.994,GBPUSD
56,2026-06-03 15:20:00,1.34349,1.34342,1.34359,1.34337,1011,1780500299.004,GBPUSD
56,2026-06-03 15:25:00,1.34342,1.34356,1.34356,1.34304,950,1780500599.995,GBPUSD
56,2026-06-03 15:30:00,1.34356,1.34375,1.34381,1.34333,854,1780500899.296,GBPUSD
56,2026-06-03 15:35:00,1.34375,1.34363,1.34387,1.34331,803,1780501199.015,GBPUSD
56,2026-06-03 15:40:00,1.34363,1.34378,1.34388,1.34349,703,1780501499.04,GBPUSD
56,2026-06-03 15:45:00,1.34378,1.34342,1.34398,1.34336,797,1780501799.994,GBPUSD
56,2026-06-03 15:50:00,1.34342,1.34321,1.3435,1.3432,822,1780502099.708,GBPUSD
56,2026-06-03 15:55:00,1.34321,1.34347,1.34352,1.34318,801,1780502399.595,GBPUSD
56,2026-06-03 16:00:00,1.34347,1.34312,1.34353,1.34298,981,1780502699.923,GBPUSD
56,2026-06-03 16:05:00,1.34311,1.34239,1.34321,1.34229,1063,1780502999.094,GBPUSD
56,2026-06-03 16:10:00,1.34239,1.34229,1.34239,1.3421,879,1780503299.095,GBPUSD
56,2026-06-03 16:15:00,1.34229,1.34189,1.34231,1.34183,813,1780503599.095,GBPUSD
56,2026-06-03 16:20:00,1.34189,1.34211,1.34228,1.34177,888,1780503899.032,GBPUSD
56,2026-06-03 16:25:00,1.34211,1.34225,1.34225,1.34199,844,1780504199.894,GBPUSD
56,2026-06-03 16:30:00,1.34225,1.34177,1.34232,1.34177,826,1780504499.903,GBPUSD
56,2026-06-03 16:35:00,1.34177,1.34157,1.34188,1.34157,704,1780504799.295,GBPUSD
56,2026-06-03 16:40:00,1.34157,1.34181,1.34181,1.34157,748,1780505099.999,GBPUSD
56,2026-06-03 16:45:00,1.3418,1.34199,1.34201,1.34176,692,1780505399.994,GBPUSD
56,2026-06-03 16:50:00,1.34199,1.34201,1.34222,1.3418,736,1780505699.036,GBPUSD
56,2026-06-03 16:55:00,1.34201,1.34228,1.34252,1.3419,819,1780505999.007,GBPUSD
56,2026-06-03 17:00:00,1.34228,1.3424,1.34244,1.34222,814,1780506299.014,GBPUSD
56,2026-06-03 17:05:00,1.34241,1.34266,1.34288,1.34221,782,1780506599.992,GBPUSD
56,2026-06-03 17:10:00,1.34267,1.34228,1.34271,1.34206,673,1780506899.036,GBPUSD
56,2026-06-03 17:15:00,1.34228,1.34184,1.34231,1.34183,591,1780507199.793,GBPUSD
56,2026-06-03 17:20:00,1.34184,1.34191,1.34193,1.34181,617,1780507499.032,GBPUSD
56,2026-06-03 17:25:00,1.34191,1.34173,1.34193,1.3417,595,1780507799.016,GBPUSD
56,2026-06-03 17:30:00,1.34173,1.3418,1.34181,1.34153,549,1780508099.395,GBPUSD
56,2026-06-03 17:35:00,1.3418,1.34188,1.34192,1.34177,450,1780508399.0,GBPUSD
56,2026-06-03 17:40:00,1.34188,1.3417,1.34194,1.34169,512,1780508699.042,GBPUSD
56,2026-06-03 17:45:00,1.3417,1.34157,1.34171,1.34151,727,1780508999.039,GBPUSD
56,2026-06-03 17:50:00,1.34157,1.3417,1.34189,1.34157,559,1780509299.437,GBPUSD
56,2026-06-03 17:55:00,1.3417,1.34162,1.3418,1.34156,498,1780509599.011,GBPUSD
56,2026-06-03 18:00:00,1.34162,1.34169,1.34182,1.34159,586,1780509899.626,GBPUSD
56,2026-06-03 18:05:00,1.34169,1.34142,1.34169,1.34141,542,1780510199.097,GBPUSD
56,2026-06-03 18:10:00,1.34142,1.34132,1.3415,1.34127,503,1780510499.016,GBPUSD
56,2026-06-03 18:15:00,1.34132,1.34142,1.34157,1.3413,485,1780510799.994,GBPUSD
56,2026-06-03 18:20:00,1.34142,1.34152,1.34166,1.34122,645,1780511099.038,GBPUSD
56,2026-06-03 18:25:00,1.34152,1.34157,1.34164,1.34147,546,1780511399.018,GBPUSD
56,2026-06-03 18:30:00,1.34157,1.34137,1.34159,1.34137,588,1780511699.395,GBPUSD
56,2026-06-03 18:35:00,1.34137,1.3415,1.34152,1.3413,664,1780511998.793,GBPUSD
56,2026-06-03 18:40:00,1.34149,1.34154,1.34157,1.34141,536,1780512299.027,GBPUSD
56,2026-06-03 18:45:00,1.34154,1.34168,1.3418,1.34152,619,1780512599.993,GBPUSD
56,2026-06-03 18:50:00,1.34168,1.34179,1.34183,1.34167,534,1780512899.031,GBPUSD
56,2026-06-03 18:55:00,1.34179,1.34166,1.3418,1.34157,611,1780513199.594,GBPUSD
56,2026-06-03 19:00:00,1.34166,1.3418,1.34191,1.34157,603,1780513499.029,GBPUSD
56,2026-06-03 19:05:00,1.3418,1.34173,1.34187,1.34172,535,1780513799.095,GBPUSD
56,2026-06-03 19:10:00,1.34173,1.34171,1.34181,1.3417,489,1780514099.015,GBPUSD
56,2026-06-03 19:15:00,1.34171,1.3419,1.34207,1.3417,742,1780514399.011,GBPUSD
56,2026-06-03 19:20:00,1.3419,1.34188,1.34205,1.34187,624,1780514699.0,GBPUSD
56,2026-06-03 19:25:00,1.34188,1.3418,1.34196,1.3417,514,1780514999.01,GBPUSD
56,2026-06-03 19:30:00,1.3418,1.34181,1.34191,1.34179,510,1780515299.097,GBPUSD
56,2026-06-03 19:35:00,1.34181,1.342,1.34208,1.34181,564,1780515599.013,GBPUSD
56,2026-06-03 19:40:00,1.342,1.3419,1.34207,1.3419,495,1780515898.795,GBPUSD
56,2026-06-03 19:45:00,1.3419,1.34201,1.34203,1.34184,470,1780516199.032,GBPUSD
56,2026-06-03 19:50:00,1.34201,1.34191,1.34207,1.34185,583,1780516499.001,GBPUSD
56,2026-06-03 19:55:00,1.34191,1.34197,1.342,1.34181,609,1780516799.792,GBPUSD
56,2026-06-03 20:00:00,1.34198,1.342,1.34212,1.34197,440,1780517099.02,GBPUSD
56,2026-06-03 20:05:00,1.342,1.34201,1.34201,1.34187,438,1780517399.095,GBPUSD
56,2026-06-03 20:10:00,1.34201,1.34203,1.34211,1.342,521,1780517699.013,GBPUSD
56,2026-06-03 20:15:00,1.34203,1.34181,1.34205,1.34181,539,1780517999.093,GBPUSD
56,2026-06-03 20:20:00,1.34181,1.3418,1.3419,1.34175,497,1780518299.498,GBPUSD
56,2026-06-03 20:25:00,1.3418,1.3417,1.34193,1.34167,568,1780518599.002,GBPUSD
56,2026-06-03 20:30:00,1.3417,1.34177,1.3418,1.34167,451,1780518899.012,GBPUSD
56,2026-06-03 20:35:00,1.34177,1.34164,1.34179,1.34162,398,1780519199.009,GBPUSD
56,2026-06-03 20:40:00,1.34164,1.34168,1.3417,1.34162,419,1780519499.043,GBPUSD
56,2026-06-03 20:45:00,1.34168,1.34176,1.34182,1.34168,399,1780519799.041,GBPUSD
56,2026-06-03 20:50:00,1.34176,1.34191,1.34191,1.34175,302,1780520099.005,GBPUSD
56,2026-06-03 20:55:00,1.34191,1.34177,1.34197,1.34166,455,1780520399.293,GBPUSD
56,2026-06-03 21:00:00,1.34179,1.34191,1.34239,1.34179,300,1780520699.094,GBPUSD
56,2026-06-03 21:05:00,1.34191,1.34203,1.34203,1.34144,331,1780520999.095,GBPUSD
56,2026-06-03 21:10:00,1.34203,1.34199,1.34217,1.34199,276,1780521299.04,GBPUSD
56,2026-06-03 21:15:00,1.34199,1.3419,1.34201,1.34173,312,1780521599.025,GBPUSD
56,2026-06-03 21:20:00,1.3419,1.34177,1.342,1.34171,332,1780521899.012,GBPUSD
56,2026-06-03 21:25:00,1.34177,1.3418,1.342,1.34166,315,1780522199.011,GBPUSD
56,2026-06-03 21:30:00,1.3418,1.3418,1.34207,1.34176,385,1780522499.117,GBPUSD
56,2026-06-03 21:35:00,1.3418,1.34187,1.342,1.34179,401,1780522799.023,GBPUSD
56,2026-06-03 21:40:00,1.34188,1.34191,1.34208,1.3418,477,1780523099.904,GBPUSD
56,2026-06-03 21:45:00,1.3419,1.34152,1.34201,1.34152,364,1780523399.032,GBPUSD
56,2026-06-03 21:50:00,1.34152,1.34191,1.3421,1.34151,410,1780523699.906,GBPUSD
56,2026-06-03 21:55:00,1.34191,1.34178,1.34205,1.34174,491,1780523998.042,GBPUSD
56,2026-06-03 22:00:00,1.34178,1.34122,1.3418,1.34121,405,1780524299.093,GBPUSD
56,2026-06-03 22:05:00,1.34122,1.34141,1.34141,1.34121,363,1780524599.002,GBPUSD
56,2026-06-03 22:10:00,1.34141,1.3413,1.34142,1.34124,369,1780524899.095,GBPUSD
56,2026-06-03 22:15:00,1.3413,1.34137,1.34139,1.34118,388,1780525199.035,GBPUSD
56,2026-06-03 22:20:00,1.34137,1.34147,1.34147,1.34137,341,1780525499.095,GBPUSD
56,2026-06-03 22:25:00,1.34147,1.3414,1.3415,1.3414,354,1780525799.793,GBPUSD
56,2026-06-03 22:30:00,1.3414,1.34149,1.34153,1.3414,385,1780526099.093,GBPUSD
56,2026-06-03 22:35:00,1.34149,1.34147,1.34152,1.34144,377,1780526399.044,GBPUSD
56,2026-06-03 22:40:00,1.34147,1.34139,1.34147,1.34136,338,1780526699.043,GBPUSD
56,2026-06-03 22:45:00,1.34138,1.34137,1.34139,1.34136,354,1780526999.0,GBPUSD
56,2026-06-03 22:50:00,1.34137,1.34148,1.34148,1.34134,355,1780527299.093,GBPUSD
56,2026-06-03 22:55:00,1.34148,1.3423,1.34287,1.34145,841,1780527599.442,GBPUSD
56,2026-06-03 23:00:00,1.3423,1.34228,1.34254,1.34226,525,1780527899.015,GBPUSD
56,2026-06-03 23:05:00,1.34228,1.34204,1.3423,1.34201,440,1780528199.094,GBPUSD
56,2026-06-03 23:10:00,1.34204,1.34204,1.34205,1.34176,453,1780528499.831,GBPUSD
56,2026-06-03 23:15:00,1.34204,1.34207,1.34208,1.34191,358,1780528799.014,GBPUSD
56,2026-06-03 23:20:00,1.34207,1.3421,1.34218,1.34205,393,1780529099.011,GBPUSD
56,2026-06-03 23:25:00,1.3421,1.3421,1.34218,1.342,385,1780529399.094,GBPUSD
56,2026-06-03 23:30:00,1.3421,1.34225,1.34225,1.34207,379,1780529699.795,GBPUSD
56,2026-06-03 23:35:00,1.34225,1.34225,1.34228,1.34217,408,1780529999.495,GBPUSD
56,2026-06-03 23:40:00,1.34225,1.34231,1.34238,1.34224,382,1780530299.027,GBPUSD
56,2026-06-03 23:45:00,1.34231,1.34266,1.34267,1.34231,413,1780530599.029,GBPUSD
56,2026-06-03 23:50:00,1.34266,1.34278,1.34279,1.34259,484,1780530899.094,GBPUSD
56,2026-06-03 23:55:00,1.34278,1.34266,1.34283,1.34265,444,1780531199.014,GBPUSD
56,2026-06-04 00:00:00,1.34266,1.34249,1.34285,1.34235,914,1780531499.042,GBPUSD
56,2026-06-04 00:05:00,1.34249,1.34238,1.34257,1.34237,572,1780531799.042,GBPUSD
56,2026-06-04 00:10:00,1.34238,1.34266,1.34268,1.34235,614,1780532099.994,GBPUSD
56,2026-06-04 00:15:00,1.34266,1.34298,1.34315,1.34254,646,1780532399.694,GBPUSD
56,2026-06-04 00:20:00,1.34298,1.34277,1.34302,1.34272,490,1780532699.094,GBPUSD
56,2026-06-04 00:25:00,1.34277,1.34276,1.3428,1.34266,552,1780532999.494,GBPUSD
56,2026-06-04 00:30:00,1.34276,1.34311,1.34311,1.34266,566,1780533299.994,GBPUSD
56,2026-06-04 00:35:00,1.3431,1.34296,1.34319,1.34286,543,1780533599.035,GBPUSD
56,2026-06-04 00:40:00,1.34296,1.34318,1.3432,1.34292,552,1780533899.016,GBPUSD
56,2026-06-04 00:45:00,1.34318,1.34299,1.3432,1.34292,602,1780534199.028,GBPUSD
56,2026-06-04 00:50:00,1.34298,1.34266,1.34303,1.34262,590,1780534499.038,GBPUSD
56,2026-06-04 00:55:00,1.34266,1.34257,1.34268,1.34227,644,1780534799.095,GBPUSD
56,2026-06-04 01:00:00,1.34257,1.34234,1.34257,1.34225,816,1780535099.032,GBPUSD
56,2026-06-04 01:05:00,1.34234,1.34246,1.3425,1.34232,559,1780535399.793,GBPUSD
56,2026-06-04 01:10:00,1.34247,1.34249,1.34264,1.34245,604,1780535699.039,GBPUSD
56,2026-06-04 01:15:00,1.34248,1.34255,1.34259,1.34237,597,1780535999.095,GBPUSD
56,2026-06-04 01:20:00,1.34255,1.34251,1.34275,1.34251,611,1780536299.094,GBPUSD
56,2026-06-04 01:25:00,1.34251,1.34245,1.3426,1.3424,526,1780536599.047,GBPUSD
56,2026-06-04 01:30:00,1.34245,1.34254,1.34259,1.34235,647,1780536899.019,GBPUSD
56,2026-06-04 01:35:00,1.34254,1.34259,1.34274,1.34246,558,1780537199.041,GBPUSD
56,2026-06-04 01:40:00,1.34259,1.34242,1.34263,1.34237,483,1780537499.931,GBPUSD
56,2026-06-04 01:45:00,1.34242,1.34264,1.34268,1.34241,595,1780537799.818,GBPUSD
56,2026-06-04 01:50:00,1.34264,1.34254,1.34265,1.34247,586,1780538099.002,GBPUSD
56,2026-06-04 01:55:00,1.34254,1.34273,1.34278,1.34251,581,1780538399.038,GBPUSD
56,2026-06-04 02:00:00,1.34273,1.34246,1.34278,1.34244,568,1780538699.025,GBPUSD
56,2026-06-04 02:05:00,1.34246,1.34247,1.34265,1.34244,571,1780538999.795,GBPUSD
56,2026-06-04 02:10:00,1.34247,1.34237,1.34248,1.34236,592,1780539299.694,GBPUSD
56,2026-06-04 02:15:00,1.34237,1.34227,1.34238,1.34218,423,1780539599.006,GBPUSD
56,2026-06-04 02:20:00,1.34227,1.3423,1.3424,1.34227,505,1780539899.095,GBPUSD
56,2026-06-04 02:25:00,1.3423,1.34237,1.34245,1.3423,459,1780540199.003,GBPUSD
56,2026-06-04 02:30:00,1.34238,1.34237,1.34244,1.34227,509,1780540499.617,GBPUSD
56,2026-06-04 02:35:00,1.34237,1.34245,1.34249,1.34231,446,1780540799.046,GBPUSD
56,2026-06-04 02:40:00,1.34245,1.34246,1.34251,1.34241,480,1780541099.096,GBPUSD
56,2026-06-04 02:45:00,1.34246,1.34265,1.34268,1.34246,489,1780541399.032,GBPUSD
56,2026-06-04 02:50:00,1.34265,1.34266,1.34272,1.34255,500,1780541699.908,GBPUSD
56,2026-06-04 02:55:00,1.34266,1.34264,1.34274,1.3426,511,1780541999.031,GBPUSD
56,2026-06-04 03:00:00,1.34264,1.34247,1.34264,1.34238,464,1780542299.039,GBPUSD
56,2026-06-04 03:05:00,1.34247,1.34236,1.34257,1.34228,420,1780542599.029,GBPUSD
56,2026-06-04 03:10:00,1.34236,1.342,1.3424,1.34196,446,1780542899.013,GBPUSD
56,2026-06-04 03:15:00,1.342,1.34211,1.34214,1.34198,493,1780543199.624,GBPUSD
56,2026-06-04 03:20:00,1.34211,1.34198,1.34211,1.34198,366,1780543499.815,GBPUSD
56,2026-06-04 03:25:00,1.34198,1.34183,1.34198,1.34174,482,1780543799.016,GBPUSD
56,2026-06-04 03:30:00,1.34183,1.342,1.34201,1.34174,427,1780544099.004,GBPUSD
56,2026-06-04 03:35:00,1.342,1.34188,1.34211,1.34186,410,1780544399.014,GBPUSD
56,2026-06-04 03:40:00,1.34188,1.34187,1.34191,1.34173,424,1780544699.021,GBPUSD
56,2026-06-04 03:45:00,1.34187,1.34188,1.34191,1.34176,417,1780544999.033,GBPUSD
56,2026-06-04 03:50:00,1.34188,1.34209,1.34218,1.34187,394,1780545299.004,GBPUSD
56,2026-06-04 03:55:00,1.34209,1.34231,1.34241,1.34209,404,1780545599.393,GBPUSD
56,2026-06-04 04:00:00,1.34231,1.34238,1.3424,1.34227,454,1780545899.04,GBPUSD
56,2026-06-04 04:05:00,1.34238,1.34231,1.34241,1.34228,409,1780546199.019,GBPUSD
56,2026-06-04 04:10:00,1.34231,1.3423,1.3424,1.34227,388,1780546499.635,GBPUSD
56,2026-06-04 04:15:00,1.3423,1.34238,1.34241,1.3423,402,1780546799.039,GBPUSD
56,2026-06-04 04:20:00,1.34238,1.34237,1.34241,1.3423,410,1780547099.042,GBPUSD
56,2026-06-04 04:25:00,1.34237,1.3424,1.34242,1.34235,338,1780547398.04,GBPUSD
56,2026-06-04 04:30:00,1.3424,1.3427,1.34315,1.3424,679,1780547699.807,GBPUSD
56,2026-06-04 04:35:00,1.3427,1.34275,1.34284,1.34257,507,1780547999.094,GBPUSD
56,2026-06-04 04:40:00,1.34275,1.34302,1.34308,1.34275,409,1780548299.109,GBPUSD
56,2026-06-04 04:45:00,1.34302,1.34302,1.34312,1.34298,364,1780548599.002,GBPUSD
56,2026-06-04 04:50:00,1.34302,1.34301,1.34303,1.34289,436,1780548899.043,GBPUSD
56,2026-06-04 04:55:00,1.34301,1.34311,1.34312,1.343,418,1780549199.028,GBPUSD
56,2026-06-04 05:00:00,1.34311,1.34302,1.34321,1.343,513,1780549499.018,GBPUSD
56,2026-06-04 05:05:00,1.34302,1.34288,1.34313,1.34286,489,1780549799.493,GBPUSD
56,2026-06-04 05:10:00,1.34288,1.34284,1.34289,1.34274,463,1780550099.004,GBPUSD
56,2026-06-04 05:15:00,1.34284,1.34266,1.34288,1.34265,436,1780550399.003,GBPUSD
56,2026-06-04 05:20:00,1.34266,1.3424,1.34266,1.34237,450,1780550699.041,GBPUSD
56,2026-06-04 05:25:00,1.3424,1.34227,1.3424,1.34225,463,1780550999.017,GBPUSD
56,2026-06-04 05:30:00,1.34227,1.34218,1.34231,1.34207,565,1780551299.041,GBPUSD
56,2026-06-04 05:35:00,1.34218,1.34247,1.34248,1.34214,404,1780551599.031,GBPUSD
56,2026-06-04 05:40:00,1.34247,1.34268,1.34275,1.3424,522,1780551899.037,GBPUSD
56,2026-06-04 05:45:00,1.34268,1.34264,1.34271,1.34259,431,1780552199.094,GBPUSD
56,2026-06-04 05:50:00,1.34264,1.34286,1.34287,1.34262,417,1780552499.009,GBPUSD
56,2026-06-04 05:55:00,1.34286,1.34281,1.34286,1.34261,470,1780552799.095,GBPUSD
56,2026-06-04 06:00:00,1.34281,1.34303,1.34318,1.34268,699,1780553099.05,GBPUSD
56,2026-06-04 06:05:00,1.34303,1.34308,1.34326,1.34299,602,1780553399.038,GBPUSD
56,2026-06-04 06:10:00,1.34308,1.34325,1.34327,1.34299,524,1780553699.034,GBPUSD
56,2026-06-04 06:15:00,1.34325,1.34288,1.34325,1.34286,494,1780553999.01,GBPUSD
56,2026-06-04 06:20:00,1.34288,1.34272,1.34288,1.34258,569,1780554299.03,GBPUSD
56,2026-06-04 06:25:00,1.34272,1.34299,1.34309,1.34268,498,1780554599.702,GBPUSD
56,2026-06-04 06:30:00,1.34299,1.34306,1.34319,1.34279,580,1780554899.694,GBPUSD
56,2026-06-04 06:35:00,1.34306,1.34338,1.34349,1.34306,720,1780555199.794,GBPUSD
56,2026-06-04 06:40:00,1.34338,1.34329,1.34339,1.34312,556,1780555498.024,GBPUSD
56,2026-06-04 06:45:00,1.34329,1.34272,1.34329,1.34264,548,1780555799.036,GBPUSD
56,2026-06-04 06:50:00,1.34272,1.34281,1.34292,1.34255,726,1780556099.098,GBPUSD
56,2026-06-04 06:55:00,1.34281,1.34279,1.34284,1.34244,655,1780556399.795,GBPUSD
56,2026-06-04 07:00:00,1.34279,1.3428,1.34295,1.34257,791,1780556699.201,GBPUSD
56,2026-06-04 07:05:00,1.3428,1.34275,1.34281,1.34255,673,1780556999.996,GBPUSD
56,2026-06-04 07:10:00,1.34275,1.34264,1.34278,1.34258,674,1780557299.016,GBPUSD
56,2026-06-04 07:15:00,1.34264,1.34271,1.34278,1.34254,489,1780557599.0,GBPUSD
56,2026-06-04 07:20:00,1.34271,1.3422,1.34271,1.34208,648,1780557899.54,GBPUSD
56,2026-06-04 07:25:00,1.3422,1.34214,1.34228,1.34179,779,1780558199.016,GBPUSD
56,2026-06-04 07:30:00,1.34214,1.34201,1.3422,1.34197,625,1780558499.592,GBPUSD
56,2026-06-04 07:35:00,1.34201,1.3413,1.34203,1.34127,603,1780558799.032,GBPUSD
56,2026-06-04 07:40:00,1.3413,1.34156,1.3416,1.34116,872,1780559099.007,GBPUSD
56,2026-06-04 07:45:00,1.34156,1.34178,1.34179,1.34125,663,1780559399.02,GBPUSD
56,2026-06-04 07:50:00,1.34178,1.3419,1.342,1.34164,580,1780559698.73,GBPUSD
56,2026-06-04 07:55:00,1.3419,1.34219,1.34231,1.34186,709,1780559999.814,GBPUSD
56,2026-06-04 08:00:00,1.34219,1.3428,1.34289,1.34218,698,1780560299.902,GBPUSD
56,2026-06-04 08:05:00,1.3428,1.34269,1.34287,1.34249,702,1780560599.194,GBPUSD
56,2026-06-04 08:10:00,1.34269,1.3428,1.34281,1.34252,624,1780560899.395,GBPUSD
56,2026-06-04 08:15:00,1.3428,1.34299,1.34308,1.34275,623,1780561199.195,GBPUSD
56,2026-06-04 08:20:00,1.34299,1.34299,1.34299,1.34262,534,1780561499.006,GBPUSD
56,2026-06-04 08:25:00,1.34299,1.34333,1.34337,1.34288,613,1780561799.995,GBPUSD
56,2026-06-04 08:30:00,1.34334,1.34298,1.34356,1.34292,686,1780562099.994,GBPUSD
56,2026-06-04 08:35:00,1.34298,1.34279,1.34302,1.34276,578,1780562399.315,GBPUSD
56,2026-06-04 08:40:00,1.34279,1.34293,1.34301,1.34275,621,1780562699.021,GBPUSD
56,2026-06-04 08:45:00,1.34293,1.34301,1.34329,1.34289,524,1780562999.033,GBPUSD
56,2026-06-04 08:50:00,1.34301,1.34306,1.34312,1.34288,567,1780563299.795,GBPUSD
56,2026-06-04 08:55:00,1.34306,1.34302,1.34335,1.34298,494,1780563599.044,GBPUSD
56,2026-06-04 09:00:00,1.34301,1.34356,1.34359,1.34299,742,1780563898.016,GBPUSD
56,2026-06-04 09:05:00,1.34356,1.34356,1.34375,1.34345,786,1780564199.994,GBPUSD
56,2026-06-04 09:10:00,1.34356,1.34349,1.34366,1.3434,692,1780564499.004,GBPUSD
56,2026-06-04 09:15:00,1.34349,1.34367,1.34367,1.34339,609,1780564799.096,GBPUSD
56,2026-06-04 09:20:00,1.34367,1.3436,1.3437,1.34345,454,1780565099.035,GBPUSD
56,2026-06-04 09:25:00,1.3436,1.34367,1.34388,1.34347,551,1780565399.496,GBPUSD
56,2026-06-04 09:30:00,1.34367,1.34376,1.34387,1.34353,566,1780565699.195,GBPUSD
56,2026-06-04 09:35:00,1.34376,1.34417,1.34424,1.34374,599,1780565999.005,GBPUSD
56,2026-06-04 09:40:00,1.34417,1.34397,1.34421,1.34397,524,1780566299.095,GBPUSD
56,2026-06-04 09:45:00,1.34397,1.34379,1.34404,1.34363,626,1780566599.044,GBPUSD
56,2026-06-04 09:50:00,1.34379,1.34396,1.34403,1.34375,629,1780566899.035,GBPUSD
56,2026-06-04 09:55:00,1.34396,1.3437,1.34398,1.34363,569,1780567199.026,GBPUSD
56,2026-06-04 10:00:00,1.3437,1.3438,1.3438,1.34345,651,1780567499.041,GBPUSD
56,2026-06-04 10:05:00,1.3438,1.34374,1.3439,1.34363,632,1780567799.011,GBPUSD
56,2026-06-04 10:10:00,1.34374,1.34379,1.34402,1.34356,672,1780568099.795,GBPUSD
56,2026-06-04 10:15:00,1.34379,1.34371,1.34381,1.34357,538,1780568399.9,GBPUSD
56,2026-06-04 10:20:00,1.34371,1.34353,1.34376,1.3434,522,1780568699.827,GBPUSD
56,2026-06-04 10:25:00,1.34353,1.34387,1.34388,1.34352,527,1780568999.094,GBPUSD
56,2026-06-04 10:30:00,1.34387,1.3439,1.34401,1.34376,507,1780569299.025,GBPUSD
56,2026-06-04 10:35:00,1.3439,1.34402,1.34417,1.34387,588,1780569599.995,GBPUSD
56,2026-06-04 10:40:00,1.34402,1.34408,1.34417,1.34379,623,1780569899.695,GBPUSD
56,2026-06-04 10:45:00,1.34408,1.34397,1.34424,1.34397,550,1780570199.004,GBPUSD
56,2026-06-04 10:50:00,1.34397,1.34384,1.34398,1.34376,657,1780570499.306,GBPUSD
56,2026-06-04 10:55:00,1.34384,1.3443,1.34438,1.3438,849,1780570799.899,GBPUSD
56,2026-06-04 11:00:00,1.3443,1.34489,1.34498,1.34428,849,1780571099.401,GBPUSD
56,2026-06-04 11:05:00,1.34489,1.34525,1.3453,1.34485,667,1780571399.394,GBPUSD
56,2026-06-04 11:10:00,1.34525,1.34516,1.34528,1.34505,768,1780571699.011,GBPUSD
56,2026-06-04 11:15:00,1.34516,1.34573,1.34581,1.34515,820,1780571999.411,GBPUSD
56,2026-06-04 11:20:00,1.34574,1.34597,1.34597,1.34554,755,1780572299.209,GBPUSD
56,2026-06-04 11:25:00,1.34597,1.3459,1.34619,1.34574,1008,1780572599.898,GBPUSD
56,2026-06-04 11:30:00,1.34591,1.34556,1.34598,1.34529,990,1780572899.006,GBPUSD
56,2026-06-04 11:35:00,1.34556,1.34582,1.34586,1.34535,859,1780573199.996,GBPUSD
56,2026-06-04 11:40:00,1.34582,1.34613,1.34614,1.34559,879,1780573499.691,GBPUSD
56,2026-06-04 11:45:00,1.34613,1.34608,1.34625,1.34583,915,1780573799.04,GBPUSD
56,2026-06-04 11:50:00,1.34607,1.34607,1.34618,1.34597,842,1780574099.594,GBPUSD
56,2026-06-04 11:55:00,1.34607,1.34588,1.3461,1.34584,802,1780574399.901,GBPUSD
56,2026-06-04 12:00:00,1.34587,1.34576,1.34627,1.34571,917,1780574699.007,GBPUSD
56,2026-06-04 12:05:00,1.34576,1.34581,1.34621,1.34567,848,1780574999.725,GBPUSD
56,2026-06-04 12:10:00,1.34581,1.34559,1.34599,1.34523,995,1780575299.695,GBPUSD
56,2026-06-04 12:15:00,1.34559,1.34552,1.34574,1.34544,865,1780575599.73,GBPUSD
56,2026-06-04 12:20:00,1.34552,1.34567,1.34577,1.34545,781,1780575899.094,GBPUSD
56,2026-06-04 12:25:00,1.34567,1.34579,1.34581,1.34553,602,1780576199.994,GBPUSD
56,2026-06-04 12:30:00,1.34579,1.34598,1.3461,1.34568,711,1780576499.016,GBPUSD
56,2026-06-04 12:35:00,1.34598,1.34586,1.34598,1.34573,797,1780576799.033,GBPUSD
56,2026-06-04 12:40:00,1.34586,1.3458,1.3459,1.34552,781,1780577099.918,GBPUSD
56,2026-06-04 12:45:00,1.3458,1.34585,1.34586,1.34564,809,1780577399.021,GBPUSD
56,2026-06-04 12:50:00,1.34586,1.34607,1.34617,1.34584,825,1780577699.018,GBPUSD
56,2026-06-04 12:55:00,1.34607,1.34559,1.34613,1.34559,784,1780577999.094,GBPUSD
56,2026-06-04 13:00:00,1.34559,1.34557,1.34575,1.34534,952,1780578299.998,GBPUSD
56,2026-06-04 13:05:00,1.34557,1.34545,1.34566,1.3453,735,1780578599.711,GBPUSD
56,2026-06-04 13:10:00,1.34545,1.34512,1.34547,1.34503,873,1780578899.338,GBPUSD
56,2026-06-04 13:15:00,1.34511,1.34543,1.3455,1.3451,801,1780579199.504,GBPUSD
56,2026-06-04 13:20:00,1.34543,1.34519,1.34547,1.34515,780,1780579499.094,GBPUSD
56,2026-06-04 13:25:00,1.34519,1.34543,1.3455,1.34503,768,1780579799.038,GBPUSD
56,2026-06-04 13:30:00,1.34543,1.34506,1.34553,1.34502,984,1780580099.72,GBPUSD
56,2026-06-04 13:35:00,1.34506,1.34513,1.34513,1.34484,1110,1780580399.495,GBPUSD
56,2026-06-04 13:40:00,1.34513,1.34547,1.34548,1.34493,901,1780580699.912,GBPUSD
56,2026-06-04 13:45:00,1.34547,1.34544,1.3455,1.34511,928,1780580999.045,GBPUSD
56,2026-06-04 13:50:00,1.34544,1.34509,1.34545,1.34493,1021,1780581299.222,GBPUSD
56,2026-06-04 13:55:00,1.34509,1.34513,1.34533,1.3449,959,1780581599.995,GBPUSD
56,2026-06-04 14:00:00,1.34512,1.34462,1.34545,1.34462,1005,1780581899.402,GBPUSD
56,2026-06-04 14:05:00,1.34462,1.34476,1.3448,1.34444,1030,1780582199.92,GBPUSD
56,2026-06-04 14:10:00,1.34476,1.34474,1.34501,1.34464,903,1780582499.028,GBPUSD
56,2026-06-04 14:15:00,1.34474,1.34478,1.34481,1.34455,835,1780582799.494,GBPUSD
56,2026-06-04 14:20:00,1.34478,1.34451,1.34491,1.34448,794,1780583099.045,GBPUSD
56,2026-06-04 14:25:00,1.34451,1.34424,1.34462,1.34417,840,1780583399.094,GBPUSD
56,2026-06-04 14:30:00,1.34424,1.34414,1.34428,1.34398,876,1780583699.294,GBPUSD
56,2026-06-04 14:35:00,1.34414,1.344,1.34415,1.34376,777,1780583999.695,GBPUSD
56,2026-06-04 14:40:00,1.344,1.3441,1.34428,1.34394,832,1780584299.997,GBPUSD
56,2026-06-04 14:45:00,1.3441,1.34378,1.34416,1.34368,781,1780584599.994,GBPUSD
56,2026-06-04 14:50:00,1.34378,1.34385,1.34404,1.34352,937,1780584899.114,GBPUSD
56,2026-06-04 14:55:00,1.34385,1.34437,1.34455,1.34384,1026,1780585199.022,GBPUSD
56,2026-06-04 15:00:00,1.34437,1.3439,1.34441,1.34388,1038,1780585499.602,GBPUSD
56,2026-06-04 15:05:00,1.3439,1.34381,1.34409,1.34359,881,1780585799.007,GBPUSD
56,2026-06-04 15:10:00,1.34383,1.34368,1.34389,1.34353,902,1780586099.995,GBPUSD
56,2026-06-04 15:15:00,1.34368,1.34373,1.34386,1.34363,784,1780586399.039,GBPUSD
56,2026-06-04 15:20:00,1.34373,1.34354,1.34377,1.34353,889,1780586699.04,GBPUSD
56,2026-06-04 15:25:00,1.34354,1.34337,1.3436,1.34332,930,1780586999.841,GBPUSD
56,2026-06-04 15:30:00,1.34337,1.34329,1.34361,1.34322,840,1780587299.596,GBPUSD
56,2026-06-04 15:35:00,1.3433,1.34332,1.34355,1.34323,773,1780587599.895,GBPUSD
56,2026-06-04 15:40:00,1.34332,1.34314,1.34345,1.34308,725,1780587899.997,GBPUSD
56,2026-06-04 15:45:00,1.34314,1.34327,1.34339,1.34299,621,1780588199.095,GBPUSD
56,2026-06-04 15:50:00,1.34326,1.34349,1.34388,1.34325,690,1780588499.03,GBPUSD
56,2026-06-04 15:55:00,1.34349,1.34394,1.34413,1.3434,848,1780588799.111,GBPUSD
56,2026-06-04 16:00:00,1.34394,1.34353,1.34397,1.34353,887,1780589099.608,GBPUSD
56,2026-06-04 16:05:00,1.34353,1.34377,1.3439,1.34345,927,1780589399.401,GBPUSD
56,2026-06-04 16:10:00,1.34377,1.3439,1.34393,1.34374,790,1780589699.005,GBPUSD
56,2026-06-04 16:15:00,1.3439,1.34406,1.34418,1.34377,755,1780589999.936,GBPUSD
56,2026-06-04 16:20:00,1.34406,1.34398,1.34421,1.34396,603,1780590299.994,GBPUSD
56,2026-06-04 16:25:00,1.34398,1.34397,1.34412,1.34396,618,1780590599.011,GBPUSD
56,2026-06-04 16:30:00,1.34397,1.3436,1.34404,1.34355,885,1780590899.394,GBPUSD
56,2026-06-04 16:35:00,1.3436,1.3437,1.34384,1.3435,695,1780591199.006,GBPUSD
56,2026-06-04 16:40:00,1.3437,1.34365,1.34375,1.34357,643,1780591499.793,GBPUSD
56,2026-06-04 16:45:00,1.34366,1.34367,1.34369,1.34345,643,1780591799.034,GBPUSD
56,2026-06-04 16:50:00,1.34367,1.34359,1.34369,1.34349,600,1780592099.019,GBPUSD
56,2026-06-04 16:55:00,1.34359,1.34352,1.34373,1.3435,694,1780592399.042,GBPUSD
56,2026-06-04 17:00:00,1.34352,1.34354,1.34363,1.34336,727,1780592699.326,GBPUSD
56,2026-06-04 17:05:00,1.34354,1.34326,1.34363,1.34324,711,1780592999.037,GBPUSD
56,2026-06-04 17:10:00,1.34326,1.34322,1.34337,1.34322,515,1780593299.594,GBPUSD
56,2026-06-04 17:15:00,1.34322,1.3432,1.34327,1.34315,660,1780593599.004,GBPUSD
56,2026-06-04 17:20:00,1.3432,1.34328,1.34336,1.34303,615,1780593899.41,GBPUSD
56,2026-06-04 17:25:00,1.34328,1.34309,1.34329,1.34306,630,1780594199.996,GBPUSD
56,2026-06-04 17:30:00,1.34309,1.34318,1.34327,1.34304,569,1780594499.315,GBPUSD
56,2026-06-04 17:35:00,1.34318,1.34286,1.34322,1.34285,562,1780594799.041,GBPUSD
56,2026-06-04 17:40:00,1.34286,1.34299,1.34311,1.34286,476,1780595099.295,GBPUSD
56,2026-06-04 17:45:00,1.34299,1.34284,1.343,1.34282,459,1780595399.003,GBPUSD
56,2026-06-04 17:50:00,1.34284,1.34285,1.34295,1.34283,609,1780595699.031,GBPUSD
56,2026-06-04 17:55:00,1.34285,1.3427,1.34286,1.34262,589,1780595999.945,GBPUSD
56,2026-06-04 18:00:00,1.34269,1.34273,1.34293,1.34262,700,1780596299.096,GBPUSD
56,2026-06-04 18:05:00,1.34273,1.34266,1.34278,1.34265,502,1780596599.021,GBPUSD
56,2026-06-04 18:10:00,1.34266,1.34275,1.34285,1.34265,525,1780596899.026,GBPUSD
56,2026-06-04 18:15:00,1.34275,1.34271,1.34277,1.34263,477,1780597199.008,GBPUSD
56,2026-06-04 18:20:00,1.34271,1.34275,1.34285,1.34268,477,1780597499.017,GBPUSD
56,2026-06-04 18:25:00,1.34275,1.34252,1.34284,1.34252,454,1780597799.021,GBPUSD
56,2026-06-04 18:30:00,1.34252,1.34254,1.34258,1.34243,598,1780598099.834,GBPUSD
56,2026-06-04 18:35:00,1.34254,1.34269,1.34272,1.34247,530,1780598399.025,GBPUSD
56,2026-06-04 18:40:00,1.34269,1.34266,1.34277,1.34258,563,1780598699.094,GBPUSD
56,2026-06-04 18:45:00,1.34266,1.34268,1.34279,1.34265,506,1780598999.095,GBPUSD
56,2026-06-04 18:50:00,1.34268,1.34247,1.34273,1.3424,539,1780599299.994,GBPUSD
56,2026-06-04 18:55:00,1.34247,1.34249,1.34252,1.34235,566,1780599599.794,GBPUSD
56,2026-06-04 19:00:00,1.34249,1.34243,1.34261,1.34241,557,1780599899.094,GBPUSD
56,2026-06-04 19:05:00,1.34243,1.34228,1.34244,1.34217,550,1780600199.596,GBPUSD
56,2026-06-04 19:10:00,1.34228,1.34225,1.34234,1.34217,435,1780600499.015,GBPUSD
56,2026-06-04 19:15:00,1.34225,1.34231,1.34235,1.34224,435,1780600799.195,GBPUSD
56,2026-06-04 19:20:00,1.34231,1.34234,1.34237,1.34227,485,1780601099.036,GBPUSD
56,2026-06-04 19:25:00,1.34234,1.34239,1.34242,1.34232,471,1780601399.035,GBPUSD
56,2026-06-04 19:30:00,1.34238,1.34244,1.34248,1.34228,450,1780601699.393,GBPUSD
56,2026-06-04 19:35:00,1.34244,1.34235,1.34244,1.34231,447,1780601999.017,GBPUSD
56,2026-06-04 19:40:00,1.34235,1.3423,1.34239,1.34225,510,1780602299.009,GBPUSD
56,2026-06-04 19:45:00,1.3423,1.34225,1.34239,1.34218,524,1780602599.033,GBPUSD
56,2026-06-04 19:50:00,1.34225,1.34245,1.34248,1.34223,548,1780602899.603,GBPUSD
56,2026-06-04 19:55:00,1.34245,1.34238,1.34245,1.34231,575,1780603199.405,GBPUSD
56,2026-06-04 20:00:00,1.34238,1.3424,1.34246,1.34229,522,1780603499.007,GBPUSD
56,2026-06-04 20:05:00,1.3424,1.34238,1.3424,1.34232,474,1780603799.041,GBPUSD
56,2026-06-04 20:10:00,1.34238,1.34238,1.34238,1.34237,9,1780603804.004,GBPUSD
