symbol_id,timestamp,open,close,high,low,volume,last_tick,asset
361,2026-05-21 18:55:00,57.87,57.55,57.9,57.49,411,1779389999.832,LTCUSD_otc
361,2026-05-21 19:00:00,57.56,57.47,57.6,57.38,397,1779390299.826,LTCUSD_otc
361,2026-05-21 19:05:00,57.47,57.41,57.52,57.37,397,1779390599.716,LTCUSD_otc
361,2026-05-21 19:10:00,57.41,57.4,57.6,57.37,397,1779390899.629,LTCUSD_otc
361,2026-05-21 19:15:00,57.4,57.33,57.47,57.14,412,1779391199.035,LTCUSD_otc
361,2026-05-21 19:20:00,57.33,57.49,57.49,57.11,421,1779391499.941,LTCUSD_otc
361,2026-05-21 19:25:00,57.49,57.29,57.52,57.27,403,1779391799.939,LTCUSD_otc
361,2026-05-21 19:30:00,57.29,57.38,57.64,57.27,382,1779392099.847,LTCUSD_otc
361,2026-05-21 19:35:00,57.38,57.07,57.52,57.0,415,1779392399.85,LTCUSD_otc
361,2026-05-21 19:40:00,57.07,57.17,57.19,56.98,398,1779392699.838,LTCUSD_otc
361,2026-05-21 19:45:00,57.17,57.36,57.41,57.16,419,1779392999.735,LTCUSD_otc
361,2026-05-21 19:50:00,57.37,57.59,57.62,57.36,418,1779393299.203,LTCUSD_otc
361,2026-05-21 19:55:00,57.61,57.83,57.98,57.6,393,1779393599.561,LTCUSD_otc
361,2026-05-21 20:00:00,57.83,57.64,57.91,57.63,392,1779393899.584,LTCUSD_otc
361,2026-05-21 20:05:00,57.64,57.72,57.79,57.56,390,1779394198.017,LTCUSD_otc
361,2026-05-21 20:10:00,57.72,57.66,57.81,57.55,390,1779394499.513,LTCUSD_otc
361,2026-05-21 20:15:00,57.66,57.49,57.71,57.48,391,1779394799.924,LTCUSD_otc
361,2026-05-21 20:20:00,57.49,57.25,57.54,57.16,431,1779395099.397,LTCUSD_otc
361,2026-05-21 20:25:00,57.25,57.27,57.35,57.16,402,1779395398.248,LTCUSD_otc
361,2026-05-21 20:30:00,57.27,57.25,57.34,57.11,382,1779395699.226,LTCUSD_otc
361,2026-05-21 20:35:00,57.25,56.74,57.31,56.72,393,1779395999.644,LTCUSD_otc
361,2026-05-21 20:40:00,56.74,56.62,56.86,56.6,414,1779396299.082,LTCUSD_otc
361,2026-05-21 20:45:00,56.62,56.85,56.87,56.59,405,1779396599.99,LTCUSD_otc
361,2026-05-21 20:50:00,56.85,56.77,56.97,56.75,376,1779396899.837,LTCUSD_otc
361,2026-05-21 20:55:00,56.77,56.92,56.95,56.74,414,1779397199.349,LTCUSD_otc
361,2026-05-21 21:00:00,56.92,57.13,57.15,56.84,401,1779397499.217,LTCUSD_otc
361,2026-05-21 21:05:00,57.13,57.38,57.49,57.09,401,1779397799.716,LTCUSD_otc
361,2026-05-21 21:10:00,57.38,57.17,57.46,57.14,397,1779398099.073,LTCUSD_otc
361,2026-05-21 21:15:00,57.17,57.0,57.18,56.95,410,1779398399.049,LTCUSD_otc
361,2026-05-21 21:20:00,56.99,57.21,57.25,56.97,393,1779398699.897,LTCUSD_otc
361,2026-05-21 21:25:00,57.22,56.99,57.26,56.88,410,1779398999.753,LTCUSD_otc
361,2026-05-21 21:30:00,56.98,56.91,57.09,56.84,389,1779399299.693,LTCUSD_otc
361,2026-05-21 21:35:00,56.91,56.86,57.0,56.84,392,1779399599.621,LTCUSD_otc
361,2026-05-21 21:40:00,56.87,56.93,57.0,56.83,382,1779399899.623,LTCUSD_otc
361,2026-05-21 21:45:00,56.93,56.75,56.93,56.55,424,1779400199.512,LTCUSD_otc
361,2026-05-21 21:50:00,56.75,56.87,56.89,56.69,412,1779400498.981,LTCUSD_otc
361,2026-05-21 21:55:00,56.87,56.95,57.01,56.72,404,1779400799.28,LTCUSD_otc
361,2026-05-21 22:00:00,56.93,56.86,56.99,56.71,417,1779401099.179,LTCUSD_otc
361,2026-05-21 22:05:00,56.85,57.2,57.24,56.76,412,1779401399.629,LTCUSD_otc
361,2026-05-21 22:10:00,57.2,57.52,57.52,57.03,400,1779401699.037,LTCUSD_otc
361,2026-05-21 22:15:00,57.52,57.68,57.85,57.48,405,1779401999.543,LTCUSD_otc
361,2026-05-21 22:20:00,57.68,57.59,57.81,57.57,395,1779402298.991,LTCUSD_otc
361,2026-05-21 22:25:00,57.6,57.75,57.88,57.53,394,1779402599.899,LTCUSD_otc
361,2026-05-21 22:30:00,57.75,57.78,57.83,57.61,384,1779402899.263,LTCUSD_otc
361,2026-05-21 22:35:00,57.78,57.59,57.82,57.57,368,1779403199.78,LTCUSD_otc
361,2026-05-21 22:40:00,57.59,57.38,57.59,57.28,395,1779403499.699,LTCUSD_otc
361,2026-05-21 22:45:00,57.38,57.4,57.54,57.35,399,1779403799.215,LTCUSD_otc
361,2026-05-21 22:50:00,57.4,57.68,57.68,57.33,409,1779404099.585,LTCUSD_otc
361,2026-05-21 22:55:00,57.67,57.75,58.01,57.61,411,1779404399.03,LTCUSD_otc
361,2026-05-21 23:00:00,57.75,58.07,58.09,57.72,406,1779404699.917,LTCUSD_otc
361,2026-05-21 23:05:00,58.08,57.97,58.17,57.96,402,1779404999.885,LTCUSD_otc
361,2026-05-21 23:10:00,57.97,57.91,58.1,57.88,390,1779405299.791,LTCUSD_otc
361,2026-05-21 23:15:00,57.91,57.68,57.93,57.57,390,1779405599.736,LTCUSD_otc
361,2026-05-21 23:20:00,57.69,57.79,57.88,57.55,420,1779405898.609,LTCUSD_otc
361,2026-05-21 23:25:00,57.79,57.98,58.03,57.6,401,1779406198.996,LTCUSD_otc
361,2026-05-21 23:30:00,57.99,58.01,58.28,57.87,378,1779406499.981,LTCUSD_otc
361,2026-05-21 23:35:00,58.01,57.57,58.06,57.55,403,1779406799.862,LTCUSD_otc
361,2026-05-21 23:40:00,57.56,57.65,57.68,57.41,393,1779407099.829,LTCUSD_otc
361,2026-05-21 23:45:00,57.65,57.64,57.87,57.58,368,1779407399.785,LTCUSD_otc
361,2026-05-21 23:50:00,57.64,57.6,57.7,57.51,394,1779407699.704,LTCUSD_otc
361,2026-05-21 23:55:00,57.63,57.21,57.7,57.21,393,1779407999.605,LTCUSD_otc
361,2026-05-22 00:00:00,57.21,57.31,57.35,57.1,403,1779408299.63,LTCUSD_otc
361,2026-05-22 00:05:00,57.31,57.45,57.45,57.14,421,1779408599.581,LTCUSD_otc
361,2026-05-22 00:10:00,57.46,57.56,57.78,57.45,419,1779408899.503,LTCUSD_otc
361,2026-05-22 00:15:00,57.55,57.58,57.66,57.41,391,1779409199.923,LTCUSD_otc
361,2026-05-22 00:20:00,57.58,57.59,57.9,57.55,416,1779409499.395,LTCUSD_otc
361,2026-05-22 00:25:00,57.59,57.77,57.79,57.56,417,1779409798.761,LTCUSD_otc
361,2026-05-22 00:30:00,57.77,57.52,57.85,57.52,383,1779410099.77,LTCUSD_otc
361,2026-05-22 00:35:00,57.52,57.59,57.75,57.49,400,1779410399.622,LTCUSD_otc
361,2026-05-22 00:40:00,57.59,57.42,57.63,57.3,412,1779410699.593,LTCUSD_otc
361,2026-05-22 00:45:00,57.42,57.45,57.48,57.26,413,1779410999.491,LTCUSD_otc
361,2026-05-22 00:50:00,57.45,57.21,57.46,57.2,398,1779411299.99,LTCUSD_otc
361,2026-05-22 00:55:00,57.21,57.14,57.24,56.84,384,1779411599.332,LTCUSD_otc
361,2026-05-22 01:00:00,57.14,57.09,57.26,57.01,420,1779411899.815,LTCUSD_otc
361,2026-05-22 01:05:00,57.07,56.84,57.11,56.81,418,1779412199.739,LTCUSD_otc
361,2026-05-22 01:10:00,56.84,56.82,56.98,56.76,390,1779412499.702,LTCUSD_otc
361,2026-05-22 01:15:00,56.81,56.66,56.95,56.65,390,1779412799.57,LTCUSD_otc
361,2026-05-22 01:20:00,56.67,56.9,56.95,56.58,410,1779413099.042,LTCUSD_otc
361,2026-05-22 01:25:00,56.9,56.94,56.99,56.83,409,1779413399.924,LTCUSD_otc
361,2026-05-22 01:30:00,56.94,57.24,57.25,56.87,407,1779413698.918,LTCUSD_otc
361,2026-05-22 01:35:00,57.24,57.01,57.29,57.01,383,1779413999.779,LTCUSD_otc
361,2026-05-22 01:40:00,57.01,56.86,57.05,56.77,406,1779414299.78,LTCUSD_otc
361,2026-05-22 01:45:00,56.87,56.97,57.06,56.86,410,1779414599.629,LTCUSD_otc
361,2026-05-22 01:50:00,56.98,57.03,57.2,56.97,416,1779414898.105,LTCUSD_otc
361,2026-05-22 01:55:00,57.03,57.22,57.26,56.98,373,1779415197.993,LTCUSD_otc
361,2026-05-22 02:00:00,57.22,57.14,57.24,57.06,402,1779415499.497,LTCUSD_otc
361,2026-05-22 02:05:00,57.14,57.42,57.46,57.03,404,1779415799.859,LTCUSD_otc
361,2026-05-22 02:10:00,57.4,57.64,57.78,57.39,389,1779416099.823,LTCUSD_otc
361,2026-05-22 02:15:00,57.64,57.53,57.77,57.49,405,1779416399.223,LTCUSD_otc
361,2026-05-22 02:20:00,57.53,57.4,57.57,57.36,400,1779416699.677,LTCUSD_otc
361,2026-05-22 02:25:00,57.4,57.66,57.77,57.36,409,1779416999.539,LTCUSD_otc
361,2026-05-22 02:30:00,57.66,57.54,57.74,57.39,397,1779417299.94,LTCUSD_otc
361,2026-05-22 02:35:00,57.54,57.64,57.68,57.27,400,1779417599.869,LTCUSD_otc
361,2026-05-22 02:40:00,57.64,57.55,57.78,57.53,370,1779417899.719,LTCUSD_otc
361,2026-05-22 02:45:00,57.55,57.3,57.6,57.29,416,1779418199.721,LTCUSD_otc
361,2026-05-22 02:50:00,57.3,57.66,57.76,57.22,398,1779418499.069,LTCUSD_otc
361,2026-05-22 02:55:00,57.66,57.32,57.69,57.18,403,1779418799.56,LTCUSD_otc
361,2026-05-22 03:00:00,57.33,57.37,57.57,57.27,394,1779419099.896,LTCUSD_otc
361,2026-05-22 03:05:00,57.37,57.32,57.49,57.27,405,1779419399.334,LTCUSD_otc
361,2026-05-22 03:10:00,57.32,57.18,57.4,57.17,409,1779419699.72,LTCUSD_otc
361,2026-05-22 03:15:00,57.18,57.35,57.44,57.15,399,1779419999.118,LTCUSD_otc
361,2026-05-22 03:20:00,57.35,57.3,57.44,57.2,387,1779420299.584,LTCUSD_otc
361,2026-05-22 03:25:00,57.3,57.16,57.36,57.08,399,1779420599.994,LTCUSD_otc
361,2026-05-22 03:30:00,57.16,57.1,57.24,57.04,389,1779420899.475,LTCUSD_otc
361,2026-05-22 03:35:00,57.1,57.06,57.25,57.0,396,1779421198.838,LTCUSD_otc
361,2026-05-22 03:40:00,57.06,56.99,57.1,56.92,386,1779421499.329,LTCUSD_otc
361,2026-05-22 03:45:00,56.99,56.91,57.13,56.82,413,1779421799.73,LTCUSD_otc
361,2026-05-22 03:50:00,56.91,56.97,57.0,56.76,412,1779422099.73,LTCUSD_otc
361,2026-05-22 03:55:00,56.97,56.86,57.11,56.8,394,1779422399.59,LTCUSD_otc
361,2026-05-22 04:00:00,56.87,56.68,56.91,56.67,383,1779422699.574,LTCUSD_otc
361,2026-05-22 04:05:00,56.67,56.57,56.87,56.53,405,1779422999.928,LTCUSD_otc
361,2026-05-22 04:10:00,56.57,56.62,56.75,56.53,395,1779423299.852,LTCUSD_otc
361,2026-05-22 04:15:00,56.62,56.43,56.7,56.32,395,1779423599.832,LTCUSD_otc
361,2026-05-22 04:20:00,56.42,56.43,56.65,56.29,403,1779423898.842,LTCUSD_otc
361,2026-05-22 04:25:00,56.43,56.29,56.45,56.14,389,1779424199.767,LTCUSD_otc
361,2026-05-22 04:30:00,56.29,56.19,56.29,55.94,379,1779424499.198,LTCUSD_otc
361,2026-05-22 04:35:00,56.19,56.58,56.6,56.19,401,1779424799.581,LTCUSD_otc
361,2026-05-22 04:40:00,56.58,56.64,56.7,56.38,376,1779425099.976,LTCUSD_otc
361,2026-05-22 04:45:00,56.64,56.49,56.82,56.48,402,1779425399.93,LTCUSD_otc
361,2026-05-22 04:50:00,56.48,56.55,56.8,56.39,398,1779425698.854,LTCUSD_otc
361,2026-05-22 04:55:00,56.55,56.46,56.6,56.37,426,1779425999.796,LTCUSD_otc
361,2026-05-22 05:00:00,56.46,56.57,56.64,56.46,386,1779426299.675,LTCUSD_otc
361,2026-05-22 05:05:00,56.57,56.48,56.65,56.43,385,1779426598.624,LTCUSD_otc
361,2026-05-22 05:10:00,56.48,56.52,56.74,56.44,383,1779426899.535,LTCUSD_otc
361,2026-05-22 05:15:00,56.52,56.6,56.65,56.35,381,1779427199.536,LTCUSD_otc
361,2026-05-22 05:20:00,56.6,56.46,56.7,56.37,398,1779427499.895,LTCUSD_otc
361,2026-05-22 05:25:00,56.46,56.35,56.46,56.27,409,1779427799.917,LTCUSD_otc
361,2026-05-22 05:30:00,56.35,56.32,56.46,56.27,403,1779428099.339,LTCUSD_otc
361,2026-05-22 05:35:00,56.32,56.2,56.39,56.18,425,1779428399.276,LTCUSD_otc
361,2026-05-22 05:40:00,56.2,55.55,56.2,55.55,398,1779428699.652,LTCUSD_otc
361,2026-05-22 05:45:00,55.55,55.66,55.75,55.39,399,1779428999.063,LTCUSD_otc
361,2026-05-22 05:50:00,55.66,55.6,55.73,55.53,408,1779429299.524,LTCUSD_otc
361,2026-05-22 05:55:00,55.6,55.61,55.66,55.48,408,1779429599.879,LTCUSD_otc
361,2026-05-22 06:00:00,55.61,56.04,56.04,55.52,433,1779429899.887,LTCUSD_otc
361,2026-05-22 06:05:00,56.04,56.12,56.14,55.93,407,1779430199.223,LTCUSD_otc
361,2026-05-22 06:10:00,56.12,55.9,56.17,55.8,414,1779430499.098,LTCUSD_otc
361,2026-05-22 06:15:00,55.9,56.1,56.1,55.88,392,1779430799.588,LTCUSD_otc
361,2026-05-22 06:20:00,56.09,56.24,56.27,56.06,402,1779431099.516,LTCUSD_otc
361,2026-05-22 06:25:00,56.24,56.3,56.41,56.17,409,1779431399.473,LTCUSD_otc
361,2026-05-22 06:30:00,56.3,56.12,56.33,56.12,382,1779431699.884,LTCUSD_otc
361,2026-05-22 06:35:00,56.12,56.4,56.42,56.0,385,1779431999.845,LTCUSD_otc
361,2026-05-22 06:40:00,56.4,55.94,56.4,55.91,405,1779432299.721,LTCUSD_otc
361,2026-05-22 06:45:00,55.94,55.85,56.0,55.85,404,1779432599.732,LTCUSD_otc
361,2026-05-22 06:50:00,55.85,55.94,56.0,55.84,429,1779432899.659,LTCUSD_otc
361,2026-05-22 06:55:00,55.94,55.95,56.0,55.82,395,1779433199.68,LTCUSD_otc
361,2026-05-22 07:00:00,55.95,56.33,56.36,55.95,392,1779433499.087,LTCUSD_otc
361,2026-05-22 07:05:00,56.33,56.25,56.51,56.23,374,1779433799.571,LTCUSD_otc
361,2026-05-22 07:10:00,56.25,56.38,56.44,56.25,389,1779434099.458,LTCUSD_otc
361,2026-05-22 07:15:00,56.38,56.24,56.4,56.11,382,1779434399.45,LTCUSD_otc
361,2026-05-22 07:20:00,56.24,56.11,56.35,56.03,402,1779434699.904,LTCUSD_otc
361,2026-05-22 07:25:00,56.11,56.14,56.23,56.03,408,1779434999.801,LTCUSD_otc
361,2026-05-22 07:30:00,56.14,56.1,56.17,55.99,404,1779435299.107,LTCUSD_otc
361,2026-05-22 07:35:00,56.14,56.08,56.22,55.99,412,1779435599.561,LTCUSD_otc
361,2026-05-22 07:40:00,56.08,56.05,56.13,55.83,385,1779435899.007,LTCUSD_otc
361,2026-05-22 07:45:00,56.05,56.03,56.18,55.81,394,1779436199.93,LTCUSD_otc
361,2026-05-22 07:50:00,56.03,56.03,56.14,55.93,402,1779436499.851,LTCUSD_otc
361,2026-05-22 07:55:00,56.03,55.67,56.06,55.65,401,1779436798.776,LTCUSD_otc
361,2026-05-22 08:00:00,55.67,55.74,55.83,55.6,387,1779437099.698,LTCUSD_otc
361,2026-05-22 08:05:00,55.74,55.39,55.75,55.27,403,1779437399.559,LTCUSD_otc
361,2026-05-22 08:10:00,55.37,55.51,55.59,55.26,399,1779437699.968,LTCUSD_otc
361,2026-05-22 08:15:00,55.51,55.31,55.51,55.18,405,1779437999.922,LTCUSD_otc
361,2026-05-22 08:20:00,55.31,55.3,55.44,55.29,381,1779438299.921,LTCUSD_otc
361,2026-05-22 08:25:00,55.3,54.86,55.37,54.86,394,1779438599.795,LTCUSD_otc
361,2026-05-22 08:30:00,54.87,55.04,55.23,54.8,399,1779438899.251,LTCUSD_otc
361,2026-05-22 08:35:00,55.04,54.89,55.13,54.85,381,1779439199.176,LTCUSD_otc
361,2026-05-22 08:40:00,54.89,55.0,55.2,54.85,393,1779439499.569,LTCUSD_otc
361,2026-05-22 08:45:00,55.0,54.53,55.13,54.52,396,1779439799.536,LTCUSD_otc
361,2026-05-22 08:50:00,54.53,54.52,54.66,54.49,394,1779440099.42,LTCUSD_otc
361,2026-05-22 08:55:00,54.52,54.71,54.76,54.31,412,1779440399.894,LTCUSD_otc
361,2026-05-22 09:00:00,54.71,54.54,54.84,54.51,394,1779440699.753,LTCUSD_otc
361,2026-05-22 09:05:00,54.54,54.55,54.73,54.51,393,1779440999.309,LTCUSD_otc
361,2026-05-22 09:10:00,54.53,54.41,54.61,54.38,403,1779441299.673,LTCUSD_otc
361,2026-05-22 09:15:00,54.41,54.85,54.95,54.35,414,1779441599.668,LTCUSD_otc
361,2026-05-22 09:20:00,54.85,54.91,55.05,54.84,409,1779441899.569,LTCUSD_otc
361,2026-05-22 09:25:00,54.92,55.12,55.16,54.89,430,1779442199.57,LTCUSD_otc
361,2026-05-22 09:30:00,55.11,55.18,55.32,55.11,397,1779442499.926,LTCUSD_otc
361,2026-05-22 09:35:00,55.18,55.0,55.18,54.91,391,1779442799.9,LTCUSD_otc
361,2026-05-22 09:40:00,55.0,54.88,55.03,54.8,398,1779443099.287,LTCUSD_otc
361,2026-05-22 09:45:00,54.88,54.8,54.89,54.7,388,1779443399.73,LTCUSD_otc
361,2026-05-22 09:50:00,54.8,55.18,55.21,54.79,395,1779443699.67,LTCUSD_otc
361,2026-05-22 09:55:00,55.18,55.18,55.23,54.99,401,1779443999.682,LTCUSD_otc
361,2026-05-22 10:00:00,55.18,54.72,55.27,54.72,403,1779444299.553,LTCUSD_otc
361,2026-05-22 10:05:00,54.72,54.46,54.82,54.46,415,1779444599.989,LTCUSD_otc
361,2026-05-22 10:10:00,54.46,54.73,54.84,54.43,406,1779444899.966,LTCUSD_otc
361,2026-05-22 10:15:00,54.73,54.7,54.79,54.57,398,1779445198.433,LTCUSD_otc
361,2026-05-22 10:20:00,54.68,54.72,54.8,54.58,407,1779445499.396,LTCUSD_otc
361,2026-05-22 10:25:00,54.71,54.73,54.81,54.62,402,1779445799.88,LTCUSD_otc
361,2026-05-22 10:30:00,54.73,54.56,54.79,54.48,400,1779446099.779,LTCUSD_otc
361,2026-05-22 10:35:00,54.56,54.25,54.56,54.16,400,1779446399.71,LTCUSD_otc
361,2026-05-22 10:40:00,54.26,53.93,54.26,53.9,402,1779446697.68,LTCUSD_otc
361,2026-05-22 10:45:00,53.93,54.1,54.1,53.82,403,1779446999.195,LTCUSD_otc
361,2026-05-22 10:50:00,54.11,54.16,54.2,53.96,388,1779447299.607,LTCUSD_otc
361,2026-05-22 10:55:00,54.15,54.21,54.23,54.05,405,1779447599.598,LTCUSD_otc
361,2026-05-22 11:00:00,54.21,54.45,54.56,54.13,411,1779447899.501,LTCUSD_otc
361,2026-05-22 11:05:00,54.45,54.33,54.49,54.2,396,1779448199.526,LTCUSD_otc
361,2026-05-22 11:10:00,54.33,54.02,54.37,53.9,385,1779448499.893,LTCUSD_otc
361,2026-05-22 11:15:00,54.02,53.88,54.18,53.84,425,1779448799.387,LTCUSD_otc
361,2026-05-22 11:20:00,53.88,54.06,54.07,53.87,405,1779449099.838,LTCUSD_otc
361,2026-05-22 11:25:00,54.06,53.95,54.07,53.8,409,1779449399.834,LTCUSD_otc
361,2026-05-22 11:30:00,53.94,53.62,53.94,53.53,414,1779449699.692,LTCUSD_otc
361,2026-05-22 11:35:00,53.62,53.58,53.78,53.44,395,1779449999.709,LTCUSD_otc
361,2026-05-22 11:40:00,53.58,53.41,53.6,53.32,375,1779450299.121,LTCUSD_otc
361,2026-05-22 11:45:00,53.4,53.77,53.82,53.33,382,1779450599.122,LTCUSD_otc
361,2026-05-22 11:50:00,53.76,53.84,53.9,53.63,391,1779450899.541,LTCUSD_otc
361,2026-05-22 11:55:00,53.84,53.78,54.01,53.74,391,1779451199.043,LTCUSD_otc
361,2026-05-22 12:00:00,53.77,53.86,54.13,53.76,411,1779451499.966,LTCUSD_otc
361,2026-05-22 12:05:00,53.86,54.2,54.26,53.84,407,1779451798.986,LTCUSD_otc
361,2026-05-22 12:10:00,54.19,54.44,54.47,54.19,411,1779452098.873,LTCUSD_otc
361,2026-05-22 12:15:00,54.45,54.28,54.59,54.23,413,1779452399.876,LTCUSD_otc
361,2026-05-22 12:20:00,54.28,54.16,54.29,54.02,402,1779452699.756,LTCUSD_otc
361,2026-05-22 12:25:00,54.16,54.38,54.41,54.06,396,1779452999.758,LTCUSD_otc
361,2026-05-22 12:30:00,54.38,54.43,54.47,54.2,379,1779453299.66,LTCUSD_otc
361,2026-05-22 12:35:00,54.43,54.66,54.96,54.43,399,1779453598.676,LTCUSD_otc
361,2026-05-22 12:40:00,54.66,54.7,54.91,54.64,396,1779453899.585,LTCUSD_otc
361,2026-05-22 12:45:00,54.7,54.65,54.89,54.62,401,1779454199.127,LTCUSD_otc
361,2026-05-22 12:50:00,54.65,54.8,54.81,54.53,425,1779454499.976,LTCUSD_otc
361,2026-05-22 12:55:00,54.8,54.73,54.86,54.7,380,1779454799.974,LTCUSD_otc
361,2026-05-22 13:00:00,54.73,54.96,54.97,54.62,402,1779455099.355,LTCUSD_otc
361,2026-05-22 13:05:00,54.95,55.22,55.33,54.94,391,1779455399.868,LTCUSD_otc
361,2026-05-22 13:10:00,55.22,55.17,55.38,55.11,395,1779455698.777,LTCUSD_otc
361,2026-05-22 13:15:00,55.16,54.83,55.17,54.82,414,1779455999.786,LTCUSD_otc
361,2026-05-22 13:20:00,54.86,54.63,54.86,54.54,406,1779456299.169,LTCUSD_otc
361,2026-05-22 13:25:00,54.62,54.99,55.12,54.59,386,1779456599.659,LTCUSD_otc
361,2026-05-22 13:30:00,54.99,55.12,55.14,54.87,384,1779456896.558,LTCUSD_otc
361,2026-05-22 13:35:00,55.1,55.09,55.12,54.83,402,1779457199.558,LTCUSD_otc
361,2026-05-22 13:40:00,55.09,55.07,55.12,54.95,403,1779457499.502,LTCUSD_otc
361,2026-05-22 13:45:00,55.07,54.96,55.22,54.95,411,1779457799.544,LTCUSD_otc
361,2026-05-22 13:50:00,54.96,54.86,55.03,54.77,405,1779458099.431,LTCUSD_otc
361,2026-05-22 13:55:00,54.85,55.03,55.21,54.73,397,1779458399.408,LTCUSD_otc
361,2026-05-22 14:00:00,55.03,55.2,55.32,55.01,399,1779458699.81,LTCUSD_otc
361,2026-05-22 14:05:00,55.2,55.29,55.41,55.17,411,1779458999.84,LTCUSD_otc
361,2026-05-22 14:10:00,55.29,55.45,55.47,55.15,399,1779459298.224,LTCUSD_otc
361,2026-05-22 14:15:00,55.45,55.47,55.64,55.39,393,1779459599.718,LTCUSD_otc
361,2026-05-22 14:20:00,55.47,55.99,55.99,55.34,413,1779459899.632,LTCUSD_otc
361,2026-05-22 14:25:00,55.99,55.75,56.04,55.72,397,1779460199.597,LTCUSD_otc
361,2026-05-22 14:30:00,55.75,55.77,55.87,55.66,385,1779460499.483,LTCUSD_otc
361,2026-05-22 14:35:00,55.76,55.53,55.78,55.51,392,1779460799.444,LTCUSD_otc
361,2026-05-22 14:40:00,55.53,56.05,56.12,55.51,412,1779461098.864,LTCUSD_otc
361,2026-05-22 14:45:00,56.05,56.01,56.14,55.87,379,1779461399.326,LTCUSD_otc
361,2026-05-22 14:50:00,56.0,55.93,56.14,55.86,420,1779461699.736,LTCUSD_otc
361,2026-05-22 14:55:00,55.93,55.83,56.07,55.73,392,1779461999.681,LTCUSD_otc
361,2026-05-22 15:00:00,55.83,56.2,56.22,55.83,412,1779462299.603,LTCUSD_otc
361,2026-05-22 15:05:00,56.2,55.62,56.2,55.6,400,1779462599.594,LTCUSD_otc
361,2026-05-22 15:10:00,55.62,55.54,55.72,55.52,385,1779462899.513,LTCUSD_otc
361,2026-05-22 15:15:00,55.54,55.47,55.59,55.35,396,1779463199.538,LTCUSD_otc
361,2026-05-22 15:20:00,55.47,55.38,55.69,55.38,396,1779463498.976,LTCUSD_otc
361,2026-05-22 15:25:00,55.37,55.13,55.43,55.0,386,1779463799.962,LTCUSD_otc
361,2026-05-22 15:30:00,55.13,55.17,55.24,55.01,403,1779464099.329,LTCUSD_otc
361,2026-05-22 15:35:00,55.17,55.18,55.21,55.02,410,1779464399.807,LTCUSD_otc
361,2026-05-22 15:40:00,55.18,54.81,55.19,54.8,388,1779464699.273,LTCUSD_otc
361,2026-05-22 15:45:00,54.81,54.65,54.91,54.59,403,1779464999.754,LTCUSD_otc
361,2026-05-22 15:50:00,54.65,54.39,54.69,54.38,417,1779465298.726,LTCUSD_otc
361,2026-05-22 15:55:00,54.37,54.28,54.41,54.16,406,1779465599.647,LTCUSD_otc
361,2026-05-22 16:00:00,54.28,54.16,54.45,54.13,402,1779465899.565,LTCUSD_otc
361,2026-05-22 16:05:00,54.15,54.33,54.41,54.08,395,1779466199.555,LTCUSD_otc
361,2026-05-22 16:10:00,54.34,54.37,54.46,54.28,393,1779466499.935,LTCUSD_otc
361,2026-05-22 16:15:00,54.37,54.38,54.42,54.12,401,1779466799.921,LTCUSD_otc
361,2026-05-22 16:20:00,54.37,54.66,54.66,54.37,385,1779467099.842,LTCUSD_otc
361,2026-05-22 16:25:00,54.67,54.65,54.9,54.56,393,1779467399.302,LTCUSD_otc
361,2026-05-22 16:30:00,54.65,54.74,54.87,54.64,432,1779467699.174,LTCUSD_otc
361,2026-05-22 16:35:00,54.74,54.65,54.8,54.61,388,1779467998.664,LTCUSD_otc
361,2026-05-22 16:40:00,54.65,54.42,54.66,54.28,375,1779468299.108,LTCUSD_otc
361,2026-05-22 16:45:00,54.42,54.34,54.51,54.31,402,1779468599.112,LTCUSD_otc
361,2026-05-22 16:50:00,54.32,54.52,54.52,54.23,378,1779468899.539,LTCUSD_otc
361,2026-05-22 16:55:00,54.52,54.51,54.66,54.38,413,1779469199.51,LTCUSD_otc
361,2026-05-22 17:00:00,54.51,54.57,54.61,54.49,391,1779469499.942,LTCUSD_otc
361,2026-05-22 17:05:00,54.57,54.23,54.57,54.21,408,1779469799.951,LTCUSD_otc
361,2026-05-22 17:10:00,54.23,54.21,54.38,54.05,418,1779470099.826,LTCUSD_otc
361,2026-05-22 17:15:00,54.22,53.69,54.3,53.65,389,1779470399.797,LTCUSD_otc
361,2026-05-22 17:20:00,53.69,53.67,53.85,53.64,396,1779470699.726,LTCUSD_otc
361,2026-05-22 17:25:00,53.67,53.89,53.89,53.57,397,1779470999.188,LTCUSD_otc
361,2026-05-22 17:30:00,53.89,53.94,53.96,53.79,392,1779471299.597,LTCUSD_otc
361,2026-05-22 17:35:00,53.93,54.22,54.22,53.92,375,1779471599.604,LTCUSD_otc
361,2026-05-22 17:40:00,54.23,54.13,54.35,54.03,401,1779471899.985,LTCUSD_otc
361,2026-05-22 17:45:00,54.13,53.94,54.15,53.89,397,1779472199.943,LTCUSD_otc
361,2026-05-22 17:50:00,53.94,53.79,54.07,53.78,378,1779472499.853,LTCUSD_otc
361,2026-05-22 17:55:00,53.79,53.9,53.98,53.76,386,1779472799.839,LTCUSD_otc
361,2026-05-22 18:00:00,53.9,54.07,54.37,53.84,398,1779473099.735,LTCUSD_otc
361,2026-05-22 18:05:00,54.06,53.97,54.06,53.83,397,1779473399.706,LTCUSD_otc
361,2026-05-22 18:10:00,53.97,53.88,54.03,53.82,397,1779473699.614,LTCUSD_otc
361,2026-05-22 18:15:00,53.88,54.24,54.33,53.81,405,1779473999.597,LTCUSD_otc
361,2026-05-22 18:20:00,54.24,54.17,54.38,54.14,428,1779474299.506,LTCUSD_otc
361,2026-05-22 18:25:00,54.14,54.15,54.23,54.03,408,1779474599.921,LTCUSD_otc
361,2026-05-22 18:30:00,54.15,53.99,54.18,53.85,402,1779474899.93,LTCUSD_otc
361,2026-05-22 18:35:00,53.99,53.95,54.02,53.87,394,1779475199.361,LTCUSD_otc
361,2026-05-22 18:40:00,53.94,54.09,54.31,53.94,400,1779475499.799,LTCUSD_otc
361,2026-05-22 18:45:00,54.09,54.11,54.23,54.07,367,1779475799.763,LTCUSD_otc
361,2026-05-22 18:50:00,54.11,53.75,54.16,53.69,374,1779476099.67,LTCUSD_otc
361,2026-05-22 18:55:00,53.76,53.55,53.91,53.51,387,1779476399.571,LTCUSD_otc
361,2026-05-22 19:00:00,53.56,53.64,53.67,53.49,400,1779476699.563,LTCUSD_otc
361,2026-05-22 19:05:00,53.63,53.6,53.88,53.56,393,1779476999.466,LTCUSD_otc
361,2026-05-22 19:10:00,53.6,53.44,53.66,53.35,413,1779477299.966,LTCUSD_otc
361,2026-05-22 19:15:00,53.44,53.4,53.45,53.1,409,1779477599.859,LTCUSD_otc
361,2026-05-22 19:20:00,53.42,53.11,53.48,53.02,411,1779477899.321,LTCUSD_otc
361,2026-05-22 19:25:00,53.11,53.14,53.35,53.07,390,1779478199.171,LTCUSD_otc
361,2026-05-22 19:30:00,53.14,53.17,53.29,53.01,391,1779478499.682,LTCUSD_otc
361,2026-05-22 19:35:00,53.18,53.03,53.2,52.96,389,1779478799.606,LTCUSD_otc
361,2026-05-22 19:40:00,53.02,53.53,53.53,53.0,417,1779479099.599,LTCUSD_otc
361,2026-05-22 19:45:00,53.53,53.19,53.58,53.19,406,1779479399.521,LTCUSD_otc
361,2026-05-22 19:50:00,53.19,53.51,53.61,53.12,398,1779479698.498,LTCUSD_otc
361,2026-05-22 19:55:00,53.51,53.57,53.64,53.4,410,1779479999.837,LTCUSD_otc
361,2026-05-22 20:00:00,53.57,53.21,53.66,53.21,404,1779480299.77,LTCUSD_otc
361,2026-05-22 20:05:00,53.21,53.34,53.39,53.12,399,1779480599.72,LTCUSD_otc
361,2026-05-22 20:10:00,53.34,53.42,53.46,53.18,413,1779480899.631,LTCUSD_otc
361,2026-05-22 20:15:00,53.42,53.45,53.62,53.41,390,1779481199.062,LTCUSD_otc
361,2026-05-22 20:20:00,53.45,53.39,53.65,53.38,391,1779481499.525,LTCUSD_otc
361,2026-05-22 20:25:00,53.4,53.41,53.5,53.38,387,1779481799.411,LTCUSD_otc
361,2026-05-22 20:30:00,53.39,53.48,53.61,53.3,391,1779482099.813,LTCUSD_otc
361,2026-05-22 20:35:00,53.48,53.45,53.61,53.43,379,1779482399.792,LTCUSD_otc
361,2026-05-22 20:40:00,53.45,53.52,53.69,53.34,406,1779482699.689,LTCUSD_otc
361,2026-05-22 20:45:00,53.52,53.57,53.74,53.5,392,1779482999.157,LTCUSD_otc
361,2026-05-22 20:50:00,53.58,53.67,53.71,53.37,420,1779483299.505,LTCUSD_otc
361,2026-05-22 20:55:00,53.67,53.65,53.75,53.62,397,1779483599.524,LTCUSD_otc
361,2026-05-22 21:00:00,53.65,53.95,53.97,53.63,391,1779483899.878,LTCUSD_otc
361,2026-05-22 21:05:00,53.95,53.78,53.95,53.66,409,1779484199.87,LTCUSD_otc
361,2026-05-22 21:10:00,53.78,53.74,53.85,53.64,398,1779484499.788,LTCUSD_otc
361,2026-05-22 21:15:00,53.74,54.18,54.19,53.74,398,1779484799.276,LTCUSD_otc
361,2026-05-22 21:20:00,54.18,54.2,54.29,54.0,389,1779485099.679,LTCUSD_otc
361,2026-05-22 21:25:00,54.2,54.23,54.32,54.08,388,1779485398.642,LTCUSD_otc
361,2026-05-22 21:30:00,54.23,54.62,54.74,54.16,406,1779485699.985,LTCUSD_otc
361,2026-05-22 21:35:00,54.62,54.43,54.68,54.35,385,1779485999.963,LTCUSD_otc
361,2026-05-22 21:40:00,54.43,54.39,54.44,54.26,381,1779486299.329,LTCUSD_otc
361,2026-05-22 21:45:00,54.39,54.19,54.45,54.13,427,1779486599.785,LTCUSD_otc
361,2026-05-22 21:50:00,54.18,54.08,54.22,53.96,377,1779486899.672,LTCUSD_otc
361,2026-05-22 21:55:00,54.08,53.76,54.2,53.74,422,1779487198.535,LTCUSD_otc
361,2026-05-22 22:00:00,53.76,53.68,53.92,53.68,403,1779487499.997,LTCUSD_otc
361,2026-05-22 22:05:00,53.68,53.51,53.87,53.47,390,1779487799.847,LTCUSD_otc
361,2026-05-22 22:10:00,53.51,53.49,53.64,53.35,416,1779488099.815,LTCUSD_otc
361,2026-05-22 22:15:00,53.49,53.34,53.51,53.21,401,1779488399.208,LTCUSD_otc
361,2026-05-22 22:20:00,53.34,53.23,53.39,53.16,407,1779488699.661,LTCUSD_otc
361,2026-05-22 22:25:00,53.22,53.23,53.35,53.1,418,1779488998.054,LTCUSD_otc
361,2026-05-22 22:30:00,53.24,53.08,53.31,53.06,395,1779489299.528,LTCUSD_otc
361,2026-05-22 22:35:00,53.08,53.05,53.13,52.91,410,1779489599.908,LTCUSD_otc
361,2026-05-22 22:40:00,53.05,52.99,53.16,52.82,394,1779489899.375,LTCUSD_otc
361,2026-05-22 22:45:00,52.99,52.86,53.06,52.78,396,1779490199.286,LTCUSD_otc
361,2026-05-22 22:50:00,52.86,52.95,53.06,52.82,390,1779490499.702,LTCUSD_otc
361,2026-05-22 22:55:00,52.95,52.89,52.99,52.76,402,1779490799.117,LTCUSD_otc
361,2026-05-22 23:00:00,52.85,52.71,52.85,52.64,396,1779491099.001,LTCUSD_otc
361,2026-05-22 23:05:00,52.71,52.63,52.83,52.6,411,1779491399.962,LTCUSD_otc
361,2026-05-22 23:10:00,52.63,51.95,52.65,51.94,368,1779491699.823,LTCUSD_otc
361,2026-05-22 23:15:00,51.95,52.0,52.08,51.93,394,1779491999.31,LTCUSD_otc
361,2026-05-22 23:20:00,52.0,52.0,52.09,51.85,407,1779492299.706,LTCUSD_otc
361,2026-05-22 23:25:00,52.0,51.95,52.02,51.77,405,1779492598.672,LTCUSD_otc
361,2026-05-22 23:30:00,51.95,52.17,52.23,51.87,414,1779492899.537,LTCUSD_otc
361,2026-05-22 23:35:00,52.16,52.13,52.29,51.97,424,1779493199.516,LTCUSD_otc
361,2026-05-22 23:40:00,52.13,52.12,52.18,51.88,400,1779493499.936,LTCUSD_otc
361,2026-05-22 23:45:00,52.12,52.05,52.22,51.93,400,1779493799.9,LTCUSD_otc
361,2026-05-22 23:50:00,52.05,51.69,52.13,51.67,411,1779494098.857,LTCUSD_otc
361,2026-05-22 23:55:00,51.69,51.75,51.89,51.65,378,1779494399.824,LTCUSD_otc
361,2026-05-23 00:00:00,51.75,51.8,52.02,51.75,384,1779494699.747,LTCUSD_otc
361,2026-05-23 00:05:00,51.8,51.47,51.83,51.41,411,1779494999.683,LTCUSD_otc
361,2026-05-23 00:10:00,51.47,51.63,51.65,51.4,402,1779495299.56,LTCUSD_otc
361,2026-05-23 00:15:00,51.64,51.35,51.64,51.25,405,1779495599.532,LTCUSD_otc
361,2026-05-23 00:20:00,51.36,51.64,51.64,51.29,405,1779495899.926,LTCUSD_otc
361,2026-05-23 00:25:00,51.64,51.99,52.08,51.62,425,1779496199.904,LTCUSD_otc
361,2026-05-23 00:30:00,51.99,52.04,52.17,51.95,425,1779496499.796,LTCUSD_otc
361,2026-05-23 00:35:00,52.02,51.85,52.03,51.75,400,1779496799.719,LTCUSD_otc
361,2026-05-23 00:40:00,51.84,51.91,51.99,51.79,408,1779497099.622,LTCUSD_otc
361,2026-05-23 00:45:00,51.92,52.07,52.14,51.84,397,1779497399.023,LTCUSD_otc
361,2026-05-23 00:50:00,52.07,52.1,52.25,52.05,403,1779497699.953,LTCUSD_otc
361,2026-05-23 00:55:00,52.11,51.84,52.15,51.68,410,1779497999.819,LTCUSD_otc
361,2026-05-23 01:00:00,51.84,52.14,52.25,51.84,386,1779498298.805,LTCUSD_otc
361,2026-05-23 01:05:00,52.14,52.15,52.2,51.86,404,1779498599.18,LTCUSD_otc
361,2026-05-23 01:10:00,52.16,52.22,52.32,52.15,401,1779498899.671,LTCUSD_otc
361,2026-05-23 01:15:00,52.22,52.21,52.35,52.16,408,1779499199.544,LTCUSD_otc
361,2026-05-23 01:20:00,52.2,52.71,52.72,52.2,394,1779499498.517,LTCUSD_otc
361,2026-05-23 01:25:00,52.72,52.7,52.89,52.6,397,1779499799.879,LTCUSD_otc
361,2026-05-23 01:30:00,52.68,52.44,52.78,52.41,402,1779500099.801,LTCUSD_otc
361,2026-05-23 01:35:00,52.44,52.26,52.46,52.21,387,1779500399.679,LTCUSD_otc
361,2026-05-23 01:40:00,52.26,52.19,52.37,52.16,400,1779500698.583,LTCUSD_otc
361,2026-05-23 01:45:00,52.19,51.99,52.19,51.87,402,1779500999.1,LTCUSD_otc
361,2026-05-23 01:50:00,51.99,52.0,52.02,51.78,404,1779501299.99,LTCUSD_otc
361,2026-05-23 01:55:00,51.99,52.06,52.15,51.92,389,1779501599.941,LTCUSD_otc
361,2026-05-23 02:00:00,52.06,52.19,52.2,51.88,400,1779501899.821,LTCUSD_otc
361,2026-05-23 02:05:00,52.2,52.35,52.5,52.1,401,1779502199.791,LTCUSD_otc
361,2026-05-23 02:10:00,52.35,52.07,52.37,52.03,401,1779502499.641,LTCUSD_otc
361,2026-05-23 02:15:00,52.06,52.01,52.28,51.98,384,1779502799.575,LTCUSD_otc
361,2026-05-23 02:20:00,52.01,52.09,52.3,51.86,401,1779503099.505,LTCUSD_otc
361,2026-05-23 02:25:00,52.09,51.89,52.24,51.77,391,1779503397.952,LTCUSD_otc
361,2026-05-23 02:30:00,51.89,51.97,52.06,51.79,398,1779503699.89,LTCUSD_otc
361,2026-05-23 02:35:00,51.98,51.91,52.05,51.88,408,1779503999.86,LTCUSD_otc
361,2026-05-23 02:40:00,51.91,51.77,51.93,51.66,404,1779504299.711,LTCUSD_otc
361,2026-05-23 02:45:00,51.77,51.76,51.94,51.65,400,1779504599.636,LTCUSD_otc
361,2026-05-23 02:50:00,51.76,51.58,51.85,51.55,378,1779504899.603,LTCUSD_otc
361,2026-05-23 02:55:00,51.58,51.42,51.67,51.4,388,1779505199.556,LTCUSD_otc
361,2026-05-23 03:00:00,51.42,51.49,51.49,51.2,393,1779505499.958,LTCUSD_otc
361,2026-05-23 03:05:00,51.49,51.45,51.61,51.38,401,1779505799.84,LTCUSD_otc
361,2026-05-23 03:10:00,51.45,51.23,51.48,51.19,416,1779506099.288,LTCUSD_otc
361,2026-05-23 03:15:00,51.23,51.61,51.63,51.18,412,1779506398.647,LTCUSD_otc
361,2026-05-23 03:20:00,51.63,51.71,51.78,51.47,412,1779506699.653,LTCUSD_otc
361,2026-05-23 03:25:00,51.71,51.96,52.01,51.67,415,1779506999.516,LTCUSD_otc
361,2026-05-23 03:30:00,51.96,51.95,52.06,51.79,413,1779507299.508,LTCUSD_otc
361,2026-05-23 03:35:00,51.95,52.26,52.29,51.95,405,1779507599.364,LTCUSD_otc
361,2026-05-23 03:40:00,52.25,52.36,52.39,52.11,379,1779507898.197,LTCUSD_otc
361,2026-05-23 03:45:00,52.38,52.6,52.75,52.35,418,1779508199.147,LTCUSD_otc
361,2026-05-23 03:50:00,52.6,52.63,52.76,52.51,413,1779508499.569,LTCUSD_otc
361,2026-05-23 03:55:00,52.63,52.38,52.81,52.36,377,1779508799.535,LTCUSD_otc
361,2026-05-23 04:00:00,52.37,52.22,52.48,52.19,394,1779509099.444,LTCUSD_otc
361,2026-05-23 04:05:00,52.23,52.04,52.33,52.03,409,1779509399.944,LTCUSD_otc
361,2026-05-23 04:10:00,52.04,52.4,52.43,52.01,401,1779509699.806,LTCUSD_otc
361,2026-05-23 04:15:00,52.4,52.43,52.49,52.35,405,1779509999.8,LTCUSD_otc
361,2026-05-23 04:20:00,52.43,52.71,52.8,52.39,384,1779510297.655,LTCUSD_otc
361,2026-05-23 04:25:00,52.7,52.97,53.14,52.7,399,1779510599.137,LTCUSD_otc
361,2026-05-23 04:30:00,52.97,52.85,53.04,52.78,404,1779510899.526,LTCUSD_otc
361,2026-05-23 04:35:00,52.85,53.12,53.13,52.84,404,1779511199.941,LTCUSD_otc
361,2026-05-23 04:40:00,53.13,53.08,53.23,53.07,397,1779511499.87,LTCUSD_otc
361,2026-05-23 04:45:00,53.08,52.92,53.15,52.91,397,1779511799.818,LTCUSD_otc
361,2026-05-23 04:50:00,52.92,52.99,53.14,52.89,390,1779512099.768,LTCUSD_otc
361,2026-05-23 04:55:00,53.0,52.57,53.04,52.49,406,1779512399.719,LTCUSD_otc
361,2026-05-23 05:00:00,52.57,52.58,52.71,52.55,399,1779512699.639,LTCUSD_otc
361,2026-05-23 05:05:00,52.59,52.66,52.79,52.58,393,1779512999.588,LTCUSD_otc
361,2026-05-23 05:10:00,52.67,52.65,52.84,52.51,402,1779513299.969,LTCUSD_otc
361,2026-05-23 05:15:00,52.65,53.22,53.22,52.65,401,1779513598.954,LTCUSD_otc
361,2026-05-23 05:20:00,53.22,53.33,53.33,53.01,396,1779513899.862,LTCUSD_otc
361,2026-05-23 05:25:00,53.33,52.5,53.33,52.5,395,1779514199.311,LTCUSD_otc
361,2026-05-23 05:30:00,52.5,52.59,52.67,52.44,411,1779514499.685,LTCUSD_otc
361,2026-05-23 05:35:00,52.58,52.76,52.81,52.45,410,1779514799.136,LTCUSD_otc
361,2026-05-23 05:40:00,52.75,52.87,52.94,52.68,408,1779515099.515,LTCUSD_otc
361,2026-05-23 05:45:00,52.87,52.81,52.93,52.77,404,1779515399.983,LTCUSD_otc
361,2026-05-23 05:50:00,52.81,52.72,52.87,52.66,403,1779515699.861,LTCUSD_otc
361,2026-05-23 05:55:00,52.72,52.83,52.89,52.69,414,1779515999.747,LTCUSD_otc
361,2026-05-23 06:00:00,52.83,52.2,52.83,52.2,405,1779516299.728,LTCUSD_otc
361,2026-05-23 06:05:00,52.2,52.34,52.36,52.13,410,1779516599.189,LTCUSD_otc
361,2026-05-23 06:10:00,52.34,51.92,52.46,51.91,397,1779516899.614,LTCUSD_otc
361,2026-05-23 06:15:00,51.91,51.85,52.09,51.82,394,1779517199.969,LTCUSD_otc
361,2026-05-23 06:20:00,51.84,52.13,52.32,51.81,404,1779517499.954,LTCUSD_otc
361,2026-05-23 06:25:00,52.13,52.04,52.23,51.97,402,1779517799.82,LTCUSD_otc
361,2026-05-23 06:30:00,52.04,51.72,52.17,51.7,373,1779518099.279,LTCUSD_otc
361,2026-05-23 06:35:00,51.73,51.71,51.74,51.48,381,1779518399.216,LTCUSD_otc
361,2026-05-23 06:40:00,51.71,51.85,51.85,51.58,398,1779518699.679,LTCUSD_otc
361,2026-05-23 06:45:00,51.83,51.94,52.03,51.77,404,1779518999.119,LTCUSD_otc
361,2026-05-23 06:50:00,51.94,52.18,52.19,51.89,382,1779519299.559,LTCUSD_otc
361,2026-05-23 06:55:00,52.17,52.0,52.17,51.92,404,1779519599.506,LTCUSD_otc
361,2026-05-23 07:00:00,52.0,51.55,52.1,51.54,412,1779519899.459,LTCUSD_otc
361,2026-05-23 07:05:00,51.55,51.76,51.8,51.54,393,1779520199.915,LTCUSD_otc
361,2026-05-23 07:10:00,51.77,51.76,51.83,51.57,403,1779520499.405,LTCUSD_otc
361,2026-05-23 07:15:00,51.76,51.56,51.92,51.56,413,1779520799.791,LTCUSD_otc
361,2026-05-23 07:20:00,51.56,51.72,51.74,51.53,393,1779521099.754,LTCUSD_otc
361,2026-05-23 07:25:00,51.73,51.78,51.79,51.5,401,1779521399.727,LTCUSD_otc
361,2026-05-23 07:30:00,51.8,51.8,51.86,51.64,371,1779521699.168,LTCUSD_otc
361,2026-05-23 07:35:00,51.8,52.06,52.14,51.77,394,1779521999.065,LTCUSD_otc
361,2026-05-23 07:40:00,52.04,51.76,52.07,51.76,398,1779522299.528,LTCUSD_otc
361,2026-05-23 07:45:00,51.75,51.91,51.96,51.71,396,1779522598.966,LTCUSD_otc
361,2026-05-23 07:50:00,51.92,52.31,52.31,51.92,409,1779522899.941,LTCUSD_otc
361,2026-05-23 07:55:00,52.31,52.5,52.54,52.19,408,1779523199.813,LTCUSD_otc
361,2026-05-23 08:00:00,52.49,52.58,52.6,52.25,408,1779523499.754,LTCUSD_otc
361,2026-05-23 08:05:00,52.58,52.45,52.61,52.36,395,1779523799.666,LTCUSD_otc
361,2026-05-23 08:10:00,52.45,52.47,52.55,52.34,404,1779524099.105,LTCUSD_otc
361,2026-05-23 08:15:00,52.46,52.49,52.64,52.39,383,1779524399.557,LTCUSD_otc
361,2026-05-23 08:20:00,52.48,52.33,52.49,52.25,377,1779524699.462,LTCUSD_otc
361,2026-05-23 08:25:00,52.33,52.1,52.38,52.06,395,1779524998.424,LTCUSD_otc
361,2026-05-23 08:30:00,52.1,51.9,52.18,51.89,406,1779525298.827,LTCUSD_otc
361,2026-05-23 08:35:00,51.9,51.83,51.93,51.71,393,1779525599.296,LTCUSD_otc
361,2026-05-23 08:40:00,51.83,51.82,51.92,51.75,397,1779525899.65,LTCUSD_otc
361,2026-05-23 08:45:00,51.82,51.49,51.84,51.42,389,1779526199.624,LTCUSD_otc
361,2026-05-23 08:50:00,51.48,51.41,51.58,51.34,399,1779526499.572,LTCUSD_otc
361,2026-05-23 08:55:00,51.4,51.58,51.78,51.39,410,1779526799.527,LTCUSD_otc
361,2026-05-23 09:00:00,51.58,51.64,51.72,51.48,405,1779527099.948,LTCUSD_otc
361,2026-05-23 09:05:00,51.64,51.86,51.97,51.6,384,1779527399.877,LTCUSD_otc
361,2026-05-23 09:10:00,51.86,51.71,51.93,51.69,396,1779527699.291,LTCUSD_otc
361,2026-05-23 09:15:00,51.71,51.44,51.92,51.44,397,1779527999.226,LTCUSD_otc
361,2026-05-23 09:20:00,51.43,51.33,51.58,51.33,382,1779528299.643,LTCUSD_otc
361,2026-05-23 09:25:00,51.33,51.36,51.36,51.15,390,1779528599.525,LTCUSD_otc
361,2026-05-23 09:30:00,51.35,51.21,51.37,51.0,414,1779528899.557,LTCUSD_otc
361,2026-05-23 09:35:00,51.21,51.41,51.44,51.19,397,1779529198.893,LTCUSD_otc
361,2026-05-23 09:40:00,51.41,51.42,51.67,51.35,405,1779529499.899,LTCUSD_otc
361,2026-05-23 09:45:00,51.42,51.08,51.48,51.08,405,1779529799.719,LTCUSD_otc
361,2026-05-23 09:50:00,51.09,51.08,51.1,50.96,406,1779530099.618,LTCUSD_otc
361,2026-05-23 09:55:00,51.07,51.03,51.12,50.85,394,1779530399.587,LTCUSD_otc
361,2026-05-23 10:00:00,51.03,50.99,51.15,50.94,412,1779530698.996,LTCUSD_otc
361,2026-05-23 10:05:00,50.99,51.17,51.29,50.98,389,1779530999.998,LTCUSD_otc
361,2026-05-23 10:10:00,51.17,51.21,51.35,51.05,385,1779531299.844,LTCUSD_otc
361,2026-05-23 10:15:00,51.21,51.16,51.39,51.16,393,1779531599.837,LTCUSD_otc
361,2026-05-23 10:20:00,51.16,51.17,51.21,50.94,406,1779531899.737,LTCUSD_otc
361,2026-05-23 10:25:00,51.18,51.29,51.32,51.13,401,1779532199.22,LTCUSD_otc
361,2026-05-23 10:30:00,51.28,51.45,51.45,51.22,388,1779532499.133,LTCUSD_otc
361,2026-05-23 10:35:00,51.45,51.61,51.65,51.41,386,1779532798.612,LTCUSD_otc
361,2026-05-23 10:40:00,51.61,51.81,51.83,51.59,412,1779533099.496,LTCUSD_otc
361,2026-05-23 10:45:00,51.82,51.79,51.92,51.72,384,1779533399.527,LTCUSD_otc
361,2026-05-23 10:50:00,51.79,51.99,52.07,51.68,412,1779533699.899,LTCUSD_otc
361,2026-05-23 10:55:00,51.99,52.07,52.07,51.75,402,1779533999.892,LTCUSD_otc
361,2026-05-23 11:00:00,52.07,52.4,52.41,52.05,410,1779534299.817,LTCUSD_otc
361,2026-05-23 11:05:00,52.4,52.64,52.69,52.4,403,1779534599.287,LTCUSD_otc
361,2026-05-23 11:10:00,52.64,52.78,52.81,52.62,379,1779534898.688,LTCUSD_otc
361,2026-05-23 11:15:00,52.78,52.81,52.89,52.67,405,1779535199.688,LTCUSD_otc
361,2026-05-23 11:20:00,52.81,52.65,52.87,52.63,423,1779535499.046,LTCUSD_otc
361,2026-05-23 11:25:00,52.65,52.62,52.74,52.57,395,1779535799.53,LTCUSD_otc
361,2026-05-23 11:30:00,52.63,52.87,53.04,52.53,395,1779536099.998,LTCUSD_otc
361,2026-05-23 11:35:00,52.87,52.52,52.87,52.44,395,1779536399.981,LTCUSD_otc
361,2026-05-23 11:40:00,52.52,52.4,52.67,52.4,397,1779536699.87,LTCUSD_otc
361,2026-05-23 11:45:00,52.4,52.28,52.49,52.21,384,1779536999.356,LTCUSD_otc
361,2026-05-23 11:50:00,52.28,52.59,52.68,52.19,405,1779537299.745,LTCUSD_otc
361,2026-05-23 11:55:00,52.59,52.54,52.67,52.42,407,1779537599.659,LTCUSD_otc
361,2026-05-23 12:00:00,52.54,52.64,52.75,52.44,394,1779537899.166,LTCUSD_otc
361,2026-05-23 12:05:00,52.64,52.69,52.79,52.54,407,1779538199.617,LTCUSD_otc
361,2026-05-23 12:10:00,52.69,52.53,52.7,52.51,389,1779538499.523,LTCUSD_otc
361,2026-05-23 12:15:00,52.52,52.67,52.7,52.44,400,1779538799.972,LTCUSD_otc
361,2026-05-23 12:20:00,52.7,52.23,52.7,52.22,422,1779539099.89,LTCUSD_otc
361,2026-05-23 12:25:00,52.22,52.27,52.35,52.12,402,1779539399.863,LTCUSD_otc
361,2026-05-23 12:30:00,52.27,52.17,52.3,52.1,389,1779539699.844,LTCUSD_otc
361,2026-05-23 12:35:00,52.16,52.31,52.44,52.14,393,1779539999.76,LTCUSD_otc
361,2026-05-23 12:40:00,52.31,52.46,52.46,52.19,395,1779540299.688,LTCUSD_otc
361,2026-05-23 12:45:00,52.46,52.72,52.72,52.46,381,1779540598.554,LTCUSD_otc
361,2026-05-23 12:50:00,52.72,52.59,52.76,52.47,370,1779540899.047,LTCUSD_otc
361,2026-05-23 12:55:00,52.59,52.73,52.75,52.57,383,1779541199.454,LTCUSD_otc
361,2026-05-23 13:00:00,52.73,52.86,52.91,52.69,401,1779541499.969,LTCUSD_otc
361,2026-05-23 13:05:00,52.86,52.62,52.92,52.57,398,1779541799.881,LTCUSD_otc
361,2026-05-23 13:10:00,52.62,52.67,52.84,52.55,415,1779542099.356,LTCUSD_otc
361,2026-05-23 13:15:00,52.67,52.84,52.94,52.67,430,1779542399.687,LTCUSD_otc
361,2026-05-23 13:20:00,52.83,52.79,52.91,52.73,403,1779542699.205,LTCUSD_otc
361,2026-05-23 13:25:00,52.79,52.92,52.97,52.64,396,1779542999.59,LTCUSD_otc
361,2026-05-23 13:30:00,52.92,52.88,53.04,52.8,390,1779543299.6,LTCUSD_otc
361,2026-05-23 13:35:00,52.88,52.88,53.05,52.85,406,1779543599.998,LTCUSD_otc
361,2026-05-23 13:40:00,52.88,52.97,52.97,52.8,390,1779543899.969,LTCUSD_otc
361,2026-05-23 13:45:00,52.97,52.67,53.0,52.63,397,1779544199.842,LTCUSD_otc
361,2026-05-23 13:50:00,52.66,52.57,52.71,52.42,390,1779544499.733,LTCUSD_otc
361,2026-05-23 13:55:00,52.58,52.67,52.85,52.5,409,1779544799.666,LTCUSD_otc
361,2026-05-23 14:00:00,52.67,52.31,52.67,52.29,381,1779545098.625,LTCUSD_otc
361,2026-05-23 14:05:00,52.32,52.26,52.37,52.1,406,1779545399.064,LTCUSD_otc
361,2026-05-23 14:10:00,52.26,52.39,52.43,52.13,412,1779545699.979,LTCUSD_otc
361,2026-05-23 14:15:00,52.39,52.64,52.66,52.34,391,1779545999.921,LTCUSD_otc
361,2026-05-23 14:20:00,52.64,52.7,52.83,52.62,419,1779546299.824,LTCUSD_otc
361,2026-05-23 14:25:00,52.73,52.95,53.08,52.67,386,1779546599.793,LTCUSD_otc
361,2026-05-23 14:30:00,52.94,52.94,53.0,52.83,391,1779546899.695,LTCUSD_otc
361,2026-05-23 14:35:00,52.94,52.86,53.05,52.8,404,1779547199.161,LTCUSD_otc
361,2026-05-23 14:40:00,52.86,53.11,53.13,52.75,418,1779547499.048,LTCUSD_otc
361,2026-05-23 14:45:00,53.1,53.37,53.39,53.07,393,1779547799.073,LTCUSD_otc
361,2026-05-23 14:50:00,53.36,52.92,53.39,52.83,387,1779548099.966,LTCUSD_otc
361,2026-05-23 14:55:00,52.92,52.93,53.03,52.78,404,1779548399.978,LTCUSD_otc
361,2026-05-23 15:00:00,52.93,52.67,52.93,52.64,403,1779548699.855,LTCUSD_otc
361,2026-05-23 15:05:00,52.68,52.67,52.83,52.66,408,1779548999.344,LTCUSD_otc
361,2026-05-23 15:10:00,52.67,52.89,53.01,52.53,402,1779549299.743,LTCUSD_otc
361,2026-05-23 15:15:00,52.89,52.86,53.07,52.83,371,1779549599.215,LTCUSD_otc
361,2026-05-23 15:20:00,52.86,52.67,52.86,52.57,409,1779549899.108,LTCUSD_otc
361,2026-05-23 15:25:00,52.67,52.57,52.68,52.37,382,1779550199.61,LTCUSD_otc
361,2026-05-23 15:30:00,52.57,52.38,52.58,52.37,399,1779550499.97,LTCUSD_otc
361,2026-05-23 15:35:00,52.38,52.42,52.59,52.31,412,1779550799.944,LTCUSD_otc
361,2026-05-23 15:40:00,52.42,52.48,52.54,52.3,425,1779551099.858,LTCUSD_otc
361,2026-05-23 15:45:00,52.48,52.45,52.59,52.37,387,1779551399.823,LTCUSD_otc
361,2026-05-23 15:50:00,52.45,52.29,52.49,52.25,400,1779551699.782,LTCUSD_otc
361,2026-05-23 15:55:00,52.29,52.25,52.32,52.02,388,1779551999.711,LTCUSD_otc
361,2026-05-23 16:00:00,52.24,51.75,52.24,51.75,398,1779552299.656,LTCUSD_otc
361,2026-05-23 16:05:00,51.75,51.91,51.95,51.66,400,1779552599.143,LTCUSD_otc
361,2026-05-23 16:10:00,51.91,51.74,51.92,51.68,387,1779552899.591,LTCUSD_otc
361,2026-05-23 16:15:00,51.74,51.59,51.78,51.54,382,1779553199.576,LTCUSD_otc
361,2026-05-23 16:20:00,51.6,51.97,52.1,51.55,387,1779553499.528,LTCUSD_otc
361,2026-05-23 16:25:00,51.96,51.86,52.02,51.79,408,1779553799.991,LTCUSD_otc
361,2026-05-23 16:30:00,51.86,52.12,52.17,51.83,404,1779554099.388,LTCUSD_otc
361,2026-05-23 16:35:00,52.12,51.97,52.22,51.88,404,1779554399.857,LTCUSD_otc
361,2026-05-23 16:40:00,51.97,51.79,51.99,51.78,403,1779554698.754,LTCUSD_otc
361,2026-05-23 16:45:00,51.79,51.9,52.0,51.72,387,1779554999.677,LTCUSD_otc
361,2026-05-23 16:50:00,51.9,51.66,51.9,51.6,390,1779555298.157,LTCUSD_otc
361,2026-05-23 16:55:00,51.67,51.56,51.75,51.53,418,1779555599.58,LTCUSD_otc
361,2026-05-23 17:00:00,51.56,51.78,51.82,51.42,402,1779555898.549,LTCUSD_otc
361,2026-05-23 17:05:00,51.78,51.76,51.79,51.55,419,1779556199.962,LTCUSD_otc
361,2026-05-23 17:10:00,51.75,52.15,52.18,51.71,408,1779556499.486,LTCUSD_otc
361,2026-05-23 17:15:00,52.15,52.33,52.49,52.11,389,1779556799.382,LTCUSD_otc
361,2026-05-23 17:20:00,52.33,52.21,52.53,52.21,393,1779557099.832,LTCUSD_otc
361,2026-05-23 17:25:00,52.21,52.0,52.29,51.98,387,1779557399.759,LTCUSD_otc
361,2026-05-23 17:30:00,52.0,51.89,52.0,51.78,397,1779557699.721,LTCUSD_otc
361,2026-05-23 17:35:00,51.89,52.18,52.26,51.8,375,1779557999.612,LTCUSD_otc
361,2026-05-23 17:40:00,52.18,52.05,52.32,51.98,406,1779558299.587,LTCUSD_otc
361,2026-05-23 17:45:00,52.05,51.79,52.06,51.75,397,1779558599.456,LTCUSD_otc
361,2026-05-23 17:50:00,51.79,51.63,51.79,51.51,371,1779558899.931,LTCUSD_otc
361,2026-05-23 17:55:00,51.63,51.22,51.63,51.2,393,1779559199.861,LTCUSD_otc
361,2026-05-23 18:00:00,51.22,51.41,51.5,51.2,392,1779559499.839,LTCUSD_otc
361,2026-05-23 18:05:00,51.41,51.5,51.5,51.2,374,1779559799.686,LTCUSD_otc
361,2026-05-23 18:10:00,51.5,51.7,51.79,51.5,383,1779560098.629,LTCUSD_otc
361,2026-05-23 18:15:00,51.7,52.14,52.18,51.62,392,1779560398.083,LTCUSD_otc
361,2026-05-23 18:20:00,52.14,52.27,52.42,52.08,411,1779560699.514,LTCUSD_otc
361,2026-05-23 18:25:00,52.27,52.07,52.38,52.03,407,1779560999.976,LTCUSD_otc
361,2026-05-23 18:30:00,52.07,52.1,52.13,51.93,397,1779561299.914,LTCUSD_otc
361,2026-05-23 18:35:00,52.1,51.93,52.11,51.84,413,1779561599.882,LTCUSD_otc
361,2026-05-23 18:40:00,51.92,51.87,51.99,51.77,414,1779561899.336,LTCUSD_otc
361,2026-05-23 18:45:00,51.87,51.92,51.94,51.7,387,1779562199.754,LTCUSD_otc
361,2026-05-23 18:50:00,51.92,52.15,52.18,51.87,404,1779562499.235,LTCUSD_otc
361,2026-05-23 18:55:00,52.15,51.78,52.15,51.76,408,1779562799.719,LTCUSD_otc
361,2026-05-23 19:00:00,51.79,52.0,52.0,51.71,398,1779563098.199,LTCUSD_otc
361,2026-05-23 19:05:00,52.0,52.1,52.16,51.95,403,1779563399.604,LTCUSD_otc
361,2026-05-23 19:10:00,52.1,52.04,52.17,51.87,388,1779563698.11,LTCUSD_otc
361,2026-05-23 19:15:00,52.02,52.12,52.25,51.97,405,1779563999.486,LTCUSD_otc
361,2026-05-23 19:20:00,52.12,51.92,52.13,51.83,392,1779564299.973,LTCUSD_otc
361,2026-05-23 19:25:00,51.92,51.99,52.15,51.9,406,1779564599.358,LTCUSD_otc
361,2026-05-23 19:30:00,51.98,51.74,52.05,51.72,397,1779564899.843,LTCUSD_otc
361,2026-05-23 19:35:00,51.74,51.39,51.8,51.37,398,1779565199.75,LTCUSD_otc
361,2026-05-23 19:40:00,51.39,51.58,51.59,51.28,385,1779565499.667,LTCUSD_otc
361,2026-05-23 19:45:00,51.58,51.79,51.86,51.47,384,1779565799.524,LTCUSD_otc
361,2026-05-23 19:50:00,51.8,52.14,52.18,51.71,398,1779566099.989,LTCUSD_otc
361,2026-05-23 19:55:00,52.13,52.13,52.26,52.0,410,1779566399.406,LTCUSD_otc
361,2026-05-23 20:00:00,52.13,52.15,52.17,51.85,409,1779566699.865,LTCUSD_otc
361,2026-05-23 20:05:00,52.15,51.99,52.2,51.87,416,1779566999.793,LTCUSD_otc
361,2026-05-23 20:10:00,51.99,52.19,52.36,51.95,386,1779567299.764,LTCUSD_otc
361,2026-05-23 20:15:00,52.2,52.17,52.29,51.99,401,1779567599.619,LTCUSD_otc
361,2026-05-23 20:20:00,52.17,52.41,52.41,51.99,377,1779567899.558,LTCUSD_otc
361,2026-05-23 20:25:00,52.41,52.64,52.68,52.38,401,1779568198.479,LTCUSD_otc
361,2026-05-23 20:30:00,52.65,52.26,52.71,52.26,400,1779568499.862,LTCUSD_otc
361,2026-05-23 20:35:00,52.26,52.26,52.33,52.21,397,1779568799.83,LTCUSD_otc
361,2026-05-23 20:40:00,52.26,51.96,52.4,51.95,415,1779569099.265,LTCUSD_otc
361,2026-05-23 20:45:00,51.96,51.84,51.96,51.71,399,1779569399.679,LTCUSD_otc
361,2026-05-23 20:50:00,51.84,52.04,52.06,51.83,382,1779569698.595,LTCUSD_otc
361,2026-05-23 20:55:00,52.04,51.68,52.17,51.67,410,1779569999.561,LTCUSD_otc
361,2026-05-23 21:00:00,51.68,51.94,51.94,51.64,390,1779570299.999,LTCUSD_otc
361,2026-05-23 21:05:00,51.94,52.12,52.21,51.93,398,1779570599.447,LTCUSD_otc
361,2026-05-23 21:10:00,52.12,51.88,52.18,51.87,398,1779570899.823,LTCUSD_otc
361,2026-05-23 21:15:00,51.88,52.0,52.06,51.81,416,1779571199.807,LTCUSD_otc
361,2026-05-23 21:20:00,52.0,51.92,52.17,51.82,402,1779571499.142,LTCUSD_otc
361,2026-05-23 21:25:00,51.93,52.14,52.19,51.91,410,1779571799.67,LTCUSD_otc
361,2026-05-23 21:30:00,52.13,52.25,52.39,52.13,397,1779572099.575,LTCUSD_otc
361,2026-05-23 21:35:00,52.26,52.0,52.31,51.96,401,1779572398.057,LTCUSD_otc
361,2026-05-23 21:40:00,51.99,51.89,52.07,51.86,378,1779572699.952,LTCUSD_otc
361,2026-05-23 21:45:00,51.89,51.69,51.91,51.58,427,1779572998.931,LTCUSD_otc
361,2026-05-23 21:50:00,51.69,51.33,51.71,51.31,388,1779573299.796,LTCUSD_otc
361,2026-05-23 21:55:00,51.33,51.42,51.56,51.3,402,1779573599.747,LTCUSD_otc
361,2026-05-23 22:00:00,51.42,51.39,51.57,51.35,392,1779573899.645,LTCUSD_otc
361,2026-05-23 22:05:00,51.39,51.32,51.42,51.21,408,1779574199.663,LTCUSD_otc
361,2026-05-23 22:10:00,51.32,51.16,51.4,51.16,386,1779574499.521,LTCUSD_otc
361,2026-05-23 22:15:00,51.16,50.8,51.16,50.74,388,1779574799.492,LTCUSD_otc
361,2026-05-23 22:20:00,50.8,50.76,50.92,50.67,388,1779575099.845,LTCUSD_otc
361,2026-05-23 22:25:00,50.75,50.34,50.78,50.26,419,1779575399.226,LTCUSD_otc
361,2026-05-23 22:30:00,50.34,50.25,50.42,50.19,382,1779575699.165,LTCUSD_otc
361,2026-05-23 22:35:00,50.26,49.95,50.31,49.75,385,1779575999.54,LTCUSD_otc
361,2026-05-23 22:40:00,49.95,49.69,50.17,49.69,394,1779576299.052,LTCUSD_otc
361,2026-05-23 22:45:00,49.69,49.77,49.81,49.61,406,1779576599.922,LTCUSD_otc
361,2026-05-23 22:50:00,49.77,49.83,49.86,49.73,377,1779576899.897,LTCUSD_otc
361,2026-05-23 22:55:00,49.81,49.75,49.91,49.64,390,1779577199.769,LTCUSD_otc
361,2026-05-23 23:00:00,49.75,49.84,49.88,49.67,407,1779577499.67,LTCUSD_otc
361,2026-05-23 23:05:00,49.84,49.88,50.0,49.8,394,1779577799.606,LTCUSD_otc
361,2026-05-23 23:10:00,49.88,50.15,50.21,49.81,393,1779578099.993,LTCUSD_otc
361,2026-05-23 23:15:00,50.15,50.36,50.48,50.08,406,1779578399.468,LTCUSD_otc
361,2026-05-23 23:20:00,50.35,50.4,50.56,50.3,393,1779578699.876,LTCUSD_otc
361,2026-05-23 23:25:00,50.4,50.72,50.8,50.39,402,1779578999.827,LTCUSD_otc
361,2026-05-23 23:30:00,50.72,50.58,50.72,50.5,407,1779579298.693,LTCUSD_otc
361,2026-05-23 23:35:00,50.58,50.56,50.67,50.5,390,1779579599.636,LTCUSD_otc
361,2026-05-23 23:40:00,50.56,50.59,50.68,50.52,393,1779579898.534,LTCUSD_otc
361,2026-05-23 23:45:00,50.59,50.64,50.85,50.58,401,1779580198.911,LTCUSD_otc
361,2026-05-23 23:50:00,50.64,50.37,50.69,50.26,409,1779580499.892,LTCUSD_otc
361,2026-05-23 23:55:00,50.37,50.36,50.45,50.23,396,1779580799.798,LTCUSD_otc
361,2026-05-24 00:00:00,50.36,50.41,50.53,50.34,396,1779581099.78,LTCUSD_otc
361,2026-05-24 00:05:00,50.41,50.85,50.86,50.4,404,1779581398.695,LTCUSD_otc
361,2026-05-24 00:10:00,50.86,50.77,50.91,50.76,412,1779581699.16,LTCUSD_otc
361,2026-05-24 00:15:00,50.77,50.86,50.99,50.63,411,1779581999.582,LTCUSD_otc
361,2026-05-24 00:20:00,50.86,51.19,51.29,50.85,392,1779582299.033,LTCUSD_otc
361,2026-05-24 00:25:00,51.19,51.39,51.4,51.11,399,1779582599.893,LTCUSD_otc
361,2026-05-24 00:30:00,51.39,51.17,51.41,51.15,392,1779582899.874,LTCUSD_otc
361,2026-05-24 00:35:00,51.16,51.41,51.46,51.15,402,1779583199.781,LTCUSD_otc
361,2026-05-24 00:40:00,51.41,51.24,51.41,51.15,409,1779583499.762,LTCUSD_otc
361,2026-05-24 00:45:00,51.23,51.32,51.43,51.15,420,1779583799.125,LTCUSD_otc
361,2026-05-24 00:50:00,51.32,51.2,51.43,51.2,403,1779584098.556,LTCUSD_otc
361,2026-05-24 00:55:00,51.2,51.71,51.73,51.2,415,1779584399.957,LTCUSD_otc
361,2026-05-24 01:00:00,51.71,51.64,51.92,51.64,391,1779584699.875,LTCUSD_otc
361,2026-05-24 01:05:00,51.64,51.56,51.7,51.45,396,1779584999.841,LTCUSD_otc
361,2026-05-24 01:10:00,51.56,51.98,51.98,51.56,402,1779585299.278,LTCUSD_otc
361,2026-05-24 01:15:00,51.98,51.81,52.02,51.72,410,1779585599.686,LTCUSD_otc
361,2026-05-24 01:20:00,51.81,52.04,52.07,51.81,395,1779585899.012,LTCUSD_otc
361,2026-05-24 01:25:00,52.04,52.22,52.32,51.96,375,1779586199.959,LTCUSD_otc
361,2026-05-24 01:30:00,52.22,52.29,52.47,52.2,411,1779586499.366,LTCUSD_otc
361,2026-05-24 01:35:00,52.29,52.46,52.54,52.2,376,1779586798.292,LTCUSD_otc
361,2026-05-24 01:40:00,52.46,52.08,52.47,51.96,395,1779587099.702,LTCUSD_otc
361,2026-05-24 01:45:00,52.08,52.04,52.16,51.89,399,1779587399.157,LTCUSD_otc
361,2026-05-24 01:50:00,52.05,52.03,52.16,52.0,397,1779587699.565,LTCUSD_otc
361,2026-05-24 01:55:00,52.02,51.98,52.14,51.88,408,1779587999.51,LTCUSD_otc
361,2026-05-24 02:00:00,51.98,51.99,52.12,51.94,400,1779588299.419,LTCUSD_otc
361,2026-05-24 02:05:00,51.99,51.67,52.0,51.63,383,1779588599.413,LTCUSD_otc
361,2026-05-24 02:10:00,51.66,51.54,51.71,51.52,420,1779588899.819,LTCUSD_otc
361,2026-05-24 02:15:00,51.54,51.52,51.56,51.33,405,1779589199.269,LTCUSD_otc
361,2026-05-24 02:20:00,51.52,51.76,51.76,51.47,397,1779589499.684,LTCUSD_otc
361,2026-05-24 02:25:00,51.76,51.75,51.85,51.62,386,1779589799.114,LTCUSD_otc
361,2026-05-24 02:30:00,51.75,51.76,51.91,51.69,406,1779590099.997,LTCUSD_otc
361,2026-05-24 02:35:00,51.76,51.47,51.84,51.45,401,1779590399.895,LTCUSD_otc
361,2026-05-24 02:40:00,51.47,51.53,51.63,51.4,405,1779590699.868,LTCUSD_otc
361,2026-05-24 02:45:00,51.53,51.42,51.53,51.28,400,1779590999.284,LTCUSD_otc
361,2026-05-24 02:50:00,51.42,51.61,51.71,51.42,410,1779591299.738,LTCUSD_otc
361,2026-05-24 02:55:00,51.6,51.58,51.68,51.3,408,1779591599.082,LTCUSD_otc
361,2026-05-24 03:00:00,51.58,51.57,51.64,51.42,388,1779591899.555,LTCUSD_otc
361,2026-05-24 03:05:00,51.57,51.86,51.88,51.55,404,1779592199.909,LTCUSD_otc
361,2026-05-24 03:10:00,51.86,51.81,51.98,51.76,405,1779592499.842,LTCUSD_otc
361,2026-05-24 03:15:00,51.81,51.8,51.94,51.73,412,1779592798.766,LTCUSD_otc
361,2026-05-24 03:20:00,51.81,52.05,52.18,51.67,405,1779593099.664,LTCUSD_otc
361,2026-05-24 03:25:00,52.05,51.77,52.1,51.75,409,1779593399.602,LTCUSD_otc
361,2026-05-24 03:30:00,51.76,51.72,51.85,51.55,409,1779593698.986,LTCUSD_otc
361,2026-05-24 03:35:00,51.72,51.22,51.73,51.22,393,1779593999.903,LTCUSD_otc
361,2026-05-24 03:40:00,51.22,50.82,51.25,50.81,398,1779594299.785,LTCUSD_otc
361,2026-05-24 03:45:00,50.82,50.64,50.82,50.57,399,1779594599.766,LTCUSD_otc
361,2026-05-24 03:50:00,50.64,50.45,50.7,50.31,379,1779594899.132,LTCUSD_otc
361,2026-05-24 03:55:00,50.45,50.59,50.9,50.43,388,1779595199.649,LTCUSD_otc
361,2026-05-24 04:00:00,50.59,50.59,50.77,50.52,359,1779595497.992,LTCUSD_otc
361,2026-05-24 04:05:00,50.59,50.46,50.64,50.36,402,1779595798.959,LTCUSD_otc
361,2026-05-24 04:10:00,50.46,50.67,50.67,50.43,421,1779596098.81,LTCUSD_otc
361,2026-05-24 04:15:00,50.68,50.93,50.96,50.67,400,1779596399.747,LTCUSD_otc
361,2026-05-24 04:20:00,50.94,50.67,51.04,50.61,406,1779596699.18,LTCUSD_otc
361,2026-05-24 04:25:00,50.67,50.58,50.78,50.47,402,1779596999.135,LTCUSD_otc
361,2026-05-24 04:30:00,50.58,50.91,50.91,50.53,402,1779597299.489,LTCUSD_otc
361,2026-05-24 04:35:00,50.91,50.97,51.06,50.85,414,1779597599.829,LTCUSD_otc
361,2026-05-24 04:40:00,50.97,50.63,50.98,50.59,398,1779597899.79,LTCUSD_otc
361,2026-05-24 04:45:00,50.63,50.54,50.73,50.41,386,1779598199.665,LTCUSD_otc
361,2026-05-24 04:50:00,50.54,50.63,50.71,50.5,392,1779598499.637,LTCUSD_otc
361,2026-05-24 04:55:00,50.62,50.45,50.79,50.39,382,1779598799.503,LTCUSD_otc
361,2026-05-24 05:00:00,50.45,50.06,50.45,50.05,405,1779599099.946,LTCUSD_otc
361,2026-05-24 05:05:00,50.06,49.8,50.16,49.67,387,1779599399.383,LTCUSD_otc
361,2026-05-24 05:10:00,49.8,50.02,50.06,49.79,410,1779599699.807,LTCUSD_otc
361,2026-05-24 05:15:00,50.02,49.95,50.1,49.91,395,1779599999.712,LTCUSD_otc
361,2026-05-24 05:20:00,49.95,49.81,49.95,49.74,386,1779600298.673,LTCUSD_otc
361,2026-05-24 05:25:00,49.82,49.56,49.83,49.45,414,1779600599.621,LTCUSD_otc
361,2026-05-24 05:30:00,49.56,49.37,49.61,49.26,395,1779600899.586,LTCUSD_otc
361,2026-05-24 05:35:00,49.37,49.43,49.58,49.34,413,1779601199.942,LTCUSD_otc
361,2026-05-24 05:40:00,49.43,49.43,49.55,49.31,386,1779601499.845,LTCUSD_otc
361,2026-05-24 05:45:00,49.43,49.55,49.55,49.27,399,1779601799.803,LTCUSD_otc
361,2026-05-24 05:50:00,49.56,49.45,49.62,49.41,405,1779602099.659,LTCUSD_otc
361,2026-05-24 05:55:00,49.46,49.04,49.47,49.0,398,1779602399.615,LTCUSD_otc
361,2026-05-24 06:00:00,49.04,49.19,49.2,48.99,369,1779602699.941,LTCUSD_otc
361,2026-05-24 06:05:00,49.19,49.67,49.85,49.17,419,1779602999.877,LTCUSD_otc
361,2026-05-24 06:10:00,49.67,49.54,49.76,49.52,420,1779603299.764,LTCUSD_otc
361,2026-05-24 06:15:00,49.54,49.83,49.83,49.53,401,1779603599.67,LTCUSD_otc
361,2026-05-24 06:20:00,49.83,49.75,49.91,49.72,399,1779603899.622,LTCUSD_otc
361,2026-05-24 06:25:00,49.75,49.64,49.87,49.57,381,1779604199.568,LTCUSD_otc
361,2026-05-24 06:30:00,49.65,49.7,49.74,49.46,394,1779604499.978,LTCUSD_otc
361,2026-05-24 06:35:00,49.7,49.37,49.72,49.31,405,1779604799.871,LTCUSD_otc
361,2026-05-24 06:40:00,49.37,49.18,49.39,49.15,403,1779605099.32,LTCUSD_otc
361,2026-05-24 06:45:00,49.16,49.4,49.43,49.15,383,1779605397.186,LTCUSD_otc
361,2026-05-24 06:50:00,49.4,49.37,49.65,49.35,400,1779605699.677,LTCUSD_otc
361,2026-05-24 06:55:00,49.37,49.18,49.4,49.18,388,1779605999.053,LTCUSD_otc
361,2026-05-24 07:00:00,49.18,49.2,49.41,49.18,420,1779606299.539,LTCUSD_otc
361,2026-05-24 07:05:00,49.21,49.07,49.26,48.9,407,1779606599.905,LTCUSD_otc
361,2026-05-24 07:10:00,49.07,48.85,49.14,48.75,404,1779606897.818,LTCUSD_otc
361,2026-05-24 07:15:00,48.85,48.7,48.93,48.69,402,1779607199.699,LTCUSD_otc
361,2026-05-24 07:20:00,48.71,48.48,48.8,48.47,388,1779607499.594,LTCUSD_otc
361,2026-05-24 07:25:00,48.48,48.29,48.52,48.2,425,1779607799.546,LTCUSD_otc
361,2026-05-24 07:30:00,48.29,48.01,48.37,47.99,400,1779608099.947,LTCUSD_otc
361,2026-05-24 07:35:00,48.01,48.12,48.3,47.94,404,1779608399.899,LTCUSD_otc
361,2026-05-24 07:40:00,48.12,48.08,48.28,47.96,387,1779608699.219,LTCUSD_otc
361,2026-05-24 07:45:00,48.06,47.79,48.08,47.66,403,1779608999.626,LTCUSD_otc
361,2026-05-24 07:50:00,47.79,47.92,47.98,47.77,401,1779609299.091,LTCUSD_otc
361,2026-05-24 07:55:00,47.92,47.92,48.02,47.82,388,1779609599.559,LTCUSD_otc
361,2026-05-24 08:00:00,47.92,47.7,48.09,47.7,388,1779609899.421,LTCUSD_otc
361,2026-05-24 08:05:00,47.7,47.77,47.87,47.55,404,1779610199.845,LTCUSD_otc
361,2026-05-24 08:10:00,47.77,47.72,47.82,47.59,401,1779610499.744,LTCUSD_otc
361,2026-05-24 08:15:00,47.72,47.75,47.75,47.5,378,1779610799.639,LTCUSD_otc
361,2026-05-24 08:20:00,47.75,47.92,47.99,47.72,378,1779611099.594,LTCUSD_otc
361,2026-05-24 08:25:00,47.91,47.99,48.08,47.75,426,1779611399.506,LTCUSD_otc
361,2026-05-24 08:30:00,48.0,47.95,48.0,47.71,423,1779611699.973,LTCUSD_otc
361,2026-05-24 08:35:00,47.95,47.82,47.97,47.77,384,1779611998.834,LTCUSD_otc
361,2026-05-24 08:40:00,47.81,48.17,48.28,47.81,395,1779612299.82,LTCUSD_otc
361,2026-05-24 08:45:00,48.17,47.98,48.22,47.98,396,1779612599.189,LTCUSD_otc
361,2026-05-24 08:50:00,47.97,48.11,48.22,47.94,421,1779612899.631,LTCUSD_otc
361,2026-05-24 08:55:00,48.11,47.94,48.14,47.79,405,1779613199.594,LTCUSD_otc
361,2026-05-24 09:00:00,47.95,48.18,48.23,47.9,396,1779613499.52,LTCUSD_otc
361,2026-05-24 09:05:00,48.18,48.13,48.37,48.11,395,1779613798.961,LTCUSD_otc
361,2026-05-24 09:10:00,48.13,47.98,48.22,47.96,385,1779614099.343,LTCUSD_otc
361,2026-05-24 09:15:00,47.98,47.92,48.08,47.91,412,1779614399.282,LTCUSD_otc
361,2026-05-24 09:20:00,47.92,47.77,47.94,47.71,410,1779614699.181,LTCUSD_otc
361,2026-05-24 09:25:00,47.77,47.64,47.93,47.61,396,1779614999.667,LTCUSD_otc
361,2026-05-24 09:30:00,47.64,47.48,47.7,47.46,415,1779615299.079,LTCUSD_otc
361,2026-05-24 09:35:00,47.48,47.71,47.75,47.46,403,1779615598.56,LTCUSD_otc
361,2026-05-24 09:40:00,47.71,47.82,47.9,47.5,417,1779615899.886,LTCUSD_otc
361,2026-05-24 09:45:00,47.82,47.66,47.87,47.62,405,1779616199.89,LTCUSD_otc
361,2026-05-24 09:50:00,47.66,47.43,47.88,47.41,391,1779616499.778,LTCUSD_otc
361,2026-05-24 09:55:00,47.43,47.54,47.65,47.38,384,1779616799.262,LTCUSD_otc
361,2026-05-24 10:00:00,47.56,47.42,47.56,47.28,410,1779617099.131,LTCUSD_otc
361,2026-05-24 10:05:00,47.42,47.37,47.62,47.29,402,1779617399.598,LTCUSD_otc
361,2026-05-24 10:10:00,47.37,47.6,47.63,47.32,395,1779617699.462,LTCUSD_otc
361,2026-05-24 10:15:00,47.6,47.49,47.6,47.41,396,1779617999.915,LTCUSD_otc
361,2026-05-24 10:20:00,47.49,47.13,47.55,47.1,392,1779618299.86,LTCUSD_otc
361,2026-05-24 10:25:00,47.13,46.61,47.14,46.58,401,1779618599.283,LTCUSD_otc
361,2026-05-24 10:30:00,46.61,46.5,46.64,46.28,401,1779618899.711,LTCUSD_otc
361,2026-05-24 10:35:00,46.5,46.69,46.86,46.49,394,1779619199.599,LTCUSD_otc
361,2026-05-24 10:40:00,46.69,47.04,47.05,46.69,404,1779619499.559,LTCUSD_otc
361,2026-05-24 10:45:00,47.04,47.25,47.36,47.01,390,1779619799.412,LTCUSD_otc
361,2026-05-24 10:50:00,47.25,47.6,47.61,47.23,408,1779620099.886,LTCUSD_otc
361,2026-05-24 10:55:00,47.59,47.88,47.88,47.57,389,1779620398.807,LTCUSD_otc
361,2026-05-24 11:00:00,47.88,47.7,47.99,47.63,399,1779620699.793,LTCUSD_otc
361,2026-05-24 11:05:00,47.7,47.92,48.03,47.65,407,1779620999.691,LTCUSD_otc
361,2026-05-24 11:10:00,47.92,47.8,48.03,47.79,399,1779621298.645,LTCUSD_otc
361,2026-05-24 11:15:00,47.8,47.71,47.9,47.61,392,1779621599.962,LTCUSD_otc
361,2026-05-24 11:20:00,47.71,47.73,47.87,47.52,401,1779621899.879,LTCUSD_otc
361,2026-05-24 11:25:00,47.73,47.62,47.76,47.5,384,1779622199.817,LTCUSD_otc
361,2026-05-24 11:30:00,47.63,47.65,47.72,47.57,380,1779622499.719,LTCUSD_otc
361,2026-05-24 11:35:00,47.65,47.81,47.86,47.52,401,1779622799.696,LTCUSD_otc
361,2026-05-24 11:40:00,47.81,47.96,48.0,47.8,416,1779623099.636,LTCUSD_otc
361,2026-05-24 11:45:00,47.95,47.88,48.03,47.78,394,1779623399.586,LTCUSD_otc
361,2026-05-24 11:50:00,47.89,47.96,48.13,47.83,408,1779623698.996,LTCUSD_otc
361,2026-05-24 11:55:00,47.97,47.67,48.13,47.62,403,1779623999.921,LTCUSD_otc
361,2026-05-24 12:00:00,47.67,47.59,47.7,47.43,392,1779624298.363,LTCUSD_otc
361,2026-05-24 12:05:00,47.58,47.5,47.69,47.41,370,1779624599.307,LTCUSD_otc
361,2026-05-24 12:10:00,47.51,47.52,47.54,47.36,392,1779624899.148,LTCUSD_otc
361,2026-05-24 12:15:00,47.52,47.44,47.56,47.26,397,1779625199.615,LTCUSD_otc
361,2026-05-24 12:20:00,47.47,47.48,47.72,47.36,408,1779625499.97,LTCUSD_otc
361,2026-05-24 12:25:00,47.48,47.51,47.68,47.46,416,1779625799.924,LTCUSD_otc
361,2026-05-24 12:30:00,47.5,47.67,47.69,47.48,395,1779626099.797,LTCUSD_otc
361,2026-05-24 12:35:00,47.67,47.91,47.93,47.58,403,1779626399.739,LTCUSD_otc
361,2026-05-24 12:40:00,47.91,47.79,47.93,47.51,405,1779626699.683,LTCUSD_otc
361,2026-05-24 12:45:00,47.79,47.9,47.98,47.63,371,1779626999.549,LTCUSD_otc
361,2026-05-24 12:50:00,47.91,48.13,48.29,47.88,406,1779627299.513,LTCUSD_otc
361,2026-05-24 12:55:00,48.13,48.11,48.29,47.98,410,1779627599.851,LTCUSD_otc
361,2026-05-24 13:00:00,48.11,48.28,48.3,48.09,387,1779627899.8,LTCUSD_otc
361,2026-05-24 13:05:00,48.28,48.03,48.33,48.02,401,1779628199.714,LTCUSD_otc
361,2026-05-24 13:10:00,48.03,47.96,48.19,47.96,384,1779628499.566,LTCUSD_otc
361,2026-05-24 13:15:00,47.96,48.14,48.23,47.92,404,1779628799.546,LTCUSD_otc
361,2026-05-24 13:20:00,48.13,48.13,48.3,48.01,395,1779629099.875,LTCUSD_otc
361,2026-05-24 13:25:00,48.13,48.13,48.18,47.82,390,1779629399.775,LTCUSD_otc
361,2026-05-24 13:30:00,48.13,47.96,48.19,47.86,380,1779629699.688,LTCUSD_otc
361,2026-05-24 13:35:00,47.96,47.93,48.0,47.63,414,1779629999.622,LTCUSD_otc
361,2026-05-24 13:40:00,47.92,48.04,48.06,47.8,400,1779630299.052,LTCUSD_otc
361,2026-05-24 13:45:00,48.04,48.33,48.51,48.04,420,1779630599.397,LTCUSD_otc
361,2026-05-24 13:50:00,48.33,48.42,48.52,48.27,407,1779630898.83,LTCUSD_otc
361,2026-05-24 13:55:00,48.42,48.6,48.6,48.34,406,1779631199.772,LTCUSD_otc
361,2026-05-24 14:00:00,48.59,48.7,48.71,48.39,400,1779631499.742,LTCUSD_otc
361,2026-05-24 14:05:00,48.7,48.92,48.96,48.64,375,1779631799.574,LTCUSD_otc
361,2026-05-24 14:10:00,48.92,49.02,49.05,48.89,382,1779632099.515,LTCUSD_otc
361,2026-05-24 14:15:00,49.03,48.8,49.13,48.73,404,1779632399.962,LTCUSD_otc
361,2026-05-24 14:20:00,48.8,49.05,49.06,48.78,389,1779632699.874,LTCUSD_otc
361,2026-05-24 14:25:00,49.05,49.27,49.32,48.99,398,1779632999.842,LTCUSD_otc
361,2026-05-24 14:30:00,49.27,49.24,49.5,49.24,402,1779633299.314,LTCUSD_otc
361,2026-05-24 14:35:00,49.23,48.9,49.26,48.85,391,1779633599.737,LTCUSD_otc
361,2026-05-24 14:40:00,48.9,49.01,49.05,48.75,407,1779633899.665,LTCUSD_otc
361,2026-05-24 14:45:00,49.01,49.17,49.26,49.01,406,1779634199.627,LTCUSD_otc
361,2026-05-24 14:50:00,49.17,49.26,49.36,49.13,394,1779634499.553,LTCUSD_otc
361,2026-05-24 14:55:00,49.26,49.36,49.56,49.26,388,1779634799.993,LTCUSD_otc
361,2026-05-24 15:00:00,49.37,49.47,49.55,49.28,409,1779635099.894,LTCUSD_otc
361,2026-05-24 15:05:00,49.47,49.76,49.78,49.47,401,1779635399.899,LTCUSD_otc
361,2026-05-24 15:10:00,49.77,49.72,49.87,49.65,401,1779635699.316,LTCUSD_otc
361,2026-05-24 15:15:00,49.72,50.01,50.07,49.72,423,1779635999.27,LTCUSD_otc
361,2026-05-24 15:20:00,50.01,49.75,50.05,49.69,410,1779636299.656,LTCUSD_otc
361,2026-05-24 15:25:00,49.75,49.53,49.79,49.38,396,1779636598.144,LTCUSD_otc
361,2026-05-24 15:30:00,49.52,49.32,49.54,49.21,385,1779636899.518,LTCUSD_otc
361,2026-05-24 15:35:00,49.32,49.21,49.38,49.12,408,1779637199.544,LTCUSD_otc
361,2026-05-24 15:40:00,49.22,49.12,49.25,49.04,389,1779637499.903,LTCUSD_otc
361,2026-05-24 15:45:00,49.12,49.21,49.33,49.07,392,1779637799.328,LTCUSD_otc
361,2026-05-24 15:50:00,49.21,49.07,49.31,48.94,393,1779638099.223,LTCUSD_otc
361,2026-05-24 15:55:00,49.07,48.85,49.16,48.84,373,1779638398.665,LTCUSD_otc
361,2026-05-24 16:00:00,48.84,49.19,49.23,48.82,386,1779638698.592,LTCUSD_otc
361,2026-05-24 16:05:00,49.19,49.05,49.26,49.05,392,1779638999.041,LTCUSD_otc
361,2026-05-24 16:10:00,49.04,52.83,52.86,49.04,375,1779639299.962,LTCUSD_otc
361,2026-05-24 16:15:00,52.83,52.83,52.93,52.76,398,1779639599.907,LTCUSD_otc
361,2026-05-24 16:20:00,52.83,52.74,52.95,52.67,386,1779639899.856,LTCUSD_otc
361,2026-05-24 16:25:00,52.74,52.53,52.75,52.5,399,1779640199.781,LTCUSD_otc
361,2026-05-24 16:30:00,52.52,52.47,52.59,52.39,394,1779640499.745,LTCUSD_otc
361,2026-05-24 16:35:00,52.47,52.54,52.78,52.41,401,1779640798.697,LTCUSD_otc
361,2026-05-24 16:40:00,52.54,52.66,52.67,52.34,407,1779641099.586,LTCUSD_otc
361,2026-05-24 16:45:00,52.66,52.49,52.81,52.48,402,1779641398.992,LTCUSD_otc
361,2026-05-24 16:50:00,52.49,52.75,52.76,52.46,397,1779641699.983,LTCUSD_otc
361,2026-05-24 16:55:00,52.75,52.53,52.75,52.44,397,1779641999.902,LTCUSD_otc
361,2026-05-24 17:00:00,52.53,52.35,52.58,52.28,391,1779642299.895,LTCUSD_otc
361,2026-05-24 17:05:00,52.35,52.36,52.44,52.22,415,1779642599.287,LTCUSD_otc
361,2026-05-24 17:10:00,52.36,52.32,52.47,52.27,405,1779642899.242,LTCUSD_otc
361,2026-05-24 17:15:00,52.32,52.09,52.38,52.09,399,1779643199.066,LTCUSD_otc
361,2026-05-24 17:20:00,52.09,52.04,52.28,52.01,409,1779643499.542,LTCUSD_otc
361,2026-05-24 17:25:00,52.04,52.06,52.29,51.97,412,1779643799.963,LTCUSD_otc
361,2026-05-24 17:30:00,52.06,52.35,52.47,52.06,368,1779644099.975,LTCUSD_otc
361,2026-05-24 17:35:00,52.35,52.07,52.37,52.02,402,1779644399.886,LTCUSD_otc
361,2026-05-24 17:40:00,52.07,52.28,52.29,51.95,396,1779644699.862,LTCUSD_otc
361,2026-05-24 17:45:00,52.28,52.34,52.36,52.02,402,1779644999.69,LTCUSD_otc
361,2026-05-24 17:50:00,52.34,52.27,52.37,52.05,402,1779645299.601,LTCUSD_otc
361,2026-05-24 17:55:00,52.27,52.5,52.5,52.14,403,1779645598.596,LTCUSD_otc
361,2026-05-24 18:00:00,52.51,52.84,52.9,52.35,403,1779645899.566,LTCUSD_otc
361,2026-05-24 18:05:00,52.84,52.76,52.85,52.64,404,1779646198.984,LTCUSD_otc
361,2026-05-24 18:10:00,52.76,52.86,52.9,52.7,392,1779646499.889,LTCUSD_otc
361,2026-05-24 18:15:00,52.86,53.04,53.06,52.79,396,1779646799.882,LTCUSD_otc
361,2026-05-24 18:20:00,53.05,52.77,53.07,52.74,417,1779647099.799,LTCUSD_otc
361,2026-05-24 18:25:00,52.77,52.72,52.89,52.62,398,1779647399.733,LTCUSD_otc
361,2026-05-24 18:30:00,52.73,52.55,52.78,52.54,393,1779647699.661,LTCUSD_otc
361,2026-05-24 18:35:00,52.55,52.43,52.56,52.37,408,1779647999.616,LTCUSD_otc
361,2026-05-24 18:40:00,52.43,52.5,52.59,52.39,406,1779648299.979,LTCUSD_otc
361,2026-05-24 18:45:00,52.5,52.89,52.95,52.5,389,1779648599.947,LTCUSD_otc
361,2026-05-24 18:50:00,52.89,53.02,53.03,52.83,425,1779648899.845,LTCUSD_otc
361,2026-05-24 18:55:00,53.03,52.77,53.07,52.73,377,1779649199.797,LTCUSD_otc
361,2026-05-24 19:00:00,52.78,52.5,52.86,52.48,399,1779649499.675,LTCUSD_otc
361,2026-05-24 19:05:00,52.51,52.37,52.68,52.35,401,1779649799.188,LTCUSD_otc
361,2026-05-24 19:10:00,52.38,52.25,52.43,52.23,400,1779650099.078,LTCUSD_otc
361,2026-05-24 19:15:00,52.24,52.33,52.45,52.21,411,1779650398.578,LTCUSD_otc
361,2026-05-24 19:20:00,52.33,52.38,52.52,52.27,397,1779650699.442,LTCUSD_otc
361,2026-05-24 19:25:00,52.38,52.49,52.6,52.37,378,1779650999.44,LTCUSD_otc
361,2026-05-24 19:30:00,52.49,52.13,52.53,52.01,395,1779651295.782,LTCUSD_otc
361,2026-05-24 19:35:00,52.13,52.08,52.25,52.02,393,1779651599.766,LTCUSD_otc
361,2026-05-24 19:40:00,52.08,51.74,52.09,51.7,390,1779651899.66,LTCUSD_otc
361,2026-05-24 19:45:00,51.76,51.95,52.06,51.7,409,1779652199.624,LTCUSD_otc
361,2026-05-24 19:50:00,51.95,51.69,52.01,51.65,381,1779652499.998,LTCUSD_otc
361,2026-05-24 19:55:00,51.68,51.53,51.71,51.47,395,1779652799.931,LTCUSD_otc
361,2026-05-24 20:00:00,51.53,51.08,51.55,51.0,404,1779653099.855,LTCUSD_otc
361,2026-05-24 20:05:00,51.08,51.09,51.44,51.05,383,1779653399.79,LTCUSD_otc
361,2026-05-24 20:10:00,51.09,51.27,51.33,51.01,419,1779653699.218,LTCUSD_otc
361,2026-05-24 20:15:00,51.27,51.23,51.32,51.09,396,1779653998.549,LTCUSD_otc
361,2026-05-24 20:20:00,51.23,51.41,51.42,51.15,404,1779654298.529,LTCUSD_otc
361,2026-05-24 20:25:00,51.41,51.49,51.53,51.29,383,1779654598.842,LTCUSD_otc
361,2026-05-24 20:30:00,51.49,51.27,51.56,51.27,401,1779654899.281,LTCUSD_otc
361,2026-05-24 20:35:00,51.28,51.5,51.53,51.27,390,1779655199.719,LTCUSD_otc
361,2026-05-24 20:40:00,51.5,51.33,51.61,51.32,402,1779655499.645,LTCUSD_otc
361,2026-05-24 20:45:00,51.33,51.15,51.38,51.11,403,1779655799.603,LTCUSD_otc
361,2026-05-24 20:50:00,51.16,51.32,51.39,51.15,395,1779656099.458,LTCUSD_otc
361,2026-05-24 20:55:00,51.32,51.46,51.57,51.19,395,1779656399.958,LTCUSD_otc
361,2026-05-24 21:00:00,51.46,51.2,51.53,51.15,404,1779656699.898,LTCUSD_otc
361,2026-05-24 21:05:00,51.2,51.18,51.23,51.0,406,1779656999.852,LTCUSD_otc
361,2026-05-24 21:10:00,51.18,51.18,51.25,51.05,373,1779657297.753,LTCUSD_otc
361,2026-05-24 21:15:00,51.18,50.98,51.29,50.98,412,1779657598.733,LTCUSD_otc
361,2026-05-24 21:20:00,50.98,51.0,51.11,50.88,403,1779657899.571,LTCUSD_otc
361,2026-05-24 21:25:00,51.0,51.26,51.31,50.9,391,1779658199.098,LTCUSD_otc
361,2026-05-24 21:30:00,51.27,51.5,51.51,51.17,412,1779658499.95,LTCUSD_otc
361,2026-05-24 21:35:00,51.5,51.06,51.53,51.05,396,1779658799.394,LTCUSD_otc
361,2026-05-24 21:40:00,51.06,51.07,51.11,50.95,380,1779659099.797,LTCUSD_otc
361,2026-05-24 21:45:00,51.07,51.12,51.2,50.97,413,1779659399.705,LTCUSD_otc
361,2026-05-24 21:50:00,51.12,50.93,51.28,50.92,408,1779659699.599,LTCUSD_otc
361,2026-05-24 21:55:00,50.93,50.84,50.95,50.76,391,1779659999.979,LTCUSD_otc
361,2026-05-24 22:00:00,50.84,50.56,50.88,50.55,410,1779660299.965,LTCUSD_otc
361,2026-05-24 22:05:00,50.56,50.45,50.66,50.39,401,1779660599.909,LTCUSD_otc
361,2026-05-24 22:10:00,50.45,50.69,50.9,50.44,384,1779660899.86,LTCUSD_otc
361,2026-05-24 22:15:00,50.69,50.73,50.85,50.58,421,1779661199.747,LTCUSD_otc
361,2026-05-24 22:20:00,50.76,50.62,50.76,50.53,401,1779661497.708,LTCUSD_otc
361,2026-05-24 22:25:00,50.62,50.49,50.77,50.49,401,1779661799.044,LTCUSD_otc
361,2026-05-24 22:30:00,50.5,49.91,50.56,49.91,386,1779662099.507,LTCUSD_otc
361,2026-05-24 22:35:00,49.91,50.25,50.26,49.89,420,1779662399.924,LTCUSD_otc
361,2026-05-24 22:40:00,50.25,50.02,50.28,49.94,380,1779662699.883,LTCUSD_otc
361,2026-05-24 22:45:00,50.02,50.0,50.17,49.97,409,1779662999.763,LTCUSD_otc
361,2026-05-24 22:50:00,49.99,49.93,50.11,49.9,426,1779663299.223,LTCUSD_otc
361,2026-05-24 22:55:00,49.93,49.82,50.02,49.67,413,1779663599.061,LTCUSD_otc
361,2026-05-24 23:00:00,49.82,49.74,49.83,49.61,380,1779663898.509,LTCUSD_otc
361,2026-05-24 23:05:00,49.74,49.46,49.75,49.4,415,1779664199.873,LTCUSD_otc
361,2026-05-24 23:10:00,49.46,49.37,49.48,49.19,416,1779664499.756,LTCUSD_otc
361,2026-05-24 23:15:00,49.37,49.02,49.39,48.96,395,1779664799.717,LTCUSD_otc
361,2026-05-24 23:20:00,49.02,49.31,49.5,48.98,408,1779665099.621,LTCUSD_otc
361,2026-05-24 23:25:00,49.3,49.12,49.43,49.12,408,1779665398.596,LTCUSD_otc
361,2026-05-24 23:30:00,49.12,48.93,49.3,48.93,390,1779665698.958,LTCUSD_otc
361,2026-05-24 23:35:00,48.93,48.81,49.1,48.81,404,1779665999.921,LTCUSD_otc
361,2026-05-24 23:40:00,48.8,48.7,48.84,48.54,389,1779666299.347,LTCUSD_otc
361,2026-05-24 23:45:00,48.7,48.48,48.86,48.48,383,1779666598.321,LTCUSD_otc
361,2026-05-24 23:50:00,48.48,48.77,48.8,48.39,402,1779666899.682,LTCUSD_otc
361,2026-05-24 23:55:00,48.77,48.86,48.89,48.62,388,1779667199.64,LTCUSD_otc
361,2026-05-25 00:00:00,48.87,48.76,48.9,48.57,422,1779667499.51,LTCUSD_otc
361,2026-05-25 00:05:00,48.76,48.6,48.77,48.45,390,1779667799.473,LTCUSD_otc
361,2026-05-25 00:10:00,48.6,48.42,48.63,48.34,401,1779668099.836,LTCUSD_otc
361,2026-05-25 00:15:00,48.42,48.34,48.48,48.18,386,1779668399.757,LTCUSD_otc
361,2026-05-25 00:20:00,48.34,48.34,48.42,48.19,379,1779668699.122,LTCUSD_otc
361,2026-05-25 00:25:00,48.33,48.12,48.33,48.03,406,1779668999.516,LTCUSD_otc
361,2026-05-25 00:30:00,48.12,48.03,48.28,47.96,391,1779669299.459,LTCUSD_otc
361,2026-05-25 00:35:00,48.03,47.98,48.07,47.88,414,1779669599.828,LTCUSD_otc
361,2026-05-25 00:40:00,47.98,47.99,48.09,47.87,409,1779669899.769,LTCUSD_otc
361,2026-05-25 00:45:00,47.99,48.23,48.23,47.92,413,1779670199.663,LTCUSD_otc
361,2026-05-25 00:50:00,48.23,48.4,48.46,48.22,404,1779670499.636,LTCUSD_otc
361,2026-05-25 00:55:00,48.4,48.51,48.54,48.36,396,1779670799.027,LTCUSD_otc
361,2026-05-25 01:00:00,48.51,48.58,48.66,48.49,417,1779671099.958,LTCUSD_otc
361,2026-05-25 01:05:00,48.58,48.52,48.77,48.51,398,1779671398.831,LTCUSD_otc
361,2026-05-25 01:10:00,48.52,48.31,48.63,48.31,385,1779671699.261,LTCUSD_otc
361,2026-05-25 01:15:00,48.31,48.09,48.34,48.08,383,1779671999.223,LTCUSD_otc
361,2026-05-25 01:20:00,48.1,48.23,48.3,48.09,397,1779672299.651,LTCUSD_otc
361,2026-05-25 01:25:00,48.23,48.38,48.48,48.13,409,1779672599.571,LTCUSD_otc
361,2026-05-25 01:30:00,48.38,48.56,48.76,48.33,400,1779672899.442,LTCUSD_otc
361,2026-05-25 01:35:00,48.56,48.8,48.87,48.48,386,1779673199.415,LTCUSD_otc
361,2026-05-25 01:40:00,48.81,48.76,48.91,48.64,417,1779673499.765,LTCUSD_otc
361,2026-05-25 01:45:00,48.76,48.71,48.84,48.61,424,1779673798.728,LTCUSD_otc
361,2026-05-25 01:50:00,48.71,48.85,48.93,48.59,393,1779674099.556,LTCUSD_otc
361,2026-05-25 01:55:00,48.85,48.8,48.92,48.75,414,1779674399.988,LTCUSD_otc
361,2026-05-25 02:00:00,48.8,48.85,48.91,48.71,379,1779674699.906,LTCUSD_otc
361,2026-05-25 02:05:00,48.85,48.84,49.1,48.81,385,1779674999.803,LTCUSD_otc
361,2026-05-25 02:10:00,48.84,48.89,48.99,48.71,406,1779675299.242,LTCUSD_otc
361,2026-05-25 02:15:00,48.89,48.95,48.95,48.76,383,1779675599.64,LTCUSD_otc
361,2026-05-25 02:20:00,48.96,49.46,49.47,48.92,394,1779675899.128,LTCUSD_otc
361,2026-05-25 02:25:00,49.46,49.49,49.55,49.39,392,1779676199.524,LTCUSD_otc
361,2026-05-25 02:30:00,49.49,49.68,49.69,49.4,392,1779676499.993,LTCUSD_otc
361,2026-05-25 02:35:00,49.68,49.82,49.88,49.67,404,1779676799.816,LTCUSD_otc
361,2026-05-25 02:40:00,49.81,49.84,49.88,49.69,415,1779677098.232,LTCUSD_otc
361,2026-05-25 02:45:00,49.84,50.21,50.21,49.76,383,1779677399.682,LTCUSD_otc
361,2026-05-25 02:50:00,50.21,50.0,50.22,49.95,387,1779677697.588,LTCUSD_otc
361,2026-05-25 02:55:00,49.99,49.9,50.03,49.85,388,1779677999.5,LTCUSD_otc
361,2026-05-25 03:00:00,49.9,49.96,50.14,49.83,421,1779678299.954,LTCUSD_otc
361,2026-05-25 03:05:00,49.96,50.07,50.07,49.76,387,1779678599.368,LTCUSD_otc
361,2026-05-25 03:10:00,50.07,49.86,50.07,49.77,383,1779678898.796,LTCUSD_otc
361,2026-05-25 03:15:00,49.86,49.94,50.03,49.67,415,1779679199.711,LTCUSD_otc
361,2026-05-25 03:20:00,49.94,50.02,50.16,49.92,393,1779679499.656,LTCUSD_otc
361,2026-05-25 03:25:00,50.02,50.2,50.46,50.02,396,1779679798.553,LTCUSD_otc
361,2026-05-25 03:30:00,50.2,49.97,50.2,49.95,407,1779680099.505,LTCUSD_otc
361,2026-05-25 03:35:00,49.96,49.93,50.02,49.79,392,1779680399.957,LTCUSD_otc
361,2026-05-25 03:40:00,49.93,49.59,50.0,49.56,399,1779680699.875,LTCUSD_otc
361,2026-05-25 03:45:00,49.59,49.93,49.96,49.58,394,1779680999.252,LTCUSD_otc
361,2026-05-25 03:50:00,49.93,49.84,50.07,49.81,397,1779681299.604,LTCUSD_otc
361,2026-05-25 03:55:00,49.84,49.89,50.0,49.8,379,1779681599.108,LTCUSD_otc
361,2026-05-25 04:00:00,49.89,49.78,49.95,49.57,404,1779681899.962,LTCUSD_otc
361,2026-05-25 04:05:00,49.78,49.54,49.83,49.46,408,1779682199.882,LTCUSD_otc
361,2026-05-25 04:10:00,49.54,49.42,49.63,49.35,392,1779682498.741,LTCUSD_otc
361,2026-05-25 04:15:00,49.42,49.57,49.66,49.41,422,1779682799.072,LTCUSD_otc
361,2026-05-25 04:20:00,49.58,49.49,49.63,49.43,379,1779683099.557,LTCUSD_otc
361,2026-05-25 04:25:00,49.49,49.88,49.88,49.46,418,1779683399.917,LTCUSD_otc
361,2026-05-25 04:30:00,49.88,50.09,50.17,49.83,403,1779683699.413,LTCUSD_otc
361,2026-05-25 04:35:00,50.09,50.21,50.24,50.01,396,1779683999.792,LTCUSD_otc
361,2026-05-25 04:40:00,50.22,50.2,50.47,50.2,380,1779684299.728,LTCUSD_otc
361,2026-05-25 04:45:00,50.2,50.18,50.34,50.11,393,1779684599.103,LTCUSD_otc
361,2026-05-25 04:50:00,50.18,50.28,50.45,50.17,407,1779684899.989,LTCUSD_otc
361,2026-05-25 04:55:00,50.28,50.47,50.54,50.19,401,1779685199.98,LTCUSD_otc
361,2026-05-25 05:00:00,50.47,50.45,50.52,50.24,409,1779685499.437,LTCUSD_otc
361,2026-05-25 05:05:00,50.44,50.34,50.46,50.26,406,1779685799.833,LTCUSD_otc
361,2026-05-25 05:10:00,50.34,50.09,50.45,50.05,407,1779686099.206,LTCUSD_otc
361,2026-05-25 05:15:00,50.09,49.93,50.16,49.9,411,1779686399.72,LTCUSD_otc
361,2026-05-25 05:20:00,49.93,50.14,50.14,49.85,393,1779686699.592,LTCUSD_otc
361,2026-05-25 05:25:00,50.14,50.14,50.41,50.11,401,1779686998.599,LTCUSD_otc
361,2026-05-25 05:30:00,50.14,50.38,50.53,50.13,385,1779687299.975,LTCUSD_otc
361,2026-05-25 05:35:00,50.38,50.14,50.43,49.9,386,1779687599.964,LTCUSD_otc
361,2026-05-25 05:40:00,50.14,50.21,50.36,50.09,397,1779687899.839,LTCUSD_otc
361,2026-05-25 05:45:00,50.21,50.2,50.37,50.08,404,1779688199.852,LTCUSD_otc
361,2026-05-25 05:50:00,50.2,50.33,50.42,50.14,398,1779688499.717,LTCUSD_otc
361,2026-05-25 05:55:00,50.33,50.25,50.42,50.04,409,1779688799.698,LTCUSD_otc
361,2026-05-25 06:00:00,50.25,50.14,50.4,50.13,414,1779689099.612,LTCUSD_otc
361,2026-05-25 06:05:00,50.14,50.06,50.34,50.03,394,1779689399.114,LTCUSD_otc
361,2026-05-25 06:10:00,50.06,50.24,50.35,50.06,400,1779689699.541,LTCUSD_otc
361,2026-05-25 06:15:00,50.24,50.65,50.66,50.2,402,1779689998.54,LTCUSD_otc
361,2026-05-25 06:20:00,50.65,50.68,50.9,50.55,409,1779690299.461,LTCUSD_otc
361,2026-05-25 06:25:00,50.68,50.36,50.68,50.25,406,1779690599.951,LTCUSD_otc
361,2026-05-25 06:30:00,50.36,50.69,50.79,50.32,420,1779690899.311,LTCUSD_otc
361,2026-05-25 06:35:00,50.69,50.23,50.72,50.23,425,1779691199.303,LTCUSD_otc
361,2026-05-25 06:40:00,50.23,50.07,50.28,49.97,402,1779691499.742,LTCUSD_otc
361,2026-05-25 06:45:00,50.07,50.07,50.18,49.81,382,1779691799.699,LTCUSD_otc
361,2026-05-25 06:50:00,50.07,50.34,50.39,50.07,393,1779692099.595,LTCUSD_otc
361,2026-05-25 06:55:00,50.34,50.07,50.44,50.07,399,1779692399.554,LTCUSD_otc
361,2026-05-25 07:00:00,50.07,50.31,50.41,50.06,429,1779692699.979,LTCUSD_otc
361,2026-05-25 07:05:00,50.31,50.64,50.67,50.3,398,1779692999.445,LTCUSD_otc
361,2026-05-25 07:10:00,50.63,51.12,51.13,50.61,402,1779693299.832,LTCUSD_otc
361,2026-05-25 07:15:00,51.13,50.96,51.16,50.94,410,1779693599.85,LTCUSD_otc
361,2026-05-25 07:20:00,50.96,50.97,51.22,50.95,427,1779693899.198,LTCUSD_otc
361,2026-05-25 07:25:00,50.97,51.25,51.37,50.96,407,1779694199.661,LTCUSD_otc
361,2026-05-25 07:30:00,51.25,51.28,51.37,51.21,401,1779694499.623,LTCUSD_otc
361,2026-05-25 07:35:00,51.28,51.19,51.34,51.17,389,1779694799.601,LTCUSD_otc
361,2026-05-25 07:40:00,51.19,51.0,51.3,51.0,419,1779695099.986,LTCUSD_otc
361,2026-05-25 07:45:00,51.01,51.1,51.15,50.88,402,1779695399.968,LTCUSD_otc
361,2026-05-25 07:50:00,51.11,51.24,51.28,51.02,389,1779695699.333,LTCUSD_otc
361,2026-05-25 07:55:00,51.24,51.05,51.24,50.94,402,1779695999.769,LTCUSD_otc
361,2026-05-25 08:00:00,51.06,51.09,51.12,50.89,397,1779696297.198,LTCUSD_otc
361,2026-05-25 08:05:00,51.08,51.19,51.25,51.01,417,1779696599.668,LTCUSD_otc
361,2026-05-25 08:10:00,51.19,51.43,51.47,51.19,390,1779696899.577,LTCUSD_otc
361,2026-05-25 08:15:00,51.43,51.74,51.75,51.34,406,1779697199.428,LTCUSD_otc
361,2026-05-25 08:20:00,51.74,51.79,51.79,51.47,375,1779697499.943,LTCUSD_otc
361,2026-05-25 08:25:00,51.79,51.77,51.94,51.76,401,1779697799.329,LTCUSD_otc
361,2026-05-25 08:30:00,51.77,51.77,52.05,51.76,400,1779698099.804,LTCUSD_otc
361,2026-05-25 08:35:00,51.77,51.87,51.94,51.7,399,1779698399.648,LTCUSD_otc
361,2026-05-25 08:40:00,51.87,51.48,51.87,51.43,396,1779698698.107,LTCUSD_otc
361,2026-05-25 08:45:00,51.48,51.26,51.52,51.26,417,1779698999.963,LTCUSD_otc
361,2026-05-25 08:50:00,51.26,51.53,51.53,51.15,394,1779699299.916,LTCUSD_otc
361,2026-05-25 08:55:00,51.53,51.16,51.64,51.12,417,1779699599.383,LTCUSD_otc
361,2026-05-25 09:00:00,51.16,51.25,51.27,51.07,384,1779699898.823,LTCUSD_otc
361,2026-05-25 09:05:00,51.25,51.02,51.25,50.95,376,1779700199.804,LTCUSD_otc
361,2026-05-25 09:10:00,51.02,51.27,51.32,50.96,418,1779700499.238,LTCUSD_otc
361,2026-05-25 09:15:00,51.27,51.22,51.51,51.21,384,1779700799.632,LTCUSD_otc
361,2026-05-25 09:20:00,51.22,51.39,51.44,51.15,388,1779701099.51,LTCUSD_otc
361,2026-05-25 09:25:00,51.39,50.86,51.39,50.84,416,1779701399.966,LTCUSD_otc
361,2026-05-25 09:30:00,50.86,50.96,51.08,50.79,402,1779701699.453,LTCUSD_otc
361,2026-05-25 09:35:00,50.94,50.78,50.94,50.66,429,1779701999.443,LTCUSD_otc
361,2026-05-25 09:40:00,50.78,50.65,50.82,50.59,382,1779702299.804,LTCUSD_otc
361,2026-05-25 09:45:00,50.65,50.82,50.84,50.61,426,1779702599.796,LTCUSD_otc
361,2026-05-25 09:50:00,50.82,50.77,50.93,50.67,408,1779702899.693,LTCUSD_otc
361,2026-05-25 09:55:00,50.77,50.37,50.79,50.36,399,1779703198.193,LTCUSD_otc
361,2026-05-25 10:00:00,50.37,50.69,50.78,50.32,396,1779703499.603,LTCUSD_otc
361,2026-05-25 10:05:00,50.69,50.35,50.73,50.28,406,1779703799.583,LTCUSD_otc
361,2026-05-25 10:10:00,50.34,50.37,50.41,50.21,380,1779704099.947,LTCUSD_otc
361,2026-05-25 10:15:00,50.37,50.21,50.44,50.03,383,1779704399.899,LTCUSD_otc
361,2026-05-25 10:20:00,50.21,50.36,50.4,50.1,395,1779704699.836,LTCUSD_otc
361,2026-05-25 10:25:00,50.37,50.3,50.42,50.18,413,1779704999.307,LTCUSD_otc
361,2026-05-25 10:30:00,50.3,50.29,50.6,50.28,398,1779705299.277,LTCUSD_otc
361,2026-05-25 10:35:00,50.29,50.68,50.75,50.24,401,1779705599.742,LTCUSD_otc
361,2026-05-25 10:40:00,50.68,50.74,50.85,50.62,383,1779705899.652,LTCUSD_otc
361,2026-05-25 10:45:00,50.74,50.41,50.74,50.41,409,1779706199.609,LTCUSD_otc
361,2026-05-25 10:50:00,50.43,50.57,50.63,50.13,412,1779706499.443,LTCUSD_otc
361,2026-05-25 10:55:00,50.57,50.61,50.66,50.4,400,1779706799.974,LTCUSD_otc
361,2026-05-25 11:00:00,50.61,50.72,50.96,50.6,399,1779707099.368,LTCUSD_otc
361,2026-05-25 11:05:00,50.73,50.69,50.84,50.55,387,1779707399.839,LTCUSD_otc
361,2026-05-25 11:10:00,50.69,50.73,50.86,50.69,389,1779707698.697,LTCUSD_otc
361,2026-05-25 11:15:00,50.73,50.82,51.03,50.7,424,1779707999.689,LTCUSD_otc
361,2026-05-25 11:20:00,50.83,50.8,50.86,50.53,408,1779708299.028,LTCUSD_otc
361,2026-05-25 11:25:00,50.79,50.83,50.87,50.66,399,1779708599.918,LTCUSD_otc
361,2026-05-25 11:30:00,50.83,50.86,51.0,50.79,400,1779708899.896,LTCUSD_otc
361,2026-05-25 11:35:00,50.86,50.91,50.97,50.76,387,1779709199.312,LTCUSD_otc
361,2026-05-25 11:40:00,50.91,50.98,51.07,50.82,389,1779709499.788,LTCUSD_otc
361,2026-05-25 11:45:00,50.99,51.21,51.21,50.94,388,1779709799.674,LTCUSD_otc
361,2026-05-25 11:50:00,51.21,51.43,51.44,51.18,396,1779710099.674,LTCUSD_otc
361,2026-05-25 11:55:00,51.43,51.26,51.55,51.19,410,1779710399.531,LTCUSD_otc
361,2026-05-25 12:00:00,51.26,51.61,51.63,51.25,385,1779710699.046,LTCUSD_otc
361,2026-05-25 12:05:00,51.61,51.57,51.77,51.54,392,1779710999.926,LTCUSD_otc
361,2026-05-25 12:10:00,51.57,51.57,51.66,51.43,404,1779711299.898,LTCUSD_otc
361,2026-05-25 12:15:00,51.57,51.63,51.76,51.45,387,1779711599.786,LTCUSD_otc
361,2026-05-25 12:20:00,51.62,51.77,51.92,51.58,418,1779711899.713,LTCUSD_otc
361,2026-05-25 12:25:00,51.77,51.62,51.84,51.58,387,1779712199.657,LTCUSD_otc
361,2026-05-25 12:30:00,51.63,51.58,51.75,51.5,401,1779712497.57,LTCUSD_otc
361,2026-05-25 12:35:00,51.58,51.25,51.6,51.13,397,1779712799.538,LTCUSD_otc
361,2026-05-25 12:40:00,51.25,51.42,51.43,51.17,412,1779713099.911,LTCUSD_otc
361,2026-05-25 12:45:00,51.42,51.7,51.79,51.42,390,1779713398.913,LTCUSD_otc
361,2026-05-25 12:50:00,51.7,52.09,52.12,51.7,397,1779713699.272,LTCUSD_otc
361,2026-05-25 12:55:00,52.09,52.25,52.25,51.87,400,1779713999.77,LTCUSD_otc
361,2026-05-25 13:00:00,52.25,52.25,52.49,52.21,415,1779714299.155,LTCUSD_otc
361,2026-05-25 13:05:00,52.26,52.42,52.49,52.19,420,1779714599.642,LTCUSD_otc
361,2026-05-25 13:10:00,52.41,52.34,52.49,52.21,410,1779714899.505,LTCUSD_otc
361,2026-05-25 13:15:00,52.31,52.42,52.42,52.2,403,1779715199.905,LTCUSD_otc
361,2026-05-25 13:20:00,52.42,52.86,52.92,52.38,383,1779715499.893,LTCUSD_otc
361,2026-05-25 13:25:00,52.86,52.41,52.87,52.32,411,1779715799.288,LTCUSD_otc
361,2026-05-25 13:30:00,52.42,52.36,52.5,52.21,402,1779716099.771,LTCUSD_otc
361,2026-05-25 13:35:00,52.36,52.66,52.67,52.29,396,1779716399.637,LTCUSD_otc
361,2026-05-25 13:40:00,52.66,52.67,52.81,52.56,404,1779716699.638,LTCUSD_otc
361,2026-05-25 13:45:00,52.68,52.64,52.73,52.56,389,1779716998.996,LTCUSD_otc
361,2026-05-25 13:50:00,52.64,52.68,52.73,52.56,390,1779717298.945,LTCUSD_otc
361,2026-05-25 13:55:00,52.68,52.43,52.7,52.31,404,1779717599.896,LTCUSD_otc
361,2026-05-25 14:00:00,52.43,52.63,52.66,52.43,397,1779717899.902,LTCUSD_otc
361,2026-05-25 14:05:00,52.63,52.64,52.71,52.55,405,1779718199.802,LTCUSD_otc
361,2026-05-25 14:10:00,52.64,52.73,52.79,52.52,416,1779718499.811,LTCUSD_otc
361,2026-05-25 14:15:00,52.73,52.5,52.81,52.47,411,1779718799.64,LTCUSD_otc
361,2026-05-25 14:20:00,52.5,52.63,52.65,52.44,391,1779719099.574,LTCUSD_otc
361,2026-05-25 14:25:00,52.63,52.63,52.81,52.58,413,1779719399.513,LTCUSD_otc
361,2026-05-25 14:30:00,52.63,52.69,52.85,52.57,402,1779719699.543,LTCUSD_otc
361,2026-05-25 14:35:00,52.7,52.71,53.0,52.64,387,1779719999.983,LTCUSD_otc
361,2026-05-25 14:40:00,52.71,52.81,52.83,52.7,399,1779720299.454,LTCUSD_otc
361,2026-05-25 14:45:00,52.81,52.83,52.88,52.57,421,1779720599.876,LTCUSD_otc
361,2026-05-25 14:50:00,52.83,53.0,53.0,52.69,392,1779720899.841,LTCUSD_otc
361,2026-05-25 14:55:00,53.0,53.11,53.12,52.85,405,1779721198.743,LTCUSD_otc
361,2026-05-25 15:00:00,53.11,53.04,53.22,52.93,398,1779721499.746,LTCUSD_otc
361,2026-05-25 15:05:00,53.06,52.89,53.08,52.76,412,1779721799.713,LTCUSD_otc
361,2026-05-25 15:10:00,52.89,52.86,52.97,52.78,393,1779722099.644,LTCUSD_otc
361,2026-05-25 15:15:00,52.86,52.82,52.94,52.65,380,1779722399.544,LTCUSD_otc
361,2026-05-25 15:20:00,52.82,52.42,52.82,52.38,403,1779722699.513,LTCUSD_otc
361,2026-05-25 15:25:00,52.42,52.29,52.43,52.21,388,1779722999.983,LTCUSD_otc
361,2026-05-25 15:30:00,52.29,52.44,52.52,52.2,426,1779723299.411,LTCUSD_otc
361,2026-05-25 15:35:00,52.45,52.14,52.45,52.12,379,1779723599.867,LTCUSD_otc
361,2026-05-25 15:40:00,52.14,52.74,52.78,52.11,402,1779723899.833,LTCUSD_otc
361,2026-05-25 15:45:00,52.74,53.02,53.04,52.69,399,1779724199.764,LTCUSD_otc
361,2026-05-25 15:50:00,53.03,53.0,53.17,52.96,395,1779724499.222,LTCUSD_otc
361,2026-05-25 15:55:00,53.0,53.15,53.36,52.95,374,1779724798.622,LTCUSD_otc
361,2026-05-25 16:00:00,53.16,53.2,53.28,53.05,383,1779725098.656,LTCUSD_otc
361,2026-05-25 16:05:00,53.21,53.55,53.56,53.19,415,1779725399.565,LTCUSD_otc
361,2026-05-25 16:10:00,53.55,53.59,53.6,53.4,378,1779725699.033,LTCUSD_otc
361,2026-05-25 16:15:00,53.6,53.73,53.73,53.44,401,1779725998.908,LTCUSD_otc
361,2026-05-25 16:20:00,53.73,53.62,53.8,53.62,388,1779726299.895,LTCUSD_otc
361,2026-05-25 16:25:00,53.62,53.7,53.77,53.43,410,1779726599.305,LTCUSD_otc
361,2026-05-25 16:30:00,53.7,53.59,53.7,53.49,413,1779726899.795,LTCUSD_otc
361,2026-05-25 16:35:00,53.59,53.94,54.1,53.57,382,1779727199.743,LTCUSD_otc
361,2026-05-25 16:40:00,53.94,53.77,53.97,53.75,399,1779727499.705,LTCUSD_otc
361,2026-05-25 16:45:00,53.77,53.84,53.86,53.63,416,1779727799.707,LTCUSD_otc
361,2026-05-25 16:50:00,53.84,54.09,54.11,53.77,416,1779728099.059,LTCUSD_otc
361,2026-05-25 16:55:00,54.09,54.18,54.27,54.03,403,1779728399.539,LTCUSD_otc
361,2026-05-25 17:00:00,54.18,54.28,54.34,54.12,384,1779728699.518,LTCUSD_otc
361,2026-05-25 17:05:00,54.28,54.42,54.42,54.15,421,1779728999.522,LTCUSD_otc
361,2026-05-25 17:10:00,54.42,54.29,54.43,54.21,392,1779729299.404,LTCUSD_otc
361,2026-05-25 17:15:00,54.29,54.23,54.37,54.11,399,1779729599.876,LTCUSD_otc
361,2026-05-25 17:20:00,54.23,54.07,54.28,53.97,424,1779729899.233,LTCUSD_otc
361,2026-05-25 17:25:00,54.02,53.94,54.12,53.89,406,1779730199.728,LTCUSD_otc
361,2026-05-25 17:30:00,53.95,54.11,54.16,53.93,406,1779730498.697,LTCUSD_otc
361,2026-05-25 17:35:00,54.11,53.63,54.12,53.57,403,1779730799.709,LTCUSD_otc
361,2026-05-25 17:40:00,53.62,53.52,53.66,53.43,394,1779731099.606,LTCUSD_otc
361,2026-05-25 17:45:00,53.52,53.36,53.57,53.31,388,1779731399.085,LTCUSD_otc
361,2026-05-25 17:50:00,53.36,53.3,53.38,53.21,381,1779731699.891,LTCUSD_otc
361,2026-05-25 17:55:00,53.3,52.98,53.38,52.9,403,1779731999.794,LTCUSD_otc
361,2026-05-25 18:00:00,52.98,52.89,53.17,52.85,415,1779732299.811,LTCUSD_otc
361,2026-05-25 18:05:00,52.89,52.97,53.12,52.81,397,1779732599.737,LTCUSD_otc
361,2026-05-25 18:10:00,52.97,53.02,53.16,52.89,405,1779732899.737,LTCUSD_otc
361,2026-05-25 18:15:00,53.0,52.87,53.15,52.87,415,1779733199.143,LTCUSD_otc
361,2026-05-25 18:20:00,52.87,52.66,53.07,52.63,406,1779733499.553,LTCUSD_otc
361,2026-05-25 18:25:00,52.66,52.78,52.86,52.56,398,1779733799.966,LTCUSD_otc
361,2026-05-25 18:30:00,52.78,53.27,53.27,52.69,398,1779734098.974,LTCUSD_otc
361,2026-05-25 18:35:00,53.27,53.58,53.61,53.25,405,1779734399.9,LTCUSD_otc
361,2026-05-25 18:40:00,53.58,53.65,53.7,53.54,393,1779734698.852,LTCUSD_otc
361,2026-05-25 18:45:00,53.65,53.35,53.67,53.35,401,1779734999.252,LTCUSD_otc
361,2026-05-25 18:50:00,53.36,53.33,53.48,53.33,386,1779735298.241,LTCUSD_otc
361,2026-05-25 18:55:00,53.36,53.46,53.47,53.23,395,1779735599.665,LTCUSD_otc
361,2026-05-25 19:00:00,53.46,53.43,53.56,53.39,394,1779735899.625,LTCUSD_otc
361,2026-05-25 19:05:00,53.44,53.43,53.51,53.25,378,1779736199.571,LTCUSD_otc
361,2026-05-25 19:10:00,53.43,53.47,53.47,53.22,397,1779736499.514,LTCUSD_otc
361,2026-05-25 19:15:00,53.47,53.4,53.61,53.25,404,1779736799.416,LTCUSD_otc
361,2026-05-25 19:20:00,53.4,53.52,53.54,53.24,407,1779737099.898,LTCUSD_otc
361,2026-05-25 19:25:00,53.52,53.15,53.6,53.11,391,1779737399.828,LTCUSD_otc
361,2026-05-25 19:30:00,53.15,53.18,53.39,53.11,413,1779737699.793,LTCUSD_otc
361,2026-05-25 19:35:00,53.18,53.32,53.34,53.06,391,1779737999.695,LTCUSD_otc
361,2026-05-25 19:40:00,53.32,53.42,53.49,53.25,401,1779738299.662,LTCUSD_otc
361,2026-05-25 19:45:00,53.41,53.06,53.45,53.02,415,1779738599.038,LTCUSD_otc
361,2026-05-25 19:50:00,53.06,53.2,53.23,53.02,398,1779738899.527,LTCUSD_otc
361,2026-05-25 19:55:00,53.2,53.16,53.29,53.08,374,1779739199.404,LTCUSD_otc
361,2026-05-25 20:00:00,53.16,53.14,53.21,52.97,379,1779739498.351,LTCUSD_otc
361,2026-05-25 20:05:00,53.14,53.28,53.28,53.04,396,1779739799.783,LTCUSD_otc
361,2026-05-25 20:10:00,53.28,53.08,53.29,53.04,398,1779740099.722,LTCUSD_otc
361,2026-05-25 20:15:00,53.08,53.01,53.16,52.9,370,1779740399.647,LTCUSD_otc
361,2026-05-25 20:20:00,52.99,53.21,53.28,52.98,389,1779740698.552,LTCUSD_otc
361,2026-05-25 20:25:00,53.21,53.4,53.48,53.19,409,1779740999.031,LTCUSD_otc
361,2026-05-25 20:30:00,53.41,53.65,53.7,53.39,405,1779741299.917,LTCUSD_otc
361,2026-05-25 20:35:00,53.65,53.84,53.85,53.55,401,1779741599.899,LTCUSD_otc
361,2026-05-25 20:40:00,53.84,53.75,53.84,53.56,413,1779741899.809,LTCUSD_otc
361,2026-05-25 20:45:00,53.75,53.54,53.84,53.54,415,1779742199.791,LTCUSD_otc
361,2026-05-25 20:50:00,53.54,53.63,53.67,53.52,381,1779742499.62,LTCUSD_otc
361,2026-05-25 20:55:00,53.63,53.5,53.67,53.44,394,1779742799.08,LTCUSD_otc
361,2026-05-25 21:00:00,53.5,53.71,53.79,53.47,394,1779743099.505,LTCUSD_otc
361,2026-05-25 21:05:00,53.72,53.55,53.8,53.54,408,1779743398.945,LTCUSD_otc
361,2026-05-25 21:10:00,53.55,53.33,53.57,53.28,394,1779743699.81,LTCUSD_otc
361,2026-05-25 21:15:00,53.33,53.39,53.41,53.2,396,1779743999.137,LTCUSD_otc
361,2026-05-25 21:20:00,53.39,53.03,53.4,52.96,401,1779744299.562,LTCUSD_otc
361,2026-05-25 21:25:00,53.03,53.41,53.41,52.97,399,1779744599.997,LTCUSD_otc
361,2026-05-25 21:30:00,53.41,53.33,53.42,53.24,417,1779744899.959,LTCUSD_otc
361,2026-05-25 21:35:00,53.33,53.24,53.35,53.17,402,1779745199.366,LTCUSD_otc
361,2026-05-25 21:40:00,53.24,52.97,53.3,52.93,406,1779745499.802,LTCUSD_otc
361,2026-05-25 21:45:00,52.98,52.73,52.99,52.6,389,1779745799.715,LTCUSD_otc
361,2026-05-25 21:50:00,52.73,52.91,52.99,52.72,404,1779746099.624,LTCUSD_otc
361,2026-05-25 21:55:00,52.91,53.04,53.19,52.91,415,1779746399.559,LTCUSD_otc
361,2026-05-25 22:00:00,53.04,53.05,53.22,53.02,395,1779746699.952,LTCUSD_otc
361,2026-05-25 22:05:00,53.04,53.38,53.38,53.02,378,1779746999.942,LTCUSD_otc
361,2026-05-25 22:10:00,53.38,53.49,53.54,53.34,389,1779747299.857,LTCUSD_otc
361,2026-05-25 22:15:00,53.49,53.54,53.58,53.29,395,1779747599.846,LTCUSD_otc
361,2026-05-25 22:20:00,53.54,53.78,53.79,53.47,412,1779747898.735,LTCUSD_otc
361,2026-05-25 22:25:00,53.79,53.75,53.97,53.72,390,1779748199.701,LTCUSD_otc
361,2026-05-25 22:30:00,53.79,53.54,53.79,53.47,393,1779748499.075,LTCUSD_otc
361,2026-05-25 22:35:00,53.53,53.21,53.63,53.18,382,1779748799.528,LTCUSD_otc
361,2026-05-25 22:40:00,53.21,53.53,53.53,53.12,400,1779749099.869,LTCUSD_otc
361,2026-05-25 22:45:00,53.53,53.53,53.77,53.53,414,1779749399.825,LTCUSD_otc
361,2026-05-25 22:50:00,53.53,53.46,53.65,53.38,415,1779749699.751,LTCUSD_otc
361,2026-05-25 22:55:00,53.46,53.08,53.46,53.03,426,1779749999.176,LTCUSD_otc
361,2026-05-25 23:00:00,53.06,52.99,53.2,52.99,388,1779750299.617,LTCUSD_otc
361,2026-05-25 23:05:00,52.99,53.15,53.27,52.97,394,1779750599.523,LTCUSD_otc
361,2026-05-25 23:10:00,53.15,53.46,53.51,53.12,392,1779750899.987,LTCUSD_otc
361,2026-05-25 23:15:00,53.46,53.65,53.68,53.41,388,1779751199.862,LTCUSD_otc
361,2026-05-25 23:20:00,53.65,53.89,53.9,53.52,407,1779751499.33,LTCUSD_otc
361,2026-05-25 23:25:00,53.89,53.88,54.0,53.83,397,1779751799.693,LTCUSD_otc
361,2026-05-25 23:30:00,53.84,53.87,53.9,53.58,390,1779752099.655,LTCUSD_otc
361,2026-05-25 23:35:00,53.87,53.74,54.02,53.66,391,1779752399.569,LTCUSD_otc
361,2026-05-25 23:40:00,53.74,53.66,53.78,53.6,392,1779752699.059,LTCUSD_otc
361,2026-05-25 23:45:00,53.66,53.64,53.83,53.5,388,1779752998.927,LTCUSD_otc
361,2026-05-25 23:50:00,53.64,53.61,53.82,53.61,387,1779753299.361,LTCUSD_otc
361,2026-05-25 23:55:00,53.61,53.3,53.78,53.28,426,1779753599.754,LTCUSD_otc
361,2026-05-26 00:00:00,53.3,53.42,53.42,53.11,403,1779753899.666,LTCUSD_otc
361,2026-05-26 00:05:00,53.42,53.45,53.5,53.27,421,1779754199.624,LTCUSD_otc
361,2026-05-26 00:10:00,53.46,53.4,53.56,53.39,392,1779754498.515,LTCUSD_otc
361,2026-05-26 00:15:00,53.39,53.57,53.72,53.38,398,1779754799.986,LTCUSD_otc
361,2026-05-26 00:20:00,53.57,53.72,53.9,53.57,412,1779755099.87,LTCUSD_otc
361,2026-05-26 00:25:00,53.72,53.68,53.84,53.6,390,1779755399.848,LTCUSD_otc
361,2026-05-26 00:30:00,53.68,53.68,53.8,53.56,402,1779755699.239,LTCUSD_otc
361,2026-05-26 00:35:00,53.68,53.86,53.9,53.5,405,1779755999.696,LTCUSD_otc
361,2026-05-26 00:40:00,53.86,53.85,53.99,53.68,405,1779756299.077,LTCUSD_otc
361,2026-05-26 00:45:00,53.85,53.99,54.04,53.8,395,1779756599.993,LTCUSD_otc
361,2026-05-26 00:50:00,53.98,53.88,53.98,53.67,385,1779756899.934,LTCUSD_otc
361,2026-05-26 00:55:00,53.88,53.8,53.94,53.64,399,1779757199.901,LTCUSD_otc
361,2026-05-26 01:00:00,53.8,53.79,53.9,53.74,387,1779757499.82,LTCUSD_otc
361,2026-05-26 01:05:00,53.79,53.76,53.82,53.62,400,1779757798.767,LTCUSD_otc
361,2026-05-26 01:10:00,53.76,53.64,53.94,53.63,424,1779758099.692,LTCUSD_otc
361,2026-05-26 01:15:00,53.64,53.7,53.83,53.6,414,1779758399.597,LTCUSD_otc
361,2026-05-26 01:20:00,53.7,53.8,53.9,53.67,401,1779758699.5,LTCUSD_otc
361,2026-05-26 01:25:00,53.81,54.07,54.17,53.81,401,1779758999.871,LTCUSD_otc
361,2026-05-26 01:30:00,54.08,54.15,54.2,54.04,395,1779759299.846,LTCUSD_otc
361,2026-05-26 01:35:00,54.15,54.1,54.22,54.06,402,1779759599.763,LTCUSD_otc
361,2026-05-26 01:40:00,54.09,54.18,54.23,53.85,414,1779759899.768,LTCUSD_otc
361,2026-05-26 01:45:00,54.18,54.3,54.32,54.01,399,1779760199.636,LTCUSD_otc
361,2026-05-26 01:50:00,54.3,54.17,54.43,54.09,405,1779760499.622,LTCUSD_otc
361,2026-05-26 01:55:00,54.17,54.52,54.52,54.14,389,1779760798.944,LTCUSD_otc
361,2026-05-26 02:00:00,54.52,54.43,54.64,54.36,415,1779761099.852,LTCUSD_otc
361,2026-05-26 02:05:00,54.45,54.3,54.59,54.27,415,1779761399.849,LTCUSD_otc
361,2026-05-26 02:10:00,54.3,54.27,54.44,54.18,408,1779761699.8,LTCUSD_otc
361,2026-05-26 02:15:00,54.27,54.87,54.9,54.2,383,1779761999.756,LTCUSD_otc
361,2026-05-26 02:20:00,54.87,54.99,55.09,54.8,398,1779762299.641,LTCUSD_otc
361,2026-05-26 02:25:00,54.99,54.57,55.01,54.5,405,1779762599.642,LTCUSD_otc
361,2026-05-26 02:30:00,54.57,54.4,54.57,54.33,388,1779762899.55,LTCUSD_otc
361,2026-05-26 02:35:00,54.39,54.17,54.41,54.13,422,1779763198.048,LTCUSD_otc
361,2026-05-26 02:40:00,54.17,54.25,54.44,54.15,392,1779763499.988,LTCUSD_otc
361,2026-05-26 02:45:00,54.24,54.45,54.45,54.08,414,1779763799.938,LTCUSD_otc
361,2026-05-26 02:50:00,54.45,54.48,54.59,54.39,387,1779764099.386,LTCUSD_otc
361,2026-05-26 02:55:00,54.48,54.07,54.52,54.03,398,1779764399.303,LTCUSD_otc
361,2026-05-26 03:00:00,54.08,54.38,54.38,53.92,404,1779764699.758,LTCUSD_otc
361,2026-05-26 03:05:00,54.38,54.12,54.5,54.07,398,1779764998.692,LTCUSD_otc
361,2026-05-26 03:10:00,54.12,53.97,54.12,53.79,398,1779765298.122,LTCUSD_otc
361,2026-05-26 03:15:00,53.98,53.59,53.98,53.57,402,1779765599.57,LTCUSD_otc
361,2026-05-26 03:20:00,53.6,53.37,53.6,53.21,415,1779765899.94,LTCUSD_otc
361,2026-05-26 03:25:00,53.38,53.61,53.65,53.35,400,1779766199.917,LTCUSD_otc
361,2026-05-26 03:30:00,53.61,53.55,53.65,53.48,400,1779766499.804,LTCUSD_otc
361,2026-05-26 03:35:00,53.56,53.15,53.59,53.14,412,1779766799.791,LTCUSD_otc
361,2026-05-26 03:40:00,53.15,52.91,53.15,52.83,386,1779767098.168,LTCUSD_otc
361,2026-05-26 03:45:00,52.91,53.07,53.19,52.89,399,1779767399.659,LTCUSD_otc
361,2026-05-26 03:50:00,53.07,53.0,53.17,52.9,401,1779767697.007,LTCUSD_otc
361,2026-05-26 03:55:00,53.02,53.18,53.3,52.97,405,1779767999.973,LTCUSD_otc
361,2026-05-26 04:00:00,53.2,53.23,53.25,53.1,391,1779768299.866,LTCUSD_otc
361,2026-05-26 04:05:00,53.23,53.08,53.5,53.07,376,1779768599.304,LTCUSD_otc
361,2026-05-26 04:10:00,53.08,52.97,53.09,52.86,387,1779768899.674,LTCUSD_otc
361,2026-05-26 04:15:00,52.97,53.01,53.02,52.9,385,1779769199.146,LTCUSD_otc
361,2026-05-26 04:20:00,53.01,53.1,53.1,52.78,395,1779769499.543,LTCUSD_otc
361,2026-05-26 04:25:00,53.09,53.37,53.41,53.09,402,1779769799.919,LTCUSD_otc
361,2026-05-26 04:30:00,53.37,53.4,53.45,53.25,394,1779770099.916,LTCUSD_otc
361,2026-05-26 04:35:00,53.4,53.3,53.4,53.13,392,1779770399.786,LTCUSD_otc
361,2026-05-26 04:40:00,53.3,52.9,53.35,52.88,407,1779770699.274,LTCUSD_otc
361,2026-05-26 04:45:00,52.9,52.7,52.93,52.57,400,1779770998.676,LTCUSD_otc
361,2026-05-26 04:50:00,52.69,53.12,53.21,52.69,369,1779771299.676,LTCUSD_otc
361,2026-05-26 04:55:00,53.12,53.19,53.28,53.05,405,1779771599.497,LTCUSD_otc
361,2026-05-26 05:00:00,53.22,53.29,53.47,53.11,392,1779771898.905,LTCUSD_otc
361,2026-05-26 05:05:00,53.29,53.41,53.46,53.26,400,1779772198.849,LTCUSD_otc
361,2026-05-26 05:10:00,53.41,53.4,53.51,53.32,383,1779772499.791,LTCUSD_otc
361,2026-05-26 05:15:00,53.39,53.01,53.53,53.0,411,1779772798.727,LTCUSD_otc
361,2026-05-26 05:20:00,53.01,52.99,53.12,52.9,408,1779773099.164,LTCUSD_otc
361,2026-05-26 05:25:00,52.99,52.78,52.99,52.63,398,1779773399.588,LTCUSD_otc
361,2026-05-26 05:30:00,52.78,52.6,52.81,52.52,377,1779773699.986,LTCUSD_otc
361,2026-05-26 05:35:00,52.6,52.58,52.66,52.44,394,1779773999.021,LTCUSD_otc
361,2026-05-26 05:40:00,52.58,52.64,52.7,52.5,379,1779774299.447,LTCUSD_otc
361,2026-05-26 05:45:00,52.64,52.52,52.86,52.52,402,1779774599.366,LTCUSD_otc
361,2026-05-26 05:50:00,52.52,52.6,52.64,52.47,394,1779774899.831,LTCUSD_otc
361,2026-05-26 05:55:00,52.6,52.52,52.6,52.38,411,1779775199.812,LTCUSD_otc
361,2026-05-26 06:00:00,52.52,52.63,52.72,52.49,422,1779775499.291,LTCUSD_otc
361,2026-05-26 06:05:00,52.63,52.73,52.86,52.62,415,1779775798.716,LTCUSD_otc
361,2026-05-26 06:10:00,52.72,52.62,52.76,52.57,401,1779776099.615,LTCUSD_otc
361,2026-05-26 06:15:00,52.62,52.71,52.81,52.59,395,1779776399.531,LTCUSD_otc
361,2026-05-26 06:20:00,52.71,52.72,52.73,52.49,397,1779776699.94,LTCUSD_otc
361,2026-05-26 06:25:00,52.73,52.68,52.83,52.59,382,1779776999.892,LTCUSD_otc
361,2026-05-26 06:30:00,52.68,52.66,52.77,52.6,411,1779777299.266,LTCUSD_otc
361,2026-05-26 06:35:00,52.66,52.77,52.85,52.41,409,1779777599.759,LTCUSD_otc
361,2026-05-26 06:40:00,52.77,52.73,52.8,52.6,379,1779777899.648,LTCUSD_otc
361,2026-05-26 06:45:00,52.73,52.73,52.86,52.6,379,1779778199.629,LTCUSD_otc
361,2026-05-26 06:50:00,52.73,52.91,53.05,52.72,377,1779778499.998,LTCUSD_otc
361,2026-05-26 06:55:00,52.91,52.17,52.92,52.15,401,1779778798.977,LTCUSD_otc
361,2026-05-26 07:00:00,52.17,52.45,52.51,52.0,407,1779779099.342,LTCUSD_otc
361,2026-05-26 07:05:00,52.45,52.47,52.63,52.31,385,1779779398.36,LTCUSD_otc
361,2026-05-26 07:10:00,52.47,51.94,52.54,51.92,393,1779779699.258,LTCUSD_otc
361,2026-05-26 07:15:00,51.94,51.86,52.01,51.76,394,1779779999.259,LTCUSD_otc
361,2026-05-26 07:20:00,51.86,52.31,52.35,51.85,387,1779780299.168,LTCUSD_otc
361,2026-05-26 07:25:00,52.31,51.76,52.31,51.76,414,1779780598.685,LTCUSD_otc
361,2026-05-26 07:30:00,51.76,51.39,51.8,51.34,417,1779780899.52,LTCUSD_otc
361,2026-05-26 07:35:00,51.39,51.04,51.41,50.92,393,1779781199.992,LTCUSD_otc
361,2026-05-26 07:40:00,51.04,51.08,51.25,51.0,389,1779781499.464,LTCUSD_otc
361,2026-05-26 07:45:00,51.06,51.14,51.19,51.01,391,1779781799.445,LTCUSD_otc
361,2026-05-26 07:50:00,51.14,51.2,51.25,51.02,404,1779782099.833,LTCUSD_otc
361,2026-05-26 07:55:00,51.2,50.99,51.21,50.98,416,1779782399.854,LTCUSD_otc
361,2026-05-26 08:00:00,50.99,50.65,51.04,50.56,395,1779782699.727,LTCUSD_otc
361,2026-05-26 08:05:00,50.65,50.78,50.86,50.53,398,1779782999.208,LTCUSD_otc
361,2026-05-26 08:10:00,50.78,50.85,50.92,50.65,410,1779783299.619,LTCUSD_otc
361,2026-05-26 08:15:00,50.85,50.63,50.91,50.58,403,1779783599.58,LTCUSD_otc
361,2026-05-26 08:20:00,50.64,50.39,50.64,50.34,403,1779783899.99,LTCUSD_otc
361,2026-05-26 08:25:00,50.39,50.88,50.89,50.36,396,1779784199.516,LTCUSD_otc
361,2026-05-26 08:30:00,50.88,50.87,50.9,50.69,397,1779784499.36,LTCUSD_otc
361,2026-05-26 08:35:00,50.92,51.17,51.19,50.91,389,1779784799.306,LTCUSD_otc
361,2026-05-26 08:40:00,51.17,50.85,51.19,50.76,411,1779785099.757,LTCUSD_otc
361,2026-05-26 08:45:00,50.85,50.99,51.07,50.65,389,1779785399.21,LTCUSD_otc
361,2026-05-26 08:50:00,51.01,51.05,51.24,50.98,420,1779785699.65,LTCUSD_otc
361,2026-05-26 08:55:00,51.07,51.23,51.28,50.95,393,1779785997.534,LTCUSD_otc
361,2026-05-26 09:00:00,51.23,51.18,51.33,50.95,380,1779786299.948,LTCUSD_otc
361,2026-05-26 09:05:00,51.18,50.84,51.19,50.69,409,1779786599.872,LTCUSD_otc
361,2026-05-26 09:10:00,50.84,50.84,50.95,50.8,395,1779786899.846,LTCUSD_otc
361,2026-05-26 09:15:00,50.84,50.7,50.84,50.55,406,1779787199.774,LTCUSD_otc
361,2026-05-26 09:20:00,50.7,50.53,50.71,50.43,401,1779787499.227,LTCUSD_otc
361,2026-05-26 09:25:00,50.55,50.52,50.63,50.48,400,1779787798.162,LTCUSD_otc
361,2026-05-26 09:30:00,50.53,50.52,50.61,50.43,394,1779788098.609,LTCUSD_otc
361,2026-05-26 09:35:00,50.52,50.78,50.8,50.52,404,1779788398.523,LTCUSD_otc
361,2026-05-26 09:40:00,50.79,50.68,50.82,50.63,414,1779788699.516,LTCUSD_otc
361,2026-05-26 09:45:00,50.68,50.75,50.99,50.62,405,1779788999.966,LTCUSD_otc
361,2026-05-26 09:50:00,50.74,50.43,50.76,50.36,389,1779789298.921,LTCUSD_otc
361,2026-05-26 09:55:00,50.43,50.83,50.85,50.4,407,1779789599.854,LTCUSD_otc
361,2026-05-26 10:00:00,50.83,50.68,50.99,50.61,398,1779789899.3,LTCUSD_otc
361,2026-05-26 10:05:00,50.69,50.71,50.88,50.61,382,1779790199.68,LTCUSD_otc
361,2026-05-26 10:10:00,50.71,50.59,50.79,50.56,408,1779790498.675,LTCUSD_otc
361,2026-05-26 10:15:00,50.59,50.69,50.82,50.57,395,1779790799.604,LTCUSD_otc
361,2026-05-26 10:20:00,50.69,50.65,50.86,50.58,406,1779791099.579,LTCUSD_otc
361,2026-05-26 10:25:00,50.64,50.91,50.91,50.55,393,1779791399.998,LTCUSD_otc
361,2026-05-26 10:30:00,50.91,50.49,50.95,50.46,409,1779791699.995,LTCUSD_otc
361,2026-05-26 10:35:00,50.49,50.3,50.5,50.15,391,1779791999.882,LTCUSD_otc
361,2026-05-26 10:40:00,50.3,50.23,50.34,50.06,400,1779792299.372,LTCUSD_otc
361,2026-05-26 10:45:00,50.23,50.16,50.35,50.1,404,1779792599.828,LTCUSD_otc
361,2026-05-26 10:50:00,50.16,50.05,50.19,49.89,372,1779792899.743,LTCUSD_otc
361,2026-05-26 10:55:00,50.05,50.02,50.2,49.96,400,1779793199.699,LTCUSD_otc
361,2026-05-26 11:00:00,50.02,49.76,50.02,49.74,395,1779793499.101,LTCUSD_otc
361,2026-05-26 11:05:00,49.77,49.88,49.94,49.62,406,1779793799.946,LTCUSD_otc
361,2026-05-26 11:10:00,49.88,49.73,49.97,49.72,409,1779794099.927,LTCUSD_otc
361,2026-05-26 11:15:00,49.73,49.52,49.78,49.48,400,1779794399.335,LTCUSD_otc
361,2026-05-26 11:20:00,49.53,49.55,49.64,49.48,409,1779794699.335,LTCUSD_otc
361,2026-05-26 11:25:00,49.55,49.57,49.76,49.45,409,1779794998.692,LTCUSD_otc
361,2026-05-26 11:30:00,49.57,49.52,49.65,49.46,399,1779795299.127,LTCUSD_otc
361,2026-05-26 11:35:00,49.53,49.49,49.58,49.35,404,1779795599.591,LTCUSD_otc
361,2026-05-26 11:40:00,49.5,49.56,49.69,49.45,409,1779795899.551,LTCUSD_otc
361,2026-05-26 11:45:00,49.56,49.44,49.62,49.36,392,1779796199.024,LTCUSD_otc
361,2026-05-26 11:50:00,49.43,49.38,49.55,49.33,402,1779796499.57,LTCUSD_otc
361,2026-05-26 11:55:00,49.37,49.21,49.43,49.18,408,1779796799.917,LTCUSD_otc
361,2026-05-26 12:00:00,49.21,49.24,49.4,49.15,386,1779797099.883,LTCUSD_otc
361,2026-05-26 12:05:00,49.24,49.06,49.3,49.06,394,1779797399.278,LTCUSD_otc
361,2026-05-26 12:10:00,49.07,48.98,49.21,48.91,400,1779797699.712,LTCUSD_otc
361,2026-05-26 12:15:00,48.99,48.89,49.07,48.77,407,1779797999.12,LTCUSD_otc
361,2026-05-26 12:20:00,48.9,48.71,49.03,48.67,397,1779798299.03,LTCUSD_otc
361,2026-05-26 12:25:00,48.71,48.93,48.97,48.57,403,1779798598.532,LTCUSD_otc
361,2026-05-26 12:30:00,48.95,48.89,49.05,48.81,394,1779798899.437,LTCUSD_otc
361,2026-05-26 12:35:00,48.89,48.68,48.93,48.64,370,1779799199.928,LTCUSD_otc
361,2026-05-26 12:40:00,48.68,48.5,48.73,48.41,400,1779799499.867,LTCUSD_otc
361,2026-05-26 12:45:00,48.5,48.62,48.7,48.42,406,1779799799.845,LTCUSD_otc
361,2026-05-26 12:50:00,48.62,48.44,48.69,48.43,401,1779800099.784,LTCUSD_otc
361,2026-05-26 12:55:00,48.44,48.42,48.51,48.24,373,1779800399.272,LTCUSD_otc
361,2026-05-26 13:00:00,48.42,48.41,48.6,48.39,390,1779800699.694,LTCUSD_otc
361,2026-05-26 13:05:00,48.41,48.68,48.71,48.32,391,1779800999.664,LTCUSD_otc
361,2026-05-26 13:10:00,48.68,48.37,48.75,48.33,397,1779801299.533,LTCUSD_otc
361,2026-05-26 13:15:00,48.37,48.28,48.37,48.11,376,1779801599.551,LTCUSD_otc
361,2026-05-26 13:20:00,48.27,48.38,48.39,48.2,374,1779801899.978,LTCUSD_otc
361,2026-05-26 13:25:00,48.38,48.21,48.41,48.21,367,1779802199.931,LTCUSD_otc
361,2026-05-26 13:30:00,48.21,48.36,48.38,48.08,396,1779802499.276,LTCUSD_otc
361,2026-05-26 13:35:00,48.36,48.41,48.48,48.31,409,1779802799.733,LTCUSD_otc
361,2026-05-26 13:40:00,48.41,48.78,48.92,48.41,394,1779803099.698,LTCUSD_otc
361,2026-05-26 13:45:00,48.78,48.52,48.81,48.52,401,1779803398.708,LTCUSD_otc
361,2026-05-26 13:50:00,48.52,48.7,48.8,48.46,388,1779803699.622,LTCUSD_otc
361,2026-05-26 13:55:00,48.7,48.28,48.73,48.28,421,1779803999.609,LTCUSD_otc
361,2026-05-26 14:00:00,48.29,48.32,48.42,48.26,390,1779804298.526,LTCUSD_otc
361,2026-05-26 14:05:00,48.33,48.47,48.51,48.21,390,1779804599.985,LTCUSD_otc
361,2026-05-26 14:10:00,48.47,48.84,48.84,48.47,403,1779804899.9,LTCUSD_otc
361,2026-05-26 14:15:00,48.84,48.95,48.99,48.73,393,1779805199.915,LTCUSD_otc
361,2026-05-26 14:20:00,48.96,49.11,49.12,48.9,397,1779805499.846,LTCUSD_otc
361,2026-05-26 14:25:00,49.11,49.28,49.29,48.97,416,1779805799.302,LTCUSD_otc
361,2026-05-26 14:30:00,49.28,49.5,49.67,49.25,400,1779806099.702,LTCUSD_otc
361,2026-05-26 14:35:00,49.5,49.52,49.6,49.4,389,1779806399.193,LTCUSD_otc
361,2026-05-26 14:40:00,49.51,49.77,49.85,49.4,395,1779806699.088,LTCUSD_otc
361,2026-05-26 14:45:00,49.76,49.89,49.9,49.53,423,1779806999.582,LTCUSD_otc
361,2026-05-26 14:50:00,49.89,49.69,49.9,49.62,384,1779807299.965,LTCUSD_otc
361,2026-05-26 14:55:00,49.7,49.81,49.82,49.6,396,1779807599.503,LTCUSD_otc
361,2026-05-26 15:00:00,49.82,49.82,50.0,49.79,380,1779807898.893,LTCUSD_otc
361,2026-05-26 15:05:00,49.82,50.0,50.09,49.72,424,1779808199.925,LTCUSD_otc
361,2026-05-26 15:10:00,49.99,49.94,50.0,49.72,401,1779808498.824,LTCUSD_otc
361,2026-05-26 15:15:00,49.94,50.0,50.06,49.84,408,1779808799.286,LTCUSD_otc
361,2026-05-26 15:20:00,50.0,49.95,50.07,49.9,400,1779809099.737,LTCUSD_otc
361,2026-05-26 15:25:00,49.95,49.7,49.97,49.62,398,1779809399.716,LTCUSD_otc
361,2026-05-26 15:30:00,49.7,49.53,49.76,49.48,388,1779809698.08,LTCUSD_otc
361,2026-05-26 15:35:00,49.53,49.15,49.53,49.13,392,1779809998.614,LTCUSD_otc
361,2026-05-26 15:40:00,49.16,49.02,49.24,48.96,408,1779810299.007,LTCUSD_otc
361,2026-05-26 15:45:00,49.01,49.3,49.35,49.0,396,1779810599.503,LTCUSD_otc
361,2026-05-26 15:50:00,49.3,49.43,49.54,49.28,405,1779810898.931,LTCUSD_otc
361,2026-05-26 15:55:00,49.43,49.62,49.66,49.34,408,1779811199.907,LTCUSD_otc
361,2026-05-26 16:00:00,49.62,49.58,49.76,49.48,382,1779811498.319,LTCUSD_otc
361,2026-05-26 16:05:00,49.57,49.68,49.83,49.56,400,1779811799.839,LTCUSD_otc
361,2026-05-26 16:10:00,49.68,49.76,49.76,49.56,413,1779812099.756,LTCUSD_otc
361,2026-05-26 16:15:00,49.76,49.82,49.89,49.67,400,1779812399.755,LTCUSD_otc
361,2026-05-26 16:20:00,49.82,49.6,49.84,49.52,381,1779812699.142,LTCUSD_otc
361,2026-05-26 16:25:00,49.6,49.92,49.99,49.48,412,1779812999.627,LTCUSD_otc
361,2026-05-26 16:30:00,49.92,49.83,50.01,49.71,414,1779813299.571,LTCUSD_otc
361,2026-05-26 16:35:00,49.83,49.7,49.89,49.7,393,1779813599.566,LTCUSD_otc
361,2026-05-26 16:40:00,49.7,49.7,49.88,49.66,407,1779813899.553,LTCUSD_otc
361,2026-05-26 16:45:00,49.7,49.96,50.01,49.67,404,1779814199.975,LTCUSD_otc
361,2026-05-26 16:50:00,49.96,49.98,50.08,49.83,412,1779814499.923,LTCUSD_otc
361,2026-05-26 16:55:00,49.98,50.09,50.27,49.97,389,1779814799.842,LTCUSD_otc
361,2026-05-26 17:00:00,50.09,50.13,50.2,50.01,394,1779815099.792,LTCUSD_otc
361,2026-05-26 17:05:00,50.13,50.19,50.37,49.97,410,1779815399.298,LTCUSD_otc
361,2026-05-26 17:10:00,50.19,50.59,50.59,50.19,417,1779815698.259,LTCUSD_otc
361,2026-05-26 17:15:00,50.59,50.83,50.94,50.55,375,1779815999.665,LTCUSD_otc
361,2026-05-26 17:20:00,50.83,51.05,51.05,50.78,386,1779816299.601,LTCUSD_otc
361,2026-05-26 17:25:00,51.07,51.02,51.18,50.89,405,1779816599.048,LTCUSD_otc
361,2026-05-26 17:30:00,51.02,50.75,51.03,50.75,392,1779816896.512,LTCUSD_otc
361,2026-05-26 17:35:00,50.75,50.66,50.88,50.64,390,1779817198.496,LTCUSD_otc
361,2026-05-26 17:40:00,50.66,50.41,50.73,50.4,406,1779817498.507,LTCUSD_otc
361,2026-05-26 17:45:00,50.41,50.65,50.66,50.26,381,1779817799.929,LTCUSD_otc
361,2026-05-26 17:50:00,50.65,50.71,50.79,50.56,372,1779818099.899,LTCUSD_otc
361,2026-05-26 17:55:00,50.71,50.63,50.75,50.55,402,1779818399.764,LTCUSD_otc
361,2026-05-26 18:00:00,50.63,50.51,50.69,50.49,379,1779818696.691,LTCUSD_otc
361,2026-05-26 18:05:00,50.5,50.2,50.53,50.19,392,1779818999.662,LTCUSD_otc
361,2026-05-26 18:10:00,50.19,49.77,50.21,49.69,410,1779819299.572,LTCUSD_otc
361,2026-05-26 18:15:00,49.77,49.58,49.82,49.53,399,1779819599.531,LTCUSD_otc
361,2026-05-26 18:20:00,49.58,49.75,49.79,49.55,412,1779819899.908,LTCUSD_otc
361,2026-05-26 18:25:00,49.74,49.75,49.95,49.7,401,1779820199.873,LTCUSD_otc
361,2026-05-26 18:30:00,49.75,49.96,50.08,49.74,394,1779820499.729,LTCUSD_otc
361,2026-05-26 18:35:00,49.96,50.19,50.19,49.76,402,1779820799.766,LTCUSD_otc
361,2026-05-26 18:40:00,50.19,50.65,50.67,50.16,388,1779821099.664,LTCUSD_otc
361,2026-05-26 18:45:00,50.64,50.58,50.7,50.48,398,1779821399.665,LTCUSD_otc
361,2026-05-26 18:50:00,50.57,50.62,50.69,50.47,380,1779821699.522,LTCUSD_otc
361,2026-05-26 18:55:00,50.62,50.45,50.72,50.41,395,1779821999.486,LTCUSD_otc
361,2026-05-26 19:00:00,50.45,50.3,50.45,50.12,408,1779822299.891,LTCUSD_otc
361,2026-05-26 19:05:00,50.3,50.27,50.48,50.23,390,1779822599.818,LTCUSD_otc
361,2026-05-26 19:10:00,50.27,49.96,50.28,49.93,409,1779822899.76,LTCUSD_otc
361,2026-05-26 19:15:00,49.97,49.67,50.0,49.54,389,1779823199.206,LTCUSD_otc
361,2026-05-26 19:20:00,49.67,49.52,49.73,49.51,396,1779823499.154,LTCUSD_otc
361,2026-05-26 19:25:00,49.53,49.98,50.2,49.53,415,1779823799.519,LTCUSD_otc
361,2026-05-26 19:30:00,49.98,49.8,50.0,49.67,402,1779824099.548,LTCUSD_otc
361,2026-05-26 19:35:00,49.81,49.63,49.85,49.63,407,1779824399.921,LTCUSD_otc
361,2026-05-26 19:40:00,49.63,49.42,49.65,49.32,401,1779824699.905,LTCUSD_otc
361,2026-05-26 19:45:00,49.42,49.77,49.85,49.29,400,1779824999.789,LTCUSD_otc
361,2026-05-26 19:50:00,49.77,49.73,49.86,49.49,411,1779825298.236,LTCUSD_otc
361,2026-05-26 19:55:00,49.73,49.6,49.79,49.52,400,1779825599.658,LTCUSD_otc
361,2026-05-26 20:00:00,49.6,49.44,49.71,49.42,403,1779825899.643,LTCUSD_otc
361,2026-05-26 20:05:00,49.44,49.56,49.66,49.44,402,1779826199.523,LTCUSD_otc
361,2026-05-26 20:10:00,49.56,49.53,49.79,49.53,402,1779826499.999,LTCUSD_otc
361,2026-05-26 20:15:00,49.53,49.52,49.66,49.47,419,1779826798.463,LTCUSD_otc
361,2026-05-26 20:20:00,49.52,49.74,49.81,49.52,395,1779827099.903,LTCUSD_otc
361,2026-05-26 20:25:00,49.74,49.83,49.9,49.72,393,1779827399.766,LTCUSD_otc
361,2026-05-26 20:30:00,49.83,49.94,49.95,49.55,389,1779827699.704,LTCUSD_otc
361,2026-05-26 20:35:00,49.93,50.07,50.23,49.93,401,1779827999.123,LTCUSD_otc
361,2026-05-26 20:40:00,50.08,49.97,50.13,49.8,397,1779828299.07,LTCUSD_otc
361,2026-05-26 20:45:00,49.96,50.33,50.33,49.94,415,1779828598.512,LTCUSD_otc
361,2026-05-26 20:50:00,50.34,50.01,50.37,49.99,410,1779828899.922,LTCUSD_otc
361,2026-05-26 20:55:00,50.01,49.86,50.09,49.76,397,1779829199.881,LTCUSD_otc
361,2026-05-26 21:00:00,49.86,49.72,49.93,49.64,401,1779829499.723,LTCUSD_otc
361,2026-05-26 21:05:00,49.72,49.52,49.75,49.49,408,1779829799.704,LTCUSD_otc
361,2026-05-26 21:10:00,49.52,49.46,49.71,49.42,387,1779830099.591,LTCUSD_otc
361,2026-05-26 21:15:00,49.46,49.26,49.54,49.24,419,1779830399.552,LTCUSD_otc
361,2026-05-26 21:20:00,49.26,49.37,49.41,49.22,399,1779830699.941,LTCUSD_otc
361,2026-05-26 21:25:00,49.37,48.93,49.45,48.92,401,1779830999.83,LTCUSD_otc
361,2026-05-26 21:30:00,48.93,49.36,49.38,48.88,402,1779831299.784,LTCUSD_otc
361,2026-05-26 21:35:00,49.37,49.43,49.59,49.31,412,1779831599.677,LTCUSD_otc
361,2026-05-26 21:40:00,49.43,49.47,49.63,49.38,391,1779831899.639,LTCUSD_otc
361,2026-05-26 21:45:00,49.46,49.56,49.64,49.45,381,1779832199.536,LTCUSD_otc
361,2026-05-26 21:50:00,49.57,49.33,49.7,49.3,407,1779832499.521,LTCUSD_otc
361,2026-05-26 21:55:00,49.33,49.18,49.48,49.18,400,1779832799.847,LTCUSD_otc
361,2026-05-26 22:00:00,49.18,49.17,49.24,49.04,418,1779833099.825,LTCUSD_otc
361,2026-05-26 22:05:00,49.18,49.18,49.19,49.0,400,1779833399.785,LTCUSD_otc
361,2026-05-26 22:10:00,49.18,48.68,49.18,48.65,381,1779833699.734,LTCUSD_otc
361,2026-05-26 22:15:00,48.68,48.95,48.97,48.64,396,1779833999.623,LTCUSD_otc
361,2026-05-26 22:20:00,48.95,48.8,49.1,48.8,411,1779834299.061,LTCUSD_otc
361,2026-05-26 22:25:00,48.8,49.09,49.09,48.52,409,1779834599.023,LTCUSD_otc
361,2026-05-26 22:30:00,49.09,49.12,49.19,49.02,420,1779834899.467,LTCUSD_otc
361,2026-05-26 22:35:00,49.12,49.3,49.3,49.07,402,1779835199.911,LTCUSD_otc
361,2026-05-26 22:40:00,49.3,49.16,49.41,49.07,385,1779835499.841,LTCUSD_otc
361,2026-05-26 22:45:00,49.16,49.31,49.35,49.11,385,1779835799.258,LTCUSD_otc
361,2026-05-26 22:50:00,49.31,49.22,49.44,49.06,391,1779836099.703,LTCUSD_otc
361,2026-05-26 22:55:00,49.22,49.54,49.63,49.16,400,1779836399.166,LTCUSD_otc
361,2026-05-26 23:00:00,49.54,49.56,49.72,49.48,380,1779836699.595,LTCUSD_otc
361,2026-05-26 23:05:00,49.57,49.78,49.81,49.41,387,1779836998.582,LTCUSD_otc
361,2026-05-26 23:10:00,49.78,49.32,49.84,49.32,396,1779837299.549,LTCUSD_otc
361,2026-05-26 23:15:00,49.32,49.24,49.44,49.2,406,1779837599.966,LTCUSD_otc
361,2026-05-26 23:20:00,49.24,49.45,49.57,49.15,397,1779837898.876,LTCUSD_otc
361,2026-05-26 23:25:00,49.41,49.48,49.63,49.34,412,1779838199.322,LTCUSD_otc
361,2026-05-26 23:30:00,49.48,49.78,49.78,49.43,395,1779838499.713,LTCUSD_otc
361,2026-05-26 23:35:00,49.79,49.73,49.89,49.65,409,1779838799.677,LTCUSD_otc
361,2026-05-26 23:40:00,49.73,49.75,49.88,49.64,402,1779839098.605,LTCUSD_otc
361,2026-05-26 23:45:00,49.75,49.54,49.82,49.51,420,1779839399.512,LTCUSD_otc
361,2026-05-26 23:50:00,49.53,49.29,49.54,49.27,400,1779839698.884,LTCUSD_otc
361,2026-05-26 23:55:00,49.3,49.44,49.65,49.27,387,1779839999.367,LTCUSD_otc
361,2026-05-27 00:00:00,49.44,49.38,49.55,49.28,390,1779840299.668,LTCUSD_otc
361,2026-05-27 00:05:00,49.38,49.21,49.51,49.18,390,1779840599.036,LTCUSD_otc
361,2026-05-27 00:10:00,49.21,49.02,49.28,48.96,421,1779840899.995,LTCUSD_otc
361,2026-05-27 00:15:00,49.02,49.09,49.13,48.91,416,1779841199.927,LTCUSD_otc
361,2026-05-27 00:20:00,49.09,48.84,49.09,48.72,384,1779841498.358,LTCUSD_otc
361,2026-05-27 00:25:00,48.84,48.82,48.9,48.74,417,1779841799.256,LTCUSD_otc
361,2026-05-27 00:30:00,48.82,49.18,49.21,48.79,402,1779842099.213,LTCUSD_otc
361,2026-05-27 00:35:00,49.19,49.41,49.47,49.16,400,1779842399.58,LTCUSD_otc
361,2026-05-27 00:40:00,49.42,49.04,49.44,48.99,400,1779842699.052,LTCUSD_otc
361,2026-05-27 00:45:00,49.04,49.01,49.2,48.97,391,1779842999.438,LTCUSD_otc
361,2026-05-27 00:50:00,49.01,48.81,49.09,48.66,396,1779843299.443,LTCUSD_otc
361,2026-05-27 00:55:00,48.82,48.53,48.85,48.5,400,1779843599.831,LTCUSD_otc
361,2026-05-27 01:00:00,48.53,48.77,48.83,48.5,402,1779843899.861,LTCUSD_otc
361,2026-05-27 01:05:00,48.77,48.68,48.83,48.6,381,1779844199.233,LTCUSD_otc
361,2026-05-27 01:10:00,48.67,48.49,48.78,48.48,395,1779844499.728,LTCUSD_otc
361,2026-05-27 01:15:00,48.49,48.22,48.53,48.22,393,1779844799.593,LTCUSD_otc
361,2026-05-27 01:20:00,48.21,48.03,48.27,47.96,386,1779845099.583,LTCUSD_otc
361,2026-05-27 01:25:00,48.03,48.09,48.11,47.81,402,1779845399.9,LTCUSD_otc
361,2026-05-27 01:30:00,48.08,48.08,48.34,48.05,401,1779845699.256,LTCUSD_otc
361,2026-05-27 01:35:00,48.08,48.22,48.22,48.03,386,1779845999.7,LTCUSD_otc
361,2026-05-27 01:40:00,48.22,48.07,48.23,47.9,395,1779846299.639,LTCUSD_otc
361,2026-05-27 01:45:00,48.07,47.98,48.1,47.91,417,1779846599.6,LTCUSD_otc
361,2026-05-27 01:50:00,47.97,47.94,48.08,47.92,401,1779846899.506,LTCUSD_otc
361,2026-05-27 01:55:00,47.93,47.88,47.96,47.6,412,1779847199.917,LTCUSD_otc
361,2026-05-27 02:00:00,47.88,47.54,47.95,47.54,409,1779847499.836,LTCUSD_otc
361,2026-05-27 02:05:00,47.56,47.59,47.64,47.29,383,1779847799.761,LTCUSD_otc
361,2026-05-27 02:10:00,47.6,47.66,47.68,47.42,402,1779848099.699,LTCUSD_otc
361,2026-05-27 02:15:00,47.66,47.87,47.93,47.63,387,1779848399.1,LTCUSD_otc
361,2026-05-27 02:20:00,47.88,48.04,48.24,47.82,389,1779848699.067,LTCUSD_otc
361,2026-05-27 02:25:00,48.03,48.18,48.24,48.0,390,1779848999.451,LTCUSD_otc
361,2026-05-27 02:30:00,48.18,48.18,48.24,48.06,409,1779849299.929,LTCUSD_otc
361,2026-05-27 02:35:00,48.18,48.25,48.36,48.18,404,1779849599.306,LTCUSD_otc
361,2026-05-27 02:40:00,48.26,48.32,48.33,48.14,382,1779849899.802,LTCUSD_otc
361,2026-05-27 02:45:00,48.32,48.2,48.47,48.17,385,1779850199.767,LTCUSD_otc
361,2026-05-27 02:50:00,48.2,48.43,48.48,48.18,367,1779850499.696,LTCUSD_otc
361,2026-05-27 02:55:00,48.43,48.51,48.61,48.36,407,1779850799.029,LTCUSD_otc
361,2026-05-27 03:00:00,48.51,48.44,48.6,48.41,382,1779851099.441,LTCUSD_otc
361,2026-05-27 03:05:00,48.44,48.63,48.74,48.43,409,1779851399.887,LTCUSD_otc
361,2026-05-27 03:10:00,48.63,48.89,48.94,48.55,421,1779851699.83,LTCUSD_otc
361,2026-05-27 03:15:00,48.89,48.53,48.96,48.5,406,1779851999.294,LTCUSD_otc
361,2026-05-27 03:20:00,48.53,48.45,48.58,48.43,414,1779852299.692,LTCUSD_otc
361,2026-05-27 03:25:00,48.44,48.85,48.88,48.37,417,1779852599.179,LTCUSD_otc
361,2026-05-27 03:30:00,48.85,48.48,48.85,48.48,394,1779852899.091,LTCUSD_otc
361,2026-05-27 03:35:00,48.48,48.43,48.51,48.21,404,1779853198.576,LTCUSD_otc
361,2026-05-27 03:40:00,48.45,48.51,48.61,48.29,398,1779853499.066,LTCUSD_otc
361,2026-05-27 03:45:00,48.51,48.53,48.65,48.44,387,1779853798.498,LTCUSD_otc
361,2026-05-27 03:50:00,48.53,48.58,48.82,48.51,383,1779854099.933,LTCUSD_otc
361,2026-05-27 03:55:00,48.57,48.17,48.58,48.08,397,1779854399.876,LTCUSD_otc
361,2026-05-27 04:00:00,48.17,47.89,48.19,47.71,422,1779854697.274,LTCUSD_otc
361,2026-05-27 04:05:00,47.89,47.78,48.01,47.64,415,1779854999.75,LTCUSD_otc
361,2026-05-27 04:10:00,47.81,47.42,47.82,47.39,392,1779855299.138,LTCUSD_otc
361,2026-05-27 04:15:00,47.42,47.63,47.64,47.22,409,1779855599.604,LTCUSD_otc
361,2026-05-27 04:20:00,47.63,47.45,47.79,47.42,385,1779855898.997,LTCUSD_otc
361,2026-05-27 04:25:00,47.46,47.65,47.76,47.44,424,1779856199.504,LTCUSD_otc
361,2026-05-27 04:30:00,47.65,47.92,47.96,47.65,393,1779856499.901,LTCUSD_otc
361,2026-05-27 04:35:00,47.92,48.16,48.3,47.9,390,1779856799.9,LTCUSD_otc
361,2026-05-27 04:40:00,48.16,47.84,48.26,47.79,400,1779857098.747,LTCUSD_otc
361,2026-05-27 04:45:00,47.84,47.64,48.0,47.64,405,1779857399.749,LTCUSD_otc
361,2026-05-27 04:50:00,47.64,47.56,47.68,47.47,414,1779857699.613,LTCUSD_otc
361,2026-05-27 04:55:00,47.55,47.44,47.61,47.37,410,1779857999.549,LTCUSD_otc
361,2026-05-27 05:00:00,47.44,47.36,47.56,47.28,398,1779858299.937,LTCUSD_otc
361,2026-05-27 05:05:00,47.36,47.44,47.63,47.36,408,1779858599.816,LTCUSD_otc
361,2026-05-27 05:10:00,47.44,47.57,47.65,47.28,407,1779858899.802,LTCUSD_otc
361,2026-05-27 05:15:00,47.57,47.64,47.65,47.37,397,1779859199.25,LTCUSD_otc
361,2026-05-27 05:20:00,47.64,47.9,47.98,47.6,396,1779859499.231,LTCUSD_otc
361,2026-05-27 05:25:00,47.89,47.98,48.07,47.79,412,1779859799.695,LTCUSD_otc
361,2026-05-27 05:30:00,47.98,47.77,48.06,47.77,387,1779860099.632,LTCUSD_otc
361,2026-05-27 05:35:00,47.77,48.05,48.05,47.75,384,1779860399.096,LTCUSD_otc
361,2026-05-27 05:40:00,48.05,48.62,48.66,48.04,412,1779860698.543,LTCUSD_otc
361,2026-05-27 05:45:00,48.61,48.76,48.94,48.56,387,1779860999.54,LTCUSD_otc
361,2026-05-27 05:50:00,48.77,48.84,48.96,48.6,384,1779861299.934,LTCUSD_otc
361,2026-05-27 05:55:00,48.84,48.63,48.88,48.59,407,1779861599.816,LTCUSD_otc
361,2026-05-27 06:00:00,48.63,48.87,48.92,48.56,384,1779861899.803,LTCUSD_otc
361,2026-05-27 06:05:00,48.88,48.72,48.98,48.72,396,1779862199.71,LTCUSD_otc
361,2026-05-27 06:10:00,48.72,48.46,48.77,48.43,396,1779862499.687,LTCUSD_otc
361,2026-05-27 06:15:00,48.46,48.39,48.54,48.2,411,1779862799.078,LTCUSD_otc
361,2026-05-27 06:20:00,48.4,48.39,48.52,48.27,412,1779863099.555,LTCUSD_otc
361,2026-05-27 06:25:00,48.39,48.45,48.55,48.26,395,1779863399.468,LTCUSD_otc
361,2026-05-27 06:30:00,48.45,48.19,48.45,48.16,389,1779863698.438,LTCUSD_otc
361,2026-05-27 06:35:00,48.19,48.45,48.48,48.12,380,1779863999.334,LTCUSD_otc
361,2026-05-27 06:40:00,48.45,48.62,48.65,48.42,399,1779864298.339,LTCUSD_otc
361,2026-05-27 06:45:00,48.62,48.46,48.62,48.34,404,1779864599.199,LTCUSD_otc
361,2026-05-27 06:50:00,48.45,48.64,48.64,48.39,391,1779864899.727,LTCUSD_otc
361,2026-05-27 06:55:00,48.64,49.04,49.08,48.61,410,1779865199.09,LTCUSD_otc
361,2026-05-27 07:00:00,49.04,49.03,49.22,48.99,406,1779865499.53,LTCUSD_otc
361,2026-05-27 07:05:00,49.03,49.27,49.48,49.01,391,1779865799.44,LTCUSD_otc
361,2026-05-27 07:10:00,49.27,49.07,49.28,48.92,402,1779866099.88,LTCUSD_otc
361,2026-05-27 07:15:00,49.07,48.84,49.24,48.75,406,1779866399.384,LTCUSD_otc
361,2026-05-27 07:20:00,48.84,48.51,48.91,48.51,414,1779866699.305,LTCUSD_otc
361,2026-05-27 07:25:00,48.51,48.69,48.69,48.45,395,1779866999.719,LTCUSD_otc
361,2026-05-27 07:30:00,48.69,48.73,48.84,48.63,390,1779867299.678,LTCUSD_otc
361,2026-05-27 07:35:00,48.73,48.87,48.99,48.67,387,1779867598.153,LTCUSD_otc
361,2026-05-27 07:40:00,48.87,48.96,49.08,48.81,403,1779867899.693,LTCUSD_otc
361,2026-05-27 07:45:00,48.96,48.95,49.05,48.67,414,1779868199.092,LTCUSD_otc
361,2026-05-27 07:50:00,48.95,49.13,49.21,48.84,401,1779868499.596,LTCUSD_otc
361,2026-05-27 07:55:00,49.13,49.04,49.23,48.98,375,1779868798.97,LTCUSD_otc
361,2026-05-27 08:00:00,49.04,49.01,49.26,48.95,387,1779869099.967,LTCUSD_otc
361,2026-05-27 08:05:00,49.01,49.06,49.22,48.96,413,1779869398.854,LTCUSD_otc
361,2026-05-27 08:10:00,49.06,49.19,49.29,48.89,407,1779869698.845,LTCUSD_otc
361,2026-05-27 08:15:00,49.19,49.21,49.26,49.06,402,1779869999.776,LTCUSD_otc
361,2026-05-27 08:20:00,49.21,48.86,49.25,48.78,399,1779870299.772,LTCUSD_otc
361,2026-05-27 08:25:00,48.86,49.06,49.2,48.73,399,1779870599.6,LTCUSD_otc
361,2026-05-27 08:30:00,49.06,49.01,49.26,48.84,399,1779870899.045,LTCUSD_otc
361,2026-05-27 08:35:00,49.0,49.03,49.15,48.97,397,1779871199.963,LTCUSD_otc
361,2026-05-27 08:40:00,49.03,48.89,49.04,48.63,395,1779871499.917,LTCUSD_otc
361,2026-05-27 08:45:00,48.89,48.95,49.01,48.73,410,1779871799.868,LTCUSD_otc
361,2026-05-27 08:50:00,48.95,49.12,49.17,48.92,395,1779872099.77,LTCUSD_otc
361,2026-05-27 08:55:00,49.12,49.34,49.42,49.12,397,1779872399.261,LTCUSD_otc
361,2026-05-27 09:00:00,49.34,49.37,49.47,49.21,414,1779872699.168,LTCUSD_otc
361,2026-05-27 09:05:00,49.37,49.44,49.49,49.25,391,1779872999.693,LTCUSD_otc
361,2026-05-27 09:10:00,49.44,49.55,49.61,49.31,386,1779873299.104,LTCUSD_otc
361,2026-05-27 09:15:00,49.54,49.49,49.77,49.46,381,1779873599.521,LTCUSD_otc
361,2026-05-27 09:20:00,49.49,49.39,49.51,49.32,399,1779873899.872,LTCUSD_otc
361,2026-05-27 09:25:00,49.39,48.98,49.44,48.96,400,1779874198.336,LTCUSD_otc
361,2026-05-27 09:30:00,48.98,48.83,48.99,48.71,405,1779874499.758,LTCUSD_otc
361,2026-05-27 09:35:00,48.81,48.72,48.91,48.62,421,1779874799.77,LTCUSD_otc
361,2026-05-27 09:40:00,48.72,48.76,48.86,48.64,391,1779875099.683,LTCUSD_otc
361,2026-05-27 09:45:00,48.76,48.51,48.76,48.47,394,1779875399.734,LTCUSD_otc
361,2026-05-27 09:50:00,48.51,48.4,48.53,48.28,393,1779875699.581,LTCUSD_otc
361,2026-05-27 09:55:00,48.4,48.11,48.47,48.07,408,1779875999.581,LTCUSD_otc
361,2026-05-27 10:00:00,48.11,48.49,48.5,48.07,412,1779876299.492,LTCUSD_otc
361,2026-05-27 10:05:00,48.5,48.7,48.83,48.48,399,1779876599.013,LTCUSD_otc
361,2026-05-27 10:10:00,48.7,48.43,48.72,48.43,387,1779876899.912,LTCUSD_otc
361,2026-05-27 10:15:00,48.43,48.01,48.43,47.96,389,1779877199.906,LTCUSD_otc
361,2026-05-27 10:20:00,48.01,47.81,48.21,47.77,403,1779877499.798,LTCUSD_otc
361,2026-05-27 10:25:00,47.81,47.81,47.82,47.48,404,1779877799.792,LTCUSD_otc
361,2026-05-27 10:30:00,47.81,47.75,47.92,47.72,400,1779878099.205,LTCUSD_otc
361,2026-05-27 10:35:00,47.75,48.26,48.27,47.73,398,1779878398.696,LTCUSD_otc
361,2026-05-27 10:40:00,48.25,48.28,48.3,48.11,414,1779878699.609,LTCUSD_otc
361,2026-05-27 10:45:00,48.27,48.34,48.4,48.05,395,1779878999.59,LTCUSD_otc
361,2026-05-27 10:50:00,48.34,48.33,48.5,48.28,399,1779879299.954,LTCUSD_otc
361,2026-05-27 10:55:00,48.33,48.2,48.51,48.18,424,1779879599.856,LTCUSD_otc
361,2026-05-27 11:00:00,48.2,48.33,48.4,48.17,402,1779879899.358,LTCUSD_otc
361,2026-05-27 11:05:00,48.35,47.85,48.37,47.85,384,1779880199.827,LTCUSD_otc
361,2026-05-27 11:10:00,47.84,47.9,48.04,47.79,420,1779880499.711,LTCUSD_otc
361,2026-05-27 11:15:00,47.9,48.0,48.09,47.78,407,1779880799.668,LTCUSD_otc
361,2026-05-27 11:20:00,48.0,47.98,48.02,47.82,418,1779881098.609,LTCUSD_otc
361,2026-05-27 11:25:00,47.98,47.96,48.06,47.82,394,1779881399.092,LTCUSD_otc
361,2026-05-27 11:30:00,47.96,47.86,47.99,47.75,390,1779881699.971,LTCUSD_otc
361,2026-05-27 11:35:00,47.86,48.15,48.2,47.82,393,1779881999.95,LTCUSD_otc
361,2026-05-27 11:40:00,48.15,48.34,48.36,48.04,417,1779882299.88,LTCUSD_otc
361,2026-05-27 11:45:00,48.34,47.9,48.46,47.85,391,1779882599.826,LTCUSD_otc
361,2026-05-27 11:50:00,47.91,48.04,48.16,47.79,391,1779882899.748,LTCUSD_otc
361,2026-05-27 11:55:00,48.04,47.91,48.04,47.71,412,1779883199.645,LTCUSD_otc
361,2026-05-27 12:00:00,47.9,47.75,47.91,47.73,394,1779883499.153,LTCUSD_otc
361,2026-05-27 12:05:00,47.75,47.6,47.78,47.57,384,1779883799.525,LTCUSD_otc
361,2026-05-27 12:10:00,47.6,47.65,47.69,47.54,388,1779884099.978,LTCUSD_otc
361,2026-05-27 12:15:00,47.65,47.59,47.75,47.49,386,1779884399.345,LTCUSD_otc
361,2026-05-27 12:20:00,47.59,47.18,47.6,47.11,380,1779884699.842,LTCUSD_otc
361,2026-05-27 12:25:00,47.18,46.76,47.23,46.76,380,1779884999.698,LTCUSD_otc
361,2026-05-27 12:30:00,46.76,46.63,46.77,46.41,401,1779885299.649,LTCUSD_otc
361,2026-05-27 12:35:00,46.64,46.59,46.64,46.4,381,1779885599.594,LTCUSD_otc
361,2026-05-27 12:40:00,46.58,47.05,47.06,46.54,380,1779885899.603,LTCUSD_otc
361,2026-05-27 12:45:00,47.06,47.12,47.16,46.9,412,1779886199.985,LTCUSD_otc
361,2026-05-27 12:50:00,47.12,46.89,47.18,46.86,375,1779886497.413,LTCUSD_otc
361,2026-05-27 12:55:00,46.89,46.88,47.06,46.76,409,1779886799.889,LTCUSD_otc
361,2026-05-27 13:00:00,46.88,47.06,47.14,46.84,399,1779887099.835,LTCUSD_otc
361,2026-05-27 13:05:00,47.06,46.93,47.1,46.87,421,1779887399.789,LTCUSD_otc
361,2026-05-27 13:10:00,46.94,46.81,47.04,46.74,415,1779887699.751,LTCUSD_otc
361,2026-05-27 13:15:00,46.82,46.66,46.85,46.44,402,1779887999.674,LTCUSD_otc
361,2026-05-27 13:20:00,46.65,46.88,46.91,46.47,375,1779888299.635,LTCUSD_otc
361,2026-05-27 13:25:00,46.88,47.0,47.08,46.87,390,1779888599.036,LTCUSD_otc
361,2026-05-27 13:30:00,47.0,47.1,47.16,46.89,413,1779888899.427,LTCUSD_otc
361,2026-05-27 13:35:00,47.1,47.11,47.38,47.09,404,1779889199.405,LTCUSD_otc
361,2026-05-27 13:40:00,47.11,46.96,47.14,46.81,408,1779889499.77,LTCUSD_otc
361,2026-05-27 13:45:00,46.96,46.68,47.06,46.68,395,1779889799.769,LTCUSD_otc
361,2026-05-27 13:50:00,46.68,46.83,46.96,46.68,392,1779890099.605,LTCUSD_otc
361,2026-05-27 13:55:00,46.84,46.73,46.91,46.62,399,1779890398.999,LTCUSD_otc
361,2026-05-27 14:00:00,46.73,46.32,46.79,46.24,397,1779890697.974,LTCUSD_otc
361,2026-05-27 14:05:00,46.32,46.3,46.43,46.14,393,1779890999.388,LTCUSD_otc
361,2026-05-27 14:10:00,46.3,46.4,46.52,46.27,374,1779891299.845,LTCUSD_otc
361,2026-05-27 14:15:00,46.41,46.76,46.77,46.31,396,1779891599.728,LTCUSD_otc
361,2026-05-27 14:20:00,46.76,46.79,46.79,46.5,385,1779891899.713,LTCUSD_otc
361,2026-05-27 14:25:00,46.79,46.79,46.95,46.67,387,1779892199.566,LTCUSD_otc
361,2026-05-27 14:30:00,46.79,46.48,46.82,46.42,392,1779892499.554,LTCUSD_otc
361,2026-05-27 14:35:00,46.49,46.74,46.77,46.43,408,1779892799.996,LTCUSD_otc
361,2026-05-27 14:40:00,46.74,46.33,46.75,46.26,410,1779893099.982,LTCUSD_otc
361,2026-05-27 14:45:00,46.33,46.75,46.75,46.31,392,1779893399.384,LTCUSD_otc
361,2026-05-27 14:50:00,46.76,46.84,46.84,46.65,398,1779893699.86,LTCUSD_otc
361,2026-05-27 14:55:00,46.84,47.0,47.04,46.78,410,1779893999.799,LTCUSD_otc
361,2026-05-27 15:00:00,47.0,46.7,47.07,46.68,367,1779894299.784,LTCUSD_otc
361,2026-05-27 15:05:00,46.71,46.93,46.97,46.7,384,1779894599.707,LTCUSD_otc
361,2026-05-27 15:10:00,46.93,46.87,47.13,46.87,406,1779894899.609,LTCUSD_otc
361,2026-05-27 15:15:00,46.87,46.96,47.03,46.73,387,1779895199.554,LTCUSD_otc
361,2026-05-27 15:20:00,46.95,47.02,47.12,46.87,400,1779895499.54,LTCUSD_otc
361,2026-05-27 15:25:00,47.02,47.02,47.07,46.78,391,1779895799.958,LTCUSD_otc
361,2026-05-27 15:30:00,47.02,46.97,47.04,46.87,405,1779896099.959,LTCUSD_otc
361,2026-05-27 15:35:00,46.97,47.11,47.17,46.91,401,1779896399.905,LTCUSD_otc
361,2026-05-27 15:40:00,47.11,46.94,47.13,46.89,385,1779896699.32,LTCUSD_otc
361,2026-05-27 15:45:00,46.94,46.76,47.03,46.7,388,1779896999.259,LTCUSD_otc
361,2026-05-27 15:50:00,46.76,46.7,46.83,46.65,377,1779897299.699,LTCUSD_otc
361,2026-05-27 15:55:00,46.7,46.42,46.76,46.41,394,1779897599.629,LTCUSD_otc
361,2026-05-27 16:00:00,46.42,46.62,46.83,46.41,397,1779897899.61,LTCUSD_otc
361,2026-05-27 16:05:00,46.62,46.25,46.62,46.18,410,1779898199.597,LTCUSD_otc
361,2026-05-27 16:10:00,46.25,45.92,46.27,45.82,384,1779898499.498,LTCUSD_otc
361,2026-05-27 16:15:00,45.92,46.02,46.09,45.85,388,1779898799.951,LTCUSD_otc
361,2026-05-27 16:20:00,46.02,45.83,46.08,45.81,389,1779899099.938,LTCUSD_otc
361,2026-05-27 16:25:00,45.83,46.01,46.01,45.67,397,1779899398.879,LTCUSD_otc
361,2026-05-27 16:30:00,46.02,46.09,46.22,45.86,389,1779899699.89,LTCUSD_otc
361,2026-05-27 16:35:00,46.08,45.93,46.1,45.79,402,1779899999.803,LTCUSD_otc
361,2026-05-27 16:40:00,45.93,45.75,45.95,45.62,403,1779900298.777,LTCUSD_otc
361,2026-05-27 16:45:00,45.76,45.81,45.85,45.65,398,1779900599.65,LTCUSD_otc
361,2026-05-27 16:50:00,45.81,46.04,46.07,45.73,400,1779900899.569,LTCUSD_otc
361,2026-05-27 16:55:00,46.04,45.87,46.17,45.83,376,1779901198.536,LTCUSD_otc
361,2026-05-27 17:00:00,45.88,45.96,46.06,45.79,401,1779901499.482,LTCUSD_otc
361,2026-05-27 17:05:00,45.96,45.95,46.09,45.77,389,1779901799.972,LTCUSD_otc
361,2026-05-27 17:10:00,45.93,45.95,46.14,45.86,408,1779902099.852,LTCUSD_otc
361,2026-05-27 17:15:00,45.95,45.79,45.96,45.75,388,1779902399.84,LTCUSD_otc
361,2026-05-27 17:20:00,45.79,46.09,46.11,45.77,381,1779902699.226,LTCUSD_otc
361,2026-05-27 17:25:00,46.09,46.35,46.37,46.08,385,1779902997.728,LTCUSD_otc
361,2026-05-27 17:30:00,46.35,46.15,46.46,46.15,419,1779903299.138,LTCUSD_otc
361,2026-05-27 17:35:00,46.15,46.31,46.43,46.12,396,1779903599.647,LTCUSD_otc
361,2026-05-27 17:40:00,46.31,45.88,46.4,45.87,403,1779903899.984,LTCUSD_otc
361,2026-05-27 17:45:00,45.87,45.84,45.99,45.78,395,1779904199.978,LTCUSD_otc
361,2026-05-27 17:50:00,45.87,45.84,46.01,45.78,406,1779904497.39,LTCUSD_otc
361,2026-05-27 17:55:00,45.84,45.78,45.94,45.74,396,1779904799.932,LTCUSD_otc
361,2026-05-27 18:00:00,45.78,45.79,45.9,45.54,415,1779905099.322,LTCUSD_otc
361,2026-05-27 18:05:00,45.79,45.77,46.0,45.7,392,1779905399.843,LTCUSD_otc
361,2026-05-27 18:10:00,45.77,45.94,46.02,45.76,387,1779905698.69,LTCUSD_otc
361,2026-05-27 18:15:00,45.94,45.62,46.18,45.59,395,1779905999.659,LTCUSD_otc
361,2026-05-27 18:20:00,45.62,45.92,45.94,45.54,396,1779906299.519,LTCUSD_otc
361,2026-05-27 18:25:00,45.92,45.62,46.03,45.6,380,1779906599.477,LTCUSD_otc
361,2026-05-27 18:30:00,45.62,45.87,45.94,45.55,400,1779906899.422,LTCUSD_otc
361,2026-05-27 18:35:00,45.87,45.89,45.96,45.73,392,1779907199.871,LTCUSD_otc
361,2026-05-27 18:40:00,45.89,46.04,46.07,45.89,394,1779907499.772,LTCUSD_otc
361,2026-05-27 18:45:00,46.04,46.0,46.2,45.92,384,1779907799.618,LTCUSD_otc
361,2026-05-27 18:50:00,46.02,45.75,46.12,45.73,405,1779908099.634,LTCUSD_otc
361,2026-05-27 18:55:00,45.75,45.41,45.8,45.4,420,1779908399.571,LTCUSD_otc
361,2026-05-27 19:00:00,45.41,45.53,45.53,45.18,407,1779908699.538,LTCUSD_otc
361,2026-05-27 19:05:00,45.53,45.6,45.64,45.36,404,1779908999.997,LTCUSD_otc
361,2026-05-27 19:10:00,45.6,45.12,45.6,45.12,405,1779909299.897,LTCUSD_otc
361,2026-05-27 19:15:00,45.13,45.43,45.46,45.09,412,1779909598.77,LTCUSD_otc
361,2026-05-27 19:20:00,45.43,45.57,45.6,45.34,392,1779909898.27,LTCUSD_otc
361,2026-05-27 19:25:00,45.57,45.13,45.57,45.08,389,1779910199.64,LTCUSD_otc
361,2026-05-27 19:30:00,45.12,44.95,45.12,44.86,426,1779910499.102,LTCUSD_otc
361,2026-05-27 19:35:00,44.94,45.33,45.35,44.82,426,1779910799.063,LTCUSD_otc
361,2026-05-27 19:40:00,45.32,45.45,45.53,45.21,402,1779911099.533,LTCUSD_otc
361,2026-05-27 19:45:00,45.49,45.57,45.68,45.46,405,1779911398.936,LTCUSD_otc
361,2026-05-27 19:50:00,45.57,45.12,45.67,45.07,391,1779911699.402,LTCUSD_otc
361,2026-05-27 19:55:00,45.12,45.12,45.16,44.8,385,1779911999.265,LTCUSD_otc
361,2026-05-27 20:00:00,45.11,45.24,45.36,45.11,390,1779912297.223,LTCUSD_otc
361,2026-05-27 20:05:00,45.24,45.3,45.4,45.13,397,1779912598.684,LTCUSD_otc
361,2026-05-27 20:10:00,45.3,45.19,45.49,45.13,407,1779912899.176,LTCUSD_otc
361,2026-05-27 20:15:00,45.18,45.31,45.38,45.05,403,1779913199.598,LTCUSD_otc
361,2026-05-27 20:20:00,45.31,45.14,45.33,45.12,404,1779913499.549,LTCUSD_otc
361,2026-05-27 20:25:00,45.14,45.01,45.27,44.99,415,1779913799.952,LTCUSD_otc
361,2026-05-27 20:30:00,45.01,45.25,45.31,44.91,400,1779914099.914,LTCUSD_otc
361,2026-05-27 20:35:00,45.25,45.41,45.57,45.22,421,1779914399.83,LTCUSD_otc
361,2026-05-27 20:40:00,45.41,45.37,45.47,45.29,399,1779914699.752,LTCUSD_otc
361,2026-05-27 20:45:00,45.38,45.32,45.46,45.26,397,1779914999.164,LTCUSD_otc
361,2026-05-27 20:50:00,45.33,45.19,45.34,45.07,400,1779915299.583,LTCUSD_otc
361,2026-05-27 20:55:00,45.21,45.6,45.68,45.18,404,1779915599.523,LTCUSD_otc
361,2026-05-27 21:00:00,45.6,45.5,45.67,45.41,400,1779915899.928,LTCUSD_otc
361,2026-05-27 21:05:00,45.5,45.47,45.66,45.42,392,1779916199.889,LTCUSD_otc
361,2026-05-27 21:10:00,45.47,45.84,45.85,45.47,416,1779916499.758,LTCUSD_otc
361,2026-05-27 21:15:00,45.85,45.7,45.97,45.61,395,1779916799.685,LTCUSD_otc
361,2026-05-27 21:20:00,45.7,45.78,45.96,45.7,412,1779917099.585,LTCUSD_otc
361,2026-05-27 21:25:00,45.77,45.9,45.95,45.72,403,1779917399.555,LTCUSD_otc
361,2026-05-27 21:30:00,45.89,45.75,45.96,45.68,421,1779917699.952,LTCUSD_otc
361,2026-05-27 21:35:00,45.76,45.81,45.85,45.58,410,1779917999.903,LTCUSD_otc
361,2026-05-27 21:40:00,45.81,45.97,46.01,45.71,414,1779918299.717,LTCUSD_otc
361,2026-05-27 21:45:00,45.97,46.2,46.22,45.97,404,1779918599.065,LTCUSD_otc
361,2026-05-27 21:50:00,46.19,45.98,46.28,45.97,404,1779918899.529,LTCUSD_otc
361,2026-05-27 21:55:00,45.98,46.33,46.44,45.96,395,1779919199.917,LTCUSD_otc
361,2026-05-27 22:00:00,46.33,46.49,46.49,46.28,395,1779919499.878,LTCUSD_otc
361,2026-05-27 22:05:00,46.48,46.4,46.54,46.4,402,1779919799.799,LTCUSD_otc
361,2026-05-27 22:10:00,46.41,46.39,46.41,46.18,381,1779920099.27,LTCUSD_otc
361,2026-05-27 22:15:00,46.39,46.22,46.41,46.12,382,1779920399.084,LTCUSD_otc
361,2026-05-27 22:20:00,46.23,46.21,46.28,46.14,397,1779920699.945,LTCUSD_otc
361,2026-05-27 22:25:00,46.2,46.11,46.36,46.09,403,1779920999.942,LTCUSD_otc
361,2026-05-27 22:30:00,46.11,46.25,46.31,46.06,403,1779921299.825,LTCUSD_otc
361,2026-05-27 22:35:00,46.25,46.25,46.46,46.25,400,1779921599.279,LTCUSD_otc
361,2026-05-27 22:40:00,46.25,46.41,46.43,46.25,394,1779921899.605,LTCUSD_otc
361,2026-05-27 22:45:00,46.41,46.39,46.56,46.27,422,1779922199.564,LTCUSD_otc
361,2026-05-27 22:50:00,46.39,46.28,46.51,46.26,409,1779922499.417,LTCUSD_otc
361,2026-05-27 22:55:00,46.28,46.32,46.41,46.16,394,1779922799.805,LTCUSD_otc
361,2026-05-27 23:00:00,46.33,46.48,46.52,46.26,397,1779923099.767,LTCUSD_otc
361,2026-05-27 23:05:00,46.51,46.25,46.6,46.24,395,1779923399.693,LTCUSD_otc
361,2026-05-27 23:10:00,46.27,46.43,46.45,46.16,402,1779923699.623,LTCUSD_otc
361,2026-05-27 23:15:00,46.42,46.34,46.45,46.32,383,1779923999.492,LTCUSD_otc
361,2026-05-27 23:20:00,46.34,46.32,46.46,46.13,409,1779924299.955,LTCUSD_otc
361,2026-05-27 23:25:00,46.32,46.06,46.37,46.0,382,1779924599.833,LTCUSD_otc
361,2026-05-27 23:30:00,46.06,45.92,46.1,45.73,386,1779924899.827,LTCUSD_otc
361,2026-05-27 23:35:00,45.92,46.07,46.09,45.87,395,1779925199.188,LTCUSD_otc
361,2026-05-27 23:40:00,46.07,46.05,46.1,45.9,402,1779925498.632,LTCUSD_otc
361,2026-05-27 23:45:00,46.04,46.1,46.25,46.01,427,1779925799.518,LTCUSD_otc
361,2026-05-27 23:50:00,46.1,46.08,46.23,46.0,401,1779926099.964,LTCUSD_otc
361,2026-05-27 23:55:00,46.08,46.02,46.16,45.86,405,1779926399.857,LTCUSD_otc
361,2026-05-28 00:00:00,46.02,46.14,46.24,46.0,388,1779926699.794,LTCUSD_otc
361,2026-05-28 00:05:00,46.14,46.31,46.39,45.92,412,1779926998.734,LTCUSD_otc
361,2026-05-28 00:10:00,46.31,45.97,46.36,45.92,399,1779927299.64,LTCUSD_otc
361,2026-05-28 00:15:00,45.97,45.9,46.04,45.65,389,1779927599.575,LTCUSD_otc
361,2026-05-28 00:20:00,45.91,46.12,46.12,45.81,410,1779927899.966,LTCUSD_otc
361,2026-05-28 00:25:00,46.13,46.11,46.23,45.96,384,1779928199.433,LTCUSD_otc
361,2026-05-28 00:30:00,46.11,46.15,46.32,46.11,387,1779928499.303,LTCUSD_otc
361,2026-05-28 00:35:00,46.15,46.14,46.34,46.06,409,1779928799.29,LTCUSD_otc
361,2026-05-28 00:40:00,46.15,45.85,46.16,45.83,386,1779929099.669,LTCUSD_otc
361,2026-05-28 00:45:00,45.85,45.68,45.93,45.6,403,1779929399.111,LTCUSD_otc
361,2026-05-28 00:50:00,45.68,45.37,45.75,45.29,414,1779929699.989,LTCUSD_otc
361,2026-05-28 00:55:00,45.37,45.35,45.48,45.29,400,1779929999.889,LTCUSD_otc
361,2026-05-28 01:00:00,45.35,45.68,45.7,45.26,401,1779930298.808,LTCUSD_otc
361,2026-05-28 01:05:00,45.68,45.88,45.93,45.59,393,1779930599.175,LTCUSD_otc
361,2026-05-28 01:10:00,45.88,45.72,45.94,45.7,391,1779930899.142,LTCUSD_otc
361,2026-05-28 01:15:00,45.72,45.59,45.72,45.54,407,1779931199.036,LTCUSD_otc
361,2026-05-28 01:20:00,45.59,45.54,45.65,45.39,400,1779931499.536,LTCUSD_otc
361,2026-05-28 01:25:00,45.54,45.9,46.05,45.53,402,1779931798.348,LTCUSD_otc
361,2026-05-28 01:30:00,45.9,46.0,46.11,45.84,392,1779932099.321,LTCUSD_otc
361,2026-05-28 01:35:00,46.0,45.98,46.21,45.92,395,1779932399.7,LTCUSD_otc
361,2026-05-28 01:40:00,45.98,45.89,45.98,45.81,394,1779932699.678,LTCUSD_otc
361,2026-05-28 01:45:00,45.89,45.88,45.92,45.74,399,1779932999.606,LTCUSD_otc
361,2026-05-28 01:50:00,45.88,46.08,46.18,45.77,410,1779933299.998,LTCUSD_otc
361,2026-05-28 01:55:00,46.08,46.32,46.37,46.07,395,1779933599.947,LTCUSD_otc
361,2026-05-28 02:00:00,46.32,46.24,46.36,46.19,415,1779933898.88,LTCUSD_otc
361,2026-05-28 02:05:00,46.24,46.36,46.41,46.19,396,1779934199.807,LTCUSD_otc
361,2026-05-28 02:10:00,46.36,46.35,46.54,46.27,385,1779934499.719,LTCUSD_otc
361,2026-05-28 02:15:00,46.35,46.46,46.6,46.29,410,1779934799.651,LTCUSD_otc
361,2026-05-28 02:20:00,46.44,46.34,46.61,46.31,412,1779935099.552,LTCUSD_otc
361,2026-05-28 02:25:00,46.34,46.17,46.34,46.0,396,1779935398.515,LTCUSD_otc
361,2026-05-28 02:30:00,46.17,45.98,46.21,45.94,426,1779935699.863,LTCUSD_otc
361,2026-05-28 02:35:00,45.98,46.14,46.24,45.87,392,1779935999.849,LTCUSD_otc
361,2026-05-28 02:40:00,46.15,46.1,46.25,45.97,423,1779936299.729,LTCUSD_otc
361,2026-05-28 02:45:00,46.1,46.44,46.48,46.09,405,1779936599.73,LTCUSD_otc
361,2026-05-28 02:50:00,46.45,46.51,46.55,46.22,390,1779936899.558,LTCUSD_otc
361,2026-05-28 02:55:00,46.51,46.86,46.9,46.51,414,1779937199.494,LTCUSD_otc
361,2026-05-28 03:00:00,46.84,46.75,46.93,46.68,401,1779937499.932,LTCUSD_otc
361,2026-05-28 03:05:00,46.75,46.8,46.92,46.67,381,1779937799.793,LTCUSD_otc
361,2026-05-28 03:10:00,46.81,47.38,47.38,46.77,398,1779938099.748,LTCUSD_otc
361,2026-05-28 03:15:00,47.37,47.42,47.53,47.33,385,1779938399.092,LTCUSD_otc
361,2026-05-28 03:20:00,47.42,47.4,47.57,47.32,410,1779938699.537,LTCUSD_otc
361,2026-05-28 03:25:00,47.4,47.3,47.47,47.27,385,1779938999.95,LTCUSD_otc
361,2026-05-28 03:30:00,47.3,46.92,47.42,46.9,395,1779939299.871,LTCUSD_otc
361,2026-05-28 03:35:00,46.92,47.13,47.15,46.87,397,1779939599.834,LTCUSD_otc
361,2026-05-28 03:40:00,47.13,47.04,47.15,46.91,401,1779939899.247,LTCUSD_otc
361,2026-05-28 03:45:00,47.04,46.82,47.06,46.77,407,1779940199.657,LTCUSD_otc
361,2026-05-28 03:50:00,46.82,46.93,47.03,46.76,390,1779940499.048,LTCUSD_otc
361,2026-05-28 03:55:00,46.92,46.76,46.94,46.71,406,1779940799.993,LTCUSD_otc
361,2026-05-28 04:00:00,46.76,46.86,46.86,46.68,405,1779941099.36,LTCUSD_otc
361,2026-05-28 04:05:00,46.86,46.6,46.89,46.58,384,1779941399.842,LTCUSD_otc
361,2026-05-28 04:10:00,46.61,46.45,46.7,46.45,391,1779941699.775,LTCUSD_otc
361,2026-05-28 04:15:00,46.46,46.6,46.66,46.41,394,1779941999.75,LTCUSD_otc
361,2026-05-28 04:20:00,46.6,46.87,46.9,46.57,414,1779942299.653,LTCUSD_otc
361,2026-05-28 04:25:00,46.87,46.72,47.01,46.7,409,1779942599.644,LTCUSD_otc
361,2026-05-28 04:30:00,46.71,46.76,46.89,46.68,398,1779942899.506,LTCUSD_otc
361,2026-05-28 04:35:00,46.76,46.61,46.84,46.51,388,1779943199.956,LTCUSD_otc
361,2026-05-28 04:40:00,46.61,46.81,46.81,46.55,376,1779943499.883,LTCUSD_otc
361,2026-05-28 04:45:00,46.81,46.89,47.07,46.77,388,1779943799.876,LTCUSD_otc
361,2026-05-28 04:50:00,46.93,47.03,47.07,46.8,389,1779944099.754,LTCUSD_otc
361,2026-05-28 04:55:00,47.03,47.36,47.42,47.01,392,1779944397.762,LTCUSD_otc
361,2026-05-28 05:00:00,47.35,47.3,47.46,47.19,412,1779944699.65,LTCUSD_otc
361,2026-05-28 05:05:00,47.3,47.24,47.6,47.22,387,1779944999.656,LTCUSD_otc
361,2026-05-28 05:10:00,47.25,46.88,47.25,46.77,393,1779945299.558,LTCUSD_otc
361,2026-05-28 05:15:00,46.88,46.91,47.0,46.75,388,1779945599.562,LTCUSD_otc
361,2026-05-28 05:20:00,46.91,47.07,47.17,46.85,405,1779945899.935,LTCUSD_otc
361,2026-05-28 05:25:00,47.06,46.95,47.2,46.87,402,1779946199.912,LTCUSD_otc
361,2026-05-28 05:30:00,46.95,46.92,47.1,46.81,400,1779946499.297,LTCUSD_otc
361,2026-05-28 05:35:00,46.92,47.18,47.24,46.83,407,1779946799.789,LTCUSD_otc
361,2026-05-28 05:40:00,47.18,46.96,47.29,46.96,386,1779947099.681,LTCUSD_otc
361,2026-05-28 05:45:00,46.95,46.75,47.0,46.64,398,1779947399.707,LTCUSD_otc
361,2026-05-28 05:50:00,46.75,46.9,46.91,46.58,406,1779947699.583,LTCUSD_otc
361,2026-05-28 05:55:00,46.9,46.57,46.92,46.52,396,1779947999.506,LTCUSD_otc
361,2026-05-28 06:00:00,46.56,46.67,46.73,46.5,407,1779948299.93,LTCUSD_otc
361,2026-05-28 06:05:00,46.67,46.71,46.97,46.65,380,1779948599.392,LTCUSD_otc
361,2026-05-28 06:10:00,46.71,46.65,46.89,46.58,404,1779948899.833,LTCUSD_otc
361,2026-05-28 06:15:00,46.65,46.45,46.66,46.38,418,1779949199.831,LTCUSD_otc
361,2026-05-28 06:20:00,46.45,46.55,46.66,46.37,394,1779949499.773,LTCUSD_otc
361,2026-05-28 06:25:00,46.55,46.52,46.57,46.35,396,1779949799.789,LTCUSD_otc
361,2026-05-28 06:30:00,46.52,46.55,46.66,46.39,388,1779950098.674,LTCUSD_otc
361,2026-05-28 06:35:00,46.54,46.63,46.77,46.49,385,1779950399.646,LTCUSD_otc
361,2026-05-28 06:40:00,46.63,46.64,46.71,46.53,409,1779950699.585,LTCUSD_otc
361,2026-05-28 06:45:00,46.64,46.46,46.64,46.39,421,1779950999.608,LTCUSD_otc
361,2026-05-28 06:50:00,46.47,46.32,46.49,46.19,387,1779951299.473,LTCUSD_otc
361,2026-05-28 06:55:00,46.31,46.48,46.5,46.2,406,1779951599.969,LTCUSD_otc
361,2026-05-28 07:00:00,46.48,46.51,46.55,46.36,395,1779951899.845,LTCUSD_otc
361,2026-05-28 07:05:00,46.51,46.53,46.53,46.4,386,1779952199.905,LTCUSD_otc
361,2026-05-28 07:10:00,46.53,46.62,46.71,46.46,404,1779952499.785,LTCUSD_otc
361,2026-05-28 07:15:00,46.6,46.83,46.87,46.59,387,1779952796.75,LTCUSD_otc
361,2026-05-28 07:20:00,46.83,46.99,47.04,46.78,393,1779953099.639,LTCUSD_otc
361,2026-05-28 07:25:00,46.99,47.0,47.17,46.96,387,1779953399.138,LTCUSD_otc
361,2026-05-28 07:30:00,47.0,46.69,47.0,46.67,413,1779953699.551,LTCUSD_otc
361,2026-05-28 07:35:00,46.68,46.9,46.9,46.58,383,1779953999.513,LTCUSD_otc
361,2026-05-28 07:40:00,46.9,46.94,47.06,46.79,414,1779954299.905,LTCUSD_otc
361,2026-05-28 07:45:00,46.94,46.97,47.03,46.85,387,1779954598.873,LTCUSD_otc
361,2026-05-28 07:50:00,46.97,46.95,47.07,46.82,395,1779954899.781,LTCUSD_otc
361,2026-05-28 07:55:00,46.95,46.82,46.95,46.69,409,1779955198.791,LTCUSD_otc
361,2026-05-28 08:00:00,46.82,46.91,47.19,46.79,391,1779955499.639,LTCUSD_otc
361,2026-05-28 08:05:00,46.92,46.93,47.2,46.89,406,1779955799.614,LTCUSD_otc
361,2026-05-28 08:10:00,46.92,46.94,47.06,46.82,394,1779956099.515,LTCUSD_otc
361,2026-05-28 08:15:00,46.94,47.0,47.25,46.92,387,1779956399.023,LTCUSD_otc
361,2026-05-28 08:20:00,47.0,47.25,47.31,46.88,404,1779956698.407,LTCUSD_otc
361,2026-05-28 08:25:00,47.24,47.16,47.34,47.1,407,1779956999.404,LTCUSD_otc
361,2026-05-28 08:30:00,47.16,47.47,47.47,47.11,393,1779957299.81,LTCUSD_otc
361,2026-05-28 08:35:00,47.47,47.58,47.78,47.46,385,1779957599.259,LTCUSD_otc
361,2026-05-28 08:40:00,47.58,47.27,47.59,47.23,416,1779957899.709,LTCUSD_otc
361,2026-05-28 08:45:00,47.27,47.13,47.47,47.11,387,1779958199.161,LTCUSD_otc
361,2026-05-28 08:50:00,47.13,47.26,47.31,47.02,400,1779958499.506,LTCUSD_otc
361,2026-05-28 08:55:00,47.26,47.1,47.33,47.04,393,1779958799.895,LTCUSD_otc
361,2026-05-28 09:00:00,47.1,47.65,47.69,47.08,403,1779959099.849,LTCUSD_otc
361,2026-05-28 09:05:00,47.65,47.38,47.8,47.37,402,1779959399.851,LTCUSD_otc
361,2026-05-28 09:10:00,47.38,47.36,47.58,47.17,390,1779959699.708,LTCUSD_otc
361,2026-05-28 09:15:00,47.37,47.27,47.51,47.27,414,1779959999.596,LTCUSD_otc
361,2026-05-28 09:20:00,47.27,47.46,47.57,47.22,404,1779960299.093,LTCUSD_otc
361,2026-05-28 09:25:00,47.47,47.24,47.47,47.22,381,1779960599.56,LTCUSD_otc
361,2026-05-28 09:30:00,47.24,47.45,47.5,47.2,403,1779960899.482,LTCUSD_otc
361,2026-05-28 09:35:00,47.45,47.61,47.64,47.41,401,1779961199.87,LTCUSD_otc
361,2026-05-28 09:40:00,47.62,47.58,47.68,47.46,398,1779961499.875,LTCUSD_otc
361,2026-05-28 09:45:00,47.58,47.12,47.59,47.06,405,1779961799.769,LTCUSD_otc
361,2026-05-28 09:50:00,47.12,47.28,47.33,47.1,427,1779962099.248,LTCUSD_otc
361,2026-05-28 09:55:00,47.27,47.11,47.34,47.07,396,1779962399.699,LTCUSD_otc
361,2026-05-28 10:00:00,47.12,46.56,47.12,46.5,415,1779962698.624,LTCUSD_otc
361,2026-05-28 10:05:00,46.56,46.35,46.57,46.19,398,1779962999.561,LTCUSD_otc
361,2026-05-28 10:10:00,46.37,46.36,46.42,46.19,425,1779963299.512,LTCUSD_otc
361,2026-05-28 10:15:00,46.36,46.52,46.52,46.26,374,1779963599.875,LTCUSD_otc
361,2026-05-28 10:20:00,46.54,46.74,46.89,46.47,402,1779963899.843,LTCUSD_otc
361,2026-05-28 10:25:00,46.74,46.89,46.92,46.7,419,1779964199.744,LTCUSD_otc
361,2026-05-28 10:30:00,46.89,46.69,46.89,46.61,395,1779964499.767,LTCUSD_otc
361,2026-05-28 10:35:00,46.69,46.67,46.92,46.62,390,1779964799.09,LTCUSD_otc
361,2026-05-28 10:40:00,46.67,46.51,46.72,46.51,390,1779965098.57,LTCUSD_otc
361,2026-05-28 10:45:00,46.52,46.34,46.53,46.33,392,1779965399.992,LTCUSD_otc
361,2026-05-28 10:50:00,46.34,46.44,46.48,46.17,394,1779965699.986,LTCUSD_otc
361,2026-05-28 10:55:00,46.44,46.17,46.51,46.11,406,1779965999.844,LTCUSD_otc
361,2026-05-28 11:00:00,46.17,46.08,46.19,45.91,410,1779966299.801,LTCUSD_otc
361,2026-05-28 11:05:00,46.08,45.72,46.09,45.65,410,1779966599.234,LTCUSD_otc
361,2026-05-28 11:10:00,45.72,45.66,45.76,45.53,402,1779966899.61,LTCUSD_otc
361,2026-05-28 11:15:00,45.66,45.48,45.69,45.48,381,1779967199.581,LTCUSD_otc
361,2026-05-28 11:20:00,45.48,45.53,45.8,45.43,424,1779967499.964,LTCUSD_otc
361,2026-05-28 11:25:00,45.53,45.11,45.59,44.94,396,1779967799.939,LTCUSD_otc
361,2026-05-28 11:30:00,45.11,45.16,45.16,44.97,401,1779968099.774,LTCUSD_otc
361,2026-05-28 11:35:00,45.16,44.95,45.23,44.92,390,1779968399.173,LTCUSD_otc
361,2026-05-28 11:40:00,44.95,44.82,45.22,44.81,384,1779968699.15,LTCUSD_otc
361,2026-05-28 11:45:00,44.82,44.88,45.19,44.82,397,1779968999.548,LTCUSD_otc
361,2026-05-28 11:50:00,44.87,44.86,44.89,44.72,422,1779969299.548,LTCUSD_otc
361,2026-05-28 11:55:00,44.86,44.78,44.99,44.75,408,1779969599.909,LTCUSD_otc
361,2026-05-28 12:00:00,44.78,44.64,44.78,44.41,388,1779969899.911,LTCUSD_otc
361,2026-05-28 12:05:00,44.64,44.45,44.71,44.43,399,1779970199.271,LTCUSD_otc
361,2026-05-28 12:10:00,44.44,44.71,44.71,44.42,401,1779970499.298,LTCUSD_otc
361,2026-05-28 12:15:00,44.71,44.5,44.74,44.4,383,1779970799.722,LTCUSD_otc
361,2026-05-28 12:20:00,44.5,44.33,44.58,44.3,399,1779971098.711,LTCUSD_otc
361,2026-05-28 12:25:00,44.33,44.41,44.44,44.17,410,1779971399.583,LTCUSD_otc
361,2026-05-28 12:30:00,44.41,44.55,44.65,44.39,407,1779971699.555,LTCUSD_otc
361,2026-05-28 12:35:00,44.54,44.65,44.67,44.47,384,1779971999.876,LTCUSD_otc
361,2026-05-28 12:40:00,44.65,44.75,44.88,44.63,393,1779972299.303,LTCUSD_otc
361,2026-05-28 12:45:00,44.74,44.99,45.02,44.66,376,1779972599.287,LTCUSD_otc
361,2026-05-28 12:50:00,44.99,44.76,45.01,44.72,380,1779972899.746,LTCUSD_otc
361,2026-05-28 12:55:00,44.76,44.68,44.97,44.64,403,1779973199.167,LTCUSD_otc
361,2026-05-28 13:00:00,44.68,44.69,44.8,44.58,430,1779973499.596,LTCUSD_otc
361,2026-05-28 13:05:00,44.7,44.37,44.74,44.32,390,1779973799.555,LTCUSD_otc
361,2026-05-28 13:10:00,44.37,44.08,44.44,44.01,391,1779974099.478,LTCUSD_otc
361,2026-05-28 13:15:00,44.08,44.01,44.08,43.82,410,1779974399.458,LTCUSD_otc
361,2026-05-28 13:20:00,44.01,43.97,44.09,43.85,400,1779974698.876,LTCUSD_otc
361,2026-05-28 13:25:00,43.97,43.83,44.09,43.78,412,1779974999.821,LTCUSD_otc
361,2026-05-28 13:30:00,43.83,43.73,44.1,43.73,391,1779975299.74,LTCUSD_otc
361,2026-05-28 13:35:00,43.73,43.67,43.87,43.62,408,1779975599.673,LTCUSD_otc
361,2026-05-28 13:40:00,43.66,43.47,43.73,43.47,397,1779975899.612,LTCUSD_otc
361,2026-05-28 13:45:00,43.47,43.25,43.52,43.23,382,1779976199.09,LTCUSD_otc
361,2026-05-28 13:50:00,43.25,43.22,43.37,43.09,388,1779976499.564,LTCUSD_otc
361,2026-05-28 13:55:00,43.22,43.15,43.32,43.13,395,1779976799.998,LTCUSD_otc
361,2026-05-28 14:00:00,43.15,43.04,43.25,42.91,384,1779977099.989,LTCUSD_otc
361,2026-05-28 14:05:00,43.04,43.23,43.24,42.89,391,1779977399.861,LTCUSD_otc
361,2026-05-28 14:10:00,43.22,43.15,43.35,43.09,391,1779977699.901,LTCUSD_otc
361,2026-05-28 14:15:00,43.15,43.1,43.26,43.08,406,1779977999.807,LTCUSD_otc
361,2026-05-28 14:20:00,43.1,43.03,43.2,42.94,405,1779978299.825,LTCUSD_otc
361,2026-05-28 14:25:00,43.03,42.97,43.06,42.88,380,1779978599.246,LTCUSD_otc
361,2026-05-28 14:30:00,42.94,43.3,43.36,42.92,423,1779978899.258,LTCUSD_otc
361,2026-05-28 14:35:00,43.3,43.52,43.65,43.28,407,1779979199.584,LTCUSD_otc
361,2026-05-28 14:40:00,43.51,43.53,43.73,43.38,419,1779979499.132,LTCUSD_otc
361,2026-05-28 14:45:00,43.53,43.32,43.59,43.2,388,1779979799.546,LTCUSD_otc
361,2026-05-28 14:50:00,43.32,43.36,43.43,43.2,405,1779980099.527,LTCUSD_otc
361,2026-05-28 14:55:00,43.37,43.16,43.37,43.09,394,1779980399.918,LTCUSD_otc
361,2026-05-28 15:00:00,43.16,43.21,43.26,43.03,402,1779980699.925,LTCUSD_otc
361,2026-05-28 15:05:00,43.21,43.22,43.34,43.12,409,1779980997.746,LTCUSD_otc
361,2026-05-28 15:10:00,43.24,43.21,43.35,43.18,399,1779981299.673,LTCUSD_otc
361,2026-05-28 15:15:00,43.21,43.21,43.46,43.19,422,1779981599.11,LTCUSD_otc
361,2026-05-28 15:20:00,43.2,43.28,43.38,43.11,389,1779981899.558,LTCUSD_otc
361,2026-05-28 15:25:00,43.29,43.16,43.41,43.14,409,1779982198.514,LTCUSD_otc
361,2026-05-28 15:30:00,43.16,42.9,43.23,42.78,386,1779982499.39,LTCUSD_otc
361,2026-05-28 15:35:00,42.9,42.83,42.97,42.75,404,1779982799.882,LTCUSD_otc
361,2026-05-28 15:40:00,42.83,42.82,42.84,42.64,400,1779983099.789,LTCUSD_otc
361,2026-05-28 15:45:00,42.82,42.87,42.95,42.61,391,1779983399.822,LTCUSD_otc
361,2026-05-28 15:50:00,42.87,42.83,42.95,42.71,421,1779983699.228,LTCUSD_otc
361,2026-05-28 15:55:00,42.83,42.82,43.03,42.75,411,1779983999.729,LTCUSD_otc
361,2026-05-28 16:00:00,42.82,42.96,43.03,42.75,387,1779984295.105,LTCUSD_otc
361,2026-05-28 16:05:00,42.96,42.75,43.02,42.73,392,1779984599.631,LTCUSD_otc
361,2026-05-28 16:10:00,42.75,43.15,43.16,42.75,395,1779984899.542,LTCUSD_otc
361,2026-05-28 16:15:00,43.16,43.26,43.35,43.04,402,1779985199.561,LTCUSD_otc
361,2026-05-28 16:20:00,43.26,43.22,43.32,43.06,411,1779985499.967,LTCUSD_otc
361,2026-05-28 16:25:00,43.22,43.02,43.26,42.95,399,1779985798.982,LTCUSD_otc
361,2026-05-28 16:30:00,43.02,43.01,43.07,42.8,420,1779986099.828,LTCUSD_otc
361,2026-05-28 16:35:00,43.01,43.16,43.3,42.91,408,1779986399.79,LTCUSD_otc
361,2026-05-28 16:40:00,43.16,42.97,43.3,42.91,406,1779986699.233,LTCUSD_otc
361,2026-05-28 16:45:00,42.97,43.13,43.2,42.93,388,1779986999.749,LTCUSD_otc
361,2026-05-28 16:50:00,43.13,42.88,43.25,42.83,380,1779987299.191,LTCUSD_otc
361,2026-05-28 16:55:00,42.87,42.93,43.04,42.82,406,1779987599.7,LTCUSD_otc
361,2026-05-28 17:00:00,42.94,43.39,43.39,42.89,398,1779987899.086,LTCUSD_otc
361,2026-05-28 17:05:00,43.39,43.23,43.52,43.18,392,1779988199.56,LTCUSD_otc
361,2026-05-28 17:10:00,43.24,43.34,43.4,43.19,404,1779988499.454,LTCUSD_otc
361,2026-05-28 17:15:00,43.34,43.48,43.51,43.3,410,1779988798.928,LTCUSD_otc
361,2026-05-28 17:20:00,43.48,43.44,43.53,43.27,407,1779989099.345,LTCUSD_otc
361,2026-05-28 17:25:00,43.44,43.36,43.45,43.21,407,1779989399.817,LTCUSD_otc
361,2026-05-28 17:30:00,43.37,43.28,43.42,43.05,390,1779989699.727,LTCUSD_otc
361,2026-05-28 17:35:00,43.3,43.4,43.5,43.22,394,1779989999.644,LTCUSD_otc
361,2026-05-28 17:40:00,43.4,43.41,43.51,43.29,379,1779990299.613,LTCUSD_otc
361,2026-05-28 17:45:00,43.41,43.3,43.45,43.23,405,1779990598.548,LTCUSD_otc
361,2026-05-28 17:50:00,43.29,43.26,43.44,43.21,408,1779990899.506,LTCUSD_otc
361,2026-05-28 17:55:00,43.26,43.15,43.39,43.05,404,1779991199.875,LTCUSD_otc
361,2026-05-28 18:00:00,43.15,42.68,43.15,42.58,397,1779991498.895,LTCUSD_otc
361,2026-05-28 18:05:00,42.68,42.32,42.69,42.31,403,1779991799.794,LTCUSD_otc
361,2026-05-28 18:10:00,42.31,42.33,42.43,42.19,415,1779992098.793,LTCUSD_otc
361,2026-05-28 18:15:00,42.33,42.26,42.37,42.1,389,1779992399.715,LTCUSD_otc
361,2026-05-28 18:20:00,42.21,42.19,42.26,42.01,394,1779992699.743,LTCUSD_otc
361,2026-05-28 18:25:00,42.19,42.06,42.23,42.02,408,1779992999.655,LTCUSD_otc
361,2026-05-28 18:30:00,42.06,42.16,42.17,41.88,403,1779993299.651,LTCUSD_otc
361,2026-05-28 18:35:00,42.16,42.38,42.43,42.14,386,1779993599.532,LTCUSD_otc
361,2026-05-28 18:40:00,42.38,42.53,42.65,42.37,397,1779993899.018,LTCUSD_otc
361,2026-05-28 18:45:00,42.53,42.59,42.66,42.37,415,1779994199.955,LTCUSD_otc
361,2026-05-28 18:50:00,42.58,42.55,42.83,42.54,407,1779994499.896,LTCUSD_otc
361,2026-05-28 18:55:00,42.55,42.81,42.88,42.51,401,1779994798.779,LTCUSD_otc
361,2026-05-28 19:00:00,42.82,42.88,42.95,42.8,423,1779995099.784,LTCUSD_otc
361,2026-05-28 19:05:00,42.88,42.81,42.89,42.66,421,1779995399.67,LTCUSD_otc
361,2026-05-28 19:10:00,42.81,42.99,43.15,42.81,400,1779995699.655,LTCUSD_otc
361,2026-05-28 19:15:00,42.99,43.33,43.37,42.99,410,1779995999.541,LTCUSD_otc
361,2026-05-28 19:20:00,43.33,43.3,43.42,43.13,410,1779996299.997,LTCUSD_otc
361,2026-05-28 19:25:00,43.3,43.44,43.44,43.2,401,1779996599.379,LTCUSD_otc
361,2026-05-28 19:30:00,43.44,43.53,43.53,43.37,401,1779996899.768,LTCUSD_otc
361,2026-05-28 19:35:00,43.54,43.2,43.57,43.2,406,1779997199.769,LTCUSD_otc
361,2026-05-28 19:40:00,43.21,43.04,43.31,42.98,403,1779997499.71,LTCUSD_otc
361,2026-05-28 19:45:00,43.04,42.87,43.05,42.87,400,1779997799.145,LTCUSD_otc
361,2026-05-28 19:50:00,42.86,43.05,43.11,42.84,367,1779998099.638,LTCUSD_otc
361,2026-05-28 19:55:00,43.04,43.35,43.45,43.04,416,1779998399.576,LTCUSD_otc
361,2026-05-28 20:00:00,43.35,43.01,43.49,42.99,402,1779998699.517,LTCUSD_otc
361,2026-05-28 20:05:00,43.01,43.16,43.21,42.97,392,1779998998.99,LTCUSD_otc
361,2026-05-28 20:10:00,43.16,43.28,43.41,43.1,416,1779999299.966,LTCUSD_otc
361,2026-05-28 20:15:00,43.27,43.16,43.33,43.16,400,1779999598.838,LTCUSD_otc
361,2026-05-28 20:20:00,43.16,43.17,43.3,43.11,410,1779999899.821,LTCUSD_otc
361,2026-05-28 20:25:00,43.17,43.51,43.51,43.15,379,1780000198.682,LTCUSD_otc
361,2026-05-28 20:30:00,43.51,43.59,43.83,43.51,408,1780000499.654,LTCUSD_otc
361,2026-05-28 20:35:00,43.58,43.54,43.65,43.36,401,1780000799.095,LTCUSD_otc
361,2026-05-28 20:40:00,43.54,43.63,43.69,43.53,409,1780001099.547,LTCUSD_otc
361,2026-05-28 20:45:00,43.66,43.71,43.82,43.52,401,1780001399.974,LTCUSD_otc
361,2026-05-28 20:50:00,43.71,43.83,43.94,43.63,403,1780001698.859,LTCUSD_otc
361,2026-05-28 20:55:00,43.83,43.74,43.91,43.64,414,1780001999.799,LTCUSD_otc
361,2026-05-28 21:00:00,43.74,43.63,43.9,43.63,417,1780002299.183,LTCUSD_otc
361,2026-05-28 21:05:00,43.64,43.56,43.7,43.49,407,1780002599.679,LTCUSD_otc
361,2026-05-28 21:10:00,43.55,43.55,43.7,43.44,385,1780002897.514,LTCUSD_otc
361,2026-05-28 21:15:00,43.55,43.54,43.67,43.39,396,1780003199.918,LTCUSD_otc
361,2026-05-28 21:20:00,43.54,43.68,43.81,43.48,390,1780003498.832,LTCUSD_otc
361,2026-05-28 21:25:00,43.68,43.22,43.75,43.18,417,1780003798.715,LTCUSD_otc
361,2026-05-28 21:30:00,43.22,42.91,43.22,42.91,365,1780004099.714,LTCUSD_otc
361,2026-05-28 21:35:00,42.91,43.02,43.08,42.77,403,1780004399.545,LTCUSD_otc
361,2026-05-28 21:40:00,43.03,43.0,43.12,42.92,403,1780004699.996,LTCUSD_otc
361,2026-05-28 21:45:00,43.0,43.14,43.15,42.9,415,1780004999.923,LTCUSD_otc
361,2026-05-28 21:50:00,43.13,43.17,43.27,43.06,397,1780005299.379,LTCUSD_otc
361,2026-05-28 21:55:00,43.17,43.22,43.36,43.14,405,1780005599.759,LTCUSD_otc
361,2026-05-28 22:00:00,43.2,43.27,43.37,43.14,404,1780005899.723,LTCUSD_otc
361,2026-05-28 22:05:00,43.27,43.21,43.33,43.05,408,1780006199.67,LTCUSD_otc
361,2026-05-28 22:10:00,43.21,43.43,43.58,43.05,406,1780006499.601,LTCUSD_otc
361,2026-05-28 22:15:00,43.43,43.42,43.61,43.39,401,1780006799.578,LTCUSD_otc
361,2026-05-28 22:20:00,43.41,43.32,43.5,43.18,407,1780007099.981,LTCUSD_otc
361,2026-05-28 22:25:00,43.32,43.16,43.38,43.07,383,1780007399.897,LTCUSD_otc
361,2026-05-28 22:30:00,43.16,43.03,43.18,42.99,402,1780007699.808,LTCUSD_otc
361,2026-05-28 22:35:00,43.03,52.24,52.29,42.99,397,1780007999.776,LTCUSD_otc
361,2026-05-28 22:40:00,52.24,51.96,52.28,51.95,388,1780008299.188,LTCUSD_otc
361,2026-05-28 22:45:00,51.96,51.86,52.04,51.83,404,1780008599.656,LTCUSD_otc
361,2026-05-28 22:50:00,51.86,51.81,52.0,51.79,400,1780008899.078,LTCUSD_otc
361,2026-05-28 22:55:00,51.81,52.03,52.1,51.8,390,1780009199.992,LTCUSD_otc
361,2026-05-28 23:00:00,52.03,52.18,52.25,52.01,388,1780009499.85,LTCUSD_otc
361,2026-05-28 23:05:00,52.17,52.03,52.33,51.99,384,1780009799.836,LTCUSD_otc
361,2026-05-28 23:10:00,52.03,51.84,52.03,51.74,400,1780010099.183,LTCUSD_otc
361,2026-05-28 23:15:00,51.84,51.59,51.89,51.54,380,1780010399.669,LTCUSD_otc
361,2026-05-28 23:20:00,51.59,51.47,51.6,51.34,395,1780010699.533,LTCUSD_otc
361,2026-05-28 23:25:00,51.47,51.46,51.59,51.23,417,1780010999.973,LTCUSD_otc
361,2026-05-28 23:30:00,51.46,51.41,51.54,51.33,393,1780011299.905,LTCUSD_otc
361,2026-05-28 23:35:00,51.43,51.59,51.68,51.42,396,1780011599.852,LTCUSD_otc
361,2026-05-28 23:40:00,51.58,51.72,51.73,51.44,393,1780011898.754,LTCUSD_otc
361,2026-05-28 23:45:00,51.72,51.66,51.85,51.63,395,1780012199.227,LTCUSD_otc
361,2026-05-28 23:50:00,51.66,51.66,51.74,51.57,388,1780012499.638,LTCUSD_otc
361,2026-05-28 23:55:00,51.66,51.57,51.7,51.41,398,1780012799.534,LTCUSD_otc
361,2026-05-29 00:00:00,51.56,51.34,51.6,51.33,405,1780013098.501,LTCUSD_otc
361,2026-05-29 00:05:00,51.33,51.43,51.53,51.32,385,1780013399.875,LTCUSD_otc
361,2026-05-29 00:10:00,51.43,51.19,51.47,51.13,422,1780013699.364,LTCUSD_otc
361,2026-05-29 00:15:00,51.19,51.18,51.36,51.12,398,1780013999.775,LTCUSD_otc
361,2026-05-29 00:20:00,51.17,51.38,51.43,51.09,414,1780014299.738,LTCUSD_otc
361,2026-05-29 00:25:00,51.38,51.38,51.42,51.23,399,1780014599.577,LTCUSD_otc
361,2026-05-29 00:30:00,51.38,51.19,51.41,51.19,408,1780014899.528,LTCUSD_otc
361,2026-05-29 00:35:00,51.2,51.23,51.38,51.15,395,1780015199.919,LTCUSD_otc
361,2026-05-29 00:40:00,51.23,51.39,51.39,50.99,385,1780015498.886,LTCUSD_otc
361,2026-05-29 00:45:00,51.39,51.28,51.48,51.2,404,1780015799.769,LTCUSD_otc
361,2026-05-29 00:50:00,51.27,51.28,51.35,51.13,389,1780016099.724,LTCUSD_otc
361,2026-05-29 00:55:00,51.28,51.58,51.63,51.27,396,1780016399.114,LTCUSD_otc
361,2026-05-29 01:00:00,51.58,51.51,51.71,51.5,394,1780016699.533,LTCUSD_otc
361,2026-05-29 01:05:00,51.5,51.62,51.66,51.41,390,1780016999.972,LTCUSD_otc
361,2026-05-29 01:10:00,51.66,51.83,51.95,51.62,396,1780017299.846,LTCUSD_otc
361,2026-05-29 01:15:00,51.83,51.59,51.83,51.49,409,1780017598.78,LTCUSD_otc
361,2026-05-29 01:20:00,51.59,51.8,51.89,51.53,398,1780017899.176,LTCUSD_otc
361,2026-05-29 01:25:00,51.82,51.67,51.93,51.58,405,1780018199.179,LTCUSD_otc
361,2026-05-29 01:30:00,51.67,51.87,51.95,51.57,395,1780018499.532,LTCUSD_otc
361,2026-05-29 01:35:00,51.87,51.74,52.02,51.73,378,1780018799.971,LTCUSD_otc
361,2026-05-29 01:40:00,51.74,51.5,51.8,51.46,406,1780019099.898,LTCUSD_otc
361,2026-05-29 01:45:00,51.5,51.47,51.56,51.33,408,1780019399.818,LTCUSD_otc
361,2026-05-29 01:50:00,51.46,51.25,51.56,51.15,408,1780019699.728,LTCUSD_otc
361,2026-05-29 01:55:00,51.25,51.43,51.46,51.19,412,1780019999.679,LTCUSD_otc
361,2026-05-29 02:00:00,51.43,51.81,51.82,51.37,390,1780020299.527,LTCUSD_otc
361,2026-05-29 02:05:00,51.81,51.59,51.93,51.59,408,1780020599.956,LTCUSD_otc
361,2026-05-29 02:10:00,51.6,51.96,51.98,51.6,396,1780020899.947,LTCUSD_otc
361,2026-05-29 02:15:00,51.96,51.99,52.19,51.95,405,1780021199.891,LTCUSD_otc
361,2026-05-29 02:20:00,51.99,52.01,52.08,51.84,422,1780021499.79,LTCUSD_otc
361,2026-05-29 02:25:00,52.0,51.92,52.16,51.87,397,1780021799.743,LTCUSD_otc
361,2026-05-29 02:30:00,51.92,51.89,52.02,51.83,420,1780022099.631,LTCUSD_otc
361,2026-05-29 02:35:00,51.89,51.91,52.07,51.87,397,1780022399.509,LTCUSD_otc
361,2026-05-29 02:40:00,51.94,51.53,51.96,51.52,404,1780022699.482,LTCUSD_otc
361,2026-05-29 02:45:00,51.5,51.42,51.63,51.42,401,1780022999.82,LTCUSD_otc
361,2026-05-29 02:50:00,51.42,51.56,51.57,51.34,404,1780023299.27,LTCUSD_otc
361,2026-05-29 02:55:00,51.57,51.95,51.97,51.45,405,1780023599.148,LTCUSD_otc
361,2026-05-29 03:00:00,51.95,51.95,52.01,51.78,380,1780023899.087,LTCUSD_otc
361,2026-05-29 03:05:00,51.95,51.8,51.98,51.76,395,1780024199.547,LTCUSD_otc
361,2026-05-29 03:10:00,51.8,51.93,52.06,51.8,391,1780024499.944,LTCUSD_otc
361,2026-05-29 03:15:00,51.93,52.07,52.1,51.78,405,1780024799.953,LTCUSD_otc
361,2026-05-29 03:20:00,52.07,52.1,52.18,51.95,411,1780025099.419,LTCUSD_otc
361,2026-05-29 03:25:00,52.1,52.19,52.25,52.02,401,1780025399.351,LTCUSD_otc
361,2026-05-29 03:30:00,52.19,52.19,52.39,52.01,378,1780025699.793,LTCUSD_otc
361,2026-05-29 03:35:00,52.19,52.39,52.51,52.14,376,1780025999.709,LTCUSD_otc
361,2026-05-29 03:40:00,52.39,52.65,52.66,52.34,422,1780026299.57,LTCUSD_otc
361,2026-05-29 03:45:00,52.65,52.5,52.75,52.48,398,1780026599.037,LTCUSD_otc
361,2026-05-29 03:50:00,52.5,52.52,52.62,52.32,381,1780026898.465,LTCUSD_otc
361,2026-05-29 03:55:00,52.52,52.57,52.75,52.46,384,1780027199.92,LTCUSD_otc
361,2026-05-29 04:00:00,52.56,52.69,52.69,52.44,393,1780027499.819,LTCUSD_otc
361,2026-05-29 04:05:00,52.69,52.46,52.72,52.38,394,1780027799.748,LTCUSD_otc
361,2026-05-29 04:10:00,52.46,52.55,52.56,52.38,379,1780028099.199,LTCUSD_otc
361,2026-05-29 04:15:00,52.55,52.88,52.88,52.51,421,1780028399.648,LTCUSD_otc
361,2026-05-29 04:20:00,52.87,53.04,53.15,52.83,405,1780028699.019,LTCUSD_otc
361,2026-05-29 04:25:00,53.05,52.8,53.09,52.8,425,1780028999.943,LTCUSD_otc
361,2026-05-29 04:30:00,52.8,53.23,53.23,52.77,394,1780029299.9,LTCUSD_otc
361,2026-05-29 04:35:00,53.23,53.11,53.26,53.05,381,1780029598.744,LTCUSD_otc
361,2026-05-29 04:40:00,53.12,53.13,53.27,52.95,414,1780029899.729,LTCUSD_otc
361,2026-05-29 04:45:00,53.14,53.24,53.4,53.03,397,1780030199.619,LTCUSD_otc
361,2026-05-29 04:50:00,53.24,53.28,53.47,53.2,405,1780030498.646,LTCUSD_otc
361,2026-05-29 04:55:00,53.28,52.96,53.42,52.93,412,1780030799.525,LTCUSD_otc
361,2026-05-29 05:00:00,52.96,52.83,53.03,52.8,409,1780031099.008,LTCUSD_otc
361,2026-05-29 05:05:00,52.83,52.31,52.88,52.31,393,1780031399.883,LTCUSD_otc
361,2026-05-29 05:10:00,52.31,52.2,52.34,52.12,413,1780031699.866,LTCUSD_otc
361,2026-05-29 05:15:00,52.2,52.16,52.37,52.11,400,1780031999.765,LTCUSD_otc
361,2026-05-29 05:20:00,52.16,52.1,52.29,52.09,406,1780032299.791,LTCUSD_otc
361,2026-05-29 05:25:00,52.1,51.83,52.15,51.8,392,1780032599.219,LTCUSD_otc
361,2026-05-29 05:30:00,51.84,52.09,52.13,51.84,386,1780032899.707,LTCUSD_otc
361,2026-05-29 05:35:00,52.08,52.02,52.25,51.96,412,1780033199.606,LTCUSD_otc
361,2026-05-29 05:40:00,52.03,51.93,52.04,51.82,376,1780033498.56,LTCUSD_otc
361,2026-05-29 05:45:00,51.92,51.81,52.02,51.81,384,1780033799.992,LTCUSD_otc
361,2026-05-29 05:50:00,51.81,51.91,51.92,51.61,409,1780034099.966,LTCUSD_otc
361,2026-05-29 05:55:00,51.91,51.55,51.95,51.55,400,1780034399.422,LTCUSD_otc
361,2026-05-29 06:00:00,51.55,51.38,51.59,51.23,400,1780034699.407,LTCUSD_otc
361,2026-05-29 06:05:00,51.38,51.32,51.42,51.19,405,1780034998.34,LTCUSD_otc
361,2026-05-29 06:10:00,51.33,51.1,51.37,51.07,393,1780035299.745,LTCUSD_otc
361,2026-05-29 06:15:00,51.1,51.14,51.29,50.96,410,1780035599.661,LTCUSD_otc
361,2026-05-29 06:20:00,51.14,50.94,51.16,50.81,384,1780035899.108,LTCUSD_otc
361,2026-05-29 06:25:00,50.93,50.78,51.0,50.7,397,1780036199.045,LTCUSD_otc
361,2026-05-29 06:30:00,50.79,50.91,50.91,50.66,388,1780036499.531,LTCUSD_otc
361,2026-05-29 06:35:00,50.92,50.84,51.0,50.73,396,1780036799.424,LTCUSD_otc
361,2026-05-29 06:40:00,50.84,50.98,51.08,50.84,402,1780037099.892,LTCUSD_otc
361,2026-05-29 06:45:00,50.98,50.71,50.99,50.53,409,1780037399.804,LTCUSD_otc
361,2026-05-29 06:50:00,50.71,50.75,50.75,50.55,375,1780037699.305,LTCUSD_otc
361,2026-05-29 06:55:00,50.75,50.91,51.03,50.7,372,1780037999.71,LTCUSD_otc
361,2026-05-29 07:00:00,50.91,50.71,50.93,50.68,413,1780038298.203,LTCUSD_otc
361,2026-05-29 07:05:00,50.71,50.51,50.74,50.44,407,1780038598.591,LTCUSD_otc
361,2026-05-29 07:10:00,50.52,50.53,50.75,50.48,411,1780038899.054,LTCUSD_otc
361,2026-05-29 07:15:00,50.53,50.61,50.62,50.47,400,1780039199.97,LTCUSD_otc
361,2026-05-29 07:20:00,50.61,50.71,50.76,50.47,420,1780039499.444,LTCUSD_otc
361,2026-05-29 07:25:00,50.75,50.74,50.94,50.7,416,1780039799.845,LTCUSD_otc
361,2026-05-29 07:30:00,50.75,50.59,50.77,50.44,403,1780040099.829,LTCUSD_otc
361,2026-05-29 07:35:00,50.59,50.18,50.6,50.18,385,1780040399.675,LTCUSD_otc
361,2026-05-29 07:40:00,50.18,50.01,50.23,49.87,395,1780040699.566,LTCUSD_otc
361,2026-05-29 07:45:00,50.0,50.24,50.27,49.9,400,1780040998.53,LTCUSD_otc
361,2026-05-29 07:50:00,50.24,50.56,50.64,50.23,414,1780041299.939,LTCUSD_otc
361,2026-05-29 07:55:00,50.56,50.79,50.79,50.47,393,1780041599.903,LTCUSD_otc
361,2026-05-29 08:00:00,50.79,50.86,50.88,50.69,395,1780041899.275,LTCUSD_otc
361,2026-05-29 08:05:00,50.86,51.23,51.23,50.76,396,1780042199.781,LTCUSD_otc
361,2026-05-29 08:10:00,51.23,51.1,51.24,51.04,408,1780042499.635,LTCUSD_otc
361,2026-05-29 08:15:00,51.09,51.31,51.33,50.94,405,1780042799.625,LTCUSD_otc
361,2026-05-29 08:20:00,51.3,51.39,51.52,51.24,417,1780043099.011,LTCUSD_otc
361,2026-05-29 08:25:00,51.39,51.93,51.97,51.38,385,1780043399.551,LTCUSD_otc
361,2026-05-29 08:30:00,51.92,51.99,52.11,51.89,405,1780043699.927,LTCUSD_otc
361,2026-05-29 08:35:00,51.99,51.93,52.15,51.89,372,1780043984.878,LTCUSD_otc
361,2026-05-29 08:40:00,51.93,51.93,51.93,51.93,0,1780044000.0,LTCUSD_otc
361,2026-05-29 08:45:00,51.93,51.93,51.93,51.93,0,1780044300.0,LTCUSD_otc
361,2026-05-29 08:50:00,51.93,51.93,51.93,51.93,0,1780044600.0,LTCUSD_otc
361,2026-05-29 08:55:00,51.93,51.93,51.93,51.93,0,1780044900.0,LTCUSD_otc
361,2026-05-29 09:00:00,51.93,51.93,51.93,51.93,0,1780045200.0,LTCUSD_otc
361,2026-05-29 09:05:00,51.93,51.93,51.93,51.93,0,1780045500.0,LTCUSD_otc
361,2026-05-29 09:10:00,51.93,51.93,51.93,51.93,0,1780045800.0,LTCUSD_otc
361,2026-05-29 09:15:00,51.93,51.93,51.93,51.93,0,1780046100.0,LTCUSD_otc
361,2026-05-29 09:20:00,51.93,51.93,51.93,51.93,0,1780046400.0,LTCUSD_otc
361,2026-05-29 09:25:00,51.93,51.93,51.93,51.93,0,1780046700.0,LTCUSD_otc
361,2026-05-29 09:30:00,51.93,51.89,51.95,51.71,177,1780047299.767,LTCUSD_otc
361,2026-05-29 09:35:00,51.89,51.92,51.93,51.78,402,1780047599.584,LTCUSD_otc
361,2026-05-29 09:40:00,51.91,52.05,52.15,51.88,409,1780047899.519,LTCUSD_otc
361,2026-05-29 09:45:00,52.05,51.88,52.12,51.79,402,1780048199.965,LTCUSD_otc
361,2026-05-29 09:50:00,51.88,51.9,52.05,51.8,415,1780048499.966,LTCUSD_otc
361,2026-05-29 09:55:00,51.9,51.72,52.0,51.67,395,1780048799.341,LTCUSD_otc
361,2026-05-29 10:00:00,51.73,51.54,51.75,51.49,401,1780049099.353,LTCUSD_otc
361,2026-05-29 10:05:00,51.54,51.33,51.61,51.3,401,1780049399.807,LTCUSD_otc
361,2026-05-29 10:10:00,51.33,51.29,51.39,51.08,387,1780049699.282,LTCUSD_otc
361,2026-05-29 10:15:00,51.28,51.26,51.36,51.11,405,1780049999.698,LTCUSD_otc
361,2026-05-29 10:20:00,51.26,51.15,51.28,50.93,406,1780050299.638,LTCUSD_otc
361,2026-05-29 10:25:00,51.15,50.9,51.22,50.79,410,1780050599.993,LTCUSD_otc
361,2026-05-29 10:30:00,50.9,50.82,50.95,50.75,403,1780050899.895,LTCUSD_otc
361,2026-05-29 10:35:00,50.82,50.89,50.98,50.78,397,1780051199.894,LTCUSD_otc
361,2026-05-29 10:40:00,50.89,51.09,51.12,50.76,393,1780051499.792,LTCUSD_otc
361,2026-05-29 10:45:00,51.1,51.02,51.12,50.92,397,1780051797.305,LTCUSD_otc
361,2026-05-29 10:50:00,51.01,51.01,51.26,50.96,398,1780052099.716,LTCUSD_otc
361,2026-05-29 10:55:00,51.01,51.22,51.24,50.93,406,1780052399.67,LTCUSD_otc
361,2026-05-29 11:00:00,51.22,50.97,51.36,50.93,406,1780052698.572,LTCUSD_otc
361,2026-05-29 11:05:00,50.97,51.1,51.11,50.84,370,1780052999.102,LTCUSD_otc
361,2026-05-29 11:10:00,51.09,51.15,51.21,51.04,424,1780053299.518,LTCUSD_otc
361,2026-05-29 11:15:00,51.15,51.29,51.33,51.05,426,1780053599.529,LTCUSD_otc
361,2026-05-29 11:20:00,51.3,50.91,51.36,50.84,395,1780053899.919,LTCUSD_otc
361,2026-05-29 11:25:00,50.91,50.93,51.07,50.88,388,1780054199.908,LTCUSD_otc
361,2026-05-29 11:30:00,50.93,50.98,51.14,50.81,405,1780054499.294,LTCUSD_otc
361,2026-05-29 11:35:00,50.98,50.91,51.12,50.88,387,1780054799.797,LTCUSD_otc
361,2026-05-29 11:40:00,50.91,50.79,51.09,50.76,413,1780055099.709,LTCUSD_otc
361,2026-05-29 11:45:00,50.8,50.91,50.98,50.63,405,1780055399.73,LTCUSD_otc
361,2026-05-29 11:50:00,50.89,50.95,51.01,50.81,419,1780055699.644,LTCUSD_otc
361,2026-05-29 11:55:00,50.95,50.88,51.06,50.84,394,1780055999.625,LTCUSD_otc
361,2026-05-29 12:00:00,50.88,50.88,50.95,50.79,385,1780056299.995,LTCUSD_otc
361,2026-05-29 12:05:00,50.89,50.82,50.96,50.6,375,1780056599.971,LTCUSD_otc
361,2026-05-29 12:10:00,50.82,50.75,50.85,50.67,392,1780056899.912,LTCUSD_otc
361,2026-05-29 12:15:00,50.75,51.07,51.07,50.59,394,1780057199.908,LTCUSD_otc
361,2026-05-29 12:20:00,51.07,51.01,51.13,50.89,410,1780057499.772,LTCUSD_otc
361,2026-05-29 12:25:00,51.02,50.86,51.05,50.83,399,1780057798.749,LTCUSD_otc
361,2026-05-29 12:30:00,50.86,50.88,51.03,50.86,391,1780058099.619,LTCUSD_otc
361,2026-05-29 12:35:00,50.9,51.23,51.25,50.88,391,1780058398.569,LTCUSD_otc
361,2026-05-29 12:40:00,51.23,51.01,51.34,50.92,398,1780058699.523,LTCUSD_otc
361,2026-05-29 12:45:00,51.01,51.2,51.4,50.96,400,1780058999.463,LTCUSD_otc
361,2026-05-29 12:50:00,51.2,51.1,51.46,51.1,387,1780059299.895,LTCUSD_otc
361,2026-05-29 12:55:00,51.1,51.15,51.19,50.98,387,1780059599.718,LTCUSD_otc
361,2026-05-29 13:00:00,51.15,51.26,51.45,51.06,415,1780059899.769,LTCUSD_otc
361,2026-05-29 13:05:00,51.26,51.15,51.28,51.07,385,1780060199.661,LTCUSD_otc
361,2026-05-29 13:10:00,51.15,50.94,51.2,50.93,401,1780060499.668,LTCUSD_otc
361,2026-05-29 13:15:00,50.94,50.89,50.98,50.82,382,1780060798.047,LTCUSD_otc
361,2026-05-29 13:20:00,50.89,50.82,50.96,50.73,406,1780061098.543,LTCUSD_otc
361,2026-05-29 13:25:00,50.82,50.79,51.02,50.75,423,1780061399.933,LTCUSD_otc
361,2026-05-29 13:30:00,50.79,50.86,50.97,50.68,399,1780061699.442,LTCUSD_otc
361,2026-05-29 13:35:00,50.89,51.33,51.45,50.87,390,1780061999.8,LTCUSD_otc
361,2026-05-29 13:40:00,51.33,51.45,51.45,51.1,397,1780062299.799,LTCUSD_otc
361,2026-05-29 13:45:00,51.45,51.45,51.63,51.4,392,1780062599.704,LTCUSD_otc
361,2026-05-29 13:50:00,51.45,51.62,51.69,51.44,392,1780062899.669,LTCUSD_otc
361,2026-05-29 13:55:00,51.63,51.8,51.8,51.52,392,1780063198.6,LTCUSD_otc
361,2026-05-29 14:00:00,51.8,52.12,52.14,51.72,417,1780063499.043,LTCUSD_otc
361,2026-05-29 14:05:00,52.12,52.07,52.13,51.84,384,1780063799.977,LTCUSD_otc
361,2026-05-29 14:10:00,52.07,52.48,52.51,52.07,397,1780064099.428,LTCUSD_otc
361,2026-05-29 14:15:00,52.48,52.42,52.52,52.22,407,1780064399.868,LTCUSD_otc
361,2026-05-29 14:20:00,52.42,52.16,52.53,52.14,397,1780064699.822,LTCUSD_otc
361,2026-05-29 14:25:00,52.16,52.47,52.49,52.14,406,1780064999.276,LTCUSD_otc
361,2026-05-29 14:30:00,52.47,52.35,52.54,52.21,407,1780065299.718,LTCUSD_otc
361,2026-05-29 14:35:00,52.35,52.04,52.36,51.99,396,1780065598.659,LTCUSD_otc
361,2026-05-29 14:40:00,52.06,52.2,52.27,52.03,419,1780065899.544,LTCUSD_otc
361,2026-05-29 14:45:00,52.21,52.3,52.39,52.16,387,1780066199.545,LTCUSD_otc
361,2026-05-29 14:50:00,52.29,52.27,52.43,52.25,390,1780066499.884,LTCUSD_otc
361,2026-05-29 14:55:00,52.27,52.42,52.5,52.2,408,1780066799.336,LTCUSD_otc
361,2026-05-29 15:00:00,52.42,52.35,52.51,52.25,409,1780067099.268,LTCUSD_otc
361,2026-05-29 15:05:00,52.35,52.39,52.45,52.21,406,1780067399.286,LTCUSD_otc
361,2026-05-29 15:10:00,52.39,52.8,52.8,52.39,415,1780067699.693,LTCUSD_otc
361,2026-05-29 15:15:00,52.8,52.79,52.88,52.72,372,1780067999.114,LTCUSD_otc
361,2026-05-29 15:20:00,52.79,53.17,53.17,52.76,380,1780068299.512,LTCUSD_otc
361,2026-05-29 15:25:00,53.18,53.58,53.61,53.16,403,1780068599.886,LTCUSD_otc
361,2026-05-29 15:30:00,53.58,53.81,53.81,53.44,402,1780068899.858,LTCUSD_otc
361,2026-05-29 15:35:00,53.81,53.65,53.87,53.57,393,1780069199.76,LTCUSD_otc
361,2026-05-29 15:40:00,53.65,54.19,54.21,53.64,392,1780069499.74,LTCUSD_otc
361,2026-05-29 15:45:00,54.19,54.04,54.31,53.94,389,1780069799.614,LTCUSD_otc
361,2026-05-29 15:50:00,54.04,53.89,54.07,53.76,396,1780070099.583,LTCUSD_otc
361,2026-05-29 15:55:00,53.88,53.61,53.99,53.54,403,1780070399.517,LTCUSD_otc
361,2026-05-29 16:00:00,53.61,53.59,53.65,53.37,402,1780070699.524,LTCUSD_otc
361,2026-05-29 16:05:00,53.59,53.69,53.77,53.45,396,1780070999.926,LTCUSD_otc
361,2026-05-29 16:10:00,53.69,53.84,53.93,53.68,394,1780071299.922,LTCUSD_otc
361,2026-05-29 16:15:00,53.83,53.75,53.87,53.68,402,1780071599.272,LTCUSD_otc
361,2026-05-29 16:20:00,53.75,53.53,53.76,53.52,368,1780071899.707,LTCUSD_otc
361,2026-05-29 16:25:00,53.53,53.39,53.59,53.33,386,1780072199.635,LTCUSD_otc
361,2026-05-29 16:30:00,53.39,53.39,53.48,53.3,386,1780072499.596,LTCUSD_otc
361,2026-05-29 16:35:00,53.39,53.47,53.49,53.23,388,1780072799.491,LTCUSD_otc
361,2026-05-29 16:40:00,53.46,53.46,53.58,53.32,395,1780073099.915,LTCUSD_otc
361,2026-05-29 16:45:00,53.46,53.47,53.58,53.42,396,1780073399.873,LTCUSD_otc
361,2026-05-29 16:50:00,53.47,53.5,53.68,53.41,397,1780073699.233,LTCUSD_otc
361,2026-05-29 16:55:00,53.51,53.71,53.71,53.49,426,1780073998.219,LTCUSD_otc
361,2026-05-29 17:00:00,53.7,53.7,53.81,53.48,409,1780074299.145,LTCUSD_otc
361,2026-05-29 17:05:00,53.7,53.73,53.84,53.67,418,1780074599.607,LTCUSD_otc
361,2026-05-29 17:10:00,53.73,53.76,53.9,53.71,408,1780074899.988,LTCUSD_otc
361,2026-05-29 17:15:00,53.76,53.62,53.8,53.49,400,1780075198.94,LTCUSD_otc
361,2026-05-29 17:20:00,53.62,53.43,53.7,53.42,398,1780075499.861,LTCUSD_otc
361,2026-05-29 17:25:00,53.43,53.68,53.68,53.34,397,1780075799.825,LTCUSD_otc
361,2026-05-29 17:30:00,53.68,53.51,53.69,53.45,382,1780076099.787,LTCUSD_otc
361,2026-05-29 17:35:00,53.51,53.6,53.69,53.47,421,1780076399.686,LTCUSD_otc
361,2026-05-29 17:40:00,53.6,53.55,53.67,53.44,383,1780076699.632,LTCUSD_otc
361,2026-05-29 17:45:00,53.54,53.64,53.65,53.43,382,1780076999.993,LTCUSD_otc
361,2026-05-29 17:50:00,53.63,53.41,53.66,53.4,420,1780077299.496,LTCUSD_otc
361,2026-05-29 17:55:00,53.41,53.34,53.57,53.27,404,1780077599.863,LTCUSD_otc
361,2026-05-29 18:00:00,53.34,53.61,53.63,53.26,399,1780077899.292,LTCUSD_otc
361,2026-05-29 18:05:00,53.61,53.15,53.63,53.08,407,1780078199.677,LTCUSD_otc
361,2026-05-29 18:10:00,53.16,53.36,53.45,53.11,402,1780078499.579,LTCUSD_otc
361,2026-05-29 18:15:00,53.36,53.25,53.38,53.13,360,1780078799.52,LTCUSD_otc
361,2026-05-29 18:20:00,53.25,53.26,53.45,53.2,401,1780079099.428,LTCUSD_otc
361,2026-05-29 18:25:00,53.26,53.27,53.35,53.08,403,1780079399.923,LTCUSD_otc
361,2026-05-29 18:30:00,53.25,53.02,53.36,52.97,401,1780079699.353,LTCUSD_otc
361,2026-05-29 18:35:00,53.02,53.09,53.1,52.9,396,1780079999.778,LTCUSD_otc
361,2026-05-29 18:40:00,53.09,52.93,53.24,52.89,419,1780080299.712,LTCUSD_otc
361,2026-05-29 18:45:00,52.9,53.16,53.16,52.81,390,1780080599.649,LTCUSD_otc
361,2026-05-29 18:50:00,53.16,53.08,53.28,53.01,371,1780080899.548,LTCUSD_otc
361,2026-05-29 18:55:00,53.08,53.28,53.29,53.02,394,1780081199.504,LTCUSD_otc
361,2026-05-29 19:00:00,53.28,53.41,53.43,53.14,414,1780081499.929,LTCUSD_otc
361,2026-05-29 19:05:00,53.41,53.52,53.67,53.41,390,1780081798.875,LTCUSD_otc
361,2026-05-29 19:10:00,53.52,53.5,53.61,53.44,401,1780082099.776,LTCUSD_otc
361,2026-05-29 19:15:00,53.5,53.6,53.61,53.4,372,1780082399.735,LTCUSD_otc
361,2026-05-29 19:20:00,53.6,53.74,53.74,53.51,393,1780082699.632,LTCUSD_otc
361,2026-05-29 19:25:00,53.76,53.62,53.84,53.56,401,1780082999.616,LTCUSD_otc
361,2026-05-29 19:30:00,53.63,53.84,53.86,53.62,392,1780083299.578,LTCUSD_otc
361,2026-05-29 19:35:00,53.84,53.59,53.9,53.57,384,1780083599.54,LTCUSD_otc
361,2026-05-29 19:40:00,53.59,53.59,53.72,53.47,398,1780083899.938,LTCUSD_otc
361,2026-05-29 19:45:00,53.59,53.56,53.64,53.47,404,1780084199.863,LTCUSD_otc
361,2026-05-29 19:50:00,53.56,53.71,53.86,53.55,413,1780084499.75,LTCUSD_otc
361,2026-05-29 19:55:00,53.71,53.56,53.72,53.48,390,1780084799.185,LTCUSD_otc
361,2026-05-29 20:00:00,53.56,53.96,53.99,53.45,402,1780085099.049,LTCUSD_otc
361,2026-05-29 20:05:00,53.96,53.79,54.01,53.79,398,1780085399.499,LTCUSD_otc
361,2026-05-29 20:10:00,53.79,53.63,53.84,53.63,401,1780085698.924,LTCUSD_otc
361,2026-05-29 20:15:00,53.63,53.97,54.02,53.6,414,1780085999.375,LTCUSD_otc
361,2026-05-29 20:20:00,53.96,53.98,54.03,53.8,390,1780086299.709,LTCUSD_otc
361,2026-05-29 20:25:00,53.98,53.91,54.11,53.91,410,1780086599.132,LTCUSD_otc
361,2026-05-29 20:30:00,53.91,54.07,54.2,53.85,397,1780086899.566,LTCUSD_otc
361,2026-05-29 20:35:00,54.07,54.21,54.23,54.04,385,1780087199.975,LTCUSD_otc
361,2026-05-29 20:40:00,54.22,54.11,54.23,54.05,417,1780087499.43,LTCUSD_otc
361,2026-05-29 20:45:00,54.11,53.99,54.17,53.94,397,1780087799.815,LTCUSD_otc
361,2026-05-29 20:50:00,53.99,54.09,54.13,53.88,415,1780088098.761,LTCUSD_otc
361,2026-05-29 20:55:00,54.06,53.97,54.11,53.95,388,1780088399.608,LTCUSD_otc
361,2026-05-29 21:00:00,53.97,54.11,54.22,53.96,380,1780088699.12,LTCUSD_otc
361,2026-05-29 21:05:00,54.11,54.22,54.25,54.01,401,1780088999.53,LTCUSD_otc
361,2026-05-29 21:10:00,54.21,54.3,54.46,54.15,400,1780089299.545,LTCUSD_otc
361,2026-05-29 21:15:00,54.3,54.29,54.46,54.28,381,1780089599.474,LTCUSD_otc
361,2026-05-29 21:20:00,54.28,54.19,54.37,54.06,388,1780089899.472,LTCUSD_otc
361,2026-05-29 21:25:00,54.19,54.39,54.51,54.04,395,1780090199.821,LTCUSD_otc
361,2026-05-29 21:30:00,54.4,54.26,54.47,54.25,376,1780090499.809,LTCUSD_otc
361,2026-05-29 21:35:00,54.26,54.28,54.33,54.1,400,1780090799.761,LTCUSD_otc
361,2026-05-29 21:40:00,54.28,54.45,54.48,54.17,401,1780091099.756,LTCUSD_otc
361,2026-05-29 21:45:00,54.46,54.12,54.53,54.1,372,1780091399.647,LTCUSD_otc
361,2026-05-29 21:50:00,54.12,54.14,54.27,54.05,393,1780091699.592,LTCUSD_otc
361,2026-05-29 21:55:00,54.14,54.08,54.16,54.01,406,1780091999.502,LTCUSD_otc
361,2026-05-29 22:00:00,54.08,54.22,54.22,53.99,404,1780092299.956,LTCUSD_otc
361,2026-05-29 22:05:00,54.22,54.3,54.38,54.12,400,1780092599.93,LTCUSD_otc
361,2026-05-29 22:10:00,54.3,54.58,54.59,54.17,412,1780092899.411,LTCUSD_otc
361,2026-05-29 22:15:00,54.58,54.23,54.61,54.23,411,1780093199.356,LTCUSD_otc
361,2026-05-29 22:20:00,54.23,54.06,54.36,54.05,390,1780093499.273,LTCUSD_otc
361,2026-05-29 22:25:00,54.07,53.92,54.09,53.72,391,1780093799.261,LTCUSD_otc
361,2026-05-29 22:30:00,53.92,54.16,54.16,53.8,393,1780094099.167,LTCUSD_otc
361,2026-05-29 22:35:00,54.16,53.86,54.2,53.86,402,1780094399.119,LTCUSD_otc
361,2026-05-29 22:40:00,53.86,54.03,54.03,53.82,386,1780094699.543,LTCUSD_otc
361,2026-05-29 22:45:00,54.04,53.92,54.23,53.91,397,1780094999.557,LTCUSD_otc
361,2026-05-29 22:50:00,53.92,53.6,53.94,53.59,402,1780095299.972,LTCUSD_otc
361,2026-05-29 22:55:00,53.6,53.6,53.69,53.53,398,1780095598.946,LTCUSD_otc
361,2026-05-29 23:00:00,53.59,53.37,53.71,53.34,397,1780095899.364,LTCUSD_otc
361,2026-05-29 23:05:00,53.37,53.49,53.58,53.29,404,1780096199.372,LTCUSD_otc
361,2026-05-29 23:10:00,53.49,53.62,53.65,53.3,391,1780096499.265,LTCUSD_otc
361,2026-05-29 23:15:00,53.63,53.6,53.72,53.46,384,1780096799.777,LTCUSD_otc
361,2026-05-29 23:20:00,53.59,53.4,53.61,53.27,391,1780097099.642,LTCUSD_otc
361,2026-05-29 23:25:00,53.4,53.51,53.69,53.39,416,1780097399.622,LTCUSD_otc
361,2026-05-29 23:30:00,53.51,53.01,53.69,53.01,398,1780097699.569,LTCUSD_otc
361,2026-05-29 23:35:00,53.01,52.88,53.02,52.73,384,1780097998.56,LTCUSD_otc
361,2026-05-29 23:40:00,52.88,52.9,53.04,52.52,388,1780098299.407,LTCUSD_otc
361,2026-05-29 23:45:00,52.9,52.82,53.0,52.65,409,1780098599.81,LTCUSD_otc
361,2026-05-29 23:50:00,52.82,52.84,52.92,52.71,405,1780098899.807,LTCUSD_otc
361,2026-05-29 23:55:00,52.81,52.63,52.84,52.51,398,1780099199.72,LTCUSD_otc
361,2026-05-30 00:00:00,52.63,52.75,52.9,52.58,384,1780099499.205,LTCUSD_otc
361,2026-05-30 00:05:00,52.75,52.74,52.84,52.67,389,1780099799.122,LTCUSD_otc
361,2026-05-30 00:10:00,52.75,52.63,52.81,52.58,372,1780100098.603,LTCUSD_otc
361,2026-05-30 00:15:00,52.63,52.54,52.78,52.5,392,1780100399.511,LTCUSD_otc
361,2026-05-30 00:20:00,52.54,52.52,52.81,52.4,396,1780100699.543,LTCUSD_otc
361,2026-05-30 00:25:00,52.52,52.38,52.64,52.37,404,1780100999.992,LTCUSD_otc
361,2026-05-30 00:30:00,52.38,52.58,52.62,52.31,400,1780101299.936,LTCUSD_otc
361,2026-05-30 00:35:00,52.58,52.62,52.64,52.38,405,1780101597.299,LTCUSD_otc
361,2026-05-30 00:40:00,52.62,52.97,53.02,52.62,382,1780101898.327,LTCUSD_otc
361,2026-05-30 00:45:00,52.98,52.73,52.99,52.73,392,1780102198.197,LTCUSD_otc
361,2026-05-30 00:50:00,52.73,52.92,52.96,52.72,383,1780102499.753,LTCUSD_otc
361,2026-05-30 00:55:00,52.91,52.89,52.93,52.75,391,1780102799.164,LTCUSD_otc
361,2026-05-30 01:00:00,52.89,52.75,52.99,52.65,406,1780103098.669,LTCUSD_otc
361,2026-05-30 01:05:00,52.74,52.6,52.75,52.53,415,1780103399.567,LTCUSD_otc
361,2026-05-30 01:10:00,52.59,52.59,52.87,52.49,405,1780103699.042,LTCUSD_otc
361,2026-05-30 01:15:00,52.6,52.58,52.62,52.44,416,1780103999.94,LTCUSD_otc
361,2026-05-30 01:20:00,52.58,52.12,52.59,52.09,391,1780104299.942,LTCUSD_otc
361,2026-05-30 01:25:00,52.12,52.14,52.24,52.05,403,1780104598.845,LTCUSD_otc
361,2026-05-30 01:30:00,52.14,51.87,52.15,51.78,391,1780104899.354,LTCUSD_otc
361,2026-05-30 01:35:00,51.87,51.51,51.88,51.51,398,1780105198.737,LTCUSD_otc
361,2026-05-30 01:40:00,51.51,51.15,51.53,51.12,395,1780105499.249,LTCUSD_otc
361,2026-05-30 01:45:00,51.15,51.07,51.15,50.88,393,1780105798.63,LTCUSD_otc
361,2026-05-30 01:50:00,51.07,50.83,51.21,50.81,405,1780106099.597,LTCUSD_otc
361,2026-05-30 01:55:00,50.83,51.06,51.06,50.74,392,1780106399.545,LTCUSD_otc
361,2026-05-30 02:00:00,51.06,50.99,51.11,50.86,400,1780106699.516,LTCUSD_otc
361,2026-05-30 02:05:00,50.99,50.94,51.12,50.85,402,1780106999.948,LTCUSD_otc
361,2026-05-30 02:10:00,50.94,51.03,51.04,50.6,396,1780107299.849,LTCUSD_otc
361,2026-05-30 02:15:00,51.03,50.86,51.06,50.77,400,1780107599.832,LTCUSD_otc
361,2026-05-30 02:20:00,50.86,50.76,50.96,50.76,395,1780107899.835,LTCUSD_otc
361,2026-05-30 02:25:00,50.76,50.88,50.9,50.71,373,1780108199.784,LTCUSD_otc
361,2026-05-30 02:30:00,50.88,51.23,51.23,50.84,394,1780108499.27,LTCUSD_otc
361,2026-05-30 02:35:00,51.23,50.92,51.3,50.87,408,1780108799.74,LTCUSD_otc
361,2026-05-30 02:40:00,50.91,50.93,51.03,50.85,392,1780109098.693,LTCUSD_otc
361,2026-05-30 02:45:00,50.93,51.28,51.33,50.9,413,1780109399.704,LTCUSD_otc
361,2026-05-30 02:50:00,51.28,51.46,51.56,51.19,413,1780109699.723,LTCUSD_otc
361,2026-05-30 02:55:00,51.47,51.45,51.6,51.32,394,1780109999.622,LTCUSD_otc
361,2026-05-30 03:00:00,51.44,51.43,51.53,51.31,404,1780110299.628,LTCUSD_otc
361,2026-05-30 03:05:00,51.44,51.64,51.64,51.3,403,1780110599.497,LTCUSD_otc
361,2026-05-30 03:10:00,51.64,51.6,51.67,51.42,400,1780110899.977,LTCUSD_otc
361,2026-05-30 03:15:00,51.6,51.99,52.07,51.59,407,1780111199.878,LTCUSD_otc
361,2026-05-30 03:20:00,52.0,52.18,52.21,51.9,393,1780111499.858,LTCUSD_otc
361,2026-05-30 03:25:00,52.18,52.29,52.43,52.16,401,1780111798.787,LTCUSD_otc
361,2026-05-30 03:30:00,52.29,51.98,52.39,51.98,418,1780112099.18,LTCUSD_otc
361,2026-05-30 03:35:00,51.98,51.77,52.02,51.68,414,1780112399.711,LTCUSD_otc
361,2026-05-30 03:40:00,51.77,51.51,51.77,51.42,404,1780112698.641,LTCUSD_otc
361,2026-05-30 03:45:00,51.51,51.38,51.58,51.38,389,1780112999.628,LTCUSD_otc
361,2026-05-30 03:50:00,51.38,51.45,51.55,51.35,406,1780113299.585,LTCUSD_otc
361,2026-05-30 03:55:00,51.45,51.49,51.7,51.42,394,1780113598.546,LTCUSD_otc
361,2026-05-30 04:00:00,51.49,51.38,51.53,51.19,399,1780113899.958,LTCUSD_otc
361,2026-05-30 04:05:00,51.38,51.26,51.38,51.18,386,1780114199.43,LTCUSD_otc
361,2026-05-30 04:10:00,51.26,51.07,51.36,51.06,406,1780114499.88,LTCUSD_otc
361,2026-05-30 04:15:00,51.06,50.74,51.09,50.71,395,1780114799.893,LTCUSD_otc
361,2026-05-30 04:20:00,50.74,50.74,50.82,50.59,413,1780115099.832,LTCUSD_otc
361,2026-05-30 04:25:00,50.74,50.78,50.8,50.51,395,1780115399.861,LTCUSD_otc
361,2026-05-30 04:30:00,50.78,50.77,50.8,50.65,396,1780115698.741,LTCUSD_otc
361,2026-05-30 04:35:00,50.77,50.69,50.85,50.65,401,1780115999.256,LTCUSD_otc
361,2026-05-30 04:40:00,50.69,50.68,50.82,50.63,403,1780116299.721,LTCUSD_otc
361,2026-05-30 04:45:00,50.68,50.94,50.94,50.52,412,1780116599.216,LTCUSD_otc
361,2026-05-30 04:50:00,50.94,50.89,51.05,50.67,411,1780116899.197,LTCUSD_otc
361,2026-05-30 04:55:00,50.89,50.8,51.11,50.78,371,1780117199.686,LTCUSD_otc
361,2026-05-30 05:00:00,50.8,50.73,50.84,50.64,410,1780117499.627,LTCUSD_otc
361,2026-05-30 05:05:00,50.73,51.26,51.27,50.7,404,1780117799.598,LTCUSD_otc
361,2026-05-30 05:10:00,51.26,51.35,51.45,51.11,403,1780118099.531,LTCUSD_otc
361,2026-05-30 05:15:00,51.35,51.12,51.47,51.11,396,1780118399.01,LTCUSD_otc
361,2026-05-30 05:20:00,51.11,51.33,51.35,51.11,398,1780118699.892,LTCUSD_otc
361,2026-05-30 05:25:00,51.34,51.61,51.65,51.3,395,1780118999.915,LTCUSD_otc
361,2026-05-30 05:30:00,51.61,51.42,51.66,51.34,410,1780119299.337,LTCUSD_otc
361,2026-05-30 05:35:00,51.42,51.09,51.43,51.09,395,1780119599.831,LTCUSD_otc
361,2026-05-30 05:40:00,51.09,50.96,51.16,50.91,402,1780119897.257,LTCUSD_otc
361,2026-05-30 05:45:00,50.96,51.02,51.12,50.92,412,1780120199.786,LTCUSD_otc
361,2026-05-30 05:50:00,51.02,50.74,51.08,50.74,399,1780120499.24,LTCUSD_otc
361,2026-05-30 05:55:00,50.74,50.62,50.84,50.62,387,1780120798.255,LTCUSD_otc
361,2026-05-30 06:00:00,50.61,50.75,50.8,50.57,395,1780121099.713,LTCUSD_otc
361,2026-05-30 06:05:00,50.75,50.81,50.95,50.67,406,1780121399.691,LTCUSD_otc
361,2026-05-30 06:10:00,50.81,50.7,50.81,50.63,396,1780121699.087,LTCUSD_otc
361,2026-05-30 06:15:00,50.71,50.76,50.95,50.57,418,1780121999.603,LTCUSD_otc
361,2026-05-30 06:20:00,50.75,50.56,50.83,50.52,403,1780122299.655,LTCUSD_otc
361,2026-05-30 06:25:00,50.55,50.57,50.7,50.49,405,1780122599.556,LTCUSD_otc
361,2026-05-30 06:30:00,50.57,50.59,50.64,50.38,406,1780122899.571,LTCUSD_otc
361,2026-05-30 06:35:00,50.59,50.8,50.82,50.58,390,1780123199.514,LTCUSD_otc
361,2026-05-30 06:40:00,50.8,50.98,51.1,50.79,404,1780123498.535,LTCUSD_otc
361,2026-05-30 06:45:00,51.02,51.45,51.45,51.0,398,1780123799.365,LTCUSD_otc
361,2026-05-30 06:50:00,51.45,51.62,51.69,51.45,409,1780124099.875,LTCUSD_otc
361,2026-05-30 06:55:00,51.62,51.39,51.66,51.35,411,1780124399.306,LTCUSD_otc
361,2026-05-30 07:00:00,51.39,51.49,51.49,51.24,403,1780124699.256,LTCUSD_otc
361,2026-05-30 07:05:00,51.49,51.53,51.65,51.37,395,1780124998.207,LTCUSD_otc
361,2026-05-30 07:10:00,51.53,51.42,51.64,51.37,390,1780125299.555,LTCUSD_otc
361,2026-05-30 07:15:00,51.42,51.52,51.58,51.34,412,1780125599.595,LTCUSD_otc
361,2026-05-30 07:20:00,51.52,51.54,51.74,51.46,408,1780125897.989,LTCUSD_otc
361,2026-05-30 07:25:00,51.54,51.37,51.71,51.28,388,1780126199.978,LTCUSD_otc
361,2026-05-30 07:30:00,51.37,51.39,51.55,51.34,383,1780126499.93,LTCUSD_otc
361,2026-05-30 07:35:00,51.38,51.21,51.46,51.09,408,1780126798.921,LTCUSD_otc
361,2026-05-30 07:40:00,51.21,50.92,51.32,50.89,392,1780127099.82,LTCUSD_otc
361,2026-05-30 07:45:00,50.92,50.8,50.95,50.8,391,1780127399.29,LTCUSD_otc
361,2026-05-30 07:50:00,50.81,51.04,51.09,50.81,399,1780127699.735,LTCUSD_otc
361,2026-05-30 07:55:00,51.04,51.36,51.36,51.04,411,1780127999.649,LTCUSD_otc
361,2026-05-30 08:00:00,51.36,51.05,51.37,50.94,397,1780128299.634,LTCUSD_otc
361,2026-05-30 08:05:00,51.06,50.93,51.09,50.82,389,1780128599.574,LTCUSD_otc
361,2026-05-30 08:10:00,50.93,50.81,51.09,50.78,398,1780128899.611,LTCUSD_otc
361,2026-05-30 08:15:00,50.81,50.79,50.9,50.69,401,1780129197.604,LTCUSD_otc
361,2026-05-30 08:20:00,50.79,50.62,50.87,50.49,399,1780129499.603,LTCUSD_otc
361,2026-05-30 08:25:00,50.62,50.87,50.92,50.58,409,1780129799.627,LTCUSD_otc
361,2026-05-30 08:30:00,50.87,50.77,50.92,50.61,407,1780130099.074,LTCUSD_otc
361,2026-05-30 08:35:00,50.76,50.54,50.81,50.51,400,1780130399.592,LTCUSD_otc
361,2026-05-30 08:40:00,50.54,50.35,50.65,50.35,414,1780130699.021,LTCUSD_otc
361,2026-05-30 08:45:00,50.35,50.04,50.36,50.03,404,1780130999.031,LTCUSD_otc
361,2026-05-30 08:50:00,50.04,50.0,50.2,49.83,423,1780131299.531,LTCUSD_otc
361,2026-05-30 08:55:00,50.0,50.09,50.1,49.85,391,1780131599.962,LTCUSD_otc
361,2026-05-30 09:00:00,50.1,50.32,50.43,50.06,412,1780131899.856,LTCUSD_otc
361,2026-05-30 09:05:00,50.32,50.43,50.56,50.3,388,1780132199.901,LTCUSD_otc
361,2026-05-30 09:10:00,50.43,50.48,50.56,50.27,404,1780132499.835,LTCUSD_otc
361,2026-05-30 09:15:00,50.48,50.43,50.48,50.3,397,1780132799.792,LTCUSD_otc
361,2026-05-30 09:20:00,50.43,50.82,50.86,50.43,410,1780133099.676,LTCUSD_otc
361,2026-05-30 09:25:00,50.82,50.49,50.87,50.4,373,1780133399.144,LTCUSD_otc
361,2026-05-30 09:30:00,50.49,50.28,50.55,50.11,405,1780133698.096,LTCUSD_otc
361,2026-05-30 09:35:00,50.28,50.13,50.37,50.07,403,1780133999.13,LTCUSD_otc
361,2026-05-30 09:40:00,50.13,50.17,50.24,49.98,397,1780134299.568,LTCUSD_otc
361,2026-05-30 09:45:00,50.16,50.38,50.47,50.16,385,1780134599.568,LTCUSD_otc
361,2026-05-30 09:50:00,50.38,50.42,50.45,50.17,418,1780134899.512,LTCUSD_otc
361,2026-05-30 09:55:00,50.42,50.71,50.8,50.34,404,1780135199.517,LTCUSD_otc
361,2026-05-30 10:00:00,50.68,50.33,50.78,50.33,402,1780135499.482,LTCUSD_otc
361,2026-05-30 10:05:00,50.32,50.12,50.39,49.99,408,1780135799.959,LTCUSD_otc
361,2026-05-30 10:10:00,50.11,49.92,50.11,49.86,381,1780136098.952,LTCUSD_otc
361,2026-05-30 10:15:00,49.92,49.79,49.97,49.78,399,1780136399.892,LTCUSD_otc
361,2026-05-30 10:20:00,49.79,49.91,50.11,49.75,395,1780136699.935,LTCUSD_otc
361,2026-05-30 10:25:00,49.92,50.13,50.15,49.84,386,1780136999.833,LTCUSD_otc
361,2026-05-30 10:30:00,50.13,50.12,50.25,50.04,375,1780137299.845,LTCUSD_otc
361,2026-05-30 10:35:00,50.12,50.15,50.19,50.01,407,1780137599.796,LTCUSD_otc
361,2026-05-30 10:40:00,50.16,50.46,50.52,50.16,406,1780137899.827,LTCUSD_otc
361,2026-05-30 10:45:00,50.46,50.42,50.55,50.36,388,1780138199.781,LTCUSD_otc
361,2026-05-30 10:50:00,50.42,50.38,50.59,50.38,421,1780138499.777,LTCUSD_otc
361,2026-05-30 10:55:00,50.37,50.53,50.55,50.2,374,1780138799.224,LTCUSD_otc
361,2026-05-30 11:00:00,50.51,50.38,50.61,50.34,403,1780139099.694,LTCUSD_otc
361,2026-05-30 11:05:00,50.38,50.35,50.48,50.29,399,1780139399.102,LTCUSD_otc
361,2026-05-30 11:10:00,50.35,50.31,50.46,50.15,394,1780139699.62,LTCUSD_otc
361,2026-05-30 11:15:00,50.3,50.33,50.41,50.17,390,1780139999.988,LTCUSD_otc
361,2026-05-30 11:20:00,50.33,50.42,50.51,50.1,429,1780140299.521,LTCUSD_otc
361,2026-05-30 11:25:00,50.42,50.44,50.53,50.33,394,1780140598.4,LTCUSD_otc
361,2026-05-30 11:30:00,50.45,50.35,50.55,50.34,406,1780140898.945,LTCUSD_otc
361,2026-05-30 11:35:00,50.35,50.19,50.4,50.13,400,1780141199.348,LTCUSD_otc
361,2026-05-30 11:40:00,50.19,50.18,50.29,50.1,405,1780141499.849,LTCUSD_otc
361,2026-05-30 11:45:00,50.2,50.22,50.48,50.17,389,1780141799.735,LTCUSD_otc
361,2026-05-30 11:50:00,50.21,50.1,50.22,49.93,404,1780142099.24,LTCUSD_otc
361,2026-05-30 11:55:00,50.1,50.27,50.38,50.07,383,1780142399.682,LTCUSD_otc
361,2026-05-30 12:00:00,50.26,49.96,50.26,49.8,407,1780142699.693,LTCUSD_otc
361,2026-05-30 12:05:00,49.96,50.14,50.2,49.83,389,1780142999.623,LTCUSD_otc
361,2026-05-30 12:10:00,50.14,50.21,50.39,50.14,414,1780143299.646,LTCUSD_otc
361,2026-05-30 12:15:00,50.22,50.31,50.37,50.06,391,1780143599.585,LTCUSD_otc
361,2026-05-30 12:20:00,50.3,50.37,50.44,50.1,421,1780143899.665,LTCUSD_otc
361,2026-05-30 12:25:00,50.37,50.42,50.48,50.31,404,1780144199.66,LTCUSD_otc
361,2026-05-30 12:30:00,50.42,50.5,50.56,50.29,404,1780144499.677,LTCUSD_otc
361,2026-05-30 12:35:00,50.51,50.6,50.6,50.39,420,1780144799.638,LTCUSD_otc
361,2026-05-30 12:40:00,50.6,50.48,50.63,50.34,399,1780145099.545,LTCUSD_otc
361,2026-05-30 12:45:00,50.47,50.26,50.65,50.19,414,1780145397.553,LTCUSD_otc
361,2026-05-30 12:50:00,50.26,50.36,50.4,50.1,386,1780145699.03,LTCUSD_otc
361,2026-05-30 12:55:00,50.36,50.69,50.69,50.34,403,1780145998.554,LTCUSD_otc
361,2026-05-30 13:00:00,50.7,50.79,50.95,50.65,403,1780146299.04,LTCUSD_otc
361,2026-05-30 13:05:00,50.78,50.76,51.04,50.7,404,1780146599.569,LTCUSD_otc
361,2026-05-30 13:10:00,50.75,50.53,50.76,50.39,395,1780146899.997,LTCUSD_otc
361,2026-05-30 13:15:00,50.53,50.44,50.56,50.28,401,1780147199.991,LTCUSD_otc
361,2026-05-30 13:20:00,50.44,50.39,50.59,50.32,395,1780147498.436,LTCUSD_otc
361,2026-05-30 13:25:00,50.39,49.9,50.41,49.88,390,1780147798.444,LTCUSD_otc
361,2026-05-30 13:30:00,49.9,50.11,50.16,49.88,402,1780148099.962,LTCUSD_otc
361,2026-05-30 13:35:00,50.11,50.26,50.29,50.05,392,1780148398.897,LTCUSD_otc
361,2026-05-30 13:40:00,50.26,50.88,50.88,50.15,408,1780148698.84,LTCUSD_otc
361,2026-05-30 13:45:00,50.87,51.06,51.14,50.76,402,1780148998.857,LTCUSD_otc
361,2026-05-30 13:50:00,51.06,51.14,51.27,50.99,418,1780149299.85,LTCUSD_otc
361,2026-05-30 13:55:00,51.14,50.89,51.16,50.87,405,1780149599.852,LTCUSD_otc
361,2026-05-30 14:00:00,50.88,50.98,51.12,50.8,397,1780149899.898,LTCUSD_otc
361,2026-05-30 14:05:00,50.98,50.7,50.99,50.7,391,1780150199.819,LTCUSD_otc
361,2026-05-30 14:10:00,50.71,50.46,50.8,50.46,404,1780150499.871,LTCUSD_otc
361,2026-05-30 14:15:00,50.45,50.46,50.64,50.36,406,1780150799.861,LTCUSD_otc
361,2026-05-30 14:20:00,50.46,50.62,50.81,50.46,417,1780151098.851,LTCUSD_otc
361,2026-05-30 14:25:00,50.62,50.86,50.88,50.56,389,1780151399.829,LTCUSD_otc
361,2026-05-30 14:30:00,50.86,51.07,51.07,50.81,379,1780151697.826,LTCUSD_otc
361,2026-05-30 14:35:00,51.07,50.97,51.22,50.89,382,1780151999.835,LTCUSD_otc
361,2026-05-30 14:40:00,50.97,51.01,51.08,50.8,410,1780152299.838,LTCUSD_otc
361,2026-05-30 14:45:00,51.01,50.86,51.03,50.74,385,1780152599.898,LTCUSD_otc
361,2026-05-30 14:50:00,50.86,50.81,50.89,50.67,397,1780152899.826,LTCUSD_otc
361,2026-05-30 14:55:00,50.81,51.14,51.14,50.8,405,1780153199.853,LTCUSD_otc
361,2026-05-30 15:00:00,51.14,50.99,51.32,50.99,409,1780153499.731,LTCUSD_otc
361,2026-05-30 15:05:00,51.0,50.57,51.08,50.55,407,1780153799.754,LTCUSD_otc
361,2026-05-30 15:10:00,50.57,50.43,50.72,50.38,415,1780154099.73,LTCUSD_otc
361,2026-05-30 15:15:00,50.42,50.19,50.43,50.01,397,1780154399.725,LTCUSD_otc
361,2026-05-30 15:20:00,50.19,50.37,50.41,50.16,405,1780154698.68,LTCUSD_otc
361,2026-05-30 15:25:00,50.38,50.9,50.91,50.38,390,1780154999.682,LTCUSD_otc
361,2026-05-30 15:30:00,50.9,51.3,51.3,50.8,399,1780155299.573,LTCUSD_otc
361,2026-05-30 15:35:00,51.3,51.08,51.35,51.01,380,1780155599.592,LTCUSD_otc
361,2026-05-30 15:40:00,51.08,51.08,51.21,50.93,386,1780155898.572,LTCUSD_otc
361,2026-05-30 15:45:00,51.08,50.7,51.08,50.66,383,1780156199.629,LTCUSD_otc
361,2026-05-30 15:50:00,50.7,50.66,50.83,50.59,399,1780156499.069,LTCUSD_otc
361,2026-05-30 15:55:00,50.66,50.56,50.72,50.4,408,1780156798.589,LTCUSD_otc
361,2026-05-30 16:00:00,50.56,50.65,50.72,50.54,393,1780157098.099,LTCUSD_otc
361,2026-05-30 16:05:00,50.64,50.43,50.67,50.42,417,1780157399.537,LTCUSD_otc
361,2026-05-30 16:10:00,50.43,50.42,50.65,50.42,404,1780157699.585,LTCUSD_otc
361,2026-05-30 16:15:00,50.43,50.28,50.46,50.26,408,1780157999.494,LTCUSD_otc
361,2026-05-30 16:20:00,50.28,49.97,50.3,49.81,427,1780158299.505,LTCUSD_otc
361,2026-05-30 16:25:00,49.96,49.94,49.97,49.77,389,1780158599.942,LTCUSD_otc
361,2026-05-30 16:30:00,49.94,50.14,50.17,49.94,411,1780158899.487,LTCUSD_otc
361,2026-05-30 16:35:00,50.14,50.17,50.29,50.01,398,1780159199.917,LTCUSD_otc
361,2026-05-30 16:40:00,50.17,50.14,50.28,50.03,395,1780159499.967,LTCUSD_otc
361,2026-05-30 16:45:00,50.13,50.3,50.39,50.07,407,1780159799.836,LTCUSD_otc
361,2026-05-30 16:50:00,50.3,50.39,50.54,50.21,408,1780160099.8,LTCUSD_otc
361,2026-05-30 16:55:00,50.39,50.59,50.59,50.37,374,1780160399.838,LTCUSD_otc
361,2026-05-30 17:00:00,50.59,50.55,50.59,50.41,408,1780160698.385,LTCUSD_otc
361,2026-05-30 17:05:00,50.55,50.42,50.6,50.33,404,1780160999.857,LTCUSD_otc
361,2026-05-30 17:10:00,50.42,50.36,50.61,50.36,388,1780161299.858,LTCUSD_otc
361,2026-05-30 17:15:00,50.37,50.61,50.81,50.36,398,1780161599.783,LTCUSD_otc
361,2026-05-30 17:20:00,50.62,50.72,50.86,50.6,419,1780161899.329,LTCUSD_otc
361,2026-05-30 17:25:00,50.72,50.62,50.89,50.51,407,1780162199.789,LTCUSD_otc
361,2026-05-30 17:30:00,50.62,50.53,50.67,50.39,414,1780162499.781,LTCUSD_otc
361,2026-05-30 17:35:00,50.52,50.59,50.59,50.37,417,1780162798.774,LTCUSD_otc
361,2026-05-30 17:40:00,50.59,50.59,50.65,50.51,393,1780163099.754,LTCUSD_otc
361,2026-05-30 17:45:00,50.64,50.67,50.68,50.47,431,1780163399.784,LTCUSD_otc
361,2026-05-30 17:50:00,50.67,50.15,50.68,50.14,382,1780163699.76,LTCUSD_otc
361,2026-05-30 17:55:00,50.15,50.53,50.57,50.12,394,1780163999.767,LTCUSD_otc
361,2026-05-30 18:00:00,50.53,50.73,50.86,50.52,390,1780164298.206,LTCUSD_otc
361,2026-05-30 18:05:00,50.73,50.75,50.97,50.7,410,1780164599.249,LTCUSD_otc
361,2026-05-30 18:10:00,50.75,50.6,50.8,50.58,399,1780164898.681,LTCUSD_otc
361,2026-05-30 18:15:00,50.6,50.27,50.69,50.27,400,1780165198.716,LTCUSD_otc
361,2026-05-30 18:20:00,50.27,50.38,50.61,50.21,384,1780165499.132,LTCUSD_otc
361,2026-05-30 18:25:00,50.38,50.41,50.51,50.23,395,1780165799.119,LTCUSD_otc
361,2026-05-30 18:30:00,50.41,50.19,50.49,50.12,404,1780166099.579,LTCUSD_otc
361,2026-05-30 18:35:00,50.19,50.25,50.3,50.13,398,1780166399.574,LTCUSD_otc
361,2026-05-30 18:40:00,50.26,49.89,50.3,49.66,392,1780166699.076,LTCUSD_otc
361,2026-05-30 18:45:00,49.88,49.99,50.01,49.85,388,1780166999.034,LTCUSD_otc
361,2026-05-30 18:50:00,49.99,49.5,50.0,49.46,389,1780167299.558,LTCUSD_otc
361,2026-05-30 18:55:00,49.49,49.46,49.58,49.41,398,1780167599.981,LTCUSD_otc
361,2026-05-30 19:00:00,49.46,49.5,49.5,49.27,384,1780167899.549,LTCUSD_otc
361,2026-05-30 19:05:00,49.5,49.55,49.7,49.5,404,1780168199.953,LTCUSD_otc
361,2026-05-30 19:10:00,49.55,49.66,49.69,49.39,404,1780168499.97,LTCUSD_otc
361,2026-05-30 19:15:00,49.66,49.93,49.97,49.64,384,1780168799.892,LTCUSD_otc
361,2026-05-30 19:20:00,49.93,49.67,50.01,49.59,397,1780169098.938,LTCUSD_otc
361,2026-05-30 19:25:00,49.67,49.59,49.76,49.57,398,1780169399.351,LTCUSD_otc
361,2026-05-30 19:30:00,49.59,49.19,49.69,49.13,384,1780169699.88,LTCUSD_otc
361,2026-05-30 19:35:00,49.18,49.51,49.56,49.14,380,1780169999.785,LTCUSD_otc
361,2026-05-30 19:40:00,49.51,49.96,49.96,49.48,400,1780170299.735,LTCUSD_otc
361,2026-05-30 19:45:00,49.96,50.07,50.08,49.75,398,1780170599.156,LTCUSD_otc
361,2026-05-30 19:50:00,50.07,50.05,50.4,50.01,393,1780170899.538,LTCUSD_otc
361,2026-05-30 19:55:00,50.05,50.18,50.23,50.0,406,1780171199.543,LTCUSD_otc
361,2026-05-30 20:00:00,50.17,49.91,50.17,49.85,391,1780171499.998,LTCUSD_otc
361,2026-05-30 20:05:00,49.91,50.01,50.02,49.79,414,1780171799.472,LTCUSD_otc
361,2026-05-30 20:10:00,50.0,49.88,50.01,49.85,396,1780172099.927,LTCUSD_otc
361,2026-05-30 20:15:00,49.88,49.82,49.96,49.8,378,1780172398.897,LTCUSD_otc
361,2026-05-30 20:20:00,49.83,50.05,50.22,49.78,408,1780172699.874,LTCUSD_otc
361,2026-05-30 20:25:00,50.05,50.6,50.62,49.99,395,1780172999.807,LTCUSD_otc
361,2026-05-30 20:30:00,50.6,50.86,50.94,50.56,415,1780173299.726,LTCUSD_otc
361,2026-05-30 20:35:00,50.83,50.97,51.08,50.66,396,1780173599.718,LTCUSD_otc
361,2026-05-30 20:40:00,50.97,51.08,51.13,50.91,406,1780173899.707,LTCUSD_otc
361,2026-05-30 20:45:00,51.08,50.67,51.09,50.56,407,1780174199.628,LTCUSD_otc
361,2026-05-30 20:50:00,50.67,50.74,50.87,50.62,367,1780174499.625,LTCUSD_otc
361,2026-05-30 20:55:00,50.74,50.71,50.86,50.69,393,1780174799.557,LTCUSD_otc
361,2026-05-30 21:00:00,50.7,50.87,50.99,50.58,403,1780175099.507,LTCUSD_otc
361,2026-05-30 21:05:00,50.87,50.79,50.93,50.69,388,1780175398.488,LTCUSD_otc
361,2026-05-30 21:10:00,50.79,50.9,50.95,50.62,401,1780175699.955,LTCUSD_otc
361,2026-05-30 21:15:00,50.9,50.75,50.95,50.65,404,1780175999.888,LTCUSD_otc
361,2026-05-30 21:20:00,50.75,50.68,50.94,50.64,398,1780176299.811,LTCUSD_otc
361,2026-05-30 21:25:00,50.68,50.58,50.7,50.43,417,1780176599.764,LTCUSD_otc
361,2026-05-30 21:30:00,50.57,50.49,50.64,50.39,417,1780176899.747,LTCUSD_otc
361,2026-05-30 21:35:00,50.49,50.38,50.53,50.3,375,1780177199.714,LTCUSD_otc
361,2026-05-30 21:40:00,50.38,50.51,50.61,50.27,399,1780177498.625,LTCUSD_otc
361,2026-05-30 21:45:00,50.5,50.42,50.52,50.36,406,1780177799.642,LTCUSD_otc
361,2026-05-30 21:50:00,50.42,50.11,50.44,50.1,404,1780178099.535,LTCUSD_otc
361,2026-05-30 21:55:00,50.12,50.21,50.29,50.0,392,1780178399.545,LTCUSD_otc
361,2026-05-30 22:00:00,50.21,50.05,50.26,50.04,382,1780178699.013,LTCUSD_otc
361,2026-05-30 22:05:00,50.05,50.12,50.28,50.05,369,1780178999.475,LTCUSD_otc
361,2026-05-30 22:10:00,50.12,50.51,50.51,50.04,399,1780179298.902,LTCUSD_otc
361,2026-05-30 22:15:00,50.51,50.35,50.53,50.23,396,1780179599.89,LTCUSD_otc
361,2026-05-30 22:20:00,50.35,50.46,50.63,50.28,401,1780179899.808,LTCUSD_otc
361,2026-05-30 22:25:00,50.46,50.53,50.58,50.33,381,1780180199.276,LTCUSD_otc
361,2026-05-30 22:30:00,50.53,50.55,50.63,50.52,389,1780180499.277,LTCUSD_otc
361,2026-05-30 22:35:00,50.55,50.67,50.67,50.42,379,1780180799.704,LTCUSD_otc
361,2026-05-30 22:40:00,50.67,50.8,50.91,50.64,406,1780181099.152,LTCUSD_otc
361,2026-05-30 22:45:00,50.8,50.7,50.96,50.65,403,1780181399.626,LTCUSD_otc
361,2026-05-30 22:50:00,50.7,50.9,50.9,50.63,407,1780181699.092,LTCUSD_otc
361,2026-05-30 22:55:00,50.89,50.26,50.89,50.25,406,1780181999.527,LTCUSD_otc
361,2026-05-30 23:00:00,50.26,50.07,50.36,50.05,389,1780182299.997,LTCUSD_otc
361,2026-05-30 23:05:00,50.07,49.98,50.09,49.85,416,1780182599.42,LTCUSD_otc
361,2026-05-30 23:10:00,49.99,50.41,50.45,49.94,399,1780182899.919,LTCUSD_otc
361,2026-05-30 23:15:00,50.41,50.45,50.45,50.21,399,1780183199.341,LTCUSD_otc
361,2026-05-30 23:20:00,50.45,50.44,50.54,50.36,390,1780183499.793,LTCUSD_otc
361,2026-05-30 23:25:00,50.44,50.47,50.66,50.4,397,1780183799.277,LTCUSD_otc
361,2026-05-30 23:30:00,50.47,50.7,50.72,50.42,386,1780184099.744,LTCUSD_otc
361,2026-05-30 23:35:00,50.7,50.64,50.75,50.53,416,1780184399.682,LTCUSD_otc
361,2026-05-30 23:40:00,50.64,50.83,50.9,50.58,401,1780184699.633,LTCUSD_otc
361,2026-05-30 23:45:00,50.83,50.46,50.87,50.46,411,1780184999.116,LTCUSD_otc
361,2026-05-30 23:50:00,50.45,50.8,50.83,50.45,418,1780185299.615,LTCUSD_otc
361,2026-05-30 23:55:00,50.8,50.74,50.9,50.7,388,1780185599.578,LTCUSD_otc
361,2026-05-31 00:00:00,50.75,50.47,50.75,50.47,403,1780185899.569,LTCUSD_otc
361,2026-05-31 00:05:00,50.48,50.37,50.48,50.3,397,1780186199.986,LTCUSD_otc
361,2026-05-31 00:10:00,50.37,50.17,50.44,50.04,403,1780186499.899,LTCUSD_otc
361,2026-05-31 00:15:00,50.17,50.21,50.21,50.0,404,1780186799.886,LTCUSD_otc
361,2026-05-31 00:20:00,50.21,50.4,50.44,50.2,424,1780187098.839,LTCUSD_otc
361,2026-05-31 00:25:00,50.4,50.4,50.52,50.21,394,1780187399.814,LTCUSD_otc
361,2026-05-31 00:30:00,50.4,50.19,50.45,50.09,416,1780187699.705,LTCUSD_otc
361,2026-05-31 00:35:00,50.18,50.02,50.19,49.92,377,1780187999.691,LTCUSD_otc
361,2026-05-31 00:40:00,50.02,50.1,50.22,49.94,419,1780188298.574,LTCUSD_otc
361,2026-05-31 00:45:00,50.11,50.17,50.27,50.03,401,1780188599.583,LTCUSD_otc
361,2026-05-31 00:50:00,50.16,50.32,50.39,50.13,402,1780188899.507,LTCUSD_otc
361,2026-05-31 00:55:00,50.32,50.2,50.39,50.19,404,1780189199.968,LTCUSD_otc
361,2026-05-31 01:00:00,50.2,50.22,50.25,50.05,390,1780189498.861,LTCUSD_otc
361,2026-05-31 01:05:00,50.22,50.03,50.27,49.99,393,1780189799.765,LTCUSD_otc
361,2026-05-31 01:10:00,50.03,50.13,50.25,50.0,403,1780190099.755,LTCUSD_otc
361,2026-05-31 01:15:00,50.14,49.85,50.17,49.82,413,1780190399.17,LTCUSD_otc
361,2026-05-31 01:20:00,49.85,49.99,50.13,49.84,415,1780190699.19,LTCUSD_otc
361,2026-05-31 01:25:00,50.0,50.12,50.24,49.99,403,1780190999.604,LTCUSD_otc
361,2026-05-31 01:30:00,50.12,49.95,50.14,49.94,417,1780191299.57,LTCUSD_otc
361,2026-05-31 01:35:00,49.95,49.59,49.95,49.55,394,1780191599.441,LTCUSD_otc
361,2026-05-31 01:40:00,49.59,49.79,49.82,49.56,381,1780191898.943,LTCUSD_otc
361,2026-05-31 01:45:00,49.79,49.68,49.84,49.59,401,1780192199.872,LTCUSD_otc
361,2026-05-31 01:50:00,49.69,49.72,49.78,49.61,402,1780192499.882,LTCUSD_otc
361,2026-05-31 01:55:00,49.72,49.79,49.8,49.43,405,1780192799.263,LTCUSD_otc
361,2026-05-31 02:00:00,49.78,50.0,50.05,49.57,391,1780193099.766,LTCUSD_otc
361,2026-05-31 02:05:00,50.0,50.06,50.09,49.8,418,1780193398.674,LTCUSD_otc
361,2026-05-31 02:10:00,50.06,49.92,50.09,49.8,411,1780193699.656,LTCUSD_otc
361,2026-05-31 02:15:00,49.93,49.98,50.08,49.73,387,1780193999.139,LTCUSD_otc
361,2026-05-31 02:20:00,49.98,49.61,50.0,49.61,399,1780194299.583,LTCUSD_otc
361,2026-05-31 02:25:00,49.61,49.51,49.71,49.43,385,1780194599.498,LTCUSD_otc
361,2026-05-31 02:30:00,49.51,49.57,49.71,49.44,398,1780194899.515,LTCUSD_otc
361,2026-05-31 02:35:00,49.57,49.26,49.57,49.26,383,1780195198.916,LTCUSD_otc
361,2026-05-31 02:40:00,49.26,49.24,49.37,49.13,397,1780195498.947,LTCUSD_otc
361,2026-05-31 02:45:00,49.24,49.65,49.65,49.16,410,1780195799.926,LTCUSD_otc
361,2026-05-31 02:50:00,49.65,49.43,49.7,49.43,407,1780196099.917,LTCUSD_otc
361,2026-05-31 02:55:00,49.43,49.47,49.53,49.35,394,1780196399.878,LTCUSD_otc
361,2026-05-31 03:00:00,49.47,49.15,49.48,49.13,403,1780196699.889,LTCUSD_otc
361,2026-05-31 03:05:00,49.15,49.06,49.15,48.83,405,1780196999.883,LTCUSD_otc
361,2026-05-31 03:10:00,49.06,49.08,49.15,48.91,429,1780197299.781,LTCUSD_otc
361,2026-05-31 03:15:00,49.08,49.09,49.18,48.97,408,1780197599.773,LTCUSD_otc
361,2026-05-31 03:20:00,49.09,48.88,49.23,48.78,409,1780197899.223,LTCUSD_otc
361,2026-05-31 03:25:00,48.88,49.13,49.16,48.81,392,1780198199.693,LTCUSD_otc
361,2026-05-31 03:30:00,49.14,49.09,49.33,49.09,399,1780198499.634,LTCUSD_otc
361,2026-05-31 03:35:00,49.07,48.99,49.21,48.93,413,1780198798.612,LTCUSD_otc
361,2026-05-31 03:40:00,48.99,48.92,49.1,48.87,411,1780199099.566,LTCUSD_otc
361,2026-05-31 03:45:00,48.92,49.15,49.28,48.88,399,1780199399.089,LTCUSD_otc
361,2026-05-31 03:50:00,49.15,49.31,49.32,48.94,385,1780199699.963,LTCUSD_otc
361,2026-05-31 03:55:00,49.31,49.09,49.45,49.08,410,1780199999.913,LTCUSD_otc
361,2026-05-31 04:00:00,49.09,49.33,49.33,49.07,403,1780200298.393,LTCUSD_otc
361,2026-05-31 04:05:00,49.33,49.33,49.44,49.27,382,1780200599.867,LTCUSD_otc
361,2026-05-31 04:10:00,49.33,49.26,49.46,49.22,401,1780200899.822,LTCUSD_otc
361,2026-05-31 04:15:00,49.26,49.0,49.27,48.91,417,1780201199.853,LTCUSD_otc
361,2026-05-31 04:20:00,49.0,48.79,49.01,48.73,415,1780201499.714,LTCUSD_otc
361,2026-05-31 04:25:00,48.79,48.96,49.05,48.72,413,1780201799.654,LTCUSD_otc
361,2026-05-31 04:30:00,48.96,49.08,49.24,48.95,374,1780202099.649,LTCUSD_otc
361,2026-05-31 04:35:00,49.09,49.18,49.26,48.98,406,1780202399.62,LTCUSD_otc
361,2026-05-31 04:40:00,49.18,49.24,49.33,49.11,409,1780202699.567,LTCUSD_otc
361,2026-05-31 04:45:00,49.23,49.25,49.5,49.16,390,1780202999.559,LTCUSD_otc
361,2026-05-31 04:50:00,49.25,48.97,49.25,48.91,383,1780203299.984,LTCUSD_otc
361,2026-05-31 04:55:00,48.97,48.55,48.99,48.55,394,1780203599.935,LTCUSD_otc
361,2026-05-31 05:00:00,48.55,48.5,48.69,48.41,390,1780203899.448,LTCUSD_otc
361,2026-05-31 05:05:00,48.5,48.61,48.66,48.34,392,1780204199.373,LTCUSD_otc
361,2026-05-31 05:10:00,48.61,48.59,48.72,48.54,398,1780204499.883,LTCUSD_otc
361,2026-05-31 05:15:00,48.59,49.15,49.17,48.55,409,1780204799.817,LTCUSD_otc
361,2026-05-31 05:20:00,49.15,49.22,49.24,49.03,390,1780205099.807,LTCUSD_otc
361,2026-05-31 05:25:00,49.22,49.0,49.25,48.84,412,1780205399.738,LTCUSD_otc
361,2026-05-31 05:30:00,49.0,48.97,49.07,48.85,417,1780205699.736,LTCUSD_otc
361,2026-05-31 05:35:00,48.97,49.14,49.2,48.95,410,1780205999.701,LTCUSD_otc
361,2026-05-31 05:40:00,49.14,49.19,49.24,49.01,388,1780206297.659,LTCUSD_otc
361,2026-05-31 05:45:00,49.19,49.14,49.27,49.09,396,1780206599.557,LTCUSD_otc
361,2026-05-31 05:50:00,49.13,49.06,49.13,48.94,399,1780206899.087,LTCUSD_otc
361,2026-05-31 05:55:00,49.08,49.2,49.3,49.06,388,1780207199.562,LTCUSD_otc
361,2026-05-31 06:00:00,49.2,49.15,49.5,49.15,414,1780207499.022,LTCUSD_otc
361,2026-05-31 06:05:00,49.15,48.94,49.18,48.82,392,1780207799.971,LTCUSD_otc
361,2026-05-31 06:10:00,48.94,49.25,49.26,48.85,430,1780208099.414,LTCUSD_otc
361,2026-05-31 06:15:00,49.25,49.26,49.31,49.18,404,1780208399.341,LTCUSD_otc
361,2026-05-31 06:20:00,49.26,49.07,49.31,48.94,404,1780208699.862,LTCUSD_otc
361,2026-05-31 06:25:00,49.07,49.01,49.1,48.92,402,1780208999.329,LTCUSD_otc
361,2026-05-31 06:30:00,49.01,48.75,49.13,48.69,396,1780209299.858,LTCUSD_otc
361,2026-05-31 06:35:00,48.75,48.27,48.75,48.27,399,1780209599.243,LTCUSD_otc
361,2026-05-31 06:40:00,48.27,47.79,48.28,47.79,405,1780209899.748,LTCUSD_otc
361,2026-05-31 06:45:00,47.79,48.03,48.05,47.75,419,1780210199.659,LTCUSD_otc
361,2026-05-31 06:50:00,48.02,47.92,48.03,47.77,395,1780210499.69,LTCUSD_otc
361,2026-05-31 06:55:00,47.91,48.16,48.2,47.91,385,1780210799.619,LTCUSD_otc
361,2026-05-31 07:00:00,48.17,47.9,48.29,47.88,400,1780211099.131,LTCUSD_otc
361,2026-05-31 07:05:00,47.9,48.03,48.12,47.9,385,1780211399.988,LTCUSD_otc
361,2026-05-31 07:10:00,48.02,48.2,48.34,47.95,396,1780211699.937,LTCUSD_otc
361,2026-05-31 07:15:00,48.2,48.47,48.57,48.13,394,1780211999.401,LTCUSD_otc
361,2026-05-31 07:20:00,48.47,48.55,48.6,48.41,392,1780212299.892,LTCUSD_otc
361,2026-05-31 07:25:00,48.55,48.62,48.67,48.44,393,1780212599.864,LTCUSD_otc
361,2026-05-31 07:30:00,48.62,48.42,48.73,48.39,413,1780212899.844,LTCUSD_otc
361,2026-05-31 07:35:00,48.42,48.47,48.53,48.33,395,1780213199.718,LTCUSD_otc
361,2026-05-31 07:40:00,48.46,48.52,48.61,48.38,391,1780213498.689,LTCUSD_otc
361,2026-05-31 07:45:00,48.53,48.29,48.59,48.28,403,1780213799.683,LTCUSD_otc
361,2026-05-31 07:50:00,48.3,48.34,48.59,48.27,398,1780214099.695,LTCUSD_otc
361,2026-05-31 07:55:00,48.34,48.42,48.43,48.1,398,1780214399.651,LTCUSD_otc
361,2026-05-31 08:00:00,48.42,48.73,48.75,48.41,402,1780214699.662,LTCUSD_otc
361,2026-05-31 08:05:00,48.73,48.9,49.0,48.64,391,1780214999.056,LTCUSD_otc
361,2026-05-31 08:10:00,48.91,48.58,48.95,48.47,417,1780215299.555,LTCUSD_otc
361,2026-05-31 08:15:00,48.59,48.84,48.91,48.42,416,1780215598.985,LTCUSD_otc
361,2026-05-31 08:20:00,48.84,48.92,48.93,48.77,406,1780215899.566,LTCUSD_otc
361,2026-05-31 08:25:00,48.92,48.86,49.06,48.82,404,1780216199.461,LTCUSD_otc
361,2026-05-31 08:30:00,48.85,49.01,49.11,48.85,393,1780216499.95,LTCUSD_otc
361,2026-05-31 08:35:00,49.01,48.92,49.11,48.88,408,1780216798.816,LTCUSD_otc
361,2026-05-31 08:40:00,48.92,48.79,48.96,48.73,398,1780217099.81,LTCUSD_otc
361,2026-05-31 08:45:00,48.76,48.34,48.77,48.34,399,1780217399.761,LTCUSD_otc
361,2026-05-31 08:50:00,48.34,48.27,48.54,48.26,388,1780217699.792,LTCUSD_otc
361,2026-05-31 08:55:00,48.27,48.4,48.5,48.26,394,1780217999.729,LTCUSD_otc
361,2026-05-31 09:00:00,48.4,48.17,48.46,48.16,392,1780218299.235,LTCUSD_otc
361,2026-05-31 09:05:00,48.16,48.19,48.2,47.85,393,1780218598.155,LTCUSD_otc
361,2026-05-31 09:10:00,48.19,48.54,48.54,48.09,410,1780218898.663,LTCUSD_otc
361,2026-05-31 09:15:00,48.53,48.39,48.66,48.35,385,1780219199.669,LTCUSD_otc
361,2026-05-31 09:20:00,48.39,48.31,48.39,48.13,395,1780219499.645,LTCUSD_otc
361,2026-05-31 09:25:00,48.31,48.44,48.44,48.15,403,1780219799.113,LTCUSD_otc
361,2026-05-31 09:30:00,48.44,48.67,48.72,48.44,398,1780220099.093,LTCUSD_otc
361,2026-05-31 09:35:00,48.67,48.58,48.74,48.44,399,1780220399.053,LTCUSD_otc
361,2026-05-31 09:40:00,48.58,48.42,48.65,48.39,397,1780220699.578,LTCUSD_otc
361,2026-05-31 09:45:00,48.42,48.31,48.43,48.11,364,1780220999.09,LTCUSD_otc
361,2026-05-31 09:50:00,48.31,48.44,48.51,48.2,403,1780221299.507,LTCUSD_otc
361,2026-05-31 09:55:00,48.44,48.38,48.52,48.33,391,1780221599.507,LTCUSD_otc
361,2026-05-31 10:00:00,48.39,48.41,48.47,48.29,387,1780221898.943,LTCUSD_otc
361,2026-05-31 10:05:00,48.41,48.62,48.71,48.3,397,1780222199.975,LTCUSD_otc
361,2026-05-31 10:10:00,48.62,48.74,48.76,48.53,395,1780222499.41,LTCUSD_otc
361,2026-05-31 10:15:00,48.74,49.04,49.12,48.62,402,1780222799.9,LTCUSD_otc
361,2026-05-31 10:20:00,49.04,48.94,49.09,48.86,394,1780223099.822,LTCUSD_otc
361,2026-05-31 10:25:00,48.94,49.05,49.16,48.92,404,1780223399.845,LTCUSD_otc
361,2026-05-31 10:30:00,49.05,49.13,49.25,49.02,419,1780223699.796,LTCUSD_otc
361,2026-05-31 10:35:00,49.12,49.08,49.14,48.97,405,1780223999.278,LTCUSD_otc
361,2026-05-31 10:40:00,49.08,49.05,49.18,48.94,386,1780224299.262,LTCUSD_otc
361,2026-05-31 10:45:00,49.04,48.96,49.28,48.91,423,1780224598.742,LTCUSD_otc
361,2026-05-31 10:50:00,48.97,49.17,49.17,48.97,403,1780224899.745,LTCUSD_otc
361,2026-05-31 10:55:00,49.17,49.22,49.29,49.11,392,1780225199.655,LTCUSD_otc
361,2026-05-31 11:00:00,49.23,49.04,49.31,49.02,404,1780225499.622,LTCUSD_otc
361,2026-05-31 11:05:00,49.03,49.02,49.16,48.99,412,1780225799.061,LTCUSD_otc
361,2026-05-31 11:10:00,49.02,48.88,49.05,48.88,400,1780226099.495,LTCUSD_otc
361,2026-05-31 11:15:00,48.88,48.85,48.88,48.56,403,1780226399.994,LTCUSD_otc
361,2026-05-31 11:20:00,48.85,48.76,48.98,48.7,388,1780226699.901,LTCUSD_otc
361,2026-05-31 11:25:00,48.76,48.94,49.01,48.75,429,1780226998.919,LTCUSD_otc
361,2026-05-31 11:30:00,48.94,48.68,48.94,48.63,406,1780227299.868,LTCUSD_otc
361,2026-05-31 11:35:00,48.68,48.82,48.83,48.51,388,1780227599.822,LTCUSD_otc
361,2026-05-31 11:40:00,48.82,48.86,48.89,48.64,384,1780227899.745,LTCUSD_otc
361,2026-05-31 11:45:00,48.86,48.64,48.87,48.59,393,1780228199.751,LTCUSD_otc
361,2026-05-31 11:50:00,48.64,48.77,48.89,48.61,402,1780228499.718,LTCUSD_otc
361,2026-05-31 11:55:00,48.78,49.2,49.21,48.74,394,1780228798.183,LTCUSD_otc
361,2026-05-31 12:00:00,49.2,49.37,49.39,49.12,380,1780229099.156,LTCUSD_otc
361,2026-05-31 12:05:00,49.38,49.34,49.64,49.3,430,1780229399.619,LTCUSD_otc
361,2026-05-31 12:10:00,49.35,49.28,49.48,49.1,391,1780229699.598,LTCUSD_otc
361,2026-05-31 12:15:00,49.28,49.75,49.75,49.23,402,1780229999.526,LTCUSD_otc
361,2026-05-31 12:20:00,49.75,49.84,49.95,49.6,411,1780230299.462,LTCUSD_otc
361,2026-05-31 12:25:00,49.82,49.96,50.06,49.8,402,1780230599.937,LTCUSD_otc
361,2026-05-31 12:30:00,49.96,50.18,50.24,49.93,374,1780230899.918,LTCUSD_otc
361,2026-05-31 12:35:00,50.18,49.89,50.2,49.84,408,1780231199.852,LTCUSD_otc
361,2026-05-31 12:40:00,49.89,49.99,50.09,49.85,395,1780231499.815,LTCUSD_otc
361,2026-05-31 12:45:00,49.99,49.78,50.03,49.76,411,1780231799.795,LTCUSD_otc
361,2026-05-31 12:50:00,49.78,49.55,49.89,49.52,408,1780232099.319,LTCUSD_otc
361,2026-05-31 12:55:00,49.55,49.48,49.63,49.48,416,1780232399.798,LTCUSD_otc
361,2026-05-31 13:00:00,49.49,49.52,49.56,49.38,426,1780232699.791,LTCUSD_otc
361,2026-05-31 13:05:00,49.51,49.63,49.65,49.42,393,1780232999.167,LTCUSD_otc
361,2026-05-31 13:10:00,49.62,49.72,49.75,49.58,395,1780233299.679,LTCUSD_otc
361,2026-05-31 13:15:00,49.71,49.63,49.78,49.52,383,1780233599.534,LTCUSD_otc
361,2026-05-31 13:20:00,49.63,49.64,49.9,49.62,393,1780233899.02,LTCUSD_otc
361,2026-05-31 13:25:00,49.64,49.42,49.64,49.41,387,1780234198.98,LTCUSD_otc
361,2026-05-31 13:30:00,49.42,49.13,49.51,49.09,392,1780234499.507,LTCUSD_otc
361,2026-05-31 13:35:00,49.14,49.03,49.15,48.93,408,1780234799.853,LTCUSD_otc
361,2026-05-31 13:40:00,49.03,49.04,49.18,48.91,406,1780235099.842,LTCUSD_otc
361,2026-05-31 13:45:00,49.04,49.04,49.2,49.02,401,1780235399.839,LTCUSD_otc
361,2026-05-31 13:50:00,49.04,48.84,49.13,48.73,413,1780235699.358,LTCUSD_otc
361,2026-05-31 13:55:00,48.84,49.12,49.17,48.8,420,1780235999.814,LTCUSD_otc
361,2026-05-31 14:00:00,49.12,49.13,49.31,49.03,413,1780236299.782,LTCUSD_otc
361,2026-05-31 14:05:00,49.14,49.09,49.31,48.95,412,1780236599.677,LTCUSD_otc
361,2026-05-31 14:10:00,49.09,49.11,49.2,49.01,394,1780236898.676,LTCUSD_otc
361,2026-05-31 14:15:00,49.11,49.39,49.42,49.01,414,1780237199.63,LTCUSD_otc
361,2026-05-31 14:20:00,49.39,49.58,49.62,49.36,389,1780237498.158,LTCUSD_otc
361,2026-05-31 14:25:00,49.58,49.34,49.58,49.31,371,1780237799.606,LTCUSD_otc
361,2026-05-31 14:30:00,49.35,49.2,49.35,49.14,414,1780238098.592,LTCUSD_otc
361,2026-05-31 14:35:00,49.21,49.42,49.51,49.11,406,1780238399.583,LTCUSD_otc
361,2026-05-31 14:40:00,49.42,49.48,49.58,49.37,398,1780238699.543,LTCUSD_otc
361,2026-05-31 14:45:00,49.48,49.26,49.49,49.26,385,1780238999.527,LTCUSD_otc
361,2026-05-31 14:50:00,49.27,48.94,49.32,48.94,387,1780239299.505,LTCUSD_otc
361,2026-05-31 14:55:00,48.94,49.29,49.32,48.89,394,1780239599.983,LTCUSD_otc
361,2026-05-31 15:00:00,49.29,49.36,49.42,49.2,400,1780239899.916,LTCUSD_otc
361,2026-05-31 15:05:00,49.36,49.58,49.75,49.3,398,1780240199.867,LTCUSD_otc
361,2026-05-31 15:10:00,49.58,49.81,49.96,49.58,391,1780240499.836,LTCUSD_otc
361,2026-05-31 15:15:00,49.82,49.71,49.91,49.57,415,1780240799.802,LTCUSD_otc
361,2026-05-31 15:20:00,49.71,49.89,50.02,49.71,423,1780241099.756,LTCUSD_otc
361,2026-05-31 15:25:00,49.89,50.02,50.11,49.82,427,1780241399.733,LTCUSD_otc
361,2026-05-31 15:30:00,50.02,50.3,50.35,49.99,403,1780241699.713,LTCUSD_otc
361,2026-05-31 15:35:00,50.31,50.26,50.37,50.19,399,1780241999.696,LTCUSD_otc
361,2026-05-31 15:40:00,50.26,49.89,50.27,49.84,407,1780242299.152,LTCUSD_otc
361,2026-05-31 15:45:00,49.9,50.24,50.26,49.88,419,1780242599.653,LTCUSD_otc
361,2026-05-31 15:50:00,50.23,50.18,50.39,50.07,388,1780242899.637,LTCUSD_otc
361,2026-05-31 15:55:00,50.19,50.43,50.49,50.18,397,1780243199.647,LTCUSD_otc
361,2026-05-31 16:00:00,50.42,50.61,50.62,50.34,397,1780243499.481,LTCUSD_otc
361,2026-05-31 16:05:00,50.61,50.04,50.69,50.01,389,1780243798.894,LTCUSD_otc
361,2026-05-31 16:10:00,50.04,50.08,50.22,50.01,396,1780244099.906,LTCUSD_otc
361,2026-05-31 16:15:00,50.08,50.22,50.33,49.86,397,1780244399.887,LTCUSD_otc
361,2026-05-31 16:20:00,50.22,49.95,50.22,49.93,392,1780244699.895,LTCUSD_otc
361,2026-05-31 16:25:00,49.93,49.92,49.99,49.83,392,1780244999.825,LTCUSD_otc
361,2026-05-31 16:30:00,49.92,50.44,50.46,49.91,373,1780245299.317,LTCUSD_otc
361,2026-05-31 16:35:00,50.44,50.53,50.65,50.44,416,1780245599.859,LTCUSD_otc
361,2026-05-31 16:40:00,50.55,50.32,50.57,50.32,431,1780245899.827,LTCUSD_otc
361,2026-05-31 16:45:00,50.32,50.19,50.32,50.07,409,1780246199.861,LTCUSD_otc
361,2026-05-31 16:50:00,50.19,50.3,50.31,50.08,412,1780246499.737,LTCUSD_otc
361,2026-05-31 16:55:00,50.3,50.42,50.55,50.21,423,1780246799.671,LTCUSD_otc
361,2026-05-31 17:00:00,50.44,50.49,50.64,50.4,392,1780247099.661,LTCUSD_otc
361,2026-05-31 17:05:00,50.49,50.63,50.63,50.39,382,1780247399.18,LTCUSD_otc
361,2026-05-31 17:10:00,50.64,50.41,50.65,50.29,399,1780247699.6,LTCUSD_otc
361,2026-05-31 17:15:00,50.41,50.45,50.67,50.32,407,1780247999.075,LTCUSD_otc
361,2026-05-31 17:20:00,50.45,50.69,50.71,50.43,411,1780248298.51,LTCUSD_otc
361,2026-05-31 17:25:00,50.69,50.47,50.69,50.35,401,1780248599.899,LTCUSD_otc
361,2026-05-31 17:30:00,50.47,50.31,50.47,50.3,393,1780248899.382,LTCUSD_otc
361,2026-05-31 17:35:00,50.31,50.72,50.73,50.29,408,1780249199.324,LTCUSD_otc
361,2026-05-31 17:40:00,50.72,50.9,51.06,50.71,402,1780249499.826,LTCUSD_otc
361,2026-05-31 17:45:00,50.9,50.94,50.99,50.84,392,1780249799.801,LTCUSD_otc
361,2026-05-31 17:50:00,50.94,50.81,50.98,50.78,394,1780250099.775,LTCUSD_otc
361,2026-05-31 17:55:00,50.81,51.05,51.06,50.7,403,1780250399.754,LTCUSD_otc
361,2026-05-31 18:00:00,51.05,50.79,51.12,50.77,406,1780250699.737,LTCUSD_otc
361,2026-05-31 18:05:00,50.79,50.88,50.91,50.6,403,1780250999.259,LTCUSD_otc
361,2026-05-31 18:10:00,50.87,50.9,50.9,50.7,410,1780251299.635,LTCUSD_otc
361,2026-05-31 18:15:00,50.9,50.79,51.01,50.79,414,1780251599.648,LTCUSD_otc
361,2026-05-31 18:20:00,50.8,50.47,50.8,50.46,405,1780251899.064,LTCUSD_otc
361,2026-05-31 18:25:00,50.47,50.33,50.62,50.32,405,1780252199.569,LTCUSD_otc
361,2026-05-31 18:30:00,50.33,50.69,50.7,50.17,391,1780252499.497,LTCUSD_otc
361,2026-05-31 18:35:00,50.69,50.59,50.75,50.56,401,1780252799.042,LTCUSD_otc
361,2026-05-31 18:40:00,50.59,50.57,50.73,50.44,394,1780253099.904,LTCUSD_otc
361,2026-05-31 18:45:00,50.57,50.78,50.8,50.45,382,1780253399.367,LTCUSD_otc
361,2026-05-31 18:50:00,50.78,51.11,51.15,50.74,403,1780253699.858,LTCUSD_otc
361,2026-05-31 18:55:00,51.12,51.03,51.13,50.92,406,1780253999.81,LTCUSD_otc
361,2026-05-31 19:00:00,51.03,51.01,51.07,50.75,394,1780254299.75,LTCUSD_otc
361,2026-05-31 19:05:00,51.01,51.06,51.06,50.82,414,1780254599.776,LTCUSD_otc
361,2026-05-31 19:10:00,51.06,50.85,51.13,50.76,406,1780254899.716,LTCUSD_otc
361,2026-05-31 19:15:00,50.85,50.73,50.91,50.65,397,1780255199.681,LTCUSD_otc
361,2026-05-31 19:20:00,50.73,50.82,50.87,50.55,405,1780255499.672,LTCUSD_otc
361,2026-05-31 19:25:00,50.82,51.5,51.51,50.82,397,1780255799.184,LTCUSD_otc
361,2026-05-31 19:30:00,51.49,51.47,51.58,51.34,407,1780256099.61,LTCUSD_otc
361,2026-05-31 19:35:00,51.47,51.39,51.5,51.18,416,1780256399.629,LTCUSD_otc
361,2026-05-31 19:40:00,51.38,51.38,51.53,51.25,415,1780256699.53,LTCUSD_otc
361,2026-05-31 19:45:00,51.38,51.22,51.41,51.13,419,1780256999.567,LTCUSD_otc
361,2026-05-31 19:50:00,51.22,50.96,51.27,50.92,403,1780257299.953,LTCUSD_otc
361,2026-05-31 19:55:00,50.96,50.48,51.03,50.47,416,1780257599.983,LTCUSD_otc
361,2026-05-31 20:00:00,50.48,50.32,50.49,50.2,402,1780257899.898,LTCUSD_otc
361,2026-05-31 20:05:00,50.32,50.47,50.59,50.3,394,1780258199.414,LTCUSD_otc
361,2026-05-31 20:10:00,50.47,50.45,50.58,50.36,416,1780258499.785,LTCUSD_otc
361,2026-05-31 20:15:00,50.45,50.43,50.58,50.35,405,1780258799.226,LTCUSD_otc
361,2026-05-31 20:20:00,50.44,50.62,50.66,50.42,391,1780259099.69,LTCUSD_otc
361,2026-05-31 20:25:00,50.62,50.55,50.7,50.44,399,1780259399.707,LTCUSD_otc
361,2026-05-31 20:30:00,50.56,50.79,50.84,50.48,430,1780259699.122,LTCUSD_otc
361,2026-05-31 20:35:00,50.8,50.89,50.98,50.76,392,1780259999.647,LTCUSD_otc
361,2026-05-31 20:40:00,50.89,50.87,51.06,50.75,386,1780260299.57,LTCUSD_otc
361,2026-05-31 20:45:00,50.87,50.85,50.89,50.71,391,1780260599.541,LTCUSD_otc
361,2026-05-31 20:50:00,50.86,50.41,50.89,50.39,396,1780260899.99,LTCUSD_otc
361,2026-05-31 20:55:00,50.4,50.65,50.67,50.4,395,1780261199.027,LTCUSD_otc
361,2026-05-31 21:00:00,50.68,50.75,50.94,50.63,373,1780261499.878,LTCUSD_otc
361,2026-05-31 21:05:00,50.75,50.73,50.85,50.65,415,1780261799.826,LTCUSD_otc
361,2026-05-31 21:10:00,50.73,51.17,51.23,50.69,405,1780262099.286,LTCUSD_otc
361,2026-05-31 21:15:00,51.17,51.23,51.27,51.07,396,1780262399.235,LTCUSD_otc
361,2026-05-31 21:20:00,51.23,51.24,51.29,51.15,397,1780262699.687,LTCUSD_otc
361,2026-05-31 21:25:00,51.25,51.32,51.48,51.24,405,1780262998.081,LTCUSD_otc
361,2026-05-31 21:30:00,51.3,51.15,51.33,51.12,389,1780263299.099,LTCUSD_otc
361,2026-05-31 21:35:00,51.15,51.47,51.52,51.1,402,1780263599.538,LTCUSD_otc
361,2026-05-31 21:40:00,51.47,51.52,51.6,51.31,412,1780263899.543,LTCUSD_otc
361,2026-05-31 21:45:00,51.53,51.52,51.64,51.42,412,1780264199.519,LTCUSD_otc
361,2026-05-31 21:50:00,51.5,51.23,51.55,51.14,405,1780264499.959,LTCUSD_otc
361,2026-05-31 21:55:00,51.23,51.28,51.35,51.12,375,1780264798.43,LTCUSD_otc
361,2026-05-31 22:00:00,51.28,51.2,51.4,51.18,414,1780265099.842,LTCUSD_otc
361,2026-05-31 22:05:00,51.19,51.08,51.19,50.91,407,1780265399.825,LTCUSD_otc
361,2026-05-31 22:10:00,51.08,51.29,51.35,51.08,406,1780265699.717,LTCUSD_otc
361,2026-05-31 22:15:00,51.29,51.09,51.33,51.01,387,1780265999.713,LTCUSD_otc
361,2026-05-31 22:20:00,51.08,51.2,51.31,51.01,393,1780266298.672,LTCUSD_otc
361,2026-05-31 22:25:00,51.2,51.16,51.35,50.96,426,1780266599.661,LTCUSD_otc
361,2026-05-31 22:30:00,51.16,51.24,51.24,51.07,380,1780266899.58,LTCUSD_otc
361,2026-05-31 22:35:00,51.24,51.45,51.45,51.21,387,1780267199.064,LTCUSD_otc
361,2026-05-31 22:40:00,51.45,51.64,51.65,51.38,409,1780267499.524,LTCUSD_otc
361,2026-05-31 22:45:00,51.64,51.3,51.69,51.25,398,1780267799.984,LTCUSD_otc
361,2026-05-31 22:50:00,51.3,51.55,51.66,51.3,384,1780268099.932,LTCUSD_otc
361,2026-05-31 22:55:00,51.55,51.63,51.65,51.43,410,1780268399.905,LTCUSD_otc
361,2026-05-31 23:00:00,51.63,51.41,51.73,51.34,416,1780268699.278,LTCUSD_otc
361,2026-05-31 23:05:00,51.41,52.06,52.06,51.4,405,1780268997.19,LTCUSD_otc
361,2026-05-31 23:10:00,52.07,52.13,52.18,51.93,400,1780269299.669,LTCUSD_otc
361,2026-05-31 23:15:00,52.14,52.01,52.36,51.96,427,1780269599.133,LTCUSD_otc
361,2026-05-31 23:20:00,52.01,52.12,52.19,51.98,398,1780269899.599,LTCUSD_otc
361,2026-05-31 23:25:00,52.12,52.15,52.39,52.12,396,1780270199.005,LTCUSD_otc
361,2026-05-31 23:30:00,52.14,51.84,52.16,51.8,386,1780270499.985,LTCUSD_otc
361,2026-05-31 23:35:00,51.84,51.45,51.85,51.45,410,1780270798.897,LTCUSD_otc
361,2026-05-31 23:40:00,51.45,51.57,51.6,51.38,405,1780271099.876,LTCUSD_otc
361,2026-05-31 23:45:00,51.58,51.56,51.6,51.39,398,1780271399.822,LTCUSD_otc
361,2026-05-31 23:50:00,51.56,51.4,51.58,51.33,394,1780271699.801,LTCUSD_otc
361,2026-05-31 23:55:00,51.4,51.56,51.68,51.26,393,1780271998.697,LTCUSD_otc
361,2026-06-01 00:00:00,51.54,51.51,51.78,51.5,378,1780272297.192,LTCUSD_otc
361,2026-06-01 00:05:00,51.5,51.38,51.65,51.32,409,1780272599.087,LTCUSD_otc
361,2026-06-01 00:10:00,51.38,51.51,51.6,51.32,393,1780272899.108,LTCUSD_otc
361,2026-06-01 00:15:00,51.51,51.29,51.53,51.17,387,1780273199.581,LTCUSD_otc
361,2026-06-01 00:20:00,51.28,51.49,51.54,51.28,385,1780273499.999,LTCUSD_otc
361,2026-06-01 00:25:00,51.48,51.09,51.5,51.08,390,1780273798.888,LTCUSD_otc
361,2026-06-01 00:30:00,51.09,51.11,51.2,50.97,399,1780274099.891,LTCUSD_otc
361,2026-06-01 00:35:00,51.12,51.13,51.38,51.02,398,1780274399.314,LTCUSD_otc
361,2026-06-01 00:40:00,51.13,50.88,51.13,50.71,391,1780274699.806,LTCUSD_otc
361,2026-06-01 00:45:00,50.88,50.83,50.91,50.64,416,1780274999.699,LTCUSD_otc
361,2026-06-01 00:50:00,50.83,51.03,51.23,50.82,414,1780275298.656,LTCUSD_otc
361,2026-06-01 00:55:00,51.03,51.18,51.21,51.0,390,1780275598.611,LTCUSD_otc
361,2026-06-01 01:00:00,51.17,51.51,51.64,51.16,407,1780275897.1,LTCUSD_otc
361,2026-06-01 01:05:00,51.5,51.47,51.61,51.35,393,1780276199.541,LTCUSD_otc
361,2026-06-01 01:10:00,51.47,51.7,51.71,51.44,379,1780276499.517,LTCUSD_otc
361,2026-06-01 01:15:00,51.7,51.6,51.8,51.6,381,1780276798.894,LTCUSD_otc
361,2026-06-01 01:20:00,51.6,51.98,52.07,51.59,392,1780277099.917,LTCUSD_otc
361,2026-06-01 01:25:00,51.98,52.3,52.36,51.95,405,1780277399.255,LTCUSD_otc
361,2026-06-01 01:30:00,52.3,52.56,52.67,52.3,407,1780277699.704,LTCUSD_otc
361,2026-06-01 01:35:00,52.56,52.33,52.65,52.29,406,1780277999.685,LTCUSD_otc
361,2026-06-01 01:40:00,52.33,52.33,52.36,52.15,393,1780278299.66,LTCUSD_otc
361,2026-06-01 01:45:00,52.33,52.19,52.37,52.08,396,1780278599.134,LTCUSD_otc
361,2026-06-01 01:50:00,52.19,51.96,52.3,51.83,411,1780278899.11,LTCUSD_otc
361,2026-06-01 01:55:00,51.96,52.06,52.06,51.85,406,1780279199.991,LTCUSD_otc
361,2026-06-01 02:00:00,52.06,51.88,52.09,51.8,410,1780279498.996,LTCUSD_otc
361,2026-06-01 02:05:00,51.87,51.93,51.96,51.62,404,1780279799.965,LTCUSD_otc
361,2026-06-01 02:10:00,51.93,52.16,52.2,51.91,379,1780280099.97,LTCUSD_otc
361,2026-06-01 02:15:00,52.16,52.18,52.26,52.04,406,1780280399.87,LTCUSD_otc
361,2026-06-01 02:20:00,52.18,52.32,52.4,52.14,396,1780280699.872,LTCUSD_otc
361,2026-06-01 02:25:00,52.28,52.46,52.59,52.27,396,1780280999.216,LTCUSD_otc
361,2026-06-01 02:30:00,52.46,52.1,52.47,52.01,392,1780281299.664,LTCUSD_otc
361,2026-06-01 02:35:00,52.09,52.04,52.23,52.0,393,1780281599.62,LTCUSD_otc
361,2026-06-01 02:40:00,52.05,52.27,52.37,51.95,387,1780281899.596,LTCUSD_otc
361,2026-06-01 02:45:00,52.27,51.84,52.27,51.82,416,1780282199.556,LTCUSD_otc
361,2026-06-01 02:50:00,51.84,51.53,51.84,51.53,389,1780282499.95,LTCUSD_otc
361,2026-06-01 02:55:00,51.52,51.29,51.69,51.19,410,1780282799.902,LTCUSD_otc
361,2026-06-01 03:00:00,51.28,51.32,51.33,51.14,376,1780283099.829,LTCUSD_otc
361,2026-06-01 03:05:00,51.32,51.04,51.35,50.75,404,1780283399.844,LTCUSD_otc
361,2026-06-01 03:10:00,51.04,50.92,51.05,50.89,416,1780283698.686,LTCUSD_otc
361,2026-06-01 03:15:00,50.92,50.8,50.92,50.72,381,1780283999.588,LTCUSD_otc
361,2026-06-01 03:20:00,50.8,51.18,51.18,50.68,396,1780284299.516,LTCUSD_otc
361,2026-06-01 03:25:00,51.18,51.03,51.23,50.99,400,1780284599.417,LTCUSD_otc
361,2026-06-01 03:30:00,51.03,50.95,51.05,50.8,391,1780284899.951,LTCUSD_otc
361,2026-06-01 03:35:00,50.94,51.19,51.22,50.84,396,1780285199.369,LTCUSD_otc
361,2026-06-01 03:40:00,51.19,50.94,51.2,50.88,394,1780285499.376,LTCUSD_otc
361,2026-06-01 03:45:00,50.94,50.72,50.94,50.62,404,1780285799.74,LTCUSD_otc
361,2026-06-01 03:50:00,50.73,51.08,51.12,50.72,395,1780286099.758,LTCUSD_otc
361,2026-06-01 03:55:00,51.08,51.17,51.21,51.01,395,1780286399.647,LTCUSD_otc
361,2026-06-01 04:00:00,51.17,51.33,51.43,51.1,381,1780286699.155,LTCUSD_otc
361,2026-06-01 04:05:00,51.33,51.21,51.47,51.16,402,1780286999.568,LTCUSD_otc
361,2026-06-01 04:10:00,51.2,51.27,51.27,51.03,384,1780287297.559,LTCUSD_otc
361,2026-06-01 04:15:00,51.27,51.54,51.57,51.25,394,1780287599.998,LTCUSD_otc
361,2026-06-01 04:20:00,51.54,51.44,51.6,51.31,417,1780287899.528,LTCUSD_otc
361,2026-06-01 04:25:00,51.44,51.64,51.64,51.4,382,1780288199.494,LTCUSD_otc
361,2026-06-01 04:30:00,51.64,51.32,51.66,51.32,385,1780288499.991,LTCUSD_otc
361,2026-06-01 04:35:00,51.32,51.22,51.32,51.1,388,1780288799.881,LTCUSD_otc
361,2026-06-01 04:40:00,51.22,51.33,51.36,51.16,420,1780289099.89,LTCUSD_otc
361,2026-06-01 04:45:00,51.32,51.25,51.32,51.04,412,1780289399.295,LTCUSD_otc
361,2026-06-01 04:50:00,51.25,50.8,51.26,50.79,419,1780289699.316,LTCUSD_otc
361,2026-06-01 04:55:00,50.8,50.72,50.97,50.71,406,1780289998.815,LTCUSD_otc
361,2026-06-01 05:00:00,50.71,50.95,50.95,50.64,396,1780290299.761,LTCUSD_otc
361,2026-06-01 05:05:00,50.95,51.11,51.17,50.93,397,1780290598.703,LTCUSD_otc
361,2026-06-01 05:10:00,51.11,50.9,51.22,50.9,389,1780290899.694,LTCUSD_otc
361,2026-06-01 05:15:00,50.89,50.94,51.03,50.83,398,1780291197.158,LTCUSD_otc
361,2026-06-01 05:20:00,50.94,50.81,50.96,50.64,386,1780291499.612,LTCUSD_otc
361,2026-06-01 05:25:00,50.8,50.86,50.89,50.71,396,1780291799.569,LTCUSD_otc
361,2026-06-01 05:30:00,50.85,50.78,50.89,50.65,397,1780292099.017,LTCUSD_otc
361,2026-06-01 05:35:00,50.79,50.75,50.93,50.7,394,1780292399.511,LTCUSD_otc
361,2026-06-01 05:40:00,50.75,50.46,50.85,50.46,396,1780292698.97,LTCUSD_otc
361,2026-06-01 05:45:00,50.46,50.51,50.51,50.28,397,1780292998.422,LTCUSD_otc
361,2026-06-01 05:50:00,50.52,50.25,50.62,50.24,400,1780293299.884,LTCUSD_otc
361,2026-06-01 05:55:00,50.25,50.06,50.25,49.98,400,1780293599.865,LTCUSD_otc
361,2026-06-01 06:00:00,50.06,50.22,50.22,50.02,392,1780293899.82,LTCUSD_otc
361,2026-06-01 06:05:00,50.23,50.13,50.3,50.03,389,1780294199.803,LTCUSD_otc
361,2026-06-01 06:10:00,50.12,49.69,50.17,49.64,393,1780294499.266,LTCUSD_otc
361,2026-06-01 06:15:00,49.69,49.72,49.88,49.65,396,1780294798.201,LTCUSD_otc
361,2026-06-01 06:20:00,49.72,50.02,50.04,49.69,395,1780295099.677,LTCUSD_otc
361,2026-06-01 06:25:00,50.02,50.05,50.17,49.96,407,1780295399.687,LTCUSD_otc
361,2026-06-01 06:30:00,50.05,50.09,50.15,49.97,398,1780295699.61,LTCUSD_otc
361,2026-06-01 06:35:00,50.09,50.05,50.12,49.94,385,1780295999.097,LTCUSD_otc
361,2026-06-01 06:40:00,50.06,49.92,50.08,49.88,397,1780296297.53,LTCUSD_otc
361,2026-06-01 06:45:00,49.92,49.86,50.05,49.79,398,1780296599.57,LTCUSD_otc
361,2026-06-01 06:50:00,49.85,49.73,49.98,49.73,397,1780296899.985,LTCUSD_otc
361,2026-06-01 06:55:00,49.73,49.88,49.93,49.48,409,1780297199.997,LTCUSD_otc
361,2026-06-01 07:00:00,49.88,49.88,49.96,49.72,393,1780297499.417,LTCUSD_otc
361,2026-06-01 07:05:00,49.88,49.92,50.13,49.79,406,1780297799.954,LTCUSD_otc
361,2026-06-01 07:10:00,49.92,49.98,49.98,49.8,419,1780298099.849,LTCUSD_otc
361,2026-06-01 07:15:00,49.97,49.98,50.1,49.92,408,1780298399.874,LTCUSD_otc
361,2026-06-01 07:20:00,49.98,50.32,50.32,49.9,382,1780298699.762,LTCUSD_otc
361,2026-06-01 07:25:00,50.33,50.58,50.58,50.2,402,1780298999.302,LTCUSD_otc
361,2026-06-01 07:30:00,50.58,50.56,50.67,50.37,407,1780299299.683,LTCUSD_otc
361,2026-06-01 07:35:00,50.56,50.21,50.66,50.18,398,1780299599.739,LTCUSD_otc
361,2026-06-01 07:40:00,50.21,50.13,50.25,50.02,400,1780299899.666,LTCUSD_otc
361,2026-06-01 07:45:00,50.12,50.37,50.4,49.97,391,1780300199.673,LTCUSD_otc
361,2026-06-01 07:50:00,50.37,50.57,50.66,50.36,398,1780300499.657,LTCUSD_otc
361,2026-06-01 07:55:00,50.57,50.37,50.68,50.37,394,1780300799.629,LTCUSD_otc
361,2026-06-01 08:00:00,50.38,50.63,50.66,50.33,404,1780301099.577,LTCUSD_otc
361,2026-06-01 08:05:00,50.62,50.62,50.86,50.55,401,1780301399.078,LTCUSD_otc
361,2026-06-01 08:10:00,50.62,51.01,51.04,50.55,402,1780301699.044,LTCUSD_otc
361,2026-06-01 08:15:00,51.01,51.5,51.62,50.92,389,1780301998.522,LTCUSD_otc
361,2026-06-01 08:20:00,51.5,51.44,51.52,51.36,387,1780302299.522,LTCUSD_otc
361,2026-06-01 08:25:00,51.44,51.18,51.47,51.16,394,1780302598.437,LTCUSD_otc
361,2026-06-01 08:30:00,51.18,51.23,51.26,51.1,395,1780302899.944,LTCUSD_otc
361,2026-06-01 08:35:00,51.23,50.86,51.23,50.83,399,1780303199.925,LTCUSD_otc
361,2026-06-01 08:40:00,50.86,50.65,50.87,50.57,385,1780303498.444,LTCUSD_otc
361,2026-06-01 08:45:00,50.65,50.83,50.88,50.64,389,1780303799.885,LTCUSD_otc
361,2026-06-01 08:50:00,50.84,50.85,51.08,50.78,411,1780304099.39,LTCUSD_otc
361,2026-06-01 08:55:00,50.84,50.5,50.84,50.47,410,1780304399.77,LTCUSD_otc
361,2026-06-01 09:00:00,50.5,50.43,50.59,50.31,415,1780304699.819,LTCUSD_otc
361,2026-06-01 09:05:00,50.43,50.47,50.47,50.3,410,1780304998.76,LTCUSD_otc
361,2026-06-01 09:10:00,50.47,50.23,50.53,50.18,393,1780305299.779,LTCUSD_otc
361,2026-06-01 09:15:00,50.22,50.22,50.46,50.2,406,1780305599.689,LTCUSD_otc
361,2026-06-01 09:20:00,50.22,50.39,50.45,50.22,397,1780305899.196,LTCUSD_otc
361,2026-06-01 09:25:00,50.4,50.11,50.42,50.09,415,1780306199.121,LTCUSD_otc
361,2026-06-01 09:30:00,50.13,50.06,50.22,49.94,425,1780306499.669,LTCUSD_otc
361,2026-06-01 09:35:00,50.06,50.04,50.11,49.96,411,1780306799.607,LTCUSD_otc
361,2026-06-01 09:40:00,50.04,50.01,50.12,49.9,400,1780307099.588,LTCUSD_otc
361,2026-06-01 09:45:00,49.99,49.99,50.1,49.76,395,1780307399.546,LTCUSD_otc
361,2026-06-01 09:50:00,49.99,50.25,50.26,49.98,388,1780307699.478,LTCUSD_otc
361,2026-06-01 09:55:00,50.25,50.09,50.31,49.94,401,1780307999.899,LTCUSD_otc
361,2026-06-01 10:00:00,50.09,50.23,50.29,50.05,397,1780308298.91,LTCUSD_otc
361,2026-06-01 10:05:00,50.23,50.28,50.3,50.04,415,1780308599.881,LTCUSD_otc
361,2026-06-01 10:10:00,50.28,50.2,50.38,50.13,393,1780308899.323,LTCUSD_otc
361,2026-06-01 10:15:00,50.2,50.43,50.46,50.2,398,1780309198.246,LTCUSD_otc
361,2026-06-01 10:20:00,50.44,50.63,50.74,50.36,404,1780309499.268,LTCUSD_otc
361,2026-06-01 10:25:00,50.63,50.62,50.67,50.4,393,1780309799.696,LTCUSD_otc
361,2026-06-01 10:30:00,50.62,50.53,50.71,50.48,400,1780310099.708,LTCUSD_otc
361,2026-06-01 10:35:00,50.53,50.42,50.7,50.31,376,1780310399.183,LTCUSD_otc
361,2026-06-01 10:40:00,50.42,50.28,50.49,50.22,408,1780310699.613,LTCUSD_otc
361,2026-06-01 10:45:00,50.29,50.4,50.49,50.23,400,1780310999.535,LTCUSD_otc
361,2026-06-01 10:50:00,50.44,50.62,50.69,50.4,427,1780311299.507,LTCUSD_otc
361,2026-06-01 10:55:00,50.62,50.55,50.71,50.48,393,1780311599.516,LTCUSD_otc
361,2026-06-01 11:00:00,50.54,50.6,50.61,50.38,404,1780311899.516,LTCUSD_otc
361,2026-06-01 11:05:00,50.6,50.51,50.6,50.33,382,1780312199.509,LTCUSD_otc
361,2026-06-01 11:10:00,50.5,50.31,50.61,50.29,393,1780312498.924,LTCUSD_otc
361,2026-06-01 11:15:00,50.31,50.21,50.32,49.96,406,1780312799.964,LTCUSD_otc
361,2026-06-01 11:20:00,50.21,50.16,50.43,50.16,386,1780313099.843,LTCUSD_otc
361,2026-06-01 11:25:00,50.16,50.28,50.28,50.04,407,1780313399.366,LTCUSD_otc
361,2026-06-01 11:30:00,50.28,50.24,50.29,50.09,399,1780313699.283,LTCUSD_otc
361,2026-06-01 11:35:00,50.24,50.44,50.5,50.23,406,1780313999.327,LTCUSD_otc
361,2026-06-01 11:40:00,50.44,50.53,50.55,50.23,404,1780314299.755,LTCUSD_otc
361,2026-06-01 11:45:00,50.53,50.3,50.61,50.23,412,1780314599.743,LTCUSD_otc
361,2026-06-01 11:50:00,50.3,50.18,50.34,50.14,394,1780314899.725,LTCUSD_otc
361,2026-06-01 11:55:00,50.18,50.08,50.3,50.06,374,1780315199.693,LTCUSD_otc
361,2026-06-01 12:00:00,50.08,50.23,50.44,50.03,411,1780315499.703,LTCUSD_otc
361,2026-06-01 12:05:00,50.23,50.34,50.36,50.15,400,1780315799.678,LTCUSD_otc
361,2026-06-01 12:10:00,50.33,50.49,50.56,50.33,425,1780316099.55,LTCUSD_otc
361,2026-06-01 12:15:00,50.48,50.64,50.81,50.44,415,1780316399.555,LTCUSD_otc
361,2026-06-01 12:20:00,50.64,50.54,50.67,50.35,409,1780316699.488,LTCUSD_otc
361,2026-06-01 12:25:00,50.54,50.55,50.68,50.44,392,1780316999.528,LTCUSD_otc
361,2026-06-01 12:30:00,50.56,50.54,50.83,50.49,408,1780317299.532,LTCUSD_otc
361,2026-06-01 12:35:00,50.54,50.42,50.6,50.4,404,1780317599.988,LTCUSD_otc
361,2026-06-01 12:40:00,50.42,50.09,50.48,50.09,379,1780317898.959,LTCUSD_otc
361,2026-06-01 12:45:00,50.1,49.97,50.13,49.97,366,1780318199.961,LTCUSD_otc
361,2026-06-01 12:50:00,49.98,50.32,50.42,49.94,383,1780318499.51,LTCUSD_otc
361,2026-06-01 12:55:00,50.32,50.14,50.33,50.05,401,1780318799.905,LTCUSD_otc
361,2026-06-01 13:00:00,50.14,50.65,50.7,50.14,392,1780319099.926,LTCUSD_otc
361,2026-06-01 13:05:00,50.65,50.52,50.8,50.42,397,1780319399.817,LTCUSD_otc
361,2026-06-01 13:10:00,50.52,50.72,50.72,50.33,403,1780319699.817,LTCUSD_otc
361,2026-06-01 13:15:00,50.72,50.77,50.84,50.66,395,1780319999.748,LTCUSD_otc
361,2026-06-01 13:20:00,50.78,50.57,50.91,50.46,421,1780320298.272,LTCUSD_otc
361,2026-06-01 13:25:00,50.58,50.71,50.83,50.54,404,1780320598.714,LTCUSD_otc
361,2026-06-01 13:30:00,50.71,50.84,50.87,50.51,398,1780320899.738,LTCUSD_otc
361,2026-06-01 13:35:00,50.84,50.6,50.84,50.6,422,1780321199.644,LTCUSD_otc
361,2026-06-01 13:40:00,50.59,50.57,50.64,50.41,412,1780321499.655,LTCUSD_otc
361,2026-06-01 13:45:00,50.57,50.27,50.59,50.27,393,1780321799.559,LTCUSD_otc
361,2026-06-01 13:50:00,50.27,50.34,50.43,50.27,412,1780322099.586,LTCUSD_otc
361,2026-06-01 13:55:00,50.35,50.2,50.39,50.15,394,1780322399.564,LTCUSD_otc
361,2026-06-01 14:00:00,50.2,49.95,50.23,49.92,402,1780322699.051,LTCUSD_otc
361,2026-06-01 14:05:00,49.95,49.86,50.11,49.78,390,1780322999.519,LTCUSD_otc
361,2026-06-01 14:10:00,49.86,50.21,50.22,49.86,408,1780323298.515,LTCUSD_otc
361,2026-06-01 14:15:00,50.22,50.06,50.23,49.88,394,1780323599.947,LTCUSD_otc
361,2026-06-01 14:20:00,50.06,49.99,50.07,49.74,400,1780323899.971,LTCUSD_otc
361,2026-06-01 14:25:00,49.99,49.78,50.12,49.67,408,1780324199.974,LTCUSD_otc
361,2026-06-01 14:30:00,49.79,49.5,49.81,49.49,395,1780324499.916,LTCUSD_otc
361,2026-06-01 14:35:00,49.5,49.8,49.88,49.45,387,1780324799.936,LTCUSD_otc
361,2026-06-01 14:40:00,49.8,49.92,50.13,49.8,408,1780325099.383,LTCUSD_otc
361,2026-06-01 14:45:00,49.92,50.01,50.1,49.83,403,1780325399.921,LTCUSD_otc
361,2026-06-01 14:50:00,50.01,49.62,50.06,49.62,405,1780325699.865,LTCUSD_otc
361,2026-06-01 14:55:00,49.62,49.58,49.72,49.57,382,1780325999.887,LTCUSD_otc
361,2026-06-01 15:00:00,49.59,49.91,49.98,49.54,384,1780326298.806,LTCUSD_otc
361,2026-06-01 15:05:00,49.9,49.7,49.98,49.69,397,1780326599.837,LTCUSD_otc
361,2026-06-01 15:10:00,49.7,49.44,49.72,49.35,424,1780326898.29,LTCUSD_otc
361,2026-06-01 15:15:00,49.44,49.56,49.56,49.39,405,1780327199.787,LTCUSD_otc
361,2026-06-01 15:20:00,49.58,49.5,49.86,49.49,410,1780327499.221,LTCUSD_otc
361,2026-06-01 15:25:00,49.5,49.12,49.5,48.96,395,1780327799.719,LTCUSD_otc
361,2026-06-01 15:30:00,49.12,49.26,49.44,49.09,407,1780328099.636,LTCUSD_otc
361,2026-06-01 15:35:00,49.26,49.2,49.33,49.06,409,1780328399.172,LTCUSD_otc
361,2026-06-01 15:40:00,49.2,49.22,49.36,49.06,401,1780328699.611,LTCUSD_otc
361,2026-06-01 15:45:00,49.22,49.25,49.34,49.09,395,1780328999.615,LTCUSD_otc
361,2026-06-01 15:50:00,49.25,49.48,49.48,49.25,414,1780329299.52,LTCUSD_otc
361,2026-06-01 15:55:00,49.48,49.69,49.79,49.41,365,1780329599.586,LTCUSD_otc
361,2026-06-01 16:00:00,49.69,49.61,49.7,49.47,409,1780329897.016,LTCUSD_otc
361,2026-06-01 16:05:00,49.61,49.59,49.68,49.51,382,1780330199.017,LTCUSD_otc
361,2026-06-01 16:10:00,49.59,49.29,49.59,49.28,414,1780330499.534,LTCUSD_otc
361,2026-06-01 16:15:00,49.29,49.14,49.31,49.13,407,1780330799.413,LTCUSD_otc
361,2026-06-01 16:20:00,49.14,48.92,49.21,48.83,414,1780331099.905,LTCUSD_otc
361,2026-06-01 16:25:00,48.92,49.08,49.2,48.88,413,1780331399.403,LTCUSD_otc
361,2026-06-01 16:30:00,49.08,49.11,49.28,49.06,389,1780331699.908,LTCUSD_otc
361,2026-06-01 16:35:00,49.11,48.94,49.23,48.86,411,1780331999.336,LTCUSD_otc
361,2026-06-01 16:40:00,48.95,48.95,49.01,48.87,394,1780332299.376,LTCUSD_otc
361,2026-06-01 16:45:00,48.95,49.06,49.13,48.91,422,1780332597.79,LTCUSD_otc
361,2026-06-01 16:50:00,49.06,49.31,49.37,49.04,405,1780332899.324,LTCUSD_otc
361,2026-06-01 16:55:00,49.31,49.32,49.5,49.25,387,1780333199.736,LTCUSD_otc
361,2026-06-01 17:00:00,49.32,49.04,49.33,48.97,407,1780333499.244,LTCUSD_otc
361,2026-06-01 17:05:00,49.04,49.0,49.12,48.85,388,1780333799.69,LTCUSD_otc
361,2026-06-01 17:10:00,49.0,49.03,49.09,48.87,405,1780334099.663,LTCUSD_otc
361,2026-06-01 17:15:00,49.03,48.75,49.08,48.75,378,1780334399.976,LTCUSD_otc
361,2026-06-01 17:20:00,48.75,48.34,48.78,48.33,399,1780334699.381,LTCUSD_otc
361,2026-06-01 17:25:00,48.34,48.07,48.46,47.94,389,1780334999.898,LTCUSD_otc
361,2026-06-01 17:30:00,48.07,48.47,48.5,48.04,400,1780335299.334,LTCUSD_otc
361,2026-06-01 17:35:00,48.47,48.47,48.63,48.36,392,1780335599.859,LTCUSD_otc
361,2026-06-01 17:40:00,48.47,48.3,48.52,48.28,412,1780335899.787,LTCUSD_otc
361,2026-06-01 17:45:00,48.3,48.08,48.34,48.03,405,1780336199.797,LTCUSD_otc
361,2026-06-01 17:50:00,48.08,48.07,48.12,47.92,395,1780336498.783,LTCUSD_otc
361,2026-06-01 17:55:00,48.07,48.23,48.29,47.91,408,1780336798.299,LTCUSD_otc
361,2026-06-01 18:00:00,48.23,48.23,48.42,48.12,407,1780337099.827,LTCUSD_otc
361,2026-06-01 18:05:00,48.21,47.93,48.32,47.93,403,1780337399.73,LTCUSD_otc
361,2026-06-01 18:10:00,47.95,47.75,47.98,47.72,385,1780337699.242,LTCUSD_otc
361,2026-06-01 18:15:00,47.75,47.61,47.79,47.48,391,1780337999.665,LTCUSD_otc
361,2026-06-01 18:20:00,47.61,47.32,47.69,47.32,398,1780338299.647,LTCUSD_otc
361,2026-06-01 18:25:00,47.32,47.44,47.54,47.26,392,1780338599.583,LTCUSD_otc
361,2026-06-01 18:30:00,47.44,47.38,47.63,47.35,417,1780338898.568,LTCUSD_otc
361,2026-06-01 18:35:00,47.38,47.65,47.71,47.35,405,1780339198.959,LTCUSD_otc
361,2026-06-01 18:40:00,47.65,47.8,47.8,47.47,409,1780339499.951,LTCUSD_otc
361,2026-06-01 18:45:00,47.79,47.94,48.1,47.71,409,1780339799.926,LTCUSD_otc
361,2026-06-01 18:50:00,47.94,48.13,48.19,47.93,397,1780340099.952,LTCUSD_otc
361,2026-06-01 18:55:00,48.13,48.11,48.26,48.02,407,1780340399.897,LTCUSD_otc
361,2026-06-01 19:00:00,48.11,47.92,48.14,47.84,395,1780340699.898,LTCUSD_otc
361,2026-06-01 19:05:00,47.92,47.91,48.09,47.86,400,1780340999.783,LTCUSD_otc
361,2026-06-01 19:10:00,47.9,47.8,48.16,47.78,387,1780341299.268,LTCUSD_otc
361,2026-06-01 19:15:00,47.8,48.1,48.11,47.8,412,1780341599.261,LTCUSD_otc
361,2026-06-01 19:20:00,48.1,48.04,48.29,48.02,395,1780341899.729,LTCUSD_otc
361,2026-06-01 19:25:00,48.04,47.87,48.12,47.86,412,1780342199.676,LTCUSD_otc
361,2026-06-01 19:30:00,47.86,48.29,48.29,47.84,410,1780342499.653,LTCUSD_otc
361,2026-06-01 19:35:00,48.29,48.25,48.56,48.18,423,1780342799.019,LTCUSD_otc
361,2026-06-01 19:40:00,48.25,48.23,48.3,48.0,396,1780343099.966,LTCUSD_otc
361,2026-06-01 19:45:00,48.23,48.49,48.5,48.11,413,1780343399.506,LTCUSD_otc
361,2026-06-01 19:50:00,48.47,48.25,48.51,48.22,399,1780343699.007,LTCUSD_otc
361,2026-06-01 19:55:00,48.25,48.3,48.43,48.18,410,1780343999.915,LTCUSD_otc
361,2026-06-01 20:00:00,48.3,48.54,48.59,48.27,423,1780344299.413,LTCUSD_otc
361,2026-06-01 20:05:00,48.54,48.53,48.77,48.49,392,1780344599.788,LTCUSD_otc
361,2026-06-01 20:10:00,48.53,48.57,48.68,48.46,373,1780344899.744,LTCUSD_otc
361,2026-06-01 20:15:00,48.57,48.38,48.68,48.38,382,1780345199.719,LTCUSD_otc
361,2026-06-01 20:20:00,48.4,48.0,48.47,47.99,408,1780345499.653,LTCUSD_otc
361,2026-06-01 20:25:00,48.0,47.79,48.08,47.78,376,1780345799.636,LTCUSD_otc
361,2026-06-01 20:30:00,47.8,47.69,47.82,47.61,420,1780346099.556,LTCUSD_otc
361,2026-06-01 20:35:00,47.69,47.35,47.8,47.35,382,1780346399.569,LTCUSD_otc
361,2026-06-01 20:40:00,47.39,47.1,47.46,47.04,421,1780346699.993,LTCUSD_otc
361,2026-06-01 20:45:00,47.1,46.94,47.25,46.93,383,1780346999.454,LTCUSD_otc
361,2026-06-01 20:50:00,46.94,46.97,47.0,46.78,392,1780347298.88,LTCUSD_otc
361,2026-06-01 20:55:00,46.97,47.04,47.17,46.91,385,1780347599.877,LTCUSD_otc
361,2026-06-01 21:00:00,47.03,46.95,47.11,46.89,383,1780347899.78,LTCUSD_otc
361,2026-06-01 21:05:00,46.95,46.9,46.98,46.77,396,1780348199.8,LTCUSD_otc
361,2026-06-01 21:10:00,46.9,47.05,47.08,46.85,411,1780348499.755,LTCUSD_otc
361,2026-06-01 21:15:00,47.06,47.16,47.18,46.95,414,1780348799.71,LTCUSD_otc
361,2026-06-01 21:20:00,47.17,47.55,47.57,47.16,395,1780349097.185,LTCUSD_otc
361,2026-06-01 21:25:00,47.56,47.32,47.62,47.25,403,1780349398.119,LTCUSD_otc
361,2026-06-01 21:30:00,47.33,47.25,47.42,47.18,400,1780349698.976,LTCUSD_otc
361,2026-06-01 21:35:00,47.25,46.91,47.28,46.88,416,1780349999.988,LTCUSD_otc
361,2026-06-01 21:40:00,46.91,46.76,46.91,46.65,384,1780350299.923,LTCUSD_otc
361,2026-06-01 21:45:00,46.76,46.74,46.81,46.6,419,1780350599.403,LTCUSD_otc
361,2026-06-01 21:50:00,46.74,46.36,46.77,46.32,400,1780350898.318,LTCUSD_otc
361,2026-06-01 21:55:00,46.36,46.49,46.66,46.35,400,1780351199.855,LTCUSD_otc
361,2026-06-01 22:00:00,46.5,46.57,46.73,46.46,392,1780351498.768,LTCUSD_otc
361,2026-06-01 22:05:00,46.57,46.64,46.7,46.54,392,1780351799.776,LTCUSD_otc
361,2026-06-01 22:10:00,46.64,46.38,46.64,46.31,385,1780352099.23,LTCUSD_otc
361,2026-06-01 22:15:00,46.38,46.51,46.57,46.35,385,1780352399.195,LTCUSD_otc
361,2026-06-01 22:20:00,46.5,46.62,46.65,46.5,395,1780352699.607,LTCUSD_otc
361,2026-06-01 22:25:00,46.62,46.64,46.64,46.38,394,1780352999.583,LTCUSD_otc
361,2026-06-01 22:30:00,46.65,46.63,46.81,46.56,398,1780353299.993,LTCUSD_otc
361,2026-06-01 22:35:00,46.62,46.69,46.76,46.58,395,1780353599.007,LTCUSD_otc
361,2026-06-01 22:40:00,46.69,46.68,46.74,46.51,411,1780353897.95,LTCUSD_otc
361,2026-06-01 22:45:00,46.68,46.73,46.82,46.65,407,1780354199.903,LTCUSD_otc
361,2026-06-01 22:50:00,46.72,46.66,46.87,46.54,403,1780354499.804,LTCUSD_otc
361,2026-06-01 22:55:00,46.66,46.68,46.79,46.59,409,1780354799.792,LTCUSD_otc
361,2026-06-01 23:00:00,46.68,46.66,46.8,46.58,402,1780355099.729,LTCUSD_otc
361,2026-06-01 23:05:00,46.66,46.92,46.96,46.61,403,1780355399.731,LTCUSD_otc
361,2026-06-01 23:10:00,46.92,47.18,47.24,46.91,392,1780355699.625,LTCUSD_otc
361,2026-06-01 23:15:00,47.19,47.01,47.29,46.96,402,1780355999.608,LTCUSD_otc
361,2026-06-01 23:20:00,47.0,46.96,47.05,46.86,388,1780356299.957,LTCUSD_otc
361,2026-06-01 23:25:00,46.96,47.09,47.19,46.93,422,1780356599.933,LTCUSD_otc
361,2026-06-01 23:30:00,47.08,47.54,47.59,47.05,423,1780356899.861,LTCUSD_otc
361,2026-06-01 23:35:00,47.54,48.0,48.01,47.54,406,1780357199.823,LTCUSD_otc
361,2026-06-01 23:40:00,47.99,48.27,48.31,47.94,395,1780357499.759,LTCUSD_otc
361,2026-06-01 23:45:00,48.27,48.23,48.4,48.22,396,1780357799.191,LTCUSD_otc
361,2026-06-01 23:50:00,48.21,47.99,48.22,47.96,385,1780358099.142,LTCUSD_otc
361,2026-06-01 23:55:00,47.99,48.19,48.24,47.93,388,1780358399.118,LTCUSD_otc
361,2026-06-02 00:00:00,48.19,47.97,48.19,47.97,395,1780358698.585,LTCUSD_otc
361,2026-06-02 00:05:00,47.96,47.88,48.07,47.86,401,1780358999.601,LTCUSD_otc
361,2026-06-02 00:10:00,47.88,47.92,47.93,47.76,408,1780359299.545,LTCUSD_otc
361,2026-06-02 00:15:00,47.91,48.03,48.05,47.81,390,1780359599.032,LTCUSD_otc
361,2026-06-02 00:20:00,48.04,47.67,48.09,47.62,406,1780359899.91,LTCUSD_otc
361,2026-06-02 00:25:00,47.67,47.49,47.83,47.49,385,1780360199.877,LTCUSD_otc
361,2026-06-02 00:30:00,47.49,47.56,47.66,47.34,382,1780360499.82,LTCUSD_otc
361,2026-06-02 00:35:00,47.56,47.77,47.83,47.49,389,1780360799.866,LTCUSD_otc
361,2026-06-02 00:40:00,47.77,47.59,47.77,47.55,386,1780361099.278,LTCUSD_otc
361,2026-06-02 00:45:00,47.59,47.76,47.8,47.47,398,1780361399.793,LTCUSD_otc
361,2026-06-02 00:50:00,47.76,47.87,47.93,47.58,408,1780361699.662,LTCUSD_otc
361,2026-06-02 00:55:00,47.87,48.08,48.12,47.84,402,1780361999.685,LTCUSD_otc
361,2026-06-02 01:00:00,48.07,48.21,48.21,47.88,396,1780362299.607,LTCUSD_otc
361,2026-06-02 01:05:00,48.22,48.17,48.28,47.98,406,1780362599.598,LTCUSD_otc
361,2026-06-02 01:10:00,48.17,48.18,48.18,47.98,385,1780362899.979,LTCUSD_otc
361,2026-06-02 01:15:00,48.18,48.2,48.28,48.07,409,1780363199.959,LTCUSD_otc
361,2026-06-02 01:20:00,48.2,48.02,48.25,47.85,402,1780363499.372,LTCUSD_otc
361,2026-06-02 01:25:00,48.02,48.1,48.1,47.86,409,1780363799.833,LTCUSD_otc
361,2026-06-02 01:30:00,48.1,48.3,48.33,48.06,400,1780364099.268,LTCUSD_otc
361,2026-06-02 01:35:00,48.3,48.35,48.57,48.24,397,1780364399.778,LTCUSD_otc
361,2026-06-02 01:40:00,48.35,48.25,48.36,48.19,404,1780364699.164,LTCUSD_otc
361,2026-06-02 01:45:00,48.25,48.25,48.29,47.88,396,1780364999.546,LTCUSD_otc
361,2026-06-02 01:50:00,48.25,48.29,48.32,48.15,403,1780365299.573,LTCUSD_otc
361,2026-06-02 01:55:00,48.29,48.25,48.34,48.11,386,1780365599.54,LTCUSD_otc
361,2026-06-02 02:00:00,48.25,48.06,48.29,47.94,381,1780365899.977,LTCUSD_otc
361,2026-06-02 02:05:00,48.06,47.92,48.13,47.85,402,1780366199.402,LTCUSD_otc
361,2026-06-02 02:10:00,47.91,47.51,47.91,47.49,388,1780366499.883,LTCUSD_otc
361,2026-06-02 02:15:00,47.51,47.12,47.52,47.05,393,1780366799.766,LTCUSD_otc
361,2026-06-02 02:20:00,47.12,46.94,47.24,46.89,412,1780367099.779,LTCUSD_otc
361,2026-06-02 02:25:00,46.94,46.85,46.96,46.77,380,1780367399.689,LTCUSD_otc
361,2026-06-02 02:30:00,46.85,46.64,46.89,46.63,402,1780367698.653,LTCUSD_otc
361,2026-06-02 02:35:00,46.64,47.1,47.11,46.59,403,1780367998.652,LTCUSD_otc
361,2026-06-02 02:40:00,47.07,47.27,47.54,47.0,374,1780368299.6,LTCUSD_otc
361,2026-06-02 02:45:00,47.26,47.04,47.31,47.02,404,1780368598.532,LTCUSD_otc
361,2026-06-02 02:50:00,47.05,47.17,47.22,46.95,401,1780368899.513,LTCUSD_otc
361,2026-06-02 02:55:00,47.17,47.45,47.45,47.12,402,1780369199.945,LTCUSD_otc
361,2026-06-02 03:00:00,47.45,47.49,47.66,47.38,397,1780369499.915,LTCUSD_otc
361,2026-06-02 03:05:00,47.49,47.46,47.68,47.4,392,1780369799.327,LTCUSD_otc
361,2026-06-02 03:10:00,47.46,47.56,47.61,47.42,386,1780370098.318,LTCUSD_otc
361,2026-06-02 03:15:00,47.56,47.53,47.73,47.47,403,1780370399.706,LTCUSD_otc
361,2026-06-02 03:20:00,47.53,47.42,47.71,47.41,390,1780370698.729,LTCUSD_otc
361,2026-06-02 03:25:00,47.42,47.3,47.43,47.09,403,1780370999.171,LTCUSD_otc
361,2026-06-02 03:30:00,47.3,47.29,47.34,47.19,380,1780371298.66,LTCUSD_otc
361,2026-06-02 03:35:00,47.28,47.48,47.52,47.28,409,1780371599.073,LTCUSD_otc
361,2026-06-02 03:40:00,47.48,47.7,47.79,47.44,403,1780371899.607,LTCUSD_otc
361,2026-06-02 03:45:00,47.71,47.67,47.74,47.58,379,1780372199.526,LTCUSD_otc
361,2026-06-02 03:50:00,47.67,47.29,47.7,47.29,388,1780372499.526,LTCUSD_otc
361,2026-06-02 03:55:00,47.28,47.39,47.4,47.12,405,1780372799.959,LTCUSD_otc
361,2026-06-02 04:00:00,47.39,47.54,47.63,47.3,397,1780373099.45,LTCUSD_otc
361,2026-06-02 04:05:00,47.54,47.85,47.85,47.49,404,1780373399.877,LTCUSD_otc
361,2026-06-02 04:10:00,47.85,47.9,48.02,47.77,394,1780373699.843,LTCUSD_otc
361,2026-06-02 04:15:00,47.9,48.02,48.04,47.88,384,1780373999.251,LTCUSD_otc
361,2026-06-02 04:20:00,48.02,48.15,48.19,47.82,386,1780374299.77,LTCUSD_otc
361,2026-06-02 04:25:00,48.15,48.05,48.19,48.02,383,1780374599.702,LTCUSD_otc
361,2026-06-02 04:30:00,48.05,48.18,48.3,48.01,397,1780374899.206,LTCUSD_otc
361,2026-06-02 04:35:00,48.18,48.05,48.26,48.02,417,1780375199.666,LTCUSD_otc
361,2026-06-02 04:40:00,48.05,48.22,48.26,47.97,412,1780375499.634,LTCUSD_otc
361,2026-06-02 04:45:00,48.22,48.25,48.34,48.1,401,1780375799.541,LTCUSD_otc
361,2026-06-02 04:50:00,48.25,48.26,48.39,48.21,411,1780376099.554,LTCUSD_otc
361,2026-06-02 04:55:00,48.26,48.45,48.45,48.18,401,1780376399.427,LTCUSD_otc
361,2026-06-02 05:00:00,48.45,48.46,48.63,48.31,417,1780376699.921,LTCUSD_otc
361,2026-06-02 05:05:00,48.45,48.31,48.45,48.17,420,1780376999.768,LTCUSD_otc
361,2026-06-02 05:10:00,48.31,48.2,48.31,47.96,401,1780377299.758,LTCUSD_otc
361,2026-06-02 05:15:00,48.2,48.16,48.28,48.01,398,1780377599.213,LTCUSD_otc
361,2026-06-02 05:20:00,48.15,47.83,48.24,47.83,406,1780377899.674,LTCUSD_otc
361,2026-06-02 05:25:00,47.83,47.84,47.95,47.71,410,1780378199.568,LTCUSD_otc
361,2026-06-02 05:30:00,47.84,47.7,47.95,47.63,405,1780378499.502,LTCUSD_otc
361,2026-06-02 05:35:00,47.7,47.57,47.72,47.44,381,1780378799.472,LTCUSD_otc
361,2026-06-02 05:40:00,47.57,47.76,47.77,47.53,398,1780379099.885,LTCUSD_otc
361,2026-06-02 05:45:00,47.76,47.59,47.76,47.59,379,1780379399.901,LTCUSD_otc
361,2026-06-02 05:50:00,47.59,47.55,47.73,47.51,410,1780379699.285,LTCUSD_otc
361,2026-06-02 05:55:00,47.55,47.67,47.71,47.51,380,1780379998.295,LTCUSD_otc
361,2026-06-02 06:00:00,47.67,47.62,47.67,47.51,384,1780380299.733,LTCUSD_otc
361,2026-06-02 06:05:00,47.62,47.94,47.99,47.53,379,1780380598.764,LTCUSD_otc
361,2026-06-02 06:10:00,47.93,47.98,48.08,47.9,415,1780380897.684,LTCUSD_otc
361,2026-06-02 06:15:00,47.98,47.73,48.05,47.72,405,1780381199.703,LTCUSD_otc
361,2026-06-02 06:20:00,47.73,47.94,47.97,47.56,389,1780381499.577,LTCUSD_otc
361,2026-06-02 06:25:00,47.94,47.91,48.08,47.8,419,1780381799.564,LTCUSD_otc
361,2026-06-02 06:30:00,47.91,47.6,48.02,47.52,406,1780382099.98,LTCUSD_otc
361,2026-06-02 06:35:00,47.6,47.3,47.61,47.22,388,1780382399.548,LTCUSD_otc
361,2026-06-02 06:40:00,47.31,47.25,47.61,47.25,393,1780382699.528,LTCUSD_otc
361,2026-06-02 06:45:00,47.24,47.29,47.29,47.03,390,1780382999.552,LTCUSD_otc
361,2026-06-02 06:50:00,47.27,47.26,47.39,47.01,395,1780383298.488,LTCUSD_otc
361,2026-06-02 06:55:00,47.26,47.27,47.35,47.08,385,1780383599.936,LTCUSD_otc
361,2026-06-02 07:00:00,47.27,47.26,47.32,47.09,403,1780383899.894,LTCUSD_otc
361,2026-06-02 07:05:00,47.26,47.41,47.52,47.25,402,1780384197.827,LTCUSD_otc
361,2026-06-02 07:10:00,47.41,47.65,47.69,47.4,401,1780384499.802,LTCUSD_otc
361,2026-06-02 07:15:00,47.65,47.83,48.03,47.63,397,1780384799.775,LTCUSD_otc
361,2026-06-02 07:20:00,47.83,47.87,48.05,47.78,413,1780385099.16,LTCUSD_otc
361,2026-06-02 07:25:00,47.87,48.05,48.05,47.73,380,1780385398.124,LTCUSD_otc
361,2026-06-02 07:30:00,48.05,47.92,48.09,47.76,375,1780385698.022,LTCUSD_otc
361,2026-06-02 07:35:00,47.94,47.88,47.99,47.79,400,1780385999.551,LTCUSD_otc
361,2026-06-02 07:40:00,47.87,47.72,47.92,47.54,382,1780386299.956,LTCUSD_otc
361,2026-06-02 07:45:00,47.72,47.57,47.74,47.34,401,1780386599.963,LTCUSD_otc
361,2026-06-02 07:50:00,47.57,47.83,47.83,47.48,396,1780386899.857,LTCUSD_otc
361,2026-06-02 07:55:00,47.83,48.04,48.07,47.78,414,1780387199.875,LTCUSD_otc
361,2026-06-02 08:00:00,48.05,47.96,48.13,47.87,396,1780387499.328,LTCUSD_otc
361,2026-06-02 08:05:00,47.96,47.78,48.07,47.7,384,1780387799.323,LTCUSD_otc
361,2026-06-02 08:10:00,47.8,48.03,48.03,47.78,394,1780388099.753,LTCUSD_otc
361,2026-06-02 08:15:00,48.03,47.76,48.11,47.74,393,1780388399.762,LTCUSD_otc
361,2026-06-02 08:20:00,47.76,47.86,47.95,47.63,389,1780388699.625,LTCUSD_otc
361,2026-06-02 08:25:00,47.82,47.82,47.88,47.68,391,1780388998.66,LTCUSD_otc
361,2026-06-02 08:30:00,47.82,47.96,48.05,47.82,394,1780389299.591,LTCUSD_otc
361,2026-06-02 08:35:00,47.92,47.76,47.93,47.7,405,1780389599.105,LTCUSD_otc
361,2026-06-02 08:40:00,47.77,47.99,47.99,47.64,376,1780389899.53,LTCUSD_otc
361,2026-06-02 08:45:00,47.99,48.18,48.22,47.92,403,1780390199.518,LTCUSD_otc
361,2026-06-02 08:50:00,48.18,48.15,48.39,48.11,376,1780390499.888,LTCUSD_otc
361,2026-06-02 08:55:00,48.15,47.82,48.19,47.74,390,1780390799.938,LTCUSD_otc
361,2026-06-02 09:00:00,47.82,47.79,47.84,47.64,394,1780391099.861,LTCUSD_otc
361,2026-06-02 09:05:00,47.78,47.86,47.99,47.67,406,1780391399.377,LTCUSD_otc
361,2026-06-02 09:10:00,47.86,47.77,47.89,47.62,420,1780391699.738,LTCUSD_otc
361,2026-06-02 09:15:00,47.76,47.6,47.8,47.56,395,1780391999.711,LTCUSD_otc
361,2026-06-02 09:20:00,47.6,47.5,47.61,47.3,378,1780392299.674,LTCUSD_otc
361,2026-06-02 09:25:00,47.52,47.3,47.54,47.27,404,1780392599.687,LTCUSD_otc
361,2026-06-02 09:30:00,47.3,47.3,47.4,47.2,394,1780392899.109,LTCUSD_otc
361,2026-06-02 09:35:00,47.3,47.79,47.81,47.24,406,1780393199.621,LTCUSD_otc
361,2026-06-02 09:40:00,47.78,47.3,47.85,47.3,401,1780393499.053,LTCUSD_otc
361,2026-06-02 09:45:00,47.3,47.3,47.39,47.17,404,1780393799.075,LTCUSD_otc
361,2026-06-02 09:50:00,47.3,47.32,47.43,47.13,410,1780394099.542,LTCUSD_otc
361,2026-06-02 09:55:00,47.32,47.25,47.38,47.17,395,1780394399.559,LTCUSD_otc
361,2026-06-02 10:00:00,47.24,47.02,47.26,46.94,392,1780394699.493,LTCUSD_otc
361,2026-06-02 10:05:00,47.02,46.83,47.13,46.8,401,1780394999.5,LTCUSD_otc
361,2026-06-02 10:10:00,46.82,46.74,46.92,46.74,385,1780395299.438,LTCUSD_otc
361,2026-06-02 10:15:00,46.74,46.83,46.84,46.53,385,1780395599.417,LTCUSD_otc
361,2026-06-02 10:20:00,46.83,47.31,47.35,46.83,388,1780395899.888,LTCUSD_otc
361,2026-06-02 10:25:00,47.31,47.56,47.59,47.26,401,1780396199.862,LTCUSD_otc
361,2026-06-02 10:30:00,47.56,47.48,47.59,47.38,400,1780396499.745,LTCUSD_otc
361,2026-06-02 10:35:00,47.46,47.52,47.63,47.41,390,1780396799.301,LTCUSD_otc
361,2026-06-02 10:40:00,47.52,47.66,47.82,47.49,379,1780397099.747,LTCUSD_otc
361,2026-06-02 10:45:00,47.66,47.79,47.81,47.63,375,1780397399.752,LTCUSD_otc
361,2026-06-02 10:50:00,47.78,47.29,47.87,47.27,388,1780397698.282,LTCUSD_otc
361,2026-06-02 10:55:00,47.29,46.97,47.3,46.92,408,1780397999.689,LTCUSD_otc
361,2026-06-02 11:00:00,46.97,47.13,47.22,46.97,384,1780398299.184,LTCUSD_otc
361,2026-06-02 11:05:00,47.13,47.43,47.44,47.11,394,1780398599.652,LTCUSD_otc
361,2026-06-02 11:10:00,47.43,47.51,47.56,47.26,402,1780398899.634,LTCUSD_otc
361,2026-06-02 11:15:00,47.52,47.33,47.52,47.13,404,1780399199.586,LTCUSD_otc
361,2026-06-02 11:20:00,47.32,47.35,47.46,47.24,408,1780399499.581,LTCUSD_otc
361,2026-06-02 11:25:00,47.34,47.56,47.56,47.26,394,1780399799.985,LTCUSD_otc
361,2026-06-02 11:30:00,47.56,47.23,47.61,47.2,392,1780400099.527,LTCUSD_otc
361,2026-06-02 11:35:00,47.23,47.12,47.25,46.89,400,1780400399.903,LTCUSD_otc
361,2026-06-02 11:40:00,47.11,46.91,47.16,46.88,385,1780400699.401,LTCUSD_otc
361,2026-06-02 11:45:00,46.91,47.38,47.45,46.91,409,1780400999.866,LTCUSD_otc
361,2026-06-02 11:50:00,47.38,47.55,47.56,47.31,385,1780401299.845,LTCUSD_otc
361,2026-06-02 11:55:00,47.55,47.77,47.78,47.5,415,1780401599.838,LTCUSD_otc
361,2026-06-02 12:00:00,47.77,47.81,48.01,47.65,396,1780401899.783,LTCUSD_otc
361,2026-06-02 12:05:00,47.81,47.72,47.91,47.67,391,1780402199.803,LTCUSD_otc
361,2026-06-02 12:10:00,47.72,47.87,47.99,47.71,388,1780402499.73,LTCUSD_otc
361,2026-06-02 12:15:00,47.87,47.82,48.03,47.75,381,1780402799.767,LTCUSD_otc
361,2026-06-02 12:20:00,47.82,47.6,47.85,47.57,399,1780403099.2,LTCUSD_otc
361,2026-06-02 12:25:00,47.6,47.46,47.8,47.26,415,1780403399.663,LTCUSD_otc
361,2026-06-02 12:30:00,47.45,47.58,47.75,47.43,405,1780403699.571,LTCUSD_otc
361,2026-06-02 12:35:00,47.58,47.46,47.65,47.39,419,1780403999.571,LTCUSD_otc
361,2026-06-02 12:40:00,47.46,47.48,47.7,47.36,401,1780404298.503,LTCUSD_otc
361,2026-06-02 12:45:00,47.49,47.62,47.63,47.4,404,1780404599.499,LTCUSD_otc
361,2026-06-02 12:50:00,47.61,47.88,47.89,47.57,403,1780404899.949,LTCUSD_otc
361,2026-06-02 12:55:00,47.88,47.98,48.06,47.8,370,1780405199.924,LTCUSD_otc
361,2026-06-02 13:00:00,47.98,47.71,48.03,47.69,375,1780405498.381,LTCUSD_otc
361,2026-06-02 13:05:00,47.7,47.47,47.75,47.42,411,1780405799.826,LTCUSD_otc
361,2026-06-02 13:10:00,47.51,47.6,47.67,47.39,426,1780406099.299,LTCUSD_otc
361,2026-06-02 13:15:00,47.6,47.35,47.63,47.35,406,1780406398.79,LTCUSD_otc
361,2026-06-02 13:20:00,47.36,47.6,47.6,47.27,397,1780406699.811,LTCUSD_otc
361,2026-06-02 13:25:00,47.6,47.83,47.85,47.51,404,1780406999.714,LTCUSD_otc
361,2026-06-02 13:30:00,47.83,48.12,48.2,47.77,376,1780407299.235,LTCUSD_otc
361,2026-06-02 13:35:00,48.12,48.07,48.19,48.0,383,1780407598.078,LTCUSD_otc
361,2026-06-02 13:40:00,48.07,47.72,48.07,47.61,398,1780407899.563,LTCUSD_otc
361,2026-06-02 13:45:00,47.72,47.6,47.77,47.57,403,1780408199.528,LTCUSD_otc
361,2026-06-02 13:50:00,47.59,47.85,47.88,47.5,377,1780408499.975,LTCUSD_otc
361,2026-06-02 13:55:00,47.85,47.74,47.88,47.72,387,1780408799.936,LTCUSD_otc
361,2026-06-02 14:00:00,47.74,47.92,48.0,47.62,417,1780409099.919,LTCUSD_otc
361,2026-06-02 14:05:00,47.92,48.08,48.1,47.78,386,1780409399.895,LTCUSD_otc
361,2026-06-02 14:10:00,48.08,47.61,48.15,47.61,403,1780409699.913,LTCUSD_otc
361,2026-06-02 14:15:00,47.61,47.92,47.99,47.56,405,1780409999.867,LTCUSD_otc
361,2026-06-02 14:20:00,47.89,47.97,48.19,47.88,407,1780410299.869,LTCUSD_otc
361,2026-06-02 14:25:00,47.97,48.02,48.27,47.94,413,1780410599.771,LTCUSD_otc
361,2026-06-02 14:30:00,48.02,47.95,48.05,47.85,408,1780410899.795,LTCUSD_otc
361,2026-06-02 14:35:00,47.95,47.94,48.13,47.93,412,1780411199.778,LTCUSD_otc
361,2026-06-02 14:40:00,47.94,47.84,47.95,47.78,389,1780411499.29,LTCUSD_otc
361,2026-06-02 14:45:00,47.83,47.8,47.89,47.72,391,1780411799.717,LTCUSD_otc
361,2026-06-02 14:50:00,47.79,47.62,47.81,47.55,390,1780412099.715,LTCUSD_otc
361,2026-06-02 14:55:00,47.63,47.49,47.69,47.34,380,1780412397.629,LTCUSD_otc
361,2026-06-02 15:00:00,47.49,47.55,47.59,47.23,391,1780412699.154,LTCUSD_otc
361,2026-06-02 15:05:00,47.55,47.61,47.73,47.47,390,1780412999.544,LTCUSD_otc
361,2026-06-02 15:10:00,47.62,47.48,47.68,47.31,400,1780413299.562,LTCUSD_otc
361,2026-06-02 15:15:00,47.48,47.39,47.55,47.31,410,1780413599.99,LTCUSD_otc
361,2026-06-02 15:20:00,47.39,47.38,47.49,47.32,373,1780413898.001,LTCUSD_otc
361,2026-06-02 15:25:00,47.39,47.34,47.53,47.27,408,1780414199.886,LTCUSD_otc
361,2026-06-02 15:30:00,47.34,47.38,47.4,47.24,386,1780414499.401,LTCUSD_otc
361,2026-06-02 15:35:00,47.38,47.33,47.4,47.14,397,1780414799.84,LTCUSD_otc
361,2026-06-02 15:40:00,47.31,47.13,47.38,47.11,399,1780415099.88,LTCUSD_otc
361,2026-06-02 15:45:00,47.12,47.4,47.42,47.12,386,1780415399.723,LTCUSD_otc
361,2026-06-02 15:50:00,47.4,47.5,47.57,47.27,408,1780415699.685,LTCUSD_otc
361,2026-06-02 15:55:00,47.5,47.76,47.77,47.49,416,1780415999.115,LTCUSD_otc
361,2026-06-02 16:00:00,47.77,47.49,47.77,47.43,402,1780416299.587,LTCUSD_otc
361,2026-06-02 16:05:00,47.49,47.01,47.52,46.99,403,1780416599.591,LTCUSD_otc
361,2026-06-02 16:10:00,47.0,47.1,47.11,46.86,407,1780416899.55,LTCUSD_otc
361,2026-06-02 16:15:00,47.1,46.94,47.24,46.9,417,1780417199.553,LTCUSD_otc
361,2026-06-02 16:20:00,46.93,46.79,46.94,46.55,386,1780417498.504,LTCUSD_otc
361,2026-06-02 16:25:00,46.78,46.73,46.98,46.72,412,1780417799.002,LTCUSD_otc
361,2026-06-02 16:30:00,46.73,46.74,46.88,46.69,384,1780418099.065,LTCUSD_otc
361,2026-06-02 16:35:00,46.74,46.57,46.74,46.54,387,1780418399.956,LTCUSD_otc
361,2026-06-02 16:40:00,46.57,46.67,46.74,46.47,393,1780418699.475,LTCUSD_otc
361,2026-06-02 16:45:00,46.67,46.93,46.94,46.62,415,1780418999.43,LTCUSD_otc
361,2026-06-02 16:50:00,46.93,46.9,46.96,46.75,391,1780419298.931,LTCUSD_otc
361,2026-06-02 16:55:00,46.9,46.89,47.15,46.81,397,1780419599.872,LTCUSD_otc
361,2026-06-02 17:00:00,46.89,46.88,47.17,46.86,389,1780419899.887,LTCUSD_otc
361,2026-06-02 17:05:00,46.88,46.6,46.93,46.57,422,1780420199.367,LTCUSD_otc
361,2026-06-02 17:10:00,46.6,46.31,46.61,46.31,394,1780420498.801,LTCUSD_otc
361,2026-06-02 17:15:00,46.31,46.42,46.49,46.27,395,1780420799.732,LTCUSD_otc
361,2026-06-02 17:20:00,46.42,46.79,46.85,46.37,410,1780421099.724,LTCUSD_otc
361,2026-06-02 17:25:00,46.78,47.03,47.03,46.69,410,1780421399.203,LTCUSD_otc
361,2026-06-02 17:30:00,47.03,47.03,47.1,46.91,396,1780421699.646,LTCUSD_otc
361,2026-06-02 17:35:00,47.02,47.31,47.33,46.97,397,1780421999.609,LTCUSD_otc
361,2026-06-02 17:40:00,47.31,47.45,47.46,47.26,414,1780422299.594,LTCUSD_otc
361,2026-06-02 17:45:00,47.45,47.37,47.57,47.28,391,1780422599.588,LTCUSD_otc
361,2026-06-02 17:50:00,47.37,47.21,47.66,47.19,413,1780422899.589,LTCUSD_otc
361,2026-06-02 17:55:00,47.2,47.33,47.36,47.12,392,1780423198.618,LTCUSD_otc
361,2026-06-02 18:00:00,47.32,47.03,47.38,47.02,382,1780423497.517,LTCUSD_otc
361,2026-06-02 18:05:00,47.03,47.03,47.26,47.0,413,1780423799.519,LTCUSD_otc
361,2026-06-02 18:10:00,47.03,46.98,47.12,46.94,397,1780424099.433,LTCUSD_otc
361,2026-06-02 18:15:00,46.97,47.03,47.11,46.92,411,1780424399.908,LTCUSD_otc
361,2026-06-02 18:20:00,47.03,47.07,47.11,46.93,405,1780424699.404,LTCUSD_otc
361,2026-06-02 18:25:00,47.07,46.7,47.16,46.69,385,1780424999.409,LTCUSD_otc
361,2026-06-02 18:30:00,46.71,46.35,46.73,46.32,405,1780425299.822,LTCUSD_otc
361,2026-06-02 18:35:00,46.35,46.27,46.46,46.24,410,1780425599.359,LTCUSD_otc
361,2026-06-02 18:40:00,46.27,46.1,46.34,46.07,402,1780425899.239,LTCUSD_otc
361,2026-06-02 18:45:00,46.11,46.36,46.37,46.05,385,1780426199.725,LTCUSD_otc
361,2026-06-02 18:50:00,46.36,46.05,46.38,46.0,383,1780426499.665,LTCUSD_otc
361,2026-06-02 18:55:00,46.05,46.01,46.3,46.0,405,1780426799.651,LTCUSD_otc
361,2026-06-02 19:00:00,46.0,46.19,46.41,46.0,384,1780427099.516,LTCUSD_otc
361,2026-06-02 19:05:00,46.15,46.09,46.27,46.05,389,1780427399.985,LTCUSD_otc
361,2026-06-02 19:10:00,46.09,46.01,46.11,45.87,397,1780427699.932,LTCUSD_otc
361,2026-06-02 19:15:00,46.01,45.79,46.02,45.63,404,1780427999.872,LTCUSD_otc
361,2026-06-02 19:20:00,45.79,45.99,46.05,45.74,401,1780428299.824,LTCUSD_otc
361,2026-06-02 19:25:00,46.0,46.09,46.22,45.91,401,1780428599.801,LTCUSD_otc
361,2026-06-02 19:30:00,46.09,45.99,46.18,45.94,399,1780428899.265,LTCUSD_otc
361,2026-06-02 19:35:00,45.99,45.66,45.99,45.57,389,1780429199.184,LTCUSD_otc
361,2026-06-02 19:40:00,45.66,45.91,45.92,45.6,392,1780429499.713,LTCUSD_otc
361,2026-06-02 19:45:00,45.91,45.99,46.1,45.88,404,1780429799.163,LTCUSD_otc
361,2026-06-02 19:50:00,45.99,45.98,46.07,45.79,413,1780430098.623,LTCUSD_otc
361,2026-06-02 19:55:00,45.98,45.94,46.05,45.74,392,1780430399.551,LTCUSD_otc
361,2026-06-02 20:00:00,45.93,46.21,46.27,45.92,408,1780430699.54,LTCUSD_otc
361,2026-06-02 20:05:00,46.22,46.06,46.22,45.87,396,1780430999.962,LTCUSD_otc
361,2026-06-02 20:10:00,46.06,46.27,46.37,46.0,402,1780431299.975,LTCUSD_otc
361,2026-06-02 20:15:00,46.26,45.97,46.37,45.97,399,1780431599.411,LTCUSD_otc
361,2026-06-02 20:20:00,45.97,46.24,46.31,45.97,382,1780431899.905,LTCUSD_otc
361,2026-06-02 20:25:00,46.24,46.28,46.29,45.99,419,1780432199.334,LTCUSD_otc
361,2026-06-02 20:30:00,46.26,46.23,46.42,46.19,387,1780432499.817,LTCUSD_otc
361,2026-06-02 20:35:00,46.23,46.24,46.27,46.09,390,1780432799.716,LTCUSD_otc
361,2026-06-02 20:40:00,46.24,46.01,46.32,46.0,400,1780433099.709,LTCUSD_otc
361,2026-06-02 20:45:00,46.01,46.07,46.12,45.94,388,1780433399.586,LTCUSD_otc
361,2026-06-02 20:50:00,46.07,46.11,46.32,46.02,417,1780433699.101,LTCUSD_otc
361,2026-06-02 20:55:00,46.11,45.9,46.11,45.85,402,1780433998.979,LTCUSD_otc
361,2026-06-02 21:00:00,45.9,45.44,46.01,45.42,405,1780434297.994,LTCUSD_otc
361,2026-06-02 21:05:00,45.43,45.68,45.72,45.41,413,1780434599.419,LTCUSD_otc
361,2026-06-02 21:10:00,45.68,46.06,46.17,45.68,415,1780434899.913,LTCUSD_otc
361,2026-06-02 21:15:00,46.06,46.07,46.2,46.02,413,1780435199.863,LTCUSD_otc
361,2026-06-02 21:20:00,46.05,45.76,46.05,45.74,415,1780435499.827,LTCUSD_otc
361,2026-06-02 21:25:00,45.76,45.61,45.84,45.6,407,1780435799.779,LTCUSD_otc
361,2026-06-02 21:30:00,45.61,45.36,45.66,45.26,405,1780436099.714,LTCUSD_otc
361,2026-06-02 21:35:00,45.35,44.89,45.4,44.89,400,1780436399.662,LTCUSD_otc
361,2026-06-02 21:40:00,44.89,44.5,44.89,44.44,406,1780436698.647,LTCUSD_otc
361,2026-06-02 21:45:00,44.5,44.36,44.51,44.25,393,1780436999.624,LTCUSD_otc
361,2026-06-02 21:50:00,44.36,44.27,44.44,44.23,407,1780437299.041,LTCUSD_otc
361,2026-06-02 21:55:00,44.26,44.11,44.26,44.01,386,1780437599.995,LTCUSD_otc
361,2026-06-02 22:00:00,44.1,44.07,44.18,43.88,398,1780437899.954,LTCUSD_otc
361,2026-06-02 22:05:00,44.07,44.01,44.13,43.96,407,1780438198.422,LTCUSD_otc
361,2026-06-02 22:10:00,44.01,44.0,44.13,43.89,392,1780438499.381,LTCUSD_otc
361,2026-06-02 22:15:00,44.01,44.08,44.33,43.97,400,1780438799.787,LTCUSD_otc
361,2026-06-02 22:20:00,44.08,43.91,44.18,43.89,378,1780439099.764,LTCUSD_otc
361,2026-06-02 22:25:00,43.91,43.98,44.06,43.66,386,1780439399.627,LTCUSD_otc
361,2026-06-02 22:30:00,43.97,44.07,44.07,43.9,390,1780439699.652,LTCUSD_otc
361,2026-06-02 22:35:00,44.03,43.74,44.09,43.74,398,1780439999.546,LTCUSD_otc
361,2026-06-02 22:40:00,43.74,43.49,43.77,43.48,395,1780440299.549,LTCUSD_otc
361,2026-06-02 22:45:00,43.48,43.37,43.78,43.35,410,1780440599.951,LTCUSD_otc
361,2026-06-02 22:50:00,43.37,43.6,43.69,43.31,403,1780440899.374,LTCUSD_otc
361,2026-06-02 22:55:00,43.59,43.71,43.76,43.53,393,1780441199.345,LTCUSD_otc
361,2026-06-02 23:00:00,43.71,43.78,43.8,43.62,393,1780441499.804,LTCUSD_otc
361,2026-06-02 23:05:00,43.79,43.9,43.98,43.73,390,1780441799.246,LTCUSD_otc
361,2026-06-02 23:10:00,43.9,43.86,43.97,43.83,403,1780442099.704,LTCUSD_otc
361,2026-06-02 23:15:00,43.86,43.92,44.02,43.81,401,1780442398.64,LTCUSD_otc
361,2026-06-02 23:20:00,43.92,43.93,43.95,43.79,386,1780442699.541,LTCUSD_otc
361,2026-06-02 23:25:00,43.94,44.31,44.35,43.93,407,1780442999.043,LTCUSD_otc
361,2026-06-02 23:30:00,44.31,44.23,44.39,44.16,393,1780443299.494,LTCUSD_otc
361,2026-06-02 23:35:00,44.23,44.2,44.31,44.0,385,1780443599.952,LTCUSD_otc
361,2026-06-02 23:40:00,44.2,44.12,44.51,44.03,408,1780443899.406,LTCUSD_otc
361,2026-06-02 23:45:00,44.12,43.95,44.2,43.95,377,1780444199.36,LTCUSD_otc
361,2026-06-02 23:50:00,43.95,44.24,44.29,43.91,388,1780444499.717,LTCUSD_otc
361,2026-06-02 23:55:00,44.24,44.01,44.37,44.0,403,1780444799.728,LTCUSD_otc
361,2026-06-03 00:00:00,44.03,43.89,44.08,43.8,423,1780445099.654,LTCUSD_otc
361,2026-06-03 00:05:00,43.88,43.91,44.04,43.76,391,1780445399.167,LTCUSD_otc
361,2026-06-03 00:10:00,43.91,43.82,43.96,43.79,383,1780445699.58,LTCUSD_otc
361,2026-06-03 00:15:00,43.83,43.85,44.03,43.82,413,1780445999.081,LTCUSD_otc
361,2026-06-03 00:20:00,43.83,43.62,43.93,43.6,408,1780446299.97,LTCUSD_otc
361,2026-06-03 00:25:00,43.62,43.71,43.84,43.62,383,1780446599.955,LTCUSD_otc
361,2026-06-03 00:30:00,43.71,43.56,43.81,43.56,384,1780446899.338,LTCUSD_otc
361,2026-06-03 00:35:00,43.56,43.76,43.8,43.52,408,1780447199.806,LTCUSD_otc
361,2026-06-03 00:40:00,43.75,43.85,43.9,43.62,409,1780447499.734,LTCUSD_otc
361,2026-06-03 00:45:00,43.85,43.84,43.93,43.67,404,1780447798.709,LTCUSD_otc
361,2026-06-03 00:50:00,43.83,43.48,43.83,43.42,379,1780448099.655,LTCUSD_otc
361,2026-06-03 00:55:00,43.46,43.57,43.59,43.37,392,1780448399.63,LTCUSD_otc
361,2026-06-03 01:00:00,43.57,43.56,43.58,43.39,404,1780448699.033,LTCUSD_otc
361,2026-06-03 01:05:00,43.56,43.44,43.67,43.44,389,1780448999.556,LTCUSD_otc
361,2026-06-03 01:10:00,43.44,43.4,43.5,43.22,406,1780449298.931,LTCUSD_otc
361,2026-06-03 01:15:00,43.4,43.13,43.44,43.08,425,1780449599.406,LTCUSD_otc
361,2026-06-03 01:20:00,43.13,43.21,43.28,42.92,389,1780449899.839,LTCUSD_otc
361,2026-06-03 01:25:00,43.21,43.57,43.58,43.21,385,1780450199.791,LTCUSD_otc
361,2026-06-03 01:30:00,43.56,43.41,43.6,43.31,399,1780450499.239,LTCUSD_otc
361,2026-06-03 01:35:00,43.41,43.63,43.63,43.41,395,1780450799.634,LTCUSD_otc
361,2026-06-03 01:40:00,43.62,43.69,43.7,43.43,398,1780451099.623,LTCUSD_otc
361,2026-06-03 01:45:00,43.69,43.91,43.96,43.66,409,1780451399.065,LTCUSD_otc
361,2026-06-03 01:50:00,43.91,44.03,44.15,43.84,400,1780451699.562,LTCUSD_otc
361,2026-06-03 01:55:00,44.03,43.6,44.09,43.6,400,1780451999.055,LTCUSD_otc
361,2026-06-03 02:00:00,43.6,43.8,43.88,43.53,404,1780452299.468,LTCUSD_otc
361,2026-06-03 02:05:00,43.79,43.85,43.92,43.74,424,1780452599.915,LTCUSD_otc
361,2026-06-03 02:10:00,43.86,43.76,43.9,43.68,402,1780452899.315,LTCUSD_otc
361,2026-06-03 02:15:00,43.76,43.82,44.1,43.75,408,1780453199.742,LTCUSD_otc
361,2026-06-03 02:20:00,43.83,43.85,44.01,43.75,402,1780453498.78,LTCUSD_otc
361,2026-06-03 02:25:00,43.85,43.54,43.91,43.47,396,1780453799.685,LTCUSD_otc
361,2026-06-03 02:30:00,43.54,43.6,43.7,43.49,384,1780454099.68,LTCUSD_otc
361,2026-06-03 02:35:00,43.61,43.61,43.64,43.44,421,1780454399.614,LTCUSD_otc
361,2026-06-03 02:40:00,43.62,43.48,43.69,43.43,406,1780454699.604,LTCUSD_otc
361,2026-06-03 02:45:00,43.49,43.38,43.57,43.32,394,1780454998.533,LTCUSD_otc
361,2026-06-03 02:50:00,43.38,43.41,43.53,43.31,412,1780455299.561,LTCUSD_otc
361,2026-06-03 02:55:00,43.41,43.24,43.47,43.19,399,1780455599.552,LTCUSD_otc
361,2026-06-03 03:00:00,43.24,43.16,43.4,43.12,402,1780455899.989,LTCUSD_otc
361,2026-06-03 03:05:00,43.16,43.08,43.21,43.04,396,1780456199.9,LTCUSD_otc
361,2026-06-03 03:10:00,43.08,43.14,43.25,43.02,404,1780456499.892,LTCUSD_otc
361,2026-06-03 03:15:00,43.14,43.4,43.4,42.96,411,1780456799.896,LTCUSD_otc
361,2026-06-03 03:20:00,43.41,43.64,43.66,43.37,413,1780457099.884,LTCUSD_otc
361,2026-06-03 03:25:00,43.64,43.28,43.64,43.28,393,1780457399.371,LTCUSD_otc
361,2026-06-03 03:30:00,43.28,43.18,43.43,43.16,396,1780457699.748,LTCUSD_otc
361,2026-06-03 03:35:00,43.17,43.33,43.38,43.14,396,1780457999.254,LTCUSD_otc
361,2026-06-03 03:40:00,43.33,43.59,43.67,43.25,378,1780458299.658,LTCUSD_otc
361,2026-06-03 03:45:00,43.59,43.34,43.62,43.3,396,1780458598.202,LTCUSD_otc
361,2026-06-03 03:50:00,43.34,43.75,43.75,43.33,395,1780458899.699,LTCUSD_otc
361,2026-06-03 03:55:00,43.76,43.49,43.8,43.49,385,1780459199.66,LTCUSD_otc
361,2026-06-03 04:00:00,43.49,47.51,47.53,43.47,393,1780459499.603,LTCUSD_otc
361,2026-06-03 04:05:00,47.51,47.68,47.68,47.4,392,1780459799.556,LTCUSD_otc
361,2026-06-03 04:10:00,47.68,47.61,47.84,47.56,402,1780460099.961,LTCUSD_otc
361,2026-06-03 04:15:00,47.61,47.64,47.69,47.53,412,1780460399.972,LTCUSD_otc
361,2026-06-03 04:20:00,47.64,47.86,47.92,47.61,399,1780460698.893,LTCUSD_otc
361,2026-06-03 04:25:00,47.86,47.65,47.98,47.62,405,1780460999.898,LTCUSD_otc
361,2026-06-03 04:30:00,47.65,47.6,47.7,47.42,403,1780461299.817,LTCUSD_otc
361,2026-06-03 04:35:00,47.6,47.42,47.62,47.38,408,1780461599.781,LTCUSD_otc
361,2026-06-03 04:40:00,47.42,47.37,47.57,47.36,361,1780461898.647,LTCUSD_otc
361,2026-06-03 04:45:00,47.37,47.55,47.6,47.28,398,1780462199.153,LTCUSD_otc
361,2026-06-03 04:50:00,47.55,47.81,47.85,47.52,405,1780462499.118,LTCUSD_otc
361,2026-06-03 04:55:00,47.81,47.58,47.81,47.47,405,1780462799.621,LTCUSD_otc
361,2026-06-03 05:00:00,47.59,47.4,47.76,47.32,394,1780463098.553,LTCUSD_otc
361,2026-06-03 05:05:00,47.41,47.5,47.56,47.33,404,1780463398.525,LTCUSD_otc
361,2026-06-03 05:10:00,47.5,47.69,47.73,47.43,390,1780463699.423,LTCUSD_otc
361,2026-06-03 05:15:00,47.69,48.0,48.02,47.49,408,1780463999.446,LTCUSD_otc
361,2026-06-03 05:20:00,48.0,47.94,48.04,47.87,400,1780464299.916,LTCUSD_otc
361,2026-06-03 05:25:00,47.94,47.55,47.94,47.4,425,1780464598.943,LTCUSD_otc
361,2026-06-03 05:30:00,47.55,47.48,47.59,47.32,385,1780464899.749,LTCUSD_otc
361,2026-06-03 05:35:00,47.5,47.56,47.62,47.43,401,1780465199.184,LTCUSD_otc
361,2026-06-03 05:40:00,47.56,47.59,47.74,47.54,382,1780465499.682,LTCUSD_otc
361,2026-06-03 05:45:00,47.59,47.75,47.78,47.52,409,1780465799.672,LTCUSD_otc
361,2026-06-03 05:50:00,47.75,47.19,47.76,47.16,388,1780466099.151,LTCUSD_otc
361,2026-06-03 05:55:00,47.19,47.46,47.46,47.05,391,1780466399.628,LTCUSD_otc
361,2026-06-03 06:00:00,47.45,47.05,47.57,47.04,398,1780466699.608,LTCUSD_otc
361,2026-06-03 06:05:00,47.06,46.95,47.07,46.81,393,1780466999.604,LTCUSD_otc
361,2026-06-03 06:10:00,46.96,46.98,47.07,46.84,411,1780467299.547,LTCUSD_otc
361,2026-06-03 06:15:00,46.98,47.08,47.21,46.91,393,1780467598.03,LTCUSD_otc
361,2026-06-03 06:20:00,47.08,47.22,47.26,46.99,398,1780467899.983,LTCUSD_otc
361,2026-06-03 06:25:00,47.22,47.63,47.65,47.21,405,1780468199.981,LTCUSD_otc
361,2026-06-03 06:30:00,47.64,47.32,47.68,47.3,402,1780468499.907,LTCUSD_otc
361,2026-06-03 06:35:00,47.32,47.53,47.57,47.32,392,1780468799.888,LTCUSD_otc
361,2026-06-03 06:40:00,47.53,47.51,47.7,47.47,393,1780469099.836,LTCUSD_otc
361,2026-06-03 06:45:00,47.51,47.85,47.87,47.5,372,1780469399.821,LTCUSD_otc
361,2026-06-03 06:50:00,47.85,47.81,48.01,47.76,422,1780469699.811,LTCUSD_otc
361,2026-06-03 06:55:00,47.81,47.58,47.86,47.55,411,1780469999.849,LTCUSD_otc
361,2026-06-03 07:00:00,47.58,47.49,47.67,47.42,405,1780470299.78,LTCUSD_otc
361,2026-06-03 07:05:00,47.49,47.31,47.54,47.28,402,1780470599.304,LTCUSD_otc
361,2026-06-03 07:10:00,47.31,47.42,47.51,47.2,391,1780470899.284,LTCUSD_otc
361,2026-06-03 07:15:00,47.43,47.29,47.52,47.27,411,1780471199.742,LTCUSD_otc
361,2026-06-03 07:20:00,47.29,47.16,47.38,47.14,407,1780471499.694,LTCUSD_otc
361,2026-06-03 07:25:00,47.16,47.1,47.26,47.01,399,1780471799.684,LTCUSD_otc
361,2026-06-03 07:30:00,47.1,47.23,47.23,47.01,406,1780472099.664,LTCUSD_otc
361,2026-06-03 07:35:00,47.23,47.37,47.44,47.17,388,1780472399.621,LTCUSD_otc
361,2026-06-03 07:40:00,47.37,47.41,47.52,47.22,403,1780472699.605,LTCUSD_otc
361,2026-06-03 07:45:00,47.41,47.58,47.71,47.37,391,1780472999.555,LTCUSD_otc
361,2026-06-03 07:50:00,47.59,47.58,47.7,47.41,400,1780473299.542,LTCUSD_otc
361,2026-06-03 07:55:00,47.62,47.22,47.62,47.22,392,1780473599.548,LTCUSD_otc
361,2026-06-03 08:00:00,47.22,47.26,47.33,47.14,391,1780473899.555,LTCUSD_otc
361,2026-06-03 08:05:00,47.26,47.11,47.32,47.04,398,1780474199.508,LTCUSD_otc
361,2026-06-03 08:10:00,47.11,47.0,47.3,47.0,422,1780474499.493,LTCUSD_otc
361,2026-06-03 08:15:00,47.02,47.21,47.21,46.92,393,1780474799.87,LTCUSD_otc
361,2026-06-03 08:20:00,47.21,47.09,47.37,47.08,423,1780475099.39,LTCUSD_otc
361,2026-06-03 08:25:00,47.09,47.05,47.16,46.95,384,1780475399.877,LTCUSD_otc
361,2026-06-03 08:30:00,47.05,46.86,47.21,46.83,403,1780475699.887,LTCUSD_otc
361,2026-06-03 08:35:00,46.86,47.15,47.2,46.86,395,1780475999.782,LTCUSD_otc
361,2026-06-03 08:40:00,47.15,47.03,47.16,46.96,411,1780476299.82,LTCUSD_otc
361,2026-06-03 08:45:00,47.03,47.07,47.15,46.86,389,1780476599.784,LTCUSD_otc
361,2026-06-03 08:50:00,47.07,47.36,47.39,47.0,414,1780476899.794,LTCUSD_otc
361,2026-06-03 08:55:00,47.37,47.55,47.61,47.29,398,1780477199.743,LTCUSD_otc
361,2026-06-03 09:00:00,47.55,47.65,47.76,47.5,411,1780477499.718,LTCUSD_otc
361,2026-06-03 09:05:00,47.65,47.68,47.78,47.59,378,1780477798.144,LTCUSD_otc
361,2026-06-03 09:10:00,47.68,47.79,47.93,47.67,387,1780478099.627,LTCUSD_otc
361,2026-06-03 09:15:00,47.8,48.05,48.08,47.74,377,1780478398.547,LTCUSD_otc
361,2026-06-03 09:20:00,48.05,48.34,48.41,47.99,410,1780478698.585,LTCUSD_otc
361,2026-06-03 09:25:00,48.34,48.09,48.38,48.08,396,1780478999.595,LTCUSD_otc
361,2026-06-03 09:30:00,48.1,48.21,48.4,48.08,419,1780479299.538,LTCUSD_otc
361,2026-06-03 09:35:00,48.25,48.08,48.3,48.04,382,1780479598.994,LTCUSD_otc
361,2026-06-03 09:40:00,48.07,48.33,48.38,48.05,402,1780479899.94,LTCUSD_otc
361,2026-06-03 09:45:00,48.33,47.92,48.37,47.88,396,1780480199.957,LTCUSD_otc
361,2026-06-03 09:50:00,47.92,47.85,48.05,47.8,402,1780480499.95,LTCUSD_otc
361,2026-06-03 09:55:00,47.84,47.6,47.92,47.57,427,1780480799.973,LTCUSD_otc
361,2026-06-03 10:00:00,47.6,47.51,47.72,47.4,395,1780481099.933,LTCUSD_otc
361,2026-06-03 10:05:00,47.51,47.4,47.62,47.3,378,1780481399.919,LTCUSD_otc
361,2026-06-03 10:10:00,47.4,47.25,47.56,47.23,390,1780481698.312,LTCUSD_otc
361,2026-06-03 10:15:00,47.25,47.19,47.31,47.13,392,1780481999.839,LTCUSD_otc
361,2026-06-03 10:20:00,47.19,46.98,47.2,46.95,385,1780482299.264,LTCUSD_otc
361,2026-06-03 10:25:00,46.98,47.0,47.17,46.93,392,1780482599.794,LTCUSD_otc
361,2026-06-03 10:30:00,46.98,47.19,47.2,46.96,380,1780482899.649,LTCUSD_otc
361,2026-06-03 10:35:00,47.19,47.06,47.21,46.99,403,1780483199.707,LTCUSD_otc
361,2026-06-03 10:40:00,47.06,46.74,47.11,46.74,392,1780483499.1,LTCUSD_otc
361,2026-06-03 10:45:00,46.76,46.9,47.03,46.76,408,1780483799.642,LTCUSD_otc
361,2026-06-03 10:50:00,46.9,46.86,47.04,46.7,407,1780484099.536,LTCUSD_otc
361,2026-06-03 10:55:00,46.85,46.88,46.94,46.59,428,1780484399.071,LTCUSD_otc
361,2026-06-03 11:00:00,46.88,46.61,46.91,46.56,404,1780484699.436,LTCUSD_otc
361,2026-06-03 11:05:00,46.61,46.42,46.8,46.42,396,1780484999.997,LTCUSD_otc
361,2026-06-03 11:10:00,46.42,46.61,46.67,46.34,398,1780485297.897,LTCUSD_otc
361,2026-06-03 11:15:00,46.61,46.88,46.97,46.61,403,1780485599.942,LTCUSD_otc
361,2026-06-03 11:20:00,46.88,47.05,47.13,46.8,389,1780485899.35,LTCUSD_otc
361,2026-06-03 11:25:00,47.05,47.29,47.31,46.99,398,1780486199.851,LTCUSD_otc
361,2026-06-03 11:30:00,47.29,47.29,47.39,47.11,409,1780486499.774,LTCUSD_otc
361,2026-06-03 11:35:00,47.29,47.38,47.41,47.19,397,1780486799.802,LTCUSD_otc
361,2026-06-03 11:40:00,47.38,47.66,47.68,47.11,396,1780487099.227,LTCUSD_otc
361,2026-06-03 11:45:00,47.66,47.72,47.8,47.6,395,1780487399.77,LTCUSD_otc
361,2026-06-03 11:50:00,47.72,47.62,47.76,47.56,405,1780487699.679,LTCUSD_otc
361,2026-06-03 11:55:00,47.62,47.24,47.63,47.24,414,1780487999.18,LTCUSD_otc
361,2026-06-03 12:00:00,47.24,47.17,47.29,47.06,380,1780488299.104,LTCUSD_otc
361,2026-06-03 12:05:00,47.16,47.35,47.45,47.14,393,1780488599.613,LTCUSD_otc
361,2026-06-03 12:10:00,47.34,47.4,47.45,47.26,390,1780488899.508,LTCUSD_otc
361,2026-06-03 12:15:00,47.42,47.43,47.46,47.28,401,1780489198.518,LTCUSD_otc
361,2026-06-03 12:20:00,47.42,47.72,47.73,47.36,382,1780489496.928,LTCUSD_otc
361,2026-06-03 12:25:00,47.72,47.84,48.0,47.68,409,1780489799.966,LTCUSD_otc
361,2026-06-03 12:30:00,47.84,47.68,47.85,47.57,399,1780490098.429,LTCUSD_otc
361,2026-06-03 12:35:00,47.68,47.61,47.74,47.53,399,1780490399.935,LTCUSD_otc
361,2026-06-03 12:40:00,47.6,47.62,47.73,47.48,403,1780490699.38,LTCUSD_otc
361,2026-06-03 12:45:00,47.62,47.71,47.74,47.49,385,1780490998.915,LTCUSD_otc
361,2026-06-03 12:50:00,47.71,47.64,47.92,47.6,409,1780491298.851,LTCUSD_otc
361,2026-06-03 12:55:00,47.65,47.63,47.67,47.36,420,1780491599.886,LTCUSD_otc
361,2026-06-03 13:00:00,47.63,47.7,47.75,47.6,406,1780491899.383,LTCUSD_otc
361,2026-06-03 13:05:00,47.7,47.82,48.04,47.68,395,1780492199.882,LTCUSD_otc
361,2026-06-03 13:10:00,47.82,47.74,47.87,47.61,397,1780492499.912,LTCUSD_otc
361,2026-06-03 13:15:00,47.74,47.76,47.83,47.59,405,1780492799.82,LTCUSD_otc
361,2026-06-03 13:20:00,47.76,48.03,48.1,47.73,396,1780493099.837,LTCUSD_otc
361,2026-06-03 13:25:00,48.03,48.01,48.12,47.89,376,1780493399.81,LTCUSD_otc
361,2026-06-03 13:30:00,48.01,47.78,48.04,47.76,405,1780493699.324,LTCUSD_otc
361,2026-06-03 13:35:00,47.8,47.77,48.02,47.74,390,1780493999.278,LTCUSD_otc
361,2026-06-03 13:40:00,47.77,47.77,47.85,47.69,393,1780494299.28,LTCUSD_otc
361,2026-06-03 13:45:00,47.77,48.14,48.14,47.7,390,1780494599.733,LTCUSD_otc
361,2026-06-03 13:50:00,48.12,48.41,48.43,48.04,408,1780494899.697,LTCUSD_otc
361,2026-06-03 13:55:00,48.41,48.28,48.47,48.22,400,1780495199.171,LTCUSD_otc
361,2026-06-03 14:00:00,48.28,48.04,48.41,48.04,400,1780495499.146,LTCUSD_otc
361,2026-06-03 14:05:00,48.04,47.64,48.04,47.64,411,1780495799.635,LTCUSD_otc
361,2026-06-03 14:10:00,47.64,47.68,47.77,47.51,398,1780496099.556,LTCUSD_otc
361,2026-06-03 14:15:00,47.68,47.29,47.71,47.29,396,1780496399.507,LTCUSD_otc
361,2026-06-03 14:20:00,47.29,46.97,47.33,46.92,391,1780496699.973,LTCUSD_otc
361,2026-06-03 14:25:00,46.96,47.06,47.07,46.86,391,1780496997.996,LTCUSD_otc
361,2026-06-03 14:30:00,47.04,47.2,47.22,46.97,404,1780497299.911,LTCUSD_otc
361,2026-06-03 14:35:00,47.2,46.97,47.21,46.93,387,1780497598.404,LTCUSD_otc
361,2026-06-03 14:40:00,46.97,46.92,47.06,46.86,387,1780497899.795,LTCUSD_otc
361,2026-06-03 14:45:00,46.92,46.78,46.98,46.72,398,1780498199.792,LTCUSD_otc
361,2026-06-03 14:50:00,46.78,46.92,46.99,46.77,406,1780498499.809,LTCUSD_otc
361,2026-06-03 14:55:00,46.92,46.9,47.09,46.79,385,1780498799.332,LTCUSD_otc
361,2026-06-03 15:00:00,46.9,47.04,47.29,46.9,402,1780499099.276,LTCUSD_otc
361,2026-06-03 15:05:00,47.04,47.12,47.17,46.85,397,1780499399.258,LTCUSD_otc
361,2026-06-03 15:10:00,47.12,47.13,47.23,47.07,392,1780499699.667,LTCUSD_otc
361,2026-06-03 15:15:00,47.13,47.09,47.23,46.99,390,1780499999.708,LTCUSD_otc
361,2026-06-03 15:20:00,47.09,47.38,47.45,47.05,427,1780500299.671,LTCUSD_otc
361,2026-06-03 15:25:00,47.38,47.53,47.55,47.24,397,1780500599.671,LTCUSD_otc
361,2026-06-03 15:30:00,47.53,47.61,47.69,47.51,383,1780500899.708,LTCUSD_otc
361,2026-06-03 15:35:00,47.62,47.35,47.62,47.34,371,1780501199.623,LTCUSD_otc
361,2026-06-03 15:40:00,47.35,47.56,47.69,47.31,399,1780501499.156,LTCUSD_otc
361,2026-06-03 15:45:00,47.55,47.33,47.66,47.32,408,1780501799.557,LTCUSD_otc
361,2026-06-03 15:50:00,47.34,47.59,47.67,47.3,407,1780502099.618,LTCUSD_otc
361,2026-06-03 15:55:00,47.6,47.46,47.63,47.38,399,1780502399.052,LTCUSD_otc
361,2026-06-03 16:00:00,47.46,47.23,47.5,47.08,407,1780502699.539,LTCUSD_otc
361,2026-06-03 16:05:00,47.23,47.17,47.39,47.17,407,1780502999.532,LTCUSD_otc
361,2026-06-03 16:10:00,47.17,47.17,47.22,47.02,391,1780503297.98,LTCUSD_otc
361,2026-06-03 16:15:00,47.17,47.14,47.19,46.9,394,1780503599.962,LTCUSD_otc
361,2026-06-03 16:20:00,47.14,46.79,47.22,46.71,410,1780503899.931,LTCUSD_otc
361,2026-06-03 16:25:00,46.79,46.59,46.91,46.59,393,1780504198.938,LTCUSD_otc
361,2026-06-03 16:30:00,46.59,46.69,46.92,46.55,412,1780504499.858,LTCUSD_otc
361,2026-06-03 16:35:00,46.68,46.73,46.89,46.66,413,1780504799.882,LTCUSD_otc
361,2026-06-03 16:40:00,46.71,46.72,46.85,46.65,400,1780505099.247,LTCUSD_otc
361,2026-06-03 16:45:00,46.72,46.64,46.76,46.55,399,1780505399.217,LTCUSD_otc
361,2026-06-03 16:50:00,46.64,46.59,46.65,46.47,418,1780505699.212,LTCUSD_otc
361,2026-06-03 16:55:00,46.58,46.55,46.64,46.44,413,1780505999.703,LTCUSD_otc
361,2026-06-03 17:00:00,46.55,46.12,46.55,46.11,405,1780506299.615,LTCUSD_otc
361,2026-06-03 17:05:00,46.11,46.53,46.53,46.06,413,1780506599.529,LTCUSD_otc
361,2026-06-03 17:10:00,46.53,46.72,46.81,46.52,378,1780506899.572,LTCUSD_otc
361,2026-06-03 17:15:00,46.72,46.8,47.02,46.72,407,1780507199.095,LTCUSD_otc
361,2026-06-03 17:20:00,46.81,46.95,47.04,46.75,384,1780507498.529,LTCUSD_otc
361,2026-06-03 17:25:00,46.95,46.87,47.09,46.82,400,1780507799.519,LTCUSD_otc
361,2026-06-03 17:30:00,46.87,46.7,46.95,46.69,393,1780508099.932,LTCUSD_otc
361,2026-06-03 17:35:00,46.7,46.79,46.85,46.65,407,1780508399.96,LTCUSD_otc
361,2026-06-03 17:40:00,46.79,47.04,47.09,46.76,411,1780508699.375,LTCUSD_otc
361,2026-06-03 17:45:00,47.04,46.93,47.06,46.71,408,1780508999.401,LTCUSD_otc
361,2026-06-03 17:50:00,46.93,47.07,47.14,46.86,400,1780509299.821,LTCUSD_otc
361,2026-06-03 17:55:00,47.07,46.99,47.16,46.96,386,1780509599.331,LTCUSD_otc
361,2026-06-03 18:00:00,46.98,47.2,47.22,46.98,399,1780509899.2,LTCUSD_otc
361,2026-06-03 18:05:00,47.2,47.43,47.45,47.15,406,1780510199.739,LTCUSD_otc
361,2026-06-03 18:10:00,47.43,47.44,47.59,47.35,391,1780510499.691,LTCUSD_otc
361,2026-06-03 18:15:00,47.44,47.26,47.56,47.16,391,1780510799.689,LTCUSD_otc
361,2026-06-03 18:20:00,47.25,47.28,47.39,47.21,401,1780511099.598,LTCUSD_otc
361,2026-06-03 18:25:00,47.28,47.41,47.46,47.28,393,1780511399.571,LTCUSD_otc
361,2026-06-03 18:30:00,47.41,47.85,47.85,47.38,405,1780511699.985,LTCUSD_otc
361,2026-06-03 18:35:00,47.84,47.6,47.85,47.55,398,1780511999.468,LTCUSD_otc
361,2026-06-03 18:40:00,47.6,47.23,47.61,47.15,373,1780512299.884,LTCUSD_otc
361,2026-06-03 18:45:00,47.23,47.12,47.25,46.91,408,1780512598.906,LTCUSD_otc
361,2026-06-03 18:50:00,47.12,47.4,47.48,47.12,397,1780512899.296,LTCUSD_otc
361,2026-06-03 18:55:00,47.4,47.66,47.69,47.35,422,1780513199.742,LTCUSD_otc
361,2026-06-03 19:00:00,47.66,47.76,47.87,47.52,393,1780513499.221,LTCUSD_otc
361,2026-06-03 19:05:00,47.75,47.92,48.01,47.67,401,1780513799.721,LTCUSD_otc
361,2026-06-03 19:10:00,47.93,47.77,47.96,47.7,397,1780514099.654,LTCUSD_otc
361,2026-06-03 19:15:00,47.77,47.87,47.96,47.7,403,1780514399.177,LTCUSD_otc
361,2026-06-03 19:20:00,47.87,48.24,48.26,47.79,407,1780514699.552,LTCUSD_otc
361,2026-06-03 19:25:00,48.19,47.93,48.19,47.83,390,1780514999.422,LTCUSD_otc
361,2026-06-03 19:30:00,47.93,47.9,48.02,47.86,398,1780515299.951,LTCUSD_otc
361,2026-06-03 19:35:00,47.9,47.81,47.94,47.66,358,1780515599.882,LTCUSD_otc
361,2026-06-03 19:40:00,47.81,47.81,47.89,47.67,393,1780515899.895,LTCUSD_otc
361,2026-06-03 19:45:00,47.81,47.79,47.88,47.57,395,1780516199.795,LTCUSD_otc
361,2026-06-03 19:50:00,47.79,47.61,47.85,47.53,380,1780516499.803,LTCUSD_otc
361,2026-06-03 19:55:00,47.62,47.84,47.92,47.56,403,1780516799.751,LTCUSD_otc
361,2026-06-03 20:00:00,47.84,47.99,48.06,47.84,396,1780517099.675,LTCUSD_otc
361,2026-06-03 20:05:00,47.99,48.02,48.1,47.85,400,1780517399.626,LTCUSD_otc
361,2026-06-03 20:10:00,48.02,47.88,48.06,47.81,403,1780517698.547,LTCUSD_otc
361,2026-06-03 20:15:00,47.91,47.82,48.0,47.75,399,1780517999.904,LTCUSD_otc
361,2026-06-03 20:20:00,47.83,48.03,48.04,47.66,403,1780518299.922,LTCUSD_otc
361,2026-06-03 20:25:00,48.03,47.81,48.06,47.77,392,1780518599.834,LTCUSD_otc
361,2026-06-03 20:30:00,47.81,47.94,48.08,47.81,392,1780518899.832,LTCUSD_otc
361,2026-06-03 20:35:00,47.94,47.94,47.98,47.77,374,1780519199.236,LTCUSD_otc
361,2026-06-03 20:40:00,47.95,48.08,48.09,47.84,396,1780519498.225,LTCUSD_otc
361,2026-06-03 20:45:00,48.08,48.52,48.54,48.08,398,1780519799.639,LTCUSD_otc
361,2026-06-03 20:50:00,48.52,48.3,48.63,48.3,416,1780520099.643,LTCUSD_otc
361,2026-06-03 20:55:00,48.3,48.05,48.36,48.0,412,1780520399.561,LTCUSD_otc
361,2026-06-03 21:00:00,48.04,48.14,48.19,47.91,413,1780520699.55,LTCUSD_otc
361,2026-06-03 21:05:00,48.13,48.23,48.27,48.08,410,1780520999.988,LTCUSD_otc
361,2026-06-03 21:10:00,48.23,48.15,48.36,48.14,400,1780521299.405,LTCUSD_otc
361,2026-06-03 21:15:00,48.15,47.93,48.2,47.92,383,1780521599.86,LTCUSD_otc
361,2026-06-03 21:20:00,47.93,47.7,47.93,47.64,424,1780521899.835,LTCUSD_otc
361,2026-06-03 21:25:00,47.7,47.48,47.8,47.48,389,1780522199.748,LTCUSD_otc
361,2026-06-03 21:30:00,47.48,47.73,47.86,47.47,398,1780522499.254,LTCUSD_otc
361,2026-06-03 21:35:00,47.73,47.62,47.75,47.35,404,1780522799.712,LTCUSD_otc
361,2026-06-03 21:40:00,47.62,47.46,47.62,47.35,400,1780523099.622,LTCUSD_otc
361,2026-06-03 21:45:00,47.46,47.74,47.82,47.42,405,1780523399.582,LTCUSD_otc
361,2026-06-03 21:50:00,47.74,47.64,47.78,47.6,409,1780523699.501,LTCUSD_otc
361,2026-06-03 21:55:00,47.64,47.8,47.85,47.6,392,1780523999.874,LTCUSD_otc
361,2026-06-03 22:00:00,47.8,47.43,47.81,47.42,389,1780524298.328,LTCUSD_otc
361,2026-06-03 22:05:00,47.43,47.57,47.61,47.38,388,1780524599.728,LTCUSD_otc
361,2026-06-03 22:10:00,47.57,47.59,47.67,47.46,385,1780524899.708,LTCUSD_otc
361,2026-06-03 22:15:00,47.59,47.35,47.61,47.27,385,1780525199.63,LTCUSD_otc
361,2026-06-03 22:20:00,47.36,47.4,47.56,47.31,405,1780525499.004,LTCUSD_otc
361,2026-06-03 22:25:00,47.4,47.33,47.47,47.28,422,1780525799.984,LTCUSD_otc
361,2026-06-03 22:30:00,47.33,47.71,47.81,47.33,398,1780526099.358,LTCUSD_otc
361,2026-06-03 22:35:00,47.71,47.55,47.81,47.55,405,1780526399.844,LTCUSD_otc
361,2026-06-03 22:40:00,47.54,47.32,47.6,47.24,406,1780526699.715,LTCUSD_otc
361,2026-06-03 22:45:00,47.32,47.23,47.34,47.11,404,1780526999.666,LTCUSD_otc
361,2026-06-03 22:50:00,47.23,47.15,47.34,47.15,414,1780527298.589,LTCUSD_otc
361,2026-06-03 22:55:00,47.15,47.14,47.23,46.86,417,1780527599.009,LTCUSD_otc
361,2026-06-03 23:00:00,47.14,47.02,47.14,46.97,388,1780527899.968,LTCUSD_otc
361,2026-06-03 23:05:00,47.01,47.1,47.23,46.95,383,1780528199.365,LTCUSD_otc
361,2026-06-03 23:10:00,47.1,47.17,47.33,47.0,404,1780528499.34,LTCUSD_otc
361,2026-06-03 23:15:00,47.17,47.06,47.19,46.94,408,1780528799.181,LTCUSD_otc
361,2026-06-03 23:20:00,47.06,47.3,47.37,47.03,410,1780529099.623,LTCUSD_otc
361,2026-06-03 23:25:00,47.3,47.38,47.61,47.28,392,1780529399.617,LTCUSD_otc
361,2026-06-03 23:30:00,47.38,47.37,47.51,47.32,393,1780529699.58,LTCUSD_otc
361,2026-06-03 23:35:00,47.37,47.07,47.46,47.07,394,1780529999.479,LTCUSD_otc
361,2026-06-03 23:40:00,47.07,46.73,47.07,46.72,401,1780530299.848,LTCUSD_otc
361,2026-06-03 23:45:00,46.73,46.95,47.0,46.65,404,1780530599.816,LTCUSD_otc
361,2026-06-03 23:50:00,46.95,46.36,46.95,46.33,417,1780530899.756,LTCUSD_otc
361,2026-06-03 23:55:00,46.36,46.19,46.45,46.19,383,1780531199.72,LTCUSD_otc
361,2026-06-04 00:00:00,46.19,46.18,46.35,46.15,393,1780531499.646,LTCUSD_otc
361,2026-06-04 00:05:00,46.18,46.27,46.33,46.08,381,1780531799.137,LTCUSD_otc
361,2026-06-04 00:10:00,46.27,46.36,46.41,46.14,408,1780532097.971,LTCUSD_otc
361,2026-06-04 00:15:00,46.36,46.19,46.45,46.12,389,1780532399.441,LTCUSD_otc
361,2026-06-04 00:20:00,46.19,46.62,46.76,46.18,391,1780532699.857,LTCUSD_otc
361,2026-06-04 00:25:00,46.63,46.76,46.83,46.6,406,1780532999.795,LTCUSD_otc
361,2026-06-04 00:30:00,46.78,47.01,47.05,46.7,399,1780533299.733,LTCUSD_otc
361,2026-06-04 00:35:00,47.02,47.15,47.2,46.9,396,1780533598.149,LTCUSD_otc
361,2026-06-04 00:40:00,47.15,47.47,47.47,47.13,403,1780533899.576,LTCUSD_otc
361,2026-06-04 00:45:00,47.47,47.29,47.49,47.25,384,1780534199.478,LTCUSD_otc
361,2026-06-04 00:50:00,47.3,47.39,47.44,47.2,407,1780534499.458,LTCUSD_otc
361,2026-06-04 00:55:00,47.39,47.19,47.51,47.19,388,1780534799.904,LTCUSD_otc
361,2026-06-04 01:00:00,47.19,47.45,47.47,47.14,413,1780535099.878,LTCUSD_otc
361,2026-06-04 01:05:00,47.45,47.67,47.7,47.4,384,1780535399.807,LTCUSD_otc
361,2026-06-04 01:10:00,47.67,47.66,47.73,47.45,391,1780535699.244,LTCUSD_otc
361,2026-06-04 01:15:00,47.66,47.46,47.67,47.42,389,1780535999.604,LTCUSD_otc
361,2026-06-04 01:20:00,47.46,47.78,47.82,47.45,395,1780536299.091,LTCUSD_otc
361,2026-06-04 01:25:00,47.77,47.34,47.82,47.3,398,1780536599.449,LTCUSD_otc
361,2026-06-04 01:30:00,47.34,47.32,47.34,46.97,398,1780536899.882,LTCUSD_otc
361,2026-06-04 01:35:00,47.32,47.41,47.57,47.31,393,1780537199.845,LTCUSD_otc
361,2026-06-04 01:40:00,47.41,47.71,47.71,47.35,415,1780537499.731,LTCUSD_otc
361,2026-06-04 01:45:00,47.7,47.55,47.73,47.38,400,1780537799.746,LTCUSD_otc
361,2026-06-04 01:50:00,47.55,47.52,47.64,47.3,416,1780538099.146,LTCUSD_otc
361,2026-06-04 01:55:00,47.52,47.59,47.59,47.4,419,1780538399.648,LTCUSD_otc
361,2026-06-04 02:00:00,47.59,47.72,47.76,47.48,375,1780538698.527,LTCUSD_otc
361,2026-06-04 02:05:00,47.73,47.92,48.01,47.65,378,1780538999.534,LTCUSD_otc
361,2026-06-04 02:10:00,47.93,48.25,48.28,47.82,392,1780539299.928,LTCUSD_otc
361,2026-06-04 02:15:00,48.25,48.06,48.25,48.0,407,1780539599.864,LTCUSD_otc
361,2026-06-04 02:20:00,48.06,48.38,48.43,48.05,386,1780539899.298,LTCUSD_otc
361,2026-06-04 02:25:00,48.38,48.33,48.41,48.15,415,1780540199.742,LTCUSD_otc
361,2026-06-04 02:30:00,48.37,48.63,48.63,48.3,382,1780540499.683,LTCUSD_otc
361,2026-06-04 02:35:00,48.63,48.86,48.88,48.45,416,1780540799.618,LTCUSD_otc
361,2026-06-04 02:40:00,48.86,49.02,49.04,48.76,382,1780541098.57,LTCUSD_otc
361,2026-06-04 02:45:00,49.03,48.71,49.09,48.71,388,1780541399.968,LTCUSD_otc
361,2026-06-04 02:50:00,48.71,49.3,49.37,48.7,406,1780541699.968,LTCUSD_otc
361,2026-06-04 02:55:00,49.3,49.16,49.43,49.1,395,1780541999.91,LTCUSD_otc
361,2026-06-04 03:00:00,49.16,48.77,49.19,48.69,417,1780542299.879,LTCUSD_otc
361,2026-06-04 03:05:00,48.77,49.13,49.21,48.72,405,1780542599.79,LTCUSD_otc
361,2026-06-04 03:10:00,49.13,49.5,49.51,49.1,388,1780542899.305,LTCUSD_otc
361,2026-06-04 03:15:00,49.49,49.55,49.68,49.44,406,1780543199.734,LTCUSD_otc
361,2026-06-04 03:20:00,49.55,49.72,49.8,49.49,400,1780543499.737,LTCUSD_otc
361,2026-06-04 03:25:00,49.72,49.65,49.82,49.58,416,1780543798.653,LTCUSD_otc
361,2026-06-04 03:30:00,49.65,49.38,49.77,49.36,395,1780544099.661,LTCUSD_otc
361,2026-06-04 03:35:00,49.38,49.36,49.66,49.35,415,1780544398.595,LTCUSD_otc
361,2026-06-04 03:40:00,49.36,49.37,49.66,49.35,413,1780544699.573,LTCUSD_otc
361,2026-06-04 03:45:00,49.36,49.63,49.71,49.36,396,1780544999.539,LTCUSD_otc
361,2026-06-04 03:50:00,49.63,49.79,49.82,49.59,404,1780545299.491,LTCUSD_otc
361,2026-06-04 03:55:00,49.79,50.18,50.19,49.79,389,1780545599.852,LTCUSD_otc
361,2026-06-04 04:00:00,50.17,50.64,50.65,50.17,400,1780545899.862,LTCUSD_otc
361,2026-06-04 04:05:00,50.63,50.4,50.69,50.29,412,1780546199.782,LTCUSD_otc
361,2026-06-04 04:10:00,50.4,50.53,50.63,50.39,394,1780546499.797,LTCUSD_otc
361,2026-06-04 04:15:00,50.53,50.66,50.73,50.52,398,1780546799.771,LTCUSD_otc
361,2026-06-04 04:20:00,50.66,50.93,51.07,50.65,401,1780547099.75,LTCUSD_otc
361,2026-06-04 04:25:00,50.93,51.27,51.27,50.93,400,1780547399.201,LTCUSD_otc
361,2026-06-04 04:30:00,51.27,51.22,51.48,51.21,391,1780547699.648,LTCUSD_otc
361,2026-06-04 04:35:00,51.22,51.02,51.23,50.97,408,1780547999.588,LTCUSD_otc
361,2026-06-04 04:40:00,51.03,51.12,51.16,51.0,400,1780548298.633,LTCUSD_otc
361,2026-06-04 04:45:00,51.12,50.89,51.14,50.8,400,1780548599.612,LTCUSD_otc
361,2026-06-04 04:50:00,50.88,50.78,51.05,50.74,400,1780548899.545,LTCUSD_otc
361,2026-06-04 04:55:00,50.79,51.02,51.08,50.77,406,1780549198.999,LTCUSD_otc
361,2026-06-04 05:00:00,51.02,50.97,51.13,50.96,379,1780549499.962,LTCUSD_otc
361,2026-06-04 05:05:00,50.97,50.94,51.06,50.8,427,1780549799.934,LTCUSD_otc
361,2026-06-04 05:10:00,50.94,51.07,51.17,50.79,388,1780550099.865,LTCUSD_otc
361,2026-06-04 05:15:00,51.06,51.11,51.17,50.93,418,1780550399.273,LTCUSD_otc
361,2026-06-04 05:20:00,51.11,51.15,51.17,50.95,396,1780550699.758,LTCUSD_otc
361,2026-06-04 05:25:00,51.15,50.88,51.19,50.83,397,1780550999.685,LTCUSD_otc
361,2026-06-04 05:30:00,50.88,50.85,51.09,50.83,392,1780551299.134,LTCUSD_otc
361,2026-06-04 05:35:00,50.85,51.01,51.18,50.83,411,1780551599.624,LTCUSD_otc
361,2026-06-04 05:40:00,51.01,50.93,51.17,50.93,418,1780551899.116,LTCUSD_otc
361,2026-06-04 05:45:00,50.92,50.93,50.95,50.77,409,1780552199.562,LTCUSD_otc
361,2026-06-04 05:50:00,50.94,50.79,50.96,50.74,400,1780552499.037,LTCUSD_otc
361,2026-06-04 05:55:00,50.79,50.36,50.8,50.35,420,1780552799.955,LTCUSD_otc
361,2026-06-04 06:00:00,50.35,50.26,50.48,50.23,388,1780553099.962,LTCUSD_otc
361,2026-06-04 06:05:00,50.26,50.29,50.29,50.1,393,1780553399.917,LTCUSD_otc
361,2026-06-04 06:10:00,50.29,49.99,50.32,49.86,407,1780553698.919,LTCUSD_otc
361,2026-06-04 06:15:00,49.99,50.14,50.36,49.97,392,1780553999.301,LTCUSD_otc
361,2026-06-04 06:20:00,50.14,50.16,50.31,50.07,383,1780554299.803,LTCUSD_otc
361,2026-06-04 06:25:00,50.16,50.19,50.22,50.05,404,1780554599.705,LTCUSD_otc
361,2026-06-04 06:30:00,50.19,50.22,50.29,50.12,397,1780554899.7,LTCUSD_otc
361,2026-06-04 06:35:00,50.2,50.12,50.31,50.08,387,1780555199.195,LTCUSD_otc
361,2026-06-04 06:40:00,50.11,49.95,50.22,49.93,398,1780555499.635,LTCUSD_otc
361,2026-06-04 06:45:00,49.95,49.74,49.99,49.65,407,1780555799.583,LTCUSD_otc
361,2026-06-04 06:50:00,49.72,49.89,49.91,49.66,406,1780556099.074,LTCUSD_otc
361,2026-06-04 06:55:00,49.9,49.61,49.9,49.5,410,1780556399.417,LTCUSD_otc
361,2026-06-04 07:00:00,49.61,49.64,49.73,49.36,393,1780556699.448,LTCUSD_otc
361,2026-06-04 07:05:00,49.64,49.6,49.66,49.46,411,1780556999.852,LTCUSD_otc
361,2026-06-04 07:10:00,49.6,49.38,49.72,49.36,396,1780557299.871,LTCUSD_otc
361,2026-06-04 07:15:00,49.37,49.05,49.43,49.04,402,1780557599.764,LTCUSD_otc
361,2026-06-04 07:20:00,49.05,48.8,49.11,48.79,407,1780557899.752,LTCUSD_otc
361,2026-06-04 07:25:00,48.81,48.82,48.95,48.75,405,1780558199.634,LTCUSD_otc
361,2026-06-04 07:30:00,48.82,48.78,48.89,48.7,379,1780558498.67,LTCUSD_otc
361,2026-06-04 07:35:00,48.78,49.01,49.04,48.75,406,1780558799.608,LTCUSD_otc
361,2026-06-04 07:40:00,49.01,48.85,49.05,48.79,400,1780559099.622,LTCUSD_otc
361,2026-06-04 07:45:00,48.85,48.96,49.08,48.83,410,1780559399.523,LTCUSD_otc
361,2026-06-04 07:50:00,48.96,48.84,48.96,48.75,408,1780559699.029,LTCUSD_otc
361,2026-06-04 07:55:00,48.84,49.1,49.13,48.77,391,1780559999.937,LTCUSD_otc
361,2026-06-04 08:00:00,49.1,48.93,49.2,48.91,393,1780560299.949,LTCUSD_otc
361,2026-06-04 08:05:00,48.94,49.1,49.13,48.94,409,1780560599.905,LTCUSD_otc
361,2026-06-04 08:10:00,49.1,48.94,49.22,48.89,415,1780560899.897,LTCUSD_otc
361,2026-06-04 08:15:00,48.94,49.05,49.09,48.91,407,1780561199.892,LTCUSD_otc
361,2026-06-04 08:20:00,49.05,48.64,49.05,48.51,379,1780561499.859,LTCUSD_otc
361,2026-06-04 08:25:00,48.64,48.68,48.76,48.53,380,1780561799.886,LTCUSD_otc
361,2026-06-04 08:30:00,48.68,48.75,48.9,48.63,381,1780562099.811,LTCUSD_otc
361,2026-06-04 08:35:00,48.75,48.99,49.03,48.75,394,1780562399.831,LTCUSD_otc
361,2026-06-04 08:40:00,48.99,48.91,49.05,48.82,418,1780562699.685,LTCUSD_otc
361,2026-06-04 08:45:00,48.91,48.97,48.99,48.86,396,1780562998.627,LTCUSD_otc
361,2026-06-04 08:50:00,48.98,49.01,49.11,48.88,418,1780563299.64,LTCUSD_otc
361,2026-06-04 08:55:00,49.01,48.76,49.09,48.76,396,1780563597.59,LTCUSD_otc
361,2026-06-04 09:00:00,48.76,48.61,48.79,48.59,412,1780563899.589,LTCUSD_otc
361,2026-06-04 09:05:00,48.6,48.15,48.62,48.14,386,1780564199.532,LTCUSD_otc
361,2026-06-04 09:10:00,48.16,48.06,48.27,47.91,402,1780564499.503,LTCUSD_otc
361,2026-06-04 09:15:00,48.06,48.46,48.53,48.05,403,1780564799.944,LTCUSD_otc
361,2026-06-04 09:20:00,48.46,48.43,48.49,48.26,385,1780565099.402,LTCUSD_otc
361,2026-06-04 09:25:00,48.44,48.86,48.96,48.42,401,1780565399.897,LTCUSD_otc
361,2026-06-04 09:30:00,48.84,48.55,48.84,48.55,393,1780565699.838,LTCUSD_otc
361,2026-06-04 09:35:00,48.55,48.33,48.75,48.32,398,1780565999.855,LTCUSD_otc
361,2026-06-04 09:40:00,48.33,48.39,48.39,48.15,391,1780566299.795,LTCUSD_otc
361,2026-06-04 09:45:00,48.39,48.55,48.68,48.39,408,1780566599.804,LTCUSD_otc
361,2026-06-04 09:50:00,48.55,48.49,48.61,48.49,382,1780566899.733,LTCUSD_otc
361,2026-06-04 09:55:00,48.5,48.47,48.53,48.35,399,1780567199.25,LTCUSD_otc
361,2026-06-04 10:00:00,48.47,48.45,48.67,48.44,379,1780567499.611,LTCUSD_otc
361,2026-06-04 10:05:00,48.45,48.3,48.52,48.08,403,1780567799.569,LTCUSD_otc
361,2026-06-04 10:10:00,48.3,48.21,48.32,48.11,395,1780568099.023,LTCUSD_otc
361,2026-06-04 10:15:00,48.22,48.21,48.4,48.13,408,1780568399.991,LTCUSD_otc
361,2026-06-04 10:20:00,48.22,48.18,48.34,48.1,402,1780568699.416,LTCUSD_otc
361,2026-06-04 10:25:00,48.18,48.4,48.46,48.18,390,1780568999.349,LTCUSD_otc
361,2026-06-04 10:30:00,48.4,48.53,48.64,48.36,406,1780569298.323,LTCUSD_otc
361,2026-06-04 10:35:00,48.53,48.58,48.61,48.36,408,1780569599.215,LTCUSD_otc
361,2026-06-04 10:40:00,48.58,48.29,48.59,48.15,382,1780569899.171,LTCUSD_otc
361,2026-06-04 10:45:00,48.3,48.31,48.32,48.07,415,1780570199.12,LTCUSD_otc
361,2026-06-04 10:50:00,48.31,48.46,48.59,48.31,388,1780570499.628,LTCUSD_otc
361,2026-06-04 10:55:00,48.47,48.7,48.74,48.42,411,1780570799.524,LTCUSD_otc
361,2026-06-04 11:00:00,48.7,48.75,48.8,48.55,391,1780571099.566,LTCUSD_otc
361,2026-06-04 11:05:00,48.75,48.9,48.99,48.65,404,1780571399.992,LTCUSD_otc
361,2026-06-04 11:10:00,48.91,48.76,48.94,48.76,396,1780571699.542,LTCUSD_otc
361,2026-06-04 11:15:00,48.76,48.51,48.78,48.49,404,1780571999.422,LTCUSD_otc
361,2026-06-04 11:20:00,48.51,48.38,48.57,48.38,378,1780572299.427,LTCUSD_otc
361,2026-06-04 11:25:00,48.38,48.45,48.57,48.27,393,1780572599.329,LTCUSD_otc
361,2026-06-04 11:30:00,48.45,48.53,48.58,48.39,428,1780572899.849,LTCUSD_otc
361,2026-06-04 11:35:00,48.53,48.42,48.56,48.35,397,1780573198.77,LTCUSD_otc
361,2026-06-04 11:40:00,48.42,48.16,48.56,48.12,402,1780573499.792,LTCUSD_otc
361,2026-06-04 11:45:00,48.16,48.07,48.37,48.04,395,1780573797.753,LTCUSD_otc
361,2026-06-04 11:50:00,48.07,47.96,48.08,47.84,406,1780574099.747,LTCUSD_otc
361,2026-06-04 11:55:00,47.97,48.22,48.25,47.93,418,1780574399.634,LTCUSD_otc
361,2026-06-04 12:00:00,48.22,48.15,48.32,48.14,402,1780574699.63,LTCUSD_otc
361,2026-06-04 12:05:00,48.15,47.98,48.29,47.97,393,1780574998.053,LTCUSD_otc
361,2026-06-04 12:10:00,47.98,48.15,48.15,47.9,405,1780575299.547,LTCUSD_otc
361,2026-06-04 12:15:00,48.15,48.26,48.28,48.08,400,1780575599.483,LTCUSD_otc
361,2026-06-04 12:20:00,48.27,48.12,48.27,47.95,382,1780575899.956,LTCUSD_otc
361,2026-06-04 12:25:00,48.12,48.38,48.42,48.05,388,1780576199.845,LTCUSD_otc
361,2026-06-04 12:30:00,48.38,48.32,48.44,48.13,400,1780576499.34,LTCUSD_otc
361,2026-06-04 12:35:00,48.32,48.22,48.39,48.1,408,1780576799.778,LTCUSD_otc
361,2026-06-04 12:40:00,48.21,48.0,48.27,47.96,399,1780577099.802,LTCUSD_otc
361,2026-06-04 12:45:00,48.0,48.17,48.18,47.8,414,1780577399.715,LTCUSD_otc
361,2026-06-04 12:50:00,48.17,48.29,48.34,48.02,409,1780577699.702,LTCUSD_otc
361,2026-06-04 12:55:00,48.29,48.18,48.41,48.07,423,1780577999.563,LTCUSD_otc
361,2026-06-04 13:00:00,48.18,48.51,48.63,48.17,397,1780578299.122,LTCUSD_otc
361,2026-06-04 13:05:00,48.52,48.52,48.59,48.39,406,1780578599.507,LTCUSD_otc
361,2026-06-04 13:10:00,48.56,48.7,48.73,48.46,411,1780578899.523,LTCUSD_otc
361,2026-06-04 13:15:00,48.7,48.65,48.91,48.56,409,1780579199.439,LTCUSD_otc
361,2026-06-04 13:20:00,48.65,48.51,48.73,48.39,392,1780579499.921,LTCUSD_otc
361,2026-06-04 13:25:00,48.51,48.74,48.81,48.45,396,1780579799.799,LTCUSD_otc
361,2026-06-04 13:30:00,48.74,48.86,48.95,48.66,400,1780580099.802,LTCUSD_otc
361,2026-06-04 13:35:00,48.86,49.03,49.13,48.86,375,1780580399.74,LTCUSD_otc
361,2026-06-04 13:40:00,49.03,49.23,49.34,48.99,411,1780580699.721,LTCUSD_otc
361,2026-06-04 13:45:00,49.23,49.33,49.39,49.22,419,1780580999.136,LTCUSD_otc
361,2026-06-04 13:50:00,49.33,48.93,49.43,48.85,381,1780581298.617,LTCUSD_otc
361,2026-06-04 13:55:00,48.93,48.94,49.06,48.88,400,1780581597.541,LTCUSD_otc
361,2026-06-04 14:00:00,48.94,48.91,49.09,48.68,406,1780581899.57,LTCUSD_otc
361,2026-06-04 14:05:00,48.9,48.87,48.93,48.69,395,1780582199.549,LTCUSD_otc
361,2026-06-04 14:10:00,48.87,48.72,49.01,48.65,397,1780582499.531,LTCUSD_otc
361,2026-06-04 14:15:00,48.75,48.78,48.85,48.63,419,1780582799.943,LTCUSD_otc
361,2026-06-04 14:20:00,48.78,48.57,48.94,48.52,385,1780583099.946,LTCUSD_otc
361,2026-06-04 14:25:00,48.57,48.84,48.85,48.4,389,1780583399.881,LTCUSD_otc
361,2026-06-04 14:30:00,48.84,48.52,48.86,48.41,397,1780583699.888,LTCUSD_otc
361,2026-06-04 14:35:00,48.52,48.53,48.69,48.5,406,1780583999.832,LTCUSD_otc
361,2026-06-04 14:40:00,48.53,48.27,48.62,48.23,373,1780584298.331,LTCUSD_otc
361,2026-06-04 14:45:00,48.27,48.69,48.75,48.27,402,1780584599.745,LTCUSD_otc
361,2026-06-04 14:50:00,48.69,48.59,48.74,48.5,382,1780584899.776,LTCUSD_otc
361,2026-06-04 14:55:00,48.59,48.52,48.65,48.42,408,1780585199.683,LTCUSD_otc
361,2026-06-04 15:00:00,48.51,48.63,48.68,48.39,391,1780585499.196,LTCUSD_otc
361,2026-06-04 15:05:00,48.64,48.76,48.8,48.62,395,1780585799.65,LTCUSD_otc
361,2026-06-04 15:10:00,48.78,48.8,48.86,48.6,398,1780586098.131,LTCUSD_otc
361,2026-06-04 15:15:00,48.8,48.77,48.81,48.61,390,1780586399.518,LTCUSD_otc
361,2026-06-04 15:20:00,48.76,48.75,48.87,48.69,404,1780586699.553,LTCUSD_otc
361,2026-06-04 15:25:00,48.76,48.67,49.01,48.65,397,1780586999.501,LTCUSD_otc
361,2026-06-04 15:30:00,48.66,48.23,48.68,48.23,408,1780587299.527,LTCUSD_otc
361,2026-06-04 15:35:00,48.23,48.23,48.43,48.16,419,1780587599.005,LTCUSD_otc
361,2026-06-04 15:40:00,48.23,48.28,48.46,48.23,390,1780587899.003,LTCUSD_otc
361,2026-06-04 15:45:00,48.28,47.93,48.28,47.88,384,1780588199.5,LTCUSD_otc
361,2026-06-04 15:50:00,47.9,47.97,48.07,47.81,382,1780588499.927,LTCUSD_otc
361,2026-06-04 15:55:00,47.97,47.99,48.06,47.89,394,1780588798.975,LTCUSD_otc
361,2026-06-04 16:00:00,48.0,47.91,48.01,47.76,408,1780589099.919,LTCUSD_otc
361,2026-06-04 16:05:00,47.91,47.69,47.91,47.69,382,1780589399.948,LTCUSD_otc
361,2026-06-04 16:10:00,47.69,47.62,47.84,47.53,411,1780589699.363,LTCUSD_otc
361,2026-06-04 16:15:00,47.62,47.62,47.63,47.38,393,1780589999.349,LTCUSD_otc
361,2026-06-04 16:20:00,47.62,47.7,47.75,47.51,399,1780590299.844,LTCUSD_otc
361,2026-06-04 16:25:00,47.7,47.3,47.75,47.26,399,1780590599.841,LTCUSD_otc
361,2026-06-04 16:30:00,47.3,47.44,47.52,47.28,399,1780590898.79,LTCUSD_otc
361,2026-06-04 16:35:00,47.45,47.39,47.51,47.3,383,1780591199.737,LTCUSD_otc
361,2026-06-04 16:40:00,47.39,47.73,47.83,47.37,424,1780591499.648,LTCUSD_otc
361,2026-06-04 16:45:00,47.74,47.75,47.84,47.69,401,1780591798.638,LTCUSD_otc
361,2026-06-04 16:50:00,47.76,47.81,47.91,47.67,373,1780592099.543,LTCUSD_otc
361,2026-06-04 16:55:00,47.82,47.69,47.99,47.62,393,1780592399.546,LTCUSD_otc
361,2026-06-04 17:00:00,47.69,48.07,48.09,47.67,401,1780592699.476,LTCUSD_otc
361,2026-06-04 17:05:00,48.07,47.97,48.34,47.93,399,1780592999.986,LTCUSD_otc
361,2026-06-04 17:10:00,47.97,47.94,48.07,47.84,401,1780593299.891,LTCUSD_otc
361,2026-06-04 17:15:00,47.94,47.89,48.07,47.77,369,1780593599.907,LTCUSD_otc
361,2026-06-04 17:20:00,47.89,47.62,47.95,47.6,392,1780593899.837,LTCUSD_otc
361,2026-06-04 17:25:00,47.63,47.56,47.69,47.38,405,1780594199.342,LTCUSD_otc
361,2026-06-04 17:30:00,47.56,47.92,48.05,47.5,399,1780594498.788,LTCUSD_otc
361,2026-06-04 17:35:00,47.95,48.19,48.22,47.83,389,1780594799.785,LTCUSD_otc
361,2026-06-04 17:40:00,48.19,47.8,48.2,47.74,385,1780595099.198,LTCUSD_otc
361,2026-06-04 17:45:00,47.8,47.89,48.12,47.8,384,1780595399.694,LTCUSD_otc
361,2026-06-04 17:50:00,47.89,47.57,47.9,47.54,402,1780595699.609,LTCUSD_otc
361,2026-06-04 17:55:00,47.58,47.79,47.9,47.58,399,1780595999.085,LTCUSD_otc
361,2026-06-04 18:00:00,47.78,47.68,47.84,47.63,396,1780596299.013,LTCUSD_otc
361,2026-06-04 18:05:00,47.67,47.9,47.94,47.66,384,1780596599.527,LTCUSD_otc
361,2026-06-04 18:10:00,47.9,47.97,48.07,47.81,385,1780596898.943,LTCUSD_otc
361,2026-06-04 18:15:00,47.97,48.01,48.06,47.83,413,1780597199.962,LTCUSD_otc
361,2026-06-04 18:20:00,48.01,48.22,48.27,47.98,406,1780597499.91,LTCUSD_otc
361,2026-06-04 18:25:00,48.22,48.48,48.49,48.18,409,1780597798.363,LTCUSD_otc
361,2026-06-04 18:30:00,48.48,48.51,48.59,48.36,389,1780598099.866,LTCUSD_otc
361,2026-06-04 18:35:00,48.5,48.46,48.5,48.34,384,1780598398.814,LTCUSD_otc
361,2026-06-04 18:40:00,48.46,48.36,48.46,48.14,391,1780598699.346,LTCUSD_otc
361,2026-06-04 18:45:00,48.36,48.53,48.66,48.3,380,1780598999.735,LTCUSD_otc
361,2026-06-04 18:50:00,48.53,48.52,48.53,48.51,5,1780599004.263,LTCUSD_otc
