symbol_id,timestamp,open,close,high,low,volume,last_tick,asset
61,2026-06-01 20:16:00,1.38394,1.384,1.38401,1.38392,84,1780345019.093,USDCAD
61,2026-06-01 20:17:00,1.384,1.38409,1.38409,1.384,67,1780345079.007,USDCAD
61,2026-06-01 20:18:00,1.38409,1.38411,1.38413,1.38409,63,1780345139.038,USDCAD
61,2026-06-01 20:19:00,1.38411,1.38416,1.38419,1.3841,96,1780345199.993,USDCAD
61,2026-06-01 20:20:00,1.38416,1.38407,1.38421,1.38406,95,1780345259.093,USDCAD
61,2026-06-01 20:21:00,1.38407,1.38409,1.3841,1.38406,76,1780345319.015,USDCAD
61,2026-06-01 20:22:00,1.38409,1.38412,1.38413,1.38409,73,1780345379.894,USDCAD
61,2026-06-01 20:23:00,1.38412,1.38412,1.38413,1.38411,65,1780345439.092,USDCAD
61,2026-06-01 20:24:00,1.38412,1.38413,1.38414,1.38411,121,1780345499.017,USDCAD
61,2026-06-01 20:25:00,1.38413,1.3841,1.38413,1.38406,87,1780345559.092,USDCAD
61,2026-06-01 20:26:00,1.3841,1.3841,1.38413,1.3841,90,1780345619.632,USDCAD
61,2026-06-01 20:27:00,1.3841,1.3841,1.3841,1.38409,63,1780345679.041,USDCAD
61,2026-06-01 20:28:00,1.3841,1.38413,1.38413,1.3841,97,1780345739.493,USDCAD
61,2026-06-01 20:29:00,1.38413,1.3841,1.38413,1.38409,90,1780345799.895,USDCAD
61,2026-06-01 20:30:00,1.3841,1.38414,1.38414,1.38409,80,1780345859.693,USDCAD
61,2026-06-01 20:31:00,1.38414,1.384,1.38414,1.38399,85,1780345918.993,USDCAD
61,2026-06-01 20:32:00,1.384,1.384,1.38403,1.384,61,1780345978.022,USDCAD
61,2026-06-01 20:33:00,1.384,1.38402,1.38403,1.38395,71,1780346039.993,USDCAD
61,2026-06-01 20:34:00,1.38402,1.38397,1.38403,1.38397,93,1780346099.034,USDCAD
61,2026-06-01 20:35:00,1.38397,1.38398,1.38399,1.38396,77,1780346159.013,USDCAD
61,2026-06-01 20:36:00,1.38398,1.38398,1.38399,1.38396,70,1780346219.593,USDCAD
61,2026-06-01 20:37:00,1.38399,1.38395,1.38399,1.38394,68,1780346279.012,USDCAD
61,2026-06-01 20:38:00,1.38395,1.38398,1.38399,1.38395,61,1780346339.03,USDCAD
61,2026-06-01 20:39:00,1.38398,1.38374,1.38399,1.38374,95,1780346399.304,USDCAD
61,2026-06-01 20:40:00,1.38374,1.38383,1.38384,1.38373,95,1780346459.012,USDCAD
61,2026-06-01 20:41:00,1.38383,1.38382,1.38383,1.38377,193,1780346519.039,USDCAD
61,2026-06-01 20:42:00,1.38382,1.38379,1.38383,1.38377,154,1780346579.894,USDCAD
61,2026-06-01 20:43:00,1.38379,1.38383,1.38383,1.38378,71,1780346639.024,USDCAD
61,2026-06-01 20:44:00,1.38383,1.38384,1.38385,1.38381,74,1780346699.093,USDCAD
61,2026-06-01 20:45:00,1.38384,1.38393,1.38394,1.38384,91,1780346759.023,USDCAD
61,2026-06-01 20:46:00,1.38393,1.38393,1.38394,1.38391,73,1780346819.093,USDCAD
61,2026-06-01 20:47:00,1.38393,1.38393,1.38394,1.38392,64,1780346879.03,USDCAD
61,2026-06-01 20:48:00,1.38393,1.38391,1.38394,1.38391,64,1780346939.013,USDCAD
61,2026-06-01 20:49:00,1.38391,1.38397,1.38399,1.3839,80,1780346999.928,USDCAD
61,2026-06-01 20:50:00,1.38397,1.38403,1.38403,1.38395,65,1780347059.028,USDCAD
61,2026-06-01 20:51:00,1.38403,1.38402,1.38405,1.38402,65,1780347119.093,USDCAD
61,2026-06-01 20:52:00,1.38402,1.3841,1.38414,1.38401,123,1780347179.011,USDCAD
61,2026-06-01 20:53:00,1.3841,1.38414,1.38414,1.38409,179,1780347239.036,USDCAD
61,2026-06-01 20:54:00,1.38414,1.38413,1.38414,1.38413,61,1780347299.093,USDCAD
61,2026-06-01 20:55:00,1.38413,1.38407,1.38415,1.38404,157,1780347359.004,USDCAD
61,2026-06-01 20:56:00,1.38407,1.38411,1.38415,1.38404,88,1780347419.019,USDCAD
61,2026-06-01 20:57:00,1.38411,1.38411,1.38415,1.38407,137,1780347479.798,USDCAD
61,2026-06-01 20:58:00,1.38411,1.38411,1.38416,1.38409,173,1780347539.523,USDCAD
61,2026-06-01 20:59:00,1.38411,1.38406,1.38414,1.38402,165,1780347599.694,USDCAD
61,2026-06-01 21:00:00,1.38406,1.38413,1.38413,1.3836,66,1780347659.042,USDCAD
61,2026-06-01 21:01:00,1.38413,1.38414,1.3843,1.38413,67,1780347719.014,USDCAD
61,2026-06-01 21:02:00,1.38414,1.38436,1.38436,1.38414,63,1780347779.033,USDCAD
61,2026-06-01 21:03:00,1.38436,1.38436,1.38436,1.38436,49,1780347839.007,USDCAD
61,2026-06-01 21:04:00,1.38436,1.38436,1.38453,1.38436,55,1780347899.018,USDCAD
61,2026-06-01 21:05:00,1.38436,1.38433,1.3845,1.38433,58,1780347959.034,USDCAD
61,2026-06-01 21:06:00,1.38433,1.38433,1.38433,1.38433,57,1780348019.094,USDCAD
61,2026-06-01 21:07:00,1.38433,1.38433,1.38443,1.38433,62,1780348079.028,USDCAD
61,2026-06-01 21:08:00,1.38433,1.38433,1.38433,1.38433,57,1780348139.002,USDCAD
61,2026-06-01 21:09:00,1.38433,1.38433,1.38433,1.38433,59,1780348199.041,USDCAD
61,2026-06-01 21:10:00,1.38433,1.38433,1.38442,1.38433,61,1780348259.001,USDCAD
61,2026-06-01 21:11:00,1.38433,1.38433,1.38433,1.38433,60,1780348319.018,USDCAD
61,2026-06-01 21:12:00,1.38433,1.38431,1.38433,1.38431,61,1780348379.093,USDCAD
61,2026-06-01 21:13:00,1.38431,1.38431,1.38431,1.38431,60,1780348439.004,USDCAD
61,2026-06-01 21:14:00,1.38431,1.38431,1.38431,1.38431,60,1780348499.03,USDCAD
61,2026-06-01 21:15:00,1.38431,1.38433,1.38443,1.3843,74,1780348559.593,USDCAD
61,2026-06-01 21:16:00,1.38433,1.38425,1.3844,1.38425,76,1780348619.03,USDCAD
61,2026-06-01 21:17:00,1.38425,1.38425,1.38435,1.38423,73,1780348679.093,USDCAD
61,2026-06-01 21:18:00,1.38425,1.38421,1.38435,1.38421,77,1780348739.013,USDCAD
61,2026-06-01 21:19:00,1.38421,1.38428,1.38438,1.38421,71,1780348799.039,USDCAD
61,2026-06-01 21:20:00,1.38428,1.38421,1.3843,1.38421,52,1780348859.002,USDCAD
61,2026-06-01 21:21:00,1.38421,1.38424,1.38427,1.38421,56,1780348919.021,USDCAD
61,2026-06-01 21:22:00,1.38424,1.38423,1.38424,1.38423,58,1780348979.041,USDCAD
61,2026-06-01 21:23:00,1.38423,1.38426,1.38436,1.38417,69,1780349039.035,USDCAD
61,2026-06-01 21:24:00,1.38426,1.38433,1.38433,1.38421,63,1780349099.0,USDCAD
61,2026-06-01 21:25:00,1.38433,1.38437,1.38437,1.38426,69,1780349159.009,USDCAD
61,2026-06-01 21:26:00,1.38437,1.38418,1.38437,1.38418,63,1780349219.02,USDCAD
61,2026-06-01 21:27:00,1.38418,1.38418,1.38418,1.38418,60,1780349279.03,USDCAD
61,2026-06-01 21:28:00,1.38418,1.38428,1.38428,1.38418,61,1780349339.029,USDCAD
61,2026-06-01 21:29:00,1.38428,1.38427,1.38428,1.38427,61,1780349399.01,USDCAD
61,2026-06-01 21:30:00,1.38427,1.38427,1.38429,1.3842,81,1780349459.003,USDCAD
61,2026-06-01 21:31:00,1.38427,1.38424,1.3843,1.38421,82,1780349519.002,USDCAD
61,2026-06-01 21:32:00,1.38424,1.38417,1.38428,1.38417,73,1780349579.018,USDCAD
61,2026-06-01 21:33:00,1.38417,1.38426,1.38427,1.38416,69,1780349639.032,USDCAD
61,2026-06-01 21:34:00,1.38426,1.38435,1.38435,1.38425,68,1780349699.009,USDCAD
61,2026-06-01 21:35:00,1.38435,1.38427,1.38435,1.38427,53,1780349758.038,USDCAD
61,2026-06-01 21:36:00,1.38427,1.38438,1.38443,1.38424,72,1780349818.493,USDCAD
61,2026-06-01 21:37:00,1.38438,1.38436,1.38443,1.38435,60,1780349878.093,USDCAD
61,2026-06-01 21:38:00,1.38436,1.3844,1.38443,1.38436,72,1780349939.03,USDCAD
61,2026-06-01 21:39:00,1.3844,1.38431,1.38443,1.38431,73,1780349999.017,USDCAD
61,2026-06-01 21:40:00,1.38431,1.3843,1.38436,1.38428,67,1780350058.093,USDCAD
61,2026-06-01 21:41:00,1.3843,1.38426,1.38435,1.38422,77,1780350118.093,USDCAD
61,2026-06-01 21:42:00,1.38426,1.38423,1.38428,1.38423,67,1780350179.016,USDCAD
61,2026-06-01 21:43:00,1.38423,1.38426,1.38431,1.38423,67,1780350239.093,USDCAD
61,2026-06-01 21:44:00,1.38426,1.38427,1.3843,1.38426,66,1780350299.016,USDCAD
61,2026-06-01 21:45:00,1.38427,1.38427,1.38431,1.38421,89,1780350359.694,USDCAD
61,2026-06-01 21:46:00,1.38427,1.38431,1.38433,1.38423,84,1780350419.026,USDCAD
61,2026-06-01 21:47:00,1.38431,1.38426,1.38433,1.38423,85,1780350479.595,USDCAD
61,2026-06-01 21:48:00,1.38426,1.38423,1.3843,1.38423,69,1780350539.01,USDCAD
61,2026-06-01 21:49:00,1.38423,1.38426,1.38426,1.38423,64,1780350599.092,USDCAD
61,2026-06-01 21:50:00,1.38426,1.38421,1.38429,1.38419,72,1780350659.032,USDCAD
61,2026-06-01 21:51:00,1.38421,1.38426,1.3843,1.38421,64,1780350719.042,USDCAD
61,2026-06-01 21:52:00,1.38426,1.38419,1.38428,1.38419,54,1780350779.094,USDCAD
61,2026-06-01 21:53:00,1.38419,1.384,1.38431,1.38396,72,1780350839.018,USDCAD
61,2026-06-01 21:54:00,1.384,1.38384,1.38406,1.38384,69,1780350899.525,USDCAD
61,2026-06-01 21:55:00,1.38384,1.3836,1.38391,1.38359,109,1780350959.293,USDCAD
61,2026-06-01 21:56:00,1.3836,1.38357,1.38365,1.38356,78,1780351019.013,USDCAD
61,2026-06-01 21:57:00,1.38357,1.3835,1.38357,1.3835,67,1780351079.019,USDCAD
61,2026-06-01 21:58:00,1.3835,1.38362,1.38376,1.3835,124,1780351139.093,USDCAD
61,2026-06-01 21:59:00,1.38362,1.38363,1.38363,1.3836,74,1780351199.013,USDCAD
61,2026-06-01 22:00:00,1.38363,1.3839,1.38391,1.38356,97,1780351259.036,USDCAD
61,2026-06-01 22:01:00,1.3839,1.3839,1.38393,1.38388,72,1780351319.01,USDCAD
61,2026-06-01 22:02:00,1.3839,1.38403,1.38407,1.3839,85,1780351379.016,USDCAD
61,2026-06-01 22:03:00,1.38403,1.38404,1.38404,1.38402,67,1780351439.001,USDCAD
61,2026-06-01 22:04:00,1.38404,1.38407,1.38408,1.38401,74,1780351499.015,USDCAD
61,2026-06-01 22:05:00,1.38407,1.38407,1.38409,1.38407,67,1780351559.093,USDCAD
61,2026-06-01 22:06:00,1.38407,1.38407,1.38409,1.38404,72,1780351619.02,USDCAD
61,2026-06-01 22:07:00,1.38407,1.38413,1.3842,1.38407,103,1780351679.036,USDCAD
61,2026-06-01 22:08:00,1.38413,1.38416,1.38416,1.38411,60,1780351739.004,USDCAD
61,2026-06-01 22:09:00,1.38416,1.38415,1.38416,1.38415,59,1780351799.039,USDCAD
61,2026-06-01 22:10:00,1.38415,1.3841,1.38416,1.38409,65,1780351859.007,USDCAD
61,2026-06-01 22:11:00,1.3841,1.38416,1.38416,1.3841,65,1780351919.017,USDCAD
61,2026-06-01 22:12:00,1.38416,1.38417,1.38418,1.38411,69,1780351979.039,USDCAD
61,2026-06-01 22:13:00,1.38417,1.38417,1.38417,1.38413,76,1780352039.093,USDCAD
61,2026-06-01 22:14:00,1.38417,1.38415,1.38417,1.38414,63,1780352099.005,USDCAD
61,2026-06-01 22:15:00,1.38415,1.38409,1.38418,1.38401,71,1780352159.039,USDCAD
61,2026-06-01 22:16:00,1.38409,1.38414,1.38416,1.38409,70,1780352219.091,USDCAD
61,2026-06-01 22:17:00,1.38414,1.38417,1.38418,1.38414,66,1780352279.036,USDCAD
61,2026-06-01 22:18:00,1.38417,1.3842,1.3842,1.38416,66,1780352339.0,USDCAD
61,2026-06-01 22:19:00,1.3842,1.38419,1.3842,1.38419,60,1780352399.03,USDCAD
61,2026-06-01 22:20:00,1.38419,1.38422,1.38424,1.38419,70,1780352459.012,USDCAD
61,2026-06-01 22:21:00,1.38422,1.38421,1.38426,1.3842,99,1780352519.092,USDCAD
61,2026-06-01 22:22:00,1.38421,1.38424,1.38427,1.38421,75,1780352579.026,USDCAD
61,2026-06-01 22:23:00,1.38424,1.38426,1.38426,1.38423,64,1780352639.897,USDCAD
61,2026-06-01 22:24:00,1.38426,1.38426,1.38428,1.38425,63,1780352699.018,USDCAD
61,2026-06-01 22:25:00,1.38426,1.38427,1.38428,1.38424,55,1780352759.034,USDCAD
61,2026-06-01 22:26:00,1.38427,1.38426,1.38428,1.38425,62,1780352819.032,USDCAD
61,2026-06-01 22:27:00,1.38426,1.38427,1.38427,1.38425,58,1780352879.046,USDCAD
61,2026-06-01 22:28:00,1.38427,1.38427,1.38428,1.38426,60,1780352939.018,USDCAD
61,2026-06-01 22:29:00,1.38427,1.38427,1.38429,1.38427,67,1780352999.038,USDCAD
61,2026-06-01 22:30:00,1.38428,1.38428,1.38433,1.38427,71,1780353059.895,USDCAD
61,2026-06-01 22:31:00,1.38428,1.38428,1.38428,1.38427,63,1780353119.031,USDCAD
61,2026-06-01 22:32:00,1.38428,1.38426,1.38428,1.38426,65,1780353179.093,USDCAD
61,2026-06-01 22:33:00,1.38426,1.38427,1.38427,1.38426,61,1780353239.025,USDCAD
61,2026-06-01 22:34:00,1.38427,1.38427,1.38427,1.38426,62,1780353299.018,USDCAD
61,2026-06-01 22:35:00,1.38427,1.38427,1.38428,1.38426,72,1780353359.094,USDCAD
61,2026-06-01 22:36:00,1.38427,1.38426,1.38427,1.38426,64,1780353419.095,USDCAD
61,2026-06-01 22:37:00,1.38426,1.38427,1.38427,1.38426,70,1780353479.034,USDCAD
61,2026-06-01 22:38:00,1.38427,1.38427,1.38427,1.38427,60,1780353539.02,USDCAD
61,2026-06-01 22:39:00,1.38427,1.38426,1.38427,1.38426,62,1780353599.093,USDCAD
61,2026-06-01 22:40:00,1.38426,1.38426,1.38427,1.38425,64,1780353659.001,USDCAD
61,2026-06-01 22:41:00,1.38426,1.38424,1.38426,1.38424,57,1780353719.421,USDCAD
61,2026-06-01 22:42:00,1.38424,1.38427,1.38428,1.38424,55,1780353779.797,USDCAD
61,2026-06-01 22:43:00,1.38427,1.38428,1.38428,1.38427,53,1780353839.017,USDCAD
61,2026-06-01 22:44:00,1.38428,1.38426,1.38428,1.38426,61,1780353898.041,USDCAD
61,2026-06-01 22:45:00,1.38426,1.38427,1.38428,1.38425,62,1780353959.02,USDCAD
61,2026-06-01 22:46:00,1.38427,1.38426,1.38427,1.38425,67,1780354018.045,USDCAD
61,2026-06-01 22:47:00,1.38426,1.38424,1.38427,1.38424,67,1780354079.028,USDCAD
61,2026-06-01 22:48:00,1.38424,1.38424,1.38425,1.38424,58,1780354139.004,USDCAD
61,2026-06-01 22:49:00,1.38424,1.38424,1.38426,1.38423,63,1780354199.02,USDCAD
61,2026-06-01 22:50:00,1.38424,1.38424,1.38426,1.38423,62,1780354259.008,USDCAD
61,2026-06-01 22:51:00,1.38424,1.38426,1.38428,1.38423,68,1780354319.034,USDCAD
61,2026-06-01 22:52:00,1.38426,1.38428,1.38428,1.38425,67,1780354379.093,USDCAD
61,2026-06-01 22:53:00,1.38428,1.38426,1.38428,1.38426,64,1780354439.021,USDCAD
61,2026-06-01 22:54:00,1.38426,1.38426,1.38427,1.38426,62,1780354499.094,USDCAD
61,2026-06-01 22:55:00,1.38426,1.38426,1.38428,1.38424,74,1780354559.015,USDCAD
61,2026-06-01 22:56:00,1.38426,1.38417,1.38426,1.38416,74,1780354619.093,USDCAD
61,2026-06-01 22:57:00,1.38417,1.38403,1.38417,1.38399,154,1780354679.727,USDCAD
61,2026-06-01 22:58:00,1.38403,1.38414,1.38417,1.38402,120,1780354739.005,USDCAD
61,2026-06-01 22:59:00,1.38414,1.38403,1.38416,1.38402,97,1780354799.031,USDCAD
61,2026-06-01 23:00:00,1.38403,1.38402,1.38407,1.38394,107,1780354859.031,USDCAD
61,2026-06-01 23:01:00,1.38402,1.38403,1.38407,1.38394,126,1780354919.094,USDCAD
61,2026-06-01 23:02:00,1.38403,1.38409,1.38413,1.384,99,1780354979.005,USDCAD
61,2026-06-01 23:03:00,1.38409,1.38406,1.38409,1.38405,73,1780355039.029,USDCAD
61,2026-06-01 23:04:00,1.38406,1.38414,1.38417,1.38406,154,1780355099.095,USDCAD
61,2026-06-01 23:05:00,1.38414,1.38416,1.38416,1.38414,64,1780355159.033,USDCAD
61,2026-06-01 23:06:00,1.38416,1.3841,1.38416,1.38407,73,1780355219.093,USDCAD
61,2026-06-01 23:07:00,1.3841,1.38411,1.38411,1.38409,68,1780355279.006,USDCAD
61,2026-06-01 23:08:00,1.38411,1.3841,1.38411,1.3841,65,1780355339.093,USDCAD
61,2026-06-01 23:09:00,1.3841,1.3841,1.38411,1.38408,70,1780355399.094,USDCAD
61,2026-06-01 23:10:00,1.3841,1.38411,1.38411,1.3841,61,1780355459.093,USDCAD
61,2026-06-01 23:11:00,1.38411,1.3841,1.38411,1.3841,67,1780355519.021,USDCAD
61,2026-06-01 23:12:00,1.3841,1.3841,1.38411,1.3841,61,1780355579.027,USDCAD
61,2026-06-01 23:13:00,1.3841,1.3841,1.38411,1.3841,83,1780355639.043,USDCAD
61,2026-06-01 23:14:00,1.3841,1.38411,1.38411,1.3841,62,1780355699.009,USDCAD
61,2026-06-01 23:15:00,1.38411,1.38412,1.38414,1.3841,87,1780355759.04,USDCAD
61,2026-06-01 23:16:00,1.38412,1.38411,1.38412,1.3841,58,1780355819.019,USDCAD
61,2026-06-01 23:17:00,1.38411,1.38411,1.38413,1.3841,76,1780355879.013,USDCAD
61,2026-06-01 23:18:00,1.38411,1.38411,1.38411,1.3841,60,1780355939.002,USDCAD
61,2026-06-01 23:19:00,1.38411,1.3841,1.38413,1.3841,60,1780355999.033,USDCAD
61,2026-06-01 23:20:00,1.3841,1.38413,1.38413,1.3841,66,1780356059.009,USDCAD
61,2026-06-01 23:21:00,1.38413,1.38412,1.38414,1.38411,64,1780356119.04,USDCAD
61,2026-06-01 23:22:00,1.38412,1.38414,1.38414,1.38412,71,1780356179.009,USDCAD
61,2026-06-01 23:23:00,1.38414,1.38414,1.38414,1.38413,65,1780356239.094,USDCAD
61,2026-06-01 23:24:00,1.38414,1.38413,1.38414,1.38413,61,1780356299.093,USDCAD
61,2026-06-01 23:25:00,1.38413,1.38409,1.38413,1.38407,79,1780356359.093,USDCAD
61,2026-06-01 23:26:00,1.38409,1.38408,1.38409,1.38407,65,1780356419.033,USDCAD
61,2026-06-01 23:27:00,1.38408,1.38407,1.38409,1.38407,63,1780356479.002,USDCAD
61,2026-06-01 23:28:00,1.38407,1.38407,1.38408,1.38407,65,1780356539.036,USDCAD
61,2026-06-01 23:29:00,1.38407,1.38408,1.38408,1.38406,58,1780356599.003,USDCAD
61,2026-06-01 23:30:00,1.38408,1.38408,1.38408,1.384,73,1780356659.036,USDCAD
61,2026-06-01 23:31:00,1.38408,1.38406,1.38408,1.38406,62,1780356719.493,USDCAD
61,2026-06-01 23:32:00,1.38406,1.38409,1.38409,1.38406,62,1780356779.018,USDCAD
61,2026-06-01 23:33:00,1.38409,1.38407,1.38409,1.38405,63,1780356839.037,USDCAD
61,2026-06-01 23:34:00,1.38407,1.38409,1.38409,1.38407,75,1780356899.293,USDCAD
61,2026-06-01 23:35:00,1.38409,1.38409,1.38409,1.38407,74,1780356959.095,USDCAD
61,2026-06-01 23:36:00,1.38409,1.38409,1.3841,1.38407,69,1780357019.01,USDCAD
61,2026-06-01 23:37:00,1.38409,1.38416,1.38416,1.38409,69,1780357079.033,USDCAD
61,2026-06-01 23:38:00,1.38416,1.38411,1.38416,1.38411,72,1780357139.009,USDCAD
61,2026-06-01 23:39:00,1.38413,1.3841,1.38414,1.38408,83,1780357199.029,USDCAD
61,2026-06-01 23:40:00,1.3841,1.38414,1.38414,1.3841,75,1780357259.042,USDCAD
61,2026-06-01 23:41:00,1.38414,1.38414,1.38414,1.38409,77,1780357319.028,USDCAD
61,2026-06-01 23:42:00,1.38414,1.38415,1.38416,1.38414,70,1780357379.038,USDCAD
61,2026-06-01 23:43:00,1.38415,1.38417,1.38417,1.38413,67,1780357439.024,USDCAD
61,2026-06-01 23:44:00,1.38417,1.38414,1.38417,1.38409,58,1780357498.092,USDCAD
61,2026-06-01 23:45:00,1.38414,1.38414,1.38416,1.38413,58,1780357558.019,USDCAD
61,2026-06-01 23:46:00,1.38414,1.38415,1.38416,1.38413,60,1780357618.043,USDCAD
61,2026-06-01 23:47:00,1.38415,1.38423,1.38424,1.38415,71,1780357679.012,USDCAD
61,2026-06-01 23:48:00,1.38423,1.38425,1.38425,1.38423,64,1780357738.092,USDCAD
61,2026-06-01 23:49:00,1.38425,1.38428,1.38428,1.38425,66,1780357799.021,USDCAD
61,2026-06-01 23:50:00,1.38428,1.38434,1.38434,1.38427,77,1780357859.033,USDCAD
61,2026-06-01 23:51:00,1.38434,1.38428,1.38434,1.38426,63,1780357919.007,USDCAD
61,2026-06-01 23:52:00,1.38428,1.38428,1.38428,1.38427,60,1780357979.028,USDCAD
61,2026-06-01 23:53:00,1.38428,1.38427,1.38428,1.38427,65,1780358039.003,USDCAD
61,2026-06-01 23:54:00,1.38427,1.38427,1.38428,1.38426,67,1780358099.007,USDCAD
61,2026-06-01 23:55:00,1.38427,1.38424,1.38428,1.38424,71,1780358159.994,USDCAD
61,2026-06-01 23:56:00,1.38425,1.38417,1.38426,1.38417,87,1780358219.093,USDCAD
61,2026-06-01 23:57:00,1.38417,1.38417,1.38418,1.38417,65,1780358279.016,USDCAD
61,2026-06-01 23:58:00,1.38417,1.38417,1.38418,1.38416,75,1780358339.0,USDCAD
61,2026-06-01 23:59:00,1.38417,1.38416,1.38418,1.38415,82,1780358399.993,USDCAD
61,2026-06-02 00:00:00,1.38415,1.38409,1.38417,1.38408,92,1780358459.018,USDCAD
61,2026-06-02 00:01:00,1.38409,1.38408,1.38409,1.38407,68,1780358519.094,USDCAD
61,2026-06-02 00:02:00,1.38408,1.3841,1.38414,1.38403,94,1780358579.933,USDCAD
61,2026-06-02 00:03:00,1.3841,1.38407,1.38414,1.38407,62,1780358639.041,USDCAD
61,2026-06-02 00:04:00,1.38407,1.38408,1.38409,1.38404,107,1780358699.894,USDCAD
61,2026-06-02 00:05:00,1.38408,1.38414,1.38417,1.38405,98,1780358759.093,USDCAD
61,2026-06-02 00:06:00,1.38414,1.3842,1.38421,1.38414,107,1780358819.029,USDCAD
61,2026-06-02 00:07:00,1.3842,1.38417,1.38423,1.38416,95,1780358879.036,USDCAD
61,2026-06-02 00:08:00,1.38417,1.38426,1.38428,1.38417,100,1780358939.008,USDCAD
61,2026-06-02 00:09:00,1.38426,1.38425,1.38428,1.38423,108,1780358999.024,USDCAD
61,2026-06-02 00:10:00,1.38425,1.38421,1.38425,1.38416,108,1780359059.017,USDCAD
61,2026-06-02 00:11:00,1.38421,1.38417,1.38421,1.38414,82,1780359119.794,USDCAD
61,2026-06-02 00:12:00,1.38417,1.38416,1.38418,1.38415,98,1780359179.0,USDCAD
61,2026-06-02 00:13:00,1.38416,1.38413,1.38416,1.3841,72,1780359239.033,USDCAD
61,2026-06-02 00:14:00,1.38413,1.38411,1.38414,1.38411,97,1780359299.093,USDCAD
61,2026-06-02 00:15:00,1.38411,1.3842,1.38424,1.38411,100,1780359359.493,USDCAD
61,2026-06-02 00:16:00,1.3842,1.38423,1.38428,1.3842,83,1780359419.035,USDCAD
61,2026-06-02 00:17:00,1.38423,1.38424,1.38425,1.38422,91,1780359479.042,USDCAD
61,2026-06-02 00:18:00,1.38424,1.38424,1.38425,1.38423,86,1780359539.024,USDCAD
61,2026-06-02 00:19:00,1.38424,1.38422,1.38425,1.38417,88,1780359599.007,USDCAD
61,2026-06-02 00:20:00,1.38422,1.38423,1.38424,1.38422,93,1780359659.034,USDCAD
61,2026-06-02 00:21:00,1.38423,1.38416,1.38424,1.38414,75,1780359719.014,USDCAD
61,2026-06-02 00:22:00,1.38416,1.38421,1.38421,1.38416,112,1780359779.034,USDCAD
61,2026-06-02 00:23:00,1.38421,1.38424,1.38424,1.3842,64,1780359839.013,USDCAD
61,2026-06-02 00:24:00,1.38424,1.38424,1.38428,1.38423,82,1780359899.51,USDCAD
61,2026-06-02 00:25:00,1.38424,1.38433,1.38434,1.38424,81,1780359959.031,USDCAD
61,2026-06-02 00:26:00,1.38433,1.38433,1.38434,1.38427,73,1780360019.606,USDCAD
61,2026-06-02 00:27:00,1.38433,1.38434,1.38434,1.38428,87,1780360079.014,USDCAD
61,2026-06-02 00:28:00,1.38434,1.38434,1.38434,1.38431,76,1780360139.042,USDCAD
61,2026-06-02 00:29:00,1.38434,1.38426,1.38434,1.38424,81,1780360199.093,USDCAD
61,2026-06-02 00:30:00,1.38426,1.38418,1.38434,1.38418,87,1780360259.037,USDCAD
61,2026-06-02 00:31:00,1.38418,1.38411,1.38418,1.38409,100,1780360319.745,USDCAD
61,2026-06-02 00:32:00,1.38411,1.38413,1.38414,1.38409,105,1780360379.01,USDCAD
61,2026-06-02 00:33:00,1.38413,1.38418,1.3842,1.38413,86,1780360439.093,USDCAD
61,2026-06-02 00:34:00,1.38418,1.38419,1.3842,1.38416,78,1780360499.02,USDCAD
61,2026-06-02 00:35:00,1.38419,1.38417,1.38421,1.38417,105,1780360559.025,USDCAD
61,2026-06-02 00:36:00,1.38417,1.38418,1.3842,1.38414,75,1780360619.993,USDCAD
61,2026-06-02 00:37:00,1.38418,1.38426,1.38426,1.38418,83,1780360679.095,USDCAD
61,2026-06-02 00:38:00,1.38426,1.38427,1.38429,1.38426,65,1780360739.035,USDCAD
61,2026-06-02 00:39:00,1.38427,1.38425,1.38427,1.38424,71,1780360799.002,USDCAD
61,2026-06-02 00:40:00,1.38425,1.38431,1.38433,1.38425,72,1780360859.015,USDCAD
61,2026-06-02 00:41:00,1.38431,1.38429,1.38434,1.38427,98,1780360919.094,USDCAD
61,2026-06-02 00:42:00,1.38429,1.38435,1.38439,1.38429,91,1780360979.095,USDCAD
61,2026-06-02 00:43:00,1.38435,1.38443,1.38444,1.38433,85,1780361039.016,USDCAD
61,2026-06-02 00:44:00,1.38443,1.38437,1.38443,1.38436,71,1780361099.041,USDCAD
61,2026-06-02 00:45:00,1.38437,1.38437,1.38439,1.38437,75,1780361159.014,USDCAD
61,2026-06-02 00:46:00,1.38437,1.38437,1.38438,1.38435,67,1780361219.016,USDCAD
61,2026-06-02 00:47:00,1.38437,1.38435,1.38437,1.38432,74,1780361279.094,USDCAD
61,2026-06-02 00:48:00,1.38435,1.38437,1.38438,1.38434,74,1780361339.024,USDCAD
61,2026-06-02 00:49:00,1.38437,1.38441,1.38442,1.38436,78,1780361399.093,USDCAD
61,2026-06-02 00:50:00,1.38441,1.38437,1.38444,1.38436,67,1780361458.038,USDCAD
61,2026-06-02 00:51:00,1.38437,1.38437,1.38438,1.38435,55,1780361519.002,USDCAD
61,2026-06-02 00:52:00,1.38437,1.38442,1.38443,1.38437,72,1780361578.023,USDCAD
61,2026-06-02 00:53:00,1.38442,1.38443,1.38445,1.38441,70,1780361639.093,USDCAD
61,2026-06-02 00:54:00,1.38443,1.38443,1.38446,1.38443,84,1780361699.193,USDCAD
61,2026-06-02 00:55:00,1.38443,1.38453,1.38455,1.38443,81,1780361759.092,USDCAD
61,2026-06-02 00:56:00,1.38453,1.3845,1.38453,1.38443,92,1780361819.692,USDCAD
61,2026-06-02 00:57:00,1.3845,1.38454,1.38454,1.38448,90,1780361879.034,USDCAD
61,2026-06-02 00:58:00,1.38454,1.38452,1.38456,1.3845,86,1780361939.632,USDCAD
61,2026-06-02 00:59:00,1.38452,1.3845,1.38456,1.38448,93,1780361999.034,USDCAD
61,2026-06-02 01:00:00,1.3845,1.38448,1.38451,1.38441,102,1780362059.007,USDCAD
61,2026-06-02 01:01:00,1.38448,1.38455,1.38458,1.38448,76,1780362119.013,USDCAD
61,2026-06-02 01:02:00,1.38455,1.38447,1.38462,1.38445,96,1780362179.593,USDCAD
61,2026-06-02 01:03:00,1.38447,1.3845,1.3845,1.38443,117,1780362239.093,USDCAD
61,2026-06-02 01:04:00,1.3845,1.38447,1.38451,1.38447,79,1780362299.793,USDCAD
61,2026-06-02 01:05:00,1.38447,1.3845,1.38451,1.38441,90,1780362359.02,USDCAD
61,2026-06-02 01:06:00,1.3845,1.38448,1.38451,1.38444,85,1780362419.034,USDCAD
61,2026-06-02 01:07:00,1.38448,1.38448,1.38448,1.38442,95,1780362479.092,USDCAD
61,2026-06-02 01:08:00,1.38448,1.38447,1.38449,1.38445,69,1780362539.293,USDCAD
61,2026-06-02 01:09:00,1.38447,1.38447,1.38449,1.38442,101,1780362599.018,USDCAD
61,2026-06-02 01:10:00,1.38447,1.38445,1.38448,1.38444,86,1780362659.745,USDCAD
61,2026-06-02 01:11:00,1.38445,1.38441,1.38448,1.3844,85,1780362719.011,USDCAD
61,2026-06-02 01:12:00,1.38441,1.38431,1.38441,1.3843,99,1780362779.02,USDCAD
61,2026-06-02 01:13:00,1.38431,1.38431,1.38433,1.38428,106,1780362839.131,USDCAD
61,2026-06-02 01:14:00,1.38431,1.38435,1.38436,1.38429,203,1780362899.093,USDCAD
61,2026-06-02 01:15:00,1.38435,1.38441,1.38443,1.38434,140,1780362959.494,USDCAD
61,2026-06-02 01:16:00,1.38441,1.38436,1.38448,1.38435,112,1780363019.506,USDCAD
61,2026-06-02 01:17:00,1.38436,1.38441,1.38441,1.38434,81,1780363079.832,USDCAD
61,2026-06-02 01:18:00,1.38442,1.38437,1.38443,1.38436,71,1780363139.012,USDCAD
61,2026-06-02 01:19:00,1.38437,1.38444,1.38445,1.38436,78,1780363199.034,USDCAD
61,2026-06-02 01:20:00,1.38444,1.38453,1.38454,1.38442,93,1780363259.806,USDCAD
61,2026-06-02 01:21:00,1.38453,1.38448,1.38453,1.38447,86,1780363319.001,USDCAD
61,2026-06-02 01:22:00,1.38447,1.38448,1.38449,1.38447,66,1780363379.032,USDCAD
61,2026-06-02 01:23:00,1.38448,1.3845,1.38452,1.38447,75,1780363439.011,USDCAD
61,2026-06-02 01:24:00,1.3845,1.38447,1.3845,1.38447,76,1780363499.044,USDCAD
61,2026-06-02 01:25:00,1.38447,1.38451,1.38453,1.38447,70,1780363559.093,USDCAD
61,2026-06-02 01:26:00,1.38451,1.38452,1.38453,1.38449,94,1780363619.018,USDCAD
61,2026-06-02 01:27:00,1.38452,1.38448,1.38453,1.38447,83,1780363679.993,USDCAD
61,2026-06-02 01:28:00,1.38448,1.38447,1.38448,1.38445,84,1780363739.426,USDCAD
61,2026-06-02 01:29:00,1.38447,1.3845,1.38456,1.38443,131,1780363799.005,USDCAD
61,2026-06-02 01:30:00,1.3845,1.38454,1.38455,1.38448,124,1780363859.928,USDCAD
61,2026-06-02 01:31:00,1.38454,1.38453,1.38455,1.3845,113,1780363919.039,USDCAD
61,2026-06-02 01:32:00,1.38453,1.3845,1.38453,1.38448,92,1780363979.011,USDCAD
61,2026-06-02 01:33:00,1.3845,1.3845,1.38453,1.38449,98,1780364039.041,USDCAD
61,2026-06-02 01:34:00,1.3845,1.3845,1.38454,1.38448,114,1780364099.017,USDCAD
61,2026-06-02 01:35:00,1.3845,1.38448,1.3845,1.38447,70,1780364159.038,USDCAD
61,2026-06-02 01:36:00,1.38448,1.3845,1.38451,1.38447,75,1780364219.893,USDCAD
61,2026-06-02 01:37:00,1.3845,1.38454,1.38457,1.38448,105,1780364279.0,USDCAD
61,2026-06-02 01:38:00,1.38454,1.38457,1.38457,1.38453,88,1780364339.038,USDCAD
61,2026-06-02 01:39:00,1.38458,1.38457,1.38461,1.38455,88,1780364399.094,USDCAD
61,2026-06-02 01:40:00,1.38458,1.38458,1.3846,1.38457,64,1780364459.02,USDCAD
61,2026-06-02 01:41:00,1.38458,1.38459,1.38461,1.38457,91,1780364519.091,USDCAD
61,2026-06-02 01:42:00,1.38459,1.3846,1.38462,1.38457,90,1780364579.038,USDCAD
61,2026-06-02 01:43:00,1.3846,1.38455,1.38463,1.38448,99,1780364639.093,USDCAD
61,2026-06-02 01:44:00,1.38455,1.38455,1.38457,1.38454,66,1780364699.04,USDCAD
61,2026-06-02 01:45:00,1.38455,1.3846,1.38463,1.38455,84,1780364759.033,USDCAD
61,2026-06-02 01:46:00,1.3846,1.38466,1.38468,1.38457,88,1780364819.041,USDCAD
61,2026-06-02 01:47:00,1.38466,1.38478,1.38482,1.38466,100,1780364879.023,USDCAD
61,2026-06-02 01:48:00,1.38478,1.38481,1.38481,1.38475,92,1780364939.394,USDCAD
61,2026-06-02 01:49:00,1.38481,1.38481,1.38483,1.38475,114,1780364999.393,USDCAD
61,2026-06-02 01:50:00,1.38481,1.38478,1.38481,1.38475,116,1780365059.03,USDCAD
61,2026-06-02 01:51:00,1.38478,1.38479,1.38484,1.38477,125,1780365119.492,USDCAD
61,2026-06-02 01:52:00,1.38479,1.38478,1.38484,1.38477,98,1780365179.017,USDCAD
61,2026-06-02 01:53:00,1.38478,1.38475,1.38479,1.38472,100,1780365239.042,USDCAD
61,2026-06-02 01:54:00,1.38475,1.3847,1.38475,1.3847,100,1780365299.594,USDCAD
61,2026-06-02 01:55:00,1.3847,1.38471,1.38472,1.3847,78,1780365359.003,USDCAD
61,2026-06-02 01:56:00,1.38471,1.3847,1.38471,1.38467,85,1780365419.693,USDCAD
61,2026-06-02 01:57:00,1.38471,1.38462,1.38472,1.38461,90,1780365479.004,USDCAD
61,2026-06-02 01:58:00,1.38462,1.38463,1.38464,1.38462,82,1780365539.015,USDCAD
61,2026-06-02 01:59:00,1.38463,1.38467,1.38468,1.38462,104,1780365599.892,USDCAD
61,2026-06-02 02:00:00,1.38467,1.3846,1.3847,1.38457,119,1780365659.892,USDCAD
61,2026-06-02 02:01:00,1.3846,1.38459,1.38462,1.38455,90,1780365718.046,USDCAD
61,2026-06-02 02:02:00,1.38459,1.38457,1.38462,1.38456,112,1780365779.036,USDCAD
61,2026-06-02 02:03:00,1.38457,1.38462,1.38462,1.38456,86,1780365839.011,USDCAD
61,2026-06-02 02:04:00,1.38462,1.38469,1.38471,1.38461,109,1780365899.994,USDCAD
61,2026-06-02 02:05:00,1.38469,1.3847,1.38474,1.38467,115,1780365959.013,USDCAD
61,2026-06-02 02:06:00,1.3847,1.3847,1.38472,1.38468,109,1780366019.792,USDCAD
61,2026-06-02 02:07:00,1.3847,1.38472,1.38472,1.38469,85,1780366079.01,USDCAD
61,2026-06-02 02:08:00,1.38472,1.38465,1.38475,1.38465,104,1780366139.195,USDCAD
61,2026-06-02 02:09:00,1.38465,1.3847,1.38471,1.38465,92,1780366199.043,USDCAD
61,2026-06-02 02:10:00,1.3847,1.38468,1.38472,1.38466,86,1780366259.001,USDCAD
61,2026-06-02 02:11:00,1.38468,1.38465,1.38469,1.38462,99,1780366319.092,USDCAD
61,2026-06-02 02:12:00,1.38465,1.38466,1.38468,1.38461,81,1780366379.927,USDCAD
61,2026-06-02 02:13:00,1.38466,1.38468,1.38477,1.38465,88,1780366439.038,USDCAD
61,2026-06-02 02:14:00,1.38468,1.38464,1.38469,1.38462,83,1780366499.21,USDCAD
61,2026-06-02 02:15:00,1.38464,1.38469,1.3847,1.38462,85,1780366559.793,USDCAD
61,2026-06-02 02:16:00,1.38469,1.38465,1.3847,1.38464,69,1780366619.195,USDCAD
61,2026-06-02 02:17:00,1.38465,1.38468,1.3847,1.38463,115,1780366679.014,USDCAD
61,2026-06-02 02:18:00,1.38468,1.38471,1.38474,1.38468,73,1780366739.038,USDCAD
61,2026-06-02 02:19:00,1.38471,1.38469,1.38472,1.38468,115,1780366799.893,USDCAD
61,2026-06-02 02:20:00,1.38469,1.3847,1.38471,1.38467,129,1780366859.011,USDCAD
61,2026-06-02 02:21:00,1.3847,1.3847,1.38472,1.38468,98,1780366919.894,USDCAD
61,2026-06-02 02:22:00,1.3847,1.3847,1.38471,1.38468,163,1780366979.907,USDCAD
61,2026-06-02 02:23:00,1.3847,1.38468,1.38471,1.38468,136,1780367039.026,USDCAD
61,2026-06-02 02:24:00,1.38468,1.38468,1.38471,1.38467,79,1780367099.008,USDCAD
61,2026-06-02 02:25:00,1.38468,1.38464,1.3847,1.38463,110,1780367159.294,USDCAD
61,2026-06-02 02:26:00,1.38464,1.38463,1.38465,1.38462,104,1780367219.493,USDCAD
61,2026-06-02 02:27:00,1.38463,1.38464,1.38464,1.38462,85,1780367279.042,USDCAD
61,2026-06-02 02:28:00,1.38464,1.38457,1.38464,1.38455,78,1780367339.027,USDCAD
61,2026-06-02 02:29:00,1.38457,1.38459,1.38461,1.38457,86,1780367399.095,USDCAD
61,2026-06-02 02:30:00,1.38459,1.3846,1.38462,1.38454,76,1780367459.027,USDCAD
61,2026-06-02 02:31:00,1.3846,1.38459,1.38461,1.38456,96,1780367519.793,USDCAD
61,2026-06-02 02:32:00,1.38459,1.38463,1.38465,1.38458,100,1780367579.012,USDCAD
61,2026-06-02 02:33:00,1.38463,1.38471,1.38471,1.38462,86,1780367639.094,USDCAD
61,2026-06-02 02:34:00,1.38471,1.38468,1.38472,1.38467,88,1780367699.013,USDCAD
61,2026-06-02 02:35:00,1.38468,1.3847,1.38471,1.38467,106,1780367759.042,USDCAD
61,2026-06-02 02:36:00,1.3847,1.3847,1.38471,1.38466,94,1780367819.294,USDCAD
61,2026-06-02 02:37:00,1.38471,1.38474,1.38475,1.3847,85,1780367879.043,USDCAD
61,2026-06-02 02:38:00,1.38474,1.3847,1.38475,1.3847,102,1780367939.005,USDCAD
61,2026-06-02 02:39:00,1.3847,1.3847,1.38471,1.38468,101,1780367999.428,USDCAD
61,2026-06-02 02:40:00,1.3847,1.38472,1.38475,1.3847,82,1780368059.094,USDCAD
61,2026-06-02 02:41:00,1.38472,1.38475,1.38475,1.38472,84,1780368119.016,USDCAD
61,2026-06-02 02:42:00,1.38475,1.38475,1.38477,1.38473,83,1780368179.023,USDCAD
61,2026-06-02 02:43:00,1.38475,1.38475,1.38476,1.38475,64,1780368239.017,USDCAD
61,2026-06-02 02:44:00,1.38475,1.38475,1.38476,1.38474,76,1780368299.044,USDCAD
61,2026-06-02 02:45:00,1.38475,1.38472,1.38477,1.38472,73,1780368359.006,USDCAD
61,2026-06-02 02:46:00,1.38472,1.38472,1.38477,1.38471,94,1780368419.018,USDCAD
61,2026-06-02 02:47:00,1.38472,1.3847,1.38474,1.3847,81,1780368479.094,USDCAD
61,2026-06-02 02:48:00,1.3847,1.38472,1.38475,1.3847,86,1780368539.02,USDCAD
61,2026-06-02 02:49:00,1.38474,1.38473,1.38477,1.38472,62,1780368599.027,USDCAD
61,2026-06-02 02:50:00,1.38473,1.38471,1.38475,1.38471,80,1780368659.011,USDCAD
61,2026-06-02 02:51:00,1.38471,1.38473,1.38473,1.38468,87,1780368719.394,USDCAD
61,2026-06-02 02:52:00,1.38472,1.3847,1.38473,1.3847,70,1780368779.093,USDCAD
61,2026-06-02 02:53:00,1.3847,1.3847,1.38471,1.38469,63,1780368839.004,USDCAD
61,2026-06-02 02:54:00,1.3847,1.38475,1.38476,1.3847,84,1780368899.494,USDCAD
61,2026-06-02 02:55:00,1.38475,1.38475,1.38476,1.38474,87,1780368959.045,USDCAD
61,2026-06-02 02:56:00,1.38474,1.38475,1.38477,1.38473,77,1780369019.038,USDCAD
61,2026-06-02 02:57:00,1.38475,1.38474,1.38476,1.38471,100,1780369079.893,USDCAD
61,2026-06-02 02:58:00,1.38474,1.38476,1.38476,1.38471,114,1780369139.0,USDCAD
61,2026-06-02 02:59:00,1.38476,1.38476,1.38478,1.38474,87,1780369199.519,USDCAD
61,2026-06-02 03:00:00,1.38476,1.38468,1.38476,1.38467,100,1780369259.533,USDCAD
61,2026-06-02 03:01:00,1.38468,1.38465,1.38468,1.38463,135,1780369319.042,USDCAD
61,2026-06-02 03:02:00,1.38465,1.38465,1.38468,1.38463,93,1780369379.013,USDCAD
61,2026-06-02 03:03:00,1.38465,1.38465,1.38465,1.38457,93,1780369439.041,USDCAD
61,2026-06-02 03:04:00,1.38465,1.38467,1.38467,1.38464,70,1780369499.015,USDCAD
61,2026-06-02 03:05:00,1.38467,1.38465,1.38467,1.38464,64,1780369558.029,USDCAD
61,2026-06-02 03:06:00,1.38465,1.38466,1.38467,1.38463,67,1780369618.043,USDCAD
61,2026-06-02 03:07:00,1.38466,1.38465,1.38466,1.38464,60,1780369679.093,USDCAD
61,2026-06-02 03:08:00,1.38465,1.38465,1.38466,1.38462,67,1780369739.002,USDCAD
61,2026-06-02 03:09:00,1.38465,1.38467,1.38468,1.38465,83,1780369799.032,USDCAD
61,2026-06-02 03:10:00,1.38467,1.38467,1.38467,1.38464,69,1780369859.034,USDCAD
61,2026-06-02 03:11:00,1.38467,1.38465,1.38468,1.38465,84,1780369919.013,USDCAD
61,2026-06-02 03:12:00,1.38465,1.38465,1.38467,1.38464,87,1780369979.039,USDCAD
61,2026-06-02 03:13:00,1.38465,1.38458,1.38465,1.38458,86,1780370039.194,USDCAD
61,2026-06-02 03:14:00,1.38458,1.38463,1.38463,1.38456,82,1780370099.293,USDCAD
61,2026-06-02 03:15:00,1.38463,1.38463,1.38465,1.3846,96,1780370159.694,USDCAD
61,2026-06-02 03:16:00,1.38463,1.3846,1.38464,1.38458,116,1780370219.493,USDCAD
61,2026-06-02 03:17:00,1.3846,1.38455,1.38462,1.38455,116,1780370279.015,USDCAD
61,2026-06-02 03:18:00,1.38455,1.38457,1.38457,1.38451,92,1780370339.02,USDCAD
61,2026-06-02 03:19:00,1.38457,1.38461,1.38464,1.38455,114,1780370399.034,USDCAD
61,2026-06-02 03:20:00,1.38461,1.38463,1.38465,1.38461,98,1780370459.093,USDCAD
61,2026-06-02 03:21:00,1.38463,1.3847,1.3847,1.38463,88,1780370519.02,USDCAD
61,2026-06-02 03:22:00,1.3847,1.38463,1.3847,1.38463,85,1780370579.893,USDCAD
61,2026-06-02 03:23:00,1.38463,1.38463,1.38465,1.38462,87,1780370639.007,USDCAD
61,2026-06-02 03:24:00,1.38463,1.38458,1.38465,1.38456,71,1780370699.017,USDCAD
61,2026-06-02 03:25:00,1.38458,1.38455,1.38462,1.38455,94,1780370759.032,USDCAD
61,2026-06-02 03:26:00,1.38455,1.38454,1.38457,1.38454,65,1780370819.003,USDCAD
61,2026-06-02 03:27:00,1.38454,1.38457,1.38458,1.38454,82,1780370879.018,USDCAD
61,2026-06-02 03:28:00,1.38457,1.38455,1.38457,1.38454,65,1780370939.035,USDCAD
61,2026-06-02 03:29:00,1.38455,1.38454,1.38456,1.38453,82,1780370999.014,USDCAD
61,2026-06-02 03:30:00,1.38454,1.38456,1.38456,1.38454,89,1780371059.039,USDCAD
61,2026-06-02 03:31:00,1.38456,1.38455,1.38456,1.38454,87,1780371119.001,USDCAD
61,2026-06-02 03:32:00,1.38455,1.38448,1.38455,1.38445,126,1780371179.022,USDCAD
61,2026-06-02 03:33:00,1.38448,1.38451,1.38454,1.38448,92,1780371239.021,USDCAD
61,2026-06-02 03:34:00,1.38451,1.38457,1.38457,1.38451,118,1780371299.029,USDCAD
61,2026-06-02 03:35:00,1.38457,1.38457,1.38457,1.38455,74,1780371359.741,USDCAD
61,2026-06-02 03:36:00,1.38457,1.38457,1.38464,1.38455,75,1780371419.035,USDCAD
61,2026-06-02 03:37:00,1.38457,1.38457,1.38457,1.38455,69,1780371479.008,USDCAD
61,2026-06-02 03:38:00,1.38457,1.38455,1.38457,1.38455,64,1780371539.032,USDCAD
61,2026-06-02 03:39:00,1.38455,1.38456,1.38456,1.38455,61,1780371599.393,USDCAD
61,2026-06-02 03:40:00,1.38456,1.38456,1.38457,1.38455,68,1780371659.01,USDCAD
61,2026-06-02 03:41:00,1.38456,1.38455,1.38456,1.38452,69,1780371719.029,USDCAD
61,2026-06-02 03:42:00,1.38455,1.38457,1.38457,1.38454,71,1780371779.032,USDCAD
61,2026-06-02 03:43:00,1.38457,1.38457,1.38458,1.38455,80,1780371839.092,USDCAD
61,2026-06-02 03:44:00,1.38457,1.38461,1.38461,1.38457,77,1780371899.094,USDCAD
61,2026-06-02 03:45:00,1.38461,1.38461,1.38462,1.38459,92,1780371959.993,USDCAD
61,2026-06-02 03:46:00,1.38461,1.38461,1.38464,1.38461,145,1780372019.893,USDCAD
61,2026-06-02 03:47:00,1.38461,1.38453,1.38464,1.3845,104,1780372079.905,USDCAD
61,2026-06-02 03:48:00,1.38454,1.38454,1.38456,1.38452,92,1780372139.035,USDCAD
61,2026-06-02 03:49:00,1.38454,1.38452,1.38455,1.38451,111,1780372199.006,USDCAD
61,2026-06-02 03:50:00,1.38452,1.38453,1.38455,1.38452,77,1780372259.03,USDCAD
61,2026-06-02 03:51:00,1.38453,1.38454,1.38455,1.38451,84,1780372319.015,USDCAD
61,2026-06-02 03:52:00,1.38454,1.38456,1.38457,1.38454,79,1780372379.093,USDCAD
61,2026-06-02 03:53:00,1.38456,1.38464,1.38464,1.38456,89,1780372439.013,USDCAD
61,2026-06-02 03:54:00,1.38464,1.38461,1.38464,1.3846,78,1780372499.093,USDCAD
61,2026-06-02 03:55:00,1.38461,1.3846,1.38461,1.38456,81,1780372559.095,USDCAD
61,2026-06-02 03:56:00,1.3846,1.38463,1.38464,1.38459,77,1780372619.991,USDCAD
61,2026-06-02 03:57:00,1.38463,1.38456,1.38463,1.38456,73,1780372679.01,USDCAD
61,2026-06-02 03:58:00,1.38456,1.38453,1.38456,1.3845,157,1780372739.692,USDCAD
61,2026-06-02 03:59:00,1.38453,1.38447,1.38453,1.38445,82,1780372799.036,USDCAD
61,2026-06-02 04:00:00,1.38447,1.3845,1.38451,1.38447,100,1780372859.026,USDCAD
61,2026-06-02 04:01:00,1.3845,1.38448,1.38455,1.38447,99,1780372919.008,USDCAD
61,2026-06-02 04:02:00,1.38448,1.38448,1.38448,1.38445,66,1780372979.022,USDCAD
61,2026-06-02 04:03:00,1.38448,1.38453,1.38455,1.38448,80,1780373039.041,USDCAD
61,2026-06-02 04:04:00,1.38453,1.38453,1.38455,1.38451,64,1780373099.009,USDCAD
61,2026-06-02 04:05:00,1.38453,1.38457,1.38457,1.38448,71,1780373159.492,USDCAD
61,2026-06-02 04:06:00,1.38457,1.38454,1.38457,1.38453,72,1780373219.027,USDCAD
61,2026-06-02 04:07:00,1.38454,1.38455,1.38455,1.38454,61,1780373279.008,USDCAD
61,2026-06-02 04:08:00,1.38455,1.38455,1.38456,1.38454,68,1780373339.026,USDCAD
61,2026-06-02 04:09:00,1.38455,1.38455,1.38457,1.38454,65,1780373399.004,USDCAD
61,2026-06-02 04:10:00,1.38455,1.38453,1.38456,1.38453,76,1780373459.803,USDCAD
61,2026-06-02 04:11:00,1.38453,1.38453,1.38455,1.38453,87,1780373519.041,USDCAD
61,2026-06-02 04:12:00,1.38453,1.38455,1.38455,1.38451,101,1780373579.031,USDCAD
61,2026-06-02 04:13:00,1.38455,1.38455,1.38457,1.38453,65,1780373638.708,USDCAD
61,2026-06-02 04:14:00,1.38455,1.38455,1.38461,1.38455,74,1780373699.222,USDCAD
61,2026-06-02 04:15:00,1.38455,1.38452,1.38456,1.3845,77,1780373759.293,USDCAD
61,2026-06-02 04:16:00,1.38452,1.3845,1.38452,1.38447,95,1780373819.019,USDCAD
61,2026-06-02 04:17:00,1.3845,1.38447,1.38451,1.38446,86,1780373879.002,USDCAD
61,2026-06-02 04:18:00,1.38447,1.38447,1.3845,1.38445,83,1780373939.031,USDCAD
61,2026-06-02 04:19:00,1.38447,1.38454,1.38454,1.38446,86,1780373999.998,USDCAD
61,2026-06-02 04:20:00,1.38453,1.38451,1.38454,1.38447,81,1780374059.742,USDCAD
61,2026-06-02 04:21:00,1.3845,1.38453,1.38454,1.38448,76,1780374119.593,USDCAD
61,2026-06-02 04:22:00,1.38453,1.3845,1.38453,1.38448,92,1780374179.03,USDCAD
61,2026-06-02 04:23:00,1.3845,1.3845,1.38453,1.38448,77,1780374239.092,USDCAD
61,2026-06-02 04:24:00,1.3845,1.38453,1.38455,1.3845,109,1780374299.592,USDCAD
61,2026-06-02 04:25:00,1.38453,1.3845,1.38454,1.38448,88,1780374359.294,USDCAD
61,2026-06-02 04:26:00,1.3845,1.38454,1.38455,1.3845,89,1780374419.009,USDCAD
61,2026-06-02 04:27:00,1.38454,1.38456,1.38457,1.38454,69,1780374479.043,USDCAD
61,2026-06-02 04:28:00,1.38456,1.38457,1.3846,1.38456,95,1780374539.027,USDCAD
61,2026-06-02 04:29:00,1.38457,1.38458,1.38458,1.38455,70,1780374599.008,USDCAD
61,2026-06-02 04:30:00,1.38459,1.38455,1.3846,1.38453,91,1780374659.041,USDCAD
61,2026-06-02 04:31:00,1.38455,1.38455,1.38457,1.38454,74,1780374719.003,USDCAD
61,2026-06-02 04:32:00,1.38455,1.38457,1.38458,1.38455,66,1780374779.041,USDCAD
61,2026-06-02 04:33:00,1.38457,1.38457,1.38457,1.38455,59,1780374839.019,USDCAD
61,2026-06-02 04:34:00,1.38457,1.38455,1.38457,1.38453,65,1780374899.094,USDCAD
61,2026-06-02 04:35:00,1.38455,1.38457,1.38457,1.38451,81,1780374959.594,USDCAD
61,2026-06-02 04:36:00,1.38457,1.3845,1.38457,1.38446,97,1780375019.002,USDCAD
61,2026-06-02 04:37:00,1.3845,1.38451,1.38453,1.3845,107,1780375079.028,USDCAD
61,2026-06-02 04:38:00,1.38451,1.38455,1.38456,1.38451,71,1780375139.043,USDCAD
61,2026-06-02 04:39:00,1.38455,1.3845,1.38455,1.38449,73,1780375199.294,USDCAD
61,2026-06-02 04:40:00,1.3845,1.3845,1.38453,1.3845,116,1780375259.693,USDCAD
61,2026-06-02 04:41:00,1.3845,1.38448,1.38452,1.38448,88,1780375319.017,USDCAD
61,2026-06-02 04:42:00,1.38448,1.38449,1.3845,1.38448,92,1780375379.993,USDCAD
61,2026-06-02 04:43:00,1.3845,1.3845,1.38451,1.38448,120,1780375439.01,USDCAD
61,2026-06-02 04:44:00,1.3845,1.3845,1.3845,1.38449,70,1780375499.034,USDCAD
61,2026-06-02 04:45:00,1.3845,1.3845,1.3845,1.38449,62,1780375559.01,USDCAD
61,2026-06-02 04:46:00,1.3845,1.38455,1.38457,1.3845,84,1780375619.02,USDCAD
61,2026-06-02 04:47:00,1.38455,1.3845,1.38455,1.3845,91,1780375679.994,USDCAD
61,2026-06-02 04:48:00,1.3845,1.3845,1.3845,1.38448,70,1780375739.993,USDCAD
61,2026-06-02 04:49:00,1.3845,1.38452,1.38453,1.38448,87,1780375799.017,USDCAD
61,2026-06-02 04:50:00,1.38452,1.3845,1.38455,1.38448,98,1780375859.026,USDCAD
61,2026-06-02 04:51:00,1.3845,1.3845,1.38454,1.38448,83,1780375919.012,USDCAD
61,2026-06-02 04:52:00,1.3845,1.38449,1.3845,1.38448,68,1780375979.003,USDCAD
61,2026-06-02 04:53:00,1.38449,1.3845,1.3845,1.38447,73,1780376039.036,USDCAD
61,2026-06-02 04:54:00,1.3845,1.38452,1.38452,1.38448,83,1780376099.004,USDCAD
61,2026-06-02 04:55:00,1.38452,1.38449,1.38453,1.38449,85,1780376159.094,USDCAD
61,2026-06-02 04:56:00,1.38449,1.3845,1.38453,1.38449,82,1780376219.018,USDCAD
61,2026-06-02 04:57:00,1.3845,1.38448,1.38453,1.38447,79,1780376279.041,USDCAD
61,2026-06-02 04:58:00,1.38448,1.38446,1.38448,1.38443,83,1780376339.726,USDCAD
61,2026-06-02 04:59:00,1.38446,1.38446,1.38448,1.38444,85,1780376399.041,USDCAD
61,2026-06-02 05:00:00,1.38447,1.3844,1.38447,1.38436,117,1780376459.294,USDCAD
61,2026-06-02 05:01:00,1.3844,1.38438,1.38441,1.38437,103,1780376519.592,USDCAD
61,2026-06-02 05:02:00,1.38438,1.38445,1.38447,1.38438,86,1780376579.093,USDCAD
61,2026-06-02 05:03:00,1.38445,1.38444,1.38447,1.38443,79,1780376639.012,USDCAD
61,2026-06-02 05:04:00,1.38444,1.38444,1.38447,1.38444,77,1780376699.093,USDCAD
61,2026-06-02 05:05:00,1.38444,1.38443,1.38446,1.38442,71,1780376759.594,USDCAD
61,2026-06-02 05:06:00,1.38443,1.38446,1.38447,1.38442,75,1780376819.993,USDCAD
61,2026-06-02 05:07:00,1.38446,1.38447,1.38447,1.38444,75,1780376879.293,USDCAD
61,2026-06-02 05:08:00,1.38447,1.38444,1.38448,1.38444,86,1780376939.016,USDCAD
61,2026-06-02 05:09:00,1.38444,1.38445,1.38447,1.38444,73,1780376999.913,USDCAD
61,2026-06-02 05:10:00,1.38446,1.38446,1.38448,1.38445,93,1780377059.023,USDCAD
61,2026-06-02 05:11:00,1.38447,1.38447,1.38448,1.38445,80,1780377119.718,USDCAD
61,2026-06-02 05:12:00,1.38447,1.38447,1.38448,1.38444,114,1780377179.038,USDCAD
61,2026-06-02 05:13:00,1.38447,1.3844,1.38448,1.38438,123,1780377239.025,USDCAD
61,2026-06-02 05:14:00,1.3844,1.3844,1.38441,1.38436,120,1780377299.047,USDCAD
61,2026-06-02 05:15:00,1.3844,1.38441,1.38441,1.38437,103,1780377359.015,USDCAD
61,2026-06-02 05:16:00,1.38441,1.38436,1.38441,1.38436,74,1780377419.044,USDCAD
61,2026-06-02 05:17:00,1.38436,1.38441,1.38443,1.38436,84,1780377479.012,USDCAD
61,2026-06-02 05:18:00,1.38441,1.3843,1.38441,1.38429,97,1780377539.597,USDCAD
61,2026-06-02 05:19:00,1.3843,1.38438,1.38443,1.38429,136,1780377599.027,USDCAD
61,2026-06-02 05:20:00,1.38438,1.38441,1.38443,1.38437,84,1780377658.093,USDCAD
61,2026-06-02 05:21:00,1.38441,1.38438,1.38443,1.38436,87,1780377719.894,USDCAD
61,2026-06-02 05:22:00,1.38438,1.3844,1.3844,1.38436,91,1780377779.093,USDCAD
61,2026-06-02 05:23:00,1.3844,1.38433,1.3844,1.38433,77,1780377839.001,USDCAD
61,2026-06-02 05:24:00,1.38433,1.38434,1.38436,1.38431,89,1780377899.996,USDCAD
61,2026-06-02 05:25:00,1.38434,1.38429,1.38435,1.38428,88,1780377959.519,USDCAD
61,2026-06-02 05:26:00,1.38429,1.38429,1.38431,1.38428,86,1780378019.022,USDCAD
61,2026-06-02 05:27:00,1.38429,1.38429,1.3843,1.38428,76,1780378079.043,USDCAD
61,2026-06-02 05:28:00,1.38429,1.38434,1.38434,1.38428,94,1780378139.02,USDCAD
61,2026-06-02 05:29:00,1.38434,1.38436,1.38437,1.3843,92,1780378199.039,USDCAD
61,2026-06-02 05:30:00,1.38436,1.3843,1.38436,1.38427,96,1780378259.0,USDCAD
61,2026-06-02 05:31:00,1.3843,1.3843,1.38433,1.38428,100,1780378319.316,USDCAD
61,2026-06-02 05:32:00,1.3843,1.38441,1.38441,1.38428,121,1780378379.62,USDCAD
61,2026-06-02 05:33:00,1.38441,1.3844,1.38445,1.38437,85,1780378439.094,USDCAD
61,2026-06-02 05:34:00,1.3844,1.38438,1.38441,1.38436,93,1780378499.91,USDCAD
61,2026-06-02 05:35:00,1.38437,1.38436,1.38438,1.38436,72,1780378559.094,USDCAD
61,2026-06-02 05:36:00,1.38436,1.38437,1.38437,1.38434,73,1780378619.019,USDCAD
61,2026-06-02 05:37:00,1.38437,1.3844,1.3844,1.38436,57,1780378679.032,USDCAD
61,2026-06-02 05:38:00,1.3844,1.38442,1.38444,1.38439,91,1780378739.014,USDCAD
61,2026-06-02 05:39:00,1.38442,1.38444,1.38447,1.38442,66,1780378799.093,USDCAD
61,2026-06-02 05:40:00,1.38444,1.38445,1.38447,1.38444,77,1780378859.393,USDCAD
61,2026-06-02 05:41:00,1.38445,1.38444,1.38447,1.38443,82,1780378919.999,USDCAD
61,2026-06-02 05:42:00,1.38444,1.38444,1.38447,1.38444,101,1780378979.832,USDCAD
61,2026-06-02 05:43:00,1.38443,1.38446,1.38447,1.38443,70,1780379039.001,USDCAD
61,2026-06-02 05:44:00,1.38446,1.38447,1.38448,1.38445,80,1780379099.031,USDCAD
61,2026-06-02 05:45:00,1.38447,1.3845,1.38454,1.38446,78,1780379159.038,USDCAD
61,2026-06-02 05:46:00,1.3845,1.38448,1.3845,1.38448,82,1780379219.007,USDCAD
61,2026-06-02 05:47:00,1.38448,1.38456,1.38457,1.38448,92,1780379279.316,USDCAD
61,2026-06-02 05:48:00,1.38456,1.38457,1.38457,1.38455,106,1780379339.095,USDCAD
61,2026-06-02 05:49:00,1.38457,1.38455,1.3846,1.38454,84,1780379399.019,USDCAD
61,2026-06-02 05:50:00,1.38455,1.38457,1.38457,1.38455,70,1780379459.009,USDCAD
61,2026-06-02 05:51:00,1.38457,1.38458,1.38461,1.38456,86,1780379519.039,USDCAD
61,2026-06-02 05:52:00,1.38458,1.38456,1.38458,1.38455,72,1780379579.294,USDCAD
61,2026-06-02 05:53:00,1.38456,1.38457,1.38457,1.38454,66,1780379639.094,USDCAD
61,2026-06-02 05:54:00,1.38457,1.38456,1.38457,1.38455,67,1780379699.693,USDCAD
61,2026-06-02 05:55:00,1.38456,1.38455,1.38457,1.38454,66,1780379759.032,USDCAD
61,2026-06-02 05:56:00,1.38455,1.38455,1.38456,1.38453,76,1780379819.012,USDCAD
61,2026-06-02 05:57:00,1.38455,1.38457,1.38458,1.38453,85,1780379879.093,USDCAD
61,2026-06-02 05:58:00,1.38457,1.38457,1.3846,1.38455,66,1780379939.019,USDCAD
61,2026-06-02 05:59:00,1.38457,1.3846,1.38461,1.38457,81,1780379999.294,USDCAD
61,2026-06-02 06:00:00,1.3846,1.3846,1.38465,1.38457,134,1780380059.41,USDCAD
61,2026-06-02 06:01:00,1.3846,1.38464,1.38465,1.38458,103,1780380119.031,USDCAD
61,2026-06-02 06:02:00,1.38464,1.38468,1.38468,1.38464,87,1780380179.994,USDCAD
61,2026-06-02 06:03:00,1.38468,1.38465,1.38469,1.38465,91,1780380239.094,USDCAD
61,2026-06-02 06:04:00,1.38465,1.38461,1.38466,1.38457,87,1780380299.022,USDCAD
61,2026-06-02 06:05:00,1.38461,1.38463,1.38465,1.38456,108,1780380359.04,USDCAD
61,2026-06-02 06:06:00,1.38463,1.38452,1.38464,1.38447,102,1780380419.614,USDCAD
61,2026-06-02 06:07:00,1.38452,1.38447,1.38453,1.38443,111,1780380479.035,USDCAD
61,2026-06-02 06:08:00,1.38447,1.38445,1.38453,1.38444,102,1780380539.041,USDCAD
61,2026-06-02 06:09:00,1.38445,1.38445,1.38445,1.3844,87,1780380599.802,USDCAD
61,2026-06-02 06:10:00,1.38444,1.38442,1.38445,1.38438,112,1780380659.242,USDCAD
61,2026-06-02 06:11:00,1.38442,1.38426,1.38442,1.38418,134,1780380719.015,USDCAD
61,2026-06-02 06:12:00,1.38426,1.38404,1.38427,1.38401,120,1780380779.594,USDCAD
61,2026-06-02 06:13:00,1.38404,1.38416,1.38416,1.38404,114,1780380839.03,USDCAD
61,2026-06-02 06:14:00,1.38416,1.38416,1.3842,1.38413,95,1780380899.016,USDCAD
61,2026-06-02 06:15:00,1.38416,1.38408,1.3842,1.38408,113,1780380959.693,USDCAD
61,2026-06-02 06:16:00,1.38408,1.3841,1.38415,1.38406,135,1780381019.0,USDCAD
61,2026-06-02 06:17:00,1.3841,1.38418,1.38418,1.38409,108,1780381079.041,USDCAD
61,2026-06-02 06:18:00,1.38418,1.38424,1.38425,1.38415,98,1780381139.009,USDCAD
61,2026-06-02 06:19:00,1.38424,1.38426,1.38427,1.38423,96,1780381199.032,USDCAD
61,2026-06-02 06:20:00,1.38426,1.38423,1.38428,1.38422,116,1780381259.994,USDCAD
61,2026-06-02 06:21:00,1.38423,1.38411,1.38423,1.38409,191,1780381319.938,USDCAD
61,2026-06-02 06:22:00,1.38411,1.38416,1.38417,1.3841,90,1780381379.006,USDCAD
61,2026-06-02 06:23:00,1.38416,1.38411,1.38416,1.38408,100,1780381439.594,USDCAD
61,2026-06-02 06:24:00,1.38411,1.38414,1.38416,1.38411,83,1780381499.494,USDCAD
61,2026-06-02 06:25:00,1.38414,1.38402,1.38416,1.38395,120,1780381559.813,USDCAD
61,2026-06-02 06:26:00,1.38402,1.38396,1.38407,1.38395,134,1780381619.013,USDCAD
61,2026-06-02 06:27:00,1.38396,1.38395,1.38399,1.3839,114,1780381679.595,USDCAD
61,2026-06-02 06:28:00,1.38395,1.38404,1.38406,1.38394,106,1780381739.101,USDCAD
61,2026-06-02 06:29:00,1.38404,1.38396,1.38406,1.38396,130,1780381799.01,USDCAD
61,2026-06-02 06:30:00,1.38396,1.38392,1.384,1.3839,136,1780381859.43,USDCAD
61,2026-06-02 06:31:00,1.38392,1.38384,1.38395,1.38384,199,1780381919.394,USDCAD
61,2026-06-02 06:32:00,1.38384,1.38378,1.3839,1.38378,149,1780381979.71,USDCAD
61,2026-06-02 06:33:00,1.38378,1.38372,1.38379,1.38368,145,1780382039.994,USDCAD
61,2026-06-02 06:34:00,1.38372,1.38375,1.38377,1.3837,109,1780382099.593,USDCAD
61,2026-06-02 06:35:00,1.38375,1.38375,1.38384,1.38369,155,1780382159.994,USDCAD
61,2026-06-02 06:36:00,1.38374,1.38379,1.38382,1.38374,130,1780382219.036,USDCAD
61,2026-06-02 06:37:00,1.38379,1.3839,1.38397,1.38378,152,1780382279.897,USDCAD
61,2026-06-02 06:38:00,1.3839,1.3836,1.38392,1.3836,183,1780382339.008,USDCAD
61,2026-06-02 06:39:00,1.3836,1.38365,1.38367,1.38357,111,1780382399.018,USDCAD
61,2026-06-02 06:40:00,1.38365,1.38359,1.38366,1.38357,146,1780382459.713,USDCAD
61,2026-06-02 06:41:00,1.38359,1.38375,1.38375,1.38358,144,1780382519.712,USDCAD
61,2026-06-02 06:42:00,1.38375,1.38381,1.38384,1.38375,175,1780382579.923,USDCAD
61,2026-06-02 06:43:00,1.38381,1.38367,1.38382,1.38367,112,1780382639.04,USDCAD
61,2026-06-02 06:44:00,1.38369,1.38385,1.38385,1.38367,123,1780382699.093,USDCAD
61,2026-06-02 06:45:00,1.38385,1.38379,1.38387,1.38376,110,1780382759.02,USDCAD
61,2026-06-02 06:46:00,1.38379,1.38387,1.38388,1.38376,98,1780382819.008,USDCAD
61,2026-06-02 06:47:00,1.38387,1.38376,1.38388,1.38374,96,1780382879.038,USDCAD
61,2026-06-02 06:48:00,1.38376,1.3838,1.3838,1.38372,104,1780382939.703,USDCAD
61,2026-06-02 06:49:00,1.3838,1.3838,1.38382,1.38375,102,1780382999.032,USDCAD
61,2026-06-02 06:50:00,1.3838,1.38386,1.38388,1.38378,146,1780383059.909,USDCAD
61,2026-06-02 06:51:00,1.38386,1.38394,1.38397,1.38385,109,1780383119.007,USDCAD
61,2026-06-02 06:52:00,1.38394,1.38396,1.38397,1.38394,68,1780383179.007,USDCAD
61,2026-06-02 06:53:00,1.38396,1.38375,1.38396,1.38375,98,1780383239.993,USDCAD
61,2026-06-02 06:54:00,1.38376,1.38382,1.38383,1.38373,108,1780383299.792,USDCAD
61,2026-06-02 06:55:00,1.38382,1.38377,1.38384,1.38377,123,1780383359.792,USDCAD
61,2026-06-02 06:56:00,1.38379,1.38375,1.38379,1.38372,138,1780383419.893,USDCAD
61,2026-06-02 06:57:00,1.38374,1.3837,1.38375,1.38369,117,1780383479.094,USDCAD
61,2026-06-02 06:58:00,1.3837,1.38367,1.3837,1.38362,105,1780383539.093,USDCAD
61,2026-06-02 06:59:00,1.38367,1.38373,1.38375,1.38366,106,1780383599.995,USDCAD
61,2026-06-02 07:00:00,1.38373,1.38367,1.38379,1.38367,164,1780383659.593,USDCAD
61,2026-06-02 07:01:00,1.38367,1.38367,1.3837,1.38365,129,1780383719.009,USDCAD
61,2026-06-02 07:02:00,1.38367,1.38378,1.3838,1.38367,123,1780383779.032,USDCAD
61,2026-06-02 07:03:00,1.38377,1.38393,1.38394,1.38376,170,1780383839.693,USDCAD
61,2026-06-02 07:04:00,1.38393,1.38378,1.38393,1.38375,130,1780383899.898,USDCAD
61,2026-06-02 07:05:00,1.38378,1.38369,1.38379,1.38366,125,1780383959.894,USDCAD
61,2026-06-02 07:06:00,1.38369,1.38377,1.38379,1.38368,154,1780384019.996,USDCAD
61,2026-06-02 07:07:00,1.38376,1.3837,1.38381,1.38367,183,1780384079.494,USDCAD
61,2026-06-02 07:08:00,1.3837,1.38368,1.38381,1.38368,148,1780384139.022,USDCAD
61,2026-06-02 07:09:00,1.38368,1.38363,1.38371,1.3836,129,1780384199.094,USDCAD
61,2026-06-02 07:10:00,1.38363,1.38363,1.38368,1.3836,111,1780384259.393,USDCAD
61,2026-06-02 07:11:00,1.38363,1.38366,1.38367,1.38356,106,1780384319.893,USDCAD
61,2026-06-02 07:12:00,1.38367,1.38366,1.38369,1.38365,91,1780384379.095,USDCAD
61,2026-06-02 07:13:00,1.38366,1.38373,1.38375,1.38365,128,1780384439.993,USDCAD
61,2026-06-02 07:14:00,1.38373,1.38358,1.38377,1.38357,134,1780384499.793,USDCAD
61,2026-06-02 07:15:00,1.38358,1.38357,1.38363,1.38356,126,1780384559.294,USDCAD
61,2026-06-02 07:16:00,1.38357,1.38363,1.38367,1.38356,157,1780384619.027,USDCAD
61,2026-06-02 07:17:00,1.38363,1.38362,1.38367,1.3836,148,1780384679.042,USDCAD
61,2026-06-02 07:18:00,1.38362,1.38379,1.38381,1.38361,127,1780384739.693,USDCAD
61,2026-06-02 07:19:00,1.38379,1.38389,1.3839,1.38379,137,1780384799.736,USDCAD
61,2026-06-02 07:20:00,1.38389,1.38387,1.38389,1.38377,105,1780384859.008,USDCAD
61,2026-06-02 07:21:00,1.38387,1.38392,1.38394,1.38386,136,1780384919.0,USDCAD
61,2026-06-02 07:22:00,1.38392,1.38395,1.38402,1.38391,111,1780384979.034,USDCAD
61,2026-06-02 07:23:00,1.38395,1.38384,1.38395,1.38382,85,1780385039.006,USDCAD
61,2026-06-02 07:24:00,1.38384,1.38385,1.38387,1.38376,145,1780385099.032,USDCAD
61,2026-06-02 07:25:00,1.38385,1.38414,1.38416,1.38384,156,1780385159.011,USDCAD
61,2026-06-02 07:26:00,1.38414,1.38403,1.38414,1.384,119,1780385219.013,USDCAD
61,2026-06-02 07:27:00,1.38403,1.38405,1.38406,1.38403,88,1780385279.037,USDCAD
61,2026-06-02 07:28:00,1.38405,1.38405,1.38407,1.384,115,1780385339.041,USDCAD
61,2026-06-02 07:29:00,1.38405,1.38405,1.38407,1.38401,101,1780385399.01,USDCAD
61,2026-06-02 07:30:00,1.38405,1.38411,1.38412,1.38405,123,1780385459.192,USDCAD
61,2026-06-02 07:31:00,1.38411,1.38388,1.38415,1.38387,160,1780385519.095,USDCAD
61,2026-06-02 07:32:00,1.38388,1.3839,1.38396,1.38386,134,1780385579.019,USDCAD
61,2026-06-02 07:33:00,1.3839,1.38386,1.38393,1.38385,102,1780385639.026,USDCAD
61,2026-06-02 07:34:00,1.38386,1.38387,1.38389,1.38384,90,1780385699.793,USDCAD
61,2026-06-02 07:35:00,1.38386,1.38385,1.38388,1.38383,91,1780385759.037,USDCAD
61,2026-06-02 07:36:00,1.38385,1.38385,1.38387,1.38383,63,1780385818.093,USDCAD
61,2026-06-02 07:37:00,1.38385,1.38382,1.38386,1.38378,113,1780385878.728,USDCAD
61,2026-06-02 07:38:00,1.38383,1.38379,1.38385,1.38377,94,1780385939.093,USDCAD
61,2026-06-02 07:39:00,1.38379,1.38382,1.38384,1.38379,83,1780385999.035,USDCAD
61,2026-06-02 07:40:00,1.38382,1.3838,1.38383,1.38378,96,1780386059.009,USDCAD
61,2026-06-02 07:41:00,1.3838,1.38379,1.38382,1.38377,97,1780386119.723,USDCAD
61,2026-06-02 07:42:00,1.38379,1.38384,1.38386,1.38377,111,1780386179.392,USDCAD
61,2026-06-02 07:43:00,1.38384,1.38378,1.38385,1.38373,130,1780386239.041,USDCAD
61,2026-06-02 07:44:00,1.38378,1.38384,1.38387,1.38375,105,1780386299.015,USDCAD
61,2026-06-02 07:45:00,1.38384,1.38394,1.38395,1.38384,103,1780386359.993,USDCAD
61,2026-06-02 07:46:00,1.38394,1.38399,1.38401,1.3839,110,1780386419.893,USDCAD
61,2026-06-02 07:47:00,1.384,1.38402,1.38404,1.38396,125,1780386479.11,USDCAD
61,2026-06-02 07:48:00,1.38402,1.38401,1.38403,1.38396,104,1780386539.042,USDCAD
61,2026-06-02 07:49:00,1.38401,1.38394,1.38403,1.38394,109,1780386599.394,USDCAD
61,2026-06-02 07:50:00,1.38394,1.38396,1.38398,1.38388,102,1780386659.017,USDCAD
61,2026-06-02 07:51:00,1.38396,1.38404,1.38407,1.38396,120,1780386719.994,USDCAD
61,2026-06-02 07:52:00,1.38406,1.38405,1.38407,1.38403,104,1780386779.994,USDCAD
61,2026-06-02 07:53:00,1.38405,1.38404,1.38411,1.38404,111,1780386839.095,USDCAD
61,2026-06-02 07:54:00,1.38404,1.38408,1.3841,1.384,101,1780386899.593,USDCAD
61,2026-06-02 07:55:00,1.38408,1.38414,1.38414,1.38406,114,1780386959.294,USDCAD
61,2026-06-02 07:56:00,1.38414,1.38414,1.38417,1.38407,104,1780387019.294,USDCAD
61,2026-06-02 07:57:00,1.38414,1.38408,1.38417,1.38406,110,1780387079.007,USDCAD
61,2026-06-02 07:58:00,1.38408,1.38393,1.38408,1.3839,120,1780387139.093,USDCAD
61,2026-06-02 07:59:00,1.38393,1.38401,1.38404,1.38391,127,1780387199.693,USDCAD
61,2026-06-02 08:00:00,1.38401,1.38403,1.38405,1.38395,133,1780387259.002,USDCAD
61,2026-06-02 08:01:00,1.38403,1.38409,1.3841,1.38401,114,1780387319.234,USDCAD
61,2026-06-02 08:02:00,1.38409,1.38408,1.38412,1.38404,112,1780387379.02,USDCAD
61,2026-06-02 08:03:00,1.38408,1.38406,1.38411,1.38403,110,1780387439.04,USDCAD
61,2026-06-02 08:04:00,1.38406,1.38399,1.38406,1.38398,123,1780387499.019,USDCAD
61,2026-06-02 08:05:00,1.38399,1.38377,1.38403,1.38376,162,1780387559.008,USDCAD
61,2026-06-02 08:06:00,1.38377,1.38376,1.38377,1.38367,124,1780387619.024,USDCAD
61,2026-06-02 08:07:00,1.38376,1.3838,1.38384,1.38375,97,1780387679.193,USDCAD
61,2026-06-02 08:08:00,1.3838,1.38395,1.38397,1.38377,122,1780387739.027,USDCAD
61,2026-06-02 08:09:00,1.38395,1.3839,1.38395,1.38388,81,1780387799.093,USDCAD
61,2026-06-02 08:10:00,1.3839,1.38404,1.38406,1.3839,113,1780387859.693,USDCAD
61,2026-06-02 08:11:00,1.38404,1.38403,1.38409,1.38401,117,1780387919.042,USDCAD
61,2026-06-02 08:12:00,1.38403,1.38406,1.38407,1.38401,102,1780387979.194,USDCAD
61,2026-06-02 08:13:00,1.38406,1.38411,1.38414,1.38403,108,1780388039.193,USDCAD
61,2026-06-02 08:14:00,1.38411,1.38422,1.38422,1.38411,86,1780388099.0,USDCAD
61,2026-06-02 08:15:00,1.38422,1.38425,1.38425,1.38416,97,1780388159.394,USDCAD
61,2026-06-02 08:16:00,1.38425,1.38431,1.38433,1.38425,108,1780388219.04,USDCAD
61,2026-06-02 08:17:00,1.38431,1.38426,1.38437,1.38424,122,1780388279.095,USDCAD
61,2026-06-02 08:18:00,1.38426,1.38427,1.38429,1.38424,108,1780388339.01,USDCAD
61,2026-06-02 08:19:00,1.38427,1.38425,1.38428,1.38425,66,1780388399.001,USDCAD
61,2026-06-02 08:20:00,1.38425,1.38431,1.38433,1.38422,91,1780388459.042,USDCAD
61,2026-06-02 08:21:00,1.38431,1.38433,1.38435,1.38427,103,1780388519.006,USDCAD
61,2026-06-02 08:22:00,1.38433,1.38434,1.38436,1.3843,86,1780388579.028,USDCAD
61,2026-06-02 08:23:00,1.38434,1.38439,1.38445,1.38433,146,1780388639.032,USDCAD
61,2026-06-02 08:24:00,1.38439,1.38453,1.38453,1.38438,88,1780388699.993,USDCAD
61,2026-06-02 08:25:00,1.38453,1.38445,1.38453,1.38443,90,1780388759.03,USDCAD
61,2026-06-02 08:26:00,1.38445,1.38436,1.38445,1.38434,88,1780388819.044,USDCAD
61,2026-06-02 08:27:00,1.38436,1.38436,1.38437,1.38434,89,1780388879.021,USDCAD
61,2026-06-02 08:28:00,1.38436,1.38443,1.38444,1.38435,88,1780388939.041,USDCAD
61,2026-06-02 08:29:00,1.38443,1.38434,1.38445,1.38433,94,1780388999.011,USDCAD
61,2026-06-02 08:30:00,1.38434,1.38435,1.38436,1.38433,75,1780389059.004,USDCAD
61,2026-06-02 08:31:00,1.38435,1.38434,1.38435,1.38432,82,1780389119.993,USDCAD
61,2026-06-02 08:32:00,1.38434,1.38431,1.38435,1.3843,89,1780389179.095,USDCAD
61,2026-06-02 08:33:00,1.38431,1.38432,1.38438,1.38431,99,1780389239.032,USDCAD
61,2026-06-02 08:34:00,1.38432,1.38434,1.38437,1.38431,102,1780389299.595,USDCAD
61,2026-06-02 08:35:00,1.38435,1.38435,1.38437,1.38432,103,1780389359.031,USDCAD
61,2026-06-02 08:36:00,1.38435,1.38432,1.38437,1.38432,111,1780389419.594,USDCAD
61,2026-06-02 08:37:00,1.38432,1.38436,1.38438,1.38432,96,1780389479.038,USDCAD
61,2026-06-02 08:38:00,1.38436,1.38436,1.38441,1.38434,108,1780389539.019,USDCAD
61,2026-06-02 08:39:00,1.38436,1.38434,1.38442,1.38434,90,1780389599.093,USDCAD
61,2026-06-02 08:40:00,1.38434,1.38441,1.38444,1.38434,104,1780389659.039,USDCAD
61,2026-06-02 08:41:00,1.38441,1.3844,1.38445,1.38439,102,1780389719.093,USDCAD
61,2026-06-02 08:42:00,1.3844,1.38443,1.38448,1.38436,91,1780389779.597,USDCAD
61,2026-06-02 08:43:00,1.38443,1.38446,1.38448,1.38437,107,1780389839.036,USDCAD
61,2026-06-02 08:44:00,1.38445,1.38454,1.38455,1.38445,99,1780389899.293,USDCAD
61,2026-06-02 08:45:00,1.38454,1.38467,1.38468,1.38453,105,1780389959.035,USDCAD
61,2026-06-02 08:46:00,1.38467,1.38471,1.38471,1.38461,97,1780390019.608,USDCAD
61,2026-06-02 08:47:00,1.38471,1.38471,1.38477,1.38471,115,1780390079.038,USDCAD
61,2026-06-02 08:48:00,1.38472,1.38482,1.38485,1.3847,111,1780390138.093,USDCAD
61,2026-06-02 08:49:00,1.38482,1.38481,1.38484,1.38475,105,1780390199.022,USDCAD
61,2026-06-02 08:50:00,1.38481,1.38478,1.38482,1.38472,92,1780390259.002,USDCAD
61,2026-06-02 08:51:00,1.38478,1.38476,1.38481,1.38476,83,1780390319.994,USDCAD
61,2026-06-02 08:52:00,1.38477,1.38472,1.38479,1.3847,112,1780390379.026,USDCAD
61,2026-06-02 08:53:00,1.38472,1.38474,1.38475,1.3847,85,1780390438.043,USDCAD
61,2026-06-02 08:54:00,1.38474,1.38477,1.38482,1.38474,116,1780390499.192,USDCAD
61,2026-06-02 08:55:00,1.38477,1.38476,1.38477,1.38472,107,1780390559.093,USDCAD
61,2026-06-02 08:56:00,1.38476,1.38483,1.38483,1.38476,79,1780390619.034,USDCAD
61,2026-06-02 08:57:00,1.38483,1.3848,1.38484,1.38477,82,1780390679.093,USDCAD
61,2026-06-02 08:58:00,1.3848,1.38477,1.38482,1.38476,96,1780390739.993,USDCAD
61,2026-06-02 08:59:00,1.38477,1.38477,1.38481,1.38477,70,1780390799.038,USDCAD
61,2026-06-02 09:00:00,1.38477,1.38478,1.38481,1.38476,98,1780390859.014,USDCAD
61,2026-06-02 09:01:00,1.38478,1.38478,1.38479,1.38475,82,1780390919.094,USDCAD
61,2026-06-02 09:02:00,1.38478,1.38474,1.38482,1.38473,97,1780390979.016,USDCAD
61,2026-06-02 09:03:00,1.38474,1.38486,1.38488,1.38474,112,1780391039.001,USDCAD
61,2026-06-02 09:04:00,1.38486,1.38491,1.38491,1.38486,103,1780391099.03,USDCAD
61,2026-06-02 09:05:00,1.38491,1.38491,1.38494,1.38488,95,1780391159.01,USDCAD
61,2026-06-02 09:06:00,1.38491,1.38491,1.38494,1.38489,92,1780391219.037,USDCAD
61,2026-06-02 09:07:00,1.38491,1.3849,1.38492,1.38488,80,1780391279.002,USDCAD
61,2026-06-02 09:08:00,1.3849,1.38491,1.38492,1.38489,68,1780391339.006,USDCAD
61,2026-06-02 09:09:00,1.38491,1.385,1.38502,1.3849,105,1780391399.027,USDCAD
61,2026-06-02 09:10:00,1.385,1.38503,1.38506,1.38498,110,1780391459.04,USDCAD
61,2026-06-02 09:11:00,1.38503,1.38508,1.38508,1.385,84,1780391519.003,USDCAD
61,2026-06-02 09:12:00,1.38508,1.38508,1.38509,1.38501,90,1780391579.093,USDCAD
61,2026-06-02 09:13:00,1.38508,1.38499,1.38509,1.38499,90,1780391639.009,USDCAD
61,2026-06-02 09:14:00,1.38499,1.38506,1.38508,1.38499,120,1780391699.393,USDCAD
61,2026-06-02 09:15:00,1.38506,1.38502,1.38508,1.38501,118,1780391759.394,USDCAD
61,2026-06-02 09:16:00,1.38503,1.38508,1.38508,1.38501,101,1780391819.011,USDCAD
61,2026-06-02 09:17:00,1.38508,1.38518,1.38518,1.38504,100,1780391879.008,USDCAD
61,2026-06-02 09:18:00,1.38518,1.38517,1.38519,1.38511,86,1780391939.037,USDCAD
61,2026-06-02 09:19:00,1.38517,1.38509,1.38518,1.38509,104,1780391999.011,USDCAD
61,2026-06-02 09:20:00,1.38509,1.38509,1.38511,1.38506,85,1780392059.033,USDCAD
61,2026-06-02 09:21:00,1.38509,1.38517,1.38518,1.38509,81,1780392119.006,USDCAD
61,2026-06-02 09:22:00,1.38517,1.38523,1.38529,1.38517,111,1780392179.033,USDCAD
61,2026-06-02 09:23:00,1.38522,1.38524,1.38528,1.38521,110,1780392239.014,USDCAD
61,2026-06-02 09:24:00,1.38524,1.38536,1.38536,1.38521,92,1780392299.092,USDCAD
61,2026-06-02 09:25:00,1.38536,1.38538,1.38543,1.38536,110,1780392359.034,USDCAD
61,2026-06-02 09:26:00,1.38538,1.38536,1.3854,1.38536,77,1780392419.044,USDCAD
61,2026-06-02 09:27:00,1.38536,1.38529,1.38539,1.38528,89,1780392479.002,USDCAD
61,2026-06-02 09:28:00,1.38529,1.38521,1.38535,1.38519,137,1780392539.028,USDCAD
61,2026-06-02 09:29:00,1.38521,1.38521,1.38522,1.38519,101,1780392599.036,USDCAD
61,2026-06-02 09:30:00,1.38522,1.3852,1.38524,1.38519,107,1780392659.333,USDCAD
61,2026-06-02 09:31:00,1.3852,1.38509,1.3852,1.38507,103,1780392719.193,USDCAD
61,2026-06-02 09:32:00,1.38509,1.3851,1.38513,1.38508,72,1780392779.007,USDCAD
61,2026-06-02 09:33:00,1.3851,1.3851,1.38513,1.38509,85,1780392839.036,USDCAD
61,2026-06-02 09:34:00,1.3851,1.38497,1.3851,1.38491,153,1780392899.394,USDCAD
61,2026-06-02 09:35:00,1.38497,1.38499,1.38502,1.38496,98,1780392959.494,USDCAD
61,2026-06-02 09:36:00,1.38499,1.38497,1.38502,1.38495,109,1780393019.009,USDCAD
61,2026-06-02 09:37:00,1.38497,1.38499,1.38501,1.38497,73,1780393079.993,USDCAD
61,2026-06-02 09:38:00,1.385,1.38495,1.385,1.38491,109,1780393139.093,USDCAD
61,2026-06-02 09:39:00,1.38495,1.385,1.38502,1.38495,84,1780393199.043,USDCAD
61,2026-06-02 09:40:00,1.385,1.38516,1.38516,1.38499,202,1780393259.092,USDCAD
61,2026-06-02 09:41:00,1.38516,1.38499,1.38518,1.38498,123,1780393319.793,USDCAD
61,2026-06-02 09:42:00,1.38499,1.38502,1.38505,1.38497,130,1780393379.332,USDCAD
61,2026-06-02 09:43:00,1.38502,1.38505,1.38508,1.38501,135,1780393439.694,USDCAD
61,2026-06-02 09:44:00,1.38505,1.38501,1.38505,1.385,101,1780393499.009,USDCAD
61,2026-06-02 09:45:00,1.38501,1.38499,1.38501,1.38498,110,1780393559.793,USDCAD
61,2026-06-02 09:46:00,1.38499,1.38503,1.38504,1.38498,136,1780393619.995,USDCAD
61,2026-06-02 09:47:00,1.38503,1.38501,1.38506,1.38499,122,1780393679.094,USDCAD
61,2026-06-02 09:48:00,1.38501,1.38498,1.38502,1.38498,91,1780393739.015,USDCAD
61,2026-06-02 09:49:00,1.38498,1.38491,1.38499,1.3849,74,1780393799.022,USDCAD
61,2026-06-02 09:50:00,1.38491,1.38501,1.38505,1.3849,106,1780393859.022,USDCAD
61,2026-06-02 09:51:00,1.38501,1.38498,1.38502,1.38495,76,1780393919.094,USDCAD
61,2026-06-02 09:52:00,1.38498,1.38502,1.38502,1.38492,101,1780393979.039,USDCAD
61,2026-06-02 09:53:00,1.38502,1.38502,1.38505,1.38497,106,1780394039.702,USDCAD
61,2026-06-02 09:54:00,1.38502,1.3852,1.38523,1.38502,143,1780394099.993,USDCAD
61,2026-06-02 09:55:00,1.3852,1.38521,1.38522,1.38515,93,1780394159.893,USDCAD
61,2026-06-02 09:56:00,1.38521,1.38511,1.38521,1.3851,116,1780394219.01,USDCAD
61,2026-06-02 09:57:00,1.38511,1.38511,1.38515,1.38499,124,1780394279.194,USDCAD
61,2026-06-02 09:58:00,1.38512,1.38514,1.38514,1.38509,99,1780394338.394,USDCAD
61,2026-06-02 09:59:00,1.38514,1.38505,1.38516,1.38503,134,1780394399.006,USDCAD
61,2026-06-02 10:00:00,1.38505,1.38501,1.38508,1.38501,190,1780394459.237,USDCAD
61,2026-06-02 10:01:00,1.385,1.38511,1.38512,1.385,133,1780394519.013,USDCAD
61,2026-06-02 10:02:00,1.38511,1.38511,1.38514,1.38509,103,1780394579.039,USDCAD
61,2026-06-02 10:03:00,1.3851,1.38515,1.38518,1.38506,165,1780394639.093,USDCAD
61,2026-06-02 10:04:00,1.38515,1.38508,1.38516,1.38508,109,1780394699.722,USDCAD
61,2026-06-02 10:05:00,1.38508,1.38492,1.3851,1.38492,140,1780394759.024,USDCAD
61,2026-06-02 10:06:00,1.38492,1.38502,1.38503,1.38491,133,1780394819.036,USDCAD
61,2026-06-02 10:07:00,1.38502,1.385,1.38504,1.38499,146,1780394879.017,USDCAD
61,2026-06-02 10:08:00,1.385,1.38501,1.38504,1.38498,170,1780394939.625,USDCAD
61,2026-06-02 10:09:00,1.38501,1.38502,1.38503,1.38499,105,1780394999.499,USDCAD
61,2026-06-02 10:10:00,1.38502,1.38494,1.38509,1.38491,125,1780395059.015,USDCAD
61,2026-06-02 10:11:00,1.38494,1.38491,1.38497,1.3849,114,1780395119.004,USDCAD
61,2026-06-02 10:12:00,1.38491,1.38502,1.38502,1.38489,129,1780395179.14,USDCAD
61,2026-06-02 10:13:00,1.38501,1.38497,1.38502,1.38492,120,1780395239.014,USDCAD
61,2026-06-02 10:14:00,1.38497,1.38499,1.38501,1.38491,107,1780395299.594,USDCAD
61,2026-06-02 10:15:00,1.38499,1.38505,1.38506,1.38495,115,1780395359.338,USDCAD
61,2026-06-02 10:16:00,1.38505,1.38515,1.38516,1.38504,120,1780395419.117,USDCAD
61,2026-06-02 10:17:00,1.38515,1.38521,1.38523,1.38513,100,1780395479.694,USDCAD
61,2026-06-02 10:18:00,1.38521,1.38522,1.38523,1.38517,90,1780395539.041,USDCAD
61,2026-06-02 10:19:00,1.38522,1.38522,1.38525,1.38518,113,1780395599.993,USDCAD
61,2026-06-02 10:20:00,1.38522,1.38521,1.38522,1.38519,107,1780395659.82,USDCAD
61,2026-06-02 10:21:00,1.38521,1.38523,1.38525,1.3852,78,1780395719.004,USDCAD
61,2026-06-02 10:22:00,1.38523,1.38519,1.38525,1.38518,89,1780395779.019,USDCAD
61,2026-06-02 10:23:00,1.38519,1.38517,1.38519,1.38514,85,1780395839.914,USDCAD
61,2026-06-02 10:24:00,1.38517,1.38515,1.3852,1.38509,95,1780395899.038,USDCAD
61,2026-06-02 10:25:00,1.38515,1.38515,1.38518,1.38512,121,1780395959.428,USDCAD
61,2026-06-02 10:26:00,1.38515,1.38499,1.38515,1.38497,104,1780396019.036,USDCAD
61,2026-06-02 10:27:00,1.38499,1.38481,1.38499,1.3848,83,1780396079.003,USDCAD
61,2026-06-02 10:28:00,1.38481,1.38514,1.38514,1.3848,128,1780396139.193,USDCAD
61,2026-06-02 10:29:00,1.38514,1.38509,1.38516,1.38505,114,1780396199.025,USDCAD
61,2026-06-02 10:30:00,1.38509,1.3851,1.38517,1.38505,103,1780396259.393,USDCAD
61,2026-06-02 10:31:00,1.3851,1.38513,1.38514,1.38508,93,1780396319.094,USDCAD
61,2026-06-02 10:32:00,1.38513,1.38523,1.38523,1.38512,104,1780396379.594,USDCAD
61,2026-06-02 10:33:00,1.38523,1.38523,1.38523,1.38518,90,1780396439.004,USDCAD
61,2026-06-02 10:34:00,1.38523,1.38522,1.38523,1.38517,95,1780396499.011,USDCAD
61,2026-06-02 10:35:00,1.38522,1.38521,1.38523,1.38516,90,1780396559.039,USDCAD
61,2026-06-02 10:36:00,1.38521,1.38513,1.38521,1.38512,94,1780396619.093,USDCAD
61,2026-06-02 10:37:00,1.38513,1.38513,1.38515,1.38511,76,1780396679.919,USDCAD
61,2026-06-02 10:38:00,1.38513,1.38519,1.38521,1.38512,80,1780396739.092,USDCAD
61,2026-06-02 10:39:00,1.38519,1.38511,1.38519,1.38509,89,1780396799.118,USDCAD
61,2026-06-02 10:40:00,1.38511,1.38513,1.38514,1.3851,77,1780396859.092,USDCAD
61,2026-06-02 10:41:00,1.38513,1.38512,1.38513,1.3851,106,1780396919.013,USDCAD
61,2026-06-02 10:42:00,1.38512,1.38512,1.38514,1.38511,81,1780396979.036,USDCAD
61,2026-06-02 10:43:00,1.38512,1.38519,1.38522,1.38512,103,1780397039.094,USDCAD
61,2026-06-02 10:44:00,1.38519,1.38511,1.38521,1.38509,108,1780397099.006,USDCAD
61,2026-06-02 10:45:00,1.38511,1.38504,1.38511,1.38502,93,1780397159.016,USDCAD
61,2026-06-02 10:46:00,1.38504,1.38502,1.38509,1.38499,189,1780397219.04,USDCAD
61,2026-06-02 10:47:00,1.38502,1.38509,1.38509,1.38501,90,1780397279.003,USDCAD
61,2026-06-02 10:48:00,1.38509,1.38508,1.38509,1.385,121,1780397339.214,USDCAD
61,2026-06-02 10:49:00,1.38508,1.38509,1.38511,1.38505,110,1780397399.093,USDCAD
61,2026-06-02 10:50:00,1.38509,1.38511,1.38514,1.38508,99,1780397459.02,USDCAD
61,2026-06-02 10:51:00,1.38511,1.38512,1.38514,1.38509,95,1780397519.694,USDCAD
61,2026-06-02 10:52:00,1.38512,1.3851,1.38514,1.38509,90,1780397579.018,USDCAD
61,2026-06-02 10:53:00,1.3851,1.38503,1.38512,1.38499,102,1780397639.036,USDCAD
61,2026-06-02 10:54:00,1.38503,1.38498,1.38503,1.38493,112,1780397699.094,USDCAD
61,2026-06-02 10:55:00,1.38498,1.38519,1.3852,1.38498,96,1780397759.015,USDCAD
61,2026-06-02 10:56:00,1.38519,1.38536,1.38537,1.38515,127,1780397819.52,USDCAD
61,2026-06-02 10:57:00,1.38536,1.38531,1.38539,1.38529,116,1780397879.13,USDCAD
61,2026-06-02 10:58:00,1.38531,1.38526,1.38531,1.38521,97,1780397939.433,USDCAD
61,2026-06-02 10:59:00,1.38526,1.38528,1.38528,1.38521,101,1780397999.997,USDCAD
61,2026-06-02 11:00:00,1.38528,1.38523,1.38529,1.38523,105,1780398059.001,USDCAD
61,2026-06-02 11:01:00,1.38523,1.38522,1.38527,1.38519,120,1780398119.817,USDCAD
61,2026-06-02 11:02:00,1.38522,1.38515,1.38529,1.38515,162,1780398179.03,USDCAD
61,2026-06-02 11:03:00,1.38515,1.3851,1.38518,1.3851,108,1780398239.902,USDCAD
61,2026-06-02 11:04:00,1.3851,1.38521,1.38525,1.3851,124,1780398299.895,USDCAD
61,2026-06-02 11:05:00,1.38521,1.38519,1.38521,1.38516,96,1780398359.901,USDCAD
61,2026-06-02 11:06:00,1.38518,1.38518,1.38519,1.38511,110,1780398419.024,USDCAD
61,2026-06-02 11:07:00,1.38518,1.38515,1.38518,1.38511,136,1780398479.093,USDCAD
61,2026-06-02 11:08:00,1.38515,1.38512,1.38521,1.38512,111,1780398538.894,USDCAD
61,2026-06-02 11:09:00,1.38512,1.38525,1.38526,1.38512,88,1780398599.015,USDCAD
61,2026-06-02 11:10:00,1.38525,1.38517,1.38525,1.38515,109,1780398659.018,USDCAD
61,2026-06-02 11:11:00,1.38517,1.3852,1.38521,1.38517,84,1780398719.531,USDCAD
61,2026-06-02 11:12:00,1.3852,1.38514,1.38522,1.38514,124,1780398779.094,USDCAD
61,2026-06-02 11:13:00,1.38514,1.38522,1.38523,1.38514,118,1780398839.005,USDCAD
61,2026-06-02 11:14:00,1.38522,1.38535,1.38536,1.38522,96,1780398899.993,USDCAD
61,2026-06-02 11:15:00,1.38535,1.38538,1.38538,1.38531,189,1780398959.693,USDCAD
61,2026-06-02 11:16:00,1.38538,1.38534,1.3854,1.38533,109,1780399019.893,USDCAD
61,2026-06-02 11:17:00,1.38534,1.38532,1.38535,1.38526,115,1780399079.293,USDCAD
61,2026-06-02 11:18:00,1.38532,1.38522,1.38533,1.38519,100,1780399139.029,USDCAD
61,2026-06-02 11:19:00,1.38522,1.38519,1.38525,1.38518,109,1780399199.745,USDCAD
61,2026-06-02 11:20:00,1.38519,1.38508,1.38521,1.38506,112,1780399259.093,USDCAD
61,2026-06-02 11:21:00,1.38508,1.38509,1.3851,1.38503,91,1780399319.016,USDCAD
61,2026-06-02 11:22:00,1.38509,1.38512,1.38512,1.38504,114,1780399379.023,USDCAD
61,2026-06-02 11:23:00,1.38512,1.38513,1.3852,1.38509,82,1780399439.493,USDCAD
61,2026-06-02 11:24:00,1.38513,1.38514,1.38518,1.38511,87,1780399499.593,USDCAD
61,2026-06-02 11:25:00,1.38514,1.38509,1.38515,1.38509,101,1780399559.993,USDCAD
61,2026-06-02 11:26:00,1.38509,1.38515,1.38515,1.38507,79,1780399619.039,USDCAD
61,2026-06-02 11:27:00,1.38515,1.3852,1.38522,1.3851,90,1780399679.005,USDCAD
61,2026-06-02 11:28:00,1.3852,1.38522,1.38525,1.38519,91,1780399739.028,USDCAD
61,2026-06-02 11:29:00,1.38522,1.38515,1.38523,1.38513,91,1780399799.794,USDCAD
61,2026-06-02 11:30:00,1.38515,1.38512,1.38516,1.3851,96,1780399859.893,USDCAD
61,2026-06-02 11:31:00,1.38512,1.38504,1.38512,1.38504,102,1780399919.511,USDCAD
61,2026-06-02 11:32:00,1.38504,1.38491,1.38505,1.38491,93,1780399979.038,USDCAD
61,2026-06-02 11:33:00,1.38492,1.38491,1.38492,1.38482,135,1780400039.017,USDCAD
61,2026-06-02 11:34:00,1.38491,1.38494,1.38495,1.38488,80,1780400099.0,USDCAD
61,2026-06-02 11:35:00,1.38494,1.38489,1.38495,1.38488,95,1780400159.023,USDCAD
61,2026-06-02 11:36:00,1.38489,1.38478,1.38489,1.38478,95,1780400219.035,USDCAD
61,2026-06-02 11:37:00,1.38478,1.38478,1.38482,1.38475,109,1780400279.024,USDCAD
61,2026-06-02 11:38:00,1.38478,1.38489,1.3849,1.38478,110,1780400339.094,USDCAD
61,2026-06-02 11:39:00,1.38489,1.38478,1.38495,1.38477,110,1780400399.027,USDCAD
61,2026-06-02 11:40:00,1.38478,1.38482,1.38484,1.38478,111,1780400459.005,USDCAD
61,2026-06-02 11:41:00,1.38482,1.38483,1.38491,1.38476,134,1780400519.427,USDCAD
61,2026-06-02 11:42:00,1.38483,1.38472,1.38483,1.38471,111,1780400579.095,USDCAD
61,2026-06-02 11:43:00,1.38472,1.3847,1.38482,1.38469,88,1780400639.028,USDCAD
61,2026-06-02 11:44:00,1.3847,1.38472,1.38481,1.3847,142,1780400699.797,USDCAD
61,2026-06-02 11:45:00,1.38471,1.38474,1.38479,1.3847,116,1780400759.811,USDCAD
61,2026-06-02 11:46:00,1.38474,1.38456,1.38474,1.38453,87,1780400819.008,USDCAD
61,2026-06-02 11:47:00,1.38456,1.38453,1.38456,1.38451,96,1780400879.045,USDCAD
61,2026-06-02 11:48:00,1.38453,1.38436,1.38454,1.38434,119,1780400939.894,USDCAD
61,2026-06-02 11:49:00,1.38436,1.3844,1.38448,1.38435,107,1780400999.026,USDCAD
61,2026-06-02 11:50:00,1.3844,1.38434,1.38441,1.38433,102,1780401059.011,USDCAD
61,2026-06-02 11:51:00,1.38434,1.38441,1.38442,1.38433,89,1780401119.034,USDCAD
61,2026-06-02 11:52:00,1.38441,1.38421,1.38442,1.38421,108,1780401179.008,USDCAD
61,2026-06-02 11:53:00,1.38421,1.38413,1.38422,1.38411,94,1780401239.092,USDCAD
61,2026-06-02 11:54:00,1.38413,1.38418,1.38421,1.3841,112,1780401299.927,USDCAD
61,2026-06-02 11:55:00,1.38418,1.38415,1.38421,1.38408,125,1780401359.701,USDCAD
61,2026-06-02 11:56:00,1.38415,1.3841,1.38415,1.38403,123,1780401419.694,USDCAD
61,2026-06-02 11:57:00,1.3841,1.38414,1.38416,1.38409,113,1780401479.01,USDCAD
61,2026-06-02 11:58:00,1.38414,1.38415,1.38423,1.38413,107,1780401539.029,USDCAD
61,2026-06-02 11:59:00,1.38415,1.38411,1.38416,1.3841,81,1780401599.493,USDCAD
61,2026-06-02 12:00:00,1.38411,1.38412,1.38413,1.384,148,1780401659.093,USDCAD
61,2026-06-02 12:01:00,1.38412,1.3841,1.38414,1.38407,103,1780401719.024,USDCAD
61,2026-06-02 12:02:00,1.3841,1.38418,1.38421,1.38403,118,1780401779.0,USDCAD
61,2026-06-02 12:03:00,1.38418,1.38413,1.38418,1.38412,72,1780401839.009,USDCAD
61,2026-06-02 12:04:00,1.38413,1.38395,1.38414,1.38392,106,1780401899.528,USDCAD
61,2026-06-02 12:05:00,1.38395,1.38377,1.38396,1.38375,113,1780401959.798,USDCAD
61,2026-06-02 12:06:00,1.38377,1.38382,1.38384,1.38359,175,1780402019.018,USDCAD
61,2026-06-02 12:07:00,1.38382,1.38383,1.38388,1.38382,91,1780402079.794,USDCAD
61,2026-06-02 12:08:00,1.38383,1.38369,1.38383,1.38367,97,1780402139.033,USDCAD
61,2026-06-02 12:09:00,1.38369,1.38373,1.38373,1.38366,88,1780402199.01,USDCAD
61,2026-06-02 12:10:00,1.38373,1.38384,1.38386,1.38372,102,1780402259.016,USDCAD
61,2026-06-02 12:11:00,1.38384,1.38393,1.38396,1.38382,129,1780402319.993,USDCAD
61,2026-06-02 12:12:00,1.38393,1.38388,1.38399,1.38384,126,1780402379.031,USDCAD
61,2026-06-02 12:13:00,1.38388,1.38376,1.38388,1.38374,98,1780402439.042,USDCAD
61,2026-06-02 12:14:00,1.38376,1.38392,1.38395,1.38375,99,1780402499.004,USDCAD
61,2026-06-02 12:15:00,1.38392,1.3839,1.38401,1.38389,108,1780402559.13,USDCAD
61,2026-06-02 12:16:00,1.38391,1.38389,1.38394,1.38386,146,1780402619.602,USDCAD
61,2026-06-02 12:17:00,1.38389,1.38387,1.38389,1.38383,107,1780402679.018,USDCAD
61,2026-06-02 12:18:00,1.38387,1.38399,1.38408,1.38387,167,1780402739.192,USDCAD
61,2026-06-02 12:19:00,1.38399,1.38394,1.38399,1.38392,112,1780402799.037,USDCAD
61,2026-06-02 12:20:00,1.38394,1.38391,1.38399,1.38391,162,1780402859.994,USDCAD
61,2026-06-02 12:21:00,1.38391,1.38394,1.38394,1.38382,168,1780402919.032,USDCAD
61,2026-06-02 12:22:00,1.38394,1.38394,1.384,1.3839,116,1780402979.006,USDCAD
61,2026-06-02 12:23:00,1.38394,1.384,1.38401,1.38388,157,1780403039.293,USDCAD
61,2026-06-02 12:24:00,1.384,1.38393,1.38404,1.38392,170,1780403099.693,USDCAD
61,2026-06-02 12:25:00,1.38393,1.384,1.38404,1.38393,120,1780403159.014,USDCAD
61,2026-06-02 12:26:00,1.384,1.38409,1.38415,1.38399,119,1780403219.196,USDCAD
61,2026-06-02 12:27:00,1.38409,1.38403,1.38411,1.38402,109,1780403279.005,USDCAD
61,2026-06-02 12:28:00,1.38403,1.3841,1.38413,1.38403,102,1780403339.002,USDCAD
61,2026-06-02 12:29:00,1.3841,1.38423,1.38426,1.38408,134,1780403399.928,USDCAD
61,2026-06-02 12:30:00,1.38422,1.38428,1.38428,1.38416,242,1780403459.927,USDCAD
61,2026-06-02 12:31:00,1.38428,1.38458,1.38458,1.38427,119,1780403519.899,USDCAD
61,2026-06-02 12:32:00,1.38457,1.3846,1.38463,1.38457,130,1780403579.694,USDCAD
61,2026-06-02 12:33:00,1.3846,1.38438,1.3846,1.38437,123,1780403639.494,USDCAD
61,2026-06-02 12:34:00,1.38438,1.38436,1.38443,1.38434,105,1780403699.903,USDCAD
61,2026-06-02 12:35:00,1.38435,1.38427,1.38437,1.38427,104,1780403759.013,USDCAD
61,2026-06-02 12:36:00,1.38427,1.3841,1.38427,1.3841,128,1780403819.694,USDCAD
61,2026-06-02 12:37:00,1.3841,1.38398,1.38414,1.38392,141,1780403879.894,USDCAD
61,2026-06-02 12:38:00,1.38397,1.38399,1.38402,1.38391,119,1780403939.894,USDCAD
61,2026-06-02 12:39:00,1.38399,1.38401,1.38407,1.38399,113,1780403999.035,USDCAD
61,2026-06-02 12:40:00,1.38401,1.38393,1.38401,1.38391,181,1780404059.041,USDCAD
61,2026-06-02 12:41:00,1.38393,1.38396,1.384,1.38391,126,1780404119.093,USDCAD
61,2026-06-02 12:42:00,1.38396,1.38393,1.38401,1.38392,135,1780404179.594,USDCAD
61,2026-06-02 12:43:00,1.38393,1.38396,1.38399,1.38392,93,1780404239.095,USDCAD
61,2026-06-02 12:44:00,1.38396,1.38393,1.38402,1.38392,121,1780404299.023,USDCAD
61,2026-06-02 12:45:00,1.38392,1.38393,1.38395,1.38383,165,1780404359.939,USDCAD
61,2026-06-02 12:46:00,1.38394,1.38389,1.38401,1.38387,109,1780404419.811,USDCAD
61,2026-06-02 12:47:00,1.38389,1.38394,1.38396,1.38388,114,1780404479.032,USDCAD
61,2026-06-02 12:48:00,1.38394,1.38406,1.3841,1.38393,119,1780404539.003,USDCAD
61,2026-06-02 12:49:00,1.38406,1.38406,1.38409,1.38403,103,1780404599.041,USDCAD
61,2026-06-02 12:50:00,1.38406,1.38404,1.38424,1.38404,133,1780404659.007,USDCAD
61,2026-06-02 12:51:00,1.38405,1.38404,1.38411,1.38403,111,1780404719.037,USDCAD
61,2026-06-02 12:52:00,1.38404,1.38406,1.38406,1.38403,93,1780404779.733,USDCAD
61,2026-06-02 12:53:00,1.38406,1.38393,1.38406,1.38392,84,1780404839.094,USDCAD
61,2026-06-02 12:54:00,1.38393,1.38394,1.38397,1.38376,120,1780404899.036,USDCAD
61,2026-06-02 12:55:00,1.38394,1.38385,1.38394,1.38382,102,1780404959.093,USDCAD
61,2026-06-02 12:56:00,1.38385,1.38379,1.38386,1.38377,89,1780405019.012,USDCAD
61,2026-06-02 12:57:00,1.38379,1.38374,1.38382,1.38366,133,1780405079.026,USDCAD
61,2026-06-02 12:58:00,1.38374,1.38369,1.38376,1.38367,133,1780405139.808,USDCAD
61,2026-06-02 12:59:00,1.38369,1.3837,1.38372,1.38365,168,1780405199.938,USDCAD
61,2026-06-02 13:00:00,1.3837,1.38371,1.38373,1.38359,167,1780405259.293,USDCAD
61,2026-06-02 13:01:00,1.38371,1.38371,1.38373,1.38366,131,1780405319.823,USDCAD
61,2026-06-02 13:02:00,1.38371,1.38365,1.38377,1.38364,143,1780405379.094,USDCAD
61,2026-06-02 13:03:00,1.38365,1.38357,1.38367,1.38355,139,1780405439.006,USDCAD
61,2026-06-02 13:04:00,1.38357,1.38362,1.38372,1.38357,131,1780405499.793,USDCAD
61,2026-06-02 13:05:00,1.38361,1.38357,1.38362,1.38356,97,1780405559.014,USDCAD
61,2026-06-02 13:06:00,1.38357,1.38353,1.38359,1.3835,144,1780405619.626,USDCAD
61,2026-06-02 13:07:00,1.38353,1.38336,1.38356,1.38335,137,1780405679.035,USDCAD
61,2026-06-02 13:08:00,1.38336,1.38358,1.38359,1.38326,245,1780405739.827,USDCAD
61,2026-06-02 13:09:00,1.38357,1.38349,1.38363,1.38347,204,1780405799.5,USDCAD
61,2026-06-02 13:10:00,1.38349,1.38298,1.38349,1.38297,171,1780405859.014,USDCAD
61,2026-06-02 13:11:00,1.38298,1.38299,1.38307,1.38296,131,1780405919.027,USDCAD
61,2026-06-02 13:12:00,1.38299,1.38301,1.38302,1.38291,184,1780405979.938,USDCAD
61,2026-06-02 13:13:00,1.38301,1.38331,1.38331,1.38301,228,1780406039.993,USDCAD
61,2026-06-02 13:14:00,1.38331,1.38309,1.38331,1.38299,194,1780406099.594,USDCAD
61,2026-06-02 13:15:00,1.38309,1.38327,1.38336,1.38308,148,1780406159.729,USDCAD
61,2026-06-02 13:16:00,1.38327,1.38326,1.38339,1.38325,137,1780406219.394,USDCAD
61,2026-06-02 13:17:00,1.38326,1.38316,1.38328,1.38315,134,1780406279.01,USDCAD
61,2026-06-02 13:18:00,1.38316,1.38323,1.38328,1.38315,147,1780406339.895,USDCAD
61,2026-06-02 13:19:00,1.38323,1.38328,1.38332,1.38319,148,1780406399.093,USDCAD
61,2026-06-02 13:20:00,1.38328,1.38358,1.38358,1.38328,130,1780406459.324,USDCAD
61,2026-06-02 13:21:00,1.38358,1.38367,1.38367,1.38342,161,1780406519.834,USDCAD
61,2026-06-02 13:22:00,1.38367,1.38356,1.38367,1.3835,170,1780406579.041,USDCAD
61,2026-06-02 13:23:00,1.38356,1.38331,1.38356,1.38329,177,1780406639.842,USDCAD
61,2026-06-02 13:24:00,1.38331,1.38322,1.38333,1.38313,144,1780406699.994,USDCAD
61,2026-06-02 13:25:00,1.38322,1.38316,1.38336,1.38316,147,1780406759.704,USDCAD
61,2026-06-02 13:26:00,1.38316,1.38308,1.38316,1.38306,125,1780406819.011,USDCAD
61,2026-06-02 13:27:00,1.38308,1.38319,1.38319,1.38301,181,1780406879.894,USDCAD
61,2026-06-02 13:28:00,1.38319,1.38326,1.38329,1.38319,133,1780406939.797,USDCAD
61,2026-06-02 13:29:00,1.38326,1.38306,1.38327,1.38305,132,1780406999.894,USDCAD
61,2026-06-02 13:30:00,1.38306,1.38284,1.38308,1.38283,244,1780407059.794,USDCAD
61,2026-06-02 13:31:00,1.38284,1.3825,1.3829,1.38246,208,1780407119.9,USDCAD
61,2026-06-02 13:32:00,1.3825,1.38244,1.38257,1.38241,195,1780407179.226,USDCAD
61,2026-06-02 13:33:00,1.38244,1.38241,1.38255,1.38236,177,1780407239.626,USDCAD
61,2026-06-02 13:34:00,1.38241,1.38235,1.38248,1.38222,241,1780407299.794,USDCAD
61,2026-06-02 13:35:00,1.38235,1.38224,1.38235,1.38221,241,1780407359.797,USDCAD
61,2026-06-02 13:36:00,1.38224,1.38211,1.38231,1.38209,201,1780407419.113,USDCAD
61,2026-06-02 13:37:00,1.38211,1.38155,1.38211,1.38151,227,1780407479.092,USDCAD
61,2026-06-02 13:38:00,1.38155,1.3818,1.38186,1.38155,270,1780407539.893,USDCAD
61,2026-06-02 13:39:00,1.3818,1.38182,1.38184,1.38162,221,1780407599.609,USDCAD
61,2026-06-02 13:40:00,1.38182,1.38184,1.38192,1.38175,245,1780407659.006,USDCAD
61,2026-06-02 13:41:00,1.38184,1.3822,1.38221,1.38178,194,1780407719.894,USDCAD
61,2026-06-02 13:42:00,1.3822,1.38222,1.38225,1.38206,155,1780407779.537,USDCAD
61,2026-06-02 13:43:00,1.38222,1.3825,1.38251,1.38222,155,1780407839.493,USDCAD
61,2026-06-02 13:44:00,1.3825,1.38258,1.3826,1.38243,115,1780407899.031,USDCAD
61,2026-06-02 13:45:00,1.38258,1.38264,1.38281,1.38258,161,1780407959.095,USDCAD
61,2026-06-02 13:46:00,1.38264,1.38281,1.38284,1.38262,162,1780408019.014,USDCAD
61,2026-06-02 13:47:00,1.38281,1.38305,1.38309,1.38281,138,1780408079.038,USDCAD
61,2026-06-02 13:48:00,1.38305,1.38299,1.38308,1.38292,161,1780408139.008,USDCAD
61,2026-06-02 13:49:00,1.38299,1.38292,1.38299,1.38278,161,1780408199.094,USDCAD
61,2026-06-02 13:50:00,1.38292,1.38308,1.38309,1.38289,160,1780408259.198,USDCAD
61,2026-06-02 13:51:00,1.38308,1.38319,1.38329,1.38308,177,1780408319.0,USDCAD
61,2026-06-02 13:52:00,1.38319,1.38338,1.38343,1.38318,164,1780408379.72,USDCAD
61,2026-06-02 13:53:00,1.38338,1.38339,1.3834,1.38335,123,1780408439.038,USDCAD
61,2026-06-02 13:54:00,1.38339,1.38374,1.38375,1.38338,155,1780408499.009,USDCAD
61,2026-06-02 13:55:00,1.38373,1.3834,1.38377,1.38336,203,1780408559.194,USDCAD
61,2026-06-02 13:56:00,1.3834,1.38323,1.38346,1.38322,172,1780408619.821,USDCAD
61,2026-06-02 13:57:00,1.38323,1.3832,1.38324,1.38318,97,1780408679.893,USDCAD
61,2026-06-02 13:58:00,1.3832,1.38315,1.38321,1.38314,109,1780408739.025,USDCAD
61,2026-06-02 13:59:00,1.38315,1.383,1.38321,1.383,156,1780408799.994,USDCAD
61,2026-06-02 14:00:00,1.38299,1.38357,1.38371,1.38299,263,1780408859.294,USDCAD
61,2026-06-02 14:01:00,1.38357,1.38351,1.38364,1.38346,173,1780408919.811,USDCAD
61,2026-06-02 14:02:00,1.38351,1.38345,1.38361,1.38345,109,1780408979.996,USDCAD
61,2026-06-02 14:03:00,1.38346,1.38348,1.38352,1.38331,153,1780409039.017,USDCAD
61,2026-06-02 14:04:00,1.38348,1.38366,1.38369,1.3834,118,1780409099.033,USDCAD
61,2026-06-02 14:05:00,1.38366,1.38365,1.3837,1.38358,142,1780409159.594,USDCAD
61,2026-06-02 14:06:00,1.38365,1.38369,1.3837,1.3835,197,1780409219.693,USDCAD
61,2026-06-02 14:07:00,1.38369,1.38378,1.38378,1.3836,161,1780409279.093,USDCAD
61,2026-06-02 14:08:00,1.38378,1.38373,1.38388,1.38369,142,1780409339.024,USDCAD
61,2026-06-02 14:09:00,1.38373,1.38352,1.38373,1.38352,121,1780409399.043,USDCAD
61,2026-06-02 14:10:00,1.38352,1.38336,1.38352,1.38336,126,1780409459.394,USDCAD
61,2026-06-02 14:11:00,1.38339,1.38352,1.38358,1.38338,183,1780409519.994,USDCAD
61,2026-06-02 14:12:00,1.38352,1.3834,1.38359,1.38337,184,1780409579.194,USDCAD
61,2026-06-02 14:13:00,1.3834,1.38367,1.38368,1.38336,177,1780409639.215,USDCAD
61,2026-06-02 14:14:00,1.38367,1.38367,1.38373,1.38357,146,1780409699.038,USDCAD
61,2026-06-02 14:15:00,1.38367,1.3836,1.38372,1.38359,150,1780409759.192,USDCAD
61,2026-06-02 14:16:00,1.3836,1.38341,1.38367,1.38341,177,1780409819.293,USDCAD
61,2026-06-02 14:17:00,1.38341,1.38363,1.38366,1.38336,175,1780409879.017,USDCAD
61,2026-06-02 14:18:00,1.38363,1.38382,1.38384,1.38363,112,1780409939.094,USDCAD
61,2026-06-02 14:19:00,1.38382,1.38376,1.38383,1.38368,174,1780409999.593,USDCAD
61,2026-06-02 14:20:00,1.38374,1.38375,1.38381,1.38367,182,1780410059.093,USDCAD
61,2026-06-02 14:21:00,1.38375,1.38386,1.38388,1.38372,155,1780410119.094,USDCAD
61,2026-06-02 14:22:00,1.38386,1.38399,1.38403,1.38386,132,1780410179.892,USDCAD
61,2026-06-02 14:23:00,1.38399,1.3841,1.38416,1.38396,149,1780410239.894,USDCAD
61,2026-06-02 14:24:00,1.3841,1.38427,1.38428,1.38409,167,1780410299.694,USDCAD
61,2026-06-02 14:25:00,1.38427,1.38423,1.38437,1.38416,173,1780410359.141,USDCAD
61,2026-06-02 14:26:00,1.38423,1.38406,1.38435,1.38406,169,1780410419.894,USDCAD
61,2026-06-02 14:27:00,1.38406,1.38411,1.38419,1.38406,150,1780410479.037,USDCAD
61,2026-06-02 14:28:00,1.38411,1.38404,1.38411,1.38401,148,1780410539.093,USDCAD
61,2026-06-02 14:29:00,1.38404,1.38405,1.38407,1.38396,146,1780410599.824,USDCAD
61,2026-06-02 14:30:00,1.38405,1.38384,1.38405,1.38383,176,1780410659.03,USDCAD
61,2026-06-02 14:31:00,1.38384,1.38379,1.38394,1.38376,180,1780410719.011,USDCAD
61,2026-06-02 14:32:00,1.38379,1.38356,1.38383,1.38355,183,1780410779.994,USDCAD
61,2026-06-02 14:33:00,1.38356,1.38349,1.3836,1.38345,200,1780410839.793,USDCAD
61,2026-06-02 14:34:00,1.38348,1.38337,1.38363,1.38334,179,1780410899.637,USDCAD
61,2026-06-02 14:35:00,1.38337,1.3832,1.3834,1.38319,235,1780410959.992,USDCAD
61,2026-06-02 14:36:00,1.38319,1.383,1.3832,1.38297,129,1780411019.105,USDCAD
61,2026-06-02 14:37:00,1.383,1.38299,1.38304,1.38294,178,1780411079.528,USDCAD
61,2026-06-02 14:38:00,1.38299,1.38306,1.38312,1.38292,169,1780411139.003,USDCAD
61,2026-06-02 14:39:00,1.38306,1.38309,1.38318,1.38305,195,1780411199.122,USDCAD
61,2026-06-02 14:40:00,1.38309,1.38285,1.38309,1.38281,155,1780411258.03,USDCAD
61,2026-06-02 14:41:00,1.38285,1.38261,1.38296,1.3826,195,1780411318.994,USDCAD
61,2026-06-02 14:42:00,1.38261,1.38262,1.38263,1.38253,239,1780411379.025,USDCAD
61,2026-06-02 14:43:00,1.38262,1.38279,1.38285,1.38262,163,1780411439.014,USDCAD
61,2026-06-02 14:44:00,1.38279,1.38271,1.38284,1.38268,159,1780411499.694,USDCAD
61,2026-06-02 14:45:00,1.38271,1.38272,1.38285,1.38268,137,1780411559.009,USDCAD
61,2026-06-02 14:46:00,1.38272,1.3827,1.3828,1.38268,193,1780411619.993,USDCAD
61,2026-06-02 14:47:00,1.3827,1.38282,1.38285,1.38268,154,1780411679.016,USDCAD
61,2026-06-02 14:48:00,1.38282,1.3828,1.38292,1.38279,146,1780411739.894,USDCAD
61,2026-06-02 14:49:00,1.3828,1.38272,1.38285,1.38271,136,1780411799.495,USDCAD
61,2026-06-02 14:50:00,1.38272,1.38278,1.38293,1.3827,115,1780411859.094,USDCAD
61,2026-06-02 14:51:00,1.38278,1.38298,1.38305,1.38278,118,1780411919.036,USDCAD
61,2026-06-02 14:52:00,1.38298,1.38297,1.38308,1.3829,136,1780411979.009,USDCAD
61,2026-06-02 14:53:00,1.38297,1.38321,1.38323,1.38287,198,1780412039.994,USDCAD
61,2026-06-02 14:54:00,1.38321,1.38315,1.38327,1.38311,151,1780412099.028,USDCAD
61,2026-06-02 14:55:00,1.38315,1.38332,1.38337,1.38308,161,1780412159.034,USDCAD
61,2026-06-02 14:56:00,1.38332,1.38313,1.38339,1.38301,197,1780412219.693,USDCAD
61,2026-06-02 14:57:00,1.38313,1.38313,1.38323,1.38302,168,1780412279.094,USDCAD
61,2026-06-02 14:58:00,1.38313,1.38322,1.3833,1.38313,158,1780412339.036,USDCAD
61,2026-06-02 14:59:00,1.38322,1.38318,1.3833,1.38317,131,1780412399.006,USDCAD
61,2026-06-02 15:00:00,1.38318,1.38314,1.38329,1.38314,154,1780412459.637,USDCAD
61,2026-06-02 15:01:00,1.38314,1.38318,1.38323,1.38308,172,1780412519.813,USDCAD
61,2026-06-02 15:02:00,1.38318,1.38331,1.38334,1.38312,137,1780412579.094,USDCAD
61,2026-06-02 15:03:00,1.38331,1.38349,1.38354,1.38331,129,1780412639.018,USDCAD
61,2026-06-02 15:04:00,1.38349,1.38338,1.38349,1.38332,185,1780412699.098,USDCAD
61,2026-06-02 15:05:00,1.38338,1.38326,1.38338,1.38325,194,1780412759.294,USDCAD
61,2026-06-02 15:06:00,1.38326,1.38302,1.38329,1.38301,143,1780412819.694,USDCAD
61,2026-06-02 15:07:00,1.38303,1.38291,1.38303,1.38291,124,1780412879.793,USDCAD
61,2026-06-02 15:08:00,1.38291,1.38301,1.38302,1.38288,150,1780412939.032,USDCAD
61,2026-06-02 15:09:00,1.38301,1.3832,1.38323,1.38299,127,1780412999.309,USDCAD
61,2026-06-02 15:10:00,1.3832,1.38311,1.3832,1.38309,150,1780413059.019,USDCAD
61,2026-06-02 15:11:00,1.38311,1.38305,1.38312,1.383,102,1780413119.733,USDCAD
61,2026-06-02 15:12:00,1.38305,1.383,1.38309,1.383,118,1780413179.015,USDCAD
61,2026-06-02 15:13:00,1.383,1.3828,1.383,1.38277,137,1780413239.095,USDCAD
61,2026-06-02 15:14:00,1.3828,1.38279,1.38284,1.38278,147,1780413299.906,USDCAD
61,2026-06-02 15:15:00,1.38279,1.38289,1.38289,1.38278,130,1780413359.492,USDCAD
61,2026-06-02 15:16:00,1.38289,1.38274,1.38289,1.38272,102,1780413419.03,USDCAD
61,2026-06-02 15:17:00,1.38274,1.38271,1.38278,1.38271,101,1780413479.531,USDCAD
61,2026-06-02 15:18:00,1.38271,1.38273,1.38284,1.38268,109,1780413539.004,USDCAD
61,2026-06-02 15:19:00,1.38272,1.38271,1.38274,1.3827,79,1780413599.014,USDCAD
61,2026-06-02 15:20:00,1.38271,1.3828,1.38297,1.3827,130,1780413659.795,USDCAD
61,2026-06-02 15:21:00,1.3828,1.3827,1.38294,1.38264,144,1780413719.017,USDCAD
61,2026-06-02 15:22:00,1.3827,1.38261,1.38271,1.38252,127,1780413779.449,USDCAD
61,2026-06-02 15:23:00,1.38261,1.38251,1.38261,1.3825,109,1780413839.043,USDCAD
61,2026-06-02 15:24:00,1.38251,1.38251,1.38253,1.38241,140,1780413899.03,USDCAD
61,2026-06-02 15:25:00,1.38251,1.38272,1.38273,1.38251,168,1780413959.794,USDCAD
61,2026-06-02 15:26:00,1.38272,1.38279,1.38281,1.38267,149,1780414019.005,USDCAD
61,2026-06-02 15:27:00,1.38279,1.3829,1.38291,1.38275,151,1780414079.093,USDCAD
61,2026-06-02 15:28:00,1.3829,1.38293,1.38299,1.3829,167,1780414139.294,USDCAD
61,2026-06-02 15:29:00,1.38293,1.38292,1.38298,1.38287,125,1780414199.047,USDCAD
61,2026-06-02 15:30:00,1.38292,1.38301,1.38301,1.38291,129,1780414259.094,USDCAD
61,2026-06-02 15:31:00,1.38301,1.38294,1.38305,1.38289,128,1780414319.593,USDCAD
61,2026-06-02 15:32:00,1.38294,1.38289,1.383,1.38288,103,1780414379.393,USDCAD
61,2026-06-02 15:33:00,1.38289,1.38289,1.3829,1.38279,97,1780414439.793,USDCAD
61,2026-06-02 15:34:00,1.3829,1.38282,1.38292,1.38281,147,1780414499.996,USDCAD
61,2026-06-02 15:35:00,1.38282,1.38278,1.38282,1.38278,103,1780414559.024,USDCAD
61,2026-06-02 15:36:00,1.38278,1.38268,1.38281,1.38268,115,1780414619.03,USDCAD
61,2026-06-02 15:37:00,1.38268,1.38261,1.3827,1.38252,150,1780414679.094,USDCAD
61,2026-06-02 15:38:00,1.38261,1.38268,1.38272,1.38259,118,1780414739.893,USDCAD
61,2026-06-02 15:39:00,1.38268,1.38268,1.38272,1.38261,120,1780414799.037,USDCAD
61,2026-06-02 15:40:00,1.38269,1.3828,1.38281,1.38266,127,1780414859.193,USDCAD
61,2026-06-02 15:41:00,1.3828,1.38272,1.3828,1.38265,132,1780414919.039,USDCAD
61,2026-06-02 15:42:00,1.38272,1.38279,1.38282,1.38272,97,1780414979.909,USDCAD
61,2026-06-02 15:43:00,1.38279,1.38274,1.38282,1.38272,98,1780415039.995,USDCAD
61,2026-06-02 15:44:00,1.38274,1.38272,1.38277,1.38268,103,1780415099.497,USDCAD
61,2026-06-02 15:45:00,1.38272,1.3827,1.38284,1.38269,133,1780415159.393,USDCAD
61,2026-06-02 15:46:00,1.3827,1.3825,1.3827,1.38249,102,1780415219.007,USDCAD
61,2026-06-02 15:47:00,1.3825,1.38241,1.38252,1.38241,93,1780415278.829,USDCAD
61,2026-06-02 15:48:00,1.38241,1.38244,1.38245,1.38238,101,1780415339.693,USDCAD
61,2026-06-02 15:49:00,1.38244,1.38236,1.38244,1.38231,124,1780415398.093,USDCAD
61,2026-06-02 15:50:00,1.38236,1.3824,1.38247,1.38236,126,1780415458.041,USDCAD
61,2026-06-02 15:51:00,1.3824,1.3824,1.3825,1.3824,130,1780415519.003,USDCAD
61,2026-06-02 15:52:00,1.3824,1.38244,1.38245,1.3824,115,1780415579.004,USDCAD
61,2026-06-02 15:53:00,1.38244,1.3824,1.38244,1.38238,109,1780415639.393,USDCAD
61,2026-06-02 15:54:00,1.3824,1.3824,1.38242,1.3823,124,1780415699.125,USDCAD
61,2026-06-02 15:55:00,1.3824,1.38241,1.38243,1.38236,110,1780415759.041,USDCAD
61,2026-06-02 15:56:00,1.38241,1.38262,1.38266,1.38241,113,1780415819.004,USDCAD
61,2026-06-02 15:57:00,1.38262,1.38255,1.38267,1.38245,110,1780415879.103,USDCAD
61,2026-06-02 15:58:00,1.38255,1.38244,1.38255,1.38241,116,1780415939.027,USDCAD
61,2026-06-02 15:59:00,1.38244,1.38236,1.38244,1.38235,124,1780415999.039,USDCAD
61,2026-06-02 16:00:00,1.38236,1.38261,1.38261,1.38232,136,1780416059.025,USDCAD
61,2026-06-02 16:01:00,1.3826,1.38253,1.38262,1.38251,152,1780416119.045,USDCAD
61,2026-06-02 16:02:00,1.38252,1.38244,1.38257,1.38243,134,1780416179.493,USDCAD
61,2026-06-02 16:03:00,1.38244,1.38244,1.3825,1.3824,113,1780416239.293,USDCAD
61,2026-06-02 16:04:00,1.38244,1.38253,1.38254,1.38243,111,1780416299.794,USDCAD
61,2026-06-02 16:05:00,1.38253,1.38246,1.38254,1.38243,109,1780416359.01,USDCAD
61,2026-06-02 16:06:00,1.38246,1.38243,1.3825,1.38243,126,1780416419.693,USDCAD
61,2026-06-02 16:07:00,1.38243,1.38244,1.38246,1.38234,145,1780416479.493,USDCAD
61,2026-06-02 16:08:00,1.38244,1.38252,1.38253,1.38243,126,1780416539.008,USDCAD
61,2026-06-02 16:09:00,1.38252,1.3826,1.38264,1.38252,100,1780416599.043,USDCAD
61,2026-06-02 16:10:00,1.3826,1.38261,1.38265,1.38255,115,1780416659.795,USDCAD
61,2026-06-02 16:11:00,1.38261,1.38245,1.38265,1.38245,121,1780416719.033,USDCAD
61,2026-06-02 16:12:00,1.38245,1.38249,1.38251,1.3824,118,1780416779.01,USDCAD
61,2026-06-02 16:13:00,1.38249,1.38245,1.38249,1.38244,102,1780416839.024,USDCAD
61,2026-06-02 16:14:00,1.38245,1.38245,1.38246,1.38242,89,1780416899.093,USDCAD
61,2026-06-02 16:15:00,1.38245,1.38233,1.3825,1.38229,138,1780416959.035,USDCAD
61,2026-06-02 16:16:00,1.38233,1.38235,1.38237,1.38231,98,1780417019.001,USDCAD
61,2026-06-02 16:17:00,1.38235,1.38234,1.38236,1.38234,77,1780417079.095,USDCAD
61,2026-06-02 16:18:00,1.38234,1.38241,1.38243,1.38232,109,1780417139.009,USDCAD
61,2026-06-02 16:19:00,1.38242,1.3826,1.38262,1.38241,136,1780417199.594,USDCAD
61,2026-06-02 16:20:00,1.3826,1.38261,1.38264,1.38255,118,1780417259.036,USDCAD
61,2026-06-02 16:21:00,1.38261,1.38272,1.38281,1.38261,123,1780417319.093,USDCAD
61,2026-06-02 16:22:00,1.38272,1.38261,1.38272,1.38253,140,1780417379.02,USDCAD
61,2026-06-02 16:23:00,1.38261,1.38251,1.38263,1.38251,118,1780417439.998,USDCAD
61,2026-06-02 16:24:00,1.38251,1.38254,1.38255,1.38239,119,1780417499.021,USDCAD
61,2026-06-02 16:25:00,1.38254,1.38254,1.38257,1.3825,108,1780417559.04,USDCAD
61,2026-06-02 16:26:00,1.38254,1.38254,1.38258,1.38253,109,1780417619.41,USDCAD
61,2026-06-02 16:27:00,1.38254,1.38256,1.38257,1.38252,90,1780417679.0,USDCAD
61,2026-06-02 16:28:00,1.38256,1.38265,1.38272,1.38254,96,1780417739.532,USDCAD
61,2026-06-02 16:29:00,1.38265,1.38274,1.38276,1.38265,89,1780417799.093,USDCAD
61,2026-06-02 16:30:00,1.38274,1.38272,1.38274,1.38269,105,1780417859.016,USDCAD
61,2026-06-02 16:31:00,1.38272,1.38271,1.38273,1.38264,119,1780417919.039,USDCAD
61,2026-06-02 16:32:00,1.38271,1.38278,1.38278,1.38263,115,1780417979.094,USDCAD
61,2026-06-02 16:33:00,1.38278,1.3829,1.3829,1.38278,96,1780418039.033,USDCAD
61,2026-06-02 16:34:00,1.3829,1.38292,1.38294,1.38287,101,1780418099.008,USDCAD
61,2026-06-02 16:35:00,1.38292,1.38294,1.38298,1.38288,99,1780418159.016,USDCAD
61,2026-06-02 16:36:00,1.38294,1.38307,1.38307,1.38292,94,1780418219.634,USDCAD
61,2026-06-02 16:37:00,1.38307,1.38302,1.38308,1.38302,107,1780418279.719,USDCAD
61,2026-06-02 16:38:00,1.38302,1.38315,1.38315,1.38301,101,1780418339.006,USDCAD
61,2026-06-02 16:39:00,1.38315,1.38316,1.38319,1.38312,84,1780418399.024,USDCAD
61,2026-06-02 16:40:00,1.38315,1.38318,1.3832,1.38315,107,1780418459.933,USDCAD
61,2026-06-02 16:41:00,1.38317,1.38321,1.3833,1.38316,90,1780418519.195,USDCAD
61,2026-06-02 16:42:00,1.38321,1.38326,1.38329,1.38318,81,1780418579.693,USDCAD
61,2026-06-02 16:43:00,1.38326,1.38333,1.38335,1.38324,87,1780418639.039,USDCAD
61,2026-06-02 16:44:00,1.38333,1.38325,1.38338,1.38322,111,1780418699.011,USDCAD
61,2026-06-02 16:45:00,1.38325,1.38338,1.38345,1.38325,115,1780418759.627,USDCAD
61,2026-06-02 16:46:00,1.38338,1.38332,1.38338,1.38326,113,1780418819.994,USDCAD
61,2026-06-02 16:47:00,1.38331,1.38333,1.38333,1.38328,95,1780418879.028,USDCAD
61,2026-06-02 16:48:00,1.38333,1.38332,1.3834,1.38332,114,1780418939.993,USDCAD
61,2026-06-02 16:49:00,1.38333,1.38343,1.38343,1.38331,96,1780418999.015,USDCAD
61,2026-06-02 16:50:00,1.38343,1.38332,1.38343,1.38332,104,1780419059.048,USDCAD
61,2026-06-02 16:51:00,1.38333,1.38323,1.38333,1.38321,118,1780419119.017,USDCAD
61,2026-06-02 16:52:00,1.38323,1.38323,1.38325,1.38319,117,1780419179.032,USDCAD
61,2026-06-02 16:53:00,1.38323,1.38331,1.38333,1.38323,90,1780419239.018,USDCAD
61,2026-06-02 16:54:00,1.38331,1.3833,1.38331,1.38325,99,1780419299.094,USDCAD
61,2026-06-02 16:55:00,1.3833,1.38337,1.38338,1.38329,104,1780419359.594,USDCAD
61,2026-06-02 16:56:00,1.38337,1.38338,1.38339,1.38335,110,1780419419.493,USDCAD
61,2026-06-02 16:57:00,1.38338,1.38336,1.38345,1.38336,95,1780419478.1,USDCAD
61,2026-06-02 16:58:00,1.38336,1.38328,1.38341,1.38328,117,1780419539.397,USDCAD
61,2026-06-02 16:59:00,1.38328,1.38331,1.38335,1.38326,94,1780419599.018,USDCAD
61,2026-06-02 17:00:00,1.38331,1.38325,1.38339,1.38322,150,1780419659.43,USDCAD
61,2026-06-02 17:01:00,1.38325,1.38325,1.38333,1.38318,156,1780419719.806,USDCAD
61,2026-06-02 17:02:00,1.38325,1.3834,1.38342,1.38322,135,1780419779.793,USDCAD
61,2026-06-02 17:03:00,1.3834,1.38348,1.38349,1.3834,149,1780419838.044,USDCAD
61,2026-06-02 17:04:00,1.38348,1.38356,1.38356,1.38346,107,1780419899.819,USDCAD
61,2026-06-02 17:05:00,1.38356,1.38371,1.38374,1.38356,95,1780419959.038,USDCAD
61,2026-06-02 17:06:00,1.38371,1.38368,1.38376,1.38359,120,1780420019.792,USDCAD
61,2026-06-02 17:07:00,1.38367,1.3837,1.38372,1.38366,90,1780420079.011,USDCAD
61,2026-06-02 17:08:00,1.3837,1.38371,1.3838,1.38363,114,1780420139.995,USDCAD
61,2026-06-02 17:09:00,1.38371,1.38381,1.38381,1.38371,125,1780420199.398,USDCAD
61,2026-06-02 17:10:00,1.38381,1.38382,1.38386,1.38376,89,1780420259.994,USDCAD
61,2026-06-02 17:11:00,1.38384,1.38386,1.3839,1.38384,114,1780420319.026,USDCAD
61,2026-06-02 17:12:00,1.38386,1.38376,1.38396,1.38376,94,1780420379.03,USDCAD
61,2026-06-02 17:13:00,1.38376,1.38375,1.38378,1.38366,86,1780420439.017,USDCAD
61,2026-06-02 17:14:00,1.38375,1.3838,1.38381,1.38375,81,1780420499.593,USDCAD
61,2026-06-02 17:15:00,1.3838,1.38377,1.3838,1.38375,81,1780420559.494,USDCAD
61,2026-06-02 17:16:00,1.38377,1.3839,1.38395,1.38377,107,1780420619.094,USDCAD
61,2026-06-02 17:17:00,1.3839,1.3838,1.3839,1.38377,93,1780420679.023,USDCAD
61,2026-06-02 17:18:00,1.3838,1.38376,1.38382,1.38375,86,1780420739.093,USDCAD
61,2026-06-02 17:19:00,1.38376,1.3838,1.38383,1.38376,102,1780420799.893,USDCAD
61,2026-06-02 17:20:00,1.3838,1.38368,1.38382,1.38368,107,1780420859.001,USDCAD
61,2026-06-02 17:21:00,1.38368,1.38359,1.38369,1.38358,97,1780420919.494,USDCAD
61,2026-06-02 17:22:00,1.38359,1.38352,1.3836,1.38348,95,1780420979.038,USDCAD
61,2026-06-02 17:23:00,1.38352,1.38357,1.38357,1.38349,93,1780421039.093,USDCAD
61,2026-06-02 17:24:00,1.38357,1.38359,1.38362,1.38354,86,1780421099.011,USDCAD
61,2026-06-02 17:25:00,1.38359,1.38356,1.38364,1.38356,159,1780421159.593,USDCAD
61,2026-06-02 17:26:00,1.38356,1.38354,1.38363,1.38352,117,1780421219.695,USDCAD
61,2026-06-02 17:27:00,1.38354,1.38359,1.3836,1.38353,109,1780421279.894,USDCAD
61,2026-06-02 17:28:00,1.38359,1.38354,1.3836,1.38351,100,1780421339.0,USDCAD
61,2026-06-02 17:29:00,1.38354,1.38348,1.38354,1.38346,133,1780421399.029,USDCAD
61,2026-06-02 17:30:00,1.38348,1.38339,1.3835,1.38336,115,1780421459.018,USDCAD
61,2026-06-02 17:31:00,1.38337,1.38353,1.38353,1.38337,111,1780421519.093,USDCAD
61,2026-06-02 17:32:00,1.38353,1.38348,1.38357,1.38346,112,1780421579.036,USDCAD
61,2026-06-02 17:33:00,1.38348,1.38355,1.38356,1.38345,107,1780421639.043,USDCAD
61,2026-06-02 17:34:00,1.38355,1.38349,1.38355,1.38347,75,1780421699.019,USDCAD
61,2026-06-02 17:35:00,1.38349,1.38357,1.38357,1.38348,123,1780421759.094,USDCAD
61,2026-06-02 17:36:00,1.38357,1.38355,1.38359,1.38355,86,1780421819.093,USDCAD
61,2026-06-02 17:37:00,1.38355,1.38362,1.38364,1.38354,88,1780421879.025,USDCAD
61,2026-06-02 17:38:00,1.38362,1.38357,1.38364,1.38356,114,1780421939.044,USDCAD
61,2026-06-02 17:39:00,1.38358,1.38368,1.38368,1.38356,103,1780421999.393,USDCAD
61,2026-06-02 17:40:00,1.38368,1.38376,1.38378,1.38366,102,1780422059.094,USDCAD
61,2026-06-02 17:41:00,1.38376,1.3838,1.38381,1.38375,103,1780422119.019,USDCAD
61,2026-06-02 17:42:00,1.3838,1.38382,1.38386,1.3838,96,1780422179.039,USDCAD
61,2026-06-02 17:43:00,1.38382,1.38377,1.38384,1.38375,97,1780422239.702,USDCAD
61,2026-06-02 17:44:00,1.38377,1.38378,1.38381,1.38376,84,1780422299.002,USDCAD
61,2026-06-02 17:45:00,1.38378,1.38387,1.38389,1.38375,136,1780422359.093,USDCAD
61,2026-06-02 17:46:00,1.38387,1.3839,1.38391,1.38384,82,1780422419.019,USDCAD
61,2026-06-02 17:47:00,1.3839,1.38394,1.38396,1.38386,82,1780422479.03,USDCAD
61,2026-06-02 17:48:00,1.38394,1.38392,1.38396,1.38392,90,1780422539.002,USDCAD
61,2026-06-02 17:49:00,1.38392,1.38384,1.38394,1.38384,93,1780422599.733,USDCAD
61,2026-06-02 17:50:00,1.38384,1.38379,1.38387,1.38376,85,1780422659.715,USDCAD
61,2026-06-02 17:51:00,1.38379,1.38385,1.38387,1.38377,100,1780422719.738,USDCAD
61,2026-06-02 17:52:00,1.38385,1.38385,1.38386,1.38381,83,1780422779.002,USDCAD
61,2026-06-02 17:53:00,1.38385,1.38387,1.3839,1.38385,86,1780422839.192,USDCAD
61,2026-06-02 17:54:00,1.38387,1.38392,1.38392,1.38384,74,1780422899.03,USDCAD
61,2026-06-02 17:55:00,1.38391,1.38395,1.38397,1.38391,79,1780422959.093,USDCAD
61,2026-06-02 17:56:00,1.38395,1.38394,1.38397,1.38393,84,1780423019.015,USDCAD
61,2026-06-02 17:57:00,1.38394,1.38386,1.38396,1.38385,82,1780423079.04,USDCAD
61,2026-06-02 17:58:00,1.38386,1.38384,1.38386,1.38381,76,1780423139.029,USDCAD
61,2026-06-02 17:59:00,1.38384,1.3839,1.38392,1.38381,89,1780423199.04,USDCAD
61,2026-06-02 18:00:00,1.3839,1.38386,1.38392,1.38386,130,1780423259.004,USDCAD
61,2026-06-02 18:01:00,1.38386,1.38382,1.38386,1.38377,90,1780423319.017,USDCAD
61,2026-06-02 18:02:00,1.38382,1.38389,1.38389,1.38381,83,1780423379.293,USDCAD
61,2026-06-02 18:03:00,1.38389,1.38383,1.38389,1.38383,87,1780423439.003,USDCAD
61,2026-06-02 18:04:00,1.38383,1.38384,1.38386,1.3838,100,1780423499.093,USDCAD
61,2026-06-02 18:05:00,1.38384,1.38385,1.38387,1.38383,92,1780423558.092,USDCAD
61,2026-06-02 18:06:00,1.38385,1.38399,1.38401,1.38384,100,1780423619.025,USDCAD
61,2026-06-02 18:07:00,1.38399,1.38396,1.38401,1.38396,75,1780423679.041,USDCAD
61,2026-06-02 18:08:00,1.38396,1.38399,1.38399,1.38394,80,1780423739.005,USDCAD
61,2026-06-02 18:09:00,1.38399,1.38398,1.38401,1.38396,100,1780423799.495,USDCAD
61,2026-06-02 18:10:00,1.38398,1.38398,1.38399,1.38392,98,1780423859.03,USDCAD
61,2026-06-02 18:11:00,1.38398,1.38395,1.38405,1.38395,110,1780423919.493,USDCAD
61,2026-06-02 18:12:00,1.38395,1.38396,1.38398,1.38391,96,1780423979.093,USDCAD
61,2026-06-02 18:13:00,1.38396,1.38395,1.38397,1.38393,74,1780424039.034,USDCAD
61,2026-06-02 18:14:00,1.38395,1.38392,1.38395,1.3839,77,1780424099.003,USDCAD
61,2026-06-02 18:15:00,1.38392,1.3839,1.38395,1.38386,92,1780424159.033,USDCAD
61,2026-06-02 18:16:00,1.3839,1.38391,1.38392,1.38384,84,1780424219.003,USDCAD
61,2026-06-02 18:17:00,1.38391,1.38394,1.38395,1.38389,99,1780424279.019,USDCAD
61,2026-06-02 18:18:00,1.38394,1.38401,1.38408,1.38392,111,1780424339.094,USDCAD
61,2026-06-02 18:19:00,1.38401,1.38396,1.38404,1.38396,80,1780424399.029,USDCAD
61,2026-06-02 18:20:00,1.38396,1.38399,1.38403,1.38395,98,1780424459.041,USDCAD
61,2026-06-02 18:21:00,1.38399,1.38395,1.38403,1.38395,95,1780424519.894,USDCAD
61,2026-06-02 18:22:00,1.38395,1.38384,1.38396,1.38381,123,1780424579.122,USDCAD
61,2026-06-02 18:23:00,1.38383,1.38375,1.38384,1.38372,106,1780424639.093,USDCAD
61,2026-06-02 18:24:00,1.38375,1.38371,1.38376,1.3837,91,1780424699.021,USDCAD
61,2026-06-02 18:25:00,1.38371,1.38375,1.38377,1.3837,90,1780424759.093,USDCAD
61,2026-06-02 18:26:00,1.38375,1.38375,1.38378,1.38373,96,1780424819.012,USDCAD
61,2026-06-02 18:27:00,1.38375,1.38375,1.38376,1.38374,70,1780424879.023,USDCAD
61,2026-06-02 18:28:00,1.38375,1.38376,1.38378,1.38373,99,1780424939.094,USDCAD
61,2026-06-02 18:29:00,1.38376,1.38374,1.38377,1.38367,94,1780424999.42,USDCAD
61,2026-06-02 18:30:00,1.38374,1.38376,1.38376,1.38362,125,1780425059.03,USDCAD
61,2026-06-02 18:31:00,1.38376,1.38378,1.3838,1.38375,104,1780425119.093,USDCAD
61,2026-06-02 18:32:00,1.38378,1.38369,1.38379,1.38368,102,1780425179.013,USDCAD
61,2026-06-02 18:33:00,1.38369,1.38362,1.38373,1.38359,96,1780425239.493,USDCAD
61,2026-06-02 18:34:00,1.38362,1.38364,1.38367,1.38359,108,1780425299.201,USDCAD
61,2026-06-02 18:35:00,1.38364,1.38354,1.38366,1.38352,95,1780425359.793,USDCAD
61,2026-06-02 18:36:00,1.38354,1.38352,1.38355,1.38348,96,1780425419.71,USDCAD
61,2026-06-02 18:37:00,1.38352,1.38346,1.38352,1.38341,119,1780425479.033,USDCAD
61,2026-06-02 18:38:00,1.38346,1.38346,1.3835,1.38345,174,1780425539.009,USDCAD
61,2026-06-02 18:39:00,1.38346,1.38345,1.38347,1.38337,146,1780425599.045,USDCAD
61,2026-06-02 18:40:00,1.38345,1.38346,1.38347,1.38339,131,1780425659.016,USDCAD
61,2026-06-02 18:41:00,1.38346,1.38342,1.38356,1.38337,175,1780425719.006,USDCAD
61,2026-06-02 18:42:00,1.38342,1.38341,1.38348,1.38336,111,1780425779.493,USDCAD
61,2026-06-02 18:43:00,1.38342,1.38345,1.38346,1.3834,99,1780425839.042,USDCAD
61,2026-06-02 18:44:00,1.38345,1.38336,1.38346,1.38336,118,1780425899.515,USDCAD
61,2026-06-02 18:45:00,1.38336,1.38336,1.38338,1.38334,94,1780425959.029,USDCAD
61,2026-06-02 18:46:00,1.38336,1.38333,1.38336,1.38327,98,1780426019.793,USDCAD
61,2026-06-02 18:47:00,1.38333,1.38334,1.38336,1.38331,89,1780426079.008,USDCAD
61,2026-06-02 18:48:00,1.38334,1.38335,1.38336,1.38327,108,1780426139.023,USDCAD
61,2026-06-02 18:49:00,1.38335,1.38325,1.38335,1.38322,102,1780426199.129,USDCAD
61,2026-06-02 18:50:00,1.38325,1.38326,1.38327,1.38322,115,1780426259.095,USDCAD
61,2026-06-02 18:51:00,1.38327,1.38334,1.38334,1.38325,58,1780426319.795,USDCAD
61,2026-06-02 18:52:00,1.38334,1.38335,1.38338,1.38334,71,1780426379.001,USDCAD
61,2026-06-02 18:53:00,1.38335,1.38335,1.38336,1.38333,132,1780426439.093,USDCAD
61,2026-06-02 18:54:00,1.38335,1.38321,1.38335,1.38317,93,1780426499.018,USDCAD
61,2026-06-02 18:55:00,1.38321,1.38302,1.38325,1.38301,143,1780426559.04,USDCAD
61,2026-06-02 18:56:00,1.38301,1.38304,1.38305,1.38296,145,1780426619.922,USDCAD
61,2026-06-02 18:57:00,1.38304,1.38297,1.38308,1.38296,134,1780426679.095,USDCAD
61,2026-06-02 18:58:00,1.38297,1.38295,1.38299,1.38294,97,1780426739.196,USDCAD
61,2026-06-02 18:59:00,1.38295,1.38317,1.38321,1.38295,138,1780426799.698,USDCAD
61,2026-06-02 19:00:00,1.38317,1.38309,1.38318,1.38307,152,1780426859.994,USDCAD
61,2026-06-02 19:01:00,1.38309,1.38319,1.3832,1.38306,88,1780426919.011,USDCAD
61,2026-06-02 19:02:00,1.38319,1.38316,1.38319,1.38313,80,1780426979.003,USDCAD
61,2026-06-02 19:03:00,1.38316,1.38316,1.38326,1.38316,85,1780427039.716,USDCAD
61,2026-06-02 19:04:00,1.38316,1.38319,1.38319,1.38315,82,1780427099.03,USDCAD
61,2026-06-02 19:05:00,1.38319,1.38326,1.38326,1.38319,70,1780427159.025,USDCAD
61,2026-06-02 19:06:00,1.38326,1.38326,1.38328,1.38322,73,1780427219.041,USDCAD
61,2026-06-02 19:07:00,1.38326,1.38319,1.38326,1.38319,79,1780427279.793,USDCAD
61,2026-06-02 19:08:00,1.38319,1.38317,1.38325,1.38316,86,1780427338.023,USDCAD
61,2026-06-02 19:09:00,1.38317,1.38319,1.3832,1.38317,66,1780427398.036,USDCAD
61,2026-06-02 19:10:00,1.38319,1.38319,1.38321,1.38319,90,1780427459.037,USDCAD
61,2026-06-02 19:11:00,1.38319,1.38326,1.38327,1.38318,80,1780427519.036,USDCAD
61,2026-06-02 19:12:00,1.38326,1.38325,1.38331,1.38325,82,1780427579.003,USDCAD
61,2026-06-02 19:13:00,1.38325,1.38326,1.38328,1.38325,77,1780427639.017,USDCAD
61,2026-06-02 19:14:00,1.38326,1.38326,1.38328,1.38325,72,1780427699.031,USDCAD
61,2026-06-02 19:15:00,1.38326,1.38324,1.38326,1.3832,92,1780427759.693,USDCAD
61,2026-06-02 19:16:00,1.38324,1.38319,1.38325,1.38319,80,1780427819.034,USDCAD
61,2026-06-02 19:17:00,1.38319,1.38316,1.38321,1.38316,75,1780427879.028,USDCAD
61,2026-06-02 19:18:00,1.38316,1.38323,1.38325,1.38316,82,1780427939.015,USDCAD
61,2026-06-02 19:19:00,1.38323,1.38327,1.38329,1.3832,88,1780427999.035,USDCAD
61,2026-06-02 19:20:00,1.38328,1.38326,1.38328,1.38326,76,1780428059.003,USDCAD
61,2026-06-02 19:21:00,1.38326,1.38328,1.38329,1.38326,79,1780428119.013,USDCAD
61,2026-06-02 19:22:00,1.38328,1.38321,1.38328,1.3832,85,1780428179.141,USDCAD
61,2026-06-02 19:23:00,1.38322,1.38324,1.38324,1.38319,88,1780428239.016,USDCAD
61,2026-06-02 19:24:00,1.38324,1.38331,1.38331,1.38321,79,1780428299.038,USDCAD
61,2026-06-02 19:25:00,1.38331,1.3834,1.38342,1.38329,69,1780428359.013,USDCAD
61,2026-06-02 19:26:00,1.3834,1.38332,1.3834,1.38331,81,1780428419.825,USDCAD
61,2026-06-02 19:27:00,1.38333,1.3833,1.38335,1.38329,82,1780428479.024,USDCAD
61,2026-06-02 19:28:00,1.38329,1.38331,1.38332,1.38329,78,1780428539.002,USDCAD
61,2026-06-02 19:29:00,1.38331,1.38331,1.38332,1.38327,87,1780428599.022,USDCAD
61,2026-06-02 19:30:00,1.38331,1.38332,1.38333,1.38329,85,1780428659.095,USDCAD
61,2026-06-02 19:31:00,1.38332,1.38342,1.38342,1.3833,82,1780428719.294,USDCAD
61,2026-06-02 19:32:00,1.38342,1.38342,1.38343,1.38341,69,1780428779.023,USDCAD
61,2026-06-02 19:33:00,1.38342,1.38338,1.38342,1.38337,85,1780428839.094,USDCAD
61,2026-06-02 19:34:00,1.38338,1.38338,1.3834,1.38336,77,1780428899.012,USDCAD
61,2026-06-02 19:35:00,1.38338,1.38349,1.3835,1.38338,71,1780428959.093,USDCAD
61,2026-06-02 19:36:00,1.38349,1.3834,1.3835,1.3834,90,1780429019.009,USDCAD
61,2026-06-02 19:37:00,1.3834,1.38345,1.38346,1.38337,100,1780429079.095,USDCAD
61,2026-06-02 19:38:00,1.38345,1.38358,1.38359,1.38345,86,1780429139.01,USDCAD
61,2026-06-02 19:39:00,1.38358,1.38355,1.38359,1.38355,86,1780429199.02,USDCAD
61,2026-06-02 19:40:00,1.38355,1.38356,1.38357,1.38354,77,1780429259.294,USDCAD
61,2026-06-02 19:41:00,1.38356,1.3836,1.38361,1.38355,67,1780429319.094,USDCAD
61,2026-06-02 19:42:00,1.3836,1.38357,1.38361,1.38357,73,1780429379.006,USDCAD
61,2026-06-02 19:43:00,1.38357,1.38355,1.38357,1.38353,82,1780429439.421,USDCAD
61,2026-06-02 19:44:00,1.38355,1.38367,1.38367,1.38355,81,1780429499.094,USDCAD
61,2026-06-02 19:45:00,1.38367,1.38357,1.38368,1.38357,101,1780429559.031,USDCAD
61,2026-06-02 19:46:00,1.38357,1.38366,1.38368,1.38357,75,1780429619.007,USDCAD
61,2026-06-02 19:47:00,1.38366,1.38365,1.38367,1.3836,84,1780429679.027,USDCAD
61,2026-06-02 19:48:00,1.38365,1.38355,1.38366,1.38355,90,1780429739.006,USDCAD
61,2026-06-02 19:49:00,1.38355,1.38356,1.38356,1.38354,73,1780429799.021,USDCAD
61,2026-06-02 19:50:00,1.38356,1.38349,1.38356,1.38346,87,1780429859.094,USDCAD
61,2026-06-02 19:51:00,1.38349,1.38346,1.38349,1.38346,85,1780429919.024,USDCAD
61,2026-06-02 19:52:00,1.38346,1.38339,1.38346,1.38336,78,1780429979.04,USDCAD
61,2026-06-02 19:53:00,1.38339,1.38349,1.38353,1.38339,83,1780430039.016,USDCAD
61,2026-06-02 19:54:00,1.38349,1.38346,1.38352,1.38345,99,1780430099.093,USDCAD
61,2026-06-02 19:55:00,1.38346,1.38355,1.38371,1.38346,141,1780430159.015,USDCAD
61,2026-06-02 19:56:00,1.38355,1.3834,1.38355,1.38336,144,1780430219.035,USDCAD
61,2026-06-02 19:57:00,1.38342,1.38338,1.38352,1.38336,159,1780430279.009,USDCAD
61,2026-06-02 19:58:00,1.38338,1.38358,1.38362,1.38336,171,1780430339.293,USDCAD
61,2026-06-02 19:59:00,1.38358,1.3836,1.38362,1.38346,187,1780430399.924,USDCAD
61,2026-06-02 20:00:00,1.38361,1.38358,1.38369,1.38355,165,1780430459.036,USDCAD
61,2026-06-02 20:01:00,1.38358,1.38361,1.38361,1.38356,132,1780430519.093,USDCAD
61,2026-06-02 20:02:00,1.38361,1.38353,1.38361,1.38348,114,1780430579.194,USDCAD
61,2026-06-02 20:03:00,1.38353,1.38356,1.38357,1.38348,89,1780430639.004,USDCAD
61,2026-06-02 20:04:00,1.38356,1.38355,1.38356,1.38352,83,1780430699.017,USDCAD
61,2026-06-02 20:05:00,1.38355,1.38348,1.38355,1.38348,71,1780430759.393,USDCAD
61,2026-06-02 20:06:00,1.38349,1.38355,1.38356,1.38348,87,1780430819.007,USDCAD
61,2026-06-02 20:07:00,1.38355,1.38349,1.38359,1.38348,92,1780430879.026,USDCAD
61,2026-06-02 20:08:00,1.38349,1.38348,1.38349,1.38347,69,1780430939.093,USDCAD
61,2026-06-02 20:09:00,1.38348,1.38347,1.38348,1.38341,92,1780430999.025,USDCAD
61,2026-06-02 20:10:00,1.38347,1.3836,1.3836,1.38347,84,1780431059.041,USDCAD
61,2026-06-02 20:11:00,1.3836,1.38358,1.38361,1.38357,73,1780431119.007,USDCAD
61,2026-06-02 20:12:00,1.38358,1.38353,1.38358,1.38348,87,1780431179.041,USDCAD
61,2026-06-02 20:13:00,1.38353,1.38363,1.38363,1.38353,78,1780431239.023,USDCAD
61,2026-06-02 20:14:00,1.38362,1.38363,1.38367,1.38361,72,1780431299.293,USDCAD
61,2026-06-02 20:15:00,1.38363,1.38363,1.38364,1.3836,95,1780431359.492,USDCAD
61,2026-06-02 20:16:00,1.38363,1.38367,1.38367,1.38362,64,1780431418.017,USDCAD
61,2026-06-02 20:17:00,1.38367,1.38372,1.38376,1.38364,85,1780431478.033,USDCAD
61,2026-06-02 20:18:00,1.38373,1.38362,1.38373,1.38361,89,1780431539.693,USDCAD
61,2026-06-02 20:19:00,1.38362,1.38354,1.38369,1.3835,123,1780431599.093,USDCAD
61,2026-06-02 20:20:00,1.38354,1.38368,1.38369,1.38354,82,1780431659.895,USDCAD
61,2026-06-02 20:21:00,1.38368,1.38368,1.38369,1.38366,89,1780431719.036,USDCAD
61,2026-06-02 20:22:00,1.38368,1.38373,1.38374,1.38368,66,1780431779.012,USDCAD
61,2026-06-02 20:23:00,1.38373,1.3837,1.38375,1.38369,126,1780431839.495,USDCAD
61,2026-06-02 20:24:00,1.3837,1.38371,1.38376,1.38368,95,1780431899.297,USDCAD
61,2026-06-02 20:25:00,1.38371,1.38378,1.38379,1.38371,78,1780431959.027,USDCAD
61,2026-06-02 20:26:00,1.38378,1.38379,1.38379,1.38375,83,1780432019.893,USDCAD
61,2026-06-02 20:27:00,1.38379,1.38376,1.38379,1.38376,97,1780432079.037,USDCAD
61,2026-06-02 20:28:00,1.38376,1.38379,1.38379,1.38374,70,1780432139.043,USDCAD
61,2026-06-02 20:29:00,1.38378,1.38366,1.38379,1.38366,84,1780432199.009,USDCAD
61,2026-06-02 20:30:00,1.38366,1.38367,1.38369,1.38366,77,1780432259.033,USDCAD
61,2026-06-02 20:31:00,1.38367,1.38356,1.38368,1.38355,82,1780432319.016,USDCAD
61,2026-06-02 20:32:00,1.38356,1.38355,1.38357,1.38355,75,1780432379.036,USDCAD
61,2026-06-02 20:33:00,1.38355,1.38355,1.38361,1.38355,71,1780432439.593,USDCAD
61,2026-06-02 20:34:00,1.38355,1.38367,1.38368,1.38353,84,1780432499.033,USDCAD
61,2026-06-02 20:35:00,1.38367,1.38367,1.38369,1.38366,61,1780432559.294,USDCAD
61,2026-06-02 20:36:00,1.38367,1.38369,1.3837,1.38367,65,1780432619.032,USDCAD
61,2026-06-02 20:37:00,1.38369,1.38376,1.38378,1.38368,69,1780432679.005,USDCAD
61,2026-06-02 20:38:00,1.38376,1.38384,1.38386,1.38375,75,1780432739.026,USDCAD
61,2026-06-02 20:39:00,1.38384,1.38386,1.38389,1.38383,88,1780432799.094,USDCAD
61,2026-06-02 20:40:00,1.38386,1.38385,1.38386,1.38383,80,1780432859.093,USDCAD
61,2026-06-02 20:41:00,1.38385,1.38386,1.38386,1.38384,72,1780432919.002,USDCAD
61,2026-06-02 20:42:00,1.38386,1.38386,1.38387,1.38384,67,1780432979.015,USDCAD
61,2026-06-02 20:43:00,1.38386,1.38386,1.38389,1.38385,78,1780433039.032,USDCAD
61,2026-06-02 20:44:00,1.38386,1.38391,1.38395,1.38386,118,1780433099.008,USDCAD
61,2026-06-02 20:45:00,1.38391,1.3839,1.38393,1.38387,96,1780433159.695,USDCAD
61,2026-06-02 20:46:00,1.3839,1.3839,1.38392,1.3839,76,1780433219.011,USDCAD
61,2026-06-02 20:47:00,1.3839,1.38396,1.38396,1.38387,92,1780433279.019,USDCAD
61,2026-06-02 20:48:00,1.38396,1.38396,1.38397,1.38395,66,1780433339.026,USDCAD
61,2026-06-02 20:49:00,1.38396,1.38396,1.38397,1.38393,74,1780433399.03,USDCAD
61,2026-06-02 20:50:00,1.38396,1.38397,1.384,1.38396,66,1780433459.022,USDCAD
61,2026-06-02 20:51:00,1.38397,1.38393,1.38397,1.38392,57,1780433519.05,USDCAD
61,2026-06-02 20:52:00,1.38393,1.38399,1.38399,1.38393,66,1780433579.894,USDCAD
61,2026-06-02 20:53:00,1.38399,1.38395,1.38399,1.38395,62,1780433639.0,USDCAD
61,2026-06-02 20:54:00,1.38395,1.38396,1.38396,1.38392,75,1780433699.194,USDCAD
61,2026-06-02 20:55:00,1.38396,1.38389,1.384,1.38388,101,1780433759.008,USDCAD
61,2026-06-02 20:56:00,1.38389,1.38392,1.38393,1.38387,70,1780433819.015,USDCAD
61,2026-06-02 20:57:00,1.38392,1.38392,1.38392,1.38384,168,1780433879.794,USDCAD
61,2026-06-02 20:58:00,1.3839,1.38393,1.38401,1.38376,372,1780433939.841,USDCAD
61,2026-06-02 20:59:00,1.38393,1.38393,1.38397,1.38389,101,1780433999.096,USDCAD
61,2026-06-02 21:00:00,1.38393,1.38362,1.38393,1.38362,62,1780434059.042,USDCAD
61,2026-06-02 21:01:00,1.38362,1.38362,1.38362,1.38362,60,1780434119.003,USDCAD
61,2026-06-02 21:02:00,1.38362,1.38362,1.38362,1.38362,60,1780434179.016,USDCAD
61,2026-06-02 21:03:00,1.38362,1.38362,1.38362,1.38362,60,1780434239.023,USDCAD
61,2026-06-02 21:04:00,1.38362,1.38362,1.38362,1.38362,60,1780434299.024,USDCAD
61,2026-06-02 21:05:00,1.38362,1.38373,1.38373,1.38362,61,1780434359.033,USDCAD
61,2026-06-02 21:06:00,1.38373,1.38362,1.38373,1.38362,49,1780434419.011,USDCAD
61,2026-06-02 21:07:00,1.38362,1.38362,1.38362,1.38362,50,1780434479.043,USDCAD
61,2026-06-02 21:08:00,1.38362,1.38362,1.38362,1.38362,58,1780434539.019,USDCAD
61,2026-06-02 21:09:00,1.38362,1.38362,1.38362,1.38362,57,1780434599.094,USDCAD
61,2026-06-02 21:10:00,1.38362,1.38362,1.38362,1.38362,57,1780434659.093,USDCAD
61,2026-06-02 21:11:00,1.38362,1.38362,1.38362,1.38362,60,1780434719.04,USDCAD
61,2026-06-02 21:12:00,1.38362,1.38362,1.38362,1.38362,60,1780434779.042,USDCAD
61,2026-06-02 21:13:00,1.38362,1.38362,1.38362,1.38362,60,1780434839.035,USDCAD
61,2026-06-02 21:14:00,1.38362,1.38362,1.38362,1.38362,60,1780434899.014,USDCAD
61,2026-06-02 21:15:00,1.38362,1.38363,1.38363,1.38362,61,1780434959.001,USDCAD
61,2026-06-02 21:16:00,1.38363,1.38362,1.38376,1.38362,68,1780435019.893,USDCAD
61,2026-06-02 21:17:00,1.38362,1.38362,1.3837,1.38362,63,1780435079.003,USDCAD
61,2026-06-02 21:18:00,1.38362,1.38374,1.38376,1.38362,65,1780435139.022,USDCAD
61,2026-06-02 21:19:00,1.38374,1.3837,1.38375,1.38362,60,1780435198.042,USDCAD
61,2026-06-02 21:20:00,1.3837,1.38359,1.38396,1.38359,60,1780435259.016,USDCAD
61,2026-06-02 21:21:00,1.38359,1.38377,1.38377,1.38359,59,1780435319.005,USDCAD
61,2026-06-02 21:22:00,1.38377,1.3839,1.38395,1.38359,63,1780435379.03,USDCAD
61,2026-06-02 21:23:00,1.3839,1.38403,1.38403,1.3839,60,1780435438.04,USDCAD
61,2026-06-02 21:24:00,1.38403,1.38407,1.38407,1.384,60,1780435499.009,USDCAD
61,2026-06-02 21:25:00,1.38407,1.38371,1.38407,1.38371,68,1780435558.045,USDCAD
61,2026-06-02 21:26:00,1.38371,1.38366,1.38371,1.38348,68,1780435619.598,USDCAD
61,2026-06-02 21:27:00,1.38366,1.38365,1.38366,1.38365,61,1780435679.026,USDCAD
61,2026-06-02 21:28:00,1.38365,1.38365,1.38365,1.38365,60,1780435739.034,USDCAD
61,2026-06-02 21:29:00,1.38365,1.384,1.384,1.38365,64,1780435799.026,USDCAD
61,2026-06-02 21:30:00,1.384,1.38416,1.38416,1.38394,71,1780435859.012,USDCAD
61,2026-06-02 21:31:00,1.38416,1.38409,1.38416,1.38404,65,1780435919.03,USDCAD
61,2026-06-02 21:32:00,1.38409,1.38411,1.38411,1.38409,62,1780435979.002,USDCAD
61,2026-06-02 21:33:00,1.38411,1.38409,1.38411,1.38409,62,1780436039.029,USDCAD
61,2026-06-02 21:34:00,1.38409,1.38409,1.38409,1.38408,65,1780436099.027,USDCAD
61,2026-06-02 21:35:00,1.38409,1.38408,1.38409,1.38408,52,1780436159.095,USDCAD
61,2026-06-02 21:36:00,1.38408,1.38407,1.38408,1.38407,49,1780436219.027,USDCAD
61,2026-06-02 21:37:00,1.38407,1.38407,1.38407,1.38407,54,1780436279.024,USDCAD
61,2026-06-02 21:38:00,1.38407,1.38407,1.38408,1.38406,64,1780436339.005,USDCAD
61,2026-06-02 21:39:00,1.38407,1.38406,1.38408,1.38404,65,1780436399.044,USDCAD
61,2026-06-02 21:40:00,1.38406,1.38399,1.38406,1.38399,58,1780436459.043,USDCAD
61,2026-06-02 21:41:00,1.38399,1.38399,1.38399,1.38399,57,1780436519.002,USDCAD
61,2026-06-02 21:42:00,1.38399,1.38404,1.38404,1.38399,61,1780436579.011,USDCAD
61,2026-06-02 21:43:00,1.38404,1.384,1.38404,1.384,61,1780436639.032,USDCAD
61,2026-06-02 21:44:00,1.384,1.38406,1.38406,1.384,62,1780436699.006,USDCAD
61,2026-06-02 21:45:00,1.38406,1.38406,1.38406,1.38406,60,1780436759.022,USDCAD
61,2026-06-02 21:46:00,1.38406,1.38404,1.38406,1.38404,61,1780436819.008,USDCAD
61,2026-06-02 21:47:00,1.38404,1.38406,1.38406,1.38401,92,1780436879.018,USDCAD
61,2026-06-02 21:48:00,1.38406,1.38406,1.38407,1.38401,106,1780436939.593,USDCAD
61,2026-06-02 21:49:00,1.38406,1.38403,1.38407,1.384,216,1780436999.639,USDCAD
61,2026-06-02 21:50:00,1.38403,1.38403,1.38406,1.38402,113,1780437059.002,USDCAD
61,2026-06-02 21:51:00,1.38403,1.38405,1.38407,1.38396,117,1780437119.012,USDCAD
61,2026-06-02 21:52:00,1.38405,1.38407,1.38407,1.38395,132,1780437179.017,USDCAD
61,2026-06-02 21:53:00,1.38407,1.38407,1.38409,1.38398,95,1780437239.001,USDCAD
61,2026-06-02 21:54:00,1.38407,1.38402,1.38408,1.38397,185,1780437299.827,USDCAD
61,2026-06-02 21:55:00,1.38403,1.38404,1.38404,1.38402,60,1780437359.044,USDCAD
61,2026-06-02 21:56:00,1.38404,1.38405,1.38406,1.38404,60,1780437419.013,USDCAD
61,2026-06-02 21:57:00,1.38405,1.38407,1.38409,1.38405,69,1780437479.038,USDCAD
61,2026-06-02 21:58:00,1.38407,1.3841,1.3841,1.38406,69,1780437539.892,USDCAD
61,2026-06-02 21:59:00,1.3841,1.38414,1.38417,1.3841,70,1780437599.032,USDCAD
61,2026-06-02 22:00:00,1.38414,1.3838,1.38414,1.38379,90,1780437659.006,USDCAD
61,2026-06-02 22:01:00,1.3838,1.38399,1.38402,1.38378,92,1780437719.993,USDCAD
61,2026-06-02 22:02:00,1.38399,1.38403,1.38404,1.38398,72,1780437779.005,USDCAD
61,2026-06-02 22:03:00,1.38403,1.38407,1.38407,1.384,86,1780437839.022,USDCAD
61,2026-06-02 22:04:00,1.38407,1.38405,1.38407,1.38402,75,1780437899.094,USDCAD
61,2026-06-02 22:05:00,1.38405,1.38406,1.38408,1.38403,75,1780437959.037,USDCAD
61,2026-06-02 22:06:00,1.38406,1.38407,1.3841,1.38406,56,1780438019.003,USDCAD
61,2026-06-02 22:07:00,1.38407,1.38395,1.38407,1.38388,79,1780438079.039,USDCAD
61,2026-06-02 22:08:00,1.38395,1.38395,1.38396,1.38394,58,1780438139.012,USDCAD
61,2026-06-02 22:09:00,1.38395,1.38395,1.38395,1.38395,59,1780438199.017,USDCAD
61,2026-06-02 22:10:00,1.38395,1.38395,1.38397,1.38394,75,1780438259.994,USDCAD
61,2026-06-02 22:11:00,1.38395,1.384,1.384,1.38394,67,1780438319.007,USDCAD
61,2026-06-02 22:12:00,1.384,1.38401,1.38404,1.38399,71,1780438379.033,USDCAD
61,2026-06-02 22:13:00,1.38401,1.38419,1.38421,1.38401,87,1780438439.006,USDCAD
61,2026-06-02 22:14:00,1.38419,1.38421,1.38421,1.38418,87,1780438499.017,USDCAD
61,2026-06-02 22:15:00,1.38421,1.3842,1.38421,1.38417,75,1780438559.043,USDCAD
61,2026-06-02 22:16:00,1.3842,1.3842,1.38422,1.3842,63,1780438619.094,USDCAD
61,2026-06-02 22:17:00,1.3842,1.38422,1.38422,1.3842,62,1780438679.013,USDCAD
61,2026-06-02 22:18:00,1.38422,1.38418,1.38422,1.38417,68,1780438739.028,USDCAD
61,2026-06-02 22:19:00,1.38418,1.38418,1.3842,1.38417,63,1780438799.011,USDCAD
61,2026-06-02 22:20:00,1.38418,1.38418,1.38421,1.38418,70,1780438859.028,USDCAD
61,2026-06-02 22:21:00,1.38418,1.38409,1.3842,1.38409,70,1780438919.001,USDCAD
61,2026-06-02 22:22:00,1.38409,1.38413,1.38413,1.38409,63,1780438979.014,USDCAD
61,2026-06-02 22:23:00,1.38413,1.38412,1.38413,1.38412,60,1780439039.094,USDCAD
61,2026-06-02 22:24:00,1.38412,1.38409,1.38412,1.38409,58,1780439098.095,USDCAD
61,2026-06-02 22:25:00,1.38409,1.38409,1.38411,1.38409,54,1780439158.028,USDCAD
61,2026-06-02 22:26:00,1.38409,1.38403,1.38409,1.38402,66,1780439219.005,USDCAD
61,2026-06-02 22:27:00,1.38403,1.38399,1.38403,1.38398,68,1780439279.032,USDCAD
61,2026-06-02 22:28:00,1.38399,1.38403,1.38405,1.38399,64,1780439339.005,USDCAD
61,2026-06-02 22:29:00,1.38403,1.384,1.38403,1.384,62,1780439399.042,USDCAD
61,2026-06-02 22:30:00,1.384,1.384,1.38402,1.384,61,1780439459.014,USDCAD
61,2026-06-02 22:31:00,1.384,1.38399,1.384,1.38399,61,1780439519.017,USDCAD
61,2026-06-02 22:32:00,1.38399,1.384,1.384,1.38397,67,1780439579.094,USDCAD
61,2026-06-02 22:33:00,1.384,1.38403,1.38403,1.384,69,1780439639.017,USDCAD
61,2026-06-02 22:34:00,1.38403,1.38401,1.38403,1.384,76,1780439699.044,USDCAD
61,2026-06-02 22:35:00,1.38401,1.38402,1.38402,1.384,67,1780439759.092,USDCAD
61,2026-06-02 22:36:00,1.38402,1.384,1.38402,1.384,63,1780439819.015,USDCAD
61,2026-06-02 22:37:00,1.384,1.38401,1.38403,1.384,65,1780439879.022,USDCAD
61,2026-06-02 22:38:00,1.38401,1.38402,1.38403,1.38401,64,1780439939.093,USDCAD
61,2026-06-02 22:39:00,1.38402,1.38403,1.38409,1.38402,70,1780439999.021,USDCAD
61,2026-06-02 22:40:00,1.38403,1.38404,1.38407,1.38402,60,1780440059.093,USDCAD
61,2026-06-02 22:41:00,1.38404,1.384,1.38404,1.384,52,1780440119.093,USDCAD
61,2026-06-02 22:42:00,1.384,1.38399,1.384,1.38399,54,1780440179.003,USDCAD
61,2026-06-02 22:43:00,1.38399,1.384,1.38401,1.38399,56,1780440239.018,USDCAD
61,2026-06-02 22:44:00,1.384,1.38401,1.38401,1.38399,62,1780440299.138,USDCAD
61,2026-06-02 22:45:00,1.38401,1.38401,1.38401,1.38397,62,1780440359.093,USDCAD
61,2026-06-02 22:46:00,1.38401,1.38401,1.38401,1.38399,60,1780440419.522,USDCAD
61,2026-06-02 22:47:00,1.38401,1.384,1.38401,1.38398,62,1780440479.093,USDCAD
61,2026-06-02 22:48:00,1.384,1.38401,1.38401,1.38399,61,1780440539.035,USDCAD
61,2026-06-02 22:49:00,1.38401,1.38399,1.38401,1.38398,63,1780440599.018,USDCAD
61,2026-06-02 22:50:00,1.38399,1.38399,1.38401,1.38399,64,1780440659.092,USDCAD
61,2026-06-02 22:51:00,1.38399,1.38407,1.38407,1.38399,66,1780440719.007,USDCAD
61,2026-06-02 22:52:00,1.38407,1.38406,1.38407,1.38401,73,1780440779.021,USDCAD
61,2026-06-02 22:53:00,1.38406,1.38408,1.38408,1.38402,73,1780440839.004,USDCAD
61,2026-06-02 22:54:00,1.38408,1.38407,1.38409,1.38404,73,1780440899.034,USDCAD
61,2026-06-02 22:55:00,1.38407,1.38399,1.38407,1.38396,74,1780440959.003,USDCAD
61,2026-06-02 22:56:00,1.38399,1.38396,1.38399,1.38396,58,1780441019.492,USDCAD
61,2026-06-02 22:57:00,1.38396,1.38396,1.38399,1.38389,74,1780441079.093,USDCAD
61,2026-06-02 22:58:00,1.38396,1.38399,1.384,1.38389,81,1780441139.993,USDCAD
61,2026-06-02 22:59:00,1.38399,1.38409,1.38409,1.38397,128,1780441199.045,USDCAD
61,2026-06-02 23:00:00,1.38409,1.38406,1.38409,1.38396,104,1780441259.019,USDCAD
61,2026-06-02 23:01:00,1.38406,1.38402,1.3841,1.38401,116,1780441319.593,USDCAD
61,2026-06-02 23:02:00,1.38402,1.38411,1.38416,1.38402,118,1780441379.042,USDCAD
61,2026-06-02 23:03:00,1.38411,1.3841,1.38411,1.38407,79,1780441439.007,USDCAD
61,2026-06-02 23:04:00,1.3841,1.38408,1.38411,1.38408,76,1780441499.029,USDCAD
61,2026-06-02 23:05:00,1.38408,1.38396,1.38408,1.38396,82,1780441559.045,USDCAD
61,2026-06-02 23:06:00,1.38396,1.38396,1.38399,1.38396,76,1780441619.006,USDCAD
61,2026-06-02 23:07:00,1.38396,1.38401,1.38401,1.38396,70,1780441679.026,USDCAD
61,2026-06-02 23:08:00,1.38401,1.38396,1.38407,1.38396,74,1780441739.092,USDCAD
61,2026-06-02 23:09:00,1.38396,1.38397,1.38398,1.38396,64,1780441799.031,USDCAD
61,2026-06-02 23:10:00,1.38397,1.38399,1.38399,1.38396,69,1780441859.03,USDCAD
61,2026-06-02 23:11:00,1.38399,1.38401,1.38401,1.38396,65,1780441919.025,USDCAD
61,2026-06-02 23:12:00,1.38401,1.384,1.38401,1.38399,58,1780441979.001,USDCAD
61,2026-06-02 23:13:00,1.384,1.384,1.38401,1.384,49,1780442039.016,USDCAD
61,2026-06-02 23:14:00,1.384,1.384,1.384,1.38397,59,1780442099.036,USDCAD
61,2026-06-02 23:15:00,1.384,1.38399,1.384,1.38397,61,1780442159.016,USDCAD
61,2026-06-02 23:16:00,1.38399,1.38403,1.38407,1.38396,72,1780442219.093,USDCAD
61,2026-06-02 23:17:00,1.38403,1.38401,1.38407,1.384,72,1780442279.001,USDCAD
61,2026-06-02 23:18:00,1.38401,1.38401,1.38402,1.38396,68,1780442339.014,USDCAD
61,2026-06-02 23:19:00,1.38401,1.38407,1.38408,1.38401,77,1780442399.894,USDCAD
61,2026-06-02 23:20:00,1.38407,1.38408,1.38409,1.38402,99,1780442459.093,USDCAD
61,2026-06-02 23:21:00,1.38408,1.38426,1.38428,1.38407,88,1780442519.022,USDCAD
61,2026-06-02 23:22:00,1.38426,1.38409,1.38426,1.38409,89,1780442579.054,USDCAD
61,2026-06-02 23:23:00,1.38409,1.38409,1.38411,1.38408,76,1780442639.093,USDCAD
61,2026-06-02 23:24:00,1.38409,1.38401,1.3841,1.38401,87,1780442699.021,USDCAD
61,2026-06-02 23:25:00,1.38401,1.38401,1.38403,1.38401,79,1780442759.594,USDCAD
61,2026-06-02 23:26:00,1.38401,1.38406,1.38406,1.384,77,1780442819.032,USDCAD
61,2026-06-02 23:27:00,1.38406,1.38409,1.3841,1.38406,71,1780442879.093,USDCAD
61,2026-06-02 23:28:00,1.38409,1.38411,1.38411,1.38407,73,1780442939.03,USDCAD
61,2026-06-02 23:29:00,1.38411,1.38412,1.3842,1.38411,84,1780442999.044,USDCAD
61,2026-06-02 23:30:00,1.38412,1.3841,1.38412,1.38407,93,1780443059.208,USDCAD
61,2026-06-02 23:31:00,1.3841,1.38419,1.38421,1.3841,66,1780443118.039,USDCAD
61,2026-06-02 23:32:00,1.38419,1.38421,1.38422,1.38419,57,1780443178.037,USDCAD
61,2026-06-02 23:33:00,1.38421,1.38427,1.38429,1.3842,71,1780443239.008,USDCAD
61,2026-06-02 23:34:00,1.38427,1.38426,1.38427,1.38425,66,1780443298.094,USDCAD
61,2026-06-02 23:35:00,1.38426,1.3842,1.38427,1.38419,82,1780443359.093,USDCAD
61,2026-06-02 23:36:00,1.3842,1.38431,1.38431,1.38418,86,1780443419.042,USDCAD
61,2026-06-02 23:37:00,1.38431,1.38437,1.38438,1.38429,89,1780443479.018,USDCAD
61,2026-06-02 23:38:00,1.38437,1.38445,1.38448,1.38436,70,1780443539.023,USDCAD
61,2026-06-02 23:39:00,1.38445,1.38441,1.38445,1.3844,66,1780443599.042,USDCAD
61,2026-06-02 23:40:00,1.38441,1.38445,1.38448,1.38441,75,1780443659.012,USDCAD
61,2026-06-02 23:41:00,1.38445,1.38444,1.38445,1.3844,73,1780443719.309,USDCAD
61,2026-06-02 23:42:00,1.38444,1.38441,1.38444,1.38436,65,1780443779.093,USDCAD
61,2026-06-02 23:43:00,1.38441,1.3844,1.38443,1.3844,73,1780443839.123,USDCAD
61,2026-06-02 23:44:00,1.3844,1.38447,1.38447,1.38436,108,1780443899.735,USDCAD
61,2026-06-02 23:45:00,1.38447,1.38453,1.38455,1.38445,109,1780443959.003,USDCAD
61,2026-06-02 23:46:00,1.38453,1.38457,1.38457,1.38453,58,1780444019.031,USDCAD
61,2026-06-02 23:47:00,1.38457,1.38458,1.38464,1.38457,86,1780444079.042,USDCAD
61,2026-06-02 23:48:00,1.38458,1.38467,1.38467,1.38457,81,1780444139.016,USDCAD
61,2026-06-02 23:49:00,1.38467,1.38457,1.38467,1.38457,87,1780444199.095,USDCAD
61,2026-06-02 23:50:00,1.38457,1.38456,1.38457,1.38455,74,1780444259.01,USDCAD
61,2026-06-02 23:51:00,1.38456,1.38457,1.38458,1.38455,77,1780444319.018,USDCAD
61,2026-06-02 23:52:00,1.38457,1.38451,1.38458,1.38451,79,1780444379.4,USDCAD
61,2026-06-02 23:53:00,1.38453,1.38454,1.38455,1.3845,81,1780444439.011,USDCAD
61,2026-06-02 23:54:00,1.38454,1.38453,1.38454,1.3845,155,1780444499.625,USDCAD
61,2026-06-02 23:55:00,1.38452,1.38458,1.3846,1.38452,102,1780444559.004,USDCAD
61,2026-06-02 23:56:00,1.38458,1.38455,1.38458,1.38454,127,1780444619.002,USDCAD
61,2026-06-02 23:57:00,1.38455,1.38451,1.38455,1.38448,150,1780444679.039,USDCAD
61,2026-06-02 23:58:00,1.38451,1.38453,1.38454,1.3845,95,1780444739.093,USDCAD
61,2026-06-02 23:59:00,1.38453,1.38458,1.38459,1.3845,123,1780444799.819,USDCAD
61,2026-06-03 00:00:00,1.38458,1.38461,1.38468,1.38458,165,1780444859.595,USDCAD
61,2026-06-03 00:01:00,1.38461,1.38457,1.38463,1.38455,160,1780444919.8,USDCAD
61,2026-06-03 00:02:00,1.38457,1.3847,1.38471,1.38457,75,1780444979.012,USDCAD
61,2026-06-03 00:03:00,1.3847,1.38465,1.38471,1.38464,93,1780445039.016,USDCAD
61,2026-06-03 00:04:00,1.38465,1.38461,1.38465,1.38457,108,1780445099.094,USDCAD
61,2026-06-03 00:05:00,1.38462,1.38462,1.38468,1.38462,117,1780445159.293,USDCAD
61,2026-06-03 00:06:00,1.38462,1.38457,1.38462,1.38456,84,1780445219.093,USDCAD
61,2026-06-03 00:07:00,1.38457,1.38458,1.38459,1.38456,160,1780445279.021,USDCAD
61,2026-06-03 00:08:00,1.38458,1.38464,1.38465,1.38457,82,1780445339.093,USDCAD
61,2026-06-03 00:09:00,1.38464,1.38465,1.38469,1.38463,131,1780445399.019,USDCAD
61,2026-06-03 00:10:00,1.38465,1.38464,1.38468,1.38463,99,1780445459.039,USDCAD
61,2026-06-03 00:11:00,1.38464,1.38457,1.38465,1.38457,73,1780445519.033,USDCAD
61,2026-06-03 00:12:00,1.38457,1.38458,1.3846,1.38457,76,1780445579.006,USDCAD
61,2026-06-03 00:13:00,1.38458,1.38459,1.3846,1.38451,99,1780445639.038,USDCAD
61,2026-06-03 00:14:00,1.38459,1.38453,1.3846,1.38451,139,1780445699.045,USDCAD
61,2026-06-03 00:15:00,1.38453,1.38451,1.38458,1.3845,90,1780445759.331,USDCAD
61,2026-06-03 00:16:00,1.38451,1.38436,1.38453,1.38436,139,1780445819.513,USDCAD
61,2026-06-03 00:17:00,1.38436,1.38436,1.38438,1.38435,76,1780445879.032,USDCAD
61,2026-06-03 00:18:00,1.38436,1.38437,1.38438,1.38434,86,1780445939.007,USDCAD
61,2026-06-03 00:19:00,1.38437,1.38438,1.38438,1.38428,99,1780445999.538,USDCAD
61,2026-06-03 00:20:00,1.38438,1.38437,1.3844,1.38436,81,1780446059.017,USDCAD
61,2026-06-03 00:21:00,1.38437,1.38418,1.38437,1.38414,114,1780446119.011,USDCAD
61,2026-06-03 00:22:00,1.3842,1.38423,1.38428,1.38416,91,1780446179.036,USDCAD
61,2026-06-03 00:23:00,1.38423,1.38423,1.38428,1.38423,95,1780446239.014,USDCAD
61,2026-06-03 00:24:00,1.38423,1.38421,1.38427,1.38421,78,1780446299.042,USDCAD
61,2026-06-03 00:25:00,1.38421,1.38422,1.38424,1.38421,73,1780446359.03,USDCAD
61,2026-06-03 00:26:00,1.38422,1.38419,1.38423,1.38417,77,1780446419.406,USDCAD
61,2026-06-03 00:27:00,1.38419,1.38414,1.38423,1.38414,89,1780446479.006,USDCAD
61,2026-06-03 00:28:00,1.38414,1.3841,1.38416,1.38409,91,1780446539.893,USDCAD
61,2026-06-03 00:29:00,1.3841,1.38412,1.38413,1.38408,111,1780446599.017,USDCAD
61,2026-06-03 00:30:00,1.38412,1.38411,1.38413,1.38407,91,1780446659.028,USDCAD
61,2026-06-03 00:31:00,1.38411,1.38413,1.38418,1.38411,109,1780446719.033,USDCAD
61,2026-06-03 00:32:00,1.38413,1.38412,1.38415,1.3841,99,1780446779.038,USDCAD
61,2026-06-03 00:33:00,1.38411,1.38401,1.38411,1.38401,90,1780446839.007,USDCAD
61,2026-06-03 00:34:00,1.38401,1.38399,1.38403,1.38399,81,1780446898.032,USDCAD
61,2026-06-03 00:35:00,1.38399,1.38404,1.38409,1.38399,70,1780446958.021,USDCAD
61,2026-06-03 00:36:00,1.38404,1.38401,1.38409,1.38401,65,1780447018.041,USDCAD
61,2026-06-03 00:37:00,1.38402,1.38403,1.38403,1.38401,69,1780447079.001,USDCAD
61,2026-06-03 00:38:00,1.38403,1.38404,1.38407,1.384,64,1780447138.037,USDCAD
61,2026-06-03 00:39:00,1.38404,1.38399,1.38404,1.38399,88,1780447199.01,USDCAD
61,2026-06-03 00:40:00,1.38399,1.38387,1.38399,1.38387,93,1780447259.839,USDCAD
61,2026-06-03 00:41:00,1.38387,1.38388,1.38393,1.38387,98,1780447319.694,USDCAD
61,2026-06-03 00:42:00,1.38387,1.38397,1.38397,1.38387,100,1780447379.714,USDCAD
61,2026-06-03 00:43:00,1.38397,1.38402,1.38403,1.38394,110,1780447439.04,USDCAD
61,2026-06-03 00:44:00,1.38402,1.38409,1.38409,1.38399,90,1780447499.041,USDCAD
61,2026-06-03 00:45:00,1.38409,1.38409,1.3841,1.38407,70,1780447559.008,USDCAD
61,2026-06-03 00:46:00,1.38409,1.38413,1.38414,1.38409,84,1780447619.992,USDCAD
61,2026-06-03 00:47:00,1.38413,1.38411,1.38413,1.38409,88,1780447679.015,USDCAD
61,2026-06-03 00:48:00,1.38411,1.38414,1.38414,1.38411,77,1780447739.032,USDCAD
61,2026-06-03 00:49:00,1.38414,1.38407,1.38417,1.38406,85,1780447799.093,USDCAD
61,2026-06-03 00:50:00,1.38407,1.38405,1.38407,1.38403,78,1780447859.094,USDCAD
61,2026-06-03 00:51:00,1.38405,1.38403,1.3841,1.38401,108,1780447919.022,USDCAD
61,2026-06-03 00:52:00,1.38403,1.38401,1.38403,1.38399,101,1780447979.594,USDCAD
61,2026-06-03 00:53:00,1.38401,1.38409,1.3841,1.384,90,1780448039.036,USDCAD
61,2026-06-03 00:54:00,1.38409,1.38407,1.38411,1.38407,83,1780448099.895,USDCAD
61,2026-06-03 00:55:00,1.38407,1.38407,1.38413,1.38407,96,1780448159.593,USDCAD
61,2026-06-03 00:56:00,1.38407,1.38409,1.38411,1.38407,86,1780448219.021,USDCAD
61,2026-06-03 00:57:00,1.38409,1.38407,1.3841,1.38406,80,1780448279.035,USDCAD
61,2026-06-03 00:58:00,1.38407,1.38407,1.38408,1.38407,63,1780448339.012,USDCAD
61,2026-06-03 00:59:00,1.38407,1.38409,1.38409,1.38404,131,1780448399.039,USDCAD
61,2026-06-03 01:00:00,1.38409,1.38409,1.38414,1.38403,134,1780448459.002,USDCAD
61,2026-06-03 01:01:00,1.38409,1.38411,1.38411,1.38408,99,1780448519.031,USDCAD
61,2026-06-03 01:02:00,1.38411,1.38409,1.38417,1.38407,137,1780448579.008,USDCAD
61,2026-06-03 01:03:00,1.38409,1.38408,1.38411,1.38402,109,1780448639.035,USDCAD
61,2026-06-03 01:04:00,1.38408,1.38409,1.38409,1.38408,68,1780448699.014,USDCAD
61,2026-06-03 01:05:00,1.38409,1.38407,1.38409,1.38403,97,1780448759.593,USDCAD
61,2026-06-03 01:06:00,1.38408,1.3841,1.38411,1.38407,86,1780448819.035,USDCAD
61,2026-06-03 01:07:00,1.3841,1.38411,1.38411,1.38408,113,1780448879.095,USDCAD
61,2026-06-03 01:08:00,1.38411,1.38408,1.38411,1.38401,96,1780448939.022,USDCAD
61,2026-06-03 01:09:00,1.38408,1.38409,1.38409,1.38407,75,1780448999.041,USDCAD
61,2026-06-03 01:10:00,1.38409,1.38402,1.38409,1.38401,95,1780449059.092,USDCAD
61,2026-06-03 01:11:00,1.38402,1.38405,1.38406,1.38401,83,1780449119.02,USDCAD
61,2026-06-03 01:12:00,1.38405,1.38409,1.38411,1.38404,70,1780449179.028,USDCAD
61,2026-06-03 01:13:00,1.38409,1.38403,1.38411,1.38402,83,1780449239.393,USDCAD
61,2026-06-03 01:14:00,1.38403,1.38399,1.38404,1.38397,79,1780449299.093,USDCAD
61,2026-06-03 01:15:00,1.38399,1.384,1.38405,1.38399,83,1780449359.011,USDCAD
61,2026-06-03 01:16:00,1.384,1.384,1.38402,1.38397,115,1780449419.025,USDCAD
61,2026-06-03 01:17:00,1.384,1.38403,1.38407,1.38394,104,1780449479.194,USDCAD
61,2026-06-03 01:18:00,1.38403,1.38404,1.38409,1.38402,115,1780449539.002,USDCAD
61,2026-06-03 01:19:00,1.38404,1.38403,1.38404,1.38402,84,1780449599.028,USDCAD
61,2026-06-03 01:20:00,1.38403,1.38402,1.38409,1.38401,77,1780449659.396,USDCAD
61,2026-06-03 01:21:00,1.38402,1.38402,1.38404,1.38396,91,1780449719.016,USDCAD
61,2026-06-03 01:22:00,1.38402,1.38396,1.38403,1.38395,90,1780449779.014,USDCAD
61,2026-06-03 01:23:00,1.38396,1.38394,1.38399,1.38392,99,1780449839.016,USDCAD
61,2026-06-03 01:24:00,1.38394,1.38393,1.38397,1.38393,90,1780449899.293,USDCAD
61,2026-06-03 01:25:00,1.38392,1.38393,1.38395,1.38391,84,1780449959.092,USDCAD
61,2026-06-03 01:26:00,1.38393,1.38392,1.38394,1.3839,76,1780450019.025,USDCAD
61,2026-06-03 01:27:00,1.38392,1.38386,1.38393,1.38383,82,1780450079.035,USDCAD
61,2026-06-03 01:28:00,1.38386,1.38386,1.38387,1.38381,74,1780450139.041,USDCAD
61,2026-06-03 01:29:00,1.38386,1.38389,1.38389,1.38382,108,1780450199.009,USDCAD
61,2026-06-03 01:30:00,1.38389,1.38389,1.38403,1.38384,128,1780450259.839,USDCAD
61,2026-06-03 01:31:00,1.38389,1.38396,1.384,1.38389,106,1780450319.917,USDCAD
61,2026-06-03 01:32:00,1.38396,1.38394,1.38402,1.38393,87,1780450379.037,USDCAD
61,2026-06-03 01:33:00,1.38394,1.38394,1.384,1.38393,108,1780450439.095,USDCAD
61,2026-06-03 01:34:00,1.38394,1.38387,1.38394,1.38386,117,1780450499.592,USDCAD
61,2026-06-03 01:35:00,1.38387,1.38384,1.38387,1.38382,100,1780450559.005,USDCAD
61,2026-06-03 01:36:00,1.38384,1.38386,1.38389,1.38384,96,1780450619.01,USDCAD
61,2026-06-03 01:37:00,1.38386,1.38382,1.38387,1.3838,97,1780450679.022,USDCAD
61,2026-06-03 01:38:00,1.38382,1.38367,1.38383,1.38366,105,1780450739.498,USDCAD
61,2026-06-03 01:39:00,1.38367,1.38373,1.38376,1.38367,111,1780450799.015,USDCAD
61,2026-06-03 01:40:00,1.38373,1.38376,1.38379,1.38373,94,1780450859.014,USDCAD
61,2026-06-03 01:41:00,1.38376,1.3838,1.3838,1.38368,102,1780450919.813,USDCAD
61,2026-06-03 01:42:00,1.3838,1.38379,1.38382,1.38379,75,1780450979.531,USDCAD
61,2026-06-03 01:43:00,1.38379,1.3838,1.38382,1.38379,72,1780451039.214,USDCAD
61,2026-06-03 01:44:00,1.3838,1.3838,1.38381,1.38379,69,1780451098.63,USDCAD
61,2026-06-03 01:45:00,1.3838,1.38382,1.38382,1.38379,60,1780451158.009,USDCAD
61,2026-06-03 01:46:00,1.38382,1.38377,1.38382,1.38377,70,1780451219.041,USDCAD
61,2026-06-03 01:47:00,1.38377,1.38373,1.38379,1.38372,68,1780451278.039,USDCAD
61,2026-06-03 01:48:00,1.38373,1.38376,1.3838,1.38373,91,1780451339.493,USDCAD
61,2026-06-03 01:49:00,1.38376,1.38369,1.38376,1.38369,105,1780451399.005,USDCAD
61,2026-06-03 01:50:00,1.38369,1.38379,1.3838,1.38369,128,1780451459.812,USDCAD
61,2026-06-03 01:51:00,1.38379,1.38382,1.38382,1.38379,90,1780451519.003,USDCAD
61,2026-06-03 01:52:00,1.38382,1.38382,1.38386,1.38382,80,1780451579.033,USDCAD
61,2026-06-03 01:53:00,1.38382,1.38384,1.38384,1.38382,98,1780451639.01,USDCAD
61,2026-06-03 01:54:00,1.38384,1.38385,1.38387,1.38382,116,1780451699.094,USDCAD
61,2026-06-03 01:55:00,1.38385,1.38392,1.38393,1.38384,116,1780451759.224,USDCAD
61,2026-06-03 01:56:00,1.38392,1.384,1.384,1.38389,94,1780451819.001,USDCAD
61,2026-06-03 01:57:00,1.384,1.38409,1.38409,1.38397,110,1780451879.029,USDCAD
61,2026-06-03 01:58:00,1.38409,1.38405,1.38409,1.38401,98,1780451939.093,USDCAD
61,2026-06-03 01:59:00,1.38405,1.38401,1.38407,1.38399,107,1780451999.428,USDCAD
61,2026-06-03 02:00:00,1.38401,1.38403,1.38404,1.38397,78,1780452059.006,USDCAD
61,2026-06-03 02:01:00,1.38403,1.384,1.38406,1.38397,94,1780452119.019,USDCAD
61,2026-06-03 02:02:00,1.384,1.38397,1.38403,1.38397,73,1780452179.04,USDCAD
61,2026-06-03 02:03:00,1.38397,1.38393,1.38397,1.3839,100,1780452239.499,USDCAD
61,2026-06-03 02:04:00,1.38393,1.38393,1.38397,1.38392,91,1780452299.193,USDCAD
61,2026-06-03 02:05:00,1.38393,1.38382,1.38393,1.38378,90,1780452359.036,USDCAD
61,2026-06-03 02:06:00,1.38382,1.38382,1.38384,1.38381,79,1780452419.016,USDCAD
61,2026-06-03 02:07:00,1.38382,1.38382,1.38386,1.38381,83,1780452479.001,USDCAD
61,2026-06-03 02:08:00,1.38382,1.38382,1.38388,1.3838,81,1780452539.094,USDCAD
61,2026-06-03 02:09:00,1.38382,1.38382,1.38383,1.38381,65,1780452599.029,USDCAD
61,2026-06-03 02:10:00,1.38382,1.38382,1.38382,1.38379,76,1780452659.495,USDCAD
61,2026-06-03 02:11:00,1.38382,1.38382,1.38384,1.38381,69,1780452719.093,USDCAD
61,2026-06-03 02:12:00,1.38382,1.38381,1.38384,1.3838,90,1780452779.093,USDCAD
61,2026-06-03 02:13:00,1.38381,1.38382,1.38382,1.38375,91,1780452839.019,USDCAD
61,2026-06-03 02:14:00,1.38382,1.38381,1.38382,1.38379,67,1780452899.043,USDCAD
61,2026-06-03 02:15:00,1.38381,1.38379,1.38382,1.38378,88,1780452959.793,USDCAD
61,2026-06-03 02:16:00,1.38379,1.3838,1.3838,1.38376,105,1780453019.095,USDCAD
61,2026-06-03 02:17:00,1.3838,1.38383,1.38384,1.3838,97,1780453079.093,USDCAD
61,2026-06-03 02:18:00,1.38383,1.38389,1.38392,1.38383,74,1780453139.022,USDCAD
61,2026-06-03 02:19:00,1.38389,1.3839,1.3839,1.38389,64,1780453199.095,USDCAD
61,2026-06-03 02:20:00,1.3839,1.3839,1.38392,1.38389,80,1780453259.026,USDCAD
61,2026-06-03 02:21:00,1.3839,1.3839,1.38392,1.38389,106,1780453319.031,USDCAD
61,2026-06-03 02:22:00,1.3839,1.38394,1.38397,1.38389,112,1780453379.004,USDCAD
61,2026-06-03 02:23:00,1.38394,1.38396,1.38397,1.38394,96,1780453439.012,USDCAD
61,2026-06-03 02:24:00,1.38396,1.38396,1.38396,1.38394,74,1780453499.093,USDCAD
61,2026-06-03 02:25:00,1.38396,1.38403,1.38404,1.38396,88,1780453559.037,USDCAD
61,2026-06-03 02:26:00,1.38403,1.38397,1.38404,1.38394,99,1780453619.694,USDCAD
61,2026-06-03 02:27:00,1.38397,1.38403,1.38407,1.38397,100,1780453679.022,USDCAD
61,2026-06-03 02:28:00,1.38403,1.38409,1.38409,1.38403,102,1780453739.037,USDCAD
61,2026-06-03 02:29:00,1.38409,1.38421,1.38423,1.38408,121,1780453799.015,USDCAD
61,2026-06-03 02:30:00,1.38421,1.38423,1.38428,1.38421,78,1780453859.03,USDCAD
61,2026-06-03 02:31:00,1.38423,1.38433,1.38433,1.38423,72,1780453919.011,USDCAD
61,2026-06-03 02:32:00,1.38433,1.38433,1.38434,1.38431,97,1780453979.034,USDCAD
61,2026-06-03 02:33:00,1.38433,1.3843,1.38433,1.3843,84,1780454039.007,USDCAD
61,2026-06-03 02:34:00,1.3843,1.38424,1.38431,1.38421,90,1780454099.03,USDCAD
61,2026-06-03 02:35:00,1.38424,1.38428,1.38429,1.38423,78,1780454159.037,USDCAD
61,2026-06-03 02:36:00,1.38428,1.38428,1.38433,1.38424,122,1780454219.003,USDCAD
61,2026-06-03 02:37:00,1.38428,1.38423,1.3843,1.38421,105,1780454279.015,USDCAD
61,2026-06-03 02:38:00,1.38423,1.38423,1.38423,1.38421,50,1780454339.043,USDCAD
61,2026-06-03 02:39:00,1.38423,1.38422,1.38423,1.38418,69,1780454399.419,USDCAD
61,2026-06-03 02:40:00,1.38422,1.38418,1.38422,1.38418,76,1780454459.03,USDCAD
61,2026-06-03 02:41:00,1.38418,1.38416,1.38422,1.38416,77,1780454519.043,USDCAD
61,2026-06-03 02:42:00,1.38416,1.38418,1.38421,1.38416,77,1780454579.015,USDCAD
61,2026-06-03 02:43:00,1.38418,1.38421,1.38423,1.38416,106,1780454639.005,USDCAD
61,2026-06-03 02:44:00,1.38421,1.38433,1.38436,1.38421,141,1780454699.295,USDCAD
61,2026-06-03 02:45:00,1.38433,1.3845,1.38453,1.38431,98,1780454759.021,USDCAD
61,2026-06-03 02:46:00,1.3845,1.38461,1.38462,1.38448,99,1780454819.011,USDCAD
61,2026-06-03 02:47:00,1.38461,1.38463,1.38463,1.38457,87,1780454879.939,USDCAD
61,2026-06-03 02:48:00,1.38463,1.38458,1.38469,1.38457,102,1780454939.695,USDCAD
61,2026-06-03 02:49:00,1.38458,1.38454,1.38458,1.38453,92,1780454999.092,USDCAD
61,2026-06-03 02:50:00,1.38454,1.38451,1.38454,1.38448,89,1780455059.016,USDCAD
61,2026-06-03 02:51:00,1.38451,1.38457,1.3846,1.38451,97,1780455119.038,USDCAD
61,2026-06-03 02:52:00,1.38458,1.38453,1.38462,1.38451,121,1780455179.709,USDCAD
61,2026-06-03 02:53:00,1.38453,1.38453,1.38455,1.38451,79,1780455239.095,USDCAD
61,2026-06-03 02:54:00,1.38453,1.3845,1.38453,1.38448,97,1780455299.797,USDCAD
61,2026-06-03 02:55:00,1.3845,1.38447,1.3845,1.38444,92,1780455359.596,USDCAD
61,2026-06-03 02:56:00,1.38447,1.38443,1.38448,1.38438,102,1780455419.64,USDCAD
61,2026-06-03 02:57:00,1.38443,1.38444,1.38449,1.38443,93,1780455479.926,USDCAD
61,2026-06-03 02:58:00,1.38445,1.38449,1.3845,1.38444,76,1780455539.192,USDCAD
61,2026-06-03 02:59:00,1.38449,1.38448,1.38449,1.38447,68,1780455599.032,USDCAD
61,2026-06-03 03:00:00,1.38448,1.38454,1.38456,1.38445,92,1780455658.143,USDCAD
61,2026-06-03 03:01:00,1.38454,1.38458,1.3846,1.38454,100,1780455719.018,USDCAD
61,2026-06-03 03:02:00,1.38458,1.3845,1.38459,1.38447,97,1780455779.003,USDCAD
61,2026-06-03 03:03:00,1.3845,1.38444,1.3845,1.38443,95,1780455839.492,USDCAD
61,2026-06-03 03:04:00,1.38444,1.38443,1.38445,1.38442,78,1780455899.994,USDCAD
61,2026-06-03 03:05:00,1.38443,1.38441,1.38443,1.38437,99,1780455959.003,USDCAD
61,2026-06-03 03:06:00,1.38441,1.3844,1.38441,1.38436,120,1780456019.009,USDCAD
61,2026-06-03 03:07:00,1.3844,1.38441,1.38442,1.38437,111,1780456079.025,USDCAD
61,2026-06-03 03:08:00,1.38441,1.38443,1.38446,1.38441,109,1780456139.894,USDCAD
61,2026-06-03 03:09:00,1.38443,1.38444,1.38445,1.38443,86,1780456199.029,USDCAD
61,2026-06-03 03:10:00,1.38444,1.38443,1.38445,1.38441,88,1780456259.036,USDCAD
61,2026-06-03 03:11:00,1.38443,1.38448,1.3845,1.38443,109,1780456319.994,USDCAD
61,2026-06-03 03:12:00,1.38448,1.3845,1.38451,1.38448,84,1780456379.042,USDCAD
61,2026-06-03 03:13:00,1.3845,1.3845,1.3845,1.38448,66,1780456439.012,USDCAD
61,2026-06-03 03:14:00,1.38452,1.3845,1.38455,1.3845,78,1780456499.429,USDCAD
61,2026-06-03 03:15:00,1.38451,1.38455,1.38456,1.3845,92,1780456559.093,USDCAD
61,2026-06-03 03:16:00,1.38455,1.38454,1.38455,1.3845,91,1780456619.023,USDCAD
61,2026-06-03 03:17:00,1.38454,1.3845,1.38455,1.38448,84,1780456679.595,USDCAD
61,2026-06-03 03:18:00,1.3845,1.38448,1.38451,1.38448,113,1780456739.539,USDCAD
61,2026-06-03 03:19:00,1.38448,1.38448,1.3845,1.38447,95,1780456799.011,USDCAD
61,2026-06-03 03:20:00,1.38448,1.38448,1.38449,1.38443,103,1780456859.794,USDCAD
61,2026-06-03 03:21:00,1.38448,1.38443,1.38449,1.38443,89,1780456919.007,USDCAD
61,2026-06-03 03:22:00,1.38443,1.38443,1.38443,1.38441,64,1780456979.029,USDCAD
61,2026-06-03 03:23:00,1.38443,1.38443,1.38448,1.38443,86,1780457039.094,USDCAD
61,2026-06-03 03:24:00,1.38443,1.38443,1.38448,1.38439,91,1780457099.018,USDCAD
61,2026-06-03 03:25:00,1.38443,1.3845,1.3845,1.38443,90,1780457159.006,USDCAD
61,2026-06-03 03:26:00,1.3845,1.38454,1.38458,1.3845,80,1780457219.022,USDCAD
61,2026-06-03 03:27:00,1.38454,1.38453,1.38456,1.38453,84,1780457279.893,USDCAD
61,2026-06-03 03:28:00,1.38452,1.38454,1.38456,1.38452,83,1780457339.022,USDCAD
61,2026-06-03 03:29:00,1.38454,1.38455,1.38456,1.38453,64,1780457399.193,USDCAD
61,2026-06-03 03:30:00,1.38455,1.3846,1.38462,1.38452,74,1780457459.029,USDCAD
61,2026-06-03 03:31:00,1.3846,1.38466,1.38467,1.38459,98,1780457519.01,USDCAD
61,2026-06-03 03:32:00,1.38466,1.38469,1.3847,1.38464,70,1780457579.021,USDCAD
61,2026-06-03 03:33:00,1.38469,1.38464,1.38469,1.38462,82,1780457639.093,USDCAD
61,2026-06-03 03:34:00,1.38464,1.38466,1.38469,1.38462,97,1780457699.012,USDCAD
61,2026-06-03 03:35:00,1.38466,1.38468,1.38468,1.38464,76,1780457759.005,USDCAD
61,2026-06-03 03:36:00,1.38468,1.3847,1.3847,1.38468,74,1780457819.016,USDCAD
61,2026-06-03 03:37:00,1.3847,1.38467,1.38471,1.38465,85,1780457879.82,USDCAD
61,2026-06-03 03:38:00,1.38467,1.38468,1.38468,1.38463,115,1780457939.095,USDCAD
61,2026-06-03 03:39:00,1.38468,1.38467,1.38469,1.38465,67,1780457999.021,USDCAD
61,2026-06-03 03:40:00,1.38467,1.38464,1.38468,1.38462,86,1780458059.592,USDCAD
61,2026-06-03 03:41:00,1.38464,1.38461,1.38464,1.38457,90,1780458119.035,USDCAD
61,2026-06-03 03:42:00,1.38461,1.38462,1.38462,1.3846,69,1780458179.04,USDCAD
61,2026-06-03 03:43:00,1.38462,1.3846,1.38463,1.38457,73,1780458239.723,USDCAD
61,2026-06-03 03:44:00,1.3846,1.38469,1.3847,1.38458,71,1780458299.003,USDCAD
61,2026-06-03 03:45:00,1.38469,1.38468,1.38469,1.38467,64,1780458359.002,USDCAD
61,2026-06-03 03:46:00,1.38468,1.38468,1.38468,1.38467,71,1780458419.093,USDCAD
61,2026-06-03 03:47:00,1.38468,1.38468,1.38469,1.38467,67,1780458479.032,USDCAD
61,2026-06-03 03:48:00,1.38468,1.38468,1.38469,1.38465,69,1780458539.005,USDCAD
61,2026-06-03 03:49:00,1.38468,1.38468,1.3847,1.38468,61,1780458599.013,USDCAD
61,2026-06-03 03:50:00,1.38468,1.38467,1.38468,1.38465,68,1780458659.015,USDCAD
61,2026-06-03 03:51:00,1.38467,1.38461,1.38467,1.3846,92,1780458719.038,USDCAD
61,2026-06-03 03:52:00,1.38461,1.38464,1.38465,1.3846,61,1780458779.021,USDCAD
61,2026-06-03 03:53:00,1.38464,1.38465,1.38467,1.38464,90,1780458839.538,USDCAD
61,2026-06-03 03:54:00,1.38465,1.38468,1.38468,1.38462,82,1780458899.009,USDCAD
61,2026-06-03 03:55:00,1.38468,1.38474,1.38475,1.38468,81,1780458959.022,USDCAD
61,2026-06-03 03:56:00,1.38474,1.38474,1.38475,1.38471,87,1780459019.038,USDCAD
61,2026-06-03 03:57:00,1.38474,1.38472,1.38476,1.3847,99,1780459079.017,USDCAD
61,2026-06-03 03:58:00,1.38472,1.38474,1.38477,1.3847,73,1780459139.043,USDCAD
61,2026-06-03 03:59:00,1.38474,1.38478,1.38478,1.38473,79,1780459199.004,USDCAD
61,2026-06-03 04:00:00,1.38478,1.38474,1.38478,1.38472,90,1780459258.893,USDCAD
61,2026-06-03 04:01:00,1.38474,1.38476,1.38478,1.38474,59,1780459318.032,USDCAD
61,2026-06-03 04:02:00,1.38476,1.38478,1.38479,1.38476,65,1780459379.013,USDCAD
61,2026-06-03 04:03:00,1.38478,1.38475,1.38479,1.38475,61,1780459438.033,USDCAD
61,2026-06-03 04:04:00,1.38475,1.38469,1.38475,1.38469,72,1780459499.012,USDCAD
61,2026-06-03 04:05:00,1.38469,1.3847,1.38471,1.38469,61,1780459559.021,USDCAD
61,2026-06-03 04:06:00,1.3847,1.38475,1.38477,1.3847,70,1780459619.04,USDCAD
61,2026-06-03 04:07:00,1.38475,1.38475,1.38477,1.38475,74,1780459679.016,USDCAD
61,2026-06-03 04:08:00,1.38475,1.38482,1.38482,1.38475,78,1780459739.032,USDCAD
61,2026-06-03 04:09:00,1.38482,1.38477,1.38482,1.38477,74,1780459799.205,USDCAD
61,2026-06-03 04:10:00,1.38477,1.3848,1.38485,1.38477,111,1780459859.934,USDCAD
61,2026-06-03 04:11:00,1.3848,1.38481,1.38482,1.38479,91,1780459919.03,USDCAD
61,2026-06-03 04:12:00,1.38481,1.38478,1.38481,1.38478,88,1780459979.043,USDCAD
61,2026-06-03 04:13:00,1.38478,1.38479,1.38481,1.38478,73,1780460039.017,USDCAD
61,2026-06-03 04:14:00,1.38479,1.38481,1.38482,1.38478,91,1780460099.033,USDCAD
61,2026-06-03 04:15:00,1.38481,1.38481,1.38481,1.38478,84,1780460159.594,USDCAD
61,2026-06-03 04:16:00,1.38481,1.38478,1.38482,1.38477,81,1780460219.002,USDCAD
61,2026-06-03 04:17:00,1.38478,1.3848,1.38481,1.38475,67,1780460279.007,USDCAD
61,2026-06-03 04:18:00,1.3848,1.38478,1.3848,1.38477,78,1780460339.094,USDCAD
61,2026-06-03 04:19:00,1.38478,1.3848,1.38482,1.38477,79,1780460399.037,USDCAD
61,2026-06-03 04:20:00,1.3848,1.38479,1.38485,1.38479,100,1780460459.004,USDCAD
61,2026-06-03 04:21:00,1.38479,1.38475,1.38479,1.38475,65,1780460519.192,USDCAD
61,2026-06-03 04:22:00,1.38475,1.38481,1.38484,1.38475,77,1780460579.898,USDCAD
61,2026-06-03 04:23:00,1.38481,1.38487,1.38487,1.38481,74,1780460639.002,USDCAD
61,2026-06-03 04:24:00,1.38487,1.38484,1.38488,1.38484,70,1780460699.494,USDCAD
61,2026-06-03 04:25:00,1.38484,1.3848,1.38485,1.38479,73,1780460759.793,USDCAD
61,2026-06-03 04:26:00,1.3848,1.38482,1.38482,1.38479,138,1780460819.733,USDCAD
61,2026-06-03 04:27:00,1.38482,1.38481,1.38482,1.38481,120,1780460879.007,USDCAD
61,2026-06-03 04:28:00,1.38481,1.38482,1.38486,1.38481,73,1780460939.042,USDCAD
61,2026-06-03 04:29:00,1.38482,1.38487,1.38488,1.38482,72,1780460999.026,USDCAD
61,2026-06-03 04:30:00,1.38487,1.38485,1.38488,1.38485,74,1780461059.096,USDCAD
61,2026-06-03 04:31:00,1.38485,1.38486,1.38486,1.38484,56,1780461119.023,USDCAD
61,2026-06-03 04:32:00,1.38486,1.38485,1.38487,1.38484,65,1780461179.095,USDCAD
61,2026-06-03 04:33:00,1.38485,1.38486,1.38488,1.38485,72,1780461239.007,USDCAD
61,2026-06-03 04:34:00,1.38486,1.38484,1.38486,1.38484,60,1780461299.029,USDCAD
61,2026-06-03 04:35:00,1.38484,1.38485,1.38485,1.38484,65,1780461359.04,USDCAD
61,2026-06-03 04:36:00,1.38485,1.38492,1.38494,1.38484,76,1780461419.015,USDCAD
61,2026-06-03 04:37:00,1.38492,1.38496,1.38496,1.38492,74,1780461479.035,USDCAD
61,2026-06-03 04:38:00,1.38496,1.38496,1.38497,1.38496,61,1780461539.095,USDCAD
61,2026-06-03 04:39:00,1.38496,1.38495,1.38496,1.38491,69,1780461599.095,USDCAD
61,2026-06-03 04:40:00,1.38495,1.38496,1.38498,1.38495,73,1780461659.048,USDCAD
61,2026-06-03 04:41:00,1.38496,1.38498,1.385,1.38494,77,1780461719.002,USDCAD
61,2026-06-03 04:42:00,1.38498,1.38497,1.38499,1.38496,68,1780461779.01,USDCAD
61,2026-06-03 04:43:00,1.38497,1.38498,1.38499,1.38496,69,1780461839.092,USDCAD
61,2026-06-03 04:44:00,1.38498,1.38497,1.38501,1.38497,78,1780461899.027,USDCAD
61,2026-06-03 04:45:00,1.38497,1.38499,1.38501,1.38497,71,1780461959.035,USDCAD
61,2026-06-03 04:46:00,1.38499,1.38497,1.38501,1.38495,78,1780462019.093,USDCAD
61,2026-06-03 04:47:00,1.38497,1.38497,1.38502,1.38496,239,1780462079.001,USDCAD
61,2026-06-03 04:48:00,1.38497,1.38498,1.38499,1.38497,240,1780462139.023,USDCAD
61,2026-06-03 04:49:00,1.38498,1.38499,1.38501,1.38497,78,1780462199.593,USDCAD
61,2026-06-03 04:50:00,1.38501,1.38502,1.38504,1.38498,58,1780462259.002,USDCAD
61,2026-06-03 04:51:00,1.38502,1.38503,1.38505,1.38502,59,1780462319.022,USDCAD
61,2026-06-03 04:52:00,1.38503,1.38501,1.38504,1.38497,109,1780462379.793,USDCAD
61,2026-06-03 04:53:00,1.38501,1.38498,1.38501,1.38497,114,1780462439.037,USDCAD
61,2026-06-03 04:54:00,1.38498,1.38499,1.385,1.38497,98,1780462499.041,USDCAD
61,2026-06-03 04:55:00,1.38499,1.38502,1.38502,1.38498,94,1780462559.624,USDCAD
61,2026-06-03 04:56:00,1.38502,1.38499,1.38502,1.38498,78,1780462619.022,USDCAD
61,2026-06-03 04:57:00,1.38499,1.38491,1.38499,1.3849,87,1780462679.042,USDCAD
61,2026-06-03 04:58:00,1.38491,1.38485,1.38491,1.38484,89,1780462739.017,USDCAD
61,2026-06-03 04:59:00,1.38485,1.38489,1.38489,1.38484,78,1780462799.007,USDCAD
61,2026-06-03 05:00:00,1.38489,1.38484,1.38489,1.38484,108,1780462859.093,USDCAD
61,2026-06-03 05:01:00,1.38484,1.38491,1.38494,1.38484,89,1780462919.019,USDCAD
61,2026-06-03 05:02:00,1.38491,1.38497,1.38499,1.38491,74,1780462979.021,USDCAD
61,2026-06-03 05:03:00,1.38497,1.38497,1.38499,1.38497,70,1780463039.094,USDCAD
61,2026-06-03 05:04:00,1.38497,1.38496,1.38497,1.38494,82,1780463099.094,USDCAD
61,2026-06-03 05:05:00,1.38496,1.38496,1.38497,1.38494,79,1780463159.037,USDCAD
61,2026-06-03 05:06:00,1.38496,1.38494,1.38496,1.38493,76,1780463219.029,USDCAD
61,2026-06-03 05:07:00,1.38494,1.38485,1.38495,1.38484,88,1780463279.603,USDCAD
61,2026-06-03 05:08:00,1.38485,1.38485,1.38487,1.38482,59,1780463338.896,USDCAD
61,2026-06-03 05:09:00,1.38485,1.38484,1.38485,1.38484,56,1780463398.031,USDCAD
61,2026-06-03 05:10:00,1.38484,1.38489,1.38492,1.38484,74,1780463458.03,USDCAD
61,2026-06-03 05:11:00,1.38489,1.38489,1.3849,1.38487,68,1780463519.294,USDCAD
61,2026-06-03 05:12:00,1.38489,1.38491,1.38491,1.38487,82,1780463578.094,USDCAD
61,2026-06-03 05:13:00,1.38491,1.38496,1.38497,1.38491,87,1780463639.014,USDCAD
61,2026-06-03 05:14:00,1.38496,1.38495,1.38497,1.38495,67,1780463699.031,USDCAD
61,2026-06-03 05:15:00,1.38495,1.38498,1.38498,1.38492,89,1780463759.002,USDCAD
61,2026-06-03 05:16:00,1.38498,1.38497,1.38501,1.38495,80,1780463819.516,USDCAD
61,2026-06-03 05:17:00,1.38497,1.38496,1.38499,1.38495,73,1780463879.034,USDCAD
61,2026-06-03 05:18:00,1.38496,1.38498,1.38499,1.38495,80,1780463939.093,USDCAD
61,2026-06-03 05:19:00,1.38498,1.38506,1.38506,1.38498,77,1780463999.121,USDCAD
61,2026-06-03 05:20:00,1.38506,1.38508,1.38508,1.38504,79,1780464059.008,USDCAD
61,2026-06-03 05:21:00,1.38508,1.38514,1.38515,1.38508,84,1780464119.035,USDCAD
61,2026-06-03 05:22:00,1.38514,1.38515,1.38515,1.38512,74,1780464179.032,USDCAD
61,2026-06-03 05:23:00,1.38515,1.38515,1.38515,1.38514,67,1780464239.093,USDCAD
61,2026-06-03 05:24:00,1.38515,1.38518,1.38518,1.38514,63,1780464299.03,USDCAD
61,2026-06-03 05:25:00,1.38518,1.38517,1.38519,1.38516,65,1780464359.01,USDCAD
61,2026-06-03 05:26:00,1.38517,1.38525,1.38525,1.38516,73,1780464419.44,USDCAD
61,2026-06-03 05:27:00,1.38525,1.38542,1.38542,1.38525,90,1780464479.204,USDCAD
61,2026-06-03 05:28:00,1.38542,1.38542,1.38545,1.3854,79,1780464539.019,USDCAD
61,2026-06-03 05:29:00,1.38542,1.38542,1.38542,1.3854,63,1780464599.039,USDCAD
61,2026-06-03 05:30:00,1.38542,1.38543,1.38545,1.3854,93,1780464659.694,USDCAD
61,2026-06-03 05:31:00,1.38543,1.38535,1.38545,1.38535,89,1780464719.294,USDCAD
61,2026-06-03 05:32:00,1.38535,1.38533,1.38536,1.38531,151,1780464779.015,USDCAD
61,2026-06-03 05:33:00,1.38533,1.38542,1.38542,1.38533,102,1780464839.028,USDCAD
61,2026-06-03 05:34:00,1.3854,1.38536,1.3854,1.38535,75,1780464899.013,USDCAD
61,2026-06-03 05:35:00,1.38536,1.38524,1.38536,1.38522,78,1780464959.038,USDCAD
61,2026-06-03 05:36:00,1.38524,1.38522,1.38525,1.38521,91,1780465019.992,USDCAD
61,2026-06-03 05:37:00,1.38521,1.38511,1.38531,1.38511,122,1780465079.015,USDCAD
61,2026-06-03 05:38:00,1.38511,1.38516,1.38518,1.38511,97,1780465139.034,USDCAD
61,2026-06-03 05:39:00,1.38516,1.38516,1.38516,1.38511,88,1780465199.094,USDCAD
61,2026-06-03 05:40:00,1.38516,1.38515,1.38516,1.38515,63,1780465259.893,USDCAD
61,2026-06-03 05:41:00,1.38515,1.38516,1.38516,1.38514,58,1780465319.02,USDCAD
61,2026-06-03 05:42:00,1.38516,1.38512,1.38518,1.38511,71,1780465379.895,USDCAD
61,2026-06-03 05:43:00,1.38512,1.38515,1.38516,1.38511,116,1780465439.007,USDCAD
61,2026-06-03 05:44:00,1.38515,1.38523,1.38524,1.38515,75,1780465499.926,USDCAD
61,2026-06-03 05:45:00,1.38523,1.38516,1.38525,1.38511,99,1780465559.002,USDCAD
61,2026-06-03 05:46:00,1.38516,1.38511,1.38516,1.38511,86,1780465619.394,USDCAD
61,2026-06-03 05:47:00,1.38511,1.38502,1.38513,1.38502,78,1780465679.032,USDCAD
61,2026-06-03 05:48:00,1.38502,1.38495,1.38502,1.38495,96,1780465739.918,USDCAD
61,2026-06-03 05:49:00,1.38495,1.38496,1.38499,1.38495,85,1780465799.332,USDCAD
61,2026-06-03 05:50:00,1.38496,1.38502,1.38507,1.38495,116,1780465859.022,USDCAD
61,2026-06-03 05:51:00,1.38502,1.38502,1.38508,1.38502,113,1780465919.745,USDCAD
61,2026-06-03 05:52:00,1.38502,1.38497,1.38504,1.38497,98,1780465979.011,USDCAD
61,2026-06-03 05:53:00,1.38497,1.38496,1.38502,1.38496,78,1780466039.032,USDCAD
61,2026-06-03 05:54:00,1.38496,1.38495,1.38497,1.38492,89,1780466099.094,USDCAD
61,2026-06-03 05:55:00,1.38496,1.38503,1.38504,1.38493,89,1780466159.0,USDCAD
61,2026-06-03 05:56:00,1.38503,1.38504,1.38506,1.38503,72,1780466219.031,USDCAD
61,2026-06-03 05:57:00,1.38504,1.38502,1.38508,1.38497,79,1780466279.008,USDCAD
61,2026-06-03 05:58:00,1.38502,1.38516,1.38516,1.38502,124,1780466339.096,USDCAD
61,2026-06-03 05:59:00,1.38515,1.38512,1.38518,1.38511,190,1780466399.013,USDCAD
61,2026-06-03 06:00:00,1.38512,1.38517,1.38518,1.38509,194,1780466459.738,USDCAD
61,2026-06-03 06:01:00,1.38518,1.38511,1.38518,1.38511,160,1780466519.004,USDCAD
61,2026-06-03 06:02:00,1.38511,1.38505,1.38518,1.38504,144,1780466579.039,USDCAD
61,2026-06-03 06:03:00,1.38505,1.38494,1.38505,1.38491,112,1780466639.093,USDCAD
61,2026-06-03 06:04:00,1.38494,1.38495,1.38498,1.38491,105,1780466699.043,USDCAD
61,2026-06-03 06:05:00,1.38495,1.38492,1.38497,1.38486,106,1780466759.014,USDCAD
61,2026-06-03 06:06:00,1.38492,1.38489,1.38493,1.38486,96,1780466819.844,USDCAD
61,2026-06-03 06:07:00,1.38489,1.38491,1.38497,1.38487,119,1780466879.809,USDCAD
61,2026-06-03 06:08:00,1.38491,1.38489,1.38496,1.38489,95,1780466939.029,USDCAD
61,2026-06-03 06:09:00,1.38489,1.38509,1.38511,1.38487,102,1780466999.419,USDCAD
61,2026-06-03 06:10:00,1.38509,1.38521,1.38523,1.38509,111,1780467059.037,USDCAD
61,2026-06-03 06:11:00,1.38521,1.38532,1.38535,1.38515,143,1780467119.793,USDCAD
61,2026-06-03 06:12:00,1.38532,1.38543,1.38543,1.38527,137,1780467178.01,USDCAD
61,2026-06-03 06:13:00,1.38543,1.38545,1.38548,1.38538,92,1780467238.34,USDCAD
61,2026-06-03 06:14:00,1.38545,1.38533,1.38545,1.38533,130,1780467299.993,USDCAD
61,2026-06-03 06:15:00,1.38533,1.38532,1.3854,1.38531,198,1780467359.021,USDCAD
61,2026-06-03 06:16:00,1.38532,1.38538,1.3854,1.38527,163,1780467418.093,USDCAD
61,2026-06-03 06:17:00,1.38538,1.38528,1.3854,1.38524,120,1780467479.694,USDCAD
61,2026-06-03 06:18:00,1.38526,1.38532,1.38532,1.38525,75,1780467539.017,USDCAD
61,2026-06-03 06:19:00,1.38532,1.38529,1.38535,1.38525,98,1780467599.201,USDCAD
61,2026-06-03 06:20:00,1.38529,1.38539,1.38545,1.38528,103,1780467659.011,USDCAD
61,2026-06-03 06:21:00,1.38539,1.38546,1.38551,1.38539,106,1780467719.094,USDCAD
61,2026-06-03 06:22:00,1.38546,1.38555,1.38558,1.38546,124,1780467779.015,USDCAD
61,2026-06-03 06:23:00,1.38555,1.38573,1.38576,1.38555,115,1780467839.192,USDCAD
61,2026-06-03 06:24:00,1.38573,1.38573,1.38585,1.38572,155,1780467899.028,USDCAD
61,2026-06-03 06:25:00,1.38573,1.38574,1.38578,1.38573,125,1780467959.036,USDCAD
61,2026-06-03 06:26:00,1.38574,1.38573,1.38577,1.38563,138,1780468019.494,USDCAD
61,2026-06-03 06:27:00,1.38573,1.38576,1.38586,1.38573,173,1780468079.51,USDCAD
61,2026-06-03 06:28:00,1.38576,1.38578,1.38584,1.38575,127,1780468139.093,USDCAD
61,2026-06-03 06:29:00,1.38577,1.38574,1.38577,1.38567,255,1780468199.997,USDCAD
61,2026-06-03 06:30:00,1.38574,1.38558,1.38577,1.38553,181,1780468259.018,USDCAD
61,2026-06-03 06:31:00,1.38558,1.38538,1.38563,1.38538,175,1780468319.708,USDCAD
61,2026-06-03 06:32:00,1.38538,1.38538,1.38545,1.38532,129,1780468379.026,USDCAD
61,2026-06-03 06:33:00,1.38538,1.38553,1.3856,1.38537,123,1780468439.196,USDCAD
61,2026-06-03 06:34:00,1.38553,1.38549,1.38556,1.3854,118,1780468499.993,USDCAD
61,2026-06-03 06:35:00,1.38549,1.38532,1.38549,1.38532,141,1780468559.043,USDCAD
61,2026-06-03 06:36:00,1.38532,1.38532,1.38535,1.38529,105,1780468619.017,USDCAD
61,2026-06-03 06:37:00,1.38532,1.38531,1.38537,1.38529,119,1780468679.894,USDCAD
61,2026-06-03 06:38:00,1.38531,1.38532,1.38536,1.3853,96,1780468739.194,USDCAD
61,2026-06-03 06:39:00,1.38532,1.38531,1.38542,1.38529,100,1780468799.01,USDCAD
61,2026-06-03 06:40:00,1.38531,1.38548,1.38549,1.38531,103,1780468859.624,USDCAD
61,2026-06-03 06:41:00,1.38548,1.38552,1.38553,1.38546,76,1780468919.042,USDCAD
61,2026-06-03 06:42:00,1.38552,1.38537,1.38553,1.38537,107,1780468979.912,USDCAD
61,2026-06-03 06:43:00,1.38537,1.38553,1.38554,1.38537,140,1780469039.004,USDCAD
61,2026-06-03 06:44:00,1.38553,1.38552,1.38561,1.38552,116,1780469099.013,USDCAD
61,2026-06-03 06:45:00,1.38552,1.38551,1.38558,1.38548,93,1780469159.032,USDCAD
61,2026-06-03 06:46:00,1.38551,1.38533,1.38552,1.38531,100,1780469219.019,USDCAD
61,2026-06-03 06:47:00,1.38533,1.38531,1.38541,1.3853,115,1780469279.029,USDCAD
61,2026-06-03 06:48:00,1.38531,1.38522,1.38531,1.38522,96,1780469339.021,USDCAD
61,2026-06-03 06:49:00,1.38522,1.38522,1.38524,1.38521,71,1780469399.003,USDCAD
61,2026-06-03 06:50:00,1.38522,1.38523,1.38531,1.38521,99,1780469459.043,USDCAD
61,2026-06-03 06:51:00,1.38523,1.38518,1.38525,1.38515,99,1780469519.013,USDCAD
61,2026-06-03 06:52:00,1.38518,1.38518,1.38523,1.38516,89,1780469579.734,USDCAD
61,2026-06-03 06:53:00,1.38518,1.38512,1.38522,1.38511,89,1780469639.004,USDCAD
61,2026-06-03 06:54:00,1.38512,1.38511,1.38516,1.38509,95,1780469699.02,USDCAD
61,2026-06-03 06:55:00,1.38511,1.38506,1.38515,1.38506,109,1780469759.202,USDCAD
61,2026-06-03 06:56:00,1.38506,1.38505,1.3851,1.38502,95,1780469819.033,USDCAD
61,2026-06-03 06:57:00,1.38505,1.38511,1.38516,1.38503,108,1780469879.093,USDCAD
61,2026-06-03 06:58:00,1.38511,1.38525,1.38526,1.38506,131,1780469939.594,USDCAD
61,2026-06-03 06:59:00,1.38525,1.38523,1.38525,1.38522,114,1780469999.038,USDCAD
61,2026-06-03 07:00:00,1.38523,1.38539,1.38545,1.38523,199,1780470059.893,USDCAD
61,2026-06-03 07:01:00,1.38539,1.38551,1.38555,1.38533,148,1780470119.393,USDCAD
61,2026-06-03 07:02:00,1.38551,1.38548,1.38554,1.38543,169,1780470179.033,USDCAD
61,2026-06-03 07:03:00,1.38548,1.38538,1.38549,1.38533,194,1780470239.932,USDCAD
61,2026-06-03 07:04:00,1.38538,1.38544,1.3855,1.38535,167,1780470299.03,USDCAD
61,2026-06-03 07:05:00,1.38544,1.38548,1.38555,1.38542,154,1780470359.493,USDCAD
61,2026-06-03 07:06:00,1.38548,1.3855,1.38554,1.38547,110,1780470419.094,USDCAD
61,2026-06-03 07:07:00,1.3855,1.38556,1.38556,1.38543,105,1780470479.995,USDCAD
61,2026-06-03 07:08:00,1.38557,1.38558,1.38558,1.38553,126,1780470539.007,USDCAD
61,2026-06-03 07:09:00,1.38558,1.38544,1.38565,1.38539,174,1780470599.294,USDCAD
61,2026-06-03 07:10:00,1.38544,1.38536,1.38544,1.38533,138,1780470659.037,USDCAD
61,2026-06-03 07:11:00,1.38536,1.38535,1.38544,1.38534,180,1780470719.194,USDCAD
61,2026-06-03 07:12:00,1.38535,1.38518,1.38537,1.38515,135,1780470779.033,USDCAD
61,2026-06-03 07:13:00,1.38518,1.38521,1.38522,1.38515,113,1780470839.605,USDCAD
61,2026-06-03 07:14:00,1.38521,1.38532,1.38533,1.38521,114,1780470899.034,USDCAD
61,2026-06-03 07:15:00,1.38532,1.38528,1.38539,1.38525,90,1780470959.001,USDCAD
61,2026-06-03 07:16:00,1.38528,1.38525,1.38533,1.38525,89,1780471019.02,USDCAD
61,2026-06-03 07:17:00,1.38525,1.38538,1.38538,1.38522,110,1780471079.037,USDCAD
61,2026-06-03 07:18:00,1.38538,1.38538,1.38543,1.3853,114,1780471139.015,USDCAD
61,2026-06-03 07:19:00,1.38538,1.38533,1.38539,1.38529,117,1780471199.14,USDCAD
61,2026-06-03 07:20:00,1.38532,1.38534,1.38535,1.38524,128,1780471259.993,USDCAD
61,2026-06-03 07:21:00,1.38534,1.38522,1.38534,1.38519,113,1780471319.028,USDCAD
61,2026-06-03 07:22:00,1.38522,1.38532,1.38533,1.38518,166,1780471379.593,USDCAD
61,2026-06-03 07:23:00,1.38532,1.38528,1.38536,1.38525,218,1780471439.992,USDCAD
61,2026-06-03 07:24:00,1.38528,1.38525,1.38529,1.38522,120,1780471499.831,USDCAD
61,2026-06-03 07:25:00,1.38525,1.38523,1.38531,1.38518,118,1780471558.342,USDCAD
61,2026-06-03 07:26:00,1.38521,1.38531,1.38532,1.38521,193,1780471619.993,USDCAD
61,2026-06-03 07:27:00,1.38531,1.38528,1.38532,1.38526,127,1780471679.602,USDCAD
61,2026-06-03 07:28:00,1.38528,1.38543,1.38543,1.38526,147,1780471739.012,USDCAD
61,2026-06-03 07:29:00,1.38543,1.38556,1.38559,1.38542,139,1780471799.002,USDCAD
61,2026-06-03 07:30:00,1.38556,1.38552,1.38559,1.38548,132,1780471859.009,USDCAD
61,2026-06-03 07:31:00,1.38552,1.38545,1.38553,1.38543,104,1780471919.495,USDCAD
61,2026-06-03 07:32:00,1.38545,1.38531,1.38545,1.38531,132,1780471979.592,USDCAD
61,2026-06-03 07:33:00,1.38532,1.38507,1.38533,1.38501,170,1780472039.001,USDCAD
61,2026-06-03 07:34:00,1.38507,1.38495,1.38513,1.38491,181,1780472099.013,USDCAD
61,2026-06-03 07:35:00,1.38495,1.38478,1.38495,1.38464,321,1780472159.995,USDCAD
61,2026-06-03 07:36:00,1.38478,1.38494,1.38498,1.38478,176,1780472219.028,USDCAD
61,2026-06-03 07:37:00,1.38494,1.38505,1.38505,1.38482,110,1780472279.093,USDCAD
61,2026-06-03 07:38:00,1.38505,1.38504,1.38517,1.38504,134,1780472339.193,USDCAD
61,2026-06-03 07:39:00,1.38504,1.38507,1.38512,1.38503,127,1780472399.04,USDCAD
61,2026-06-03 07:40:00,1.38507,1.38505,1.38514,1.38504,99,1780472459.001,USDCAD
61,2026-06-03 07:41:00,1.38505,1.38502,1.38506,1.38501,94,1780472519.593,USDCAD
61,2026-06-03 07:42:00,1.38502,1.38491,1.38504,1.38491,104,1780472579.719,USDCAD
61,2026-06-03 07:43:00,1.38491,1.38478,1.38491,1.38472,158,1780472639.032,USDCAD
61,2026-06-03 07:44:00,1.38478,1.38469,1.38483,1.38469,163,1780472699.991,USDCAD
61,2026-06-03 07:45:00,1.38469,1.38471,1.38472,1.38465,191,1780472759.093,USDCAD
61,2026-06-03 07:46:00,1.38471,1.38483,1.38483,1.3847,131,1780472819.029,USDCAD
61,2026-06-03 07:47:00,1.38483,1.38473,1.38484,1.38472,137,1780472879.395,USDCAD
61,2026-06-03 07:48:00,1.38473,1.3847,1.38473,1.38462,168,1780472939.994,USDCAD
61,2026-06-03 07:49:00,1.38468,1.38473,1.38476,1.38466,143,1780472999.893,USDCAD
61,2026-06-03 07:50:00,1.38473,1.38471,1.38476,1.3847,101,1780473059.007,USDCAD
61,2026-06-03 07:51:00,1.38471,1.38471,1.38475,1.38469,111,1780473119.019,USDCAD
61,2026-06-03 07:52:00,1.38471,1.38467,1.38471,1.38465,93,1780473179.021,USDCAD
61,2026-06-03 07:53:00,1.38467,1.38468,1.3847,1.38466,83,1780473239.003,USDCAD
61,2026-06-03 07:54:00,1.38468,1.38484,1.38487,1.38468,114,1780473299.095,USDCAD
61,2026-06-03 07:55:00,1.38484,1.38493,1.38494,1.38482,98,1780473359.442,USDCAD
61,2026-06-03 07:56:00,1.38493,1.38503,1.38507,1.38492,105,1780473419.814,USDCAD
61,2026-06-03 07:57:00,1.38502,1.38513,1.38515,1.38502,102,1780473479.028,USDCAD
61,2026-06-03 07:58:00,1.38513,1.38514,1.38516,1.38511,85,1780473539.093,USDCAD
61,2026-06-03 07:59:00,1.38514,1.38513,1.38515,1.38512,75,1780473599.04,USDCAD
61,2026-06-03 08:00:00,1.38513,1.38518,1.38525,1.38513,98,1780473659.029,USDCAD
61,2026-06-03 08:01:00,1.38518,1.38495,1.38521,1.38493,130,1780473719.593,USDCAD
61,2026-06-03 08:02:00,1.38495,1.3851,1.38517,1.38495,128,1780473779.006,USDCAD
61,2026-06-03 08:03:00,1.3851,1.38514,1.38515,1.38506,140,1780473839.093,USDCAD
61,2026-06-03 08:04:00,1.38514,1.38509,1.38515,1.38505,140,1780473899.628,USDCAD
61,2026-06-03 08:05:00,1.38509,1.38532,1.38532,1.38508,146,1780473959.405,USDCAD
61,2026-06-03 08:06:00,1.38532,1.38532,1.38536,1.38529,130,1780474019.894,USDCAD
61,2026-06-03 08:07:00,1.38532,1.38543,1.38548,1.38529,122,1780474079.035,USDCAD
61,2026-06-03 08:08:00,1.38543,1.38538,1.38545,1.38532,130,1780474139.092,USDCAD
61,2026-06-03 08:09:00,1.38538,1.38538,1.38539,1.38532,114,1780474199.023,USDCAD
61,2026-06-03 08:10:00,1.38539,1.38543,1.38548,1.38538,125,1780474259.439,USDCAD
61,2026-06-03 08:11:00,1.38543,1.38545,1.38551,1.38543,95,1780474319.003,USDCAD
61,2026-06-03 08:12:00,1.38545,1.38548,1.3855,1.38543,115,1780474379.82,USDCAD
61,2026-06-03 08:13:00,1.38548,1.38545,1.3855,1.38544,116,1780474439.794,USDCAD
61,2026-06-03 08:14:00,1.38544,1.38548,1.38549,1.38543,117,1780474499.093,USDCAD
61,2026-06-03 08:15:00,1.38548,1.38551,1.38554,1.38543,123,1780474559.893,USDCAD
61,2026-06-03 08:16:00,1.38551,1.38562,1.38564,1.3855,142,1780474619.792,USDCAD
61,2026-06-03 08:17:00,1.38562,1.38543,1.38565,1.38543,132,1780474679.092,USDCAD
61,2026-06-03 08:18:00,1.38543,1.38542,1.38549,1.38542,108,1780474739.6,USDCAD
61,2026-06-03 08:19:00,1.38542,1.38544,1.38552,1.38542,135,1780474799.594,USDCAD
61,2026-06-03 08:20:00,1.38544,1.38542,1.38545,1.38539,119,1780474859.035,USDCAD
61,2026-06-03 08:21:00,1.38541,1.38543,1.38546,1.38541,97,1780474919.009,USDCAD
61,2026-06-03 08:22:00,1.38543,1.38545,1.38549,1.38542,137,1780474979.027,USDCAD
61,2026-06-03 08:23:00,1.38545,1.38545,1.38548,1.38542,116,1780475039.012,USDCAD
61,2026-06-03 08:24:00,1.38545,1.38558,1.38558,1.38545,101,1780475099.02,USDCAD
61,2026-06-03 08:25:00,1.38558,1.3855,1.38558,1.38549,112,1780475159.036,USDCAD
61,2026-06-03 08:26:00,1.3855,1.38542,1.38556,1.3854,106,1780475219.092,USDCAD
61,2026-06-03 08:27:00,1.38542,1.38543,1.38545,1.38541,89,1780475279.032,USDCAD
61,2026-06-03 08:28:00,1.38543,1.38543,1.38545,1.38542,70,1780475339.643,USDCAD
61,2026-06-03 08:29:00,1.38543,1.38543,1.38545,1.38543,67,1780475398.993,USDCAD
61,2026-06-03 08:30:00,1.38543,1.38543,1.38546,1.38541,122,1780475459.019,USDCAD
61,2026-06-03 08:31:00,1.38543,1.38544,1.38544,1.38531,164,1780475519.993,USDCAD
61,2026-06-03 08:32:00,1.38544,1.38564,1.38567,1.38543,181,1780475579.927,USDCAD
61,2026-06-03 08:33:00,1.38564,1.38567,1.38582,1.38563,153,1780475639.043,USDCAD
61,2026-06-03 08:34:00,1.38567,1.38563,1.38569,1.38563,121,1780475699.722,USDCAD
61,2026-06-03 08:35:00,1.38563,1.3857,1.38573,1.38562,126,1780475759.539,USDCAD
61,2026-06-03 08:36:00,1.3857,1.38574,1.38577,1.38568,124,1780475819.494,USDCAD
61,2026-06-03 08:37:00,1.38574,1.38583,1.38583,1.38571,142,1780475879.527,USDCAD
61,2026-06-03 08:38:00,1.38583,1.38582,1.38585,1.38573,103,1780475939.043,USDCAD
61,2026-06-03 08:39:00,1.38582,1.38589,1.38589,1.38578,113,1780475999.614,USDCAD
61,2026-06-03 08:40:00,1.38589,1.3859,1.38594,1.38583,136,1780476059.018,USDCAD
61,2026-06-03 08:41:00,1.3859,1.38578,1.38592,1.38578,123,1780476119.02,USDCAD
61,2026-06-03 08:42:00,1.38578,1.38591,1.38593,1.38578,143,1780476179.045,USDCAD
61,2026-06-03 08:43:00,1.38591,1.38592,1.38594,1.38586,121,1780476239.037,USDCAD
61,2026-06-03 08:44:00,1.3859,1.3859,1.38594,1.38588,129,1780476299.093,USDCAD
61,2026-06-03 08:45:00,1.3859,1.38576,1.3859,1.38572,139,1780476359.83,USDCAD
61,2026-06-03 08:46:00,1.38576,1.38578,1.38586,1.38573,105,1780476419.037,USDCAD
61,2026-06-03 08:47:00,1.38578,1.38579,1.38582,1.38578,91,1780476479.006,USDCAD
61,2026-06-03 08:48:00,1.38579,1.38581,1.38583,1.38576,80,1780476539.341,USDCAD
61,2026-06-03 08:49:00,1.38581,1.38578,1.38583,1.38572,109,1780476599.793,USDCAD
61,2026-06-03 08:50:00,1.38578,1.38577,1.3858,1.38572,141,1780476659.006,USDCAD
61,2026-06-03 08:51:00,1.38577,1.38579,1.38582,1.38572,149,1780476719.895,USDCAD
61,2026-06-03 08:52:00,1.38579,1.38576,1.38582,1.38572,123,1780476779.836,USDCAD
61,2026-06-03 08:53:00,1.38576,1.38575,1.38582,1.38573,130,1780476839.013,USDCAD
61,2026-06-03 08:54:00,1.38575,1.38582,1.38582,1.38573,99,1780476899.094,USDCAD
61,2026-06-03 08:55:00,1.38582,1.38578,1.38582,1.38576,135,1780476959.001,USDCAD
61,2026-06-03 08:56:00,1.38578,1.38581,1.38583,1.38577,126,1780477019.194,USDCAD
61,2026-06-03 08:57:00,1.38582,1.38581,1.38583,1.38575,126,1780477079.01,USDCAD
61,2026-06-03 08:58:00,1.38581,1.38579,1.38584,1.38579,90,1780477139.03,USDCAD
61,2026-06-03 08:59:00,1.38579,1.38574,1.38581,1.38573,114,1780477199.027,USDCAD
61,2026-06-03 09:00:00,1.38574,1.38573,1.38578,1.38572,116,1780477259.294,USDCAD
61,2026-06-03 09:01:00,1.38573,1.38554,1.38573,1.38552,132,1780477319.72,USDCAD
61,2026-06-03 09:02:00,1.38554,1.38571,1.38572,1.38553,140,1780477379.095,USDCAD
61,2026-06-03 09:03:00,1.38571,1.3857,1.38577,1.38566,134,1780477439.044,USDCAD
61,2026-06-03 09:04:00,1.3857,1.38565,1.3857,1.3856,148,1780477499.022,USDCAD
61,2026-06-03 09:05:00,1.38565,1.38549,1.38566,1.38548,125,1780477559.028,USDCAD
61,2026-06-03 09:06:00,1.38549,1.3855,1.38552,1.38543,159,1780477619.094,USDCAD
61,2026-06-03 09:07:00,1.3855,1.38542,1.38552,1.38542,113,1780477679.736,USDCAD
61,2026-06-03 09:08:00,1.38542,1.38552,1.38552,1.3854,118,1780477739.794,USDCAD
61,2026-06-03 09:09:00,1.38552,1.38542,1.38552,1.3854,95,1780477799.033,USDCAD
61,2026-06-03 09:10:00,1.38542,1.38545,1.38547,1.38542,110,1780477859.044,USDCAD
61,2026-06-03 09:11:00,1.38545,1.38551,1.38551,1.38542,109,1780477919.042,USDCAD
61,2026-06-03 09:12:00,1.38551,1.38549,1.38551,1.38546,81,1780477979.026,USDCAD
61,2026-06-03 09:13:00,1.38549,1.3856,1.3856,1.38548,88,1780478039.409,USDCAD
61,2026-06-03 09:14:00,1.3856,1.38552,1.38562,1.3855,96,1780478099.042,USDCAD
61,2026-06-03 09:15:00,1.38552,1.38562,1.38564,1.38551,109,1780478159.008,USDCAD
61,2026-06-03 09:16:00,1.38562,1.38566,1.38572,1.38561,91,1780478219.033,USDCAD
61,2026-06-03 09:17:00,1.38566,1.3856,1.38573,1.38558,107,1780478279.819,USDCAD
61,2026-06-03 09:18:00,1.3856,1.3855,1.38563,1.38549,96,1780478339.017,USDCAD
61,2026-06-03 09:19:00,1.3855,1.38532,1.3855,1.38532,107,1780478399.018,USDCAD
61,2026-06-03 09:20:00,1.38532,1.38529,1.38532,1.38521,81,1780478459.019,USDCAD
61,2026-06-03 09:21:00,1.38529,1.38522,1.38532,1.38522,119,1780478519.03,USDCAD
61,2026-06-03 09:22:00,1.38522,1.38531,1.38532,1.38518,110,1780478579.597,USDCAD
61,2026-06-03 09:23:00,1.38531,1.38532,1.38535,1.38528,93,1780478639.011,USDCAD
61,2026-06-03 09:24:00,1.38532,1.38542,1.38544,1.38532,149,1780478699.029,USDCAD
61,2026-06-03 09:25:00,1.38542,1.38533,1.38542,1.38532,121,1780478759.028,USDCAD
61,2026-06-03 09:26:00,1.38533,1.38521,1.38537,1.38521,121,1780478819.009,USDCAD
61,2026-06-03 09:27:00,1.38521,1.38528,1.38529,1.38515,124,1780478879.394,USDCAD
61,2026-06-03 09:28:00,1.38529,1.38541,1.38542,1.38529,141,1780478939.799,USDCAD
61,2026-06-03 09:29:00,1.38541,1.38552,1.38552,1.38541,114,1780478999.011,USDCAD
61,2026-06-03 09:30:00,1.38552,1.38548,1.38553,1.3854,113,1780479059.329,USDCAD
61,2026-06-03 09:31:00,1.38548,1.38553,1.38553,1.38538,147,1780479119.035,USDCAD
61,2026-06-03 09:32:00,1.38553,1.3855,1.38555,1.38543,104,1780479179.002,USDCAD
61,2026-06-03 09:33:00,1.3855,1.38546,1.3855,1.38543,114,1780479239.036,USDCAD
61,2026-06-03 09:34:00,1.38546,1.3855,1.3855,1.38542,113,1780479299.998,USDCAD
61,2026-06-03 09:35:00,1.3855,1.38545,1.3855,1.38542,87,1780479358.021,USDCAD
61,2026-06-03 09:36:00,1.38545,1.38546,1.38551,1.38545,94,1780479418.194,USDCAD
61,2026-06-03 09:37:00,1.38546,1.38549,1.38551,1.38545,76,1780479478.993,USDCAD
61,2026-06-03 09:38:00,1.38549,1.38549,1.38552,1.38544,91,1780479539.891,USDCAD
61,2026-06-03 09:39:00,1.38549,1.38546,1.38552,1.38543,112,1780479599.194,USDCAD
61,2026-06-03 09:40:00,1.38545,1.38538,1.38546,1.38534,101,1780479659.009,USDCAD
61,2026-06-03 09:41:00,1.38538,1.38536,1.38539,1.38533,103,1780479719.039,USDCAD
61,2026-06-03 09:42:00,1.38536,1.38545,1.38551,1.38536,109,1780479779.323,USDCAD
61,2026-06-03 09:43:00,1.38545,1.38543,1.38546,1.38538,115,1780479839.803,USDCAD
61,2026-06-03 09:44:00,1.38543,1.38548,1.38548,1.3854,94,1780479899.038,USDCAD
61,2026-06-03 09:45:00,1.38548,1.38537,1.38552,1.38537,127,1780479959.193,USDCAD
61,2026-06-03 09:46:00,1.38537,1.38542,1.38542,1.38536,90,1780480019.007,USDCAD
61,2026-06-03 09:47:00,1.38542,1.38553,1.38553,1.3854,108,1780480079.694,USDCAD
61,2026-06-03 09:48:00,1.38553,1.38562,1.38563,1.38551,93,1780480139.906,USDCAD
61,2026-06-03 09:49:00,1.38562,1.38552,1.38563,1.3855,97,1780480199.015,USDCAD
61,2026-06-03 09:50:00,1.38552,1.38551,1.38553,1.3855,85,1780480259.03,USDCAD
61,2026-06-03 09:51:00,1.38551,1.38553,1.3856,1.38551,102,1780480319.799,USDCAD
61,2026-06-03 09:52:00,1.38553,1.38559,1.38559,1.38553,115,1780480379.003,USDCAD
61,2026-06-03 09:53:00,1.38559,1.3856,1.38563,1.38558,106,1780480439.041,USDCAD
61,2026-06-03 09:54:00,1.3856,1.38567,1.38571,1.38559,95,1780480499.027,USDCAD
61,2026-06-03 09:55:00,1.38567,1.38569,1.38571,1.38564,112,1780480559.031,USDCAD
61,2026-06-03 09:56:00,1.38569,1.38582,1.38582,1.38566,119,1780480619.803,USDCAD
61,2026-06-03 09:57:00,1.38582,1.38583,1.38583,1.38579,107,1780480679.01,USDCAD
61,2026-06-03 09:58:00,1.38583,1.38579,1.38583,1.38572,167,1780480739.03,USDCAD
61,2026-06-03 09:59:00,1.38578,1.38571,1.38579,1.3857,124,1780480799.195,USDCAD
61,2026-06-03 10:00:00,1.38571,1.38559,1.38573,1.38559,173,1780480859.033,USDCAD
61,2026-06-03 10:01:00,1.38559,1.38542,1.38561,1.3854,130,1780480919.094,USDCAD
61,2026-06-03 10:02:00,1.38542,1.38543,1.38543,1.38531,149,1780480979.042,USDCAD
61,2026-06-03 10:03:00,1.38543,1.3854,1.38552,1.3854,100,1780481039.215,USDCAD
61,2026-06-03 10:04:00,1.3854,1.38533,1.38543,1.38532,117,1780481099.415,USDCAD
61,2026-06-03 10:05:00,1.38533,1.38501,1.38533,1.38499,222,1780481159.396,USDCAD
61,2026-06-03 10:06:00,1.38502,1.38482,1.38508,1.38474,315,1780481219.397,USDCAD
61,2026-06-03 10:07:00,1.38482,1.38508,1.38511,1.38472,260,1780481279.312,USDCAD
61,2026-06-03 10:08:00,1.38508,1.38488,1.38509,1.38476,230,1780481339.933,USDCAD
61,2026-06-03 10:09:00,1.38488,1.38514,1.38516,1.38488,168,1780481399.793,USDCAD
61,2026-06-03 10:10:00,1.38514,1.38516,1.38517,1.38507,135,1780481459.041,USDCAD
61,2026-06-03 10:11:00,1.38517,1.38513,1.38518,1.38512,100,1780481519.292,USDCAD
61,2026-06-03 10:12:00,1.38513,1.38519,1.38527,1.38513,132,1780481579.131,USDCAD
61,2026-06-03 10:13:00,1.38518,1.38522,1.38522,1.38512,124,1780481639.04,USDCAD
61,2026-06-03 10:14:00,1.38522,1.38523,1.38526,1.38515,130,1780481699.094,USDCAD
61,2026-06-03 10:15:00,1.38523,1.38513,1.38525,1.38512,102,1780481759.018,USDCAD
61,2026-06-03 10:16:00,1.38513,1.3852,1.38522,1.38511,104,1780481819.795,USDCAD
61,2026-06-03 10:17:00,1.38519,1.38519,1.38523,1.38515,126,1780481879.993,USDCAD
61,2026-06-03 10:18:00,1.38519,1.38522,1.38524,1.38518,78,1780481939.794,USDCAD
61,2026-06-03 10:19:00,1.38522,1.38512,1.38523,1.3851,107,1780481999.094,USDCAD
61,2026-06-03 10:20:00,1.38512,1.38514,1.38518,1.38511,111,1780482059.014,USDCAD
61,2026-06-03 10:21:00,1.38514,1.38515,1.38518,1.38511,119,1780482119.494,USDCAD
61,2026-06-03 10:22:00,1.38514,1.38502,1.38515,1.38502,114,1780482179.094,USDCAD
61,2026-06-03 10:23:00,1.38502,1.38504,1.38511,1.38502,138,1780482239.003,USDCAD
61,2026-06-03 10:24:00,1.38504,1.38497,1.38507,1.38497,104,1780482299.014,USDCAD
61,2026-06-03 10:25:00,1.38497,1.38495,1.38498,1.38494,85,1780482359.004,USDCAD
61,2026-06-03 10:26:00,1.38495,1.38514,1.38516,1.38494,124,1780482419.016,USDCAD
61,2026-06-03 10:27:00,1.38514,1.38523,1.38525,1.38511,87,1780482479.995,USDCAD
61,2026-06-03 10:28:00,1.38523,1.38525,1.3853,1.38516,93,1780482539.094,USDCAD
61,2026-06-03 10:29:00,1.38525,1.38517,1.38526,1.38516,101,1780482599.994,USDCAD
61,2026-06-03 10:30:00,1.38516,1.38504,1.38516,1.38503,123,1780482659.043,USDCAD
61,2026-06-03 10:31:00,1.38504,1.38505,1.38514,1.38504,106,1780482719.011,USDCAD
61,2026-06-03 10:32:00,1.38505,1.385,1.38508,1.38496,106,1780482779.095,USDCAD
61,2026-06-03 10:33:00,1.385,1.38493,1.38503,1.38487,119,1780482839.394,USDCAD
61,2026-06-03 10:34:00,1.38493,1.38492,1.38497,1.38489,84,1780482899.028,USDCAD
61,2026-06-03 10:35:00,1.38492,1.38485,1.38497,1.38485,99,1780482959.907,USDCAD
61,2026-06-03 10:36:00,1.38485,1.38492,1.38494,1.38484,102,1780483019.02,USDCAD
61,2026-06-03 10:37:00,1.38492,1.3849,1.38492,1.38483,98,1780483079.208,USDCAD
61,2026-06-03 10:38:00,1.3849,1.38484,1.3849,1.38484,90,1780483139.093,USDCAD
61,2026-06-03 10:39:00,1.38485,1.38496,1.38498,1.38483,97,1780483199.993,USDCAD
61,2026-06-03 10:40:00,1.38495,1.38498,1.38498,1.38491,80,1780483259.032,USDCAD
61,2026-06-03 10:41:00,1.38498,1.38504,1.38505,1.38495,98,1780483319.036,USDCAD
61,2026-06-03 10:42:00,1.38503,1.38502,1.38504,1.38501,73,1780483379.007,USDCAD
61,2026-06-03 10:43:00,1.38502,1.38507,1.3851,1.38501,90,1780483438.032,USDCAD
61,2026-06-03 10:44:00,1.38508,1.38504,1.38509,1.38501,110,1780483499.697,USDCAD
61,2026-06-03 10:45:00,1.38504,1.38511,1.38511,1.38501,96,1780483559.018,USDCAD
61,2026-06-03 10:46:00,1.38511,1.38508,1.38511,1.38504,97,1780483619.032,USDCAD
61,2026-06-03 10:47:00,1.38508,1.38506,1.38514,1.38505,109,1780483679.013,USDCAD
61,2026-06-03 10:48:00,1.38506,1.38507,1.38513,1.38505,119,1780483739.009,USDCAD
61,2026-06-03 10:49:00,1.38507,1.38505,1.3851,1.38505,109,1780483799.228,USDCAD
61,2026-06-03 10:50:00,1.38505,1.38498,1.38509,1.38497,102,1780483859.095,USDCAD
61,2026-06-03 10:51:00,1.38498,1.38502,1.38503,1.38495,113,1780483919.013,USDCAD
61,2026-06-03 10:52:00,1.38502,1.38501,1.38504,1.38501,86,1780483979.002,USDCAD
61,2026-06-03 10:53:00,1.38501,1.3851,1.38511,1.38496,97,1780484039.135,USDCAD
61,2026-06-03 10:54:00,1.3851,1.38506,1.38516,1.38505,112,1780484099.394,USDCAD
61,2026-06-03 10:55:00,1.38506,1.38517,1.38518,1.38505,127,1780484159.037,USDCAD
61,2026-06-03 10:56:00,1.38517,1.38508,1.38518,1.38508,92,1780484219.794,USDCAD
61,2026-06-03 10:57:00,1.38508,1.38519,1.3852,1.38508,102,1780484279.131,USDCAD
61,2026-06-03 10:58:00,1.38519,1.38525,1.38526,1.38519,62,1780484339.005,USDCAD
61,2026-06-03 10:59:00,1.38525,1.38523,1.38526,1.38521,118,1780484399.633,USDCAD
61,2026-06-03 11:00:00,1.38523,1.38522,1.38535,1.38522,98,1780484459.993,USDCAD
61,2026-06-03 11:01:00,1.38522,1.3852,1.38524,1.3852,175,1780484519.794,USDCAD
61,2026-06-03 11:02:00,1.3852,1.38514,1.38525,1.38514,102,1780484579.03,USDCAD
61,2026-06-03 11:03:00,1.38514,1.38513,1.38518,1.38513,94,1780484639.045,USDCAD
61,2026-06-03 11:04:00,1.38513,1.38515,1.38516,1.38513,83,1780484699.027,USDCAD
61,2026-06-03 11:05:00,1.38515,1.38527,1.38532,1.38514,100,1780484759.596,USDCAD
61,2026-06-03 11:06:00,1.38527,1.38516,1.38528,1.38513,96,1780484819.593,USDCAD
61,2026-06-03 11:07:00,1.38516,1.38512,1.38516,1.38511,87,1780484879.022,USDCAD
61,2026-06-03 11:08:00,1.38512,1.38512,1.38513,1.38511,79,1780484939.004,USDCAD
61,2026-06-03 11:09:00,1.38512,1.38511,1.38519,1.38511,104,1780484999.44,USDCAD
61,2026-06-03 11:10:00,1.38512,1.38506,1.38512,1.385,127,1780485059.009,USDCAD
61,2026-06-03 11:11:00,1.38506,1.38523,1.38523,1.38506,137,1780485119.014,USDCAD
61,2026-06-03 11:12:00,1.38523,1.38523,1.38523,1.38517,123,1780485179.893,USDCAD
61,2026-06-03 11:13:00,1.38522,1.38514,1.38522,1.38512,97,1780485239.911,USDCAD
61,2026-06-03 11:14:00,1.38514,1.38515,1.38518,1.38511,83,1780485299.834,USDCAD
61,2026-06-03 11:15:00,1.38515,1.38521,1.38523,1.38515,94,1780485359.093,USDCAD
61,2026-06-03 11:16:00,1.38521,1.38525,1.38527,1.38521,85,1780485419.03,USDCAD
61,2026-06-03 11:17:00,1.38525,1.38533,1.38533,1.38514,135,1780485479.894,USDCAD
61,2026-06-03 11:18:00,1.38533,1.38535,1.38537,1.38525,98,1780485539.343,USDCAD
61,2026-06-03 11:19:00,1.38535,1.38531,1.38535,1.38529,79,1780485599.015,USDCAD
61,2026-06-03 11:20:00,1.38531,1.3853,1.38532,1.38526,119,1780485659.094,USDCAD
61,2026-06-03 11:21:00,1.3853,1.38529,1.38535,1.38528,114,1780485719.042,USDCAD
61,2026-06-03 11:22:00,1.38529,1.38534,1.38537,1.38529,112,1780485779.794,USDCAD
61,2026-06-03 11:23:00,1.38534,1.38538,1.38538,1.38533,99,1780485839.01,USDCAD
61,2026-06-03 11:24:00,1.38538,1.38538,1.38538,1.38533,106,1780485899.335,USDCAD
61,2026-06-03 11:25:00,1.38538,1.38538,1.38538,1.38536,122,1780485959.794,USDCAD
61,2026-06-03 11:26:00,1.38538,1.38544,1.38545,1.38538,90,1780486019.093,USDCAD
61,2026-06-03 11:27:00,1.38544,1.38543,1.38545,1.38537,84,1780486079.032,USDCAD
61,2026-06-03 11:28:00,1.38543,1.38543,1.38545,1.38538,93,1780486139.04,USDCAD
61,2026-06-03 11:29:00,1.38543,1.38533,1.38543,1.38532,90,1780486199.014,USDCAD
61,2026-06-03 11:30:00,1.38533,1.38527,1.38534,1.38523,138,1780486259.738,USDCAD
61,2026-06-03 11:31:00,1.38527,1.38535,1.38539,1.38526,153,1780486319.709,USDCAD
61,2026-06-03 11:32:00,1.38535,1.38539,1.38539,1.38533,94,1780486379.037,USDCAD
61,2026-06-03 11:33:00,1.38539,1.38543,1.38544,1.38538,112,1780486439.007,USDCAD
61,2026-06-03 11:34:00,1.38543,1.38542,1.38543,1.38539,65,1780486499.024,USDCAD
61,2026-06-03 11:35:00,1.38542,1.38535,1.38543,1.38534,98,1780486559.793,USDCAD
61,2026-06-03 11:36:00,1.38535,1.38535,1.38537,1.38532,88,1780486619.592,USDCAD
61,2026-06-03 11:37:00,1.38535,1.38516,1.38536,1.38512,124,1780486679.028,USDCAD
61,2026-06-03 11:38:00,1.38516,1.38511,1.38519,1.3851,88,1780486739.043,USDCAD
61,2026-06-03 11:39:00,1.38511,1.38512,1.38514,1.38504,101,1780486799.01,USDCAD
61,2026-06-03 11:40:00,1.38512,1.38518,1.38518,1.38511,86,1780486859.024,USDCAD
61,2026-06-03 11:41:00,1.38518,1.38503,1.38518,1.38499,84,1780486919.036,USDCAD
61,2026-06-03 11:42:00,1.38503,1.38522,1.38523,1.38503,102,1780486979.219,USDCAD
61,2026-06-03 11:43:00,1.38523,1.38531,1.38533,1.38521,98,1780487039.735,USDCAD
61,2026-06-03 11:44:00,1.38531,1.38521,1.38532,1.38519,94,1780487099.005,USDCAD
61,2026-06-03 11:45:00,1.38521,1.38518,1.38522,1.38518,131,1780487159.03,USDCAD
61,2026-06-03 11:46:00,1.38518,1.38512,1.38522,1.38511,105,1780487219.042,USDCAD
61,2026-06-03 11:47:00,1.38512,1.38506,1.38518,1.38501,128,1780487279.994,USDCAD
61,2026-06-03 11:48:00,1.38506,1.38511,1.38518,1.38502,144,1780487339.394,USDCAD
61,2026-06-03 11:49:00,1.38511,1.38512,1.38513,1.3851,108,1780487399.017,USDCAD
61,2026-06-03 11:50:00,1.38512,1.38507,1.38513,1.38502,155,1780487459.024,USDCAD
61,2026-06-03 11:51:00,1.38507,1.38501,1.3851,1.38501,258,1780487519.593,USDCAD
61,2026-06-03 11:52:00,1.38501,1.3851,1.38511,1.385,164,1780487579.793,USDCAD
61,2026-06-03 11:53:00,1.3851,1.38512,1.38518,1.3851,155,1780487639.004,USDCAD
61,2026-06-03 11:54:00,1.38512,1.38521,1.38521,1.38511,226,1780487699.232,USDCAD
61,2026-06-03 11:55:00,1.38521,1.38537,1.38542,1.38521,131,1780487759.992,USDCAD
61,2026-06-03 11:56:00,1.38537,1.38545,1.38545,1.38537,142,1780487819.093,USDCAD
61,2026-06-03 11:57:00,1.38545,1.38554,1.38554,1.38539,133,1780487879.692,USDCAD
61,2026-06-03 11:58:00,1.38554,1.3855,1.38554,1.38549,85,1780487939.094,USDCAD
61,2026-06-03 11:59:00,1.3855,1.38545,1.38556,1.38544,97,1780487999.019,USDCAD
61,2026-06-03 12:00:00,1.38545,1.38545,1.38549,1.38539,178,1780488059.893,USDCAD
61,2026-06-03 12:01:00,1.38546,1.38543,1.3855,1.38542,116,1780488119.095,USDCAD
61,2026-06-03 12:02:00,1.38545,1.3855,1.3855,1.3854,144,1780488179.045,USDCAD
61,2026-06-03 12:03:00,1.3855,1.3855,1.3855,1.38544,218,1780488239.043,USDCAD
61,2026-06-03 12:04:00,1.3855,1.38545,1.3855,1.38543,161,1780488299.993,USDCAD
61,2026-06-03 12:05:00,1.38545,1.38545,1.38548,1.38542,117,1780488359.0,USDCAD
61,2026-06-03 12:06:00,1.38545,1.38557,1.3856,1.38545,120,1780488419.793,USDCAD
61,2026-06-03 12:07:00,1.38557,1.38559,1.38563,1.38556,108,1780488479.007,USDCAD
61,2026-06-03 12:08:00,1.38559,1.3857,1.38575,1.38559,142,1780488539.034,USDCAD
61,2026-06-03 12:09:00,1.3857,1.38573,1.38579,1.38568,124,1780488599.007,USDCAD
61,2026-06-03 12:10:00,1.38573,1.38563,1.38573,1.38562,172,1780488659.015,USDCAD
61,2026-06-03 12:11:00,1.38563,1.3856,1.38563,1.38559,133,1780488719.993,USDCAD
61,2026-06-03 12:12:00,1.3856,1.38559,1.38563,1.38559,202,1780488779.918,USDCAD
61,2026-06-03 12:13:00,1.38559,1.38559,1.3856,1.38558,134,1780488839.094,USDCAD
61,2026-06-03 12:14:00,1.38559,1.38556,1.3856,1.3855,129,1780488899.994,USDCAD
61,2026-06-03 12:15:00,1.38556,1.38575,1.38578,1.38546,112,1780488959.036,USDCAD
61,2026-06-03 12:16:00,1.38575,1.38562,1.38576,1.38561,121,1780489019.793,USDCAD
61,2026-06-03 12:17:00,1.38562,1.38551,1.38564,1.38551,79,1780489079.042,USDCAD
61,2026-06-03 12:18:00,1.38551,1.38563,1.38564,1.38551,87,1780489139.093,USDCAD
61,2026-06-03 12:19:00,1.38563,1.38567,1.38569,1.38563,104,1780489199.594,USDCAD
61,2026-06-03 12:20:00,1.38567,1.38567,1.38571,1.38564,129,1780489259.094,USDCAD
61,2026-06-03 12:21:00,1.38567,1.3856,1.38567,1.38552,115,1780489319.514,USDCAD
61,2026-06-03 12:22:00,1.3856,1.38555,1.38563,1.38555,103,1780489379.794,USDCAD
61,2026-06-03 12:23:00,1.38555,1.38552,1.38561,1.38551,118,1780489439.042,USDCAD
61,2026-06-03 12:24:00,1.38553,1.38559,1.38563,1.3855,105,1780489499.023,USDCAD
61,2026-06-03 12:25:00,1.38559,1.38553,1.3856,1.38553,107,1780489559.04,USDCAD
61,2026-06-03 12:26:00,1.38553,1.38556,1.38556,1.3855,87,1780489619.002,USDCAD
61,2026-06-03 12:27:00,1.38556,1.38571,1.38572,1.38556,116,1780489679.717,USDCAD
61,2026-06-03 12:28:00,1.38571,1.38572,1.38576,1.3857,83,1780489739.893,USDCAD
61,2026-06-03 12:29:00,1.38572,1.38573,1.38576,1.3857,85,1780489799.028,USDCAD
61,2026-06-03 12:30:00,1.38573,1.38592,1.38593,1.3857,160,1780489859.035,USDCAD
61,2026-06-03 12:31:00,1.38592,1.38592,1.38599,1.38587,113,1780489919.095,USDCAD
61,2026-06-03 12:32:00,1.38592,1.38609,1.3861,1.38592,115,1780489979.016,USDCAD
61,2026-06-03 12:33:00,1.38609,1.38631,1.38633,1.38609,128,1780490039.043,USDCAD
61,2026-06-03 12:34:00,1.38631,1.38632,1.38637,1.38627,136,1780490099.394,USDCAD
61,2026-06-03 12:35:00,1.38632,1.38629,1.38643,1.38629,122,1780490159.729,USDCAD
61,2026-06-03 12:36:00,1.38629,1.38621,1.38635,1.38621,113,1780490219.795,USDCAD
61,2026-06-03 12:37:00,1.38621,1.3864,1.38641,1.38621,148,1780490279.594,USDCAD
61,2026-06-03 12:38:00,1.38641,1.3866,1.38669,1.38639,149,1780490339.643,USDCAD
61,2026-06-03 12:39:00,1.3866,1.38655,1.38668,1.38655,150,1780490399.998,USDCAD
61,2026-06-03 12:40:00,1.38651,1.38644,1.38657,1.38644,188,1780490459.036,USDCAD
61,2026-06-03 12:41:00,1.38644,1.38657,1.38659,1.38638,103,1780490519.009,USDCAD
61,2026-06-03 12:42:00,1.38657,1.38662,1.38668,1.38657,124,1780490579.794,USDCAD
61,2026-06-03 12:43:00,1.38662,1.38659,1.38673,1.38658,174,1780490639.601,USDCAD
61,2026-06-03 12:44:00,1.38659,1.38647,1.38659,1.38645,191,1780490699.094,USDCAD
61,2026-06-03 12:45:00,1.38647,1.38648,1.38658,1.38644,139,1780490759.094,USDCAD
61,2026-06-03 12:46:00,1.38648,1.38648,1.38653,1.38647,127,1780490819.095,USDCAD
61,2026-06-03 12:47:00,1.38647,1.38652,1.38652,1.38645,145,1780490879.132,USDCAD
61,2026-06-03 12:48:00,1.38653,1.38649,1.3866,1.38648,111,1780490939.442,USDCAD
61,2026-06-03 12:49:00,1.3865,1.38645,1.38651,1.38639,154,1780490999.014,USDCAD
61,2026-06-03 12:50:00,1.38645,1.38655,1.38668,1.38645,143,1780491059.041,USDCAD
61,2026-06-03 12:51:00,1.38655,1.38675,1.38677,1.38655,123,1780491119.208,USDCAD
61,2026-06-03 12:52:00,1.38675,1.38678,1.38687,1.38675,144,1780491179.015,USDCAD
61,2026-06-03 12:53:00,1.38678,1.38662,1.38678,1.38658,173,1780491239.196,USDCAD
61,2026-06-03 12:54:00,1.38663,1.38685,1.38685,1.38663,157,1780491298.82,USDCAD
61,2026-06-03 12:55:00,1.38685,1.38695,1.38699,1.38685,123,1780491358.03,USDCAD
61,2026-06-03 12:56:00,1.38695,1.38695,1.38698,1.38689,128,1780491419.012,USDCAD
61,2026-06-03 12:57:00,1.38695,1.3867,1.38697,1.38665,154,1780491479.993,USDCAD
61,2026-06-03 12:58:00,1.3867,1.38666,1.38674,1.38665,134,1780491539.031,USDCAD
61,2026-06-03 12:59:00,1.38666,1.38675,1.38676,1.38658,104,1780491599.004,USDCAD
61,2026-06-03 13:00:00,1.38675,1.38686,1.38687,1.38675,176,1780491659.017,USDCAD
61,2026-06-03 13:01:00,1.38686,1.38678,1.38686,1.38674,130,1780491719.893,USDCAD
61,2026-06-03 13:02:00,1.38678,1.38679,1.38686,1.38673,125,1780491779.133,USDCAD
61,2026-06-03 13:03:00,1.38679,1.38672,1.38681,1.38667,158,1780491839.798,USDCAD
61,2026-06-03 13:04:00,1.38672,1.38682,1.38685,1.3867,147,1780491899.093,USDCAD
61,2026-06-03 13:05:00,1.38682,1.38673,1.38684,1.38669,132,1780491959.541,USDCAD
61,2026-06-03 13:06:00,1.38673,1.38684,1.3869,1.38673,123,1780492019.009,USDCAD
61,2026-06-03 13:07:00,1.38684,1.3867,1.38684,1.38668,161,1780492079.094,USDCAD
61,2026-06-03 13:08:00,1.3867,1.38675,1.38681,1.38668,153,1780492139.107,USDCAD
61,2026-06-03 13:09:00,1.38675,1.38666,1.3868,1.38665,152,1780492199.017,USDCAD
61,2026-06-03 13:10:00,1.38666,1.38654,1.38668,1.38651,118,1780492259.017,USDCAD
61,2026-06-03 13:11:00,1.38654,1.38662,1.38663,1.38652,93,1780492319.029,USDCAD
61,2026-06-03 13:12:00,1.38662,1.38651,1.38665,1.3865,143,1780492379.093,USDCAD
61,2026-06-03 13:13:00,1.38651,1.38655,1.38657,1.38644,104,1780492439.094,USDCAD
61,2026-06-03 13:14:00,1.38655,1.3867,1.38672,1.38655,145,1780492499.599,USDCAD
61,2026-06-03 13:15:00,1.3867,1.38686,1.38687,1.38667,141,1780492559.609,USDCAD
61,2026-06-03 13:16:00,1.38686,1.387,1.38704,1.38685,160,1780492619.019,USDCAD
61,2026-06-03 13:17:00,1.387,1.38714,1.38714,1.38694,129,1780492679.495,USDCAD
61,2026-06-03 13:18:00,1.38714,1.38725,1.38738,1.38713,149,1780492739.094,USDCAD
61,2026-06-03 13:19:00,1.38725,1.38721,1.38733,1.3872,130,1780492799.027,USDCAD
61,2026-06-03 13:20:00,1.38722,1.38742,1.38743,1.38722,157,1780492859.012,USDCAD
61,2026-06-03 13:21:00,1.38742,1.38725,1.38742,1.38724,119,1780492919.493,USDCAD
61,2026-06-03 13:22:00,1.38725,1.38742,1.38742,1.38721,116,1780492979.935,USDCAD
61,2026-06-03 13:23:00,1.38742,1.3875,1.3875,1.38734,117,1780493039.007,USDCAD
61,2026-06-03 13:24:00,1.3875,1.38741,1.38751,1.38739,134,1780493099.094,USDCAD
61,2026-06-03 13:25:00,1.38741,1.38734,1.38749,1.38724,150,1780493159.493,USDCAD
61,2026-06-03 13:26:00,1.38733,1.38729,1.38734,1.38722,146,1780493219.01,USDCAD
61,2026-06-03 13:27:00,1.38729,1.38705,1.38733,1.38704,146,1780493279.01,USDCAD
61,2026-06-03 13:28:00,1.38705,1.38703,1.38708,1.38701,139,1780493339.838,USDCAD
61,2026-06-03 13:29:00,1.38702,1.38684,1.38704,1.38681,161,1780493399.714,USDCAD
61,2026-06-03 13:30:00,1.38684,1.38693,1.38693,1.38674,272,1780493459.499,USDCAD
61,2026-06-03 13:31:00,1.38693,1.387,1.38706,1.38675,255,1780493519.193,USDCAD
61,2026-06-03 13:32:00,1.387,1.38658,1.387,1.38657,190,1780493579.931,USDCAD
61,2026-06-03 13:33:00,1.38658,1.38678,1.38679,1.38646,165,1780493639.097,USDCAD
61,2026-06-03 13:34:00,1.38678,1.38676,1.38694,1.38676,232,1780493699.724,USDCAD
61,2026-06-03 13:35:00,1.38676,1.38655,1.38677,1.38648,243,1780493759.694,USDCAD
61,2026-06-03 13:36:00,1.38655,1.38637,1.38655,1.38633,175,1780493819.993,USDCAD
61,2026-06-03 13:37:00,1.38637,1.3867,1.38674,1.38635,254,1780493879.395,USDCAD
61,2026-06-03 13:38:00,1.3867,1.3867,1.38678,1.38665,226,1780493939.294,USDCAD
61,2026-06-03 13:39:00,1.3867,1.38646,1.38677,1.38646,165,1780493999.022,USDCAD
61,2026-06-03 13:40:00,1.38646,1.38648,1.38652,1.38633,202,1780494059.999,USDCAD
61,2026-06-03 13:41:00,1.38648,1.38671,1.38681,1.38646,157,1780494119.017,USDCAD
61,2026-06-03 13:42:00,1.38671,1.38677,1.38685,1.38662,183,1780494179.912,USDCAD
61,2026-06-03 13:43:00,1.38677,1.38691,1.38695,1.38674,157,1780494239.792,USDCAD
61,2026-06-03 13:44:00,1.38691,1.38695,1.38705,1.38682,210,1780494299.311,USDCAD
61,2026-06-03 13:45:00,1.38695,1.38695,1.38701,1.38687,135,1780494359.042,USDCAD
61,2026-06-03 13:46:00,1.38695,1.38706,1.38714,1.38692,173,1780494419.83,USDCAD
61,2026-06-03 13:47:00,1.38706,1.38715,1.38719,1.38701,261,1780494479.896,USDCAD
61,2026-06-03 13:48:00,1.38715,1.38709,1.38716,1.38704,168,1780494539.894,USDCAD
61,2026-06-03 13:49:00,1.38709,1.38726,1.38727,1.38706,172,1780494599.018,USDCAD
61,2026-06-03 13:50:00,1.38726,1.38736,1.38739,1.38718,226,1780494659.895,USDCAD
61,2026-06-03 13:51:00,1.38736,1.38721,1.38748,1.38718,260,1780494719.395,USDCAD
61,2026-06-03 13:52:00,1.38721,1.38723,1.38723,1.38705,202,1780494779.033,USDCAD
61,2026-06-03 13:53:00,1.38723,1.38735,1.38751,1.38721,213,1780494839.019,USDCAD
61,2026-06-03 13:54:00,1.38735,1.3874,1.38743,1.38728,199,1780494899.822,USDCAD
61,2026-06-03 13:55:00,1.3874,1.38735,1.3874,1.38722,210,1780494959.594,USDCAD
61,2026-06-03 13:56:00,1.38736,1.38753,1.38753,1.38735,172,1780495019.007,USDCAD
61,2026-06-03 13:57:00,1.38753,1.38749,1.38763,1.38748,145,1780495079.008,USDCAD
61,2026-06-03 13:58:00,1.38749,1.38746,1.38749,1.38746,111,1780495139.009,USDCAD
61,2026-06-03 13:59:00,1.38746,1.38743,1.3876,1.38742,169,1780495199.935,USDCAD
61,2026-06-03 14:00:00,1.38743,1.38711,1.3875,1.38709,185,1780495258.03,USDCAD
61,2026-06-03 14:01:00,1.38711,1.38705,1.38721,1.38703,112,1780495318.031,USDCAD
61,2026-06-03 14:02:00,1.38705,1.38699,1.38707,1.38695,72,1780495378.042,USDCAD
61,2026-06-03 14:03:00,1.38699,1.38704,1.38706,1.38695,156,1780495439.794,USDCAD
61,2026-06-03 14:04:00,1.38704,1.38717,1.38726,1.38704,155,1780495499.905,USDCAD
61,2026-06-03 14:05:00,1.38717,1.38723,1.38731,1.38712,156,1780495559.738,USDCAD
61,2026-06-03 14:06:00,1.38723,1.38708,1.38726,1.38707,147,1780495619.494,USDCAD
61,2026-06-03 14:07:00,1.38707,1.38699,1.38712,1.38698,130,1780495679.331,USDCAD
61,2026-06-03 14:08:00,1.38699,1.38725,1.38728,1.38698,201,1780495739.001,USDCAD
61,2026-06-03 14:09:00,1.38725,1.38721,1.38726,1.38715,170,1780495799.695,USDCAD
61,2026-06-03 14:10:00,1.38721,1.38705,1.38721,1.38702,144,1780495859.594,USDCAD
61,2026-06-03 14:11:00,1.38705,1.38712,1.38719,1.38702,151,1780495919.632,USDCAD
61,2026-06-03 14:12:00,1.38712,1.38698,1.38715,1.38694,188,1780495979.999,USDCAD
61,2026-06-03 14:13:00,1.38698,1.38666,1.38698,1.38657,221,1780496039.022,USDCAD
61,2026-06-03 14:14:00,1.38666,1.3868,1.38681,1.38664,188,1780496099.094,USDCAD
61,2026-06-03 14:15:00,1.38679,1.38668,1.38681,1.38668,188,1780496159.894,USDCAD
61,2026-06-03 14:16:00,1.38668,1.3867,1.38673,1.38653,192,1780496219.994,USDCAD
61,2026-06-03 14:17:00,1.3867,1.38695,1.38707,1.3867,218,1780496279.893,USDCAD
61,2026-06-03 14:18:00,1.38695,1.38705,1.38706,1.38689,212,1780496339.998,USDCAD
61,2026-06-03 14:19:00,1.38705,1.38719,1.38722,1.38702,175,1780496399.994,USDCAD
61,2026-06-03 14:20:00,1.38719,1.38727,1.38738,1.38719,203,1780496459.993,USDCAD
61,2026-06-03 14:21:00,1.38727,1.38719,1.38728,1.38715,198,1780496519.093,USDCAD
61,2026-06-03 14:22:00,1.38719,1.38715,1.38725,1.38712,204,1780496579.694,USDCAD
61,2026-06-03 14:23:00,1.38715,1.38718,1.38722,1.38713,222,1780496639.093,USDCAD
61,2026-06-03 14:24:00,1.38718,1.38715,1.38718,1.3871,115,1780496699.015,USDCAD
61,2026-06-03 14:25:00,1.38715,1.38702,1.38716,1.38701,112,1780496759.04,USDCAD
61,2026-06-03 14:26:00,1.38702,1.38695,1.38705,1.38686,165,1780496819.612,USDCAD
61,2026-06-03 14:27:00,1.38695,1.38676,1.38698,1.38676,202,1780496879.716,USDCAD
61,2026-06-03 14:28:00,1.38676,1.38674,1.38681,1.38672,127,1780496939.027,USDCAD
61,2026-06-03 14:29:00,1.38674,1.38674,1.38679,1.38673,163,1780496999.038,USDCAD
61,2026-06-03 14:30:00,1.38674,1.38704,1.38704,1.38674,227,1780497059.016,USDCAD
61,2026-06-03 14:31:00,1.38704,1.38706,1.38708,1.38696,171,1780497119.694,USDCAD
61,2026-06-03 14:32:00,1.38706,1.38712,1.38715,1.38703,178,1780497179.093,USDCAD
61,2026-06-03 14:33:00,1.38712,1.38715,1.38715,1.38702,157,1780497239.893,USDCAD
61,2026-06-03 14:34:00,1.38715,1.38711,1.38717,1.38707,175,1780497299.636,USDCAD
61,2026-06-03 14:35:00,1.38711,1.38708,1.38713,1.38705,147,1780497359.704,USDCAD
61,2026-06-03 14:36:00,1.38708,1.38714,1.38714,1.38707,105,1780497419.007,USDCAD
61,2026-06-03 14:37:00,1.38714,1.38732,1.38732,1.38707,187,1780497479.393,USDCAD
61,2026-06-03 14:38:00,1.38732,1.38728,1.38738,1.38726,152,1780497539.001,USDCAD
61,2026-06-03 14:39:00,1.38728,1.38716,1.38728,1.38713,149,1780497599.937,USDCAD
61,2026-06-03 14:40:00,1.38715,1.38743,1.38743,1.38715,160,1780497659.032,USDCAD
61,2026-06-03 14:41:00,1.38743,1.38739,1.38748,1.38735,117,1780497719.094,USDCAD
61,2026-06-03 14:42:00,1.38739,1.38742,1.38748,1.38735,120,1780497779.006,USDCAD
61,2026-06-03 14:43:00,1.38742,1.38744,1.38744,1.38731,113,1780497839.932,USDCAD
61,2026-06-03 14:44:00,1.38744,1.38754,1.38762,1.38744,165,1780497899.797,USDCAD
61,2026-06-03 14:45:00,1.38755,1.38762,1.38766,1.38753,152,1780497959.994,USDCAD
61,2026-06-03 14:46:00,1.38762,1.38753,1.38762,1.38752,151,1780498019.913,USDCAD
61,2026-06-03 14:47:00,1.38752,1.38747,1.38753,1.38735,140,1780498079.093,USDCAD
61,2026-06-03 14:48:00,1.38747,1.38767,1.38769,1.38746,121,1780498139.093,USDCAD
61,2026-06-03 14:49:00,1.38767,1.3877,1.38782,1.38767,158,1780498199.593,USDCAD
61,2026-06-03 14:50:00,1.3877,1.38776,1.38781,1.38763,160,1780498259.093,USDCAD
61,2026-06-03 14:51:00,1.38776,1.38771,1.38776,1.3875,324,1780498319.937,USDCAD
61,2026-06-03 14:52:00,1.38771,1.38773,1.38779,1.38771,154,1780498379.02,USDCAD
61,2026-06-03 14:53:00,1.38773,1.3874,1.38786,1.38739,221,1780498439.394,USDCAD
61,2026-06-03 14:54:00,1.38738,1.38753,1.3876,1.3872,196,1780498499.894,USDCAD
61,2026-06-03 14:55:00,1.38753,1.38746,1.38755,1.38733,179,1780498559.119,USDCAD
61,2026-06-03 14:56:00,1.38746,1.38762,1.38762,1.38741,136,1780498619.091,USDCAD
61,2026-06-03 14:57:00,1.38762,1.38796,1.38797,1.38754,287,1780498679.793,USDCAD
61,2026-06-03 14:58:00,1.38796,1.38797,1.38798,1.38788,216,1780498739.292,USDCAD
61,2026-06-03 14:59:00,1.38797,1.38787,1.38799,1.38779,157,1780498799.497,USDCAD
61,2026-06-03 15:00:00,1.38787,1.38803,1.38807,1.38787,123,1780498859.022,USDCAD
61,2026-06-03 15:01:00,1.38803,1.38796,1.38803,1.38792,195,1780498919.693,USDCAD
61,2026-06-03 15:02:00,1.38795,1.388,1.388,1.38782,208,1780498979.493,USDCAD
61,2026-06-03 15:03:00,1.38799,1.38815,1.38819,1.38799,158,1780499039.695,USDCAD
61,2026-06-03 15:04:00,1.38816,1.38836,1.38837,1.38816,160,1780499099.01,USDCAD
61,2026-06-03 15:05:00,1.38836,1.38858,1.38858,1.38829,201,1780499159.621,USDCAD
61,2026-06-03 15:06:00,1.38858,1.38858,1.38861,1.38849,186,1780499219.239,USDCAD
61,2026-06-03 15:07:00,1.38858,1.3887,1.38873,1.38857,192,1780499279.01,USDCAD
61,2026-06-03 15:08:00,1.3887,1.3886,1.38871,1.38853,147,1780499339.035,USDCAD
61,2026-06-03 15:09:00,1.3886,1.3887,1.38875,1.38857,221,1780499399.816,USDCAD
61,2026-06-03 15:10:00,1.3887,1.38881,1.38888,1.3887,177,1780499459.02,USDCAD
61,2026-06-03 15:11:00,1.38881,1.38882,1.38885,1.38867,126,1780499519.693,USDCAD
61,2026-06-03 15:12:00,1.38883,1.38888,1.38889,1.38878,137,1780499579.002,USDCAD
61,2026-06-03 15:13:00,1.38888,1.38849,1.38889,1.38849,123,1780499639.713,USDCAD
61,2026-06-03 15:14:00,1.38849,1.38837,1.38849,1.3883,131,1780499699.012,USDCAD
61,2026-06-03 15:15:00,1.38837,1.3884,1.38847,1.38829,167,1780499759.692,USDCAD
61,2026-06-03 15:16:00,1.3884,1.388,1.38844,1.388,200,1780499819.398,USDCAD
61,2026-06-03 15:17:00,1.388,1.38805,1.38809,1.38794,237,1780499879.43,USDCAD
61,2026-06-03 15:18:00,1.38805,1.388,1.3881,1.38799,184,1780499939.003,USDCAD
61,2026-06-03 15:19:00,1.388,1.38823,1.38824,1.38799,194,1780499999.019,USDCAD
61,2026-06-03 15:20:00,1.38823,1.3884,1.38842,1.38822,158,1780500059.409,USDCAD
61,2026-06-03 15:21:00,1.3884,1.3885,1.38853,1.38836,144,1780500119.02,USDCAD
61,2026-06-03 15:22:00,1.3885,1.38841,1.3885,1.3884,158,1780500179.042,USDCAD
61,2026-06-03 15:23:00,1.38841,1.38831,1.38843,1.38821,153,1780500239.094,USDCAD
61,2026-06-03 15:24:00,1.38831,1.38841,1.38849,1.3883,131,1780500299.003,USDCAD
61,2026-06-03 15:25:00,1.38841,1.38836,1.38843,1.3883,158,1780500359.03,USDCAD
61,2026-06-03 15:26:00,1.38834,1.38848,1.38851,1.38834,138,1780500419.003,USDCAD
61,2026-06-03 15:27:00,1.38848,1.38841,1.38854,1.38841,125,1780500479.022,USDCAD
61,2026-06-03 15:28:00,1.38841,1.38851,1.38859,1.38841,187,1780500539.093,USDCAD
61,2026-06-03 15:29:00,1.38851,1.38827,1.38852,1.38827,116,1780500599.994,USDCAD
61,2026-06-03 15:30:00,1.38827,1.38828,1.3883,1.38813,142,1780500659.303,USDCAD
61,2026-06-03 15:31:00,1.38828,1.38848,1.3885,1.38823,159,1780500719.195,USDCAD
61,2026-06-03 15:32:00,1.38848,1.38841,1.3886,1.38837,148,1780500779.013,USDCAD
61,2026-06-03 15:33:00,1.38841,1.38837,1.38848,1.38833,157,1780500839.993,USDCAD
61,2026-06-03 15:34:00,1.38838,1.38831,1.38843,1.3883,187,1780500899.609,USDCAD
61,2026-06-03 15:35:00,1.38831,1.38836,1.38842,1.3883,135,1780500959.443,USDCAD
61,2026-06-03 15:36:00,1.38836,1.3883,1.38836,1.38828,162,1780501019.023,USDCAD
61,2026-06-03 15:37:00,1.3883,1.38842,1.38849,1.38827,223,1780501079.909,USDCAD
61,2026-06-03 15:38:00,1.38843,1.38841,1.38849,1.38838,158,1780501139.041,USDCAD
61,2026-06-03 15:39:00,1.38841,1.38851,1.38855,1.38834,190,1780501199.193,USDCAD
61,2026-06-03 15:40:00,1.38851,1.38842,1.38852,1.3884,193,1780501259.821,USDCAD
61,2026-06-03 15:41:00,1.38842,1.38843,1.38845,1.38837,164,1780501319.822,USDCAD
61,2026-06-03 15:42:00,1.38843,1.38859,1.3886,1.38843,172,1780501379.038,USDCAD
61,2026-06-03 15:43:00,1.3886,1.38851,1.3887,1.3885,139,1780501439.693,USDCAD
61,2026-06-03 15:44:00,1.38851,1.38851,1.38858,1.38847,139,1780501499.543,USDCAD
61,2026-06-03 15:45:00,1.38851,1.38865,1.38869,1.38848,149,1780501559.094,USDCAD
61,2026-06-03 15:46:00,1.38865,1.38885,1.38889,1.38865,142,1780501619.018,USDCAD
61,2026-06-03 15:47:00,1.38885,1.38891,1.38899,1.38882,141,1780501679.894,USDCAD
61,2026-06-03 15:48:00,1.38891,1.38884,1.38891,1.38879,123,1780501739.793,USDCAD
61,2026-06-03 15:49:00,1.38884,1.38891,1.38891,1.38872,112,1780501799.994,USDCAD
61,2026-06-03 15:50:00,1.38891,1.38892,1.389,1.38891,126,1780501859.693,USDCAD
61,2026-06-03 15:51:00,1.38892,1.38889,1.38895,1.38887,234,1780501919.894,USDCAD
61,2026-06-03 15:52:00,1.38888,1.38904,1.38905,1.38888,135,1780501979.995,USDCAD
61,2026-06-03 15:53:00,1.38902,1.3891,1.38917,1.38901,158,1780502039.794,USDCAD
61,2026-06-03 15:54:00,1.3891,1.38923,1.38923,1.38907,131,1780502099.694,USDCAD
61,2026-06-03 15:55:00,1.38923,1.38903,1.38925,1.38903,161,1780502159.223,USDCAD
61,2026-06-03 15:56:00,1.38903,1.38918,1.38919,1.38903,136,1780502219.706,USDCAD
61,2026-06-03 15:57:00,1.38918,1.38924,1.38926,1.38912,150,1780502279.037,USDCAD
61,2026-06-03 15:58:00,1.38924,1.38927,1.38927,1.38918,108,1780502339.017,USDCAD
61,2026-06-03 15:59:00,1.38927,1.38918,1.38928,1.38916,111,1780502399.708,USDCAD
61,2026-06-03 16:00:00,1.38918,1.38927,1.38928,1.38916,109,1780502459.004,USDCAD
61,2026-06-03 16:01:00,1.38927,1.38931,1.38933,1.38924,118,1780502519.095,USDCAD
61,2026-06-03 16:02:00,1.38931,1.38925,1.38931,1.38918,108,1780502579.014,USDCAD
61,2026-06-03 16:03:00,1.38925,1.38923,1.38929,1.38918,98,1780502639.035,USDCAD
61,2026-06-03 16:04:00,1.38922,1.38919,1.38927,1.38918,131,1780502699.994,USDCAD
61,2026-06-03 16:05:00,1.38919,1.38932,1.38932,1.38917,122,1780502759.037,USDCAD
61,2026-06-03 16:06:00,1.38932,1.38939,1.38945,1.38925,150,1780502819.015,USDCAD
61,2026-06-03 16:07:00,1.38939,1.38963,1.38963,1.38934,128,1780502879.496,USDCAD
61,2026-06-03 16:08:00,1.38963,1.38944,1.38966,1.38943,150,1780502939.399,USDCAD
61,2026-06-03 16:09:00,1.38944,1.38948,1.38952,1.38942,150,1780502999.093,USDCAD
61,2026-06-03 16:10:00,1.38948,1.38971,1.38973,1.38948,172,1780503059.693,USDCAD
61,2026-06-03 16:11:00,1.38971,1.38977,1.38985,1.38971,121,1780503119.024,USDCAD
61,2026-06-03 16:12:00,1.38977,1.38967,1.38977,1.38965,151,1780503179.594,USDCAD
61,2026-06-03 16:13:00,1.38967,1.3897,1.38975,1.38966,135,1780503239.03,USDCAD
61,2026-06-03 16:14:00,1.3897,1.38954,1.38971,1.38953,126,1780503299.092,USDCAD
61,2026-06-03 16:15:00,1.38954,1.38965,1.38967,1.38951,139,1780503359.029,USDCAD
61,2026-06-03 16:16:00,1.38965,1.38953,1.38968,1.38953,134,1780503418.035,USDCAD
61,2026-06-03 16:17:00,1.38952,1.38955,1.38957,1.38949,113,1780503479.014,USDCAD
61,2026-06-03 16:18:00,1.38955,1.38977,1.38977,1.38954,138,1780503538.034,USDCAD
61,2026-06-03 16:19:00,1.38977,1.38972,1.38979,1.38966,145,1780503599.793,USDCAD
61,2026-06-03 16:20:00,1.38972,1.38975,1.38979,1.38972,144,1780503659.794,USDCAD
61,2026-06-03 16:21:00,1.38976,1.38975,1.38978,1.38973,112,1780503719.02,USDCAD
61,2026-06-03 16:22:00,1.38975,1.38963,1.38984,1.38961,139,1780503779.242,USDCAD
61,2026-06-03 16:23:00,1.38964,1.38971,1.38975,1.38963,139,1780503839.493,USDCAD
61,2026-06-03 16:24:00,1.3897,1.38973,1.38982,1.3897,137,1780503899.793,USDCAD
61,2026-06-03 16:25:00,1.38973,1.38956,1.38974,1.38956,138,1780503959.994,USDCAD
61,2026-06-03 16:26:00,1.38956,1.38955,1.38962,1.38945,178,1780504019.994,USDCAD
61,2026-06-03 16:27:00,1.38955,1.3896,1.38964,1.38948,251,1780504079.694,USDCAD
61,2026-06-03 16:28:00,1.38959,1.38958,1.38962,1.38953,158,1780504139.292,USDCAD
61,2026-06-03 16:29:00,1.38958,1.38955,1.38963,1.38953,177,1780504199.739,USDCAD
61,2026-06-03 16:30:00,1.38955,1.38967,1.38969,1.38948,202,1780504259.897,USDCAD
61,2026-06-03 16:31:00,1.38967,1.38972,1.38972,1.38957,179,1780504319.295,USDCAD
61,2026-06-03 16:32:00,1.38972,1.38976,1.38979,1.38968,155,1780504379.493,USDCAD
61,2026-06-03 16:33:00,1.38976,1.38972,1.38976,1.38966,161,1780504439.011,USDCAD
61,2026-06-03 16:34:00,1.38972,1.38979,1.38979,1.38969,125,1780504499.094,USDCAD
61,2026-06-03 16:35:00,1.38979,1.38977,1.3898,1.38975,109,1780504559.013,USDCAD
61,2026-06-03 16:36:00,1.38977,1.38976,1.38982,1.38973,130,1780504619.03,USDCAD
61,2026-06-03 16:37:00,1.38976,1.38976,1.38979,1.38973,158,1780504679.934,USDCAD
61,2026-06-03 16:38:00,1.38976,1.38977,1.38979,1.38973,118,1780504739.01,USDCAD
61,2026-06-03 16:39:00,1.38977,1.38975,1.38979,1.38974,97,1780504799.194,USDCAD
61,2026-06-03 16:40:00,1.38975,1.38976,1.38978,1.38972,114,1780504859.094,USDCAD
61,2026-06-03 16:41:00,1.38976,1.38967,1.38977,1.38966,146,1780504919.697,USDCAD
61,2026-06-03 16:42:00,1.38967,1.38965,1.38974,1.38963,180,1780504979.093,USDCAD
61,2026-06-03 16:43:00,1.38965,1.38966,1.38973,1.38963,116,1780505039.82,USDCAD
61,2026-06-03 16:44:00,1.38966,1.38965,1.38971,1.38964,89,1780505099.093,USDCAD
61,2026-06-03 16:45:00,1.38965,1.38963,1.38966,1.38962,95,1780505159.093,USDCAD
61,2026-06-03 16:46:00,1.38963,1.38965,1.38972,1.38963,111,1780505219.041,USDCAD
61,2026-06-03 16:47:00,1.38965,1.38966,1.38973,1.38963,105,1780505279.03,USDCAD
61,2026-06-03 16:48:00,1.38967,1.38966,1.38973,1.38965,183,1780505339.794,USDCAD
61,2026-06-03 16:49:00,1.38966,1.38965,1.38972,1.38964,151,1780505399.693,USDCAD
61,2026-06-03 16:50:00,1.38965,1.38961,1.38969,1.3896,111,1780505459.018,USDCAD
61,2026-06-03 16:51:00,1.3896,1.38966,1.38968,1.38955,140,1780505519.995,USDCAD
61,2026-06-03 16:52:00,1.38966,1.38969,1.38976,1.38965,150,1780505579.094,USDCAD
61,2026-06-03 16:53:00,1.38969,1.38973,1.38975,1.38965,150,1780505639.693,USDCAD
61,2026-06-03 16:54:00,1.38973,1.38976,1.38977,1.38965,120,1780505699.035,USDCAD
61,2026-06-03 16:55:00,1.38976,1.38975,1.38984,1.38971,138,1780505759.094,USDCAD
61,2026-06-03 16:56:00,1.38975,1.38963,1.38975,1.38963,126,1780505819.014,USDCAD
61,2026-06-03 16:57:00,1.38963,1.38959,1.38964,1.38956,162,1780505879.495,USDCAD
61,2026-06-03 16:58:00,1.38959,1.38957,1.38963,1.38956,111,1780505939.993,USDCAD
61,2026-06-03 16:59:00,1.38956,1.38944,1.38956,1.38943,141,1780505999.006,USDCAD
61,2026-06-03 17:00:00,1.38944,1.38935,1.3895,1.38934,149,1780506059.914,USDCAD
61,2026-06-03 17:01:00,1.38935,1.38945,1.38946,1.38935,142,1780506119.022,USDCAD
61,2026-06-03 17:02:00,1.38946,1.38945,1.38951,1.38943,160,1780506179.324,USDCAD
61,2026-06-03 17:03:00,1.38945,1.38925,1.38947,1.38925,117,1780506239.193,USDCAD
61,2026-06-03 17:04:00,1.38925,1.38925,1.38929,1.38922,130,1780506299.013,USDCAD
61,2026-06-03 17:05:00,1.38925,1.38927,1.38932,1.38925,121,1780506359.637,USDCAD
61,2026-06-03 17:06:00,1.38927,1.38928,1.38931,1.38925,103,1780506419.009,USDCAD
61,2026-06-03 17:07:00,1.38928,1.38922,1.38931,1.38922,93,1780506479.539,USDCAD
61,2026-06-03 17:08:00,1.38922,1.38898,1.38925,1.38897,154,1780506539.194,USDCAD
61,2026-06-03 17:09:00,1.38898,1.38909,1.38909,1.38896,166,1780506599.74,USDCAD
61,2026-06-03 17:10:00,1.38909,1.38904,1.38909,1.38902,135,1780506659.027,USDCAD
61,2026-06-03 17:11:00,1.38904,1.38906,1.38907,1.38896,118,1780506719.021,USDCAD
61,2026-06-03 17:12:00,1.38906,1.38918,1.38921,1.38906,122,1780506779.6,USDCAD
61,2026-06-03 17:13:00,1.38918,1.38935,1.38935,1.38914,133,1780506839.021,USDCAD
61,2026-06-03 17:14:00,1.38935,1.38918,1.38935,1.38915,80,1780506899.035,USDCAD
61,2026-06-03 17:15:00,1.38918,1.38923,1.38923,1.38916,98,1780506959.8,USDCAD
61,2026-06-03 17:16:00,1.38923,1.38926,1.38927,1.38916,102,1780507019.092,USDCAD
61,2026-06-03 17:17:00,1.38926,1.38926,1.38935,1.38925,110,1780507079.01,USDCAD
61,2026-06-03 17:18:00,1.38926,1.38924,1.38926,1.38922,81,1780507139.031,USDCAD
61,2026-06-03 17:19:00,1.38923,1.38926,1.38926,1.38916,98,1780507199.042,USDCAD
61,2026-06-03 17:20:00,1.38926,1.38925,1.38928,1.38919,107,1780507259.795,USDCAD
61,2026-06-03 17:21:00,1.38925,1.38923,1.38925,1.38917,132,1780507319.017,USDCAD
61,2026-06-03 17:22:00,1.38923,1.38927,1.38929,1.38918,103,1780507379.02,USDCAD
61,2026-06-03 17:23:00,1.38927,1.38916,1.38929,1.38915,106,1780507439.814,USDCAD
61,2026-06-03 17:24:00,1.38916,1.38924,1.38926,1.38915,103,1780507499.495,USDCAD
61,2026-06-03 17:25:00,1.38924,1.38921,1.38925,1.38915,100,1780507559.093,USDCAD
61,2026-06-03 17:26:00,1.38921,1.38926,1.38928,1.38916,102,1780507619.809,USDCAD
61,2026-06-03 17:27:00,1.38926,1.38929,1.3893,1.38925,107,1780507679.093,USDCAD
61,2026-06-03 17:28:00,1.38929,1.38943,1.38946,1.38928,88,1780507739.893,USDCAD
61,2026-06-03 17:29:00,1.38943,1.38945,1.38946,1.38942,74,1780507799.014,USDCAD
61,2026-06-03 17:30:00,1.38945,1.38948,1.38948,1.38944,92,1780507859.035,USDCAD
61,2026-06-03 17:31:00,1.38948,1.38946,1.38948,1.38944,121,1780507919.794,USDCAD
61,2026-06-03 17:32:00,1.38945,1.38946,1.38947,1.38945,95,1780507978.0,USDCAD
61,2026-06-03 17:33:00,1.38946,1.38936,1.38947,1.38936,97,1780508038.693,USDCAD
61,2026-06-03 17:34:00,1.38936,1.38936,1.38938,1.38935,99,1780508099.593,USDCAD
61,2026-06-03 17:35:00,1.38936,1.38936,1.38938,1.38935,119,1780508158.027,USDCAD
61,2026-06-03 17:36:00,1.38936,1.38945,1.38945,1.38936,75,1780508219.013,USDCAD
61,2026-06-03 17:37:00,1.38945,1.38948,1.38948,1.38943,122,1780508279.894,USDCAD
61,2026-06-03 17:38:00,1.38948,1.38944,1.38949,1.38943,89,1780508339.032,USDCAD
61,2026-06-03 17:39:00,1.38944,1.38937,1.38944,1.38936,111,1780508398.094,USDCAD
61,2026-06-03 17:40:00,1.38937,1.38938,1.38942,1.38937,119,1780508459.011,USDCAD
61,2026-06-03 17:41:00,1.38938,1.38936,1.38939,1.38934,97,1780508519.026,USDCAD
61,2026-06-03 17:42:00,1.38936,1.38944,1.38944,1.38936,95,1780508579.094,USDCAD
61,2026-06-03 17:43:00,1.38944,1.38947,1.38947,1.38942,73,1780508639.593,USDCAD
61,2026-06-03 17:44:00,1.38947,1.38948,1.3895,1.38945,90,1780508699.041,USDCAD
61,2026-06-03 17:45:00,1.38948,1.38952,1.38953,1.38946,96,1780508759.028,USDCAD
61,2026-06-03 17:46:00,1.38952,1.38948,1.38956,1.38945,106,1780508819.792,USDCAD
61,2026-06-03 17:47:00,1.38948,1.38952,1.38953,1.38945,111,1780508879.895,USDCAD
61,2026-06-03 17:48:00,1.38952,1.38952,1.38953,1.38948,83,1780508939.021,USDCAD
61,2026-06-03 17:49:00,1.38952,1.38953,1.38957,1.38952,83,1780508999.038,USDCAD
61,2026-06-03 17:50:00,1.38953,1.38946,1.38953,1.38946,65,1780509059.04,USDCAD
61,2026-06-03 17:51:00,1.38946,1.38946,1.38949,1.38939,82,1780509119.046,USDCAD
61,2026-06-03 17:52:00,1.38946,1.38953,1.38953,1.38945,80,1780509179.094,USDCAD
61,2026-06-03 17:53:00,1.38953,1.38953,1.38958,1.38952,96,1780509239.019,USDCAD
61,2026-06-03 17:54:00,1.38953,1.38953,1.38957,1.38952,110,1780509299.033,USDCAD
61,2026-06-03 17:55:00,1.38953,1.38953,1.38954,1.38952,73,1780509359.009,USDCAD
61,2026-06-03 17:56:00,1.38953,1.38952,1.38954,1.38952,98,1780509419.039,USDCAD
61,2026-06-03 17:57:00,1.38952,1.38972,1.38972,1.38952,102,1780509479.093,USDCAD
61,2026-06-03 17:58:00,1.38972,1.38962,1.38972,1.38962,104,1780509539.037,USDCAD
61,2026-06-03 17:59:00,1.38963,1.38963,1.38963,1.38961,69,1780509599.01,USDCAD
61,2026-06-03 18:00:00,1.38963,1.38962,1.38965,1.38962,72,1780509659.02,USDCAD
61,2026-06-03 18:01:00,1.38962,1.38964,1.38965,1.38962,95,1780509719.096,USDCAD
61,2026-06-03 18:02:00,1.38964,1.38972,1.38973,1.38963,76,1780509779.038,USDCAD
61,2026-06-03 18:03:00,1.38972,1.38963,1.38973,1.38962,83,1780509839.014,USDCAD
61,2026-06-03 18:04:00,1.38963,1.38972,1.38973,1.38963,111,1780509899.294,USDCAD
61,2026-06-03 18:05:00,1.38972,1.38976,1.38978,1.38972,79,1780509959.194,USDCAD
61,2026-06-03 18:06:00,1.38976,1.38976,1.38977,1.38974,71,1780510019.002,USDCAD
61,2026-06-03 18:07:00,1.38976,1.38976,1.38978,1.38975,91,1780510079.033,USDCAD
61,2026-06-03 18:08:00,1.38976,1.38984,1.38984,1.38973,117,1780510139.025,USDCAD
61,2026-06-03 18:09:00,1.38984,1.38986,1.38987,1.38982,87,1780510199.194,USDCAD
61,2026-06-03 18:10:00,1.38986,1.38983,1.38986,1.38982,139,1780510259.03,USDCAD
61,2026-06-03 18:11:00,1.38983,1.38983,1.38987,1.38981,92,1780510319.093,USDCAD
61,2026-06-03 18:12:00,1.38983,1.38988,1.38991,1.38981,119,1780510379.093,USDCAD
61,2026-06-03 18:13:00,1.38988,1.3899,1.3899,1.38986,92,1780510439.093,USDCAD
61,2026-06-03 18:14:00,1.3899,1.38992,1.38993,1.3899,73,1780510499.192,USDCAD
61,2026-06-03 18:15:00,1.38992,1.38984,1.38992,1.38983,75,1780510559.028,USDCAD
61,2026-06-03 18:16:00,1.38984,1.38986,1.38987,1.38983,76,1780510619.008,USDCAD
61,2026-06-03 18:17:00,1.38986,1.38983,1.38986,1.38982,91,1780510679.036,USDCAD
61,2026-06-03 18:18:00,1.38983,1.38992,1.38992,1.38982,83,1780510739.015,USDCAD
61,2026-06-03 18:19:00,1.38992,1.38992,1.38993,1.38991,73,1780510799.031,USDCAD
61,2026-06-03 18:20:00,1.38992,1.38986,1.38996,1.38985,117,1780510859.303,USDCAD
61,2026-06-03 18:21:00,1.38986,1.38986,1.38989,1.38983,115,1780510919.022,USDCAD
61,2026-06-03 18:22:00,1.38986,1.38992,1.38993,1.38984,84,1780510979.041,USDCAD
61,2026-06-03 18:23:00,1.38993,1.38993,1.38993,1.38992,56,1780511039.023,USDCAD
61,2026-06-03 18:24:00,1.38993,1.38992,1.38993,1.38991,64,1780511099.037,USDCAD
61,2026-06-03 18:25:00,1.38992,1.38984,1.38992,1.38983,73,1780511159.006,USDCAD
61,2026-06-03 18:26:00,1.38984,1.38983,1.38984,1.3898,92,1780511219.593,USDCAD
61,2026-06-03 18:27:00,1.38983,1.38984,1.38986,1.38982,80,1780511279.015,USDCAD
61,2026-06-03 18:28:00,1.38984,1.38984,1.38992,1.38983,81,1780511339.098,USDCAD
61,2026-06-03 18:29:00,1.38984,1.38984,1.38986,1.38983,87,1780511399.017,USDCAD
61,2026-06-03 18:30:00,1.38984,1.38985,1.38986,1.38983,93,1780511459.842,USDCAD
61,2026-06-03 18:31:00,1.38985,1.38985,1.38989,1.38984,87,1780511519.093,USDCAD
61,2026-06-03 18:32:00,1.38985,1.38983,1.38986,1.38982,85,1780511579.408,USDCAD
61,2026-06-03 18:33:00,1.38983,1.38983,1.38986,1.38983,110,1780511639.034,USDCAD
61,2026-06-03 18:34:00,1.38984,1.38972,1.38985,1.38972,126,1780511699.393,USDCAD
61,2026-06-03 18:35:00,1.38972,1.38972,1.38978,1.38971,110,1780511759.038,USDCAD
61,2026-06-03 18:36:00,1.38972,1.38966,1.38974,1.38963,97,1780511819.092,USDCAD
61,2026-06-03 18:37:00,1.38966,1.38965,1.38974,1.38964,91,1780511879.037,USDCAD
61,2026-06-03 18:38:00,1.38965,1.38965,1.38973,1.38964,104,1780511939.001,USDCAD
61,2026-06-03 18:39:00,1.38965,1.38965,1.38973,1.38964,97,1780511998.024,USDCAD
61,2026-06-03 18:40:00,1.38965,1.38965,1.38969,1.38964,79,1780512058.023,USDCAD
61,2026-06-03 18:41:00,1.38965,1.38957,1.38965,1.38956,89,1780512119.005,USDCAD
61,2026-06-03 18:42:00,1.38957,1.38956,1.38962,1.38955,90,1780512179.294,USDCAD
61,2026-06-03 18:43:00,1.38956,1.38957,1.38957,1.38954,82,1780512239.093,USDCAD
61,2026-06-03 18:44:00,1.38957,1.38954,1.38959,1.38953,77,1780512299.026,USDCAD
61,2026-06-03 18:45:00,1.38953,1.38942,1.38956,1.38941,97,1780512359.032,USDCAD
61,2026-06-03 18:46:00,1.38942,1.38947,1.38949,1.38936,107,1780512419.093,USDCAD
61,2026-06-03 18:47:00,1.38947,1.38937,1.38949,1.38937,87,1780512479.028,USDCAD
61,2026-06-03 18:48:00,1.38937,1.38933,1.38937,1.38933,68,1780512539.093,USDCAD
61,2026-06-03 18:49:00,1.38933,1.38943,1.38943,1.38933,89,1780512599.043,USDCAD
61,2026-06-03 18:50:00,1.38943,1.38938,1.38945,1.38935,100,1780512659.826,USDCAD
61,2026-06-03 18:51:00,1.38938,1.38939,1.38942,1.38932,116,1780512719.093,USDCAD
61,2026-06-03 18:52:00,1.38939,1.38938,1.38942,1.38937,102,1780512779.094,USDCAD
61,2026-06-03 18:53:00,1.38938,1.38937,1.38942,1.38929,104,1780512839.002,USDCAD
61,2026-06-03 18:54:00,1.38937,1.3894,1.38943,1.38934,94,1780512899.03,USDCAD
61,2026-06-03 18:55:00,1.38939,1.38942,1.38943,1.38936,112,1780512959.094,USDCAD
61,2026-06-03 18:56:00,1.38942,1.38941,1.38944,1.38939,129,1780513019.127,USDCAD
61,2026-06-03 18:57:00,1.38941,1.38943,1.38945,1.38939,114,1780513079.095,USDCAD
61,2026-06-03 18:58:00,1.38943,1.38947,1.38949,1.38943,138,1780513139.595,USDCAD
61,2026-06-03 18:59:00,1.38947,1.38952,1.38955,1.38944,144,1780513199.794,USDCAD
61,2026-06-03 19:00:00,1.38952,1.38954,1.38962,1.38952,137,1780513259.093,USDCAD
61,2026-06-03 19:01:00,1.38954,1.38944,1.38956,1.38943,124,1780513319.019,USDCAD
61,2026-06-03 19:02:00,1.38944,1.38938,1.38947,1.38937,148,1780513379.009,USDCAD
61,2026-06-03 19:03:00,1.38938,1.3894,1.38944,1.38936,137,1780513439.933,USDCAD
61,2026-06-03 19:04:00,1.38939,1.38938,1.38943,1.38936,138,1780513499.027,USDCAD
61,2026-06-03 19:05:00,1.38938,1.38939,1.38943,1.38935,105,1780513559.039,USDCAD
61,2026-06-03 19:06:00,1.3894,1.38941,1.38943,1.38935,130,1780513619.693,USDCAD
61,2026-06-03 19:07:00,1.38941,1.38937,1.38943,1.38936,105,1780513679.007,USDCAD
61,2026-06-03 19:08:00,1.38937,1.38941,1.38945,1.38936,93,1780513739.026,USDCAD
61,2026-06-03 19:09:00,1.3894,1.38948,1.38949,1.3894,114,1780513799.994,USDCAD
61,2026-06-03 19:10:00,1.38948,1.38955,1.38956,1.38945,97,1780513859.04,USDCAD
61,2026-06-03 19:11:00,1.38955,1.38955,1.38958,1.38954,107,1780513919.993,USDCAD
61,2026-06-03 19:12:00,1.38955,1.38955,1.38957,1.38954,94,1780513979.094,USDCAD
61,2026-06-03 19:13:00,1.38955,1.38955,1.38956,1.38952,71,1780514039.135,USDCAD
61,2026-06-03 19:14:00,1.38955,1.38956,1.38959,1.38955,82,1780514099.013,USDCAD
61,2026-06-03 19:15:00,1.38956,1.38955,1.38958,1.38952,81,1780514159.04,USDCAD
61,2026-06-03 19:16:00,1.38955,1.38955,1.38955,1.38952,69,1780514219.793,USDCAD
61,2026-06-03 19:17:00,1.38955,1.38929,1.38955,1.38925,145,1780514279.295,USDCAD
61,2026-06-03 19:18:00,1.38929,1.3894,1.3894,1.38926,95,1780514339.995,USDCAD
61,2026-06-03 19:19:00,1.3894,1.38933,1.3894,1.38925,102,1780514399.01,USDCAD
61,2026-06-03 19:20:00,1.38933,1.38936,1.38936,1.38925,108,1780514459.093,USDCAD
61,2026-06-03 19:21:00,1.38936,1.3895,1.3895,1.38935,91,1780514519.093,USDCAD
61,2026-06-03 19:22:00,1.3895,1.38947,1.38952,1.38946,103,1780514579.093,USDCAD
61,2026-06-03 19:23:00,1.38947,1.38941,1.38948,1.38938,93,1780514639.093,USDCAD
61,2026-06-03 19:24:00,1.38941,1.38946,1.38947,1.38938,95,1780514699.093,USDCAD
61,2026-06-03 19:25:00,1.38946,1.38937,1.3895,1.38937,94,1780514759.016,USDCAD
61,2026-06-03 19:26:00,1.38937,1.3893,1.38942,1.38929,108,1780514819.039,USDCAD
61,2026-06-03 19:27:00,1.38929,1.38938,1.38941,1.38929,139,1780514879.093,USDCAD
61,2026-06-03 19:28:00,1.38938,1.38937,1.38944,1.38936,85,1780514939.027,USDCAD
61,2026-06-03 19:29:00,1.38937,1.38936,1.38937,1.38934,66,1780514999.009,USDCAD
61,2026-06-03 19:30:00,1.38936,1.38937,1.38937,1.3893,80,1780515059.037,USDCAD
61,2026-06-03 19:31:00,1.38937,1.38947,1.38947,1.38935,82,1780515119.093,USDCAD
61,2026-06-03 19:32:00,1.38947,1.38941,1.38948,1.38941,78,1780515179.744,USDCAD
61,2026-06-03 19:33:00,1.38939,1.38935,1.38944,1.38935,76,1780515239.025,USDCAD
61,2026-06-03 19:34:00,1.38935,1.38936,1.38938,1.38935,67,1780515299.094,USDCAD
61,2026-06-03 19:35:00,1.38936,1.38935,1.38937,1.38932,83,1780515359.025,USDCAD
61,2026-06-03 19:36:00,1.38935,1.38936,1.38936,1.38933,76,1780515419.037,USDCAD
61,2026-06-03 19:37:00,1.38936,1.38943,1.38945,1.38936,86,1780515479.028,USDCAD
61,2026-06-03 19:38:00,1.38943,1.38938,1.38943,1.38935,96,1780515539.093,USDCAD
61,2026-06-03 19:39:00,1.38938,1.38941,1.38944,1.38938,95,1780515599.011,USDCAD
61,2026-06-03 19:40:00,1.38941,1.38937,1.38944,1.38934,93,1780515659.995,USDCAD
61,2026-06-03 19:41:00,1.38937,1.38938,1.38939,1.38936,92,1780515719.026,USDCAD
61,2026-06-03 19:42:00,1.38938,1.3894,1.38943,1.38935,106,1780515779.094,USDCAD
61,2026-06-03 19:43:00,1.3894,1.38936,1.38943,1.38936,85,1780515839.011,USDCAD
61,2026-06-03 19:44:00,1.38936,1.38942,1.38942,1.38936,101,1780515899.393,USDCAD
61,2026-06-03 19:45:00,1.38942,1.38946,1.38951,1.38941,83,1780515958.094,USDCAD
61,2026-06-03 19:46:00,1.38946,1.38945,1.38946,1.38944,65,1780516019.019,USDCAD
61,2026-06-03 19:47:00,1.38945,1.38945,1.38946,1.38944,67,1780516078.033,USDCAD
61,2026-06-03 19:48:00,1.38945,1.38939,1.38945,1.38935,89,1780516139.043,USDCAD
61,2026-06-03 19:49:00,1.38939,1.38938,1.3894,1.38937,67,1780516199.031,USDCAD
61,2026-06-03 19:50:00,1.38938,1.38945,1.38948,1.38938,115,1780516259.038,USDCAD
61,2026-06-03 19:51:00,1.38945,1.38952,1.38952,1.38943,78,1780516319.034,USDCAD
61,2026-06-03 19:52:00,1.38952,1.38956,1.38958,1.38946,87,1780516379.012,USDCAD
61,2026-06-03 19:53:00,1.38956,1.38957,1.38958,1.38953,115,1780516439.094,USDCAD
61,2026-06-03 19:54:00,1.38958,1.38969,1.38969,1.38957,133,1780516499.7,USDCAD
61,2026-06-03 19:55:00,1.38969,1.3896,1.38969,1.38956,157,1780516559.993,USDCAD
61,2026-06-03 19:56:00,1.3896,1.38946,1.3896,1.38943,178,1780516619.729,USDCAD
61,2026-06-03 19:57:00,1.38946,1.38957,1.38957,1.38944,145,1780516679.393,USDCAD
61,2026-06-03 19:58:00,1.38957,1.38962,1.38963,1.38953,126,1780516739.039,USDCAD
61,2026-06-03 19:59:00,1.38963,1.38969,1.3897,1.38956,169,1780516799.939,USDCAD
61,2026-06-03 20:00:00,1.38969,1.38952,1.38969,1.38948,177,1780516859.895,USDCAD
61,2026-06-03 20:01:00,1.38952,1.38951,1.38955,1.38951,159,1780516919.693,USDCAD
61,2026-06-03 20:02:00,1.38951,1.38949,1.38951,1.38945,115,1780516979.03,USDCAD
61,2026-06-03 20:03:00,1.38949,1.38949,1.3895,1.38948,56,1780517039.093,USDCAD
61,2026-06-03 20:04:00,1.38949,1.38953,1.38955,1.38949,68,1780517099.019,USDCAD
61,2026-06-03 20:05:00,1.38953,1.38965,1.38971,1.38953,112,1780517159.094,USDCAD
61,2026-06-03 20:06:00,1.38965,1.38957,1.38967,1.38957,104,1780517219.014,USDCAD
61,2026-06-03 20:07:00,1.38957,1.38956,1.38958,1.38954,70,1780517279.029,USDCAD
61,2026-06-03 20:08:00,1.38956,1.38938,1.38956,1.38936,94,1780517339.018,USDCAD
61,2026-06-03 20:09:00,1.38938,1.38945,1.38947,1.38936,80,1780517399.094,USDCAD
61,2026-06-03 20:10:00,1.38945,1.38951,1.38951,1.38945,77,1780517459.01,USDCAD
61,2026-06-03 20:11:00,1.38951,1.38952,1.38961,1.3895,91,1780517519.023,USDCAD
61,2026-06-03 20:12:00,1.38952,1.38945,1.38954,1.38944,84,1780517579.043,USDCAD
61,2026-06-03 20:13:00,1.38945,1.38955,1.38958,1.38943,98,1780517639.044,USDCAD
61,2026-06-03 20:14:00,1.38955,1.38951,1.38955,1.3895,70,1780517699.012,USDCAD
61,2026-06-03 20:15:00,1.38951,1.3895,1.38956,1.38946,125,1780517759.739,USDCAD
61,2026-06-03 20:16:00,1.3895,1.38949,1.38951,1.38948,107,1780517819.093,USDCAD
61,2026-06-03 20:17:00,1.38949,1.38945,1.3895,1.38943,123,1780517879.032,USDCAD
61,2026-06-03 20:18:00,1.38945,1.38947,1.38949,1.38945,249,1780517939.092,USDCAD
61,2026-06-03 20:19:00,1.38947,1.3895,1.38951,1.38945,142,1780517999.093,USDCAD
61,2026-06-03 20:20:00,1.3895,1.38945,1.38951,1.38944,79,1780518059.033,USDCAD
61,2026-06-03 20:21:00,1.38945,1.38945,1.38946,1.38943,134,1780518119.034,USDCAD
61,2026-06-03 20:22:00,1.38945,1.38948,1.38948,1.38943,131,1780518179.093,USDCAD
61,2026-06-03 20:23:00,1.38947,1.38953,1.38955,1.38946,94,1780518239.001,USDCAD
61,2026-06-03 20:24:00,1.38953,1.38952,1.38956,1.38951,96,1780518299.093,USDCAD
61,2026-06-03 20:25:00,1.38952,1.38956,1.38956,1.3895,87,1780518359.093,USDCAD
61,2026-06-03 20:26:00,1.38956,1.38953,1.38956,1.38951,74,1780518419.014,USDCAD
61,2026-06-03 20:27:00,1.38953,1.38968,1.38968,1.38953,134,1780518479.024,USDCAD
61,2026-06-03 20:28:00,1.38968,1.38971,1.38973,1.38963,85,1780518539.007,USDCAD
61,2026-06-03 20:29:00,1.38971,1.38967,1.38971,1.38965,104,1780518599.093,USDCAD
61,2026-06-03 20:30:00,1.38967,1.38965,1.38971,1.38964,84,1780518659.093,USDCAD
61,2026-06-03 20:31:00,1.38965,1.38949,1.38966,1.38948,90,1780518719.595,USDCAD
61,2026-06-03 20:32:00,1.38949,1.38945,1.38958,1.38943,93,1780518779.036,USDCAD
61,2026-06-03 20:33:00,1.38945,1.38939,1.38945,1.38935,94,1780518839.092,USDCAD
61,2026-06-03 20:34:00,1.38939,1.38954,1.38955,1.38938,115,1780518899.011,USDCAD
61,2026-06-03 20:35:00,1.38954,1.38945,1.38954,1.3894,87,1780518959.092,USDCAD
61,2026-06-03 20:36:00,1.38947,1.38948,1.38949,1.38941,84,1780519019.002,USDCAD
61,2026-06-03 20:37:00,1.38948,1.38948,1.38949,1.38946,63,1780519079.003,USDCAD
61,2026-06-03 20:38:00,1.38948,1.38955,1.38955,1.38948,84,1780519139.193,USDCAD
61,2026-06-03 20:39:00,1.38955,1.38959,1.38959,1.38954,61,1780519199.008,USDCAD
61,2026-06-03 20:40:00,1.38959,1.38956,1.38959,1.38956,72,1780519259.01,USDCAD
61,2026-06-03 20:41:00,1.38956,1.3896,1.38964,1.38956,79,1780519319.019,USDCAD
61,2026-06-03 20:42:00,1.3896,1.38959,1.38962,1.38957,187,1780519379.033,USDCAD
61,2026-06-03 20:43:00,1.38959,1.38968,1.38971,1.38959,104,1780519439.293,USDCAD
61,2026-06-03 20:44:00,1.38968,1.38973,1.38974,1.38968,81,1780519499.042,USDCAD
61,2026-06-03 20:45:00,1.38973,1.38976,1.38977,1.38971,108,1780519559.036,USDCAD
61,2026-06-03 20:46:00,1.38976,1.38965,1.38977,1.38963,160,1780519619.809,USDCAD
61,2026-06-03 20:47:00,1.38965,1.38973,1.38973,1.38963,87,1780519679.633,USDCAD
61,2026-06-03 20:48:00,1.38973,1.38972,1.38976,1.38972,80,1780519739.393,USDCAD
61,2026-06-03 20:49:00,1.38972,1.38976,1.38976,1.38971,90,1780519799.039,USDCAD
61,2026-06-03 20:50:00,1.38976,1.38973,1.38976,1.38969,78,1780519859.019,USDCAD
61,2026-06-03 20:51:00,1.38973,1.38972,1.38975,1.38972,82,1780519919.039,USDCAD
61,2026-06-03 20:52:00,1.38973,1.3897,1.38973,1.3897,68,1780519979.013,USDCAD
61,2026-06-03 20:53:00,1.3897,1.38958,1.3897,1.38958,64,1780520038.026,USDCAD
61,2026-06-03 20:54:00,1.38958,1.38958,1.38959,1.38957,53,1780520099.004,USDCAD
61,2026-06-03 20:55:00,1.38958,1.38958,1.38967,1.38945,90,1780520159.013,USDCAD
61,2026-06-03 20:56:00,1.38958,1.38979,1.3898,1.38956,80,1780520219.04,USDCAD
61,2026-06-03 20:57:00,1.38978,1.38982,1.38983,1.38971,128,1780520279.021,USDCAD
61,2026-06-03 20:58:00,1.38982,1.38979,1.38984,1.38977,116,1780520339.032,USDCAD
61,2026-06-03 20:59:00,1.38979,1.38964,1.3898,1.38964,144,1780520399.899,USDCAD
61,2026-06-03 21:00:00,1.38964,1.38962,1.38964,1.38958,60,1780520459.038,USDCAD
61,2026-06-03 21:01:00,1.38962,1.38962,1.38962,1.3896,61,1780520519.014,USDCAD
61,2026-06-03 21:02:00,1.38962,1.38962,1.38962,1.38962,60,1780520579.093,USDCAD
61,2026-06-03 21:03:00,1.38962,1.38962,1.38962,1.38962,60,1780520639.026,USDCAD
61,2026-06-03 21:04:00,1.38962,1.38962,1.38962,1.38962,60,1780520699.093,USDCAD
61,2026-06-03 21:05:00,1.38962,1.38962,1.38962,1.3896,62,1780520759.038,USDCAD
61,2026-06-03 21:06:00,1.38962,1.38962,1.38962,1.38962,60,1780520819.029,USDCAD
61,2026-06-03 21:07:00,1.38962,1.38962,1.38962,1.38962,60,1780520879.001,USDCAD
61,2026-06-03 21:08:00,1.38962,1.38962,1.38962,1.38962,60,1780520939.022,USDCAD
61,2026-06-03 21:09:00,1.38962,1.3896,1.38962,1.3896,61,1780520999.094,USDCAD
61,2026-06-03 21:10:00,1.3896,1.3896,1.3896,1.3896,47,1780521059.093,USDCAD
61,2026-06-03 21:11:00,1.3896,1.3896,1.3896,1.3896,50,1780521119.033,USDCAD
61,2026-06-03 21:12:00,1.3896,1.3896,1.3896,1.3896,53,1780521179.036,USDCAD
61,2026-06-03 21:13:00,1.3896,1.3896,1.3896,1.3896,56,1780521239.012,USDCAD
61,2026-06-03 21:14:00,1.3896,1.3896,1.3896,1.3896,59,1780521299.039,USDCAD
61,2026-06-03 21:15:00,1.3896,1.3896,1.3896,1.3896,59,1780521359.012,USDCAD
61,2026-06-03 21:16:00,1.3896,1.3896,1.3896,1.3896,59,1780521419.015,USDCAD
61,2026-06-03 21:17:00,1.3896,1.3896,1.3896,1.3896,60,1780521479.027,USDCAD
61,2026-06-03 21:18:00,1.3896,1.3896,1.3896,1.3896,60,1780521539.002,USDCAD
61,2026-06-03 21:19:00,1.3896,1.3896,1.3896,1.3896,60,1780521599.024,USDCAD
61,2026-06-03 21:20:00,1.3896,1.38963,1.38964,1.3896,64,1780521659.01,USDCAD
61,2026-06-03 21:21:00,1.38963,1.38965,1.38965,1.3896,66,1780521719.029,USDCAD
61,2026-06-03 21:22:00,1.38965,1.38965,1.38965,1.38962,64,1780521779.003,USDCAD
61,2026-06-03 21:23:00,1.38965,1.38965,1.38965,1.38965,60,1780521839.032,USDCAD
61,2026-06-03 21:24:00,1.38965,1.38966,1.38966,1.38963,56,1780521899.011,USDCAD
61,2026-06-03 21:25:00,1.38966,1.38963,1.38967,1.38963,53,1780521959.014,USDCAD
61,2026-06-03 21:26:00,1.38963,1.38963,1.38963,1.38962,55,1780522019.038,USDCAD
61,2026-06-03 21:27:00,1.38963,1.38959,1.38963,1.38958,62,1780522079.023,USDCAD
61,2026-06-03 21:28:00,1.38959,1.38959,1.38959,1.38959,58,1780522139.03,USDCAD
61,2026-06-03 21:29:00,1.38959,1.38959,1.38959,1.38959,58,1780522199.01,USDCAD
61,2026-06-03 21:30:00,1.38959,1.38961,1.38963,1.38957,66,1780522259.037,USDCAD
61,2026-06-03 21:31:00,1.38961,1.38963,1.38963,1.38961,63,1780522319.01,USDCAD
61,2026-06-03 21:32:00,1.38963,1.38962,1.38963,1.38962,61,1780522379.022,USDCAD
61,2026-06-03 21:33:00,1.38962,1.38964,1.38965,1.38962,62,1780522439.036,USDCAD
61,2026-06-03 21:34:00,1.38964,1.38964,1.38964,1.38964,60,1780522499.015,USDCAD
61,2026-06-03 21:35:00,1.38964,1.3896,1.38964,1.38959,66,1780522559.031,USDCAD
61,2026-06-03 21:36:00,1.3896,1.3896,1.38962,1.3896,63,1780522619.0,USDCAD
61,2026-06-03 21:37:00,1.3896,1.38958,1.38962,1.38958,63,1780522679.035,USDCAD
61,2026-06-03 21:38:00,1.38958,1.3896,1.3896,1.38958,62,1780522739.094,USDCAD
61,2026-06-03 21:39:00,1.3896,1.3896,1.38962,1.38959,62,1780522799.022,USDCAD
61,2026-06-03 21:40:00,1.3896,1.3896,1.3896,1.38958,52,1780522859.036,USDCAD
61,2026-06-03 21:41:00,1.3896,1.38959,1.3896,1.38959,51,1780522919.002,USDCAD
61,2026-06-03 21:42:00,1.38959,1.38959,1.38959,1.38959,56,1780522979.003,USDCAD
61,2026-06-03 21:43:00,1.38959,1.38959,1.3896,1.38959,61,1780523039.021,USDCAD
61,2026-06-03 21:44:00,1.38959,1.38959,1.38959,1.38959,58,1780523099.003,USDCAD
61,2026-06-03 21:45:00,1.38959,1.38958,1.38959,1.38958,58,1780523159.03,USDCAD
61,2026-06-03 21:46:00,1.38958,1.38958,1.38958,1.38958,56,1780523219.093,USDCAD
61,2026-06-03 21:47:00,1.38958,1.38958,1.38962,1.38955,66,1780523279.018,USDCAD
61,2026-06-03 21:48:00,1.38958,1.38952,1.38958,1.38924,81,1780523339.725,USDCAD
61,2026-06-03 21:49:00,1.38952,1.38945,1.38952,1.38945,65,1780523399.031,USDCAD
61,2026-06-03 21:50:00,1.38945,1.3895,1.3895,1.38943,76,1780523459.093,USDCAD
61,2026-06-03 21:51:00,1.3895,1.38945,1.3895,1.38945,66,1780523519.015,USDCAD
61,2026-06-03 21:52:00,1.38945,1.38946,1.38948,1.38943,68,1780523579.092,USDCAD
61,2026-06-03 21:53:00,1.38946,1.38945,1.38948,1.38942,71,1780523639.034,USDCAD
61,2026-06-03 21:54:00,1.38945,1.38945,1.38948,1.38941,72,1780523699.002,USDCAD
61,2026-06-03 21:55:00,1.38945,1.38946,1.38953,1.38945,72,1780523758.022,USDCAD
61,2026-06-03 21:56:00,1.38946,1.3895,1.38953,1.38946,67,1780523818.036,USDCAD
61,2026-06-03 21:57:00,1.3895,1.38959,1.38962,1.3895,66,1780523879.002,USDCAD
61,2026-06-03 21:58:00,1.38959,1.38934,1.38959,1.38905,111,1780523939.53,USDCAD
61,2026-06-03 21:59:00,1.38934,1.38914,1.38934,1.38906,97,1780523998.041,USDCAD
61,2026-06-03 22:00:00,1.38914,1.38993,1.38993,1.38914,141,1780524059.042,USDCAD
61,2026-06-03 22:01:00,1.38991,1.38995,1.38996,1.3899,79,1780524118.04,USDCAD
61,2026-06-03 22:02:00,1.38995,1.38991,1.38995,1.38991,65,1780524179.009,USDCAD
61,2026-06-03 22:03:00,1.38991,1.38993,1.38993,1.38989,74,1780524239.033,USDCAD
61,2026-06-03 22:04:00,1.38993,1.38993,1.38994,1.38991,72,1780524299.01,USDCAD
61,2026-06-03 22:05:00,1.38993,1.38992,1.38994,1.38991,72,1780524359.093,USDCAD
61,2026-06-03 22:06:00,1.38992,1.38992,1.38993,1.38991,63,1780524419.008,USDCAD
61,2026-06-03 22:07:00,1.38992,1.38991,1.38992,1.38991,61,1780524479.016,USDCAD
61,2026-06-03 22:08:00,1.38991,1.3899,1.38991,1.38989,65,1780524539.035,USDCAD
61,2026-06-03 22:09:00,1.3899,1.38989,1.3899,1.38987,63,1780524599.701,USDCAD
61,2026-06-03 22:10:00,1.38989,1.38991,1.38992,1.38989,69,1780524659.019,USDCAD
61,2026-06-03 22:11:00,1.38991,1.38992,1.38992,1.38991,84,1780524719.018,USDCAD
61,2026-06-03 22:12:00,1.38992,1.38998,1.38999,1.38992,67,1780524779.024,USDCAD
61,2026-06-03 22:13:00,1.38998,1.38998,1.38998,1.38998,47,1780524839.042,USDCAD
61,2026-06-03 22:14:00,1.38998,1.38992,1.38998,1.38989,91,1780524899.093,USDCAD
61,2026-06-03 22:15:00,1.38992,1.38991,1.38992,1.38985,106,1780524959.994,USDCAD
61,2026-06-03 22:16:00,1.38989,1.38989,1.38993,1.38989,92,1780525019.01,USDCAD
61,2026-06-03 22:17:00,1.38989,1.38977,1.38989,1.38977,84,1780525079.032,USDCAD
61,2026-06-03 22:18:00,1.38977,1.38965,1.38978,1.38965,112,1780525139.393,USDCAD
61,2026-06-03 22:19:00,1.38965,1.38971,1.38974,1.38962,137,1780525199.839,USDCAD
61,2026-06-03 22:20:00,1.38971,1.3897,1.38972,1.38964,83,1780525259.015,USDCAD
61,2026-06-03 22:21:00,1.3897,1.38974,1.38977,1.3897,81,1780525319.034,USDCAD
61,2026-06-03 22:22:00,1.38974,1.38976,1.38976,1.38974,64,1780525379.009,USDCAD
61,2026-06-03 22:23:00,1.38976,1.38977,1.38978,1.38976,66,1780525439.028,USDCAD
61,2026-06-03 22:24:00,1.38977,1.38977,1.38977,1.38976,70,1780525499.093,USDCAD
61,2026-06-03 22:25:00,1.38977,1.38976,1.38977,1.38973,69,1780525559.013,USDCAD
61,2026-06-03 22:26:00,1.38976,1.38976,1.38977,1.38976,63,1780525619.015,USDCAD
61,2026-06-03 22:27:00,1.38976,1.38976,1.38977,1.38973,66,1780525679.035,USDCAD
61,2026-06-03 22:28:00,1.38976,1.38977,1.38977,1.38976,56,1780525739.193,USDCAD
61,2026-06-03 22:29:00,1.38976,1.38977,1.38977,1.38976,55,1780525799.008,USDCAD
61,2026-06-03 22:30:00,1.38977,1.38973,1.38977,1.38973,68,1780525859.093,USDCAD
61,2026-06-03 22:31:00,1.38973,1.38959,1.38975,1.38955,102,1780525919.022,USDCAD
61,2026-06-03 22:32:00,1.38959,1.38967,1.38968,1.38958,75,1780525979.493,USDCAD
61,2026-06-03 22:33:00,1.38967,1.38968,1.38968,1.38965,60,1780526039.019,USDCAD
61,2026-06-03 22:34:00,1.38968,1.38968,1.38968,1.38966,69,1780526099.001,USDCAD
61,2026-06-03 22:35:00,1.38968,1.38967,1.38969,1.38967,63,1780526159.038,USDCAD
61,2026-06-03 22:36:00,1.38967,1.38969,1.3897,1.38966,67,1780526219.001,USDCAD
61,2026-06-03 22:37:00,1.38969,1.38967,1.38969,1.38967,65,1780526279.006,USDCAD
61,2026-06-03 22:38:00,1.38967,1.38969,1.38969,1.38967,63,1780526339.019,USDCAD
61,2026-06-03 22:39:00,1.38969,1.38969,1.38969,1.38967,62,1780526399.042,USDCAD
61,2026-06-03 22:40:00,1.38969,1.38968,1.38969,1.38967,62,1780526459.093,USDCAD
61,2026-06-03 22:41:00,1.38968,1.38979,1.38979,1.38968,60,1780526519.04,USDCAD
61,2026-06-03 22:42:00,1.38979,1.38977,1.3898,1.38976,57,1780526579.004,USDCAD
61,2026-06-03 22:43:00,1.38977,1.38978,1.38979,1.38977,52,1780526639.002,USDCAD
61,2026-06-03 22:44:00,1.38978,1.38978,1.38978,1.38978,55,1780526699.042,USDCAD
61,2026-06-03 22:45:00,1.38978,1.38978,1.38979,1.38978,59,1780526759.029,USDCAD
61,2026-06-03 22:46:00,1.38978,1.38978,1.3898,1.38978,62,1780526819.005,USDCAD
61,2026-06-03 22:47:00,1.38978,1.38978,1.38979,1.38977,65,1780526879.028,USDCAD
61,2026-06-03 22:48:00,1.38978,1.38978,1.38979,1.38978,66,1780526939.001,USDCAD
61,2026-06-03 22:49:00,1.38978,1.38978,1.38979,1.38978,63,1780526999.092,USDCAD
61,2026-06-03 22:50:00,1.38978,1.38979,1.38987,1.38978,76,1780527059.693,USDCAD
61,2026-06-03 22:51:00,1.38978,1.38976,1.38978,1.38976,68,1780527119.022,USDCAD
61,2026-06-03 22:52:00,1.38976,1.38977,1.38977,1.38974,72,1780527179.02,USDCAD
61,2026-06-03 22:53:00,1.38977,1.38973,1.38977,1.38972,78,1780527239.036,USDCAD
61,2026-06-03 22:54:00,1.38973,1.38973,1.38976,1.38972,70,1780527299.002,USDCAD
61,2026-06-03 22:55:00,1.38973,1.3897,1.38978,1.38967,97,1780527359.033,USDCAD
61,2026-06-03 22:56:00,1.3897,1.38928,1.38972,1.38924,175,1780527419.994,USDCAD
61,2026-06-03 22:57:00,1.38928,1.38923,1.38932,1.38896,219,1780527479.014,USDCAD
61,2026-06-03 22:58:00,1.38923,1.38921,1.3893,1.38916,117,1780527539.91,USDCAD
61,2026-06-03 22:59:00,1.38921,1.38916,1.3893,1.38911,145,1780527598.038,USDCAD
61,2026-06-03 23:00:00,1.38916,1.38912,1.38918,1.38904,117,1780527659.894,USDCAD
61,2026-06-03 23:01:00,1.38911,1.38912,1.38912,1.38909,64,1780527719.007,USDCAD
61,2026-06-03 23:02:00,1.38912,1.38918,1.38922,1.38904,109,1780527779.035,USDCAD
61,2026-06-03 23:03:00,1.38918,1.38916,1.38919,1.38916,80,1780527839.042,USDCAD
61,2026-06-03 23:04:00,1.38916,1.38928,1.38929,1.38916,101,1780527899.013,USDCAD
61,2026-06-03 23:05:00,1.38928,1.38928,1.38929,1.38926,76,1780527959.193,USDCAD
61,2026-06-03 23:06:00,1.38928,1.38921,1.38929,1.38921,90,1780528019.01,USDCAD
61,2026-06-03 23:07:00,1.38921,1.38928,1.3893,1.38921,95,1780528079.592,USDCAD
61,2026-06-03 23:08:00,1.38928,1.38926,1.3893,1.38926,106,1780528139.032,USDCAD
61,2026-06-03 23:09:00,1.38926,1.38937,1.38937,1.38926,86,1780528199.093,USDCAD
61,2026-06-03 23:10:00,1.38937,1.38941,1.38944,1.38936,80,1780528259.016,USDCAD
61,2026-06-03 23:11:00,1.38941,1.38956,1.38958,1.38941,96,1780528319.015,USDCAD
61,2026-06-03 23:12:00,1.38956,1.38947,1.38957,1.38946,73,1780528379.031,USDCAD
61,2026-06-03 23:13:00,1.38947,1.38946,1.3895,1.38946,80,1780528439.005,USDCAD
61,2026-06-03 23:14:00,1.38946,1.38937,1.38948,1.38937,78,1780528499.028,USDCAD
61,2026-06-03 23:15:00,1.38937,1.38937,1.38942,1.38933,79,1780528559.042,USDCAD
61,2026-06-03 23:16:00,1.38937,1.38937,1.38939,1.38936,63,1780528619.094,USDCAD
61,2026-06-03 23:17:00,1.38937,1.38938,1.38938,1.38936,65,1780528679.007,USDCAD
61,2026-06-03 23:18:00,1.38938,1.38938,1.38939,1.38938,60,1780528739.04,USDCAD
61,2026-06-03 23:19:00,1.38938,1.38938,1.38938,1.38938,59,1780528799.012,USDCAD
61,2026-06-03 23:20:00,1.38938,1.38938,1.38941,1.38937,74,1780528859.293,USDCAD
61,2026-06-03 23:21:00,1.38938,1.38946,1.38948,1.38938,76,1780528919.037,USDCAD
61,2026-06-03 23:22:00,1.38946,1.3894,1.38946,1.38938,69,1780528979.012,USDCAD
61,2026-06-03 23:23:00,1.3894,1.38939,1.3894,1.38939,65,1780529039.0,USDCAD
61,2026-06-03 23:24:00,1.38939,1.38945,1.38945,1.38938,76,1780529099.794,USDCAD
61,2026-06-03 23:25:00,1.38946,1.38943,1.38948,1.38942,68,1780529159.03,USDCAD
61,2026-06-03 23:26:00,1.38943,1.38948,1.38948,1.38943,62,1780529219.092,USDCAD
61,2026-06-03 23:27:00,1.38948,1.38946,1.38949,1.38945,75,1780529279.114,USDCAD
61,2026-06-03 23:28:00,1.38946,1.38938,1.38946,1.38937,78,1780529339.017,USDCAD
61,2026-06-03 23:29:00,1.38938,1.38948,1.3895,1.38938,79,1780529399.093,USDCAD
61,2026-06-03 23:30:00,1.38948,1.3895,1.38952,1.38947,80,1780529459.012,USDCAD
61,2026-06-03 23:31:00,1.3895,1.3895,1.38954,1.3895,58,1780529519.026,USDCAD
61,2026-06-03 23:32:00,1.3895,1.3895,1.38951,1.38947,65,1780529579.794,USDCAD
61,2026-06-03 23:33:00,1.3895,1.3895,1.3895,1.38947,71,1780529639.793,USDCAD
61,2026-06-03 23:34:00,1.3895,1.38949,1.38952,1.38948,79,1780529699.911,USDCAD
61,2026-06-03 23:35:00,1.38949,1.38949,1.38949,1.38948,58,1780529759.093,USDCAD
61,2026-06-03 23:36:00,1.38949,1.38947,1.38949,1.38946,64,1780529819.031,USDCAD
61,2026-06-03 23:37:00,1.38947,1.38952,1.38952,1.38947,66,1780529879.018,USDCAD
61,2026-06-03 23:38:00,1.38952,1.38953,1.38955,1.38952,82,1780529939.793,USDCAD
61,2026-06-03 23:39:00,1.38954,1.38952,1.38959,1.38952,75,1780529999.006,USDCAD
61,2026-06-03 23:40:00,1.38952,1.38948,1.38952,1.38946,74,1780530059.025,USDCAD
61,2026-06-03 23:41:00,1.38948,1.38949,1.38949,1.38948,65,1780530119.024,USDCAD
61,2026-06-03 23:42:00,1.38949,1.38947,1.3895,1.38947,68,1780530179.037,USDCAD
61,2026-06-03 23:43:00,1.38947,1.38948,1.38949,1.3894,72,1780530239.015,USDCAD
61,2026-06-03 23:44:00,1.38948,1.38949,1.3895,1.38948,67,1780530299.026,USDCAD
61,2026-06-03 23:45:00,1.38949,1.38939,1.38949,1.38937,84,1780530359.002,USDCAD
61,2026-06-03 23:46:00,1.38939,1.38939,1.3894,1.38935,90,1780530419.014,USDCAD
61,2026-06-03 23:47:00,1.38939,1.38939,1.38941,1.38938,57,1780530479.038,USDCAD
61,2026-06-03 23:48:00,1.38939,1.38952,1.38955,1.38939,94,1780530539.024,USDCAD
61,2026-06-03 23:49:00,1.38952,1.38938,1.38953,1.38938,91,1780530599.028,USDCAD
61,2026-06-03 23:50:00,1.38938,1.38942,1.38945,1.38938,75,1780530659.094,USDCAD
61,2026-06-03 23:51:00,1.38942,1.38941,1.3895,1.38939,82,1780530719.013,USDCAD
61,2026-06-03 23:52:00,1.38941,1.38938,1.38942,1.38938,78,1780530779.044,USDCAD
61,2026-06-03 23:53:00,1.38938,1.38936,1.38939,1.38932,81,1780530839.393,USDCAD
61,2026-06-03 23:54:00,1.38936,1.38932,1.38938,1.38931,85,1780530899.093,USDCAD
61,2026-06-03 23:55:00,1.38932,1.38938,1.38939,1.38932,71,1780530959.001,USDCAD
61,2026-06-03 23:56:00,1.38938,1.38933,1.38942,1.38932,103,1780531019.693,USDCAD
61,2026-06-03 23:57:00,1.38933,1.38939,1.38939,1.38932,89,1780531079.722,USDCAD
61,2026-06-03 23:58:00,1.38939,1.38939,1.38942,1.38934,112,1780531139.041,USDCAD
61,2026-06-03 23:59:00,1.38939,1.38938,1.38942,1.38936,109,1780531199.093,USDCAD
61,2026-06-04 00:00:00,1.38938,1.38926,1.38948,1.38922,241,1780531259.694,USDCAD
61,2026-06-04 00:01:00,1.38928,1.38928,1.38931,1.38922,179,1780531319.894,USDCAD
61,2026-06-04 00:02:00,1.38928,1.38923,1.38928,1.38916,118,1780531379.894,USDCAD
61,2026-06-04 00:03:00,1.38923,1.38929,1.38935,1.38923,108,1780531439.893,USDCAD
61,2026-06-04 00:04:00,1.38929,1.38923,1.38932,1.38921,107,1780531499.543,USDCAD
61,2026-06-04 00:05:00,1.38923,1.38922,1.38929,1.38921,107,1780531559.895,USDCAD
61,2026-06-04 00:06:00,1.38922,1.38923,1.38931,1.38922,92,1780531618.014,USDCAD
61,2026-06-04 00:07:00,1.38923,1.38929,1.3893,1.38923,84,1780531678.993,USDCAD
61,2026-06-04 00:08:00,1.38929,1.3893,1.38931,1.38923,101,1780531739.011,USDCAD
61,2026-06-04 00:09:00,1.3893,1.38936,1.38939,1.38929,83,1780531799.292,USDCAD
61,2026-06-04 00:10:00,1.38936,1.38936,1.38941,1.38936,85,1780531859.795,USDCAD
61,2026-06-04 00:11:00,1.38936,1.38919,1.38936,1.38914,107,1780531919.036,USDCAD
61,2026-06-04 00:12:00,1.38919,1.38919,1.38922,1.38916,99,1780531979.293,USDCAD
61,2026-06-04 00:13:00,1.38919,1.38918,1.38923,1.38916,97,1780532039.018,USDCAD
61,2026-06-04 00:14:00,1.38918,1.38913,1.38919,1.38913,102,1780532099.03,USDCAD
61,2026-06-04 00:15:00,1.38913,1.38911,1.38923,1.38911,111,1780532159.094,USDCAD
61,2026-06-04 00:16:00,1.38911,1.38914,1.38918,1.38908,103,1780532219.193,USDCAD
61,2026-06-04 00:17:00,1.38914,1.38902,1.38918,1.38898,135,1780532279.001,USDCAD
61,2026-06-04 00:18:00,1.38902,1.38905,1.38905,1.38898,97,1780532339.043,USDCAD
61,2026-06-04 00:19:00,1.38905,1.38904,1.38905,1.38902,83,1780532399.935,USDCAD
61,2026-06-04 00:20:00,1.38904,1.38905,1.38911,1.38897,119,1780532459.006,USDCAD
61,2026-06-04 00:21:00,1.38905,1.38913,1.38916,1.38904,129,1780532519.994,USDCAD
61,2026-06-04 00:22:00,1.38913,1.38914,1.38916,1.38909,90,1780532579.894,USDCAD
61,2026-06-04 00:23:00,1.38914,1.38911,1.38916,1.38909,85,1780532639.893,USDCAD
61,2026-06-04 00:24:00,1.3891,1.38914,1.38914,1.38908,93,1780532699.692,USDCAD
61,2026-06-04 00:25:00,1.38914,1.38912,1.38919,1.38911,95,1780532759.394,USDCAD
61,2026-06-04 00:26:00,1.38912,1.38915,1.38915,1.3891,115,1780532819.008,USDCAD
61,2026-06-04 00:27:00,1.38915,1.38915,1.38922,1.38913,96,1780532879.038,USDCAD
61,2026-06-04 00:28:00,1.38915,1.38913,1.38916,1.38911,128,1780532939.035,USDCAD
61,2026-06-04 00:29:00,1.38913,1.38914,1.38919,1.38912,97,1780532999.113,USDCAD
61,2026-06-04 00:30:00,1.38914,1.38918,1.38921,1.38912,121,1780533059.394,USDCAD
61,2026-06-04 00:31:00,1.38918,1.38919,1.3892,1.38915,93,1780533119.013,USDCAD
61,2026-06-04 00:32:00,1.38919,1.38918,1.38921,1.38916,99,1780533179.009,USDCAD
61,2026-06-04 00:33:00,1.38918,1.38909,1.38918,1.38909,92,1780533239.693,USDCAD
61,2026-06-04 00:34:00,1.38909,1.38914,1.38916,1.38908,96,1780533299.493,USDCAD
61,2026-06-04 00:35:00,1.38914,1.38923,1.38926,1.38912,108,1780533359.093,USDCAD
61,2026-06-04 00:36:00,1.38923,1.38922,1.38926,1.38918,109,1780533419.025,USDCAD
61,2026-06-04 00:37:00,1.38922,1.38923,1.38925,1.38921,92,1780533479.998,USDCAD
61,2026-06-04 00:38:00,1.38923,1.38926,1.38932,1.38923,102,1780533539.094,USDCAD
61,2026-06-04 00:39:00,1.38926,1.38923,1.38926,1.38921,78,1780533599.034,USDCAD
61,2026-06-04 00:40:00,1.38922,1.38922,1.38926,1.38922,73,1780533659.032,USDCAD
61,2026-06-04 00:41:00,1.38922,1.38922,1.38925,1.38921,88,1780533719.092,USDCAD
61,2026-06-04 00:42:00,1.38922,1.38928,1.3893,1.38921,80,1780533779.735,USDCAD
61,2026-06-04 00:43:00,1.38928,1.38918,1.38928,1.38914,111,1780533839.009,USDCAD
61,2026-06-04 00:44:00,1.38918,1.38912,1.38919,1.38912,99,1780533899.015,USDCAD
61,2026-06-04 00:45:00,1.38912,1.38914,1.38918,1.38911,92,1780533959.033,USDCAD
61,2026-06-04 00:46:00,1.38914,1.38919,1.38921,1.38914,110,1780534019.993,USDCAD
61,2026-06-04 00:47:00,1.38921,1.38926,1.38929,1.38917,112,1780534079.033,USDCAD
61,2026-06-04 00:48:00,1.38926,1.38929,1.38932,1.38926,100,1780534139.692,USDCAD
61,2026-06-04 00:49:00,1.38929,1.38924,1.38931,1.38922,117,1780534199.525,USDCAD
61,2026-06-04 00:50:00,1.38924,1.3893,1.38931,1.38922,102,1780534259.028,USDCAD
61,2026-06-04 00:51:00,1.3893,1.38932,1.38932,1.38928,96,1780534319.392,USDCAD
61,2026-06-04 00:52:00,1.38932,1.38932,1.38933,1.3893,82,1780534379.043,USDCAD
61,2026-06-04 00:53:00,1.38932,1.38936,1.38936,1.38927,107,1780534439.018,USDCAD
61,2026-06-04 00:54:00,1.38936,1.38937,1.38942,1.38932,135,1780534499.493,USDCAD
61,2026-06-04 00:55:00,1.38936,1.38943,1.38947,1.38935,129,1780534559.042,USDCAD
61,2026-06-04 00:56:00,1.38943,1.3895,1.3895,1.3894,97,1780534619.306,USDCAD
61,2026-06-04 00:57:00,1.3895,1.38948,1.3895,1.38947,106,1780534679.019,USDCAD
61,2026-06-04 00:58:00,1.38948,1.38943,1.38949,1.38939,108,1780534739.093,USDCAD
61,2026-06-04 00:59:00,1.38943,1.38941,1.38944,1.38939,102,1780534799.024,USDCAD
61,2026-06-04 01:00:00,1.38941,1.3895,1.38959,1.38941,148,1780534859.092,USDCAD
61,2026-06-04 01:01:00,1.3895,1.38959,1.38959,1.3895,95,1780534919.011,USDCAD
61,2026-06-04 01:02:00,1.38959,1.38965,1.38967,1.38957,104,1780534979.032,USDCAD
61,2026-06-04 01:03:00,1.38965,1.38966,1.38967,1.38958,122,1780535039.896,USDCAD
61,2026-06-04 01:04:00,1.38966,1.38967,1.38972,1.38966,111,1780535099.031,USDCAD
61,2026-06-04 01:05:00,1.38967,1.38959,1.38967,1.38958,127,1780535159.041,USDCAD
61,2026-06-04 01:06:00,1.38959,1.38969,1.3897,1.38959,118,1780535219.593,USDCAD
61,2026-06-04 01:07:00,1.38967,1.38962,1.3897,1.38962,98,1780535279.004,USDCAD
61,2026-06-04 01:08:00,1.38962,1.38963,1.38965,1.3896,116,1780535339.023,USDCAD
61,2026-06-04 01:09:00,1.38963,1.3896,1.38963,1.38958,120,1780535399.593,USDCAD
61,2026-06-04 01:10:00,1.3896,1.38958,1.38962,1.38956,90,1780535458.793,USDCAD
61,2026-06-04 01:11:00,1.38958,1.38957,1.3896,1.38956,109,1780535518.03,USDCAD
61,2026-06-04 01:12:00,1.38957,1.38955,1.38958,1.38951,104,1780535578.037,USDCAD
61,2026-06-04 01:13:00,1.38956,1.38949,1.38962,1.38948,128,1780535639.005,USDCAD
61,2026-06-04 01:14:00,1.38949,1.38952,1.38954,1.38947,154,1780535699.038,USDCAD
61,2026-06-04 01:15:00,1.38952,1.38952,1.38958,1.3895,145,1780535759.044,USDCAD
61,2026-06-04 01:16:00,1.38952,1.38948,1.38952,1.38945,93,1780535819.395,USDCAD
61,2026-06-04 01:17:00,1.38948,1.38943,1.38948,1.38942,99,1780535879.028,USDCAD
61,2026-06-04 01:18:00,1.38943,1.38944,1.38944,1.38937,117,1780535939.193,USDCAD
61,2026-06-04 01:19:00,1.38944,1.38938,1.38944,1.38938,109,1780535999.094,USDCAD
61,2026-06-04 01:20:00,1.38938,1.38933,1.38939,1.38931,94,1780536059.022,USDCAD
61,2026-06-04 01:21:00,1.38933,1.38937,1.3894,1.38931,92,1780536119.812,USDCAD
61,2026-06-04 01:22:00,1.38937,1.38938,1.38943,1.38936,96,1780536179.032,USDCAD
61,2026-06-04 01:23:00,1.38938,1.38937,1.38941,1.38935,149,1780536239.909,USDCAD
61,2026-06-04 01:24:00,1.38937,1.38943,1.38946,1.38937,148,1780536299.01,USDCAD
61,2026-06-04 01:25:00,1.38943,1.38948,1.38949,1.3894,81,1780536359.042,USDCAD
61,2026-06-04 01:26:00,1.38948,1.38958,1.38959,1.38948,88,1780536419.017,USDCAD
61,2026-06-04 01:27:00,1.38958,1.38962,1.38963,1.38952,108,1780536479.238,USDCAD
61,2026-06-04 01:28:00,1.38962,1.38962,1.38965,1.38959,110,1780536539.002,USDCAD
61,2026-06-04 01:29:00,1.38962,1.38963,1.38966,1.38958,116,1780536599.046,USDCAD
61,2026-06-04 01:30:00,1.38963,1.38958,1.38965,1.38957,143,1780536659.019,USDCAD
61,2026-06-04 01:31:00,1.38958,1.38958,1.3896,1.38956,95,1780536719.094,USDCAD
61,2026-06-04 01:32:00,1.38958,1.38963,1.38965,1.38955,91,1780536779.918,USDCAD
61,2026-06-04 01:33:00,1.38963,1.38952,1.38963,1.38952,105,1780536839.493,USDCAD
61,2026-06-04 01:34:00,1.38952,1.38956,1.38957,1.38951,125,1780536899.018,USDCAD
61,2026-06-04 01:35:00,1.38956,1.38946,1.3896,1.38943,109,1780536959.093,USDCAD
61,2026-06-04 01:36:00,1.38946,1.38949,1.3895,1.38944,77,1780537019.02,USDCAD
61,2026-06-04 01:37:00,1.38949,1.38951,1.38952,1.38947,97,1780537079.999,USDCAD
61,2026-06-04 01:38:00,1.38951,1.38952,1.38953,1.38949,92,1780537139.005,USDCAD
61,2026-06-04 01:39:00,1.38952,1.38946,1.38953,1.38946,111,1780537199.743,USDCAD
61,2026-06-04 01:40:00,1.38946,1.3895,1.3895,1.38945,94,1780537259.43,USDCAD
61,2026-06-04 01:41:00,1.3895,1.38962,1.38963,1.38949,172,1780537319.242,USDCAD
61,2026-06-04 01:42:00,1.38962,1.38955,1.38963,1.38953,116,1780537379.094,USDCAD
61,2026-06-04 01:43:00,1.38955,1.38965,1.38967,1.38954,103,1780537439.012,USDCAD
61,2026-06-04 01:44:00,1.38965,1.38969,1.38971,1.38963,98,1780537499.025,USDCAD
61,2026-06-04 01:45:00,1.3897,1.38965,1.3897,1.38963,84,1780537559.093,USDCAD
61,2026-06-04 01:46:00,1.38965,1.38972,1.38976,1.38963,131,1780537619.025,USDCAD
61,2026-06-04 01:47:00,1.38972,1.38971,1.38974,1.3897,93,1780537679.917,USDCAD
61,2026-06-04 01:48:00,1.3897,1.38966,1.38972,1.38965,105,1780537739.034,USDCAD
61,2026-06-04 01:49:00,1.38966,1.38964,1.38967,1.38962,133,1780537799.016,USDCAD
61,2026-06-04 01:50:00,1.38964,1.38976,1.38977,1.38963,157,1780537859.039,USDCAD
61,2026-06-04 01:51:00,1.38976,1.38977,1.38977,1.38972,121,1780537919.0,USDCAD
61,2026-06-04 01:52:00,1.38977,1.38983,1.38984,1.38977,114,1780537979.021,USDCAD
61,2026-06-04 01:53:00,1.38983,1.38983,1.38983,1.38979,81,1780538039.016,USDCAD
61,2026-06-04 01:54:00,1.38983,1.38979,1.38983,1.38976,105,1780538099.0,USDCAD
61,2026-06-04 01:55:00,1.38979,1.38977,1.38979,1.38975,83,1780538159.894,USDCAD
61,2026-06-04 01:56:00,1.38977,1.38976,1.38979,1.38972,122,1780538219.416,USDCAD
61,2026-06-04 01:57:00,1.38976,1.38975,1.38977,1.3897,94,1780538279.293,USDCAD
61,2026-06-04 01:58:00,1.38975,1.38975,1.38975,1.38972,86,1780538339.003,USDCAD
61,2026-06-04 01:59:00,1.38975,1.38969,1.38975,1.38967,81,1780538399.037,USDCAD
61,2026-06-04 02:00:00,1.38969,1.38973,1.38978,1.38966,127,1780538459.998,USDCAD
61,2026-06-04 02:01:00,1.38975,1.38972,1.38978,1.3897,93,1780538519.004,USDCAD
61,2026-06-04 02:02:00,1.38972,1.38971,1.38976,1.38969,78,1780538579.023,USDCAD
61,2026-06-04 02:03:00,1.38971,1.3897,1.38976,1.3897,99,1780538639.031,USDCAD
61,2026-06-04 02:04:00,1.38971,1.38972,1.38973,1.38969,92,1780538699.024,USDCAD
61,2026-06-04 02:05:00,1.38973,1.38968,1.38975,1.38968,111,1780538759.003,USDCAD
61,2026-06-04 02:06:00,1.38968,1.38968,1.3897,1.38965,91,1780538819.695,USDCAD
61,2026-06-04 02:07:00,1.38968,1.38969,1.3897,1.38966,141,1780538879.006,USDCAD
61,2026-06-04 02:08:00,1.38969,1.3897,1.38976,1.38968,106,1780538939.041,USDCAD
61,2026-06-04 02:09:00,1.3897,1.38979,1.38979,1.38969,131,1780538999.594,USDCAD
61,2026-06-04 02:10:00,1.3898,1.38978,1.38982,1.38977,103,1780539059.095,USDCAD
61,2026-06-04 02:11:00,1.38978,1.38977,1.3898,1.38977,102,1780539119.011,USDCAD
61,2026-06-04 02:12:00,1.38977,1.38986,1.38987,1.38977,104,1780539179.492,USDCAD
61,2026-06-04 02:13:00,1.38986,1.38986,1.38987,1.38982,101,1780539239.039,USDCAD
61,2026-06-04 02:14:00,1.38986,1.38992,1.38992,1.38983,94,1780539298.009,USDCAD
61,2026-06-04 02:15:00,1.38992,1.38997,1.38999,1.38989,101,1780539358.036,USDCAD
61,2026-06-04 02:16:00,1.38997,1.38996,1.39002,1.38996,73,1780539419.015,USDCAD
61,2026-06-04 02:17:00,1.38996,1.38999,1.39002,1.38986,126,1780539479.794,USDCAD
61,2026-06-04 02:18:00,1.39,1.38997,1.39002,1.38996,87,1780539539.013,USDCAD
61,2026-06-04 02:19:00,1.38997,1.39004,1.39006,1.38997,84,1780539599.005,USDCAD
61,2026-06-04 02:20:00,1.39004,1.39013,1.39017,1.39004,109,1780539659.016,USDCAD
61,2026-06-04 02:21:00,1.39013,1.39026,1.39026,1.3901,77,1780539719.037,USDCAD
61,2026-06-04 02:22:00,1.39026,1.39026,1.39027,1.39019,81,1780539779.006,USDCAD
61,2026-06-04 02:23:00,1.39026,1.3903,1.39031,1.39024,84,1780539839.037,USDCAD
61,2026-06-04 02:24:00,1.3903,1.39037,1.39038,1.3903,101,1780539899.094,USDCAD
61,2026-06-04 02:25:00,1.39037,1.39026,1.39037,1.39024,107,1780539959.031,USDCAD
61,2026-06-04 02:26:00,1.39026,1.39017,1.39026,1.39016,95,1780540019.694,USDCAD
61,2026-06-04 02:27:00,1.39017,1.39019,1.3902,1.39013,84,1780540079.005,USDCAD
61,2026-06-04 02:28:00,1.39019,1.39021,1.39022,1.39016,85,1780540139.025,USDCAD
61,2026-06-04 02:29:00,1.39021,1.39019,1.39021,1.39018,74,1780540199.002,USDCAD
61,2026-06-04 02:30:00,1.39019,1.3901,1.39019,1.3901,100,1780540259.094,USDCAD
61,2026-06-04 02:31:00,1.3901,1.39016,1.39018,1.3901,92,1780540319.008,USDCAD
61,2026-06-04 02:32:00,1.39016,1.39017,1.39019,1.39013,79,1780540379.994,USDCAD
61,2026-06-04 02:33:00,1.39017,1.39014,1.39018,1.39013,96,1780540439.096,USDCAD
61,2026-06-04 02:34:00,1.39014,1.39017,1.3902,1.39014,92,1780540499.014,USDCAD
61,2026-06-04 02:35:00,1.39017,1.3902,1.3902,1.39017,90,1780540559.093,USDCAD
61,2026-06-04 02:36:00,1.3902,1.39011,1.3902,1.3901,90,1780540619.031,USDCAD
61,2026-06-04 02:37:00,1.3901,1.39016,1.39017,1.3901,79,1780540679.037,USDCAD
61,2026-06-04 02:38:00,1.39016,1.39007,1.39016,1.39007,82,1780540739.493,USDCAD
61,2026-06-04 02:39:00,1.39007,1.39002,1.39008,1.39002,94,1780540799.542,USDCAD
61,2026-06-04 02:40:00,1.39002,1.39003,1.39005,1.38998,130,1780540859.017,USDCAD
61,2026-06-04 02:41:00,1.39003,1.39001,1.39004,1.39,89,1780540919.093,USDCAD
61,2026-06-04 02:42:00,1.39001,1.39004,1.39006,1.39,93,1780540979.023,USDCAD
61,2026-06-04 02:43:00,1.39004,1.38999,1.39004,1.38999,77,1780541039.031,USDCAD
61,2026-06-04 02:44:00,1.38999,1.38999,1.39002,1.38999,92,1780541099.092,USDCAD
61,2026-06-04 02:45:00,1.38999,1.38989,1.38999,1.38989,103,1780541159.094,USDCAD
61,2026-06-04 02:46:00,1.38989,1.38989,1.38992,1.38987,108,1780541219.022,USDCAD
61,2026-06-04 02:47:00,1.38989,1.38987,1.38989,1.38987,85,1780541279.094,USDCAD
61,2026-06-04 02:48:00,1.38987,1.38975,1.38988,1.38975,92,1780541339.694,USDCAD
61,2026-06-04 02:49:00,1.38975,1.38977,1.38978,1.38972,78,1780541399.031,USDCAD
61,2026-06-04 02:50:00,1.38977,1.38971,1.38978,1.38969,85,1780541459.001,USDCAD
61,2026-06-04 02:51:00,1.38971,1.38975,1.38977,1.38968,101,1780541519.132,USDCAD
61,2026-06-04 02:52:00,1.38973,1.3898,1.38982,1.38972,91,1780541579.0,USDCAD
61,2026-06-04 02:53:00,1.3898,1.38984,1.38985,1.38979,102,1780541639.018,USDCAD
61,2026-06-04 02:54:00,1.38984,1.38983,1.38987,1.38982,77,1780541699.001,USDCAD
61,2026-06-04 02:55:00,1.38983,1.38982,1.38983,1.3898,75,1780541759.013,USDCAD
61,2026-06-04 02:56:00,1.38982,1.38975,1.38982,1.38973,92,1780541819.594,USDCAD
61,2026-06-04 02:57:00,1.38975,1.38986,1.38986,1.38973,100,1780541879.993,USDCAD
61,2026-06-04 02:58:00,1.38985,1.38982,1.38985,1.3898,77,1780541939.012,USDCAD
61,2026-06-04 02:59:00,1.38982,1.38983,1.38983,1.38982,75,1780541999.03,USDCAD
61,2026-06-04 03:00:00,1.38983,1.3899,1.38997,1.38983,101,1780542059.002,USDCAD
61,2026-06-04 03:01:00,1.3899,1.38987,1.3899,1.38982,95,1780542119.037,USDCAD
61,2026-06-04 03:02:00,1.38987,1.38992,1.38997,1.38986,92,1780542179.005,USDCAD
61,2026-06-04 03:03:00,1.38992,1.38996,1.38998,1.38992,91,1780542239.018,USDCAD
61,2026-06-04 03:04:00,1.38996,1.38991,1.38997,1.3899,91,1780542299.039,USDCAD
61,2026-06-04 03:05:00,1.38991,1.38988,1.38991,1.38986,127,1780542359.893,USDCAD
61,2026-06-04 03:06:00,1.38988,1.38996,1.38996,1.38987,149,1780542419.094,USDCAD
61,2026-06-04 03:07:00,1.38996,1.39001,1.39004,1.38995,76,1780542479.023,USDCAD
61,2026-06-04 03:08:00,1.39,1.39007,1.39008,1.38999,86,1780542539.014,USDCAD
61,2026-06-04 03:09:00,1.39007,1.3901,1.39011,1.39006,85,1780542599.028,USDCAD
61,2026-06-04 03:10:00,1.3901,1.39006,1.3901,1.39006,96,1780542659.095,USDCAD
61,2026-06-04 03:11:00,1.39006,1.39019,1.39019,1.39006,102,1780542719.036,USDCAD
61,2026-06-04 03:12:00,1.39019,1.39019,1.3902,1.39017,88,1780542779.094,USDCAD
61,2026-06-04 03:13:00,1.39019,1.39024,1.39026,1.39017,79,1780542839.04,USDCAD
61,2026-06-04 03:14:00,1.39024,1.39026,1.39028,1.39022,83,1780542899.013,USDCAD
61,2026-06-04 03:15:00,1.39026,1.39026,1.39028,1.39024,88,1780542959.038,USDCAD
61,2026-06-04 03:16:00,1.39026,1.39024,1.39027,1.39021,79,1780543019.094,USDCAD
61,2026-06-04 03:17:00,1.39024,1.3902,1.39024,1.3902,84,1780543079.993,USDCAD
61,2026-06-04 03:18:00,1.3902,1.39018,1.39022,1.39016,90,1780543139.894,USDCAD
61,2026-06-04 03:19:00,1.39018,1.39013,1.39019,1.39011,100,1780543198.019,USDCAD
61,2026-06-04 03:20:00,1.39013,1.39016,1.39016,1.39009,70,1780543258.038,USDCAD
61,2026-06-04 03:21:00,1.39016,1.39017,1.39018,1.39013,79,1780543318.092,USDCAD
61,2026-06-04 03:22:00,1.39017,1.39019,1.39021,1.39016,71,1780543379.093,USDCAD
61,2026-06-04 03:23:00,1.39019,1.39023,1.39024,1.39019,98,1780543438.032,USDCAD
61,2026-06-04 03:24:00,1.39023,1.39028,1.39028,1.39019,74,1780543499.795,USDCAD
61,2026-06-04 03:25:00,1.39028,1.39033,1.39034,1.39027,90,1780543559.493,USDCAD
61,2026-06-04 03:26:00,1.39033,1.39037,1.39038,1.39032,85,1780543619.934,USDCAD
61,2026-06-04 03:27:00,1.39037,1.39034,1.39038,1.39033,82,1780543679.012,USDCAD
61,2026-06-04 03:28:00,1.39034,1.39031,1.39035,1.3903,73,1780543739.039,USDCAD
61,2026-06-04 03:29:00,1.39031,1.39038,1.3904,1.3903,71,1780543799.014,USDCAD
61,2026-06-04 03:30:00,1.39038,1.39039,1.3904,1.39033,94,1780543859.892,USDCAD
61,2026-06-04 03:31:00,1.39039,1.3904,1.39044,1.39032,110,1780543919.04,USDCAD
61,2026-06-04 03:32:00,1.39038,1.39038,1.39041,1.39038,78,1780543979.1,USDCAD
61,2026-06-04 03:33:00,1.39038,1.39038,1.3904,1.39038,71,1780544039.032,USDCAD
61,2026-06-04 03:34:00,1.39038,1.39037,1.39038,1.39034,90,1780544099.702,USDCAD
61,2026-06-04 03:35:00,1.39037,1.39037,1.3904,1.39036,71,1780544159.031,USDCAD
61,2026-06-04 03:36:00,1.39037,1.39032,1.39038,1.39031,91,1780544219.043,USDCAD
61,2026-06-04 03:37:00,1.39032,1.39038,1.39038,1.39031,81,1780544279.093,USDCAD
61,2026-06-04 03:38:00,1.39038,1.39037,1.39038,1.39033,85,1780544339.038,USDCAD
61,2026-06-04 03:39:00,1.39037,1.39038,1.39041,1.39037,81,1780544399.012,USDCAD
61,2026-06-04 03:40:00,1.39038,1.39037,1.39044,1.39037,88,1780544459.826,USDCAD
61,2026-06-04 03:41:00,1.39037,1.39038,1.3904,1.39034,79,1780544519.028,USDCAD
61,2026-06-04 03:42:00,1.39038,1.39037,1.39039,1.39037,71,1780544579.893,USDCAD
61,2026-06-04 03:43:00,1.39037,1.39037,1.39038,1.39035,67,1780544639.042,USDCAD
61,2026-06-04 03:44:00,1.39037,1.39038,1.39038,1.39034,82,1780544699.02,USDCAD
61,2026-06-04 03:45:00,1.39038,1.39038,1.3904,1.39037,75,1780544759.093,USDCAD
61,2026-06-04 03:46:00,1.39038,1.3904,1.39041,1.39038,82,1780544819.033,USDCAD
61,2026-06-04 03:47:00,1.3904,1.39037,1.39043,1.39033,117,1780544879.093,USDCAD
61,2026-06-04 03:48:00,1.39037,1.3904,1.3904,1.39036,85,1780544939.094,USDCAD
61,2026-06-04 03:49:00,1.3904,1.39038,1.39041,1.39037,75,1780544999.032,USDCAD
61,2026-06-04 03:50:00,1.39038,1.39027,1.39039,1.39026,91,1780545059.917,USDCAD
61,2026-06-04 03:51:00,1.39026,1.39025,1.39027,1.39025,67,1780545119.038,USDCAD
61,2026-06-04 03:52:00,1.39025,1.39026,1.39027,1.3902,86,1780545179.003,USDCAD
61,2026-06-04 03:53:00,1.39026,1.39023,1.39026,1.39021,73,1780545239.018,USDCAD
61,2026-06-04 03:54:00,1.39023,1.39021,1.39024,1.3902,87,1780545299.593,USDCAD
61,2026-06-04 03:55:00,1.39021,1.39014,1.39024,1.39013,89,1780545359.03,USDCAD
61,2026-06-04 03:56:00,1.39014,1.39013,1.39017,1.39011,76,1780545419.007,USDCAD
61,2026-06-04 03:57:00,1.39013,1.3901,1.39014,1.39009,86,1780545479.094,USDCAD
61,2026-06-04 03:58:00,1.3901,1.39007,1.39011,1.39006,80,1780545539.493,USDCAD
61,2026-06-04 03:59:00,1.39007,1.39004,1.39007,1.39,92,1780545599.04,USDCAD
61,2026-06-04 04:00:00,1.39004,1.39009,1.39009,1.39002,89,1780545659.013,USDCAD
61,2026-06-04 04:01:00,1.39009,1.3901,1.3901,1.39007,83,1780545719.041,USDCAD
61,2026-06-04 04:02:00,1.3901,1.3901,1.3901,1.39007,77,1780545779.02,USDCAD
61,2026-06-04 04:03:00,1.3901,1.39011,1.39012,1.39007,104,1780545839.015,USDCAD
61,2026-06-04 04:04:00,1.39011,1.39012,1.39017,1.39007,108,1780545899.038,USDCAD
61,2026-06-04 04:05:00,1.39012,1.39013,1.39013,1.39011,80,1780545959.612,USDCAD
61,2026-06-04 04:06:00,1.39013,1.39011,1.39014,1.3901,133,1780546019.693,USDCAD
61,2026-06-04 04:07:00,1.39011,1.39009,1.39011,1.39007,78,1780546079.001,USDCAD
61,2026-06-04 04:08:00,1.39009,1.39014,1.39014,1.39009,70,1780546139.008,USDCAD
61,2026-06-04 04:09:00,1.39014,1.39013,1.39016,1.39013,67,1780546199.72,USDCAD
61,2026-06-04 04:10:00,1.39013,1.39015,1.39019,1.39013,77,1780546259.093,USDCAD
61,2026-06-04 04:11:00,1.39015,1.39023,1.39023,1.39012,95,1780546319.029,USDCAD
61,2026-06-04 04:12:00,1.39023,1.39024,1.39027,1.39021,82,1780546379.14,USDCAD
61,2026-06-04 04:13:00,1.39024,1.39021,1.39024,1.3902,85,1780546439.016,USDCAD
61,2026-06-04 04:14:00,1.39021,1.39027,1.39028,1.39021,85,1780546499.033,USDCAD
61,2026-06-04 04:15:00,1.39027,1.39016,1.39027,1.39014,86,1780546559.009,USDCAD
61,2026-06-04 04:16:00,1.39016,1.39015,1.39018,1.39014,81,1780546619.693,USDCAD
61,2026-06-04 04:17:00,1.39015,1.39024,1.39025,1.39015,77,1780546679.094,USDCAD
61,2026-06-04 04:18:00,1.39024,1.39019,1.39025,1.39013,91,1780546739.015,USDCAD
61,2026-06-04 04:19:00,1.39019,1.39019,1.39019,1.39017,94,1780546799.038,USDCAD
61,2026-06-04 04:20:00,1.39019,1.39024,1.39024,1.39016,88,1780546859.093,USDCAD
61,2026-06-04 04:21:00,1.39024,1.39026,1.39026,1.39019,76,1780546919.023,USDCAD
61,2026-06-04 04:22:00,1.39026,1.39024,1.39027,1.39023,79,1780546979.093,USDCAD
61,2026-06-04 04:23:00,1.39024,1.39026,1.39026,1.39023,99,1780547039.093,USDCAD
61,2026-06-04 04:24:00,1.39026,1.39027,1.39028,1.39024,77,1780547099.041,USDCAD
61,2026-06-04 04:25:00,1.39027,1.39024,1.39027,1.39024,76,1780547159.01,USDCAD
61,2026-06-04 04:26:00,1.39024,1.39024,1.39026,1.39023,73,1780547218.094,USDCAD
61,2026-06-04 04:27:00,1.39024,1.39024,1.39026,1.39023,68,1780547278.021,USDCAD
61,2026-06-04 04:28:00,1.39024,1.39026,1.39027,1.39024,66,1780547338.339,USDCAD
61,2026-06-04 04:29:00,1.39026,1.39024,1.39027,1.39022,66,1780547398.038,USDCAD
61,2026-06-04 04:30:00,1.39024,1.39019,1.39024,1.39017,85,1780547458.195,USDCAD
61,2026-06-04 04:31:00,1.39019,1.39016,1.39019,1.39013,77,1780547519.194,USDCAD
61,2026-06-04 04:32:00,1.39016,1.39017,1.39018,1.39012,70,1780547579.008,USDCAD
61,2026-06-04 04:33:00,1.39017,1.39017,1.39017,1.39015,67,1780547639.028,USDCAD
61,2026-06-04 04:34:00,1.39017,1.3901,1.39017,1.38991,172,1780547699.807,USDCAD
61,2026-06-04 04:35:00,1.3901,1.39011,1.39017,1.3901,92,1780547759.037,USDCAD
61,2026-06-04 04:36:00,1.39011,1.39018,1.39021,1.39011,113,1780547819.018,USDCAD
61,2026-06-04 04:37:00,1.39018,1.39038,1.39038,1.39018,95,1780547879.041,USDCAD
61,2026-06-04 04:38:00,1.39038,1.39038,1.3904,1.39033,95,1780547939.019,USDCAD
61,2026-06-04 04:39:00,1.39038,1.39041,1.39043,1.39038,90,1780547999.193,USDCAD
61,2026-06-04 04:40:00,1.39041,1.39036,1.39043,1.39033,103,1780548059.093,USDCAD
61,2026-06-04 04:41:00,1.39036,1.39032,1.39039,1.39032,99,1780548119.039,USDCAD
61,2026-06-04 04:42:00,1.39032,1.39038,1.39038,1.39028,83,1780548179.016,USDCAD
61,2026-06-04 04:43:00,1.39038,1.39031,1.39039,1.3903,87,1780548239.092,USDCAD
61,2026-06-04 04:44:00,1.3903,1.39026,1.39031,1.39026,88,1780548299.412,USDCAD
61,2026-06-04 04:45:00,1.39026,1.39031,1.39031,1.39019,105,1780548359.03,USDCAD
61,2026-06-04 04:46:00,1.39031,1.39034,1.39035,1.39028,76,1780548419.894,USDCAD
61,2026-06-04 04:47:00,1.39034,1.3904,1.3904,1.39034,63,1780548479.006,USDCAD
61,2026-06-04 04:48:00,1.3904,1.3904,1.39041,1.39038,71,1780548539.035,USDCAD
61,2026-06-04 04:49:00,1.3904,1.39033,1.39041,1.39033,78,1780548599.001,USDCAD
61,2026-06-04 04:50:00,1.39033,1.3904,1.3904,1.39033,78,1780548659.025,USDCAD
61,2026-06-04 04:51:00,1.3904,1.39044,1.39044,1.39039,87,1780548719.033,USDCAD
61,2026-06-04 04:52:00,1.39044,1.39044,1.39045,1.39043,77,1780548779.008,USDCAD
61,2026-06-04 04:53:00,1.39044,1.3904,1.39045,1.3904,76,1780548839.019,USDCAD
61,2026-06-04 04:54:00,1.3904,1.39033,1.39043,1.39033,103,1780548899.042,USDCAD
61,2026-06-04 04:55:00,1.39033,1.3903,1.39036,1.39028,87,1780548959.023,USDCAD
61,2026-06-04 04:56:00,1.3903,1.39028,1.3903,1.39026,97,1780549019.141,USDCAD
61,2026-06-04 04:57:00,1.39028,1.39028,1.39032,1.39025,119,1780549079.018,USDCAD
61,2026-06-04 04:58:00,1.39028,1.39031,1.39033,1.39025,137,1780549139.001,USDCAD
61,2026-06-04 04:59:00,1.39031,1.39037,1.3904,1.3903,122,1780549199.993,USDCAD
61,2026-06-04 05:00:00,1.39037,1.39037,1.39038,1.39033,112,1780549259.093,USDCAD
61,2026-06-04 05:01:00,1.39037,1.39034,1.39038,1.39028,108,1780549319.04,USDCAD
61,2026-06-04 05:02:00,1.39034,1.39038,1.39039,1.39031,99,1780549379.036,USDCAD
61,2026-06-04 05:03:00,1.39038,1.39044,1.39045,1.39036,113,1780549439.001,USDCAD
61,2026-06-04 05:04:00,1.39044,1.39045,1.39046,1.39043,80,1780549499.693,USDCAD
61,2026-06-04 05:05:00,1.39045,1.39046,1.39047,1.39041,116,1780549559.706,USDCAD
61,2026-06-04 05:06:00,1.39046,1.39046,1.39047,1.39044,117,1780549619.731,USDCAD
61,2026-06-04 05:07:00,1.39046,1.39048,1.3905,1.39043,123,1780549679.692,USDCAD
61,2026-06-04 05:08:00,1.39048,1.39057,1.39058,1.39048,125,1780549739.004,USDCAD
61,2026-06-04 05:09:00,1.39057,1.39063,1.39067,1.39055,121,1780549799.394,USDCAD
61,2026-06-04 05:10:00,1.39063,1.3907,1.39078,1.39061,115,1780549859.042,USDCAD
61,2026-06-04 05:11:00,1.3907,1.39077,1.3908,1.3907,101,1780549919.034,USDCAD
61,2026-06-04 05:12:00,1.39077,1.39078,1.39078,1.39075,66,1780549979.093,USDCAD
61,2026-06-04 05:13:00,1.39078,1.39074,1.3908,1.39072,98,1780550039.037,USDCAD
61,2026-06-04 05:14:00,1.39074,1.3907,1.39075,1.39069,76,1780550099.003,USDCAD
61,2026-06-04 05:15:00,1.3907,1.39077,1.39078,1.39069,84,1780550159.011,USDCAD
61,2026-06-04 05:16:00,1.39077,1.39074,1.39079,1.39074,112,1780550219.024,USDCAD
61,2026-06-04 05:17:00,1.39074,1.39068,1.39075,1.39067,73,1780550279.006,USDCAD
61,2026-06-04 05:18:00,1.39068,1.3907,1.39072,1.39067,93,1780550339.993,USDCAD
61,2026-06-04 05:19:00,1.3907,1.39074,1.39075,1.39068,81,1780550399.001,USDCAD
61,2026-06-04 05:20:00,1.39074,1.39077,1.39078,1.39074,94,1780550459.012,USDCAD
61,2026-06-04 05:21:00,1.39077,1.39078,1.3908,1.39076,60,1780550519.094,USDCAD
61,2026-06-04 05:22:00,1.39078,1.39085,1.39085,1.39078,93,1780550579.294,USDCAD
61,2026-06-04 05:23:00,1.39086,1.39087,1.39088,1.3908,129,1780550639.595,USDCAD
61,2026-06-04 05:24:00,1.39087,1.39088,1.39091,1.39086,94,1780550699.04,USDCAD
61,2026-06-04 05:25:00,1.39088,1.3909,1.39094,1.39088,85,1780550759.636,USDCAD
61,2026-06-04 05:26:00,1.3909,1.39089,1.39092,1.39088,93,1780550819.805,USDCAD
61,2026-06-04 05:27:00,1.39089,1.39088,1.39092,1.39088,95,1780550879.694,USDCAD
61,2026-06-04 05:28:00,1.39088,1.39087,1.39089,1.39087,76,1780550939.001,USDCAD
61,2026-06-04 05:29:00,1.39087,1.39087,1.39089,1.39083,114,1780550999.016,USDCAD
61,2026-06-04 05:30:00,1.39087,1.39082,1.39088,1.39079,112,1780551059.001,USDCAD
61,2026-06-04 05:31:00,1.39082,1.39082,1.39085,1.39081,79,1780551119.227,USDCAD
61,2026-06-04 05:32:00,1.39082,1.39089,1.39091,1.39081,92,1780551179.093,USDCAD
61,2026-06-04 05:33:00,1.39089,1.39081,1.39089,1.39079,80,1780551239.026,USDCAD
61,2026-06-04 05:34:00,1.39081,1.39074,1.39081,1.39072,98,1780551299.793,USDCAD
61,2026-06-04 05:35:00,1.39074,1.39076,1.39078,1.39072,103,1780551359.0,USDCAD
61,2026-06-04 05:36:00,1.39076,1.39077,1.39078,1.39075,74,1780551418.031,USDCAD
61,2026-06-04 05:37:00,1.39077,1.39078,1.39078,1.39067,87,1780551478.292,USDCAD
61,2026-06-04 05:38:00,1.39078,1.39073,1.39078,1.39071,76,1780551539.012,USDCAD
61,2026-06-04 05:39:00,1.39073,1.39074,1.39078,1.39072,81,1780551599.03,USDCAD
61,2026-06-04 05:40:00,1.39074,1.39072,1.39078,1.3907,106,1780551659.994,USDCAD
61,2026-06-04 05:41:00,1.39072,1.39065,1.39072,1.39061,110,1780551719.493,USDCAD
61,2026-06-04 05:42:00,1.39065,1.39068,1.39068,1.39063,97,1780551779.021,USDCAD
61,2026-06-04 05:43:00,1.39067,1.39072,1.39072,1.39064,101,1780551838.793,USDCAD
61,2026-06-04 05:44:00,1.39072,1.39074,1.39074,1.3907,78,1780551899.036,USDCAD
61,2026-06-04 05:45:00,1.39074,1.39072,1.39077,1.39071,101,1780551959.007,USDCAD
61,2026-06-04 05:46:00,1.39072,1.39073,1.39078,1.39071,92,1780552019.093,USDCAD
61,2026-06-04 05:47:00,1.39073,1.39072,1.39074,1.39071,91,1780552079.044,USDCAD
61,2026-06-04 05:48:00,1.39072,1.39067,1.39075,1.39067,85,1780552139.008,USDCAD
61,2026-06-04 05:49:00,1.39067,1.39071,1.39073,1.39067,72,1780552199.593,USDCAD
61,2026-06-04 05:50:00,1.39071,1.39068,1.39072,1.39066,88,1780552259.894,USDCAD
61,2026-06-04 05:51:00,1.39068,1.3906,1.39068,1.3906,89,1780552319.001,USDCAD
61,2026-06-04 05:52:00,1.3906,1.39051,1.39062,1.39051,92,1780552379.022,USDCAD
61,2026-06-04 05:53:00,1.39051,1.39047,1.39053,1.39046,94,1780552439.092,USDCAD
61,2026-06-04 05:54:00,1.39047,1.39046,1.39053,1.39045,96,1780552499.007,USDCAD
61,2026-06-04 05:55:00,1.39046,1.39053,1.39058,1.39046,88,1780552559.094,USDCAD
61,2026-06-04 05:56:00,1.39053,1.39054,1.39059,1.39053,100,1780552619.792,USDCAD
61,2026-06-04 05:57:00,1.39054,1.39043,1.39054,1.39041,100,1780552679.095,USDCAD
61,2026-06-04 05:58:00,1.39043,1.39041,1.39047,1.3904,112,1780552739.019,USDCAD
61,2026-06-04 05:59:00,1.39041,1.39041,1.39043,1.39038,75,1780552799.093,USDCAD
61,2026-06-04 06:00:00,1.39041,1.39038,1.39045,1.39033,174,1780552859.025,USDCAD
61,2026-06-04 06:01:00,1.39038,1.39027,1.39038,1.39024,165,1780552919.036,USDCAD
61,2026-06-04 06:02:00,1.39027,1.39021,1.39028,1.39019,121,1780552979.793,USDCAD
61,2026-06-04 06:03:00,1.39021,1.39024,1.39024,1.39018,124,1780553039.693,USDCAD
61,2026-06-04 06:04:00,1.39024,1.39032,1.39037,1.39023,114,1780553099.049,USDCAD
61,2026-06-04 06:05:00,1.39032,1.39053,1.39053,1.39031,125,1780553159.028,USDCAD
61,2026-06-04 06:06:00,1.39053,1.39053,1.39058,1.39052,122,1780553219.609,USDCAD
61,2026-06-04 06:07:00,1.39053,1.39058,1.39062,1.39053,123,1780553279.037,USDCAD
61,2026-06-04 06:08:00,1.39058,1.39055,1.39064,1.39054,132,1780553339.009,USDCAD
61,2026-06-04 06:09:00,1.39055,1.39067,1.39069,1.39055,91,1780553399.036,USDCAD
61,2026-06-04 06:10:00,1.39067,1.3906,1.39071,1.3906,120,1780553459.036,USDCAD
61,2026-06-04 06:11:00,1.39061,1.39058,1.39067,1.39057,98,1780553519.092,USDCAD
61,2026-06-04 06:12:00,1.39058,1.39048,1.39058,1.39047,103,1780553579.014,USDCAD
61,2026-06-04 06:13:00,1.39048,1.39064,1.39064,1.39047,123,1780553639.036,USDCAD
61,2026-06-04 06:14:00,1.39064,1.39057,1.39067,1.39054,112,1780553699.534,USDCAD
61,2026-06-04 06:15:00,1.39057,1.39054,1.3906,1.3905,157,1780553759.042,USDCAD
61,2026-06-04 06:16:00,1.39054,1.39065,1.39065,1.39054,122,1780553819.008,USDCAD
61,2026-06-04 06:17:00,1.39065,1.39067,1.3907,1.3906,144,1780553879.035,USDCAD
61,2026-06-04 06:18:00,1.39067,1.39051,1.39071,1.3905,123,1780553939.693,USDCAD
61,2026-06-04 06:19:00,1.39052,1.3906,1.39065,1.39052,115,1780553999.009,USDCAD
61,2026-06-04 06:20:00,1.3906,1.3907,1.39072,1.39058,124,1780554059.002,USDCAD
61,2026-06-04 06:21:00,1.3907,1.39074,1.39076,1.3907,111,1780554119.092,USDCAD
61,2026-06-04 06:22:00,1.39074,1.39075,1.39075,1.39068,111,1780554179.028,USDCAD
61,2026-06-04 06:23:00,1.39075,1.39076,1.39078,1.39069,130,1780554239.094,USDCAD
61,2026-06-04 06:24:00,1.39076,1.39076,1.39078,1.3907,168,1780554299.527,USDCAD
61,2026-06-04 06:25:00,1.39076,1.39068,1.3908,1.39066,136,1780554359.001,USDCAD
61,2026-06-04 06:26:00,1.39068,1.39067,1.3907,1.39064,129,1780554419.03,USDCAD
61,2026-06-04 06:27:00,1.39067,1.39067,1.39068,1.3906,100,1780554479.094,USDCAD
61,2026-06-04 06:28:00,1.39067,1.39058,1.39068,1.39056,86,1780554539.031,USDCAD
61,2026-06-04 06:29:00,1.39058,1.3906,1.39061,1.39057,71,1780554599.004,USDCAD
61,2026-06-04 06:30:00,1.3906,1.39069,1.39077,1.3906,131,1780554659.193,USDCAD
61,2026-06-04 06:31:00,1.39069,1.39057,1.3907,1.39055,107,1780554719.795,USDCAD
61,2026-06-04 06:32:00,1.39058,1.39051,1.39059,1.39044,138,1780554779.894,USDCAD
61,2026-06-04 06:33:00,1.3905,1.39039,1.39051,1.39037,165,1780554839.593,USDCAD
61,2026-06-04 06:34:00,1.39039,1.39047,1.3905,1.39039,127,1780554899.998,USDCAD
61,2026-06-04 06:35:00,1.39047,1.39037,1.39047,1.39036,153,1780554959.705,USDCAD
61,2026-06-04 06:36:00,1.39037,1.39028,1.39039,1.39025,142,1780555019.493,USDCAD
61,2026-06-04 06:37:00,1.39028,1.39036,1.39036,1.39026,127,1780555079.994,USDCAD
61,2026-06-04 06:38:00,1.39035,1.39058,1.39058,1.39035,121,1780555139.033,USDCAD
61,2026-06-04 06:39:00,1.39058,1.39047,1.39059,1.39047,105,1780555199.593,USDCAD
61,2026-06-04 06:40:00,1.39047,1.39045,1.39047,1.39038,108,1780555259.044,USDCAD
61,2026-06-04 06:41:00,1.39045,1.39048,1.3905,1.39039,110,1780555319.016,USDCAD
61,2026-06-04 06:42:00,1.39048,1.39048,1.3905,1.3904,106,1780555379.393,USDCAD
61,2026-06-04 06:43:00,1.39048,1.39046,1.39048,1.3904,102,1780555439.894,USDCAD
61,2026-06-04 06:44:00,1.39046,1.39048,1.39055,1.39045,126,1780555498.022,USDCAD
61,2026-06-04 06:45:00,1.39048,1.39057,1.39058,1.39048,103,1780555559.994,USDCAD
61,2026-06-04 06:46:00,1.39057,1.39066,1.39072,1.39057,123,1780555619.894,USDCAD
61,2026-06-04 06:47:00,1.39066,1.39077,1.39078,1.39065,146,1780555679.023,USDCAD
61,2026-06-04 06:48:00,1.39077,1.39077,1.39078,1.39074,85,1780555739.293,USDCAD
61,2026-06-04 06:49:00,1.39077,1.39076,1.39079,1.39075,87,1780555799.035,USDCAD
61,2026-06-04 06:50:00,1.39076,1.39077,1.39083,1.39068,202,1780555859.016,USDCAD
61,2026-06-04 06:51:00,1.39077,1.39076,1.39082,1.39076,105,1780555919.193,USDCAD
61,2026-06-04 06:52:00,1.39076,1.39079,1.39084,1.39075,120,1780555979.829,USDCAD
61,2026-06-04 06:53:00,1.39078,1.39082,1.39087,1.39076,134,1780556039.193,USDCAD
61,2026-06-04 06:54:00,1.39082,1.39076,1.39085,1.39072,127,1780556099.093,USDCAD
61,2026-06-04 06:55:00,1.39077,1.39085,1.39087,1.39077,115,1780556159.794,USDCAD
61,2026-06-04 06:56:00,1.39085,1.39093,1.39093,1.39084,137,1780556219.294,USDCAD
61,2026-06-04 06:57:00,1.39093,1.39128,1.39134,1.39092,142,1780556279.894,USDCAD
61,2026-06-04 06:58:00,1.39128,1.39104,1.39128,1.39095,149,1780556339.604,USDCAD
61,2026-06-04 06:59:00,1.39104,1.39097,1.39111,1.39095,129,1780556399.703,USDCAD
61,2026-06-04 07:00:00,1.39097,1.39078,1.39098,1.39077,184,1780556459.021,USDCAD
61,2026-06-04 07:01:00,1.39078,1.39092,1.39093,1.39075,167,1780556519.893,USDCAD
61,2026-06-04 07:02:00,1.39092,1.39105,1.39111,1.39092,151,1780556579.012,USDCAD
61,2026-06-04 07:03:00,1.39105,1.39114,1.39116,1.39104,98,1780556639.031,USDCAD
61,2026-06-04 07:04:00,1.39114,1.39115,1.39115,1.39108,159,1780556699.793,USDCAD
61,2026-06-04 07:05:00,1.39114,1.39114,1.39115,1.39111,85,1780556759.32,USDCAD
61,2026-06-04 07:06:00,1.39114,1.39133,1.39133,1.39114,154,1780556819.995,USDCAD
61,2026-06-04 07:07:00,1.39133,1.39132,1.39133,1.39126,114,1780556879.993,USDCAD
61,2026-06-04 07:08:00,1.39132,1.39127,1.39133,1.39124,92,1780556939.093,USDCAD
61,2026-06-04 07:09:00,1.39127,1.39132,1.39134,1.39124,113,1780556999.039,USDCAD
61,2026-06-04 07:10:00,1.39132,1.39123,1.39139,1.3912,111,1780557059.094,USDCAD
61,2026-06-04 07:11:00,1.39123,1.39122,1.39126,1.39118,102,1780557119.027,USDCAD
61,2026-06-04 07:12:00,1.39122,1.39129,1.3913,1.39115,112,1780557179.895,USDCAD
61,2026-06-04 07:13:00,1.39129,1.39119,1.39133,1.39118,135,1780557239.093,USDCAD
61,2026-06-04 07:14:00,1.39119,1.3912,1.39123,1.39115,193,1780557299.993,USDCAD
61,2026-06-04 07:15:00,1.3912,1.39122,1.39126,1.3912,146,1780557359.993,USDCAD
61,2026-06-04 07:16:00,1.39122,1.39125,1.39131,1.39122,88,1780557419.895,USDCAD
61,2026-06-04 07:17:00,1.39125,1.39134,1.39134,1.39123,111,1780557479.908,USDCAD
61,2026-06-04 07:18:00,1.39134,1.39139,1.39142,1.39132,116,1780557539.029,USDCAD
61,2026-06-04 07:19:00,1.39139,1.39136,1.3914,1.39132,152,1780557599.093,USDCAD
61,2026-06-04 07:20:00,1.39136,1.39146,1.39151,1.39136,135,1780557659.294,USDCAD
61,2026-06-04 07:21:00,1.39146,1.39149,1.39151,1.39143,105,1780557719.834,USDCAD
61,2026-06-04 07:22:00,1.39149,1.39136,1.39152,1.39135,122,1780557779.71,USDCAD
61,2026-06-04 07:23:00,1.39136,1.39146,1.39147,1.39131,135,1780557839.03,USDCAD
61,2026-06-04 07:24:00,1.39146,1.39152,1.39152,1.39142,112,1780557899.738,USDCAD
61,2026-06-04 07:25:00,1.39151,1.39168,1.3917,1.39149,111,1780557959.594,USDCAD
61,2026-06-04 07:26:00,1.39168,1.39165,1.39176,1.39165,130,1780558019.629,USDCAD
61,2026-06-04 07:27:00,1.39165,1.39172,1.39175,1.39161,142,1780558079.004,USDCAD
61,2026-06-04 07:28:00,1.39172,1.3917,1.39175,1.39166,127,1780558139.032,USDCAD
61,2026-06-04 07:29:00,1.3917,1.39179,1.3918,1.3917,94,1780558199.014,USDCAD
61,2026-06-04 07:30:00,1.39179,1.39182,1.3919,1.39177,156,1780558259.893,USDCAD
61,2026-06-04 07:31:00,1.39182,1.3918,1.39191,1.39178,196,1780558319.893,USDCAD
61,2026-06-04 07:32:00,1.3918,1.39182,1.39183,1.39175,168,1780558379.793,USDCAD
61,2026-06-04 07:33:00,1.39182,1.39201,1.39207,1.39182,169,1780558439.894,USDCAD
61,2026-06-04 07:34:00,1.39201,1.39196,1.39202,1.39194,118,1780558499.042,USDCAD
61,2026-06-04 07:35:00,1.39197,1.392,1.392,1.39191,102,1780558559.819,USDCAD
61,2026-06-04 07:36:00,1.392,1.39211,1.39211,1.39198,155,1780558619.005,USDCAD
61,2026-06-04 07:37:00,1.39211,1.39218,1.39228,1.3921,207,1780558679.02,USDCAD
61,2026-06-04 07:38:00,1.39217,1.39228,1.39228,1.39213,161,1780558739.695,USDCAD
61,2026-06-04 07:39:00,1.39228,1.39246,1.3925,1.39228,169,1780558799.031,USDCAD
61,2026-06-04 07:40:00,1.39247,1.39247,1.3925,1.3924,175,1780558859.036,USDCAD
61,2026-06-04 07:41:00,1.39247,1.39248,1.39252,1.39247,141,1780558919.893,USDCAD
61,2026-06-04 07:42:00,1.39248,1.39239,1.39253,1.39238,132,1780558979.021,USDCAD
61,2026-06-04 07:43:00,1.39239,1.39241,1.39241,1.39231,163,1780559039.041,USDCAD
61,2026-06-04 07:44:00,1.3924,1.39238,1.39246,1.39238,150,1780559099.605,USDCAD
61,2026-06-04 07:45:00,1.39238,1.39242,1.39248,1.39238,129,1780559159.032,USDCAD
61,2026-06-04 07:46:00,1.39242,1.39247,1.3925,1.39242,90,1780559219.094,USDCAD
61,2026-06-04 07:47:00,1.39247,1.39247,1.39249,1.3924,91,1780559279.109,USDCAD
61,2026-06-04 07:48:00,1.39247,1.39238,1.3925,1.39237,114,1780559339.094,USDCAD
61,2026-06-04 07:49:00,1.39238,1.39241,1.39242,1.39232,139,1780559399.22,USDCAD
61,2026-06-04 07:50:00,1.39241,1.3924,1.39248,1.39236,140,1780559459.006,USDCAD
61,2026-06-04 07:51:00,1.3924,1.39234,1.3924,1.39229,128,1780559519.423,USDCAD
61,2026-06-04 07:52:00,1.39234,1.39229,1.39234,1.39227,119,1780559579.994,USDCAD
61,2026-06-04 07:53:00,1.39228,1.39227,1.3923,1.39226,99,1780559639.014,USDCAD
61,2026-06-04 07:54:00,1.39227,1.39228,1.39233,1.39222,157,1780559698.495,USDCAD
61,2026-06-04 07:55:00,1.39228,1.39227,1.39233,1.39226,124,1780559758.093,USDCAD
61,2026-06-04 07:56:00,1.39226,1.39226,1.39232,1.39223,109,1780559818.595,USDCAD
61,2026-06-04 07:57:00,1.39226,1.3923,1.3923,1.3922,131,1780559879.393,USDCAD
61,2026-06-04 07:58:00,1.3923,1.39224,1.39237,1.39222,100,1780559939.094,USDCAD
61,2026-06-04 07:59:00,1.39224,1.39226,1.39233,1.39221,175,1780559999.914,USDCAD
61,2026-06-04 08:00:00,1.39226,1.39214,1.39226,1.39211,177,1780560059.015,USDCAD
61,2026-06-04 08:01:00,1.39214,1.39217,1.39221,1.39211,156,1780560119.039,USDCAD
61,2026-06-04 08:02:00,1.39217,1.39214,1.39221,1.39209,168,1780560179.593,USDCAD
61,2026-06-04 08:03:00,1.39214,1.39206,1.39218,1.39202,150,1780560239.033,USDCAD
61,2026-06-04 08:04:00,1.39206,1.39209,1.39209,1.39203,114,1780560299.994,USDCAD
61,2026-06-04 08:05:00,1.39209,1.3921,1.3922,1.39207,128,1780560359.014,USDCAD
61,2026-06-04 08:06:00,1.3921,1.39218,1.39219,1.39206,120,1780560419.692,USDCAD
61,2026-06-04 08:07:00,1.39219,1.3922,1.39224,1.39215,112,1780560479.019,USDCAD
61,2026-06-04 08:08:00,1.3922,1.39216,1.3922,1.39212,114,1780560539.093,USDCAD
61,2026-06-04 08:09:00,1.39216,1.39216,1.3922,1.39212,90,1780560599.011,USDCAD
61,2026-06-04 08:10:00,1.39216,1.39209,1.39219,1.39209,144,1780560659.02,USDCAD
61,2026-06-04 08:11:00,1.3921,1.39211,1.39217,1.39209,138,1780560719.039,USDCAD
61,2026-06-04 08:12:00,1.39211,1.3921,1.39214,1.39209,100,1780560779.033,USDCAD
61,2026-06-04 08:13:00,1.3921,1.39204,1.3921,1.39201,132,1780560839.242,USDCAD
61,2026-06-04 08:14:00,1.39204,1.39192,1.39207,1.3919,135,1780560899.023,USDCAD
61,2026-06-04 08:15:00,1.39192,1.39182,1.39192,1.3918,150,1780560959.0,USDCAD
61,2026-06-04 08:16:00,1.39182,1.39181,1.39185,1.39179,137,1780561019.02,USDCAD
61,2026-06-04 08:17:00,1.39181,1.39175,1.39191,1.39175,127,1780561079.993,USDCAD
61,2026-06-04 08:18:00,1.39174,1.39171,1.39175,1.39169,136,1780561139.794,USDCAD
61,2026-06-04 08:19:00,1.39171,1.3917,1.39173,1.39168,116,1780561199.004,USDCAD
61,2026-06-04 08:20:00,1.3917,1.39173,1.39179,1.39163,166,1780561259.993,USDCAD
61,2026-06-04 08:21:00,1.39173,1.3917,1.39178,1.39166,124,1780561319.007,USDCAD
61,2026-06-04 08:22:00,1.3917,1.39172,1.39173,1.39168,92,1780561379.293,USDCAD
61,2026-06-04 08:23:00,1.39173,1.39177,1.39181,1.39172,134,1780561439.694,USDCAD
61,2026-06-04 08:24:00,1.39177,1.39181,1.39183,1.39173,137,1780561499.602,USDCAD
61,2026-06-04 08:25:00,1.39181,1.39171,1.39181,1.3917,121,1780561559.027,USDCAD
61,2026-06-04 08:26:00,1.39172,1.39162,1.39172,1.39161,115,1780561619.895,USDCAD
61,2026-06-04 08:27:00,1.39162,1.39152,1.39162,1.3915,101,1780561679.038,USDCAD
61,2026-06-04 08:28:00,1.3915,1.39165,1.39167,1.3915,123,1780561739.193,USDCAD
61,2026-06-04 08:29:00,1.39165,1.3916,1.39167,1.3916,125,1780561799.041,USDCAD
61,2026-06-04 08:30:00,1.39161,1.39142,1.39164,1.39142,156,1780561859.001,USDCAD
61,2026-06-04 08:31:00,1.39142,1.39168,1.3917,1.39142,135,1780561919.095,USDCAD
61,2026-06-04 08:32:00,1.39168,1.39161,1.39168,1.39154,145,1780561979.14,USDCAD
61,2026-06-04 08:33:00,1.3916,1.39167,1.39169,1.3916,105,1780562039.593,USDCAD
61,2026-06-04 08:34:00,1.39167,1.39166,1.39168,1.39162,79,1780562099.018,USDCAD
61,2026-06-04 08:35:00,1.39166,1.39155,1.39166,1.39152,98,1780562159.045,USDCAD
61,2026-06-04 08:36:00,1.39155,1.39152,1.39158,1.39151,104,1780562219.012,USDCAD
61,2026-06-04 08:37:00,1.39152,1.39163,1.39167,1.39152,144,1780562279.035,USDCAD
61,2026-06-04 08:38:00,1.39162,1.39167,1.39172,1.39162,122,1780562339.094,USDCAD
61,2026-06-04 08:39:00,1.39167,1.39166,1.39171,1.39162,131,1780562399.013,USDCAD
61,2026-06-04 08:40:00,1.39166,1.39165,1.39169,1.39162,120,1780562459.001,USDCAD
61,2026-06-04 08:41:00,1.39165,1.39169,1.3917,1.39163,119,1780562519.995,USDCAD
61,2026-06-04 08:42:00,1.39169,1.3918,1.39183,1.39169,98,1780562579.004,USDCAD
61,2026-06-04 08:43:00,1.3918,1.39174,1.3918,1.39171,95,1780562639.027,USDCAD
61,2026-06-04 08:44:00,1.39174,1.39175,1.39181,1.39172,110,1780562699.02,USDCAD
61,2026-06-04 08:45:00,1.39175,1.3918,1.39184,1.39173,97,1780562759.093,USDCAD
61,2026-06-04 08:46:00,1.3918,1.39177,1.39184,1.39177,94,1780562819.034,USDCAD
61,2026-06-04 08:47:00,1.39177,1.39161,1.3918,1.39156,112,1780562879.897,USDCAD
61,2026-06-04 08:48:00,1.39162,1.39174,1.39175,1.39161,122,1780562939.094,USDCAD
61,2026-06-04 08:49:00,1.39174,1.39184,1.39185,1.39172,105,1780562999.032,USDCAD
61,2026-06-04 08:50:00,1.39184,1.39179,1.39189,1.39179,95,1780563059.697,USDCAD
61,2026-06-04 08:51:00,1.39179,1.39176,1.39182,1.39171,97,1780563119.293,USDCAD
61,2026-06-04 08:52:00,1.39176,1.39193,1.39193,1.39176,92,1780563179.007,USDCAD
61,2026-06-04 08:53:00,1.39193,1.39194,1.39194,1.39189,86,1780563239.833,USDCAD
61,2026-06-04 08:54:00,1.39194,1.3918,1.39199,1.3918,137,1780563299.095,USDCAD
61,2026-06-04 08:55:00,1.3918,1.39162,1.39181,1.3916,94,1780563359.094,USDCAD
61,2026-06-04 08:56:00,1.39162,1.39161,1.39164,1.3916,88,1780563419.021,USDCAD
61,2026-06-04 08:57:00,1.39161,1.39165,1.39168,1.39161,90,1780563479.032,USDCAD
61,2026-06-04 08:58:00,1.39165,1.3917,1.3917,1.39165,78,1780563539.011,USDCAD
61,2026-06-04 08:59:00,1.3917,1.39166,1.39174,1.39164,97,1780563599.294,USDCAD
61,2026-06-04 09:00:00,1.39166,1.39161,1.39169,1.39158,130,1780563659.03,USDCAD
61,2026-06-04 09:01:00,1.3916,1.39153,1.39162,1.39153,115,1780563719.042,USDCAD
61,2026-06-04 09:02:00,1.39153,1.39159,1.39164,1.39152,155,1780563779.61,USDCAD
61,2026-06-04 09:03:00,1.39159,1.39128,1.39159,1.39125,168,1780563838.394,USDCAD
61,2026-06-04 09:04:00,1.39128,1.39141,1.39145,1.39128,166,1780563898.015,USDCAD
61,2026-06-04 09:05:00,1.39141,1.39145,1.39149,1.39137,124,1780563958.037,USDCAD
61,2026-06-04 09:06:00,1.39145,1.39143,1.39147,1.39141,149,1780564018.493,USDCAD
61,2026-06-04 09:07:00,1.39143,1.39135,1.39144,1.39134,114,1780564079.008,USDCAD
61,2026-06-04 09:08:00,1.39135,1.3914,1.3914,1.39128,126,1780564139.695,USDCAD
61,2026-06-04 09:09:00,1.3914,1.39136,1.39147,1.39133,138,1780564199.094,USDCAD
61,2026-06-04 09:10:00,1.39136,1.39121,1.39139,1.39121,160,1780564259.994,USDCAD
61,2026-06-04 09:11:00,1.39122,1.39106,1.39123,1.39105,131,1780564319.005,USDCAD
61,2026-06-04 09:12:00,1.39106,1.39115,1.39121,1.39105,134,1780564379.031,USDCAD
61,2026-06-04 09:13:00,1.39115,1.39112,1.39115,1.39107,174,1780564439.694,USDCAD
61,2026-06-04 09:14:00,1.39112,1.39108,1.39115,1.39102,131,1780564499.003,USDCAD
61,2026-06-04 09:15:00,1.39108,1.39108,1.39115,1.39105,144,1780564559.113,USDCAD
61,2026-06-04 09:16:00,1.39108,1.39105,1.39115,1.39104,142,1780564619.094,USDCAD
61,2026-06-04 09:17:00,1.39105,1.39091,1.39105,1.39091,173,1780564679.794,USDCAD
61,2026-06-04 09:18:00,1.39089,1.39084,1.39091,1.39074,133,1780564739.093,USDCAD
61,2026-06-04 09:19:00,1.39084,1.39087,1.39088,1.39077,101,1780564799.025,USDCAD
61,2026-06-04 09:20:00,1.39087,1.39087,1.39089,1.39084,72,1780564859.008,USDCAD
61,2026-06-04 09:21:00,1.39087,1.3908,1.39087,1.39075,124,1780564919.042,USDCAD
61,2026-06-04 09:22:00,1.3908,1.39086,1.39088,1.39078,143,1780564979.016,USDCAD
61,2026-06-04 09:23:00,1.39086,1.39074,1.39087,1.39074,140,1780565039.026,USDCAD
61,2026-06-04 09:24:00,1.39074,1.39067,1.39077,1.39065,116,1780565099.639,USDCAD
61,2026-06-04 09:25:00,1.39067,1.39068,1.3907,1.39057,110,1780565159.693,USDCAD
61,2026-06-04 09:26:00,1.39068,1.39067,1.39072,1.39064,140,1780565219.011,USDCAD
61,2026-06-04 09:27:00,1.39067,1.39052,1.39067,1.3905,152,1780565279.794,USDCAD
61,2026-06-04 09:28:00,1.39053,1.39057,1.39058,1.39051,134,1780565339.319,USDCAD
61,2026-06-04 09:29:00,1.39057,1.39057,1.39067,1.39057,132,1780565399.037,USDCAD
61,2026-06-04 09:30:00,1.39056,1.39054,1.39059,1.39054,167,1780565459.025,USDCAD
61,2026-06-04 09:31:00,1.39054,1.39054,1.39058,1.39052,144,1780565519.428,USDCAD
61,2026-06-04 09:32:00,1.39054,1.39041,1.39058,1.39041,128,1780565579.045,USDCAD
61,2026-06-04 09:33:00,1.3904,1.39047,1.39047,1.39038,116,1780565639.84,USDCAD
61,2026-06-04 09:34:00,1.39045,1.39051,1.39053,1.39041,142,1780565699.406,USDCAD
61,2026-06-04 09:35:00,1.39051,1.39052,1.3906,1.39046,178,1780565759.494,USDCAD
61,2026-06-04 09:36:00,1.39052,1.39061,1.39066,1.39049,179,1780565819.994,USDCAD
61,2026-06-04 09:37:00,1.39061,1.39047,1.39062,1.39046,150,1780565879.893,USDCAD
61,2026-06-04 09:38:00,1.39047,1.39047,1.39047,1.3903,173,1780565939.693,USDCAD
61,2026-06-04 09:39:00,1.39047,1.39047,1.39054,1.39046,150,1780565999.004,USDCAD
61,2026-06-04 09:40:00,1.39047,1.39045,1.39047,1.39041,118,1780566059.001,USDCAD
61,2026-06-04 09:41:00,1.39045,1.39044,1.39046,1.39041,107,1780566119.418,USDCAD
61,2026-06-04 09:42:00,1.39044,1.39044,1.39046,1.39038,118,1780566179.005,USDCAD
61,2026-06-04 09:43:00,1.39044,1.39051,1.39054,1.39042,136,1780566239.529,USDCAD
61,2026-06-04 09:44:00,1.39051,1.39041,1.39051,1.39039,122,1780566299.093,USDCAD
61,2026-06-04 09:45:00,1.39041,1.39034,1.39043,1.39034,126,1780566359.093,USDCAD
61,2026-06-04 09:46:00,1.39034,1.39035,1.39037,1.39034,102,1780566419.093,USDCAD
61,2026-06-04 09:47:00,1.39035,1.39027,1.39043,1.39026,122,1780566479.609,USDCAD
61,2026-06-04 09:48:00,1.39028,1.39031,1.39036,1.39028,116,1780566539.014,USDCAD
61,2026-06-04 09:49:00,1.39031,1.39024,1.39036,1.39023,134,1780566599.043,USDCAD
61,2026-06-04 09:50:00,1.39024,1.39026,1.39029,1.39024,117,1780566659.021,USDCAD
61,2026-06-04 09:51:00,1.39026,1.39028,1.39035,1.39024,111,1780566719.594,USDCAD
61,2026-06-04 09:52:00,1.39028,1.39028,1.39031,1.39023,122,1780566779.04,USDCAD
61,2026-06-04 09:53:00,1.39028,1.39018,1.3903,1.39014,108,1780566839.093,USDCAD
61,2026-06-04 09:54:00,1.39018,1.3901,1.3902,1.3901,121,1780566899.034,USDCAD
61,2026-06-04 09:55:00,1.3901,1.39021,1.39021,1.39006,97,1780566959.012,USDCAD
61,2026-06-04 09:56:00,1.39021,1.39019,1.39025,1.39017,105,1780567019.093,USDCAD
61,2026-06-04 09:57:00,1.39018,1.39021,1.39025,1.39017,118,1780567079.932,USDCAD
61,2026-06-04 09:58:00,1.39024,1.39012,1.39024,1.39009,134,1780567139.793,USDCAD
61,2026-06-04 09:59:00,1.39012,1.39006,1.39013,1.38999,144,1780567199.126,USDCAD
61,2026-06-04 10:00:00,1.39005,1.39011,1.39013,1.38998,188,1780567259.037,USDCAD
61,2026-06-04 10:01:00,1.3901,1.39007,1.3901,1.39002,150,1780567319.993,USDCAD
61,2026-06-04 10:02:00,1.39006,1.39007,1.3901,1.39004,134,1780567379.407,USDCAD
61,2026-06-04 10:03:00,1.39007,1.39013,1.39014,1.38998,120,1780567439.313,USDCAD
61,2026-06-04 10:04:00,1.39013,1.39002,1.39016,1.38999,126,1780567499.04,USDCAD
61,2026-06-04 10:05:00,1.39002,1.39006,1.39007,1.38993,151,1780567559.002,USDCAD
61,2026-06-04 10:06:00,1.39006,1.39009,1.39011,1.38997,172,1780567619.325,USDCAD
61,2026-06-04 10:07:00,1.39009,1.39017,1.39019,1.39006,102,1780567679.03,USDCAD
61,2026-06-04 10:08:00,1.39017,1.39017,1.39019,1.39017,75,1780567739.041,USDCAD
61,2026-06-04 10:09:00,1.39018,1.39006,1.39018,1.39006,105,1780567799.01,USDCAD
61,2026-06-04 10:10:00,1.39006,1.39002,1.39008,1.38998,114,1780567859.039,USDCAD
61,2026-06-04 10:11:00,1.39002,1.38983,1.39006,1.38983,216,1780567919.994,USDCAD
61,2026-06-04 10:12:00,1.38984,1.3898,1.38987,1.38979,139,1780567979.393,USDCAD
61,2026-06-04 10:13:00,1.3898,1.39003,1.39003,1.3898,125,1780568039.002,USDCAD
61,2026-06-04 10:14:00,1.39003,1.39006,1.39008,1.39001,115,1780568099.793,USDCAD
61,2026-06-04 10:15:00,1.39005,1.38998,1.39005,1.38997,73,1780568159.017,USDCAD
61,2026-06-04 10:16:00,1.38998,1.38996,1.39005,1.38993,138,1780568219.645,USDCAD
61,2026-06-04 10:17:00,1.38997,1.38988,1.38997,1.38987,117,1780568279.993,USDCAD
61,2026-06-04 10:18:00,1.38988,1.38994,1.38994,1.38988,92,1780568339.117,USDCAD
61,2026-06-04 10:19:00,1.38994,1.38997,1.39,1.38994,103,1780568399.394,USDCAD
61,2026-06-04 10:20:00,1.38997,1.39007,1.39011,1.38996,117,1780568459.021,USDCAD
61,2026-06-04 10:21:00,1.39007,1.39018,1.39019,1.39004,103,1780568519.093,USDCAD
61,2026-06-04 10:22:00,1.39018,1.39024,1.39036,1.39017,134,1780568579.822,USDCAD
61,2026-06-04 10:23:00,1.39024,1.39017,1.39026,1.39017,104,1780568639.049,USDCAD
61,2026-06-04 10:24:00,1.39017,1.39017,1.39019,1.39012,104,1780568699.826,USDCAD
61,2026-06-04 10:25:00,1.39017,1.39007,1.39019,1.39006,120,1780568759.094,USDCAD
61,2026-06-04 10:26:00,1.39007,1.39017,1.39018,1.39006,130,1780568819.007,USDCAD
61,2026-06-04 10:27:00,1.39017,1.39017,1.39018,1.39011,104,1780568879.693,USDCAD
61,2026-06-04 10:28:00,1.39017,1.39016,1.3902,1.39014,118,1780568939.024,USDCAD
61,2026-06-04 10:29:00,1.39016,1.39006,1.3902,1.39006,130,1780568999.093,USDCAD
61,2026-06-04 10:30:00,1.39006,1.39017,1.39018,1.39004,108,1780569059.017,USDCAD
61,2026-06-04 10:31:00,1.39017,1.39011,1.39019,1.3901,116,1780569119.098,USDCAD
61,2026-06-04 10:32:00,1.39011,1.39009,1.39012,1.39002,105,1780569179.512,USDCAD
61,2026-06-04 10:33:00,1.39009,1.39007,1.39011,1.39005,97,1780569239.0,USDCAD
61,2026-06-04 10:34:00,1.39007,1.38998,1.39007,1.38995,125,1780569299.024,USDCAD
61,2026-06-04 10:35:00,1.38998,1.38994,1.38999,1.38992,121,1780569359.794,USDCAD
61,2026-06-04 10:36:00,1.38995,1.38985,1.38997,1.38984,121,1780569419.019,USDCAD
61,2026-06-04 10:37:00,1.38985,1.38987,1.38987,1.3898,110,1780569479.036,USDCAD
61,2026-06-04 10:38:00,1.38987,1.38993,1.38994,1.38983,156,1780569539.012,USDCAD
61,2026-06-04 10:39:00,1.38993,1.38989,1.38995,1.38985,156,1780569599.925,USDCAD
61,2026-06-04 10:40:00,1.38989,1.38993,1.38996,1.38984,159,1780569659.036,USDCAD
61,2026-06-04 10:41:00,1.38993,1.38984,1.38997,1.38983,120,1780569719.015,USDCAD
61,2026-06-04 10:42:00,1.38984,1.38984,1.38985,1.38979,96,1780569779.039,USDCAD
61,2026-06-04 10:43:00,1.38984,1.38985,1.38985,1.38981,84,1780569839.013,USDCAD
61,2026-06-04 10:44:00,1.38985,1.38987,1.38991,1.38982,122,1780569899.995,USDCAD
61,2026-06-04 10:45:00,1.38987,1.38986,1.38989,1.38983,148,1780569959.015,USDCAD
61,2026-06-04 10:46:00,1.38986,1.38983,1.38987,1.38981,106,1780570019.035,USDCAD
61,2026-06-04 10:47:00,1.38983,1.38979,1.38987,1.38977,99,1780570079.006,USDCAD
61,2026-06-04 10:48:00,1.38979,1.38975,1.3898,1.3897,98,1780570139.035,USDCAD
61,2026-06-04 10:49:00,1.38975,1.38989,1.38991,1.38975,127,1780570199.002,USDCAD
61,2026-06-04 10:50:00,1.38989,1.38994,1.38998,1.38987,151,1780570259.393,USDCAD
61,2026-06-04 10:51:00,1.38994,1.38997,1.38999,1.38993,120,1780570319.001,USDCAD
61,2026-06-04 10:52:00,1.38997,1.38997,1.38998,1.38992,125,1780570379.614,USDCAD
61,2026-06-04 10:53:00,1.38997,1.39,1.39006,1.38994,121,1780570439.0,USDCAD
61,2026-06-04 10:54:00,1.39,1.39006,1.39009,1.38999,141,1780570499.802,USDCAD
61,2026-06-04 10:55:00,1.39006,1.39013,1.3902,1.39006,157,1780570559.336,USDCAD
61,2026-06-04 10:56:00,1.39013,1.38999,1.39013,1.38997,134,1780570619.093,USDCAD
61,2026-06-04 10:57:00,1.38999,1.39013,1.39014,1.38999,153,1780570679.004,USDCAD
61,2026-06-04 10:58:00,1.39013,1.39013,1.39017,1.39009,116,1780570739.022,USDCAD
61,2026-06-04 10:59:00,1.39013,1.39004,1.39013,1.38998,97,1780570799.092,USDCAD
61,2026-06-04 11:00:00,1.39004,1.38992,1.39005,1.38991,136,1780570859.04,USDCAD
61,2026-06-04 11:01:00,1.38992,1.38978,1.38992,1.38977,99,1780570919.035,USDCAD
61,2026-06-04 11:02:00,1.38978,1.38971,1.3898,1.38971,154,1780570979.037,USDCAD
61,2026-06-04 11:03:00,1.38971,1.38966,1.38973,1.3896,120,1780571039.442,USDCAD
61,2026-06-04 11:04:00,1.38967,1.38968,1.38969,1.3896,103,1780571099.593,USDCAD
61,2026-06-04 11:05:00,1.38968,1.38978,1.38981,1.38965,104,1780571159.492,USDCAD
61,2026-06-04 11:06:00,1.38978,1.38977,1.38979,1.38974,102,1780571219.025,USDCAD
61,2026-06-04 11:07:00,1.38977,1.38986,1.38991,1.38977,133,1780571279.393,USDCAD
61,2026-06-04 11:08:00,1.38986,1.38985,1.38997,1.38985,164,1780571339.794,USDCAD
61,2026-06-04 11:09:00,1.38985,1.38963,1.38986,1.38962,149,1780571399.093,USDCAD
61,2026-06-04 11:10:00,1.38963,1.38973,1.38984,1.38963,147,1780571459.094,USDCAD
61,2026-06-04 11:11:00,1.38973,1.38978,1.38979,1.38963,175,1780571519.594,USDCAD
61,2026-06-04 11:12:00,1.38978,1.38978,1.38989,1.38976,170,1780571579.014,USDCAD
61,2026-06-04 11:13:00,1.38978,1.38969,1.38979,1.38964,159,1780571639.033,USDCAD
61,2026-06-04 11:14:00,1.38969,1.38977,1.38977,1.38969,141,1780571699.893,USDCAD
61,2026-06-04 11:15:00,1.38977,1.38972,1.38979,1.3897,103,1780571759.993,USDCAD
61,2026-06-04 11:16:00,1.38972,1.38952,1.38972,1.3895,173,1780571819.993,USDCAD
61,2026-06-04 11:17:00,1.38952,1.38943,1.38953,1.38929,232,1780571879.194,USDCAD
61,2026-06-04 11:18:00,1.38943,1.38952,1.38957,1.38941,136,1780571939.093,USDCAD
61,2026-06-04 11:19:00,1.38952,1.38943,1.38952,1.38941,103,1780571998.092,USDCAD
61,2026-06-04 11:20:00,1.38943,1.38931,1.38945,1.3893,111,1780572058.041,USDCAD
61,2026-06-04 11:21:00,1.38931,1.38929,1.38935,1.38923,120,1780572119.812,USDCAD
61,2026-06-04 11:22:00,1.38929,1.38928,1.38935,1.38927,120,1780572179.739,USDCAD
61,2026-06-04 11:23:00,1.38928,1.38929,1.38931,1.38924,145,1780572239.327,USDCAD
61,2026-06-04 11:24:00,1.38929,1.38933,1.38943,1.38925,141,1780572299.004,USDCAD
61,2026-06-04 11:25:00,1.38933,1.38925,1.38948,1.38921,172,1780572359.032,USDCAD
61,2026-06-04 11:26:00,1.38925,1.38935,1.38936,1.38924,158,1780572419.043,USDCAD
61,2026-06-04 11:27:00,1.38935,1.38935,1.38943,1.38932,111,1780572479.03,USDCAD
61,2026-06-04 11:28:00,1.38935,1.38929,1.38935,1.38929,126,1780572539.006,USDCAD
61,2026-06-04 11:29:00,1.38929,1.38925,1.38932,1.38925,121,1780572599.995,USDCAD
61,2026-06-04 11:30:00,1.38925,1.38912,1.38925,1.38904,143,1780572659.001,USDCAD
61,2026-06-04 11:31:00,1.38912,1.38939,1.38939,1.38912,116,1780572719.024,USDCAD
61,2026-06-04 11:32:00,1.38939,1.38949,1.38952,1.38938,122,1780572779.014,USDCAD
61,2026-06-04 11:33:00,1.38949,1.38944,1.38959,1.38941,168,1780572839.894,USDCAD
61,2026-06-04 11:34:00,1.38944,1.38953,1.38954,1.38941,146,1780572899.004,USDCAD
61,2026-06-04 11:35:00,1.38953,1.38956,1.38962,1.38952,134,1780572959.594,USDCAD
61,2026-06-04 11:36:00,1.38956,1.38959,1.3896,1.38956,94,1780573019.034,USDCAD
61,2026-06-04 11:37:00,1.38959,1.38952,1.38959,1.38945,104,1780573079.193,USDCAD
61,2026-06-04 11:38:00,1.38952,1.38939,1.38953,1.38939,106,1780573139.434,USDCAD
61,2026-06-04 11:39:00,1.38939,1.38919,1.38941,1.38917,132,1780573199.794,USDCAD
61,2026-06-04 11:40:00,1.38919,1.38917,1.38928,1.38916,123,1780573259.937,USDCAD
61,2026-06-04 11:41:00,1.38917,1.38919,1.38921,1.38909,116,1780573319.693,USDCAD
61,2026-06-04 11:42:00,1.38919,1.38922,1.38925,1.38919,111,1780573379.004,USDCAD
61,2026-06-04 11:43:00,1.38922,1.38922,1.3893,1.38921,99,1780573439.014,USDCAD
61,2026-06-04 11:44:00,1.38922,1.38911,1.38922,1.38909,179,1780573499.094,USDCAD
61,2026-06-04 11:45:00,1.38911,1.38909,1.38913,1.38905,109,1780573559.803,USDCAD
61,2026-06-04 11:46:00,1.38909,1.3891,1.38911,1.38899,141,1780573619.015,USDCAD
61,2026-06-04 11:47:00,1.3891,1.38914,1.38914,1.38904,132,1780573679.04,USDCAD
61,2026-06-04 11:48:00,1.38914,1.38921,1.38924,1.38914,123,1780573739.993,USDCAD
61,2026-06-04 11:49:00,1.38921,1.38912,1.38922,1.3891,139,1780573799.038,USDCAD
61,2026-06-04 11:50:00,1.38912,1.38911,1.38916,1.38905,111,1780573859.093,USDCAD
61,2026-06-04 11:51:00,1.38911,1.38922,1.38924,1.38905,113,1780573919.021,USDCAD
61,2026-06-04 11:52:00,1.38922,1.38913,1.38922,1.3891,117,1780573979.039,USDCAD
61,2026-06-04 11:53:00,1.38913,1.38921,1.38923,1.38913,116,1780574039.598,USDCAD
61,2026-06-04 11:54:00,1.38921,1.38922,1.38923,1.38919,126,1780574099.038,USDCAD
61,2026-06-04 11:55:00,1.38922,1.38941,1.38943,1.38921,147,1780574159.014,USDCAD
61,2026-06-04 11:56:00,1.38941,1.38942,1.38958,1.38941,121,1780574219.017,USDCAD
61,2026-06-04 11:57:00,1.38942,1.38936,1.38943,1.38933,107,1780574279.005,USDCAD
61,2026-06-04 11:58:00,1.38936,1.38942,1.38949,1.38936,108,1780574339.824,USDCAD
61,2026-06-04 11:59:00,1.38942,1.38948,1.38949,1.38939,104,1780574399.494,USDCAD
61,2026-06-04 12:00:00,1.38948,1.38938,1.38953,1.38928,181,1780574459.995,USDCAD
61,2026-06-04 12:01:00,1.38938,1.38947,1.38952,1.38938,136,1780574519.628,USDCAD
61,2026-06-04 12:02:00,1.38947,1.38941,1.38947,1.38939,105,1780574579.299,USDCAD
61,2026-06-04 12:03:00,1.38941,1.38957,1.38958,1.38938,129,1780574639.83,USDCAD
61,2026-06-04 12:04:00,1.38957,1.38966,1.38969,1.38956,129,1780574699.393,USDCAD
61,2026-06-04 12:05:00,1.38966,1.38968,1.38972,1.38966,121,1780574759.611,USDCAD
61,2026-06-04 12:06:00,1.38968,1.3895,1.38972,1.3895,133,1780574819.14,USDCAD
61,2026-06-04 12:07:00,1.3895,1.38943,1.38952,1.3894,115,1780574879.216,USDCAD
61,2026-06-04 12:08:00,1.38943,1.38962,1.38962,1.38942,113,1780574939.094,USDCAD
61,2026-06-04 12:09:00,1.38962,1.38961,1.38975,1.38955,145,1780574999.594,USDCAD
61,2026-06-04 12:10:00,1.38961,1.3894,1.38961,1.38939,137,1780575059.036,USDCAD
61,2026-06-04 12:11:00,1.3894,1.38976,1.3898,1.3894,250,1780575119.002,USDCAD
61,2026-06-04 12:12:00,1.38976,1.38971,1.38983,1.3897,172,1780575179.521,USDCAD
61,2026-06-04 12:13:00,1.38971,1.38957,1.38971,1.38953,155,1780575239.037,USDCAD
61,2026-06-04 12:14:00,1.38958,1.38963,1.38965,1.38958,156,1780575299.024,USDCAD
61,2026-06-04 12:15:00,1.38963,1.38982,1.38983,1.38962,157,1780575359.894,USDCAD
61,2026-06-04 12:16:00,1.38982,1.38964,1.38983,1.38964,161,1780575419.394,USDCAD
61,2026-06-04 12:17:00,1.38964,1.38945,1.38964,1.38941,177,1780575479.093,USDCAD
61,2026-06-04 12:18:00,1.38945,1.3896,1.38963,1.38945,199,1780575539.895,USDCAD
61,2026-06-04 12:19:00,1.3896,1.38952,1.38963,1.38952,129,1780575599.63,USDCAD
61,2026-06-04 12:20:00,1.38952,1.38948,1.38959,1.38938,196,1780575659.031,USDCAD
61,2026-06-04 12:21:00,1.38948,1.38949,1.38953,1.38947,114,1780575719.039,USDCAD
61,2026-06-04 12:22:00,1.38949,1.38927,1.38952,1.38916,163,1780575779.993,USDCAD
61,2026-06-04 12:23:00,1.38926,1.38923,1.38932,1.38919,134,1780575839.001,USDCAD
61,2026-06-04 12:24:00,1.38923,1.38921,1.38928,1.38921,107,1780575899.009,USDCAD
61,2026-06-04 12:25:00,1.38921,1.38931,1.38937,1.38921,159,1780575959.994,USDCAD
61,2026-06-04 12:26:00,1.38931,1.38932,1.38936,1.38928,182,1780576019.792,USDCAD
61,2026-06-04 12:27:00,1.38932,1.38921,1.38936,1.3892,90,1780576078.02,USDCAD
61,2026-06-04 12:28:00,1.3892,1.38909,1.38922,1.38908,127,1780576138.094,USDCAD
61,2026-06-04 12:29:00,1.38909,1.3893,1.3893,1.38905,214,1780576199.993,USDCAD
61,2026-06-04 12:30:00,1.38931,1.38908,1.38933,1.38882,190,1780576258.094,USDCAD
61,2026-06-04 12:31:00,1.38909,1.38919,1.38921,1.38909,75,1780576319.031,USDCAD
61,2026-06-04 12:32:00,1.38919,1.38921,1.38941,1.38918,95,1780576379.001,USDCAD
61,2026-06-04 12:33:00,1.38921,1.38922,1.38929,1.38918,107,1780576438.044,USDCAD
61,2026-06-04 12:34:00,1.38922,1.38916,1.38922,1.38911,145,1780576499.014,USDCAD
61,2026-06-04 12:35:00,1.38916,1.38922,1.38932,1.38916,120,1780576559.493,USDCAD
61,2026-06-04 12:36:00,1.38922,1.38931,1.38941,1.38922,136,1780576619.892,USDCAD
61,2026-06-04 12:37:00,1.38931,1.38932,1.38935,1.38928,133,1780576679.037,USDCAD
61,2026-06-04 12:38:00,1.38932,1.38943,1.38945,1.38931,140,1780576739.018,USDCAD
61,2026-06-04 12:39:00,1.38943,1.38942,1.38947,1.38941,100,1780576799.031,USDCAD
61,2026-06-04 12:40:00,1.38942,1.38948,1.3895,1.38938,142,1780576859.044,USDCAD
61,2026-06-04 12:41:00,1.38948,1.38942,1.38952,1.38942,112,1780576919.003,USDCAD
61,2026-06-04 12:42:00,1.38942,1.38933,1.38946,1.38932,108,1780576979.018,USDCAD
61,2026-06-04 12:43:00,1.38933,1.38933,1.38941,1.38928,110,1780577039.397,USDCAD
61,2026-06-04 12:44:00,1.38933,1.38912,1.38934,1.38909,124,1780577099.018,USDCAD
61,2026-06-04 12:45:00,1.38912,1.389,1.38913,1.38899,128,1780577159.017,USDCAD
61,2026-06-04 12:46:00,1.389,1.38904,1.38909,1.389,109,1780577219.003,USDCAD
61,2026-06-04 12:47:00,1.38904,1.38898,1.38908,1.38892,121,1780577279.009,USDCAD
61,2026-06-04 12:48:00,1.38898,1.38894,1.38903,1.38889,119,1780577339.095,USDCAD
61,2026-06-04 12:49:00,1.38894,1.38892,1.38901,1.38888,110,1780577399.019,USDCAD
61,2026-06-04 12:50:00,1.38892,1.38897,1.38903,1.38891,134,1780577459.042,USDCAD
61,2026-06-04 12:51:00,1.38897,1.38904,1.38909,1.38897,99,1780577519.002,USDCAD
61,2026-06-04 12:52:00,1.38904,1.38901,1.38905,1.38899,122,1780577579.219,USDCAD
61,2026-06-04 12:53:00,1.38901,1.38896,1.38912,1.38894,162,1780577639.392,USDCAD
61,2026-06-04 12:54:00,1.38896,1.38884,1.38896,1.38881,128,1780577699.017,USDCAD
61,2026-06-04 12:55:00,1.38884,1.38892,1.38895,1.38883,115,1780577759.094,USDCAD
61,2026-06-04 12:56:00,1.38892,1.38895,1.38899,1.38889,149,1780577819.018,USDCAD
61,2026-06-04 12:57:00,1.38895,1.38901,1.38903,1.38891,135,1780577879.04,USDCAD
61,2026-06-04 12:58:00,1.38901,1.38904,1.38909,1.38901,121,1780577939.993,USDCAD
61,2026-06-04 12:59:00,1.38904,1.3891,1.3891,1.38901,110,1780577999.917,USDCAD
61,2026-06-04 13:00:00,1.3891,1.38904,1.38916,1.38903,150,1780578059.033,USDCAD
61,2026-06-04 13:01:00,1.38904,1.38895,1.38905,1.38894,127,1780578119.008,USDCAD
61,2026-06-04 13:02:00,1.38895,1.38888,1.38897,1.38886,115,1780578179.032,USDCAD
61,2026-06-04 13:03:00,1.38888,1.38903,1.38904,1.38888,159,1780578239.293,USDCAD
61,2026-06-04 13:04:00,1.38903,1.38893,1.38909,1.38891,155,1780578299.795,USDCAD
61,2026-06-04 13:05:00,1.38893,1.38897,1.389,1.38889,140,1780578359.518,USDCAD
61,2026-06-04 13:06:00,1.38897,1.38909,1.38913,1.38897,155,1780578419.035,USDCAD
61,2026-06-04 13:07:00,1.38909,1.38904,1.38909,1.38898,131,1780578479.007,USDCAD
61,2026-06-04 13:08:00,1.38904,1.38915,1.38917,1.38902,134,1780578539.024,USDCAD
61,2026-06-04 13:09:00,1.38915,1.38913,1.38922,1.38911,140,1780578599.01,USDCAD
61,2026-06-04 13:10:00,1.38913,1.38912,1.38915,1.38899,154,1780578659.82,USDCAD
61,2026-06-04 13:11:00,1.38912,1.38928,1.3893,1.38908,131,1780578719.632,USDCAD
61,2026-06-04 13:12:00,1.38928,1.38938,1.38941,1.38927,168,1780578779.708,USDCAD
61,2026-06-04 13:13:00,1.38938,1.38942,1.3895,1.38936,155,1780578839.429,USDCAD
61,2026-06-04 13:14:00,1.38942,1.38944,1.38944,1.38929,158,1780578899.038,USDCAD
61,2026-06-04 13:15:00,1.38944,1.38943,1.38945,1.38933,109,1780578959.493,USDCAD
61,2026-06-04 13:16:00,1.38943,1.38942,1.3895,1.38941,126,1780579019.439,USDCAD
61,2026-06-04 13:17:00,1.38942,1.38929,1.38944,1.38929,108,1780579079.993,USDCAD
61,2026-06-04 13:18:00,1.38929,1.38942,1.38943,1.38929,164,1780579139.018,USDCAD
61,2026-06-04 13:19:00,1.38941,1.38931,1.38942,1.38929,162,1780579199.799,USDCAD
61,2026-06-04 13:20:00,1.38931,1.38925,1.38942,1.38925,136,1780579259.0,USDCAD
61,2026-06-04 13:21:00,1.38925,1.38916,1.38931,1.38912,123,1780579319.608,USDCAD
61,2026-06-04 13:22:00,1.38916,1.38911,1.38918,1.38907,108,1780579379.029,USDCAD
61,2026-06-04 13:23:00,1.38911,1.38922,1.38923,1.38911,120,1780579439.137,USDCAD
61,2026-06-04 13:24:00,1.38922,1.38935,1.38938,1.38922,102,1780579499.093,USDCAD
61,2026-06-04 13:25:00,1.38934,1.38944,1.38944,1.38931,182,1780579559.114,USDCAD
61,2026-06-04 13:26:00,1.38944,1.38949,1.38949,1.38938,184,1780579619.028,USDCAD
61,2026-06-04 13:27:00,1.38949,1.38945,1.38949,1.38941,104,1780579679.039,USDCAD
61,2026-06-04 13:28:00,1.38945,1.38941,1.38945,1.38932,156,1780579739.919,USDCAD
61,2026-06-04 13:29:00,1.38941,1.38927,1.38944,1.38924,180,1780579799.193,USDCAD
61,2026-06-04 13:30:00,1.38927,1.38918,1.38928,1.38907,266,1780579859.096,USDCAD
61,2026-06-04 13:31:00,1.38918,1.38922,1.38939,1.38918,200,1780579919.693,USDCAD
61,2026-06-04 13:32:00,1.38922,1.38909,1.38923,1.38906,190,1780579979.893,USDCAD
61,2026-06-04 13:33:00,1.38909,1.38901,1.38915,1.38899,251,1780580039.892,USDCAD
61,2026-06-04 13:34:00,1.38901,1.38895,1.38908,1.38893,206,1780580099.718,USDCAD
61,2026-06-04 13:35:00,1.38895,1.38897,1.389,1.38884,224,1780580159.993,USDCAD
61,2026-06-04 13:36:00,1.38897,1.38893,1.38901,1.38887,160,1780580219.834,USDCAD
61,2026-06-04 13:37:00,1.38893,1.38885,1.38893,1.38883,127,1780580279.018,USDCAD
61,2026-06-04 13:38:00,1.38885,1.38884,1.38891,1.38879,136,1780580339.995,USDCAD
61,2026-06-04 13:39:00,1.38884,1.38858,1.38884,1.38858,149,1780580399.793,USDCAD
61,2026-06-04 13:40:00,1.38858,1.38845,1.38863,1.38845,133,1780580459.194,USDCAD
61,2026-06-04 13:41:00,1.38845,1.38843,1.38857,1.38842,193,1780580518.02,USDCAD
61,2026-06-04 13:42:00,1.38843,1.38856,1.38859,1.38835,162,1780580579.094,USDCAD
61,2026-06-04 13:43:00,1.38855,1.38852,1.38864,1.38847,208,1780580639.029,USDCAD
61,2026-06-04 13:44:00,1.38852,1.38825,1.38853,1.38824,221,1780580699.993,USDCAD
61,2026-06-04 13:45:00,1.38826,1.38834,1.38834,1.38811,217,1780580759.034,USDCAD
61,2026-06-04 13:46:00,1.38836,1.38845,1.38848,1.38831,196,1780580819.622,USDCAD
61,2026-06-04 13:47:00,1.38845,1.38874,1.38874,1.38844,177,1780580878.994,USDCAD
61,2026-06-04 13:48:00,1.38873,1.38872,1.38879,1.38861,189,1780580939.595,USDCAD
61,2026-06-04 13:49:00,1.38872,1.38871,1.38877,1.38867,172,1780580999.044,USDCAD
61,2026-06-04 13:50:00,1.38871,1.38861,1.38877,1.38858,174,1780581059.023,USDCAD
61,2026-06-04 13:51:00,1.38861,1.38862,1.38871,1.38856,157,1780581119.031,USDCAD
61,2026-06-04 13:52:00,1.38863,1.38871,1.38871,1.38853,210,1780581179.695,USDCAD
61,2026-06-04 13:53:00,1.38871,1.38888,1.38898,1.38865,179,1780581239.011,USDCAD
61,2026-06-04 13:54:00,1.38888,1.38873,1.38888,1.38872,193,1780581299.093,USDCAD
61,2026-06-04 13:55:00,1.38873,1.38891,1.38896,1.38872,172,1780581359.094,USDCAD
61,2026-06-04 13:56:00,1.38891,1.38874,1.389,1.38865,169,1780581419.637,USDCAD
61,2026-06-04 13:57:00,1.38874,1.3887,1.38881,1.3887,123,1780581479.035,USDCAD
61,2026-06-04 13:58:00,1.3887,1.38865,1.38877,1.38856,141,1780581539.304,USDCAD
61,2026-06-04 13:59:00,1.38865,1.38875,1.38875,1.38862,163,1780581599.036,USDCAD
61,2026-06-04 14:00:00,1.38874,1.38863,1.38877,1.38853,219,1780581659.698,USDCAD
61,2026-06-04 14:01:00,1.38863,1.38875,1.38877,1.38854,195,1780581719.212,USDCAD
61,2026-06-04 14:02:00,1.38875,1.38892,1.38893,1.38874,199,1780581779.119,USDCAD
61,2026-06-04 14:03:00,1.38892,1.38901,1.38901,1.38883,204,1780581839.936,USDCAD
61,2026-06-04 14:04:00,1.38901,1.38902,1.38904,1.38894,139,1780581899.003,USDCAD
61,2026-06-04 14:05:00,1.38902,1.38898,1.38902,1.38892,146,1780581959.717,USDCAD
61,2026-06-04 14:06:00,1.38898,1.38896,1.38902,1.38883,190,1780582019.893,USDCAD
61,2026-06-04 14:07:00,1.38896,1.38901,1.38905,1.38892,169,1780582079.895,USDCAD
61,2026-06-04 14:08:00,1.38901,1.38898,1.38904,1.38895,168,1780582139.493,USDCAD
61,2026-06-04 14:09:00,1.38898,1.38898,1.38903,1.38891,186,1780582199.894,USDCAD
61,2026-06-04 14:10:00,1.38898,1.38894,1.38903,1.38892,131,1780582259.028,USDCAD
61,2026-06-04 14:11:00,1.38894,1.38885,1.38895,1.38877,111,1780582319.994,USDCAD
61,2026-06-04 14:12:00,1.38885,1.38875,1.38886,1.38872,142,1780582379.124,USDCAD
61,2026-06-04 14:13:00,1.38875,1.38868,1.38875,1.38864,189,1780582439.03,USDCAD
61,2026-06-04 14:14:00,1.38868,1.38872,1.38878,1.38868,141,1780582499.026,USDCAD
61,2026-06-04 14:15:00,1.38872,1.38862,1.38875,1.38861,140,1780582559.895,USDCAD
61,2026-06-04 14:16:00,1.38862,1.38862,1.38873,1.38858,131,1780582619.006,USDCAD
61,2026-06-04 14:17:00,1.38862,1.38863,1.38868,1.3886,128,1780582679.9,USDCAD
61,2026-06-04 14:18:00,1.38863,1.38867,1.3887,1.38861,129,1780582739.013,USDCAD
61,2026-06-04 14:19:00,1.38867,1.38862,1.38875,1.38861,158,1780582799.221,USDCAD
61,2026-06-04 14:20:00,1.38862,1.38862,1.38868,1.3886,166,1780582859.995,USDCAD
61,2026-06-04 14:21:00,1.38862,1.38864,1.38872,1.38862,148,1780582919.012,USDCAD
61,2026-06-04 14:22:00,1.38864,1.3887,1.38874,1.38862,111,1780582979.004,USDCAD
61,2026-06-04 14:23:00,1.3887,1.38867,1.38876,1.38865,131,1780583039.025,USDCAD
61,2026-06-04 14:24:00,1.38867,1.38881,1.38882,1.38865,125,1780583099.043,USDCAD
61,2026-06-04 14:25:00,1.38881,1.3887,1.38885,1.3887,153,1780583159.094,USDCAD
61,2026-06-04 14:26:00,1.3887,1.38872,1.38877,1.3887,142,1780583219.993,USDCAD
61,2026-06-04 14:27:00,1.38872,1.38882,1.38885,1.38872,110,1780583279.025,USDCAD
61,2026-06-04 14:28:00,1.38882,1.38903,1.38904,1.38882,142,1780583339.017,USDCAD
61,2026-06-04 14:29:00,1.38903,1.38897,1.38905,1.38896,136,1780583399.093,USDCAD
61,2026-06-04 14:30:00,1.38897,1.38912,1.38912,1.38897,170,1780583459.038,USDCAD
61,2026-06-04 14:31:00,1.38912,1.38919,1.3892,1.38902,138,1780583519.006,USDCAD
61,2026-06-04 14:32:00,1.38919,1.38914,1.38919,1.38912,128,1780583579.501,USDCAD
61,2026-06-04 14:33:00,1.38914,1.38912,1.38915,1.38905,122,1780583639.593,USDCAD
61,2026-06-04 14:34:00,1.38912,1.38925,1.38928,1.3891,117,1780583699.094,USDCAD
61,2026-06-04 14:35:00,1.38925,1.38933,1.38938,1.38925,142,1780583759.394,USDCAD
61,2026-06-04 14:36:00,1.38933,1.38953,1.38954,1.38932,143,1780583819.003,USDCAD
61,2026-06-04 14:37:00,1.38953,1.38973,1.38978,1.38953,185,1780583879.994,USDCAD
61,2026-06-04 14:38:00,1.38973,1.38962,1.38973,1.38958,156,1780583939.094,USDCAD
61,2026-06-04 14:39:00,1.38962,1.38958,1.38969,1.38956,179,1780583999.928,USDCAD
61,2026-06-04 14:40:00,1.38958,1.38956,1.3896,1.38947,126,1780584059.034,USDCAD
61,2026-06-04 14:41:00,1.38956,1.38952,1.38958,1.3895,118,1780584119.003,USDCAD
61,2026-06-04 14:42:00,1.38952,1.38938,1.38956,1.38938,191,1780584179.039,USDCAD
61,2026-06-04 14:43:00,1.38938,1.38949,1.38949,1.38933,161,1780584239.923,USDCAD
61,2026-06-04 14:44:00,1.38949,1.3895,1.38959,1.38949,146,1780584299.04,USDCAD
61,2026-06-04 14:45:00,1.3895,1.38967,1.38972,1.38949,184,1780584359.824,USDCAD
61,2026-06-04 14:46:00,1.38967,1.38971,1.38978,1.3896,178,1780584419.602,USDCAD
61,2026-06-04 14:47:00,1.38971,1.38973,1.38978,1.38966,195,1780584479.027,USDCAD
61,2026-06-04 14:48:00,1.38973,1.38973,1.38977,1.38965,197,1780584539.094,USDCAD
61,2026-06-04 14:49:00,1.38973,1.38958,1.38973,1.38958,120,1780584599.005,USDCAD
61,2026-06-04 14:50:00,1.38958,1.38953,1.38959,1.38938,215,1780584659.837,USDCAD
61,2026-06-04 14:51:00,1.38953,1.38952,1.38962,1.38951,177,1780584718.04,USDCAD
61,2026-06-04 14:52:00,1.38951,1.38921,1.38952,1.3892,211,1780584779.605,USDCAD
61,2026-06-04 14:53:00,1.38921,1.38939,1.3894,1.38921,129,1780584839.108,USDCAD
61,2026-06-04 14:54:00,1.38939,1.38945,1.38957,1.38938,164,1780584899.594,USDCAD
61,2026-06-04 14:55:00,1.38945,1.38922,1.38945,1.38921,117,1780584959.033,USDCAD
61,2026-06-04 14:56:00,1.38922,1.38935,1.38936,1.38922,134,1780585019.493,USDCAD
61,2026-06-04 14:57:00,1.38935,1.3895,1.38955,1.38931,166,1780585079.423,USDCAD
61,2026-06-04 14:58:00,1.3895,1.38949,1.38953,1.38941,150,1780585139.894,USDCAD
61,2026-06-04 14:59:00,1.38949,1.38943,1.38956,1.38941,99,1780585199.021,USDCAD
61,2026-06-04 15:00:00,1.38943,1.38938,1.38945,1.38928,166,1780585259.043,USDCAD
61,2026-06-04 15:01:00,1.38938,1.38956,1.38956,1.38938,159,1780585319.593,USDCAD
61,2026-06-04 15:02:00,1.38956,1.38949,1.38959,1.38944,173,1780585379.04,USDCAD
61,2026-06-04 15:03:00,1.38949,1.38938,1.38949,1.38932,141,1780585439.994,USDCAD
61,2026-06-04 15:04:00,1.38938,1.3895,1.3895,1.38936,177,1780585499.005,USDCAD
61,2026-06-04 15:05:00,1.3895,1.3897,1.3897,1.38945,142,1780585559.03,USDCAD
61,2026-06-04 15:06:00,1.3897,1.38989,1.3899,1.3897,177,1780585619.804,USDCAD
61,2026-06-04 15:07:00,1.38989,1.38989,1.3899,1.38978,129,1780585679.093,USDCAD
61,2026-06-04 15:08:00,1.38989,1.38978,1.38989,1.38965,217,1780585739.031,USDCAD
61,2026-06-04 15:09:00,1.38978,1.38986,1.38989,1.3897,211,1780585799.893,USDCAD
61,2026-06-04 15:10:00,1.38986,1.38988,1.3899,1.38978,142,1780585859.742,USDCAD
61,2026-06-04 15:11:00,1.38988,1.38984,1.38989,1.38977,130,1780585919.093,USDCAD
61,2026-06-04 15:12:00,1.38984,1.38972,1.38987,1.3897,137,1780585979.93,USDCAD
61,2026-06-04 15:13:00,1.38973,1.38987,1.38993,1.38973,158,1780586039.214,USDCAD
61,2026-06-04 15:14:00,1.38987,1.38986,1.38989,1.38977,143,1780586099.997,USDCAD
61,2026-06-04 15:15:00,1.38986,1.38997,1.39001,1.38986,132,1780586159.617,USDCAD
61,2026-06-04 15:16:00,1.38997,1.38996,1.39001,1.3899,157,1780586219.002,USDCAD
61,2026-06-04 15:17:00,1.38996,1.38997,1.38999,1.38986,143,1780586279.014,USDCAD
61,2026-06-04 15:18:00,1.38997,1.39019,1.39019,1.38997,150,1780586339.493,USDCAD
61,2026-06-04 15:19:00,1.39019,1.39038,1.3904,1.39014,132,1780586399.038,USDCAD
61,2026-06-04 15:20:00,1.39038,1.39043,1.3905,1.39035,163,1780586459.414,USDCAD
61,2026-06-04 15:21:00,1.39043,1.39029,1.39043,1.39025,120,1780586519.993,USDCAD
61,2026-06-04 15:22:00,1.39027,1.39019,1.39033,1.39019,119,1780586579.805,USDCAD
61,2026-06-04 15:23:00,1.39018,1.39026,1.39026,1.39018,115,1780586639.021,USDCAD
61,2026-06-04 15:24:00,1.39026,1.39017,1.39027,1.39016,121,1780586699.594,USDCAD
61,2026-06-04 15:25:00,1.39017,1.39016,1.39019,1.39016,164,1780586759.093,USDCAD
61,2026-06-04 15:26:00,1.39016,1.39028,1.39044,1.39016,144,1780586819.008,USDCAD
61,2026-06-04 15:27:00,1.39028,1.39025,1.39034,1.39025,144,1780586879.031,USDCAD
61,2026-06-04 15:28:00,1.39025,1.39017,1.39027,1.39014,120,1780586939.593,USDCAD
61,2026-06-04 15:29:00,1.39017,1.39016,1.39019,1.39014,81,1780586999.038,USDCAD
61,2026-06-04 15:30:00,1.39016,1.39002,1.39019,1.38999,122,1780587059.793,USDCAD
61,2026-06-04 15:31:00,1.39002,1.38999,1.39004,1.38997,125,1780587119.02,USDCAD
61,2026-06-04 15:32:00,1.38999,1.38999,1.39004,1.38996,156,1780587179.494,USDCAD
61,2026-06-04 15:33:00,1.38999,1.39016,1.39022,1.38999,150,1780587239.794,USDCAD
61,2026-06-04 15:34:00,1.39016,1.39004,1.39017,1.39002,100,1780587299.644,USDCAD
61,2026-06-04 15:35:00,1.39004,1.38996,1.39013,1.38995,100,1780587359.04,USDCAD
61,2026-06-04 15:36:00,1.38996,1.38989,1.39005,1.38987,154,1780587419.015,USDCAD
61,2026-06-04 15:37:00,1.38989,1.38986,1.3899,1.38985,140,1780587479.006,USDCAD
61,2026-06-04 15:38:00,1.38986,1.38986,1.3899,1.38984,120,1780587539.428,USDCAD
61,2026-06-04 15:39:00,1.38986,1.38991,1.38993,1.38986,117,1780587599.892,USDCAD
61,2026-06-04 15:40:00,1.3899,1.38979,1.3899,1.38976,144,1780587659.794,USDCAD
61,2026-06-04 15:41:00,1.38977,1.38977,1.38986,1.38976,144,1780587719.093,USDCAD
61,2026-06-04 15:42:00,1.38977,1.38988,1.38989,1.38976,129,1780587779.494,USDCAD
61,2026-06-04 15:43:00,1.38988,1.38987,1.38992,1.38985,137,1780587839.493,USDCAD
61,2026-06-04 15:44:00,1.38987,1.38986,1.38999,1.38986,129,1780587899.045,USDCAD
61,2026-06-04 15:45:00,1.38986,1.38979,1.38997,1.38979,141,1780587959.507,USDCAD
61,2026-06-04 15:46:00,1.38979,1.3898,1.38983,1.38974,96,1780588019.494,USDCAD
61,2026-06-04 15:47:00,1.3898,1.38983,1.38989,1.38977,111,1780588079.038,USDCAD
61,2026-06-04 15:48:00,1.38983,1.38977,1.38986,1.38975,96,1780588139.011,USDCAD
61,2026-06-04 15:49:00,1.38977,1.38977,1.38983,1.38968,116,1780588199.094,USDCAD
61,2026-06-04 15:50:00,1.38977,1.38956,1.38977,1.38956,114,1780588259.01,USDCAD
61,2026-06-04 15:51:00,1.38956,1.38949,1.38963,1.38945,119,1780588319.193,USDCAD
61,2026-06-04 15:52:00,1.38949,1.38949,1.38949,1.38932,140,1780588379.017,USDCAD
61,2026-06-04 15:53:00,1.38949,1.38948,1.3895,1.38943,99,1780588439.893,USDCAD
61,2026-06-04 15:54:00,1.38948,1.38939,1.38949,1.38938,100,1780588499.029,USDCAD
61,2026-06-04 15:55:00,1.38939,1.3893,1.38943,1.38929,137,1780588559.002,USDCAD
61,2026-06-04 15:56:00,1.3893,1.38922,1.38933,1.38913,129,1780588619.54,USDCAD
61,2026-06-04 15:57:00,1.38923,1.38906,1.38925,1.38903,160,1780588679.005,USDCAD
61,2026-06-04 15:58:00,1.38906,1.38906,1.38916,1.38903,136,1780588739.036,USDCAD
61,2026-06-04 15:59:00,1.38906,1.38907,1.38914,1.38904,113,1780588799.11,USDCAD
61,2026-06-04 16:00:00,1.38907,1.3891,1.38912,1.38901,145,1780588859.923,USDCAD
61,2026-06-04 16:01:00,1.3891,1.38917,1.38919,1.38908,143,1780588919.094,USDCAD
61,2026-06-04 16:02:00,1.38917,1.38914,1.38921,1.38911,125,1780588979.793,USDCAD
61,2026-06-04 16:03:00,1.38913,1.38914,1.38917,1.38911,205,1780589039.733,USDCAD
61,2026-06-04 16:04:00,1.38914,1.38918,1.38918,1.38908,142,1780589099.0,USDCAD
61,2026-06-04 16:05:00,1.38919,1.38918,1.38923,1.38911,239,1780589159.994,USDCAD
61,2026-06-04 16:06:00,1.38918,1.38912,1.38921,1.38909,149,1780589219.894,USDCAD
61,2026-06-04 16:07:00,1.38912,1.38906,1.38914,1.38901,124,1780589279.496,USDCAD
61,2026-06-04 16:08:00,1.38906,1.38903,1.38914,1.38894,152,1780589339.093,USDCAD
61,2026-06-04 16:09:00,1.38903,1.38902,1.38905,1.38894,129,1780589399.0,USDCAD
61,2026-06-04 16:10:00,1.38902,1.389,1.38906,1.38897,183,1780589459.028,USDCAD
61,2026-06-04 16:11:00,1.389,1.38909,1.3891,1.38897,87,1780589519.028,USDCAD
61,2026-06-04 16:12:00,1.38909,1.38909,1.38917,1.38904,132,1780589579.402,USDCAD
61,2026-06-04 16:13:00,1.38909,1.38908,1.38909,1.38903,98,1780589639.028,USDCAD
61,2026-06-04 16:14:00,1.38908,1.38912,1.38918,1.38907,102,1780589699.003,USDCAD
61,2026-06-04 16:15:00,1.38912,1.3892,1.3892,1.38909,127,1780589759.027,USDCAD
61,2026-06-04 16:16:00,1.3892,1.38924,1.38931,1.3892,100,1780589819.094,USDCAD
61,2026-06-04 16:17:00,1.38924,1.38912,1.38924,1.38911,99,1780589879.026,USDCAD
61,2026-06-04 16:18:00,1.38912,1.38914,1.38918,1.38911,104,1780589939.008,USDCAD
61,2026-06-04 16:19:00,1.38914,1.38937,1.38938,1.38911,120,1780589999.227,USDCAD
61,2026-06-04 16:20:00,1.38937,1.38939,1.38945,1.38936,134,1780590059.025,USDCAD
61,2026-06-04 16:21:00,1.38939,1.38936,1.3894,1.38931,133,1780590119.094,USDCAD
61,2026-06-04 16:22:00,1.38936,1.38933,1.38939,1.3893,112,1780590179.093,USDCAD
61,2026-06-04 16:23:00,1.38933,1.38932,1.38933,1.38928,100,1780590239.694,USDCAD
61,2026-06-04 16:24:00,1.38931,1.38953,1.38955,1.38931,136,1780590299.694,USDCAD
61,2026-06-04 16:25:00,1.38953,1.38959,1.38964,1.38953,142,1780590359.041,USDCAD
61,2026-06-04 16:26:00,1.38959,1.38954,1.3896,1.38953,96,1780590419.021,USDCAD
61,2026-06-04 16:27:00,1.38954,1.38946,1.38954,1.38941,130,1780590479.002,USDCAD
61,2026-06-04 16:28:00,1.38946,1.38939,1.38949,1.38938,145,1780590539.095,USDCAD
61,2026-06-04 16:29:00,1.38939,1.38941,1.38943,1.38936,112,1780590599.009,USDCAD
61,2026-06-04 16:30:00,1.38941,1.38946,1.38949,1.38938,173,1780590659.021,USDCAD
61,2026-06-04 16:31:00,1.38946,1.38965,1.38966,1.38946,154,1780590719.092,USDCAD
61,2026-06-04 16:32:00,1.38965,1.38976,1.38976,1.38963,147,1780590779.413,USDCAD
61,2026-06-04 16:33:00,1.38976,1.38964,1.38976,1.3896,161,1780590839.392,USDCAD
61,2026-06-04 16:34:00,1.38964,1.38973,1.38976,1.38952,170,1780590899.993,USDCAD
61,2026-06-04 16:35:00,1.38973,1.38972,1.38978,1.38971,177,1780590959.094,USDCAD
61,2026-06-04 16:36:00,1.38972,1.38956,1.38972,1.38956,122,1780591019.793,USDCAD
61,2026-06-04 16:37:00,1.38956,1.38957,1.38958,1.38956,71,1780591079.034,USDCAD
61,2026-06-04 16:38:00,1.38957,1.38955,1.38958,1.38951,89,1780591139.093,USDCAD
61,2026-06-04 16:39:00,1.38955,1.38958,1.38959,1.3895,82,1780591199.006,USDCAD
61,2026-06-04 16:40:00,1.38958,1.38962,1.38967,1.38958,157,1780591259.593,USDCAD
61,2026-06-04 16:41:00,1.38962,1.38962,1.38964,1.38958,117,1780591319.119,USDCAD
61,2026-06-04 16:42:00,1.38962,1.38966,1.38981,1.38961,164,1780591379.031,USDCAD
61,2026-06-04 16:43:00,1.38966,1.38966,1.38975,1.38963,118,1780591439.294,USDCAD
61,2026-06-04 16:44:00,1.38966,1.38977,1.38977,1.38966,104,1780591499.045,USDCAD
61,2026-06-04 16:45:00,1.38977,1.38979,1.38979,1.38973,117,1780591559.017,USDCAD
61,2026-06-04 16:46:00,1.38979,1.38973,1.38981,1.3897,110,1780591619.003,USDCAD
61,2026-06-04 16:47:00,1.38973,1.38973,1.38977,1.38969,129,1780591679.033,USDCAD
61,2026-06-04 16:48:00,1.38973,1.38971,1.38983,1.3897,153,1780591739.014,USDCAD
61,2026-06-04 16:49:00,1.38971,1.38967,1.38977,1.38966,124,1780591799.393,USDCAD
61,2026-06-04 16:50:00,1.38967,1.38966,1.38969,1.38965,91,1780591859.002,USDCAD
61,2026-06-04 16:51:00,1.38966,1.38966,1.38969,1.38965,117,1780591919.02,USDCAD
61,2026-06-04 16:52:00,1.38966,1.38984,1.38987,1.38966,128,1780591979.993,USDCAD
61,2026-06-04 16:53:00,1.38984,1.38982,1.38989,1.38981,99,1780592039.693,USDCAD
61,2026-06-04 16:54:00,1.38982,1.3898,1.38987,1.38978,95,1780592099.017,USDCAD
61,2026-06-04 16:55:00,1.3898,1.38978,1.38987,1.38978,109,1780592159.093,USDCAD
61,2026-06-04 16:56:00,1.38978,1.3896,1.38978,1.38958,127,1780592219.093,USDCAD
61,2026-06-04 16:57:00,1.3896,1.38954,1.38967,1.38951,154,1780592279.039,USDCAD
61,2026-06-04 16:58:00,1.38955,1.38958,1.3896,1.38952,95,1780592339.299,USDCAD
61,2026-06-04 16:59:00,1.38958,1.38967,1.38967,1.38956,191,1780592399.041,USDCAD
61,2026-06-04 17:00:00,1.38968,1.38963,1.38972,1.38962,148,1780592459.014,USDCAD
61,2026-06-04 17:01:00,1.38963,1.38956,1.38963,1.38954,136,1780592519.094,USDCAD
61,2026-06-04 17:02:00,1.38956,1.38962,1.38963,1.38955,171,1780592579.194,USDCAD
61,2026-06-04 17:03:00,1.38962,1.38969,1.38972,1.38961,117,1780592639.108,USDCAD
61,2026-06-04 17:04:00,1.38969,1.38969,1.38969,1.38964,103,1780592699.029,USDCAD
61,2026-06-04 17:05:00,1.38969,1.38969,1.38972,1.38966,104,1780592759.593,USDCAD
61,2026-06-04 17:06:00,1.3897,1.38979,1.38979,1.38968,178,1780592819.895,USDCAD
61,2026-06-04 17:07:00,1.38979,1.3898,1.38981,1.38976,136,1780592879.943,USDCAD
61,2026-06-04 17:08:00,1.38981,1.38987,1.38989,1.38979,135,1780592939.094,USDCAD
61,2026-06-04 17:09:00,1.38987,1.38993,1.38998,1.38986,142,1780592999.394,USDCAD
61,2026-06-04 17:10:00,1.38994,1.38986,1.38994,1.38986,101,1780593059.041,USDCAD
61,2026-06-04 17:11:00,1.38986,1.38989,1.38996,1.38985,118,1780593118.04,USDCAD
61,2026-06-04 17:12:00,1.38989,1.38992,1.38997,1.38989,85,1780593178.493,USDCAD
61,2026-06-04 17:13:00,1.38992,1.38986,1.38992,1.38986,77,1780593238.035,USDCAD
61,2026-06-04 17:14:00,1.38986,1.38987,1.38987,1.38985,79,1780593299.708,USDCAD
61,2026-06-04 17:15:00,1.38987,1.38991,1.38994,1.38985,89,1780593359.025,USDCAD
61,2026-06-04 17:16:00,1.38991,1.38999,1.39,1.3899,111,1780593419.033,USDCAD
61,2026-06-04 17:17:00,1.38999,1.38979,1.39001,1.38977,108,1780593479.012,USDCAD
61,2026-06-04 17:18:00,1.38979,1.38979,1.38987,1.38977,105,1780593539.026,USDCAD
61,2026-06-04 17:19:00,1.38979,1.38978,1.38983,1.38978,138,1780593599.003,USDCAD
61,2026-06-04 17:20:00,1.38978,1.3898,1.38983,1.38977,126,1780593659.032,USDCAD
61,2026-06-04 17:21:00,1.3898,1.38988,1.38989,1.3898,99,1780593719.003,USDCAD
61,2026-06-04 17:22:00,1.38988,1.38988,1.38989,1.38986,79,1780593779.002,USDCAD
61,2026-06-04 17:23:00,1.38988,1.3899,1.3899,1.38985,111,1780593839.695,USDCAD
61,2026-06-04 17:24:00,1.38989,1.3899,1.38994,1.38984,104,1780593899.011,USDCAD
61,2026-06-04 17:25:00,1.3899,1.38996,1.38997,1.38987,106,1780593959.039,USDCAD
61,2026-06-04 17:26:00,1.38996,1.38997,1.38999,1.38991,95,1780594019.194,USDCAD
61,2026-06-04 17:27:00,1.38997,1.38999,1.39002,1.38997,86,1780594079.638,USDCAD
61,2026-06-04 17:28:00,1.38999,1.38998,1.39002,1.38997,96,1780594139.715,USDCAD
61,2026-06-04 17:29:00,1.38998,1.39001,1.39004,1.38998,76,1780594199.038,USDCAD
61,2026-06-04 17:30:00,1.39001,1.38996,1.39001,1.38993,70,1780594259.025,USDCAD
61,2026-06-04 17:31:00,1.38996,1.39,1.39004,1.38994,97,1780594319.011,USDCAD
61,2026-06-04 17:32:00,1.39,1.39011,1.39017,1.38998,132,1780594379.032,USDCAD
61,2026-06-04 17:33:00,1.39011,1.38999,1.39011,1.38999,96,1780594439.996,USDCAD
61,2026-06-04 17:34:00,1.38999,1.39002,1.39008,1.38997,119,1780594499.094,USDCAD
61,2026-06-04 17:35:00,1.39002,1.39014,1.39015,1.38997,103,1780594559.022,USDCAD
61,2026-06-04 17:36:00,1.39013,1.39018,1.39021,1.39013,108,1780594619.011,USDCAD
61,2026-06-04 17:37:00,1.39018,1.39017,1.39019,1.39008,114,1780594679.013,USDCAD
61,2026-06-04 17:38:00,1.39017,1.39014,1.39024,1.39014,108,1780594739.824,USDCAD
61,2026-06-04 17:39:00,1.39014,1.39011,1.39016,1.39006,113,1780594799.039,USDCAD
61,2026-06-04 17:40:00,1.39011,1.39006,1.39012,1.39006,104,1780594859.03,USDCAD
61,2026-06-04 17:41:00,1.39006,1.39008,1.39012,1.39006,108,1780594919.993,USDCAD
61,2026-06-04 17:42:00,1.39008,1.38999,1.3901,1.38999,118,1780594979.006,USDCAD
61,2026-06-04 17:43:00,1.38999,1.38999,1.39004,1.38999,117,1780595039.025,USDCAD
61,2026-06-04 17:44:00,1.38999,1.39003,1.39007,1.38999,175,1780595099.802,USDCAD
61,2026-06-04 17:45:00,1.39003,1.3901,1.39014,1.39003,93,1780595159.696,USDCAD
61,2026-06-04 17:46:00,1.3901,1.39016,1.39017,1.3901,94,1780595219.092,USDCAD
61,2026-06-04 17:47:00,1.39016,1.39006,1.39018,1.39004,83,1780595279.029,USDCAD
61,2026-06-04 17:48:00,1.39006,1.39005,1.39016,1.39004,78,1780595339.026,USDCAD
61,2026-06-04 17:49:00,1.39005,1.39006,1.39006,1.38999,131,1780595399.401,USDCAD
61,2026-06-04 17:50:00,1.39006,1.39,1.39006,1.38997,104,1780595459.128,USDCAD
61,2026-06-04 17:51:00,1.39,1.39004,1.39006,1.38998,86,1780595519.892,USDCAD
61,2026-06-04 17:52:00,1.39004,1.39004,1.39006,1.38999,148,1780595579.029,USDCAD
61,2026-06-04 17:53:00,1.39004,1.3901,1.39011,1.39004,100,1780595639.996,USDCAD
61,2026-06-04 17:54:00,1.3901,1.39011,1.39014,1.39009,122,1780595699.03,USDCAD
61,2026-06-04 17:55:00,1.39011,1.39016,1.39017,1.39009,122,1780595759.094,USDCAD
61,2026-06-04 17:56:00,1.39016,1.39018,1.39024,1.39016,102,1780595819.795,USDCAD
61,2026-06-04 17:57:00,1.39017,1.39013,1.39019,1.3901,111,1780595879.039,USDCAD
61,2026-06-04 17:58:00,1.39013,1.39014,1.39016,1.39011,98,1780595939.003,USDCAD
61,2026-06-04 17:59:00,1.39014,1.39011,1.39015,1.39008,104,1780595999.896,USDCAD
61,2026-06-04 18:00:00,1.39011,1.39001,1.39017,1.38999,183,1780596059.994,USDCAD
61,2026-06-04 18:01:00,1.39002,1.39,1.39005,1.38996,157,1780596119.093,USDCAD
61,2026-06-04 18:02:00,1.39,1.39004,1.39006,1.38997,101,1780596179.008,USDCAD
61,2026-06-04 18:03:00,1.39004,1.39005,1.39007,1.39004,80,1780596239.023,USDCAD
61,2026-06-04 18:04:00,1.39005,1.3901,1.39012,1.39004,109,1780596299.097,USDCAD
61,2026-06-04 18:05:00,1.3901,1.39008,1.3901,1.39004,74,1780596359.526,USDCAD
61,2026-06-04 18:06:00,1.39008,1.39016,1.39016,1.39007,95,1780596419.032,USDCAD
61,2026-06-04 18:07:00,1.39016,1.39015,1.39019,1.39014,82,1780596479.018,USDCAD
61,2026-06-04 18:08:00,1.39015,1.39013,1.39016,1.39013,73,1780596539.993,USDCAD
61,2026-06-04 18:09:00,1.39014,1.39016,1.39017,1.39006,96,1780596599.019,USDCAD
61,2026-06-04 18:10:00,1.39016,1.3901,1.39017,1.39007,93,1780596659.001,USDCAD
61,2026-06-04 18:11:00,1.39009,1.39006,1.3901,1.39005,105,1780596719.008,USDCAD
61,2026-06-04 18:12:00,1.39006,1.3901,1.39013,1.39006,110,1780596779.006,USDCAD
61,2026-06-04 18:13:00,1.3901,1.3901,1.39014,1.39005,124,1780596839.021,USDCAD
61,2026-06-04 18:14:00,1.39009,1.39013,1.39013,1.39006,121,1780596899.534,USDCAD
61,2026-06-04 18:15:00,1.39013,1.39006,1.39013,1.39006,117,1780596959.009,USDCAD
61,2026-06-04 18:16:00,1.39006,1.39016,1.39016,1.39006,108,1780597019.024,USDCAD
61,2026-06-04 18:17:00,1.39016,1.39015,1.39018,1.39013,76,1780597079.002,USDCAD
61,2026-06-04 18:18:00,1.39015,1.39014,1.39017,1.39014,78,1780597139.034,USDCAD
61,2026-06-04 18:19:00,1.39014,1.39004,1.39014,1.39001,93,1780597199.008,USDCAD
61,2026-06-04 18:20:00,1.39004,1.39005,1.39006,1.39003,86,1780597259.293,USDCAD
61,2026-06-04 18:21:00,1.39005,1.38996,1.39005,1.38995,109,1780597318.006,USDCAD
61,2026-06-04 18:22:00,1.38996,1.38999,1.39005,1.38996,111,1780597378.092,USDCAD
61,2026-06-04 18:23:00,1.38999,1.38987,1.38999,1.38986,94,1780597439.433,USDCAD
61,2026-06-04 18:24:00,1.38987,1.38999,1.39002,1.38985,95,1780597499.016,USDCAD
61,2026-06-04 18:25:00,1.38999,1.38983,1.39,1.38982,129,1780597559.094,USDCAD
61,2026-06-04 18:26:00,1.38983,1.38997,1.38997,1.38983,88,1780597619.327,USDCAD
61,2026-06-04 18:27:00,1.38996,1.38997,1.38999,1.38996,78,1780597679.006,USDCAD
61,2026-06-04 18:28:00,1.38997,1.39001,1.39007,1.38996,117,1780597739.593,USDCAD
61,2026-06-04 18:29:00,1.39001,1.39006,1.39006,1.39,86,1780597799.02,USDCAD
61,2026-06-04 18:30:00,1.39006,1.38998,1.39008,1.38998,107,1780597859.021,USDCAD
61,2026-06-04 18:31:00,1.38998,1.38995,1.39,1.38994,113,1780597919.694,USDCAD
61,2026-06-04 18:32:00,1.38995,1.38996,1.38998,1.38993,85,1780597979.094,USDCAD
61,2026-06-04 18:33:00,1.38997,1.39007,1.39009,1.38997,108,1780598039.418,USDCAD
61,2026-06-04 18:34:00,1.39007,1.38984,1.39014,1.38984,128,1780598099.027,USDCAD
61,2026-06-04 18:35:00,1.38984,1.38967,1.38986,1.38956,132,1780598159.009,USDCAD
61,2026-06-04 18:36:00,1.38967,1.38969,1.38978,1.38967,130,1780598219.043,USDCAD
61,2026-06-04 18:37:00,1.3897,1.3896,1.38972,1.38959,126,1780598279.093,USDCAD
61,2026-06-04 18:38:00,1.3896,1.38961,1.38965,1.38957,78,1780598339.893,USDCAD
61,2026-06-04 18:39:00,1.38961,1.38958,1.38967,1.38956,101,1780598399.992,USDCAD
61,2026-06-04 18:40:00,1.38958,1.38963,1.38967,1.38957,97,1780598459.994,USDCAD
61,2026-06-04 18:41:00,1.38963,1.38966,1.38968,1.38963,79,1780598519.706,USDCAD
61,2026-06-04 18:42:00,1.38963,1.38964,1.38967,1.38962,113,1780598579.594,USDCAD
61,2026-06-04 18:43:00,1.38964,1.38967,1.38969,1.38962,99,1780598639.894,USDCAD
61,2026-06-04 18:44:00,1.38967,1.38969,1.38976,1.38966,143,1780598699.593,USDCAD
61,2026-06-04 18:45:00,1.38969,1.3897,1.38971,1.38967,96,1780598759.043,USDCAD
61,2026-06-04 18:46:00,1.3897,1.38978,1.38979,1.38968,136,1780598819.002,USDCAD
61,2026-06-04 18:47:00,1.38978,1.38976,1.38978,1.38971,90,1780598879.941,USDCAD
61,2026-06-04 18:48:00,1.38976,1.38977,1.38979,1.38975,82,1780598939.011,USDCAD
61,2026-06-04 18:49:00,1.38977,1.38979,1.38984,1.38975,112,1780598999.094,USDCAD
61,2026-06-04 18:50:00,1.38979,1.3898,1.38981,1.38977,82,1780599059.009,USDCAD
61,2026-06-04 18:51:00,1.3898,1.38988,1.38995,1.38976,111,1780599119.021,USDCAD
61,2026-06-04 18:52:00,1.38988,1.38989,1.3899,1.38982,97,1780599179.993,USDCAD
61,2026-06-04 18:53:00,1.3899,1.3899,1.38998,1.3899,124,1780599239.093,USDCAD
61,2026-06-04 18:54:00,1.3899,1.38996,1.39001,1.38983,126,1780599299.116,USDCAD
61,2026-06-04 18:55:00,1.38996,1.39004,1.39005,1.38993,109,1780599359.094,USDCAD
61,2026-06-04 18:56:00,1.39003,1.38987,1.39003,1.38986,106,1780599419.494,USDCAD
61,2026-06-04 18:57:00,1.38987,1.3899,1.38999,1.38986,133,1780599479.113,USDCAD
61,2026-06-04 18:58:00,1.3899,1.38987,1.38997,1.38986,105,1780599539.493,USDCAD
61,2026-06-04 18:59:00,1.38987,1.38994,1.38996,1.38986,112,1780599599.936,USDCAD
61,2026-06-04 19:00:00,1.38994,1.38981,1.38997,1.38981,128,1780599659.694,USDCAD
61,2026-06-04 19:01:00,1.38982,1.38979,1.38989,1.38979,109,1780599719.002,USDCAD
61,2026-06-04 19:02:00,1.38979,1.38982,1.38984,1.38977,107,1780599779.093,USDCAD
61,2026-06-04 19:03:00,1.38982,1.39,1.39003,1.38982,108,1780599839.941,USDCAD
61,2026-06-04 19:04:00,1.39,1.39003,1.39004,1.38999,101,1780599899.001,USDCAD
61,2026-06-04 19:05:00,1.39003,1.3901,1.3901,1.39002,119,1780599959.032,USDCAD
61,2026-06-04 19:06:00,1.39011,1.39013,1.39017,1.3901,117,1780600019.019,USDCAD
61,2026-06-04 19:07:00,1.39013,1.39027,1.3903,1.39013,99,1780600079.302,USDCAD
61,2026-06-04 19:08:00,1.39027,1.39029,1.39031,1.39025,90,1780600139.826,USDCAD
61,2026-06-04 19:09:00,1.39029,1.39027,1.3903,1.39025,94,1780600199.031,USDCAD
61,2026-06-04 19:10:00,1.39027,1.3903,1.39032,1.3902,112,1780600259.093,USDCAD
61,2026-06-04 19:11:00,1.3903,1.39036,1.39037,1.3903,95,1780600319.099,USDCAD
61,2026-06-04 19:12:00,1.39036,1.39033,1.39036,1.39025,86,1780600379.03,USDCAD
61,2026-06-04 19:13:00,1.39033,1.39033,1.39039,1.3903,105,1780600439.993,USDCAD
61,2026-06-04 19:14:00,1.39034,1.39032,1.39037,1.39031,69,1780600499.014,USDCAD
61,2026-06-04 19:15:00,1.39032,1.39027,1.39032,1.39025,74,1780600559.034,USDCAD
61,2026-06-04 19:16:00,1.39028,1.39028,1.39033,1.39028,94,1780600619.094,USDCAD
61,2026-06-04 19:17:00,1.39028,1.39026,1.39032,1.39025,96,1780600679.693,USDCAD
61,2026-06-04 19:18:00,1.39026,1.39018,1.39028,1.39014,136,1780600739.716,USDCAD
61,2026-06-04 19:19:00,1.39018,1.39024,1.39028,1.39018,140,1780600799.025,USDCAD
61,2026-06-04 19:20:00,1.39024,1.39026,1.39031,1.39021,94,1780600859.094,USDCAD
61,2026-06-04 19:21:00,1.39026,1.39026,1.39027,1.39017,100,1780600919.015,USDCAD
61,2026-06-04 19:22:00,1.39026,1.3902,1.39026,1.3902,100,1780600979.037,USDCAD
61,2026-06-04 19:23:00,1.3902,1.39031,1.39034,1.3902,87,1780601039.015,USDCAD
61,2026-06-04 19:24:00,1.39031,1.39028,1.39033,1.39028,72,1780601099.035,USDCAD
61,2026-06-04 19:25:00,1.39028,1.39027,1.39031,1.39021,89,1780601159.007,USDCAD
61,2026-06-04 19:26:00,1.39027,1.39028,1.39031,1.39025,98,1780601219.022,USDCAD
61,2026-06-04 19:27:00,1.39027,1.39027,1.3903,1.39024,79,1780601279.542,USDCAD
61,2026-06-04 19:28:00,1.39027,1.39026,1.39029,1.39025,81,1780601339.014,USDCAD
61,2026-06-04 19:29:00,1.39026,1.39034,1.39035,1.39026,99,1780601399.033,USDCAD
61,2026-06-04 19:30:00,1.39034,1.39021,1.39035,1.39019,118,1780601458.035,USDCAD
61,2026-06-04 19:31:00,1.39021,1.3902,1.39025,1.39018,87,1780601519.005,USDCAD
61,2026-06-04 19:32:00,1.3902,1.39024,1.39026,1.39019,84,1780601579.024,USDCAD
61,2026-06-04 19:33:00,1.39024,1.39024,1.39027,1.39015,123,1780601639.003,USDCAD
61,2026-06-04 19:34:00,1.39024,1.39013,1.39024,1.39011,105,1780601699.021,USDCAD
61,2026-06-04 19:35:00,1.39013,1.3903,1.39032,1.39013,115,1780601759.008,USDCAD
61,2026-06-04 19:36:00,1.3903,1.39021,1.3903,1.39021,83,1780601819.894,USDCAD
61,2026-06-04 19:37:00,1.39021,1.39026,1.39027,1.39021,98,1780601879.012,USDCAD
61,2026-06-04 19:38:00,1.39026,1.39027,1.39028,1.39024,87,1780601939.003,USDCAD
61,2026-06-04 19:39:00,1.39027,1.39019,1.39027,1.39016,84,1780601999.015,USDCAD
61,2026-06-04 19:40:00,1.39019,1.39024,1.39025,1.39019,94,1780602059.593,USDCAD
61,2026-06-04 19:41:00,1.39024,1.39025,1.39026,1.3902,85,1780602119.001,USDCAD
61,2026-06-04 19:42:00,1.39025,1.39025,1.39028,1.39024,89,1780602179.014,USDCAD
61,2026-06-04 19:43:00,1.39025,1.39038,1.39038,1.39025,79,1780602239.836,USDCAD
61,2026-06-04 19:44:00,1.39038,1.39034,1.39038,1.39034,84,1780602299.393,USDCAD
61,2026-06-04 19:45:00,1.39034,1.39038,1.39039,1.39034,80,1780602359.033,USDCAD
61,2026-06-04 19:46:00,1.39038,1.39032,1.39039,1.39026,92,1780602419.093,USDCAD
61,2026-06-04 19:47:00,1.39032,1.39038,1.39038,1.39031,63,1780602479.015,USDCAD
61,2026-06-04 19:48:00,1.39038,1.39043,1.39045,1.39036,78,1780602539.016,USDCAD
61,2026-06-04 19:49:00,1.39043,1.39043,1.39044,1.39036,86,1780602599.03,USDCAD
61,2026-06-04 19:50:00,1.39043,1.39033,1.39043,1.39033,97,1780602659.026,USDCAD
61,2026-06-04 19:51:00,1.39034,1.39037,1.39038,1.39033,92,1780602719.012,USDCAD
61,2026-06-04 19:52:00,1.39037,1.39038,1.39039,1.39034,88,1780602779.013,USDCAD
61,2026-06-04 19:53:00,1.39038,1.39028,1.39038,1.39024,102,1780602839.028,USDCAD
61,2026-06-04 19:54:00,1.39028,1.39026,1.39029,1.39024,112,1780602899.507,USDCAD
61,2026-06-04 19:55:00,1.39026,1.39039,1.39039,1.39024,184,1780602959.805,USDCAD
61,2026-06-04 19:56:00,1.39039,1.39042,1.39044,1.39035,113,1780603019.001,USDCAD
61,2026-06-04 19:57:00,1.39042,1.39051,1.39053,1.3904,105,1780603079.511,USDCAD
61,2026-06-04 19:58:00,1.39051,1.3904,1.39051,1.39038,113,1780603139.004,USDCAD
61,2026-06-04 19:59:00,1.3904,1.39038,1.39042,1.39037,86,1780603199.194,USDCAD
61,2026-06-04 20:00:00,1.39038,1.39051,1.39056,1.39038,113,1780603259.014,USDCAD
61,2026-06-04 20:01:00,1.39051,1.39057,1.3906,1.39051,115,1780603319.04,USDCAD
61,2026-06-04 20:02:00,1.39057,1.39055,1.39057,1.39051,81,1780603379.003,USDCAD
61,2026-06-04 20:03:00,1.39055,1.39056,1.39057,1.39054,72,1780603439.025,USDCAD
61,2026-06-04 20:04:00,1.39055,1.39053,1.39057,1.39053,80,1780603499.607,USDCAD
61,2026-06-04 20:05:00,1.39053,1.39066,1.39066,1.39053,86,1780603559.839,USDCAD
61,2026-06-04 20:06:00,1.39066,1.39067,1.39068,1.39065,73,1780603619.013,USDCAD
61,2026-06-04 20:07:00,1.39067,1.39072,1.39076,1.39067,88,1780603679.094,USDCAD
61,2026-06-04 20:08:00,1.39072,1.39078,1.39079,1.39068,84,1780603739.093,USDCAD
61,2026-06-04 20:09:00,1.39078,1.39089,1.39089,1.39078,85,1780603799.139,USDCAD
61,2026-06-04 20:10:00,1.39089,1.39091,1.39093,1.39087,72,1780603859.023,USDCAD
61,2026-06-04 20:11:00,1.39091,1.39097,1.39097,1.39091,73,1780603919.515,USDCAD
61,2026-06-04 20:12:00,1.39097,1.391,1.391,1.39095,84,1780603979.894,USDCAD
61,2026-06-04 20:13:00,1.391,1.39101,1.39103,1.3909,82,1780604039.037,USDCAD
61,2026-06-04 20:14:00,1.39101,1.39109,1.3911,1.391,70,1780604099.092,USDCAD
61,2026-06-04 20:15:00,1.39109,1.39109,1.39109,1.39109,5,1780604104.016,USDCAD
