symbol_id,timestamp,open,close,high,low,volume,last_tick,asset
61,2026-05-21 20:20:00,1.37787,1.37769,1.37788,1.37767,395,1779395099.006,USDCAD
61,2026-05-21 20:25:00,1.37769,1.37774,1.37779,1.37768,411,1779395399.993,USDCAD
61,2026-05-21 20:30:00,1.37774,1.37787,1.37787,1.37773,388,1779395699.892,USDCAD
61,2026-05-21 20:35:00,1.37787,1.37788,1.37791,1.37776,406,1779395998.092,USDCAD
61,2026-05-21 20:40:00,1.37787,1.37785,1.37792,1.37779,432,1779396299.032,USDCAD
61,2026-05-21 20:45:00,1.37785,1.37782,1.37791,1.37781,395,1779396599.629,USDCAD
61,2026-05-21 20:50:00,1.37782,1.37795,1.378,1.37776,414,1779396899.007,USDCAD
61,2026-05-21 20:55:00,1.37795,1.3777,1.37803,1.3777,499,1779397199.121,USDCAD
61,2026-05-21 21:00:00,1.3777,1.37784,1.37786,1.37736,317,1779397499.0,USDCAD
61,2026-05-21 21:05:00,1.37784,1.37784,1.37784,1.37784,300,1779397799.005,USDCAD
61,2026-05-21 21:10:00,1.37784,1.37784,1.37784,1.37784,282,1779398099.039,USDCAD
61,2026-05-21 21:15:00,1.37784,1.37786,1.37789,1.37784,282,1779398399.009,USDCAD
61,2026-05-21 21:20:00,1.37786,1.37787,1.37787,1.37784,299,1779398699.091,USDCAD
61,2026-05-21 21:25:00,1.37787,1.378,1.378,1.37787,301,1779398999.039,USDCAD
61,2026-05-21 21:30:00,1.378,1.37787,1.378,1.37786,280,1779399299.018,USDCAD
61,2026-05-21 21:35:00,1.37787,1.37793,1.37793,1.37777,323,1779399599.033,USDCAD
61,2026-05-21 21:40:00,1.37793,1.3779,1.37798,1.37777,325,1779399899.016,USDCAD
61,2026-05-21 21:45:00,1.3779,1.3778,1.37798,1.37773,307,1779400199.008,USDCAD
61,2026-05-21 21:50:00,1.3778,1.3777,1.3778,1.37767,290,1779400498.091,USDCAD
61,2026-05-21 21:55:00,1.3777,1.37779,1.37784,1.37762,330,1779400799.092,USDCAD
61,2026-05-21 22:00:00,1.37779,1.37757,1.37779,1.37747,335,1779401099.091,USDCAD
61,2026-05-21 22:05:00,1.37757,1.37766,1.37777,1.37757,324,1779401399.034,USDCAD
61,2026-05-21 22:10:00,1.37766,1.37777,1.37782,1.37765,343,1779401699.001,USDCAD
61,2026-05-21 22:15:00,1.37777,1.37766,1.37777,1.37765,311,1779401999.039,USDCAD
61,2026-05-21 22:20:00,1.37766,1.37765,1.37766,1.37763,295,1779402299.01,USDCAD
61,2026-05-21 22:25:00,1.37765,1.37766,1.37767,1.37765,319,1779402599.009,USDCAD
61,2026-05-21 22:30:00,1.37766,1.37757,1.37766,1.37755,340,1779402899.005,USDCAD
61,2026-05-21 22:35:00,1.37757,1.37758,1.37759,1.37756,295,1779403199.092,USDCAD
61,2026-05-21 22:40:00,1.37758,1.37749,1.37758,1.37745,356,1779403499.028,USDCAD
61,2026-05-21 22:45:00,1.37749,1.37755,1.3777,1.37743,351,1779403799.001,USDCAD
61,2026-05-21 22:50:00,1.37755,1.3776,1.3776,1.37752,307,1779404099.693,USDCAD
61,2026-05-21 22:55:00,1.3776,1.37758,1.37769,1.37756,328,1779404399.032,USDCAD
61,2026-05-21 23:00:00,1.37758,1.37758,1.37763,1.37748,357,1779404699.04,USDCAD
61,2026-05-21 23:05:00,1.37758,1.37767,1.37767,1.37756,312,1779404999.003,USDCAD
61,2026-05-21 23:10:00,1.37767,1.37766,1.37776,1.37765,349,1779405299.015,USDCAD
61,2026-05-21 23:15:00,1.37766,1.37772,1.37772,1.37765,335,1779405599.032,USDCAD
61,2026-05-21 23:20:00,1.37772,1.37776,1.37778,1.37772,294,1779405899.032,USDCAD
61,2026-05-21 23:25:00,1.37776,1.37766,1.37776,1.37766,330,1779406199.042,USDCAD
61,2026-05-21 23:30:00,1.37766,1.37765,1.3777,1.37761,356,1779406499.021,USDCAD
61,2026-05-21 23:35:00,1.37765,1.37772,1.37776,1.37765,298,1779406799.036,USDCAD
61,2026-05-21 23:40:00,1.37772,1.37777,1.3778,1.37772,317,1779407099.002,USDCAD
61,2026-05-21 23:45:00,1.37777,1.37767,1.37779,1.37765,417,1779407399.031,USDCAD
61,2026-05-21 23:50:00,1.37767,1.37776,1.37777,1.37762,384,1779407698.046,USDCAD
61,2026-05-21 23:55:00,1.37776,1.37765,1.37778,1.37765,362,1779407999.011,USDCAD
61,2026-05-22 00:00:00,1.37765,1.37833,1.37833,1.37764,659,1779408299.03,USDCAD
61,2026-05-22 00:05:00,1.37833,1.3784,1.3784,1.37818,467,1779408599.001,USDCAD
61,2026-05-22 00:10:00,1.3784,1.37861,1.37881,1.3784,492,1779408899.041,USDCAD
61,2026-05-22 00:15:00,1.37861,1.37866,1.37874,1.37852,524,1779409199.893,USDCAD
61,2026-05-22 00:20:00,1.37866,1.37861,1.37867,1.37852,506,1779409499.008,USDCAD
61,2026-05-22 00:25:00,1.37861,1.37846,1.37862,1.37843,422,1779409799.0,USDCAD
61,2026-05-22 00:30:00,1.37846,1.37858,1.37864,1.37841,482,1779410099.036,USDCAD
61,2026-05-22 00:35:00,1.37858,1.37855,1.37865,1.37851,486,1779410399.007,USDCAD
61,2026-05-22 00:40:00,1.37855,1.37847,1.37857,1.37841,449,1779410699.021,USDCAD
61,2026-05-22 00:45:00,1.37847,1.37849,1.37853,1.37835,481,1779410999.037,USDCAD
61,2026-05-22 00:50:00,1.3785,1.37846,1.37852,1.37842,510,1779411299.493,USDCAD
61,2026-05-22 00:55:00,1.37846,1.37837,1.37856,1.37831,479,1779411599.091,USDCAD
61,2026-05-22 01:00:00,1.37837,1.37858,1.3786,1.37833,510,1779411899.014,USDCAD
61,2026-05-22 01:05:00,1.37858,1.37889,1.37891,1.37858,487,1779412199.542,USDCAD
61,2026-05-22 01:10:00,1.37889,1.3786,1.37889,1.37858,447,1779412499.038,USDCAD
61,2026-05-22 01:15:00,1.3786,1.37858,1.37872,1.37853,543,1779412799.011,USDCAD
61,2026-05-22 01:20:00,1.37858,1.37872,1.37873,1.37847,431,1779413099.008,USDCAD
61,2026-05-22 01:25:00,1.37872,1.37853,1.37874,1.37851,482,1779413399.026,USDCAD
61,2026-05-22 01:30:00,1.37853,1.37846,1.3786,1.37839,561,1779413699.027,USDCAD
61,2026-05-22 01:35:00,1.37846,1.37853,1.37858,1.37844,508,1779413999.734,USDCAD
61,2026-05-22 01:40:00,1.37853,1.37853,1.3786,1.3784,481,1779414299.735,USDCAD
61,2026-05-22 01:45:00,1.37854,1.37847,1.37855,1.3784,471,1779414599.094,USDCAD
61,2026-05-22 01:50:00,1.37847,1.37861,1.37862,1.37837,571,1779414899.092,USDCAD
61,2026-05-22 01:55:00,1.37861,1.37892,1.37895,1.37861,458,1779415199.61,USDCAD
61,2026-05-22 02:00:00,1.37892,1.37882,1.37895,1.37878,543,1779415499.002,USDCAD
61,2026-05-22 02:05:00,1.37882,1.37889,1.37892,1.37881,500,1779415799.691,USDCAD
61,2026-05-22 02:10:00,1.37889,1.37896,1.379,1.37885,488,1779416099.093,USDCAD
61,2026-05-22 02:15:00,1.37896,1.37891,1.37899,1.37882,455,1779416399.043,USDCAD
61,2026-05-22 02:20:00,1.37891,1.37887,1.37902,1.37878,450,1779416699.093,USDCAD
61,2026-05-22 02:25:00,1.37887,1.37879,1.37889,1.37876,443,1779416999.033,USDCAD
61,2026-05-22 02:30:00,1.37879,1.37873,1.37882,1.37872,585,1779417299.291,USDCAD
61,2026-05-22 02:35:00,1.37873,1.37866,1.37875,1.37859,408,1779417599.092,USDCAD
61,2026-05-22 02:40:00,1.37866,1.37876,1.37879,1.37864,492,1779417899.031,USDCAD
61,2026-05-22 02:45:00,1.37876,1.37872,1.37886,1.37871,467,1779418199.806,USDCAD
61,2026-05-22 02:50:00,1.37872,1.37894,1.37894,1.37867,472,1779418499.93,USDCAD
61,2026-05-22 02:55:00,1.37894,1.37886,1.37902,1.37883,493,1779418799.003,USDCAD
61,2026-05-22 03:00:00,1.37886,1.37891,1.37892,1.37881,485,1779419099.093,USDCAD
61,2026-05-22 03:05:00,1.37891,1.37907,1.37908,1.37889,422,1779419399.839,USDCAD
61,2026-05-22 03:10:00,1.37907,1.37913,1.37919,1.37903,418,1779419699.092,USDCAD
61,2026-05-22 03:15:00,1.37913,1.37906,1.37926,1.37901,515,1779419999.091,USDCAD
61,2026-05-22 03:20:00,1.37906,1.37899,1.37908,1.37894,460,1779420298.293,USDCAD
61,2026-05-22 03:25:00,1.37899,1.37894,1.37901,1.37892,444,1779420599.924,USDCAD
61,2026-05-22 03:30:00,1.37894,1.37895,1.37901,1.37887,459,1779420899.026,USDCAD
61,2026-05-22 03:35:00,1.37895,1.37892,1.37902,1.37888,424,1779421199.02,USDCAD
61,2026-05-22 03:40:00,1.37892,1.37898,1.37901,1.37889,421,1779421499.0,USDCAD
61,2026-05-22 03:45:00,1.37898,1.37901,1.37902,1.37895,357,1779421799.091,USDCAD
61,2026-05-22 03:50:00,1.37901,1.37908,1.37913,1.37901,389,1779422099.015,USDCAD
61,2026-05-22 03:55:00,1.37908,1.37918,1.3792,1.37906,422,1779422399.017,USDCAD
61,2026-05-22 04:00:00,1.37918,1.37917,1.37928,1.37913,371,1779422699.092,USDCAD
61,2026-05-22 04:05:00,1.37917,1.37906,1.3792,1.37901,403,1779422999.029,USDCAD
61,2026-05-22 04:10:00,1.37906,1.37897,1.37909,1.37896,364,1779423299.094,USDCAD
61,2026-05-22 04:15:00,1.37897,1.37886,1.37901,1.37883,399,1779423599.008,USDCAD
61,2026-05-22 04:20:00,1.37886,1.37879,1.37889,1.37878,373,1779423899.039,USDCAD
61,2026-05-22 04:25:00,1.37879,1.37884,1.37888,1.37878,366,1779424199.091,USDCAD
61,2026-05-22 04:30:00,1.37884,1.37893,1.37894,1.37881,400,1779424499.894,USDCAD
61,2026-05-22 04:35:00,1.37894,1.37901,1.37904,1.37892,384,1779424799.005,USDCAD
61,2026-05-22 04:40:00,1.37901,1.37905,1.37915,1.37899,440,1779425099.026,USDCAD
61,2026-05-22 04:45:00,1.37905,1.37898,1.37908,1.37896,392,1779425399.601,USDCAD
61,2026-05-22 04:50:00,1.37898,1.37895,1.37899,1.37892,438,1779425699.017,USDCAD
61,2026-05-22 04:55:00,1.37895,1.37892,1.37899,1.37885,380,1779425999.037,USDCAD
61,2026-05-22 05:00:00,1.37892,1.37895,1.37899,1.37887,427,1779426299.091,USDCAD
61,2026-05-22 05:05:00,1.37895,1.37888,1.37895,1.37879,421,1779426599.018,USDCAD
61,2026-05-22 05:10:00,1.37888,1.37889,1.37891,1.37882,391,1779426899.022,USDCAD
61,2026-05-22 05:15:00,1.37889,1.37892,1.37894,1.37886,407,1779427199.018,USDCAD
61,2026-05-22 05:20:00,1.37892,1.379,1.37901,1.37891,420,1779427499.034,USDCAD
61,2026-05-22 05:25:00,1.379,1.37898,1.379,1.37892,509,1779427799.692,USDCAD
61,2026-05-22 05:30:00,1.37898,1.37899,1.37901,1.37888,427,1779428099.043,USDCAD
61,2026-05-22 05:35:00,1.37899,1.37908,1.37909,1.37896,395,1779428399.008,USDCAD
61,2026-05-22 05:40:00,1.37908,1.37916,1.37921,1.37906,489,1779428699.092,USDCAD
61,2026-05-22 05:45:00,1.37916,1.37916,1.3792,1.37909,529,1779428999.026,USDCAD
61,2026-05-22 05:50:00,1.37916,1.37865,1.37921,1.3784,503,1779429299.011,USDCAD
61,2026-05-22 05:55:00,1.37865,1.37932,1.37936,1.37865,558,1779429599.195,USDCAD
61,2026-05-22 06:00:00,1.37932,1.37919,1.37938,1.37904,556,1779429899.034,USDCAD
61,2026-05-22 06:05:00,1.37919,1.37933,1.37935,1.37912,551,1779430199.015,USDCAD
61,2026-05-22 06:10:00,1.37933,1.37937,1.37937,1.37922,429,1779430499.8,USDCAD
61,2026-05-22 06:15:00,1.37937,1.37943,1.37951,1.37937,553,1779430799.015,USDCAD
61,2026-05-22 06:20:00,1.37943,1.37939,1.37946,1.37934,529,1779431099.028,USDCAD
61,2026-05-22 06:25:00,1.37939,1.37915,1.37944,1.37915,580,1779431399.016,USDCAD
61,2026-05-22 06:30:00,1.37915,1.37916,1.37928,1.37912,525,1779431699.792,USDCAD
61,2026-05-22 06:35:00,1.37916,1.37946,1.37946,1.37913,471,1779431999.705,USDCAD
61,2026-05-22 06:40:00,1.37946,1.37934,1.37953,1.37933,441,1779432299.694,USDCAD
61,2026-05-22 06:45:00,1.37934,1.3794,1.37946,1.37925,488,1779432599.02,USDCAD
61,2026-05-22 06:50:00,1.37939,1.37924,1.37939,1.37917,471,1779432899.092,USDCAD
61,2026-05-22 06:55:00,1.37924,1.37901,1.37924,1.37899,579,1779433199.001,USDCAD
61,2026-05-22 07:00:00,1.37901,1.37927,1.37952,1.37901,577,1779433499.041,USDCAD
61,2026-05-22 07:05:00,1.37927,1.37941,1.37953,1.37926,564,1779433799.005,USDCAD
61,2026-05-22 07:10:00,1.37941,1.37944,1.37955,1.37941,502,1779434099.094,USDCAD
61,2026-05-22 07:15:00,1.37943,1.37946,1.37947,1.37928,491,1779434399.716,USDCAD
61,2026-05-22 07:20:00,1.37946,1.37928,1.37946,1.37917,462,1779434699.907,USDCAD
61,2026-05-22 07:25:00,1.37928,1.37921,1.37953,1.37918,539,1779434999.023,USDCAD
61,2026-05-22 07:30:00,1.37921,1.37936,1.37948,1.37921,551,1779435299.022,USDCAD
61,2026-05-22 07:35:00,1.37936,1.37928,1.3794,1.37921,500,1779435599.005,USDCAD
61,2026-05-22 07:40:00,1.37928,1.37917,1.37929,1.37913,478,1779435899.395,USDCAD
61,2026-05-22 07:45:00,1.37917,1.37911,1.37926,1.37906,454,1779436199.008,USDCAD
61,2026-05-22 07:50:00,1.37911,1.37917,1.37921,1.37904,448,1779436499.093,USDCAD
61,2026-05-22 07:55:00,1.37918,1.37906,1.3792,1.37894,436,1779436799.593,USDCAD
61,2026-05-22 08:00:00,1.37906,1.37908,1.37911,1.37895,560,1779437099.394,USDCAD
61,2026-05-22 08:05:00,1.37908,1.37915,1.37915,1.37896,521,1779437398.027,USDCAD
61,2026-05-22 08:10:00,1.37915,1.37908,1.37916,1.37898,479,1779437699.028,USDCAD
61,2026-05-22 08:15:00,1.37908,1.3786,1.37908,1.37859,590,1779437999.919,USDCAD
61,2026-05-22 08:20:00,1.3786,1.37868,1.37878,1.37843,598,1779438299.03,USDCAD
61,2026-05-22 08:25:00,1.37868,1.3786,1.37873,1.37838,485,1779438599.995,USDCAD
61,2026-05-22 08:30:00,1.37858,1.37879,1.37884,1.37838,569,1779438899.114,USDCAD
61,2026-05-22 08:35:00,1.37879,1.37866,1.37902,1.37862,802,1779439199.025,USDCAD
61,2026-05-22 08:40:00,1.37866,1.37868,1.37879,1.37853,516,1779439499.007,USDCAD
61,2026-05-22 08:45:00,1.37868,1.37847,1.3787,1.37847,476,1779439799.002,USDCAD
61,2026-05-22 08:50:00,1.37847,1.37849,1.37859,1.37847,493,1779440099.009,USDCAD
61,2026-05-22 08:55:00,1.37849,1.37848,1.37857,1.37839,465,1779440399.034,USDCAD
61,2026-05-22 09:00:00,1.37848,1.37865,1.37874,1.37841,565,1779440699.013,USDCAD
61,2026-05-22 09:05:00,1.37865,1.37887,1.37899,1.37864,571,1779440999.794,USDCAD
61,2026-05-22 09:10:00,1.37887,1.37904,1.37906,1.37878,453,1779441299.092,USDCAD
61,2026-05-22 09:15:00,1.37904,1.37926,1.37939,1.37904,526,1779441599.042,USDCAD
61,2026-05-22 09:20:00,1.37926,1.37924,1.37929,1.37916,442,1779441899.023,USDCAD
61,2026-05-22 09:25:00,1.37924,1.37911,1.37928,1.37907,523,1779442199.039,USDCAD
61,2026-05-22 09:30:00,1.37911,1.37923,1.3793,1.3791,538,1779442499.018,USDCAD
61,2026-05-22 09:35:00,1.37923,1.3791,1.37935,1.37908,437,1779442799.094,USDCAD
61,2026-05-22 09:40:00,1.37909,1.37936,1.37937,1.37909,465,1779443099.034,USDCAD
61,2026-05-22 09:45:00,1.37936,1.37918,1.37936,1.37915,433,1779443399.004,USDCAD
61,2026-05-22 09:50:00,1.37918,1.37927,1.37929,1.37904,487,1779443699.014,USDCAD
61,2026-05-22 09:55:00,1.37927,1.37917,1.37929,1.37914,491,1779443999.094,USDCAD
61,2026-05-22 10:00:00,1.37917,1.37928,1.37929,1.37908,472,1779444299.01,USDCAD
61,2026-05-22 10:05:00,1.37928,1.37926,1.37928,1.37913,432,1779444599.042,USDCAD
61,2026-05-22 10:10:00,1.37926,1.37919,1.37931,1.37918,451,1779444899.021,USDCAD
61,2026-05-22 10:15:00,1.37919,1.37935,1.37937,1.37919,431,1779445199.093,USDCAD
61,2026-05-22 10:20:00,1.37935,1.37949,1.37959,1.37934,405,1779445499.493,USDCAD
61,2026-05-22 10:25:00,1.37949,1.37965,1.37965,1.37948,427,1779445799.793,USDCAD
61,2026-05-22 10:30:00,1.37965,1.37983,1.37986,1.37954,477,1779446099.735,USDCAD
61,2026-05-22 10:35:00,1.37983,1.37984,1.37989,1.37975,497,1779446399.008,USDCAD
61,2026-05-22 10:40:00,1.37984,1.37983,1.37988,1.37979,411,1779446699.004,USDCAD
61,2026-05-22 10:45:00,1.37983,1.37983,1.3799,1.37979,411,1779446999.019,USDCAD
61,2026-05-22 10:50:00,1.37983,1.37982,1.37985,1.37975,393,1779447299.013,USDCAD
61,2026-05-22 10:55:00,1.37982,1.37977,1.37984,1.37972,417,1779447599.094,USDCAD
61,2026-05-22 11:00:00,1.37977,1.37994,1.37999,1.37977,474,1779447899.894,USDCAD
61,2026-05-22 11:05:00,1.37994,1.37995,1.38001,1.37989,488,1779448199.094,USDCAD
61,2026-05-22 11:10:00,1.37995,1.37992,1.38,1.3799,369,1779448499.001,USDCAD
61,2026-05-22 11:15:00,1.37992,1.37973,1.37994,1.37973,408,1779448799.034,USDCAD
61,2026-05-22 11:20:00,1.37973,1.37967,1.37976,1.37963,426,1779449099.018,USDCAD
61,2026-05-22 11:25:00,1.37967,1.37966,1.37973,1.37959,504,1779449399.011,USDCAD
61,2026-05-22 11:30:00,1.37966,1.37992,1.37996,1.37966,454,1779449699.011,USDCAD
61,2026-05-22 11:35:00,1.37992,1.37993,1.37994,1.37979,430,1779449999.026,USDCAD
61,2026-05-22 11:40:00,1.37993,1.37993,1.38006,1.37981,465,1779450299.433,USDCAD
61,2026-05-22 11:45:00,1.37993,1.37962,1.38008,1.37956,664,1779450599.095,USDCAD
61,2026-05-22 11:50:00,1.37962,1.38004,1.38004,1.37953,466,1779450899.023,USDCAD
61,2026-05-22 11:55:00,1.38004,1.3801,1.38021,1.37996,520,1779451199.026,USDCAD
61,2026-05-22 12:00:00,1.3801,1.3802,1.38022,1.37991,594,1779451499.823,USDCAD
61,2026-05-22 12:05:00,1.3802,1.38008,1.38027,1.38002,531,1779451799.033,USDCAD
61,2026-05-22 12:10:00,1.38008,1.37995,1.38014,1.3797,933,1779452099.993,USDCAD
61,2026-05-22 12:15:00,1.37995,1.38007,1.38019,1.37993,716,1779452399.043,USDCAD
61,2026-05-22 12:20:00,1.38007,1.38047,1.38059,1.38007,641,1779452699.036,USDCAD
61,2026-05-22 12:25:00,1.38047,1.3807,1.38071,1.38032,585,1779452999.994,USDCAD
61,2026-05-22 12:30:00,1.3807,1.38015,1.3807,1.38014,591,1779453299.815,USDCAD
61,2026-05-22 12:35:00,1.38015,1.38012,1.38032,1.38003,569,1779453599.895,USDCAD
61,2026-05-22 12:40:00,1.38012,1.38034,1.38034,1.37995,641,1779453899.339,USDCAD
61,2026-05-22 12:45:00,1.38034,1.3806,1.38061,1.38009,698,1779454199.014,USDCAD
61,2026-05-22 12:50:00,1.3806,1.38046,1.38068,1.38043,473,1779454499.592,USDCAD
61,2026-05-22 12:55:00,1.38046,1.38037,1.38061,1.38033,584,1779454799.909,USDCAD
61,2026-05-22 13:00:00,1.38038,1.37999,1.38045,1.37986,710,1779455099.994,USDCAD
61,2026-05-22 13:05:00,1.37999,1.37951,1.37999,1.37938,726,1779455399.733,USDCAD
61,2026-05-22 13:10:00,1.37947,1.37943,1.37966,1.37912,883,1779455699.095,USDCAD
61,2026-05-22 13:15:00,1.37943,1.37973,1.37977,1.37943,702,1779455999.805,USDCAD
61,2026-05-22 13:20:00,1.37973,1.37983,1.37996,1.37973,592,1779456299.593,USDCAD
61,2026-05-22 13:25:00,1.37983,1.37999,1.38,1.37982,577,1779456599.633,USDCAD
61,2026-05-22 13:30:00,1.37999,1.38001,1.38026,1.37985,880,1779456899.9,USDCAD
61,2026-05-22 13:35:00,1.38001,1.38043,1.3805,1.37997,675,1779457199.035,USDCAD
61,2026-05-22 13:40:00,1.38043,1.38008,1.38045,1.38003,811,1779457499.017,USDCAD
61,2026-05-22 13:45:00,1.38008,1.38013,1.38021,1.37996,605,1779457799.019,USDCAD
61,2026-05-22 13:50:00,1.38013,1.37993,1.38016,1.37983,719,1779458099.043,USDCAD
61,2026-05-22 13:55:00,1.37993,1.3798,1.37999,1.37976,519,1779458399.695,USDCAD
61,2026-05-22 14:00:00,1.3798,1.38058,1.38072,1.3798,790,1779458699.021,USDCAD
61,2026-05-22 14:05:00,1.38058,1.38037,1.38072,1.38035,863,1779458999.031,USDCAD
61,2026-05-22 14:10:00,1.38037,1.3808,1.38085,1.38027,785,1779459299.794,USDCAD
61,2026-05-22 14:15:00,1.3808,1.38106,1.38128,1.38078,816,1779459599.503,USDCAD
61,2026-05-22 14:20:00,1.38106,1.38122,1.38132,1.38096,701,1779459899.134,USDCAD
61,2026-05-22 14:25:00,1.38122,1.38112,1.38127,1.38106,711,1779460199.516,USDCAD
61,2026-05-22 14:30:00,1.38112,1.38135,1.38136,1.38108,636,1779460499.094,USDCAD
61,2026-05-22 14:35:00,1.38135,1.38156,1.38165,1.38118,618,1779460799.693,USDCAD
61,2026-05-22 14:40:00,1.38156,1.38143,1.38158,1.38133,594,1779461099.797,USDCAD
61,2026-05-22 14:45:00,1.38143,1.38166,1.38166,1.38128,634,1779461399.993,USDCAD
61,2026-05-22 14:50:00,1.38166,1.38179,1.38199,1.38165,969,1779461699.998,USDCAD
61,2026-05-22 14:55:00,1.38179,1.38193,1.38196,1.38149,1126,1779461999.631,USDCAD
61,2026-05-22 15:00:00,1.38193,1.38174,1.38212,1.38171,805,1779462299.894,USDCAD
61,2026-05-22 15:05:00,1.38174,1.38169,1.38179,1.3815,718,1779462599.914,USDCAD
61,2026-05-22 15:10:00,1.38169,1.38166,1.38184,1.38161,536,1779462899.094,USDCAD
61,2026-05-22 15:15:00,1.38166,1.38165,1.38174,1.38153,507,1779463199.495,USDCAD
61,2026-05-22 15:20:00,1.38165,1.38176,1.38186,1.38163,523,1779463499.093,USDCAD
61,2026-05-22 15:25:00,1.38176,1.38176,1.38177,1.38154,590,1779463799.0,USDCAD
61,2026-05-22 15:30:00,1.38176,1.3816,1.38178,1.38144,731,1779464099.093,USDCAD
61,2026-05-22 15:35:00,1.3816,1.38187,1.38191,1.38153,642,1779464399.392,USDCAD
61,2026-05-22 15:40:00,1.38187,1.38195,1.38204,1.38184,588,1779464699.017,USDCAD
61,2026-05-22 15:45:00,1.38195,1.38202,1.38224,1.38182,593,1779464999.003,USDCAD
61,2026-05-22 15:50:00,1.38202,1.38184,1.38204,1.38171,553,1779465298.095,USDCAD
61,2026-05-22 15:55:00,1.38184,1.38184,1.38196,1.38182,635,1779465599.509,USDCAD
61,2026-05-22 16:00:00,1.38184,1.38223,1.38225,1.38184,752,1779465899.001,USDCAD
61,2026-05-22 16:05:00,1.38223,1.38201,1.38224,1.382,590,1779466199.393,USDCAD
61,2026-05-22 16:10:00,1.38201,1.38152,1.38203,1.38144,499,1779466499.993,USDCAD
61,2026-05-22 16:15:00,1.38152,1.38136,1.38156,1.38133,579,1779466799.33,USDCAD
61,2026-05-22 16:20:00,1.38136,1.3815,1.38156,1.38115,586,1779467099.041,USDCAD
61,2026-05-22 16:25:00,1.3815,1.38145,1.38153,1.38134,539,1779467399.605,USDCAD
61,2026-05-22 16:30:00,1.38145,1.38137,1.38149,1.38127,526,1779467699.094,USDCAD
61,2026-05-22 16:35:00,1.38137,1.38129,1.38145,1.38127,549,1779467999.015,USDCAD
61,2026-05-22 16:40:00,1.38129,1.38128,1.38132,1.38116,545,1779468299.026,USDCAD
61,2026-05-22 16:45:00,1.38128,1.38103,1.38128,1.38097,570,1779468599.392,USDCAD
61,2026-05-22 16:50:00,1.38103,1.38098,1.38118,1.38091,544,1779468899.01,USDCAD
61,2026-05-22 16:55:00,1.38098,1.38083,1.38103,1.38082,532,1779469199.043,USDCAD
61,2026-05-22 17:00:00,1.38083,1.38079,1.38086,1.38068,572,1779469499.036,USDCAD
61,2026-05-22 17:05:00,1.38079,1.38092,1.38102,1.38071,486,1779469798.642,USDCAD
61,2026-05-22 17:10:00,1.38092,1.38091,1.38098,1.38087,473,1779470099.023,USDCAD
61,2026-05-22 17:15:00,1.38091,1.38077,1.38098,1.38068,501,1779470399.894,USDCAD
61,2026-05-22 17:20:00,1.38077,1.38069,1.38093,1.38069,693,1779470699.994,USDCAD
61,2026-05-22 17:25:00,1.38069,1.38079,1.38104,1.38054,900,1779470999.894,USDCAD
61,2026-05-22 17:30:00,1.38079,1.3812,1.38122,1.38065,773,1779471299.038,USDCAD
61,2026-05-22 17:35:00,1.3812,1.38112,1.38127,1.38095,477,1779471599.01,USDCAD
61,2026-05-22 17:40:00,1.38112,1.3813,1.38133,1.38109,446,1779471899.095,USDCAD
61,2026-05-22 17:45:00,1.3813,1.38123,1.38142,1.38122,424,1779472199.093,USDCAD
61,2026-05-22 17:50:00,1.38123,1.38119,1.38126,1.38109,508,1779472499.593,USDCAD
61,2026-05-22 17:55:00,1.38119,1.38109,1.38122,1.38102,459,1779472799.017,USDCAD
61,2026-05-22 18:00:00,1.38109,1.38081,1.3813,1.38077,591,1779473099.01,USDCAD
61,2026-05-22 18:05:00,1.38081,1.38077,1.38082,1.38067,529,1779473399.035,USDCAD
61,2026-05-22 18:10:00,1.38076,1.38062,1.38086,1.38057,513,1779473699.093,USDCAD
61,2026-05-22 18:15:00,1.38062,1.3809,1.3809,1.3806,456,1779473999.014,USDCAD
61,2026-05-22 18:20:00,1.3809,1.38078,1.38093,1.38074,439,1779474299.099,USDCAD
61,2026-05-22 18:25:00,1.38078,1.38074,1.3809,1.38068,482,1779474599.419,USDCAD
61,2026-05-22 18:30:00,1.38074,1.38068,1.38078,1.38068,442,1779474899.093,USDCAD
61,2026-05-22 18:35:00,1.3807,1.38063,1.38071,1.38044,502,1779475199.033,USDCAD
61,2026-05-22 18:40:00,1.38063,1.38072,1.38073,1.38062,464,1779475499.042,USDCAD
61,2026-05-22 18:45:00,1.38072,1.38071,1.38078,1.3806,488,1779475799.031,USDCAD
61,2026-05-22 18:50:00,1.38071,1.38064,1.38072,1.38061,408,1779476099.094,USDCAD
61,2026-05-22 18:55:00,1.38064,1.38091,1.38091,1.38057,531,1779476399.643,USDCAD
61,2026-05-22 19:00:00,1.3809,1.38118,1.38118,1.38079,624,1779476699.019,USDCAD
61,2026-05-22 19:05:00,1.38118,1.38098,1.38118,1.38096,544,1779476999.094,USDCAD
61,2026-05-22 19:10:00,1.38098,1.38098,1.38105,1.38087,431,1779477299.021,USDCAD
61,2026-05-22 19:15:00,1.38098,1.3809,1.38103,1.38088,460,1779477599.193,USDCAD
61,2026-05-22 19:20:00,1.3809,1.3807,1.38098,1.38068,436,1779477898.093,USDCAD
61,2026-05-22 19:25:00,1.3807,1.3807,1.38074,1.38058,391,1779478199.016,USDCAD
61,2026-05-22 19:30:00,1.3807,1.38071,1.38078,1.38066,498,1779478499.002,USDCAD
61,2026-05-22 19:35:00,1.38071,1.38098,1.38098,1.38068,526,1779478799.904,USDCAD
61,2026-05-22 19:40:00,1.38098,1.38105,1.38106,1.38085,492,1779479099.893,USDCAD
61,2026-05-22 19:45:00,1.38105,1.38116,1.38128,1.38105,548,1779479399.018,USDCAD
61,2026-05-22 19:50:00,1.38116,1.38115,1.38129,1.38111,545,1779479699.029,USDCAD
61,2026-05-22 19:55:00,1.38115,1.38146,1.38148,1.38108,560,1779479999.604,USDCAD
61,2026-05-22 20:00:00,1.38146,1.38129,1.38151,1.38126,500,1779480299.032,USDCAD
61,2026-05-22 20:05:00,1.38129,1.38126,1.38132,1.38117,526,1779480599.793,USDCAD
61,2026-05-22 20:10:00,1.38126,1.38136,1.38137,1.38119,411,1779480899.435,USDCAD
61,2026-05-22 20:15:00,1.38136,1.38137,1.38147,1.38133,423,1779481199.095,USDCAD
61,2026-05-22 20:20:00,1.38137,1.38142,1.38145,1.38125,343,1779481499.024,USDCAD
61,2026-05-22 20:25:00,1.38142,1.38151,1.38155,1.38141,470,1779481799.093,USDCAD
61,2026-05-22 20:30:00,1.38151,1.38181,1.38182,1.3815,661,1779482099.01,USDCAD
61,2026-05-22 20:35:00,1.38181,1.38169,1.38182,1.38167,454,1779482399.093,USDCAD
61,2026-05-22 20:40:00,1.38169,1.38175,1.38178,1.38167,359,1779482699.016,USDCAD
61,2026-05-22 20:45:00,1.38175,1.38197,1.38203,1.38159,410,1779482999.004,USDCAD
61,2026-05-22 20:50:00,1.38197,1.38218,1.38245,1.38194,457,1779483299.493,USDCAD
61,2026-05-22 20:55:00,1.38218,1.38176,1.38226,1.38176,698,1779483599.692,USDCAD
61,2026-05-22 21:00:00,1.38176,1.38176,1.38176,1.38176,0,1779483600.0,USDCAD
61,2026-05-22 21:05:00,1.38176,1.38176,1.38176,1.38176,0,1779483900.0,USDCAD
61,2026-05-22 21:10:00,1.38176,1.38176,1.38176,1.38176,0,1779484200.0,USDCAD
61,2026-05-22 21:15:00,1.38176,1.38176,1.38176,1.38176,0,1779484500.0,USDCAD
61,2026-05-22 21:20:00,1.38176,1.38176,1.38176,1.38176,0,1779484800.0,USDCAD
61,2026-05-22 21:25:00,1.38176,1.38176,1.38176,1.38176,0,1779485100.0,USDCAD
61,2026-05-22 21:30:00,1.38176,1.38176,1.38176,1.38176,0,1779485400.0,USDCAD
61,2026-05-22 21:35:00,1.38176,1.38176,1.38176,1.38176,0,1779485700.0,USDCAD
61,2026-05-22 21:40:00,1.38176,1.38176,1.38176,1.38176,0,1779486000.0,USDCAD
61,2026-05-22 21:45:00,1.38176,1.38176,1.38176,1.38176,0,1779486300.0,USDCAD
61,2026-05-22 21:50:00,1.38176,1.38176,1.38176,1.38176,0,1779486600.0,USDCAD
61,2026-05-22 21:55:00,1.38176,1.38176,1.38176,1.38176,0,1779486900.0,USDCAD
61,2026-05-22 22:00:00,1.38176,1.38176,1.38176,1.38176,0,1779487200.0,USDCAD
61,2026-05-22 22:05:00,1.38176,1.38176,1.38176,1.38176,0,1779487500.0,USDCAD
61,2026-05-22 22:10:00,1.38176,1.38176,1.38176,1.38176,0,1779487800.0,USDCAD
61,2026-05-22 22:15:00,1.38176,1.38176,1.38176,1.38176,0,1779488100.0,USDCAD
61,2026-05-22 22:20:00,1.38176,1.38176,1.38176,1.38176,0,1779488400.0,USDCAD
61,2026-05-22 22:25:00,1.38176,1.38176,1.38176,1.38176,0,1779488700.0,USDCAD
61,2026-05-22 22:30:00,1.38176,1.38176,1.38176,1.38176,0,1779489000.0,USDCAD
61,2026-05-22 22:35:00,1.38176,1.38176,1.38176,1.38176,0,1779489300.0,USDCAD
61,2026-05-22 22:40:00,1.38176,1.38176,1.38176,1.38176,0,1779489600.0,USDCAD
61,2026-05-22 22:45:00,1.38176,1.38176,1.38176,1.38176,0,1779489900.0,USDCAD
61,2026-05-22 22:50:00,1.38176,1.38176,1.38176,1.38176,0,1779490200.0,USDCAD
61,2026-05-22 22:55:00,1.38176,1.38176,1.38176,1.38176,0,1779490500.0,USDCAD
61,2026-05-22 23:00:00,1.38176,1.38176,1.38176,1.38176,0,1779490800.0,USDCAD
61,2026-05-22 23:05:00,1.38176,1.38176,1.38176,1.38176,0,1779491100.0,USDCAD
61,2026-05-22 23:10:00,1.38176,1.38176,1.38176,1.38176,0,1779491400.0,USDCAD
61,2026-05-22 23:15:00,1.38176,1.38176,1.38176,1.38176,0,1779491700.0,USDCAD
61,2026-05-22 23:20:00,1.38176,1.38176,1.38176,1.38176,0,1779492000.0,USDCAD
61,2026-05-22 23:25:00,1.38176,1.38176,1.38176,1.38176,0,1779492300.0,USDCAD
61,2026-05-22 23:30:00,1.38176,1.38176,1.38176,1.38176,0,1779492600.0,USDCAD
61,2026-05-22 23:35:00,1.38176,1.38176,1.38176,1.38176,0,1779492900.0,USDCAD
61,2026-05-22 23:40:00,1.38176,1.38176,1.38176,1.38176,0,1779493200.0,USDCAD
61,2026-05-22 23:45:00,1.38176,1.38176,1.38176,1.38176,0,1779493500.0,USDCAD
61,2026-05-22 23:50:00,1.38176,1.38176,1.38176,1.38176,0,1779493800.0,USDCAD
61,2026-05-22 23:55:00,1.38176,1.38176,1.38176,1.38176,0,1779494100.0,USDCAD
61,2026-05-23 00:00:00,1.38176,1.38176,1.38176,1.38176,0,1779494400.0,USDCAD
61,2026-05-23 00:05:00,1.38176,1.38176,1.38176,1.38176,0,1779494700.0,USDCAD
61,2026-05-23 00:10:00,1.38176,1.38176,1.38176,1.38176,0,1779495000.0,USDCAD
61,2026-05-23 00:15:00,1.38176,1.38176,1.38176,1.38176,0,1779495300.0,USDCAD
61,2026-05-23 00:20:00,1.38176,1.38176,1.38176,1.38176,0,1779495600.0,USDCAD
61,2026-05-23 00:25:00,1.38176,1.38176,1.38176,1.38176,0,1779495900.0,USDCAD
61,2026-05-23 00:30:00,1.38176,1.38176,1.38176,1.38176,0,1779496200.0,USDCAD
61,2026-05-23 00:35:00,1.38176,1.38176,1.38176,1.38176,0,1779496500.0,USDCAD
61,2026-05-23 00:40:00,1.38176,1.38176,1.38176,1.38176,0,1779496800.0,USDCAD
61,2026-05-23 00:45:00,1.38176,1.38176,1.38176,1.38176,0,1779497100.0,USDCAD
61,2026-05-23 00:50:00,1.38176,1.38176,1.38176,1.38176,0,1779497400.0,USDCAD
61,2026-05-23 00:55:00,1.38176,1.38176,1.38176,1.38176,0,1779497700.0,USDCAD
61,2026-05-23 01:00:00,1.38176,1.38176,1.38176,1.38176,0,1779498000.0,USDCAD
61,2026-05-23 01:05:00,1.38176,1.38176,1.38176,1.38176,0,1779498300.0,USDCAD
61,2026-05-23 01:10:00,1.38176,1.38176,1.38176,1.38176,0,1779498600.0,USDCAD
61,2026-05-23 01:15:00,1.38176,1.38176,1.38176,1.38176,0,1779498900.0,USDCAD
61,2026-05-23 01:20:00,1.38176,1.38176,1.38176,1.38176,0,1779499200.0,USDCAD
61,2026-05-23 01:25:00,1.38176,1.38176,1.38176,1.38176,0,1779499500.0,USDCAD
61,2026-05-23 01:30:00,1.38176,1.38176,1.38176,1.38176,0,1779499800.0,USDCAD
61,2026-05-23 01:35:00,1.38176,1.38176,1.38176,1.38176,0,1779500100.0,USDCAD
61,2026-05-23 01:40:00,1.38176,1.38176,1.38176,1.38176,0,1779500400.0,USDCAD
61,2026-05-23 01:45:00,1.38176,1.38176,1.38176,1.38176,0,1779500700.0,USDCAD
61,2026-05-23 01:50:00,1.38176,1.38176,1.38176,1.38176,0,1779501000.0,USDCAD
61,2026-05-23 01:55:00,1.38176,1.38176,1.38176,1.38176,0,1779501300.0,USDCAD
61,2026-05-23 02:00:00,1.38176,1.38176,1.38176,1.38176,0,1779501600.0,USDCAD
61,2026-05-23 02:05:00,1.38176,1.38176,1.38176,1.38176,0,1779501900.0,USDCAD
61,2026-05-23 02:10:00,1.38176,1.38176,1.38176,1.38176,0,1779502200.0,USDCAD
61,2026-05-23 02:15:00,1.38176,1.38176,1.38176,1.38176,0,1779502500.0,USDCAD
61,2026-05-23 02:20:00,1.38176,1.38176,1.38176,1.38176,0,1779502800.0,USDCAD
61,2026-05-23 02:25:00,1.38176,1.38176,1.38176,1.38176,0,1779503100.0,USDCAD
61,2026-05-23 02:30:00,1.38176,1.38176,1.38176,1.38176,0,1779503400.0,USDCAD
61,2026-05-23 02:35:00,1.38176,1.38176,1.38176,1.38176,0,1779503700.0,USDCAD
61,2026-05-23 02:40:00,1.38176,1.38176,1.38176,1.38176,0,1779504000.0,USDCAD
61,2026-05-23 02:45:00,1.38176,1.38176,1.38176,1.38176,0,1779504300.0,USDCAD
61,2026-05-23 02:50:00,1.38176,1.38176,1.38176,1.38176,0,1779504600.0,USDCAD
61,2026-05-23 02:55:00,1.38176,1.38176,1.38176,1.38176,0,1779504900.0,USDCAD
61,2026-05-23 03:00:00,1.38176,1.38176,1.38176,1.38176,0,1779505200.0,USDCAD
61,2026-05-23 03:05:00,1.38176,1.38176,1.38176,1.38176,0,1779505500.0,USDCAD
61,2026-05-23 03:10:00,1.38176,1.38176,1.38176,1.38176,0,1779505800.0,USDCAD
61,2026-05-23 03:15:00,1.38176,1.38176,1.38176,1.38176,0,1779506100.0,USDCAD
61,2026-05-23 03:20:00,1.38176,1.38176,1.38176,1.38176,0,1779506400.0,USDCAD
61,2026-05-23 03:25:00,1.38176,1.38176,1.38176,1.38176,0,1779506700.0,USDCAD
61,2026-05-23 03:30:00,1.38176,1.38176,1.38176,1.38176,0,1779507000.0,USDCAD
61,2026-05-23 03:35:00,1.38176,1.38176,1.38176,1.38176,0,1779507300.0,USDCAD
61,2026-05-23 03:40:00,1.38176,1.38176,1.38176,1.38176,0,1779507600.0,USDCAD
61,2026-05-23 03:45:00,1.38176,1.38176,1.38176,1.38176,0,1779507900.0,USDCAD
61,2026-05-23 03:50:00,1.38176,1.38176,1.38176,1.38176,0,1779508200.0,USDCAD
61,2026-05-23 03:55:00,1.38176,1.38176,1.38176,1.38176,0,1779508500.0,USDCAD
61,2026-05-23 04:00:00,1.38176,1.38176,1.38176,1.38176,0,1779508800.0,USDCAD
61,2026-05-23 04:05:00,1.38176,1.38176,1.38176,1.38176,0,1779509100.0,USDCAD
61,2026-05-23 04:10:00,1.38176,1.38176,1.38176,1.38176,0,1779509400.0,USDCAD
61,2026-05-23 04:15:00,1.38176,1.38176,1.38176,1.38176,0,1779509700.0,USDCAD
61,2026-05-23 04:20:00,1.38176,1.38176,1.38176,1.38176,0,1779510000.0,USDCAD
61,2026-05-23 04:25:00,1.38176,1.38176,1.38176,1.38176,0,1779510300.0,USDCAD
61,2026-05-23 04:30:00,1.38176,1.38176,1.38176,1.38176,0,1779510600.0,USDCAD
61,2026-05-23 04:35:00,1.38176,1.38176,1.38176,1.38176,0,1779510900.0,USDCAD
61,2026-05-23 04:40:00,1.38176,1.38176,1.38176,1.38176,0,1779511200.0,USDCAD
61,2026-05-23 04:45:00,1.38176,1.38176,1.38176,1.38176,0,1779511500.0,USDCAD
61,2026-05-23 04:50:00,1.38176,1.38176,1.38176,1.38176,0,1779511800.0,USDCAD
61,2026-05-23 04:55:00,1.38176,1.38176,1.38176,1.38176,0,1779512100.0,USDCAD
61,2026-05-23 05:00:00,1.38176,1.38176,1.38176,1.38176,0,1779512400.0,USDCAD
61,2026-05-23 05:05:00,1.38176,1.38176,1.38176,1.38176,0,1779512700.0,USDCAD
61,2026-05-23 05:10:00,1.38176,1.38176,1.38176,1.38176,0,1779513000.0,USDCAD
61,2026-05-23 05:15:00,1.38176,1.38176,1.38176,1.38176,0,1779513300.0,USDCAD
61,2026-05-23 05:20:00,1.38176,1.38176,1.38176,1.38176,0,1779513600.0,USDCAD
61,2026-05-23 05:25:00,1.38176,1.38176,1.38176,1.38176,0,1779513900.0,USDCAD
61,2026-05-23 05:30:00,1.38176,1.38176,1.38176,1.38176,0,1779514200.0,USDCAD
61,2026-05-23 05:35:00,1.38176,1.38176,1.38176,1.38176,0,1779514500.0,USDCAD
61,2026-05-23 05:40:00,1.38176,1.38176,1.38176,1.38176,0,1779514800.0,USDCAD
61,2026-05-23 05:45:00,1.38176,1.38176,1.38176,1.38176,0,1779515100.0,USDCAD
61,2026-05-23 05:50:00,1.38176,1.38176,1.38176,1.38176,0,1779515400.0,USDCAD
61,2026-05-23 05:55:00,1.38176,1.38176,1.38176,1.38176,0,1779515700.0,USDCAD
61,2026-05-23 06:00:00,1.38176,1.38176,1.38176,1.38176,0,1779516000.0,USDCAD
61,2026-05-23 06:05:00,1.38176,1.38176,1.38176,1.38176,0,1779516300.0,USDCAD
61,2026-05-23 06:10:00,1.38176,1.38176,1.38176,1.38176,0,1779516600.0,USDCAD
61,2026-05-23 06:15:00,1.38176,1.38176,1.38176,1.38176,0,1779516900.0,USDCAD
61,2026-05-23 06:20:00,1.38176,1.38176,1.38176,1.38176,0,1779517200.0,USDCAD
61,2026-05-23 06:25:00,1.38176,1.38176,1.38176,1.38176,0,1779517500.0,USDCAD
61,2026-05-23 06:30:00,1.38176,1.38176,1.38176,1.38176,0,1779517800.0,USDCAD
61,2026-05-23 06:35:00,1.38176,1.38176,1.38176,1.38176,0,1779518100.0,USDCAD
61,2026-05-23 06:40:00,1.38176,1.38176,1.38176,1.38176,0,1779518400.0,USDCAD
61,2026-05-23 06:45:00,1.38176,1.38176,1.38176,1.38176,0,1779518700.0,USDCAD
61,2026-05-23 06:50:00,1.38176,1.38176,1.38176,1.38176,0,1779519000.0,USDCAD
61,2026-05-23 06:55:00,1.38176,1.38176,1.38176,1.38176,0,1779519300.0,USDCAD
61,2026-05-23 07:00:00,1.38176,1.38176,1.38176,1.38176,0,1779519600.0,USDCAD
61,2026-05-23 07:05:00,1.38176,1.38176,1.38176,1.38176,0,1779519900.0,USDCAD
61,2026-05-23 07:10:00,1.38176,1.38176,1.38176,1.38176,0,1779520200.0,USDCAD
61,2026-05-23 07:15:00,1.38176,1.38176,1.38176,1.38176,0,1779520500.0,USDCAD
61,2026-05-23 07:20:00,1.38176,1.38176,1.38176,1.38176,0,1779520800.0,USDCAD
61,2026-05-23 07:25:00,1.38176,1.38176,1.38176,1.38176,0,1779521100.0,USDCAD
61,2026-05-23 07:30:00,1.38176,1.38176,1.38176,1.38176,0,1779521400.0,USDCAD
61,2026-05-23 07:35:00,1.38176,1.38176,1.38176,1.38176,0,1779521700.0,USDCAD
61,2026-05-23 07:40:00,1.38176,1.38176,1.38176,1.38176,0,1779522000.0,USDCAD
61,2026-05-23 07:45:00,1.38176,1.38176,1.38176,1.38176,0,1779522300.0,USDCAD
61,2026-05-23 07:50:00,1.38176,1.38176,1.38176,1.38176,0,1779522600.0,USDCAD
61,2026-05-23 07:55:00,1.38176,1.38176,1.38176,1.38176,0,1779522900.0,USDCAD
61,2026-05-23 08:00:00,1.38176,1.38176,1.38176,1.38176,0,1779523200.0,USDCAD
61,2026-05-23 08:05:00,1.38176,1.38176,1.38176,1.38176,0,1779523500.0,USDCAD
61,2026-05-23 08:10:00,1.38176,1.38176,1.38176,1.38176,0,1779523800.0,USDCAD
61,2026-05-23 08:15:00,1.38176,1.38176,1.38176,1.38176,0,1779524100.0,USDCAD
61,2026-05-23 08:20:00,1.38176,1.38176,1.38176,1.38176,0,1779524400.0,USDCAD
61,2026-05-23 08:25:00,1.38176,1.38176,1.38176,1.38176,0,1779524700.0,USDCAD
61,2026-05-23 08:30:00,1.38176,1.38176,1.38176,1.38176,0,1779525000.0,USDCAD
61,2026-05-23 08:35:00,1.38176,1.38176,1.38176,1.38176,0,1779525300.0,USDCAD
61,2026-05-23 08:40:00,1.38176,1.38176,1.38176,1.38176,0,1779525600.0,USDCAD
61,2026-05-23 08:45:00,1.38176,1.38176,1.38176,1.38176,0,1779525900.0,USDCAD
61,2026-05-23 08:50:00,1.38176,1.38176,1.38176,1.38176,0,1779526200.0,USDCAD
61,2026-05-23 08:55:00,1.38176,1.38176,1.38176,1.38176,0,1779526500.0,USDCAD
61,2026-05-23 09:00:00,1.38176,1.38176,1.38176,1.38176,0,1779526800.0,USDCAD
61,2026-05-23 09:05:00,1.38176,1.38176,1.38176,1.38176,0,1779527100.0,USDCAD
61,2026-05-23 09:10:00,1.38176,1.38176,1.38176,1.38176,0,1779527400.0,USDCAD
61,2026-05-23 09:15:00,1.38176,1.38176,1.38176,1.38176,0,1779527700.0,USDCAD
61,2026-05-23 09:20:00,1.38176,1.38176,1.38176,1.38176,0,1779528000.0,USDCAD
61,2026-05-23 09:25:00,1.38176,1.38176,1.38176,1.38176,0,1779528300.0,USDCAD
61,2026-05-23 09:30:00,1.38176,1.38176,1.38176,1.38176,0,1779528600.0,USDCAD
61,2026-05-23 09:35:00,1.38176,1.38176,1.38176,1.38176,0,1779528900.0,USDCAD
61,2026-05-23 09:40:00,1.38176,1.38176,1.38176,1.38176,0,1779529200.0,USDCAD
61,2026-05-23 09:45:00,1.38176,1.38176,1.38176,1.38176,0,1779529500.0,USDCAD
61,2026-05-23 09:50:00,1.38176,1.38176,1.38176,1.38176,0,1779529800.0,USDCAD
61,2026-05-23 09:55:00,1.38176,1.38176,1.38176,1.38176,0,1779530100.0,USDCAD
61,2026-05-23 10:00:00,1.38176,1.38176,1.38176,1.38176,0,1779530400.0,USDCAD
61,2026-05-23 10:05:00,1.38176,1.38176,1.38176,1.38176,0,1779530700.0,USDCAD
61,2026-05-23 10:10:00,1.38176,1.38176,1.38176,1.38176,0,1779531000.0,USDCAD
61,2026-05-23 10:15:00,1.38176,1.38176,1.38176,1.38176,0,1779531300.0,USDCAD
61,2026-05-23 10:20:00,1.38176,1.38176,1.38176,1.38176,0,1779531600.0,USDCAD
61,2026-05-23 10:25:00,1.38176,1.38176,1.38176,1.38176,0,1779531900.0,USDCAD
61,2026-05-23 10:30:00,1.38176,1.38176,1.38176,1.38176,0,1779532200.0,USDCAD
61,2026-05-23 10:35:00,1.38176,1.38176,1.38176,1.38176,0,1779532500.0,USDCAD
61,2026-05-23 10:40:00,1.38176,1.38176,1.38176,1.38176,0,1779532800.0,USDCAD
61,2026-05-23 10:45:00,1.38176,1.38176,1.38176,1.38176,0,1779533100.0,USDCAD
61,2026-05-23 10:50:00,1.38176,1.38176,1.38176,1.38176,0,1779533400.0,USDCAD
61,2026-05-23 10:55:00,1.38176,1.38176,1.38176,1.38176,0,1779533700.0,USDCAD
61,2026-05-23 11:00:00,1.38176,1.38176,1.38176,1.38176,0,1779534000.0,USDCAD
61,2026-05-23 11:05:00,1.38176,1.38176,1.38176,1.38176,0,1779534300.0,USDCAD
61,2026-05-23 11:10:00,1.38176,1.38176,1.38176,1.38176,0,1779534600.0,USDCAD
61,2026-05-23 11:15:00,1.38176,1.38176,1.38176,1.38176,0,1779534900.0,USDCAD
61,2026-05-23 11:20:00,1.38176,1.38176,1.38176,1.38176,0,1779535200.0,USDCAD
61,2026-05-23 11:25:00,1.38176,1.38176,1.38176,1.38176,0,1779535500.0,USDCAD
61,2026-05-23 11:30:00,1.38176,1.38176,1.38176,1.38176,0,1779535800.0,USDCAD
61,2026-05-23 11:35:00,1.38176,1.38176,1.38176,1.38176,0,1779536100.0,USDCAD
61,2026-05-23 11:40:00,1.38176,1.38176,1.38176,1.38176,0,1779536400.0,USDCAD
61,2026-05-23 11:45:00,1.38176,1.38176,1.38176,1.38176,0,1779536700.0,USDCAD
61,2026-05-23 11:50:00,1.38176,1.38176,1.38176,1.38176,0,1779537000.0,USDCAD
61,2026-05-23 11:55:00,1.38176,1.38176,1.38176,1.38176,0,1779537300.0,USDCAD
61,2026-05-23 12:00:00,1.38176,1.38176,1.38176,1.38176,0,1779537600.0,USDCAD
61,2026-05-23 12:05:00,1.38176,1.38176,1.38176,1.38176,0,1779537900.0,USDCAD
61,2026-05-23 12:10:00,1.38176,1.38176,1.38176,1.38176,0,1779538200.0,USDCAD
61,2026-05-23 12:15:00,1.38176,1.38176,1.38176,1.38176,0,1779538500.0,USDCAD
61,2026-05-23 12:20:00,1.38176,1.38176,1.38176,1.38176,0,1779538800.0,USDCAD
61,2026-05-23 12:25:00,1.38176,1.38176,1.38176,1.38176,0,1779539100.0,USDCAD
61,2026-05-23 12:30:00,1.38176,1.38176,1.38176,1.38176,0,1779539400.0,USDCAD
61,2026-05-23 12:35:00,1.38176,1.38176,1.38176,1.38176,0,1779539700.0,USDCAD
61,2026-05-23 12:40:00,1.38176,1.38176,1.38176,1.38176,0,1779540000.0,USDCAD
61,2026-05-23 12:45:00,1.38176,1.38176,1.38176,1.38176,0,1779540300.0,USDCAD
61,2026-05-23 12:50:00,1.38176,1.38176,1.38176,1.38176,0,1779540600.0,USDCAD
61,2026-05-23 12:55:00,1.38176,1.38176,1.38176,1.38176,0,1779540900.0,USDCAD
61,2026-05-23 13:00:00,1.38176,1.38176,1.38176,1.38176,0,1779541200.0,USDCAD
61,2026-05-23 13:05:00,1.38176,1.38176,1.38176,1.38176,0,1779541500.0,USDCAD
61,2026-05-23 13:10:00,1.38176,1.38176,1.38176,1.38176,0,1779541800.0,USDCAD
61,2026-05-23 13:15:00,1.38176,1.38176,1.38176,1.38176,0,1779542100.0,USDCAD
61,2026-05-23 13:20:00,1.38176,1.38176,1.38176,1.38176,0,1779542400.0,USDCAD
61,2026-05-23 13:25:00,1.38176,1.38176,1.38176,1.38176,0,1779542700.0,USDCAD
61,2026-05-23 13:30:00,1.38176,1.38176,1.38176,1.38176,0,1779543000.0,USDCAD
61,2026-05-23 13:35:00,1.38176,1.38176,1.38176,1.38176,0,1779543300.0,USDCAD
61,2026-05-23 13:40:00,1.38176,1.38176,1.38176,1.38176,0,1779543600.0,USDCAD
61,2026-05-23 13:45:00,1.38176,1.38176,1.38176,1.38176,0,1779543900.0,USDCAD
61,2026-05-23 13:50:00,1.38176,1.38176,1.38176,1.38176,0,1779544200.0,USDCAD
61,2026-05-23 13:55:00,1.38176,1.38176,1.38176,1.38176,0,1779544500.0,USDCAD
61,2026-05-23 14:00:00,1.38176,1.38176,1.38176,1.38176,0,1779544800.0,USDCAD
61,2026-05-23 14:05:00,1.38176,1.38176,1.38176,1.38176,0,1779545100.0,USDCAD
61,2026-05-23 14:10:00,1.38176,1.38176,1.38176,1.38176,0,1779545400.0,USDCAD
61,2026-05-23 14:15:00,1.38176,1.38176,1.38176,1.38176,0,1779545700.0,USDCAD
61,2026-05-23 14:20:00,1.38176,1.38176,1.38176,1.38176,0,1779546000.0,USDCAD
61,2026-05-23 14:25:00,1.38176,1.38176,1.38176,1.38176,0,1779546300.0,USDCAD
61,2026-05-23 14:30:00,1.38176,1.38176,1.38176,1.38176,0,1779546600.0,USDCAD
61,2026-05-23 14:35:00,1.38176,1.38176,1.38176,1.38176,0,1779546900.0,USDCAD
61,2026-05-23 14:40:00,1.38176,1.38176,1.38176,1.38176,0,1779547200.0,USDCAD
61,2026-05-23 14:45:00,1.38176,1.38176,1.38176,1.38176,0,1779547500.0,USDCAD
61,2026-05-23 14:50:00,1.38176,1.38176,1.38176,1.38176,0,1779547800.0,USDCAD
61,2026-05-23 14:55:00,1.38176,1.38176,1.38176,1.38176,0,1779548100.0,USDCAD
61,2026-05-23 15:00:00,1.38176,1.38176,1.38176,1.38176,0,1779548400.0,USDCAD
61,2026-05-23 15:05:00,1.38176,1.38176,1.38176,1.38176,0,1779548700.0,USDCAD
61,2026-05-23 15:10:00,1.38176,1.38176,1.38176,1.38176,0,1779549000.0,USDCAD
61,2026-05-23 15:15:00,1.38176,1.38176,1.38176,1.38176,0,1779549300.0,USDCAD
61,2026-05-23 15:20:00,1.38176,1.38176,1.38176,1.38176,0,1779549600.0,USDCAD
61,2026-05-23 15:25:00,1.38176,1.38176,1.38176,1.38176,0,1779549900.0,USDCAD
61,2026-05-23 15:30:00,1.38176,1.38176,1.38176,1.38176,0,1779550200.0,USDCAD
61,2026-05-23 15:35:00,1.38176,1.38176,1.38176,1.38176,0,1779550500.0,USDCAD
61,2026-05-23 15:40:00,1.38176,1.38176,1.38176,1.38176,0,1779550800.0,USDCAD
61,2026-05-23 15:45:00,1.38176,1.38176,1.38176,1.38176,0,1779551100.0,USDCAD
61,2026-05-23 15:50:00,1.38176,1.38176,1.38176,1.38176,0,1779551400.0,USDCAD
61,2026-05-23 15:55:00,1.38176,1.38176,1.38176,1.38176,0,1779551700.0,USDCAD
61,2026-05-23 16:00:00,1.38176,1.38176,1.38176,1.38176,0,1779552000.0,USDCAD
61,2026-05-23 16:05:00,1.38176,1.38176,1.38176,1.38176,0,1779552300.0,USDCAD
61,2026-05-23 16:10:00,1.38176,1.38176,1.38176,1.38176,0,1779552600.0,USDCAD
61,2026-05-23 16:15:00,1.38176,1.38176,1.38176,1.38176,0,1779552900.0,USDCAD
61,2026-05-23 16:20:00,1.38176,1.38176,1.38176,1.38176,0,1779553200.0,USDCAD
61,2026-05-23 16:25:00,1.38176,1.38176,1.38176,1.38176,0,1779553500.0,USDCAD
61,2026-05-23 16:30:00,1.38176,1.38176,1.38176,1.38176,0,1779553800.0,USDCAD
61,2026-05-23 16:35:00,1.38176,1.38176,1.38176,1.38176,0,1779554100.0,USDCAD
61,2026-05-23 16:40:00,1.38176,1.38176,1.38176,1.38176,0,1779554400.0,USDCAD
61,2026-05-23 16:45:00,1.38176,1.38176,1.38176,1.38176,0,1779554700.0,USDCAD
61,2026-05-23 16:50:00,1.38176,1.38176,1.38176,1.38176,0,1779555000.0,USDCAD
61,2026-05-23 16:55:00,1.38176,1.38176,1.38176,1.38176,0,1779555300.0,USDCAD
61,2026-05-23 17:00:00,1.38176,1.38176,1.38176,1.38176,0,1779555600.0,USDCAD
61,2026-05-23 17:05:00,1.38176,1.38176,1.38176,1.38176,0,1779555900.0,USDCAD
61,2026-05-23 17:10:00,1.38176,1.38176,1.38176,1.38176,0,1779556200.0,USDCAD
61,2026-05-23 17:15:00,1.38176,1.38176,1.38176,1.38176,0,1779556500.0,USDCAD
61,2026-05-23 17:20:00,1.38176,1.38176,1.38176,1.38176,0,1779556800.0,USDCAD
61,2026-05-23 17:25:00,1.38176,1.38176,1.38176,1.38176,0,1779557100.0,USDCAD
61,2026-05-23 17:30:00,1.38176,1.38176,1.38176,1.38176,0,1779557400.0,USDCAD
61,2026-05-23 17:35:00,1.38176,1.38176,1.38176,1.38176,0,1779557700.0,USDCAD
61,2026-05-23 17:40:00,1.38176,1.38176,1.38176,1.38176,0,1779558000.0,USDCAD
61,2026-05-23 17:45:00,1.38176,1.38176,1.38176,1.38176,0,1779558300.0,USDCAD
61,2026-05-23 17:50:00,1.38176,1.38176,1.38176,1.38176,0,1779558600.0,USDCAD
61,2026-05-23 17:55:00,1.38176,1.38176,1.38176,1.38176,0,1779558900.0,USDCAD
61,2026-05-23 18:00:00,1.38176,1.38176,1.38176,1.38176,0,1779559200.0,USDCAD
61,2026-05-23 18:05:00,1.38176,1.38176,1.38176,1.38176,0,1779559500.0,USDCAD
61,2026-05-23 18:10:00,1.38176,1.38176,1.38176,1.38176,0,1779559800.0,USDCAD
61,2026-05-23 18:15:00,1.38176,1.38176,1.38176,1.38176,0,1779560100.0,USDCAD
61,2026-05-23 18:20:00,1.38176,1.38176,1.38176,1.38176,0,1779560400.0,USDCAD
61,2026-05-23 18:25:00,1.38176,1.38176,1.38176,1.38176,0,1779560700.0,USDCAD
61,2026-05-23 18:30:00,1.38176,1.38176,1.38176,1.38176,0,1779561000.0,USDCAD
61,2026-05-23 18:35:00,1.38176,1.38176,1.38176,1.38176,0,1779561300.0,USDCAD
61,2026-05-23 18:40:00,1.38176,1.38176,1.38176,1.38176,0,1779561600.0,USDCAD
61,2026-05-23 18:45:00,1.38176,1.38176,1.38176,1.38176,0,1779561900.0,USDCAD
61,2026-05-23 18:50:00,1.38176,1.38176,1.38176,1.38176,0,1779562200.0,USDCAD
61,2026-05-23 18:55:00,1.38176,1.38176,1.38176,1.38176,0,1779562500.0,USDCAD
61,2026-05-23 19:00:00,1.38176,1.38176,1.38176,1.38176,0,1779562800.0,USDCAD
61,2026-05-23 19:05:00,1.38176,1.38176,1.38176,1.38176,0,1779563100.0,USDCAD
61,2026-05-23 19:10:00,1.38176,1.38176,1.38176,1.38176,0,1779563400.0,USDCAD
61,2026-05-23 19:15:00,1.38176,1.38176,1.38176,1.38176,0,1779563700.0,USDCAD
61,2026-05-23 19:20:00,1.38176,1.38176,1.38176,1.38176,0,1779564000.0,USDCAD
61,2026-05-23 19:25:00,1.38176,1.38176,1.38176,1.38176,0,1779564300.0,USDCAD
61,2026-05-23 19:30:00,1.38176,1.38176,1.38176,1.38176,0,1779564600.0,USDCAD
61,2026-05-23 19:35:00,1.38176,1.38176,1.38176,1.38176,0,1779564900.0,USDCAD
61,2026-05-23 19:40:00,1.38176,1.38176,1.38176,1.38176,0,1779565200.0,USDCAD
61,2026-05-23 19:45:00,1.38176,1.38176,1.38176,1.38176,0,1779565500.0,USDCAD
61,2026-05-23 19:50:00,1.38176,1.38176,1.38176,1.38176,0,1779565800.0,USDCAD
61,2026-05-23 19:55:00,1.38176,1.38176,1.38176,1.38176,0,1779566100.0,USDCAD
61,2026-05-23 20:00:00,1.38176,1.38176,1.38176,1.38176,0,1779566400.0,USDCAD
61,2026-05-23 20:05:00,1.38176,1.38176,1.38176,1.38176,0,1779566700.0,USDCAD
61,2026-05-23 20:10:00,1.38176,1.38176,1.38176,1.38176,0,1779567000.0,USDCAD
61,2026-05-23 20:15:00,1.38176,1.38176,1.38176,1.38176,0,1779567300.0,USDCAD
61,2026-05-23 20:20:00,1.38176,1.38176,1.38176,1.38176,0,1779567600.0,USDCAD
61,2026-05-23 20:25:00,1.38176,1.38176,1.38176,1.38176,0,1779567900.0,USDCAD
61,2026-05-23 20:30:00,1.38176,1.38176,1.38176,1.38176,0,1779568200.0,USDCAD
61,2026-05-23 20:35:00,1.38176,1.38176,1.38176,1.38176,0,1779568500.0,USDCAD
61,2026-05-23 20:40:00,1.38176,1.38176,1.38176,1.38176,0,1779568800.0,USDCAD
61,2026-05-23 20:45:00,1.38176,1.38176,1.38176,1.38176,0,1779569100.0,USDCAD
61,2026-05-23 20:50:00,1.38176,1.38176,1.38176,1.38176,0,1779569400.0,USDCAD
61,2026-05-23 20:55:00,1.38176,1.38176,1.38176,1.38176,0,1779569700.0,USDCAD
61,2026-05-23 21:00:00,1.38176,1.38176,1.38176,1.38176,0,1779570000.0,USDCAD
61,2026-05-23 21:05:00,1.38176,1.38176,1.38176,1.38176,0,1779570300.0,USDCAD
61,2026-05-23 21:10:00,1.38176,1.38176,1.38176,1.38176,0,1779570600.0,USDCAD
61,2026-05-23 21:15:00,1.38176,1.38176,1.38176,1.38176,0,1779570900.0,USDCAD
61,2026-05-23 21:20:00,1.38176,1.38176,1.38176,1.38176,0,1779571200.0,USDCAD
61,2026-05-23 21:25:00,1.38176,1.38176,1.38176,1.38176,0,1779571500.0,USDCAD
61,2026-05-23 21:30:00,1.38176,1.38176,1.38176,1.38176,0,1779571800.0,USDCAD
61,2026-05-23 21:35:00,1.38176,1.38176,1.38176,1.38176,0,1779572100.0,USDCAD
61,2026-05-23 21:40:00,1.38176,1.38176,1.38176,1.38176,0,1779572400.0,USDCAD
61,2026-05-23 21:45:00,1.38176,1.38176,1.38176,1.38176,0,1779572700.0,USDCAD
61,2026-05-23 21:50:00,1.38176,1.38176,1.38176,1.38176,0,1779573000.0,USDCAD
61,2026-05-23 21:55:00,1.38176,1.38176,1.38176,1.38176,0,1779573300.0,USDCAD
61,2026-05-23 22:00:00,1.38176,1.38176,1.38176,1.38176,0,1779573600.0,USDCAD
61,2026-05-23 22:05:00,1.38176,1.38176,1.38176,1.38176,0,1779573900.0,USDCAD
61,2026-05-23 22:10:00,1.38176,1.38176,1.38176,1.38176,0,1779574200.0,USDCAD
61,2026-05-23 22:15:00,1.38176,1.38176,1.38176,1.38176,0,1779574500.0,USDCAD
61,2026-05-23 22:20:00,1.38176,1.38176,1.38176,1.38176,0,1779574800.0,USDCAD
61,2026-05-23 22:25:00,1.38176,1.38176,1.38176,1.38176,0,1779575100.0,USDCAD
61,2026-05-23 22:30:00,1.38176,1.38176,1.38176,1.38176,0,1779575400.0,USDCAD
61,2026-05-23 22:35:00,1.38176,1.38176,1.38176,1.38176,0,1779575700.0,USDCAD
61,2026-05-23 22:40:00,1.38176,1.38176,1.38176,1.38176,0,1779576000.0,USDCAD
61,2026-05-23 22:45:00,1.38176,1.38176,1.38176,1.38176,0,1779576300.0,USDCAD
61,2026-05-23 22:50:00,1.38176,1.38176,1.38176,1.38176,0,1779576600.0,USDCAD
61,2026-05-23 22:55:00,1.38176,1.38176,1.38176,1.38176,0,1779576900.0,USDCAD
61,2026-05-23 23:00:00,1.38176,1.38176,1.38176,1.38176,0,1779577200.0,USDCAD
61,2026-05-23 23:05:00,1.38176,1.38176,1.38176,1.38176,0,1779577500.0,USDCAD
61,2026-05-23 23:10:00,1.38176,1.38176,1.38176,1.38176,0,1779577800.0,USDCAD
61,2026-05-23 23:15:00,1.38176,1.38176,1.38176,1.38176,0,1779578100.0,USDCAD
61,2026-05-23 23:20:00,1.38176,1.38176,1.38176,1.38176,0,1779578400.0,USDCAD
61,2026-05-23 23:25:00,1.38176,1.38176,1.38176,1.38176,0,1779578700.0,USDCAD
61,2026-05-23 23:30:00,1.38176,1.38176,1.38176,1.38176,0,1779579000.0,USDCAD
61,2026-05-23 23:35:00,1.38176,1.38176,1.38176,1.38176,0,1779579300.0,USDCAD
61,2026-05-23 23:40:00,1.38176,1.38176,1.38176,1.38176,0,1779579600.0,USDCAD
61,2026-05-23 23:45:00,1.38176,1.38176,1.38176,1.38176,0,1779579900.0,USDCAD
61,2026-05-23 23:50:00,1.38176,1.38176,1.38176,1.38176,0,1779580200.0,USDCAD
61,2026-05-23 23:55:00,1.38176,1.38176,1.38176,1.38176,0,1779580500.0,USDCAD
61,2026-05-24 00:00:00,1.38176,1.38176,1.38176,1.38176,0,1779580800.0,USDCAD
61,2026-05-24 00:05:00,1.38176,1.38176,1.38176,1.38176,0,1779581100.0,USDCAD
61,2026-05-24 00:10:00,1.38176,1.38176,1.38176,1.38176,0,1779581400.0,USDCAD
61,2026-05-24 00:15:00,1.38176,1.38176,1.38176,1.38176,0,1779581700.0,USDCAD
61,2026-05-24 00:20:00,1.38176,1.38176,1.38176,1.38176,0,1779582000.0,USDCAD
61,2026-05-24 00:25:00,1.38176,1.38176,1.38176,1.38176,0,1779582300.0,USDCAD
61,2026-05-24 00:30:00,1.38176,1.38176,1.38176,1.38176,0,1779582600.0,USDCAD
61,2026-05-24 00:35:00,1.38176,1.38176,1.38176,1.38176,0,1779582900.0,USDCAD
61,2026-05-24 00:40:00,1.38176,1.38176,1.38176,1.38176,0,1779583200.0,USDCAD
61,2026-05-24 00:45:00,1.38176,1.38176,1.38176,1.38176,0,1779583500.0,USDCAD
61,2026-05-24 00:50:00,1.38176,1.38176,1.38176,1.38176,0,1779583800.0,USDCAD
61,2026-05-24 00:55:00,1.38176,1.38176,1.38176,1.38176,0,1779584100.0,USDCAD
61,2026-05-24 01:00:00,1.38176,1.38176,1.38176,1.38176,0,1779584400.0,USDCAD
61,2026-05-24 01:05:00,1.38176,1.38176,1.38176,1.38176,0,1779584700.0,USDCAD
61,2026-05-24 01:10:00,1.38176,1.38176,1.38176,1.38176,0,1779585000.0,USDCAD
61,2026-05-24 01:15:00,1.38176,1.38176,1.38176,1.38176,0,1779585300.0,USDCAD
61,2026-05-24 01:20:00,1.38176,1.38176,1.38176,1.38176,0,1779585600.0,USDCAD
61,2026-05-24 01:25:00,1.38176,1.38176,1.38176,1.38176,0,1779585900.0,USDCAD
61,2026-05-24 01:30:00,1.38176,1.38176,1.38176,1.38176,0,1779586200.0,USDCAD
61,2026-05-24 01:35:00,1.38176,1.38176,1.38176,1.38176,0,1779586500.0,USDCAD
61,2026-05-24 01:40:00,1.38176,1.38176,1.38176,1.38176,0,1779586800.0,USDCAD
61,2026-05-24 01:45:00,1.38176,1.38176,1.38176,1.38176,0,1779587100.0,USDCAD
61,2026-05-24 01:50:00,1.38176,1.38176,1.38176,1.38176,0,1779587400.0,USDCAD
61,2026-05-24 01:55:00,1.38176,1.38176,1.38176,1.38176,0,1779587700.0,USDCAD
61,2026-05-24 02:00:00,1.38176,1.38176,1.38176,1.38176,0,1779588000.0,USDCAD
61,2026-05-24 02:05:00,1.38176,1.38176,1.38176,1.38176,0,1779588300.0,USDCAD
61,2026-05-24 02:10:00,1.38176,1.38176,1.38176,1.38176,0,1779588600.0,USDCAD
61,2026-05-24 02:15:00,1.38176,1.38176,1.38176,1.38176,0,1779588900.0,USDCAD
61,2026-05-24 02:20:00,1.38176,1.38176,1.38176,1.38176,0,1779589200.0,USDCAD
61,2026-05-24 02:25:00,1.38176,1.38176,1.38176,1.38176,0,1779589500.0,USDCAD
61,2026-05-24 02:30:00,1.38176,1.38176,1.38176,1.38176,0,1779589800.0,USDCAD
61,2026-05-24 02:35:00,1.38176,1.38176,1.38176,1.38176,0,1779590100.0,USDCAD
61,2026-05-24 02:40:00,1.38176,1.38176,1.38176,1.38176,0,1779590400.0,USDCAD
61,2026-05-24 02:45:00,1.38176,1.38176,1.38176,1.38176,0,1779590700.0,USDCAD
61,2026-05-24 02:50:00,1.38176,1.38176,1.38176,1.38176,0,1779591000.0,USDCAD
61,2026-05-24 02:55:00,1.38176,1.38176,1.38176,1.38176,0,1779591300.0,USDCAD
61,2026-05-24 03:00:00,1.38176,1.38176,1.38176,1.38176,0,1779591600.0,USDCAD
61,2026-05-24 03:05:00,1.38176,1.38176,1.38176,1.38176,0,1779591900.0,USDCAD
61,2026-05-24 03:10:00,1.38176,1.38176,1.38176,1.38176,0,1779592200.0,USDCAD
61,2026-05-24 03:15:00,1.38176,1.38176,1.38176,1.38176,0,1779592500.0,USDCAD
61,2026-05-24 03:20:00,1.38176,1.38176,1.38176,1.38176,0,1779592800.0,USDCAD
61,2026-05-24 03:25:00,1.38176,1.38176,1.38176,1.38176,0,1779593100.0,USDCAD
61,2026-05-24 03:30:00,1.38176,1.38176,1.38176,1.38176,0,1779593400.0,USDCAD
61,2026-05-24 03:35:00,1.38176,1.38176,1.38176,1.38176,0,1779593700.0,USDCAD
61,2026-05-24 03:40:00,1.38176,1.38176,1.38176,1.38176,0,1779594000.0,USDCAD
61,2026-05-24 03:45:00,1.38176,1.38176,1.38176,1.38176,0,1779594300.0,USDCAD
61,2026-05-24 03:50:00,1.38176,1.38176,1.38176,1.38176,0,1779594600.0,USDCAD
61,2026-05-24 03:55:00,1.38176,1.38176,1.38176,1.38176,0,1779594900.0,USDCAD
61,2026-05-24 04:00:00,1.38176,1.38176,1.38176,1.38176,0,1779595200.0,USDCAD
61,2026-05-24 04:05:00,1.38176,1.38176,1.38176,1.38176,0,1779595500.0,USDCAD
61,2026-05-24 04:10:00,1.38176,1.38176,1.38176,1.38176,0,1779595800.0,USDCAD
61,2026-05-24 04:15:00,1.38176,1.38176,1.38176,1.38176,0,1779596100.0,USDCAD
61,2026-05-24 04:20:00,1.38176,1.38176,1.38176,1.38176,0,1779596400.0,USDCAD
61,2026-05-24 04:25:00,1.38176,1.38176,1.38176,1.38176,0,1779596700.0,USDCAD
61,2026-05-24 04:30:00,1.38176,1.38176,1.38176,1.38176,0,1779597000.0,USDCAD
61,2026-05-24 04:35:00,1.38176,1.38176,1.38176,1.38176,0,1779597300.0,USDCAD
61,2026-05-24 04:40:00,1.38176,1.38176,1.38176,1.38176,0,1779597600.0,USDCAD
61,2026-05-24 04:45:00,1.38176,1.38176,1.38176,1.38176,0,1779597900.0,USDCAD
61,2026-05-24 04:50:00,1.38176,1.38176,1.38176,1.38176,0,1779598200.0,USDCAD
61,2026-05-24 04:55:00,1.38176,1.38176,1.38176,1.38176,0,1779598500.0,USDCAD
61,2026-05-24 05:00:00,1.38176,1.38176,1.38176,1.38176,0,1779598800.0,USDCAD
61,2026-05-24 05:05:00,1.38176,1.38176,1.38176,1.38176,0,1779599100.0,USDCAD
61,2026-05-24 05:10:00,1.38176,1.38176,1.38176,1.38176,0,1779599400.0,USDCAD
61,2026-05-24 05:15:00,1.38176,1.38176,1.38176,1.38176,0,1779599700.0,USDCAD
61,2026-05-24 05:20:00,1.38176,1.38176,1.38176,1.38176,0,1779600000.0,USDCAD
61,2026-05-24 05:25:00,1.38176,1.38176,1.38176,1.38176,0,1779600300.0,USDCAD
61,2026-05-24 05:30:00,1.38176,1.38176,1.38176,1.38176,0,1779600600.0,USDCAD
61,2026-05-24 05:35:00,1.38176,1.38176,1.38176,1.38176,0,1779600900.0,USDCAD
61,2026-05-24 05:40:00,1.38176,1.38176,1.38176,1.38176,0,1779601200.0,USDCAD
61,2026-05-24 05:45:00,1.38176,1.38176,1.38176,1.38176,0,1779601500.0,USDCAD
61,2026-05-24 05:50:00,1.38176,1.38176,1.38176,1.38176,0,1779601800.0,USDCAD
61,2026-05-24 05:55:00,1.38176,1.38176,1.38176,1.38176,0,1779602100.0,USDCAD
61,2026-05-24 06:00:00,1.38176,1.38176,1.38176,1.38176,0,1779602400.0,USDCAD
61,2026-05-24 06:05:00,1.38176,1.38176,1.38176,1.38176,0,1779602700.0,USDCAD
61,2026-05-24 06:10:00,1.38176,1.38176,1.38176,1.38176,0,1779603000.0,USDCAD
61,2026-05-24 06:15:00,1.38176,1.38176,1.38176,1.38176,0,1779603300.0,USDCAD
61,2026-05-24 06:20:00,1.38176,1.38176,1.38176,1.38176,0,1779603600.0,USDCAD
61,2026-05-24 06:25:00,1.38176,1.38176,1.38176,1.38176,0,1779603900.0,USDCAD
61,2026-05-24 06:30:00,1.38176,1.38176,1.38176,1.38176,0,1779604200.0,USDCAD
61,2026-05-24 06:35:00,1.38176,1.38176,1.38176,1.38176,0,1779604500.0,USDCAD
61,2026-05-24 06:40:00,1.38176,1.38176,1.38176,1.38176,0,1779604800.0,USDCAD
61,2026-05-24 06:45:00,1.38176,1.38176,1.38176,1.38176,0,1779605100.0,USDCAD
61,2026-05-24 06:50:00,1.38176,1.38176,1.38176,1.38176,0,1779605400.0,USDCAD
61,2026-05-24 06:55:00,1.38176,1.38176,1.38176,1.38176,0,1779605700.0,USDCAD
61,2026-05-24 07:00:00,1.38176,1.38176,1.38176,1.38176,0,1779606000.0,USDCAD
61,2026-05-24 07:05:00,1.38176,1.38176,1.38176,1.38176,0,1779606300.0,USDCAD
61,2026-05-24 07:10:00,1.38176,1.38176,1.38176,1.38176,0,1779606600.0,USDCAD
61,2026-05-24 07:15:00,1.38176,1.38176,1.38176,1.38176,0,1779606900.0,USDCAD
61,2026-05-24 07:20:00,1.38176,1.38176,1.38176,1.38176,0,1779607200.0,USDCAD
61,2026-05-24 07:25:00,1.38176,1.38176,1.38176,1.38176,0,1779607500.0,USDCAD
61,2026-05-24 07:30:00,1.38176,1.38176,1.38176,1.38176,0,1779607800.0,USDCAD
61,2026-05-24 07:35:00,1.38176,1.38176,1.38176,1.38176,0,1779608100.0,USDCAD
61,2026-05-24 07:40:00,1.38176,1.38176,1.38176,1.38176,0,1779608400.0,USDCAD
61,2026-05-24 07:45:00,1.38176,1.38176,1.38176,1.38176,0,1779608700.0,USDCAD
61,2026-05-24 07:50:00,1.38176,1.38176,1.38176,1.38176,0,1779609000.0,USDCAD
61,2026-05-24 07:55:00,1.38176,1.38176,1.38176,1.38176,0,1779609300.0,USDCAD
61,2026-05-24 08:00:00,1.38176,1.38176,1.38176,1.38176,0,1779609600.0,USDCAD
61,2026-05-24 08:05:00,1.38176,1.38176,1.38176,1.38176,0,1779609900.0,USDCAD
61,2026-05-24 08:10:00,1.38176,1.38176,1.38176,1.38176,0,1779610200.0,USDCAD
61,2026-05-24 08:15:00,1.38176,1.38176,1.38176,1.38176,0,1779610500.0,USDCAD
61,2026-05-24 08:20:00,1.38176,1.38176,1.38176,1.38176,0,1779610800.0,USDCAD
61,2026-05-24 08:25:00,1.38176,1.38176,1.38176,1.38176,0,1779611100.0,USDCAD
61,2026-05-24 08:30:00,1.38176,1.38176,1.38176,1.38176,0,1779611400.0,USDCAD
61,2026-05-24 08:35:00,1.38176,1.38176,1.38176,1.38176,0,1779611700.0,USDCAD
61,2026-05-24 08:40:00,1.38176,1.38176,1.38176,1.38176,0,1779612000.0,USDCAD
61,2026-05-24 08:45:00,1.38176,1.38176,1.38176,1.38176,0,1779612300.0,USDCAD
61,2026-05-24 08:50:00,1.38176,1.38176,1.38176,1.38176,0,1779612600.0,USDCAD
61,2026-05-24 08:55:00,1.38176,1.38176,1.38176,1.38176,0,1779612900.0,USDCAD
61,2026-05-24 09:00:00,1.38176,1.38176,1.38176,1.38176,0,1779613200.0,USDCAD
61,2026-05-24 09:05:00,1.38176,1.38176,1.38176,1.38176,0,1779613500.0,USDCAD
61,2026-05-24 09:10:00,1.38176,1.38176,1.38176,1.38176,0,1779613800.0,USDCAD
61,2026-05-24 09:15:00,1.38176,1.38176,1.38176,1.38176,0,1779614100.0,USDCAD
61,2026-05-24 09:20:00,1.38176,1.38176,1.38176,1.38176,0,1779614400.0,USDCAD
61,2026-05-24 09:25:00,1.38176,1.38176,1.38176,1.38176,0,1779614700.0,USDCAD
61,2026-05-24 09:30:00,1.38176,1.38176,1.38176,1.38176,0,1779615000.0,USDCAD
61,2026-05-24 09:35:00,1.38176,1.38176,1.38176,1.38176,0,1779615300.0,USDCAD
61,2026-05-24 09:40:00,1.38176,1.38176,1.38176,1.38176,0,1779615600.0,USDCAD
61,2026-05-24 09:45:00,1.38176,1.38176,1.38176,1.38176,0,1779615900.0,USDCAD
61,2026-05-24 09:50:00,1.38176,1.38176,1.38176,1.38176,0,1779616200.0,USDCAD
61,2026-05-24 09:55:00,1.38176,1.38176,1.38176,1.38176,0,1779616500.0,USDCAD
61,2026-05-24 10:00:00,1.38176,1.38176,1.38176,1.38176,0,1779616800.0,USDCAD
61,2026-05-24 10:05:00,1.38176,1.38176,1.38176,1.38176,0,1779617100.0,USDCAD
61,2026-05-24 10:10:00,1.38176,1.38176,1.38176,1.38176,0,1779617400.0,USDCAD
61,2026-05-24 10:15:00,1.38176,1.38176,1.38176,1.38176,0,1779617700.0,USDCAD
61,2026-05-24 10:20:00,1.38176,1.38176,1.38176,1.38176,0,1779618000.0,USDCAD
61,2026-05-24 10:25:00,1.38176,1.38176,1.38176,1.38176,0,1779618300.0,USDCAD
61,2026-05-24 10:30:00,1.38176,1.38176,1.38176,1.38176,0,1779618600.0,USDCAD
61,2026-05-24 10:35:00,1.38176,1.38176,1.38176,1.38176,0,1779618900.0,USDCAD
61,2026-05-24 10:40:00,1.38176,1.38176,1.38176,1.38176,0,1779619200.0,USDCAD
61,2026-05-24 10:45:00,1.38176,1.38176,1.38176,1.38176,0,1779619500.0,USDCAD
61,2026-05-24 10:50:00,1.38176,1.38176,1.38176,1.38176,0,1779619800.0,USDCAD
61,2026-05-24 10:55:00,1.38176,1.38176,1.38176,1.38176,0,1779620100.0,USDCAD
61,2026-05-24 11:00:00,1.38176,1.38176,1.38176,1.38176,0,1779620400.0,USDCAD
61,2026-05-24 11:05:00,1.38176,1.38176,1.38176,1.38176,0,1779620700.0,USDCAD
61,2026-05-24 11:10:00,1.38176,1.38176,1.38176,1.38176,0,1779621000.0,USDCAD
61,2026-05-24 11:15:00,1.38176,1.38176,1.38176,1.38176,0,1779621300.0,USDCAD
61,2026-05-24 11:20:00,1.38176,1.38176,1.38176,1.38176,0,1779621600.0,USDCAD
61,2026-05-24 11:25:00,1.38176,1.38176,1.38176,1.38176,0,1779621900.0,USDCAD
61,2026-05-24 11:30:00,1.38176,1.38176,1.38176,1.38176,0,1779622200.0,USDCAD
61,2026-05-24 11:35:00,1.38176,1.38176,1.38176,1.38176,0,1779622500.0,USDCAD
61,2026-05-24 11:40:00,1.38176,1.38176,1.38176,1.38176,0,1779622800.0,USDCAD
61,2026-05-24 11:45:00,1.38176,1.38176,1.38176,1.38176,0,1779623100.0,USDCAD
61,2026-05-24 11:50:00,1.38176,1.38176,1.38176,1.38176,0,1779623400.0,USDCAD
61,2026-05-24 11:55:00,1.38176,1.38176,1.38176,1.38176,0,1779623700.0,USDCAD
61,2026-05-24 12:00:00,1.38176,1.38176,1.38176,1.38176,0,1779624000.0,USDCAD
61,2026-05-24 12:05:00,1.38176,1.38176,1.38176,1.38176,0,1779624300.0,USDCAD
61,2026-05-24 12:10:00,1.38176,1.38176,1.38176,1.38176,0,1779624600.0,USDCAD
61,2026-05-24 12:15:00,1.38176,1.38176,1.38176,1.38176,0,1779624900.0,USDCAD
61,2026-05-24 12:20:00,1.38176,1.38176,1.38176,1.38176,0,1779625200.0,USDCAD
61,2026-05-24 12:25:00,1.38176,1.38176,1.38176,1.38176,0,1779625500.0,USDCAD
61,2026-05-24 12:30:00,1.38176,1.38176,1.38176,1.38176,0,1779625800.0,USDCAD
61,2026-05-24 12:35:00,1.38176,1.38176,1.38176,1.38176,0,1779626100.0,USDCAD
61,2026-05-24 12:40:00,1.38176,1.38176,1.38176,1.38176,0,1779626400.0,USDCAD
61,2026-05-24 12:45:00,1.38176,1.38176,1.38176,1.38176,0,1779626700.0,USDCAD
61,2026-05-24 12:50:00,1.38176,1.38176,1.38176,1.38176,0,1779627000.0,USDCAD
61,2026-05-24 12:55:00,1.38176,1.38176,1.38176,1.38176,0,1779627300.0,USDCAD
61,2026-05-24 13:00:00,1.38176,1.38176,1.38176,1.38176,0,1779627600.0,USDCAD
61,2026-05-24 13:05:00,1.38176,1.38176,1.38176,1.38176,0,1779627900.0,USDCAD
61,2026-05-24 13:10:00,1.38176,1.38176,1.38176,1.38176,0,1779628200.0,USDCAD
61,2026-05-24 13:15:00,1.38176,1.38176,1.38176,1.38176,0,1779628500.0,USDCAD
61,2026-05-24 13:20:00,1.38176,1.38176,1.38176,1.38176,0,1779628800.0,USDCAD
61,2026-05-24 13:25:00,1.38176,1.38176,1.38176,1.38176,0,1779629100.0,USDCAD
61,2026-05-24 13:30:00,1.38176,1.38176,1.38176,1.38176,0,1779629400.0,USDCAD
61,2026-05-24 13:35:00,1.38176,1.38176,1.38176,1.38176,0,1779629700.0,USDCAD
61,2026-05-24 13:40:00,1.38176,1.38176,1.38176,1.38176,0,1779630000.0,USDCAD
61,2026-05-24 13:45:00,1.38176,1.38176,1.38176,1.38176,0,1779630300.0,USDCAD
61,2026-05-24 13:50:00,1.38176,1.38176,1.38176,1.38176,0,1779630600.0,USDCAD
61,2026-05-24 13:55:00,1.38176,1.38176,1.38176,1.38176,0,1779630900.0,USDCAD
61,2026-05-24 14:00:00,1.38176,1.38176,1.38176,1.38176,0,1779631200.0,USDCAD
61,2026-05-24 14:05:00,1.38176,1.38176,1.38176,1.38176,0,1779631500.0,USDCAD
61,2026-05-24 14:10:00,1.38176,1.38176,1.38176,1.38176,0,1779631800.0,USDCAD
61,2026-05-24 14:15:00,1.38176,1.38176,1.38176,1.38176,0,1779632100.0,USDCAD
61,2026-05-24 14:20:00,1.38176,1.38176,1.38176,1.38176,0,1779632400.0,USDCAD
61,2026-05-24 14:25:00,1.38176,1.38176,1.38176,1.38176,0,1779632700.0,USDCAD
61,2026-05-24 14:30:00,1.38176,1.38176,1.38176,1.38176,0,1779633000.0,USDCAD
61,2026-05-24 14:35:00,1.38176,1.38176,1.38176,1.38176,0,1779633300.0,USDCAD
61,2026-05-24 14:40:00,1.38176,1.38176,1.38176,1.38176,0,1779633600.0,USDCAD
61,2026-05-24 14:45:00,1.38176,1.38176,1.38176,1.38176,0,1779633900.0,USDCAD
61,2026-05-24 14:50:00,1.38176,1.38176,1.38176,1.38176,0,1779634200.0,USDCAD
61,2026-05-24 14:55:00,1.38176,1.38176,1.38176,1.38176,0,1779634500.0,USDCAD
61,2026-05-24 15:00:00,1.38176,1.38176,1.38176,1.38176,0,1779634800.0,USDCAD
61,2026-05-24 15:05:00,1.38176,1.38176,1.38176,1.38176,0,1779635100.0,USDCAD
61,2026-05-24 15:10:00,1.38176,1.38176,1.38176,1.38176,0,1779635400.0,USDCAD
61,2026-05-24 15:15:00,1.38176,1.38176,1.38176,1.38176,0,1779635700.0,USDCAD
61,2026-05-24 15:20:00,1.38176,1.38176,1.38176,1.38176,0,1779636000.0,USDCAD
61,2026-05-24 15:25:00,1.38176,1.38176,1.38176,1.38176,0,1779636300.0,USDCAD
61,2026-05-24 15:30:00,1.38176,1.38176,1.38176,1.38176,0,1779636600.0,USDCAD
61,2026-05-24 15:35:00,1.38176,1.38176,1.38176,1.38176,0,1779636900.0,USDCAD
61,2026-05-24 15:40:00,1.38176,1.38176,1.38176,1.38176,0,1779637200.0,USDCAD
61,2026-05-24 15:45:00,1.38176,1.38176,1.38176,1.38176,0,1779637500.0,USDCAD
61,2026-05-24 15:50:00,1.38176,1.38176,1.38176,1.38176,0,1779637800.0,USDCAD
61,2026-05-24 15:55:00,1.38176,1.38176,1.38176,1.38176,0,1779638100.0,USDCAD
61,2026-05-24 16:00:00,1.38176,1.38176,1.38176,1.38176,0,1779638400.0,USDCAD
61,2026-05-24 16:05:00,1.38176,1.38176,1.38176,1.38176,0,1779638700.0,USDCAD
61,2026-05-24 16:10:00,1.38176,1.38176,1.38176,1.38176,0,1779639000.0,USDCAD
61,2026-05-24 16:15:00,1.38176,1.38176,1.38176,1.38176,0,1779639300.0,USDCAD
61,2026-05-24 16:20:00,1.38176,1.38176,1.38176,1.38176,0,1779639600.0,USDCAD
61,2026-05-24 16:25:00,1.38176,1.38176,1.38176,1.38176,0,1779639900.0,USDCAD
61,2026-05-24 16:30:00,1.38176,1.38176,1.38176,1.38176,0,1779640200.0,USDCAD
61,2026-05-24 16:35:00,1.38176,1.38176,1.38176,1.38176,0,1779640500.0,USDCAD
61,2026-05-24 16:40:00,1.38176,1.38176,1.38176,1.38176,0,1779640800.0,USDCAD
61,2026-05-24 16:45:00,1.38176,1.38176,1.38176,1.38176,0,1779641100.0,USDCAD
61,2026-05-24 16:50:00,1.38176,1.38176,1.38176,1.38176,0,1779641400.0,USDCAD
61,2026-05-24 16:55:00,1.38176,1.38176,1.38176,1.38176,0,1779641700.0,USDCAD
61,2026-05-24 17:00:00,1.38176,1.38176,1.38176,1.38176,0,1779642000.0,USDCAD
61,2026-05-24 17:05:00,1.38176,1.38176,1.38176,1.38176,0,1779642300.0,USDCAD
61,2026-05-24 17:10:00,1.38176,1.38176,1.38176,1.38176,0,1779642600.0,USDCAD
61,2026-05-24 17:15:00,1.38176,1.38176,1.38176,1.38176,0,1779642900.0,USDCAD
61,2026-05-24 17:20:00,1.38176,1.38176,1.38176,1.38176,0,1779643200.0,USDCAD
61,2026-05-24 17:25:00,1.38176,1.38176,1.38176,1.38176,0,1779643500.0,USDCAD
61,2026-05-24 17:30:00,1.38176,1.38176,1.38176,1.38176,0,1779643800.0,USDCAD
61,2026-05-24 17:35:00,1.38176,1.38176,1.38176,1.38176,0,1779644100.0,USDCAD
61,2026-05-24 17:40:00,1.38176,1.38176,1.38176,1.38176,0,1779644400.0,USDCAD
61,2026-05-24 17:45:00,1.38176,1.38176,1.38176,1.38176,0,1779644700.0,USDCAD
61,2026-05-24 17:50:00,1.38176,1.38176,1.38176,1.38176,0,1779645000.0,USDCAD
61,2026-05-24 17:55:00,1.38176,1.38176,1.38176,1.38176,0,1779645300.0,USDCAD
61,2026-05-24 18:00:00,1.38176,1.38176,1.38176,1.38176,0,1779645600.0,USDCAD
61,2026-05-24 18:05:00,1.38176,1.38176,1.38176,1.38176,0,1779645900.0,USDCAD
61,2026-05-24 18:10:00,1.38176,1.38176,1.38176,1.38176,0,1779646200.0,USDCAD
61,2026-05-24 18:15:00,1.38176,1.38176,1.38176,1.38176,0,1779646500.0,USDCAD
61,2026-05-24 18:20:00,1.38176,1.38176,1.38176,1.38176,0,1779646800.0,USDCAD
61,2026-05-24 18:25:00,1.38176,1.38176,1.38176,1.38176,0,1779647100.0,USDCAD
61,2026-05-24 18:30:00,1.38176,1.38176,1.38176,1.38176,0,1779647400.0,USDCAD
61,2026-05-24 18:35:00,1.38176,1.38176,1.38176,1.38176,0,1779647700.0,USDCAD
61,2026-05-24 18:40:00,1.38176,1.38176,1.38176,1.38176,0,1779648000.0,USDCAD
61,2026-05-24 18:45:00,1.38176,1.38176,1.38176,1.38176,0,1779648300.0,USDCAD
61,2026-05-24 18:50:00,1.38176,1.38176,1.38176,1.38176,0,1779648600.0,USDCAD
61,2026-05-24 18:55:00,1.38176,1.38176,1.38176,1.38176,0,1779648900.0,USDCAD
61,2026-05-24 19:00:00,1.38176,1.38176,1.38176,1.38176,0,1779649200.0,USDCAD
61,2026-05-24 19:05:00,1.38176,1.38176,1.38176,1.38176,0,1779649500.0,USDCAD
61,2026-05-24 19:10:00,1.38176,1.38176,1.38176,1.38176,0,1779649800.0,USDCAD
61,2026-05-24 19:15:00,1.38176,1.38176,1.38176,1.38176,0,1779650100.0,USDCAD
61,2026-05-24 19:20:00,1.38176,1.38176,1.38176,1.38176,0,1779650400.0,USDCAD
61,2026-05-24 19:25:00,1.38176,1.38176,1.38176,1.38176,0,1779650700.0,USDCAD
61,2026-05-24 19:30:00,1.38176,1.38176,1.38176,1.38176,0,1779651000.0,USDCAD
61,2026-05-24 19:35:00,1.38176,1.38176,1.38176,1.38176,0,1779651300.0,USDCAD
61,2026-05-24 19:40:00,1.38176,1.38176,1.38176,1.38176,0,1779651600.0,USDCAD
61,2026-05-24 19:45:00,1.38176,1.38176,1.38176,1.38176,0,1779651900.0,USDCAD
61,2026-05-24 19:50:00,1.38176,1.38176,1.38176,1.38176,0,1779652200.0,USDCAD
61,2026-05-24 19:55:00,1.38176,1.38176,1.38176,1.38176,0,1779652500.0,USDCAD
61,2026-05-24 20:00:00,1.38176,1.3805,1.38176,1.3805,288,1779653099.038,USDCAD
61,2026-05-24 20:05:00,1.3805,1.3805,1.3805,1.3805,300,1779653399.034,USDCAD
61,2026-05-24 20:10:00,1.3805,1.38075,1.38075,1.3805,68,1779653518.0,USDCAD
61,2026-05-24 20:15:00,1.38075,1.38075,1.38075,1.38075,0,1779653700.0,USDCAD
61,2026-05-24 20:20:00,1.38075,1.38075,1.38075,1.38075,0,1779654000.0,USDCAD
61,2026-05-24 20:25:00,1.38075,1.38075,1.38075,1.38075,0,1779654300.0,USDCAD
61,2026-05-24 20:30:00,1.38075,1.38075,1.38075,1.38075,0,1779654600.0,USDCAD
61,2026-05-24 20:35:00,1.38075,1.38075,1.38075,1.38075,0,1779654900.0,USDCAD
61,2026-05-24 20:40:00,1.3812,1.3812,1.3812,1.3812,292,1779655499.036,USDCAD
61,2026-05-24 20:45:00,1.3812,1.3812,1.3812,1.3812,271,1779655799.023,USDCAD
61,2026-05-24 20:50:00,1.3812,1.3812,1.3812,1.3812,294,1779656099.036,USDCAD
61,2026-05-24 20:55:00,1.3812,1.3812,1.3812,1.3812,296,1779656395.092,USDCAD
61,2026-05-24 21:00:00,1.38095,1.38095,1.38095,1.38092,264,1779656699.018,USDCAD
61,2026-05-24 21:05:00,1.38095,1.38071,1.38095,1.38071,295,1779656999.036,USDCAD
61,2026-05-24 21:10:00,1.38071,1.38087,1.38087,1.38064,304,1779657299.021,USDCAD
61,2026-05-24 21:15:00,1.38087,1.38068,1.38087,1.38066,285,1779657598.034,USDCAD
61,2026-05-24 21:20:00,1.38068,1.38085,1.38132,1.38068,355,1779657899.093,USDCAD
61,2026-05-24 21:25:00,1.38085,1.38078,1.38085,1.3807,326,1779658199.007,USDCAD
61,2026-05-24 21:30:00,1.38078,1.38077,1.38082,1.38071,294,1779658499.008,USDCAD
61,2026-05-24 21:35:00,1.38077,1.38077,1.38079,1.38075,284,1779658799.012,USDCAD
61,2026-05-24 21:40:00,1.38077,1.38114,1.38146,1.38077,474,1779659099.024,USDCAD
61,2026-05-24 21:45:00,1.38114,1.38116,1.38133,1.38097,389,1779659399.018,USDCAD
61,2026-05-24 21:50:00,1.38116,1.3813,1.3814,1.38104,461,1779659699.024,USDCAD
61,2026-05-24 21:55:00,1.3813,1.38141,1.38141,1.3812,343,1779659999.03,USDCAD
61,2026-05-24 22:00:00,1.38141,1.38088,1.38141,1.38075,445,1779660299.019,USDCAD
61,2026-05-24 22:05:00,1.38088,1.38079,1.38093,1.38079,343,1779660599.009,USDCAD
61,2026-05-24 22:10:00,1.38079,1.38058,1.3808,1.38042,415,1779660899.019,USDCAD
61,2026-05-24 22:15:00,1.38058,1.3805,1.38067,1.38037,479,1779661199.122,USDCAD
61,2026-05-24 22:20:00,1.3805,1.3804,1.38056,1.38029,417,1779661499.002,USDCAD
61,2026-05-24 22:25:00,1.3804,1.38026,1.38041,1.38018,392,1779661799.027,USDCAD
61,2026-05-24 22:30:00,1.38026,1.38009,1.38027,1.37998,425,1779662099.094,USDCAD
61,2026-05-24 22:35:00,1.38009,1.38,1.38011,1.38,419,1779662399.092,USDCAD
61,2026-05-24 22:40:00,1.38,1.38002,1.38012,1.37993,420,1779662699.695,USDCAD
61,2026-05-24 22:45:00,1.38002,1.38007,1.38016,1.37994,430,1779662999.0,USDCAD
61,2026-05-24 22:50:00,1.38007,1.38014,1.38016,1.38007,363,1779663299.019,USDCAD
61,2026-05-24 22:55:00,1.38014,1.38021,1.38026,1.38014,362,1779663599.0,USDCAD
61,2026-05-24 23:00:00,1.38021,1.38002,1.38021,1.38001,388,1779663899.403,USDCAD
61,2026-05-24 23:05:00,1.38002,1.37994,1.38006,1.37992,425,1779664199.022,USDCAD
61,2026-05-24 23:10:00,1.37994,1.37997,1.38002,1.37993,419,1779664499.906,USDCAD
61,2026-05-24 23:15:00,1.37997,1.37998,1.37999,1.37994,346,1779664799.014,USDCAD
61,2026-05-24 23:20:00,1.37998,1.37989,1.37998,1.37984,352,1779665099.037,USDCAD
61,2026-05-24 23:25:00,1.37989,1.37993,1.37995,1.37983,344,1779665399.016,USDCAD
61,2026-05-24 23:30:00,1.37993,1.38004,1.38007,1.37992,385,1779665698.039,USDCAD
61,2026-05-24 23:35:00,1.38004,1.38006,1.38016,1.38003,354,1779665999.017,USDCAD
61,2026-05-24 23:40:00,1.38006,1.38022,1.38023,1.38006,387,1779666299.093,USDCAD
61,2026-05-24 23:45:00,1.38022,1.38016,1.38025,1.38013,432,1779666599.034,USDCAD
61,2026-05-24 23:50:00,1.38016,1.38027,1.38034,1.38014,397,1779666899.036,USDCAD
61,2026-05-24 23:55:00,1.38027,1.38028,1.38045,1.38022,431,1779667199.035,USDCAD
61,2026-05-25 00:00:00,1.38028,1.38053,1.38054,1.38027,477,1779667499.032,USDCAD
61,2026-05-25 00:05:00,1.38053,1.38051,1.38062,1.38047,399,1779667799.016,USDCAD
61,2026-05-25 00:10:00,1.38051,1.3805,1.38055,1.38041,481,1779668099.013,USDCAD
61,2026-05-25 00:15:00,1.3805,1.3807,1.38077,1.3805,567,1779668399.094,USDCAD
61,2026-05-25 00:20:00,1.3807,1.38051,1.38072,1.3805,570,1779668699.016,USDCAD
61,2026-05-25 00:25:00,1.38051,1.38061,1.38074,1.38051,453,1779668999.837,USDCAD
61,2026-05-25 00:30:00,1.38061,1.3807,1.38075,1.38052,483,1779669299.692,USDCAD
61,2026-05-25 00:35:00,1.3807,1.3807,1.38081,1.38065,478,1779669599.001,USDCAD
61,2026-05-25 00:40:00,1.3807,1.3807,1.38076,1.38064,437,1779669898.023,USDCAD
61,2026-05-25 00:45:00,1.3807,1.38035,1.38074,1.38028,570,1779670199.027,USDCAD
61,2026-05-25 00:50:00,1.38035,1.38017,1.38038,1.38016,506,1779670499.902,USDCAD
61,2026-05-25 00:55:00,1.38017,1.38037,1.3805,1.38015,656,1779670799.395,USDCAD
61,2026-05-25 01:00:00,1.38037,1.3803,1.38061,1.38028,582,1779671099.093,USDCAD
61,2026-05-25 01:05:00,1.3803,1.38037,1.38042,1.38013,475,1779671399.04,USDCAD
61,2026-05-25 01:10:00,1.38037,1.37983,1.38041,1.37983,503,1779671699.007,USDCAD
61,2026-05-25 01:15:00,1.37983,1.37976,1.37993,1.37975,449,1779671999.294,USDCAD
61,2026-05-25 01:20:00,1.37976,1.37967,1.3798,1.37963,392,1779672299.002,USDCAD
61,2026-05-25 01:25:00,1.37967,1.3796,1.37974,1.37957,437,1779672599.041,USDCAD
61,2026-05-25 01:30:00,1.3796,1.37986,1.37994,1.37956,485,1779672899.019,USDCAD
61,2026-05-25 01:35:00,1.37986,1.37972,1.37986,1.37965,364,1779673199.032,USDCAD
61,2026-05-25 01:40:00,1.37972,1.37977,1.37986,1.3797,402,1779673499.038,USDCAD
61,2026-05-25 01:45:00,1.37977,1.37984,1.37987,1.3797,383,1779673799.008,USDCAD
61,2026-05-25 01:50:00,1.37984,1.37992,1.37994,1.3798,411,1779674099.0,USDCAD
61,2026-05-25 01:55:00,1.37992,1.37994,1.37994,1.37986,413,1779674399.027,USDCAD
61,2026-05-25 02:00:00,1.37994,1.37987,1.37994,1.37983,430,1779674699.094,USDCAD
61,2026-05-25 02:05:00,1.37987,1.37964,1.37987,1.37961,428,1779674999.039,USDCAD
61,2026-05-25 02:10:00,1.37964,1.37976,1.37977,1.37961,380,1779675299.007,USDCAD
61,2026-05-25 02:15:00,1.37976,1.37973,1.37982,1.37973,400,1779675599.024,USDCAD
61,2026-05-25 02:20:00,1.37973,1.37982,1.37983,1.37967,353,1779675899.023,USDCAD
61,2026-05-25 02:25:00,1.37982,1.3798,1.37989,1.37975,377,1779676199.013,USDCAD
61,2026-05-25 02:30:00,1.3798,1.37977,1.37982,1.37974,361,1779676499.022,USDCAD
61,2026-05-25 02:35:00,1.37977,1.37987,1.37987,1.37974,391,1779676799.993,USDCAD
61,2026-05-25 02:40:00,1.37987,1.37983,1.3799,1.37982,393,1779677099.005,USDCAD
61,2026-05-25 02:45:00,1.37983,1.37988,1.37993,1.37982,396,1779677399.542,USDCAD
61,2026-05-25 02:50:00,1.37988,1.37996,1.37997,1.37987,372,1779677699.013,USDCAD
61,2026-05-25 02:55:00,1.37996,1.38006,1.38014,1.37996,419,1779677999.024,USDCAD
61,2026-05-25 03:00:00,1.38006,1.3801,1.38017,1.37996,438,1779678298.036,USDCAD
61,2026-05-25 03:05:00,1.3801,1.38022,1.38023,1.3801,398,1779678599.901,USDCAD
61,2026-05-25 03:10:00,1.38022,1.38022,1.38023,1.38016,415,1779678899.021,USDCAD
61,2026-05-25 03:15:00,1.38022,1.38035,1.38037,1.38021,431,1779679199.044,USDCAD
61,2026-05-25 03:20:00,1.38035,1.38041,1.38041,1.38026,407,1779679499.04,USDCAD
61,2026-05-25 03:25:00,1.38041,1.38053,1.38055,1.38033,382,1779679799.029,USDCAD
61,2026-05-25 03:30:00,1.38053,1.38053,1.38055,1.38044,429,1779680099.093,USDCAD
61,2026-05-25 03:35:00,1.38053,1.3807,1.38074,1.38049,621,1779680399.293,USDCAD
61,2026-05-25 03:40:00,1.3807,1.38079,1.38081,1.3807,419,1779680699.003,USDCAD
61,2026-05-25 03:45:00,1.38079,1.38084,1.38089,1.38077,431,1779680999.092,USDCAD
61,2026-05-25 03:50:00,1.38084,1.38101,1.38101,1.38082,461,1779681299.043,USDCAD
61,2026-05-25 03:55:00,1.38101,1.38087,1.38104,1.38082,438,1779681599.793,USDCAD
61,2026-05-25 04:00:00,1.38087,1.38075,1.38089,1.38072,406,1779681899.037,USDCAD
61,2026-05-25 04:05:00,1.38075,1.38097,1.38099,1.38071,392,1779682199.993,USDCAD
61,2026-05-25 04:10:00,1.38097,1.38101,1.38102,1.38094,399,1779682499.003,USDCAD
61,2026-05-25 04:15:00,1.38101,1.38105,1.38108,1.38097,390,1779682798.095,USDCAD
61,2026-05-25 04:20:00,1.38105,1.38096,1.38106,1.38089,346,1779683099.013,USDCAD
61,2026-05-25 04:25:00,1.38096,1.38094,1.38098,1.38089,413,1779683399.022,USDCAD
61,2026-05-25 04:30:00,1.38094,1.38076,1.38097,1.38074,444,1779683699.394,USDCAD
61,2026-05-25 04:35:00,1.38076,1.38081,1.38089,1.38075,403,1779683999.001,USDCAD
61,2026-05-25 04:40:00,1.38081,1.38079,1.38082,1.3807,380,1779684299.007,USDCAD
61,2026-05-25 04:45:00,1.38079,1.38068,1.38079,1.38064,414,1779684599.036,USDCAD
61,2026-05-25 04:50:00,1.38068,1.38064,1.3807,1.38057,382,1779684899.093,USDCAD
61,2026-05-25 04:55:00,1.38064,1.38061,1.38064,1.3805,388,1779685199.021,USDCAD
61,2026-05-25 05:00:00,1.38061,1.38054,1.38064,1.38052,401,1779685499.737,USDCAD
61,2026-05-25 05:05:00,1.38054,1.38053,1.38057,1.3804,423,1779685799.021,USDCAD
61,2026-05-25 05:10:00,1.38053,1.38057,1.38062,1.38043,443,1779686099.018,USDCAD
61,2026-05-25 05:15:00,1.38057,1.38052,1.3806,1.3805,422,1779686399.993,USDCAD
61,2026-05-25 05:20:00,1.38052,1.38068,1.3807,1.38051,363,1779686699.001,USDCAD
61,2026-05-25 05:25:00,1.38068,1.38071,1.38077,1.38068,359,1779686999.035,USDCAD
61,2026-05-25 05:30:00,1.38071,1.38071,1.38072,1.38065,342,1779687299.003,USDCAD
61,2026-05-25 05:35:00,1.38071,1.38071,1.38084,1.3807,349,1779687599.024,USDCAD
61,2026-05-25 05:40:00,1.38071,1.38068,1.38082,1.38058,410,1779687899.029,USDCAD
61,2026-05-25 05:45:00,1.38068,1.38081,1.38084,1.38065,386,1779688199.007,USDCAD
61,2026-05-25 05:50:00,1.38081,1.38097,1.38098,1.3808,387,1779688499.094,USDCAD
61,2026-05-25 05:55:00,1.38097,1.38099,1.38114,1.38097,419,1779688799.794,USDCAD
61,2026-05-25 06:00:00,1.38101,1.38131,1.38132,1.38099,568,1779689099.034,USDCAD
61,2026-05-25 06:05:00,1.38131,1.38136,1.38138,1.38128,375,1779689399.094,USDCAD
61,2026-05-25 06:10:00,1.38136,1.38124,1.38136,1.38116,365,1779689699.014,USDCAD
61,2026-05-25 06:15:00,1.38124,1.38129,1.38138,1.38124,409,1779689999.04,USDCAD
61,2026-05-25 06:20:00,1.38129,1.38101,1.38133,1.38099,448,1779690299.514,USDCAD
61,2026-05-25 06:25:00,1.38101,1.38115,1.3812,1.38089,441,1779690599.093,USDCAD
61,2026-05-25 06:30:00,1.38115,1.38095,1.38122,1.38094,478,1779690899.015,USDCAD
61,2026-05-25 06:35:00,1.38095,1.38091,1.38101,1.38087,450,1779691199.011,USDCAD
61,2026-05-25 06:40:00,1.38091,1.381,1.38102,1.38091,472,1779691499.038,USDCAD
61,2026-05-25 06:45:00,1.38101,1.38098,1.38103,1.38094,405,1779691799.034,USDCAD
61,2026-05-25 06:50:00,1.38098,1.38086,1.38098,1.38082,414,1779692099.025,USDCAD
61,2026-05-25 06:55:00,1.38086,1.38099,1.38103,1.38085,453,1779692399.794,USDCAD
61,2026-05-25 07:00:00,1.38099,1.38129,1.3813,1.38098,442,1779692699.028,USDCAD
61,2026-05-25 07:05:00,1.38129,1.38145,1.38159,1.38129,511,1779692999.016,USDCAD
61,2026-05-25 07:10:00,1.38145,1.38136,1.38148,1.38126,634,1779693299.293,USDCAD
61,2026-05-25 07:15:00,1.38136,1.38187,1.3819,1.38132,657,1779693599.52,USDCAD
61,2026-05-25 07:20:00,1.38187,1.38192,1.38206,1.38182,610,1779693899.02,USDCAD
61,2026-05-25 07:25:00,1.38192,1.38169,1.38199,1.3816,561,1779694199.033,USDCAD
61,2026-05-25 07:30:00,1.38169,1.38156,1.38177,1.38149,704,1779694499.039,USDCAD
61,2026-05-25 07:35:00,1.38156,1.38166,1.38168,1.38149,429,1779694799.04,USDCAD
61,2026-05-25 07:40:00,1.38166,1.38172,1.38177,1.38157,452,1779695099.002,USDCAD
61,2026-05-25 07:45:00,1.38172,1.38173,1.38177,1.38165,477,1779695399.093,USDCAD
61,2026-05-25 07:50:00,1.38173,1.3817,1.38174,1.38164,425,1779695698.093,USDCAD
61,2026-05-25 07:55:00,1.3817,1.38157,1.3817,1.38156,399,1779695999.04,USDCAD
61,2026-05-25 08:00:00,1.38156,1.38186,1.38196,1.38154,608,1779696299.093,USDCAD
61,2026-05-25 08:05:00,1.38186,1.38173,1.38205,1.38167,582,1779696599.043,USDCAD
61,2026-05-25 08:10:00,1.38173,1.38156,1.38173,1.38151,445,1779696899.041,USDCAD
61,2026-05-25 08:15:00,1.38156,1.38154,1.38166,1.38148,467,1779697199.614,USDCAD
61,2026-05-25 08:20:00,1.38154,1.38156,1.38162,1.38145,407,1779697499.292,USDCAD
61,2026-05-25 08:25:00,1.38156,1.38163,1.38166,1.38155,456,1779697799.015,USDCAD
61,2026-05-25 08:30:00,1.38163,1.38132,1.38164,1.38132,374,1779698099.604,USDCAD
61,2026-05-25 08:35:00,1.38132,1.38152,1.38156,1.38131,433,1779698399.038,USDCAD
61,2026-05-25 08:40:00,1.38152,1.38156,1.38159,1.3814,459,1779698699.037,USDCAD
61,2026-05-25 08:45:00,1.38156,1.38145,1.38159,1.38141,466,1779698999.042,USDCAD
61,2026-05-25 08:50:00,1.38145,1.38123,1.38145,1.38121,468,1779699299.006,USDCAD
61,2026-05-25 08:55:00,1.38123,1.38129,1.38138,1.38122,504,1779699599.411,USDCAD
61,2026-05-25 09:00:00,1.38128,1.38126,1.38129,1.38116,383,1779699898.027,USDCAD
61,2026-05-25 09:05:00,1.38126,1.38126,1.38127,1.38113,372,1779700199.018,USDCAD
61,2026-05-25 09:10:00,1.38126,1.38144,1.38145,1.38118,397,1779700499.035,USDCAD
61,2026-05-25 09:15:00,1.38144,1.38144,1.38148,1.38139,404,1779700799.007,USDCAD
61,2026-05-25 09:20:00,1.38144,1.38156,1.3816,1.38142,331,1779701099.014,USDCAD
61,2026-05-25 09:25:00,1.38156,1.38146,1.38156,1.38143,404,1779701399.024,USDCAD
61,2026-05-25 09:30:00,1.38146,1.38143,1.38148,1.38135,422,1779701699.044,USDCAD
61,2026-05-25 09:35:00,1.38143,1.38129,1.38143,1.38128,416,1779701999.029,USDCAD
61,2026-05-25 09:40:00,1.38129,1.38115,1.38129,1.38114,367,1779702299.001,USDCAD
61,2026-05-25 09:45:00,1.38115,1.38125,1.38126,1.38114,392,1779702599.094,USDCAD
61,2026-05-25 09:50:00,1.38125,1.38133,1.38135,1.38124,380,1779702899.093,USDCAD
61,2026-05-25 09:55:00,1.38133,1.38145,1.38145,1.38128,386,1779703199.002,USDCAD
61,2026-05-25 10:00:00,1.38144,1.38131,1.38146,1.38123,435,1779703499.027,USDCAD
61,2026-05-25 10:05:00,1.38131,1.38148,1.38153,1.38126,395,1779703799.023,USDCAD
61,2026-05-25 10:10:00,1.38148,1.38144,1.38151,1.38139,379,1779704098.042,USDCAD
61,2026-05-25 10:15:00,1.38144,1.38145,1.38146,1.38139,325,1779704399.017,USDCAD
61,2026-05-25 10:20:00,1.38145,1.38153,1.38155,1.38144,436,1779704699.015,USDCAD
61,2026-05-25 10:25:00,1.38153,1.38147,1.38155,1.38141,377,1779704999.036,USDCAD
61,2026-05-25 10:30:00,1.38147,1.38156,1.38157,1.38147,367,1779705299.015,USDCAD
61,2026-05-25 10:35:00,1.38156,1.38143,1.38161,1.3814,377,1779705599.093,USDCAD
61,2026-05-25 10:40:00,1.38143,1.38144,1.38152,1.38137,440,1779705899.194,USDCAD
61,2026-05-25 10:45:00,1.38144,1.38135,1.38144,1.38132,390,1779706199.092,USDCAD
61,2026-05-25 10:50:00,1.38135,1.38155,1.38157,1.38133,355,1779706499.095,USDCAD
61,2026-05-25 10:55:00,1.38155,1.38148,1.38156,1.38145,393,1779706799.035,USDCAD
61,2026-05-25 11:00:00,1.38146,1.38172,1.38176,1.38143,400,1779707099.02,USDCAD
61,2026-05-25 11:05:00,1.38173,1.38172,1.38182,1.38172,347,1779707399.03,USDCAD
61,2026-05-25 11:10:00,1.38172,1.38173,1.38175,1.3817,333,1779707699.035,USDCAD
61,2026-05-25 11:15:00,1.38173,1.38146,1.38173,1.38145,365,1779707999.018,USDCAD
61,2026-05-25 11:20:00,1.38146,1.38138,1.38149,1.38135,353,1779708299.006,USDCAD
61,2026-05-25 11:25:00,1.38138,1.38124,1.38138,1.38118,369,1779708599.026,USDCAD
61,2026-05-25 11:30:00,1.38124,1.38119,1.38134,1.38111,465,1779708899.03,USDCAD
61,2026-05-25 11:35:00,1.38119,1.38095,1.3812,1.38094,399,1779709199.094,USDCAD
61,2026-05-25 11:40:00,1.38095,1.38077,1.38095,1.38072,423,1779709499.694,USDCAD
61,2026-05-25 11:45:00,1.38077,1.38105,1.38111,1.38074,449,1779709799.094,USDCAD
61,2026-05-25 11:50:00,1.38105,1.38101,1.38116,1.38096,477,1779710099.02,USDCAD
61,2026-05-25 11:55:00,1.38101,1.38115,1.38116,1.38094,411,1779710399.029,USDCAD
61,2026-05-25 12:00:00,1.38115,1.38114,1.38129,1.38111,491,1779710699.031,USDCAD
61,2026-05-25 12:05:00,1.38114,1.38127,1.38132,1.38114,445,1779710999.031,USDCAD
61,2026-05-25 12:10:00,1.38127,1.38122,1.38139,1.38115,491,1779711299.038,USDCAD
61,2026-05-25 12:15:00,1.38122,1.38127,1.38137,1.38119,440,1779711599.725,USDCAD
61,2026-05-25 12:20:00,1.38127,1.38119,1.38141,1.38112,529,1779711899.019,USDCAD
61,2026-05-25 12:25:00,1.38119,1.38116,1.3812,1.38113,378,1779712199.093,USDCAD
61,2026-05-25 12:30:00,1.38116,1.38081,1.38118,1.38077,487,1779712498.393,USDCAD
61,2026-05-25 12:35:00,1.38081,1.38085,1.38089,1.38076,469,1779712799.016,USDCAD
61,2026-05-25 12:40:00,1.38085,1.38077,1.38087,1.38064,486,1779713099.008,USDCAD
61,2026-05-25 12:45:00,1.38077,1.38064,1.38085,1.38049,559,1779713399.02,USDCAD
61,2026-05-25 12:50:00,1.38064,1.3807,1.38075,1.3806,457,1779713699.027,USDCAD
61,2026-05-25 12:55:00,1.3807,1.38069,1.38071,1.38055,439,1779713999.094,USDCAD
61,2026-05-25 13:00:00,1.38069,1.3807,1.38073,1.38056,489,1779714299.493,USDCAD
61,2026-05-25 13:05:00,1.3807,1.38042,1.38077,1.3804,518,1779714599.029,USDCAD
61,2026-05-25 13:10:00,1.38042,1.38051,1.38056,1.38038,475,1779714899.831,USDCAD
61,2026-05-25 13:15:00,1.38051,1.38049,1.38075,1.38044,586,1779715199.094,USDCAD
61,2026-05-25 13:20:00,1.38049,1.38041,1.38051,1.38037,479,1779715499.016,USDCAD
61,2026-05-25 13:25:00,1.38041,1.3803,1.38047,1.3802,393,1779715799.03,USDCAD
61,2026-05-25 13:30:00,1.3803,1.38057,1.38066,1.3803,591,1779716099.093,USDCAD
61,2026-05-25 13:35:00,1.38057,1.38061,1.38068,1.38049,531,1779716399.005,USDCAD
61,2026-05-25 13:40:00,1.38061,1.38074,1.38076,1.38057,429,1779716699.136,USDCAD
61,2026-05-25 13:45:00,1.38074,1.3809,1.38101,1.38072,461,1779716999.031,USDCAD
61,2026-05-25 13:50:00,1.3809,1.38099,1.38101,1.38088,460,1779717299.001,USDCAD
61,2026-05-25 13:55:00,1.38099,1.38093,1.38106,1.38085,470,1779717599.005,USDCAD
61,2026-05-25 14:00:00,1.38093,1.38061,1.38096,1.38059,570,1779717899.595,USDCAD
61,2026-05-25 14:05:00,1.38061,1.38057,1.38069,1.38057,457,1779718199.027,USDCAD
61,2026-05-25 14:10:00,1.38057,1.38053,1.38059,1.38047,421,1779718499.093,USDCAD
61,2026-05-25 14:15:00,1.38053,1.3805,1.38055,1.38047,404,1779718799.039,USDCAD
61,2026-05-25 14:20:00,1.3805,1.38019,1.3805,1.3801,508,1779719099.006,USDCAD
61,2026-05-25 14:25:00,1.38019,1.38047,1.38047,1.38019,416,1779719399.929,USDCAD
61,2026-05-25 14:30:00,1.38047,1.38043,1.3805,1.3804,443,1779719699.024,USDCAD
61,2026-05-25 14:35:00,1.38043,1.38041,1.3805,1.3804,390,1779719999.008,USDCAD
61,2026-05-25 14:40:00,1.38041,1.3799,1.38041,1.37987,554,1779720299.02,USDCAD
61,2026-05-25 14:45:00,1.3799,1.38018,1.3802,1.3799,559,1779720599.737,USDCAD
61,2026-05-25 14:50:00,1.38018,1.3801,1.38021,1.38001,503,1779720898.094,USDCAD
61,2026-05-25 14:55:00,1.3801,1.3801,1.38011,1.3799,586,1779721199.019,USDCAD
61,2026-05-25 15:00:00,1.3801,1.38023,1.3803,1.3801,553,1779721499.032,USDCAD
61,2026-05-25 15:05:00,1.38023,1.37996,1.38025,1.37983,542,1779721799.692,USDCAD
61,2026-05-25 15:10:00,1.37996,1.37996,1.38003,1.37967,864,1779722099.011,USDCAD
61,2026-05-25 15:15:00,1.37996,1.37982,1.3801,1.37981,565,1779722399.493,USDCAD
61,2026-05-25 15:20:00,1.37981,1.3799,1.37996,1.37976,425,1779722699.001,USDCAD
61,2026-05-25 15:25:00,1.3799,1.38014,1.38016,1.37989,448,1779722999.595,USDCAD
61,2026-05-25 15:30:00,1.38014,1.38004,1.38018,1.38003,413,1779723299.009,USDCAD
61,2026-05-25 15:35:00,1.38004,1.37994,1.38016,1.37992,408,1779723599.094,USDCAD
61,2026-05-25 15:40:00,1.37994,1.37965,1.37996,1.37962,452,1779723899.032,USDCAD
61,2026-05-25 15:45:00,1.37965,1.37961,1.37968,1.37949,427,1779724199.038,USDCAD
61,2026-05-25 15:50:00,1.37961,1.37962,1.37965,1.37955,350,1779724499.002,USDCAD
61,2026-05-25 15:55:00,1.37962,1.37973,1.37977,1.37957,513,1779724799.093,USDCAD
61,2026-05-25 16:00:00,1.37973,1.37983,1.37984,1.37965,445,1779725099.04,USDCAD
61,2026-05-25 16:05:00,1.37983,1.37994,1.37998,1.37982,379,1779725399.014,USDCAD
61,2026-05-25 16:10:00,1.37994,1.37981,1.38004,1.37981,412,1779725699.092,USDCAD
61,2026-05-25 16:15:00,1.37981,1.37992,1.37993,1.37981,327,1779725999.022,USDCAD
61,2026-05-25 16:20:00,1.37992,1.37993,1.38004,1.3799,351,1779726299.031,USDCAD
61,2026-05-25 16:25:00,1.37993,1.37993,1.37995,1.37986,379,1779726599.021,USDCAD
61,2026-05-25 16:30:00,1.37993,1.38007,1.38009,1.37992,448,1779726899.017,USDCAD
61,2026-05-25 16:35:00,1.38007,1.38035,1.38035,1.38005,477,1779727199.094,USDCAD
61,2026-05-25 16:40:00,1.38035,1.38023,1.38035,1.38023,429,1779727499.04,USDCAD
61,2026-05-25 16:45:00,1.38023,1.38023,1.3803,1.38022,420,1779727799.493,USDCAD
61,2026-05-25 16:50:00,1.38023,1.38034,1.38044,1.3802,443,1779728099.007,USDCAD
61,2026-05-25 16:55:00,1.38034,1.38031,1.38035,1.38022,375,1779728399.303,USDCAD
61,2026-05-25 17:00:00,1.38031,1.38031,1.38034,1.38028,312,1779728699.593,USDCAD
61,2026-05-25 17:05:00,1.38031,1.3804,1.38041,1.3803,313,1779728999.019,USDCAD
61,2026-05-25 17:10:00,1.3804,1.38034,1.38041,1.3801,409,1779729299.013,USDCAD
61,2026-05-25 17:15:00,1.38034,1.38035,1.38039,1.38031,338,1779729599.02,USDCAD
61,2026-05-25 17:20:00,1.38035,1.38039,1.38053,1.38034,331,1779729899.035,USDCAD
61,2026-05-25 17:25:00,1.38039,1.38022,1.3804,1.38021,344,1779730199.029,USDCAD
61,2026-05-25 17:30:00,1.38022,1.38023,1.38024,1.38013,343,1779730499.003,USDCAD
61,2026-05-25 17:35:00,1.38023,1.38015,1.38024,1.38011,314,1779730799.093,USDCAD
61,2026-05-25 17:40:00,1.38015,1.38033,1.38034,1.38013,323,1779731099.008,USDCAD
61,2026-05-25 17:45:00,1.38033,1.38034,1.38038,1.38031,330,1779731399.094,USDCAD
61,2026-05-25 17:50:00,1.38034,1.38031,1.38034,1.38026,345,1779731699.03,USDCAD
61,2026-05-25 17:55:00,1.38031,1.38034,1.38043,1.38031,319,1779731999.011,USDCAD
61,2026-05-25 18:00:00,1.38034,1.38019,1.38034,1.38019,370,1779732299.04,USDCAD
61,2026-05-25 18:05:00,1.38019,1.38021,1.38024,1.38019,332,1779732599.012,USDCAD
61,2026-05-25 18:10:00,1.38021,1.38023,1.38023,1.3802,278,1779732899.008,USDCAD
61,2026-05-25 18:15:00,1.38023,1.38033,1.38035,1.38022,324,1779733199.036,USDCAD
61,2026-05-25 18:20:00,1.38033,1.38031,1.38035,1.38028,325,1779733499.042,USDCAD
61,2026-05-25 18:25:00,1.38031,1.38031,1.38034,1.3803,332,1779733799.041,USDCAD
61,2026-05-25 18:30:00,1.38031,1.38034,1.38037,1.3803,281,1779734099.02,USDCAD
61,2026-05-25 18:35:00,1.38034,1.38031,1.38034,1.3803,312,1779734399.013,USDCAD
61,2026-05-25 18:40:00,1.38031,1.38054,1.38054,1.38031,348,1779734699.008,USDCAD
61,2026-05-25 18:45:00,1.38054,1.38031,1.38054,1.3803,331,1779734999.035,USDCAD
61,2026-05-25 18:50:00,1.38031,1.38044,1.38045,1.38028,325,1779735299.004,USDCAD
61,2026-05-25 18:55:00,1.38044,1.38044,1.38046,1.38038,334,1779735599.094,USDCAD
61,2026-05-25 19:00:00,1.38044,1.38043,1.38044,1.38043,275,1779735899.095,USDCAD
61,2026-05-25 19:05:00,1.38043,1.38042,1.38044,1.3803,341,1779736199.095,USDCAD
61,2026-05-25 19:10:00,1.38042,1.38041,1.3805,1.3804,343,1779736499.093,USDCAD
61,2026-05-25 19:15:00,1.38041,1.38041,1.38044,1.38041,270,1779736798.038,USDCAD
61,2026-05-25 19:20:00,1.38041,1.38043,1.38043,1.38037,332,1779737099.493,USDCAD
61,2026-05-25 19:25:00,1.38043,1.3804,1.38044,1.38036,330,1779737399.025,USDCAD
61,2026-05-25 19:30:00,1.3804,1.38036,1.38041,1.38033,355,1779737699.012,USDCAD
61,2026-05-25 19:35:00,1.38036,1.38005,1.38039,1.38,427,1779737999.092,USDCAD
61,2026-05-25 19:40:00,1.38005,1.38016,1.38016,1.38,325,1779738299.036,USDCAD
61,2026-05-25 19:45:00,1.38016,1.38006,1.38022,1.38005,343,1779738599.094,USDCAD
61,2026-05-25 19:50:00,1.38006,1.38003,1.3801,1.38001,316,1779738899.017,USDCAD
61,2026-05-25 19:55:00,1.38003,1.37999,1.38007,1.37996,332,1779739199.006,USDCAD
61,2026-05-25 20:00:00,1.37999,1.38001,1.38003,1.37997,353,1779739499.043,USDCAD
61,2026-05-25 20:05:00,1.38001,1.37999,1.3801,1.37991,366,1779739799.03,USDCAD
61,2026-05-25 20:10:00,1.37999,1.37996,1.38,1.37996,329,1779740099.093,USDCAD
61,2026-05-25 20:15:00,1.37996,1.38001,1.38003,1.37992,379,1779740399.033,USDCAD
61,2026-05-25 20:20:00,1.38001,1.3801,1.38012,1.38001,351,1779740699.694,USDCAD
61,2026-05-25 20:25:00,1.3801,1.38019,1.38021,1.38007,370,1779740999.025,USDCAD
61,2026-05-25 20:30:00,1.38019,1.38001,1.38019,1.37999,362,1779741299.005,USDCAD
61,2026-05-25 20:35:00,1.38001,1.38019,1.3802,1.38,381,1779741599.093,USDCAD
61,2026-05-25 20:40:00,1.38019,1.38022,1.3803,1.38014,343,1779741899.018,USDCAD
61,2026-05-25 20:45:00,1.38022,1.38023,1.38024,1.38016,312,1779742199.031,USDCAD
61,2026-05-25 20:50:00,1.38023,1.38022,1.38027,1.38018,341,1779742499.093,USDCAD
61,2026-05-25 20:55:00,1.38023,1.38033,1.38034,1.38023,365,1779742799.093,USDCAD
61,2026-05-25 21:00:00,1.38033,1.38028,1.38033,1.38026,271,1779743099.02,USDCAD
61,2026-05-25 21:05:00,1.38028,1.38028,1.38028,1.38028,295,1779743399.002,USDCAD
61,2026-05-25 21:10:00,1.38028,1.38028,1.38028,1.38028,300,1779743699.012,USDCAD
61,2026-05-25 21:15:00,1.38028,1.38024,1.38031,1.38024,271,1779743999.02,USDCAD
61,2026-05-25 21:20:00,1.38024,1.38017,1.38037,1.38014,309,1779744299.013,USDCAD
61,2026-05-25 21:25:00,1.38017,1.38017,1.3802,1.38009,321,1779744599.038,USDCAD
61,2026-05-25 21:30:00,1.38017,1.38048,1.38048,1.38007,328,1779744899.494,USDCAD
61,2026-05-25 21:35:00,1.38048,1.38032,1.38054,1.3803,302,1779745199.016,USDCAD
61,2026-05-25 21:40:00,1.38032,1.38035,1.38047,1.38013,368,1779745499.023,USDCAD
61,2026-05-25 21:45:00,1.38035,1.3807,1.38076,1.38028,333,1779745799.041,USDCAD
61,2026-05-25 21:50:00,1.3807,1.38078,1.38078,1.38069,314,1779746099.011,USDCAD
61,2026-05-25 21:55:00,1.38078,1.38067,1.38078,1.38065,352,1779746399.001,USDCAD
61,2026-05-25 22:00:00,1.38067,1.38037,1.38067,1.38029,377,1779746699.033,USDCAD
61,2026-05-25 22:05:00,1.38037,1.38035,1.38038,1.38029,322,1779746999.022,USDCAD
61,2026-05-25 22:10:00,1.38035,1.38035,1.3804,1.38035,332,1779747299.092,USDCAD
61,2026-05-25 22:15:00,1.38035,1.38045,1.38054,1.38035,333,1779747599.092,USDCAD
61,2026-05-25 22:20:00,1.38045,1.38038,1.38047,1.38038,291,1779747899.036,USDCAD
61,2026-05-25 22:25:00,1.38038,1.38041,1.38041,1.38037,296,1779748199.02,USDCAD
61,2026-05-25 22:30:00,1.38041,1.38037,1.38041,1.38037,329,1779748499.017,USDCAD
61,2026-05-25 22:35:00,1.38037,1.3804,1.38041,1.38037,293,1779748799.007,USDCAD
61,2026-05-25 22:40:00,1.3804,1.38037,1.38041,1.38036,287,1779749099.028,USDCAD
61,2026-05-25 22:45:00,1.38037,1.38036,1.38037,1.38035,308,1779749399.006,USDCAD
61,2026-05-25 22:50:00,1.38036,1.38029,1.38036,1.38026,318,1779749699.01,USDCAD
61,2026-05-25 22:55:00,1.38029,1.38034,1.38035,1.38027,313,1779749999.038,USDCAD
61,2026-05-25 23:00:00,1.38034,1.38027,1.38034,1.38026,331,1779750299.034,USDCAD
61,2026-05-25 23:05:00,1.38027,1.38028,1.38029,1.38026,320,1779750599.018,USDCAD
61,2026-05-25 23:10:00,1.38028,1.38028,1.38028,1.38026,292,1779750899.001,USDCAD
61,2026-05-25 23:15:00,1.38028,1.38028,1.38028,1.38026,312,1779751199.009,USDCAD
61,2026-05-25 23:20:00,1.38028,1.38035,1.38036,1.38025,341,1779751499.032,USDCAD
61,2026-05-25 23:25:00,1.38035,1.38035,1.38037,1.3803,309,1779751799.034,USDCAD
61,2026-05-25 23:30:00,1.38035,1.38047,1.38047,1.38035,336,1779752099.094,USDCAD
61,2026-05-25 23:35:00,1.38048,1.38048,1.38053,1.38044,339,1779752399.002,USDCAD
61,2026-05-25 23:40:00,1.38048,1.38063,1.38064,1.38046,315,1779752699.003,USDCAD
61,2026-05-25 23:45:00,1.38063,1.3807,1.38071,1.38048,393,1779752999.011,USDCAD
61,2026-05-25 23:50:00,1.3807,1.38057,1.38074,1.38057,448,1779753299.017,USDCAD
61,2026-05-25 23:55:00,1.38057,1.38063,1.38067,1.38055,386,1779753599.017,USDCAD
61,2026-05-26 00:00:00,1.38063,1.38063,1.38077,1.38061,733,1779753899.002,USDCAD
61,2026-05-26 00:05:00,1.38063,1.38055,1.38065,1.38051,541,1779754199.025,USDCAD
61,2026-05-26 00:10:00,1.38055,1.38054,1.38057,1.38038,461,1779754499.004,USDCAD
61,2026-05-26 00:15:00,1.38054,1.38079,1.38083,1.38048,528,1779754799.023,USDCAD
61,2026-05-26 00:20:00,1.38081,1.38084,1.38091,1.38073,556,1779755099.001,USDCAD
61,2026-05-26 00:25:00,1.38084,1.38075,1.38086,1.38068,522,1779755399.094,USDCAD
61,2026-05-26 00:30:00,1.38075,1.38064,1.38075,1.38057,567,1779755699.094,USDCAD
61,2026-05-26 00:35:00,1.38064,1.38066,1.38069,1.38055,504,1779755999.793,USDCAD
61,2026-05-26 00:40:00,1.38067,1.38067,1.38068,1.38054,446,1779756299.841,USDCAD
61,2026-05-26 00:45:00,1.38067,1.38058,1.38072,1.38054,473,1779756598.014,USDCAD
61,2026-05-26 00:50:00,1.38058,1.3805,1.38062,1.38049,507,1779756899.993,USDCAD
61,2026-05-26 00:55:00,1.38051,1.38037,1.38051,1.38034,533,1779757199.029,USDCAD
61,2026-05-26 01:00:00,1.38037,1.38047,1.3805,1.38028,597,1779757499.036,USDCAD
61,2026-05-26 01:05:00,1.38047,1.38048,1.38057,1.38041,492,1779757799.001,USDCAD
61,2026-05-26 01:10:00,1.38048,1.38037,1.38049,1.38031,505,1779758099.093,USDCAD
61,2026-05-26 01:15:00,1.38037,1.38043,1.38049,1.38027,544,1779758399.492,USDCAD
61,2026-05-26 01:20:00,1.38043,1.38043,1.38056,1.38034,560,1779758699.894,USDCAD
61,2026-05-26 01:25:00,1.38043,1.38056,1.3806,1.38042,511,1779758999.01,USDCAD
61,2026-05-26 01:30:00,1.38056,1.3807,1.38075,1.38051,665,1779759299.029,USDCAD
61,2026-05-26 01:35:00,1.3807,1.38088,1.3809,1.38067,540,1779759599.537,USDCAD
61,2026-05-26 01:40:00,1.38088,1.38088,1.38099,1.38083,548,1779759899.04,USDCAD
61,2026-05-26 01:45:00,1.38088,1.38079,1.38092,1.38077,558,1779760199.904,USDCAD
61,2026-05-26 01:50:00,1.38079,1.38076,1.38082,1.38075,527,1779760499.016,USDCAD
61,2026-05-26 01:55:00,1.38076,1.38082,1.38084,1.3807,469,1779760799.293,USDCAD
61,2026-05-26 02:00:00,1.38082,1.38082,1.38084,1.38075,509,1779761099.023,USDCAD
61,2026-05-26 02:05:00,1.38082,1.38073,1.38084,1.38071,474,1779761399.893,USDCAD
61,2026-05-26 02:10:00,1.38073,1.38084,1.38085,1.38072,434,1779761699.093,USDCAD
61,2026-05-26 02:15:00,1.38084,1.38082,1.38085,1.38081,360,1779761999.027,USDCAD
61,2026-05-26 02:20:00,1.38082,1.38084,1.38087,1.38081,421,1779762299.006,USDCAD
61,2026-05-26 02:25:00,1.38084,1.38083,1.38087,1.38075,466,1779762599.039,USDCAD
61,2026-05-26 02:30:00,1.38083,1.38086,1.38088,1.38079,471,1779762899.195,USDCAD
61,2026-05-26 02:35:00,1.38086,1.38092,1.38094,1.38086,439,1779763199.094,USDCAD
61,2026-05-26 02:40:00,1.38092,1.38101,1.38103,1.38088,533,1779763499.093,USDCAD
61,2026-05-26 02:45:00,1.38101,1.38109,1.38111,1.381,486,1779763799.029,USDCAD
61,2026-05-26 02:50:00,1.38109,1.38105,1.38112,1.38103,366,1779764099.003,USDCAD
61,2026-05-26 02:55:00,1.38105,1.38094,1.38106,1.38088,464,1779764399.993,USDCAD
61,2026-05-26 03:00:00,1.38094,1.38088,1.38096,1.38082,438,1779764699.037,USDCAD
61,2026-05-26 03:05:00,1.38088,1.38085,1.38091,1.38076,509,1779764999.018,USDCAD
61,2026-05-26 03:10:00,1.38085,1.38084,1.38087,1.38082,550,1779765299.093,USDCAD
61,2026-05-26 03:15:00,1.38084,1.38077,1.38087,1.38077,558,1779765599.995,USDCAD
61,2026-05-26 03:20:00,1.38077,1.38075,1.38082,1.38074,397,1779765899.019,USDCAD
61,2026-05-26 03:25:00,1.38075,1.38082,1.38082,1.38067,441,1779766199.019,USDCAD
61,2026-05-26 03:30:00,1.38082,1.38079,1.38082,1.38077,500,1779766499.094,USDCAD
61,2026-05-26 03:35:00,1.38079,1.38082,1.38082,1.38077,665,1779766799.027,USDCAD
61,2026-05-26 03:40:00,1.38082,1.38079,1.38085,1.38078,595,1779767099.823,USDCAD
61,2026-05-26 03:45:00,1.38079,1.38085,1.38085,1.38079,371,1779767399.01,USDCAD
61,2026-05-26 03:50:00,1.38085,1.38077,1.38088,1.38075,415,1779767699.005,USDCAD
61,2026-05-26 03:55:00,1.38077,1.38067,1.38087,1.38066,367,1779767999.994,USDCAD
61,2026-05-26 04:00:00,1.38067,1.38084,1.38084,1.38066,403,1779768299.004,USDCAD
61,2026-05-26 04:05:00,1.38084,1.38078,1.38094,1.38075,386,1779768599.007,USDCAD
61,2026-05-26 04:10:00,1.38078,1.38065,1.38078,1.38064,401,1779768899.193,USDCAD
61,2026-05-26 04:15:00,1.38065,1.38071,1.38075,1.38065,351,1779769198.092,USDCAD
61,2026-05-26 04:20:00,1.38071,1.38074,1.38077,1.3807,462,1779769499.018,USDCAD
61,2026-05-26 04:25:00,1.38074,1.38082,1.38082,1.38074,388,1779769799.041,USDCAD
61,2026-05-26 04:30:00,1.38082,1.38079,1.38087,1.38078,393,1779770099.0,USDCAD
61,2026-05-26 04:35:00,1.38079,1.38089,1.38092,1.38079,456,1779770399.795,USDCAD
61,2026-05-26 04:40:00,1.38089,1.38096,1.38101,1.38089,523,1779770699.803,USDCAD
61,2026-05-26 04:45:00,1.38096,1.38096,1.38101,1.38094,459,1779770999.005,USDCAD
61,2026-05-26 04:50:00,1.38096,1.38101,1.38104,1.38089,375,1779771299.093,USDCAD
61,2026-05-26 04:55:00,1.38101,1.38112,1.38114,1.38101,395,1779771599.004,USDCAD
61,2026-05-26 05:00:00,1.38112,1.38126,1.3813,1.38109,601,1779771899.892,USDCAD
61,2026-05-26 05:05:00,1.38126,1.38126,1.3813,1.38119,522,1779772199.004,USDCAD
61,2026-05-26 05:10:00,1.38126,1.38132,1.38133,1.38126,374,1779772499.039,USDCAD
61,2026-05-26 05:15:00,1.38132,1.38133,1.38133,1.38122,432,1779772799.033,USDCAD
61,2026-05-26 05:20:00,1.38133,1.3814,1.38143,1.38132,429,1779773099.908,USDCAD
61,2026-05-26 05:25:00,1.3814,1.38125,1.38142,1.38125,456,1779773399.094,USDCAD
61,2026-05-26 05:30:00,1.38125,1.38129,1.3813,1.38119,679,1779773699.493,USDCAD
61,2026-05-26 05:35:00,1.38126,1.38131,1.38132,1.38121,409,1779773999.035,USDCAD
61,2026-05-26 05:40:00,1.38131,1.38132,1.38138,1.3813,492,1779774299.011,USDCAD
61,2026-05-26 05:45:00,1.38132,1.38131,1.38138,1.38123,424,1779774599.094,USDCAD
61,2026-05-26 05:50:00,1.38131,1.38137,1.3814,1.38131,431,1779774899.041,USDCAD
61,2026-05-26 05:55:00,1.38137,1.38143,1.38145,1.38136,445,1779775199.027,USDCAD
61,2026-05-26 06:00:00,1.38142,1.38131,1.38152,1.38123,543,1779775499.0,USDCAD
61,2026-05-26 06:05:00,1.38131,1.38125,1.38134,1.38122,513,1779775799.593,USDCAD
61,2026-05-26 06:10:00,1.38125,1.38127,1.38132,1.38114,511,1779776099.029,USDCAD
61,2026-05-26 06:15:00,1.38127,1.38128,1.3813,1.38122,514,1779776399.022,USDCAD
61,2026-05-26 06:20:00,1.38128,1.38108,1.38129,1.38105,472,1779776699.041,USDCAD
61,2026-05-26 06:25:00,1.38108,1.38104,1.38113,1.38088,675,1779776999.895,USDCAD
61,2026-05-26 06:30:00,1.38104,1.38097,1.3811,1.3809,709,1779777299.934,USDCAD
61,2026-05-26 06:35:00,1.38097,1.38088,1.38098,1.38077,562,1779777599.794,USDCAD
61,2026-05-26 06:40:00,1.38088,1.38087,1.38096,1.38085,539,1779777899.014,USDCAD
61,2026-05-26 06:45:00,1.38087,1.38097,1.38104,1.38075,587,1779778199.021,USDCAD
61,2026-05-26 06:50:00,1.38097,1.38096,1.38105,1.38093,535,1779778499.193,USDCAD
61,2026-05-26 06:55:00,1.38096,1.38117,1.3812,1.38092,552,1779778799.792,USDCAD
61,2026-05-26 07:00:00,1.38117,1.38141,1.38147,1.38114,784,1779779099.594,USDCAD
61,2026-05-26 07:05:00,1.38141,1.38128,1.38152,1.38109,778,1779779399.823,USDCAD
61,2026-05-26 07:10:00,1.38128,1.38094,1.38128,1.38091,541,1779779699.024,USDCAD
61,2026-05-26 07:15:00,1.38094,1.38112,1.38118,1.38094,574,1779779999.028,USDCAD
61,2026-05-26 07:20:00,1.38112,1.3811,1.38114,1.38099,508,1779780299.039,USDCAD
61,2026-05-26 07:25:00,1.3811,1.38101,1.38117,1.381,534,1779780599.008,USDCAD
61,2026-05-26 07:30:00,1.38101,1.38075,1.38103,1.38051,803,1779780899.013,USDCAD
61,2026-05-26 07:35:00,1.38075,1.38062,1.38081,1.38051,634,1779781199.01,USDCAD
61,2026-05-26 07:40:00,1.38062,1.38047,1.38071,1.38047,561,1779781499.793,USDCAD
61,2026-05-26 07:45:00,1.38047,1.38044,1.3807,1.38043,523,1779781799.694,USDCAD
61,2026-05-26 07:50:00,1.38044,1.38044,1.3805,1.38035,574,1779782099.005,USDCAD
61,2026-05-26 07:55:00,1.38044,1.38049,1.38056,1.38025,673,1779782399.493,USDCAD
61,2026-05-26 08:00:00,1.38048,1.38041,1.38065,1.38035,775,1779782699.033,USDCAD
61,2026-05-26 08:05:00,1.38041,1.3803,1.38043,1.38018,582,1779782999.011,USDCAD
61,2026-05-26 08:10:00,1.3803,1.38028,1.38034,1.38012,639,1779783299.53,USDCAD
61,2026-05-26 08:15:00,1.38028,1.38007,1.38028,1.38,695,1779783599.017,USDCAD
61,2026-05-26 08:20:00,1.38007,1.37998,1.38011,1.3799,629,1779783899.045,USDCAD
61,2026-05-26 08:25:00,1.37998,1.38003,1.38023,1.37996,626,1779784199.024,USDCAD
61,2026-05-26 08:30:00,1.38003,1.38002,1.38011,1.3799,561,1779784499.395,USDCAD
61,2026-05-26 08:35:00,1.38002,1.38023,1.38026,1.38001,570,1779784799.594,USDCAD
61,2026-05-26 08:40:00,1.38023,1.38032,1.38034,1.38016,575,1779785099.024,USDCAD
61,2026-05-26 08:45:00,1.38032,1.38025,1.38045,1.38023,552,1779785399.017,USDCAD
61,2026-05-26 08:50:00,1.38025,1.38024,1.38028,1.38016,571,1779785699.037,USDCAD
61,2026-05-26 08:55:00,1.38024,1.38031,1.3804,1.38021,494,1779785999.0,USDCAD
61,2026-05-26 09:00:00,1.38031,1.38051,1.38063,1.38027,688,1779786299.029,USDCAD
61,2026-05-26 09:05:00,1.3805,1.38037,1.38062,1.38034,618,1779786599.994,USDCAD
61,2026-05-26 09:10:00,1.38037,1.38034,1.3804,1.38028,462,1779786899.025,USDCAD
61,2026-05-26 09:15:00,1.38034,1.38028,1.38038,1.38021,588,1779787199.004,USDCAD
61,2026-05-26 09:20:00,1.38028,1.38038,1.38045,1.38023,503,1779787499.796,USDCAD
61,2026-05-26 09:25:00,1.38037,1.38027,1.38048,1.38024,526,1779787799.494,USDCAD
61,2026-05-26 09:30:00,1.38027,1.38031,1.38045,1.38025,544,1779788099.005,USDCAD
61,2026-05-26 09:35:00,1.38031,1.38017,1.38031,1.38016,414,1779788399.016,USDCAD
61,2026-05-26 09:40:00,1.38017,1.38023,1.38024,1.38009,513,1779788699.095,USDCAD
61,2026-05-26 09:45:00,1.38023,1.38,1.38023,1.37998,432,1779788999.513,USDCAD
61,2026-05-26 09:50:00,1.37999,1.3801,1.3802,1.37997,459,1779789299.011,USDCAD
61,2026-05-26 09:55:00,1.3801,1.37996,1.3801,1.37995,503,1779789599.031,USDCAD
61,2026-05-26 10:00:00,1.37996,1.38035,1.38037,1.37996,537,1779789899.995,USDCAD
61,2026-05-26 10:05:00,1.38035,1.38013,1.38038,1.38011,514,1779790199.009,USDCAD
61,2026-05-26 10:10:00,1.38013,1.38014,1.38016,1.38007,461,1779790499.894,USDCAD
61,2026-05-26 10:15:00,1.38014,1.38016,1.38018,1.38007,481,1779790799.01,USDCAD
61,2026-05-26 10:20:00,1.38016,1.3802,1.38021,1.38006,474,1779791099.028,USDCAD
61,2026-05-26 10:25:00,1.3802,1.38029,1.38034,1.38018,518,1779791399.895,USDCAD
61,2026-05-26 10:30:00,1.38029,1.38036,1.38045,1.3802,714,1779791699.631,USDCAD
61,2026-05-26 10:35:00,1.38036,1.38053,1.38057,1.38026,483,1779791999.023,USDCAD
61,2026-05-26 10:40:00,1.38053,1.38038,1.38059,1.38037,504,1779792299.046,USDCAD
61,2026-05-26 10:45:00,1.38038,1.38023,1.38048,1.38023,483,1779792599.893,USDCAD
61,2026-05-26 10:50:00,1.38023,1.38,1.38024,1.37995,619,1779792899.493,USDCAD
61,2026-05-26 10:55:00,1.38,1.38006,1.38006,1.37994,541,1779793199.205,USDCAD
61,2026-05-26 11:00:00,1.38006,1.38026,1.38031,1.38,525,1779793499.893,USDCAD
61,2026-05-26 11:05:00,1.38026,1.38026,1.38035,1.38021,515,1779793799.034,USDCAD
61,2026-05-26 11:10:00,1.38026,1.38024,1.38026,1.3801,472,1779794099.993,USDCAD
61,2026-05-26 11:15:00,1.38024,1.38029,1.38037,1.38017,526,1779794398.026,USDCAD
61,2026-05-26 11:20:00,1.38029,1.38037,1.3804,1.38029,456,1779794699.035,USDCAD
61,2026-05-26 11:25:00,1.38037,1.38051,1.38054,1.38035,465,1779794999.036,USDCAD
61,2026-05-26 11:30:00,1.38051,1.38048,1.38061,1.38045,515,1779795299.03,USDCAD
61,2026-05-26 11:35:00,1.38048,1.38078,1.38079,1.38045,646,1779795599.019,USDCAD
61,2026-05-26 11:40:00,1.38078,1.38113,1.38113,1.38078,495,1779795899.003,USDCAD
61,2026-05-26 11:45:00,1.38113,1.38105,1.38124,1.38103,586,1779796199.894,USDCAD
61,2026-05-26 11:50:00,1.38105,1.38092,1.38119,1.38088,516,1779796499.393,USDCAD
61,2026-05-26 11:55:00,1.38092,1.38123,1.38125,1.38091,602,1779796799.094,USDCAD
61,2026-05-26 12:00:00,1.38123,1.38132,1.38137,1.38118,590,1779797099.826,USDCAD
61,2026-05-26 12:05:00,1.38132,1.38128,1.38142,1.38117,685,1779797399.994,USDCAD
61,2026-05-26 12:10:00,1.38128,1.38132,1.38145,1.38126,706,1779797699.025,USDCAD
61,2026-05-26 12:15:00,1.38132,1.38134,1.38146,1.38128,595,1779797999.594,USDCAD
61,2026-05-26 12:20:00,1.38134,1.38179,1.3818,1.38134,610,1779798298.007,USDCAD
61,2026-05-26 12:25:00,1.38179,1.3817,1.38182,1.38167,454,1779798599.021,USDCAD
61,2026-05-26 12:30:00,1.3817,1.38157,1.38175,1.38156,442,1779798899.04,USDCAD
61,2026-05-26 12:35:00,1.38157,1.38188,1.38194,1.38156,543,1779799199.704,USDCAD
61,2026-05-26 12:40:00,1.38188,1.38203,1.38205,1.38182,642,1779799499.594,USDCAD
61,2026-05-26 12:45:00,1.38203,1.38201,1.38211,1.38197,567,1779799799.595,USDCAD
61,2026-05-26 12:50:00,1.38201,1.38199,1.38213,1.38197,548,1779800099.028,USDCAD
61,2026-05-26 12:55:00,1.38199,1.3818,1.38199,1.38178,594,1779800399.041,USDCAD
61,2026-05-26 13:00:00,1.3818,1.38162,1.3819,1.38162,559,1779800699.027,USDCAD
61,2026-05-26 13:05:00,1.38162,1.3818,1.38186,1.38151,616,1779800999.013,USDCAD
61,2026-05-26 13:10:00,1.3818,1.38171,1.38184,1.38169,647,1779801299.018,USDCAD
61,2026-05-26 13:15:00,1.38171,1.38163,1.38171,1.38145,614,1779801599.043,USDCAD
61,2026-05-26 13:20:00,1.38163,1.38179,1.38183,1.38163,676,1779801899.018,USDCAD
61,2026-05-26 13:25:00,1.38179,1.38168,1.38182,1.3816,715,1779802199.02,USDCAD
61,2026-05-26 13:30:00,1.38168,1.38141,1.38178,1.38139,717,1779802498.031,USDCAD
61,2026-05-26 13:35:00,1.38141,1.38098,1.38142,1.38085,701,1779802799.333,USDCAD
61,2026-05-26 13:40:00,1.38098,1.38085,1.38118,1.38056,867,1779803099.993,USDCAD
61,2026-05-26 13:45:00,1.38086,1.38077,1.38087,1.38045,766,1779803399.02,USDCAD
61,2026-05-26 13:50:00,1.38077,1.38104,1.38116,1.38071,826,1779803699.033,USDCAD
61,2026-05-26 13:55:00,1.38104,1.38061,1.38104,1.3806,663,1779803999.997,USDCAD
61,2026-05-26 14:00:00,1.38066,1.3802,1.38068,1.37999,803,1779804299.035,USDCAD
61,2026-05-26 14:05:00,1.3802,1.38023,1.38041,1.38011,833,1779804599.435,USDCAD
61,2026-05-26 14:10:00,1.38023,1.3801,1.38023,1.38,676,1779804899.041,USDCAD
61,2026-05-26 14:15:00,1.3801,1.38011,1.38038,1.38003,796,1779805199.01,USDCAD
61,2026-05-26 14:20:00,1.38011,1.38023,1.38033,1.38007,741,1779805499.995,USDCAD
61,2026-05-26 14:25:00,1.38023,1.38046,1.38061,1.38019,710,1779805799.695,USDCAD
61,2026-05-26 14:30:00,1.38047,1.38029,1.38064,1.38029,879,1779806099.91,USDCAD
61,2026-05-26 14:35:00,1.38029,1.38048,1.3806,1.3801,974,1779806399.794,USDCAD
61,2026-05-26 14:40:00,1.38048,1.38029,1.38051,1.38023,713,1779806699.892,USDCAD
61,2026-05-26 14:45:00,1.38028,1.38012,1.38035,1.38003,829,1779806999.628,USDCAD
61,2026-05-26 14:50:00,1.38012,1.38037,1.38038,1.38007,803,1779807299.494,USDCAD
61,2026-05-26 14:55:00,1.38037,1.38066,1.38119,1.38035,1392,1779807599.805,USDCAD
61,2026-05-26 15:00:00,1.38066,1.38084,1.38129,1.38066,918,1779807899.635,USDCAD
61,2026-05-26 15:05:00,1.38084,1.38115,1.38117,1.38075,719,1779808199.094,USDCAD
61,2026-05-26 15:10:00,1.38115,1.38103,1.38119,1.38086,623,1779808499.097,USDCAD
61,2026-05-26 15:15:00,1.38102,1.38114,1.38129,1.38101,584,1779808799.915,USDCAD
61,2026-05-26 15:20:00,1.38112,1.38137,1.38149,1.3811,644,1779809099.011,USDCAD
61,2026-05-26 15:25:00,1.38137,1.38104,1.38141,1.38095,645,1779809399.994,USDCAD
61,2026-05-26 15:30:00,1.38104,1.38107,1.38115,1.38088,667,1779809699.627,USDCAD
61,2026-05-26 15:35:00,1.38108,1.38076,1.38123,1.38076,735,1779809999.133,USDCAD
61,2026-05-26 15:40:00,1.38076,1.38064,1.3809,1.38056,852,1779810299.008,USDCAD
61,2026-05-26 15:45:00,1.38064,1.38047,1.38073,1.38044,707,1779810599.041,USDCAD
61,2026-05-26 15:50:00,1.38047,1.38057,1.38068,1.38047,608,1779810899.043,USDCAD
61,2026-05-26 15:55:00,1.38057,1.38048,1.38061,1.38045,609,1779811199.01,USDCAD
61,2026-05-26 16:00:00,1.38048,1.38061,1.38071,1.38037,619,1779811499.015,USDCAD
61,2026-05-26 16:05:00,1.38061,1.38055,1.38069,1.38051,467,1779811799.994,USDCAD
61,2026-05-26 16:10:00,1.38055,1.38038,1.38058,1.38037,554,1779812099.34,USDCAD
61,2026-05-26 16:15:00,1.38038,1.38011,1.38039,1.38011,545,1779812399.693,USDCAD
61,2026-05-26 16:20:00,1.38011,1.38032,1.3804,1.38008,509,1779812699.022,USDCAD
61,2026-05-26 16:25:00,1.38032,1.3807,1.3807,1.38032,602,1779812999.024,USDCAD
61,2026-05-26 16:30:00,1.3807,1.38079,1.3809,1.38066,615,1779813299.005,USDCAD
61,2026-05-26 16:35:00,1.38079,1.38112,1.38115,1.38077,623,1779813599.014,USDCAD
61,2026-05-26 16:40:00,1.38112,1.38063,1.38121,1.38058,624,1779813899.794,USDCAD
61,2026-05-26 16:45:00,1.38063,1.38065,1.38073,1.38037,720,1779814199.518,USDCAD
61,2026-05-26 16:50:00,1.38065,1.38128,1.38134,1.38061,713,1779814499.034,USDCAD
61,2026-05-26 16:55:00,1.38128,1.38123,1.38128,1.38099,634,1779814799.013,USDCAD
61,2026-05-26 17:00:00,1.38123,1.38125,1.38129,1.38105,598,1779815099.031,USDCAD
61,2026-05-26 17:05:00,1.38125,1.38105,1.38132,1.38105,570,1779815399.394,USDCAD
61,2026-05-26 17:10:00,1.38106,1.38095,1.38108,1.38088,536,1779815699.596,USDCAD
61,2026-05-26 17:15:00,1.38096,1.38091,1.381,1.38086,497,1779815999.315,USDCAD
61,2026-05-26 17:20:00,1.38091,1.38095,1.38101,1.38087,564,1779816299.007,USDCAD
61,2026-05-26 17:25:00,1.38095,1.38118,1.38122,1.38089,482,1779816599.437,USDCAD
61,2026-05-26 17:30:00,1.38118,1.38135,1.38147,1.38118,534,1779816899.095,USDCAD
61,2026-05-26 17:35:00,1.38135,1.38149,1.38154,1.38135,571,1779817199.694,USDCAD
61,2026-05-26 17:40:00,1.38149,1.38163,1.3817,1.38145,547,1779817499.094,USDCAD
61,2026-05-26 17:45:00,1.38163,1.38179,1.38182,1.3816,605,1779817799.028,USDCAD
61,2026-05-26 17:50:00,1.38179,1.38182,1.38186,1.38172,486,1779818099.038,USDCAD
61,2026-05-26 17:55:00,1.38182,1.3818,1.38197,1.3818,502,1779818399.029,USDCAD
61,2026-05-26 18:00:00,1.3818,1.38163,1.38188,1.38148,601,1779818699.033,USDCAD
61,2026-05-26 18:05:00,1.38163,1.38158,1.38164,1.38148,708,1779818999.992,USDCAD
61,2026-05-26 18:10:00,1.38158,1.38152,1.38162,1.38142,566,1779819299.04,USDCAD
61,2026-05-26 18:15:00,1.38152,1.38166,1.38175,1.38141,497,1779819599.991,USDCAD
61,2026-05-26 18:20:00,1.38165,1.38178,1.38178,1.38161,467,1779819899.031,USDCAD
61,2026-05-26 18:25:00,1.38178,1.38149,1.38181,1.38148,521,1779820199.693,USDCAD
61,2026-05-26 18:30:00,1.38149,1.38164,1.38172,1.38149,633,1779820499.029,USDCAD
61,2026-05-26 18:35:00,1.38164,1.38152,1.38165,1.38149,450,1779820799.094,USDCAD
61,2026-05-26 18:40:00,1.38152,1.38165,1.38173,1.38152,506,1779821099.038,USDCAD
61,2026-05-26 18:45:00,1.38165,1.38155,1.38165,1.38143,504,1779821399.016,USDCAD
61,2026-05-26 18:50:00,1.38155,1.38133,1.38155,1.38131,446,1779821699.293,USDCAD
61,2026-05-26 18:55:00,1.38133,1.38131,1.38145,1.38122,559,1779821999.006,USDCAD
61,2026-05-26 19:00:00,1.38131,1.38142,1.3815,1.38131,501,1779822299.725,USDCAD
61,2026-05-26 19:05:00,1.38143,1.38154,1.38156,1.38136,449,1779822599.797,USDCAD
61,2026-05-26 19:10:00,1.38154,1.38167,1.38168,1.38145,459,1779822899.041,USDCAD
61,2026-05-26 19:15:00,1.38167,1.38155,1.38169,1.3815,429,1779823199.993,USDCAD
61,2026-05-26 19:20:00,1.38154,1.38145,1.38155,1.38143,417,1779823499.037,USDCAD
61,2026-05-26 19:25:00,1.38145,1.3815,1.38152,1.38141,389,1779823799.007,USDCAD
61,2026-05-26 19:30:00,1.3815,1.38143,1.38153,1.38141,393,1779824099.039,USDCAD
61,2026-05-26 19:35:00,1.38143,1.38149,1.38152,1.38136,435,1779824399.795,USDCAD
61,2026-05-26 19:40:00,1.38149,1.38151,1.38155,1.38146,393,1779824699.03,USDCAD
61,2026-05-26 19:45:00,1.38151,1.38148,1.38152,1.3814,414,1779824999.023,USDCAD
61,2026-05-26 19:50:00,1.38148,1.38144,1.38159,1.38142,450,1779825299.094,USDCAD
61,2026-05-26 19:55:00,1.38144,1.38102,1.38147,1.38101,744,1779825599.994,USDCAD
61,2026-05-26 20:00:00,1.38102,1.38112,1.38112,1.38085,621,1779825899.023,USDCAD
61,2026-05-26 20:05:00,1.38112,1.38117,1.3812,1.38101,469,1779826199.031,USDCAD
61,2026-05-26 20:10:00,1.38117,1.38116,1.38122,1.38107,346,1779826499.018,USDCAD
61,2026-05-26 20:15:00,1.38116,1.38122,1.38131,1.38115,355,1779826798.038,USDCAD
61,2026-05-26 20:20:00,1.38122,1.38133,1.38135,1.38115,386,1779827099.305,USDCAD
61,2026-05-26 20:25:00,1.38133,1.38128,1.38134,1.38123,403,1779827399.001,USDCAD
61,2026-05-26 20:30:00,1.38129,1.38117,1.38136,1.38114,391,1779827699.093,USDCAD
61,2026-05-26 20:35:00,1.38117,1.38109,1.38118,1.38105,368,1779827999.013,USDCAD
61,2026-05-26 20:40:00,1.38109,1.38109,1.38119,1.38106,401,1779828299.993,USDCAD
61,2026-05-26 20:45:00,1.38109,1.3812,1.38122,1.38109,422,1779828599.021,USDCAD
61,2026-05-26 20:50:00,1.3812,1.38141,1.38143,1.38119,341,1779828899.004,USDCAD
61,2026-05-26 20:55:00,1.38141,1.38119,1.38146,1.38116,518,1779829199.637,USDCAD
61,2026-05-26 21:00:00,1.38119,1.38099,1.38119,1.38092,306,1779829499.008,USDCAD
61,2026-05-26 21:05:00,1.38099,1.38104,1.38104,1.38099,274,1779829799.045,USDCAD
61,2026-05-26 21:10:00,1.38104,1.38125,1.38125,1.38104,296,1779830099.001,USDCAD
61,2026-05-26 21:15:00,1.38125,1.38125,1.38125,1.38125,300,1779830399.092,USDCAD
61,2026-05-26 21:20:00,1.38125,1.38129,1.38142,1.38124,315,1779830699.143,USDCAD
61,2026-05-26 21:25:00,1.38129,1.38105,1.38133,1.38104,326,1779830999.027,USDCAD
61,2026-05-26 21:30:00,1.38105,1.38122,1.38144,1.38105,382,1779831299.018,USDCAD
61,2026-05-26 21:35:00,1.38122,1.38122,1.38128,1.38104,301,1779831599.023,USDCAD
61,2026-05-26 21:40:00,1.38122,1.38117,1.38128,1.38105,305,1779831899.094,USDCAD
61,2026-05-26 21:45:00,1.38117,1.38096,1.38122,1.38095,309,1779832199.692,USDCAD
61,2026-05-26 21:50:00,1.38096,1.38095,1.38101,1.3809,286,1779832499.013,USDCAD
61,2026-05-26 21:55:00,1.38095,1.38095,1.38103,1.38088,345,1779832799.038,USDCAD
61,2026-05-26 22:00:00,1.38095,1.38103,1.38104,1.38082,527,1779833099.612,USDCAD
61,2026-05-26 22:05:00,1.38103,1.38114,1.38116,1.38097,337,1779833399.931,USDCAD
61,2026-05-26 22:10:00,1.38114,1.38102,1.38116,1.38099,342,1779833699.039,USDCAD
61,2026-05-26 22:15:00,1.38102,1.38108,1.38108,1.38094,348,1779833999.041,USDCAD
61,2026-05-26 22:20:00,1.38108,1.38111,1.38111,1.38104,320,1779834298.017,USDCAD
61,2026-05-26 22:25:00,1.38111,1.38129,1.38131,1.38109,299,1779834599.039,USDCAD
61,2026-05-26 22:30:00,1.38129,1.38117,1.38129,1.38117,321,1779834899.008,USDCAD
61,2026-05-26 22:35:00,1.38117,1.38118,1.38127,1.38116,331,1779835199.036,USDCAD
61,2026-05-26 22:40:00,1.38118,1.38118,1.38119,1.38116,284,1779835499.029,USDCAD
61,2026-05-26 22:45:00,1.38118,1.38125,1.38126,1.38118,315,1779835799.014,USDCAD
61,2026-05-26 22:50:00,1.38125,1.38113,1.38125,1.3811,320,1779836099.093,USDCAD
61,2026-05-26 22:55:00,1.38113,1.38096,1.38113,1.38092,370,1779836399.03,USDCAD
61,2026-05-26 23:00:00,1.38096,1.38103,1.38111,1.38094,420,1779836699.042,USDCAD
61,2026-05-26 23:05:00,1.38103,1.38096,1.38105,1.38095,316,1779836999.016,USDCAD
61,2026-05-26 23:10:00,1.38096,1.38091,1.38098,1.38088,299,1779837299.002,USDCAD
61,2026-05-26 23:15:00,1.38091,1.38087,1.38091,1.38086,326,1779837599.013,USDCAD
61,2026-05-26 23:20:00,1.38087,1.38087,1.38089,1.38078,350,1779837899.028,USDCAD
61,2026-05-26 23:25:00,1.38087,1.38076,1.38088,1.38076,340,1779838199.012,USDCAD
61,2026-05-26 23:30:00,1.38076,1.38068,1.3808,1.38068,320,1779838499.014,USDCAD
61,2026-05-26 23:35:00,1.38068,1.38068,1.3807,1.38068,321,1779838799.016,USDCAD
61,2026-05-26 23:40:00,1.38068,1.38045,1.3807,1.38045,325,1779839099.194,USDCAD
61,2026-05-26 23:45:00,1.38045,1.38071,1.38072,1.38041,343,1779839399.094,USDCAD
61,2026-05-26 23:50:00,1.38071,1.38071,1.38075,1.38064,364,1779839699.037,USDCAD
61,2026-05-26 23:55:00,1.38071,1.38084,1.38088,1.38071,479,1779839999.026,USDCAD
61,2026-05-27 00:00:00,1.38084,1.38081,1.38088,1.38069,548,1779840299.094,USDCAD
61,2026-05-27 00:05:00,1.38081,1.38091,1.38094,1.38079,563,1779840599.521,USDCAD
61,2026-05-27 00:10:00,1.38091,1.38087,1.38104,1.38084,565,1779840899.013,USDCAD
61,2026-05-27 00:15:00,1.38087,1.38085,1.38092,1.38075,519,1779841199.914,USDCAD
61,2026-05-27 00:20:00,1.38085,1.38063,1.38088,1.38061,588,1779841499.026,USDCAD
61,2026-05-27 00:25:00,1.38063,1.38059,1.38066,1.38058,581,1779841799.093,USDCAD
61,2026-05-27 00:30:00,1.38059,1.38055,1.38064,1.38051,531,1779842098.037,USDCAD
61,2026-05-27 00:35:00,1.38055,1.38054,1.38062,1.38043,550,1779842399.694,USDCAD
61,2026-05-27 00:40:00,1.38054,1.38047,1.38057,1.38043,506,1779842699.228,USDCAD
61,2026-05-27 00:45:00,1.38047,1.38052,1.38054,1.38037,553,1779842999.793,USDCAD
61,2026-05-27 00:50:00,1.38052,1.38063,1.38064,1.38047,491,1779843299.993,USDCAD
61,2026-05-27 00:55:00,1.38063,1.38074,1.38081,1.38061,579,1779843599.012,USDCAD
61,2026-05-27 01:00:00,1.38074,1.38089,1.38092,1.38065,573,1779843899.995,USDCAD
61,2026-05-27 01:05:00,1.38089,1.38095,1.38106,1.38088,517,1779844199.018,USDCAD
61,2026-05-27 01:10:00,1.38095,1.3809,1.38095,1.38087,536,1779844499.793,USDCAD
61,2026-05-27 01:15:00,1.38091,1.38102,1.38103,1.38089,479,1779844799.032,USDCAD
61,2026-05-27 01:20:00,1.38102,1.38091,1.38102,1.38084,548,1779845099.001,USDCAD
61,2026-05-27 01:25:00,1.38091,1.38106,1.38109,1.38091,501,1779845399.293,USDCAD
61,2026-05-27 01:30:00,1.38106,1.38138,1.38143,1.38106,807,1779845699.702,USDCAD
61,2026-05-27 01:35:00,1.38138,1.38145,1.38149,1.38128,445,1779845999.02,USDCAD
61,2026-05-27 01:40:00,1.38145,1.38129,1.38145,1.38126,498,1779846299.009,USDCAD
61,2026-05-27 01:45:00,1.38129,1.38131,1.38147,1.38126,504,1779846599.694,USDCAD
61,2026-05-27 01:50:00,1.38131,1.38134,1.3814,1.3813,502,1779846899.019,USDCAD
61,2026-05-27 01:55:00,1.38134,1.38138,1.3814,1.38132,454,1779847199.018,USDCAD
61,2026-05-27 02:00:00,1.38137,1.38102,1.38138,1.38092,713,1779847499.626,USDCAD
61,2026-05-27 02:05:00,1.38102,1.38096,1.38106,1.38084,537,1779847799.095,USDCAD
61,2026-05-27 02:10:00,1.38096,1.38106,1.38112,1.38096,467,1779848099.007,USDCAD
61,2026-05-27 02:15:00,1.38106,1.38109,1.3811,1.38099,513,1779848399.041,USDCAD
61,2026-05-27 02:20:00,1.38109,1.38108,1.38116,1.38105,486,1779848699.508,USDCAD
61,2026-05-27 02:25:00,1.38108,1.38113,1.38116,1.38102,403,1779848999.0,USDCAD
61,2026-05-27 02:30:00,1.38113,1.38105,1.38116,1.38105,457,1779849299.021,USDCAD
61,2026-05-27 02:35:00,1.38105,1.38112,1.38118,1.38105,546,1779849599.001,USDCAD
61,2026-05-27 02:40:00,1.38112,1.38111,1.38114,1.38104,381,1779849899.022,USDCAD
61,2026-05-27 02:45:00,1.38111,1.38101,1.38112,1.38101,418,1779850198.195,USDCAD
61,2026-05-27 02:50:00,1.38101,1.38097,1.38105,1.38089,445,1779850499.035,USDCAD
61,2026-05-27 02:55:00,1.38097,1.38114,1.38116,1.38097,445,1779850799.093,USDCAD
61,2026-05-27 03:00:00,1.38114,1.38092,1.38115,1.38085,431,1779851099.0,USDCAD
61,2026-05-27 03:05:00,1.38092,1.38097,1.38101,1.38079,446,1779851399.893,USDCAD
61,2026-05-27 03:10:00,1.38097,1.38105,1.38107,1.38097,455,1779851699.019,USDCAD
61,2026-05-27 03:15:00,1.38105,1.38109,1.38111,1.38103,459,1779851999.324,USDCAD
61,2026-05-27 03:20:00,1.38109,1.3811,1.38117,1.38109,536,1779852299.093,USDCAD
61,2026-05-27 03:25:00,1.3811,1.38111,1.38115,1.38108,544,1779852599.093,USDCAD
61,2026-05-27 03:30:00,1.38111,1.38112,1.38115,1.38105,441,1779852899.024,USDCAD
61,2026-05-27 03:35:00,1.38112,1.38119,1.38124,1.3811,465,1779853199.225,USDCAD
61,2026-05-27 03:40:00,1.38119,1.38122,1.38127,1.38117,441,1779853499.041,USDCAD
61,2026-05-27 03:45:00,1.38122,1.3812,1.38123,1.38111,414,1779853799.03,USDCAD
61,2026-05-27 03:50:00,1.3812,1.38113,1.38122,1.38109,450,1779854099.818,USDCAD
61,2026-05-27 03:55:00,1.38113,1.38119,1.38122,1.3811,497,1779854399.993,USDCAD
61,2026-05-27 04:00:00,1.38119,1.38118,1.38123,1.38112,449,1779854699.035,USDCAD
61,2026-05-27 04:05:00,1.38118,1.38116,1.38119,1.38111,399,1779854999.003,USDCAD
61,2026-05-27 04:10:00,1.38116,1.3811,1.38118,1.38105,474,1779855299.093,USDCAD
61,2026-05-27 04:15:00,1.3811,1.38114,1.38115,1.38107,439,1779855599.593,USDCAD
61,2026-05-27 04:20:00,1.38114,1.38106,1.38115,1.38103,474,1779855899.008,USDCAD
61,2026-05-27 04:25:00,1.38106,1.38114,1.38116,1.38106,430,1779856199.022,USDCAD
61,2026-05-27 04:30:00,1.38114,1.38108,1.38116,1.38106,473,1779856499.494,USDCAD
61,2026-05-27 04:35:00,1.38108,1.38108,1.38116,1.38106,471,1779856799.032,USDCAD
61,2026-05-27 04:40:00,1.38108,1.38101,1.38112,1.381,412,1779857099.037,USDCAD
61,2026-05-27 04:45:00,1.38101,1.38091,1.38104,1.38091,424,1779857399.037,USDCAD
61,2026-05-27 04:50:00,1.38091,1.38093,1.38097,1.38089,437,1779857698.038,USDCAD
61,2026-05-27 04:55:00,1.38093,1.38092,1.38101,1.38089,406,1779857999.793,USDCAD
61,2026-05-27 05:00:00,1.38092,1.38084,1.38099,1.38084,445,1779858299.011,USDCAD
61,2026-05-27 05:05:00,1.38084,1.38088,1.38091,1.38084,374,1779858599.017,USDCAD
61,2026-05-27 05:10:00,1.38088,1.38091,1.38095,1.38088,456,1779858899.023,USDCAD
61,2026-05-27 05:15:00,1.38091,1.38101,1.38103,1.38091,493,1779859199.014,USDCAD
61,2026-05-27 05:20:00,1.38101,1.38095,1.38102,1.38094,485,1779859499.102,USDCAD
61,2026-05-27 05:25:00,1.38095,1.38096,1.38102,1.38094,471,1779859799.705,USDCAD
61,2026-05-27 05:30:00,1.38096,1.38101,1.38108,1.38093,495,1779860099.041,USDCAD
61,2026-05-27 05:35:00,1.38101,1.38109,1.38109,1.38091,509,1779860399.04,USDCAD
61,2026-05-27 05:40:00,1.38109,1.38123,1.38129,1.38106,451,1779860699.041,USDCAD
61,2026-05-27 05:45:00,1.38123,1.38121,1.38128,1.38116,427,1779860999.094,USDCAD
61,2026-05-27 05:50:00,1.38121,1.38128,1.38131,1.38121,462,1779861299.03,USDCAD
61,2026-05-27 05:55:00,1.38128,1.38143,1.38146,1.38118,471,1779861599.016,USDCAD
61,2026-05-27 06:00:00,1.38143,1.38151,1.38153,1.3813,548,1779861899.001,USDCAD
61,2026-05-27 06:05:00,1.38151,1.38162,1.38164,1.38146,504,1779862199.392,USDCAD
61,2026-05-27 06:10:00,1.3816,1.38171,1.38174,1.38159,446,1779862499.693,USDCAD
61,2026-05-27 06:15:00,1.38171,1.38169,1.38182,1.38162,412,1779862799.594,USDCAD
61,2026-05-27 06:20:00,1.38169,1.38156,1.38179,1.38153,547,1779863099.008,USDCAD
61,2026-05-27 06:25:00,1.38156,1.38149,1.38161,1.38138,521,1779863399.947,USDCAD
61,2026-05-27 06:30:00,1.38149,1.38143,1.38157,1.38137,613,1779863699.594,USDCAD
61,2026-05-27 06:35:00,1.38143,1.38162,1.38165,1.38141,522,1779863999.093,USDCAD
61,2026-05-27 06:40:00,1.38162,1.38151,1.38167,1.38149,594,1779864299.895,USDCAD
61,2026-05-27 06:45:00,1.38151,1.38149,1.38152,1.38132,653,1779864599.593,USDCAD
61,2026-05-27 06:50:00,1.38149,1.38176,1.38177,1.38145,626,1779864899.731,USDCAD
61,2026-05-27 06:55:00,1.38176,1.38192,1.38199,1.38169,557,1779865199.04,USDCAD
61,2026-05-27 07:00:00,1.38191,1.38179,1.38194,1.38158,738,1779865499.431,USDCAD
61,2026-05-27 07:05:00,1.38179,1.38199,1.38206,1.38176,585,1779865799.044,USDCAD
61,2026-05-27 07:10:00,1.38199,1.38194,1.38204,1.38193,542,1779866099.021,USDCAD
61,2026-05-27 07:15:00,1.38194,1.38233,1.38238,1.38194,482,1779866399.031,USDCAD
61,2026-05-27 07:20:00,1.38233,1.38205,1.38235,1.38201,487,1779866699.011,USDCAD
61,2026-05-27 07:25:00,1.38205,1.38231,1.38235,1.38205,606,1779866999.794,USDCAD
61,2026-05-27 07:30:00,1.38231,1.38234,1.38244,1.3823,522,1779867299.794,USDCAD
61,2026-05-27 07:35:00,1.38234,1.38237,1.38248,1.38231,394,1779867599.006,USDCAD
61,2026-05-27 07:40:00,1.38237,1.38224,1.38244,1.38223,443,1779867899.993,USDCAD
61,2026-05-27 07:45:00,1.38224,1.38225,1.38234,1.38217,489,1779868199.703,USDCAD
61,2026-05-27 07:50:00,1.38225,1.38233,1.38246,1.38225,495,1779868499.021,USDCAD
61,2026-05-27 07:55:00,1.38233,1.38277,1.38282,1.38233,486,1779868799.026,USDCAD
61,2026-05-27 08:00:00,1.38277,1.38269,1.38291,1.38265,658,1779869099.794,USDCAD
61,2026-05-27 08:05:00,1.38269,1.38253,1.38279,1.38253,586,1779869398.095,USDCAD
61,2026-05-27 08:10:00,1.38253,1.3825,1.38265,1.38248,597,1779869699.035,USDCAD
61,2026-05-27 08:15:00,1.3825,1.38255,1.38257,1.38231,584,1779869999.03,USDCAD
61,2026-05-27 08:20:00,1.38255,1.38265,1.38266,1.3824,596,1779870299.001,USDCAD
61,2026-05-27 08:25:00,1.38265,1.38247,1.38275,1.38245,488,1779870599.493,USDCAD
61,2026-05-27 08:30:00,1.38247,1.38244,1.38253,1.38243,466,1779870899.035,USDCAD
61,2026-05-27 08:35:00,1.38244,1.38248,1.38254,1.38222,640,1779871199.029,USDCAD
61,2026-05-27 08:40:00,1.38248,1.38273,1.38274,1.38246,493,1779871499.894,USDCAD
61,2026-05-27 08:45:00,1.38272,1.38283,1.38289,1.38272,489,1779871799.512,USDCAD
61,2026-05-27 08:50:00,1.38283,1.38289,1.38295,1.38279,464,1779872099.032,USDCAD
61,2026-05-27 08:55:00,1.38289,1.38284,1.38294,1.38277,476,1779872399.313,USDCAD
61,2026-05-27 09:00:00,1.38284,1.38284,1.38291,1.38275,454,1779872699.012,USDCAD
61,2026-05-27 09:05:00,1.38284,1.38277,1.38292,1.38272,508,1779872999.493,USDCAD
61,2026-05-27 09:10:00,1.38277,1.38265,1.38279,1.38262,422,1779873299.003,USDCAD
61,2026-05-27 09:15:00,1.38265,1.38245,1.38266,1.38245,547,1779873598.027,USDCAD
61,2026-05-27 09:20:00,1.38245,1.38233,1.38254,1.38232,414,1779873899.393,USDCAD
61,2026-05-27 09:25:00,1.38233,1.38234,1.38238,1.38231,401,1779874199.02,USDCAD
61,2026-05-27 09:30:00,1.38234,1.38234,1.38237,1.38228,406,1779874499.0,USDCAD
61,2026-05-27 09:35:00,1.38234,1.38251,1.38256,1.38234,411,1779874799.004,USDCAD
61,2026-05-27 09:40:00,1.38251,1.38234,1.38251,1.3823,365,1779875099.012,USDCAD
61,2026-05-27 09:45:00,1.38234,1.38239,1.38241,1.3821,581,1779875399.61,USDCAD
61,2026-05-27 09:50:00,1.38239,1.38234,1.38248,1.3823,447,1779875699.043,USDCAD
61,2026-05-27 09:55:00,1.38234,1.3824,1.38241,1.38219,475,1779875999.035,USDCAD
61,2026-05-27 10:00:00,1.3824,1.3825,1.38258,1.3824,497,1779876299.006,USDCAD
61,2026-05-27 10:05:00,1.3825,1.38251,1.38254,1.38238,430,1779876599.994,USDCAD
61,2026-05-27 10:10:00,1.38251,1.38263,1.38272,1.38245,463,1779876899.035,USDCAD
61,2026-05-27 10:15:00,1.38263,1.3828,1.38281,1.38258,428,1779877199.293,USDCAD
61,2026-05-27 10:20:00,1.3828,1.38295,1.38298,1.38276,435,1779877499.693,USDCAD
61,2026-05-27 10:25:00,1.38295,1.3829,1.38301,1.38288,378,1779877799.038,USDCAD
61,2026-05-27 10:30:00,1.3829,1.38319,1.38324,1.38289,531,1779878099.016,USDCAD
61,2026-05-27 10:35:00,1.38319,1.38337,1.3834,1.38314,515,1779878399.042,USDCAD
61,2026-05-27 10:40:00,1.38337,1.38342,1.38343,1.38328,408,1779878699.413,USDCAD
61,2026-05-27 10:45:00,1.38342,1.38349,1.38355,1.38339,527,1779878999.002,USDCAD
61,2026-05-27 10:50:00,1.38349,1.38355,1.38368,1.38348,464,1779879299.023,USDCAD
61,2026-05-27 10:55:00,1.38355,1.38356,1.38368,1.38349,462,1779879599.894,USDCAD
61,2026-05-27 11:00:00,1.38355,1.38339,1.38356,1.38336,446,1779879899.001,USDCAD
61,2026-05-27 11:05:00,1.38339,1.38346,1.38368,1.38339,460,1779880199.011,USDCAD
61,2026-05-27 11:10:00,1.38346,1.38338,1.38365,1.38335,508,1779880499.238,USDCAD
61,2026-05-27 11:15:00,1.38338,1.38346,1.38349,1.38317,516,1779880799.294,USDCAD
61,2026-05-27 11:20:00,1.38346,1.38367,1.38385,1.38346,577,1779881099.994,USDCAD
61,2026-05-27 11:25:00,1.38367,1.38383,1.38384,1.38365,489,1779881399.027,USDCAD
61,2026-05-27 11:30:00,1.38382,1.38373,1.38387,1.38363,503,1779881699.011,USDCAD
61,2026-05-27 11:35:00,1.38373,1.38382,1.38384,1.38364,543,1779881999.002,USDCAD
61,2026-05-27 11:40:00,1.38382,1.38354,1.38397,1.38353,565,1779882299.093,USDCAD
61,2026-05-27 11:45:00,1.38354,1.3835,1.38359,1.38334,600,1779882599.007,USDCAD
61,2026-05-27 11:50:00,1.3835,1.38363,1.38363,1.38345,484,1779882899.095,USDCAD
61,2026-05-27 11:55:00,1.38363,1.38333,1.38363,1.38332,570,1779883199.494,USDCAD
61,2026-05-27 12:00:00,1.38333,1.38348,1.38351,1.38323,659,1779883499.194,USDCAD
61,2026-05-27 12:05:00,1.38348,1.38344,1.38365,1.38326,705,1779883799.094,USDCAD
61,2026-05-27 12:10:00,1.38344,1.38349,1.38355,1.38333,709,1779884099.735,USDCAD
61,2026-05-27 12:15:00,1.38349,1.38332,1.38368,1.38304,1129,1779884399.795,USDCAD
61,2026-05-27 12:20:00,1.38332,1.38296,1.38341,1.38274,1349,1779884699.894,USDCAD
61,2026-05-27 12:25:00,1.38296,1.38258,1.383,1.38253,931,1779884999.031,USDCAD
61,2026-05-27 12:30:00,1.38258,1.38237,1.38258,1.38216,859,1779885299.924,USDCAD
61,2026-05-27 12:35:00,1.38237,1.38241,1.38243,1.38204,1019,1779885599.092,USDCAD
61,2026-05-27 12:40:00,1.38241,1.38244,1.38253,1.38224,681,1779885898.039,USDCAD
61,2026-05-27 12:45:00,1.38244,1.38251,1.38264,1.38239,645,1779886199.396,USDCAD
61,2026-05-27 12:50:00,1.38251,1.38243,1.3826,1.3824,711,1779886499.028,USDCAD
61,2026-05-27 12:55:00,1.38244,1.38281,1.38293,1.38244,688,1779886799.041,USDCAD
61,2026-05-27 13:00:00,1.38281,1.38261,1.38294,1.38253,735,1779887099.092,USDCAD
61,2026-05-27 13:05:00,1.38261,1.3828,1.38295,1.38245,720,1779887399.529,USDCAD
61,2026-05-27 13:10:00,1.3828,1.38299,1.38299,1.38268,687,1779887699.895,USDCAD
61,2026-05-27 13:15:00,1.38299,1.38305,1.38325,1.38295,653,1779887999.035,USDCAD
61,2026-05-27 13:20:00,1.38305,1.38326,1.38328,1.38288,666,1779888299.393,USDCAD
61,2026-05-27 13:25:00,1.38327,1.38346,1.38377,1.38326,733,1779888599.523,USDCAD
61,2026-05-27 13:30:00,1.38346,1.38301,1.38357,1.38294,912,1779888899.094,USDCAD
61,2026-05-27 13:35:00,1.38301,1.38328,1.38334,1.38296,922,1779889199.02,USDCAD
61,2026-05-27 13:40:00,1.38328,1.38347,1.38348,1.38319,915,1779889499.941,USDCAD
61,2026-05-27 13:45:00,1.38347,1.38338,1.38348,1.38289,953,1779889799.032,USDCAD
61,2026-05-27 13:50:00,1.38338,1.38294,1.38347,1.38291,866,1779890098.694,USDCAD
61,2026-05-27 13:55:00,1.38294,1.38268,1.38305,1.38267,778,1779890399.893,USDCAD
61,2026-05-27 14:00:00,1.38268,1.38322,1.38328,1.38262,806,1779890699.694,USDCAD
61,2026-05-27 14:05:00,1.38322,1.38322,1.38338,1.383,771,1779890999.906,USDCAD
61,2026-05-27 14:10:00,1.38322,1.38282,1.38328,1.38281,734,1779891299.903,USDCAD
61,2026-05-27 14:15:00,1.38282,1.38245,1.38292,1.38244,701,1779891599.693,USDCAD
61,2026-05-27 14:20:00,1.38245,1.38292,1.38299,1.38236,935,1779891899.495,USDCAD
61,2026-05-27 14:25:00,1.38287,1.38273,1.38298,1.3826,846,1779892199.394,USDCAD
61,2026-05-27 14:30:00,1.38274,1.38291,1.38307,1.38245,1215,1779892499.041,USDCAD
61,2026-05-27 14:35:00,1.38291,1.38289,1.38303,1.38272,787,1779892799.629,USDCAD
61,2026-05-27 14:40:00,1.38289,1.3824,1.38291,1.3824,754,1779893099.895,USDCAD
61,2026-05-27 14:45:00,1.3824,1.38294,1.38294,1.38231,705,1779893399.915,USDCAD
61,2026-05-27 14:50:00,1.38294,1.38414,1.38415,1.38292,1075,1779893699.604,USDCAD
61,2026-05-27 14:55:00,1.38414,1.38495,1.38523,1.38414,1232,1779893999.011,USDCAD
61,2026-05-27 15:00:00,1.38495,1.3842,1.38502,1.3841,1085,1779894299.003,USDCAD
61,2026-05-27 15:05:00,1.3842,1.38357,1.38422,1.38356,994,1779894598.04,USDCAD
61,2026-05-27 15:10:00,1.38357,1.38355,1.38369,1.38338,918,1779894899.006,USDCAD
61,2026-05-27 15:15:00,1.38355,1.38366,1.38368,1.38316,774,1779895199.594,USDCAD
61,2026-05-27 15:20:00,1.38366,1.38354,1.38372,1.38339,876,1779895499.094,USDCAD
61,2026-05-27 15:25:00,1.38354,1.38336,1.38363,1.38326,691,1779895799.393,USDCAD
61,2026-05-27 15:30:00,1.38336,1.38321,1.3835,1.38319,769,1779896099.594,USDCAD
61,2026-05-27 15:35:00,1.38321,1.38318,1.38343,1.38315,789,1779896399.494,USDCAD
61,2026-05-27 15:40:00,1.38318,1.38312,1.38326,1.38297,803,1779896699.999,USDCAD
61,2026-05-27 15:45:00,1.38312,1.38353,1.38355,1.38297,750,1779896999.008,USDCAD
61,2026-05-27 15:50:00,1.38353,1.38354,1.38365,1.3833,706,1779897299.793,USDCAD
61,2026-05-27 15:55:00,1.38354,1.38305,1.38354,1.38299,697,1779897599.193,USDCAD
61,2026-05-27 16:00:00,1.38305,1.38347,1.38354,1.38301,867,1779897899.332,USDCAD
61,2026-05-27 16:05:00,1.38347,1.38328,1.38347,1.38315,707,1779898199.794,USDCAD
61,2026-05-27 16:10:00,1.38328,1.38298,1.38328,1.38296,543,1779898499.006,USDCAD
61,2026-05-27 16:15:00,1.38298,1.38259,1.38298,1.38251,513,1779898799.036,USDCAD
61,2026-05-27 16:20:00,1.38259,1.38273,1.38278,1.3824,600,1779899099.894,USDCAD
61,2026-05-27 16:25:00,1.38273,1.38275,1.38277,1.38252,511,1779899399.094,USDCAD
61,2026-05-27 16:30:00,1.38275,1.383,1.38304,1.38275,628,1779899699.038,USDCAD
61,2026-05-27 16:35:00,1.383,1.38294,1.38309,1.3829,618,1779899999.992,USDCAD
61,2026-05-27 16:40:00,1.38294,1.38293,1.38305,1.3828,509,1779900299.993,USDCAD
61,2026-05-27 16:45:00,1.38293,1.38282,1.38301,1.3828,489,1779900599.002,USDCAD
61,2026-05-27 16:50:00,1.38282,1.38281,1.38291,1.3827,519,1779900899.015,USDCAD
61,2026-05-27 16:55:00,1.38281,1.38264,1.38291,1.38258,533,1779901199.293,USDCAD
61,2026-05-27 17:00:00,1.38264,1.38299,1.38302,1.38264,608,1779901499.714,USDCAD
61,2026-05-27 17:05:00,1.38299,1.38337,1.38348,1.3828,941,1779901799.999,USDCAD
61,2026-05-27 17:10:00,1.38337,1.38333,1.38339,1.38318,1021,1779902099.994,USDCAD
61,2026-05-27 17:15:00,1.38332,1.38306,1.38339,1.38306,632,1779902399.002,USDCAD
61,2026-05-27 17:20:00,1.38306,1.38296,1.38314,1.38296,659,1779902699.093,USDCAD
61,2026-05-27 17:25:00,1.38296,1.38318,1.3832,1.3829,569,1779902999.0,USDCAD
61,2026-05-27 17:30:00,1.38318,1.3829,1.38326,1.38289,513,1779903299.793,USDCAD
61,2026-05-27 17:35:00,1.3829,1.38298,1.38308,1.38288,617,1779903599.212,USDCAD
61,2026-05-27 17:40:00,1.38298,1.38297,1.38305,1.38287,521,1779903899.004,USDCAD
61,2026-05-27 17:45:00,1.38297,1.38318,1.38321,1.3829,550,1779904199.907,USDCAD
61,2026-05-27 17:50:00,1.38318,1.38308,1.38318,1.38288,512,1779904499.029,USDCAD
61,2026-05-27 17:55:00,1.38308,1.38306,1.38308,1.38291,518,1779904799.893,USDCAD
61,2026-05-27 18:00:00,1.38306,1.38331,1.38333,1.38305,544,1779905099.42,USDCAD
61,2026-05-27 18:05:00,1.38331,1.38346,1.38349,1.38328,453,1779905399.0,USDCAD
61,2026-05-27 18:10:00,1.38346,1.38349,1.38363,1.38343,500,1779905699.019,USDCAD
61,2026-05-27 18:15:00,1.38349,1.38349,1.38362,1.38343,568,1779905999.019,USDCAD
61,2026-05-27 18:20:00,1.38349,1.38364,1.38367,1.38347,520,1779906299.495,USDCAD
61,2026-05-27 18:25:00,1.38364,1.3835,1.38365,1.38345,427,1779906599.792,USDCAD
61,2026-05-27 18:30:00,1.3835,1.38353,1.38359,1.38345,489,1779906899.01,USDCAD
61,2026-05-27 18:35:00,1.38353,1.38347,1.38357,1.38335,503,1779907199.006,USDCAD
61,2026-05-27 18:40:00,1.38347,1.38353,1.38357,1.38346,508,1779907499.019,USDCAD
61,2026-05-27 18:45:00,1.38353,1.38356,1.38362,1.38351,485,1779907799.008,USDCAD
61,2026-05-27 18:50:00,1.38356,1.38342,1.3836,1.38342,523,1779908099.02,USDCAD
61,2026-05-27 18:55:00,1.38342,1.38347,1.3835,1.38327,615,1779908399.893,USDCAD
61,2026-05-27 19:00:00,1.38347,1.38335,1.38355,1.38333,528,1779908699.028,USDCAD
61,2026-05-27 19:05:00,1.38335,1.38298,1.38335,1.38289,617,1779908999.023,USDCAD
61,2026-05-27 19:10:00,1.38298,1.38301,1.38312,1.38292,533,1779909299.236,USDCAD
61,2026-05-27 19:15:00,1.38301,1.3832,1.38326,1.38298,399,1779909599.593,USDCAD
61,2026-05-27 19:20:00,1.3832,1.3831,1.38323,1.38305,459,1779909899.536,USDCAD
61,2026-05-27 19:25:00,1.3831,1.38308,1.38314,1.38296,488,1779910199.008,USDCAD
61,2026-05-27 19:30:00,1.38308,1.38318,1.38322,1.38305,566,1779910499.394,USDCAD
61,2026-05-27 19:35:00,1.38318,1.38319,1.38327,1.3831,472,1779910799.018,USDCAD
61,2026-05-27 19:40:00,1.38319,1.38333,1.38339,1.38315,444,1779911099.096,USDCAD
61,2026-05-27 19:45:00,1.38333,1.3834,1.38347,1.3833,478,1779911399.394,USDCAD
61,2026-05-27 19:50:00,1.3834,1.38345,1.38351,1.38336,399,1779911699.026,USDCAD
61,2026-05-27 19:55:00,1.38345,1.38322,1.38345,1.38312,625,1779911999.004,USDCAD
61,2026-05-27 20:00:00,1.38322,1.38293,1.38324,1.38291,481,1779912299.697,USDCAD
61,2026-05-27 20:05:00,1.38293,1.38334,1.38335,1.38291,409,1779912599.038,USDCAD
61,2026-05-27 20:10:00,1.38334,1.38329,1.38342,1.38327,396,1779912899.092,USDCAD
61,2026-05-27 20:15:00,1.38329,1.38323,1.38333,1.38315,410,1779913199.394,USDCAD
61,2026-05-27 20:20:00,1.38323,1.3832,1.38339,1.38315,351,1779913499.028,USDCAD
61,2026-05-27 20:25:00,1.3832,1.38348,1.3835,1.38318,370,1779913799.901,USDCAD
61,2026-05-27 20:30:00,1.38348,1.38359,1.3836,1.38339,401,1779914099.007,USDCAD
61,2026-05-27 20:35:00,1.38359,1.38391,1.384,1.38359,490,1779914399.904,USDCAD
61,2026-05-27 20:40:00,1.38391,1.38402,1.38411,1.38388,373,1779914699.001,USDCAD
61,2026-05-27 20:45:00,1.38402,1.38398,1.38407,1.38386,688,1779914999.035,USDCAD
61,2026-05-27 20:50:00,1.38398,1.38397,1.38401,1.38392,410,1779915299.015,USDCAD
61,2026-05-27 20:55:00,1.38397,1.38406,1.38416,1.38396,508,1779915599.944,USDCAD
61,2026-05-27 21:00:00,1.38406,1.38386,1.38406,1.38365,290,1779915899.005,USDCAD
61,2026-05-27 21:05:00,1.38386,1.38389,1.38389,1.38386,300,1779916199.033,USDCAD
61,2026-05-27 21:10:00,1.38389,1.38407,1.38414,1.38386,301,1779916499.029,USDCAD
61,2026-05-27 21:15:00,1.38407,1.38409,1.38409,1.38402,285,1779916799.015,USDCAD
61,2026-05-27 21:20:00,1.38409,1.38386,1.38409,1.38385,324,1779917099.04,USDCAD
61,2026-05-27 21:25:00,1.38386,1.38396,1.38399,1.38379,314,1779917399.092,USDCAD
61,2026-05-27 21:30:00,1.38396,1.38394,1.38406,1.3839,316,1779917699.021,USDCAD
61,2026-05-27 21:35:00,1.38394,1.38401,1.38407,1.38389,339,1779917999.038,USDCAD
61,2026-05-27 21:40:00,1.38401,1.38396,1.38406,1.38393,347,1779918299.194,USDCAD
61,2026-05-27 21:45:00,1.38396,1.38404,1.3841,1.3839,375,1779918599.037,USDCAD
61,2026-05-27 21:50:00,1.38404,1.3841,1.38414,1.38397,374,1779918899.093,USDCAD
61,2026-05-27 21:55:00,1.3841,1.38416,1.38416,1.38386,388,1779919199.025,USDCAD
61,2026-05-27 22:00:00,1.38416,1.38402,1.38424,1.38398,480,1779919499.093,USDCAD
61,2026-05-27 22:05:00,1.38402,1.3838,1.38402,1.38379,323,1779919799.028,USDCAD
61,2026-05-27 22:10:00,1.3838,1.3837,1.3838,1.38367,337,1779920099.014,USDCAD
61,2026-05-27 22:15:00,1.3837,1.3837,1.38372,1.38368,319,1779920399.793,USDCAD
61,2026-05-27 22:20:00,1.3837,1.3837,1.3837,1.38367,282,1779920699.005,USDCAD
61,2026-05-27 22:25:00,1.3837,1.38381,1.38382,1.38367,321,1779920999.013,USDCAD
61,2026-05-27 22:30:00,1.38381,1.3839,1.3839,1.38381,335,1779921299.018,USDCAD
61,2026-05-27 22:35:00,1.3839,1.3838,1.3839,1.3838,337,1779921599.034,USDCAD
61,2026-05-27 22:40:00,1.3838,1.38387,1.3839,1.38379,318,1779921899.002,USDCAD
61,2026-05-27 22:45:00,1.38387,1.38393,1.38397,1.38383,339,1779922199.026,USDCAD
61,2026-05-27 22:50:00,1.38393,1.38389,1.38396,1.38381,339,1779922498.025,USDCAD
61,2026-05-27 22:55:00,1.38389,1.38389,1.3839,1.38388,293,1779922799.009,USDCAD
61,2026-05-27 23:00:00,1.38389,1.38389,1.38394,1.38388,328,1779923099.024,USDCAD
61,2026-05-27 23:05:00,1.38389,1.38387,1.38389,1.38387,315,1779923399.005,USDCAD
61,2026-05-27 23:10:00,1.38387,1.38387,1.38389,1.3838,304,1779923699.038,USDCAD
61,2026-05-27 23:15:00,1.38387,1.38382,1.38389,1.3838,341,1779923999.032,USDCAD
61,2026-05-27 23:20:00,1.38382,1.38414,1.38428,1.3838,508,1779924299.013,USDCAD
61,2026-05-27 23:25:00,1.38414,1.38422,1.38424,1.38414,371,1779924599.033,USDCAD
61,2026-05-27 23:30:00,1.38422,1.38428,1.3843,1.3842,429,1779924899.023,USDCAD
61,2026-05-27 23:35:00,1.38428,1.38429,1.38443,1.38428,375,1779925199.023,USDCAD
61,2026-05-27 23:40:00,1.38429,1.38427,1.38432,1.38424,363,1779925499.01,USDCAD
61,2026-05-27 23:45:00,1.38427,1.38426,1.38431,1.38424,371,1779925799.018,USDCAD
61,2026-05-27 23:50:00,1.38426,1.38438,1.38454,1.38423,449,1779926099.033,USDCAD
61,2026-05-27 23:55:00,1.38438,1.38448,1.38448,1.38437,476,1779926399.093,USDCAD
61,2026-05-28 00:00:00,1.38448,1.38484,1.38485,1.38441,726,1779926699.994,USDCAD
61,2026-05-28 00:05:00,1.38485,1.38477,1.38495,1.38475,684,1779926999.893,USDCAD
61,2026-05-28 00:10:00,1.38476,1.38487,1.3849,1.38476,500,1779927299.993,USDCAD
61,2026-05-28 00:15:00,1.38488,1.38456,1.38488,1.38452,542,1779927599.037,USDCAD
61,2026-05-28 00:20:00,1.38456,1.38463,1.38464,1.38447,498,1779927899.893,USDCAD
61,2026-05-28 00:25:00,1.38462,1.38457,1.38469,1.38456,689,1779928199.0,USDCAD
61,2026-05-28 00:30:00,1.38457,1.3846,1.38477,1.38457,714,1779928499.021,USDCAD
61,2026-05-28 00:35:00,1.3846,1.38465,1.3847,1.38456,424,1779928799.038,USDCAD
61,2026-05-28 00:40:00,1.38465,1.38475,1.38479,1.3845,479,1779929099.915,USDCAD
61,2026-05-28 00:45:00,1.38475,1.38478,1.38484,1.3847,523,1779929399.197,USDCAD
61,2026-05-28 00:50:00,1.38478,1.38486,1.38489,1.38471,537,1779929699.296,USDCAD
61,2026-05-28 00:55:00,1.38485,1.38479,1.38497,1.38474,505,1779929999.294,USDCAD
61,2026-05-28 01:00:00,1.38479,1.38489,1.38496,1.38472,595,1779930299.04,USDCAD
61,2026-05-28 01:05:00,1.38489,1.38487,1.38496,1.38479,555,1779930599.002,USDCAD
61,2026-05-28 01:10:00,1.38487,1.38491,1.38494,1.3848,522,1779930899.004,USDCAD
61,2026-05-28 01:15:00,1.38491,1.38475,1.38491,1.38474,501,1779931199.794,USDCAD
61,2026-05-28 01:20:00,1.38475,1.38488,1.38494,1.38475,603,1779931499.001,USDCAD
61,2026-05-28 01:25:00,1.38488,1.38497,1.38504,1.38488,485,1779931799.194,USDCAD
61,2026-05-28 01:30:00,1.38497,1.38505,1.38509,1.38493,507,1779932099.026,USDCAD
61,2026-05-28 01:35:00,1.38505,1.38505,1.38509,1.38502,456,1779932399.095,USDCAD
61,2026-05-28 01:40:00,1.38505,1.38505,1.38514,1.38503,435,1779932699.993,USDCAD
61,2026-05-28 01:45:00,1.38505,1.38506,1.38516,1.38504,424,1779932999.029,USDCAD
61,2026-05-28 01:50:00,1.38506,1.38508,1.38512,1.38504,446,1779933299.893,USDCAD
61,2026-05-28 01:55:00,1.38508,1.3854,1.38549,1.38504,489,1779933599.193,USDCAD
61,2026-05-28 02:00:00,1.3854,1.38538,1.38545,1.38523,491,1779933899.094,USDCAD
61,2026-05-28 02:05:00,1.38538,1.38532,1.38546,1.38529,435,1779934199.013,USDCAD
61,2026-05-28 02:10:00,1.38532,1.38532,1.38542,1.38531,466,1779934499.01,USDCAD
61,2026-05-28 02:15:00,1.38532,1.38526,1.38536,1.38525,457,1779934799.92,USDCAD
61,2026-05-28 02:20:00,1.38526,1.38533,1.38535,1.38519,458,1779935099.893,USDCAD
61,2026-05-28 02:25:00,1.38533,1.38528,1.38535,1.38522,418,1779935399.029,USDCAD
61,2026-05-28 02:30:00,1.38528,1.38525,1.38529,1.38522,475,1779935699.025,USDCAD
61,2026-05-28 02:35:00,1.38525,1.38536,1.3854,1.38522,329,1779935999.021,USDCAD
61,2026-05-28 02:40:00,1.38536,1.38547,1.38554,1.38533,481,1779936299.194,USDCAD
61,2026-05-28 02:45:00,1.38547,1.38536,1.38555,1.38533,477,1779936599.008,USDCAD
61,2026-05-28 02:50:00,1.38536,1.38543,1.38543,1.38525,505,1779936899.193,USDCAD
61,2026-05-28 02:55:00,1.38543,1.38524,1.38543,1.38524,489,1779937199.099,USDCAD
61,2026-05-28 03:00:00,1.38524,1.38514,1.38526,1.3851,490,1779937499.905,USDCAD
61,2026-05-28 03:05:00,1.38514,1.38519,1.38525,1.38512,460,1779937799.029,USDCAD
61,2026-05-28 03:10:00,1.38519,1.38538,1.38538,1.38515,516,1779938099.018,USDCAD
61,2026-05-28 03:15:00,1.38538,1.3858,1.38585,1.38536,574,1779938399.729,USDCAD
61,2026-05-28 03:20:00,1.3858,1.38582,1.38585,1.38572,498,1779938699.029,USDCAD
61,2026-05-28 03:25:00,1.38582,1.38572,1.38586,1.38564,482,1779938999.037,USDCAD
61,2026-05-28 03:30:00,1.38571,1.38628,1.38633,1.3857,592,1779939298.694,USDCAD
61,2026-05-28 03:35:00,1.38628,1.38683,1.38685,1.38627,667,1779939599.807,USDCAD
61,2026-05-28 03:40:00,1.38683,1.38678,1.38698,1.38675,614,1779939899.033,USDCAD
61,2026-05-28 03:45:00,1.38678,1.38684,1.38688,1.38661,613,1779940199.993,USDCAD
61,2026-05-28 03:50:00,1.38684,1.38679,1.38697,1.3867,547,1779940499.017,USDCAD
61,2026-05-28 03:55:00,1.38679,1.38691,1.38692,1.38678,500,1779940799.002,USDCAD
61,2026-05-28 04:00:00,1.38691,1.38687,1.38698,1.38681,582,1779941099.021,USDCAD
61,2026-05-28 04:05:00,1.38687,1.38659,1.38696,1.38659,535,1779941399.015,USDCAD
61,2026-05-28 04:10:00,1.38659,1.38663,1.38671,1.38654,488,1779941699.095,USDCAD
61,2026-05-28 04:15:00,1.38663,1.38669,1.3867,1.38644,521,1779941999.717,USDCAD
61,2026-05-28 04:20:00,1.38668,1.38651,1.3867,1.38644,570,1779942299.034,USDCAD
61,2026-05-28 04:25:00,1.38651,1.3866,1.38662,1.38649,548,1779942599.294,USDCAD
61,2026-05-28 04:30:00,1.3866,1.38637,1.3866,1.38631,523,1779942899.027,USDCAD
61,2026-05-28 04:35:00,1.38636,1.38618,1.3864,1.38615,506,1779943199.027,USDCAD
61,2026-05-28 04:40:00,1.38618,1.38621,1.38625,1.38607,570,1779943499.8,USDCAD
61,2026-05-28 04:45:00,1.38621,1.3862,1.38628,1.38618,456,1779943799.928,USDCAD
61,2026-05-28 04:50:00,1.3862,1.38617,1.38623,1.38611,413,1779944099.494,USDCAD
61,2026-05-28 04:55:00,1.38617,1.38616,1.38621,1.38611,467,1779944399.024,USDCAD
61,2026-05-28 05:00:00,1.38616,1.38614,1.38631,1.38613,508,1779944699.032,USDCAD
61,2026-05-28 05:05:00,1.38614,1.38641,1.38644,1.38613,445,1779944999.793,USDCAD
61,2026-05-28 05:10:00,1.38641,1.38623,1.3865,1.38619,526,1779945299.007,USDCAD
61,2026-05-28 05:15:00,1.38623,1.38619,1.38629,1.38614,445,1779945599.005,USDCAD
61,2026-05-28 05:20:00,1.38619,1.3861,1.38626,1.38608,410,1779945899.021,USDCAD
61,2026-05-28 05:25:00,1.3861,1.38613,1.38619,1.38606,476,1779946199.009,USDCAD
61,2026-05-28 05:30:00,1.38613,1.38572,1.38616,1.38572,555,1779946499.0,USDCAD
61,2026-05-28 05:35:00,1.38572,1.38572,1.38582,1.3857,493,1779946799.007,USDCAD
61,2026-05-28 05:40:00,1.38572,1.38579,1.38582,1.38564,451,1779947099.022,USDCAD
61,2026-05-28 05:45:00,1.38579,1.38565,1.38579,1.38564,465,1779947399.293,USDCAD
61,2026-05-28 05:50:00,1.38565,1.38573,1.38575,1.38556,501,1779947698.094,USDCAD
61,2026-05-28 05:55:00,1.38573,1.38586,1.38587,1.38573,466,1779947999.036,USDCAD
61,2026-05-28 06:00:00,1.38586,1.38551,1.38592,1.38544,629,1779948299.044,USDCAD
61,2026-05-28 06:05:00,1.38551,1.38562,1.38566,1.38538,522,1779948599.025,USDCAD
61,2026-05-28 06:10:00,1.38562,1.38551,1.38569,1.38545,557,1779948899.041,USDCAD
61,2026-05-28 06:15:00,1.38551,1.38562,1.38566,1.38548,532,1779949199.406,USDCAD
61,2026-05-28 06:20:00,1.38562,1.38543,1.38562,1.38526,515,1779949499.101,USDCAD
61,2026-05-28 06:25:00,1.38543,1.38535,1.38543,1.38517,568,1779949799.994,USDCAD
61,2026-05-28 06:30:00,1.38535,1.38551,1.38556,1.38527,643,1779950099.013,USDCAD
61,2026-05-28 06:35:00,1.38551,1.38533,1.38553,1.38529,520,1779950399.011,USDCAD
61,2026-05-28 06:40:00,1.38533,1.38528,1.38543,1.38526,446,1779950699.021,USDCAD
61,2026-05-28 06:45:00,1.38528,1.38522,1.38533,1.38512,408,1779950999.017,USDCAD
61,2026-05-28 06:50:00,1.38522,1.38522,1.38544,1.38519,511,1779951299.993,USDCAD
61,2026-05-28 06:55:00,1.38522,1.3852,1.38524,1.38498,589,1779951599.038,USDCAD
61,2026-05-28 07:00:00,1.3852,1.38496,1.38522,1.38485,755,1779951899.992,USDCAD
61,2026-05-28 07:05:00,1.38496,1.3849,1.38507,1.38487,735,1779952199.807,USDCAD
61,2026-05-28 07:10:00,1.3849,1.38467,1.38498,1.38458,791,1779952499.035,USDCAD
61,2026-05-28 07:15:00,1.38466,1.38458,1.38487,1.38458,721,1779952799.0,USDCAD
61,2026-05-28 07:20:00,1.38458,1.38469,1.38471,1.38455,689,1779953099.026,USDCAD
61,2026-05-28 07:25:00,1.38469,1.38533,1.38533,1.38467,660,1779953399.793,USDCAD
61,2026-05-28 07:30:00,1.38533,1.38545,1.38545,1.38523,632,1779953699.029,USDCAD
61,2026-05-28 07:35:00,1.38545,1.38573,1.38576,1.38545,625,1779953999.027,USDCAD
61,2026-05-28 07:40:00,1.38572,1.38546,1.38581,1.38545,661,1779954299.094,USDCAD
61,2026-05-28 07:45:00,1.38546,1.38526,1.38546,1.38516,695,1779954599.016,USDCAD
61,2026-05-28 07:50:00,1.38526,1.38536,1.38538,1.38525,543,1779954899.024,USDCAD
61,2026-05-28 07:55:00,1.38536,1.38549,1.38552,1.38532,518,1779955199.005,USDCAD
61,2026-05-28 08:00:00,1.38549,1.38538,1.3856,1.38531,693,1779955499.028,USDCAD
61,2026-05-28 08:05:00,1.38538,1.38524,1.3855,1.38511,731,1779955799.193,USDCAD
61,2026-05-28 08:10:00,1.38524,1.38551,1.38559,1.38523,618,1779956099.026,USDCAD
61,2026-05-28 08:15:00,1.38551,1.38584,1.38593,1.3855,640,1779956399.026,USDCAD
61,2026-05-28 08:20:00,1.38584,1.38599,1.386,1.38573,692,1779956699.022,USDCAD
61,2026-05-28 08:25:00,1.38599,1.38602,1.3863,1.38596,728,1779956999.037,USDCAD
61,2026-05-28 08:30:00,1.38602,1.38616,1.38616,1.38597,558,1779957299.093,USDCAD
61,2026-05-28 08:35:00,1.38616,1.38622,1.38624,1.38607,638,1779957599.692,USDCAD
61,2026-05-28 08:40:00,1.38622,1.3862,1.38624,1.38594,549,1779957899.013,USDCAD
61,2026-05-28 08:45:00,1.3862,1.38599,1.38624,1.3859,594,1779958199.093,USDCAD
61,2026-05-28 08:50:00,1.38599,1.3859,1.38601,1.38582,592,1779958499.019,USDCAD
61,2026-05-28 08:55:00,1.3859,1.38603,1.3861,1.38584,509,1779958799.094,USDCAD
61,2026-05-28 09:00:00,1.38603,1.38599,1.38605,1.38593,661,1779959099.093,USDCAD
61,2026-05-28 09:05:00,1.38599,1.38604,1.38615,1.38592,780,1779959399.693,USDCAD
61,2026-05-28 09:10:00,1.38604,1.38591,1.38607,1.38575,569,1779959699.014,USDCAD
61,2026-05-28 09:15:00,1.38591,1.38579,1.38597,1.38579,475,1779959999.694,USDCAD
61,2026-05-28 09:20:00,1.38579,1.38567,1.3859,1.38549,639,1779960299.994,USDCAD
61,2026-05-28 09:25:00,1.38567,1.38572,1.38583,1.38564,583,1779960599.007,USDCAD
61,2026-05-28 09:30:00,1.38572,1.38601,1.38603,1.38568,692,1779960899.193,USDCAD
61,2026-05-28 09:35:00,1.38601,1.38613,1.38613,1.38592,612,1779961199.092,USDCAD
61,2026-05-28 09:40:00,1.38613,1.38618,1.38619,1.386,860,1779961499.524,USDCAD
61,2026-05-28 09:45:00,1.38618,1.38632,1.38633,1.38617,639,1779961799.893,USDCAD
61,2026-05-28 09:50:00,1.38632,1.38641,1.38658,1.38627,621,1779962099.993,USDCAD
61,2026-05-28 09:55:00,1.38641,1.3866,1.38687,1.38641,625,1779962399.014,USDCAD
61,2026-05-28 10:00:00,1.3866,1.38695,1.38697,1.38658,721,1779962699.021,USDCAD
61,2026-05-28 10:05:00,1.38695,1.3867,1.38695,1.38668,580,1779962999.018,USDCAD
61,2026-05-28 10:10:00,1.3867,1.38668,1.38678,1.38653,569,1779963299.335,USDCAD
61,2026-05-28 10:15:00,1.38667,1.38658,1.38667,1.3863,551,1779963599.093,USDCAD
61,2026-05-28 10:20:00,1.38658,1.38679,1.38687,1.38657,711,1779963899.037,USDCAD
61,2026-05-28 10:25:00,1.3868,1.38654,1.38686,1.38654,675,1779964199.894,USDCAD
61,2026-05-28 10:30:00,1.38654,1.38658,1.38661,1.38641,520,1779964499.013,USDCAD
61,2026-05-28 10:35:00,1.38658,1.38662,1.38674,1.38655,594,1779964799.894,USDCAD
61,2026-05-28 10:40:00,1.38662,1.38695,1.38701,1.38661,602,1779965099.619,USDCAD
61,2026-05-28 10:45:00,1.38695,1.38654,1.38699,1.38647,530,1779965399.027,USDCAD
61,2026-05-28 10:50:00,1.38654,1.3866,1.38692,1.38654,839,1779965699.994,USDCAD
61,2026-05-28 10:55:00,1.38659,1.38638,1.38661,1.38626,677,1779965999.922,USDCAD
61,2026-05-28 11:00:00,1.38638,1.38607,1.38645,1.38606,687,1779966299.008,USDCAD
61,2026-05-28 11:05:00,1.38607,1.38613,1.38631,1.38607,695,1779966599.0,USDCAD
61,2026-05-28 11:10:00,1.38613,1.38592,1.38617,1.38583,670,1779966899.439,USDCAD
61,2026-05-28 11:15:00,1.38592,1.38604,1.38607,1.38589,548,1779967199.995,USDCAD
61,2026-05-28 11:20:00,1.38604,1.3856,1.3861,1.38559,514,1779967499.794,USDCAD
61,2026-05-28 11:25:00,1.3856,1.38525,1.38561,1.38523,528,1779967799.002,USDCAD
61,2026-05-28 11:30:00,1.38525,1.3854,1.38556,1.38514,576,1779968099.514,USDCAD
61,2026-05-28 11:35:00,1.3854,1.38536,1.38543,1.3851,511,1779968399.013,USDCAD
61,2026-05-28 11:40:00,1.38536,1.38531,1.38545,1.38522,501,1779968699.015,USDCAD
61,2026-05-28 11:45:00,1.38531,1.38533,1.38539,1.38522,500,1779968999.493,USDCAD
61,2026-05-28 11:50:00,1.38533,1.38497,1.38545,1.38496,506,1779969299.039,USDCAD
61,2026-05-28 11:55:00,1.38497,1.38497,1.3851,1.38483,664,1779969599.034,USDCAD
61,2026-05-28 12:00:00,1.38497,1.38509,1.38511,1.38493,615,1779969899.227,USDCAD
61,2026-05-28 12:05:00,1.38509,1.38532,1.38536,1.38505,638,1779970199.037,USDCAD
61,2026-05-28 12:10:00,1.38532,1.38504,1.38542,1.38504,624,1779970499.093,USDCAD
61,2026-05-28 12:15:00,1.38504,1.38484,1.38505,1.38482,551,1779970799.006,USDCAD
61,2026-05-28 12:20:00,1.38484,1.38485,1.38491,1.38468,668,1779971099.001,USDCAD
61,2026-05-28 12:25:00,1.38485,1.38475,1.38489,1.38468,504,1779971399.624,USDCAD
61,2026-05-28 12:30:00,1.38475,1.38485,1.38516,1.38451,766,1779971699.993,USDCAD
61,2026-05-28 12:35:00,1.38485,1.38424,1.38486,1.38403,863,1779971999.626,USDCAD
61,2026-05-28 12:40:00,1.38425,1.38434,1.38439,1.38406,665,1779972298.494,USDCAD
61,2026-05-28 12:45:00,1.38434,1.38438,1.3846,1.38421,792,1779972599.193,USDCAD
61,2026-05-28 12:50:00,1.38438,1.38419,1.38447,1.38401,758,1779972899.816,USDCAD
61,2026-05-28 12:55:00,1.38419,1.38438,1.38448,1.38407,699,1779973199.394,USDCAD
61,2026-05-28 13:00:00,1.38438,1.38379,1.38438,1.38369,987,1779973499.697,USDCAD
61,2026-05-28 13:05:00,1.38379,1.38437,1.3844,1.38376,768,1779973799.032,USDCAD
61,2026-05-28 13:10:00,1.38437,1.38457,1.3847,1.38428,761,1779974099.695,USDCAD
61,2026-05-28 13:15:00,1.38457,1.3849,1.38495,1.38451,622,1779974399.093,USDCAD
61,2026-05-28 13:20:00,1.3849,1.38483,1.38516,1.38482,600,1779974699.095,USDCAD
61,2026-05-28 13:25:00,1.38483,1.38473,1.38496,1.38465,633,1779974999.993,USDCAD
61,2026-05-28 13:30:00,1.38473,1.38429,1.38485,1.38427,893,1779975299.694,USDCAD
61,2026-05-28 13:35:00,1.38429,1.38436,1.38443,1.38416,673,1779975599.723,USDCAD
61,2026-05-28 13:40:00,1.38436,1.3839,1.38438,1.38386,754,1779975899.093,USDCAD
61,2026-05-28 13:45:00,1.3839,1.3841,1.38416,1.38362,701,1779976199.094,USDCAD
61,2026-05-28 13:50:00,1.3841,1.3848,1.3848,1.38401,909,1779976499.709,USDCAD
61,2026-05-28 13:55:00,1.3848,1.38475,1.38521,1.38463,761,1779976799.994,USDCAD
61,2026-05-28 14:00:00,1.38475,1.38485,1.38509,1.38466,735,1779977099.027,USDCAD
61,2026-05-28 14:05:00,1.38486,1.38485,1.38492,1.38466,729,1779977399.709,USDCAD
61,2026-05-28 14:10:00,1.38485,1.38374,1.38499,1.38273,1814,1779977699.905,USDCAD
61,2026-05-28 14:15:00,1.38374,1.38324,1.38388,1.383,1733,1779977999.919,USDCAD
61,2026-05-28 14:20:00,1.38324,1.38277,1.38357,1.38255,1202,1779978299.935,USDCAD
61,2026-05-28 14:25:00,1.38277,1.38261,1.38294,1.38237,1019,1779978599.406,USDCAD
61,2026-05-28 14:30:00,1.38261,1.38238,1.38268,1.38218,1152,1779978899.094,USDCAD
61,2026-05-28 14:35:00,1.38238,1.38245,1.38248,1.38209,1091,1779979199.031,USDCAD
61,2026-05-28 14:40:00,1.38245,1.38192,1.38252,1.38188,989,1779979499.022,USDCAD
61,2026-05-28 14:45:00,1.38192,1.38245,1.38261,1.38177,1188,1779979799.001,USDCAD
61,2026-05-28 14:50:00,1.38245,1.38182,1.38254,1.38166,1079,1779980099.012,USDCAD
61,2026-05-28 14:55:00,1.38182,1.38184,1.38199,1.38163,992,1779980399.594,USDCAD
61,2026-05-28 15:00:00,1.38183,1.38115,1.38184,1.38112,1073,1779980699.229,USDCAD
61,2026-05-28 15:05:00,1.38115,1.38066,1.38115,1.38064,1077,1779980999.018,USDCAD
61,2026-05-28 15:10:00,1.38066,1.38016,1.38077,1.38008,938,1779981299.733,USDCAD
61,2026-05-28 15:15:00,1.38016,1.38037,1.38045,1.38011,781,1779981599.014,USDCAD
61,2026-05-28 15:20:00,1.38037,1.3805,1.38059,1.38034,813,1779981899.993,USDCAD
61,2026-05-28 15:25:00,1.3805,1.38051,1.3806,1.38017,818,1779982199.995,USDCAD
61,2026-05-28 15:30:00,1.38053,1.3804,1.38053,1.38012,958,1779982499.531,USDCAD
61,2026-05-28 15:35:00,1.3804,1.38054,1.38069,1.38038,890,1779982799.839,USDCAD
61,2026-05-28 15:40:00,1.38052,1.38053,1.38069,1.38037,812,1779983099.793,USDCAD
61,2026-05-28 15:45:00,1.38053,1.38009,1.38054,1.38009,699,1779983399.023,USDCAD
61,2026-05-28 15:50:00,1.38009,1.37992,1.3803,1.37987,698,1779983699.019,USDCAD
61,2026-05-28 15:55:00,1.37992,1.37996,1.38015,1.37992,687,1779983999.793,USDCAD
61,2026-05-28 16:00:00,1.37996,1.37974,1.38017,1.37972,772,1779984299.693,USDCAD
61,2026-05-28 16:05:00,1.37974,1.37981,1.37991,1.3796,650,1779984599.006,USDCAD
61,2026-05-28 16:10:00,1.37981,1.38004,1.38008,1.37974,575,1779984899.293,USDCAD
61,2026-05-28 16:15:00,1.38004,1.37978,1.38012,1.37975,752,1779985199.494,USDCAD
61,2026-05-28 16:20:00,1.37978,1.37942,1.37982,1.37935,766,1779985499.008,USDCAD
61,2026-05-28 16:25:00,1.37942,1.37944,1.37963,1.37921,694,1779985799.006,USDCAD
61,2026-05-28 16:30:00,1.37944,1.37925,1.37957,1.37915,616,1779986099.896,USDCAD
61,2026-05-28 16:35:00,1.37925,1.37946,1.37956,1.37916,581,1779986399.511,USDCAD
61,2026-05-28 16:40:00,1.37946,1.37945,1.37955,1.37932,605,1779986699.018,USDCAD
61,2026-05-28 16:45:00,1.37945,1.37952,1.37955,1.37932,551,1779986999.934,USDCAD
61,2026-05-28 16:50:00,1.37952,1.37949,1.37956,1.37943,586,1779987299.032,USDCAD
61,2026-05-28 16:55:00,1.37949,1.37918,1.37953,1.37893,844,1779987599.896,USDCAD
61,2026-05-28 17:00:00,1.37918,1.379,1.37923,1.37891,633,1779987899.011,USDCAD
61,2026-05-28 17:05:00,1.379,1.37835,1.37914,1.37824,658,1779988199.393,USDCAD
61,2026-05-28 17:10:00,1.37835,1.37846,1.37848,1.37825,597,1779988499.016,USDCAD
61,2026-05-28 17:15:00,1.37846,1.37896,1.37899,1.37846,579,1779988799.021,USDCAD
61,2026-05-28 17:20:00,1.37896,1.37877,1.37899,1.37859,634,1779989099.02,USDCAD
61,2026-05-28 17:25:00,1.37877,1.37876,1.37885,1.37856,574,1779989399.494,USDCAD
61,2026-05-28 17:30:00,1.37876,1.37888,1.37889,1.37863,541,1779989699.006,USDCAD
61,2026-05-28 17:35:00,1.37888,1.37899,1.37908,1.37888,604,1779989999.119,USDCAD
61,2026-05-28 17:40:00,1.37899,1.37889,1.37901,1.37881,554,1779990299.893,USDCAD
61,2026-05-28 17:45:00,1.37889,1.37888,1.37899,1.37868,637,1779990599.004,USDCAD
61,2026-05-28 17:50:00,1.37888,1.3786,1.37888,1.3785,769,1779990899.693,USDCAD
61,2026-05-28 17:55:00,1.3786,1.3786,1.37869,1.37846,567,1779991199.094,USDCAD
61,2026-05-28 18:00:00,1.3786,1.37806,1.3786,1.37805,619,1779991499.007,USDCAD
61,2026-05-28 18:05:00,1.37806,1.37827,1.37833,1.37803,589,1779991799.993,USDCAD
61,2026-05-28 18:10:00,1.37827,1.37821,1.37843,1.37819,609,1779992099.393,USDCAD
61,2026-05-28 18:15:00,1.37821,1.37811,1.37832,1.37803,742,1779992398.709,USDCAD
61,2026-05-28 18:20:00,1.37811,1.37848,1.37849,1.37806,673,1779992699.003,USDCAD
61,2026-05-28 18:25:00,1.37848,1.37867,1.37868,1.3784,505,1779992999.024,USDCAD
61,2026-05-28 18:30:00,1.37867,1.37857,1.37877,1.37856,569,1779993299.04,USDCAD
61,2026-05-28 18:35:00,1.37857,1.37847,1.37858,1.37833,603,1779993599.028,USDCAD
61,2026-05-28 18:40:00,1.37847,1.37843,1.37854,1.37838,433,1779993899.893,USDCAD
61,2026-05-28 18:45:00,1.37843,1.37834,1.37847,1.37833,548,1779994199.094,USDCAD
61,2026-05-28 18:50:00,1.37834,1.37818,1.37835,1.37809,530,1779994499.029,USDCAD
61,2026-05-28 18:55:00,1.37818,1.37836,1.37838,1.3781,590,1779994799.631,USDCAD
61,2026-05-28 19:00:00,1.37836,1.37837,1.37846,1.3783,523,1779995099.014,USDCAD
61,2026-05-28 19:05:00,1.37837,1.37826,1.37846,1.37826,420,1779995399.031,USDCAD
61,2026-05-28 19:10:00,1.37826,1.37821,1.37833,1.37817,447,1779995699.51,USDCAD
61,2026-05-28 19:15:00,1.37821,1.37807,1.37823,1.37798,424,1779995999.025,USDCAD
61,2026-05-28 19:20:00,1.37807,1.37807,1.37813,1.37799,479,1779996299.594,USDCAD
61,2026-05-28 19:25:00,1.37807,1.3779,1.37809,1.37786,415,1779996598.035,USDCAD
61,2026-05-28 19:30:00,1.3779,1.3777,1.3779,1.3777,420,1779996899.017,USDCAD
61,2026-05-28 19:35:00,1.3777,1.37752,1.3777,1.37739,485,1779997199.422,USDCAD
61,2026-05-28 19:40:00,1.37753,1.3778,1.37785,1.37751,634,1779997499.0,USDCAD
61,2026-05-28 19:45:00,1.3778,1.3776,1.3779,1.37757,595,1779997799.094,USDCAD
61,2026-05-28 19:50:00,1.37762,1.37778,1.37783,1.37762,524,1779998099.993,USDCAD
61,2026-05-28 19:55:00,1.37778,1.37831,1.37836,1.37778,1063,1779998399.195,USDCAD
61,2026-05-28 20:00:00,1.37832,1.37842,1.37842,1.37825,675,1779998699.023,USDCAD
61,2026-05-28 20:05:00,1.37842,1.37819,1.37845,1.37806,393,1779998999.024,USDCAD
61,2026-05-28 20:10:00,1.37819,1.37825,1.37834,1.37814,380,1779999299.038,USDCAD
61,2026-05-28 20:15:00,1.37825,1.37824,1.37829,1.37816,373,1779999599.021,USDCAD
61,2026-05-28 20:20:00,1.37824,1.37827,1.37831,1.37823,321,1779999899.024,USDCAD
61,2026-05-28 20:25:00,1.37827,1.3784,1.37841,1.37826,354,1780000199.739,USDCAD
61,2026-05-28 20:30:00,1.3784,1.37834,1.37844,1.37831,623,1780000499.01,USDCAD
61,2026-05-28 20:35:00,1.37834,1.37857,1.37872,1.37833,464,1780000798.394,USDCAD
61,2026-05-28 20:40:00,1.37857,1.37841,1.37859,1.37838,340,1780001099.009,USDCAD
61,2026-05-28 20:45:00,1.37841,1.3783,1.37842,1.37825,383,1780001399.793,USDCAD
61,2026-05-28 20:50:00,1.3783,1.37821,1.37831,1.3782,379,1780001699.036,USDCAD
61,2026-05-28 20:55:00,1.37821,1.37835,1.3786,1.37819,556,1780001999.126,USDCAD
61,2026-05-28 21:00:00,1.37835,1.37854,1.37876,1.37835,299,1780002299.093,USDCAD
61,2026-05-28 21:05:00,1.37854,1.37854,1.37854,1.37854,300,1780002599.034,USDCAD
61,2026-05-28 21:10:00,1.37854,1.37854,1.37854,1.37832,273,1780002899.023,USDCAD
61,2026-05-28 21:15:00,1.37854,1.37854,1.37854,1.37833,298,1780003199.035,USDCAD
61,2026-05-28 21:20:00,1.37854,1.37843,1.37854,1.37842,316,1780003499.036,USDCAD
61,2026-05-28 21:25:00,1.37843,1.37849,1.3785,1.3784,284,1780003799.03,USDCAD
61,2026-05-28 21:30:00,1.37849,1.37868,1.37868,1.37818,414,1780004099.037,USDCAD
61,2026-05-28 21:35:00,1.37868,1.37839,1.37868,1.37804,632,1780004399.021,USDCAD
61,2026-05-28 21:40:00,1.37839,1.37836,1.37839,1.37825,303,1780004699.003,USDCAD
61,2026-05-28 21:45:00,1.37836,1.37857,1.37858,1.3783,1156,1780004999.994,USDCAD
61,2026-05-28 21:50:00,1.37857,1.37891,1.37893,1.37851,597,1780005299.693,USDCAD
61,2026-05-28 21:55:00,1.37891,1.37867,1.37896,1.37861,457,1780005599.011,USDCAD
61,2026-05-28 22:00:00,1.37867,1.37841,1.3787,1.37834,824,1780005899.035,USDCAD
61,2026-05-28 22:05:00,1.37841,1.37845,1.37845,1.37838,352,1780006199.023,USDCAD
61,2026-05-28 22:10:00,1.37845,1.37839,1.37854,1.37838,350,1780006499.021,USDCAD
61,2026-05-28 22:15:00,1.37839,1.37838,1.37839,1.37833,307,1780006799.021,USDCAD
61,2026-05-28 22:20:00,1.37838,1.37832,1.37838,1.37827,361,1780007099.028,USDCAD
61,2026-05-28 22:25:00,1.37832,1.37833,1.37837,1.37831,300,1780007399.093,USDCAD
61,2026-05-28 22:30:00,1.37833,1.37835,1.3784,1.3783,349,1780007699.093,USDCAD
61,2026-05-28 22:35:00,1.37835,1.37835,1.37838,1.3783,342,1780007999.031,USDCAD
61,2026-05-28 22:40:00,1.37835,1.37832,1.37838,1.3783,314,1780008298.037,USDCAD
61,2026-05-28 22:45:00,1.37832,1.37833,1.37835,1.3783,324,1780008599.018,USDCAD
61,2026-05-28 22:50:00,1.37833,1.37828,1.37836,1.37827,323,1780008899.013,USDCAD
61,2026-05-28 22:55:00,1.37828,1.37838,1.3784,1.37827,334,1780009199.0,USDCAD
61,2026-05-28 23:00:00,1.37838,1.37818,1.37838,1.37816,368,1780009499.007,USDCAD
61,2026-05-28 23:05:00,1.37818,1.37827,1.3783,1.37818,357,1780009799.05,USDCAD
61,2026-05-28 23:10:00,1.37827,1.37823,1.37827,1.37821,319,1780010099.093,USDCAD
61,2026-05-28 23:15:00,1.37823,1.37828,1.37828,1.37818,297,1780010399.024,USDCAD
61,2026-05-28 23:20:00,1.37828,1.37826,1.37828,1.37826,331,1780010699.031,USDCAD
61,2026-05-28 23:25:00,1.37826,1.37827,1.37827,1.37822,319,1780010999.036,USDCAD
61,2026-05-28 23:30:00,1.37827,1.37827,1.37834,1.37826,290,1780011299.803,USDCAD
61,2026-05-28 23:35:00,1.37827,1.37824,1.37828,1.37819,329,1780011599.045,USDCAD
61,2026-05-28 23:40:00,1.37824,1.37829,1.37834,1.37824,336,1780011899.032,USDCAD
61,2026-05-28 23:45:00,1.37829,1.37828,1.37834,1.37826,353,1780012199.001,USDCAD
61,2026-05-28 23:50:00,1.37828,1.37833,1.37838,1.37824,454,1780012499.03,USDCAD
61,2026-05-28 23:55:00,1.37833,1.37833,1.37843,1.37833,431,1780012799.009,USDCAD
61,2026-05-29 00:00:00,1.37833,1.37811,1.37834,1.37811,581,1780013099.907,USDCAD
61,2026-05-29 00:05:00,1.37811,1.37812,1.37819,1.37808,536,1780013399.045,USDCAD
61,2026-05-29 00:10:00,1.37812,1.37814,1.37818,1.37806,485,1780013699.014,USDCAD
61,2026-05-29 00:15:00,1.37814,1.37817,1.37823,1.37813,450,1780013999.022,USDCAD
61,2026-05-29 00:20:00,1.37817,1.37811,1.37818,1.37804,434,1780014299.795,USDCAD
61,2026-05-29 00:25:00,1.3781,1.37803,1.37813,1.37798,539,1780014599.008,USDCAD
61,2026-05-29 00:30:00,1.37803,1.37833,1.37834,1.37801,471,1780014899.022,USDCAD
61,2026-05-29 00:35:00,1.37833,1.37825,1.37833,1.37821,481,1780015199.04,USDCAD
61,2026-05-29 00:40:00,1.37825,1.37814,1.37827,1.37811,497,1780015499.016,USDCAD
61,2026-05-29 00:45:00,1.37814,1.37823,1.37827,1.37813,492,1780015799.007,USDCAD
61,2026-05-29 00:50:00,1.37823,1.3784,1.37841,1.37816,580,1780016098.016,USDCAD
61,2026-05-29 00:55:00,1.3784,1.37843,1.37858,1.37834,487,1780016399.993,USDCAD
61,2026-05-29 01:00:00,1.37845,1.37841,1.37851,1.37833,712,1780016699.015,USDCAD
61,2026-05-29 01:05:00,1.37841,1.37821,1.37847,1.37818,683,1780016999.015,USDCAD
61,2026-05-29 01:10:00,1.37821,1.37801,1.37821,1.378,540,1780017299.013,USDCAD
61,2026-05-29 01:15:00,1.37801,1.37796,1.37804,1.37792,733,1780017599.894,USDCAD
61,2026-05-29 01:20:00,1.37796,1.37787,1.37798,1.37784,645,1780017899.942,USDCAD
61,2026-05-29 01:25:00,1.37787,1.37804,1.37806,1.37784,735,1780018199.828,USDCAD
61,2026-05-29 01:30:00,1.37804,1.37808,1.37811,1.37801,714,1780018499.793,USDCAD
61,2026-05-29 01:35:00,1.37808,1.37809,1.37813,1.37804,720,1780018799.014,USDCAD
61,2026-05-29 01:40:00,1.37809,1.37814,1.37814,1.37804,455,1780019099.015,USDCAD
61,2026-05-29 01:45:00,1.37814,1.37838,1.37843,1.37814,521,1780019399.096,USDCAD
61,2026-05-29 01:50:00,1.37838,1.37844,1.37851,1.37838,512,1780019699.037,USDCAD
61,2026-05-29 01:55:00,1.37844,1.37853,1.37857,1.37838,505,1780019999.994,USDCAD
61,2026-05-29 02:00:00,1.37853,1.37837,1.37853,1.37826,433,1780020299.016,USDCAD
61,2026-05-29 02:05:00,1.37837,1.37838,1.37843,1.37826,527,1780020599.029,USDCAD
61,2026-05-29 02:10:00,1.37838,1.37823,1.3784,1.37821,584,1780020899.812,USDCAD
61,2026-05-29 02:15:00,1.37823,1.37827,1.37831,1.37821,444,1780021199.001,USDCAD
61,2026-05-29 02:20:00,1.37827,1.37827,1.37831,1.37821,390,1780021499.042,USDCAD
61,2026-05-29 02:25:00,1.37827,1.37836,1.37837,1.37827,447,1780021799.094,USDCAD
61,2026-05-29 02:30:00,1.37836,1.37833,1.37838,1.37826,430,1780022099.095,USDCAD
61,2026-05-29 02:35:00,1.37833,1.37838,1.37848,1.37833,424,1780022399.001,USDCAD
61,2026-05-29 02:40:00,1.37838,1.37839,1.3784,1.37831,446,1780022699.693,USDCAD
61,2026-05-29 02:45:00,1.37839,1.37842,1.37843,1.37828,461,1780022999.024,USDCAD
61,2026-05-29 02:50:00,1.37842,1.37855,1.3786,1.37842,400,1780023299.093,USDCAD
61,2026-05-29 02:55:00,1.37855,1.37858,1.37861,1.3785,405,1780023599.033,USDCAD
61,2026-05-29 03:00:00,1.37858,1.37875,1.37888,1.37855,422,1780023899.018,USDCAD
61,2026-05-29 03:05:00,1.37875,1.37886,1.37886,1.37874,550,1780024199.094,USDCAD
61,2026-05-29 03:10:00,1.37886,1.37888,1.37895,1.37883,575,1780024499.038,USDCAD
61,2026-05-29 03:15:00,1.37888,1.37886,1.37889,1.37879,511,1780024799.02,USDCAD
61,2026-05-29 03:20:00,1.37886,1.37884,1.37888,1.37881,447,1780025099.021,USDCAD
61,2026-05-29 03:25:00,1.37884,1.37885,1.37892,1.37879,409,1780025399.028,USDCAD
61,2026-05-29 03:30:00,1.37885,1.37887,1.37889,1.37879,464,1780025699.993,USDCAD
61,2026-05-29 03:35:00,1.37887,1.37906,1.37914,1.37885,466,1780025999.023,USDCAD
61,2026-05-29 03:40:00,1.37906,1.37905,1.37918,1.37905,435,1780026299.693,USDCAD
61,2026-05-29 03:45:00,1.37905,1.37902,1.37909,1.37895,471,1780026599.034,USDCAD
61,2026-05-29 03:50:00,1.37902,1.37901,1.37909,1.37899,491,1780026899.001,USDCAD
61,2026-05-29 03:55:00,1.37901,1.37896,1.37905,1.37894,457,1780027199.033,USDCAD
61,2026-05-29 04:00:00,1.37896,1.37886,1.37896,1.37879,457,1780027499.008,USDCAD
61,2026-05-29 04:05:00,1.37886,1.3788,1.37888,1.37879,409,1780027799.793,USDCAD
61,2026-05-29 04:10:00,1.37879,1.37887,1.37891,1.37876,436,1780028099.093,USDCAD
61,2026-05-29 04:15:00,1.37887,1.37894,1.37899,1.37878,442,1780028399.044,USDCAD
61,2026-05-29 04:20:00,1.37894,1.37895,1.37902,1.37892,452,1780028699.006,USDCAD
61,2026-05-29 04:25:00,1.37895,1.37901,1.37903,1.37893,423,1780028999.108,USDCAD
61,2026-05-29 04:30:00,1.37901,1.37906,1.37908,1.37901,410,1780029299.011,USDCAD
61,2026-05-29 04:35:00,1.37906,1.37896,1.37907,1.37895,381,1780029599.792,USDCAD
61,2026-05-29 04:40:00,1.37896,1.37875,1.37898,1.37872,432,1780029899.036,USDCAD
61,2026-05-29 04:45:00,1.37875,1.37885,1.37886,1.37872,437,1780030199.294,USDCAD
61,2026-05-29 04:50:00,1.37885,1.37879,1.37889,1.37877,467,1780030499.192,USDCAD
61,2026-05-29 04:55:00,1.37879,1.37894,1.37898,1.37878,423,1780030799.637,USDCAD
61,2026-05-29 05:00:00,1.37894,1.37906,1.37908,1.37888,413,1780031099.014,USDCAD
61,2026-05-29 05:05:00,1.37906,1.37883,1.37908,1.37881,406,1780031399.494,USDCAD
61,2026-05-29 05:10:00,1.37883,1.37867,1.37884,1.37867,406,1780031699.093,USDCAD
61,2026-05-29 05:15:00,1.37867,1.37857,1.37879,1.37857,418,1780031999.623,USDCAD
61,2026-05-29 05:20:00,1.37857,1.37868,1.3787,1.37855,421,1780032299.028,USDCAD
61,2026-05-29 05:25:00,1.37868,1.37871,1.37872,1.37861,449,1780032598.04,USDCAD
61,2026-05-29 05:30:00,1.37871,1.37862,1.37872,1.3786,460,1780032898.038,USDCAD
61,2026-05-29 05:35:00,1.37862,1.37879,1.37881,1.37862,508,1780033199.493,USDCAD
61,2026-05-29 05:40:00,1.37879,1.37868,1.37881,1.37865,430,1780033499.016,USDCAD
61,2026-05-29 05:45:00,1.37868,1.37875,1.37878,1.37868,408,1780033799.994,USDCAD
61,2026-05-29 05:50:00,1.37875,1.3785,1.37877,1.37848,437,1780034099.015,USDCAD
61,2026-05-29 05:55:00,1.3785,1.37872,1.37881,1.3785,567,1780034399.408,USDCAD
61,2026-05-29 06:00:00,1.37872,1.3788,1.379,1.37862,676,1780034699.293,USDCAD
61,2026-05-29 06:05:00,1.3788,1.37875,1.37886,1.37858,522,1780034999.493,USDCAD
61,2026-05-29 06:10:00,1.37875,1.37848,1.37877,1.37848,424,1780035299.294,USDCAD
61,2026-05-29 06:15:00,1.37848,1.37869,1.37878,1.37848,453,1780035599.394,USDCAD
61,2026-05-29 06:20:00,1.37869,1.37899,1.37901,1.37869,497,1780035899.028,USDCAD
61,2026-05-29 06:25:00,1.37899,1.37927,1.37928,1.37898,490,1780036199.792,USDCAD
61,2026-05-29 06:30:00,1.37927,1.37949,1.3795,1.37917,567,1780036499.641,USDCAD
61,2026-05-29 06:35:00,1.37949,1.37942,1.37961,1.37939,504,1780036799.943,USDCAD
61,2026-05-29 06:40:00,1.37942,1.37959,1.37963,1.37941,439,1780037099.017,USDCAD
61,2026-05-29 06:45:00,1.37959,1.37936,1.3796,1.37924,532,1780037399.095,USDCAD
61,2026-05-29 06:50:00,1.37936,1.37935,1.37945,1.37932,452,1780037699.012,USDCAD
61,2026-05-29 06:55:00,1.37935,1.37935,1.37942,1.3792,481,1780037999.033,USDCAD
61,2026-05-29 07:00:00,1.37935,1.3797,1.37976,1.37934,570,1780038299.393,USDCAD
61,2026-05-29 07:05:00,1.3797,1.37967,1.37972,1.37957,544,1780038599.593,USDCAD
61,2026-05-29 07:10:00,1.37967,1.37984,1.37993,1.37947,531,1780038899.019,USDCAD
61,2026-05-29 07:15:00,1.37984,1.37964,1.37988,1.37964,516,1780039199.042,USDCAD
61,2026-05-29 07:20:00,1.37964,1.38002,1.38002,1.37953,575,1780039499.893,USDCAD
61,2026-05-29 07:25:00,1.38002,1.38004,1.38007,1.37998,669,1780039799.494,USDCAD
61,2026-05-29 07:30:00,1.38004,1.37977,1.38016,1.37977,583,1780040099.137,USDCAD
61,2026-05-29 07:35:00,1.37977,1.3803,1.38031,1.37976,669,1780040399.023,USDCAD
61,2026-05-29 07:40:00,1.3803,1.38001,1.38032,1.37991,637,1780040699.02,USDCAD
61,2026-05-29 07:45:00,1.38001,1.37998,1.38013,1.37992,644,1780040999.392,USDCAD
61,2026-05-29 07:50:00,1.37998,1.38004,1.38006,1.37992,405,1780041299.007,USDCAD
61,2026-05-29 07:55:00,1.38004,1.38009,1.38013,1.37983,556,1780041599.795,USDCAD
61,2026-05-29 08:00:00,1.38009,1.38044,1.38066,1.38009,728,1780041899.0,USDCAD
61,2026-05-29 08:05:00,1.38044,1.38063,1.38065,1.38029,634,1780042199.595,USDCAD
61,2026-05-29 08:10:00,1.38063,1.38063,1.38077,1.38057,506,1780042499.029,USDCAD
61,2026-05-29 08:15:00,1.38063,1.3805,1.38074,1.3804,498,1780042799.694,USDCAD
61,2026-05-29 08:20:00,1.3805,1.38043,1.3806,1.38037,541,1780043099.039,USDCAD
61,2026-05-29 08:25:00,1.38043,1.38028,1.38045,1.38023,535,1780043399.038,USDCAD
61,2026-05-29 08:30:00,1.38028,1.38013,1.38031,1.38009,547,1780043699.993,USDCAD
61,2026-05-29 08:35:00,1.38011,1.37997,1.38019,1.37996,533,1780043999.02,USDCAD
61,2026-05-29 08:40:00,1.37997,1.38017,1.38018,1.37997,455,1780044299.027,USDCAD
61,2026-05-29 08:45:00,1.38017,1.3804,1.38051,1.38016,542,1780044599.695,USDCAD
61,2026-05-29 08:50:00,1.3804,1.38055,1.38058,1.38038,571,1780044899.394,USDCAD
61,2026-05-29 08:55:00,1.38055,1.38058,1.38077,1.38055,523,1780045199.095,USDCAD
61,2026-05-29 09:00:00,1.38058,1.38047,1.3806,1.38043,524,1780045499.023,USDCAD
61,2026-05-29 09:05:00,1.38047,1.38065,1.38067,1.38041,489,1780045799.918,USDCAD
61,2026-05-29 09:10:00,1.38065,1.38047,1.38071,1.38044,548,1780046099.092,USDCAD
61,2026-05-29 09:15:00,1.38046,1.38081,1.38084,1.38046,611,1780046399.796,USDCAD
61,2026-05-29 09:20:00,1.38081,1.38076,1.38094,1.38071,549,1780046699.029,USDCAD
61,2026-05-29 09:25:00,1.38076,1.38084,1.38088,1.38074,522,1780046999.093,USDCAD
61,2026-05-29 09:30:00,1.38084,1.38079,1.38091,1.38075,643,1780047299.01,USDCAD
61,2026-05-29 09:35:00,1.38079,1.38084,1.38089,1.38075,525,1780047599.02,USDCAD
61,2026-05-29 09:40:00,1.38084,1.3808,1.38095,1.38078,509,1780047899.994,USDCAD
61,2026-05-29 09:45:00,1.3808,1.38068,1.38081,1.38068,531,1780048199.333,USDCAD
61,2026-05-29 09:50:00,1.38069,1.38074,1.38084,1.38063,633,1780048499.729,USDCAD
61,2026-05-29 09:55:00,1.38074,1.38081,1.38084,1.38056,593,1780048799.719,USDCAD
61,2026-05-29 10:00:00,1.38081,1.38107,1.38109,1.38081,672,1780049099.936,USDCAD
61,2026-05-29 10:05:00,1.38107,1.38099,1.38108,1.38086,546,1780049399.892,USDCAD
61,2026-05-29 10:10:00,1.38099,1.3807,1.38108,1.38069,563,1780049699.093,USDCAD
61,2026-05-29 10:15:00,1.3807,1.38084,1.38084,1.38067,656,1780049999.017,USDCAD
61,2026-05-29 10:20:00,1.38084,1.3807,1.38084,1.38064,608,1780050299.793,USDCAD
61,2026-05-29 10:25:00,1.3807,1.38061,1.38078,1.38057,534,1780050599.232,USDCAD
61,2026-05-29 10:30:00,1.3806,1.38059,1.38062,1.38048,507,1780050899.497,USDCAD
61,2026-05-29 10:35:00,1.38059,1.38068,1.38071,1.38057,513,1780051199.006,USDCAD
61,2026-05-29 10:40:00,1.38068,1.38095,1.38098,1.38068,488,1780051499.596,USDCAD
61,2026-05-29 10:45:00,1.38095,1.38089,1.38106,1.38084,527,1780051799.092,USDCAD
61,2026-05-29 10:50:00,1.38089,1.38095,1.38105,1.38085,458,1780052099.809,USDCAD
61,2026-05-29 10:55:00,1.38095,1.38084,1.38098,1.38078,550,1780052399.014,USDCAD
61,2026-05-29 11:00:00,1.38084,1.38095,1.38102,1.38084,495,1780052699.993,USDCAD
61,2026-05-29 11:05:00,1.38095,1.38098,1.38106,1.38091,494,1780052999.094,USDCAD
61,2026-05-29 11:10:00,1.38098,1.38125,1.38126,1.38096,544,1780053299.039,USDCAD
61,2026-05-29 11:15:00,1.38125,1.38117,1.38143,1.38112,530,1780053599.023,USDCAD
61,2026-05-29 11:20:00,1.38117,1.38124,1.38147,1.38085,672,1780053899.423,USDCAD
61,2026-05-29 11:25:00,1.38124,1.38122,1.38145,1.38116,645,1780054199.0,USDCAD
61,2026-05-29 11:30:00,1.38122,1.38113,1.38143,1.38106,530,1780054499.038,USDCAD
61,2026-05-29 11:35:00,1.38112,1.38064,1.38114,1.38061,669,1780054799.993,USDCAD
61,2026-05-29 11:40:00,1.38064,1.38067,1.38077,1.38062,549,1780055099.018,USDCAD
61,2026-05-29 11:45:00,1.38067,1.38057,1.38068,1.38044,566,1780055399.022,USDCAD
61,2026-05-29 11:50:00,1.38057,1.38025,1.3806,1.38021,754,1780055699.003,USDCAD
61,2026-05-29 11:55:00,1.38025,1.38006,1.3804,1.37997,501,1780055999.01,USDCAD
61,2026-05-29 12:00:00,1.38006,1.38063,1.38067,1.37997,626,1780056299.092,USDCAD
61,2026-05-29 12:05:00,1.38063,1.38046,1.3807,1.38036,667,1780056599.094,USDCAD
61,2026-05-29 12:10:00,1.38046,1.38022,1.38071,1.38018,650,1780056899.042,USDCAD
61,2026-05-29 12:15:00,1.38022,1.38041,1.38049,1.38014,605,1780057199.993,USDCAD
61,2026-05-29 12:20:00,1.38041,1.38085,1.38092,1.38039,617,1780057499.022,USDCAD
61,2026-05-29 12:25:00,1.38085,1.38065,1.38094,1.38062,541,1780057799.926,USDCAD
61,2026-05-29 12:30:00,1.38065,1.38191,1.38216,1.38065,984,1780058099.037,USDCAD
61,2026-05-29 12:35:00,1.38191,1.38204,1.38229,1.38182,838,1780058399.037,USDCAD
61,2026-05-29 12:40:00,1.38204,1.38248,1.38248,1.38183,739,1780058698.395,USDCAD
61,2026-05-29 12:45:00,1.38248,1.38243,1.38295,1.38234,831,1780058999.334,USDCAD
61,2026-05-29 12:50:00,1.38243,1.38236,1.3826,1.38227,757,1780059299.038,USDCAD
61,2026-05-29 12:55:00,1.38237,1.3818,1.38253,1.3818,791,1780059599.002,USDCAD
61,2026-05-29 13:00:00,1.3818,1.3816,1.3821,1.38148,861,1780059899.795,USDCAD
61,2026-05-29 13:05:00,1.3816,1.38182,1.38192,1.3815,862,1780060199.095,USDCAD
61,2026-05-29 13:10:00,1.38182,1.38172,1.38199,1.38159,806,1780060499.0,USDCAD
61,2026-05-29 13:15:00,1.38172,1.38075,1.38172,1.38072,851,1780060799.895,USDCAD
61,2026-05-29 13:20:00,1.38074,1.38103,1.38108,1.38051,798,1780061099.699,USDCAD
61,2026-05-29 13:25:00,1.38103,1.38091,1.38105,1.38075,772,1780061399.031,USDCAD
61,2026-05-29 13:30:00,1.38091,1.38081,1.38116,1.38059,863,1780061699.603,USDCAD
61,2026-05-29 13:35:00,1.38081,1.38048,1.38101,1.38035,687,1780061999.829,USDCAD
61,2026-05-29 13:40:00,1.38048,1.38088,1.38095,1.38021,702,1780062299.095,USDCAD
61,2026-05-29 13:45:00,1.38088,1.38104,1.38105,1.38078,834,1780062599.714,USDCAD
61,2026-05-29 13:50:00,1.38104,1.38162,1.38174,1.38101,1020,1780062899.493,USDCAD
61,2026-05-29 13:55:00,1.38162,1.38128,1.38163,1.381,908,1780063199.893,USDCAD
61,2026-05-29 14:00:00,1.38128,1.38142,1.38163,1.38127,806,1780063499.001,USDCAD
61,2026-05-29 14:05:00,1.38142,1.38064,1.38155,1.38064,875,1780063799.895,USDCAD
61,2026-05-29 14:10:00,1.38064,1.38094,1.38094,1.37997,952,1780064099.622,USDCAD
61,2026-05-29 14:15:00,1.38094,1.38102,1.38105,1.38064,850,1780064399.036,USDCAD
61,2026-05-29 14:20:00,1.38102,1.38055,1.38102,1.38015,975,1780064699.992,USDCAD
61,2026-05-29 14:25:00,1.38055,1.3804,1.38095,1.38024,1081,1780064999.695,USDCAD
61,2026-05-29 14:30:00,1.38041,1.38043,1.38105,1.38017,1092,1780065299.494,USDCAD
61,2026-05-29 14:35:00,1.38043,1.38057,1.38096,1.37996,1010,1780065599.794,USDCAD
61,2026-05-29 14:40:00,1.38057,1.38002,1.38057,1.37972,1181,1780065899.995,USDCAD
61,2026-05-29 14:45:00,1.38002,1.37961,1.38027,1.37956,944,1780066199.398,USDCAD
61,2026-05-29 14:50:00,1.37961,1.37759,1.37999,1.37756,2026,1780066499.33,USDCAD
61,2026-05-29 14:55:00,1.37759,1.3776,1.37784,1.37704,1928,1780066799.996,USDCAD
61,2026-05-29 15:00:00,1.3776,1.37804,1.37811,1.37742,1535,1780067099.339,USDCAD
61,2026-05-29 15:05:00,1.37804,1.37801,1.37839,1.37782,1311,1780067399.001,USDCAD
61,2026-05-29 15:10:00,1.37801,1.37839,1.3787,1.37794,1169,1780067699.041,USDCAD
61,2026-05-29 15:15:00,1.37838,1.37865,1.37888,1.37836,964,1780067999.001,USDCAD
61,2026-05-29 15:20:00,1.37862,1.37847,1.37865,1.37827,830,1780068299.001,USDCAD
61,2026-05-29 15:25:00,1.37847,1.37854,1.3786,1.37835,771,1780068599.841,USDCAD
61,2026-05-29 15:30:00,1.37854,1.37797,1.37854,1.37775,1020,1780068899.917,USDCAD
61,2026-05-29 15:35:00,1.37798,1.3779,1.37804,1.37763,986,1780069199.094,USDCAD
61,2026-05-29 15:40:00,1.37792,1.37822,1.37837,1.37774,1170,1780069499.916,USDCAD
61,2026-05-29 15:45:00,1.37822,1.37817,1.37823,1.37776,1043,1780069799.0,USDCAD
61,2026-05-29 15:50:00,1.37817,1.37817,1.37827,1.37797,721,1780070099.021,USDCAD
61,2026-05-29 15:55:00,1.37817,1.37848,1.37853,1.37817,655,1780070399.392,USDCAD
61,2026-05-29 16:00:00,1.37848,1.37885,1.37885,1.37838,747,1780070699.593,USDCAD
61,2026-05-29 16:05:00,1.37885,1.37907,1.37925,1.37884,631,1780070999.902,USDCAD
61,2026-05-29 16:10:00,1.37907,1.37928,1.37931,1.3789,623,1780071299.093,USDCAD
61,2026-05-29 16:15:00,1.37928,1.37932,1.37942,1.37916,628,1780071599.638,USDCAD
61,2026-05-29 16:20:00,1.37932,1.37955,1.37969,1.37928,630,1780071899.194,USDCAD
61,2026-05-29 16:25:00,1.37955,1.37962,1.37972,1.37952,584,1780072199.703,USDCAD
61,2026-05-29 16:30:00,1.37963,1.37948,1.37988,1.37941,905,1780072499.92,USDCAD
61,2026-05-29 16:35:00,1.37948,1.37961,1.37962,1.3793,978,1780072799.598,USDCAD
61,2026-05-29 16:40:00,1.37962,1.37984,1.37991,1.37956,692,1780073099.036,USDCAD
61,2026-05-29 16:45:00,1.37984,1.37994,1.38003,1.37984,611,1780073399.593,USDCAD
61,2026-05-29 16:50:00,1.37994,1.3801,1.3801,1.37986,619,1780073699.414,USDCAD
61,2026-05-29 16:55:00,1.3801,1.37992,1.38021,1.37992,564,1780073999.027,USDCAD
61,2026-05-29 17:00:00,1.37992,1.37972,1.37993,1.37966,519,1780074299.008,USDCAD
61,2026-05-29 17:05:00,1.37972,1.37999,1.38,1.37969,520,1780074599.194,USDCAD
61,2026-05-29 17:10:00,1.37999,1.3799,1.38011,1.37988,649,1780074899.105,USDCAD
61,2026-05-29 17:15:00,1.3799,1.37988,1.37991,1.37973,448,1780075199.493,USDCAD
61,2026-05-29 17:20:00,1.37988,1.37993,1.38001,1.3798,748,1780075499.84,USDCAD
61,2026-05-29 17:25:00,1.37993,1.37979,1.38009,1.37977,786,1780075799.793,USDCAD
61,2026-05-29 17:30:00,1.37979,1.37946,1.37986,1.37942,614,1780076099.038,USDCAD
61,2026-05-29 17:35:00,1.37946,1.3796,1.37963,1.37936,763,1780076399.001,USDCAD
61,2026-05-29 17:40:00,1.3796,1.37961,1.37972,1.37951,534,1780076699.0,USDCAD
61,2026-05-29 17:45:00,1.37961,1.37949,1.37962,1.37947,518,1780076999.038,USDCAD
61,2026-05-29 17:50:00,1.37949,1.37955,1.37962,1.37946,509,1780077299.324,USDCAD
61,2026-05-29 17:55:00,1.37955,1.37931,1.37962,1.37917,553,1780077599.011,USDCAD
61,2026-05-29 18:00:00,1.37931,1.37921,1.37942,1.37921,571,1780077899.195,USDCAD
61,2026-05-29 18:05:00,1.37921,1.37905,1.37925,1.37893,606,1780078199.004,USDCAD
61,2026-05-29 18:10:00,1.37905,1.37892,1.37917,1.37888,578,1780078499.494,USDCAD
61,2026-05-29 18:15:00,1.37892,1.37887,1.37907,1.37874,625,1780078799.993,USDCAD
61,2026-05-29 18:20:00,1.37887,1.37891,1.37918,1.3788,677,1780079099.094,USDCAD
61,2026-05-29 18:25:00,1.37891,1.37911,1.37912,1.37891,568,1780079399.594,USDCAD
61,2026-05-29 18:30:00,1.37911,1.37885,1.37915,1.37883,438,1780079699.095,USDCAD
61,2026-05-29 18:35:00,1.37885,1.37874,1.37891,1.37866,454,1780079999.043,USDCAD
61,2026-05-29 18:40:00,1.37874,1.37915,1.37926,1.37872,568,1780080299.008,USDCAD
61,2026-05-29 18:45:00,1.37915,1.37929,1.37941,1.37914,761,1780080598.492,USDCAD
61,2026-05-29 18:50:00,1.3793,1.37915,1.37934,1.37908,530,1780080899.835,USDCAD
61,2026-05-29 18:55:00,1.37915,1.37968,1.37971,1.37915,841,1780081199.321,USDCAD
61,2026-05-29 19:00:00,1.37967,1.37945,1.37981,1.37938,699,1780081499.023,USDCAD
61,2026-05-29 19:05:00,1.37945,1.37922,1.37945,1.37909,444,1780081799.036,USDCAD
61,2026-05-29 19:10:00,1.37922,1.37928,1.37935,1.37919,447,1780082099.794,USDCAD
61,2026-05-29 19:15:00,1.37928,1.37894,1.37933,1.3789,497,1780082399.043,USDCAD
61,2026-05-29 19:20:00,1.37894,1.37878,1.37894,1.37874,508,1780082699.03,USDCAD
61,2026-05-29 19:25:00,1.37878,1.37861,1.37891,1.37861,454,1780082999.001,USDCAD
61,2026-05-29 19:30:00,1.37861,1.37864,1.37874,1.37861,393,1780083299.694,USDCAD
61,2026-05-29 19:35:00,1.37864,1.37881,1.37885,1.37861,476,1780083599.093,USDCAD
61,2026-05-29 19:40:00,1.37881,1.37862,1.37885,1.37861,491,1780083899.094,USDCAD
61,2026-05-29 19:45:00,1.37862,1.37896,1.37898,1.37862,460,1780084199.093,USDCAD
61,2026-05-29 19:50:00,1.37896,1.37927,1.37935,1.37894,713,1780084499.012,USDCAD
61,2026-05-29 19:55:00,1.37927,1.37901,1.37927,1.37852,1072,1780084799.62,USDCAD
61,2026-05-29 20:00:00,1.37901,1.37902,1.37903,1.37849,849,1780085099.093,USDCAD
61,2026-05-29 20:05:00,1.37902,1.37911,1.37915,1.37899,463,1780085399.037,USDCAD
61,2026-05-29 20:10:00,1.37911,1.37913,1.37932,1.37909,487,1780085699.834,USDCAD
61,2026-05-29 20:15:00,1.37913,1.37939,1.37942,1.37912,444,1780085999.602,USDCAD
61,2026-05-29 20:20:00,1.37939,1.37933,1.37943,1.3793,419,1780086299.794,USDCAD
61,2026-05-29 20:25:00,1.37933,1.37921,1.3794,1.37912,470,1780086599.04,USDCAD
61,2026-05-29 20:30:00,1.37921,1.37945,1.37956,1.37921,670,1780086899.021,USDCAD
61,2026-05-29 20:35:00,1.37945,1.37957,1.37958,1.37942,557,1780087199.038,USDCAD
61,2026-05-29 20:40:00,1.37957,1.37944,1.37959,1.3794,679,1780087499.012,USDCAD
61,2026-05-29 20:45:00,1.37944,1.37976,1.37976,1.37927,683,1780087799.034,USDCAD
61,2026-05-29 20:50:00,1.37976,1.37952,1.37976,1.37947,681,1780088099.016,USDCAD
61,2026-05-29 20:55:00,1.37952,1.37948,1.38009,1.37941,655,1780088399.03,USDCAD
61,2026-05-29 21:00:00,1.37948,1.37948,1.37948,1.37948,1,1780088400.071,USDCAD
61,2026-05-29 21:05:00,1.37948,1.37948,1.37948,1.37948,0,1780088700.0,USDCAD
61,2026-05-29 21:10:00,1.37948,1.37948,1.37948,1.37948,0,1780089000.0,USDCAD
61,2026-05-29 21:15:00,1.37948,1.37948,1.37948,1.37948,0,1780089300.0,USDCAD
61,2026-05-29 21:20:00,1.37948,1.37948,1.37948,1.37948,0,1780089600.0,USDCAD
61,2026-05-29 21:25:00,1.37948,1.37948,1.37948,1.37948,0,1780089900.0,USDCAD
61,2026-05-29 21:30:00,1.37948,1.37948,1.37948,1.37948,0,1780090200.0,USDCAD
61,2026-05-29 21:35:00,1.37948,1.37948,1.37948,1.37948,0,1780090500.0,USDCAD
61,2026-05-29 21:40:00,1.37948,1.37948,1.37948,1.37948,0,1780090800.0,USDCAD
61,2026-05-29 21:45:00,1.37948,1.37948,1.37948,1.37948,0,1780091100.0,USDCAD
61,2026-05-29 21:50:00,1.37948,1.37948,1.37948,1.37948,0,1780091400.0,USDCAD
61,2026-05-29 21:55:00,1.37948,1.37948,1.37948,1.37948,0,1780091700.0,USDCAD
61,2026-05-29 22:00:00,1.37948,1.37948,1.37948,1.37948,0,1780092000.0,USDCAD
61,2026-05-29 22:05:00,1.37948,1.37948,1.37948,1.37948,0,1780092300.0,USDCAD
61,2026-05-29 22:10:00,1.37948,1.37948,1.37948,1.37948,0,1780092600.0,USDCAD
61,2026-05-29 22:15:00,1.37948,1.37948,1.37948,1.37948,0,1780092900.0,USDCAD
61,2026-05-29 22:20:00,1.37948,1.37948,1.37948,1.37948,0,1780093200.0,USDCAD
61,2026-05-29 22:25:00,1.37948,1.37948,1.37948,1.37948,0,1780093500.0,USDCAD
61,2026-05-29 22:30:00,1.37948,1.37948,1.37948,1.37948,0,1780093800.0,USDCAD
61,2026-05-29 22:35:00,1.37948,1.37948,1.37948,1.37948,0,1780094100.0,USDCAD
61,2026-05-29 22:40:00,1.37948,1.37948,1.37948,1.37948,0,1780094400.0,USDCAD
61,2026-05-29 22:45:00,1.37948,1.37948,1.37948,1.37948,0,1780094700.0,USDCAD
61,2026-05-29 22:50:00,1.37948,1.37948,1.37948,1.37948,0,1780095000.0,USDCAD
61,2026-05-29 22:55:00,1.37948,1.37948,1.37948,1.37948,0,1780095300.0,USDCAD
61,2026-05-29 23:00:00,1.37948,1.37948,1.37948,1.37948,0,1780095600.0,USDCAD
61,2026-05-29 23:05:00,1.37948,1.37948,1.37948,1.37948,0,1780095900.0,USDCAD
61,2026-05-29 23:10:00,1.37948,1.37948,1.37948,1.37948,0,1780096200.0,USDCAD
61,2026-05-29 23:15:00,1.37948,1.37948,1.37948,1.37948,0,1780096500.0,USDCAD
61,2026-05-29 23:20:00,1.37948,1.37948,1.37948,1.37948,0,1780096800.0,USDCAD
61,2026-05-29 23:25:00,1.37948,1.37948,1.37948,1.37948,0,1780097100.0,USDCAD
61,2026-05-29 23:30:00,1.37948,1.37948,1.37948,1.37948,0,1780097400.0,USDCAD
61,2026-05-29 23:35:00,1.37948,1.37948,1.37948,1.37948,0,1780097700.0,USDCAD
61,2026-05-29 23:40:00,1.37948,1.37948,1.37948,1.37948,0,1780098000.0,USDCAD
61,2026-05-29 23:45:00,1.37948,1.37948,1.37948,1.37948,0,1780098300.0,USDCAD
61,2026-05-29 23:50:00,1.37948,1.37948,1.37948,1.37948,0,1780098600.0,USDCAD
61,2026-05-29 23:55:00,1.37948,1.37948,1.37948,1.37948,0,1780098900.0,USDCAD
61,2026-05-30 00:00:00,1.37948,1.37948,1.37948,1.37948,0,1780099200.0,USDCAD
61,2026-05-30 00:05:00,1.37948,1.37948,1.37948,1.37948,0,1780099500.0,USDCAD
61,2026-05-30 00:10:00,1.37948,1.37948,1.37948,1.37948,0,1780099800.0,USDCAD
61,2026-05-30 00:15:00,1.37948,1.37948,1.37948,1.37948,0,1780100100.0,USDCAD
61,2026-05-30 00:20:00,1.37948,1.37948,1.37948,1.37948,0,1780100400.0,USDCAD
61,2026-05-30 00:25:00,1.37948,1.37948,1.37948,1.37948,0,1780100700.0,USDCAD
61,2026-05-30 00:30:00,1.37948,1.37948,1.37948,1.37948,0,1780101000.0,USDCAD
61,2026-05-30 00:35:00,1.37948,1.37948,1.37948,1.37948,0,1780101300.0,USDCAD
61,2026-05-30 00:40:00,1.37948,1.37948,1.37948,1.37948,0,1780101600.0,USDCAD
61,2026-05-30 00:45:00,1.37948,1.37948,1.37948,1.37948,0,1780101900.0,USDCAD
61,2026-05-30 00:50:00,1.37948,1.37948,1.37948,1.37948,0,1780102200.0,USDCAD
61,2026-05-30 00:55:00,1.37948,1.37948,1.37948,1.37948,0,1780102500.0,USDCAD
61,2026-05-30 01:00:00,1.37948,1.37948,1.37948,1.37948,0,1780102800.0,USDCAD
61,2026-05-30 01:05:00,1.37948,1.37948,1.37948,1.37948,0,1780103100.0,USDCAD
61,2026-05-30 01:10:00,1.37948,1.37948,1.37948,1.37948,0,1780103400.0,USDCAD
61,2026-05-30 01:15:00,1.37948,1.37948,1.37948,1.37948,0,1780103700.0,USDCAD
61,2026-05-30 01:20:00,1.37948,1.37948,1.37948,1.37948,0,1780104000.0,USDCAD
61,2026-05-30 01:25:00,1.37948,1.37948,1.37948,1.37948,0,1780104300.0,USDCAD
61,2026-05-30 01:30:00,1.37948,1.37948,1.37948,1.37948,0,1780104600.0,USDCAD
61,2026-05-30 01:35:00,1.37948,1.37948,1.37948,1.37948,0,1780104900.0,USDCAD
61,2026-05-30 01:40:00,1.37948,1.37948,1.37948,1.37948,0,1780105200.0,USDCAD
61,2026-05-30 01:45:00,1.37948,1.37948,1.37948,1.37948,0,1780105500.0,USDCAD
61,2026-05-30 01:50:00,1.37948,1.37948,1.37948,1.37948,0,1780105800.0,USDCAD
61,2026-05-30 01:55:00,1.37948,1.37948,1.37948,1.37948,0,1780106100.0,USDCAD
61,2026-05-30 02:00:00,1.37948,1.37948,1.37948,1.37948,0,1780106400.0,USDCAD
61,2026-05-30 02:05:00,1.37948,1.37948,1.37948,1.37948,0,1780106700.0,USDCAD
61,2026-05-30 02:10:00,1.37948,1.37948,1.37948,1.37948,0,1780107000.0,USDCAD
61,2026-05-30 02:15:00,1.37948,1.37948,1.37948,1.37948,0,1780107300.0,USDCAD
61,2026-05-30 02:20:00,1.37948,1.37948,1.37948,1.37948,0,1780107600.0,USDCAD
61,2026-05-30 02:25:00,1.37948,1.37948,1.37948,1.37948,0,1780107900.0,USDCAD
61,2026-05-30 02:30:00,1.37948,1.37948,1.37948,1.37948,0,1780108200.0,USDCAD
61,2026-05-30 02:35:00,1.37948,1.37948,1.37948,1.37948,0,1780108500.0,USDCAD
61,2026-05-30 02:40:00,1.37948,1.37948,1.37948,1.37948,0,1780108800.0,USDCAD
61,2026-05-30 02:45:00,1.37948,1.37948,1.37948,1.37948,0,1780109100.0,USDCAD
61,2026-05-30 02:50:00,1.37948,1.37948,1.37948,1.37948,0,1780109400.0,USDCAD
61,2026-05-30 02:55:00,1.37948,1.37948,1.37948,1.37948,0,1780109700.0,USDCAD
61,2026-05-30 03:00:00,1.37948,1.37948,1.37948,1.37948,0,1780110000.0,USDCAD
61,2026-05-30 03:05:00,1.37948,1.37948,1.37948,1.37948,0,1780110300.0,USDCAD
61,2026-05-30 03:10:00,1.37948,1.37948,1.37948,1.37948,0,1780110600.0,USDCAD
61,2026-05-30 03:15:00,1.37948,1.37948,1.37948,1.37948,0,1780110900.0,USDCAD
61,2026-05-30 03:20:00,1.37948,1.37948,1.37948,1.37948,0,1780111200.0,USDCAD
61,2026-05-30 03:25:00,1.37948,1.37948,1.37948,1.37948,0,1780111500.0,USDCAD
61,2026-05-30 03:30:00,1.37948,1.37948,1.37948,1.37948,0,1780111800.0,USDCAD
61,2026-05-30 03:35:00,1.37948,1.37948,1.37948,1.37948,0,1780112100.0,USDCAD
61,2026-05-30 03:40:00,1.37948,1.37948,1.37948,1.37948,0,1780112400.0,USDCAD
61,2026-05-30 03:45:00,1.37948,1.37948,1.37948,1.37948,0,1780112700.0,USDCAD
61,2026-05-30 03:50:00,1.37948,1.37948,1.37948,1.37948,0,1780113000.0,USDCAD
61,2026-05-30 03:55:00,1.37948,1.37948,1.37948,1.37948,0,1780113300.0,USDCAD
61,2026-05-30 04:00:00,1.37948,1.37948,1.37948,1.37948,0,1780113600.0,USDCAD
61,2026-05-30 04:05:00,1.37948,1.37948,1.37948,1.37948,0,1780113900.0,USDCAD
61,2026-05-30 04:10:00,1.37948,1.37948,1.37948,1.37948,0,1780114200.0,USDCAD
61,2026-05-30 04:15:00,1.37948,1.37948,1.37948,1.37948,0,1780114500.0,USDCAD
61,2026-05-30 04:20:00,1.37948,1.37948,1.37948,1.37948,0,1780114800.0,USDCAD
61,2026-05-30 04:25:00,1.37948,1.37948,1.37948,1.37948,0,1780115100.0,USDCAD
61,2026-05-30 04:30:00,1.37948,1.37948,1.37948,1.37948,0,1780115400.0,USDCAD
61,2026-05-30 04:35:00,1.37948,1.37948,1.37948,1.37948,0,1780115700.0,USDCAD
61,2026-05-30 04:40:00,1.37948,1.37948,1.37948,1.37948,0,1780116000.0,USDCAD
61,2026-05-30 04:45:00,1.37948,1.37948,1.37948,1.37948,0,1780116300.0,USDCAD
61,2026-05-30 04:50:00,1.37948,1.37948,1.37948,1.37948,0,1780116600.0,USDCAD
61,2026-05-30 04:55:00,1.37948,1.37948,1.37948,1.37948,0,1780116900.0,USDCAD
61,2026-05-30 05:00:00,1.37948,1.37948,1.37948,1.37948,0,1780117200.0,USDCAD
61,2026-05-30 05:05:00,1.37948,1.37948,1.37948,1.37948,0,1780117500.0,USDCAD
61,2026-05-30 05:10:00,1.37948,1.37948,1.37948,1.37948,0,1780117800.0,USDCAD
61,2026-05-30 05:15:00,1.37948,1.37948,1.37948,1.37948,0,1780118100.0,USDCAD
61,2026-05-30 05:20:00,1.37948,1.37948,1.37948,1.37948,0,1780118400.0,USDCAD
61,2026-05-30 05:25:00,1.37948,1.37948,1.37948,1.37948,0,1780118700.0,USDCAD
61,2026-05-30 05:30:00,1.37948,1.37948,1.37948,1.37948,0,1780119000.0,USDCAD
61,2026-05-30 05:35:00,1.37948,1.37948,1.37948,1.37948,0,1780119300.0,USDCAD
61,2026-05-30 05:40:00,1.37948,1.37948,1.37948,1.37948,0,1780119600.0,USDCAD
61,2026-05-30 05:45:00,1.37948,1.37948,1.37948,1.37948,0,1780119900.0,USDCAD
61,2026-05-30 05:50:00,1.37948,1.37948,1.37948,1.37948,0,1780120200.0,USDCAD
61,2026-05-30 05:55:00,1.37948,1.37948,1.37948,1.37948,0,1780120500.0,USDCAD
61,2026-05-30 06:00:00,1.37948,1.37948,1.37948,1.37948,0,1780120800.0,USDCAD
61,2026-05-30 06:05:00,1.37948,1.37948,1.37948,1.37948,0,1780121100.0,USDCAD
61,2026-05-30 06:10:00,1.37948,1.37948,1.37948,1.37948,0,1780121400.0,USDCAD
61,2026-05-30 06:15:00,1.37948,1.37948,1.37948,1.37948,0,1780121700.0,USDCAD
61,2026-05-30 06:20:00,1.37948,1.37948,1.37948,1.37948,0,1780122000.0,USDCAD
61,2026-05-30 06:25:00,1.37948,1.37948,1.37948,1.37948,0,1780122300.0,USDCAD
61,2026-05-30 06:30:00,1.37948,1.37948,1.37948,1.37948,0,1780122600.0,USDCAD
61,2026-05-30 06:35:00,1.37948,1.37948,1.37948,1.37948,0,1780122900.0,USDCAD
61,2026-05-30 06:40:00,1.37948,1.37948,1.37948,1.37948,0,1780123200.0,USDCAD
61,2026-05-30 06:45:00,1.37948,1.37948,1.37948,1.37948,0,1780123500.0,USDCAD
61,2026-05-30 06:50:00,1.37948,1.37948,1.37948,1.37948,0,1780123800.0,USDCAD
61,2026-05-30 06:55:00,1.37948,1.37948,1.37948,1.37948,0,1780124100.0,USDCAD
61,2026-05-30 07:00:00,1.37948,1.37948,1.37948,1.37948,0,1780124400.0,USDCAD
61,2026-05-30 07:05:00,1.37948,1.37948,1.37948,1.37948,0,1780124700.0,USDCAD
61,2026-05-30 07:10:00,1.37948,1.37948,1.37948,1.37948,0,1780125000.0,USDCAD
61,2026-05-30 07:15:00,1.37948,1.37948,1.37948,1.37948,0,1780125300.0,USDCAD
61,2026-05-30 07:20:00,1.37948,1.37948,1.37948,1.37948,0,1780125600.0,USDCAD
61,2026-05-30 07:25:00,1.37948,1.37948,1.37948,1.37948,0,1780125900.0,USDCAD
61,2026-05-30 07:30:00,1.37948,1.37948,1.37948,1.37948,0,1780126200.0,USDCAD
61,2026-05-30 07:35:00,1.37948,1.37948,1.37948,1.37948,0,1780126500.0,USDCAD
61,2026-05-30 07:40:00,1.37948,1.37948,1.37948,1.37948,0,1780126800.0,USDCAD
61,2026-05-30 07:45:00,1.37948,1.37948,1.37948,1.37948,0,1780127100.0,USDCAD
61,2026-05-30 07:50:00,1.37948,1.37948,1.37948,1.37948,0,1780127400.0,USDCAD
61,2026-05-30 07:55:00,1.37948,1.37948,1.37948,1.37948,0,1780127700.0,USDCAD
61,2026-05-30 08:00:00,1.37948,1.37948,1.37948,1.37948,0,1780128000.0,USDCAD
61,2026-05-30 08:05:00,1.37948,1.37948,1.37948,1.37948,0,1780128300.0,USDCAD
61,2026-05-30 08:10:00,1.37948,1.37948,1.37948,1.37948,0,1780128600.0,USDCAD
61,2026-05-30 08:15:00,1.37948,1.37948,1.37948,1.37948,0,1780128900.0,USDCAD
61,2026-05-30 08:20:00,1.37948,1.37948,1.37948,1.37948,0,1780129200.0,USDCAD
61,2026-05-30 08:25:00,1.37948,1.37948,1.37948,1.37948,0,1780129500.0,USDCAD
61,2026-05-30 08:30:00,1.37948,1.37948,1.37948,1.37948,0,1780129800.0,USDCAD
61,2026-05-30 08:35:00,1.37948,1.37948,1.37948,1.37948,0,1780130100.0,USDCAD
61,2026-05-30 08:40:00,1.37948,1.37948,1.37948,1.37948,0,1780130400.0,USDCAD
61,2026-05-30 08:45:00,1.37948,1.37948,1.37948,1.37948,0,1780130700.0,USDCAD
61,2026-05-30 08:50:00,1.37948,1.37948,1.37948,1.37948,0,1780131000.0,USDCAD
61,2026-05-30 08:55:00,1.37948,1.37948,1.37948,1.37948,0,1780131300.0,USDCAD
61,2026-05-30 09:00:00,1.37948,1.37948,1.37948,1.37948,0,1780131600.0,USDCAD
61,2026-05-30 09:05:00,1.37948,1.37948,1.37948,1.37948,0,1780131900.0,USDCAD
61,2026-05-30 09:10:00,1.37948,1.37948,1.37948,1.37948,0,1780132200.0,USDCAD
61,2026-05-30 09:15:00,1.37948,1.37948,1.37948,1.37948,0,1780132500.0,USDCAD
61,2026-05-30 09:20:00,1.37948,1.37948,1.37948,1.37948,0,1780132800.0,USDCAD
61,2026-05-30 09:25:00,1.37948,1.37948,1.37948,1.37948,0,1780133100.0,USDCAD
61,2026-05-30 09:30:00,1.37948,1.37948,1.37948,1.37948,0,1780133400.0,USDCAD
61,2026-05-30 09:35:00,1.37948,1.37948,1.37948,1.37948,0,1780133700.0,USDCAD
61,2026-05-30 09:40:00,1.37948,1.37948,1.37948,1.37948,0,1780134000.0,USDCAD
61,2026-05-30 09:45:00,1.37948,1.37948,1.37948,1.37948,0,1780134300.0,USDCAD
61,2026-05-30 09:50:00,1.37948,1.37948,1.37948,1.37948,0,1780134600.0,USDCAD
61,2026-05-30 09:55:00,1.37948,1.37948,1.37948,1.37948,0,1780134900.0,USDCAD
61,2026-05-30 10:00:00,1.37948,1.37948,1.37948,1.37948,0,1780135200.0,USDCAD
61,2026-05-30 10:05:00,1.37948,1.37948,1.37948,1.37948,0,1780135500.0,USDCAD
61,2026-05-30 10:10:00,1.37948,1.37948,1.37948,1.37948,0,1780135800.0,USDCAD
61,2026-05-30 10:15:00,1.37948,1.37948,1.37948,1.37948,0,1780136100.0,USDCAD
61,2026-05-30 10:20:00,1.37948,1.37948,1.37948,1.37948,0,1780136400.0,USDCAD
61,2026-05-30 10:25:00,1.37948,1.37948,1.37948,1.37948,0,1780136700.0,USDCAD
61,2026-05-30 10:30:00,1.37948,1.37948,1.37948,1.37948,0,1780137000.0,USDCAD
61,2026-05-30 10:35:00,1.37948,1.37948,1.37948,1.37948,0,1780137300.0,USDCAD
61,2026-05-30 10:40:00,1.37948,1.37948,1.37948,1.37948,0,1780137600.0,USDCAD
61,2026-05-30 10:45:00,1.37948,1.37948,1.37948,1.37948,0,1780137900.0,USDCAD
61,2026-05-30 10:50:00,1.37948,1.37948,1.37948,1.37948,0,1780138200.0,USDCAD
61,2026-05-30 10:55:00,1.37948,1.37948,1.37948,1.37948,0,1780138500.0,USDCAD
61,2026-05-30 11:00:00,1.37948,1.37948,1.37948,1.37948,0,1780138800.0,USDCAD
61,2026-05-30 11:05:00,1.37948,1.37948,1.37948,1.37948,0,1780139100.0,USDCAD
61,2026-05-30 11:10:00,1.37948,1.37948,1.37948,1.37948,0,1780139400.0,USDCAD
61,2026-05-30 11:15:00,1.37948,1.37948,1.37948,1.37948,0,1780139700.0,USDCAD
61,2026-05-30 11:20:00,1.37948,1.37948,1.37948,1.37948,0,1780140000.0,USDCAD
61,2026-05-30 11:25:00,1.37948,1.37948,1.37948,1.37948,0,1780140300.0,USDCAD
61,2026-05-30 11:30:00,1.37948,1.37948,1.37948,1.37948,0,1780140600.0,USDCAD
61,2026-05-30 11:35:00,1.37948,1.37948,1.37948,1.37948,0,1780140900.0,USDCAD
61,2026-05-30 11:40:00,1.37948,1.37948,1.37948,1.37948,0,1780141200.0,USDCAD
61,2026-05-30 11:45:00,1.37948,1.37948,1.37948,1.37948,0,1780141500.0,USDCAD
61,2026-05-30 11:50:00,1.37948,1.37948,1.37948,1.37948,0,1780141800.0,USDCAD
61,2026-05-30 11:55:00,1.37948,1.37948,1.37948,1.37948,0,1780142100.0,USDCAD
61,2026-05-30 12:00:00,1.37948,1.37948,1.37948,1.37948,0,1780142400.0,USDCAD
61,2026-05-30 12:05:00,1.37948,1.37948,1.37948,1.37948,0,1780142700.0,USDCAD
61,2026-05-30 12:10:00,1.37948,1.37948,1.37948,1.37948,0,1780143000.0,USDCAD
61,2026-05-30 12:15:00,1.37948,1.37948,1.37948,1.37948,0,1780143300.0,USDCAD
61,2026-05-30 12:20:00,1.37948,1.37948,1.37948,1.37948,0,1780143600.0,USDCAD
61,2026-05-30 12:25:00,1.37948,1.37948,1.37948,1.37948,0,1780143900.0,USDCAD
61,2026-05-30 12:30:00,1.37948,1.37948,1.37948,1.37948,0,1780144200.0,USDCAD
61,2026-05-30 12:35:00,1.37948,1.37948,1.37948,1.37948,0,1780144500.0,USDCAD
61,2026-05-30 12:40:00,1.37948,1.37948,1.37948,1.37948,0,1780144800.0,USDCAD
61,2026-05-30 12:45:00,1.37948,1.37948,1.37948,1.37948,0,1780145100.0,USDCAD
61,2026-05-30 12:50:00,1.37948,1.37948,1.37948,1.37948,0,1780145400.0,USDCAD
61,2026-05-30 12:55:00,1.37948,1.37948,1.37948,1.37948,0,1780145700.0,USDCAD
61,2026-05-30 13:00:00,1.37948,1.37948,1.37948,1.37948,0,1780146000.0,USDCAD
61,2026-05-30 13:05:00,1.37948,1.37948,1.37948,1.37948,0,1780146300.0,USDCAD
61,2026-05-30 13:10:00,1.37948,1.37948,1.37948,1.37948,0,1780146600.0,USDCAD
61,2026-05-30 13:15:00,1.37948,1.37948,1.37948,1.37948,0,1780146900.0,USDCAD
61,2026-05-30 13:20:00,1.37948,1.37948,1.37948,1.37948,0,1780147200.0,USDCAD
61,2026-05-30 13:25:00,1.37948,1.37948,1.37948,1.37948,0,1780147500.0,USDCAD
61,2026-05-30 13:30:00,1.37948,1.37948,1.37948,1.37948,0,1780147800.0,USDCAD
61,2026-05-30 13:35:00,1.37948,1.37948,1.37948,1.37948,0,1780148100.0,USDCAD
61,2026-05-30 13:40:00,1.37948,1.37948,1.37948,1.37948,0,1780148400.0,USDCAD
61,2026-05-30 13:45:00,1.37948,1.37948,1.37948,1.37948,0,1780148700.0,USDCAD
61,2026-05-30 13:50:00,1.37948,1.37948,1.37948,1.37948,0,1780149000.0,USDCAD
61,2026-05-30 13:55:00,1.37948,1.37948,1.37948,1.37948,0,1780149300.0,USDCAD
61,2026-05-30 14:00:00,1.37948,1.37948,1.37948,1.37948,0,1780149600.0,USDCAD
61,2026-05-30 14:05:00,1.37948,1.37948,1.37948,1.37948,0,1780149900.0,USDCAD
61,2026-05-30 14:10:00,1.37948,1.37948,1.37948,1.37948,0,1780150200.0,USDCAD
61,2026-05-30 14:15:00,1.37948,1.37948,1.37948,1.37948,0,1780150500.0,USDCAD
61,2026-05-30 14:20:00,1.37948,1.37948,1.37948,1.37948,0,1780150800.0,USDCAD
61,2026-05-30 14:25:00,1.37948,1.37948,1.37948,1.37948,0,1780151100.0,USDCAD
61,2026-05-30 14:30:00,1.37948,1.37948,1.37948,1.37948,0,1780151400.0,USDCAD
61,2026-05-30 14:35:00,1.37948,1.37948,1.37948,1.37948,0,1780151700.0,USDCAD
61,2026-05-30 14:40:00,1.37948,1.37948,1.37948,1.37948,0,1780152000.0,USDCAD
61,2026-05-30 14:45:00,1.37948,1.37948,1.37948,1.37948,0,1780152300.0,USDCAD
61,2026-05-30 14:50:00,1.37948,1.37948,1.37948,1.37948,0,1780152600.0,USDCAD
61,2026-05-30 14:55:00,1.37948,1.37948,1.37948,1.37948,0,1780152900.0,USDCAD
61,2026-05-30 15:00:00,1.37948,1.37948,1.37948,1.37948,0,1780153200.0,USDCAD
61,2026-05-30 15:05:00,1.37948,1.37948,1.37948,1.37948,0,1780153500.0,USDCAD
61,2026-05-30 15:10:00,1.37948,1.37948,1.37948,1.37948,0,1780153800.0,USDCAD
61,2026-05-30 15:15:00,1.37948,1.37948,1.37948,1.37948,0,1780154100.0,USDCAD
61,2026-05-30 15:20:00,1.37948,1.37948,1.37948,1.37948,0,1780154400.0,USDCAD
61,2026-05-30 15:25:00,1.37948,1.37948,1.37948,1.37948,0,1780154700.0,USDCAD
61,2026-05-30 15:30:00,1.37948,1.37948,1.37948,1.37948,0,1780155000.0,USDCAD
61,2026-05-30 15:35:00,1.37948,1.37948,1.37948,1.37948,0,1780155300.0,USDCAD
61,2026-05-30 15:40:00,1.37948,1.37948,1.37948,1.37948,0,1780155600.0,USDCAD
61,2026-05-30 15:45:00,1.37948,1.37948,1.37948,1.37948,0,1780155900.0,USDCAD
61,2026-05-30 15:50:00,1.37948,1.37948,1.37948,1.37948,0,1780156200.0,USDCAD
61,2026-05-30 15:55:00,1.37948,1.37948,1.37948,1.37948,0,1780156500.0,USDCAD
61,2026-05-30 16:00:00,1.37948,1.37948,1.37948,1.37948,0,1780156800.0,USDCAD
61,2026-05-30 16:05:00,1.37948,1.37948,1.37948,1.37948,0,1780157100.0,USDCAD
61,2026-05-30 16:10:00,1.37948,1.37948,1.37948,1.37948,0,1780157400.0,USDCAD
61,2026-05-30 16:15:00,1.37948,1.37948,1.37948,1.37948,0,1780157700.0,USDCAD
61,2026-05-30 16:20:00,1.37948,1.37948,1.37948,1.37948,0,1780158000.0,USDCAD
61,2026-05-30 16:25:00,1.37948,1.37948,1.37948,1.37948,0,1780158300.0,USDCAD
61,2026-05-30 16:30:00,1.37948,1.37948,1.37948,1.37948,0,1780158600.0,USDCAD
61,2026-05-30 16:35:00,1.37948,1.37948,1.37948,1.37948,0,1780158900.0,USDCAD
61,2026-05-30 16:40:00,1.37948,1.37948,1.37948,1.37948,0,1780159200.0,USDCAD
61,2026-05-30 16:45:00,1.37948,1.37948,1.37948,1.37948,0,1780159500.0,USDCAD
61,2026-05-30 16:50:00,1.37948,1.37948,1.37948,1.37948,0,1780159800.0,USDCAD
61,2026-05-30 16:55:00,1.37948,1.37948,1.37948,1.37948,0,1780160100.0,USDCAD
61,2026-05-30 17:00:00,1.37948,1.37948,1.37948,1.37948,0,1780160400.0,USDCAD
61,2026-05-30 17:05:00,1.37948,1.37948,1.37948,1.37948,0,1780160700.0,USDCAD
61,2026-05-30 17:10:00,1.37948,1.37948,1.37948,1.37948,0,1780161000.0,USDCAD
61,2026-05-30 17:15:00,1.37948,1.37948,1.37948,1.37948,0,1780161300.0,USDCAD
61,2026-05-30 17:20:00,1.37948,1.37948,1.37948,1.37948,0,1780161600.0,USDCAD
61,2026-05-30 17:25:00,1.37948,1.37948,1.37948,1.37948,0,1780161900.0,USDCAD
61,2026-05-30 17:30:00,1.37948,1.37948,1.37948,1.37948,0,1780162200.0,USDCAD
61,2026-05-30 17:35:00,1.37948,1.37948,1.37948,1.37948,0,1780162500.0,USDCAD
61,2026-05-30 17:40:00,1.37948,1.37948,1.37948,1.37948,0,1780162800.0,USDCAD
61,2026-05-30 17:45:00,1.37948,1.37948,1.37948,1.37948,0,1780163100.0,USDCAD
61,2026-05-30 17:50:00,1.37948,1.37948,1.37948,1.37948,0,1780163400.0,USDCAD
61,2026-05-30 17:55:00,1.37948,1.37948,1.37948,1.37948,0,1780163700.0,USDCAD
61,2026-05-30 18:00:00,1.37948,1.37948,1.37948,1.37948,0,1780164000.0,USDCAD
61,2026-05-30 18:05:00,1.37948,1.37948,1.37948,1.37948,0,1780164300.0,USDCAD
61,2026-05-30 18:10:00,1.37948,1.37948,1.37948,1.37948,0,1780164600.0,USDCAD
61,2026-05-30 18:15:00,1.37948,1.37948,1.37948,1.37948,0,1780164900.0,USDCAD
61,2026-05-30 18:20:00,1.37948,1.37948,1.37948,1.37948,0,1780165200.0,USDCAD
61,2026-05-30 18:25:00,1.37948,1.37948,1.37948,1.37948,0,1780165500.0,USDCAD
61,2026-05-30 18:30:00,1.37948,1.37948,1.37948,1.37948,0,1780165800.0,USDCAD
61,2026-05-30 18:35:00,1.37948,1.37948,1.37948,1.37948,0,1780166100.0,USDCAD
61,2026-05-30 18:40:00,1.37948,1.37948,1.37948,1.37948,0,1780166400.0,USDCAD
61,2026-05-30 18:45:00,1.37948,1.37948,1.37948,1.37948,0,1780166700.0,USDCAD
61,2026-05-30 18:50:00,1.37948,1.37948,1.37948,1.37948,0,1780167000.0,USDCAD
61,2026-05-30 18:55:00,1.37948,1.37948,1.37948,1.37948,0,1780167300.0,USDCAD
61,2026-05-30 19:00:00,1.37948,1.37948,1.37948,1.37948,0,1780167600.0,USDCAD
61,2026-05-30 19:05:00,1.37948,1.37948,1.37948,1.37948,0,1780167900.0,USDCAD
61,2026-05-30 19:10:00,1.37948,1.37948,1.37948,1.37948,0,1780168200.0,USDCAD
61,2026-05-30 19:15:00,1.37948,1.37948,1.37948,1.37948,0,1780168500.0,USDCAD
61,2026-05-30 19:20:00,1.37948,1.37948,1.37948,1.37948,0,1780168800.0,USDCAD
61,2026-05-30 19:25:00,1.37948,1.37948,1.37948,1.37948,0,1780169100.0,USDCAD
61,2026-05-30 19:30:00,1.37948,1.37948,1.37948,1.37948,0,1780169400.0,USDCAD
61,2026-05-30 19:35:00,1.37948,1.37948,1.37948,1.37948,0,1780169700.0,USDCAD
61,2026-05-30 19:40:00,1.37948,1.37948,1.37948,1.37948,0,1780170000.0,USDCAD
61,2026-05-30 19:45:00,1.37948,1.37948,1.37948,1.37948,0,1780170300.0,USDCAD
61,2026-05-30 19:50:00,1.37948,1.37948,1.37948,1.37948,0,1780170600.0,USDCAD
61,2026-05-30 19:55:00,1.37948,1.37948,1.37948,1.37948,0,1780170900.0,USDCAD
61,2026-05-30 20:00:00,1.37948,1.37948,1.37948,1.37948,0,1780171200.0,USDCAD
61,2026-05-30 20:05:00,1.37948,1.37948,1.37948,1.37948,0,1780171500.0,USDCAD
61,2026-05-30 20:10:00,1.37948,1.37948,1.37948,1.37948,0,1780171800.0,USDCAD
61,2026-05-30 20:15:00,1.37948,1.37948,1.37948,1.37948,0,1780172100.0,USDCAD
61,2026-05-30 20:20:00,1.37948,1.37948,1.37948,1.37948,0,1780172400.0,USDCAD
61,2026-05-30 20:25:00,1.37948,1.37948,1.37948,1.37948,0,1780172700.0,USDCAD
61,2026-05-30 20:30:00,1.37948,1.37948,1.37948,1.37948,0,1780173000.0,USDCAD
61,2026-05-30 20:35:00,1.37948,1.37948,1.37948,1.37948,0,1780173300.0,USDCAD
61,2026-05-30 20:40:00,1.37948,1.37948,1.37948,1.37948,0,1780173600.0,USDCAD
61,2026-05-30 20:45:00,1.37948,1.37948,1.37948,1.37948,0,1780173900.0,USDCAD
61,2026-05-30 20:50:00,1.37948,1.37948,1.37948,1.37948,0,1780174200.0,USDCAD
61,2026-05-30 20:55:00,1.37948,1.37948,1.37948,1.37948,0,1780174500.0,USDCAD
61,2026-05-30 21:00:00,1.37948,1.37948,1.37948,1.37948,0,1780174800.0,USDCAD
61,2026-05-30 21:05:00,1.37948,1.37948,1.37948,1.37948,0,1780175100.0,USDCAD
61,2026-05-30 21:10:00,1.37948,1.37948,1.37948,1.37948,0,1780175400.0,USDCAD
61,2026-05-30 21:15:00,1.37948,1.37948,1.37948,1.37948,0,1780175700.0,USDCAD
61,2026-05-30 21:20:00,1.37948,1.37948,1.37948,1.37948,0,1780176000.0,USDCAD
61,2026-05-30 21:25:00,1.37948,1.37948,1.37948,1.37948,0,1780176300.0,USDCAD
61,2026-05-30 21:30:00,1.37948,1.37948,1.37948,1.37948,0,1780176600.0,USDCAD
61,2026-05-30 21:35:00,1.37948,1.37948,1.37948,1.37948,0,1780176900.0,USDCAD
61,2026-05-30 21:40:00,1.37948,1.37948,1.37948,1.37948,0,1780177200.0,USDCAD
61,2026-05-30 21:45:00,1.37948,1.37948,1.37948,1.37948,0,1780177500.0,USDCAD
61,2026-05-30 21:50:00,1.37948,1.37948,1.37948,1.37948,0,1780177800.0,USDCAD
61,2026-05-30 21:55:00,1.37948,1.37948,1.37948,1.37948,0,1780178100.0,USDCAD
61,2026-05-30 22:00:00,1.37948,1.37948,1.37948,1.37948,0,1780178400.0,USDCAD
61,2026-05-30 22:05:00,1.37948,1.37948,1.37948,1.37948,0,1780178700.0,USDCAD
61,2026-05-30 22:10:00,1.37948,1.37948,1.37948,1.37948,0,1780179000.0,USDCAD
61,2026-05-30 22:15:00,1.37948,1.37948,1.37948,1.37948,0,1780179300.0,USDCAD
61,2026-05-30 22:20:00,1.37948,1.37948,1.37948,1.37948,0,1780179600.0,USDCAD
61,2026-05-30 22:25:00,1.37948,1.37948,1.37948,1.37948,0,1780179900.0,USDCAD
61,2026-05-30 22:30:00,1.37948,1.37948,1.37948,1.37948,0,1780180200.0,USDCAD
61,2026-05-30 22:35:00,1.37948,1.37948,1.37948,1.37948,0,1780180500.0,USDCAD
61,2026-05-30 22:40:00,1.37948,1.37948,1.37948,1.37948,0,1780180800.0,USDCAD
61,2026-05-30 22:45:00,1.37948,1.37948,1.37948,1.37948,0,1780181100.0,USDCAD
61,2026-05-30 22:50:00,1.37948,1.37948,1.37948,1.37948,0,1780181400.0,USDCAD
61,2026-05-30 22:55:00,1.37948,1.37948,1.37948,1.37948,0,1780181700.0,USDCAD
61,2026-05-30 23:00:00,1.37948,1.37948,1.37948,1.37948,0,1780182000.0,USDCAD
61,2026-05-30 23:05:00,1.37948,1.37948,1.37948,1.37948,0,1780182300.0,USDCAD
61,2026-05-30 23:10:00,1.37948,1.37948,1.37948,1.37948,0,1780182600.0,USDCAD
61,2026-05-30 23:15:00,1.37948,1.37948,1.37948,1.37948,0,1780182900.0,USDCAD
61,2026-05-30 23:20:00,1.37948,1.37948,1.37948,1.37948,0,1780183200.0,USDCAD
61,2026-05-30 23:25:00,1.37948,1.37948,1.37948,1.37948,0,1780183500.0,USDCAD
61,2026-05-30 23:30:00,1.37948,1.37948,1.37948,1.37948,0,1780183800.0,USDCAD
61,2026-05-30 23:35:00,1.37948,1.37948,1.37948,1.37948,0,1780184100.0,USDCAD
61,2026-05-30 23:40:00,1.37948,1.37948,1.37948,1.37948,0,1780184400.0,USDCAD
61,2026-05-30 23:45:00,1.37948,1.37948,1.37948,1.37948,0,1780184700.0,USDCAD
61,2026-05-30 23:50:00,1.37948,1.37948,1.37948,1.37948,0,1780185000.0,USDCAD
61,2026-05-30 23:55:00,1.37948,1.37948,1.37948,1.37948,0,1780185300.0,USDCAD
61,2026-05-31 00:00:00,1.37948,1.37948,1.37948,1.37948,0,1780185600.0,USDCAD
61,2026-05-31 00:05:00,1.37948,1.37948,1.37948,1.37948,0,1780185900.0,USDCAD
61,2026-05-31 00:10:00,1.37948,1.37948,1.37948,1.37948,0,1780186200.0,USDCAD
61,2026-05-31 00:15:00,1.37948,1.37948,1.37948,1.37948,0,1780186500.0,USDCAD
61,2026-05-31 00:20:00,1.37948,1.37948,1.37948,1.37948,0,1780186800.0,USDCAD
61,2026-05-31 00:25:00,1.37948,1.37948,1.37948,1.37948,0,1780187100.0,USDCAD
61,2026-05-31 00:30:00,1.37948,1.37948,1.37948,1.37948,0,1780187400.0,USDCAD
61,2026-05-31 00:35:00,1.37948,1.37948,1.37948,1.37948,0,1780187700.0,USDCAD
61,2026-05-31 00:40:00,1.37948,1.37948,1.37948,1.37948,0,1780188000.0,USDCAD
61,2026-05-31 00:45:00,1.37948,1.37948,1.37948,1.37948,0,1780188300.0,USDCAD
61,2026-05-31 00:50:00,1.37948,1.37948,1.37948,1.37948,0,1780188600.0,USDCAD
61,2026-05-31 00:55:00,1.37948,1.37948,1.37948,1.37948,0,1780188900.0,USDCAD
61,2026-05-31 01:00:00,1.37948,1.37948,1.37948,1.37948,0,1780189200.0,USDCAD
61,2026-05-31 01:05:00,1.37948,1.37948,1.37948,1.37948,0,1780189500.0,USDCAD
61,2026-05-31 01:10:00,1.37948,1.37948,1.37948,1.37948,0,1780189800.0,USDCAD
61,2026-05-31 01:15:00,1.37948,1.37948,1.37948,1.37948,0,1780190100.0,USDCAD
61,2026-05-31 01:20:00,1.37948,1.37948,1.37948,1.37948,0,1780190400.0,USDCAD
61,2026-05-31 01:25:00,1.37948,1.37948,1.37948,1.37948,0,1780190700.0,USDCAD
61,2026-05-31 01:30:00,1.37948,1.37948,1.37948,1.37948,0,1780191000.0,USDCAD
61,2026-05-31 01:35:00,1.37948,1.37948,1.37948,1.37948,0,1780191300.0,USDCAD
61,2026-05-31 01:40:00,1.37948,1.37948,1.37948,1.37948,0,1780191600.0,USDCAD
61,2026-05-31 01:45:00,1.37948,1.37948,1.37948,1.37948,0,1780191900.0,USDCAD
61,2026-05-31 01:50:00,1.37948,1.37948,1.37948,1.37948,0,1780192200.0,USDCAD
61,2026-05-31 01:55:00,1.37948,1.37948,1.37948,1.37948,0,1780192500.0,USDCAD
61,2026-05-31 02:00:00,1.37948,1.37948,1.37948,1.37948,0,1780192800.0,USDCAD
61,2026-05-31 02:05:00,1.37948,1.37948,1.37948,1.37948,0,1780193100.0,USDCAD
61,2026-05-31 02:10:00,1.37948,1.37948,1.37948,1.37948,0,1780193400.0,USDCAD
61,2026-05-31 02:15:00,1.37948,1.37948,1.37948,1.37948,0,1780193700.0,USDCAD
61,2026-05-31 02:20:00,1.37948,1.37948,1.37948,1.37948,0,1780194000.0,USDCAD
61,2026-05-31 02:25:00,1.37948,1.37948,1.37948,1.37948,0,1780194300.0,USDCAD
61,2026-05-31 02:30:00,1.37948,1.37948,1.37948,1.37948,0,1780194600.0,USDCAD
61,2026-05-31 02:35:00,1.37948,1.37948,1.37948,1.37948,0,1780194900.0,USDCAD
61,2026-05-31 02:40:00,1.37948,1.37948,1.37948,1.37948,0,1780195200.0,USDCAD
61,2026-05-31 02:45:00,1.37948,1.37948,1.37948,1.37948,0,1780195500.0,USDCAD
61,2026-05-31 02:50:00,1.37948,1.37948,1.37948,1.37948,0,1780195800.0,USDCAD
61,2026-05-31 02:55:00,1.37948,1.37948,1.37948,1.37948,0,1780196100.0,USDCAD
61,2026-05-31 03:00:00,1.37948,1.37948,1.37948,1.37948,0,1780196400.0,USDCAD
61,2026-05-31 03:05:00,1.37948,1.37948,1.37948,1.37948,0,1780196700.0,USDCAD
61,2026-05-31 03:10:00,1.37948,1.37948,1.37948,1.37948,0,1780197000.0,USDCAD
61,2026-05-31 03:15:00,1.37948,1.37948,1.37948,1.37948,0,1780197300.0,USDCAD
61,2026-05-31 03:20:00,1.37948,1.37948,1.37948,1.37948,0,1780197600.0,USDCAD
61,2026-05-31 03:25:00,1.37948,1.37948,1.37948,1.37948,0,1780197900.0,USDCAD
61,2026-05-31 03:30:00,1.37948,1.37948,1.37948,1.37948,0,1780198200.0,USDCAD
61,2026-05-31 03:35:00,1.37948,1.37948,1.37948,1.37948,0,1780198500.0,USDCAD
61,2026-05-31 03:40:00,1.37948,1.37948,1.37948,1.37948,0,1780198800.0,USDCAD
61,2026-05-31 03:45:00,1.37948,1.37948,1.37948,1.37948,0,1780199100.0,USDCAD
61,2026-05-31 03:50:00,1.37948,1.37948,1.37948,1.37948,0,1780199400.0,USDCAD
61,2026-05-31 03:55:00,1.37948,1.37948,1.37948,1.37948,0,1780199700.0,USDCAD
61,2026-05-31 04:00:00,1.37948,1.37948,1.37948,1.37948,0,1780200000.0,USDCAD
61,2026-05-31 04:05:00,1.37948,1.37948,1.37948,1.37948,0,1780200300.0,USDCAD
61,2026-05-31 04:10:00,1.37948,1.37948,1.37948,1.37948,0,1780200600.0,USDCAD
61,2026-05-31 04:15:00,1.37948,1.37948,1.37948,1.37948,0,1780200900.0,USDCAD
61,2026-05-31 04:20:00,1.37948,1.37948,1.37948,1.37948,0,1780201200.0,USDCAD
61,2026-05-31 04:25:00,1.37948,1.37948,1.37948,1.37948,0,1780201500.0,USDCAD
61,2026-05-31 04:30:00,1.37948,1.37948,1.37948,1.37948,0,1780201800.0,USDCAD
61,2026-05-31 04:35:00,1.37948,1.37948,1.37948,1.37948,0,1780202100.0,USDCAD
61,2026-05-31 04:40:00,1.37948,1.37948,1.37948,1.37948,0,1780202400.0,USDCAD
61,2026-05-31 04:45:00,1.37948,1.37948,1.37948,1.37948,0,1780202700.0,USDCAD
61,2026-05-31 04:50:00,1.37948,1.37948,1.37948,1.37948,0,1780203000.0,USDCAD
61,2026-05-31 04:55:00,1.37948,1.37948,1.37948,1.37948,0,1780203300.0,USDCAD
61,2026-05-31 05:00:00,1.37948,1.37948,1.37948,1.37948,0,1780203600.0,USDCAD
61,2026-05-31 05:05:00,1.37948,1.37948,1.37948,1.37948,0,1780203900.0,USDCAD
61,2026-05-31 05:10:00,1.37948,1.37948,1.37948,1.37948,0,1780204200.0,USDCAD
61,2026-05-31 05:15:00,1.37948,1.37948,1.37948,1.37948,0,1780204500.0,USDCAD
61,2026-05-31 05:20:00,1.37948,1.37948,1.37948,1.37948,0,1780204800.0,USDCAD
61,2026-05-31 05:25:00,1.37948,1.37948,1.37948,1.37948,0,1780205100.0,USDCAD
61,2026-05-31 05:30:00,1.37948,1.37948,1.37948,1.37948,0,1780205400.0,USDCAD
61,2026-05-31 05:35:00,1.37948,1.37948,1.37948,1.37948,0,1780205700.0,USDCAD
61,2026-05-31 05:40:00,1.37948,1.37948,1.37948,1.37948,0,1780206000.0,USDCAD
61,2026-05-31 05:45:00,1.37948,1.37948,1.37948,1.37948,0,1780206300.0,USDCAD
61,2026-05-31 05:50:00,1.37948,1.37948,1.37948,1.37948,0,1780206600.0,USDCAD
61,2026-05-31 05:55:00,1.37948,1.37948,1.37948,1.37948,0,1780206900.0,USDCAD
61,2026-05-31 06:00:00,1.37948,1.37948,1.37948,1.37948,0,1780207200.0,USDCAD
61,2026-05-31 06:05:00,1.37948,1.37948,1.37948,1.37948,0,1780207500.0,USDCAD
61,2026-05-31 06:10:00,1.37948,1.37948,1.37948,1.37948,0,1780207800.0,USDCAD
61,2026-05-31 06:15:00,1.37948,1.37948,1.37948,1.37948,0,1780208100.0,USDCAD
61,2026-05-31 06:20:00,1.37948,1.37948,1.37948,1.37948,0,1780208400.0,USDCAD
61,2026-05-31 06:25:00,1.37948,1.37948,1.37948,1.37948,0,1780208700.0,USDCAD
61,2026-05-31 06:30:00,1.37948,1.37948,1.37948,1.37948,0,1780209000.0,USDCAD
61,2026-05-31 06:35:00,1.37948,1.37948,1.37948,1.37948,0,1780209300.0,USDCAD
61,2026-05-31 06:40:00,1.37948,1.37948,1.37948,1.37948,0,1780209600.0,USDCAD
61,2026-05-31 06:45:00,1.37948,1.37948,1.37948,1.37948,0,1780209900.0,USDCAD
61,2026-05-31 06:50:00,1.37948,1.37948,1.37948,1.37948,0,1780210200.0,USDCAD
61,2026-05-31 06:55:00,1.37948,1.37948,1.37948,1.37948,0,1780210500.0,USDCAD
61,2026-05-31 07:00:00,1.37948,1.37948,1.37948,1.37948,0,1780210800.0,USDCAD
61,2026-05-31 07:05:00,1.37948,1.37948,1.37948,1.37948,0,1780211100.0,USDCAD
61,2026-05-31 07:10:00,1.37948,1.37948,1.37948,1.37948,0,1780211400.0,USDCAD
61,2026-05-31 07:15:00,1.37948,1.37948,1.37948,1.37948,0,1780211700.0,USDCAD
61,2026-05-31 07:20:00,1.37948,1.37948,1.37948,1.37948,0,1780212000.0,USDCAD
61,2026-05-31 07:25:00,1.37948,1.37948,1.37948,1.37948,0,1780212300.0,USDCAD
61,2026-05-31 07:30:00,1.37948,1.37948,1.37948,1.37948,0,1780212600.0,USDCAD
61,2026-05-31 07:35:00,1.37948,1.37948,1.37948,1.37948,0,1780212900.0,USDCAD
61,2026-05-31 07:40:00,1.37948,1.37948,1.37948,1.37948,0,1780213200.0,USDCAD
61,2026-05-31 07:45:00,1.37948,1.37948,1.37948,1.37948,0,1780213500.0,USDCAD
61,2026-05-31 07:50:00,1.37948,1.37948,1.37948,1.37948,0,1780213800.0,USDCAD
61,2026-05-31 07:55:00,1.37948,1.37948,1.37948,1.37948,0,1780214100.0,USDCAD
61,2026-05-31 08:00:00,1.37948,1.37948,1.37948,1.37948,0,1780214400.0,USDCAD
61,2026-05-31 08:05:00,1.37948,1.37948,1.37948,1.37948,0,1780214700.0,USDCAD
61,2026-05-31 08:10:00,1.37948,1.37948,1.37948,1.37948,0,1780215000.0,USDCAD
61,2026-05-31 08:15:00,1.37948,1.37948,1.37948,1.37948,0,1780215300.0,USDCAD
61,2026-05-31 08:20:00,1.37948,1.37948,1.37948,1.37948,0,1780215600.0,USDCAD
61,2026-05-31 08:25:00,1.37948,1.37948,1.37948,1.37948,0,1780215900.0,USDCAD
61,2026-05-31 08:30:00,1.37948,1.37948,1.37948,1.37948,0,1780216200.0,USDCAD
61,2026-05-31 08:35:00,1.37948,1.37948,1.37948,1.37948,0,1780216500.0,USDCAD
61,2026-05-31 08:40:00,1.37948,1.37948,1.37948,1.37948,0,1780216800.0,USDCAD
61,2026-05-31 08:45:00,1.37948,1.37948,1.37948,1.37948,0,1780217100.0,USDCAD
61,2026-05-31 08:50:00,1.37948,1.37948,1.37948,1.37948,0,1780217400.0,USDCAD
61,2026-05-31 08:55:00,1.37948,1.37948,1.37948,1.37948,0,1780217700.0,USDCAD
61,2026-05-31 09:00:00,1.37948,1.37948,1.37948,1.37948,0,1780218000.0,USDCAD
61,2026-05-31 09:05:00,1.37948,1.37948,1.37948,1.37948,0,1780218300.0,USDCAD
61,2026-05-31 09:10:00,1.37948,1.37948,1.37948,1.37948,0,1780218600.0,USDCAD
61,2026-05-31 09:15:00,1.37948,1.37948,1.37948,1.37948,0,1780218900.0,USDCAD
61,2026-05-31 09:20:00,1.37948,1.37948,1.37948,1.37948,0,1780219200.0,USDCAD
61,2026-05-31 09:25:00,1.37948,1.37948,1.37948,1.37948,0,1780219500.0,USDCAD
61,2026-05-31 09:30:00,1.37948,1.37948,1.37948,1.37948,0,1780219800.0,USDCAD
61,2026-05-31 09:35:00,1.37948,1.37948,1.37948,1.37948,0,1780220100.0,USDCAD
61,2026-05-31 09:40:00,1.37948,1.37948,1.37948,1.37948,0,1780220400.0,USDCAD
61,2026-05-31 09:45:00,1.37948,1.37948,1.37948,1.37948,0,1780220700.0,USDCAD
61,2026-05-31 09:50:00,1.37948,1.37948,1.37948,1.37948,0,1780221000.0,USDCAD
61,2026-05-31 09:55:00,1.37948,1.37948,1.37948,1.37948,0,1780221300.0,USDCAD
61,2026-05-31 10:00:00,1.37948,1.37948,1.37948,1.37948,0,1780221600.0,USDCAD
61,2026-05-31 10:05:00,1.37948,1.37948,1.37948,1.37948,0,1780221900.0,USDCAD
61,2026-05-31 10:10:00,1.37948,1.37948,1.37948,1.37948,0,1780222200.0,USDCAD
61,2026-05-31 10:15:00,1.37948,1.37948,1.37948,1.37948,0,1780222500.0,USDCAD
61,2026-05-31 10:20:00,1.37948,1.37948,1.37948,1.37948,0,1780222800.0,USDCAD
61,2026-05-31 10:25:00,1.37948,1.37948,1.37948,1.37948,0,1780223100.0,USDCAD
61,2026-05-31 10:30:00,1.37948,1.37948,1.37948,1.37948,0,1780223400.0,USDCAD
61,2026-05-31 10:35:00,1.37948,1.37948,1.37948,1.37948,0,1780223700.0,USDCAD
61,2026-05-31 10:40:00,1.37948,1.37948,1.37948,1.37948,0,1780224000.0,USDCAD
61,2026-05-31 10:45:00,1.37948,1.37948,1.37948,1.37948,0,1780224300.0,USDCAD
61,2026-05-31 10:50:00,1.37948,1.37948,1.37948,1.37948,0,1780224600.0,USDCAD
61,2026-05-31 10:55:00,1.37948,1.37948,1.37948,1.37948,0,1780224900.0,USDCAD
61,2026-05-31 11:00:00,1.37948,1.37948,1.37948,1.37948,0,1780225200.0,USDCAD
61,2026-05-31 11:05:00,1.37948,1.37948,1.37948,1.37948,0,1780225500.0,USDCAD
61,2026-05-31 11:10:00,1.37948,1.37948,1.37948,1.37948,0,1780225800.0,USDCAD
61,2026-05-31 11:15:00,1.37948,1.37948,1.37948,1.37948,0,1780226100.0,USDCAD
61,2026-05-31 11:20:00,1.37948,1.37948,1.37948,1.37948,0,1780226400.0,USDCAD
61,2026-05-31 11:25:00,1.37948,1.37948,1.37948,1.37948,0,1780226700.0,USDCAD
61,2026-05-31 11:30:00,1.37948,1.37948,1.37948,1.37948,0,1780227000.0,USDCAD
61,2026-05-31 11:35:00,1.37948,1.37948,1.37948,1.37948,0,1780227300.0,USDCAD
61,2026-05-31 11:40:00,1.37948,1.37948,1.37948,1.37948,0,1780227600.0,USDCAD
61,2026-05-31 11:45:00,1.37948,1.37948,1.37948,1.37948,0,1780227900.0,USDCAD
61,2026-05-31 11:50:00,1.37948,1.37948,1.37948,1.37948,0,1780228200.0,USDCAD
61,2026-05-31 11:55:00,1.37948,1.37948,1.37948,1.37948,0,1780228500.0,USDCAD
61,2026-05-31 12:00:00,1.37948,1.37948,1.37948,1.37948,0,1780228800.0,USDCAD
61,2026-05-31 12:05:00,1.37948,1.37948,1.37948,1.37948,0,1780229100.0,USDCAD
61,2026-05-31 12:10:00,1.37948,1.37948,1.37948,1.37948,0,1780229400.0,USDCAD
61,2026-05-31 12:15:00,1.37948,1.37948,1.37948,1.37948,0,1780229700.0,USDCAD
61,2026-05-31 12:20:00,1.37948,1.37948,1.37948,1.37948,0,1780230000.0,USDCAD
61,2026-05-31 12:25:00,1.37948,1.37948,1.37948,1.37948,0,1780230300.0,USDCAD
61,2026-05-31 12:30:00,1.37948,1.37948,1.37948,1.37948,0,1780230600.0,USDCAD
61,2026-05-31 12:35:00,1.37948,1.37948,1.37948,1.37948,0,1780230900.0,USDCAD
61,2026-05-31 12:40:00,1.37948,1.37948,1.37948,1.37948,0,1780231200.0,USDCAD
61,2026-05-31 12:45:00,1.37948,1.37948,1.37948,1.37948,0,1780231500.0,USDCAD
61,2026-05-31 12:50:00,1.37948,1.37948,1.37948,1.37948,0,1780231800.0,USDCAD
61,2026-05-31 12:55:00,1.37948,1.37948,1.37948,1.37948,0,1780232100.0,USDCAD
61,2026-05-31 13:00:00,1.37948,1.37948,1.37948,1.37948,0,1780232400.0,USDCAD
61,2026-05-31 13:05:00,1.37948,1.37948,1.37948,1.37948,0,1780232700.0,USDCAD
61,2026-05-31 13:10:00,1.37948,1.37948,1.37948,1.37948,0,1780233000.0,USDCAD
61,2026-05-31 13:15:00,1.37948,1.37948,1.37948,1.37948,0,1780233300.0,USDCAD
61,2026-05-31 13:20:00,1.37948,1.37948,1.37948,1.37948,0,1780233600.0,USDCAD
61,2026-05-31 13:25:00,1.37948,1.37948,1.37948,1.37948,0,1780233900.0,USDCAD
61,2026-05-31 13:30:00,1.37948,1.37948,1.37948,1.37948,0,1780234200.0,USDCAD
61,2026-05-31 13:35:00,1.37948,1.37948,1.37948,1.37948,0,1780234500.0,USDCAD
61,2026-05-31 13:40:00,1.37948,1.37948,1.37948,1.37948,0,1780234800.0,USDCAD
61,2026-05-31 13:45:00,1.37948,1.37948,1.37948,1.37948,0,1780235100.0,USDCAD
61,2026-05-31 13:50:00,1.37948,1.37948,1.37948,1.37948,0,1780235400.0,USDCAD
61,2026-05-31 13:55:00,1.37948,1.37948,1.37948,1.37948,0,1780235700.0,USDCAD
61,2026-05-31 14:00:00,1.37948,1.37948,1.37948,1.37948,0,1780236000.0,USDCAD
61,2026-05-31 14:05:00,1.37948,1.37948,1.37948,1.37948,0,1780236300.0,USDCAD
61,2026-05-31 14:10:00,1.37948,1.37948,1.37948,1.37948,0,1780236600.0,USDCAD
61,2026-05-31 14:15:00,1.37948,1.37948,1.37948,1.37948,0,1780236900.0,USDCAD
61,2026-05-31 14:20:00,1.37948,1.37948,1.37948,1.37948,0,1780237200.0,USDCAD
61,2026-05-31 14:25:00,1.37948,1.37948,1.37948,1.37948,0,1780237500.0,USDCAD
61,2026-05-31 14:30:00,1.37948,1.37948,1.37948,1.37948,0,1780237800.0,USDCAD
61,2026-05-31 14:35:00,1.37948,1.37948,1.37948,1.37948,0,1780238100.0,USDCAD
61,2026-05-31 14:40:00,1.37948,1.37948,1.37948,1.37948,0,1780238400.0,USDCAD
61,2026-05-31 14:45:00,1.37948,1.37948,1.37948,1.37948,0,1780238700.0,USDCAD
61,2026-05-31 14:50:00,1.37948,1.37948,1.37948,1.37948,0,1780239000.0,USDCAD
61,2026-05-31 14:55:00,1.37948,1.37948,1.37948,1.37948,0,1780239300.0,USDCAD
61,2026-05-31 15:00:00,1.37948,1.37948,1.37948,1.37948,0,1780239600.0,USDCAD
61,2026-05-31 15:05:00,1.37948,1.37948,1.37948,1.37948,0,1780239900.0,USDCAD
61,2026-05-31 15:10:00,1.37948,1.37948,1.37948,1.37948,0,1780240200.0,USDCAD
61,2026-05-31 15:15:00,1.37948,1.37948,1.37948,1.37948,0,1780240500.0,USDCAD
61,2026-05-31 15:20:00,1.37948,1.37948,1.37948,1.37948,0,1780240800.0,USDCAD
61,2026-05-31 15:25:00,1.37948,1.37948,1.37948,1.37948,0,1780241100.0,USDCAD
61,2026-05-31 15:30:00,1.37948,1.37948,1.37948,1.37948,0,1780241400.0,USDCAD
61,2026-05-31 15:35:00,1.37948,1.37948,1.37948,1.37948,0,1780241700.0,USDCAD
61,2026-05-31 15:40:00,1.37948,1.37948,1.37948,1.37948,0,1780242000.0,USDCAD
61,2026-05-31 15:45:00,1.37948,1.37948,1.37948,1.37948,0,1780242300.0,USDCAD
61,2026-05-31 15:50:00,1.37948,1.37948,1.37948,1.37948,0,1780242600.0,USDCAD
61,2026-05-31 15:55:00,1.37948,1.37948,1.37948,1.37948,0,1780242900.0,USDCAD
61,2026-05-31 16:00:00,1.37948,1.37948,1.37948,1.37948,0,1780243200.0,USDCAD
61,2026-05-31 16:05:00,1.37948,1.37948,1.37948,1.37948,0,1780243500.0,USDCAD
61,2026-05-31 16:10:00,1.37948,1.37948,1.37948,1.37948,0,1780243800.0,USDCAD
61,2026-05-31 16:15:00,1.37948,1.37948,1.37948,1.37948,0,1780244100.0,USDCAD
61,2026-05-31 16:20:00,1.37948,1.37948,1.37948,1.37948,0,1780244400.0,USDCAD
61,2026-05-31 16:25:00,1.37948,1.37948,1.37948,1.37948,0,1780244700.0,USDCAD
61,2026-05-31 16:30:00,1.37948,1.37948,1.37948,1.37948,0,1780245000.0,USDCAD
61,2026-05-31 16:35:00,1.37948,1.37948,1.37948,1.37948,0,1780245300.0,USDCAD
61,2026-05-31 16:40:00,1.37948,1.37948,1.37948,1.37948,0,1780245600.0,USDCAD
61,2026-05-31 16:45:00,1.37948,1.37948,1.37948,1.37948,0,1780245900.0,USDCAD
61,2026-05-31 16:50:00,1.37948,1.37948,1.37948,1.37948,0,1780246200.0,USDCAD
61,2026-05-31 16:55:00,1.37948,1.37948,1.37948,1.37948,0,1780246500.0,USDCAD
61,2026-05-31 17:00:00,1.37948,1.37948,1.37948,1.37948,0,1780246800.0,USDCAD
61,2026-05-31 17:05:00,1.37948,1.37948,1.37948,1.37948,0,1780247100.0,USDCAD
61,2026-05-31 17:10:00,1.37948,1.37948,1.37948,1.37948,0,1780247400.0,USDCAD
61,2026-05-31 17:15:00,1.37948,1.37948,1.37948,1.37948,0,1780247700.0,USDCAD
61,2026-05-31 17:20:00,1.37948,1.37948,1.37948,1.37948,0,1780248000.0,USDCAD
61,2026-05-31 17:25:00,1.37948,1.37948,1.37948,1.37948,0,1780248300.0,USDCAD
61,2026-05-31 17:30:00,1.37948,1.37948,1.37948,1.37948,0,1780248600.0,USDCAD
61,2026-05-31 17:35:00,1.37948,1.37948,1.37948,1.37948,0,1780248900.0,USDCAD
61,2026-05-31 17:40:00,1.37948,1.37948,1.37948,1.37948,0,1780249200.0,USDCAD
61,2026-05-31 17:45:00,1.37948,1.37948,1.37948,1.37948,0,1780249500.0,USDCAD
61,2026-05-31 17:50:00,1.37948,1.37948,1.37948,1.37948,0,1780249800.0,USDCAD
61,2026-05-31 17:55:00,1.37948,1.37948,1.37948,1.37948,0,1780250100.0,USDCAD
61,2026-05-31 18:00:00,1.37948,1.37948,1.37948,1.37948,0,1780250400.0,USDCAD
61,2026-05-31 18:05:00,1.37948,1.37948,1.37948,1.37948,0,1780250700.0,USDCAD
61,2026-05-31 18:10:00,1.37948,1.37948,1.37948,1.37948,0,1780251000.0,USDCAD
61,2026-05-31 18:15:00,1.37948,1.37948,1.37948,1.37948,0,1780251300.0,USDCAD
61,2026-05-31 18:20:00,1.37948,1.37948,1.37948,1.37948,0,1780251600.0,USDCAD
61,2026-05-31 18:25:00,1.37948,1.37948,1.37948,1.37948,0,1780251900.0,USDCAD
61,2026-05-31 18:30:00,1.37948,1.37948,1.37948,1.37948,0,1780252200.0,USDCAD
61,2026-05-31 18:35:00,1.37948,1.37948,1.37948,1.37948,0,1780252500.0,USDCAD
61,2026-05-31 18:40:00,1.37948,1.37948,1.37948,1.37948,0,1780252800.0,USDCAD
61,2026-05-31 18:45:00,1.37948,1.37948,1.37948,1.37948,0,1780253100.0,USDCAD
61,2026-05-31 18:50:00,1.37948,1.37948,1.37948,1.37948,0,1780253400.0,USDCAD
61,2026-05-31 18:55:00,1.37948,1.37948,1.37948,1.37948,0,1780253700.0,USDCAD
61,2026-05-31 19:00:00,1.37948,1.37948,1.37948,1.37948,0,1780254000.0,USDCAD
61,2026-05-31 19:05:00,1.37948,1.37948,1.37948,1.37948,0,1780254300.0,USDCAD
61,2026-05-31 19:10:00,1.37948,1.37948,1.37948,1.37948,0,1780254600.0,USDCAD
61,2026-05-31 19:15:00,1.37948,1.37948,1.37948,1.37948,0,1780254900.0,USDCAD
61,2026-05-31 19:20:00,1.37948,1.37948,1.37948,1.37948,0,1780255200.0,USDCAD
61,2026-05-31 19:25:00,1.37948,1.37948,1.37948,1.37948,0,1780255500.0,USDCAD
61,2026-05-31 19:30:00,1.37948,1.37948,1.37948,1.37948,0,1780255800.0,USDCAD
61,2026-05-31 19:35:00,1.37948,1.37948,1.37948,1.37948,0,1780256100.0,USDCAD
61,2026-05-31 19:40:00,1.37948,1.37948,1.37948,1.37948,0,1780256400.0,USDCAD
61,2026-05-31 19:45:00,1.37948,1.37948,1.37948,1.37948,0,1780256700.0,USDCAD
61,2026-05-31 19:50:00,1.37948,1.37948,1.37948,1.37948,0,1780257000.0,USDCAD
61,2026-05-31 19:55:00,1.37948,1.37948,1.37948,1.37948,0,1780257300.0,USDCAD
61,2026-05-31 20:00:00,1.37948,1.37948,1.37948,1.37948,0,1780257600.0,USDCAD
61,2026-05-31 20:05:00,1.37948,1.37948,1.37948,1.37948,0,1780257900.0,USDCAD
61,2026-05-31 20:10:00,1.38017,1.38034,1.38034,1.38017,253,1780258499.004,USDCAD
61,2026-05-31 20:15:00,1.38034,1.38082,1.38082,1.38034,269,1780258785.004,USDCAD
61,2026-05-31 20:20:00,1.38082,1.38082,1.38082,1.38082,0,1780258800.0,USDCAD
61,2026-05-31 20:25:00,1.38082,1.38082,1.38082,1.38082,0,1780259100.0,USDCAD
61,2026-05-31 20:30:00,1.38082,1.38082,1.38082,1.38082,0,1780259400.0,USDCAD
61,2026-05-31 20:35:00,1.38082,1.38082,1.38082,1.38082,0,1780259700.0,USDCAD
61,2026-05-31 20:40:00,1.37985,1.37985,1.37985,1.37985,298,1780260299.009,USDCAD
61,2026-05-31 20:45:00,1.37985,1.37985,1.37985,1.37985,300,1780260599.037,USDCAD
61,2026-05-31 20:50:00,1.37985,1.38017,1.38017,1.37985,272,1780260899.016,USDCAD
61,2026-05-31 20:55:00,1.38017,1.38002,1.38017,1.38002,300,1780261199.094,USDCAD
61,2026-05-31 21:00:00,1.38002,1.38002,1.38002,1.38002,280,1780261499.027,USDCAD
61,2026-05-31 21:05:00,1.38002,1.37995,1.38015,1.37991,298,1780261799.023,USDCAD
61,2026-05-31 21:10:00,1.37995,1.37983,1.37995,1.37983,309,1780262099.043,USDCAD
61,2026-05-31 21:15:00,1.37983,1.37973,1.37987,1.37957,294,1780262399.041,USDCAD
61,2026-05-31 21:20:00,1.37973,1.37969,1.37981,1.37963,311,1780262699.094,USDCAD
61,2026-05-31 21:25:00,1.37969,1.37978,1.37979,1.37964,310,1780262999.015,USDCAD
61,2026-05-31 21:30:00,1.37978,1.37953,1.37999,1.37946,393,1780263299.013,USDCAD
61,2026-05-31 21:35:00,1.37953,1.37934,1.37958,1.37926,348,1780263599.025,USDCAD
61,2026-05-31 21:40:00,1.37934,1.37928,1.37938,1.37927,321,1780263899.028,USDCAD
61,2026-05-31 21:45:00,1.37928,1.38016,1.38016,1.37928,327,1780264199.003,USDCAD
61,2026-05-31 21:50:00,1.38016,1.38019,1.38031,1.38004,484,1780264499.094,USDCAD
61,2026-05-31 21:55:00,1.38019,1.37972,1.38025,1.37969,350,1780264799.994,USDCAD
61,2026-05-31 22:00:00,1.37971,1.38009,1.38009,1.37967,440,1780265099.511,USDCAD
61,2026-05-31 22:05:00,1.38009,1.3802,1.38021,1.38001,372,1780265399.04,USDCAD
61,2026-05-31 22:10:00,1.3802,1.37992,1.38022,1.37982,409,1780265699.04,USDCAD
61,2026-05-31 22:15:00,1.37992,1.37976,1.37993,1.37973,329,1780265999.032,USDCAD
61,2026-05-31 22:20:00,1.37976,1.37978,1.3798,1.37966,356,1780266299.32,USDCAD
61,2026-05-31 22:25:00,1.37978,1.37983,1.37987,1.37977,353,1780266598.033,USDCAD
61,2026-05-31 22:30:00,1.37983,1.37989,1.3799,1.37977,375,1780266899.031,USDCAD
61,2026-05-31 22:35:00,1.37989,1.37993,1.37994,1.37981,378,1780267199.018,USDCAD
61,2026-05-31 22:40:00,1.37993,1.37987,1.37995,1.37985,351,1780267499.993,USDCAD
61,2026-05-31 22:45:00,1.37987,1.37976,1.37987,1.37974,344,1780267799.092,USDCAD
61,2026-05-31 22:50:00,1.37976,1.37975,1.37979,1.37975,336,1780268099.093,USDCAD
61,2026-05-31 22:55:00,1.37975,1.37956,1.3798,1.37953,427,1780268399.033,USDCAD
61,2026-05-31 23:00:00,1.37956,1.37957,1.37984,1.37955,525,1780268699.029,USDCAD
61,2026-05-31 23:05:00,1.37957,1.37956,1.37965,1.37954,372,1780268999.094,USDCAD
61,2026-05-31 23:10:00,1.37956,1.37959,1.37962,1.37955,338,1780269299.033,USDCAD
61,2026-05-31 23:15:00,1.37959,1.37965,1.37968,1.37958,336,1780269599.193,USDCAD
61,2026-05-31 23:20:00,1.37965,1.37965,1.37967,1.37959,356,1780269899.039,USDCAD
61,2026-05-31 23:25:00,1.37965,1.37956,1.37967,1.37955,346,1780270198.025,USDCAD
61,2026-05-31 23:30:00,1.37956,1.37962,1.37966,1.37954,365,1780270499.009,USDCAD
61,2026-05-31 23:35:00,1.37962,1.37961,1.37962,1.37959,352,1780270799.092,USDCAD
61,2026-05-31 23:40:00,1.37961,1.37948,1.37962,1.37946,355,1780271099.093,USDCAD
61,2026-05-31 23:45:00,1.37948,1.37916,1.37948,1.37896,985,1780271399.918,USDCAD
61,2026-05-31 23:50:00,1.37916,1.37956,1.37956,1.37915,449,1780271699.024,USDCAD
61,2026-05-31 23:55:00,1.37956,1.37974,1.37975,1.3795,517,1780271999.094,USDCAD
61,2026-06-01 00:00:00,1.37974,1.37989,1.38007,1.37972,686,1780272299.024,USDCAD
61,2026-06-01 00:05:00,1.37989,1.37994,1.38003,1.37982,580,1780272599.041,USDCAD
61,2026-06-01 00:10:00,1.37994,1.38014,1.38018,1.37988,512,1780272899.943,USDCAD
61,2026-06-01 00:15:00,1.38014,1.38023,1.38026,1.37996,754,1780273199.823,USDCAD
61,2026-06-01 00:20:00,1.38022,1.38043,1.38052,1.38021,911,1780273499.82,USDCAD
61,2026-06-01 00:25:00,1.38043,1.38044,1.38062,1.38042,1257,1780273799.002,USDCAD
61,2026-06-01 00:30:00,1.38044,1.38053,1.38054,1.38034,1323,1780274099.415,USDCAD
61,2026-06-01 00:35:00,1.38053,1.38055,1.38064,1.38047,954,1780274399.027,USDCAD
61,2026-06-01 00:40:00,1.38055,1.38058,1.38064,1.38055,668,1780274699.006,USDCAD
61,2026-06-01 00:45:00,1.38058,1.38057,1.38061,1.38048,624,1780274999.294,USDCAD
61,2026-06-01 00:50:00,1.38057,1.38058,1.38062,1.38041,626,1780275299.794,USDCAD
61,2026-06-01 00:55:00,1.38058,1.38048,1.38068,1.38036,511,1780275599.034,USDCAD
61,2026-06-01 01:00:00,1.38048,1.38092,1.38097,1.38044,585,1780275899.993,USDCAD
61,2026-06-01 01:05:00,1.38091,1.3808,1.38098,1.38077,1133,1780276199.993,USDCAD
61,2026-06-01 01:10:00,1.3808,1.38076,1.38088,1.3807,1384,1780276499.734,USDCAD
61,2026-06-01 01:15:00,1.38076,1.38084,1.38087,1.38075,1150,1780276799.009,USDCAD
61,2026-06-01 01:20:00,1.38083,1.38071,1.38084,1.38062,842,1780277099.015,USDCAD
61,2026-06-01 01:25:00,1.38071,1.38083,1.38084,1.38068,766,1780277399.82,USDCAD
61,2026-06-01 01:30:00,1.38083,1.38077,1.38091,1.38074,904,1780277699.795,USDCAD
61,2026-06-01 01:35:00,1.38077,1.38082,1.38082,1.38067,760,1780277999.509,USDCAD
61,2026-06-01 01:40:00,1.38082,1.38082,1.38089,1.38076,823,1780278299.294,USDCAD
61,2026-06-01 01:45:00,1.38082,1.38089,1.38091,1.38075,542,1780278599.013,USDCAD
61,2026-06-01 01:50:00,1.38089,1.38079,1.38096,1.38072,728,1780278899.993,USDCAD
61,2026-06-01 01:55:00,1.38079,1.38087,1.38092,1.38079,526,1780279199.193,USDCAD
61,2026-06-01 02:00:00,1.38087,1.38077,1.38089,1.38077,447,1780279499.494,USDCAD
61,2026-06-01 02:05:00,1.38077,1.38077,1.38079,1.38061,443,1780279799.031,USDCAD
61,2026-06-01 02:10:00,1.38077,1.38078,1.38084,1.38072,418,1780280099.092,USDCAD
61,2026-06-01 02:15:00,1.38078,1.38077,1.38079,1.38072,418,1780280399.017,USDCAD
61,2026-06-01 02:20:00,1.38077,1.38088,1.3809,1.38077,409,1780280699.011,USDCAD
61,2026-06-01 02:25:00,1.38088,1.38098,1.38098,1.38087,423,1780280999.018,USDCAD
61,2026-06-01 02:30:00,1.38098,1.38096,1.38115,1.38095,609,1780281299.008,USDCAD
61,2026-06-01 02:35:00,1.38096,1.38092,1.38097,1.38087,557,1780281599.805,USDCAD
61,2026-06-01 02:40:00,1.38092,1.38105,1.38108,1.38091,668,1780281899.042,USDCAD
61,2026-06-01 02:45:00,1.38105,1.38106,1.38118,1.38101,555,1780282199.936,USDCAD
61,2026-06-01 02:50:00,1.38106,1.38101,1.38111,1.38099,569,1780282499.03,USDCAD
61,2026-06-01 02:55:00,1.38101,1.3809,1.38103,1.38088,466,1780282799.026,USDCAD
61,2026-06-01 03:00:00,1.3809,1.38081,1.38094,1.38072,451,1780283099.045,USDCAD
61,2026-06-01 03:05:00,1.38081,1.38089,1.38092,1.38078,391,1780283399.093,USDCAD
61,2026-06-01 03:10:00,1.38089,1.38094,1.38094,1.38087,440,1780283699.111,USDCAD
61,2026-06-01 03:15:00,1.38094,1.38118,1.38123,1.38089,532,1780283999.005,USDCAD
61,2026-06-01 03:20:00,1.38118,1.38108,1.38118,1.38104,538,1780284299.02,USDCAD
61,2026-06-01 03:25:00,1.38108,1.38078,1.38108,1.38077,476,1780284599.037,USDCAD
61,2026-06-01 03:30:00,1.38078,1.38091,1.38092,1.38073,461,1780284899.094,USDCAD
61,2026-06-01 03:35:00,1.38091,1.38101,1.38108,1.3809,631,1780285199.094,USDCAD
61,2026-06-01 03:40:00,1.38101,1.38125,1.38129,1.38099,517,1780285499.004,USDCAD
61,2026-06-01 03:45:00,1.38125,1.38122,1.38126,1.38114,523,1780285799.03,USDCAD
61,2026-06-01 03:50:00,1.38122,1.38116,1.38123,1.38115,626,1780286099.294,USDCAD
61,2026-06-01 03:55:00,1.38117,1.38135,1.38138,1.38109,500,1780286399.694,USDCAD
61,2026-06-01 04:00:00,1.38135,1.38123,1.38138,1.38118,637,1780286699.093,USDCAD
61,2026-06-01 04:05:00,1.38123,1.38114,1.38125,1.38105,398,1780286999.893,USDCAD
61,2026-06-01 04:10:00,1.38114,1.38109,1.38118,1.38108,399,1780287299.028,USDCAD
61,2026-06-01 04:15:00,1.38109,1.38094,1.3811,1.38092,373,1780287599.044,USDCAD
61,2026-06-01 04:20:00,1.38094,1.38098,1.38104,1.38092,374,1780287899.035,USDCAD
61,2026-06-01 04:25:00,1.38098,1.38092,1.38104,1.38091,381,1780288199.013,USDCAD
61,2026-06-01 04:30:00,1.38092,1.38098,1.38098,1.38091,391,1780288499.016,USDCAD
61,2026-06-01 04:35:00,1.38098,1.38089,1.38099,1.38088,384,1780288798.033,USDCAD
61,2026-06-01 04:40:00,1.38089,1.3809,1.38091,1.38086,390,1780289099.008,USDCAD
61,2026-06-01 04:45:00,1.3809,1.38097,1.38098,1.38089,402,1780289399.015,USDCAD
61,2026-06-01 04:50:00,1.38097,1.38097,1.38103,1.38094,422,1780289699.012,USDCAD
61,2026-06-01 04:55:00,1.38097,1.38084,1.38108,1.38083,411,1780289999.694,USDCAD
61,2026-06-01 05:00:00,1.38084,1.38077,1.38092,1.38064,507,1780290299.027,USDCAD
61,2026-06-01 05:05:00,1.38077,1.38074,1.38082,1.38072,454,1780290599.093,USDCAD
61,2026-06-01 05:10:00,1.38074,1.38068,1.38082,1.38065,439,1780290899.034,USDCAD
61,2026-06-01 05:15:00,1.38068,1.38078,1.38082,1.38067,410,1780291199.994,USDCAD
61,2026-06-01 05:20:00,1.38079,1.38071,1.38082,1.3807,407,1780291499.012,USDCAD
61,2026-06-01 05:25:00,1.38071,1.38089,1.3809,1.38071,396,1780291799.028,USDCAD
61,2026-06-01 05:30:00,1.38089,1.3809,1.38093,1.38079,406,1780292099.005,USDCAD
61,2026-06-01 05:35:00,1.3809,1.38091,1.38095,1.38088,409,1780292399.024,USDCAD
61,2026-06-01 05:40:00,1.38091,1.38088,1.38096,1.38088,413,1780292699.029,USDCAD
61,2026-06-01 05:45:00,1.38089,1.38085,1.38096,1.38081,413,1780292999.033,USDCAD
61,2026-06-01 05:50:00,1.38085,1.38084,1.38089,1.38077,455,1780293299.039,USDCAD
61,2026-06-01 05:55:00,1.38084,1.38091,1.38092,1.38081,424,1780293599.919,USDCAD
61,2026-06-01 06:00:00,1.38091,1.38057,1.38091,1.38051,576,1780293899.034,USDCAD
61,2026-06-01 06:05:00,1.38057,1.38025,1.38063,1.38023,601,1780294199.093,USDCAD
61,2026-06-01 06:10:00,1.38025,1.3804,1.38053,1.38022,586,1780294499.018,USDCAD
61,2026-06-01 06:15:00,1.3804,1.38021,1.38043,1.38017,498,1780294799.032,USDCAD
61,2026-06-01 06:20:00,1.38022,1.38041,1.38041,1.38022,469,1780295099.035,USDCAD
61,2026-06-01 06:25:00,1.38041,1.38046,1.38051,1.38037,569,1780295399.093,USDCAD
61,2026-06-01 06:30:00,1.38045,1.38061,1.38065,1.38041,558,1780295699.592,USDCAD
61,2026-06-01 06:35:00,1.38061,1.38071,1.38086,1.38058,615,1780295999.393,USDCAD
61,2026-06-01 06:40:00,1.38071,1.38068,1.38083,1.38065,497,1780296299.012,USDCAD
61,2026-06-01 06:45:00,1.38068,1.38056,1.38073,1.38052,588,1780296599.034,USDCAD
61,2026-06-01 06:50:00,1.38056,1.38058,1.38071,1.38049,560,1780296899.031,USDCAD
61,2026-06-01 06:55:00,1.38058,1.38043,1.38058,1.38036,537,1780297199.037,USDCAD
61,2026-06-01 07:00:00,1.38044,1.38062,1.3807,1.38044,627,1780297499.895,USDCAD
61,2026-06-01 07:05:00,1.38062,1.38058,1.38077,1.38046,613,1780297799.014,USDCAD
61,2026-06-01 07:10:00,1.38058,1.38066,1.38071,1.3805,525,1780298099.093,USDCAD
61,2026-06-01 07:15:00,1.38066,1.38068,1.38075,1.38058,508,1780298399.094,USDCAD
61,2026-06-01 07:20:00,1.38068,1.38103,1.38108,1.38063,596,1780298699.894,USDCAD
61,2026-06-01 07:25:00,1.38103,1.3811,1.38119,1.38099,646,1780298999.003,USDCAD
61,2026-06-01 07:30:00,1.3811,1.38124,1.38126,1.38106,543,1780299299.018,USDCAD
61,2026-06-01 07:35:00,1.38124,1.38156,1.38159,1.38123,503,1780299599.013,USDCAD
61,2026-06-01 07:40:00,1.38156,1.38178,1.38183,1.38156,597,1780299899.694,USDCAD
61,2026-06-01 07:45:00,1.38178,1.38163,1.38203,1.38161,580,1780300199.038,USDCAD
61,2026-06-01 07:50:00,1.38163,1.38132,1.38167,1.38129,607,1780300499.011,USDCAD
61,2026-06-01 07:55:00,1.38132,1.38145,1.3815,1.3813,527,1780300799.011,USDCAD
61,2026-06-01 08:00:00,1.38145,1.38157,1.38159,1.38132,631,1780301099.022,USDCAD
61,2026-06-01 08:05:00,1.38157,1.38162,1.38174,1.38156,556,1780301399.037,USDCAD
61,2026-06-01 08:10:00,1.38163,1.38168,1.38184,1.38151,693,1780301699.993,USDCAD
61,2026-06-01 08:15:00,1.38168,1.38171,1.38177,1.38158,551,1780301999.008,USDCAD
61,2026-06-01 08:20:00,1.38171,1.38189,1.3819,1.3817,653,1780302299.093,USDCAD
61,2026-06-01 08:25:00,1.38189,1.38168,1.3819,1.38168,486,1780302599.195,USDCAD
61,2026-06-01 08:30:00,1.38168,1.38162,1.38175,1.38151,549,1780302899.015,USDCAD
61,2026-06-01 08:35:00,1.38162,1.38149,1.38165,1.38148,454,1780303199.017,USDCAD
61,2026-06-01 08:40:00,1.38149,1.38153,1.38167,1.38148,476,1780303499.922,USDCAD
61,2026-06-01 08:45:00,1.38155,1.38178,1.3819,1.38153,543,1780303799.01,USDCAD
61,2026-06-01 08:50:00,1.38178,1.3817,1.38179,1.38153,519,1780304099.023,USDCAD
61,2026-06-01 08:55:00,1.3817,1.38152,1.38182,1.3815,497,1780304399.71,USDCAD
61,2026-06-01 09:00:00,1.38152,1.38149,1.38152,1.38121,555,1780304699.019,USDCAD
61,2026-06-01 09:05:00,1.38149,1.38184,1.38184,1.38145,526,1780304999.023,USDCAD
61,2026-06-01 09:10:00,1.38184,1.38184,1.38204,1.38181,590,1780305299.51,USDCAD
61,2026-06-01 09:15:00,1.38184,1.38195,1.38203,1.38181,582,1780305599.003,USDCAD
61,2026-06-01 09:20:00,1.38195,1.38206,1.38216,1.38193,524,1780305899.035,USDCAD
61,2026-06-01 09:25:00,1.38206,1.38207,1.38228,1.38204,539,1780306199.093,USDCAD
61,2026-06-01 09:30:00,1.38207,1.38213,1.38223,1.38193,503,1780306499.036,USDCAD
61,2026-06-01 09:35:00,1.38213,1.38214,1.38219,1.38208,581,1780306799.035,USDCAD
61,2026-06-01 09:40:00,1.38214,1.38215,1.38217,1.38194,595,1780307099.516,USDCAD
61,2026-06-01 09:45:00,1.38215,1.38214,1.38227,1.38197,556,1780307399.045,USDCAD
61,2026-06-01 09:50:00,1.38214,1.38207,1.38224,1.38206,603,1780307699.006,USDCAD
61,2026-06-01 09:55:00,1.38207,1.38187,1.38216,1.38186,622,1780307999.011,USDCAD
61,2026-06-01 10:00:00,1.38187,1.38184,1.38199,1.38182,629,1780308299.004,USDCAD
61,2026-06-01 10:05:00,1.38184,1.38185,1.38188,1.38175,428,1780308599.025,USDCAD
61,2026-06-01 10:10:00,1.38185,1.38187,1.3819,1.38172,498,1780308899.893,USDCAD
61,2026-06-01 10:15:00,1.38187,1.38226,1.38228,1.38186,567,1780309199.595,USDCAD
61,2026-06-01 10:20:00,1.38227,1.38201,1.38232,1.38201,591,1780309499.041,USDCAD
61,2026-06-01 10:25:00,1.38202,1.38204,1.38207,1.38191,564,1780309799.014,USDCAD
61,2026-06-01 10:30:00,1.38204,1.38213,1.38217,1.38197,501,1780310099.026,USDCAD
61,2026-06-01 10:35:00,1.38213,1.38211,1.38227,1.38205,527,1780310399.816,USDCAD
61,2026-06-01 10:40:00,1.38211,1.38216,1.38227,1.38202,576,1780310699.993,USDCAD
61,2026-06-01 10:45:00,1.38216,1.3823,1.3823,1.38213,551,1780310999.835,USDCAD
61,2026-06-01 10:50:00,1.3823,1.38239,1.38243,1.38229,525,1780311299.001,USDCAD
61,2026-06-01 10:55:00,1.38239,1.38241,1.38254,1.38233,484,1780311599.014,USDCAD
61,2026-06-01 11:00:00,1.38241,1.38282,1.38289,1.38241,605,1780311899.021,USDCAD
61,2026-06-01 11:05:00,1.38282,1.38278,1.38307,1.38278,584,1780312199.04,USDCAD
61,2026-06-01 11:10:00,1.38278,1.3828,1.383,1.38266,491,1780312499.027,USDCAD
61,2026-06-01 11:15:00,1.3828,1.3826,1.38284,1.3826,559,1780312799.893,USDCAD
61,2026-06-01 11:20:00,1.3826,1.38284,1.38288,1.38252,471,1780313099.437,USDCAD
61,2026-06-01 11:25:00,1.38284,1.38263,1.38284,1.38252,525,1780313399.394,USDCAD
61,2026-06-01 11:30:00,1.38263,1.38308,1.3831,1.38263,504,1780313699.028,USDCAD
61,2026-06-01 11:35:00,1.38308,1.38307,1.38309,1.38287,567,1780313999.593,USDCAD
61,2026-06-01 11:40:00,1.38307,1.38336,1.38355,1.38306,654,1780314299.021,USDCAD
61,2026-06-01 11:45:00,1.38336,1.38321,1.38346,1.38308,479,1780314599.409,USDCAD
61,2026-06-01 11:50:00,1.38321,1.38328,1.38338,1.38318,444,1780314899.024,USDCAD
61,2026-06-01 11:55:00,1.38328,1.38309,1.38329,1.38298,550,1780315199.893,USDCAD
61,2026-06-01 12:00:00,1.38308,1.38305,1.38326,1.38289,640,1780315499.494,USDCAD
61,2026-06-01 12:05:00,1.38305,1.38291,1.38307,1.38265,593,1780315799.593,USDCAD
61,2026-06-01 12:10:00,1.38291,1.38303,1.38308,1.38281,545,1780316099.123,USDCAD
61,2026-06-01 12:15:00,1.38303,1.38306,1.38311,1.38282,684,1780316399.92,USDCAD
61,2026-06-01 12:20:00,1.38306,1.38339,1.38339,1.38306,628,1780316699.893,USDCAD
61,2026-06-01 12:25:00,1.38339,1.38367,1.38376,1.38338,626,1780316999.021,USDCAD
61,2026-06-01 12:30:00,1.38367,1.38353,1.38385,1.38349,647,1780317299.82,USDCAD
61,2026-06-01 12:35:00,1.38353,1.38328,1.38365,1.38313,850,1780317599.693,USDCAD
61,2026-06-01 12:40:00,1.38328,1.38314,1.38359,1.38294,960,1780317899.893,USDCAD
61,2026-06-01 12:45:00,1.38314,1.38275,1.38318,1.38275,709,1780318199.035,USDCAD
61,2026-06-01 12:50:00,1.38273,1.38258,1.38288,1.3825,855,1780318499.001,USDCAD
61,2026-06-01 12:55:00,1.38258,1.38262,1.38267,1.38243,715,1780318799.094,USDCAD
61,2026-06-01 13:00:00,1.38262,1.38298,1.38304,1.38262,824,1780319099.094,USDCAD
61,2026-06-01 13:05:00,1.38298,1.38374,1.38374,1.38296,723,1780319399.605,USDCAD
61,2026-06-01 13:10:00,1.38374,1.38388,1.38445,1.38365,1684,1780319699.991,USDCAD
61,2026-06-01 13:15:00,1.38387,1.38382,1.38395,1.38353,1176,1780319999.019,USDCAD
61,2026-06-01 13:20:00,1.38382,1.38375,1.3843,1.38374,1317,1780320299.033,USDCAD
61,2026-06-01 13:25:00,1.38377,1.38359,1.38377,1.38314,1145,1780320599.941,USDCAD
61,2026-06-01 13:30:00,1.38359,1.38387,1.38405,1.3835,1395,1780320899.494,USDCAD
61,2026-06-01 13:35:00,1.38387,1.38365,1.38416,1.38362,1171,1780321199.293,USDCAD
61,2026-06-01 13:40:00,1.38365,1.38453,1.38455,1.38362,954,1780321499.595,USDCAD
61,2026-06-01 13:45:00,1.38453,1.38421,1.3846,1.38399,877,1780321799.021,USDCAD
61,2026-06-01 13:50:00,1.38421,1.38441,1.3849,1.38411,1271,1780322099.605,USDCAD
61,2026-06-01 13:55:00,1.38442,1.38451,1.38472,1.384,936,1780322399.993,USDCAD
61,2026-06-01 14:00:00,1.38451,1.38477,1.3849,1.38425,979,1780322699.301,USDCAD
61,2026-06-01 14:05:00,1.38477,1.38462,1.38495,1.38458,999,1780322999.008,USDCAD
61,2026-06-01 14:10:00,1.38461,1.3844,1.38476,1.38437,961,1780323299.828,USDCAD
61,2026-06-01 14:15:00,1.3844,1.38418,1.38459,1.3841,1086,1780323599.005,USDCAD
61,2026-06-01 14:20:00,1.38418,1.38435,1.3845,1.38417,802,1780323899.633,USDCAD
61,2026-06-01 14:25:00,1.38435,1.38427,1.38454,1.38427,802,1780324199.825,USDCAD
61,2026-06-01 14:30:00,1.38427,1.38457,1.38477,1.38424,860,1780324499.001,USDCAD
61,2026-06-01 14:35:00,1.38457,1.38425,1.38461,1.38423,648,1780324799.494,USDCAD
61,2026-06-01 14:40:00,1.38425,1.3843,1.38446,1.38403,670,1780325099.506,USDCAD
61,2026-06-01 14:45:00,1.3843,1.38464,1.38464,1.38418,533,1780325399.417,USDCAD
61,2026-06-01 14:50:00,1.38464,1.38431,1.38472,1.38423,837,1780325699.424,USDCAD
61,2026-06-01 14:55:00,1.38433,1.38413,1.38453,1.38403,880,1780325999.138,USDCAD
61,2026-06-01 15:00:00,1.38413,1.38375,1.38421,1.38366,793,1780326299.194,USDCAD
61,2026-06-01 15:05:00,1.38374,1.38377,1.38403,1.38362,879,1780326599.993,USDCAD
61,2026-06-01 15:10:00,1.38377,1.38371,1.38389,1.38362,706,1780326899.031,USDCAD
61,2026-06-01 15:15:00,1.3837,1.38364,1.38376,1.38346,576,1780327199.029,USDCAD
61,2026-06-01 15:20:00,1.38364,1.38342,1.38374,1.38331,599,1780327499.01,USDCAD
61,2026-06-01 15:25:00,1.38342,1.38306,1.38352,1.38301,538,1780327799.836,USDCAD
61,2026-06-01 15:30:00,1.38306,1.38306,1.38307,1.3827,1139,1780328099.093,USDCAD
61,2026-06-01 15:35:00,1.38306,1.38326,1.38339,1.38305,849,1780328399.897,USDCAD
61,2026-06-01 15:40:00,1.38325,1.38363,1.38376,1.38325,645,1780328699.021,USDCAD
61,2026-06-01 15:45:00,1.38363,1.38369,1.38373,1.38352,605,1780328999.927,USDCAD
61,2026-06-01 15:50:00,1.38369,1.38395,1.38407,1.38369,572,1780329299.014,USDCAD
61,2026-06-01 15:55:00,1.38395,1.38382,1.38402,1.3836,652,1780329599.494,USDCAD
61,2026-06-01 16:00:00,1.38382,1.38394,1.38401,1.38359,636,1780329899.694,USDCAD
61,2026-06-01 16:05:00,1.38395,1.38411,1.38414,1.3839,640,1780330199.893,USDCAD
61,2026-06-01 16:10:00,1.38411,1.38405,1.3842,1.384,684,1780330499.693,USDCAD
61,2026-06-01 16:15:00,1.38405,1.38425,1.38436,1.38405,601,1780330799.026,USDCAD
61,2026-06-01 16:20:00,1.38425,1.3839,1.38427,1.38381,558,1780331099.093,USDCAD
61,2026-06-01 16:25:00,1.3839,1.38365,1.38392,1.38361,519,1780331399.04,USDCAD
61,2026-06-01 16:30:00,1.38366,1.38372,1.38389,1.38354,713,1780331699.993,USDCAD
61,2026-06-01 16:35:00,1.38372,1.38344,1.38374,1.38334,613,1780331999.295,USDCAD
61,2026-06-01 16:40:00,1.38344,1.38356,1.38366,1.38342,503,1780332299.394,USDCAD
61,2026-06-01 16:45:00,1.38357,1.38318,1.38357,1.38317,604,1780332599.894,USDCAD
61,2026-06-01 16:50:00,1.38318,1.38287,1.38318,1.38277,864,1780332899.111,USDCAD
61,2026-06-01 16:55:00,1.38286,1.38285,1.38302,1.38281,760,1780333199.023,USDCAD
61,2026-06-01 17:00:00,1.38286,1.38298,1.38303,1.38276,747,1780333499.995,USDCAD
61,2026-06-01 17:05:00,1.38298,1.38314,1.38319,1.38296,475,1780333799.795,USDCAD
61,2026-06-01 17:10:00,1.38314,1.38316,1.38322,1.38305,535,1780334099.094,USDCAD
61,2026-06-01 17:15:00,1.38316,1.38308,1.38327,1.38307,531,1780334399.021,USDCAD
61,2026-06-01 17:20:00,1.38308,1.38287,1.38309,1.3828,534,1780334699.028,USDCAD
61,2026-06-01 17:25:00,1.38287,1.38288,1.38323,1.38279,601,1780334999.83,USDCAD
61,2026-06-01 17:30:00,1.38289,1.3831,1.38316,1.38276,1021,1780335299.904,USDCAD
61,2026-06-01 17:35:00,1.3831,1.3832,1.3832,1.38303,574,1780335599.038,USDCAD
61,2026-06-01 17:40:00,1.3832,1.38299,1.38325,1.38279,744,1780335899.094,USDCAD
61,2026-06-01 17:45:00,1.38298,1.3831,1.38311,1.38289,573,1780336199.027,USDCAD
61,2026-06-01 17:50:00,1.3831,1.38314,1.38321,1.38295,599,1780336499.004,USDCAD
61,2026-06-01 17:55:00,1.38314,1.38317,1.38325,1.38305,466,1780336799.093,USDCAD
61,2026-06-01 18:00:00,1.38317,1.38333,1.38335,1.38313,602,1780337099.0,USDCAD
61,2026-06-01 18:05:00,1.38333,1.38332,1.38343,1.38321,539,1780337399.626,USDCAD
61,2026-06-01 18:10:00,1.38332,1.38333,1.38349,1.38332,496,1780337699.215,USDCAD
61,2026-06-01 18:15:00,1.38333,1.38337,1.38345,1.3833,459,1780337999.036,USDCAD
61,2026-06-01 18:20:00,1.38338,1.38345,1.38354,1.38333,463,1780338299.811,USDCAD
61,2026-06-01 18:25:00,1.38345,1.38361,1.38361,1.38344,457,1780338599.035,USDCAD
61,2026-06-01 18:30:00,1.38361,1.38375,1.38376,1.3836,418,1780338899.017,USDCAD
61,2026-06-01 18:35:00,1.38375,1.38379,1.38381,1.38365,481,1780339199.044,USDCAD
61,2026-06-01 18:40:00,1.3838,1.38376,1.38382,1.3837,570,1780339499.02,USDCAD
61,2026-06-01 18:45:00,1.38376,1.38397,1.38399,1.38375,544,1780339799.838,USDCAD
61,2026-06-01 18:50:00,1.38397,1.3839,1.38401,1.38388,561,1780340099.038,USDCAD
61,2026-06-01 18:55:00,1.3839,1.38417,1.38421,1.3839,564,1780340399.905,USDCAD
61,2026-06-01 19:00:00,1.38417,1.38421,1.3843,1.38407,539,1780340699.394,USDCAD
61,2026-06-01 19:05:00,1.38421,1.38421,1.38431,1.38412,462,1780340999.011,USDCAD
61,2026-06-01 19:10:00,1.38421,1.38414,1.38422,1.38407,412,1780341299.912,USDCAD
61,2026-06-01 19:15:00,1.38414,1.38396,1.3842,1.38394,551,1780341599.003,USDCAD
61,2026-06-01 19:20:00,1.38396,1.38401,1.38405,1.38392,449,1780341898.036,USDCAD
61,2026-06-01 19:25:00,1.38401,1.384,1.38413,1.38399,416,1780342199.095,USDCAD
61,2026-06-01 19:30:00,1.384,1.38382,1.38401,1.3838,481,1780342499.003,USDCAD
61,2026-06-01 19:35:00,1.38382,1.38383,1.3839,1.38374,460,1780342799.035,USDCAD
61,2026-06-01 19:40:00,1.38383,1.38395,1.38396,1.3838,398,1780343099.029,USDCAD
61,2026-06-01 19:45:00,1.38395,1.38357,1.38396,1.38352,594,1780343399.003,USDCAD
61,2026-06-01 19:50:00,1.38357,1.38389,1.3839,1.38353,595,1780343699.998,USDCAD
61,2026-06-01 19:55:00,1.38389,1.38384,1.38403,1.38377,552,1780343999.715,USDCAD
61,2026-06-01 20:00:00,1.38384,1.38363,1.38389,1.38363,503,1780344299.009,USDCAD
61,2026-06-01 20:05:00,1.38363,1.38392,1.38394,1.38363,567,1780344599.193,USDCAD
61,2026-06-01 20:10:00,1.38391,1.3839,1.38401,1.38382,571,1780344899.007,USDCAD
61,2026-06-01 20:15:00,1.3839,1.38416,1.38419,1.38389,377,1780345199.993,USDCAD
61,2026-06-01 20:20:00,1.38416,1.38413,1.38421,1.38406,430,1780345499.017,USDCAD
61,2026-06-01 20:25:00,1.38413,1.3841,1.38413,1.38406,427,1780345799.895,USDCAD
61,2026-06-01 20:30:00,1.3841,1.38397,1.38414,1.38395,390,1780346099.034,USDCAD
61,2026-06-01 20:35:00,1.38397,1.38374,1.38399,1.38374,371,1780346399.304,USDCAD
61,2026-06-01 20:40:00,1.38374,1.38384,1.38385,1.38373,587,1780346699.093,USDCAD
61,2026-06-01 20:45:00,1.38384,1.38397,1.38399,1.38384,372,1780346999.928,USDCAD
61,2026-06-01 20:50:00,1.38397,1.38413,1.38414,1.38395,493,1780347299.093,USDCAD
61,2026-06-01 20:55:00,1.38413,1.38406,1.38416,1.38402,720,1780347599.694,USDCAD
61,2026-06-01 21:00:00,1.38406,1.38436,1.38453,1.3836,300,1780347899.018,USDCAD
61,2026-06-01 21:05:00,1.38436,1.38433,1.3845,1.38433,293,1780348199.041,USDCAD
61,2026-06-01 21:10:00,1.38433,1.38431,1.38442,1.38431,302,1780348499.03,USDCAD
61,2026-06-01 21:15:00,1.38431,1.38428,1.38443,1.38421,371,1780348799.039,USDCAD
61,2026-06-01 21:20:00,1.38428,1.38433,1.38436,1.38417,298,1780349099.0,USDCAD
61,2026-06-01 21:25:00,1.38433,1.38427,1.38437,1.38418,314,1780349399.01,USDCAD
61,2026-06-01 21:30:00,1.38427,1.38435,1.38435,1.38416,373,1780349699.009,USDCAD
61,2026-06-01 21:35:00,1.38435,1.38431,1.38443,1.38424,330,1780349999.017,USDCAD
61,2026-06-01 21:40:00,1.38431,1.38427,1.38436,1.38422,344,1780350299.016,USDCAD
61,2026-06-01 21:45:00,1.38427,1.38426,1.38433,1.38421,391,1780350599.092,USDCAD
61,2026-06-01 21:50:00,1.38426,1.38384,1.38431,1.38384,331,1780350899.525,USDCAD
61,2026-06-01 21:55:00,1.38384,1.38363,1.38391,1.3835,452,1780351199.013,USDCAD
61,2026-06-01 22:00:00,1.38363,1.38407,1.38408,1.38356,395,1780351499.015,USDCAD
61,2026-06-01 22:05:00,1.38407,1.38415,1.3842,1.38404,361,1780351799.039,USDCAD
61,2026-06-01 22:10:00,1.38415,1.38415,1.38418,1.38409,338,1780352099.005,USDCAD
61,2026-06-01 22:15:00,1.38415,1.38419,1.3842,1.38401,333,1780352399.03,USDCAD
61,2026-06-01 22:20:00,1.38419,1.38426,1.38428,1.38419,371,1780352699.018,USDCAD
61,2026-06-01 22:25:00,1.38426,1.38427,1.38429,1.38424,302,1780352999.038,USDCAD
61,2026-06-01 22:30:00,1.38428,1.38427,1.38433,1.38426,322,1780353299.018,USDCAD
61,2026-06-01 22:35:00,1.38427,1.38426,1.38428,1.38426,328,1780353599.093,USDCAD
61,2026-06-01 22:40:00,1.38426,1.38426,1.38428,1.38424,290,1780353898.041,USDCAD
61,2026-06-01 22:45:00,1.38426,1.38424,1.38428,1.38423,317,1780354199.02,USDCAD
61,2026-06-01 22:50:00,1.38424,1.38426,1.38428,1.38423,323,1780354499.094,USDCAD
61,2026-06-01 22:55:00,1.38426,1.38403,1.38428,1.38399,519,1780354799.031,USDCAD
61,2026-06-01 23:00:00,1.38403,1.38414,1.38417,1.38394,559,1780355099.095,USDCAD
61,2026-06-01 23:05:00,1.38414,1.3841,1.38416,1.38407,340,1780355399.094,USDCAD
61,2026-06-01 23:10:00,1.3841,1.38411,1.38411,1.3841,334,1780355699.009,USDCAD
61,2026-06-01 23:15:00,1.38411,1.3841,1.38414,1.3841,341,1780355999.033,USDCAD
61,2026-06-01 23:20:00,1.3841,1.38413,1.38414,1.3841,327,1780356299.093,USDCAD
61,2026-06-01 23:25:00,1.38413,1.38408,1.38413,1.38406,330,1780356599.003,USDCAD
61,2026-06-01 23:30:00,1.38408,1.38409,1.38409,1.384,335,1780356899.293,USDCAD
61,2026-06-01 23:35:00,1.38409,1.3841,1.38416,1.38407,367,1780357199.029,USDCAD
61,2026-06-01 23:40:00,1.3841,1.38414,1.38417,1.38409,347,1780357498.092,USDCAD
61,2026-06-01 23:45:00,1.38414,1.38428,1.38428,1.38413,319,1780357799.021,USDCAD
61,2026-06-01 23:50:00,1.38428,1.38427,1.38434,1.38426,332,1780358099.007,USDCAD
61,2026-06-01 23:55:00,1.38427,1.38416,1.38428,1.38415,380,1780358399.993,USDCAD
61,2026-06-02 00:00:00,1.38415,1.38408,1.38417,1.38403,423,1780358699.894,USDCAD
61,2026-06-02 00:05:00,1.38408,1.38425,1.38428,1.38405,508,1780358999.024,USDCAD
61,2026-06-02 00:10:00,1.38425,1.38411,1.38425,1.3841,457,1780359299.093,USDCAD
61,2026-06-02 00:15:00,1.38411,1.38422,1.38428,1.38411,448,1780359599.007,USDCAD
61,2026-06-02 00:20:00,1.38422,1.38424,1.38428,1.38414,426,1780359899.51,USDCAD
61,2026-06-02 00:25:00,1.38424,1.38426,1.38434,1.38424,398,1780360199.093,USDCAD
61,2026-06-02 00:30:00,1.38426,1.38419,1.38434,1.38409,456,1780360499.02,USDCAD
61,2026-06-02 00:35:00,1.38419,1.38425,1.38429,1.38414,399,1780360799.002,USDCAD
61,2026-06-02 00:40:00,1.38425,1.38437,1.38444,1.38425,417,1780361099.041,USDCAD
61,2026-06-02 00:45:00,1.38437,1.38441,1.38442,1.38432,368,1780361399.093,USDCAD
61,2026-06-02 00:50:00,1.38441,1.38443,1.38446,1.38435,348,1780361699.193,USDCAD
61,2026-06-02 00:55:00,1.38443,1.3845,1.38456,1.38443,442,1780361999.034,USDCAD
61,2026-06-02 01:00:00,1.3845,1.38447,1.38462,1.38441,470,1780362299.793,USDCAD
61,2026-06-02 01:05:00,1.38447,1.38447,1.38451,1.38441,440,1780362599.018,USDCAD
61,2026-06-02 01:10:00,1.38447,1.38435,1.38448,1.38428,579,1780362899.093,USDCAD
61,2026-06-02 01:15:00,1.38435,1.38444,1.38448,1.38434,482,1780363199.034,USDCAD
61,2026-06-02 01:20:00,1.38444,1.38447,1.38454,1.38442,396,1780363499.044,USDCAD
61,2026-06-02 01:25:00,1.38447,1.3845,1.38456,1.38443,462,1780363799.005,USDCAD
61,2026-06-02 01:30:00,1.3845,1.3845,1.38455,1.38448,541,1780364099.017,USDCAD
61,2026-06-02 01:35:00,1.3845,1.38457,1.38461,1.38447,426,1780364399.094,USDCAD
61,2026-06-02 01:40:00,1.38458,1.38455,1.38463,1.38448,410,1780364699.04,USDCAD
61,2026-06-02 01:45:00,1.38455,1.38481,1.38483,1.38455,478,1780364999.393,USDCAD
61,2026-06-02 01:50:00,1.38481,1.3847,1.38484,1.3847,539,1780365299.594,USDCAD
61,2026-06-02 01:55:00,1.3847,1.38467,1.38472,1.38461,439,1780365599.892,USDCAD
61,2026-06-02 02:00:00,1.38467,1.38469,1.38471,1.38455,516,1780365899.994,USDCAD
61,2026-06-02 02:05:00,1.38469,1.3847,1.38475,1.38465,505,1780366199.043,USDCAD
61,2026-06-02 02:10:00,1.3847,1.38464,1.38477,1.38461,437,1780366499.21,USDCAD
61,2026-06-02 02:15:00,1.38464,1.38469,1.38474,1.38462,457,1780366799.893,USDCAD
61,2026-06-02 02:20:00,1.38469,1.38468,1.38472,1.38467,605,1780367099.008,USDCAD
61,2026-06-02 02:25:00,1.38468,1.38459,1.3847,1.38455,463,1780367399.095,USDCAD
61,2026-06-02 02:30:00,1.38459,1.38468,1.38472,1.38454,446,1780367699.013,USDCAD
61,2026-06-02 02:35:00,1.38468,1.3847,1.38475,1.38466,488,1780367999.428,USDCAD
61,2026-06-02 02:40:00,1.3847,1.38475,1.38477,1.3847,389,1780368299.044,USDCAD
61,2026-06-02 02:45:00,1.38475,1.38473,1.38477,1.3847,396,1780368599.027,USDCAD
61,2026-06-02 02:50:00,1.38473,1.38475,1.38476,1.38468,384,1780368899.494,USDCAD
61,2026-06-02 02:55:00,1.38475,1.38476,1.38478,1.38471,465,1780369199.519,USDCAD
61,2026-06-02 03:00:00,1.38476,1.38467,1.38476,1.38457,491,1780369499.015,USDCAD
61,2026-06-02 03:05:00,1.38467,1.38467,1.38468,1.38462,341,1780369799.032,USDCAD
61,2026-06-02 03:10:00,1.38467,1.38463,1.38468,1.38456,408,1780370099.293,USDCAD
61,2026-06-02 03:15:00,1.38463,1.38461,1.38465,1.38451,534,1780370399.034,USDCAD
61,2026-06-02 03:20:00,1.38461,1.38458,1.3847,1.38456,429,1780370699.017,USDCAD
61,2026-06-02 03:25:00,1.38458,1.38454,1.38462,1.38453,388,1780370999.014,USDCAD
61,2026-06-02 03:30:00,1.38454,1.38457,1.38457,1.38445,512,1780371299.029,USDCAD
61,2026-06-02 03:35:00,1.38457,1.38456,1.38464,1.38455,343,1780371599.393,USDCAD
61,2026-06-02 03:40:00,1.38456,1.38461,1.38461,1.38452,365,1780371899.094,USDCAD
61,2026-06-02 03:45:00,1.38461,1.38452,1.38464,1.3845,544,1780372199.006,USDCAD
61,2026-06-02 03:50:00,1.38452,1.38461,1.38464,1.38451,407,1780372499.093,USDCAD
61,2026-06-02 03:55:00,1.38461,1.38447,1.38464,1.38445,470,1780372799.036,USDCAD
61,2026-06-02 04:00:00,1.38447,1.38453,1.38455,1.38445,409,1780373099.009,USDCAD
61,2026-06-02 04:05:00,1.38453,1.38455,1.38457,1.38448,337,1780373399.004,USDCAD
61,2026-06-02 04:10:00,1.38455,1.38455,1.38461,1.38451,403,1780373699.222,USDCAD
61,2026-06-02 04:15:00,1.38455,1.38454,1.38456,1.38445,427,1780373999.998,USDCAD
61,2026-06-02 04:20:00,1.38453,1.38453,1.38455,1.38447,435,1780374299.592,USDCAD
61,2026-06-02 04:25:00,1.38453,1.38458,1.3846,1.38448,411,1780374599.008,USDCAD
61,2026-06-02 04:30:00,1.38459,1.38455,1.3846,1.38453,355,1780374899.094,USDCAD
61,2026-06-02 04:35:00,1.38455,1.3845,1.38457,1.38446,429,1780375199.294,USDCAD
61,2026-06-02 04:40:00,1.3845,1.3845,1.38453,1.38448,486,1780375499.034,USDCAD
61,2026-06-02 04:45:00,1.3845,1.38452,1.38457,1.38448,394,1780375799.017,USDCAD
61,2026-06-02 04:50:00,1.38452,1.38452,1.38455,1.38447,405,1780376099.004,USDCAD
61,2026-06-02 04:55:00,1.38452,1.38446,1.38453,1.38443,414,1780376399.041,USDCAD
61,2026-06-02 05:00:00,1.38447,1.38444,1.38447,1.38436,462,1780376699.093,USDCAD
61,2026-06-02 05:05:00,1.38444,1.38445,1.38448,1.38442,380,1780376999.913,USDCAD
61,2026-06-02 05:10:00,1.38446,1.3844,1.38448,1.38436,530,1780377299.047,USDCAD
61,2026-06-02 05:15:00,1.3844,1.38438,1.38443,1.38429,494,1780377599.027,USDCAD
61,2026-06-02 05:20:00,1.38438,1.38434,1.38443,1.38431,428,1780377899.996,USDCAD
61,2026-06-02 05:25:00,1.38434,1.38436,1.38437,1.38428,436,1780378199.039,USDCAD
61,2026-06-02 05:30:00,1.38436,1.38438,1.38445,1.38427,495,1780378499.91,USDCAD
61,2026-06-02 05:35:00,1.38437,1.38444,1.38447,1.38434,359,1780378799.093,USDCAD
61,2026-06-02 05:40:00,1.38444,1.38447,1.38448,1.38443,410,1780379099.031,USDCAD
61,2026-06-02 05:45:00,1.38447,1.38455,1.3846,1.38446,442,1780379399.019,USDCAD
61,2026-06-02 05:50:00,1.38455,1.38456,1.38461,1.38454,361,1780379699.693,USDCAD
61,2026-06-02 05:55:00,1.38456,1.3846,1.38461,1.38453,374,1780379999.294,USDCAD
61,2026-06-02 06:00:00,1.3846,1.38461,1.38469,1.38457,502,1780380299.022,USDCAD
61,2026-06-02 06:05:00,1.38461,1.38445,1.38465,1.3844,510,1780380599.802,USDCAD
61,2026-06-02 06:10:00,1.38444,1.38416,1.38445,1.38401,575,1780380899.016,USDCAD
61,2026-06-02 06:15:00,1.38416,1.38426,1.38427,1.38406,550,1780381199.032,USDCAD
61,2026-06-02 06:20:00,1.38426,1.38414,1.38428,1.38408,580,1780381499.494,USDCAD
61,2026-06-02 06:25:00,1.38414,1.38396,1.38416,1.3839,604,1780381799.01,USDCAD
61,2026-06-02 06:30:00,1.38396,1.38375,1.384,1.38368,738,1780382099.593,USDCAD
61,2026-06-02 06:35:00,1.38375,1.38365,1.38397,1.38357,731,1780382399.018,USDCAD
61,2026-06-02 06:40:00,1.38365,1.38385,1.38385,1.38357,700,1780382699.093,USDCAD
61,2026-06-02 06:45:00,1.38385,1.3838,1.38388,1.38372,510,1780382999.032,USDCAD
61,2026-06-02 06:50:00,1.3838,1.38382,1.38397,1.38373,529,1780383299.792,USDCAD
61,2026-06-02 06:55:00,1.38382,1.38373,1.38384,1.38362,589,1780383599.995,USDCAD
61,2026-06-02 07:00:00,1.38373,1.38378,1.38394,1.38365,716,1780383899.898,USDCAD
61,2026-06-02 07:05:00,1.38378,1.38363,1.38381,1.3836,739,1780384199.094,USDCAD
61,2026-06-02 07:10:00,1.38363,1.38358,1.38377,1.38356,570,1780384499.793,USDCAD
61,2026-06-02 07:15:00,1.38358,1.38389,1.3839,1.38356,695,1780384799.736,USDCAD
61,2026-06-02 07:20:00,1.38389,1.38385,1.38402,1.38376,582,1780385099.032,USDCAD
61,2026-06-02 07:25:00,1.38385,1.38405,1.38416,1.38384,579,1780385399.01,USDCAD
61,2026-06-02 07:30:00,1.38405,1.38387,1.38415,1.38384,609,1780385699.793,USDCAD
61,2026-06-02 07:35:00,1.38386,1.38382,1.38388,1.38377,444,1780385999.035,USDCAD
61,2026-06-02 07:40:00,1.38382,1.38384,1.38387,1.38373,539,1780386299.015,USDCAD
61,2026-06-02 07:45:00,1.38384,1.38394,1.38404,1.38384,551,1780386599.394,USDCAD
61,2026-06-02 07:50:00,1.38394,1.38408,1.38411,1.38388,538,1780386899.593,USDCAD
61,2026-06-02 07:55:00,1.38408,1.38401,1.38417,1.3839,575,1780387199.693,USDCAD
61,2026-06-02 08:00:00,1.38401,1.38399,1.38412,1.38395,592,1780387499.019,USDCAD
61,2026-06-02 08:05:00,1.38399,1.3839,1.38403,1.38367,586,1780387799.093,USDCAD
61,2026-06-02 08:10:00,1.3839,1.38422,1.38422,1.3839,526,1780388099.0,USDCAD
61,2026-06-02 08:15:00,1.38422,1.38425,1.38437,1.38416,501,1780388399.001,USDCAD
61,2026-06-02 08:20:00,1.38425,1.38453,1.38453,1.38422,514,1780388699.993,USDCAD
61,2026-06-02 08:25:00,1.38453,1.38434,1.38453,1.38433,449,1780388999.011,USDCAD
61,2026-06-02 08:30:00,1.38434,1.38434,1.38438,1.3843,447,1780389299.595,USDCAD
61,2026-06-02 08:35:00,1.38435,1.38434,1.38442,1.38432,508,1780389599.093,USDCAD
61,2026-06-02 08:40:00,1.38434,1.38454,1.38455,1.38434,503,1780389899.293,USDCAD
61,2026-06-02 08:45:00,1.38454,1.38481,1.38485,1.38453,533,1780390199.022,USDCAD
61,2026-06-02 08:50:00,1.38481,1.38477,1.38482,1.3847,488,1780390499.192,USDCAD
61,2026-06-02 08:55:00,1.38477,1.38477,1.38484,1.38472,434,1780390799.038,USDCAD
61,2026-06-02 09:00:00,1.38477,1.38491,1.38491,1.38473,492,1780391099.03,USDCAD
61,2026-06-02 09:05:00,1.38491,1.385,1.38502,1.38488,440,1780391399.027,USDCAD
61,2026-06-02 09:10:00,1.385,1.38506,1.38509,1.38498,494,1780391699.393,USDCAD
61,2026-06-02 09:15:00,1.38506,1.38509,1.38519,1.38501,509,1780391999.011,USDCAD
61,2026-06-02 09:20:00,1.38509,1.38536,1.38536,1.38506,479,1780392299.092,USDCAD
61,2026-06-02 09:25:00,1.38536,1.38521,1.38543,1.38519,514,1780392599.036,USDCAD
61,2026-06-02 09:30:00,1.38522,1.38497,1.38524,1.38491,520,1780392899.394,USDCAD
61,2026-06-02 09:35:00,1.38497,1.385,1.38502,1.38491,473,1780393199.043,USDCAD
61,2026-06-02 09:40:00,1.385,1.38501,1.38518,1.38497,691,1780393499.009,USDCAD
61,2026-06-02 09:45:00,1.38501,1.38491,1.38506,1.3849,533,1780393799.022,USDCAD
61,2026-06-02 09:50:00,1.38491,1.3852,1.38523,1.3849,532,1780394099.993,USDCAD
61,2026-06-02 09:55:00,1.3852,1.38505,1.38522,1.38499,566,1780394399.006,USDCAD
61,2026-06-02 10:00:00,1.38505,1.38508,1.38518,1.385,700,1780394699.722,USDCAD
61,2026-06-02 10:05:00,1.38508,1.38502,1.3851,1.38491,694,1780394999.499,USDCAD
61,2026-06-02 10:10:00,1.38502,1.38499,1.38509,1.38489,595,1780395299.594,USDCAD
61,2026-06-02 10:15:00,1.38499,1.38522,1.38525,1.38495,538,1780395599.993,USDCAD
61,2026-06-02 10:20:00,1.38522,1.38515,1.38525,1.38509,454,1780395899.038,USDCAD
61,2026-06-02 10:25:00,1.38515,1.38509,1.38518,1.3848,550,1780396199.025,USDCAD
61,2026-06-02 10:30:00,1.38509,1.38522,1.38523,1.38505,485,1780396499.011,USDCAD
61,2026-06-02 10:35:00,1.38522,1.38511,1.38523,1.38509,429,1780396799.118,USDCAD
61,2026-06-02 10:40:00,1.38511,1.38511,1.38522,1.38509,475,1780397099.006,USDCAD
61,2026-06-02 10:45:00,1.38511,1.38509,1.38511,1.38499,603,1780397399.093,USDCAD
61,2026-06-02 10:50:00,1.38509,1.38498,1.38514,1.38493,498,1780397699.094,USDCAD
61,2026-06-02 10:55:00,1.38498,1.38528,1.38539,1.38498,537,1780397999.997,USDCAD
61,2026-06-02 11:00:00,1.38528,1.38521,1.38529,1.3851,619,1780398299.895,USDCAD
61,2026-06-02 11:05:00,1.38521,1.38525,1.38526,1.38511,541,1780398599.015,USDCAD
61,2026-06-02 11:10:00,1.38525,1.38535,1.38536,1.38514,531,1780398899.993,USDCAD
61,2026-06-02 11:15:00,1.38535,1.38519,1.3854,1.38518,622,1780399199.745,USDCAD
61,2026-06-02 11:20:00,1.38519,1.38514,1.38521,1.38503,486,1780399499.593,USDCAD
61,2026-06-02 11:25:00,1.38514,1.38515,1.38525,1.38507,452,1780399799.794,USDCAD
61,2026-06-02 11:30:00,1.38515,1.38494,1.38516,1.38482,506,1780400099.0,USDCAD
61,2026-06-02 11:35:00,1.38494,1.38478,1.38495,1.38475,519,1780400399.027,USDCAD
61,2026-06-02 11:40:00,1.38478,1.38472,1.38491,1.38469,586,1780400699.797,USDCAD
61,2026-06-02 11:45:00,1.38471,1.3844,1.38479,1.38434,525,1780400999.026,USDCAD
61,2026-06-02 11:50:00,1.3844,1.38418,1.38442,1.3841,505,1780401299.927,USDCAD
61,2026-06-02 11:55:00,1.38418,1.38411,1.38423,1.38403,549,1780401599.493,USDCAD
61,2026-06-02 12:00:00,1.38411,1.38395,1.38421,1.38392,547,1780401899.528,USDCAD
61,2026-06-02 12:05:00,1.38395,1.38373,1.38396,1.38359,564,1780402199.01,USDCAD
61,2026-06-02 12:10:00,1.38373,1.38392,1.38399,1.38372,554,1780402499.004,USDCAD
61,2026-06-02 12:15:00,1.38392,1.38394,1.38408,1.38383,640,1780402799.037,USDCAD
61,2026-06-02 12:20:00,1.38394,1.38393,1.38404,1.38382,773,1780403099.693,USDCAD
61,2026-06-02 12:25:00,1.38393,1.38423,1.38426,1.38393,584,1780403399.928,USDCAD
61,2026-06-02 12:30:00,1.38422,1.38436,1.38463,1.38416,719,1780403699.903,USDCAD
61,2026-06-02 12:35:00,1.38435,1.38401,1.38437,1.38391,605,1780403999.035,USDCAD
61,2026-06-02 12:40:00,1.38401,1.38393,1.38402,1.38391,656,1780404299.023,USDCAD
61,2026-06-02 12:45:00,1.38392,1.38406,1.3841,1.38383,610,1780404599.041,USDCAD
61,2026-06-02 12:50:00,1.38406,1.38394,1.38424,1.38376,541,1780404899.036,USDCAD
61,2026-06-02 12:55:00,1.38394,1.3837,1.38394,1.38365,625,1780405199.938,USDCAD
61,2026-06-02 13:00:00,1.3837,1.38362,1.38377,1.38355,711,1780405499.793,USDCAD
61,2026-06-02 13:05:00,1.38361,1.38349,1.38363,1.38326,827,1780405799.5,USDCAD
61,2026-06-02 13:10:00,1.38349,1.38309,1.38349,1.38291,908,1780406099.594,USDCAD
61,2026-06-02 13:15:00,1.38309,1.38328,1.38339,1.38308,714,1780406399.093,USDCAD
61,2026-06-02 13:20:00,1.38328,1.38322,1.38367,1.38313,782,1780406699.994,USDCAD
61,2026-06-02 13:25:00,1.38322,1.38306,1.38336,1.38301,718,1780406999.894,USDCAD
61,2026-06-02 13:30:00,1.38306,1.38235,1.38308,1.38222,1065,1780407299.794,USDCAD
61,2026-06-02 13:35:00,1.38235,1.38182,1.38235,1.38151,1160,1780407599.609,USDCAD
61,2026-06-02 13:40:00,1.38182,1.38258,1.3826,1.38175,864,1780407899.031,USDCAD
61,2026-06-02 13:45:00,1.38258,1.38292,1.38309,1.38258,783,1780408199.094,USDCAD
61,2026-06-02 13:50:00,1.38292,1.38374,1.38375,1.38289,779,1780408499.009,USDCAD
61,2026-06-02 13:55:00,1.38373,1.383,1.38377,1.383,737,1780408799.994,USDCAD
61,2026-06-02 14:00:00,1.38299,1.38366,1.38371,1.38299,816,1780409099.033,USDCAD
61,2026-06-02 14:05:00,1.38366,1.38352,1.38388,1.3835,763,1780409399.043,USDCAD
61,2026-06-02 14:10:00,1.38352,1.38367,1.38373,1.38336,816,1780409699.038,USDCAD
61,2026-06-02 14:15:00,1.38367,1.38376,1.38384,1.38336,788,1780409999.593,USDCAD
61,2026-06-02 14:20:00,1.38374,1.38427,1.38428,1.38367,785,1780410299.694,USDCAD
61,2026-06-02 14:25:00,1.38427,1.38405,1.38437,1.38396,786,1780410599.824,USDCAD
61,2026-06-02 14:30:00,1.38405,1.38337,1.38405,1.38334,918,1780410899.637,USDCAD
61,2026-06-02 14:35:00,1.38337,1.38309,1.3834,1.38292,906,1780411199.122,USDCAD
61,2026-06-02 14:40:00,1.38309,1.38271,1.38309,1.38253,911,1780411499.694,USDCAD
61,2026-06-02 14:45:00,1.38271,1.38272,1.38292,1.38268,766,1780411799.495,USDCAD
61,2026-06-02 14:50:00,1.38272,1.38315,1.38327,1.3827,718,1780412099.028,USDCAD
61,2026-06-02 14:55:00,1.38315,1.38318,1.38339,1.38301,815,1780412399.006,USDCAD
61,2026-06-02 15:00:00,1.38318,1.38338,1.38354,1.38308,777,1780412699.098,USDCAD
61,2026-06-02 15:05:00,1.38338,1.3832,1.38338,1.38288,738,1780412999.309,USDCAD
61,2026-06-02 15:10:00,1.3832,1.38279,1.3832,1.38277,654,1780413299.906,USDCAD
61,2026-06-02 15:15:00,1.38279,1.38271,1.38289,1.38268,521,1780413599.014,USDCAD
61,2026-06-02 15:20:00,1.38271,1.38251,1.38297,1.38241,650,1780413899.03,USDCAD
61,2026-06-02 15:25:00,1.38251,1.38292,1.38299,1.38251,760,1780414199.047,USDCAD
61,2026-06-02 15:30:00,1.38292,1.38282,1.38305,1.38279,604,1780414499.996,USDCAD
61,2026-06-02 15:35:00,1.38282,1.38268,1.38282,1.38252,606,1780414799.037,USDCAD
61,2026-06-02 15:40:00,1.38269,1.38272,1.38282,1.38265,557,1780415099.497,USDCAD
61,2026-06-02 15:45:00,1.38272,1.38236,1.38284,1.38231,553,1780415398.093,USDCAD
61,2026-06-02 15:50:00,1.38236,1.3824,1.3825,1.3823,604,1780415699.125,USDCAD
61,2026-06-02 15:55:00,1.3824,1.38236,1.38267,1.38235,573,1780415999.039,USDCAD
61,2026-06-02 16:00:00,1.38236,1.38253,1.38262,1.38232,646,1780416299.794,USDCAD
61,2026-06-02 16:05:00,1.38253,1.3826,1.38264,1.38234,606,1780416599.043,USDCAD
61,2026-06-02 16:10:00,1.3826,1.38245,1.38265,1.3824,545,1780416899.093,USDCAD
61,2026-06-02 16:15:00,1.38245,1.3826,1.38262,1.38229,558,1780417199.594,USDCAD
61,2026-06-02 16:20:00,1.3826,1.38254,1.38281,1.38239,618,1780417499.021,USDCAD
61,2026-06-02 16:25:00,1.38254,1.38274,1.38276,1.3825,492,1780417799.093,USDCAD
61,2026-06-02 16:30:00,1.38274,1.38292,1.38294,1.38263,536,1780418099.008,USDCAD
61,2026-06-02 16:35:00,1.38292,1.38316,1.38319,1.38288,485,1780418399.024,USDCAD
61,2026-06-02 16:40:00,1.38315,1.38325,1.38338,1.38315,476,1780418699.011,USDCAD
61,2026-06-02 16:45:00,1.38325,1.38343,1.38345,1.38325,533,1780418999.015,USDCAD
61,2026-06-02 16:50:00,1.38343,1.3833,1.38343,1.38319,528,1780419299.094,USDCAD
61,2026-06-02 16:55:00,1.3833,1.38331,1.38345,1.38326,520,1780419599.018,USDCAD
61,2026-06-02 17:00:00,1.38331,1.38356,1.38356,1.38318,697,1780419899.819,USDCAD
61,2026-06-02 17:05:00,1.38356,1.38381,1.38381,1.38356,544,1780420199.398,USDCAD
61,2026-06-02 17:10:00,1.38381,1.3838,1.38396,1.38366,464,1780420499.593,USDCAD
61,2026-06-02 17:15:00,1.3838,1.3838,1.38395,1.38375,469,1780420799.893,USDCAD
61,2026-06-02 17:20:00,1.3838,1.38359,1.38382,1.38348,478,1780421099.011,USDCAD
61,2026-06-02 17:25:00,1.38359,1.38348,1.38364,1.38346,618,1780421399.029,USDCAD
61,2026-06-02 17:30:00,1.38348,1.38349,1.38357,1.38336,520,1780421699.019,USDCAD
61,2026-06-02 17:35:00,1.38349,1.38368,1.38368,1.38348,514,1780421999.393,USDCAD
61,2026-06-02 17:40:00,1.38368,1.38378,1.38386,1.38366,482,1780422299.002,USDCAD
61,2026-06-02 17:45:00,1.38378,1.38384,1.38396,1.38375,483,1780422599.733,USDCAD
61,2026-06-02 17:50:00,1.38384,1.38392,1.38392,1.38376,428,1780422899.03,USDCAD
61,2026-06-02 17:55:00,1.38391,1.3839,1.38397,1.38381,410,1780423199.04,USDCAD
61,2026-06-02 18:00:00,1.3839,1.38384,1.38392,1.38377,490,1780423499.093,USDCAD
61,2026-06-02 18:05:00,1.38384,1.38398,1.38401,1.38383,447,1780423799.495,USDCAD
61,2026-06-02 18:10:00,1.38398,1.38392,1.38405,1.3839,455,1780424099.003,USDCAD
61,2026-06-02 18:15:00,1.38392,1.38396,1.38408,1.38384,466,1780424399.029,USDCAD
61,2026-06-02 18:20:00,1.38396,1.38371,1.38403,1.3837,513,1780424699.021,USDCAD
61,2026-06-02 18:25:00,1.38371,1.38374,1.38378,1.38367,449,1780424999.42,USDCAD
61,2026-06-02 18:30:00,1.38374,1.38364,1.3838,1.38359,535,1780425299.201,USDCAD
61,2026-06-02 18:35:00,1.38364,1.38345,1.38366,1.38337,630,1780425599.045,USDCAD
61,2026-06-02 18:40:00,1.38345,1.38336,1.38356,1.38336,634,1780425899.515,USDCAD
61,2026-06-02 18:45:00,1.38336,1.38325,1.38338,1.38322,491,1780426199.129,USDCAD
61,2026-06-02 18:50:00,1.38325,1.38321,1.38338,1.38317,469,1780426499.018,USDCAD
61,2026-06-02 18:55:00,1.38321,1.38317,1.38325,1.38294,657,1780426799.698,USDCAD
61,2026-06-02 19:00:00,1.38317,1.38319,1.38326,1.38306,487,1780427099.03,USDCAD
61,2026-06-02 19:05:00,1.38319,1.38319,1.38328,1.38316,374,1780427398.036,USDCAD
61,2026-06-02 19:10:00,1.38319,1.38326,1.38331,1.38318,401,1780427699.031,USDCAD
61,2026-06-02 19:15:00,1.38326,1.38327,1.38329,1.38316,417,1780427999.035,USDCAD
61,2026-06-02 19:20:00,1.38328,1.38331,1.38331,1.38319,407,1780428299.038,USDCAD
61,2026-06-02 19:25:00,1.38331,1.38331,1.38342,1.38327,397,1780428599.022,USDCAD
61,2026-06-02 19:30:00,1.38331,1.38338,1.38343,1.38329,398,1780428899.012,USDCAD
61,2026-06-02 19:35:00,1.38338,1.38355,1.38359,1.38337,433,1780429199.02,USDCAD
61,2026-06-02 19:40:00,1.38355,1.38367,1.38367,1.38353,380,1780429499.094,USDCAD
61,2026-06-02 19:45:00,1.38367,1.38356,1.38368,1.38354,423,1780429799.021,USDCAD
61,2026-06-02 19:50:00,1.38356,1.38346,1.38356,1.38336,432,1780430099.093,USDCAD
61,2026-06-02 19:55:00,1.38346,1.3836,1.38371,1.38336,802,1780430399.924,USDCAD
61,2026-06-02 20:00:00,1.38361,1.38355,1.38369,1.38348,583,1780430699.017,USDCAD
61,2026-06-02 20:05:00,1.38355,1.38347,1.38359,1.38341,411,1780430999.025,USDCAD
61,2026-06-02 20:10:00,1.38347,1.38363,1.38367,1.38347,394,1780431299.293,USDCAD
61,2026-06-02 20:15:00,1.38363,1.38354,1.38376,1.3835,456,1780431599.093,USDCAD
61,2026-06-02 20:20:00,1.38354,1.38371,1.38376,1.38354,458,1780431899.297,USDCAD
61,2026-06-02 20:25:00,1.38371,1.38366,1.38379,1.38366,412,1780432199.009,USDCAD
61,2026-06-02 20:30:00,1.38366,1.38367,1.38369,1.38353,389,1780432499.033,USDCAD
61,2026-06-02 20:35:00,1.38367,1.38386,1.38389,1.38366,358,1780432799.094,USDCAD
61,2026-06-02 20:40:00,1.38386,1.38391,1.38395,1.38383,415,1780433099.008,USDCAD
61,2026-06-02 20:45:00,1.38391,1.38396,1.38397,1.38387,404,1780433399.03,USDCAD
61,2026-06-02 20:50:00,1.38396,1.38396,1.384,1.38392,326,1780433699.194,USDCAD
61,2026-06-02 20:55:00,1.38396,1.38393,1.38401,1.38376,812,1780433999.096,USDCAD
61,2026-06-02 21:00:00,1.38393,1.38362,1.38393,1.38362,302,1780434299.024,USDCAD
61,2026-06-02 21:05:00,1.38362,1.38362,1.38373,1.38362,275,1780434599.094,USDCAD
61,2026-06-02 21:10:00,1.38362,1.38362,1.38362,1.38362,297,1780434899.014,USDCAD
61,2026-06-02 21:15:00,1.38362,1.3837,1.38376,1.38362,317,1780435198.042,USDCAD
61,2026-06-02 21:20:00,1.3837,1.38407,1.38407,1.38359,302,1780435499.009,USDCAD
61,2026-06-02 21:25:00,1.38407,1.384,1.38407,1.38348,321,1780435799.026,USDCAD
61,2026-06-02 21:30:00,1.384,1.38409,1.38416,1.38394,325,1780436099.027,USDCAD
61,2026-06-02 21:35:00,1.38409,1.38406,1.38409,1.38404,284,1780436399.044,USDCAD
61,2026-06-02 21:40:00,1.38406,1.38406,1.38406,1.38399,299,1780436699.006,USDCAD
61,2026-06-02 21:45:00,1.38406,1.38403,1.38407,1.384,535,1780436999.639,USDCAD
61,2026-06-02 21:50:00,1.38403,1.38402,1.38409,1.38395,642,1780437299.827,USDCAD
61,2026-06-02 21:55:00,1.38403,1.38414,1.38417,1.38402,328,1780437599.032,USDCAD
61,2026-06-02 22:00:00,1.38414,1.38405,1.38414,1.38378,415,1780437899.094,USDCAD
61,2026-06-02 22:05:00,1.38405,1.38395,1.3841,1.38388,327,1780438199.017,USDCAD
61,2026-06-02 22:10:00,1.38395,1.38421,1.38421,1.38394,387,1780438499.017,USDCAD
61,2026-06-02 22:15:00,1.38421,1.38418,1.38422,1.38417,331,1780438799.011,USDCAD
61,2026-06-02 22:20:00,1.38418,1.38409,1.38421,1.38409,321,1780439098.095,USDCAD
61,2026-06-02 22:25:00,1.38409,1.384,1.38411,1.38398,314,1780439399.042,USDCAD
61,2026-06-02 22:30:00,1.384,1.38401,1.38403,1.38397,334,1780439699.044,USDCAD
61,2026-06-02 22:35:00,1.38401,1.38403,1.38409,1.384,329,1780439999.021,USDCAD
61,2026-06-02 22:40:00,1.38403,1.38401,1.38407,1.38399,284,1780440299.138,USDCAD
61,2026-06-02 22:45:00,1.38401,1.38399,1.38401,1.38397,308,1780440599.018,USDCAD
61,2026-06-02 22:50:00,1.38399,1.38407,1.38409,1.38399,349,1780440899.034,USDCAD
61,2026-06-02 22:55:00,1.38407,1.38409,1.38409,1.38389,415,1780441199.045,USDCAD
61,2026-06-02 23:00:00,1.38409,1.38408,1.38416,1.38396,493,1780441499.029,USDCAD
61,2026-06-02 23:05:00,1.38408,1.38397,1.38408,1.38396,366,1780441799.031,USDCAD
61,2026-06-02 23:10:00,1.38397,1.384,1.38401,1.38396,300,1780442099.036,USDCAD
61,2026-06-02 23:15:00,1.384,1.38407,1.38408,1.38396,350,1780442399.894,USDCAD
61,2026-06-02 23:20:00,1.38407,1.38401,1.38428,1.38401,439,1780442699.021,USDCAD
61,2026-06-02 23:25:00,1.38401,1.38412,1.3842,1.384,384,1780442999.044,USDCAD
61,2026-06-02 23:30:00,1.38412,1.38426,1.38429,1.38407,353,1780443298.094,USDCAD
61,2026-06-02 23:35:00,1.38426,1.38441,1.38448,1.38418,393,1780443599.042,USDCAD
61,2026-06-02 23:40:00,1.38441,1.38447,1.38448,1.38436,394,1780443899.735,USDCAD
61,2026-06-02 23:45:00,1.38447,1.38457,1.38467,1.38445,421,1780444199.095,USDCAD
61,2026-06-02 23:50:00,1.38457,1.38453,1.38458,1.3845,466,1780444499.625,USDCAD
61,2026-06-02 23:55:00,1.38452,1.38458,1.3846,1.38448,597,1780444799.819,USDCAD
61,2026-06-03 00:00:00,1.38458,1.38461,1.38471,1.38455,601,1780445099.094,USDCAD
61,2026-06-03 00:05:00,1.38462,1.38465,1.38469,1.38456,574,1780445399.019,USDCAD
61,2026-06-03 00:10:00,1.38465,1.38453,1.38468,1.38451,486,1780445699.045,USDCAD
61,2026-06-03 00:15:00,1.38453,1.38438,1.38458,1.38428,490,1780445999.538,USDCAD
61,2026-06-03 00:20:00,1.38438,1.38421,1.3844,1.38414,459,1780446299.042,USDCAD
61,2026-06-03 00:25:00,1.38421,1.38412,1.38424,1.38408,441,1780446599.017,USDCAD
61,2026-06-03 00:30:00,1.38412,1.38399,1.38418,1.38399,470,1780446898.032,USDCAD
61,2026-06-03 00:35:00,1.38399,1.38399,1.38409,1.38399,356,1780447199.01,USDCAD
61,2026-06-03 00:40:00,1.38399,1.38409,1.38409,1.38387,491,1780447499.041,USDCAD
61,2026-06-03 00:45:00,1.38409,1.38407,1.38417,1.38406,404,1780447799.093,USDCAD
61,2026-06-03 00:50:00,1.38407,1.38407,1.38411,1.38399,460,1780448099.895,USDCAD
61,2026-06-03 00:55:00,1.38407,1.38409,1.38413,1.38404,456,1780448399.039,USDCAD
61,2026-06-03 01:00:00,1.38409,1.38409,1.38417,1.38402,547,1780448699.014,USDCAD
61,2026-06-03 01:05:00,1.38409,1.38409,1.38411,1.38401,467,1780448999.041,USDCAD
61,2026-06-03 01:10:00,1.38409,1.38399,1.38411,1.38397,410,1780449299.093,USDCAD
61,2026-06-03 01:15:00,1.38399,1.38403,1.38409,1.38394,501,1780449599.028,USDCAD
61,2026-06-03 01:20:00,1.38403,1.38393,1.38409,1.38392,447,1780449899.293,USDCAD
61,2026-06-03 01:25:00,1.38392,1.38389,1.38395,1.38381,424,1780450199.009,USDCAD
61,2026-06-03 01:30:00,1.38389,1.38387,1.38403,1.38384,546,1780450499.592,USDCAD
61,2026-06-03 01:35:00,1.38387,1.38373,1.38389,1.38366,509,1780450799.015,USDCAD
61,2026-06-03 01:40:00,1.38373,1.3838,1.38382,1.38368,412,1780451098.63,USDCAD
61,2026-06-03 01:45:00,1.3838,1.38369,1.38382,1.38369,394,1780451399.005,USDCAD
61,2026-06-03 01:50:00,1.38369,1.38385,1.38387,1.38369,512,1780451699.094,USDCAD
61,2026-06-03 01:55:00,1.38385,1.38401,1.38409,1.38384,525,1780451999.428,USDCAD
61,2026-06-03 02:00:00,1.38401,1.38393,1.38406,1.3839,436,1780452299.193,USDCAD
61,2026-06-03 02:05:00,1.38393,1.38382,1.38393,1.38378,398,1780452599.029,USDCAD
61,2026-06-03 02:10:00,1.38382,1.38381,1.38384,1.38375,393,1780452899.043,USDCAD
61,2026-06-03 02:15:00,1.38381,1.3839,1.38392,1.38376,428,1780453199.095,USDCAD
61,2026-06-03 02:20:00,1.3839,1.38396,1.38397,1.38389,468,1780453499.093,USDCAD
61,2026-06-03 02:25:00,1.38396,1.38421,1.38423,1.38394,510,1780453799.015,USDCAD
61,2026-06-03 02:30:00,1.38421,1.38424,1.38434,1.38421,421,1780454099.03,USDCAD
61,2026-06-03 02:35:00,1.38424,1.38422,1.38433,1.38418,424,1780454399.419,USDCAD
61,2026-06-03 02:40:00,1.38422,1.38433,1.38436,1.38416,477,1780454699.295,USDCAD
61,2026-06-03 02:45:00,1.38433,1.38454,1.38469,1.38431,478,1780454999.092,USDCAD
61,2026-06-03 02:50:00,1.38454,1.3845,1.38462,1.38448,483,1780455299.797,USDCAD
61,2026-06-03 02:55:00,1.3845,1.38448,1.3845,1.38438,431,1780455599.032,USDCAD
61,2026-06-03 03:00:00,1.38448,1.38443,1.3846,1.38442,462,1780455899.994,USDCAD
61,2026-06-03 03:05:00,1.38443,1.38444,1.38446,1.38436,525,1780456199.029,USDCAD
61,2026-06-03 03:10:00,1.38444,1.3845,1.38455,1.38441,425,1780456499.429,USDCAD
61,2026-06-03 03:15:00,1.38451,1.38448,1.38456,1.38447,475,1780456799.011,USDCAD
61,2026-06-03 03:20:00,1.38448,1.38443,1.38449,1.38439,433,1780457099.018,USDCAD
61,2026-06-03 03:25:00,1.38443,1.38455,1.38458,1.38443,401,1780457399.193,USDCAD
61,2026-06-03 03:30:00,1.38455,1.38466,1.3847,1.38452,421,1780457699.012,USDCAD
61,2026-06-03 03:35:00,1.38466,1.38467,1.38471,1.38463,417,1780457999.021,USDCAD
61,2026-06-03 03:40:00,1.38467,1.38469,1.3847,1.38457,389,1780458299.003,USDCAD
61,2026-06-03 03:45:00,1.38469,1.38468,1.3847,1.38465,332,1780458599.013,USDCAD
61,2026-06-03 03:50:00,1.38468,1.38468,1.38468,1.3846,393,1780458899.009,USDCAD
61,2026-06-03 03:55:00,1.38468,1.38478,1.38478,1.38468,419,1780459199.004,USDCAD
61,2026-06-03 04:00:00,1.38478,1.38469,1.38479,1.38469,347,1780459499.012,USDCAD
61,2026-06-03 04:05:00,1.38469,1.38477,1.38482,1.38469,357,1780459799.205,USDCAD
61,2026-06-03 04:10:00,1.38477,1.38481,1.38485,1.38477,454,1780460099.033,USDCAD
61,2026-06-03 04:15:00,1.38481,1.3848,1.38482,1.38475,389,1780460399.037,USDCAD
61,2026-06-03 04:20:00,1.3848,1.38484,1.38488,1.38475,386,1780460699.494,USDCAD
61,2026-06-03 04:25:00,1.38484,1.38487,1.38488,1.38479,476,1780460999.026,USDCAD
61,2026-06-03 04:30:00,1.38487,1.38484,1.38488,1.38484,327,1780461299.029,USDCAD
61,2026-06-03 04:35:00,1.38484,1.38495,1.38497,1.38484,345,1780461599.095,USDCAD
61,2026-06-03 04:40:00,1.38495,1.38497,1.38501,1.38494,365,1780461899.027,USDCAD
61,2026-06-03 04:45:00,1.38497,1.38499,1.38502,1.38495,706,1780462199.593,USDCAD
61,2026-06-03 04:50:00,1.38501,1.38499,1.38505,1.38497,438,1780462499.041,USDCAD
61,2026-06-03 04:55:00,1.38499,1.38489,1.38502,1.38484,426,1780462799.007,USDCAD
61,2026-06-03 05:00:00,1.38489,1.38496,1.38499,1.38484,423,1780463099.094,USDCAD
61,2026-06-03 05:05:00,1.38496,1.38484,1.38497,1.38482,358,1780463398.031,USDCAD
61,2026-06-03 05:10:00,1.38484,1.38495,1.38497,1.38484,378,1780463699.031,USDCAD
61,2026-06-03 05:15:00,1.38495,1.38506,1.38506,1.38492,399,1780463999.121,USDCAD
61,2026-06-03 05:20:00,1.38506,1.38518,1.38518,1.38504,367,1780464299.03,USDCAD
61,2026-06-03 05:25:00,1.38518,1.38542,1.38545,1.38516,370,1780464599.039,USDCAD
61,2026-06-03 05:30:00,1.38542,1.38536,1.38545,1.38531,510,1780464899.013,USDCAD
61,2026-06-03 05:35:00,1.38536,1.38516,1.38536,1.38511,476,1780465199.094,USDCAD
61,2026-06-03 05:40:00,1.38516,1.38523,1.38524,1.38511,383,1780465499.926,USDCAD
61,2026-06-03 05:45:00,1.38523,1.38496,1.38525,1.38495,444,1780465799.332,USDCAD
61,2026-06-03 05:50:00,1.38496,1.38495,1.38508,1.38492,494,1780466099.094,USDCAD
61,2026-06-03 05:55:00,1.38496,1.38512,1.38518,1.38493,554,1780466399.013,USDCAD
61,2026-06-03 06:00:00,1.38512,1.38495,1.38518,1.38491,715,1780466699.043,USDCAD
61,2026-06-03 06:05:00,1.38495,1.38509,1.38511,1.38486,518,1780466999.419,USDCAD
61,2026-06-03 06:10:00,1.38509,1.38533,1.38548,1.38509,613,1780467299.993,USDCAD
61,2026-06-03 06:15:00,1.38533,1.38529,1.3854,1.38524,654,1780467599.201,USDCAD
61,2026-06-03 06:20:00,1.38529,1.38573,1.38585,1.38528,603,1780467899.028,USDCAD
61,2026-06-03 06:25:00,1.38573,1.38574,1.38586,1.38563,818,1780468199.997,USDCAD
61,2026-06-03 06:30:00,1.38574,1.38549,1.38577,1.38532,726,1780468499.993,USDCAD
61,2026-06-03 06:35:00,1.38549,1.38531,1.38549,1.38529,561,1780468799.01,USDCAD
61,2026-06-03 06:40:00,1.38531,1.38552,1.38561,1.38531,542,1780469099.013,USDCAD
61,2026-06-03 06:45:00,1.38552,1.38522,1.38558,1.38521,475,1780469399.003,USDCAD
61,2026-06-03 06:50:00,1.38522,1.38511,1.38531,1.38509,471,1780469699.02,USDCAD
61,2026-06-03 06:55:00,1.38511,1.38523,1.38526,1.38502,557,1780469999.038,USDCAD
61,2026-06-03 07:00:00,1.38523,1.38544,1.38555,1.38523,877,1780470299.03,USDCAD
61,2026-06-03 07:05:00,1.38544,1.38544,1.38565,1.38539,669,1780470599.294,USDCAD
61,2026-06-03 07:10:00,1.38544,1.38532,1.38544,1.38515,680,1780470899.034,USDCAD
61,2026-06-03 07:15:00,1.38532,1.38533,1.38543,1.38522,520,1780471199.14,USDCAD
61,2026-06-03 07:20:00,1.38532,1.38525,1.38536,1.38518,745,1780471499.831,USDCAD
61,2026-06-03 07:25:00,1.38525,1.38556,1.38559,1.38518,724,1780471799.002,USDCAD
61,2026-06-03 07:30:00,1.38556,1.38495,1.38559,1.38491,719,1780472099.013,USDCAD
61,2026-06-03 07:35:00,1.38495,1.38507,1.38517,1.38464,868,1780472399.04,USDCAD
61,2026-06-03 07:40:00,1.38507,1.38469,1.38514,1.38469,618,1780472699.991,USDCAD
61,2026-06-03 07:45:00,1.38469,1.38473,1.38484,1.38462,770,1780472999.893,USDCAD
61,2026-06-03 07:50:00,1.38473,1.38484,1.38487,1.38465,502,1780473299.095,USDCAD
61,2026-06-03 07:55:00,1.38484,1.38513,1.38516,1.38482,465,1780473599.04,USDCAD
61,2026-06-03 08:00:00,1.38513,1.38509,1.38525,1.38493,636,1780473899.628,USDCAD
61,2026-06-03 08:05:00,1.38509,1.38538,1.38548,1.38508,642,1780474199.023,USDCAD
61,2026-06-03 08:10:00,1.38539,1.38548,1.38551,1.38538,568,1780474499.093,USDCAD
61,2026-06-03 08:15:00,1.38548,1.38544,1.38565,1.38542,640,1780474799.594,USDCAD
61,2026-06-03 08:20:00,1.38544,1.38558,1.38558,1.38539,570,1780475099.02,USDCAD
61,2026-06-03 08:25:00,1.38558,1.38543,1.38558,1.3854,444,1780475398.993,USDCAD
61,2026-06-03 08:30:00,1.38543,1.38563,1.38582,1.38531,741,1780475699.722,USDCAD
61,2026-06-03 08:35:00,1.38563,1.38589,1.38589,1.38562,608,1780475999.614,USDCAD
61,2026-06-03 08:40:00,1.38589,1.3859,1.38594,1.38578,652,1780476299.093,USDCAD
61,2026-06-03 08:45:00,1.3859,1.38578,1.3859,1.38572,524,1780476599.793,USDCAD
61,2026-06-03 08:50:00,1.38578,1.38582,1.38582,1.38572,642,1780476899.094,USDCAD
61,2026-06-03 08:55:00,1.38582,1.38574,1.38584,1.38573,591,1780477199.027,USDCAD
61,2026-06-03 09:00:00,1.38574,1.38565,1.38578,1.38552,670,1780477499.022,USDCAD
61,2026-06-03 09:05:00,1.38565,1.38542,1.38566,1.3854,610,1780477799.033,USDCAD
61,2026-06-03 09:10:00,1.38542,1.38552,1.38562,1.38542,484,1780478099.042,USDCAD
61,2026-06-03 09:15:00,1.38552,1.38532,1.38573,1.38532,510,1780478399.018,USDCAD
61,2026-06-03 09:20:00,1.38532,1.38542,1.38544,1.38518,552,1780478699.029,USDCAD
61,2026-06-03 09:25:00,1.38542,1.38552,1.38552,1.38515,621,1780478999.011,USDCAD
61,2026-06-03 09:30:00,1.38552,1.3855,1.38555,1.38538,591,1780479299.998,USDCAD
61,2026-06-03 09:35:00,1.3855,1.38546,1.38552,1.38542,460,1780479599.194,USDCAD
61,2026-06-03 09:40:00,1.38545,1.38548,1.38551,1.38533,522,1780479899.038,USDCAD
61,2026-06-03 09:45:00,1.38548,1.38552,1.38563,1.38536,515,1780480199.015,USDCAD
61,2026-06-03 09:50:00,1.38552,1.38567,1.38571,1.3855,503,1780480499.027,USDCAD
61,2026-06-03 09:55:00,1.38567,1.38571,1.38583,1.38564,629,1780480799.195,USDCAD
61,2026-06-03 10:00:00,1.38571,1.38533,1.38573,1.38531,669,1780481099.415,USDCAD
61,2026-06-03 10:05:00,1.38533,1.38514,1.38533,1.38472,1195,1780481399.793,USDCAD
61,2026-06-03 10:10:00,1.38514,1.38523,1.38527,1.38507,621,1780481699.094,USDCAD
61,2026-06-03 10:15:00,1.38523,1.38512,1.38525,1.3851,517,1780481999.094,USDCAD
61,2026-06-03 10:20:00,1.38512,1.38497,1.38518,1.38497,586,1780482299.014,USDCAD
61,2026-06-03 10:25:00,1.38497,1.38517,1.3853,1.38494,490,1780482599.994,USDCAD
61,2026-06-03 10:30:00,1.38516,1.38492,1.38516,1.38487,538,1780482899.028,USDCAD
61,2026-06-03 10:35:00,1.38492,1.38496,1.38498,1.38483,486,1780483199.993,USDCAD
61,2026-06-03 10:40:00,1.38495,1.38504,1.3851,1.38491,451,1780483499.697,USDCAD
61,2026-06-03 10:45:00,1.38504,1.38505,1.38514,1.38501,530,1780483799.228,USDCAD
61,2026-06-03 10:50:00,1.38505,1.38506,1.38516,1.38495,510,1780484099.394,USDCAD
61,2026-06-03 10:55:00,1.38506,1.38523,1.38526,1.38505,501,1780484399.633,USDCAD
61,2026-06-03 11:00:00,1.38523,1.38515,1.38535,1.38513,552,1780484699.027,USDCAD
61,2026-06-03 11:05:00,1.38515,1.38511,1.38532,1.38511,466,1780484999.44,USDCAD
61,2026-06-03 11:10:00,1.38512,1.38515,1.38523,1.385,567,1780485299.834,USDCAD
61,2026-06-03 11:15:00,1.38515,1.38531,1.38537,1.38514,491,1780485599.015,USDCAD
61,2026-06-03 11:20:00,1.38531,1.38538,1.38538,1.38526,550,1780485899.335,USDCAD
61,2026-06-03 11:25:00,1.38538,1.38533,1.38545,1.38532,479,1780486199.014,USDCAD
61,2026-06-03 11:30:00,1.38533,1.38542,1.38544,1.38523,562,1780486499.024,USDCAD
61,2026-06-03 11:35:00,1.38542,1.38512,1.38543,1.38504,499,1780486799.01,USDCAD
61,2026-06-03 11:40:00,1.38512,1.38521,1.38533,1.38499,464,1780487099.005,USDCAD
61,2026-06-03 11:45:00,1.38521,1.38512,1.38522,1.38501,616,1780487399.017,USDCAD
61,2026-06-03 11:50:00,1.38512,1.38521,1.38521,1.385,958,1780487699.232,USDCAD
61,2026-06-03 11:55:00,1.38521,1.38545,1.38556,1.38521,588,1780487999.019,USDCAD
61,2026-06-03 12:00:00,1.38545,1.38545,1.3855,1.38539,817,1780488299.993,USDCAD
61,2026-06-03 12:05:00,1.38545,1.38573,1.38579,1.38542,611,1780488599.007,USDCAD
61,2026-06-03 12:10:00,1.38573,1.38556,1.38573,1.3855,770,1780488899.994,USDCAD
61,2026-06-03 12:15:00,1.38556,1.38567,1.38578,1.38546,503,1780489199.594,USDCAD
61,2026-06-03 12:20:00,1.38567,1.38559,1.38571,1.3855,570,1780489499.023,USDCAD
61,2026-06-03 12:25:00,1.38559,1.38573,1.38576,1.3855,478,1780489799.028,USDCAD
61,2026-06-03 12:30:00,1.38573,1.38632,1.38637,1.3857,652,1780490099.394,USDCAD
61,2026-06-03 12:35:00,1.38632,1.38655,1.38669,1.38621,682,1780490399.998,USDCAD
61,2026-06-03 12:40:00,1.38651,1.38647,1.38673,1.38638,780,1780490699.094,USDCAD
61,2026-06-03 12:45:00,1.38647,1.38645,1.3866,1.38639,676,1780490999.014,USDCAD
61,2026-06-03 12:50:00,1.38645,1.38685,1.38687,1.38645,740,1780491298.82,USDCAD
61,2026-06-03 12:55:00,1.38685,1.38675,1.38699,1.38658,643,1780491599.004,USDCAD
61,2026-06-03 13:00:00,1.38675,1.38682,1.38687,1.38667,736,1780491899.093,USDCAD
61,2026-06-03 13:05:00,1.38682,1.38666,1.3869,1.38665,721,1780492199.017,USDCAD
61,2026-06-03 13:10:00,1.38666,1.3867,1.38672,1.38644,603,1780492499.599,USDCAD
61,2026-06-03 13:15:00,1.3867,1.38721,1.38738,1.38667,709,1780492799.027,USDCAD
61,2026-06-03 13:20:00,1.38722,1.38741,1.38751,1.38721,643,1780493099.094,USDCAD
61,2026-06-03 13:25:00,1.38741,1.38684,1.38749,1.38681,742,1780493399.714,USDCAD
61,2026-06-03 13:30:00,1.38684,1.38676,1.38706,1.38646,1114,1780493699.724,USDCAD
61,2026-06-03 13:35:00,1.38676,1.38646,1.38678,1.38633,1063,1780493999.022,USDCAD
61,2026-06-03 13:40:00,1.38646,1.38695,1.38705,1.38633,909,1780494299.311,USDCAD
61,2026-06-03 13:45:00,1.38695,1.38726,1.38727,1.38687,909,1780494599.018,USDCAD
61,2026-06-03 13:50:00,1.38726,1.3874,1.38751,1.38705,1100,1780494899.822,USDCAD
61,2026-06-03 13:55:00,1.3874,1.38743,1.38763,1.38722,807,1780495199.935,USDCAD
61,2026-06-03 14:00:00,1.38743,1.38717,1.3875,1.38695,680,1780495499.905,USDCAD
61,2026-06-03 14:05:00,1.38717,1.38721,1.38731,1.38698,804,1780495799.695,USDCAD
61,2026-06-03 14:10:00,1.38721,1.3868,1.38721,1.38657,892,1780496099.094,USDCAD
61,2026-06-03 14:15:00,1.38679,1.38719,1.38722,1.38653,985,1780496399.994,USDCAD
61,2026-06-03 14:20:00,1.38719,1.38715,1.38738,1.3871,942,1780496699.015,USDCAD
61,2026-06-03 14:25:00,1.38715,1.38674,1.38716,1.38672,769,1780496999.038,USDCAD
61,2026-06-03 14:30:00,1.38674,1.38711,1.38717,1.38674,908,1780497299.636,USDCAD
61,2026-06-03 14:35:00,1.38711,1.38716,1.38738,1.38705,740,1780497599.937,USDCAD
61,2026-06-03 14:40:00,1.38715,1.38754,1.38762,1.38715,675,1780497899.797,USDCAD
61,2026-06-03 14:45:00,1.38755,1.3877,1.38782,1.38735,722,1780498199.593,USDCAD
61,2026-06-03 14:50:00,1.3877,1.38753,1.38786,1.3872,1055,1780498499.894,USDCAD
61,2026-06-03 14:55:00,1.38753,1.38787,1.38799,1.38733,975,1780498799.497,USDCAD
61,2026-06-03 15:00:00,1.38787,1.38836,1.38837,1.38782,844,1780499099.01,USDCAD
61,2026-06-03 15:05:00,1.38836,1.3887,1.38875,1.38829,947,1780499399.816,USDCAD
61,2026-06-03 15:10:00,1.3887,1.38837,1.38889,1.3883,694,1780499699.012,USDCAD
61,2026-06-03 15:15:00,1.38837,1.38823,1.38847,1.38794,982,1780499999.019,USDCAD
61,2026-06-03 15:20:00,1.38823,1.38841,1.38853,1.38821,744,1780500299.003,USDCAD
61,2026-06-03 15:25:00,1.38841,1.38827,1.38859,1.38827,724,1780500599.994,USDCAD
61,2026-06-03 15:30:00,1.38827,1.38831,1.3886,1.38813,793,1780500899.609,USDCAD
61,2026-06-03 15:35:00,1.38831,1.38851,1.38855,1.38827,868,1780501199.193,USDCAD
61,2026-06-03 15:40:00,1.38851,1.38851,1.3887,1.38837,807,1780501499.543,USDCAD
61,2026-06-03 15:45:00,1.38851,1.38891,1.38899,1.38848,667,1780501799.994,USDCAD
61,2026-06-03 15:50:00,1.38891,1.38923,1.38923,1.38887,784,1780502099.694,USDCAD
61,2026-06-03 15:55:00,1.38923,1.38918,1.38928,1.38903,666,1780502399.708,USDCAD
61,2026-06-03 16:00:00,1.38918,1.38919,1.38933,1.38916,564,1780502699.994,USDCAD
61,2026-06-03 16:05:00,1.38919,1.38948,1.38966,1.38917,700,1780502999.093,USDCAD
61,2026-06-03 16:10:00,1.38948,1.38954,1.38985,1.38948,705,1780503299.092,USDCAD
61,2026-06-03 16:15:00,1.38954,1.38972,1.38979,1.38949,669,1780503599.793,USDCAD
61,2026-06-03 16:20:00,1.38972,1.38973,1.38984,1.38961,671,1780503899.793,USDCAD
61,2026-06-03 16:25:00,1.38973,1.38955,1.38974,1.38945,902,1780504199.739,USDCAD
61,2026-06-03 16:30:00,1.38955,1.38979,1.38979,1.38948,822,1780504499.094,USDCAD
61,2026-06-03 16:35:00,1.38979,1.38975,1.38982,1.38973,612,1780504799.194,USDCAD
61,2026-06-03 16:40:00,1.38975,1.38965,1.38978,1.38963,645,1780505099.093,USDCAD
61,2026-06-03 16:45:00,1.38965,1.38965,1.38973,1.38962,645,1780505399.693,USDCAD
61,2026-06-03 16:50:00,1.38965,1.38976,1.38977,1.38955,671,1780505699.035,USDCAD
61,2026-06-03 16:55:00,1.38976,1.38944,1.38984,1.38943,678,1780505999.006,USDCAD
61,2026-06-03 17:00:00,1.38944,1.38925,1.38951,1.38922,698,1780506299.013,USDCAD
61,2026-06-03 17:05:00,1.38925,1.38909,1.38932,1.38896,637,1780506599.74,USDCAD
61,2026-06-03 17:10:00,1.38909,1.38918,1.38935,1.38896,588,1780506899.035,USDCAD
61,2026-06-03 17:15:00,1.38918,1.38926,1.38935,1.38916,489,1780507199.042,USDCAD
61,2026-06-03 17:20:00,1.38926,1.38924,1.38929,1.38915,551,1780507499.495,USDCAD
61,2026-06-03 17:25:00,1.38924,1.38945,1.38946,1.38915,471,1780507799.014,USDCAD
61,2026-06-03 17:30:00,1.38945,1.38936,1.38948,1.38935,504,1780508099.593,USDCAD
61,2026-06-03 17:35:00,1.38936,1.38937,1.38949,1.38935,516,1780508398.094,USDCAD
61,2026-06-03 17:40:00,1.38937,1.38948,1.3895,1.38934,474,1780508699.041,USDCAD
61,2026-06-03 17:45:00,1.38948,1.38953,1.38957,1.38945,479,1780508999.038,USDCAD
61,2026-06-03 17:50:00,1.38953,1.38953,1.38958,1.38939,433,1780509299.033,USDCAD
61,2026-06-03 17:55:00,1.38953,1.38963,1.38972,1.38952,446,1780509599.01,USDCAD
61,2026-06-03 18:00:00,1.38963,1.38972,1.38973,1.38962,437,1780509899.294,USDCAD
61,2026-06-03 18:05:00,1.38972,1.38986,1.38987,1.38972,445,1780510199.194,USDCAD
61,2026-06-03 18:10:00,1.38986,1.38992,1.38993,1.38981,515,1780510499.192,USDCAD
61,2026-06-03 18:15:00,1.38992,1.38992,1.38993,1.38982,398,1780510799.031,USDCAD
61,2026-06-03 18:20:00,1.38992,1.38992,1.38996,1.38983,436,1780511099.037,USDCAD
61,2026-06-03 18:25:00,1.38992,1.38984,1.38992,1.3898,413,1780511399.017,USDCAD
61,2026-06-03 18:30:00,1.38984,1.38972,1.38989,1.38972,501,1780511699.393,USDCAD
61,2026-06-03 18:35:00,1.38972,1.38965,1.38978,1.38963,499,1780511998.024,USDCAD
61,2026-06-03 18:40:00,1.38965,1.38954,1.38969,1.38953,417,1780512299.026,USDCAD
61,2026-06-03 18:45:00,1.38953,1.38943,1.38956,1.38933,448,1780512599.043,USDCAD
61,2026-06-03 18:50:00,1.38943,1.3894,1.38945,1.38929,516,1780512899.03,USDCAD
61,2026-06-03 18:55:00,1.38939,1.38952,1.38955,1.38936,637,1780513199.794,USDCAD
61,2026-06-03 19:00:00,1.38952,1.38938,1.38962,1.38936,684,1780513499.027,USDCAD
61,2026-06-03 19:05:00,1.38938,1.38948,1.38949,1.38935,547,1780513799.994,USDCAD
61,2026-06-03 19:10:00,1.38948,1.38956,1.38959,1.38945,451,1780514099.013,USDCAD
61,2026-06-03 19:15:00,1.38956,1.38933,1.38958,1.38925,492,1780514399.01,USDCAD
61,2026-06-03 19:20:00,1.38933,1.38946,1.38952,1.38925,490,1780514699.093,USDCAD
61,2026-06-03 19:25:00,1.38946,1.38936,1.3895,1.38929,492,1780514999.009,USDCAD
61,2026-06-03 19:30:00,1.38936,1.38936,1.38948,1.3893,383,1780515299.094,USDCAD
61,2026-06-03 19:35:00,1.38936,1.38941,1.38945,1.38932,436,1780515599.011,USDCAD
61,2026-06-03 19:40:00,1.38941,1.38942,1.38944,1.38934,477,1780515899.393,USDCAD
61,2026-06-03 19:45:00,1.38942,1.38938,1.38951,1.38935,371,1780516199.031,USDCAD
61,2026-06-03 19:50:00,1.38938,1.38969,1.38969,1.38938,528,1780516499.7,USDCAD
61,2026-06-03 19:55:00,1.38969,1.38969,1.3897,1.38943,775,1780516799.939,USDCAD
61,2026-06-03 20:00:00,1.38969,1.38953,1.38969,1.38945,575,1780517099.019,USDCAD
61,2026-06-03 20:05:00,1.38953,1.38945,1.38971,1.38936,460,1780517399.094,USDCAD
61,2026-06-03 20:10:00,1.38945,1.38951,1.38961,1.38943,420,1780517699.012,USDCAD
61,2026-06-03 20:15:00,1.38951,1.3895,1.38956,1.38943,746,1780517999.093,USDCAD
61,2026-06-03 20:20:00,1.3895,1.38952,1.38956,1.38943,534,1780518299.093,USDCAD
61,2026-06-03 20:25:00,1.38952,1.38967,1.38973,1.3895,484,1780518599.093,USDCAD
61,2026-06-03 20:30:00,1.38967,1.38954,1.38971,1.38935,476,1780518899.011,USDCAD
61,2026-06-03 20:35:00,1.38954,1.38959,1.38959,1.3894,379,1780519199.008,USDCAD
61,2026-06-03 20:40:00,1.38959,1.38973,1.38974,1.38956,523,1780519499.042,USDCAD
61,2026-06-03 20:45:00,1.38973,1.38976,1.38977,1.38963,525,1780519799.039,USDCAD
61,2026-06-03 20:50:00,1.38976,1.38958,1.38976,1.38957,345,1780520099.004,USDCAD
61,2026-06-03 20:55:00,1.38958,1.38964,1.38984,1.38945,558,1780520399.899,USDCAD
61,2026-06-03 21:00:00,1.38964,1.38962,1.38964,1.38958,301,1780520699.093,USDCAD
61,2026-06-03 21:05:00,1.38962,1.3896,1.38962,1.3896,303,1780520999.094,USDCAD
61,2026-06-03 21:10:00,1.3896,1.3896,1.3896,1.3896,265,1780521299.039,USDCAD
61,2026-06-03 21:15:00,1.3896,1.3896,1.3896,1.3896,298,1780521599.024,USDCAD
61,2026-06-03 21:20:00,1.3896,1.38966,1.38966,1.3896,310,1780521899.011,USDCAD
61,2026-06-03 21:25:00,1.38966,1.38959,1.38967,1.38958,286,1780522199.01,USDCAD
61,2026-06-03 21:30:00,1.38959,1.38964,1.38965,1.38957,312,1780522499.015,USDCAD
61,2026-06-03 21:35:00,1.38964,1.3896,1.38964,1.38958,316,1780522799.022,USDCAD
61,2026-06-03 21:40:00,1.3896,1.38959,1.3896,1.38958,278,1780523099.003,USDCAD
61,2026-06-03 21:45:00,1.38959,1.38945,1.38962,1.38924,326,1780523399.031,USDCAD
61,2026-06-03 21:50:00,1.38945,1.38945,1.3895,1.38941,353,1780523699.002,USDCAD
61,2026-06-03 21:55:00,1.38945,1.38914,1.38962,1.38905,413,1780523998.041,USDCAD
61,2026-06-03 22:00:00,1.38914,1.38993,1.38996,1.38914,431,1780524299.01,USDCAD
61,2026-06-03 22:05:00,1.38993,1.38989,1.38994,1.38987,324,1780524599.701,USDCAD
61,2026-06-03 22:10:00,1.38989,1.38992,1.38999,1.38989,358,1780524899.093,USDCAD
61,2026-06-03 22:15:00,1.38992,1.38971,1.38993,1.38962,531,1780525199.839,USDCAD
61,2026-06-03 22:20:00,1.38971,1.38977,1.38978,1.38964,364,1780525499.093,USDCAD
61,2026-06-03 22:25:00,1.38977,1.38977,1.38977,1.38973,309,1780525799.008,USDCAD
61,2026-06-03 22:30:00,1.38977,1.38968,1.38977,1.38955,374,1780526099.001,USDCAD
61,2026-06-03 22:35:00,1.38968,1.38969,1.3897,1.38966,320,1780526399.042,USDCAD
61,2026-06-03 22:40:00,1.38969,1.38978,1.3898,1.38967,286,1780526699.042,USDCAD
61,2026-06-03 22:45:00,1.38978,1.38978,1.3898,1.38977,315,1780526999.092,USDCAD
61,2026-06-03 22:50:00,1.38978,1.38973,1.38987,1.38972,364,1780527299.002,USDCAD
61,2026-06-03 22:55:00,1.38973,1.38916,1.38978,1.38896,753,1780527598.038,USDCAD
61,2026-06-03 23:00:00,1.38916,1.38928,1.38929,1.38904,471,1780527899.013,USDCAD
61,2026-06-03 23:05:00,1.38928,1.38937,1.38937,1.38921,453,1780528199.093,USDCAD
61,2026-06-03 23:10:00,1.38937,1.38937,1.38958,1.38936,407,1780528499.028,USDCAD
61,2026-06-03 23:15:00,1.38937,1.38938,1.38942,1.38933,326,1780528799.012,USDCAD
61,2026-06-03 23:20:00,1.38938,1.38945,1.38948,1.38937,360,1780529099.794,USDCAD
61,2026-06-03 23:25:00,1.38946,1.38948,1.3895,1.38937,362,1780529399.093,USDCAD
61,2026-06-03 23:30:00,1.38948,1.38949,1.38954,1.38947,353,1780529699.911,USDCAD
61,2026-06-03 23:35:00,1.38949,1.38952,1.38959,1.38946,345,1780529999.006,USDCAD
61,2026-06-03 23:40:00,1.38952,1.38949,1.38952,1.3894,346,1780530299.026,USDCAD
61,2026-06-03 23:45:00,1.38949,1.38938,1.38955,1.38935,416,1780530599.028,USDCAD
61,2026-06-03 23:50:00,1.38938,1.38932,1.3895,1.38931,401,1780530899.093,USDCAD
61,2026-06-03 23:55:00,1.38932,1.38938,1.38942,1.38932,484,1780531199.093,USDCAD
61,2026-06-04 00:00:00,1.38938,1.38923,1.38948,1.38916,753,1780531499.543,USDCAD
61,2026-06-04 00:05:00,1.38923,1.38936,1.38939,1.38921,467,1780531799.292,USDCAD
61,2026-06-04 00:10:00,1.38936,1.38913,1.38941,1.38913,490,1780532099.03,USDCAD
61,2026-06-04 00:15:00,1.38913,1.38904,1.38923,1.38898,529,1780532399.935,USDCAD
61,2026-06-04 00:20:00,1.38904,1.38914,1.38916,1.38897,516,1780532699.692,USDCAD
61,2026-06-04 00:25:00,1.38914,1.38914,1.38922,1.3891,531,1780532999.113,USDCAD
61,2026-06-04 00:30:00,1.38914,1.38914,1.38921,1.38908,501,1780533299.493,USDCAD
61,2026-06-04 00:35:00,1.38914,1.38923,1.38932,1.38912,489,1780533599.034,USDCAD
61,2026-06-04 00:40:00,1.38922,1.38912,1.3893,1.38912,451,1780533899.015,USDCAD
61,2026-06-04 00:45:00,1.38912,1.38924,1.38932,1.38911,531,1780534199.525,USDCAD
61,2026-06-04 00:50:00,1.38924,1.38937,1.38942,1.38922,522,1780534499.493,USDCAD
61,2026-06-04 00:55:00,1.38936,1.38941,1.3895,1.38935,542,1780534799.024,USDCAD
61,2026-06-04 01:00:00,1.38941,1.38967,1.38972,1.38941,580,1780535099.031,USDCAD
61,2026-06-04 01:05:00,1.38967,1.3896,1.3897,1.38958,579,1780535399.593,USDCAD
61,2026-06-04 01:10:00,1.3896,1.38952,1.38962,1.38947,585,1780535699.038,USDCAD
61,2026-06-04 01:15:00,1.38952,1.38938,1.38958,1.38937,563,1780535999.094,USDCAD
61,2026-06-04 01:20:00,1.38938,1.38943,1.38946,1.38931,579,1780536299.01,USDCAD
61,2026-06-04 01:25:00,1.38943,1.38963,1.38966,1.3894,503,1780536599.046,USDCAD
61,2026-06-04 01:30:00,1.38963,1.38956,1.38965,1.38951,559,1780536899.018,USDCAD
61,2026-06-04 01:35:00,1.38956,1.38946,1.3896,1.38943,486,1780537199.743,USDCAD
61,2026-06-04 01:40:00,1.38946,1.38969,1.38971,1.38945,583,1780537499.025,USDCAD
61,2026-06-04 01:45:00,1.3897,1.38964,1.38976,1.38962,546,1780537799.016,USDCAD
61,2026-06-04 01:50:00,1.38964,1.38979,1.38984,1.38963,578,1780538099.0,USDCAD
61,2026-06-04 01:55:00,1.38979,1.38969,1.38979,1.38967,466,1780538399.037,USDCAD
61,2026-06-04 02:00:00,1.38969,1.38972,1.38978,1.38966,489,1780538699.024,USDCAD
61,2026-06-04 02:05:00,1.38973,1.38979,1.38979,1.38965,580,1780538999.594,USDCAD
61,2026-06-04 02:10:00,1.3898,1.38992,1.38992,1.38977,504,1780539298.009,USDCAD
61,2026-06-04 02:15:00,1.38992,1.39004,1.39006,1.38986,471,1780539599.005,USDCAD
61,2026-06-04 02:20:00,1.39004,1.39037,1.39038,1.39004,452,1780539899.094,USDCAD
61,2026-06-04 02:25:00,1.39037,1.39019,1.39037,1.39013,445,1780540199.002,USDCAD
61,2026-06-04 02:30:00,1.39019,1.39017,1.3902,1.3901,459,1780540499.014,USDCAD
61,2026-06-04 02:35:00,1.39017,1.39002,1.3902,1.39002,435,1780540799.542,USDCAD
61,2026-06-04 02:40:00,1.39002,1.38999,1.39006,1.38998,481,1780541099.092,USDCAD
61,2026-06-04 02:45:00,1.38999,1.38977,1.38999,1.38972,466,1780541399.031,USDCAD
61,2026-06-04 02:50:00,1.38977,1.38983,1.38987,1.38968,456,1780541699.001,USDCAD
61,2026-06-04 02:55:00,1.38983,1.38983,1.38986,1.38973,419,1780541999.03,USDCAD
61,2026-06-04 03:00:00,1.38983,1.38991,1.38998,1.38982,470,1780542299.039,USDCAD
61,2026-06-04 03:05:00,1.38991,1.3901,1.39011,1.38986,523,1780542599.028,USDCAD
61,2026-06-04 03:10:00,1.3901,1.39026,1.39028,1.39006,448,1780542899.013,USDCAD
61,2026-06-04 03:15:00,1.39026,1.39013,1.39028,1.39011,441,1780543198.019,USDCAD
61,2026-06-04 03:20:00,1.39013,1.39028,1.39028,1.39009,392,1780543499.795,USDCAD
61,2026-06-04 03:25:00,1.39028,1.39038,1.3904,1.39027,401,1780543799.014,USDCAD
61,2026-06-04 03:30:00,1.39038,1.39037,1.39044,1.39032,443,1780544099.702,USDCAD
61,2026-06-04 03:35:00,1.39037,1.39038,1.39041,1.39031,409,1780544399.012,USDCAD
61,2026-06-04 03:40:00,1.39038,1.39038,1.39044,1.39034,387,1780544699.02,USDCAD
61,2026-06-04 03:45:00,1.39038,1.39038,1.39043,1.39033,434,1780544999.032,USDCAD
61,2026-06-04 03:50:00,1.39038,1.39021,1.39039,1.3902,404,1780545299.593,USDCAD
61,2026-06-04 03:55:00,1.39021,1.39004,1.39024,1.39,423,1780545599.04,USDCAD
61,2026-06-04 04:00:00,1.39004,1.39012,1.39017,1.39002,461,1780545899.038,USDCAD
61,2026-06-04 04:05:00,1.39012,1.39013,1.39016,1.39007,428,1780546199.72,USDCAD
61,2026-06-04 04:10:00,1.39013,1.39027,1.39028,1.39012,424,1780546499.033,USDCAD
61,2026-06-04 04:15:00,1.39027,1.39019,1.39027,1.39013,429,1780546799.038,USDCAD
61,2026-06-04 04:20:00,1.39019,1.39027,1.39028,1.39016,419,1780547099.041,USDCAD
61,2026-06-04 04:25:00,1.39027,1.39024,1.39027,1.39022,349,1780547398.038,USDCAD
61,2026-06-04 04:30:00,1.39024,1.3901,1.39024,1.38991,471,1780547699.807,USDCAD
61,2026-06-04 04:35:00,1.3901,1.39041,1.39043,1.3901,485,1780547999.193,USDCAD
61,2026-06-04 04:40:00,1.39041,1.39026,1.39043,1.39026,460,1780548299.412,USDCAD
61,2026-06-04 04:45:00,1.39026,1.39033,1.39041,1.39019,393,1780548599.001,USDCAD
61,2026-06-04 04:50:00,1.39033,1.39033,1.39045,1.39033,421,1780548899.042,USDCAD
61,2026-06-04 04:55:00,1.39033,1.39037,1.3904,1.39025,562,1780549199.993,USDCAD
61,2026-06-04 05:00:00,1.39037,1.39045,1.39046,1.39028,512,1780549499.693,USDCAD
61,2026-06-04 05:05:00,1.39045,1.39063,1.39067,1.39041,602,1780549799.394,USDCAD
61,2026-06-04 05:10:00,1.39063,1.3907,1.3908,1.39061,456,1780550099.003,USDCAD
61,2026-06-04 05:15:00,1.3907,1.39074,1.39079,1.39067,443,1780550399.001,USDCAD
61,2026-06-04 05:20:00,1.39074,1.39088,1.39091,1.39074,470,1780550699.04,USDCAD
61,2026-06-04 05:25:00,1.39088,1.39087,1.39094,1.39083,463,1780550999.016,USDCAD
61,2026-06-04 05:30:00,1.39087,1.39074,1.39091,1.39072,461,1780551299.793,USDCAD
61,2026-06-04 05:35:00,1.39074,1.39074,1.39078,1.39067,421,1780551599.03,USDCAD
61,2026-06-04 05:40:00,1.39074,1.39074,1.39078,1.39061,492,1780551899.036,USDCAD
61,2026-06-04 05:45:00,1.39074,1.39071,1.39078,1.39067,441,1780552199.593,USDCAD
61,2026-06-04 05:50:00,1.39071,1.39046,1.39072,1.39045,459,1780552499.007,USDCAD
61,2026-06-04 05:55:00,1.39046,1.39041,1.39059,1.39038,475,1780552799.093,USDCAD
61,2026-06-04 06:00:00,1.39041,1.39032,1.39045,1.39018,698,1780553099.049,USDCAD
61,2026-06-04 06:05:00,1.39032,1.39067,1.39069,1.39031,593,1780553399.036,USDCAD
61,2026-06-04 06:10:00,1.39067,1.39057,1.39071,1.39047,556,1780553699.534,USDCAD
61,2026-06-04 06:15:00,1.39057,1.3906,1.39071,1.3905,661,1780553999.009,USDCAD
61,2026-06-04 06:20:00,1.3906,1.39076,1.39078,1.39058,644,1780554299.527,USDCAD
61,2026-06-04 06:25:00,1.39076,1.3906,1.3908,1.39056,522,1780554599.004,USDCAD
61,2026-06-04 06:30:00,1.3906,1.39047,1.39077,1.39037,668,1780554899.998,USDCAD
61,2026-06-04 06:35:00,1.39047,1.39047,1.39059,1.39025,648,1780555199.593,USDCAD
61,2026-06-04 06:40:00,1.39047,1.39048,1.39055,1.39038,552,1780555498.022,USDCAD
61,2026-06-04 06:45:00,1.39048,1.39076,1.39079,1.39048,544,1780555799.035,USDCAD
61,2026-06-04 06:50:00,1.39076,1.39076,1.39087,1.39068,688,1780556099.093,USDCAD
61,2026-06-04 06:55:00,1.39077,1.39097,1.39134,1.39077,672,1780556399.703,USDCAD
61,2026-06-04 07:00:00,1.39097,1.39115,1.39116,1.39075,759,1780556699.793,USDCAD
61,2026-06-04 07:05:00,1.39114,1.39132,1.39134,1.39111,558,1780556999.039,USDCAD
61,2026-06-04 07:10:00,1.39132,1.3912,1.39139,1.39115,653,1780557299.993,USDCAD
61,2026-06-04 07:15:00,1.3912,1.39136,1.39142,1.3912,613,1780557599.093,USDCAD
61,2026-06-04 07:20:00,1.39136,1.39152,1.39152,1.39131,609,1780557899.738,USDCAD
61,2026-06-04 07:25:00,1.39151,1.39179,1.3918,1.39149,604,1780558199.014,USDCAD
61,2026-06-04 07:30:00,1.39179,1.39196,1.39207,1.39175,807,1780558499.042,USDCAD
61,2026-06-04 07:35:00,1.39197,1.39246,1.3925,1.39191,794,1780558799.031,USDCAD
61,2026-06-04 07:40:00,1.39247,1.39238,1.39253,1.39231,761,1780559099.605,USDCAD
61,2026-06-04 07:45:00,1.39238,1.39241,1.3925,1.39232,563,1780559399.22,USDCAD
61,2026-06-04 07:50:00,1.39241,1.39228,1.39248,1.39222,643,1780559698.495,USDCAD
61,2026-06-04 07:55:00,1.39228,1.39226,1.39237,1.3922,639,1780559999.914,USDCAD
61,2026-06-04 08:00:00,1.39226,1.39209,1.39226,1.39202,765,1780560299.994,USDCAD
61,2026-06-04 08:05:00,1.39209,1.39216,1.39224,1.39206,564,1780560599.011,USDCAD
61,2026-06-04 08:10:00,1.39216,1.39192,1.39219,1.3919,649,1780560899.023,USDCAD
61,2026-06-04 08:15:00,1.39192,1.3917,1.39192,1.39168,666,1780561199.004,USDCAD
61,2026-06-04 08:20:00,1.3917,1.39181,1.39183,1.39163,653,1780561499.602,USDCAD
61,2026-06-04 08:25:00,1.39181,1.3916,1.39181,1.3915,585,1780561799.041,USDCAD
61,2026-06-04 08:30:00,1.39161,1.39166,1.3917,1.39142,620,1780562099.018,USDCAD
61,2026-06-04 08:35:00,1.39166,1.39166,1.39172,1.39151,599,1780562399.013,USDCAD
61,2026-06-04 08:40:00,1.39166,1.39175,1.39183,1.39162,542,1780562699.02,USDCAD
61,2026-06-04 08:45:00,1.39175,1.39184,1.39185,1.39156,530,1780562999.032,USDCAD
61,2026-06-04 08:50:00,1.39184,1.3918,1.39199,1.39171,507,1780563299.095,USDCAD
61,2026-06-04 08:55:00,1.3918,1.39166,1.39181,1.3916,447,1780563599.294,USDCAD
61,2026-06-04 09:00:00,1.39166,1.39141,1.39169,1.39125,734,1780563898.015,USDCAD
61,2026-06-04 09:05:00,1.39141,1.39136,1.39149,1.39128,651,1780564199.094,USDCAD
61,2026-06-04 09:10:00,1.39136,1.39108,1.39139,1.39102,730,1780564499.003,USDCAD
61,2026-06-04 09:15:00,1.39108,1.39087,1.39115,1.39074,693,1780564799.025,USDCAD
61,2026-06-04 09:20:00,1.39087,1.39067,1.39089,1.39065,595,1780565099.639,USDCAD
61,2026-06-04 09:25:00,1.39067,1.39057,1.39072,1.3905,668,1780565399.037,USDCAD
61,2026-06-04 09:30:00,1.39056,1.39051,1.39059,1.39038,697,1780565699.406,USDCAD
61,2026-06-04 09:35:00,1.39051,1.39047,1.39066,1.3903,830,1780565999.004,USDCAD
61,2026-06-04 09:40:00,1.39047,1.39041,1.39054,1.39038,601,1780566299.093,USDCAD
61,2026-06-04 09:45:00,1.39041,1.39024,1.39043,1.39023,600,1780566599.043,USDCAD
61,2026-06-04 09:50:00,1.39024,1.3901,1.39035,1.3901,579,1780566899.034,USDCAD
61,2026-06-04 09:55:00,1.3901,1.39006,1.39025,1.38999,598,1780567199.126,USDCAD
61,2026-06-04 10:00:00,1.39005,1.39002,1.39016,1.38998,718,1780567499.04,USDCAD
61,2026-06-04 10:05:00,1.39002,1.39006,1.39019,1.38993,605,1780567799.01,USDCAD
61,2026-06-04 10:10:00,1.39006,1.39006,1.39008,1.38979,709,1780568099.793,USDCAD
61,2026-06-04 10:15:00,1.39005,1.38997,1.39005,1.38987,523,1780568399.394,USDCAD
61,2026-06-04 10:20:00,1.38997,1.39017,1.39036,1.38996,562,1780568699.826,USDCAD
61,2026-06-04 10:25:00,1.39017,1.39006,1.3902,1.39006,602,1780568999.093,USDCAD
61,2026-06-04 10:30:00,1.39006,1.38998,1.39019,1.38995,551,1780569299.024,USDCAD
61,2026-06-04 10:35:00,1.38998,1.38989,1.38999,1.3898,664,1780569599.925,USDCAD
61,2026-06-04 10:40:00,1.38989,1.38987,1.38997,1.38979,581,1780569899.995,USDCAD
61,2026-06-04 10:45:00,1.38987,1.38989,1.38991,1.3897,578,1780570199.002,USDCAD
61,2026-06-04 10:50:00,1.38989,1.39006,1.39009,1.38987,658,1780570499.802,USDCAD
61,2026-06-04 10:55:00,1.39006,1.39004,1.3902,1.38997,657,1780570799.092,USDCAD
61,2026-06-04 11:00:00,1.39004,1.38968,1.39005,1.3896,612,1780571099.593,USDCAD
61,2026-06-04 11:05:00,1.38968,1.38963,1.38997,1.38962,652,1780571399.093,USDCAD
61,2026-06-04 11:10:00,1.38963,1.38977,1.38989,1.38963,792,1780571699.893,USDCAD
61,2026-06-04 11:15:00,1.38977,1.38943,1.38979,1.38929,747,1780571998.092,USDCAD
61,2026-06-04 11:20:00,1.38943,1.38933,1.38945,1.38923,637,1780572299.004,USDCAD
61,2026-06-04 11:25:00,1.38933,1.38925,1.38948,1.38921,688,1780572599.995,USDCAD
61,2026-06-04 11:30:00,1.38925,1.38953,1.38959,1.38904,695,1780572899.004,USDCAD
61,2026-06-04 11:35:00,1.38953,1.38919,1.38962,1.38917,570,1780573199.794,USDCAD
61,2026-06-04 11:40:00,1.38919,1.38911,1.3893,1.38909,628,1780573499.094,USDCAD
61,2026-06-04 11:45:00,1.38911,1.38912,1.38924,1.38899,644,1780573799.038,USDCAD
61,2026-06-04 11:50:00,1.38912,1.38922,1.38924,1.38905,583,1780574099.038,USDCAD
61,2026-06-04 11:55:00,1.38922,1.38948,1.38958,1.38921,587,1780574399.494,USDCAD
61,2026-06-04 12:00:00,1.38948,1.38966,1.38969,1.38928,680,1780574699.393,USDCAD
61,2026-06-04 12:05:00,1.38966,1.38961,1.38975,1.3894,627,1780574999.594,USDCAD
61,2026-06-04 12:10:00,1.38961,1.38963,1.38983,1.38939,870,1780575299.024,USDCAD
61,2026-06-04 12:15:00,1.38963,1.38952,1.38983,1.38941,823,1780575599.63,USDCAD
61,2026-06-04 12:20:00,1.38952,1.38921,1.38959,1.38916,714,1780575899.009,USDCAD
61,2026-06-04 12:25:00,1.38921,1.3893,1.38937,1.38905,772,1780576199.993,USDCAD
61,2026-06-04 12:30:00,1.38931,1.38916,1.38941,1.38882,612,1780576499.014,USDCAD
61,2026-06-04 12:35:00,1.38916,1.38942,1.38947,1.38916,629,1780576799.031,USDCAD
61,2026-06-04 12:40:00,1.38942,1.38912,1.38952,1.38909,596,1780577099.018,USDCAD
61,2026-06-04 12:45:00,1.38912,1.38892,1.38913,1.38888,587,1780577399.019,USDCAD
61,2026-06-04 12:50:00,1.38892,1.38884,1.38912,1.38881,645,1780577699.017,USDCAD
61,2026-06-04 12:55:00,1.38884,1.3891,1.3891,1.38883,630,1780577999.917,USDCAD
61,2026-06-04 13:00:00,1.3891,1.38893,1.38916,1.38886,706,1780578299.795,USDCAD
61,2026-06-04 13:05:00,1.38893,1.38913,1.38922,1.38889,700,1780578599.01,USDCAD
61,2026-06-04 13:10:00,1.38913,1.38944,1.3895,1.38899,766,1780578899.038,USDCAD
61,2026-06-04 13:15:00,1.38944,1.38931,1.3895,1.38929,669,1780579199.799,USDCAD
61,2026-06-04 13:20:00,1.38931,1.38935,1.38942,1.38907,589,1780579499.093,USDCAD
61,2026-06-04 13:25:00,1.38934,1.38927,1.38949,1.38924,806,1780579799.193,USDCAD
61,2026-06-04 13:30:00,1.38927,1.38895,1.38939,1.38893,1113,1780580099.718,USDCAD
61,2026-06-04 13:35:00,1.38895,1.38858,1.38901,1.38858,796,1780580399.793,USDCAD
61,2026-06-04 13:40:00,1.38858,1.38825,1.38864,1.38824,917,1780580699.993,USDCAD
61,2026-06-04 13:45:00,1.38826,1.38871,1.38879,1.38811,951,1780580999.044,USDCAD
61,2026-06-04 13:50:00,1.38871,1.38873,1.38898,1.38853,913,1780581299.093,USDCAD
61,2026-06-04 13:55:00,1.38873,1.38875,1.389,1.38856,768,1780581599.036,USDCAD
61,2026-06-04 14:00:00,1.38874,1.38902,1.38904,1.38853,956,1780581899.003,USDCAD
61,2026-06-04 14:05:00,1.38902,1.38898,1.38905,1.38883,859,1780582199.894,USDCAD
61,2026-06-04 14:10:00,1.38898,1.38872,1.38903,1.38864,714,1780582499.026,USDCAD
61,2026-06-04 14:15:00,1.38872,1.38862,1.38875,1.38858,686,1780582799.221,USDCAD
61,2026-06-04 14:20:00,1.38862,1.38881,1.38882,1.3886,681,1780583099.043,USDCAD
61,2026-06-04 14:25:00,1.38881,1.38897,1.38905,1.3887,683,1780583399.093,USDCAD
61,2026-06-04 14:30:00,1.38897,1.38925,1.38928,1.38897,675,1780583699.094,USDCAD
61,2026-06-04 14:35:00,1.38925,1.38958,1.38978,1.38925,805,1780583999.928,USDCAD
61,2026-06-04 14:40:00,1.38958,1.3895,1.3896,1.38933,742,1780584299.04,USDCAD
61,2026-06-04 14:45:00,1.3895,1.38958,1.38978,1.38949,874,1780584599.005,USDCAD
61,2026-06-04 14:50:00,1.38958,1.38945,1.38962,1.3892,896,1780584899.594,USDCAD
61,2026-06-04 14:55:00,1.38945,1.38943,1.38956,1.38921,666,1780585199.021,USDCAD
61,2026-06-04 15:00:00,1.38943,1.3895,1.38959,1.38928,816,1780585499.005,USDCAD
61,2026-06-04 15:05:00,1.3895,1.38986,1.3899,1.38945,876,1780585799.893,USDCAD
61,2026-06-04 15:10:00,1.38986,1.38986,1.38993,1.3897,710,1780586099.997,USDCAD
61,2026-06-04 15:15:00,1.38986,1.39038,1.3904,1.38986,714,1780586399.038,USDCAD
61,2026-06-04 15:20:00,1.39038,1.39017,1.3905,1.39016,638,1780586699.594,USDCAD
61,2026-06-04 15:25:00,1.39017,1.39016,1.39044,1.39014,653,1780586999.038,USDCAD
61,2026-06-04 15:30:00,1.39016,1.39004,1.39022,1.38996,653,1780587299.644,USDCAD
61,2026-06-04 15:35:00,1.39004,1.38991,1.39013,1.38984,631,1780587599.892,USDCAD
61,2026-06-04 15:40:00,1.3899,1.38986,1.38999,1.38976,683,1780587899.045,USDCAD
61,2026-06-04 15:45:00,1.38986,1.38977,1.38997,1.38968,560,1780588199.094,USDCAD
61,2026-06-04 15:50:00,1.38977,1.38939,1.38977,1.38932,572,1780588499.029,USDCAD
61,2026-06-04 15:55:00,1.38939,1.38907,1.38943,1.38903,675,1780588799.11,USDCAD
61,2026-06-04 16:00:00,1.38907,1.38918,1.38921,1.38901,760,1780589099.0,USDCAD
61,2026-06-04 16:05:00,1.38919,1.38902,1.38923,1.38894,793,1780589399.0,USDCAD
61,2026-06-04 16:10:00,1.38902,1.38912,1.38918,1.38897,602,1780589699.003,USDCAD
61,2026-06-04 16:15:00,1.38912,1.38937,1.38938,1.38909,550,1780589999.227,USDCAD
61,2026-06-04 16:20:00,1.38937,1.38953,1.38955,1.38928,615,1780590299.694,USDCAD
61,2026-06-04 16:25:00,1.38953,1.38941,1.38964,1.38936,625,1780590599.009,USDCAD
61,2026-06-04 16:30:00,1.38941,1.38973,1.38976,1.38938,805,1780590899.993,USDCAD
61,2026-06-04 16:35:00,1.38973,1.38958,1.38978,1.3895,541,1780591199.006,USDCAD
61,2026-06-04 16:40:00,1.38958,1.38977,1.38981,1.38958,660,1780591499.045,USDCAD
61,2026-06-04 16:45:00,1.38977,1.38967,1.38983,1.38966,633,1780591799.393,USDCAD
61,2026-06-04 16:50:00,1.38967,1.3898,1.38989,1.38965,530,1780592099.017,USDCAD
61,2026-06-04 16:55:00,1.3898,1.38967,1.38987,1.38951,676,1780592399.041,USDCAD
61,2026-06-04 17:00:00,1.38968,1.38969,1.38972,1.38954,675,1780592699.029,USDCAD
61,2026-06-04 17:05:00,1.38969,1.38993,1.38998,1.38966,695,1780592999.394,USDCAD
61,2026-06-04 17:10:00,1.38994,1.38987,1.38997,1.38985,460,1780593299.708,USDCAD
61,2026-06-04 17:15:00,1.38987,1.38978,1.39001,1.38977,551,1780593599.003,USDCAD
61,2026-06-04 17:20:00,1.38978,1.3899,1.38994,1.38977,519,1780593899.011,USDCAD
61,2026-06-04 17:25:00,1.3899,1.39001,1.39004,1.38987,459,1780594199.038,USDCAD
61,2026-06-04 17:30:00,1.39001,1.39002,1.39017,1.38993,514,1780594499.094,USDCAD
61,2026-06-04 17:35:00,1.39002,1.39011,1.39024,1.38997,546,1780594799.039,USDCAD
61,2026-06-04 17:40:00,1.39011,1.39003,1.39012,1.38999,622,1780595099.802,USDCAD
61,2026-06-04 17:45:00,1.39003,1.39006,1.39018,1.38999,479,1780595399.401,USDCAD
61,2026-06-04 17:50:00,1.39006,1.39011,1.39014,1.38997,560,1780595699.03,USDCAD
61,2026-06-04 17:55:00,1.39011,1.39011,1.39024,1.39008,537,1780595999.896,USDCAD
61,2026-06-04 18:00:00,1.39011,1.3901,1.39017,1.38996,630,1780596299.097,USDCAD
61,2026-06-04 18:05:00,1.3901,1.39016,1.39019,1.39004,420,1780596599.019,USDCAD
61,2026-06-04 18:10:00,1.39016,1.39013,1.39017,1.39005,553,1780596899.534,USDCAD
61,2026-06-04 18:15:00,1.39013,1.39004,1.39018,1.39001,472,1780597199.008,USDCAD
61,2026-06-04 18:20:00,1.39004,1.38999,1.39006,1.38985,495,1780597499.016,USDCAD
61,2026-06-04 18:25:00,1.38999,1.39006,1.39007,1.38982,498,1780597799.02,USDCAD
61,2026-06-04 18:30:00,1.39006,1.38984,1.39014,1.38984,541,1780598099.027,USDCAD
61,2026-06-04 18:35:00,1.38984,1.38958,1.38986,1.38956,567,1780598399.992,USDCAD
61,2026-06-04 18:40:00,1.38958,1.38969,1.38976,1.38957,531,1780598699.593,USDCAD
61,2026-06-04 18:45:00,1.38969,1.38979,1.38984,1.38967,516,1780598999.094,USDCAD
61,2026-06-04 18:50:00,1.38979,1.38996,1.39001,1.38976,540,1780599299.116,USDCAD
61,2026-06-04 18:55:00,1.38996,1.38994,1.39005,1.38986,565,1780599599.936,USDCAD
61,2026-06-04 19:00:00,1.38994,1.39003,1.39004,1.38977,553,1780599899.001,USDCAD
61,2026-06-04 19:05:00,1.39003,1.39027,1.39031,1.39002,519,1780600199.031,USDCAD
61,2026-06-04 19:10:00,1.39027,1.39032,1.39039,1.3902,467,1780600499.014,USDCAD
61,2026-06-04 19:15:00,1.39032,1.39024,1.39033,1.39014,540,1780600799.025,USDCAD
61,2026-06-04 19:20:00,1.39024,1.39028,1.39034,1.39017,453,1780601099.035,USDCAD
61,2026-06-04 19:25:00,1.39028,1.39034,1.39035,1.39021,446,1780601399.033,USDCAD
61,2026-06-04 19:30:00,1.39034,1.39013,1.39035,1.39011,517,1780601699.021,USDCAD
61,2026-06-04 19:35:00,1.39013,1.39019,1.39032,1.39013,467,1780601999.015,USDCAD
61,2026-06-04 19:40:00,1.39019,1.39034,1.39038,1.39019,431,1780602299.393,USDCAD
61,2026-06-04 19:45:00,1.39034,1.39043,1.39045,1.39026,399,1780602599.03,USDCAD
61,2026-06-04 19:50:00,1.39043,1.39026,1.39043,1.39024,491,1780602899.507,USDCAD
61,2026-06-04 19:55:00,1.39026,1.39038,1.39053,1.39024,601,1780603199.194,USDCAD
61,2026-06-04 20:00:00,1.39038,1.39053,1.3906,1.39038,461,1780603499.607,USDCAD
61,2026-06-04 20:05:00,1.39053,1.39089,1.39089,1.39053,416,1780603799.139,USDCAD
61,2026-06-04 20:10:00,1.39089,1.39109,1.3911,1.39087,381,1780604099.092,USDCAD
61,2026-06-04 20:15:00,1.39109,1.39109,1.39109,1.39109,5,1780604104.016,USDCAD
