symbol_id,timestamp,open,close,high,low,volume,last_tick,asset,return_1,return_5,return_10,return_20,range,body,upper_shadow,lower_shadow,rsi_14,rsi_7,rsi_21,macd,macd_signal,macd_hist,ema_7,dist_ema_7,ema_7_slope,ema_14,dist_ema_14,ema_14_slope,ema_21,dist_ema_21,ema_21_slope,ema_50,dist_ema_50,ema_50_slope,ema_100,dist_ema_100,ema_100_slope,ema_200,dist_ema_200,ema_200_slope,bb_upper,bb_lower,bb_width,bb_pct,atr,atr_pct,adx,plus_di,minus_di,volume_ma,volume_ratio,volatility_5,volatility_10,volatility_20,target_call_1,target_put_1,target_call_5,target_put_5
63,2026-05-23 22:35:00,159.118,159.118,159.118,159.118,0,1779575700.0,USDJPY,0.0,0.0,0.0,0.0,0.0,0.0,0.0,0.0,76.48803008788451,89.61016209137594,68.71225150852243,3.098637563425655e-05,4.556053137631772e-05,-1.4574155742061174e-05,159.11799999999994,3.572406570017725e-16,0.0,159.11799996039397,2.489097498922115e-10,4.13969303281192e-08,159.11799508213733,3.0907017560579476e-08,3.0024042985132837e-06,159.11671799746995,8.056994552058639e-06,0.0002838806624367862,159.1067984772042,7.040254032517658e-05,0.0011781157041070855,159.07993460412004,0.0002392847091286666,0.001951671254772691,159.11800036841535,159.11799963158464,4.630718798481166e-09,0.49993215101628247,1.0253612825571307e-05,6.44403073541102e-08,46.09777097965469,42.348025406904675,15.617711281461593,0.0,0.0,0.0,0.0,0.0,0,0,0,1
63,2026-05-23 22:40:00,159.118,159.118,159.118,159.118,0,1779576000.0,USDJPY,0.0,0.0,0.0,0.0,0.0,0.0,0.0,0.0,76.48803008788451,89.61016209137594,68.71225150852243,2.869136807248651e-05,4.218669871555148e-05,-1.3495330643064969e-05,159.11799999999994,3.572406570017725e-16,0.0,159.11799996567478,2.1572173560066962e-10,3.587734909160645e-08,159.11799552921573,2.8097288726157616e-08,2.729458458361478e-06,159.11676827207896,7.741031535605984e-06,0.0002727480874398225,159.10702028953676,6.900833441071077e-05,0.001154786680245934,159.08031336427806,0.00023690320269637152,0.001932251640312188,159.11800036841535,159.11799963158464,4.630718798481166e-09,0.49993215101628247,9.521211909459072e-06,5.983742825738805e-08,46.098929494113584,42.348025406904675,15.617711281461597,0.0,0.0,0.0,0.0,0.0,0,0,0,1
63,2026-05-23 22:45:00,159.118,159.118,159.118,159.118,0,1779576300.0,USDJPY,0.0,0.0,0.0,0.0,0.0,0.0,0.0,0.0,76.48803008788451,89.61016209137594,68.71225150852243,2.656631804143217e-05,3.906262258072762e-05,-1.249630453929545e-05,159.11799999999994,3.572406570017725e-16,0.0,159.11799997025147,1.8695886133124667e-10,3.109369117737515e-08,159.11799593565064,2.554298984819007e-08,2.481325850567373e-06,159.11681657513466,7.4374594138056185e-06,0.00026205208399687763,159.10723770954593,6.76417403067134e-05,0.001131919617279209,159.08068835567826,0.00023454540401729988,0.0019130252558170469,159.11800036841535,159.11799963158464,4.630718798481166e-09,0.49993215101628247,8.84112534449771e-06,5.556332623900319e-08,46.1000052575397,42.348025406904675,15.617711281461599,0.0,0.0,0.0,0.0,0.0,0,0,0,1
63,2026-05-23 22:50:00,159.118,159.118,159.118,159.118,0,1779576600.0,USDJPY,0.0,0.0,0.0,0.0,0.0,0.0,0.0,0.0,76.4880300878845,89.61016209137594,68.71225150852243,2.4598642738737908e-05,3.616982661232968e-05,-1.1571183873591769e-05,159.11799999999994,3.572406570017725e-16,0.0,159.11799997421795,1.620309655176204e-10,2.6947873266180977e-08,159.11799630513693,2.3220899921737442e-08,2.2557507577403157e-06,159.1168629839529,7.145792254656939e-06,0.00025177553166599864,159.10745082420837,6.630221109682312e-05,0.0011095053674239352,159.08105961582078,0.00023221107697188098,0.0018939901786438895,159.11800036841535,159.11799963158464,4.630718798481166e-09,0.49993215101628247,8.209616391319302e-06,5.1594517221931534e-08,46.10100418072109,42.348025406904675,15.617711281461597,0.0,0.0,0.0,0.0,0.0,0,1,0,1
63,2026-05-25 08:15:00,158.938,158.954,158.956,158.938,417,1779697199.008,USDJPY,-0.0010306816324990864,-0.0010306816324990864,-0.0010306816324990864,-0.0010306816324990864,0.00011324030851693371,0.8888888839516699,0.1111111104927745,0.0,0.029056878422721866,5.622077154043836e-06,0.5022600935318877,-0.01305984439227359,-0.0025830330171648544,-0.010476811375108735,159.07699999999994,-0.0007732104578281817,-0.04099999999999682,159.0961333109889,-0.0008933800465851987,-0.02186664331182442,159.10308755012449,-0.0009370500121659055,-0.014907040226574964,159.1104762002685,-0.0009834437304526262,-0.0061894705675911155,159.104412194026,-0.0009453678370814967,-0.002159989788395933,159.0797953410365,-0.0007907688136434809,0.00024330370919756206,159.18128594267495,159.03831405732507,0.0008994544670148584,-0.5897247354593814,0.012864766072363854,8.09338932795894e-05,49.947346648045915,0.02509438618360122,99.94999715524365,20.85,19.999999999904077,0.0004609348386856827,0.00032593015011977365,0.00023046741934284134,0,0,0,0
63,2026-05-25 08:20:00,158.954,158.944,158.954,158.939,420,1779697499.016,USDJPY,-6.291128250957012e-05,-0.0010935280735052677,-0.0010935280735052677,-0.0010935280735052677,9.437286088191301e-05,0.6666666622228539,0.0,0.3333333311104795,0.02726704004220437,5.248694449733193e-06,0.47224584905173117,-0.02396007931264421,-0.006858442276260726,-0.017101637036383486,159.04374999999996,-0.0006271859158248711,-0.07424999999997794,159.07584886952372,-0.00082884278450012,-0.04215109087024871,159.0886250455677,-0.0009090847665965854,-0.029370036569616786,159.10394772182661,-0.001005303288302277,-0.012770275643333662,159.1012357149364,-0.0009882746304882655,-0.005562762267800281,159.07844414361324,-0.0008451436920760771,-0.0014904605068011278,159.2025492976817,158.9996507023183,0.0012765413942232606,-0.2742784009480027,0.013017282781481777,8.189854779973939e-05,53.51895036770468,0.02302891349233849,91.72329704369237,41.85,10.035842293882828,0.00045471786975182605,0.0003243228690778969,0.00023015614652141156,0,0,0,0
63,2026-05-25 08:25:00,158.944,158.938,158.945,158.935,447,1779697799.692,USDJPY,-3.7749144352727804e-05,-0.001131235938108821,-0.001131235938108821,-0.001131235938108821,6.29176156739792e-05,0.5999999940005685,0.09999999900056845,0.29999999699886315,0.02622330972492648,5.0155249056160756e-06,0.4551118995373713,-0.03270573254869191,-0.012027900330746964,-0.020677832217944947,159.01731249999997,-0.0004987664472067225,-0.10068749999996385,159.0574690202539,-0.0007511060058343035,-0.060530945420879334,159.074931859607,-0.0008608009948913113,-0.04306366960872765,159.09743996802948,-0.0010021529451481293,-0.019328304049480494,159.0980033245416,-0.0010056903367619099,-0.009016964995169019,159.07704668944794,-0.0008740839256300765,-0.0032666748301153348,159.21551458584827,158.9686854141517,0.0015529902961944969,-0.124318426093535,0.012801762582803857,8.05456378135113e-05,56.83552959908804,0.021743994819769203,88.83734976700161,64.2,6.9626168224190605,0.0004504721089816028,0.00032312604513638635,0.000229838697691428,0,0,0,0
63,2026-05-25 08:30:00,158.938,158.925,158.942,158.924,337,1779698099.06,USDJPY,-8.179290037613196e-05,-0.0012129363114166125,-0.0012129363114166125,-0.0012129363114166125,0.00011326097215668196,0.7222222182085607,0.22222222098870698,0.055555555247176744,0.024073198688952857,4.509168917365969e-06,0.4204106994141057,-0.040222062205998554,-0.017666732705797283,-0.02255532950020127,158.99423437499996,-0.00043545211102848146,-0.1237656249999759,159.03980648422007,-0.0007218726352728876,-0.07819348603140952,159.0613016905518,-0.0008569129581056724,-0.05669424509883925,159.09067761634205,-0.0010414036750888715,-0.02613895879261463,159.09457751613482,-0.0010658912376671676,-0.012660193411107912,159.07553378706538,-0.0009463038311527611,-0.005154568612880439,159.2249596137111,158.9399403862889,0.0017934197100657337,-0.05241887159251767,0.013173065255460773,8.288856539538003e-05,59.91545233753077,0.019621742784005886,86.13122023931791,81.05,4.157927205423618,0.0004415988698416852,0.00032097211551361163,0.00022950664615561977,0,0,0,0
63,2026-05-25 08:35:00,158.925,158.944,158.949,158.913,489,1779698399.037,USDJPY,0.00011955324838752723,-0.0010935280735052677,-0.0010935280735052677,-0.0010935280735052677,0.00022649486611637663,0.5277777763110705,0.1388888885037443,0.3333333324074074,11.451525087576073,14.686389520005775,10.85171994060201,-0.044136883878195476,-0.02296076294027692,-0.021176120937918555,158.98167578124998,-0.00023698191042989943,-0.13632421874996226,159.02703228632404,-0.0005221268681827494,-0.09096768789390808,159.05063790050164,-0.0006704650915538175,-0.06735840463528575,159.0849255529561,-0.0008858510790149874,-0.03193743099680546,159.09159578314205,-0.0009277409181516651,-0.015855041066316744,159.07422499316422,-0.0008186429521805289,-0.0068346226565552115,159.2273310860753,158.92016891392467,0.0019325181960353356,0.07758470354830331,0.01480356059435653,9.313695763512011e-05,62.775606357520196,0.016213379682620942,76.47753927283799,105.5,4.635071090043,0.0004608379109864604,0.0003281392686631998,0.00023270429221827237,0,0,0,0
63,2026-05-25 08:40:00,158.944,158.94,158.954,158.937,428,1779698699.596,USDJPY,-2.5166096235040847e-05,-8.807579551317612e-05,-0.0011186666499075626,-0.0011186666499075626,0.0001069586007298094,0.23529411626248403,0.5882352906587179,0.17647058719644507,11.162259253136753,14.175068922136205,10.606124168427442,-0.047020155742416136,-0.027772641500704763,-0.019247514241711373,158.97125683593748,-0.00019661941762051682,-0.10574316406245998,159.01542798148085,-0.0004743437944250377,-0.08070532950804932,159.04057990954692,-0.0006324166423696826,-0.06250764057756442,159.07924219793819,-0.0008753008627293588,-0.03123400233030793,159.08859388644618,-0.0009340323075093718,-0.015818307579820612,159.07288942109295,-0.0008353995553646725,-0.0069059199435344,159.22750457263803,158.902195427362,0.0020467418225496243,0.11621121992838429,0.014960449123330772,9.412639438360874e-05,64.96228477295662,2.4021442791192977,70.27013319158391,126.9,3.372734436561566,7.976228319069319e-05,0.0003273028124588696,0.0002324609771711768,0,0,0,0
63,2026-05-25 08:45:00,158.94,158.918,158.94,158.918,431,1779698999.041,USDJPY,-0.00013841701270911333,-0.00016357962552837613,-0.0012569288201208506,-0.0012569288201208506,0.00013843617463088736,0.9999999954545454,0.0,0.0,9.709545387314137,11.58659618190103,9.380143105318567,-0.05049827294951115,-0.032317767790466044,-0.018180505159045103,158.95794262695313,-0.0002512779562507229,-0.08580737304683339,159.00243758395007,-0.0005310458457939144,-0.0734112855736555,159.0294362814063,-0.0007007273874071305,-0.05918876416140506,159.07291897448962,-0.000973886538880087,-0.03102874733698968,159.08521578968487,-0.001051108293469107,-0.016019925251526956,159.07134823282337,-0.0009640217080383009,-0.007095910789871596,159.2274898273865,158.88221017261347,0.0021726906629396118,0.10365460831944363,0.015463274185949385,9.730347843510103e-05,67.0487284761203,2.158030510720382,71.90560768836323,148.45,2.903334456043851,9.598112290783277e-05,0.0003249644041973075,0.00023276823182898608,0,0,0,0
63,2026-05-25 08:50:00,158.918,158.938,158.952,158.916,443,1779699299.0,USDJPY,0.00012585106784612776,0.0,-0.001131235938108821,-0.001131235938108821,0.0002265034164265397,0.5555555540118193,0.3888888878089051,0.05555555540149773,19.91372446898474,25.93173326774584,18.38531444382464,-0.05105237306392496,-0.03606468884515783,-0.01498768421876713,158.95295697021484,-9.409683531497103e-05,-0.06435552978513215,158.99384590609006,-0.00035124570873677524,-0.06362311416384614,159.02112389218755,-0.0005227223286631661,-0.053807967419459146,159.06762803431357,-0.0008149240415254097,-0.02981193371590507,159.08230062553267,-0.0009070815858538011,-0.015702699008926402,159.07002138473558,-0.0008299576726420385,-0.007025304712357183,159.22308913224802,158.86861086775198,0.0022302927210361137,0.1957500337209143,0.016930183172667385,0.00010652067581489251,67.95165028598383,6.893068710290567,60.984276751980346,170.6,2.5967174677593223,0.00011896864153709808,0.00033271852052891155,0.00023623227479598502,0,0,0,0
63,2026-05-25 08:55:00,158.938,158.919,158.941,158.901,483,1779699599.993,USDJPY,-0.00011954346978049202,-3.775365738556413e-05,-0.0012506441760201659,-0.0012506441760201659,0.00025170055185340986,0.4749999988120204,0.07499999981287303,0.44999999887510655,17.84986783542699,21.97925142098228,16.727233833041282,-0.05242037317560744,-0.03933582571124775,-0.013084547464359685,158.94446772766113,-0.0001602303497895895,-0.04976664733882785,158.98386645194472,-0.0004080065065238327,-0.05594003227534472,159.01183990198868,-0.0005838552779836567,-0.049461788563121445,159.06179948394833,-0.000897761023775755,-0.028878132393714395,159.07906694977953,-0.0010062100114658823,-0.015510566355288802,159.06851868438997,-0.0009399640207036967,-0.0070151026754103896,159.21809429189747,158.85370570810252,0.0022929201907572303,0.1791886320903822,0.018578027231762002,0.00011690249266457756,68.92245025319701,5.83297327010292,57.372594387093834,194.75,2.4801026957625263,0.00012642203094666505,0.0003303412154965038,0.00023623806652360674,0,0,0,0
63,2026-05-25 09:00:00,158.917,158.911,158.919,158.894,465,1779699898.0,USDJPY,-5.0340110370750146e-05,-0.0002076202939399474,-0.0013009213288250887,-0.0013009213288250887,0.0001573207644530944,0.2399999990399545,0.0799999996803638,0.6799999972796816,17.04867204681493,20.448243223466662,16.085869499585,-0.05353296160299692,-0.042175252889597586,-0.011357708713399334,158.93610079574586,-0.00015793010914565448,-0.04557498550411765,158.97415092501876,-0.00039724020950139294,-0.05288136130528187,159.00267263817153,-0.0005765477815592579,-0.047965262330109226,159.05588577869545,-0.0009109111428736574,-0.02903977426063875,159.07573889136805,-0.0010356003531157266,-0.015856891774006954,159.06695133429653,-0.0009804131718648646,-0.007273658867688937,159.21139453180012,158.8397054681999,0.0023389763049771824,0.19181229356160423,0.019036739572350834,0.00011979497688864102,69.88171222051714,5.285819508720341,54.61733994716184,218.0,2.1330275229348015,0.00010468406245340256,0.00032860224585309596,0.00023580440698701494,0,0,0,0
63,2026-05-25 09:05:00,158.911,158.913,158.917,158.9,398,1779700199.422,USDJPY,1.2585661156361283e-05,-0.0001698754246884926,-0.00025793625828851585,-0.0012883520406238302,0.00010697677345463182,0.11764705813207796,0.23529411626248403,0.647058819723085,18.03912743358684,22.032283544129157,16.922041842545553,-0.05363504129277885,-0.04446721057023384,-0.009167830722545012,158.93032559680938,-0.00010901378792443065,-0.04093123912809915,158.9659974683496,-0.0003333887069789239,-0.04943051313125579,158.99452058015595,-0.0005127257207259582,-0.046059329390971016,159.05028241482503,-0.0008631384537059274,-0.028959783113151616,159.07251633906372,-0.001002790065404537,-0.016077547382451485,159.06541948022394,-0.0009582188304785898,-0.00746994086901509,159.20222790053916,158.82837209946078,0.0023525816080394784,0.22636508587666232,0.018891258174325482,0.00011887799094048618,70.77245547588585,4.946059444131831,51.10666560092545,237.9,1.67297183690556,0.00010748276720295927,8.964581817750867e-05,0.00023600387714605442,0,0,0,0
63,2026-05-25 09:10:00,158.913,158.94,158.94,158.906,462,1779700499.034,USDJPY,0.00016990428725138784,0.00013843617463082936,-2.5166096235040847e-05,-0.0011186666499075626,0.0002139172014596188,0.7941176447229866,0.0,0.20588235233583682,30.162387250478545,40.64645397505283,27.204320549191763,-0.050949946562070636,-0.0457637577686012,-0.005186188793469437,158.93274419760704,4.565328831131381e-05,-0.025198429346090734,158.96253113923632,-0.00014173867939096808,-0.03990644471375049,158.9895641637781,-0.00031174476160622603,-0.03987211762819243,159.04595761424366,-0.0006662075278936532,-0.02696136024596285,159.06989225314166,-0.0008165734652975903,-0.015323536543206728,159.06417152519685,-0.0007806379274869421,-0.007176707626513235,159.1898387091101,158.82296129088988,0.002308276193659323,0.3190131179127709,0.019970454019015933,0.0001256477539890269,69.73487549023011,12.571016546678917,44.89167482377225,261.0,1.7701149425280576,0.00012026536547155954,0.00010740717369615266,0.00024144051558734137,0,0,0,0
63,2026-05-25 09:15:00,158.94,158.931,158.942,158.927,406,1779700799.402,USDJPY,-5.662514156279386e-05,-4.404233097166088e-05,-4.404233097166088e-05,-0.0011752284468129481,9.438058025190038e-05,0.5999999959984842,0.13333333244494974,0.2666666648898995,28.6415831068402,37.19327689567752,26.074803860744595,-0.048983562410512604,-0.046407718696983485,-0.002575843713529119,158.9323081482053,-8.23085136385688e-06,-0.020648822009547985,158.95832698733815,-0.00017191290230626955,-0.035518918751904494,158.98424014888917,-0.0003348768962212849,-0.03688374329837529,159.04144947250862,-0.0006944697302177035,-0.02617856180495437,159.0671419114953,-0.000855877020604518,-0.015158714037369236,159.0628464353939,-0.0008288952344848681,-0.007174949341674619,159.1757849713961,158.8183150286039,0.002249214708220503,0.3152292203489971,0.01961542158908728,0.00012342099143079248,68.62376602887876,12.612655620297872,42.43961318028552,281.3,1.4432989690716518,0.00011030583591629673,0.00010825775566422221,0.00024108180733158226,0,0,0,0
63,2026-05-25 09:20:00,158.931,158.942,158.944,158.93,379,1779701099.014,USDJPY,6.921242551793938e-05,0.00014472781731567075,0.00010696869592563552,-0.0011060973617063041,8.808244516856201e-05,0.7857142801027659,0.14285714183557463,0.07142857091880238,33.0825910642383,43.97966723495008,29.814543537244035,-0.04600723793379302,-0.0463276225443454,0.00032038461055237943,158.93473111115398,4.573505611523065e-05,-0.00973661650715485,158.95615005569306,-8.901861103262269e-05,-0.027716396251662445,158.9804001353538,-0.00024154005978780561,-0.031439766634889565,159.03754949319458,-0.0006007983240376615,-0.02424999075375922,159.06466385384192,-0.0007711571562784344,-0.014403095937609578,159.06164398330043,-0.0007521862612773056,-0.006874701089543578,159.15947134796792,158.81702865203206,0.002154513570584606,0.3649409066527634,0.0192143200470083,0.00012088887799957406,67.43732935873194,12.699729149678419,40.23086403012408,300.25,1.262281432139463,9.40305695131284e-05,0.00010678444245049508,0.00024246257682399605,0,0,0,0
63,2026-05-25 09:25:00,158.942,158.934,158.943,158.923,417,1779701399.024,USDJPY,-5.033282581068388e-05,0.0001447351032968225,-6.291524058776865e-05,-0.001156374514511227,0.00012583839832893044,0.3999999980002842,0.04999999975021316,0.5499999972495025,31.544972940885728,40.28620899027047,28.705617990854236,-0.04378923741293761,-0.04581994551806385,0.00203070810512624,158.93454833336548,-3.4500577202158195e-06,-0.0015524623803742088,158.953196714934,-0.00012076960596410425,-0.020954210084767055,158.97618194123072,-0.0002653349748097264,-0.02649069694081163,159.03348872875557,-0.0006255835142072509,-0.022397049939883118,159.06207645079556,-0.0008051979054553602,-0.013662440572488777,159.06037389391435,-0.0007945026836076299,-0.00657744038218766,159.14091349186873,158.81718650813127,0.0020368642564678316,0.3608395274438329,0.019270440043651298,0.00012124806550927616,66.50798645519822,11.758262834898135,39.84308550166028,321.1,1.2986608533163193,9.402903395319695e-05,0.0001008941180704381,0.00024211928668321694,0,0,0,0
63,2026-05-25 09:30:00,158.934,158.923,158.934,158.916,417,1779701699.254,USDJPY,-6.921111908086974e-05,6.292751379688433e-05,-0.00010695860072984509,-0.001225505599617871,0.00011326239751326543,0.6111111077157861,0.0,0.38888888672865823,29.513736191880568,35.50322868858483,27.24271154658537,-0.042429957946012564,-0.04514194800365359,0.0027119900576410283,158.93166125002412,-5.4496693459293076e-05,0.001335653214738386,158.94917048627613,-0.0001646468880338621,-0.01682698207346789,158.97134721930067,-0.0003041253669063477,-0.023173360855281544,159.02915583743183,-0.0006675243723254516,-0.021126577393204116,159.0593224616709,-0.0008570542082105019,-0.01319387739283684,159.05900698949728,-0.000855072542394634,-0.00641249072666028,159.11958785712736,158.81901214287265,0.0018913292239304909,0.3459622722700603,0.019179694326247682,0.00012068545349790579,65.81224336435749,10.970045556123768,39.77912075890242,341.95,1.2194765316563183,0.00010415772289689051,0.00010275408882609771,0.00024174366160878202,0,0,0,0
63,2026-05-25 09:35:00,158.923,158.927,158.936,158.923,382,1779701999.029,USDJPY,2.5169421669524183e-05,-8.17918711464305e-05,5.6632980530713084e-05,-0.001200367023215465,8.17985616037881e-05,0.30769230532460295,0.6923076869830894,0.0,31.247425772543693,38.59603485923175,28.63142700674159,-0.04056237479733227,-0.044226033362389325,0.003663658565057057,158.9304959375181,-2.1996643862927747e-05,-0.002248260088947518,158.94621442143932,-0.00012088631056278733,-0.016316717796996727,158.9673156539097,-0.0002536097042582465,-0.022248509868404653,159.02514972616,-0.0006171962505869659,-0.020807888083652415,159.05670221490513,-0.000815446398039195,-0.0131900382365302,159.05769348711422,-0.0008216734711095053,-0.006478038082633475,159.09449846937878,158.82500153062125,0.0016957278420754625,0.3784772836795186,0.018738287588658937,0.00011790499782075379,64.991961932715,11.188808523896347,37.807875801737,361.05,1.0580252042650442,6.0448341886680995e-05,9.268933318606125e-05,0.0002421446621718344,0,0,0,0
63,2026-05-25 09:40:00,158.927,158.922,158.93,158.916,374,1779702299.001,USDJPY,-3.14609852322123e-05,-5.6628348151122054e-05,-0.0001006681850783675,-0.0012317902437184447,8.809353015951224e-05,0.3571428545912567,0.2142857127559721,0.4285714255099141,30.24597605472991,36.073377111514745,27.93169243991271,-0.03903577974014638,-0.043187982637940735,0.004152202897794353,158.92837195313857,-4.009323860970191e-05,-0.003936195066728487,158.9429858319141,-0.00013203370884376246,-0.015341155424067665,158.96319604900881,-0.00025915463473769626,-0.02104409988035627,159.02110463885964,-0.0006232168936614534,-0.0203448336489771,159.05403484431295,-0.0008301257144604629,-0.013107067182346555,159.05634330316286,-0.0008446271325803419,-0.006503132231046038,159.06418392665887,158.83571607334113,0.001437609980479345,0.37766331397660835,0.018399838475184012,0.00011577905183161558,64.41099999458241,10.580715767136189,38.470497062852495,379.75,0.9848584595125781,5.7218858078671824e-05,8.285287327560141e-05,0.0002418361929834803,0,0,0,0
63,2026-05-25 09:45:00,158.922,158.927,158.929,158.916,386,1779702599.094,USDJPY,3.146197505699e-05,-9.43740483950739e-05,5.0340110370639124e-05,-0.001200367023215465,8.17985616037881e-05,0.3846153816563002,0.1538461526633946,0.46153845798799753,32.5731687089453,40.602659831908205,29.734793061993045,-0.03699601689203291,-0.041949589488759174,0.004953572596726262,158.92802896485392,-6.474407696564603e-06,-0.006702146300057166,158.94085438765887,-8.716693836998141e-05,-0.015295668034184473,158.9599054990989,-0.00020700502428961818,-0.020494636254881016,159.01741426086517,-0.0005685808770406174,-0.020135232329408836,159.0515193028414,-0.0007828865979225007,-0.013144551000522142,159.05505630512144,-0.0008051067856390044,-0.006587678178988199,159.0249089344383,158.85589106556174,0.001063493735341077,0.4207184415993462,0.018014135726956957,0.00011334849161537661,63.87153533774501,10.035313507147661,36.487465243196986,399.05,0.9672973311612661,4.5153761888642636e-05,7.396683296865253e-05,0.0002423597238601805,0,0,0,0
63,2026-05-25 09:50:00,158.927,158.93,158.931,158.926,383,1779702899.093,USDJPY,1.887659113952722e-05,-2.5167679665760723e-05,0.00011956378098432197,-0.0011815130909136329,3.1460391367418827e-05,0.5999999880000003,0.1999999960000001,0.1999999960000001,33.996050842379674,43.409324861621506,30.825139431411557,-0.034736988827091864,-0.040507069356425715,0.005770080529333851,158.92852172364044,9.301517081583929e-06,-0.006026609725040544,158.939407135971,-5.918693255823672e-05,-0.01378957896298516,158.95718681736264,-0.0001710323257914092,-0.018995123868080555,159.01398625063516,-0.0005281689530301549,-0.01950247812041539,159.04911298001284,-0.0007489069117147353,-0.012963470782722197,159.05381196377695,-0.0007784281448415799,-0.006561930137394256,158.9533964282839,158.90860357171607,0.0002818401596163339,0.4776750106073345,0.017084554603604595,0.00010749735483297423,63.1686336154883,10.661708164580874,35.72471562133558,418.2,0.9158297465325405,4.3683542094276106e-05,7.140318614356579e-05,0.00024264237398400088,0,0,0,0
63,2026-05-25 09:55:00,158.93,158.928,158.94,158.926,368,1779703199.098,USDJPY,-1.2584156546924241e-05,3.146177708690523e-05,9.439127069521547e-05,-0.00016356933452454925,8.809020436933709e-05,0.14285714183731474,0.7142857091825134,0.14285714183731474,33.48867755571543,41.870506598425614,30.493905180826516,-0.03273077608298536,-0.038951810701737644,0.006221034618752286,158.92839129273034,-2.4620694084863173e-06,-0.0032699572937815446,158.93788618450822,-6.22015602796027e-05,-0.011284301767915395,158.95453347032966,-0.00016692490456473875,-0.016813748971003406,159.01061424080632,-0.0005195517368495327,-0.018541596625510692,159.0467147031809,-0.0007464140545276211,-0.012607758489991738,159.05256010344087,-0.000783137997652237,-0.006446886056409085,158.94946967374224,158.90993032625775,0.0002487878000383336,0.4570048532953956,0.01686422927477641,0.00010611238595323927,61.632021634412375,13.841456563213544,33.606343356640345,415.75,0.8851473241128358,2.7064061990558276e-05,7.182100273177453e-05,8.10973599894075e-05,0,0,0,0
63,2026-05-25 10:00:00,158.928,158.925,158.928,158.923,365,1779703499.027,USDJPY,-1.8876472364759422e-05,-1.2584394092796103e-05,-9.437523593802677e-05,-0.00011953895711680484,3.146138115460407e-05,0.5999999879977266,0.0,0.39999999200227393,32.70031319625558,39.424760268502446,29.98640620983913,-0.031025272923557168,-0.03736650314610155,0.006341230222544382,158.92754346954774,-1.6003956848542767e-05,-0.0029524679703456513,158.9361680265738,-7.026737030628109e-05,-0.010046394865526054,158.9518486093906,-0.00016891033118187569,-0.01546704451911296,159.0072568195982,-0.0005173148775940749,-0.017892906561797872,159.0443045110387,-0.0007501338158915159,-0.012397703866440679,159.05129084868028,-0.0007940259271483804,-0.006402638433939956,158.94747832079696,158.91002167920306,0.00023568753559166723,0.3998842426760666,0.01601678432657777,0.00010078203131400201,60.321987101635884,13.53281924656745,34.194870100600546,413.0,0.8837772397092292,2.6547084327298472e-05,4.461429878181551e-05,8.012504962516147e-05,0,0,0,0
63,2026-05-25 10:05:00,158.925,158.925,158.938,158.923,388,1779703799.01,USDJPY,0.0,1.887718503423841e-05,-3.775223210067402e-05,-8.179290037613196e-05,9.438414346381221e-05,0.0,0.866666660888131,0.13333333244520237,32.70031319625558,39.424760268502446,29.98640620983913,-0.029335488135700416,-0.035760300144021324,0.006424812008320908,158.9269076021608,-1.2003015660343246e-05,-0.0014643509777556574,158.93467895636397,-6.089895816012245e-05,-0.008306875550118775,158.9494078267187,-0.00015355720447411203,-0.013788222290116892,159.0040310619669,-0.0004970381029906188,-0.01707357689272726,159.04194204547355,-0.0007352906030291032,-0.012092798839404395,159.0500342233203,-0.0007861313826863141,-0.006309079842566234,158.94639644773918,158.90980355226083,0.00023025260643920006,0.4152841008891537,0.015944156874678383,0.00010032503932470273,58.169768381277414,17.103351234914307,31.89701508990967,410.05,0.9462260699912337,2.1151763929070363e-05,4.1440210952375823e-05,7.978103089036049e-05,0,0,0,0
63,2026-05-25 10:10:00,158.925,158.933,158.942,158.92,358,1779704098.094,USDJPY,5.033820984734483e-05,3.775318227861035e-05,-5.662442903708875e-05,5.033820984734483e-05,0.00013842310910899426,0.3636363619822966,0.40909090723169855,0.22727272624055025,37.26760688554089,50.02102603995888,33.25232652057352,-0.027039098479860968,-0.034016059811189256,0.006976961331328288,158.9284307016206,2.8750666946171024e-05,0.00040173676669041924,158.93445509551546,-9.155318238534527e-06,-0.006399292143413504,158.94791620610792,-9.384335739629827e-05,-0.011989292990989497,159.00124553012506,-0.0004292138083417611,-0.016168730740105275,159.03978477724633,-0.00067143436716729,-0.01173452559507382,159.04886970368528,-0.0007285163604190428,-0.00618660143615557,158.94685755974723,158.91014244025274,0.00023101004507866923,0.6225653082356523,0.016376717097917055,0.0001030416408040939,55.81891473746252,17.20683557559934,28.83633568229278,411.1,0.8708343468740279,2.7927888242769924e-05,3.803666312173752e-05,7.84676104581802e-05,0,0,0,0
63,2026-05-25 10:15:00,158.933,158.931,158.942,158.926,335,1779704399.093,USDJPY,-1.2583919009823141e-05,6.292078273517632e-06,-1.8875759749237275e-05,-8.178981276407704e-05,0.00010067261893538424,0.12499999921741772,0.562499996484597,0.31249999804798523,36.59889572779607,47.59281785665006,32.8500830595254,-0.025091339080233865,-0.03223111566499818,0.007139776584764314,158.92907302621546,1.2124740601936532e-05,0.0005513025750190081,158.9339944161134,-1.8840627043836897e-05,-0.005412719857616821,158.946378369189,-9.675193198346682e-05,-0.010808448173634133,158.9984908034535,-0.0004244744909995661,-0.015495447181649524,159.03763062324145,-0.0006704741690603416,-0.011482356771381319,159.04769687081279,-0.00073372248142368,-0.006115092964165569,158.94483558211755,158.9108644178824,0.00021374787948946617,0.5927256987413617,0.01634980873378152,0.00010287362902002452,53.63597921106297,16.004071969104206,26.82066609848374,403.4,0.8304412493800619,2.8280074951848764e-05,3.485050157259692e-05,7.3500600797566e-05,0,0,0,0
63,2026-05-25 10:20:00,158.931,158.933,158.94,158.928,398,1779704699.005,USDJPY,1.2584077366817326e-05,3.146078727467305e-05,6.29235541740325e-05,-4.404177677108656e-05,7.550351405938638e-05,0.1666666652761988,0.583333328472617,0.24999999791785094,37.80081810199011,50.40178193824816,33.692292812803075,-0.023119831412941494,-0.030408858814586846,0.007289027401645352,158.93005476966158,1.853161343636619e-05,0.001663476931241803,158.93386182729827,-5.4225530567965984e-06,-0.004024357209942764,158.94516215380818,-7.651792381338411e-05,-0.009371316521480821,158.9959225366514,-0.0003957493729871876,-0.014691704154927265,159.0355587297119,-0.0006448792366380094,-0.011155973468987668,159.04655560841667,-0.000713977162110047,-0.006004495024200196,158.94374192106469,158.91125807893528,0.00020438701924338504,0.6693149446783324,0.016039108109940015,0.00010091741872323567,51.60896765083481,15.14880147259611,25.387348099476277,401.9,0.9902960935553645,2.7427178229032786e-05,2.568798730975271e-05,7.34154641238636e-05,0,0,0,0
63,2026-05-25 10:25:00,158.933,158.936,158.94,158.93,401,1779704999.094,USDJPY,1.8875878514901245e-05,6.92150385401824e-05,5.6629773418137574e-05,0.00011326596106164821,6.291840740921443e-05,0.2999999970017053,0.39999999599943165,0.29999999699886315,39.648980586769824,54.655046400951356,34.97676271573265,-0.021072412797082052,-0.02854156961108589,0.007469156814003838,158.93154107724618,2.8055618938845913e-05,0.003997607698437378,158.93414691699184,1.1659439108068958e-05,-0.002021109581960445,158.9443292307347,-5.240344701192051e-05,-0.0075193786558998,158.9935726332533,-0.00036210667072751607,-0.013684186344903537,159.03358726971763,-0.0006136267903717438,-0.010717241321060555,159.04545555261151,-0.0006882029557600274,-0.005835296068767093,158.94442997192365,158.91237002807637,0.0002017160608501965,0.737055933799899,0.01560774324494365,9.820143482246722e-05,49.72674263062295,14.455519151252899,24.225500434168083,400.4,1.0014985014982514,2.3710893020835606e-05,2.524743392457671e-05,6.611740304875347e-05,0,0,0,0
63,2026-05-25 10:30:00,158.936,158.948,158.95,158.931,369,1779705299.014,USDJPY,7.550208889117727e-05,0.00014472235331131067,0.00016360227029621477,6.291761567411847e-05,0.00011953594886363487,0.6315789440451086,0.10526315733985418,0.2631578933518793,46.49718597913476,67.61507564885036,39.86900130458274,-0.018270903479304934,-0.0264874363847297,0.008216532905424765,158.93565580793464,7.766785874837119e-05,0.008748205773827067,158.9359939947263,7.55398759711858e-05,0.0013150383623212747,158.94466293703155,2.0995124383493863e-05,-0.004744889687145815,158.99178547116495,-0.00027539454969438613,-0.01224559080196741,159.03189247229747,-0.0005275198011749594,-0.01004957317607591,159.04448584562036,-0.0006066594833976577,-0.005548377699938101,158.9466302002209,158.9111697997791,0.00022309434810013738,1.038628996237168,0.015850047298874608,9.971844438982943e-05,46.96782098536031,17.72430225541984,22.15121862163744,396.7,0.930173934963214,3.4347307207386166e-05,2.9985308936495653e-05,6.21392717824653e-05,0,0,0,0
63,2026-05-25 10:35:00,158.948,158.942,158.952,158.941,375,1779705599.093,USDJPY,-3.774819437807331e-05,5.6627635544703736e-05,9.438295569674793e-05,0.00014472781731567075,6.92076354896483e-05,0.5454545404961028,0.3636363603298739,0.09090909008311442,43.81976362414868,57.95301329205124,38.354013417698674,-0.016346405825999,-0.02445923027298356,0.008112824446984562,158.937241855951,2.9937250662327217e-05,0.008811154330373938,158.93679479542948,3.2750154407160706e-05,0.002339699914017501,158.94442085184687,-1.5230807309182099e-05,-0.003495354261048078,158.98983309974673,-0.0003008563429129201,-0.011412430378328509,159.03011242334108,-0.0005540612529186684,-0.00967235390524479,159.04346608596245,-0.0006379770792193419,-0.005403617722834042,158.94804416571768,158.9120558342823,0.0002264243021691082,0.832052069106645,0.015503615348954685,9.75425963493267e-05,44.21738409951229,17.74748889872408,21.028607636546802,391.3,0.9583439815995507,4.229986581104951e-05,3.385034348469445e-05,5.603069341532886e-05,0,0,0,0
63,2026-05-25 10:40:00,158.942,158.932,158.943,158.932,396,1779705899.006,USDJPY,-6.291603226349363e-05,6.292038683408663e-06,1.2584156546813219e-05,0.0001321494421404612,6.92119900336251e-05,0.9090909008262115,0.09090909008287953,0.0,39.71508513036572,45.3517091038704,35.96255728511697,-0.015450045489927788,-0.02265739331637241,0.0072073478264446204,158.93593139196324,-2.4735702800605936e-05,0.006858365747774542,158.93615548937223,-2.6145651752068603e-05,0.0021610732588328574,158.94329168349716,-7.10422149785477e-05,-0.003086685691840785,158.9875651350508,-0.00034949359092085883,-0.010925668402705924,159.0281696030769,-0.0006047331319786581,-0.00946102016456507,159.04235697067926,-0.0006938841499917035,-0.005339900133520814,158.94683403952828,158.91536596047175,0.00019799712491214855,0.5286004094973829,0.015181928538316786,9.552468060753522e-05,42.33861819799319,16.828998503072416,24.174666234479318,387.85,1.0210132783289878,5.3829926648095234e-05,4.0537629392144334e-05,5.6776459061398236e-05,0,0,0,0
63,2026-05-25 10:45:00,158.932,158.939,158.942,158.928,356,1779706199.092,USDJPY,4.4043993657760794e-05,3.775175702980249e-05,6.921373200441394e-05,0.0001636115358716328,8.808410773951016e-05,0.49999999642857146,0.2142857127559721,0.2857142836725994,43.69127857434959,53.592557714672346,38.76871648049226,-0.014013295420454597,-0.020928573737188847,0.00691527831673425,158.93669854397243,1.4480331154797411e-05,0.006643774310845174,158.93653475745595,1.5510861286927916e-05,0.0026729301576722264,158.94290153045196,-2.454674234836399e-05,-0.0022606233562214584,158.98566061995078,-0.00029348948684325394,-0.010261916700613938,159.0264038683625,-0.0005496185931165549,-0.009154861349401244,159.04132854311032,-0.000643408502982885,-0.005227065306343093,158.94610255450195,158.91869744549805,0.00017242532672216267,0.7408310043565552,0.015097505071294873,9.498930452119916e-05,40.87020441875456,15.714311115420468,24.465890666076284,385.75,0.9228775113413032,5.721660944780495e-05,4.230566782041967e-05,5.7383274013907724e-05,0,0,0,0
63,2026-05-25 10:50:00,158.939,158.941,158.95,158.936,395,1779706499.901,USDJPY,1.2583443962821406e-05,3.1459203704509164e-05,0.00010067641969468966,6.291682395964671e-06,8.808299935184492e-05,0.14285714183760476,0.6428571382651611,0.21428571275437702,44.81129829494596,55.81362868039353,39.563229157987294,-0.012568396700288531,-0.019256538329808785,0.0066881416295202535,158.93777390797933,2.029783066255834e-05,0.00623283073315406,158.9371301231285,2.4348475831337167e-05,0.00298320613666192,158.94272866404722,-1.0876018436015068e-05,-0.0016005666874718827,158.98390922308997,-0.0002698966411107234,-0.009663410163341268,159.02471270265238,-0.0005264131670459616,-0.008874567065248584,159.040330249149,-0.0006245601288264243,-0.005125303462506281,158.94626991316468,158.91863008683535,0.00017389991461821985,0.8093362388452332,0.015019111851915354,9.449488710852048e-05,38.70552054625291,18.47269965404382,22.83690681624681,382.4,1.032949790794709,5.697394611053167e-05,4.133258901457049e-05,4.303706420804879e-05,0,0,0,0
63,2026-05-25 10:55:00,158.941,158.948,158.952,158.941,409,1779706799.295,USDJPY,4.404149967607296e-05,0.0,0.00014472235331131067,0.0001069646576186134,6.920502302637139e-05,0.6363636305792172,0.3636363603298739,0.0,48.660365579218926,63.03723524501882,42.31400498788995,-0.010734719393042269,-0.017552174542455484,0.0068174551494132145,158.9403304309845,4.8254392039592334e-05,0.004674623049851334,158.9385794400447,5.9271700983523474e-05,0.002585445318402435,158.94320787640657,3.014991113781243e-05,-0.0014550606249770226,158.9825010182629,-0.0002170114197594842,-0.009284452902051044,159.0231936392335,-0.00047284699491126635,-0.00869883306395991,159.03941154020225,-0.0005747728774709246,-0.005074305418105496,158.9486635933258,158.91793640667422,0.00019331596906897104,0.978403703822688,0.01473203243392109,9.268460398319632e-05,36.504365234887196,18.457185859260424,21.61892932445811,382.55,1.0691412887201492,4.853149344280357e-05,4.2471322236266655e-05,4.189877163511674e-05,0,0,0,0
63,2026-05-25 11:00:00,158.948,158.953,158.956,158.942,435,1779707099.02,USDJPY,3.1456828648357416e-05,6.920763548956543e-05,0.0001258391900991196,6.920763548956543e-05,8.807634961266276e-05,0.35714285459198175,0.21428571275437702,0.42857142551078414,51.27444493988162,67.46904683160894,44.218184364855354,-0.008776884244667826,-0.01579711648289795,0.007020232238230124,158.94349782323837,5.978336258961781e-05,0.006255967287387421,158.94050218137207,7.863205700503775e-05,0.0037073859425902356,158.94409806946052,5.600667560232221e-05,-0.00032278238634830814,158.98134411558593,-0.00017828579663609032,-0.008488984160806012,159.02180366617938,-0.000432668128477595,-0.008308757161699987,159.03855172388185,-0.0005379307278299523,-0.004914362080597812,158.9510926796027,158.9166073203973,0.00021695318242125077,1.0553081172912337,0.014679744402925412,9.235273573273491e-05,34.078706094842595,19.14617896615928,20.146224574629652,385.35,1.1288439081351682,4.479908444976179e-05,4.1097136428035274e-05,3.9660683230388325e-05,0,0,0,0
63,2026-05-25 11:05:00,158.953,158.949,158.962,158.946,409,1779707399.394,USDJPY,-2.5164671317856602e-05,0.00010696398459741907,0.00011325669630224411,9.437879874685251e-05,0.00010066121837816615,0.2499999984370559,0.5624999964838199,0.1874999988291242,49.119697609854384,60.678729145891865,43.025186899928336,-0.007462034664115436,-0.01413010011914145,0.006668065455026014,158.94487336742878,2.596266544369225e-05,0.008941975465546648,158.9416352238558,4.63363556933458e-05,0.005479734483571974,158.94454369950958,2.8036825843211603e-05,0.0012520160124154245,158.9800757188963,-0.00019546926717557177,-0.00748941615449894,159.02036200942337,-0.00044876019977318707,-0.007807593653524236,159.03766066195269,-0.0005574821811616586,-0.004696308726579446,158.95306510221693,158.91613489778305,0.00023233996082940063,0.8899247277879437,0.014774048374144392,9.294835685751021e-05,32.005389214770986,20.565951998016264,18.58779887722197,384.95,1.0624756461875406,2.9036734197339628e-05,4.2132702087350425e-05,3.823776508159742e-05,0,0,0,0
63,2026-05-25 11:10:00,158.949,158.942,158.949,158.937,359,1779707699.009,USDJPY,-4.4039283040531174e-05,1.887516594423211e-05,5.6627635544703736e-05,0.00011955475293068396,7.549923871601247e-05,0.583333328472617,0.0,0.41666666319404977,45.51497058879087,50.33572526919513,40.99294642183906,-0.006905248985162871,-0.012685129892345735,0.005779880907182865,158.9441550255716,-1.3558382006874146e-05,0.007456481599177778,158.94168386067503,1.9890271532348903e-06,0.005149103219082463,158.94431245409962,-1.4548832002259516e-05,0.001410923647654272,158.9785825534494,-0.000230109948534061,-0.007078066501378544,159.0188102864645,-0.0004830264188627052,-0.007593581898021284,159.0367088145701,-0.0005955154333614232,-0.004619728540234291,158.95347735339874,158.91762264660127,0.00022558358896619833,0.6798926977271398,0.01457590206170554,9.170579243815693e-05,30.16047799011202,19.35656140458977,21.9051452076427,382.05,0.9396675827768775,3.737971895160453e-05,4.5606505709278846e-05,3.602660726580306e-05,0,0,0,0
63,2026-05-25 11:15:00,158.942,158.934,158.945,158.933,383,1779707999.018,USDJPY,-5.033282581068388e-05,-4.404149967596194e-05,-1.2583681481936893e-05,4.404537932511943e-05,7.55030389973225e-05,0.6666666611119006,0.24999999791548244,0.08333333263928365,41.74452361727211,41.01426625857384,38.79407910135407,-0.007028505231204463,-0.011553804960117483,0.00452529972891302,158.9416162691787,-4.791865942648362e-05,0.0038423611993607665,158.94065934591836,-4.189831567183597e-05,0.0035292227898651163,158.9433749582724,-5.898300746948394e-05,0.0006462942251630466,158.97683421802003,-0.0002694368536820311,-0.007075005069935969,159.01713087485132,-0.0005227793659335107,-0.007581827801061536,159.03568683631568,-0.0006393963414031596,-0.004643412833331695,158.95341456536383,158.91838543463618,0.00022040048528100144,0.44575942922036643,0.014391909057298034,9.055273923325426e-05,28.77351913106499,18.203737392797738,22.585776927676967,382.1,1.00235540434415,4.37247675851555e-05,4.8535925978630926e-05,3.7820896049337885e-05,0,0,0,0
63,2026-05-25 11:20:00,158.934,158.939,158.942,158.933,412,1779708299.006,USDJPY,3.145959958228417e-05,-5.662229156710996e-05,-5.662229156710996e-05,0.00010697071519349954,5.662549783259334e-05,0.5555555493813126,0.33333332963068235,0.11111110987689411,44.82115776022439,48.031622559264136,40.875346192140825,-0.00664611619055222,-0.01057226720620443,0.00392615101565221,158.94096220188402,-1.2345476312986404e-05,0.0006317708995311477,158.94043809979593,-9.048042229697451e-06,0.0018586597512353364,158.9429772347931,-2.5023029405209364e-05,-0.0002306416134842948,158.97535052319571,-0.00022865509071746406,-0.007150495067179463,159.01558372881468,-0.0004816114686299466,-0.007609910418835852,159.0347247782429,-0.0006019111761684411,-0.004686761959362684,158.95309472391585,158.92040527608418,0.00020567291748200075,0.5688295487485203,0.0140067726960635,8.81267196601432e-05,27.48562876194989,17.36825566857256,21.549176396515346,384.0,1.0729166666663872,4.0137819170676806e-05,4.240812462205737e-05,3.748875648210731e-05,0,0,0,0
63,2026-05-25 11:25:00,158.939,158.938,158.944,158.937,373,1779708599.001,USDJPY,-6.291721981410703e-06,-9.436751744240635e-05,-2.5166412905508473e-05,6.921416751093368e-05,4.404233097167815e-05,0.14285714081748663,0.714285704083373,0.1428571408134264,44.31704858049895,46.734325870092086,40.585528508532335,-0.006350556501274696,-0.009727925065218484,0.003377368563943788,158.94022165141303,-1.3977905592143175e-05,-0.0032761718253482286,158.94011301982314,-1.3294440170006042e-05,-0.00038916154892376653,158.9425247589028,-2.8467893722472466e-05,-0.0015733105577169226,158.97388579679588,-0.0002257339097929926,-0.007458318790042995,159.014047417353,-0.0004782433916257322,-0.0077562488263822615,159.0337623426385,-0.0006021510227004655,-0.004789381243341495,158.95302386720516,158.92157613279483,0.00019786164674486415,0.5222591535096037,0.013506288932057289,8.497834962096723e-05,26.072607728071464,17.782994793168157,20.751430380089285,383.35,0.9730011738617521,3.29935853778131e-05,4.090359342841226e-05,3.705264894477311e-05,0,0,0,0
63,2026-05-25 11:30:00,158.938,158.929,158.94,158.915,414,1779708899.0,USDJPY,-5.66258541065956e-05,-0.00012582652297288277,-1.887599728178646e-05,-6.292078273517632e-06,0.00015730294659883144,0.3599999985593633,0.0799999996803638,0.5599999977602729,39.96088819900265,36.4088826640394,38.036933969338214,-0.006764570345836773,-0.009135254121342142,0.0023706837755053684,158.93741623855976,-5.2953160803421644e-05,-0.007457128869020835,158.93863128384675,-6.0597500865246856e-05,-0.0030039400090515755,158.9412952353662,-7.735708550750495e-05,-0.0032484641433825345,158.97212556947056,-0.00027127755457805356,-0.007950149425738573,159.01236331007868,-0.0005242567832044632,-0.007998699344682336,159.03271993126899,-0.0006521923998646911,-0.004940730683699712,158.95307245239798,158.92142754760204,0.00019911347076958586,0.23929452222615283,0.014327268294053603,9.01488607746453e-05,26.378167392972042,15.566567545643311,29.13312107934288,384.9,1.0756040530005,3.7222269051255664e-05,3.990779697213583e-05,3.918436380163782e-05,0,0,0,0
63,2026-05-25 11:35:00,158.929,158.905,158.931,158.903,437,1779709199.01,USDJPY,-0.00015101082873480998,-0.00023278931937442682,-0.00021391854736718674,-0.0001447196214637847,0.000176205909191152,0.8571428540810526,0.0714285711737594,0.0714285711737594,31.16383302766785,21.57734361878842,32.34906808178748,-0.008926380960843971,-0.00909347948924251,0.00016709852839853767,158.92931217891982,-0.0001529747948096822,-0.014842846651788477,158.93414711266718,-0.00018339112894671413,-0.007536748007851202,158.9379956685147,-0.00020760088470926535,-0.006316785584914442,158.9694931941972,-0.0004056954130087517,-0.009089359252186568,159.0102373039385,-0.000661827223975234,-0.008572982525976158,159.03144908618174,-0.000795120002416702,-0.005259728388352869,158.9569796551668,158.91522034483322,0.0002627941873042946,-0.2447440996294344,0.015303891987336919,9.630843577821289e-05,27.28863497580454,13.532239604493757,30.926654617523454,388.35,1.1252735934077185,6.843632695782241e-05,5.836413610486753e-05,5.169433833071877e-05,0,0,0,0
63,2026-05-25 11:40:00,158.905,158.902,158.91,158.9,420,1779709499.022,USDJPY,-1.8879204556232487e-05,-0.00020134143732630783,-0.00024537406962343855,-0.0001447223533114217,6.293186995752668e-05,0.2999999970017053,0.4999999950000001,0.19999999799829474,30.26689036185377,20.3673838792987,31.726389666936043,-0.01075769832633,-0.009426323256660008,-0.001331375069669993,158.92248413418986,-0.0001288938711313821,-0.019132134988836924,158.92986083097824,-0.00017530268278461214,-0.010798514940120185,158.93472333501336,-0.00020589166625593815,-0.00865162325902702,158.96684640226792,-0.0004079240655239349,-0.009987815752111828,159.00809399098924,-0.000667223839531485,-0.009036883862080458,159.03016103557295,-0.000805891377700928,-0.005525800742731235,158.9602203383413,158.90967966165874,0.0003180619292554183,-0.15195011518738002,0.014925042559669347,9.392608374765168e-05,28.27671025420764,12.884610936820204,30.882306592883495,391.1,1.0738941447197459,6.94411082765407e-05,5.7164791979475053e-05,5.169437071713822e-05,0,0,0,0
63,2026-05-25 11:45:00,158.902,158.909,158.916,158.891,465,1779709799.094,USDJPY,4.405230897042145e-05,-0.00018875165944165495,-0.0002453632634573655,-0.0001006764196949117,0.0001573227444638484,0.27999999888013644,0.27999999888013644,0.43999999823972713,34.970039728049,30.91344015530369,34.801128279971465,-0.011511491722927758,-0.009843356949913559,-0.0016681347730141995,158.9191131006424,-6.363678002654865e-05,-0.021849101241627977,158.92707938684782,-0.00011375900770077683,-0.013358712948104312,158.9323848500121,-0.0001471370987995303,-0.010592384780977682,158.96457791590447,-0.0003496245304024949,-0.010772607291244185,159.0061317337419,-0.000610867849452287,-0.00945199507276584,159.02895545312944,-0.000754299446837554,-0.005769325113448076,158.9615527370874,158.90674726291257,0.0003448859043529781,0.04110423488209727,0.01564468237683623,9.845057471154075e-05,29.597219207170863,11.413936540666619,31.466450010033608,394.95,1.1773642233191095,7.283828168929816e-05,5.716623293288555e-05,5.294231931547083e-05,0,0,0,0
63,2026-05-25 11:50:00,158.909,158.908,158.915,158.903,407,1779710099.019,USDJPY,-6.292909778604638e-06,-0.00018875284702213335,-0.00028310255232688597,-0.00015729898762373296,7.551539255418516e-05,0.08333333263928365,0.4999999958333334,0.41666666319404977,34.61091160081304,30.245844403842526,34.56761263721137,-0.012050657583813518,-0.01028481707669355,-0.001765840507119967,158.91633482548178,-5.244788391922974e-05,-0.023886825931242583,158.92453546860145,-0.00010404604017060556,-0.01557755122169624,158.93016804546556,-0.00013948292975588596,-0.012356713437242206,158.9623591741043,-0.00034196255256115673,-0.01152662269157645,159.00418853109355,-0.000604943379052874,-0.009858886259451083,159.0277519162824,-0.0007530252728810016,-0.00601042635611293,158.96258433930342,158.90321566069662,0.00037360408920131114,0.08058692575925629,0.01538434792134796,9.681292270589247e-05,30.823406092065284,10.778006163607778,29.713288745443716,397.4,1.0241570206338642,7.283815343674605e-05,5.422872826267373e-05,5.131440095860821e-05,0,0,0,0
63,2026-05-25 11:55:00,158.908,158.936,158.941,158.908,432,1779710399.194,USDJPY,0.0001762025826266278,4.404482504760665e-05,-8.17872399323516e-05,3.146019341726536e-05,0.00020763074445069373,0.8484848459138911,0.1515151510558059,0.0,50.07200315638018,59.09945407690286,45.3488641375533,-0.010102133314319417,-0.010248280324218725,0.00014614700989930805,158.92125111911133,9.280622185399612e-05,-0.016165119448430687,158.9260640727879,6.25191800354859e-05,-0.012567211058836847,158.9306982231505,3.335904837001745e-05,-0.010597012215697532,158.96132548100218,-0.0001593185067219186,-0.010800088468386093,159.00283826315112,-0.00042035893120658804,-0.009525046927564063,159.0268389618915,-0.0005712178050226786,-0.005880969377471956,158.96285033669642,158.9034496633036,0.0003737395768914242,0.5479792531365801,0.016642608784109923,0.00010471264398317513,29.414257240041582,20.410449460501322,25.504906080386462,402.25,1.0739589807331078,0.00011810988971488634,8.447777061909406e-05,6.573731909216756e-05,0,0,0,0
63,2026-05-25 12:00:00,158.936,158.915,158.943,158.912,397,1779710699.005,USDJPY,-0.00013212865555956022,6.293068185381223e-05,-0.00016987328711115524,-0.0001132552710890744,0.00019507283768055824,0.6774193526538408,0.22580645088461362,0.09677419323573908,42.042799984223905,43.39354044204107,40.140410709585815,-0.010135601384490656,-0.010225744536273111,9.014315178245552e-05,158.9196883393335,-2.9501312156498947e-05,-0.009623839586311078,158.92458886308287,-6.033593134630317e-05,-0.009558249584301848,158.929271111955,-8.979536529142046e-05,-0.008724556559712937,158.9595087954727,-0.00028000083675373073,-0.0099843987245265,159.0010988916036,-0.0005414987204729596,-0.009138412334920076,159.02572613640004,-0.0006962781374447183,-0.0057229497816990715,158.96298678577665,158.90151321422337,0.0003868330337178921,0.21939160868492738,0.017668136728102492,0.00011117979251865773,27.94915232392885,18.66103734961335,22.30846550304285,402.2,0.9870711089007989,0.00011185852499941967,9.281438369060164e-05,7.211646191650275e-05,0,0,0,0
63,2026-05-25 12:05:00,158.915,158.92,158.93,158.915,456,1779710999.094,USDJPY,3.146336091619517e-05,0.00011327736592359194,-8.808687883021804e-05,-0.00010066945185494003,9.438711301292965e-05,0.3333333311104795,0.6666666622228539,0.0,44.331669684577406,47.28499102565019,41.81120036813234,-0.009647456979251956,-0.01011008702486888,0.00046263004561692377,158.91976625450013,1.4708396907720235e-06,-0.0027178796897260327,158.92397701467183,-2.5024635970943442e-05,-0.005883816306408107,158.92842828359542,-5.303194454547706e-05,-0.006295051417936293,158.95795943094433,-0.00023880170002327643,-0.008886971323590842,158.99949297295797,-0.0004999573990559773,-0.008601018031271224,159.02467413504286,-0.000658225747747684,-0.005486900530087269,158.9625850285029,158.90031497149707,0.0003918327271950212,0.3161235016930168,0.017477555533239084,0.00010997706728693107,26.588697758967026,17.517057658281146,20.940887109508644,404.95,1.1260649462893875,0.00011057605255948365,9.315259417065119e-05,7.23962505986612e-05,0,0,0,0
63,2026-05-25 12:10:00,158.92,158.902,158.925,158.899,455,1779711299.693,USDJPY,-0.0001132645356154427,-4.40503684498994e-05,-0.00023279371331141885,-0.00028940282356504365,0.00016362286188978403,0.6923076896447181,0.19230769156888822,0.11538461494023979,38.44534021605615,36.69109908663652,37.82084916349155,-0.010590962565117934,-0.01020626213291869,-0.0003847004321992434,158.91532469087508,-8.384774030455671e-05,-0.003788409767309986,158.92104674604894,-0.00011985036871417857,-0.006032640798878219,158.92602571235946,-0.0001511754431143875,-0.006359137652651725,158.95576494345633,-0.00033823839906321524,-0.0088129724481405,158.99756241903802,-0.0006010307176041935,-0.008569314703890996,159.02345349688323,-0.0007637458136678471,-0.005501956246206419,158.9618135882884,158.89648641171158,0.00041111613810291577,0.08439961083400586,0.018086301566579897,0.00011382047782016525,26.33249425210467,15.718366069424249,25.109539007432975,409.25,1.111789859498812,0.00012447507352315835,9.734969211504226e-05,7.363863343445332e-05,0,0,0,0
63,2026-05-25 12:15:00,158.902,158.91,158.913,158.898,416,1779711599.994,USDJPY,5.034549596616422e-05,1.2585898759187586e-05,-0.00017616932388719864,-0.00020133130324273552,9.43930526714164e-05,0.5333333297779042,0.1999999986674246,0.26666666488800467,42.12353433415052,43.280268388360625,40.472070833563066,-0.010571304974973827,-0.010279270701329718,-0.00029203427364410915,158.9139935181563,-2.5130059775701216e-05,-0.002341307325480102,158.91957384657573,-6.0243344126862307e-05,-0.004961622025717816,158.92456882941767,-9.167134776566147e-05,-0.005599216047897926,158.95397023979137,-0.00027662246954288734,-0.00838893431293286,158.99582850975014,-0.0005398161106150051,-0.008360021343406743,159.022324606367,-0.0007063448899079885,-0.005427309915404521,158.9606708393594,158.89442916064058,0.0004168502845561948,0.23506106181275557,0.01786585145468239,0.00011242748382532498,26.151293380934753,14.775723814599429,24.003506058974022,411.3,1.0114271821052732,0.00012730568995381798,0.00010005760541609029,7.479846227184034e-05,0,0,0,0
63,2026-05-25 12:20:00,158.91,158.902,158.925,158.892,466,1779711899.82,USDJPY,-5.034296142480965e-05,-0.00021392258519170593,-0.0001698871823268,-0.00018875997281853074,0.00020767517086012425,0.2424242416898062,0.45454545316827893,0.3030303021116118,39.57671500564927,38.593948837913636,38.73776718436425,-0.011073609655312566,-0.010438138492126287,-0.000635471163186279,158.91099513861724,-5.660488507673826e-05,-0.01025598049409382,158.9172306670323,-9.58402494706474e-05,-0.008833405755609647,158.92251711765243,-0.00012910138868022593,-0.008181105498067609,158.95193219117212,-0.00031413390503538384,-0.009393289830057938,158.99397051945806,-0.0005784528756505097,-0.008867743693059538,159.02112734660213,-0.0007491290534149698,-0.005711615289385463,158.96090096842082,158.89119903157913,0.0004386473225112447,0.15495937264827367,0.018946862065063325,0.00011923614595828452,24.943419635664927,17.46143470867427,21.017275798304343,414.8,1.123432979749006,8.245132637927044e-05,9.98048262492274e-05,7.438256884375608e-05,0,0,0,0
63,2026-05-25 12:25:00,158.902,158.915,158.916,158.901,445,1779712199.093,USDJPY,8.181143094487808e-05,0.0,6.293068185381223e-05,-0.00015100132755330176,9.439008274855337e-05,0.8666666608900259,0.06666666622260119,0.0666666662207064,45.358163611573666,49.05236935702967,42.91182567346965,-0.010303921189432685,-0.010411295031587567,0.00010737384215488144,158.91199635396293,1.8901317118739072e-05,-0.0076919853705703645,158.91693324476134,-1.216512754099611e-05,-0.00765561832153594,158.92183374332038,-4.3000657363559645e-05,-0.007437368634612085,158.95048386994966,-0.00022323851482392905,-0.00902492552302192,158.99240674679552,-0.0004868581360542998,-0.008692144808065905,159.0200713531036,-0.0006607427113416777,-0.00565478329644975,158.95948683010712,158.89021316989286,0.0004359164346617029,0.357810313395958,0.018664943346129257,0.0001174523697959869,23.821822586485805,16.459091455069554,19.81081567878651,419.25,1.0614192009538315,7.997029298113025e-05,9.190966012091449e-05,7.626727440486136e-05,0,0,0,0
63,2026-05-25 12:30:00,158.915,158.902,158.923,158.9,444,1779712498.007,USDJPY,-8.180473838215185e-05,-0.0001132645356154427,0.0,-0.00024537406962343855,0.0001447433009024187,0.5652173888472033,0.34782608544471794,0.08695652136025268,41.12095176182134,40.92124570420293,40.046835037771224,-0.010620502349325989,-0.01045313649513525,-0.00016736585419073816,158.9094972654722,-4.7179467566280605e-05,-0.01026898902793505,158.91494214545983,-8.144070837592718e-05,-0.009034869212001695,158.9200306757458,-0.00011345754005427308,-0.008397607849616406,158.94858254171635,-0.000293066732470771,-0.009376889227979746,158.99061651418572,-0.0005573694607179775,-0.008876458772249407,159.01889651376922,-0.000735110834825294,-0.0057776212736371235,158.9580675987219,158.88773240127804,0.00044263254989775655,0.20285147721448682,0.018974590249976893,0.00011941064461099857,22.205428108299287,17.669134134895582,18.095556502696862,421.7,1.0528811951621881,8.47315027470611e-05,9.589261615914311e-05,7.785972768989727e-05,0,0,0,0
63,2026-05-25 12:35:00,158.902,158.901,158.906,158.897,413,1779712799.014,USDJPY,-6.29318699563175e-06,-6.29318699563175e-06,-5.0343278228281996e-05,-0.0002956941892946485,5.663903940198332e-05,0.11111110987373615,0.44444443950757645,0.44444443950757645,40.805174189125545,40.321413523651046,39.83203977023728,-0.010827276735597025,-0.010527964543227606,-0.0002993121923694185,158.90737294910417,-4.01048043642536e-05,-0.007951741770909848,158.91308319273188,-7.603648792849926e-05,-0.007963553317068772,158.91830061431438,-0.00010886483336084024,-0.007725098045085588,158.94671655968827,-0.000287621919331006,-0.00904838376806083,158.9888419297464,-0.0005525037397605843,-0.00872048929161906,159.01772341412973,-0.0007340277022187028,-0.00573008275350162,158.95496787326178,158.8861321267382,0.0004331989510674909,0.21599058615737524,0.01826211951783672,0.0001149276563258678,20.936598784141438,17.047151069129715,18.631951725930968,421.9,0.9789049537802847,6.798145842120853e-05,9.463643445136173e-05,7.674940130398041e-05,0,0,0,0
63,2026-05-25 12:40:00,158.901,158.895,158.903,158.89,479,1779713099.003,USDJPY,-3.775935960126375e-05,-9.439305267122666e-05,-8.180834193349806e-05,-0.00036488773411003095,8.181503508609603e-05,0.46153845798799753,0.15384615266120832,0.3846153816584865,38.87615155123327,36.56914615906194,38.53008172561487,-0.011344524169459191,-0.010691276468473922,-0.000653247700985269,158.90427971182814,-5.839812398355131e-05,-0.009713806328164765,158.91067210036763,-9.862207591523767e-05,-0.008901746208096029,158.91618237664943,-0.00013329276057749698,-0.00838645276823513,158.94468845930834,-0.0003126147831045566,-0.009281780483036073,158.98698367371182,-0.0005785610342830741,-0.008844836038321091,159.01650228563093,-0.0007640860155047184,-0.005822320736058373,158.95037476126515,158.88492523873487,0.00041190422939857565,0.15393177612700468,0.017886253837991615,0.00011256649887027039,20.279409351795998,16.16214196870323,20.460109945113135,424.1,1.1294506012730183,6.245611051640664e-05,9.52044985585008e-05,7.611246937166441e-05,0,0,0,0
63,2026-05-25 12:45:00,158.895,158.888,158.905,158.881,505,1779713399.993,USDJPY,-4.405424966180682e-05,-8.810461794050983e-05,-0.000302008355564487,-0.000383770895067026,0.00015104979608278102,0.29166666545158626,0.4166666649301608,0.29166666545158626,36.69654199787751,32.45791223371468,37.04670940817164,-0.012178897239635944,-0.010988800622706327,-0.0011900966169296166,158.9002097838711,-7.683931876305979e-05,-0.01078535474613318,158.90764915365196,-0.0001236514022868417,-0.009581513380339857,158.9136203424086,-0.00016122181568441432,-0.008896775243840693,158.9424653824727,-0.00034267357273989673,-0.009466808699414742,158.98502360096504,-0.0006102688087687385,-0.008946918493023759,159.01522365592317,-0.0008000721754694783,-0.005903690678962903,158.946427032533,158.88277296746702,0.0004006222311689704,0.08211624064160644,0.018322949992420852,0.00011531991083291911,20.27180082583698,14.650020334511805,22.054353235763777,428.9,1.177430636511733,6.172307136334196e-05,6.993257329274141e-05,7.63197754006869e-05,0,0,0,0
63,2026-05-25 12:50:00,158.888,158.897,158.9,158.885,490,1779713699.0,USDJPY,5.66436735309761e-05,-0.00011326809929834702,-0.00011326809929834702,-0.0002831221451851107,9.440077534512785e-05,0.5999999959984842,0.1999999986674246,0.1999999986674246,41.25672960784436,42.204309011602156,40.15697548287636,-0.011975868764807274,-0.011186214251126519,-0.0007896545136807549,158.8994073379033,-1.5150074777823992e-05,-0.012589016059621372,158.90622926649834,-5.8079954077027096e-05,-0.010703978262995406,158.91210940218963,-9.508024433428594e-05,-0.009724341130748826,158.94068242629731,-0.00027483477251067723,-0.009801443652349917,158.9832805593618,-0.0005427020945739044,-0.009126187433736277,159.01404730113785,-0.000736081516849873,-0.006024051965738408,158.9424250727323,158.8822749272677,0.0003785480245983503,0.2448052717756839,0.018085596421534702,0.0001138196216513509,20.2647357660179,13.782122478630903,20.747807207218816,435.45,1.1252727063954242,5.181879401843285e-05,6.464002140183597e-05,7.789862335382734e-05,0,0,0,0
63,2026-05-25 12:55:00,158.897,158.902,158.909,158.895,455,1779713999.095,USDJPY,3.146692511490912e-05,0.0,-0.0001132645356154427,-0.00020134143732630783,8.810461794050159e-05,0.35714285459198175,0.49999999642958654,0.14285714183557463,43.68389871354609,47.14752118949175,41.833345885049425,-0.011281463335649278,-0.01120526406803107,-7.619926761820786e-05,158.9000555034275,1.223723029127308e-05,-0.009441762044701818,158.90566536429859,-2.30662908726079e-05,-0.009276781161247527,158.91119036562694,-5.783334456059379e-05,-0.00884031011887032,158.93916546840333,-0.00023383455106119102,-0.009417073313017,158.98167104333484,-0.0005011335131402571,-0.008945470850875381,159.01293240261907,-0.0006976313243391115,-0.005964111150149165,158.93941967038268,158.88208032961734,0.0003608471936497868,0.3473997099030165,0.017793768105709477,0.00011197951004839133,19.401551442989266,16.620396614911158,19.581791831406758,439.05,1.0363284363965297,4.3602819512342814e-05,6.464028356043218e-05,7.804644399933441e-05,0,0,0,0
63,2026-05-25 13:00:00,158.902,158.902,158.909,158.896,442,1779714299.693,USDJPY,0.0,6.293226600062596e-06,0.0,-0.00023279371331141885,8.181143094489201e-05,0.0,0.5384615343196949,0.46153845798799753,43.68389871354609,47.14752118949175,41.833345885049425,-0.010608849813252164,-0.011085981217075288,0.0004771314038231247,158.90054162757062,9.177894640452232e-06,-0.0068313215335535915,158.90517664905877,-1.999084690489737e-05,-0.007906543673101396,158.91035487784268,-5.257604420501213e-05,-0.007945736471697273,158.9377079990542,-0.00022466662885577094,-0.009008560634072182,158.98009339891237,-0.0004912149517766034,-0.008748530834026269,159.0118285976179,-0.0006906945136504829,-0.005894816511840872,158.93466742128828,158.8831325787117,0.0003243184011314299,0.36611000069790606,0.017451356098159173,0.00010982464725528422,18.60002314303411,15.736039815375902,18.539861776762205,440.55,1.0032913403697643,4.34663342800378e-05,5.3809366850575734e-05,7.748046226834067e-05,0,0,0,0
63,2026-05-25 13:05:00,158.902,158.896,158.903,158.892,409,1779714599.893,USDJPY,-3.7759121974567655e-05,6.2934642373058125e-06,-8.810018249327811e-05,-0.0002642539858309645,6.922767092938577e-05,0.5454545404961028,0.09090909008311442,0.3636363603298739,41.308523608993525,41.36845208230826,40.338368501473305,-0.010439607312065391,-0.01095670643607331,0.0005170991240079185,158.89940622067795,-2.1436333583455658e-05,-0.004873491150192422,158.90395309585097,-5.0049704214607805e-05,-0.006719004516668292,158.9090498889479,-8.212174798744349e-05,-0.007132487701539958,158.93607239124816,-0.0002521289890033821,-0.008616068060177895,158.97842818309232,-0.0005184865898749587,-0.008555490619500006,159.01067607425853,-0.0007211847474001422,-0.005826211372408352,158.9293884926422,158.8842115073578,0.00028431795189557644,0.2609402230334095,0.016990544948290352,0.00010692871405378583,18.17661213409803,15.008339125380598,19.364108106671985,442.35,0.9246072114839099,4.346628095209055e-05,5.1826742557799125e-05,7.768540859169856e-05,0,0,0,0
63,2026-05-25 13:10:00,158.896,158.892,158.902,158.887,394,1779714899.692,USDJPY,-2.5173698519731502e-05,2.517496601384117e-05,-6.293186995753874e-05,-0.00023280836096628565,9.440374594055307e-05,0.26666666488850993,0.39999999733371233,0.33333333111111113,39.7564516624352,37.76783722082589,39.35390881571371,-0.010507128346034733,-0.010866790818065596,0.0003596624720308625,158.89755466550844,-3.495752669154853e-05,-0.002655118362667963,158.9023593497375,-6.519317762118596e-05,-0.005289803914450886,158.90749989904353,-9.754038703887758e-05,-0.006120443365063011,158.93434406217963,-0.00026642487141150044,-0.008121320293071221,158.9767167339222,-0.0005328876810557245,-0.008306867042847443,159.00949521779825,-0.0007389195068968371,-0.005728438124918966,158.9259688011039,158.88393119889614,0.00026456714125164396,0.1919424672413245,0.01684836316626864,0.0001060365730576029,18.16886424681993,14.053922177668204,20.252445263192556,441.35,0.8927155318905873,3.915148596858608e-05,5.0170258365199205e-05,7.707626334711989e-05,0,0,0,0
63,2026-05-25 13:15:00,158.892,158.907,158.912,158.892,414,1779715199.094,USDJPY,9.440374594071876e-05,6.293385023004028e-05,-5.034137746584566e-05,1.2586136370895673e-05,0.00012585977961959027,0.7499999962503553,0.2499999987496447,0.0,47.69325821863335,54.93002854633022,44.67076417660767,-0.009243708890068092,-0.010542174432466096,0.0012984655423980036,158.89991599913134,4.4581526831717946e-05,0.0005086612280251757,158.90297810310585,2.5310393437366054e-05,-0.0032511633924912076,158.90745445367594,-2.859863796136859e-06,-0.004654948513689305,158.93327174601575,-0.00016530047942208906,-0.007410680281566329,158.9753362045376,-0.00042985412812504407,-0.007944354824189759,159.00847536488484,-0.0006381758246028925,-0.0055719362530055605,158.92608782307758,158.8840121769224,0.0002647815776220256,0.5463450980216824,0.017073480082964467,0.00010744322202901362,17.17114127871191,17.06160072313021,18.557883608588757,440.2,0.9404815992728441,5.284284815995351e-05,5.2720501328840546e-05,7.315568891561711e-05,0,0,0,0
63,2026-05-25 13:20:00,158.907,158.911,158.914,158.902,435,1779715499.094,USDJPY,2.5171955923886102e-05,5.6638682961906994e-05,5.6638682961906994e-05,5.6638682961906994e-05,7.5513966937471e-05,0.3333333305547661,0.24999999791548244,0.4166666631964182,49.60011557975089,58.49135603898028,45.99642545149858,-0.007829420611017213,-0.009999623668176319,0.0021702030571591063,158.9026869993485,5.2315041416082806e-05,0.002631495921008309,158.9040476893584,4.375162711515927e-05,-0.0016176749401779489,158.90777677606903,2.0283613529598662e-05,-0.003413589557908381,158.9323983442112,-0.00013463802493474464,-0.0067671241921232195,158.9740622202893,-0.0003966824487501983,-0.007608823045529789,159.00750546075665,-0.0006069239340432488,-0.005426941862424428,158.9266423745082,158.8843576254918,0.00026609076159865027,0.6300705352388738,0.016711088648467036,0.00010516004964078657,16.06104314795347,17.041343819898536,17.60601519880961,440.95,0.9865064066218423,5.235331364904302e-05,4.581254050130073e-05,7.320046460072943e-05,0,0,0,0
63,2026-05-25 13:25:00,158.912,158.913,158.918,158.902,405,1779715799.092,USDJPY,1.2585661156361283e-05,6.922505695339254e-05,7.55187192025275e-05,2.5171639114418554e-05,0.00010068402207509489,0.06249999960959704,0.31249999804620887,0.6249999960941941,50.57040715412008,60.32033786035895,46.667283914613726,-0.006472591667488814,-0.009294217268038817,0.0028216256005500033,158.9052652495114,4.8675230971600296e-05,0.0047236219407693625,158.9052413307773,4.882576029420965e-05,6.468171852702653e-05,158.90825161460822,2.988130159098636e-05,-0.0021032632344599733,158.9316376248304,-0.00011726818592514197,-0.006070374223810404,158.9728530674123,-0.00037649866790093146,-0.0072403315000713064,159.0065651079133,-0.000588435501702665,-0.005263489704589119,158.9270457255638,158.8843542744362,0.0002686466879840512,0.6709944201965635,0.01666029660214936,0.00010483910442914902,15.163722767841694,17.587288905967526,16.398283985722294,437.95,0.9247631008103837,5.1973651134002116e-05,4.565373119701256e-05,7.26036522613022e-05,0,0,0,0
63,2026-05-25 13:30:00,158.913,158.906,158.914,158.899,447,1779716099.092,USDJPY,-4.404925965784123e-05,6.293424629966182e-05,6.922810661125212e-05,-1.2585898758965541e-05,9.43954287439515e-05,0.4666666635563135,0.0666666662207064,0.4666666635563135,47.14905013504599,51.122284402980334,44.62981574339034,-0.005894191877899857,-0.008614212190011026,0.0027200203121111686,158.90544893713354,3.4678663957067525e-06,0.006042716455596064,158.90534248667367,4.137767277310191e-06,0.0013893908227089469,158.9080469223711,-1.288117506162187e-05,-0.0010029665767774532,158.93063222777823,-0.00015498728868657745,-0.005440163469927484,158.97152924429523,-0.00041220742233988273,-0.006898938797093024,159.00556446007337,-0.0006261696589767321,-0.005111614185153712,158.92692041275035,158.88427958724964,0.0002683399336759581,0.5093806802372655,0.016541703987709145,0.00010409741600511714,14.12020872228851,16.448136383321206,16.631572010122785,439.95,1.0160245482438877,5.358613928091995e-05,4.638485135137453e-05,7.329795086978164e-05,0,0,0,0
63,2026-05-25 13:35:00,158.906,158.911,158.914,158.901,443,1779716399.094,USDJPY,3.146514291474389e-05,0.00011957807819151789,0.00014475605457930918,-0.00015729601852321196,8.180679751544455e-05,0.3846153816571411,0.23076922899341015,0.3846153816571411,49.763486546068286,56.633025891448085,46.385403772566455,-0.004974998972926414,-0.007886369546594104,0.0029113705736676897,158.90683670285017,2.6199610011842496e-05,0.00928203734173394,158.90609682178385,3.0855821860960426e-05,0.0037374720463390076,158.90831538397373,1.689411922708529e-05,0.0008154849302002276,158.92986233649282,-0.00011868340043534486,-0.004481725686815707,158.9703306453983,-0.00037321835563539427,-0.00638608852389666,159.00462352017215,-0.0005888100490377685,-0.004871697626100513,158.9207606672577,158.8879393327423,0.00020653909745331684,0.7026121127593193,0.016288725131442548,0.00010250218758577158,13.15123139427484,15.51047739684434,15.683455908024907,440.5,1.00567536889875,4.943364848204635e-05,4.320136801001707e-05,6.104055328450007e-05,0,0,0,0
63,2026-05-25 13:40:00,158.911,158.911,158.913,158.901,412,1779716698.032,USDJPY,0.0,2.5171955923886102e-05,8.810739032205639e-05,-2.517068873286732e-05,7.5513966937471e-05,0.0,0.1666666652785673,0.8333333263880995,49.763486546068286,56.633025891448085,46.385403772566455,-0.004198138446554367,-0.007148723326586157,0.0029505848800317896,158.90787752713763,1.9649578806056467e-05,0.007961528006291019,158.90675057887933,2.674160226167657e-05,0.003772475773473616,158.9085594399761,1.5358266618867156e-05,0.001104986300163091,158.92912263702252,-0.00011402968016066455,-0.004149108993232176,158.96915578113297,-0.00036583059680480174,-0.0061804234046292095,159.00369194285702,-0.0005829546579983038,-0.004783422027827555,158.92012842294608,158.88817157705395,0.00020109901701030974,0.7143515649721427,0.01598238762205383,0.00010057445753946441,12.25146673254786,14.678643303896049,14.842344897334762,441.25,0.9337110481584286,2.9981985020095983e-05,4.069911099819456e-05,5.3577377298550454e-05,0,0,0,0
63,2026-05-25 13:45:00,158.911,158.919,158.924,158.906,424,1779716999.893,USDJPY,5.034264462500104e-05,5.034264462500104e-05,0.00010698417892807122,-6.292474200697562e-06,0.00011326524833406126,0.44444444197583494,0.2777777762343047,0.2777777762343047,53.9871897613957,65.18203982030539,49.22523880532721,-0.0029034683652469084,-0.0062996723343183075,0.003396203969071399,158.9106581453532,5.24939909264668e-05,0.007971146004706497,158.90838383502876,6.680682739983366e-05,0.004336145670350788,158.90950858179647,5.972844726690841e-05,0.0017318057274451348,158.9287256708648,-6.119517301688694e-05,-0.0036726733464149675,158.96816259734814,-0.0003092606503394864,-0.005899622941171856,159.00284923695796,-0.0005273442416933494,-0.004656223798690462,158.91988480281293,158.88831519718707,0.0001986521789456367,0.9719729501659713,0.016126502791907176,0.00010147624130473496,12.428976162776953,18.380554868203227,13.659012397217838,439.65,0.964403502786088,3.576403834736406e-05,4.2273857049135566e-05,5.4345027742782744e-05,0,0,0,0
63,2026-05-25 13:50:00,158.919,158.917,158.924,158.912,419,1779717299.093,USDJPY,-1.2585027592715292e-05,2.5171005518576095e-05,9.439780493636363e-05,9.439780493636363e-05,7.551111586551757e-05,0.1666666652785673,0.41666666319404977,0.41666666319404977,52.792188774308414,61.63804901756223,48.55019744846384,-0.002015581909915909,-0.005442854249437828,0.0034272723395219187,158.91224360901492,2.993092839833004e-05,0.006978359503534648,158.90953265702493,4.6991158115056595e-05,0.004291326247624738,158.910189619815,4.285678722874337e-05,0.001938005206767457,158.92826584063482,-7.088632456429803e-05,-0.003371784195564942,158.96714947660857,-0.00031547069173525294,-0.005703590803733505,159.00199501569472,-0.0005345531399547927,-0.004570092218585842,158.92156257011487,158.88813742988515,0.00021033080305898105,0.8634988463814032,0.015831752592485267,9.962277536377648e-05,12.593806347989684,17.38541796073205,12.919503309840294,437.85,0.9569487267326808,3.706890967858284e-05,4.281165804685336e-05,4.757268041862728e-05,0,0,0,0
63,2026-05-25 13:55:00,158.916,158.92,158.926,158.911,435,1779717599.093,USDJPY,1.887777896625309e-05,8.810240016088322e-05,0.0001510421911188331,6.292870178081778e-05,9.438711301275081e-05,0.26666666488850993,0.39999999733371233,0.33333333111111113,54.42189653982474,64.97101051415675,49.6379411655847,-0.0010576585399633132,-0.004565815107542925,0.003508156567579612,158.91418270676118,3.660650761134729e-05,0.008733769627639276,158.91092830275494,5.70866795753952e-05,0.005585816081264738,158.91108147255906,5.61227534183391e-05,0.0030345501879480707,158.9279416900217,-4.997038240890001e-05,-0.002690537756535605,158.9662158236064,-0.00029072733075372065,-0.0053134206888216795,159.0011791448918,-0.0005105568734043443,-0.004385315181565375,158.9232080514011,158.8874919485989,0.00022474265543803132,0.9101791281680303,0.01577234169302106,9.924705319041695e-05,12.936084955528614,17.110156409338114,12.041870473605849,438.8,0.9913400182313147,2.493416107136102e-05,3.9491293195901895e-05,4.649240566937732e-05,0,0,0,0
63,2026-05-25 14:00:00,158.92,158.913,158.923,158.905,407,1779717899.524,USDJPY,-4.4047319405882135e-05,1.2585661156361283e-05,0.00013216524431691745,6.922505695339254e-05,0.0001132695248343476,0.3888888867270792,0.16666666574153022,0.44444444197583494,50.077771357487414,52.543776668313,47.19343817194707,-0.0008535002468192943,-0.003823352135398199,0.002969851888578905,158.9138870300709,-5.581828545400345e-06,0.007050327220724739,158.9112045290543,1.129857992734919e-05,0.005107707270440187,158.9112558841446,1.0975407913759739e-05,0.0029405001708653344,158.9273557413934,-9.032895140310112e-05,-0.0025065950994189734,158.96516204492113,-0.0003281350721762434,-0.005168600477162499,159.00030174046503,-0.0005490665081096806,-0.004321779707112228,158.92398756478482,158.88781243521518,0.0002276410965096763,0.6962674360768517,0.015931460143519604,0.00010025271779854136,12.489044705346933,15.729317972240956,13.76015227041589,435.85,0.933807502580949,3.5205147842433844e-05,4.200134970107755e-05,4.6131090862140494e-05,0,0,0,0
63,2026-05-25 14:05:00,158.913,158.912,158.921,158.911,367,1779718199.393,USDJPY,-6.292751379755046e-06,6.2928305781806415e-06,3.146494490491314e-05,-1.887801654965049e-05,6.292790978649129e-05,0.09999999900056845,0.7999999919988633,0.09999999900056845,49.47025296075337,50.920486555371035,46.84737662192645,-0.0007635927493652162,-0.0032114002581916028,0.0024478075088263866,158.91341527255318,-8.905935038568501e-06,0.0055377454155518535,158.91131059184704,4.338320226530893e-06,0.0045600129677154655,158.91132353104055,4.256895886482168e-06,0.0027640910644493033,158.92675355545643,-9.283242202059277e-05,-0.0023690815660870612,158.9641093311603,-0.00032780563725701855,-0.005046449972667233,158.99942311618182,-0.0005498329142862966,-0.0042688266752008985,158.9235811525103,158.88791884748971,0.00022441543131163143,0.675255074759178,0.01550778441898184,9.758724589069321e-05,12.0739359016068,15.004828463039338,13.126362173316542,431.95,0.8496353744644405,3.542941634049023e-05,3.100589625197577e-05,4.230335574851754e-05,0,0,0,0
63,2026-05-25 14:10:00,158.912,158.916,158.92,158.912,406,1779718499.093,USDJPY,2.5171163914539108e-05,-1.8877541389072938e-05,3.146415289068116e-05,8.810461794062086e-05,5.034106068603133e-05,0.4999999937500001,0.4999999937500001,0.0,51.979732672159116,57.10478560239846,48.4354559867154,-0.00036536217157845385,-0.002642192640868973,0.0022768304692905193,158.91406145441488,1.219870392448172e-05,0.0034033090616674144,158.91193584626745,2.5574880268744916e-05,0.0035520112386961955,158.91174866458232,2.6752807475871416e-05,0.002240082785846198,158.92633184739933,-6.501029300323226e-05,-0.0023938234654679036,158.9631566711373,-0.0002966515771630865,-0.005005926210827738,158.9985930354238,-0.000519457649574277,-0.004256201534161619,158.92473086430797,158.88816913569204,0.0002300695248806685,0.7612020898734905,0.01497151410333895,9.421023750496458e-05,11.688477726705248,14.43212835845463,12.625358845754848,430.05,0.9440762702009199,2.7644367276708736e-05,3.100583374128733e-05,3.809479420155494e-05,0,0,0,0
63,2026-05-25 14:15:00,158.916,158.914,158.916,158.911,340,1779718799.04,USDJPY,-1.2585265171560778e-05,-1.8877778966475134e-05,6.2927513795330015e-06,8.18119458025901e-05,3.146355890604637e-05,0.39999999200227393,0.0,0.5999999879977266,50.62590297943898,53.194791197469385,47.6874401171589,-0.0002087386457105822,-0.002155501841837295,0.0019467631961267128,158.91404609081115,-2.9003610631969366e-07,0.0018024817962327688,158.91221106676514,1.1257367969647439e-05,0.002678409740212828,158.91195333143844,1.2879261242725818e-05,0.0017637116234539008,158.92584824554055,-7.45520358793812e-05,-0.0024175950942719737,158.96218327170885,-0.00030311153707864567,-0.004966204899716331,158.9977513136783,-0.0005267452714666219,-0.004243702016424322,158.9254836884179,158.88871631158207,0.00023136650537917286,0.6876663641805345,0.014259263095957273,8.972943287537456e-05,11.188555392075589,14.070655853060593,12.810066876908573,426.4,0.7973733583487812,2.764438620500541e-05,3.117567414257093e-05,3.821359720348558e-05,0,0,0,0
63,2026-05-25 14:20:00,158.914,158.905,158.914,158.901,378,1779719099.093,USDJPY,-5.663440603087544e-05,-9.43871130127949e-05,-6.293028583015392e-06,6.29346423739463e-05,8.18098864099733e-05,0.6923076869824167,0.0,0.30769230532527564,44.95206607272534,39.129059157686775,44.44430285393193,-0.0008015978360447207,-0.0018847210406787802,0.0010831232046340596,158.91178456810837,-4.2693926865220336e-05,-0.002398138652807802,158.91124959119645,-3.9327556812545715e-05,0.0003212884415120243,158.91132121039857,-3.977822568222448e-05,0.00023973783950737015,158.92503066728406,-0.00012603846731982777,-0.002911022737634994,158.9610509296948,-0.00035260794620435473,-0.005164893911597801,158.9968284150347,-0.0005775487218839938,-0.004350729857094393,158.9251658760057,158.8900341239943,0.00022108651088014467,0.4259928727222042,0.014169315731958667,8.916847004158879e-05,11.304272305150011,13.148549997489544,17.01164657577243,421.35,0.8971164115341409,3.239350502548153e-05,3.335738133629809e-05,3.9512566398621313e-05,0,0,0,0
63,2026-05-25 14:25:00,158.905,158.911,158.912,158.904,409,1779719399.032,USDJPY,3.7758409112464975e-05,-1.258550275939907e-05,0.0,0.00014475605457930918,5.0342644625040284e-05,0.7499999906241119,0.12499999843794411,0.12499999843794411,49.05154369020606,49.51232816897138,46.968888396990245,-0.0007783211579805993,-0.0016634410641391442,0.0008851199061585449,158.91158842608127,-3.702851925985751e-06,-0.002298603989629555,158.91121631237024,-1.3612152449734183e-06,1.178331595497184e-05,158.91129200945323,-1.83756263976163e-06,3.612530863961183e-05,158.92448044503763,-8.482296119439839e-05,-0.0028752963557678868,158.9600598221761,-0.0003086298673452091,-0.005102222745023255,158.99597440095476,-0.0005344437258548178,-0.004327339510268757,158.92387448345724,158.89362551654276,0.0001903516239560808,0.5743827036779875,0.013728650322533746,8.639207054598955e-05,11.411723724433402,12.60126698243489,16.303569621978244,416.55,0.9818749249787584,3.685465675042676e-05,3.408165063085314e-05,3.859293578745292e-05,0,0,0,0
63,2026-05-25 14:30:00,158.911,158.913,158.914,158.907,378,1779719699.023,USDJPY,1.2585661156361283e-05,6.292790978745799e-06,1.2585661156361283e-05,0.00010069416036806444,4.4049259657652806e-05,0.28571428163497326,0.1428571408134264,0.5714285632658863,50.37809590694237,52.653132475445496,47.799135236657875,-0.0005916705280810675,-0.001449086956927529,0.0008574164288464615,158.91194131956095,6.662057176241409e-06,-0.001473952992228078,158.91145413738755,9.727823716994824e-06,0.00014354554051010382,158.91144728132113,9.77096807967146e-06,0.00012375028057931559,158.92403023150675,-6.940568704851825e-05,-0.002723323949680889,158.95912794450925,-0.0002901874532511276,-0.004981386651053299,158.99514878502487,-0.0005166747894674958,-0.004274331156949529,158.9237693530039,158.8953306469961,0.00017895770646717912,0.6213135343406682,0.013248032442351091,8.336657442972627e-05,11.210765504842799,13.204004092933328,15.688249207710125,410.95,0.9198199294315805,3.733497636773982e-05,3.431322390118514e-05,3.684212530956055e-05,0,0,0,0
63,2026-05-25 14:35:00,158.913,158.912,158.917,158.912,331,1779719999.008,USDJPY,-6.292751379755046e-06,-2.5170530343010533e-05,-4.40475965743925e-05,6.293186995764977e-05,3.1463954893245645e-05,0.19999999600113696,0.7999999839988635,0.0,49.68156043932454,50.80932425696619,47.409461775639,-0.0005184636752630922,-0.0012629623005946417,0.0007444986253315495,158.91195598967073,2.769478797359638e-07,-0.0021054647441474117,158.91152691906922,2.9770082759925563e-06,-0.0004089271982365972,158.91149752847375,3.1619582854328916e-06,-0.00025113610857374624,158.92355845772218,-7.272966849184131e-05,-0.0027733896771451327,158.95819471788528,-0.0002906092256977139,-0.0049619532520353005,158.9943214339301,-0.000517763359016021,-0.004271601493684329,158.92386991316366,158.89623008683637,0.00017393164976394558,0.5705503688716544,0.012658887267897117,7.965973159923175e-05,10.583083363013115,14.524250914547263,15.24563951960457,404.75,0.8177887584926948,3.486707149894085e-05,2.9671636366971963e-05,3.638094630833874e-05,0,0,0,0
63,2026-05-25 14:40:00,158.912,158.899,158.913,158.889,392,1779720299.791,USDJPY,-8.180628272258517e-05,-9.439067671812573e-05,-0.00011326667379829569,-1.8879560987228317e-05,0.00015103933945462785,0.5416666644099196,0.04166666649325293,0.4166666649301608,41.62446999041834,33.18470785504914,42.662067132342166,-0.0014922364979952363,-0.0013088171400747607,-0.00018341935792047558,158.90871699225306,-6.114826446893294e-05,-0.005329098558092937,158.90985666319332,-6.831963366711362e-05,-0.0023544035718146006,158.91036138952157,-7.149558670827493e-05,-0.0015919419168710647,158.92259538094876,-0.00014847090114657868,-0.0032528645917864196,158.95702254525386,-0.00036502033269618,-0.005160726454988662,158.9933729619507,-0.0005935653806985762,-0.0043783517275812756,158.9241253295164,158.8956746704836,0.00017904869780668912,0.11688057914160052,0.013468966748761673,8.476432670288468e-05,12.226969049243356,12.675652108329958,25.50257569182518,402.25,0.9745183343689312,4.934964097147183e-05,3.8540912716225014e-05,4.1052249144661695e-05,0,0,0,0
63,2026-05-25 14:45:00,158.899,158.907,158.913,158.895,416,1779720599.493,USDJPY,5.034644648493902e-05,1.2586136370895673e-05,-8.180216461095569e-05,6.922767092953919e-05,0.00011327380165757758,0.44444444197583494,0.3333333314814815,0.222222220987128,47.289608951807935,46.50669744047304,46.146560861396004,-0.0015999817408953732,-0.0013670500602388832,-0.00023293168065648996,158.9082877441898,-8.103694326306069e-06,-0.0034968239185673156,158.90947577476754,-1.557978059811505e-05,-0.0017738164289085034,158.91005580865598,-1.922980040767037e-05,-0.0012654017425859365,158.92198379738215,-9.428398151162655e-05,-0.003046869901908167,158.95603199980332,-0.0003084626559083023,-0.0050189298914915526,158.99251352949352,-0.00053784626455162,-0.0043148855411914155,158.92326366457542,158.89763633542464,0.00016127249995770852,0.3653780885142332,0.013792611980993031,8.679675521527076e-05,13.753434329314297,11.494058149301251,23.125286608817746,402.6,1.0332836562342191,5.200725556316763e-05,4.2375108699258646e-05,4.161701305517085e-05,0,0,0,0
63,2026-05-25 14:50:00,158.907,158.917,158.919,158.901,398,1779720898.992,USDJPY,6.292988980960423e-05,3.775698346863976e-05,2.5171005518576095e-05,0.00015733957656771658,0.00011326667379827634,0.5555555524686094,0.11111111049435349,0.3333333314814815,53.38001882398528,58.557069976907634,50.12472137521772,-0.0008684433215933041,-0.0012673287125097674,0.00039888539091646334,158.91046580814236,4.111870054882545e-05,-0.0011226179389041135,158.91047900479853,4.1035652540402e-05,-0.0007373075717111988,158.91068709877817,3.972609606746284e-05,-0.0006049106750651845,158.92178835434757,-3.013025713561166e-05,-0.0026920906900613772,158.9552590889161,-0.00024069092860089152,-0.004800733259997969,158.99176215109063,-0.00047022657072998163,-0.004212249864139039,158.9216216933964,158.9017783066036,0.00012486635660619114,0.7670914989785432,0.014093139696636435,8.868239204513322e-05,14.329778934708562,13.486450809663749,21.015571386131445,402.8,0.988083416087143,5.722760021286582e-05,4.568798272455803e-05,4.30641125639125e-05,0,0,0,0
63,2026-05-25 14:55:00,158.917,158.921,158.925,158.904,525,1779721199.894,USDJPY,2.517037195515215e-05,5.0342011037374235e-05,5.6635118807824014e-05,8.810184573349034e-05,0.00013214112672343498,0.19047618956858095,0.19047618956993437,0.6190476160995799,55.59042252207136,62.49934317651467,51.6255603429046,3.368442366991076e-05,-0.001007126085273832,0.0010408105089437427,158.91309935610678,4.971675667531883e-05,0.0011580365458314645,158.91188180415875,5.7378943208767416e-05,0.0004276667712019844,158.91162463525288,5.8997350059404144e-05,0.00017735393174689307,158.9217574384908,-4.766109455474566e-06,-0.0022727930159476273,158.95458069111578,-0.00021125966279035522,-0.004547253393468509,158.99105805008475,-0.00044064144829254623,-0.00409073494012091,158.92285753316287,158.9019424668371,0.0001316066871323237,0.9111868341671026,0.014586486861163475,9.178451470330212e-05,14.110607622619954,15.037713074353631,18.85443708569679,408.35,1.2856618097217374,5.777839623050236e-05,4.6095351627802225e-05,3.825607000108218e-05,0,0,0,0
63,2026-05-25 15:00:00,158.921,158.927,158.938,158.921,491,1779721499.092,USDJPY,3.7754607635331894e-05,9.439186467963268e-05,6.921895844347326e-05,0.00010068528925000209,0.00010696734978950026,0.352941174394562,0.647058819723085,0.0,58.74979991728563,67.85114289200155,53.814505681254104,0.0012187282762567975,-0.000561955212967706,0.0017806834892245035,158.91657451708008,6.560349637282804e-05,0.0046185274093488715,158.91389756360425,8.244990901753359e-05,0.0023706445350342165,158.91302239568444,8.795757644551589e-05,0.0015248672106906724,158.92196302913823,3.1694617696378766e-05,-0.0015954285839541171,158.95403453881644,-0.00017007771394345858,-0.0041601790688332585,158.99042065655158,-0.00039889608625280377,-0.0039007773785328936,158.92540819396365,158.9009918060364,0.00015363272400070805,1.0651941611743494,0.014758880656794362,9.286578527748187e-05,13.635415168046917,20.092097917513243,17.303189796964546,411.15,1.1942113583847274,5.801740506716091e-05,4.685256802780509e-05,3.8716248107874665e-05,0,0,0,0
63,2026-05-25 15:05:00,158.927,158.948,158.951,158.927,431,1779721799.741,USDJPY,0.00013213613797535828,0.0003083719847198907,0.00021395220056152908,0.00022024629828898412,0.00015099277751214806,0.8749999963547588,0.12499999947857454,0.0,67.47214109862614,79.68786386716408,60.39978052633031,0.0038085064709889593,0.0003121371238236271,0.003496369347165332,158.92443088781005,0.0001483038954948268,0.01571389555698488,158.9184445551237,0.0001859786946634544,0.008587891930375235,158.91620217789495,0.00020009175697180965,0.0058407883733764265,158.92298408681907,0.00015740903258694647,0.00038870587030714887,158.9539150429983,-3.721231400108701e-05,-0.0031075022555739906,158.9899985604665,-0.00026415850586041054,-0.0033744014842227443,158.9344176654958,158.8954823345042,0.0002449564070739604,1.3488434289220699,0.015418960609880544,9.700632036817414e-05,14.208127512119418,23.880521009315967,15.379414788359153,412.45,1.0449751485025955,4.183137457575988e-05,6.0516199214560695e-05,4.804775236461297e-05,0,0,0,0
63,2026-05-25 15:10:00,158.948,158.926,158.951,158.889,589,1779722099.894,USDJPY,-0.00013841004605297247,0.00011956679063840348,0.00013215443189329434,0.00012586057165853148,0.0003901186715828965,0.3548387091055129,0.048387096695935425,0.5967741925856485,54.476341294724314,54.957008715784454,52.21093848031152,0.0040391474329908306,0.001057539185657068,0.0029816082473337626,158.92482316585753,7.40497374175114e-06,0.016535421667725814,158.91945194777387,4.1203591793624106e-05,0.009976173006322142,158.9170928889954,5.6048791496651467e-05,0.007037080339415525,158.92310235792422,1.8232982069779825e-05,0.0011185605420678257,158.95336226986961,-0.00017214023962054844,-0.0026697299337001823,158.98936175886982,-0.000398528292515122,-0.0031517706237025322,158.93553034728646,158.89636965271356,0.0002464083571781804,0.7566348741748262,0.018746177709173608,0.00011795538621228502,14.476202871128338,18.2390193293244,26.225344964631798,419.55,1.4038851150038365,9.972024317907439e-05,7.582157489663619e-05,5.745167317167743e-05,0,0,0,0
63,2026-05-25 15:15:00,158.926,158.911,158.928,158.901,514,1779722399.039,USDJPY,-9.43835495764711e-05,-3.775555793272822e-05,0.0,0.0,0.00016990642560922033,0.5555555534977085,0.07407407380011552,0.3703703689984723,47.72652985490842,44.0760937838627,47.59164333363034,0.0029772376746564078,0.001441478883456936,0.0015357587911994717,158.92136737439313,-6.523587459893216e-05,0.010901566250765882,158.918325021404,-4.6092994014463587e-05,0.007846016605469686,158.91653898999581,-3.485471072436091e-05,0.005851891217645289,158.92262775565268,-7.316614264999716e-05,0.0008394013051145066,158.95252341304052,-0.0002612315435384641,-0.0027356758755843202,158.9885820398761,-0.00048797239953138853,-0.003180111214533099,158.93553034728646,158.89636965271356,0.00024643161626885173,0.3735977466346232,0.019335736444231692,0.00012167651354677582,14.72512999020805,16.419835888099797,23.609595047455283,423.1,1.2148428267546172,0.00010874254489386566,8.230681985505609e-05,6.13118618090223e-05,0,0,0,0
63,2026-05-25 15:20:00,158.912,158.913,158.916,158.901,434,1779722699.001,USDJPY,1.2585661156361283e-05,-5.033947684685014e-05,0.0,1.2585661156361283e-05,9.439127069520025e-05,0.06666666622260119,0.19999999866590876,0.7333333284448235,48.64028478994271,45.74699827707945,48.23284777618807,0.0022708726198459317,0.001607357630734735,0.0006635149891111966,158.91927553079483,-3.948879564082602e-05,0.006176174688050651,158.91761501855015,-2.9040320983936526e-05,0.005733214391398178,158.91621726363257,-2.0245030293080646e-05,0.004592628379697317,158.92225019660748,-5.820579935172165e-05,0.0004927581166782602,158.95174077119813,-0.00024372662425815295,-0.0028399199176476486,158.9878299797778,-0.00047066482879426063,-0.0032280703069318406,158.9355484614741,158.89655153852587,0.0002453979406859664,0.42178869993919005,0.019026040983928454,0.0001197261456515732,14.95627660078207,15.495172616150027,22.280049152187782,424.2,1.023102310230782,0.00010793863951746021,8.230681985505609e-05,6.137639592082654e-05,0,0,0,0
63,2026-05-25 15:25:00,158.913,158.907,158.916,158.893,453,1779722999.095,USDJPY,-3.775650827808619e-05,-0.00012584394092873818,-3.146395489328491e-05,-7.551016555606971e-05,0.00014473874656243044,0.26086956408322953,0.1304347820409969,0.6086956495279474,46.04017714553972,41.415979112762535,46.44295752505756,0.0012129413362345076,0.0015284743718346895,-0.0003155330356001819,158.91620664809614,-5.7933978480320933e-05,-0.0003678689839432536,158.91619968274347,-5.789015066949178e-05,0.0023021191392160745,158.91537933057506,-5.272825456133229e-05,0.0023569348906278265,158.9216521496817,-9.219731536577679e-05,-0.0003108794565207518,158.95085481533283,-0.0002759017268813767,-0.0031797234836119515,158.9870257013721,-0.000503347370762147,-0.0033949551794876243,158.9352840616077,158.89561593839235,0.00024963106229011637,0.28698261112988493,0.019309895199361857,0.00012151695771339121,15.633084542145193,14.176866392882594,23.34374830942116,425.65,1.0642546693290111,0.00010481287440675897,8.317108444231949e-05,6.077935495750981e-05,0,0,0,0
63,2026-05-25 15:30:00,158.907,158.9,158.913,158.894,362,1779723299.713,USDJPY,-4.405092286685619e-05,-0.0003019855550242534,6.2933058107006445e-06,-0.00010697408080950765,0.00011957205789808342,0.3684210506926782,0.3157894720220819,0.3157894720220819,43.14261251047991,36.688293451836415,44.4235105139722,-0.00018814945673284456,0.0011851496061211827,-0.0013732990628540272,158.9121549860721,-7.648871210107088e-05,-0.01227590173795079,158.91403972504435,-8.834792110648705e-05,-0.004404830079351996,158.9139812096137,-8.79797328546414e-05,-0.0022209682812501796,158.9208030457726,-0.0001309019673566819,-0.002181041046469545,158.94984778928665,-0.00031360702749917615,-0.004067253711639296,158.98615977399524,-0.0005419325437994966,-0.0038387864712490227,158.93552271492555,158.89367728507446,0.00026334442952230167,0.15109690431989714,0.019287759827979256,0.00012138300709867373,16.261549059125233,13.179340856834237,21.701214310693214,422.8,0.8561967833488987,5.7765421435924624e-05,7.999992199634717e-05,6.142328032822806e-05,0,0,0,0
63,2026-05-25 15:35:00,158.9,158.901,158.903,158.894,410,1779723599.095,USDJPY,6.293266205270598e-06,-0.00015730591596074817,-3.7757933885829154e-05,-0.00011955700981614026,5.6639039401804455e-05,0.111111109877245,0.22222221975133202,0.666666659260312,43.687848992051364,37.870323460492685,44.78365066514884,-0.0012039539303714264,0.000707328898822661,-0.0019112828291940873,158.90936623955406,-5.2647869361193066e-05,-0.015456926303471619,158.91230109503843,-7.111529416253733e-05,-0.007150852735435365,158.91280109964882,-7.426147904476646e-05,-0.004291789346581254,158.92002645574232,-0.00011972346196157353,-0.0030759021819051213,158.94888050633048,-0.00030123210794532755,-0.004481763539132544,158.98531241305997,-0.0005303157365940179,-0.004049345809846727,158.9352210454048,158.89207895459523,0.0002715029534714535,0.20678287066511916,0.018552919840265462,0.00011675772865032606,16.845123253463843,12.72267778272986,20.949269024007645,421.55,0.9726011149327547,4.3367268167501693e-05,7.814968653523961e-05,6.122619869157617e-05,0,0,0,0
63,2026-05-25 15:40:00,158.901,158.904,158.914,158.901,377,1779723899.592,USDJPY,1.8879679800631877e-05,-4.4049814046931424e-05,-8.18037088543555e-05,-5.66347624172403e-05,8.181040124840664e-05,0.23076922899341015,0.7692307633142822,0.0,45.380062445085855,41.68116891980861,45.888194635539485,-0.0017467756242126597,0.00021650799421559685,-0.0019632836184282567,158.90802467966554,-2.5327101470559687e-05,-0.013342694727583648,158.91119428236664,-4.52723447151057e-05,-0.0071307390373647195,158.9120009996807,-5.034861829430896e-05,-0.00453799031510016,158.91939796728184,-9.68916789189725e-05,-0.003229788370845199,158.94799178343283,-0.0002767684129835927,-0.004531629607697596,158.98450333432308,-0.0005063596302451913,-0.004078705553013151,158.9351781709852,158.89122182901482,0.0002766219980012202,0.2907014183461962,0.018156282708816276,0.00011425944412233975,16.32677245634199,16.39950494815017,19.877855179174407,420.05,0.8975122009282472,2.9717100798912823e-05,7.51562655199342e-05,6.078207030254292e-05,0,0,0,0
63,2026-05-25 15:45:00,158.904,158.907,158.909,158.892,374,1779724199.093,USDJPY,1.8879323365084133e-05,-3.775650827808619e-05,-8.809408448207101e-05,-3.146395489328491e-05,0.00010698081267657124,0.17647058719811692,0.11764705813040609,0.705882348789124,47.09227164023848,45.575756171732074,47.00138424843198,-0.0019128407618325127,-0.00020936175699402508,-0.0017034790048384876,158.90776850974916,-4.836199994232357e-06,-0.011507021045673582,158.91063504471776,-2.28747730869686e-05,-0.006979973832386577,158.9115463633461,-2.8609395919532036e-05,-0.004670900286470214,158.9189117724865,-7.495503432302815e-05,-0.0033384241209830634,158.947180064949,-0.000252788787649961,-0.004560706249122859,158.98373215686715,-0.00048264156229158804,-0.004097822910665627,158.93509023486448,158.89080976513551,0.00027865650807680134,0.3656292475448636,0.018073691086757677,0.00011373753885453552,16.459673527909548,15.297699872245815,22.099223161953287,420.4,0.8896289248332804,3.095732398919332e-05,7.487189332472846e-05,6.0966930955527476e-05,0,0,0,0
63,2026-05-25 15:50:00,158.907,158.891,158.914,158.885,375,1779724499.002,USDJPY,-0.00010068782369576645,-0.00010068782369576645,-0.00022651909367199519,-0.00015731581464428768,0.00018251505749222022,0.5517241360292809,0.24137930951170783,0.20689655101073534,39.90707112879359,32.19704757846023,42.146020989774335,-0.003297503296863624,-0.000826990064967945,-0.0024705132318956794,158.90357638231185,-7.914474046578553e-05,-0.012630265784281391,158.9080170387554,-0.00010708735199463126,-0.008182643988078553,158.9096785121328,-0.00011754168976810734,-0.005700818442250011,158.9178171931733,-0.00016874881399054975,-0.0038349565083990456,158.94606758841536,-0.0003464545505961459,-0.0047872269174717985,158.98280944883862,-0.0005774803524790918,-0.004216252533467468,158.9357507796101,158.88764922038996,0.00030273306367339134,0.06966051947984889,0.018854141723417584,0.00011866085381436069,17.01427778155131,13.617003235023684,22.32320778018267,418.85,0.8953085830247355,5.196981014922809e-05,7.803817469165173e-05,6.44569334809098e-05,0,0,0,0
63,2026-05-25 15:55:00,158.891,158.899,158.901,158.887,383,1779724799.092,USDJPY,5.034898137723509e-05,-6.293266205159576e-06,-0.0003082769207539693,-9.439067671812573e-05,8.810628134859254e-05,0.5714285673472288,0.14285714183731474,0.2857142836725994,44.46930018346523,42.10995387345478,45.122252169297106,-0.0037065978380326214,-0.0014029116195808803,-0.002303686218451741,158.9024322867339,-2.1599963477612035e-05,-0.009722699338198026,158.90681476692134,-4.917829945055918e-05,-0.007224958123003944,158.90870773830255,-6.109003364711279e-05,-0.005273471311141975,158.91707926402927,-0.000113765393329628,-0.0037237817433322107,158.9451355569616,-0.00029026089285414986,-0.004712232325061905,158.98197552397457,-0.0005219178067268086,-0.004184250020671243,158.93559528352142,158.8863047164786,0.00031020061197878655,0.25756010241496274,0.01850741731460276,0.00011647283692535987,17.529267445647232,12.881243998418125,21.117031499583,421.0,0.9097387173394514,5.7917246839905335e-05,6.281415044237172e-05,6.573779857643273e-05,0,0,0,0
63,2026-05-25 16:00:00,158.899,158.908,158.913,158.894,373,1779725098.593,USDJPY,5.663975229541762e-05,4.405258620132635e-05,-0.00011326025949187635,1.8879204556121465e-05,0.00011956603821082299,0.47368420803237493,0.2631578933529815,0.2631578933514856,49.146754902925665,51.430031498644176,48.26602460746003,-0.0032669243550174087,-0.001775714166668186,-0.0014912101883492227,158.90382421505043,2.6278693858879466e-05,-0.005542024503625953,158.90697279799852,6.46417198301643e-06,-0.0053282970399095575,158.90864339845686,-4.048857526646339e-06,-0.0041577011919571305,158.9167232144595,-5.489173375249936e-05,-0.0033032412828220004,158.944400199398,-0.00022901215363572405,-0.004480306932492795,158.98123944910915,-0.00046067982211581127,-0.0040729639508185755,158.93563487313705,158.88656512686296,0.0003087934293684739,0.43682461640651954,0.018542601792131522,0.00011668765444239134,16.87229753495092,16.5610187244872,19.571464767103592,420.75,0.886512180629617,6.365087445839254e-05,5.556145942390094e-05,6.590884624929378e-05,0,0,0,0
63,2026-05-25 16:05:00,158.908,158.907,158.917,158.901,353,1779725399.093,USDJPY,-6.292949379371748e-06,1.8879323365084133e-05,-2.51713223123895e-05,-2.51713223123895e-05,0.0001006878236955649,0.062499999607931706,0.5624999964855962,0.374999997656472,48.65634626319209,50.378635512492934,47.94558203675919,-0.002964993001057792,-0.0020135699335461074,-0.0009514230675116845,158.90461816128783,1.4989109440259032e-05,-0.0034065183777158836,158.90697642493205,1.483576648858371e-07,-0.004217857434582584,158.90849399859715,-9.401628317955951e-06,-0.0035070010835625,158.91634191193168,-5.8785092956945676e-05,-0.003056055350157294,158.9436596013901,-0.000230645258087187,-0.004332182042730892,158.980500748123,-0.0004623255542479693,-0.00400258620007321,158.935499999997,158.88630000000305,0.0003096150578260203,0.4207317064518744,0.01836098737840721,0.00011554549125216139,15.92249178996605,17.086292765053315,18.353262943632515,417.95,0.8445986362003004,6.365100837755657e-05,4.7298488533309184e-05,6.534756002235974e-05,0,0,0,0
63,2026-05-25 16:10:00,158.907,158.904,158.914,158.902,409,1779725699.095,USDJPY,-1.8878966942970088e-05,-1.8878966942970088e-05,-5.66347624172403e-05,-5.66347624172403e-05,7.551729346020525e-05,0.24999999791785094,0.5833333284702485,0.1666666652785673,47.13674789144364,47.01467414833063,46.963429296262355,-0.0029339642422314682,-0.0021976487952831796,-0.0007363154469482887,158.90446362096588,-2.917608198812088e-06,-0.003304888783276283,158.90657956827445,-1.6233237676275754e-05,-0.0040554764433125,158.90808545327013,-2.5709536795957366e-05,-0.0034609100759723788,158.91585791538535,-7.461757146767946e-05,-0.00305385710115047,158.9428742627487,-0.00024458009161473256,-0.004305802200320841,158.97973954664917,-0.00047641005618172017,-0.003992610217977699,158.93520863485438,158.88569136514568,0.0003116175156616662,0.36974241360746524,0.017906631137092444,0.00011268835987195064,15.0405293124801,16.268417326261762,17.474741008553558,419.5,0.9749702026219369,6.365122334847182e-05,4.722875501445734e-05,6.537551846330124e-05,0,0,0,0
63,2026-05-25 16:15:00,158.904,158.915,158.915,158.903,380,1779725999.093,USDJPY,6.922418567190114e-05,0.00015104694413148323,5.0343911847772205e-05,1.887837293579331e-05,7.551206619891423e-05,0.9166666590273831,0.0,0.08333333263928365,52.94030839790376,58.78688979543518,50.840457825585126,-0.00199872559366554,-0.0021578641549596517,0.00015913856129411152,158.9070977157244,4.972895729128676e-05,0.0035213334125501206,158.90770229250455,4.5924189892359144e-05,-0.0003147462508366061,158.90871404842738,3.955699730029803e-05,-0.0009644637054293526,158.91582427164474,-5.186844346831964e-06,-0.0019929215285685586,158.9423222971497,-0.00017190070432360292,-0.0037452912656590343,158.97909537205564,-0.0004031685543665072,-0.003714076782983966,158.93543062624764,158.88576937375234,0.0003125019821621493,0.5886002611706286,0.017484728913014443,0.00011002566726246386,14.12856265052947,15.879420699597935,16.618087782167667,421.95,0.90058063751608,3.990115610381214e-05,5.110830127283291e-05,6.731694551162672e-05,0,0,0,0
63,2026-05-25 16:20:00,158.915,158.913,158.918,158.907,385,1779726299.093,USDJPY,-1.2585344366322637e-05,8.81062813486988e-05,8.18124606671855e-05,8.81062813486988e-05,6.922026517651595e-05,0.18181818016364504,0.27272727024934323,0.5454545404961028,51.82623879397265,56.14102855274699,50.14071144144534,-0.0014027554206563764,-0.0020068424080989964,0.0006040869874426201,158.9085732867933,2.7856981628729025e-05,0.0061410000594150915,158.90840865350395,2.8893036781128595e-05,0.0015938865826115034,158.90910368038854,2.451917178582388e-05,0.0003959420859871443,158.91571351589397,-1.707518931843852e-05,-0.0013657481352993273,158.9417416576022,-0.00018083139962124541,-0.0033938993593949363,158.97843770666205,-0.0004116137232571145,-0.0035378173125195644,158.93556602562953,158.8870339743705,0.00030540013251924384,0.5350283967480238,0.01702153399065596,0.000107112281504068,13.242132762309154,16.405335916228932,15.85099658000027,421.6,0.9131878557872597,4.183867709234808e-05,4.8660431219530534e-05,6.456144494514596e-05,0,0,0,0
63,2026-05-25 16:25:00,158.913,158.917,158.923,158.908,361,1779726599.092,USDJPY,2.5171005518576095e-05,5.6636544415678e-05,0.00010069162560322198,6.292988980960423e-05,9.438889483198637e-05,0.26666666488800467,0.3999999973329544,0.33333333111237434,53.91505215899016,60.30926639581829,51.54133664082949,-0.0006007530865588251,-0.0017256245437909622,0.001124871457232137,158.910679965095,3.977098900080416e-05,0.006855750044564957,158.9095541663701,4.685579585797778e-05,0.0025813683715796287,158.90982152762595,4.5173245461122845e-05,0.0011781291690908802,158.9157639662511,7.777917797836595e-06,-0.0009592482084030962,158.94125172378827,-0.00015258294196910697,-0.0031484756097199806,158.97782638619776,-0.000382609245455386,-0.003413062911391762,158.93610308622073,158.88749691377927,0.0003058588599171429,0.6069822962416429,0.01687713870561016,0.00010620096468980764,12.878589776448896,17.479993202987,14.844711633387142,418.85,0.8618837292584787,3.6532190818483514e-05,4.894436727702359e-05,6.386022971880728e-05,0,0,0,0
63,2026-05-25 16:30:00,158.917,158.914,158.921,158.911,383,1779726899.093,USDJPY,-1.8877778966475134e-05,4.405092286674517e-05,6.293107788346575e-05,-1.8877778966475134e-05,6.292711781209274e-05,0.2999999970017053,0.39999999599943165,0.29999999699886315,52.09075459760771,55.67912253436625,50.42581161459627,-0.00020487372981392582,-0.0014214743809955548,0.001216600651181629,158.91150997382124,1.5669262592483963e-05,0.006891812533410757,158.91014694418743,2.424675759634826e-05,0.0031705192553772577,158.91020138875083,2.3904137153911343e-05,0.0017073901536832636,158.915694791104,-1.0664718209415576e-05,-0.0006471208276934703,158.94071208569343,-0.00016806320635486357,-0.002947515696661185,158.9771912977779,-0.00039748656560136675,-0.0033094503451138735,158.93585970879323,158.8874402912068,0.00030468943948578806,0.5485342464297426,0.01638591451235164,0.00010311183729785697,12.541014146721514,16.718015016098505,14.197609181805069,418.1,0.9160487921547678,3.8433738710517875e-05,4.964064686354368e-05,6.243360302404013e-05,0,0,1,0
63,2026-05-25 16:35:00,158.914,158.917,158.917,158.904,369,1779727199.095,USDJPY,1.8878135343625146e-05,8.181040124854988e-05,6.292988980960423e-05,-2.516973842348058e-05,8.18037088543405e-05,0.23076922899509192,0.0,0.7692307633126004,53.77515671515778,59.32255632112038,51.527374967942194,0.0003469391420765078,-0.0010677916763811423,0.00141473081845765,158.91288248036594,2.591054651955811e-05,0.00841885940005227,158.91106068496242,3.737508900877753e-05,0.004481116687969688,158.91081944431895,3.88932339702715e-05,0.0027339910488137775,158.91574597576658,7.891126368368043e-06,-0.00011193961876188041,158.94024253944207,-0.0001462344530920047,-0.00263172330662087,158.97659237939206,-0.0003748500235169371,-0.003147167257111505,158.93541226199363,158.88748773800637,0.00030156952363348505,0.6158070957552729,0.01614406347575547,0.00010158802063816627,11.805143762496497,15.756431142891872,16.478107261789695,410.3,0.8993419449181332,3.5206998440524846e-05,4.9640613398677554e-05,6.231082635990797e-05,0,0,1,0
63,2026-05-25 16:40:00,158.917,158.917,158.924,158.91,397,1779727499.093,USDJPY,0.0,1.2585344366655704e-05,0.00016363418947595854,-6.29219704644246e-05,8.809630184316344e-05,0.0,0.49999999642857146,0.49999999642857146,53.77515671515778,59.32255632112038,51.527374967942194,0.0007753174417644004,-0.0006991698527520338,0.0014744872945164343,158.91391186027445,1.9432784011155052e-05,0.006814144550048695,158.91185259363408,3.239158238928977e-05,0.004150301129527634,158.91138131301722,3.535736041283277e-05,0.002667264589831575,158.9157951531875,7.5816680861544025e-06,-2.911845723474471e-05,158.93978229113628,-0.00014333913641928549,-0.0025400060134188607,158.97599942039315,-0.0003711215567648843,-0.0030959516624875505,158.93399322025786,158.88790677974217,0.0002900032124674767,0.6312750533380841,0.015990916084630793,0.0001006243264385232,11.486776642080754,17.897869987030035,15.447640515887217,405.6,0.9787968441812183,1.9190123611797655e-05,3.292825654427279e-05,6.163499194019602e-05,0,0,1,0
63,2026-05-25 16:45:00,158.916,158.908,158.917,158.903,371,1779727799.009,USDJPY,-5.663333689920336e-05,-3.1463756898553186e-05,5.663975229541762e-05,-0.00025165462918708137,8.810129131327564e-05,0.5714285673472288,0.07142857091865737,0.3571428545912567,47.91404612088909,44.41395725204486,47.999672160959626,0.000384157221390069,-0.00048250443792361325,0.0008666616593136823,158.91243389520585,-2.7901499569175974e-05,0.0038606084125376583,158.91133891448288,-2.1011178344502726e-05,0.002930260978928345,158.91107392092474,-1.9343654591864177e-05,0.0019702405361954334,158.91548946090563,-4.7128577151619885e-05,-0.00022405498833677484,158.93915293883654,-0.0001960054414568577,-0.0025887187656508104,158.97532280924497,-0.0004234796197002572,-0.0031148974170776,158.92451245481436,158.89338754518565,0.00019586748073549234,0.4694778215166721,0.015848707792872164,9.973511587127246e-05,10.844717469637704,16.7685747649288,17.627777845413533,402.6,0.9215101838050369,3.299885500168999e-05,3.7693594489571116e-05,5.378178305607181e-05,0,0,1,0
63,2026-05-25 16:50:00,158.908,158.912,158.916,158.897,379,1779728099.0,USDJPY,2.5171797518153127e-05,-3.1462964943940186e-05,2.5171797518153127e-05,-8.809131293796568e-05,0.00011956302859447654,0.2105263146823852,0.2105263146808893,0.5789473653735675,50.49652107038281,50.82234871067348,49.60960771958405,0.00039240312028709923,-0.00030752292628147076,0.00069992604656857,158.9123254214044,-2.047804684342615e-06,0.0016454563094043806,158.9114270592185,3.605409580029026e-06,0.0018728928484108565,158.91115810993156,5.297866294957464e-06,0.0013365823056119552,158.9153526193015,-2.10968874072636e-05,-0.00041134694959055196,158.93861525687936,-0.0001674562021088262,-0.0026364669089105064,158.97469273154107,-0.0003943566769267556,-0.003133654656693352,158.92181281681098,158.89468718318903,0.00017069594254650006,0.6382456162475636,0.016073800093381684,0.0001011490642203338,10.79213527380171,15.352770702765547,18.805702788915728,392.1,0.9665901555723114,3.299904378990344e-05,3.4108156092435736e-05,4.5429011490896025e-05,1,0,1,0
63,2026-05-27 02:15:00,159.262,159.264,159.279,159.248,402,1779848399.092,USDJPY,0.002215062424486547,0.0022024491234253762,0.0022465970662084445,0.0022213691940773383,0.00019464536869603872,0.06451612882443727,0.48387096618052905,0.45161290176922725,91.31328259900133,96.16883461841435,86.94790721093464,0.02847416383170298,0.00544881442531542,0.023025349406387563,159.0002440660533,0.0016588398055359314,0.08873409223207318,158.95843678465604,0.0019222837209824741,0.04828984046861251,158.94323464539235,0.0020181126634505504,0.03303325664151657,158.9290250656034,0.0021077014362752542,0.013330274499423922,158.94505851911936,0.0020066146368576034,0.004346433425922669,158.97757141082923,0.0018016918149453588,0.0003801130513352291,159.08161756484057,158.77018243515946,0.0019554646981183132,1.5856193396924196,0.041139957229568015,0.00025831297235764526,15.87175736141445,68.59529628253617,6.822752412594545,386.5,1.0401034928845951,0.0009925366637436122,0.0007001829101978418,0.0004968569050231499,0,0,0,0
63,2026-05-27 02:20:00,159.264,159.276,159.291,159.262,601,1779848699.794,USDJPY,7.534659433394708e-05,0.0022590408829767927,0.0023410360972664357,0.0022842687508259907,0.0001820738843265549,0.4137931020214707,0.5172413775263484,0.06896551700390513,91.56851178002127,96.30436910517393,87.2851524554639,0.051108316368214446,0.014580714813895227,0.03652760155431922,159.06918304954,0.0013001698160203228,0.15630056917405,159.0007785467019,0.0017309440608636849,0.08971786173947294,158.97348604126577,0.001902920834583149,0.0626665969468263,158.94263192577586,0.0020974113124025313,0.026885950009273074,158.95161181577046,0.002040798331793724,0.011369276328395017,158.98054084952747,0.0018584610977779093,0.003948470135412663,159.16179064847864,158.72630935152137,0.0027341300444340493,1.2622600607491663,0.040272817427455754,0.00025284925178592976,20.625887459263122,67.19544460907366,6.471824784830005,394.85,1.522096998859941,0.0009868448288504396,0.0006971690108997754,0.0004964001533104943,0,0,0,0
63,2026-05-27 02:25:00,159.276,159.291,159.293,159.274,404,1779848999.0,USDJPY,9.417614706541677e-05,0.0023534297778085023,0.002366044740899298,0.002416507768694842,0.00011927855308840711,0.7894736800544568,0.1052631573411926,0.1052631573411926,91.88930657709885,96.48567726912698,87.70220636337308,0.06945577700091121,0.025555727251298427,0.043900049749612785,159.124637287155,0.0010454868314627075,0.2107254268805434,159.039474740475,0.0015815272273468977,0.12762214684090623,159.00235094660525,0.0018153760097024036,0.09096963358803123,158.9562934188827,0.0021056516474958395,0.04049826569519155,158.95833237387401,0.002092797660606676,0.01855008273773251,158.98362999530332,0.0019333437329727564,0.007630574910166388,159.22732716675227,158.6991728332477,0.003315657089883132,1.1205572483201347,0.038753330468352165,0.00024328637819055795,25.046911361142325,65.210889927749,6.245181276433316,392.4,1.0295616717632443,0.0009769148624933477,0.0006965578278236318,0.000495149486190624,0,0,0,0
63,2026-05-27 02:30:00,159.291,159.265,159.293,159.265,521,1779849299.021,USDJPY,-0.00016322328317364132,0.0022465829284870065,0.0022150484856491293,0.002297042164883356,0.00017580761623721479,0.928571425254812,0.0714285711737594,0.0,85.79594941403896,87.77725198916062,82.76158872225898,0.08096497519457557,0.03663757683995386,0.04432739835462171,159.15972796536624,0.0006614238160588585,0.24729407016039318,159.06954477507833,0.0012287407070789662,0.1582058605954444,159.02622813327747,0.001501462177185041,0.11515421235273493,158.96839955931867,0.001865782391365406,0.05291009841303662,158.96440500013395,0.0018909579151746723,0.02525206129740809,158.9864296968426,0.0017521640286442168,0.01110688759763434,159.2744419737763,158.68855802622372,0.003678673578957011,0.9838842250002764,0.037985235434899865,0.0002385033462147984,28.834160515385527,61.777403775505526,7.608746649659698,400.35,1.301361308854427,0.0009923382166132145,0.0007041324577770642,0.0004979469069452766,0,0,0,0
63,2026-05-27 02:35:00,159.265,159.274,159.274,159.254,469,1779849599.003,USDJPY,5.6509590933506715e-05,0.0022779903342731167,0.0022464556969989946,0.0023473735218784153,0.00012556977284434515,0.44999999775049737,0.0,0.5499999972495025,86.1386008647123,88.2070984967383,83.10746752621073,0.08977742420452728,0.04726554631286855,0.04251187789165873,159.1882959740247,0.000538381452297775,0.2759705526202936,159.09680547173457,0.0011137528986835136,0.1853784125160587,159.04875284843408,0.0014162145099029708,0.13759473850251425,158.98038389032578,0.0018468700508156547,0.06503127102428152,158.9705355941907,0.001908934914731441,0.031920337311333924,158.98929109289392,0.0017907426666852059,0.014598361352852862,159.31675529054326,158.68354470945678,0.003975605441481178,0.9324785594025569,0.03670057576097918,0.00023042414807802392,31.955254785998484,59.37271577988052,9.45345314530968,403.3,1.1629060252910581,0.0009890833236226423,0.0007032307005484448,0.0004974971472437665,0,0,0,0
63,2026-05-27 02:40:00,159.274,159.267,159.276,159.258,324,1779849899.022,USDJPY,-4.394942049557038e-05,1.8836648583375748e-05,0.0022213272587690014,0.0022843981271711833,0.00011301776262503019,0.38888888672865823,0.11111111049435349,0.49999999722143273,84.43255574072184,85.4793271724628,81.76762753254337,0.09510025548917156,0.056832488148129155,0.038267767341042404,159.20797198051852,0.00037076045091948543,0.20772791446520955,159.11949807550332,0.0009269883721395948,0.16106129084727172,159.06859349857643,0.0012473015386619242,0.1253588531840819,158.991623737764,0.0017320174218120549,0.06259867216058979,158.97640617648395,0.0018279053508949731,0.03134765736459144,158.99205436560146,0.001729304244137246,0.014482954772233825,159.35193758781048,158.68466241218954,0.004189663744661127,0.8727098039894599,0.03536482034948072,0.00022204738175190543,34.86529226020371,57.61812933038624,9.109765841426038,400.65,0.8086858854359644,0.00010751958476772561,0.0007042393315370571,0.0004983493396623372,0,0,0,0
63,2026-05-27 02:45:00,159.267,159.25,159.267,159.248,336,1779850198.194,USDJPY,-0.00010673899803470555,-0.0001632386549135223,0.0020954334652680817,0.002158495220474732,0.00011930926216643929,0.8947368373956495,0.0,0.1052631573411926,80.27435829033072,78.59302466300326,78.53885368226513,0.09683067594878025,0.06483212570825939,0.03199855024052087,159.21847898538888,0.00019797334337057806,0.14929593584889744,159.13689833210287,0.000710719318288424,0.1361197854009788,159.08508499870584,0.001036646529720265,0.11159895744006576,159.00175614020463,0.0015612648930523095,0.05912421442877758,158.98182387595952,0.0016868351205337503,0.030212060189057866,158.99462098882933,0.0016062116415159547,0.014080139301853478,159.37953863683651,158.69136136316348,0.004321364355874625,0.8117655989621693,0.03419590461023249,0.00021473095516629507,37.178065751470434,55.3314217976015,10.837028753752506,398.75,0.8426332288399141,0.0001080515420197769,0.0007093693464161779,0.0005004015092639365,0,0,0,0
63,2026-05-27 02:50:00,159.25,159.24,159.25,159.228,359,1779850499.035,USDJPY,-6.27943485085325e-05,-0.0003201687477634163,0.0020325075353802013,0.0021964743125790775,0.00013815624215015926,0.45454545247910394,0.0,0.5454545429754415,77.84570461879841,74.47549920427299,76.66896308576523,0.09628521418977698,0.07112274340456291,0.025162470785214067,159.22385923904167,0.00010137149693190375,0.09922195188667615,159.15064522115583,0.0005614477950750042,0.11117048068084046,159.09916818064167,0.0008851826252066818,0.09681723403642195,159.01109903666722,0.0014395282135620435,0.054805617784523974,158.98693627445536,0.0015917265372532962,0.028603900581344988,158.99706257103003,0.0015279365860073764,0.013432575726710638,159.40128765764595,158.70451234235404,0.00437562996289824,0.7685227157405495,0.033324768566643834,0.00020927385434968497,38.56511145640631,52.722270081018344,14.612824705409908,397.95,0.9021233823342375,8.154433609770349e-05,0.0007117047247704752,0.000499641193361733,0,0,0,0
63,2026-05-27 02:55:00,159.24,159.226,159.243,159.224,391,1779850799.092,USDJPY,-8.791760864113041e-05,-0.0002448748940444556,0.002001157902685957,0.0020579110000691347,0.0001193272455503841,0.7368421013853564,0.15789473601029302,0.1052631573411926,74.44972883123607,68.6049022451529,74.07640283061963,0.09364378159582998,0.07562695104281633,0.018016830553013646,159.22439442928126,1.0083698069586866e-05,0.0646664639150174,159.1606925250017,0.00041032414449964293,0.0911477499233797,159.11069834603788,0.0007246631129187786,0.084470212760408,159.01952652542536,0.0012984158554995048,0.05112696610669332,158.99167020961468,0.0014738494795128354,0.0272652094807313,158.9993405553979,0.0014255370104703043,0.012910858555301274,159.41790505876156,158.7205949412384,0.0043793734536015415,0.7247923785823047,0.03230157081188395,0.00020286618273324678,39.70177933485335,50.50715637433637,14.883391667952415,398.35,0.9815488891675708,6.363260947396169e-05,0.0007130417291066619,0.0005014607467030661,0,0,0,0
63,2026-05-27 03:00:00,159.226,159.201,159.226,159.191,471,1779851099.014,USDJPY,-0.00015700953361896808,-0.0004583296708816631,0.0018186165928311127,0.0018438341681978887,0.00021984786527720675,0.7142857122451299,0.0,0.28571428489772716,68.68733111702062,58.92775209814769,69.6597577489377,0.0885128155282473,0.07820412393990253,0.01030869158834477,159.21854582196096,-0.00011019961192576804,0.030249847936261176,159.16606685500147,0.0002194760836198983,0.06926138326690534,159.11890758730715,0.0005159186544050476,0.07015473887307166,159.02664313227143,0.0010964003533894622,0.046259241945648455,158.99581535397874,0.0012905034359831475,0.02527975978804875,159.00134711703572,0.001255667870645868,0.012056024141799071,159.428824861383,158.738975138617,0.004333199683205411,0.6697471145795362,0.03249431575389199,0.00020410874148963886,39.57344099527922,46.62131086547709,20.9923310913149,403.25,1.1680099194045461,4.365050410847147e-05,0.0007202999630535348,0.0005047631819910715,0,0,0,0
63,2026-05-27 03:05:00,159.201,159.202,159.213,159.19,553,1779851399.016,USDJPY,6.281367579408226e-06,-0.0004081196983681812,-0.0003892907373920229,0.0018564317493878768,0.0001444705468524022,0.04347826068074421,0.47826086748571484,0.47826086748571484,68.79138523596906,59.19634724025109,69.73554475797255,0.08356390689380078,0.07927608053068219,0.004287826363118585,159.2144093664707,-7.794122730526821e-05,0.00643738595218224,159.1708579410013,0.00019565176315286314,0.05135986549797167,159.1264614430065,0.0004747077029709635,0.057867944430057605,159.03351987218235,0.0010594001060471724,0.041896134418351494,158.99989821825636,0.001271081201990547,0.02349204177241404,159.00334366313487,0.0012493846499605796,0.011289297533409126,159.43722600328448,158.7600739967155,0.004253413943097287,0.6526245199484858,0.03181615034289943,0.0001998476799468564,39.419902084808925,44.21397519666862,20.132876265983672,413.25,1.3381730187534573,6.007341350490385e-05,9.363837880412144e-05,0.0005046418203457182,0,0,0,0
63,2026-05-27 03:10:00,159.202,159.206,159.216,159.201,404,1779851699.093,USDJPY,2.5125312496099284e-05,-0.0002762951334380759,-0.00043948868630572235,0.0019005185520817314,9.421755461486866e-05,0.26666666488800467,0.6666666622228539,0.06666666622247487,69.23182408132874,60.404717175673824,70.04975862021001,0.07905334990786628,0.079231534406119,-0.00017818449825272864,159.21230702485303,-3.9613927911107775e-05,-0.006171960535851895,159.17554354886778,0.00019133876004550629,0.0386452167649054,159.13369222091498,0.0004543838459088111,0.048607222209142265,159.04028379876343,0.0010419762671339727,0.0385276585587917,159.00397944165724,0.0012705377503893181,0.02215556569771593,159.0053601440987,0.0012618433474159032,0.010739155269362755,159.44306557813155,158.78443442186847,0.0041369744624140045,0.6400632190851353,0.0306149967469791,0.00019229800853597917,39.327151584502566,43.36656224190302,19.428288934660724,413.0,0.9782082324452838,7.369767931565208e-05,8.800558278299319e-05,0.0005042247560025163,0,0,0,0
63,2026-05-27 03:15:00,159.206,159.206,159.216,159.2,356,1779851999.027,USDJPY,0.0,-0.0002135141924141104,-0.0005336145796058789,0.001831167605323536,0.00010049872492255037,0.0,0.6249999960941941,0.3749999976558059,69.23182408132874,60.404717175673824,70.04975862021001,0.0746185448629717,0.07830893649748956,-0.003690391634517856,159.21073026863976,-2.9710740173066052e-05,-0.013128970401908191,159.17960440901874,0.00016582269493161785,0.02895918786290963,159.14026565537725,0.0004130591610616616,0.04109747473557945,159.0467824733217,0.0010010735470551437,0.03568343665449447,159.00797984875314,0.0012453472551201895,0.021043574297777923,159.00735656057532,0.0012492720067891726,0.01029398954528915,159.4467393819868,158.8098606180132,0.004000343981844807,0.6220012415754148,0.029571068407910562,0.0001857409168493057,39.20170761000241,41.69053942339433,18.918976878977116,411.8,0.8644973288001786,7.73531494329914e-05,7.577006939336624e-05,0.000504648857528938,0,0,0,0
63,2026-05-27 03:20:00,159.206,159.194,159.212,159.19,371,1779852299.893,USDJPY,-7.537404369184486e-05,-0.00020097220303227914,-0.00044579788402976384,0.001768263137691628,0.00013819616317192458,0.5454545429754415,0.27272727148772075,0.1818181809913832,65.99149078127567,53.8882825201548,67.72415379379518,0.06933636376098207,0.07651442195018807,-0.007178058189205999,159.20654770147982,-7.881397882805453e-05,-0.01784672780144092,159.18152382114957,7.83770537618295e-05,0.020831296147861167,159.14515059579747,0.00030694874471282686,0.03445224975959604,159.05255570966204,0.0008892927856886453,0.033029184236681886,159.01166341610454,0.0011466868528902004,0.019993206489857585,159.00921370922632,0.0011621105875762882,0.009873153828408476,159.4460052485964,158.83869475140358,0.003814908207550708,0.5850471055254804,0.029030277807344906,0.00018235786403598695,38.68083716448208,39.433802328321086,20.35536515246846,411.1,0.9024568231571631,7.570606708173085e-05,6.609329540499862e-05,0.0005055256512443198,0,0,0,0
63,2026-05-27 03:25:00,159.194,159.2,159.206,159.189,388,1779852599.003,USDJPY,3.7689862683265574e-05,-6.281367579408226e-06,-0.0004646081595238716,0.0017808038158282358,0.00010678391959796425,0.352941174394562,0.352941174394562,0.294117645328523,66.82751076592658,56.61828298186695,68.27707319561975,0.0648863772706818,0.07418881301428681,-0.009302435743605009,159.20491077610984,-3.084563212223152e-05,-0.013635045851117411,159.18398731166295,0.00010059233097165414,0.017920456661471462,159.15013690527041,0.0003133085255167158,0.031229317963266112,159.0583378386949,0.0008906302129772103,0.0316947064234796,159.0153928534094,0.0011609388454662144,0.019577499430653234,159.0111120802788,0.001187891319355303,0.009764963243071634,159.4427058699611,158.8702941300389,0.0035955511301644988,0.5759942483854513,0.02817097224967712,0.00017695334327686636,38.15559882478765,37.73404193656711,19.731518314132817,412.45,0.940720087283079,4.4058562489727326e-05,6.309469533945633e-05,0.0005054509068851135,0,0,0,0
63,2026-05-27 03:30:00,159.2,159.207,159.209,159.19,354,1779852899.093,USDJPY,4.396984924626146e-05,3.140664061995757e-05,-0.0003767258754168168,0.0018437645518960544,0.00011934148624121714,0.3684210506926782,0.1052631573411926,0.5263157867029712,67.82137712657,59.85342604533963,68.92911274099329,0.06121887928236447,0.07159482626790235,-0.010375946985537884,159.20543308208238,9.842113345506586e-06,-0.008976284388324984,159.1870556701079,0.00012528864114070933,0.016197729106607994,159.15530627751855,0.0003248004963862618,0.028844834512057105,159.06416772737356,0.000897953792278607,0.030647855191205053,159.01918705433198,0.0011810709710385091,0.019288836075617155,159.01306121380836,0.0012196406050624228,0.009717550673485675,159.43535467444804,158.90694532555193,0.003319008265315626,0.5678451280586159,0.027515902803272003,0.00017283098609528478,37.73681826940247,36.65168915063124,18.7583178586706,411.0,0.8613138686129291,4.8654576455297334e-05,6.930470326722409e-05,0.0005049394724705293,0,0,0,0
63,2026-05-27 03:35:00,159.207,159.221,159.232,159.207,355,1779853199.093,USDJPY,8.793583196720078e-05,9.421755461480608e-05,-0.0001821036106750551,0.0019129482685931176,0.00015701446417247528,0.5599999977602729,0.43999999823972713,0.0,69.7720029936464,65.80376647338882,70.21475789189074,0.05876464149343974,0.06902878931300983,-0.010264147819570094,159.20932481156177,7.333231550382533e-05,-0.0029822132912613597,159.1915815807602,0.0001847988376501763,0.016038031892406934,159.16127843410777,0.0003752267290122129,0.027586213192790865,159.07031801257457,0.0009472665253206922,0.030034213811148902,159.02318335028582,0.0012439484957262282,0.019203908628583122,159.01513025645704,0.0012946550633951546,0.009770112358353344,159.42395999558147,158.94874000441854,0.0029846564910591595,0.5729135991478691,0.02733619546018155,0.00017168712330773925,37.85080228320602,40.267271630561005,17.53294630962031,410.3,0.8652205703141932,6.122150802184325e-05,7.48683286349489e-05,0.000504647518755499,0,0,0,0
63,2026-05-27 03:40:00,159.221,159.214,159.228,159.205,399,1779853499.042,USDJPY,-4.396404996831471e-05,5.024936246122991e-05,-0.0001632755589048296,0.0018689001176714903,0.0001444596580702459,0.3043478247639737,0.3043478247639737,0.39130434612422643,67.56657384543108,60.56718897022721,68.72188837856132,0.055613718536335455,0.06634577515767497,-0.010732056621339511,159.21049360867133,2.2023619481320508e-05,-0.00023665996843647008,159.1945707033255,0.00012204748308100793,0.014966294306759664,159.16607130373433,0.00030112382540503803,0.025805648357078326,159.07595260031675,0.0008678080968661136,0.029170126995040846,159.0269618978049,0.0011761408251972072,0.01898204905177181,159.01710905987537,0.0012381745668039782,0.009752499300049067,159.4042257126579,158.9981742873421,0.0025503500026116356,0.5315231006439418,0.02702646721302545,0.00016974931358439238,37.86067456452299,37.81954606213366,16.99575394629506,410.4,0.9722222222219854,6.744535904494554e-05,7.385227254740408e-05,0.0005051817039413332,0,0,0,0
63,2026-05-27 03:45:00,159.214,159.221,159.23,159.214,381,1779853798.794,USDJPY,4.396598289102549e-05,0.00016960438207469508,-3.1401906723793616e-05,0.0019696931557884323,0.00010048925707030563,0.4374999972661801,0.5624999964838199,0.0,68.6342802802296,63.91718282695734,69.40491004444348,0.05306967669207552,0.06369055546455508,-0.010620878772479567,159.2131202065035,4.949211149357096e-05,0.006572505023683561,159.19809460954878,0.00014387980275396172,0.016570788399207004,159.17106482157666,0.0003137202008374746,0.025914225779189337,159.08164073363767,0.0008760235670165952,0.02908502397562529,159.03080423646225,0.0011959680670101949,0.01914082035770548,159.01913782544875,0.0012694206327091952,0.009924116222435941,159.3689187673399,159.0647812326601,0.001910159681698999,0.5136451423301454,0.026238862412094426,0.00016479523688517486,37.915366623676036,36.71673056591891,16.255488667614728,410.9,0.9272329033825927,4.795771170539858e-05,7.138155651194651e-05,0.0005041080446723759,0,0,0,0
63,2026-05-27 03:50:00,159.221,159.212,159.227,159.204,347,1779854099.693,USDJPY,-5.6525207102198216e-05,7.53768844221625e-05,6.909504337282435e-05,0.0018878372935964283,0.0001444614727532858,0.39130434612546217,0.26086956408322953,0.3478260854434822,65.64221271308902,56.69273083870024,67.41744271593397,0.04975375015661143,0.060903194402966356,-0.011149444246354924,159.21284015487763,-5.2769291523155106e-06,0.007929378767784101,159.19994866160894,7.569938616413956e-05,0.015961349945996517,159.17478620143334,0.00023379204366928168,0.02464929616292011,159.0867528617303,0.000787288294070239,0.028415023035393006,159.03439227138378,0.0011167881744291576,0.01899941797438487,159.0210568520612,0.0012007412836931286,0.009944771782414819,159.29220652409057,159.1714934759094,0.0007581906400345912,0.3355604441058209,0.026007515096944548,0.0001633514753721111,37.44688884462604,34.39738775874601,17.97511184551369,409.3,0.847788907891315,6.243096408752693e-05,5.1663400842114055e-05,0.0005050637122606033,0,0,0,0
63,2026-05-27 03:55:00,159.212,159.205,159.218,159.204,383,1779854399.892,USDJPY,-4.3966535185679945e-05,-1.2562261709425648e-05,1.8843984372240996e-05,-0.00037045408880853614,8.793693665388387e-05,0.4999999964275564,0.42857142551078414,0.07142857091880238,63.32973170438479,51.41905209275188,65.87685132928247,0.04603040315407725,0.05792863615318854,-0.011898232999111288,159.21088011615822,-3.693287892083472e-05,0.005447034075842794,159.20062217339444,2.7498803370307117e-05,0.01356650328654041,159.17753291039392,0.00017255632188716743,0.022226632875373298,159.09139000440754,0.0007141178135996027,0.027222277033985165,159.03777064224747,0.0010515071801951116,0.018583587915486532,159.0228871321402,0.0011451991040037366,0.009825918331841876,159.28844460513173,159.1693553948683,0.0007480243099364927,0.29931011401403207,0.02514983544716148,0.0001579713918982537,37.01187376407962,33.02968943598956,17.2603909924391,408.35,0.937920901187477,6.460493531734326e-05,5.4116698659228115e-05,7.732408561905652e-05,0,0,0,0
63,2026-05-27 04:00:00,159.205,159.214,159.214,159.202,353,1779854699.035,USDJPY,5.6530887848849076e-05,-4.396404996831471e-05,5.024936246122991e-05,-0.0003892614078706558,7.537025638449166e-05,0.7499999937488159,0.0,0.24999999791785094,65.03524311105505,57.36767657922953,66.89803242857997,0.04330663666314649,0.055004236255180125,-0.011697599592033633,159.21166008711867,1.4696868810016292e-05,0.002335275556902161,159.20240588360852,7.282626369324276e-05,0.010824302848334355,159.1808481003581,0.00020826563017802515,0.01956966625033374,159.0961982395288,0.0007404435918313888,0.025880226954228647,159.0412603325,0.0010861311532545579,0.018076982214182635,159.02478875271592,0.0011898223463657734,0.009658496258879268,159.28154800445117,159.17005199554882,0.0007002902314014458,0.39416661497054006,0.02421056148664998,0.00015206301887176995,36.4951744558446,31.86031703670408,17.239370969208306,395.95,0.8915267079174413,5.4321415022470584e-05,5.6475107193596675e-05,7.622858603060098e-05,0,0,0,0
63,2026-05-27 04:05:00,159.214,159.216,159.219,159.209,329,1779854999.003,USDJPY,1.2561709397562737e-05,1.2561709397562737e-05,6.281170307653738e-05,-0.00047083639376976905,6.28077580142128e-05,0.1999999980011369,0.29999999699886315,0.4999999950000001,65.42013258520132,58.679426909279755,67.12757445186911,0.04083865281228327,0.05217111956660076,-0.01133246675431749,159.212745065339,2.0443932799974995e-05,0.0022514566676647974,159.20421843246072,7.400286032173016e-05,0.009647729135224381,159.18404372759827,0.00020075047506914583,0.017972423863938047,159.10089634778257,0.0007234632541970997,0.024943747465812294,159.04472052393564,0.0010769265116134014,0.017758626130728317,159.0266913521914,0.0011904205903986284,0.009582292316025587,159.26917313657094,159.1749268634291,0.000591939711723913,0.43580647974809694,0.023195521380460046,0.00014568586938787587,36.1725844279071,32.41891264616735,16.708499677091822,392.2,0.8388577256499646,5.0948787147032404e-05,5.649058889175206e-05,7.18857577496041e-05,0,0,0,0
63,2026-05-27 04:10:00,159.216,159.216,159.218,159.211,351,1779855299.019,USDJPY,0.0,-3.1402892834431206e-05,0.0001381961631721218,-0.0003076633284148089,4.396543060984185e-05,0.0,0.28571428163091306,0.714285704083373,65.4201325852013,58.679426909279755,67.12757445186911,0.038439649478277715,0.04942482554893616,-0.010985176070658444,159.21355879900426,1.5332871233844703e-05,0.0004385925007568403,159.20578930813264,6.413517945386447e-05,0.0076946985838617366,159.18694884327115,0.00018249710130104497,0.015884021694489547,159.10541021649698,0.000695072426214479,0.0237694828593078,159.048112196729,0.0010555787236465376,0.017307960266748523,159.02857502032882,0.0011785616493591384,0.009437194880064226,159.26243643309468,159.1767635669053,0.0005380920648011755,0.4579796940863704,0.022038698424711227,0.00013842012376087345,35.87303654482228,31.683412935129656,16.32942784274308,383.7,0.9147771696635615,4.550964682427487e-05,4.8903810876617516e-05,6.402952163001102e-05,0,0,0,0
63,2026-05-27 04:15:00,159.216,159.216,159.219,159.201,400,1779855599.094,USDJPY,0.0,2.5123734392007435e-05,0.00010050251256288334,-0.00036415234124831386,0.00011305396442569014,0.0,0.16666666573995123,0.8333333287044932,65.4201325852013,58.679426909279755,67.12757445186911,0.03612202977808465,0.04676426639476586,-0.010642236616681205,159.21416909925318,1.1499609344965454e-05,0.0013289443755581942,159.20715073371497,5.5583346880197085e-05,0.0072020721060255255,159.18958985751922,0.0001659037032787311,0.014803656085888406,159.10974707075198,0.0006677964813857776,0.02299420902167526,159.05143670768487,0.001034654547745972,0.017044436301091537,159.0304399454997,0.0011668209844851484,0.009383093438486867,159.2515143648552,159.1818856351448,0.0004373224406492836,0.4899466778741942,0.02175021996580333,0.00013660825523693177,34.95601424369168,29.810520766916582,18.64819026689443,380.25,1.0519395134776983,3.591771930839145e-05,4.8308500942571216e-05,6.19015286309286e-05,0,0,0,0
63,2026-05-27 04:20:00,159.216,159.209,159.216,159.197,344,1779855899.092,USDJPY,-4.396543061002678e-05,2.5124839043932923e-05,1.2562261709758715e-05,-0.0003641683462360934,0.00011933998706106726,0.3684210506926782,0.0,0.6315789440441638,62.41663051295429,50.11011428993998,65.29310016912592,0.03333617924627674,0.04407864896506804,-0.010742469718791295,159.2128768244399,-2.4349942776048944e-05,0.001996708281666315,159.20739730255298,1.0066727263813875e-05,0.006775129158540949,159.19135441592655,0.0001108451155415491,0.013821505532632727,159.1136393424872,0.0005993242182559744,0.022249338079660674,159.05455677287924,0.0009710078746206652,0.016786130631771812,159.0322166624599,0.001111619653238762,0.009329530319689638,159.2399579815786,159.18764201842137,0.0003285992824352969,0.40824980080387924,0.021553775682532056,0.00013538038479314645,33.855215564785404,27.9334883656138,18.79958695952315,381.25,0.9022950819669765,3.5917342649681254e-05,4.943840111477155e-05,6.190187912691776e-05,0,0,0,0
63,2026-05-27 04:25:00,159.209,159.222,159.224,159.207,382,1779856199.023,USDJPY,8.165367535761803e-05,5.024683758980686e-05,6.280578566997264e-06,-0.00017582417582406862,0.00010676916506510348,0.764705877855163,0.11764705813040609,0.11764705813207796,65.57738238695191,62.101602222981235,67.0490543025337,0.031810670376671624,0.04162505324738876,-0.009814382870717134,159.21515761832993,4.297569259382591e-05,0.0034975312112521806,159.20934432887927,7.949075586039153e-05,0.006938445270748161,159.19414037811504,0.00017500406622253625,0.01329227775693198,159.11788878003674,0.0006543024216918476,0.021690540507933065,159.05787248034696,0.001031872972356835,0.016612147846956304,159.0341050538782,0.001181475797648308,0.009316301162272111,159.23308235963967,159.19171764036034,0.0002597927376827898,0.7320818343277187,0.02122850599092233,0.00013332646236652177,33.16392568663173,29.02747120548595,17.72423714973586,383.55,0.9959588058920621,4.542319548645574e-05,4.823998168683744e-05,6.205502449151852e-05,0,0,0,0
63,2026-05-27 04:30:00,159.222,159.223,159.223,159.216,343,1779856499.805,USDJPY,6.2805391214393325e-06,4.3965430609915757e-05,5.652769228836618e-05,-0.00010675709620699969,4.3963497735911276e-05,0.1428571408169066,0.0,0.8571428448973794,65.81554015060081,62.90183517260938,67.18315779270726,0.030332728437485912,0.03936658828540819,-0.00903385984792228,159.21711821374743,3.694192131207162e-05,0.0043731484084332806,159.2111650850287,7.43347048869471e-05,0.006946652567989986,159.19676398010458,0.0001648024698461475,0.01272025250631259,159.12201078866275,0.0006346652536423308,0.021114440880182883,159.06114233222127,0.0010175814495326906,0.016421808285628003,159.0359846055809,0.0011759313144313218,0.009293253389500933,159.22872527293123,159.19437472706875,0.00021573859217877082,0.8333280339279368,0.020212184134428234,0.0001269426159187318,32.5220136569176,28.309402564006174,17.285782873051545,382.75,0.8961463096013335,4.542322139832202e-05,4.5625041902203134e-05,6.080070785989847e-05,0,0,0,0
63,2026-05-27 04:35:00,159.223,159.243,159.247,159.22,374,1779856799.032,USDJPY,0.0001256099935309507,0.00016958094663843681,0.00013817272847171935,0.00010676648286089829,0.00016955219381709235,0.7407407379961648,0.14814814760007508,0.11111111070005632,70.24894952153798,75.14674593571314,69.76703698712643,0.03042456619525069,0.03757818386737669,-0.007153617672126002,159.22358866031055,0.00012191246192078513,0.010029861306293242,159.2154097403582,0.0001732888775450609,0.009620432225574405,159.20096725464052,0.0002640231782778492,0.014018411369363548,159.12675546361717,0.0007305153432189524,0.0213452471201947,159.06474347415747,0.0011206539044995127,0.016631277428473368,159.03804446025174,0.0012887201954968665,0.009469439922924039,159.23356978980206,159.19123021019794,0.00026588031878398247,1.2227280044779623,0.020697028124827304,0.0001299713527428352,32.8298282642882,33.95426451128697,15.675074960379073,381.9,0.9793139565328675,6.831216049456206e-05,5.86798559349411e-05,6.418943286636654e-05,0,0,0,0
63,2026-05-27 04:40:00,159.243,159.227,159.245,159.227,348,1779857099.037,USDJPY,-0.00010047537411372875,6.908853381570879e-05,9.421400396969482e-05,0.00016331555706305956,0.00011304615423264071,0.8888888839500909,0.11111111049435349,0.0,63.18865388140729,57.44886006195839,65.43899632914761,0.028873446875053332,0.03583723646891202,-0.006963789593858689,159.22444149523292,1.606854288860416e-05,0.010272395979740168,159.21695510831046,6.308933419002195e-05,0.009804374595489662,159.203333867855,0.00014865349594148333,0.013744010335784651,159.1306866219067,0.0006052470465494758,0.020939551154725677,159.0679564746692,0.000999846410651178,0.016519766984316675,159.0399246148761,0.001176279387562071,0.009484669376405463,159.23510186908348,159.19229813091656,0.000268822110363972,0.810720523218041,0.02050438325876826,0.00012877453735087805,33.11565611398948,31.82518399264214,14.692179374013278,375.75,0.9261477045905719,9.159399839615444e-05,6.575338864455067e-05,5.7566939578927334e-05,0,0,0,0
63,2026-05-27 04:45:00,159.227,159.231,159.244,159.226,401,1779857399.036,USDJPY,2.5121367607239264e-05,0.00013818314291280664,0.00016331145378578604,0.00018215851559655327,0.00011304331442998337,0.222222220987128,0.7222222182101397,0.055555555247176744,64.15848062607273,60.18385907652537,65.99278168884216,0.027648228639833405,0.0341994349030963,-0.0065512062632628945,159.2260811214247,3.089241750253808e-05,0.013204296984810071,159.21882776053573,7.644974928825717e-05,0.01143045798275466,159.20584897077728,0.0001579780478249197,0.014494554850728036,159.13462047987113,0.0006056477203906382,0.020981137383927262,159.07118505932922,0.0010046756149529148,0.016628286449986263,159.04182586248928,0.0011894615550646563,0.009609200029387921,159.23710700344463,159.19319299655535,0.0002757880493702932,0.8609326735742685,0.020325498740284862,0.00012764787472467588,33.30287535440437,29.81204304945259,14.114231058124279,368.15,1.0892299334507431,8.572006168532518e-05,6.309627819516925e-05,5.768848120573717e-05,0,0,0,0
63,2026-05-27 04:50:00,159.231,159.231,159.243,159.228,378,1779857698.038,USDJPY,0.0,5.652485209317604e-05,0.000106774529877951,0.00015702925769134346,9.42027620248969e-05,0.0,0.7999999946674247,0.19999999866590876,64.15848062607273,60.18385907652537,65.99278168884214,0.02637322029443112,0.03263419198136326,-0.00626097168693214,159.22731084106852,2.316913418930655e-05,0.012153222738589875,159.22045072579763,6.62557740181812e-05,0.01110639691836468,159.20813542797933,0.00014361434457605917,0.013995049864291786,159.13840006889578,0.0005818830091551022,0.020511288859040633,159.07434971161973,0.0009847614569177777,0.01647723127277345,159.04370819221577,0.0011776121791492965,0.00960313833758164,159.23896900530085,159.19383099469914,0.00028347501806623134,0.8234524455782077,0.019945105973120682,0.00012525893810326307,33.47672179193248,28.210573759750623,13.356030503071793,366.85,1.030393893961829,8.047425644658658e-05,6.160938118869007e-05,5.75948324708005e-05,0,0,0,0
63,2026-05-27 04:55:00,159.231,159.245,159.248,159.228,450,1779857999.895,USDJPY,8.792257789003166e-05,0.00013817099288404577,0.00018214249824133333,0.0002449656419984958,0.00012559264027116587,0.6999999965011369,0.14999999924943155,0.14999999924943155,67.62115189070977,69.51761668853408,67.97302127407067,0.026190541729846473,0.03134546193105991,-0.005154920201213435,159.2317331308014,8.331799784983029e-05,0.014614917053961562,159.22372396235795,0.0001336235399637003,0.012558877329240659,159.21148675270848,0.0002104951594577912,0.014722772603903422,159.14258045835086,0.0006435709497367682,0.0205696696881148,159.07772892525102,0.0010515052979388495,0.01658659302975707,159.0457110957758,0.0012530290999434384,0.009726490194907456,159.24357122122882,159.1931287787712,0.0003167599764991595,1.0283249303313042,0.019949026975039336,0.0001252725484319089,33.84166076250147,27.980661095426978,12.399590692765862,371.55,1.2111425111018137,8.720087575686978e-05,6.62961331068816e-05,6.0257855886650306e-05,0,0,0,0
63,2026-05-27 05:00:00,159.245,159.242,159.248,159.231,415,1779858299.012,USDJPY,-1.883889604081812e-05,-6.279710882184375e-06,0.00016330017083698856,0.0003015189014661246,0.00010675575539113996,0.17647058719811692,0.17647058719644507,0.647058819723085,66.1464332006545,65.66905770578776,67.09397313867257,0.025509633546988653,0.03017829625424566,-0.004668662707257007,159.23429984810105,4.8357369651452166e-05,0.010711187790491294,159.2261607673769,9.947632064193341e-05,0.010751027018699233,159.21426068428045,0.00017422632621175822,0.013293429639929855,159.14647926390575,0.000600206404414677,0.01972380028857401,159.08098181782032,0.001012177447861571,0.01623834366284882,159.04766421920093,0.0012218713286554763,0.009619758949185098,159.24537417511868,159.19612582488134,0.0003092673430209923,0.9314865331410938,0.01973838219110766,0.00012395211182418997,34.1805326637441,26.259318549950418,11.63678015969231,373.75,1.1103678929762917,6.856348194621474e-05,6.713361468124595e-05,5.7178423587268316e-05,0,0,0,0
63,2026-05-27 05:05:00,159.242,159.256,159.258,159.241,422,1779858599.092,USDJPY,8.791650443984445e-05,0.00018212991515254018,0.0002512310320570421,0.00035175879396986964,0.00010674637062337311,0.8235294069212019,0.11764705813207796,0.058823529064367115,69.4903489358144,73.62018334169244,69.05491128613157,0.02580225951714965,0.02930308890682646,-0.0035008293896768086,159.23972488607578,0.00010220511204642462,0.01528339084285335,159.23013933172666,0.00016241063646539128,0.013184223416203622,159.21805516752767,0.00023831990933697174,0.014721299672658006,159.15077419473297,0.0006611705522605483,0.02008757282627016,159.08444752439812,0.0010783736453909164,0.01649104972892701,159.0497372120447,0.0012968445693205218,0.009812597168604498,159.25070492589344,159.19639507410653,0.00034102232749102807,1.0974974856786888,0.019542783463171103,0.00012271301215132304,34.90425229372773,28.282687233390195,10.913731882827337,375.45,1.1239845518707887,4.952783684839323e-05,7.043293019054484e-05,5.9288036094972875e-05,0,0,0,0
63,2026-05-27 05:10:00,159.256,159.257,159.27,159.255,324,1779858899.023,USDJPY,6.2791982720078465e-06,0.00016328478750993192,0.00030149049362782065,0.0003140565427399711,9.418738265831191e-05,0.06666666622247487,0.8666666608883836,0.06666666622247487,69.72041757396059,74.11967853398674,69.19260202475017,0.02581725411468483,0.028605921948398134,-0.002788667833713305,159.24404366455684,8.136150743858301e-05,0.017962543132142628,159.2337207541631,0.00014619545236177432,0.014892993627370288,159.22159560684332,0.0002223592410423025,0.015746636066040764,159.1549399125866,0.0006412624544953555,0.020319432715467656,159.0878644051031,0.0010631583718178899,0.016679345773866316,159.05179952834277,0.0012901486953668146,0.009973665853493685,159.25573821315407,159.19636178684596,0.0003728340123706951,1.021250634675407,0.019218298930088508,0.00012067475169121927,36.00405732158795,31.16595004125825,10.305286556697359,373.95,0.8664259927795518,5.1288381496684186e-05,6.664720959249347e-05,5.900361758142856e-05,0,0,0,0
63,2026-05-27 05:15:00,159.257,159.257,159.267,159.254,402,1779859199.0,USDJPY,0.0,0.00016328478750993192,0.0002198188692517089,0.00022610082840834878,8.16290649704894e-05,0.0,0.7692307633126004,0.23076922899509192,69.72041757396059,74.11967853398674,69.19260202475017,0.02553478829662481,0.02799169521804347,-0.0024569069214186584,159.24728274841763,6.10198894113907e-05,0.01997190734911669,159.236824653608,0.000126700255646784,0.01637392781037761,159.22481418803937,0.00020214067841599118,0.01667876006004576,159.15894226895574,0.0006160994138712018,0.02054220005996399,159.091213624804,0.0010420837921759284,0.01686391318426672,159.05384132408065,0.001277294997895762,0.010133131864876077,159.26032937807722,159.19537062192276,0.00040788634819476424,0.948746275803534,0.018774134720796844,0.00011788577406830998,36.92267857174039,29.62447762812249,10.176048242762457,376.3,1.068296571883851,5.1288381496684186e-05,6.460634634374069e-05,5.6563576743909054e-05,0,0,0,0
63,2026-05-27 05:20:00,159.257,159.269,159.277,159.255,370,1779859499.009,USDJPY,7.5349906126565e-05,0.00015071116832543474,0.00028890298512140866,0.00034544700842897846,0.0001381310864009403,0.5454545429754415,0.3636363619827664,0.09090909049633754,72.59635316698835,80.23297735355942,70.90532212645303,0.025979753387360915,0.02758930685190696,-0.0016095534645460437,159.25271206131322,0.00010227730803426556,0.02097893051183064,159.24111469979363,0.00017511369635253186,0.017390737435675874,159.2288310800358,0.0002522716501260464,0.017344327327322162,159.16325825840846,0.0006643602471361041,0.020677800057598006,159.0947341470851,0.001095359025232117,0.017005221834068607,159.0559822064281,0.0013392630105257281,0.010271110652297466,159.26700000000395,159.19419999999607,0.0004570883223218183,1.0274725260040574,0.019004553669310736,0.00011932362022308632,38.11659901871434,30.933417648650952,9.334621854584455,374.85,0.9870614912629085,4.8111198760599424e-05,6.64081790182895e-05,5.67193155319946e-05,0,0,0,0
63,2026-05-27 05:25:00,159.269,159.267,159.272,159.257,310,1779859799.094,USDJPY,-1.2557371491084268e-05,0.00015699375792821435,0.00015071306117064864,0.0002889066140772112,9.41814688541026e-05,0.13333333244520237,0.19999999866590876,0.6666666622222223,71.37950542231684,76.7096616101004,70.22212911103651,0.0258727630352098,0.02724599808856753,-0.0013732350533577284,159.2562840459849,6.728747992137747e-05,0.021984197883853085,159.2445660731545,0.00014087718908538748,0.01840530577757704,159.23230098185073,0.00021791444283169377,0.018040297570280472,159.16732656200028,0.0006262179566161556,0.020847298094537337,159.0981453520933,0.0010613237981688195,0.01716353427298145,159.05808188596615,0.0013134705986435177,0.010417666765221156,159.2722746111129,159.1935253888871,0.0004944478280232633,0.9330201485536628,0.018718514121501852,0.00011752914364872732,39.22523943376158,29.162820513347874,8.800317662833256,371.3,0.8349043899809224,4.6569772070579894e-05,5.787353522596659e-05,5.672737414602218e-05,0,0,0,0
63,2026-05-27 05:30:00,159.267,159.285,159.289,159.267,403,1779860099.998,USDJPY,0.00011301776262495622,0.00018209674988689528,0.00036425983030508036,0.0004585081526518042,0.00013811721128788876,0.8181818144631622,0.1818181809913832,0.0,75.37938983412931,84.05964020820565,72.70722990815477,0.026929989818768263,0.02718279643460768,-0.00025280661583941544,159.26346303448867,0.00013522853955942683,0.023738148412888904,159.24995726340055,0.00022004864052484253,0.01981793167388446,159.23709180168245,0.0003008607967872794,0.01903663415478718,159.17194120662774,0.0007102934883824439,0.02116701189476089,159.10184544413104,0.0011511780731246629,0.017397919732928813,159.06033977764807,0.0014124213657910173,0.0106025656033637,159.28073812057892,159.19236187942113,0.0005548309078556617,1.0482242654861038,0.01895290596996539,0.00011898738719882844,40.76938649605855,33.1517223825512,8.070663295585783,374.1,1.0772520716383114,5.480972097877639e-05,4.924817949188486e-05,5.821219102772583e-05,0,0,0,0
63,2026-05-27 05:35:00,159.285,159.294,159.308,159.282,427,1779860399.003,USDJPY,5.6502495527022134e-05,0.00023232887722368645,0.00039565160050503145,0.0005590276687290618,0.00016322020917286298,0.34615384482328404,0.5384615363901962,0.11538461494036592,77.10250006541342,86.5378665134719,73.85283333642619,0.028169355648401506,0.027380108277366443,0.0007892473710350636,159.2710972758665,0.00014379711401016468,0.027053611309668213,159.25582962828048,0.00023967958855022344,0.02210887411737872,159.2422652742568,0.00032488061918810085,0.02066966741347187,159.17672782597566,0.0007367419573579961,0.02178791338906194,159.10565048484133,0.0011838015468634913,0.017786079738243643,159.06266475498492,0.0014543654563528795,0.010865226642152948,159.2893156289445,159.19268437105552,0.0006066220817418544,1.0484767667625488,0.019456269829252294,0.00012214063197140063,42.643998686392756,36.96266877362865,7.30030110266149,376.3,1.1347329258567274,5.245711549217494e-05,4.944755843244568e-05,5.6444379498645674e-05,0,0,0,0
63,2026-05-27 05:40:00,159.294,159.303,159.308,159.289,357,1779860699.094,USDJPY,5.649930317508378e-05,0.0002888413068184992,0.0004521732577198456,0.0005589960681848805,0.00011926956805587752,0.47368420803237493,0.2631578933514856,0.2631578933529815,78.70733013588274,88.60473990702292,74.95658053584897,0.029537299182720744,0.027811546458437305,0.0017257527242834393,159.27907295689988,0.0001502208837352443,0.03179020848224923,159.26211901117642,0.00025668997171075466,0.025294357568412806,159.2477866129607,0.0003467136857197251,0.022972424921334778,159.1816796759374,0.0007621500433314859,0.022737406981661934,159.10955839603258,0.001215776135120228,0.018344771228584023,159.0650561504577,0.0014958901426924472,0.011214826377056397,159.29909876513312,159.1918012348669,0.0006735436888585722,1.0363590359774117,0.019423679127163234,0.00012192914839747673,44.3847100059888,34.38006732213931,6.790225157130897,376.5,0.9482071713144892,4.558105008112999e-05,4.7619285280199284e-05,5.644353806132874e-05,0,0,0,0
63,2026-05-27 05:45:00,159.305,159.318,159.328,159.301,418,1779860999.093,USDJPY,9.416018530727932e-05,0.00030765560152956617,0.00045841313699024333,0.0006406391317455018,0.00016947237600280717,0.48148147969813876,0.3703703689980824,0.14814814760007508,81.0866015746711,91.22452726743256,76.67933712259601,0.03146902361353909,0.028543041889457665,0.002925981724081428,159.2888047176749,0.00018328521189452812,0.03609265636168857,159.26956980968623,0.00030407685769259313,0.02845510989260447,159.2541696481461,0.00040080804160377604,0.025338568110299775,159.18702557099868,0.0008227707536561227,0.023767312590223355,159.1136859525468,0.0012840758871876237,0.018951805461711047,159.067573004682,0.0015743434729505643,0.011590798253905632,159.3109932791989,159.1901067208011,0.0007587752695727123,1.0579611231239052,0.01996484490379552,0.00012531443342117976,46.381236450134736,38.21444358081865,6.134300490812765,380.95,1.0972568578550737,4.810208120994503e-05,4.827725846098491e-05,5.8195069513122005e-05,0,0,0,0
63,2026-05-27 05:50:00,159.318,159.326,159.328,159.315,398,1779861299.0,USDJPY,5.0214037333962125e-05,0.0003704471108265661,0.0005274990266386226,0.0006908853381568658,8.159371351822823e-05,0.6153846106492059,0.1538461526633946,0.23076922899509192,82.22725026827104,92.32275568952201,77.54439099788308,0.033262038211859135,0.029486841153937963,0.0037751970579211723,159.29810353825619,0.00017512111647398433,0.04181949227128712,159.2770938350614,0.00030705083675892876,0.03252776190691975,159.2606996801328,0.0004100215558411054,0.028398698282074974,159.1924755486066,0.0008387610716727317,0.025148986606325252,159.11789019111023,0.0013078969853094868,0.01974483901693702,159.07014441757073,0.001608445025092974,0.012062531604584592,159.3226246948947,159.18947530510533,0.0008357040896612388,1.0253497594551395,0.019467355982096212,0.00012218568207383738,48.23515386255597,36.391656731872764,5.841701117005624,383.3,1.0383511609702483,2.787022125319486e-05,4.260433512956622e-05,5.78227520757651e-05,0,0,0,0
63,2026-05-27 05:55:00,159.326,159.35,159.352,159.325,446,1779861599.193,USDJPY,0.0001506345480335458,0.00040807357880523476,0.0005902446375647408,0.0008416239573911799,0.00016943834326962808,0.8888888855962399,0.07407407380003754,0.03703703690001877,85.12547121276766,94.66122554555407,79.89372341567383,0.036202297077096546,0.030829932338569684,0.005372364738526862,159.31107765369214,0.00024431663435524103,0.047614619203471875,159.2868146570532,0.0003966765427685899,0.03685739365266727,159.26881789102984,0.0005097175331940862,0.03172608934738719,159.19865297807303,0.0009506802921744062,0.026711771445292243,159.12248642494964,0.0014298015331582908,0.02064098081859811,159.07292905023172,0.0017417856792011428,0.01258927258365361,159.3382294674089,159.18727053259113,0.0009473419191576126,1.0779717510428406,0.02000540198337614,0.00012554378401867676,50.31898827432711,41.452522896981044,5.278546331219376,385.6,1.1566390041490775,4.233360195857472e-05,5.194975204190329e-05,6.269306453030312e-05,0,0,0,0
63,2026-05-27 06:00:00,159.35,159.365,159.377,159.339,416,1779861899.194,USDJPY,9.413241292755004e-05,0.0004457167250493388,0.0006781491551393071,0.0009798441042905282,0.00023844633388768496,0.39473684106675755,0.3157894728531069,0.2894736834485566,86.59661785827247,95.63148348218508,81.18548392219247,0.03928993810166048,0.03252193349118784,0.006768004610472639,159.3245582402691,0.00025383255524178664,0.053460964402603395,159.29723936944615,0.0004253722840526509,0.04140974116566554,159.27756171911804,0.0005489679772733094,0.03529644486124539,159.20517639069763,0.0010038845025375513,0.02844856472196966,159.12728867396055,0.0014938438781955964,0.021638189119215667,159.07583522883638,0.001817779367605725,0.013170473851459974,159.35401849705335,159.18708150294668,0.0010475135324987507,1.0657823204428152,0.021290730413135766,0.00013359727928425794,52.52928191346179,44.55516130201659,4.605601691885295,389.2,1.0688591983553266,4.00385777580128e-05,4.940784598161124e-05,6.027737233326412e-05,0,0,0,0
63,2026-05-27 06:05:00,159.365,159.351,159.375,159.338,475,1779862199.392,USDJPY,-8.784864932709358e-05,0.0003013125929831606,0.0005902409313247592,0.0008101895466705589,0.00023219182810278028,0.3783783773559417,0.27027026953951944,0.3513513504018361,78.76637769020266,79.83311400988426,76.37667861658001,0.040144472373327744,0.03404644126761583,0.006098031105711915,159.33116868020184,0.0001244660411545821,0.052095723301960106,159.30440745352,0.0002924749366622481,0.042288442343590305,159.28423792647092,0.00041913797873645,0.03645131351021291,159.21089496361145,0.0008799965380545673,0.029215287674048795,159.13171860120883,0.001377986744055072,0.022160205176248837,159.07857318675843,0.0017125299013194977,0.013517036300726204,159.36431322924017,159.1896867707598,0.0010958604494503404,0.9237616713503829,0.022412821097912223,0.00014065064604497132,54.48723726225891,39.30134136637425,4.38121716823723,393.85,1.2060429097369034,9.014046706932735e-05,6.73525713886332e-05,6.698343335463552e-05,0,0,0,0
63,2026-05-27 06:10:00,159.351,159.364,159.365,159.339,484,1779862499.029,USDJPY,8.158091257670641e-05,0.0002887307146712814,0.0005964751458225059,0.0008855504543940906,0.00016314851534857596,0.4999999980769231,0.03846153831377764,0.4615384597631454,80.52715175172409,82.89444716175873,77.66647372634573,0.041393529453699784,0.03551585890483262,0.0058776705488671616,159.3393765101514,0.00015453487008617242,0.05057179247648946,159.312353126384,0.0003241862454634743,0.04278331669777913,159.29148902406448,0.00045520935474822985,0.03731937591837209,159.2168990826855,0.0009239026646167133,0.029873511686815846,159.13631823286804,0.00143073416339064,0.022632280321232656,159.0814132545519,0.0017763655707277548,0.013840249869900845,159.37545782242435,159.19264217757566,0.001147157732290153,0.9373258096835022,0.02266904816234781,0.00014224698277118928,56.305338657570516,36.0816117653781,4.0222896071276955,400.9,1.2072836118729842,8.91275613619329e-05,6.754906455633424e-05,6.707520815369433e-05,0,0,0,0
63,2026-05-27 06:15:00,159.364,159.365,159.373,159.361,350,1779862799.006,USDJPY,6.274942897954716e-06,0.0002447811405545952,0.0006153189298474526,0.000766124727617612,7.529884228030279e-05,0.08333333263928365,0.6666666611095322,0.24999999791785094,80.66000653576785,83.12434549064724,77.76452924538185,0.04198018637475798,0.036808724398817695,0.005171461975940282,159.34578238261355,0.00012060323843598897,0.047678844357363914,159.31937270953281,0.0002863888407995516,0.04227887447140688,159.29817184005861,0.00041951617629669007,0.03747215992581232,159.22270696179586,0.0008936730251564326,0.030231413189255818,159.14084658469244,0.001408522199787833,0.022956393582205692,159.0842350132131,0.0017648825275716393,0.01409059564235804,159.38596289057517,159.19433710942485,0.0012024332893064442,0.890605060872373,0.021906973293608713,0.00013746414390618212,58.08441419463149,37.278297450455085,3.8649115540346566,399.7,0.8756567425566987,9.216968731896192e-05,6.554559972238671e-05,6.472445133452333e-05,0,0,0,0
63,2026-05-27 06:20:00,159.365,159.351,159.375,159.349,397,1779863099.092,USDJPY,-8.784864932709358e-05,6.275494195184805e-06,0.0004143516338639408,0.0007787623958248613,0.00016316182515334362,0.5384615363907007,0.3846153831355901,0.07692307662755528,73.13690355406916,68.16154314638348,73.04985760158647,0.040844602066471225,0.0376158999323484,0.003228702134122824,159.34708678696018,2.4557794677820106e-05,0.03600913326803834,159.3235896815951,0.00017204180786830548,0.03677502454189607,159.30297440005327,0.00030147334114503515,0.03415650902343259,159.2277380613333,0.0007741235300298089,0.02908508326027004,159.1450080384609,0.0012943664653893238,0.02252161351125892,159.08688939119108,0.0016601657736828217,0.013960340959357609,159.39105644117677,159.2016435588232,0.0011886519843211855,0.7885231418375511,0.022199332344065983,0.0001393109070170001,58.53394724355185,34.15968456770824,7.402702313278356,402.15,0.9871938331465904,8.800935530655069e-05,7.766665635024653e-05,6.334653527057152e-05,0,0,0,0
63,2026-05-27 06:25:00,159.351,159.351,159.365,159.337,409,1779863399.04,USDJPY,0.0,-8.784864932709358e-05,0.00035782892010982614,0.0007536220961998907,0.0001757127347805788,0.0,0.4999999982142857,0.4999999982142857,73.13690355406916,68.16154314638348,73.04985760158647,0.03948943371020164,0.03799060668791905,0.0014988270222825867,159.34806509022013,1.841823293056942e-05,0.02350684995101915,159.32724439071578,0.0001490994799732247,0.03000502126963056,159.30734036368477,0.00027405916272002934,0.029778644566732737,159.23257186284965,0.0007437431661428579,0.02739547215202265,159.14908708720424,0.001268702928123781,0.02179841324368681,159.0895173574479,0.0016436195602038794,0.013682128611520739,159.39491624655014,159.20978375344984,0.0011617905949777396,0.7627847716466173,0.0226136657480627,0.00014191103757154144,57.88354061732707,31.138530461310697,10.538367352184842,402.55,1.0160228543035608,7.173974971108706e-05,7.849912564908332e-05,6.388146090976074e-05,0,0,0,0
63,2026-05-27 06:30:00,159.351,159.35,159.365,159.347,504,1779863699.127,USDJPY,-6.2754548135757204e-06,-6.2754548135757204e-06,0.000295035247295905,0.000747341912064936,0.00011295889551302594,0.055555555247176744,0.7777777734573165,0.16666666573995123,72.57614746778236,66.98919924022212,72.7027442883934,0.03789789800421772,0.03797206495117879,-7.416694696106563e-05,159.3485488176651,9.106969254953501e-06,0.017380137463248957,159.33027847195368,0.00012377765378593646,0.02587101843366213,159.31121851244072,0.00024343224489396654,0.026980585969795357,159.23717688783594,0.0007085224340765712,0.026281924224491604,159.15306556072494,0.0012373901726694283,0.021346959516108654,159.09210922453798,0.0016210155030255873,0.01353603777954504,159.39697265644145,159.2196273435585,0.0011129294815371744,0.7351344912849734,0.022284118194629696,0.00013984385437483337,57.27959160726122,29.341948110571604,9.930341073807174,408.85,1.23272593860799,6.009103206524422e-05,7.916530333767523e-05,6.409129156470202e-05,0,0,0,0
63,2026-05-27 06:35:00,159.35,159.338,159.351,159.327,442,1779863999.0,USDJPY,-7.530593034199562e-05,-0.00016314851534859898,0.00012553509333512736,0.000584005777261476,0.00015062320350450558,0.49999999791666666,0.04166666649325293,0.4583333314234137,66.0333060060997,53.989025886471815,68.5957896838948,0.035261818485224694,0.037430015657987974,-0.0021681971727632796,159.3459116132488,-4.96505568841364e-05,0.006535103097405681,159.33130800902654,4.200047722618167e-05,0.01895488264253231,159.31365319312792,0.00015282310325631703,0.022164169063444206,159.2411307353718,0.000608318115934348,0.024231652686296457,159.15672762882937,0.0011389551285156346,0.020409395961337395,159.0945558989207,0.001530184987812914,0.013142644368798528,159.39751589147164,159.22838410852836,0.0010614654567227021,0.6481093588635713,0.02240668118072764,0.0001406235874727161,55.12298246636089,27.097060433117203,15.546241974143449,408.45,1.0821397967924882,4.511986201429161e-05,8.187836332433215e-05,6.760942972977124e-05,0,0,0,0
63,2026-05-27 06:40:00,159.338,159.324,159.351,159.317,426,1779864299.894,USDJPY,-8.786353537748592e-05,-0.00025727104445771865,-1.2552879002702966e-05,0.0005149395260046763,0.0002134016218522747,0.4117647046708377,0.382352940052149,0.20588235233583682,59.3148789319437,42.70802928891986,64.15619057439875,0.031677860816671455,0.03627958468972467,-0.004601723873053215,159.3404337099366,-0.00010313584288661003,-0.005348672676944943,159.330333607823,-3.9751425102672443e-05,0.0109608982901932,159.3145938119345,5.904159713472173e-05,0.016421971875871577,159.24438051045524,0.0004999830404661654,0.021673548659379094,159.16003995301097,0.0010301583678758368,0.019193368318525472,159.09683892480209,0.001427816396184311,0.012603911588996652,159.39516395522185,159.2389360447782,0.0009805673372727712,0.5444862888187155,0.02323477538210365,0.0001458334926445711,52.444062299359196,24.2647908852562,16.995509797682985,409.0,1.0415647921757845,4.4462777401833414e-05,8.634295994562117e-05,7.182097711507439e-05,0,0,0,0
63,2026-05-27 06:45:00,159.324,159.3,159.324,159.298,525,1779864599.544,USDJPY,-0.0001506364389546322,-0.00032004819549291685,-0.00031377470975824107,0.0002762847239665689,0.0001632140615192119,0.9230769195262908,0.0,0.07692307662755528,49.935358607132216,30.120629699020185,57.46197975495025,0.02659438559692262,0.03434254487116426,-0.007748159274241641,159.33032528245246,-0.00019032963372599005,-0.016761504507712743,159.32628912677995,-0.00016500181435233387,0.0026994451848452172,159.3132671017586,-8.327681680224687e-05,0.010292701705338914,159.24656166690798,0.00033556977640627285,0.018823605574681324,159.16281143908995,0.0008619385374614492,0.017803400629048838,159.09886042803788,0.0012642426942656077,0.011971036846802008,159.39270168480297,159.245798315197,0.000922180600163086,0.3689614806760449,0.02343229142623985,0.0001470953636298798,48.84511547807802,22.341667693720083,21.44028193692878,414.15,1.267656646142396,6.25125721944324e-05,7.976755323677148e-05,8.026457935433758e-05,0,0,0,0
63,2026-05-27 06:50:00,159.3,159.341,159.341,159.298,448,1779864899.53,USDJPY,0.00025737602008790716,-6.275454813586823e-05,-0.00015059768456060496,0.000527449342885955,0.0002698614920202984,0.9534883698753932,0.0,0.04651162779902537,61.217873139003444,55.97917424450514,64.16837616753423,0.02557919121571217,0.032589874140073846,-0.007010682924361675,159.33299396183935,5.024720845059911e-05,-0.015071128380782284,159.32825057654262,8.001985467899254e-05,0.0010061858268386459,159.315788274326,0.00015825001368100438,0.008447910641223189,159.25026513095082,0.0005697627503136332,0.017693268101169224,159.16633992544462,0.001097343035199549,0.017252838240381152,159.10126977701265,0.0015067775594962505,0.011752419564743377,159.39159829418557,159.25530170581445,0.0008553767603512217,0.6287633105631115,0.0248299848957946,0.00015582922722836307,46.294150645106996,24.468440430888332,18.788154084377105,420.35,1.065778517901495,0.0001593563035042828,0.00011653672525191244,9.693136742900722e-05,0,0,0,0
63,2026-05-27 06:55:00,159.341,159.355,159.363,159.332,413,1779865199.493,USDJPY,8.786188112286375e-05,3.137747097570198e-05,2.5101819254302882e-05,0.0006153575667002809,0.00019453421605852288,0.45161290176831037,0.2580645152968322,0.2903225797090509,64.18583606307428,61.63483252336756,66.08541927050281,0.02560911936473076,0.031193723185005233,-0.005584603820274474,159.3384954713795,0.00010358155178797826,-0.01005334628558785,159.33181716633695,0.0001455003405806938,0.0015386943832709221,159.31935297666,0.00022374571998919917,0.008134464219295978,159.25437238071746,0.0006318672308850086,0.017195492881512564,159.17007576850511,0.0011618027484250667,0.01701020778017437,159.10379445584834,0.001578878398285814,0.011685231310366362,159.3905119658667,159.26618803413336,0.000780169632162964,0.7143593719806774,0.025270700260381123,0.00015858115691620047,44.76997635777291,28.542832433678907,17.141886242244343,420.9,0.9812306961271131,0.00016571576005627807,0.00011758340392703741,9.766159127422328e-05,0,0,0,0
63,2026-05-27 07:00:00,159.355,159.344,159.367,159.343,488,1779865499.933,USDJPY,-6.902827021426639e-05,3.765580087611298e-05,-0.0001254988579604266,0.0004709014309123294,0.00015061753188071663,0.4583333314234137,0.49999999791666666,0.04166666649325293,60.28223415854491,55.14086663878948,63.29180267775941,0.024463232651129374,0.02984762507823006,-0.005384392427100686,159.33987160353462,2.5909374871645074e-05,-0.006040009714183725,159.3334415441587,6.626641425039087e-05,0.0021335351321454255,159.32159361514547,0.0001406362084768273,0.007940422017554738,159.25788718931676,0.0005407130045676574,0.016756453944964278,159.17351981269314,0.0010710335959615794,0.016792183863771015,159.10618456076529,0.0014946963871406446,0.011628661844582666,159.38824588141986,159.27595411858013,0.0007047128403939386,0.605973934672163,0.02517993595606825,0.00015802249194239037,43.4938253757491,27.73428624235949,15.974842340613272,426.8,1.1433926897841744,0.00016496511897089557,0.00011596543278542577,9.951093969972388e-05,0,0,0,0
63,2026-05-27 07:05:00,159.344,159.351,159.358,159.343,489,1779865799.043,USDJPY,4.393011346515152e-05,0.00016946599382383631,-8.784864932709358e-05,0.0005274162255834991,9.413182220390697e-05,0.4666666635554293,0.4666666635554293,0.06666666622247487,61.871392955569505,58.39532042309904,64.30017720463965,0.023845079440690142,0.028647115950722078,-0.004802036510031936,159.34265370265098,5.237955534866627e-05,0.00221999271437312,159.33578267160422,9.550477702263092e-05,0.005449063781213681,159.3242669228595,0.00016779036650737636,0.009673110925007222,159.26153867208868,0.0005617258796897553,0.0171581616334322,159.17703427184773,0.0010929072083047096,0.016994318836765387,159.10862053528504,0.0015233584698272585,0.011781610482955784,159.38431708029876,159.28828291970123,0.0006026580353905899,0.6530705307698236,0.024452797673493003,0.0001534524268658057,42.308828035298404,26.519075325185693,15.27488552027897,435.75,1.122203098106455,0.0001562065503219575,0.0001172486707024406,9.923358950957527e-05,0,0,0,0
63,2026-05-27 07:10:00,159.351,159.346,159.356,159.337,431,1779866099.021,USDJPY,-3.13772740678786e-05,0.0002887633396106981,-3.13772740678786e-05,0.0003829613585710767,0.00011923738280223826,0.2631578933514856,0.2631578933514856,0.47368420803387085,60.02398026092544,55.06618853411377,63.00217445939871,0.022690172173952305,0.027455727195368124,-0.004765555021415818,159.34349027698823,1.575039562273152e-05,0.013164994535770802,159.337144982057,5.557409695023073e-05,0.010855855277043247,159.32624265714497,0.00012400557827467183,0.012975555386361748,159.2648508810264,0.0005095230901526331,0.018289214118425434,159.18038012785075,0.0010404540560603466,0.017568688760803752,159.1109825200086,0.001477066361285555,0.012122091970724114,159.38131319816722,159.29738680183277,0.0005266928340494764,0.579236095346971,0.02406331212538675,0.00015101296628335038,40.81679523082511,25.02343027565617,16.19441567324875,437.15,0.9859316024245716,0.00012744083263903407,0.00011434112264178417,9.784060475100185e-05,0,0,0,0
63,2026-05-27 07:15:00,159.346,159.337,159.347,159.329,401,1779866399.094,USDJPY,-5.6480865538000025e-05,-2.5103394606706964e-05,-8.785636739028213e-05,0.00026994111517053554,0.00011296811161249856,0.4999999972230117,0.055555555247176744,0.444444441974256,56.73985695417052,49.17846730265201,60.68680901323751,0.020808804119667457,0.02612634258022799,-0.005317538460560534,159.3418677077412,-3.0548830707358166e-05,0.008873745901837538,159.33712565111608,-7.885865618557735e-07,0.008875074573467145,159.3272205974045,6.137935852276678e-05,0.011432323078508944,159.26768025824106,0.00043524048097225236,0.017415127290234977,159.18348151145767,0.0009644121807404234,0.01714158601305371,159.11323145015777,0.0014063478429970483,0.011961673145123086,159.37799931506788,159.3050006849321,0.0004581398553742774,0.43835500699844426,0.02363021840214489,0.00014830339721561779,38.92466457518435,23.66191167961702,17.73149268814143,435.85,0.9200412986116967,6.793957366102419e-05,0.00011555774251902461,9.882713661611522e-05,0,0,0,0
63,2026-05-27 07:20:00,159.337,159.344,159.355,159.337,384,1779866699.01,USDJPY,4.393204340491508e-05,-6.902827021426639e-05,-3.765296517099781e-05,0.0002573711731730377,0.00011296314891053747,0.38888888672865823,0.6111111077157861,0.0,58.63552543970291,53.67313372762465,61.832333679476115,0.01965606499888395,0.024832287063959183,-0.0051762220650752346,159.3424007808059,1.0036369392382446e-05,0.0039053094263863386,159.3380422309673,3.7390750816861286e-05,0.006225064630342558,159.32874599764045,9.573917289078873e-05,0.009393020980439815,159.27067318929042,0.00046039116455812477,0.016300808572964343,159.18666009538921,0.0009883988050034904,0.016584326884100165,159.1155276546338,0.001435889688039078,0.011733198785464083,159.3754904132789,159.3116095867211,0.0004008988512765235,0.5070443664170357,0.02322805994484887,0.00014577304413626414,37.52990050760253,24.812261701632284,16.750023141812065,437.2,0.8783165599266061,5.4420890741413026e-05,0.00011676307051583368,9.857898975490087e-05,0,0,0,0
63,2026-05-27 07:25:00,159.344,159.351,159.36,159.341,426,1779866999.909,USDJPY,4.393011346515152e-05,4.393011346515152e-05,8.158756856491145e-05,0.0002071329040032044,0.00011923364145819892,0.3684210506926782,0.47368420803387085,0.15789473601029302,60.49958908274666,58.00607646838855,62.96541968445133,0.019087325630749774,0.0236832947773173,-0.004595969146567527,159.34455058560442,4.047464674426221e-05,0.004678982069805215,159.33976993350498,7.047874174603983e-05,0.006328389346293761,159.33076908876404,0.0001269742897223136,0.009175473618569185,159.27382326029866,0.00048455382134711937,0.01593607098189409,159.18991435092605,0.0010119086358627502,0.016394538232901823,159.11787066304544,0.0014651361030857824,0.011686102280151545,159.3750301860609,159.3153698139391,0.0003743959694122512,0.5972169588287135,0.022926055663074343,0.00014387142636741748,36.45534234180464,24.901265322948777,15.758479956278098,437.6,0.9734917733087355,4.893443089256612e-05,0.0001147151788964417,9.702662995797484e-05,0,0,0,0
63,2026-05-27 07:30:00,159.351,159.312,159.353,159.305,468,1779867299.039,USDJPY,-0.00024474273772978616,-0.00024474273772978616,-7.531821947726058e-05,-8.787015301947587e-05,0.00030129557095511834,0.8124999983069956,0.041666666580058485,0.14583333302961257,47.6229909474946,36.074693061371725,53.64834706532727,0.015313101617152824,0.022009256145284407,-0.006696154528131583,159.3364129392033,-0.00015321632232687905,-0.0062407634476642215,159.33606727570432,-0.00015104725575200157,0.0002846041001021149,159.32906280796732,-0.00010709162325188354,0.004795885107824915,159.27532038734577,0.00023029062233268527,0.013781715257096039,159.19233188853147,0.0007517203250237895,0.01529761668373908,159.11980229823902,0.0012078804710978206,0.011181762953981433,159.37666519859144,159.31233480140853,0.00040380132810406065,-0.005204404490788173,0.02471705168714059,0.00015514871250841487,34.249061675005876,21.4471411052955,23.97603703298733,441.1,1.0609839038764315,0.00011827309522783279,0.00013772585139456656,0.00011192298027993739,0,0,0,0
63,2026-05-27 07:35:00,159.313,159.327,159.34,159.311,433,1779867599.006,USDJPY,9.415486592345701e-05,-0.00011923738280228413,0.0001694915254235596,-0.00014433636648880643,0.00018201560313064555,0.4827586190253758,0.4482758605234232,0.06896551700292507,51.86634162271544,45.3468573473802,56.26202460086747,0.013378161417165302,0.02028303719966059,-0.006904875782495289,159.33405970440248,-4.4307566226433885e-05,-0.009430572585756636,159.3348583056104,-4.931943765453688e-05,-0.002286676446601632,159.32887527997028,-1.1769868876454e-05,0.002632622825302633,159.2773470388224,0.00031173900181484884,0.012496157795993668,159.19499858380806,0.0008291806738039466,0.014618455957304377,159.12186396691328,0.0012891756542606331,0.010881446904676295,159.37628189943547,159.31041810056456,0.00041338755434362935,0.2517604464747184,0.02502297656663029,0.00015705421282413083,32.200372484407026,19.671723990442427,21.991275227871654,440.45,0.9830854807580922,0.00013506671699717115,0.00013105580240794574,0.00010846477826333236,0,0,0,0
63,2026-05-27 07:40:00,159.327,159.332,159.334,159.327,345,1779867899.027,USDJPY,3.138200053975915e-05,-3.138003100344733e-05,-5.648263786484087e-05,-0.00020707181627088733,4.393342203703589e-05,0.7142857040804728,0.2857142816338132,0.0,53.226627967287875,48.265074837635666,57.10852239616811,0.012108585346879863,0.018648146829104446,-0.0065395614822245825,159.33354477830187,-9.695248442671486e-06,-0.00832292943931634,159.33447719819569,-1.5547157396514498e-05,-0.0026484529203969487,159.3291593454275,1.782884303256784e-05,0.0019387480230079746,159.2794902922019,0.00032967024004009696,0.011810033960841793,159.1977114831386,0.0008435329604322004,0.014229971680919107,159.12395487271513,0.0013074406518570974,0.010723422557362028,159.37341182745325,159.30998817254675,0.0003980597425909473,0.34706021674381377,0.023735621097585625,0.00014896957985580816,30.298018235993805,19.25733154818068,21.52802054543733,436.9,0.7896543831538592,0.0001354735860110477,0.0001010387263917176,0.0001062641978124409,0,0,0,0
63,2026-05-27 07:45:00,159.332,159.356,159.361,159.332,401,1779868199.095,USDJPY,0.00015062887555550297,7.530876594041835e-05,6.275297292246407e-06,3.13772740678786e-05,0.0001819824794798838,0.8275862040429414,0.17241379250878278,0.0,59.18858738093673,60.17367632944918,60.92047080935126,0.012890443578442046,0.017496606178971967,-0.004606162600529921,159.3391585837264,0.00010569540107583358,-0.0032421970794871413,159.33734690510292,0.00011706668436110492,-0.0006953258643704885,159.33159940493408,0.000153143476605039,0.002853407293628152,159.28249067289988,0.0004615028732258436,0.011817483609462442,159.20084590921505,0.0009745808189576103,0.014185813825832838,159.1262637794543,0.0014437354028754993,0.010736124820482473,159.374027874001,159.309872125999,0.00040259386532046673,0.7189983028123655,0.024111648162043534,0.00015130681092675227,29.068202020919234,25.60144187405532,19.678551088002514,433.2,0.9256694367495555,0.00015266979969491063,0.00010911934692957748,0.0001104092235901138,0,0,0,0
63,2026-05-27 07:50:00,159.356,159.339,159.358,159.339,418,1779868499.021,USDJPY,-0.00010667938452268988,-7.530545776301967e-05,-3.137865247515581e-05,-0.00015687357245053324,0.0001192426210783641,0.8947368373956495,0.1052631573411926,0.0,53.943510004146844,50.556670646940816,57.14328631113149,0.011999985570952276,0.01639728205736803,-0.004397296486415753,159.3391189377948,-7.464444111546697e-07,-0.00543164780961547,159.33756731775588,8.991490633578953e-06,-0.0022026157490984133,159.33227218630373,4.222505336775746e-05,0.0015030975396825852,159.28470672494302,0.0003408567977008151,0.010883464644365404,159.20358163378503,0.0008505987417196789,0.013667282858989438,159.12838055776817,0.001323581887112652,0.01050989472273045,159.37115061576426,159.31024938423573,0.0003822117091768661,0.472085949585244,0.02374653043618367,0.000149031501617204,27.926229821207126,24.13828859087087,18.553898157344634,429.9,0.9723191439867476,0.0001602231421225489,0.00011239057541744156,0.00011125115400835264,0,0,0,0
63,2026-05-27 07:55:00,159.339,159.358,159.367,159.329,454,1779868799.594,USDJPY,0.00011924262107831929,0.00028874158883196444,4.392818369525209e-05,-4.3924324663491277e-05,0.00023845680794175688,0.4999999986845845,0.23684210463963332,0.2631578940442032,58.38245482916852,59.08343016240918,60.050083940981565,0.012681250829245982,0.01565407581174362,-0.0029728249824976377,159.3438392033461,8.886943307438307e-05,0.0074262641427935705,159.34029167538844,0.00011113525916996095,0.004224399684119362,159.33461107845793,0.00014679121744968454,0.00554827049060691,159.2875809710237,0.0004420873777292634,0.012260583677914383,159.20663942321502,0.0009507177422583678,0.014307534683553058,159.13066532833764,0.001428603790434092,0.01086303009861922,159.36982049372548,159.31087950627452,0.000369865255907874,0.7994520567667975,0.024764635405026443,0.0001554025239085985,26.296180293266058,21.49265255311288,19.404627044371196,435.1,1.043438290048025,0.00010181531814529064,0.00011826444701369393,0.00011481607195068515,0,0,0,0
63,2026-05-27 08:00:00,159.358,159.332,159.362,159.317,499,1779869099.021,USDJPY,-0.0001631546580656007,3.138200053975915e-05,-8.785912417008657e-05,-0.00011923364145816073,0.000282429141666379,0.5777777764942201,0.08888888869117556,0.33333333259238207,51.121453245375555,46.32820066194514,54.71757245616513,0.010996415908181234,0.014722543831031144,-0.0037261279228499103,159.3408794025096,-5.5725828443321206e-05,0.006819698107108252,159.33918611867,-4.509950656239842e-05,0.0043278130596036135,159.33437370768902,-1.489764972739706e-05,0.005498427718748644,159.28932289372864,0.00026792195167925977,0.011975854906239647,159.20912181087414,0.0007718036989854413,0.01412322706607938,159.13266865840393,0.0012526110651983802,0.01080469149064811,159.36866021189982,159.3101397881002,0.0003672860680818722,0.37354842024535945,0.026210018590380805,0.00016449940118984764,24.680288405096196,18.856884637674963,20.29521283827476,440.2,1.1335756474327277,0.00013756379238009524,0.00012950164319048814,0.00011893398087583957,0,0,0,0
63,2026-05-27 08:05:00,159.332,159.331,159.346,159.323,434,1779869398.997,USDJPY,-6.2762031481922165e-06,-6.2762031481922165e-06,-3.76560372041812e-05,-0.00012550909627184748,0.00014435357839965942,0.04347826068074421,0.6086956495279474,0.3478260854434822,50.85945569972894,45.88371820794709,54.52204566458947,0.009471301187602421,0.0136722953023454,-0.004200994114742979,159.3384095518822,-4.650198218397679e-05,0.00486477358032289,159.33809463618067,-4.4525674772760066e-05,0.003617437984985372,159.33406700699,-1.9248909210909313e-05,0.004907661562498333,159.29095729005303,0.00025138093604425875,0.011466997851130145,159.21153524036177,0.000750352412957162,0.013823757223178745,159.13464210458895,0.0012339104346744748,0.010687231873816927,159.36737171034684,159.30942828965317,0.0003636669618195788,0.3722892099110239,0.025980731548210474,0.0001630613725402494,23.179817366081323,17.664494517267993,19.01187193945175,441.45,0.9831237965792314,0.00013687530885012642,0.00012841547009880873,0.00011892572033074745,0,0,0,0
63,2026-05-27 08:10:00,159.331,159.374,159.377,159.331,504,1779869699.035,USDJPY,0.00026987842918213545,0.00011295464243588071,0.00018827191485093486,0.00015061186068399124,0.000288629261987656,0.934782606663234,0.06521739116285295,0.0,60.28491753738424,63.4672688034779,60.8400426837399,0.011598675110917611,0.013257571264059843,-0.0016588961531422315,159.34730716391164,0.00016751356871629364,0.008148580185235232,159.34288201802326,0.00019528943861587053,0.005535112920341589,159.33769727908182,0.0002278351045489737,0.006097874147741322,159.29421386691368,0.0005008727633570857,0.011723194013796956,159.214752364315,0.0010002065343832928,0.01390645509994215,159.13702377519007,0.0014891331959600677,0.010759995735782013,159.37216009828643,159.30703990171355,0.00040859987559374415,1.0282539320759259,0.027410679294768345,0.00017198965511795115,22.743964749001123,23.62524024291155,16.732921514404193,441.45,1.1416921508662041,0.00017502728722131714,0.0001548878756394936,0.00013400071241799017,0,0,0,0
63,2026-05-27 08:15:00,159.374,159.4,159.401,159.364,513,1779869999.63,USDJPY,0.00016313827851477392,0.0003828315729357268,0.00030749728586587644,0.0003891099423867228,0.00023212045169389045,0.7027027008036723,0.02702702695410557,0.27027026953951944,64.69447427820633,70.27946223480845,64.01403479204436,0.015207316502596768,0.013647520311767228,0.0015597961908295401,159.36048037293372,0.0002479888801401717,0.021361435138913976,159.3504977489535,0.0003106501187369523,0.012930431197617054,159.34336116280167,0.00035545150287414213,0.011088976497944714,159.298362342721,0.0006380332841108953,0.013655617777970974,159.21842063432854,0.0011404419472825606,0.014839000543503289,159.13964045404393,0.0016360445782913787,0.011259896275760184,159.3845430400476,159.30085695995237,0.0005250067760051411,1.1847016829604065,0.028095630773713902,0.00017625866231940968,23.18633747295805,27.504506644819227,15.158914456104137,445.0,1.152808988763786,0.00016659424749641076,0.0001614808440858223,0.00013681968489465137,0,0,0,0
63,2026-05-27 08:20:00,159.4,159.435,159.442,159.399,607,1779870299.001,USDJPY,0.00021957340025102745,0.0004831887950400571,0.0007720699005724363,0.0006966935301648824,0.0002697023865525535,0.8139534864789781,0.16279069729592782,0.023255813899512683,69.58937795561694,77.01162477609994,67.71296236926368,0.020653319684043936,0.01504868018622257,0.0056046394978213655,159.37911027970028,0.0003506715541430389,0.03527107635417792,159.3617647157597,0.0004595536725570348,0.021473040371262186,159.35169196618332,0.000522793531645445,0.017080887725398952,159.30372068222212,0.0008240819311418124,0.01613971119843427,159.22270933463886,0.00133329388909572,0.016069911423841177,159.1425793549987,0.0018374758420183622,0.011914026661060007,159.4053599816182,159.29114001838175,0.0007164045738793295,1.2594994554015848,0.029160228575591935,0.00018289728463381276,24.65445891179771,34.65050739597868,13.56223551198577,454.05,1.3368571743197144,0.0001786275483974253,0.00013859491458510578,0.00014132336334502792,0,0,0,0
63,2026-05-27 08:25:00,159.433,159.435,159.445,159.413,503,1779870599.298,USDJPY,0.0,0.0006464489242588023,0.0006778512116589752,0.0008474576271186862,0.00020070875278315468,0.062499999805020565,0.3124999990233265,0.624999998046653,69.58937795561694,77.01162477609994,67.71296236926368,0.024684765826975763,0.01697589731437321,0.007708868512602551,159.39308270977523,0.00026298061065232824,0.05220330726564271,159.3715294203251,0.00039825544691559267,0.03234330165508936,159.359265423803,0.0004752442601663796,0.02489171611398433,159.30886889076243,0.0007917394060720122,0.0195459970337879,159.22691311019057,0.001306857526437338,0.01779129931642842,159.1454890131579,0.0018191592399967587,0.01282035475398402,159.41917787781193,159.2908221221881,0.0008050663632441389,1.1232677256960129,0.029363069391619815,0.00018416953235876574,26.082611699132183,32.682981877334846,12.506508161329533,452.95,1.1104978474442853,0.00012664517417852663,0.00014049938985920014,0.0001347812133722846,0,0,0,0
63,2026-05-27 08:30:00,159.435,159.424,159.44,159.423,438,1779870899.833,USDJPY,-6.899363376922096e-05,0.0005836905561380501,0.000577410689629243,0.0005208954380855335,0.00010663388197508472,0.647058819723085,0.294117645328523,0.05882352906603898,66.24182274058724,70.20853701866164,65.38423339080515,0.026684505502203137,0.018917618951939198,0.007766886550263939,159.40081203233143,0.00014546957053062696,0.062402480449236464,159.37852549761507,0.000285323899458554,0.04043086143440178,159.36515038527546,0.000369275306315578,0.031083378285444496,159.31338383622273,0.0006943306401111635,0.022426546169697303,159.23081582087985,0.0012132336201647466,0.019280580518085344,159.14826026675834,0.0017325965912506982,0.0136181621693936,159.4295979240322,159.2887020759678,0.0008837806607814216,0.9602690625371071,0.028479993006503824,0.00017864307134749988,27.408753573085622,31.289495650535777,11.97327508811816,452.45,0.968062769366567,0.00014517583745091189,0.0001468309893388027,0.00012690616762036792,0,0,0,0
63,2026-05-27 08:35:00,159.424,159.389,159.425,159.389,471,1779871199.495,USDJPY,-0.00021954034524285237,9.411823760463456e-05,0.00020708351113229995,0.0002133601079352676,0.00022586251246950142,0.9722222195214734,0.027777777700748865,0.0,56.86807309596628,52.870938092835495,58.64594241057712,0.025155133390171613,0.020165121839585683,0.00499001155058593,159.3978590242486,-5.5578062985348046e-05,0.05055186033695236,159.37992209793308,5.69576264528254e-05,0.03704007990981495,159.3673185320686,0.00013604714022375053,0.02962125298677165,159.3163491759787,0.0004560161238760258,0.022135309065021147,159.23394818086243,0.0009737359458139585,0.019195816547437516,159.1506556869896,0.0014976018287927522,0.013631911799535601,159.43244685747604,159.2892531425239,0.0008983914508035885,0.6965868400005579,0.029017136363182223,0.00018205231454606165,26.831042328542765,28.516696084984282,19.281671014843717,455.35,1.0343691665749348,0.00017748998061750787,0.00016619414568849443,0.00013722148120114136,0,0,0,0
63,2026-05-27 08:40:00,159.389,159.389,159.389,159.372,405,1779871499.021,USDJPY,0.0,-6.900878293603085e-05,0.0003137963712587233,0.0002824078722765133,0.00010665729755501262,0.0,0.0,0.9999999941176471,56.86807309596628,52.87093809283548,58.64594241057712,0.02367023918969835,0.020866145309608217,0.0028040938800901333,159.39564426818646,-4.16841264198511e-05,0.035163895252736665,159.38113248487534,4.936290137993191e-05,0.03063473592183641,159.36928957460782,0.00012367768874920772,0.025928411806148688,159.3191982279011,0.00043812530363769196,0.02083588518010515,159.23701851391465,0.0009544356425643626,0.018597879586110366,159.1530272721937,0.0014826782239129993,0.013386818149768942,159.43526342564243,159.29093657435757,0.0009055007013335863,0.6794537863293555,0.028158769480097486,0.00017666695618955816,25.56025814457792,27.286975564025802,22.762473463862033,451.2,0.8976063829785245,0.0001582872787870351,0.00016043183320044491,0.00013597367053561182,0,0,0,0
63,2026-05-27 08:45:00,159.389,159.392,159.401,159.389,367,1779871799.006,USDJPY,1.8821876039076813e-05,-0.0002697023865525505,0.00021335609131645228,0.0002572936473570486,7.528608713110102e-05,0.24999999791548244,0.7499999937511843,0.0,57.46639628297995,54.19071147480738,59.0447997494367,0.02247643046635517,0.02118820234095761,0.0012882281253975593,159.39473320113984,-1.714737422596063e-05,0.015622921439558013,159.38258148689195,5.909374173877146e-05,0.020816771132246004,159.37135415873436,0.00012954549689695087,0.019662192551038515,159.32205319935596,0.0004390277380904067,0.01833251713384243,159.24008745423316,0.0009539843151021543,0.017378119594297914,159.15540511028132,0.0014865652194139035,0.012825755282619866,159.43814664376157,159.29215335623843,0.0009159386137518836,0.6839125646605431,0.027004571660090553,0.00016942237791163015,24.779631866675313,29.594934760751762,22.039977592198635,445.1,0.8245338126261909,9.844214545818164e-05,0.00015743646165165007,0.00013579982399964695,0,0,0,0
63,2026-05-27 08:50:00,159.392,159.402,159.402,159.383,457,1779872099.592,USDJPY,6.273840594261948e-05,-0.00020698090130788493,0.00043933422036990244,0.0003514364966801242,0.00011919549315552526,0.5263157867037586,0.0,0.47368420803308353,59.48396059177764,58.68950912965448,60.38218945022386,0.022082689381477394,0.021367099749061567,0.0007155896324158272,159.3965499008549,3.4192077234316694e-05,0.0034671910796646443,159.38517062197303,0.00010558935916861852,0.01364120164794258,159.37414014430396,0.0001748078808192874,0.014874720500955618,159.32518836800867,0.0004821060171220374,0.01631947724624183,159.24329364325826,0.0009966281977140626,0.016380533067689385,159.15785879077603,0.0015339563567821994,0.01236977761811886,159.44208089774486,159.29381910225516,0.0009301125173442135,0.7296613218162336,0.026432816541511018,0.00016582487385045997,23.792426895220107,28.07543893801042,22.52973791251899,446.4,1.0237455197130323,0.00011031866686490424,0.0001436225016221875,0.0001358164489584056,0,0,0,0
63,2026-05-27 08:55:00,159.402,159.394,159.402,159.385,459,1779872399.008,USDJPY,-5.018757606545243e-05,-0.00018817743877963533,0.0003954032799644569,0.0003577323534396104,0.00010665395184257818,0.47058823252496806,0.0,0.5294117615926789,57.148488795272215,53.761712417888916,58.77011625610535,0.020884371558537396,0.021270554110956734,-0.00038618255241933824,159.39591242564117,-1.199795911992371e-05,-0.004899606690258906,159.38634787237663,4.800993137442741e-05,0.007822374761559558,159.37594558573088,0.00011328192722419701,0.010795200455419263,159.32788686338088,0.0004149501880723046,0.014503027158156101,159.24627792755018,0.000927632811091702,0.015462106670327103,159.1602084545494,0.0014689070071013575,0.011948187791062992,159.44433257781733,159.29726742218267,0.0009226517662814398,0.6577532069653562,0.025759043931402797,0.00016160610770419713,22.87573656458313,26.751957968937745,21.467682233487558,449.3,1.0215891386599105,0.0001094597123152827,0.00014598013346127275,0.00013564301641860355,0,0,0,0
63,2026-05-27 09:00:00,159.394,159.389,159.401,159.385,406,1779872699.095,USDJPY,-3.136880936549513e-05,0.0,9.411823760463456e-05,0.0002824078722765133,0.00010038333887545284,0.31249999804620887,0.43749999726540295,0.24999999843838816,55.67713758699634,50.66011595489075,57.758167267674274,0.01930865962819439,0.020878175214404267,-0.0015695155862098763,159.39418431923087,-3.25251467172779e-05,-0.003674705017715496,159.3867014893931,1.4420968534021341e-05,0.0067793914600144944,159.37713235066443,7.446268583546549e-05,0.009813818595830526,159.33028345697377,0.00036852092240262683,0.013934280995073323,159.24910410720264,0.0008784720867452727,0.015155926340213455,159.16248498733995,0.0014231683595419874,0.011829300350342464,159.4459155611415,159.3001844388585,0.000914311039551009,0.609448137701743,0.025061969364875425,0.00015723776022733956,22.02452411470594,25.532035232414852,20.488729078451634,450.4,0.9014209591472244,4.413945397019793e-05,0.00012233415485034534,0.00013592695613799362,0,0,0,0
63,2026-05-27 09:05:00,159.389,159.385,159.395,159.382,407,1779872999.993,USDJPY,-2.5095834718991128e-05,-2.5095834718991128e-05,-9.410288582190063e-05,0.00021336546366201858,8.156350974059811e-05,0.3076923053267892,0.46153845798799753,0.23076922899290564,54.46894753976487,48.071675180379785,56.93467747261538,0.0175349974647645,0.020209539664476316,-0.002674542199711815,159.39188823942317,-4.321574641759404e-05,-0.003756028763291397,159.38647462414067,-9.251877514459143e-06,0.005342139265337664,159.37784759151313,4.487705534329732e-05,0.00855801690531166,159.33242920375912,0.00032994410807383453,0.01323097585802202,159.25179511498078,0.0008364419686637514,0.014776601066131434,159.16469906706794,0.0013841067411513078,0.011671794874246189,159.4470628619297,159.3024371380703,0.0009073985874417653,0.5708725921597599,0.024200400124527555,0.00015183612086788317,21.07864535715083,24.552368850532176,20.58803830417127,449.45,0.90555122928003,4.5544059541889346e-05,0.00010990346355081405,0.00013600669969980784,0,0,0,0
63,2026-05-27 09:10:00,159.382,159.344,159.382,159.339,511,1779873299.003,USDJPY,-0.00025723876148942004,-0.00030114434852435146,-0.0005707655157274338,0.0002008637139698788,0.00026985641128631367,0.8837209281775161,0.0,0.11627906949690245,43.94308985348318,29.83961036929813,49.360468924477125,0.012674891810092959,0.018702610093599647,-0.006027718283506688,159.37991617956737,-0.0002253494695461786,-0.014817021572469002,159.38081134092192,-0.00023096469777147846,-0.00177014597002767,159.3747705377392,-0.0001930703186921861,0.0034163790048467035,159.33288296047445,6.977241181471629e-05,0.010829761118486658,159.2536209542881,0.0005675164254999323,0.013533500054933256,159.16648315595285,0.0011152903584180772,0.011078045671524706,159.4443243333948,159.3083756666052,0.000853177193930127,0.2620425356853401,0.025757514401346465,0.00016164721860469465,20.751625841841918,21.420386943299352,29.886157751579788,451.6,1.1315323294948778,0.00011842920790038739,0.00010272086419991811,0.00013726470866916323,0,0,0,0
63,2026-05-27 09:15:00,159.344,159.327,159.353,159.319,460,1779873599.0,USDJPY,-0.00010668741841546314,-0.00047050852561436596,-0.000677392040643543,0.0,0.0002133976036705658,0.4999999985289938,0.2647058815746649,0.2352941169551648,40.45246446485287,25.213719609380718,46.658116650074014,0.007366548156880981,0.016435397706255916,-0.009068849549374935,159.36668713467554,-0.00024903030482153267,-0.02986276617934891,159.3736364954657,-0.00029262365150975196,-0.011534126507342535,159.37042776158108,-0.00027249573331166414,-0.0037123827228811024,159.33265225614213,-3.547456257139917e-05,0.0074638881334578855,159.25507400469823,0.00045164021147386767,0.01178036143997474,159.16808033848068,0.0009984392673541569,0.010221547704645673,159.44432433339477,159.30837566660517,0.0008532682269144725,0.13699533670270916,0.026346263372680305,0.00016535969027647735,21.069893656157838,19.44587773174205,32.55357487399345,452.95,1.0155646318575968,9.669252227255316e-05,0.00010166795214202253,0.00013813189593512787,0,0,0,0
63,2026-05-27 09:20:00,159.327,159.332,159.337,159.319,372,1779873899.694,USDJPY,3.138200053975915e-05,-0.000388973236131962,-0.000577077478924215,0.0,0.00011297165666658726,0.2777777762343047,0.2777777762343047,0.44444444197583494,41.913936020940874,28.991035261565685,47.544986861052564,0.0035225005863139813,0.01385281828226753,-0.010330317695953549,159.35801535100666,-0.0001632509726565105,-0.03789707463451464,159.36808496273693,-0.000226425276713173,-0.01826290963970223,159.36693432871007,-0.00021920688163596026,-0.009011257020802077,159.33262667746988,-3.93313963969287e-06,0.004739814088992489,159.2565972917339,0.0004734667797025108,0.010319364183715152,159.16971137988884,0.0010195948632703293,0.009502925339432977,159.4443243333948,159.3083756666052,0.0008532414504908126,0.17377392463860492,0.025750101703203188,0.00016161286937465912,21.365428055165477,18.4749362152336,30.92816007955953,454.3,0.818842174774198,0.00011167704083154897,0.00010637798352005488,0.00013813189593512787,0,0,0,0
63,2026-05-27 09:25:00,159.332,159.336,159.348,159.327,440,1779874199.693,USDJPY,2.5104812592768866e-05,-0.0003325198100244675,-0.0003325198100244675,-0.00012550515826192932,0.00013179695737319252,0.19047618956993437,0.5714285687070962,0.23809523696106455,43.116715230425335,32.187766817690644,48.26748150202706,0.0007897282665112471,0.011240200279116274,-0.010450472012605027,159.352511513255,-0.00010361627249037407,-0.04167280597587819,159.36380696770533,-0.00017448734586863739,-0.022894521687760516,159.36412211700915,-0.0001764645431829684,-0.013010233655279535,159.33275896462794,2.0341299511358922e-05,0.002475507654168041,159.25816962259066,0.0004887057134575761,0.009065515388016365,159.17136599302427,0.0010343192442223612,0.008881005684315824,159.44505875124736,159.30564124875264,0.0008749906015886118,0.21775423230487512,0.025410808724404033,0.0001594793940126778,21.08208775750141,20.476408297461603,29.10247083753167,456.25,0.9643835616436243,0.00012008636070348191,9.22161270951393e-05,0.00013370896262545476,0,0,0,0
63,2026-05-27 09:30:00,159.336,159.341,159.356,159.334,408,1779874499.892,USDJPY,3.138022794590967e-05,-0.00027606110989109034,-0.00030115001662600616,1.2551854850384458e-05,0.00013806867033589194,0.22727272623955197,0.6818181787186559,0.09090909049633754,44.659314752514284,36.36551558269662,49.18608812465346,-0.0009614720212596239,0.008799865819041096,-0.00976133784030072,159.34963363494126,-5.418045052445329e-05,-0.04225460448191143,159.36076603867795,-0.00012403328102191658,-0.025708585462723477,159.36202010637194,-0.00013190160590274063,-0.01582748514118748,159.3330821424857,4.969374475059719e-05,0.000652938726574348,159.25980982808392,0.0005097969914929181,0.008014713103136728,159.1730538935912,0.0010551164427685077,0.008354826523259362,159.44495532354048,159.30594467645952,0.000872409782045836,0.25217725585332207,0.02516717952980313,0.00015794540971754369,20.428455764112787,21.468400430481662,27.285324259024957,455.75,0.8952276467359528,0.00012738922277215968,9.399028042706381e-05,0.00013180234996780976,0,0,0,0
63,2026-05-27 09:35:00,159.341,159.353,159.355,159.341,334,1779874799.002,USDJPY,7.531018381956578e-05,5.6481574455258254e-05,-0.0002446797831759939,-3.137589578183775e-05,8.785526472662317e-05,0.8571428510215683,0.14285714183557463,0.0,48.284148793757545,45.72757754027578,51.36248392173885,-0.0013652731353772651,0.006766838028157424,-0.00813211116353469,159.35047522620596,1.5844156036976474e-05,-0.029440953361415723,159.35973056685424,-4.223505417767228e-05,-0.02108077406768416,159.36120009670177,-5.1456042604978346e-05,-0.013570441037444425,159.33386323493724,0.00012010482062153477,0.0009802744627904758,159.26165517802283,0.0005735518814938123,0.008034223734739498,159.17484440211268,0.001119244680630962,0.008361246159836355,159.4449899706295,159.3054100293705,0.0008759166207037261,0.3409513585272299,0.02436952384910159,0.00015292792635909956,19.821511770251924,20.58744762387831,26.165674797347233,449.75,0.7426347971093402,6.894818646443607e-05,9.88310152373902e-05,0.00013007639777221533,0,0,0,0
63,2026-05-27 09:40:00,159.353,159.349,159.358,159.338,365,1779875099.093,USDJPY,-2.5101504207758474e-05,0.00013808080237498466,-0.00033249269143420523,0.00010669545351849052,0.00012551067154491233,0.19999999900085264,0.2499999987496447,0.5499999972495025,47.17492733235854,43.25289390663915,50.60389372189138,-0.00198517118050745,0.00501643618642445,-0.0070016073669319,159.35010641965448,-6.943325482174244e-06,-0.016580715021063952,159.358299824607,-5.8357955734015573e-05,-0.015336670858687285,159.3600909970016,-6.959707999806125e-05,-0.01033676457947763,159.33445683356715,9.127445953536098e-05,0.0018045774250197155,159.26338477845803,0.000537570023775718,0.008310773759802714,159.17657729363395,0.001083216571794768,0.00849695515327653,159.44410725531102,159.30799274468902,0.0008541911817583284,0.3012702693743181,0.024057415002737923,0.00015097311563133704,19.257920918809695,19.36492893434533,24.611911210505227,443.05,0.8238347816271698,3.5666961780951674e-05,9.40048982024307e-05,0.00012459749233882428,0,0,0,0
63,2026-05-27 09:45:00,159.349,159.346,159.349,159.341,377,1779875399.092,USDJPY,-1.8826600731602916e-05,8.78668440740249e-05,-0.0003011405699084868,9.41436380867966e-05,5.020521381133731e-05,0.3749999953116119,0.0,0.6249999921883883,46.315545021785326,41.297332126530115,50.02209382703491,-0.00268753949302436,0.0034756410505346878,-0.0061631805435590475,159.34907981474086,-1.932747113719195e-05,-0.008935536265795463,159.35665984799272,-6.689301848370277e-05,-0.01142511474421326,159.35880999727416,-8.038461930269179e-05,-0.008124331435908516,159.3349095067606,6.960491755221561e-05,0.002282829290720656,159.26502072343908,0.0005084561330107985,0.008423431705182338,159.17826309170727,0.0010537676755280356,0.008551711818427066,159.44316444831736,159.31043555168264,0.0008329603293130475,0.2679480444144824,0.02291045678825531,0.00014377804769655537,18.734586556756195,18.88193229316026,23.998045263043075,440.2,0.856428895956189,4.100912819664932e-05,9.390012818949663e-05,0.00012469065442892322,0,0,0,0
63,2026-05-27 09:50:00,159.346,159.334,159.354,159.332,333,1779875699.043,USDJPY,-7.530782071718534e-05,-1.2552091178452685e-05,-0.0003450677273839631,-0.00025098196694561814,0.00013807473608909448,0.5454545429747368,0.3636363619835885,0.0909090904962201,42.94548700946223,34.102107306145896,47.71789338112841,-0.004164465783560445,0.0019476196837156616,-0.0061120854672761064,159.34530986105563,-7.097705646613642e-05,-0.007201652199370301,159.353638534927,-0.00012323869795224696,-0.010168432778328906,159.3565545429765,-0.0001415350817617297,-0.007567574032634639,159.33487383982882,-5.484297365380836e-06,0.0021148752008741667,159.2663866497076,0.0004245299445456746,0.008217027116955933,159.1798127126853,0.0009686359387355349,0.008446719661037605,159.4437422947142,159.30585770528577,0.0008653808316394378,0.20410036256027486,0.0228454241605242,0.00014338072326386208,18.662756621351708,17.583133563016762,25.161276031457597,431.65,0.7714583574653605,5.7620870305139385e-05,9.49870955586231e-05,0.00010895226207499916,0,0,0,0
63,2026-05-27 09:55:00,159.334,159.358,159.36,159.321,437,1779875999.292,USDJPY,0.00015062698482437575,0.0001066894270778107,-0.00016940113561492165,-0.00026348808030118853,0.0002447319870983301,0.6153846138064819,0.051282051150783076,0.33333333247863245,50.675619172236864,53.14880939674504,52.32925929067539,-0.0033596135520781445,0.0008861730365569005,-0.004245786588635045,159.34848239579173,5.9728238795710116e-05,-0.0011512391495216434,159.3542200636034,2.3720340729531073e-05,-0.006545975074544685,159.35668594816045,8.245978709577449e-06,-0.005334158211496742,159.33578074807085,0.00013944922995224479,0.002698605585152336,159.26820077545597,0.0005638239404150805,0.008390947372049595,159.18158572051928,0.0011082580857716857,0.008531826928077635,159.4409996339702,159.30440036602982,0.0008571848789541091,0.3923859530077382,0.023999322434773592,0.00015060004790957212,19.06465475329473,15.542176511530748,25.51459027634026,427.85,1.0213859997660344,9.046943622431206e-05,0.00011170471136268545,0.00010792150402135865,0,0,0,0
63,2026-05-27 10:00:00,159.359,159.366,159.37,159.356,535,1779876299.092,USDJPY,5.0201433251073624e-05,8.157988867485422e-05,0.00013806607089072997,-0.0004327782481888809,8.784809808873915e-05,0.49999999642857146,0.2857142836725994,0.2142857127559721,52.96330882864083,57.882857782120745,53.75681252488619,-0.0020525684869028282,0.00029842473186495475,-0.002350993218767783,159.3528617968438,8.244723695622423e-05,0.0023865706378387586,159.35579072178962,6.406593801301167e-05,-0.00393984506462175,159.35753268014585,5.313410487571638e-05,-0.0036674165559134053,159.33696581677395,0.00018221875305098168,0.00310258183671408,159.27013739376375,0.0006018868810244422,0.008482215740912125,159.1834206884743,0.0011469744194215548,0.008576286361630991,159.43129796532085,159.3072020346792,0.0007786851062438567,0.47381058322714686,0.023285085118004763,0.00014611074581783292,18.79496191826252,17.942270590368853,24.41884206897684,424.25,1.2610489098405986,8.736847223639937e-05,7.424540682744203e-05,9.450867357658894e-05,0,0,0,0
63,2026-05-27 10:05:00,159.366,159.356,159.368,159.353,404,1779876599.001,USDJPY,-6.274864149202752e-05,4.3928735040665856e-05,0.00018201560313069187,-0.0004954997334337685,9.412886869641782e-05,0.6666666622241171,0.13333333244330758,0.19999999866590876,49.850855968543776,50.44889292783785,51.723844618348934,-0.0018028600343313883,-0.0001218322213743139,-0.0016810278129570744,159.35364634763283,1.4769993791217084e-05,0.0035399279783518978,159.355818625551,1.1381727417530782e-06,-0.0024811990560067443,159.35739334558713,-8.743526471412556e-06,-0.0026976514144791963,159.33771225533187,0.00011477348588276171,0.0032554217647202677,159.27183764339216,0.0005284195740635113,0.008452864934128002,159.1851378955542,0.001073354627854204,0.008560601920237332,159.419687866298,159.31091213370198,0.0006825957767265097,0.41450298867685276,0.02269329332386059,0.00014240626850486077,18.682858024831294,17.095154172647607,24.210213309023732,419.3,0.963510612926076,9.325440254424553e-05,6.729711534038719e-05,9.479361793206169e-05,0,0,0,0
63,2026-05-27 10:10:00,159.356,159.353,159.36,159.348,348,1779876899.093,USDJPY,-1.8825773739239438e-05,4.3929562085098794e-05,0.00013180026611103735,-0.00044535327177841477,7.530451262292178e-05,0.24999999791548244,0.3333333305571346,0.41666666319404977,48.9220221676284,48.278720053799724,51.11493147302571,-0.0018259903346233841,-0.00046266384402412797,-0.001363326490599256,159.35348476072463,-3.0420465880966395e-06,0.004404945983765174,159.3554428088109,-1.5329308919898216e-05,-0.0012170391818244752,159.35699395053373,-2.506291336648603e-05,-0.0018160467404300107,159.3383117747306,9.218263395536374e-05,0.003402267970017192,159.2734448187705,0.000499488042843655,0.008424095331434955,159.18680816525017,0.0010440050696745961,0.008545073542904902,159.40917098691975,159.3143290130802,0.0005951690513485787,0.40774127017283873,0.021929486657870582,0.00013761577540347895,18.811799715915207,16.426967565297986,24.8925217706834,414.8,0.8389585342331632,9.325434132010231e-05,6.807299020189212e-05,9.422403052832577e-05,0,0,0,0
63,2026-05-27 10:15:00,159.352,159.365,159.368,159.349,404,1779877199.292,USDJPY,7.530451262294235e-05,0.00019455985539806875,0.00018200532208667575,-0.00015057500831294757,0.00011922316694384248,0.6842105227147601,0.15789473601029302,0.1578947360117889,52.71704729326026,56.925753858384404,53.4181269007443,-0.0008660384008294386,-0.0005433387553851901,-0.00032269964544424847,159.35636357054346,5.41956986406824e-05,0.01105370948783957,159.35671710096946,5.197709378826587e-05,0.0030785660424612615,159.3577217732125,4.567225677258155e-05,0.0011672302359784226,159.33935837180002,0.0001609246357083982,0.004484531971201022,159.27525779265625,0.0005634409800208078,0.008871142948635224,159.18858121833225,0.0011082376657770405,0.008768505646941094,159.40633853568795,159.31476146431208,0.0005746372878352594,0.5485929488492558,0.021720237610880214,0.00013629239551269233,18.384209664659746,18.03142125826768,23.337165483952766,411.45,0.9818933041679471,8.306720269899742e-05,7.084451467315432e-05,8.427480936285003e-05,0,0,0,0
63,2026-05-27 10:20:00,159.363,159.38,159.38,159.356,484,1779877498.021,USDJPY,9.412355285021157e-05,0.00013805394143995287,0.0002447580974136443,-5.646562811745248e-05,0.00015058351110553965,0.7083333303817471,0.0,0.29166666545158626,57.016178329001775,65.36916064744786,56.1308948702702,0.0010925112727022679,-0.00021616874976769854,0.0013086800224699664,159.36227267790758,0.00011123913956875732,0.013790282115849095,159.35982148750688,0.00012662233368967258,0.005601423903470959,159.35974706655682,0.00012708939249706392,0.0030611183963742405,159.3409521611412,0.0002450584004250048,0.005171413070343078,159.27733189577197,0.0006445870420231187,0.009131120315998942,159.19048588282647,0.0011904864547811224,0.008900162307185155,159.4049281161822,159.31527188381784,0.0005625312609132134,0.7219589135411393,0.021883077781531694,0.00013730127858910588,17.236382390154635,20.535789171689032,21.50896883810311,415.4,1.1651420317763206,6.62007501341823e-05,7.48088966543262e-05,8.729129671423646e-05,0,0,0,0
63,2026-05-27 10:25:00,159.38,159.379,159.394,159.377,355,1779877799.037,USDJPY,-6.274312962739614e-06,8.157323393942484e-05,0.0001631597773494864,-8.155992772540532e-05,0.00010666398960964687,0.05882352906603898,0.8235294069212019,0.11764705813040609,56.646399681473795,64.38750948465596,55.90300297574409,0.002534765161925634,0.00033401803257096795,0.002200747129354666,159.36645450843068,7.872103077156018e-05,0.013592711586881023,159.36237862250596,0.00010429925580745433,0.0065879007163403,159.36149733323347,0.0001098299593026469,0.003964653087621173,159.3424442332533,0.0002294163800649075,0.00547841647934888,159.27934512555865,0.0006256610005696881,0.009207731794901974,159.19236164518642,0.0011724077266317178,0.008940956712109482,159.40276039136793,159.31613960863208,0.0005434893099834319,0.7256964126845782,0.021534286511421995,0.00013511370074741338,16.605658514708434,24.02156449735387,20.296110748968573,414.8,0.8558341369332556,6.620072495349812e-05,7.307769360107351e-05,8.714407999268133e-05,0,0,0,0
63,2026-05-27 10:30:00,159.379,159.382,159.389,159.377,361,1779878099.016,USDJPY,1.8823056989969444e-05,0.00016315670574074126,0.00020709260804907537,-0.0001254689401637421,7.529081075655001e-05,0.24999999791785094,0.583333328472617,0.1666666652761988,57.536151763000774,66.16582147850308,56.459839219249076,0.003875166184400314,0.0010422476629368372,0.002832918521463477,159.370340881323,7.31573931042704e-05,0.016694533690156277,159.36499480617184,0.00010670595414539689,0.009176180620841023,159.3633612120304,0.00011695779900622346,0.005967866443285175,159.3439954397924,0.00023850638427081987,0.006283184460528446,159.28137789534955,0.0006317254783956309,0.0095402519573895,159.19424859399055,0.0011793856101440935,0.009110698436359144,159.3985921225204,159.3183078774796,0.0005037221583415101,0.7933327691965325,0.020853266046320457,0.00013083827562912034,16.019986344651244,23.034193388167974,19.461868941588527,410.0,0.8804878048778341,4.988598240743994e-05,7.161702060879275e-05,8.591661335996173e-05,0,0,0,0
63,2026-05-27 10:35:00,159.382,159.387,159.394,159.365,389,1779878399.041,USDJPY,3.1371171148597554e-05,0.0002133627857647813,0.00025730172078364255,-4.391633311173759e-05,0.00018194708476849657,0.17241379250878278,0.2413793095126879,0.5862068945302534,59.04479443069637,69.16023773457312,57.401195319641886,0.00528003688648937,0.001889805507647344,0.003390231378842026,159.37450566099224,7.839609576161363e-05,0.02102090026761516,159.3679288320156,0.00011966753991331212,0.012486023204701269,159.3655101927549,0.00013484603550110237,0.008516242221162429,159.34568189313387,0.0002592985663322777,0.00737011840325863,159.2834694221743,0.0006499769134943346,0.010024603403792298,159.19616651842847,0.001198731638738549,0.009358353178299694,159.39710205123373,159.31909794876623,0.0004894006566878283,0.8704933330270943,0.021435175614440163,0.00013448509360512566,15.005734844989524,20.808240722218596,21.57990217592808,406.5,0.9569495694954596,4.124428902879286e-05,7.028477877289739e-05,8.565757676175978e-05,0,0,0,0
63,2026-05-27 10:40:00,159.387,159.385,159.389,159.382,385,1779878699.612,USDJPY,-1.2548074811657983e-05,0.00012549807046702277,0.0003200823427516042,-2.5095834718991128e-05,4.391881293725885e-05,0.2857142816338132,0.2857142816338132,0.4285714224466596,58.154779836963705,66.41712662357045,56.88465016167361,0.006161003540455567,0.002744045114208989,0.0034169584262465783,159.3771292457442,4.9384464967172444e-05,0.020765675200721034,159.37020498774683,9.28342424752307e-05,0.01348788677736934,159.36728199341354,0.00011117718997793617,0.009560220201052516,159.34722377967765,0.0002370685815937034,0.007865407877631014,159.2854799286659,0.0006247906047598731,0.010222136009645055,159.19804545854362,0.0011743519897991306,0.009464240211372044,159.3963026040841,159.3194973959159,0.00048188479573482956,0.8528406544431174,0.02040409164198051,0.00012801764056831263,14.063929881017927,20.298337093884037,21.051089069356266,405.45,0.949562214822802,4.255791200192887e-05,6.264743999232849e-05,8.542323545263528e-05,0,0,0,0
63,2026-05-27 10:45:00,159.385,159.38,159.39,159.379,393,1779878999.002,USDJPY,-3.137058066937648e-05,0.0,0.00013805394143995287,-3.137058066937648e-05,6.901744259000929e-05,0.4545454504129883,0.4545454504129883,0.09090909008311442,55.88674851384663,59.53040458687928,55.57193002688188,0.006382148314457936,0.0034716657542587783,0.0029104825601991577,159.37784693430814,1.3509190475791661e-05,0.015574256400554987,159.3715109893806,5.326554643737549e-05,0.0116895018737182,159.3684381758305,7.25477660560007e-05,0.008691109273684106,159.3485091216511,0.00019762267323670724,0.0075569605099019554,159.28735161324678,0.0005816430860007242,0.01001971747481889,159.19985595149345,0.001131559117499682,0.009370068666981979,159.3954032780092,159.3198967219908,0.0004737517631974572,0.7960007858779721,0.019732370810410165,0.00012380706996116303,13.3761054874526,19.490086854511453,21.29882564718624,404.75,0.9709697344037131,2.50967745414227e-05,4.939122219515011e-05,8.552687913989225e-05,0,0,0,0
63,2026-05-27 10:50:00,159.38,159.385,159.392,159.375,408,1779879299.022,USDJPY,3.137156481369807e-05,3.764611397993889e-05,0.00011922241883444151,0.00025730495029629985,0.00010665997427609818,0.294117645328523,0.41176470346060096,0.294117645328523,57.664821999056606,63.89771401393431,56.62298638303943,0.006881539253470237,0.00415364045410107,0.0027278987993691666,159.37963520073112,3.366050663949958e-05,0.013180692300437613,159.37330952412984,7.335278350597165e-05,0.010930901623879663,159.36994379620955,9.447329547715244e-05,0.008446462976081648,159.3499401364883,0.00022001805260586294,0.007495903234996604,159.2892852446676,0.0006008863382453082,0.009940119108961198,159.20169818083184,0.0011513810547419162,0.009336535645417143,159.39869794866968,159.32070205133033,0.00048935531787401,0.8243760349018476,0.019537201466809147,0.0001225786709339596,12.988759510801225,18.278729430684848,21.437462128031733,399.6,1.0210210210207655,2.8199020610650162e-05,4.8193921711112406e-05,6.09283823884728e-05,0,1,0,0
63,2026-05-28 20:15:00,159.25,159.257,159.257,159.237,376,1779999599.824,USDJPY,-0.0008030868651377476,-0.0007842792787140507,-0.0006212505333968998,-0.0004393480075567391,0.0001255831768776897,0.34999999825007105,0.0,0.6499999967499289,27.313333580335723,15.130574731029071,34.612464396209774,-0.003016448349882239,0.0027196226933044083,-0.0057360710431866475,159.34897640054834,-0.0005772010754379499,-0.021364480774650474,159.3578015875792,-0.0006325488088751401,-0.007193218592647099,159.35967617837233,-0.0006443046373751044,-0.0036850336580869225,159.34629542525346,-0.0005603859507065892,0.00229998546106458,159.288645932892,-0.00019867036163596268,0.007268037542445427,159.20224844768924,0.0003439119286606828,0.00799985369869205,159.41422964759877,159.29817035240123,0.0007287547498542892,-0.3547355021902752,0.028713115647751076,0.00018029421405496194,16.427414480329578,11.548972725648078,47.87449861642796,395.4,0.9509357612541854,0.0003622998698759264,0.00026347222550716985,0.00019163695869626129,0,0,0,0
63,2026-05-28 20:20:00,159.258,159.264,159.267,159.25,339,1779999899.092,USDJPY,4.395411190727394e-05,-0.0007717066009147455,-0.0005585084686199338,-0.00042678181407362903,0.00010674100863971712,0.352941174394562,0.17647058719644507,0.47058823252663995,29.498771509257352,19.071327900103114,36.04011719115311,-0.010178501904107407,0.00013999777382204572,-0.010318499677929452,159.32773230041124,-0.000400007578662232,-0.04677336058099968,159.3452947092353,-0.0005101795404981142,-0.02263412278028909,159.35097834397484,-0.0005458287415536494,-0.014531848780052314,159.3430681536749,-0.0004962133250668083,-0.0026137394589795804,159.2881578946169,-0.0001516615857461281,0.00468847244258086,159.20286289099582,0.00038402016078098157,0.006696372567347453,159.4228302791686,159.2827697208314,0.0008794238392682037,-0.13401146647434517,0.02787646453005428,0.00017503305536752987,19.12395556373668,13.60823023196458,45.789107921139795,393.75,0.8609523809521623,0.00036397399055652826,0.00026535942296977694,0.00019184163090388607,0,0,0,0
63,2026-05-28 20:25:00,159.264,159.264,159.272,159.259,363,1780000199.093,USDJPY,0.0,-0.0007591680522005539,-0.000633765255859231,-0.0004518752824220762,8.162547719513029e-05,0.0,0.6153846106492059,0.3846153816584865,29.498771509257352,19.071327900103114,36.040117191153115,-0.015673803100128225,-0.003022762400968009,-0.012651040699160216,159.31179922530845,-0.00030003568813404387,-0.06533002043573788,159.3344554146706,-0.00044218568097671555,-0.035749573076230945,159.34307122179533,-0.0004962325703215237,-0.02421077161821472,159.33996744176608,-0.0004767632564869917,-0.007256337911570654,159.28767952046604,-0.00014865883248044956,0.002199591800149392,159.20347122043864,0.00038019761188219333,0.005425761895025971,159.42903132217637,159.26936867782362,0.0010025030411941794,-0.033625134056952645,0.02681385992076506,0.00016836108549807274,21.377882839071543,14.468907210050524,44.20341837547188,389.9,0.9310079507563656,0.00036523709996163844,0.0002622750426296363,0.00019160382434341483,0,0,0,0
63,2026-05-28 20:30:00,159.264,159.262,159.265,159.249,371,1780000499.01,USDJPY,-1.2557765722398528e-05,-0.0007403689296021643,-0.0007403689296021643,-0.0004957920434791596,0.00010046338737420811,0.12499999921941612,0.062499999607931706,0.8124999949226521,29.20777782485314,18.73305889528214,35.793940068793034,-0.019960163830887723,-0.006410242686951952,-0.01354992114393577,159.29934941898134,-0.0002344605870492358,-0.07849751532680216,159.32479469271453,-0.00039413007144081704,-0.04671629666606236,159.33570111072302,-0.0004625523985475575,-0.03273706510748298,159.33690989503015,-0.00047013523156370934,-0.011599226620944592,159.28717101511026,-0.0001580228649291048,-0.00018059813652371304,159.2040535963547,0.0003639756798669229,0.004197644861250183,159.43366917213154,159.2568308278685,0.0011103611926451167,0.029231059305159113,0.026041441354995497,0.00016351321316444283,23.635039224736325,13.833923388344271,45.0063838762817,388.05,0.9560623630972926,0.0003668814245425851,0.0002572795092605698,0.00019120402350300504,0,0,0,0
63,2026-05-28 20:35:00,159.262,159.264,159.276,159.26,363,1780000798.005,USDJPY,1.2557923421807615e-05,-0.0007591680522005539,-0.0007215505179476445,-0.0005585084686199338,0.00010046212577870425,0.12499999921919408,0.7499999953116118,0.12499999921919408,29.951927855468554,20.380639783907128,36.25115783411535,-0.02293141324867065,-0.009714476799295692,-0.01321693644937496,159.290512064236,-0.0001664384393798431,-0.08912313649511816,159.31668873368594,-0.00033071697701425785,-0.056620790443901114,159.32918282793003,-0.000409107903355102,-0.04076096827952824,159.33405068346033,-0.00043964666158829275,-0.015889453027966738,159.28671218312786,-0.0001425868034851478,-0.002573061539749233,159.20465007798302,0.0003727901288556612,0.002951897151177718,159.43591592926748,159.24568407073252,0.0011944435562020142,0.0962821338072206,0.025324195543925787,0.00015900765737345406,25.15914028382227,16.312234310585094,42.97528807313864,389.5,0.9319640564824309,0.0003646708846039783,0.00025789876344051356,0.00018998615174116763,0,0,0,0
63,2026-05-28 20:40:00,159.264,159.263,159.267,159.26,414,1780001099.008,USDJPY,-6.278882861199264e-06,3.76749530632825e-05,-0.0007466338733357336,-0.0005396958876427993,4.395245600048349e-05,0.1428571408169066,0.4285714224466596,0.42857142245071983,29.783348970592854,20.142428973102525,36.116134867291926,-0.025077760647207015,-0.012787133568877958,-0.012290627078329057,159.283634048177,-0.00012954280143273304,-0.06534235237134567,159.30953023586113,-0.0002920744025309585,-0.048271351718057076,159.3231662072091,-0.0003776362762641667,-0.03650997116321264,159.3312643821482,-0.0004284431082179661,-0.015031043105267372,159.28624263494711,-0.00014591740355365988,-0.002403297944880478,159.205230674222,0.00036286072720945347,0.002982226532765253,159.43734740948787,159.23565259051213,0.0012664260937928998,0.135588061275904,0.02401532443364573,0.00015079035578662798,26.574376981544933,15.972612950156101,42.08054088386144,391.95,1.0562571756598913,2.2376887020226236e-05,0.00025703564796002724,0.00019004743675415188,0,0,0,0
63,2026-05-28 20:45:00,159.263,159.262,159.266,159.249,488,1780001399.893,USDJPY,-6.27892228577398e-06,-1.2557765722398528e-05,-0.0007842546757264035,-0.0005271547450202974,0.00010674234908512958,0.05882352906603898,0.17647058719644507,0.764705877855163,29.603911895211226,19.871459596706217,35.975439056602326,-0.026553357490541885,-0.015540378353210744,-0.01101297913733114,159.27822553613277,-0.00010186914173704437,-0.04950676427847611,159.30319287107966,-0.0002585815785437218,-0.042101838155645055,159.31760564291739,-0.0003490238426129461,-0.03337270105745915,159.32854813186788,-0.00041767864358368086,-0.014520021807015837,159.28576258276993,-0.00014918208874811062,-0.0023953118469535184,159.20579554313522,0.0003530302189881545,0.002932652139406855,159.43809054778384,159.22650945221616,0.0013285095978179395,0.16773969182757395,0.023514229831242173,0.000147644948771472,28.11342959560539,15.147779822965376,43.248923991617666,397.5,1.2276729559745339,9.522463622645025e-06,0.00025558160761827986,0.0001900964552738443,0,0,0,0
63,2026-05-28 20:50:00,159.262,159.255,159.263,159.25,411,1780001699.035,USDJPY,-4.395273197632665e-05,-5.650994575057133e-05,-0.0008156350974056759,-0.0004958138250468203,8.163009010709384e-05,0.5384615343196949,0.0769230763316973,0.3846153816563002,28.31779396488986,17.904418550681,34.97402685579017,-0.02796525407731565,-0.018025353498031728,-0.009939900579283921,159.2724191520996,-0.00010936703411880247,-0.03938007320886072,159.2967671549357,-0.00026219712855244997,-0.037688259734892426,159.31191422083398,-0.00035725024780692384,-0.03115700096134333,159.32566389140248,-0.0004435185749525846,-0.014303550363592876,159.2851534227151,-0.00018930466567138501,-0.0025260977509447002,159.20628513972096,0.0003059857859021177,0.0028139192823175563,159.43936220653785,159.21733779346215,0.001394144065025908,0.16963092481204423,0.02276321341472525,0.00014293562785925248,29.542549880090096,14.529861988007898,41.48468647367959,401.4,1.023916292974334,2.0539025094428384e-05,0.0002548741834888483,0.00018980048209082977,0,0,0,0
63,2026-05-28 20:55:00,159.255,159.232,159.264,159.232,452,1780001999.493,USDJPY,-0.00014442246711243723,-0.00018836885132678116,-0.0009285983184841307,-0.0007906725737020226,0.0002009646302251475,0.7187499977535454,0.28124999912145454,0.0,24.544652735219714,12.979342568153456,31.90961306257809,-0.030587506342385495,-0.02053778406690248,-0.010049722275483015,159.26231436407468,-0.00019034235560199807,-0.03703505490665293,159.2881315342776,-0.00035238993474864073,-0.03666315843693724,159.30464929166726,-0.00045603999626055646,-0.031051819055761598,159.321990797622,-0.0005648360102172208,-0.014919097408153448,159.28410087969104,-0.00032709403765534466,-0.0030701354192217423,159.20654100897747,0.00015991171506638294,0.00248741262277008,159.43971813502557,159.2043818649744,0.0014779458277931815,0.11735604974044621,0.02342298388510278,0.00014709972797617805,31.232572834654555,13.111976321588589,42.92554850157856,402.15,1.1239587218696696,6.310548335211868e-05,0.0002549076806183702,0.00018689352227189233,0,0,0,0
63,2026-05-28 21:00:00,159.232,159.226,159.243,159.226,298,1780002299.093,USDJPY,-3.7680868167244697e-05,-0.00023859754872423977,-0.0009975844652884147,-0.000878480980886831,0.0001067664828608136,0.352941174394562,0.647058819723085,0.0,23.659030158456446,11.976670282794984,31.161726056001,-0.03277203439805021,-0.022984634133132027,-0.009787400264918183,159.25323577305602,-0.00017102178755622004,-0.037276291179978216,159.27984732970725,-0.0003380674367158924,-0.036841403978684184,159.29749935606114,-0.000448841672657547,-0.03168347186888809,159.3182264526172,-0.000578881994048813,-0.015824230843122677,159.28295036722193,-0.0003575421417711845,-0.0037618159059320533,159.2067346307787,0.00012100850674426755,0.0020845527956794285,159.43796700452089,159.19213299547908,0.0015439313242925183,0.13776370746725777,0.022964199321880863,0.00014422392901838183,32.91542515760424,12.418649926438238,42.522018757897975,390.3,0.7635152446833812,5.6791444547768353e-05,0.00025208782929750926,0.00018570205022008234,0,0,0,0
63,2026-05-28 21:05:00,159.227,159.218,159.227,159.218,303,1780002599.034,USDJPY,-5.0243050758069785e-05,-0.0002825515028601622,-0.0002448871949114473,-0.0008659855920079007,5.652627215524974e-05,0.9999999888888891,0.0,0.0,22.493630812297894,10.691843885137132,30.171709619117806,-0.034748265388685695,-0.025337360384242762,-0.009410905004442933,159.24442682979202,-0.00016595136368744535,-0.03920721838497343,159.2716010190796,-0.00033653845843617075,-0.037929216781520836,159.29027214187377,-0.00045371346851245194,-0.03289406533534134,159.31429600349497,-0.0006044404420107531,-0.016968378653217542,159.28166422133634,-0.0003996958573203112,-0.004578413610772714,159.20684672400478,7.005525343107617e-05,0.001616049782768414,159.43647189992507,159.1798281000749,0.001611901919696058,0.14873493897963327,0.021966756513176127,0.00013796653966998787,34.628249999048556,12.055218128708908,43.878945240776034,385.25,0.7865022712522294,5.196936290611663e-05,5.062101536336687e-05,0.00018565638484802703,0,0,0,0
63,2026-05-28 21:10:00,159.218,159.215,159.219,159.213,283,1780002899.023,USDJPY,-1.8842090718340643e-05,-0.00029511120041192385,-0.0003076652601969876,-0.000866001895163615,3.768489149891799e-05,0.49999999166429837,0.16666666388967843,0.33333332777935687,22.054899266934285,10.212530263744142,29.798938497533157,-0.036139919123371556,-0.027497872132068522,-0.008642046991303033,159.23707012234402,-0.00013859914859688105,-0.041155413788743545,159.26405421653567,-0.00030800557462245425,-0.039138654543990015,159.28342921988525,-0.00042960664659461793,-0.03417642303213597,159.3104020425736,-0.0005988437751108133,-0.018146089294276635,159.28034413774552,-0.00041024608591379514,-0.005418445024417906,159.2069278511291,5.070224631457413e-05,0.0011323079938847513,159.43394947249473,159.1685505275053,0.0016669217409756775,0.1750175475605618,0.020826273905092136,0.00013080597874001908,36.31218406963193,11.807141008495007,44.69085348443316,382.0,0.7408376963348846,4.916111622657769e-05,4.474038389443796e-05,0.00018565627167039663,0,0,0,0
63,2026-05-28 21:15:00,159.215,159.215,159.221,159.204,302,1780003199.035,USDJPY,0.0,-0.0002511695080217313,-0.0003076652601969876,-0.000941235528503781,0.00010677385924690455,0.0,0.352941174394562,0.647058819723085,22.054899266934285,10.212530263744142,29.798938497533143,-0.03681839519327923,-0.029361976744310667,-0.007456418448968563,159.23155259175803,-0.00010395296339580523,-0.04086656034155567,159.25751365433092,-0.00026694912758209934,-0.039253500604786495,159.27720838171385,-0.00039056675054700753,-0.034705839120135806,159.30666078600208,-0.0005753732176033057,-0.019003105400400955,159.2790501944238,-0.00040212566778629623,-0.006103228291294727,159.20700817101837,5.019772102648773e-05,0.0007230312974115805,159.42813433688627,159.1593656631137,0.0016880863849044992,0.20699710306520833,0.02055296862615669,0.00012908939877622516,38.04173427343022,11.109565737790668,45.17828912073805,376.9,0.8012735473598299,5.598650550308305e-05,4.474038389443796e-05,0.00018387937447281115,0,0,0,0
63,2026-05-28 21:20:00,159.215,159.215,159.219,159.201,312,1780003499.034,USDJPY,0.0,-0.00010676245980700827,-0.00029511120041192385,-0.001035261638850482,0.00011305467449675396,0.0,0.222222220987128,0.7777777734573165,22.054899266934285,10.212530263744142,29.798938497533143,-0.03693038191249798,-0.03087565777794813,-0.006054724134549848,159.22741444381853,-7.796674876554366e-05,-0.03489992025615152,159.2518451670868,-0.00023136414556539444,-0.036286367190797364,159.2715530742853,-0.0003550732895717622,-0.03309621738196711,159.30306624537457,-0.0005528220356971309,-0.018924552247426618,159.27778187374213,-0.0003941659219732958,-0.006319005948910217,159.20708769170477,4.9698216391935225e-05,0.0005466827273039598,159.4179363998316,159.15306360016842,0.0016636171193868702,0.23383450428642374,0.020370613724288406,0.00012794406132769152,39.70288878381509,10.408372952414293,43.37874587701714,368.3,0.847135487374193,2.2469090963517976e-05,4.5478508185557384e-05,0.00018126143895172536,0,0,0,0
63,2026-05-28 21:25:00,159.215,159.214,159.219,159.213,286,1780003799.03,USDJPY,-6.280815249892768e-06,-7.536457613710468e-05,-0.00031394414305818685,-0.0010352681344467651,3.768512819224583e-05,0.16666666388967843,0.6666666555539768,0.16666666388967843,21.877249430140793,9.975810527422269,29.657546702995347,-0.03667703382174636,-0.03203593298670778,-0.004641100835038582,159.2240608328639,-6.318663656280299e-05,-0.029174940192120857,159.24679914480856,-0.00020596423278020594,-0.033048184898689215,159.26632097662298,-0.00032851249593854423,-0.03117837943815971,159.2995734514383,-0.000537185690986134,-0.01865300117890456,159.2765188663413,-0.00039251778470721224,-0.006431500880637486,159.2071564708918,4.298505959096657e-05,0.00042184011309132075,159.4058624022027,159.14863759779732,0.0016155916213736368,0.2541061400682793,0.01934414131541068,0.00012149774087335711,41.245389400601034,10.177774385510375,42.417685327105815,364.85,0.783883787857809,2.111179578852191e-05,4.39050649801912e-05,0.0001812613530551151,0,0,0,0
63,2026-05-28 21:30:00,159.214,159.224,159.226,159.214,375,1780004099.036,USDJPY,6.28085469869255e-05,3.7684181436681286e-05,-0.0002448779691455183,-0.0009913290082946835,7.536552278551259e-05,0.8333333263880995,0.1666666652785673,0.0,28.113079836131277,29.138561848467205,32.99576669650257,-0.035262849034694455,-0.03268131619630512,-0.0025815328383893346,159.22404562464794,-2.865437049661814e-07,-0.020381205144076375,159.24375925883407,-0.00012408184110982177,-0.027841760245536307,159.2624736151118,-0.00024157363777217567,-0.02779852676198402,159.29660978667602,-0.00045581501560680956,-0.017686216818958655,159.27547888879,-0.00032320661754810904,-0.006185332546351674,159.20732406819636,0.00010474349657739093,0.0004773441915801868,159.39044545821514,159.1482545417848,0.0015210704192228028,0.3127510284048768,0.018819559792881378,0.00011819549686530536,42.09860228141614,12.371034686928086,40.485758311022465,365.55,1.025851456708788,3.184079572518614e-05,5.282622073080191e-05,0.00018242609157407793,0,0,0,0
63,2026-05-28 21:35:00,159.224,159.248,159.254,159.222,352,1780004399.021,USDJPY,0.00015073104557106198,0.00020726690324401886,-8.790546395254228e-05,-0.0008720911994077873,0.00020094443886254311,0.7499999976566941,0.18749999941417353,0.062499999804132386,40.40741196806947,55.60100029559394,40.15292926816845,-0.031838483756729374,-0.03251274970838997,0.0006742659516605978,159.23003421848597,0.00011282910037794851,-0.007035903858053416,159.24432469098954,2.3079685995584116e-05,-0.019729525546125615,159.2611578319198,-8.26179597017568e-05,-0.022271387965446365,159.29470352053187,-0.00029318941245186006,-0.015698522041731167,159.2749347523783,-0.00016910854441839584,-0.005409385367215691,159.2077288038362,0.000252947494863176,0.0008009527070953482,159.37099907918733,159.1538009208127,0.0013638988142684917,0.43370109511446264,0.0197610198076743,0.00012408959489396604,40.943326628807654,21.061039097544963,35.802858489046145,363.7,0.967830629639547,6.729221752830747e-05,7.675415743458145e-05,0.00018710592946805823,0,0,0,0
63,2026-05-28 21:40:00,159.248,159.245,159.251,159.245,297,1780004699.003,USDJPY,-1.8838541143262333e-05,0.0001884244574945626,-6.279237700534956e-05,-0.0008783762587444288,3.767779208138546e-05,0.49999999166429837,0.4999999916690353,0.0,39.498073274400134,52.72936525127117,39.59778123683171,-0.02903206100324951,-0.03181661196736188,0.00278455096411237,159.2337756638645,7.048966897077627e-05,0.002223072106460222,159.24441473219093,3.6752799779894246e-06,-0.013098922139988645,159.2596889381089,-9.22326183532739e-05,-0.01751944360495372,159.29275436286397,-0.000299789924877477,-0.013906423138109858,159.27434198500447,-0.0001842229240364829,-0.004708209419334253,159.2080996615095,0.00023177425375319922,0.0010914904911203394,159.34841698769753,159.16238301230243,0.0011682249075016813,0.4440962328397406,0.018778089821411863,0.00011791949399611832,39.870570665671195,20.580364028936987,34.985731595122374,359.3,0.8266072919563522,7.063756767273634e-05,7.588163378158929e-05,0.00018705625411279177,0,0,0,0
63,2026-05-28 21:45:00,159.245,159.249,159.249,159.242,296,1780004999.029,USDJPY,2.5118528054202116e-05,0.00021354771849391163,0.00010676245980700827,-0.0008219349981176682,4.3956319976922946e-05,0.5714285632635662,0.0,0.42857142245071983,41.39192305243772,56.244671114848394,40.74473665817368,-0.026183358720544447,-0.030689961317998397,0.004506602597453949,159.23758174789836,7.170576176993034e-05,0.01016730407982891,159.24502610123216,2.4954617830969716e-05,-0.0068190658546427585,159.2587172164626,-6.1015287781057256e-05,-0.012835857822693697,159.29103850549674,-0.00026391004723908315,-0.012027739877822796,159.27384016351922,-0.00015595884103583612,-0.003941710222903794,159.2085066300517,0.00025434174847454227,0.0014189383469158656,159.3222237691571,159.17547623084292,0.0009214973928512782,0.5010221633126644,0.017936797691311374,0.00011263365981143601,38.98892848867329,20.00667288341771,35.205152346743304,354.45,0.8350966285792538,6.813640846297801e-05,5.8546501597511375e-05,0.00018768116020173548,0,0,0,0
63,2026-05-28 21:50:00,159.249,159.251,159.255,159.245,309,1780005299.036,USDJPY,1.255894856488915e-05,0.0002323916238522461,0.00015700953361896808,-0.0008407315619410882,6.27939541980327e-05,0.1999999980011369,0.39999999599943165,0.39999999599943165,42.36339310132261,58.06385653956404,41.329623465378795,-0.023493539453852463,-0.02925067694516921,0.005757137491316747,159.24093631092376,6.3197876811008e-05,0.016875478059859006,159.24582262106787,3.2511866540144355e-05,-0.0009765237406895722,159.25801565132963,-4.405210815249432e-05,-0.008305325293349597,159.28946836802626,-0.00024149975777042616,-0.010105083412042859,159.2733878830535,-0.0001405626096804147,-0.0031309832878037014,159.20892944965317,0.0002642474294140613,0.0017729787613802728,159.28085025840107,159.2034497415989,0.0004860284506984939,0.6143403210240558,0.01736988357050277,0.00010907236733523035,37.76463620088106,21.65128161727568,33.75744331124859,349.5,0.8841201716735668,6.520805910390453e-05,5.6037549280308065e-05,0.0001873456905266111,0,0,0,0
63,2026-05-28 21:55:00,159.251,159.255,159.255,159.24,287,1780005599.01,USDJPY,2.5117581679223733e-05,0.00019469426719598282,0.0002323857855268674,-1.2558317687871856e-05,9.418856550806164e-05,0.26666666488850993,0.0,0.7333333284448235,44.350176022440664,61.77237245006002,42.521065442003014,-0.020799310233996948,-0.027560403602934762,0.006761093368937814,159.24445223319282,6.62363219519426e-05,0.020406608544874416,159.24704627159218,4.994584574113815e-05,0.0032870127581077213,159.25774150120873,-1.7214241410744397e-05,-0.004732113903060053,159.28811666731937,-0.00020790419280643542,-0.00849311935664332,159.27302376655737,-0.00011316270722526138,-0.0024551222326181232,159.20938786308946,0.00028649150356484243,0.002063794893103932,159.28060632244276,159.20349367755725,0.00048420862695373494,0.667936140076917,0.01720060617260874,0.0001080066947512401,36.84230030954796,20.3026197445496,33.73102543136657,345.05,0.8317635125341742,6.502624444288348e-05,5.1027177178243015e-05,5.519627765043535e-05,0,0,0,0
63,2026-05-28 22:00:00,159.255,159.262,159.275,159.23,404,1780005899.792,USDJPY,4.395466390372249e-05,8.791319200240899e-05,0.0002951983167414074,-1.2557765722398528e-05,0.00028255327699021685,0.1555555552099327,0.2888888882469276,0.5555555543209174,47.7448923640986,67.61878702852931,44.58872719971943,-0.01789301315025682,-0.025626925512399177,0.007733912362142357,159.2488391748946,8.264314624569282e-05,0.018804956408644102,159.24904010204656,8.138132540787533e-05,0.004715411057020447,159.25812863746248,2.4308728041986247e-05,-0.003029194457326412,159.28709248428723,-0.00015752992848245518,-0.00761103624463999,159.2728054741503,-6.784255553307265e-05,-0.0021292782280113443,159.20991136693934,0.0003271695374580766,0.0021825631031333614,159.2802878403188,159.2036121596812,0.0004814436628800753,0.7614909937169154,0.019186277160280683,0.00012046989966395426,34.71929615096761,24.347110585657454,28.080051442689868,348.3,1.1599196095316797,2.324214120054013e-05,4.9100965755270074e-05,5.5196301115465215e-05,0,0,0,0
63,2026-05-28 22:05:00,159.262,159.243,159.262,159.228,437,1780006199.792,USDJPY,-0.0001193002725069503,-1.255926402721208e-05,0.0001758628269949991,-0.00013185654008451841,0.00021351016999172218,0.5588235277684611,0.0,0.4411764692903624,40.51974592426227,45.556006001644036,40.44249529067112,-0.016927760299466854,-0.023887092469812715,0.006959332170345861,159.24737938117096,-2.750049129839042e-05,0.013603717306466478,159.24823475510703,-3.287166802878403e-05,0.0038200229161020616,159.25675330678408,-8.63593316987216e-05,-0.0029356313248172228,159.28536336725637,-0.00026595894538467983,-0.00739099560760792,159.27221526674137,-0.00018342977582402696,-0.002126718263099292,159.2102406070693,0.00020576184550559224,0.0021409455598018212,159.2778913503445,159.20390864965552,0.00046458997060459063,0.528385013355677,0.020244400220260052,0.00012712898036497714,32.84787541717132,21.42636724462194,25.417157221354213,352.0,1.24147727272692,6.624315962159433e-05,6.794623230084027e-05,6.124044873183013e-05,0,0,0,0
63,2026-05-28 22:10:00,159.243,159.231,159.245,159.231,334,1780006499.022,USDJPY,-7.535653058532432e-05,-0.00011303053708344724,0.00010049304399695203,-0.00019464781303768497,8.792257789004657e-05,0.8571428510198282,0.14285714183731474,0.0,36.738353479744774,36.72632872410168,38.0934277097607,-0.016935864073928997,-0.02249684679063597,0.005560982716706974,159.24328453587822,-7.71431957964614e-05,0.005702787979856794,159.24593678775943,-9.379697881614495e-05,0.0009106865272769937,159.25441209707643,-0.0001470106653130565,-0.004305119386174283,159.28323147050122,-0.0003279156884188368,-0.007807034995522599,159.2713991228455,-0.00025364957593142223,-0.0024410406737160883,159.21044716819299,0.00012909223089673877,0.0019405381412980205,159.2752569631173,159.2034430368827,0.00045100468021049385,0.3837272869456731,0.019798371633099335,0.00012433741942900148,31.11012759293192,20.34413848148385,24.133356831483795,350.15,0.9538769098954867,7.084637719035857e-05,7.402067748563824e-05,6.314282587421395e-05,0,0,0,0
63,2026-05-28 22:15:00,159.231,159.248,159.249,159.231,322,1780006799.021,USDJPY,0.0001067631302948957,-1.883818625947331e-05,0.000213549059755902,-0.00010046212577874414,0.00011303124686024744,0.9444444391972676,0.055555555247176744,0.0,44.62275516301716,52.07781062756054,43.01678642719566,-0.015393086528860067,-0.02107609473828079,0.005683008209420724,159.24446340190866,2.220860942841037e-05,0.003527090984903225,159.24621188272485,1.1228633033085937e-05,0.00038926165697716897,159.2538291791604,-3.6603070647945164e-05,-0.004186472169237732,159.28184984420707,-0.00021251538854044776,-0.007618523819189704,159.27093577387828,-0.00014400476626099976,-0.002452109175209216,159.21082082821096,0.00023352163876569096,0.0018913785577865383,159.27290389352467,159.20419610647528,0.0004314514910667063,0.6375389943714562,0.01966991651644943,0.0001235175105272872,29.234800688902673,20.46689848878475,22.555891995040184,348.1,0.925021545532627,9.192603531682173e-05,7.966603173829615e-05,6.820392901074848e-05,0,0,0,0
63,2026-05-28 22:20:00,159.248,159.245,159.25,159.239,351,1780007099.027,USDJPY,-1.8838541143262333e-05,-6.279237700534956e-05,0.0001318896648747625,-0.00011302060114404266,6.907595214917692e-05,0.27272727024675947,0.18181818016622883,0.5454545404961028,43.59029088469568,49.60021756915599,42.392086937574604,-0.01424825413280928,-0.01971052661718649,0.005462272484377209,159.2445975514315,2.5272353015173882e-06,0.0001453182386796925,159.24605029836152,-6.5954437146282845e-06,-0.0009959732306583646,159.25302652650944,-5.040109242824083e-05,-0.004714974699282948,159.2804047522774,-0.00022227939671841404,-0.007711915041966222,159.27042219419752,-0.00015961654302969273,-0.002601572359850479,159.21116091947255,0.0002125421379508223,0.0017730563830866686,159.270295214049,159.205004785951,0.00040999986246364887,0.6125739278001072,0.019050636765274163,0.00011963098850999506,27.425959060825466,19.99771325922342,21.625608835170723,344.95,1.017538773735029,9.056520671044455e-05,7.912767809082996e-05,6.827390432123668e-05,0,0,0,0
63,2026-05-28 22:25:00,159.245,159.253,159.258,159.24,313,1780007399.003,USDJPY,5.023705610840423e-05,-5.651065539813427e-05,3.13975685721779e-05,-5.651065539813427e-05,0.00011302769806534686,0.444444441974256,0.27777777623588373,0.2777777762343047,47.10497952915634,56.09815534366422,44.64302512041597,-0.01255075576972331,-0.018278572447693854,0.0057278166779705444,159.24669816357363,3.957279176920062e-05,-0.002141011320986763,159.24697692524666,3.782222350228335e-05,-0.002063176799907751,159.2530241150086,-1.5142574998496963e-07,-0.005104522453876825,159.27933005610967,-0.000165307426270629,-0.0077624281775570125,159.270077200253,-0.00010722164861862659,-0.0027282738972758125,159.21157722873153,0.000260174366647645,0.001665861792190526,159.26871888323376,159.2056811167662,0.00039583409083391474,0.7506433969718151,0.018975591282040342,0.00011915374455765571,25.72213542151332,21.65413128893052,20.160339384359734,336.2,0.9309934562757494,9.158307646558075e-05,6.480393263198432e-05,6.940664285539597e-05,0,0,0,0
63,2026-05-28 22:30:00,159.253,159.269,159.282,159.253,383,1780007699.093,USDJPY,0.00010046906494709518,0.0001632724829350174,0.00015071116832543474,8.790932780766703e-05,0.00018208188661964842,0.5517241360287402,0.4482758605229839,0.0,53.36352477322607,66.25094320087017,48.840847529049434,-0.009801425077654358,-0.016583142973685957,0.006781717896031599,159.2522736226802,0.00010503069714049369,0.004894241509248332,159.24991333521376,0.0001198535332704828,0.0016785801067271677,159.25447646818964,9.11970082879881e-05,-0.002276838594440278,159.27892495587008,-6.23117959442912e-05,-0.006438411386284315,159.27005586955494,-6.62942917403673e-06,-0.0021593971864319883,159.2121485995899,0.0003570795376493186,0.0019079925206142434,159.27152082688315,159.2042791731169,0.0004221892130059565,0.9625109312725063,0.01969162047618209,0.00012363749678959553,25.440097084236637,28.08192047673657,18.039604675857372,334.8,1.143966547192012,7.86097427107093e-05,7.099454200317518e-05,7.235263243393363e-05,0,0,0,0
63,2026-05-28 22:35:00,159.269,159.269,159.281,159.266,339,1780007999.032,USDJPY,0.0,0.00023864699713005422,0.00012558948564822536,0.0002323653536977499,9.418028618258907e-05,0.0,0.7999999946659088,0.1999999986674246,53.36352477322607,66.25094320087017,48.840847529049434,-0.007535693907726682,-0.014773653160494104,0.007237959252767422,159.25645521701017,7.87709545132143e-05,0.013170681131953188,159.25245822385193,0.00010387140225378585,0.006521436092498334,159.25579678926331,8.290568382991001e-05,0.0013846921868889694,159.2785357419144,-5.986834239763505e-05,-0.0046957285868245435,159.27003496124692,-6.498154201871202e-06,-0.0013641615985875433,159.21271428516613,0.0003535252513380497,0.0022671169731438567,159.27584916896978,159.20365083103025,0.00045331067526976167,0.9051339787623863,0.019356504727884423,0.00012153341031766648,25.178204342479713,26.527519392327637,17.041069654234096,329.15,1.0299255658511228,5.696957141703268e-05,7.104394695748403e-05,6.336699709733271e-05,0,0,0,0
63,2026-05-28 22:40:00,159.269,159.255,159.269,159.254,333,1780008298.434,USDJPY,-8.790160043703477e-05,4.395659600131552e-05,2.5117581679223733e-05,0.00018213105899778093,9.418856550824012e-05,0.9333333271108586,0.0,0.06666666622247487,47.643008747473125,51.944188236437626,45.51149726735795,-0.0067914806674025385,-0.013177218661875791,0.006385737994473253,159.25609141275763,-6.853193167994137e-06,0.011628010848966142,159.25279712733834,1.3832552403421871e-05,0.006585244613489749,159.25572435387573,-4.548369477317925e-06,0.0018951747153437282,159.27761277164325,-0.00014197080964336727,-0.004237072563824995,159.26973723924203,-9.253006564518204e-05,-0.0011985346362450855,159.2131350385476,0.0002629491683727489,0.0023142103366353695,159.2773031854593,159.2050968145407,0.000453400966491433,0.6911188688107572,0.019045325818750878,0.00011959012790022842,24.076889005073124,25.03516675543494,20.582935907454452,330.9,1.0063463281955256,7.126144704420845e-05,7.782357901725794e-05,6.634832570209342e-05,0,0,0,0
63,2026-05-28 22:45:00,159.255,159.252,159.278,159.245,362,1780008599.493,USDJPY,-1.883771310151605e-05,4.3957424094909214e-05,-1.883771310151605e-05,0.00021354369480852675,0.00020721874764516012,0.09090909063321732,0.6969696948578241,0.21212121147865545,46.49285779597696,49.283519557529964,44.82400242151048,-0.006370328064065234,-0.01181584054231368,0.005445512478248446,159.2550685595682,-1.9268206631953185e-05,0.01047100813670454,159.25269084369322,-4.3380346639451955e-06,0.006640545331691783,159.25538577625068,-2.1260042378874207e-05,0.002359249741232361,159.27660834922588,-0.00015450071093877336,-0.0037964030515240665,159.26938600678182,-0.00010916100838779622,-0.0010361874157069906,159.21352175458196,0.00024167699447889867,0.0023608351094139834,159.27764996403323,159.20815003596675,0.00043641478955666125,0.6309353864110491,0.020042088260267748,0.00012585140695418423,23.054239048909864,22.09078971604642,18.162184151288983,333.85,1.0843193050768056,7.126136677650632e-05,7.764620047397703e-05,6.523198120734809e-05,0,0,0,0
63,2026-05-28 22:50:00,159.252,159.25,159.254,159.24,380,1780008899.013,USDJPY,-1.2558711978583048e-05,-1.883794967749708e-05,-7.534754053073467e-05,0.00021982853374358235,8.791208791197227e-05,0.14285714183760476,0.14285714183557463,0.7142857091839635,45.700771286107035,47.39533282605979,44.354985186868944,-0.00612731302658176,-0.010678135039167296,0.004550822012585536,159.25380141967617,-2.3870197397344025e-05,0.007103256102539035,159.25233206453413,-1.4643832865097471e-05,0.005355139287473776,159.25489616022787,-3.074417393702132e-05,0.0018720452192724224,159.27556488455036,-0.00016050726028749848,-0.0037651715593085555,159.2690021254594,-0.00011930837266391633,-0.001075074793618569,159.2138847221981,0.00022683497651556587,0.0023074934665601177,159.27704922839072,159.2122507716093,0.0004068976877954909,0.582563693758669,0.019610510527390164,0.00012314292324891782,21.747876806435094,20.964312682969542,19.057219573159976,338.7,1.1219368172420663,6.756922210030606e-05,7.597814957983667e-05,6.509731561735977e-05,0,0,0,0
63,2026-05-28 22:55:00,159.25,159.264,159.267,159.24,382,1780009199.005,USDJPY,8.791208791225635e-05,-3.1393428727488626e-05,0.00013187392852431756,0.00030775994724119293,0.00016952983725127343,0.5185185165987033,0.11111111069912062,0.3703703689984723,51.880762215792785,59.93207969851189,48.328854643305206,-0.004750280583806443,-0.009492564148095127,0.004742283564288683,159.25635106475713,4.802907508394096e-05,0.004077442076919624,159.2538877892629,6.349741835180001e-05,0.0039744540491426505,159.25572378202534,5.19681037398428e-05,0.0012473138357051994,159.27511135966603,-6.976205868678669e-05,-0.0038135962040541926,159.26890307347009,-3.078487624048774e-05,-0.0011527960848525254,159.21438338167872,0.0003116340199135832,0.0022347820888057868,159.27750986682503,159.21669013317495,0.00038187998323587234,0.7778703376023796,0.02013833120400421,0.00012644622264921268,21.303605527990673,23.567605272911806,17.23218209589956,342.7,1.1146775605482595,6.279090663876573e-05,7.014113909834493e-05,6.724853638445008e-05,0,0,0,0
63,2026-05-28 23:00:00,159.264,159.252,159.266,159.236,445,1780009499.093,USDJPY,-7.534659433394708e-05,-0.00010673765767343912,0.00013188386683515851,0.0002323901642433679,0.0001883806796774994,0.39999999866666663,0.06666666644381285,0.5333333315561871,46.948421535494425,48.39789175189531,45.410196534191755,-0.0045745397173959645,-0.008508959261955294,0.00393441954455933,159.25526329856785,-2.0490993517286357e-05,-0.0011919184423163642,159.25363608402785,-1.0273448494283696e-05,0.0011778601759147023,159.25538525638666,-2.1256778106438105e-05,-0.000411532876654519,159.274205031836,-0.00013941386071621818,-0.0043307100783920305,159.26856835914396,-0.00010402780231304082,-0.001466602102965453,159.2147576763884,0.00023391251009104787,0.002043391222258606,159.2755918843237,159.22230811567627,0.00033458775178596265,0.5572406949006958,0.020842736118003993,0.0001308789598749403,20.593196929134198,21.144602313359155,16.831338565935518,349.35,1.2737941892081655,6.958187595353075e-05,7.013974544291294e-05,7.020160901570371e-05,0,0,0,0
63,2026-05-28 23:05:00,159.252,159.252,159.266,159.252,344,1780009799.05,USDJPY,0.0,-1.883771310151605e-05,2.5118054858053185e-05,0.00023867247855102747,8.791098384938074e-05,0.0,0.9999999928571429,0.0,46.948421535494425,48.39789175189531,45.410196534191755,-0.0043847194976365245,-0.007684111309091541,0.0032993918114550165,159.2544474739259,-1.5368323866020945e-05,-0.0016439388317337489,159.2534179394908,-8.903667557811927e-06,0.0006208121524480248,159.25507750580604,-1.9324381076142667e-05,-0.0006468480696923962,159.2733342462738,-0.00013394738281053255,-0.004278525369443287,159.26824027282427,-0.00010196805588134324,-0.001496966417761314,159.2151282467726,0.00023158448341835576,0.001993208225002263,159.27213168227183,159.22956831772814,0.00026727051807007773,0.5270185395269096,0.020353969252430965,0.00012780981873025747,19.933531801624614,20.105758142421536,16.004407054092777,352.25,0.976579134137409,5.8837284871133125e-05,6.196273513275902e-05,7.013132715521009e-05,0,0,0,0
63,2026-05-28 23:10:00,159.252,159.255,159.257,159.25,329,1780010099.093,USDJPY,1.883806796776355e-05,1.883806796776355e-05,6.279632013561631e-05,0.00019469426719598282,4.395466390383349e-05,0.4285714224466596,0.2857142816338132,0.2857142816338132,48.37155342805544,51.569504643961565,46.303990342389284,-0.003946715399564482,-0.0069366321271861296,0.0029899167276216474,159.25458560544442,2.6020886871255313e-06,-0.0004829541237825197,159.25362888089202,8.609656920267995e-06,0.0009380371988072511,159.25507045982366,-4.4243378535765563e-07,-0.0003153164270202069,159.27261525622387,-0.00011059814768244406,-0.003993093002009118,159.267978089204,-8.148586652329322e-05,-0.0014079175778078934,159.21552498063556,0.00024793448609507413,0.0020032260536027025,159.2697942519334,159.23500574806664,0.00021844528502567664,0.5747373314028273,0.019400114305829108,0.00012181792914400872,19.15790428691371,19.587571552758128,16.32829745286442,349.95,0.9401343049004315,5.883709046828219e-05,6.166491323240198e-05,6.913468465075019e-05,0,0,0,0
63,2026-05-28 23:15:00,159.255,159.253,159.257,159.243,333,1780010399.024,USDJPY,-1.255847540115873e-05,1.883830455251534e-05,0.0,3.13975685721779e-05,8.791043182866261e-05,0.14285714183731474,0.14285714183731474,0.7142857091825134,47.4575546357174,49.21672646362065,45.77931203019309,-0.003718117141545463,-0.0062929291300579965,0.0025748119885125337,159.25418920408333,-7.467333131324582e-06,0.0003877844071666914,159.25354503010644,-3.422404859799593e-06,0.001212965572307212,159.25488223620331,-1.1819017269042756e-05,-1.3924024557354642e-05,159.27184603048963,-0.0001183261885847247,-0.003718854060736021,159.26768149337818,-9.21812463177066e-05,-0.0013206320812173544,159.21589786640038,0.00023303033237758776,0.00201314420229437,159.2699274419496,159.2353725580504,0.0002169810546690139,0.5101288127607508,0.019014391855413457,0.0001193973856405434,17.87878168175798,18.55742703371607,18.09915096231143,349.0,0.9541547277934229,5.883707405542489e-05,5.98623769938324e-05,6.073964388832433e-05,0,0,0,0
63,2026-05-28 23:20:00,159.253,159.24,159.255,159.238,344,1780010699.294,USDJPY,-8.163111526926503e-05,-0.00015069318866789416,-0.00018208188661950064,-3.1398160067808156e-05,0.00010675709620695746,0.7647058778534911,0.11764705813207796,0.11764705813207796,41.91372487575537,36.565780119806654,42.49309870887058,-0.004533681273954926,-0.005941079558837383,0.0014073982848824568,159.2506419030625,-6.682486761321726e-05,-0.005709161694625209,159.25173902609225,-7.371364459838059e-05,-0.002148763170652046,159.25352930563938,-8.495451057414835e-05,-0.0021944763859664818,159.27059716654887,-0.0001921080669827783,-0.004514193117159948,159.26713334499445,-0.0001703637431312634,-0.0017697284756366116,159.21613768862525,0.00014987369823920335,0.0017543069465375538,159.27024824922287,159.23455175077717,0.0002241679128717798,0.15262699269683225,0.018870506722883634,0.0001185035589229065,16.890636701731875,17.36328747658328,18.82709883683062,351.35,0.9790806887716011,4.558330799566874e-05,5.32349961266719e-05,6.341415913065516e-05,0,0,0,0
63,2026-05-28 23:25:00,159.24,159.242,159.243,159.236,351,1780010999.995,USDJPY,1.255965837709816e-05,-6.279355989258217e-05,-0.00016952451512863842,-4.395631997688998e-05,4.395825221992315e-05,0.285714281629753,0.1428571408169066,0.5714285632676264,43.01659470153804,39.36333755413522,43.152295920794934,-0.004961445978580059,-0.005745152842785919,0.00078370686420586,159.24848142729687,-4.070008855836461e-05,-0.006781871270987949,159.25044048927995,-5.300135593992737e-05,-0.0031955947478934377,159.2524811869449,-6.581490515426944e-05,-0.0029040694417687973,159.26947570903715,-0.0001725108274190371,-0.004729322798851854,159.26663565499456,-0.0001546818320940416,-0.0019327041493966135,159.21639502505687,0.00016081870801742303,0.0016373486684813088,159.27041817901483,159.23368182098517,0.0002306951559868434,0.22642905933853288,0.01802261338553516,0.00011317751212327878,16.124073048362813,16.88157910540634,19.09743503964074,354.1,0.9912454109005955,4.045184934807327e-05,5.38568437151246e-05,6.31978052349619e-05,0,0,0,0
63,2026-05-28 23:30:00,159.24,159.226,159.279,159.226,355,1780011299.2,USDJPY,-0.00010047600507401278,-0.00016326325572058042,-0.00018209789331569137,-0.00015698488549531486,0.0003328602112720113,0.26415094289803076,0.7358490552151767,0.0,36.969234283670275,27.885302534782653,39.36216940302344,-0.0065164018471364216,-0.00589940264365602,-0.0006169992034804018,159.24286107047266,-0.00010588274010723572,-0.011586403453236471,159.24718175737596,-0.0001330118193754156,-0.0062361821148329,159.25007380631354,-0.00015116982829670598,-0.00500369949250512,159.267770779271,-0.00026226762054000594,-0.005563467002815514,159.26583098855903,-0.00025009123621684743,-0.0024092842652407853,159.21649059694687,5.9726244545879495e-05,0.0013623501742756616,159.27240185177988,159.22919814822012,0.00027133573386101866,-0.07402486243560015,0.020520998143711024,0.00012887969391751992,16.80166348039247,26.297983736646803,15.574339713392124,356.4,0.9960718294048834,5.4995727715411054e-05,5.5808827990190596e-05,6.676262071333522e-05,0,0,0,0
63,2026-05-28 23:35:00,159.226,159.269,159.275,159.226,404,1780011599.047,USDJPY,0.0002700563978246251,8.790932780766703e-05,0.00010674905181717875,8.790932780766703e-05,0.00030765560152952925,0.8775510186172546,0.12244897934192901,0.0,55.19809308799655,62.327685717998584,51.406124077539566,-0.004230211694562058,-0.0055655644538372285,0.0013353527592751702,159.2493958028545,0.00012310374583629054,-0.0051898025899106415,159.2500908563925,0.00011873866762542515,-0.003538024499533776,159.25179436937594,0.0001080404192128251,-0.0032760904477129316,159.26781898400546,7.4152832761871425e-06,-0.004796272218413833,159.26589374126084,1.9503602850540426e-05,-0.002084347943167586,159.2170130785693,0.0003265161205169486,0.0014880979337306144,159.2744651910578,159.22853480894224,0.00028838243547430587,0.8810114156650019,0.02255521256201785,0.00014161709159985842,17.430854595848583,22.217200067453053,13.157595076337678,362.25,1.1152518978602857,0.00014870938790621983,0.00010686580349542647,9.114243787804325e-05,0,0,0,0
63,2026-05-28 23:40:00,159.269,159.267,159.27,159.255,370,1780011899.093,USDJPY,-1.2557371491084268e-05,8.791043182876379e-05,0.00010675039246454965,3.1394808554408016e-05,9.418146885428105e-05,0.13333333244494974,0.06666666622247487,0.7999999946659088,54.40990281390953,60.75317112696466,50.912269872251514,-0.0025503736925145404,-0.004962526301572691,0.002412152609058151,159.25379685214088,8.290633014781037e-05,-0.0003923519424517963,159.2523454088735,9.202119497117335e-05,-0.0011996212329279388,159.2531766994327,8.68007838449562e-05,-0.0017055367706291236,159.26778686698563,-4.940528157725808e-06,-0.004059163503995933,159.26591564737447,6.8084412230836835e-06,-0.0017658460037068835,159.2175104608721,0.0003108297509780908,0.001612594471708917,159.2752691411476,159.22823085885238,0.000295342301262689,0.8242040136985004,0.022015554521874776,0.00013823048416730885,18.015103488772116,21.135958034426565,12.517255843361161,360.55,1.0262099570098389,0.0001487093319567827,0.000106865771108213,9.072664233453148e-05,0,0,0,0
63,2026-05-28 23:45:00,159.267,159.266,159.279,159.252,345,1780012199.594,USDJPY,-6.278764590361696e-06,0.00016327555890471857,1.2557765722176484e-05,0.00014443335028846427,0.0001695277083620284,0.03703703690005776,0.4444444427985878,0.5185185165976507,53.99474503531135,59.87090760367185,50.65677584950655,-0.0012849692897987097,-0.004227014899217895,0.002942045609419185,159.25684763910564,5.7469182832802705e-05,0.006205736043142451,159.2541660210237,7.430875607186312e-05,0.0024269949314543737,159.2543424540297,7.32008043902802e-05,0.0008131483903355274,159.2677167937705,-1.077929542194216e-05,-0.0028803727783781596,159.26591731772348,5.191460791229988e-07,-0.0012160272709706987,159.2179929438485,0.00030151778240563296,0.0018552552232335984,159.2768407602286,159.22895923977143,0.0003006386828147089,0.7735919786494578,0.02237158634173992,0.0001404668061088991,19.011699614803263,22.187448489578877,11.438189673673714,355.95,0.9692372524228209,0.00013968456191527858,0.00010339685511894005,8.620893116966999e-05,0,0,0,0
63,2026-05-28 23:50:00,159.266,159.255,159.266,159.225,401,1780012499.093,USDJPY,-6.906684414753617e-05,8.163675412276028e-05,1.883806796776355e-05,0.00015072441924002256,0.0002574487457222493,0.26829268227237235,0.0,0.7317073152886032,49.51881923571224,50.46575910017796,47.881488769564726,-0.0011564049368075757,-0.003612892906735831,0.002456487969928255,159.25638572932922,-8.701248134465097e-06,0.007904302032358146,159.25427721822055,4.538539196997523e-06,0.0038367289405982774,159.25440223093608,3.7535481314280476e-06,0.0019210439911887534,159.26721809597558,-7.67144433214188e-05,-0.002257613061573238,159.2657011332141,-6.719044425734689e-05,-0.0009345217804650474,159.21836117326293,0.00023011684373004104,0.0019661482060655544,159.27583384458222,159.23236615541782,0.0002729439525566023,0.5207050332144086,0.0237021873173297,0.00014883166818831247,17.89767443067379,19.446033663616035,18.161602380307666,359.3,1.1160590036178357,0.0001471894910331964,0.00010289775439750254,8.590275361232003e-05,0,0,0,0
63,2026-05-28 23:55:00,159.255,159.274,159.279,159.253,440,1780012799.912,USDJPY,0.00011930551631045283,0.00030145830454819666,0.00013814583176352535,0.0001632673565759024,0.00016324070469763086,0.7307692279584957,0.19230769156779506,0.07692307662755528,56.262956559091805,62.37604042941893,52.59204118620726,0.0004731700398679095,-0.002795680317415083,0.0032688503572829925,159.2607892969969,8.295012891378202e-05,0.017928226524247748,159.25690692245783,0.00010733021174707071,0.00972516508187482,159.25618384630553,0.00011187103234661517,0.006110039991995109,159.26748405299614,4.0911972978075606e-05,-0.0002867262748509347,159.26586546720986,5.1075180273403845e-05,3.447865083217039e-05,159.21891479342946,0.0003459714986878665,0.0024241964825932882,159.27858102673147,159.23221897326854,0.00029108362609671725,0.9011901656760278,0.023866316794664038,0.0001498443989267805,17.5591091448427,21.823571883158486,16.74836838927929,365.2,1.2048192771081039,0.0001359743596103711,0.00010936753851357488,8.670726138916568e-05,0,0,0,0
63,2026-05-29 00:00:00,159.274,159.29,159.302,159.263,578,1780013099.794,USDJPY,0.00010045581827533567,0.00013185240065549664,0.00021977331951905654,0.00028258344061038443,0.00024483646179915416,0.4102564092043773,0.30769230690346516,0.28205128132805496,60.989362434069065,69.56549470747214,56.10034074831765,0.0030208635966175734,-0.0016323715346085515,0.004653235131226125,159.26809197274767,0.0001375544026487839,0.01869616989316114,159.26131933279677,0.00018008558087658806,0.011228476404284038,159.25925804209592,0.000193030899942683,0.007463672719978831,159.26836703131002,0.00013582715195239285,0.0005480473045622603,159.26634337875026,0.00014853496820398736,0.00044963748942450366,159.21962210891772,0.00044201769951526375,0.0026090303484238575,159.28475922352865,159.23054077647132,0.0003403757113273744,1.0966603922855085,0.02494729416647284,0.0001566155701329201,18.244693973553844,25.971976821781595,14.878178829919872,376.55,1.5349887133178768,8.033553377674803e-05,0.00011277603688984673,8.882904028514454e-05,0,0,0,0
63,2026-05-29 00:05:00,159.29,159.306,159.307,159.278,505,1780013399.094,USDJPY,0.00010044572791767514,0.0002448718190208865,0.000332803777637114,0.000332803777637114,0.00018203959675088422,0.5517241360292809,0.03448275850097251,0.4137931020214707,65.05602871377238,75.11355403086313,59.265510383215215,0.006258847282452962,-5.412777119624874e-05,0.00631297505364921,159.27756897956075,0.0001784998391261561,0.023772127419874778,159.26727675509053,0.00024313371646972096,0.01493134621702552,159.2635073109963,0.0002668074420887052,0.010330611563603043,159.26984283400375,0.00022701828138263456,0.0020559670181228284,159.26712865837897,0.000244063806188305,0.0012130110044950015,159.22048159042103,0.0005371068390495678,0.0029711295489391887,159.29450584745817,159.22609415254183,0.0004294357708833023,1.1680144372844217,0.025236773154581664,0.00015841696580531594,19.070533527057666,25.255371373847147,13.65698131269605,386.15,1.307781950019084,8.251173771292541e-05,0.00011457781461854433,9.05950813768355e-05,0,0,0,0
63,2026-05-29 00:10:00,159.306,159.291,159.313,159.289,406,1780013699.716,USDJPY,-9.415841211257714e-05,0.00015697010033521863,0.00032027128862077703,0.00013813108640103877,0.00015066764600637142,0.6249999973964254,0.291666665450402,0.08333333298650586,58.86105473942556,62.6267141803519,55.33797860235627,0.007527821996063722,0.0014622621822557454,0.006065559813807976,159.28092673467057,6.324213159686363e-05,0.02407909556492882,159.2704398544118,0.00012908952600997387,0.016273833388083858,159.26600664636024,0.00015692836259311664,0.011664192330528067,159.2706725267879,0.00012762847603768872,0.002955733017415696,159.26760135821303,0.00014691400879669305,0.001684040489550398,159.22118326613824,0.0004384889775945069,0.0031903222897540218,159.29798633625185,159.22481366374817,0.00045936476325522386,0.9045226024516705,0.025148432214968753,0.0001578772951074998,20.062450386598222,25.237963549204977,12.726029921193899,387.3,1.0482829847660604,0.00010382906618351074,0.00011603304327933936,9.156460391034218e-05,0,0,0,0
63,2026-05-29 00:15:00,159.291,159.264,159.296,159.262,457,1780013999.022,USDJPY,-0.00016950110175706357,5.651313930488122e-05,0.00013815450697696186,-3.1393428727488626e-05,0.00021348201727943423,0.7941176447229866,0.14705882309678747,0.058823529239049356,49.688951066887846,46.42100437184731,49.17836374090394,0.006282399654907067,0.00242628967678601,0.003856109978121057,159.27669505100295,-7.970438486855117e-05,0.02030932167372157,159.26958120715688,-3.504251794073582e-05,0.015303988936324231,159.26582422396388,-1.1453957386990986e-05,0.011421993027795452,159.27041085907072,-4.025141290295755e-05,0.0031927630951429364,159.267530044189,-2.216424269276973e-05,0.0018289109748934607,159.2216093032911,0.0002662370823558213,0.0032481300281688164,159.29759324354845,159.22470675645152,0.00045764571464312865,0.5391018974796177,0.025780687056756117,0.00016187391410963002,19.28668336918116,22.860517321492853,19.007905568447388,393.2,1.1622583926751877,0.00013357715646912069,0.00013253660417235377,9.971910097713336e-05,0,0,0,0
63,2026-05-29 00:20:00,159.264,159.272,159.274,159.247,397,1780014299.896,USDJPY,5.0231062889150024e-05,-1.2556977284527981e-05,0.0002888975418586792,0.0001067470409092941,0.00016952132201508623,0.29629629519835676,0.07407407380011552,0.629629627297824,52.07204269422405,50.820152834227166,50.879384406348045,0.0058732237505125795,0.003115676491531324,0.0027575472589812557,159.2755212882522,-2.2108157133846427e-05,0.014731991255303,159.2699037128693,1.3161853443841603e-05,0.012996790411477832,159.26638565814898,3.5251266786861705e-05,0.010201811843444375,159.27047317832285,9.58634483013404e-06,0.0029891253267066986,159.26761855816542,2.750993500268506e-05,0.0017530909555603102,159.22211070325835,0.00031333146207701047,0.0031959098288893983,159.29862239752302,159.22537760247698,0.00045987238840497306,0.6365284718190927,0.02586778083841545,0.00016241260760469796,18.005085705523665,21.15615231144538,21.732714240160405,396.4,1.0015136226031782,0.00012274864638862809,0.00012652787893792678,9.819659845459041e-05,0,0,0,0
63,2026-05-29 00:25:00,159.272,159.276,159.287,159.254,576,1780014599.008,USDJPY,2.5114269928350197e-05,-8.789001192777146e-05,4.3950800218572894e-05,0.0001507045437421084,0.00020718752354413383,0.12121212084533373,0.3333333323229452,0.545454543801418,53.26406127947051,53.0679660520679,51.727624738917186,0.0058048013325446846,0.0036535014597339965,0.002151299872810688,159.27564096618914,2.254166479498045e-06,0.0075489934414747495,159.27071655115338,3.317275743484909e-05,0.009397218356610892,159.26725968922634,5.487826431326491e-05,0.008001647130413403,159.27068991642784,3.333999227953133e-05,0.002322885117820306,159.26778452731068,5.1582764924569894e-05,0.0014411485604171048,159.22264691516625,0.0003350847751085661,0.003024806248532741,159.30000543438592,159.2263945656141,0.00046215920020481975,0.6738873640017342,0.026377225064244024,0.00016560702845528532,17.221517205556463,22.785932147910486,19.790617904674892,407.1,1.4148857774499104,0.00011101293567315788,9.424475611047291e-05,9.811877658927695e-05,0,0,0,0
63,2026-05-29 00:30:00,159.276,159.303,159.305,159.276,449,1780014899.093,USDJPY,0.0001695170647177946,-1.8831682422559837e-05,0.00022603552525013448,0.00033281004709584394,0.0001820430249273169,0.9310344795478189,0.06896551700390513,0.0,60.41988474157472,65.48949220336885,56.9914664861892,0.007838888596722882,0.004490578887131774,0.003348309709591108,159.28248072464186,0.00012882317794643425,0.004911745081102481,159.2750210109996,0.00017566463857792282,0.007744255909074127,159.27050880838758,0.0002040000490706735,0.007001497391286193,159.27195697852872,0.00019490575780054968,0.0021141445249668323,159.26848186340354,0.00021672923727662001,0.00135320502457148,159.22344644834868,0.0004996346544798746,0.00296485792765111,159.30595623393364,159.22574376606636,0.0005035213892223247,0.9631449560328847,0.02656456613108348,0.00016675496463395843,17.22275141336751,25.849110266163677,18.247402360642507,410.55,1.0936548532453798,0.00013173428294816376,0.00010728985497023579,0.00010440152579645625,0,0,0,0
63,2026-05-29 00:35:00,159.303,159.293,159.303,159.288,349,1780015199.04,USDJPY,-6.277345687144553e-05,1.255563716728858e-05,0.00016952770836220488,0.00018208760297366844,9.416609643855258e-05,0.6666666622222223,0.0,0.33333333111111113,56.942399234232354,58.768502475693246,54.672990921982525,0.008545493848174601,0.005301561879340339,0.003243931968834262,159.28511054348138,4.9530408031907024e-05,0.004183808810807932,159.277418209533,9.782799496723215e-05,0.006978355121219693,159.27255346217052,0.0001283745214415861,0.006546815810281714,159.27278219505703,0.00012693822927142142,0.002109668269127951,159.2689673710589,0.00015089335567250857,0.0013660128458639065,159.2241385234895,0.00043248138849466604,0.002955257351260343,159.30909521504122,159.2255047849588,0.0005247589666993412,0.8074514617751054,0.02573852569314797,0.00016157976617395598,17.223897463477773,24.773078343615634,17.48780997075156,408.9,0.8535094155048047,0.00012701315001834016,0.000110421527102486,0.00010442481357937214,0,0,0,0
63,2026-05-29 00:40:00,159.293,159.276,159.293,159.267,399,1780015499.017,USDJPY,-0.00010672157596380849,7.534659433394708e-05,0.00013186399171138952,0.0001507045437421084,0.00016323865491354916,0.6538461513309405,0.0,0.3461538448229056,51.51431057045207,48.8295608833287,50.97164591031434,0.007645592049755123,0.005770367913423296,0.001875224136331827,159.28283290761104,-4.2897953824004954e-05,0.006137856608091852,159.27722911492862,-7.716827668560103e-06,0.007647907771740847,159.2728667837914,1.967200234348545e-05,0.007042559827510786,159.2729083834862,1.9410812203981072e-05,0.0024975244154745724,159.26910663103791,4.3281268463854664e-05,0.0015765868489268087,159.22465455808165,0.00032247168041195373,0.003045254790549734,159.3098448908614,159.22715510913858,0.0005191603362893344,0.5907004442954258,0.025757202429352432,0.00016171427226545387,16.14212623632118,22.98689268849667,22.0505197195368,406.6,0.9813084112147119,0.000107335775949784,0.00011425639815012092,0.00010598436659138428,0,0,0,0
63,2026-05-29 00:45:00,159.276,159.286,159.293,159.276,440,1780015799.007,USDJPY,6.278409804361118e-05,8.789994474867058e-05,7.534186370650175e-05,0.0002134981036343575,0.00010672626596182908,0.588235290657046,0.41176470346060096,0.0,54.275498177125684,54.15093580209067,52.93945979923115,0.00765113232679937,0.006146520796098511,0.0015046115307008594,159.28362468070827,1.4912514054669341e-05,0.008103392456064284,159.27839856627148,4.772419736102285e-05,0.008494853402169156,159.27406071253762,7.496065215497378e-05,0.007675054388641911,159.27342178021223,7.897249677430129e-05,0.002948601889386282,159.2694411531956,0.0001039675074170274,0.001822595030176899,159.22526496048883,0.0003814409699757353,0.003154257230477242,159.31148728618285,159.22891271381712,0.0005184044571759551,0.6913421950391614,0.025131687970112677,0.000157777130256976,15.137624382532914,21.876236872594134,20.985106559869816,411.4,1.0695187165772801,0.0001085041555349329,0.00010973224682296379,0.00010667683539708099,0,0,0,0
63,2026-05-29 00:50:00,159.286,159.306,159.315,159.275,674,1780016099.922,USDJPY,0.00012556031289645553,0.0001883522941310556,0.00010044572791767514,0.0003202411227278823,0.00025108909896671836,0.4999999987503553,0.224999999437198,0.2749999993124467,59.27122177190303,63.10381895497297,56.5976730340365,0.009163722203936686,0.006749961077666146,0.0024137611262705404,159.2892185105312,0.00010535232469414359,0.013577544342069814,159.2820787574353,0.00015018163217934787,0.011362206281916087,159.27696428412509,0.0001822970195685722,0.009704594898749974,159.27469935745884,0.0001965198657881051,0.00400944103100187,159.27016509075608,0.00022499448797275723,0.0023805634453992752,159.2260682942153,0.0005020013785494314,0.0034213790490582596,159.31620975149895,159.22929024850106,0.0005456134922594683,0.882537851287117,0.026193710257961206,0.00016442387768170191,15.154528458569912,25.489292155296823,18.69610485971248,428.65,1.5723783972934628,0.00011903454191935635,0.00011235012139702558,0.00010973187708423647,0,0,0,0
63,2026-05-29 00:55:00,159.306,159.292,159.324,159.29,651,1780016399.341,USDJPY,-8.788118463842753e-05,-6.905080255859009e-05,-8.788118463842753e-05,0.0002448933458083502,0.0002134444918766808,0.4117647046713294,0.5294117631484939,0.05882352923900019,54.76094611775013,54.42474010554748,53.53875582928441,0.009127560743536378,0.007225481010840192,0.001902079732696186,159.28991388289842,1.3096354004669745e-05,0.007433158256560546,159.28340158977727,5.3981834496955435e-05,0.008380578777661185,159.27833116738643,8.581727667155669e-05,0.007822358998851087,159.2753778140291,0.000104361303040265,0.0034208355003784163,159.27059746519654,0.00013437844237467375,0.0021156017930081816,159.22672433108877,0.00040995422838376906,0.0032778827400932187,159.31793933394897,159.23146066605102,0.0005428939802246811,0.7000493341365526,0.026751302382393993,0.00016793876894253317,15.511392008241746,25.578377448747286,16.998810820010593,444.55,1.4644022044761074,0.00010223412022948853,0.0001112930560785854,0.00011203264597830482,0,0,0,0
63,2026-05-29 01:00:00,159.292,159.299,159.319,159.278,602,1780016699.005,USDJPY,4.39444542099654e-05,3.7666438575501004e-05,5.0222548668932276e-05,0.00037050992213005784,0.0002573776357666829,0.17073170690078962,0.4878048768586067,0.34146341380157924,56.54163196545215,57.8096557780519,54.82069665766396,0.009553615887199385,0.007691107986112031,0.0018625079010873534,159.2921854121738,4.278042773137761e-05,0.007074868692427572,159.28548137780697,8.487039795527844e-05,0.008063168273963583,159.28021015216947,0.0001179672466063538,0.00765668999895297,159.27630417426326,0.00014249342269968634,0.0035219792062264332,159.27115989162832,0.00017479692111638115,0.0021925205694230954,159.22744349197347,0.00044939808400641207,0.00330496848397388,159.31902765097675,159.23627234902324,0.0005194966820476693,0.7579895114902363,0.02776906649793705,0.00017432040689481447,15.199380270140193,22.880839690638773,18.29277055862076,457.45,1.3159908186684193,0.00010058193064869055,0.00010804281687070867,0.00010999463496454444,0,0,0,0
63,2026-05-29 01:05:00,159.299,159.277,159.31,159.263,534,1780016999.993,USDJPY,-0.00013810507285050289,6.2784098042723e-06,8.16254771949243e-05,0.0002197912610995001,0.0002950834081505619,0.46808510538750325,0.23404255269344929,0.29787233979138783,49.89447985420701,45.436174869844585,50.24570768699024,0.008023560904177884,0.007757598569725202,0.00026596233445268236,159.28838905913034,-7.149961900941694e-05,0.005556151519300556,159.2843505274327,-4.614720409369038e-05,0.00712141250409104,159.27991832015405,-1.8321959132351347e-05,0.007051536362666866,159.27633146154704,4.197349642644821e-06,0.0034230780608481837,159.27127553733865,3.594158860109061e-05,0.0021689063007386267,159.22793659155582,0.00030813316742290425,0.0032820334741643364,159.31742315084728,159.2413768491527,0.00047744684853801337,0.4684402792330768,0.02914270460522705,0.0001829686935667237,14.181929302544717,20.24504289094584,19.861993928380826,466.6,1.1444492070293304,0.00011003013153841913,0.00010273341371773957,0.00011544898052811277,0,0,0,0
63,2026-05-29 01:10:00,159.277,159.262,159.287,159.255,539,1780017299.012,USDJPY,-9.417555579260828e-05,-0.0001506723754756134,-6.278567482032038e-05,0.000226093728411092,0.00020092677474859469,0.4687499985345734,0.3124999990239371,0.2187499993164895,45.92974142969473,38.825784374681824,47.413005828272176,0.00553678208947872,0.007313435273675907,-0.0017766531841971866,159.28179179434775,-0.00012425647730851175,-0.0018328863605177048,159.28137045710835,-0.00012161156733371793,0.0029718908368749908,159.27828938195822,-0.00010226994539823166,0.004228669420598408,159.27576944344716,-8.645033387861807e-05,0.002347663234928632,159.27109186333195,-5.7084202949695994e-05,0.0016507101363458787,159.22827553094334,0.0002117994994558058,0.003010570454506478,159.31158157336873,159.2508184266313,0.00038152947179759765,0.18401899754498488,0.029346797133425882,0.00018426741553808116,13.461387279019007,18.668230827252444,20.26217435776966,475.8,1.1328289197139276,0.00011047867123043229,0.00010625267266503427,0.00011513697888698098,0,0,0,0
63,2026-05-29 01:15:00,159.262,159.26,159.275,159.255,537,1780017599.593,USDJPY,-1.2557923421807615e-05,-0.000288752463811881,-0.00010045455686991112,-5.650817170954614e-05,0.00012558081125210494,0.09999999950042632,0.6499999967499289,0.2499999987496447,45.41159534646343,37.96654928251553,47.041715966220764,0.003365809717990942,0.006523910162538915,-0.0031581004445479727,159.2763438457608,-0.00010261313994400905,-0.012874664770407662,159.27852106282725,-0.00011628098191567078,-0.003557694608048223,159.27662671087108,-0.00010438889380345722,-0.0003375732540007448,159.27515103390022,-9.512490681612705e-05,0.0004516764413722285,159.27087222247388,-6.826246583685445e-05,0.0007071317178031222,159.22859119730214,0.00019725604843752467,0.002522903086827455,159.31209246321458,159.24940753678538,0.00039360119571266546,0.16897943095894044,0.028679168766753336,0.00018007766398815358,12.792312542887993,17.738325870846623,19.25287162645016,482.45,1.113068711783374,7.258741765966722e-05,0.00010568246153956405,9.773763494306987e-05,0,0,0,0
63,2026-05-29 01:20:00,159.26,159.276,159.281,159.255,443,1780017899.036,USDJPY,0.00010046464900170804,-0.00010044446676538143,-0.00016948833355290294,5.6508881312700154e-05,0.00016323865491354916,0.615384613018256,0.19230769156779506,0.19230769156779506,50.24719624229352,48.58615977118962,50.31031135454455,0.0029029019087545294,0.0057997085117820375,-0.002896806603027508,159.27625788432061,-1.619100825379159e-06,-0.01365599857780353,159.27818492111697,-1.3717641986225969e-05,-0.005216668660295909,159.2765697371555,-3.5770305478186368e-06,-0.0017614302309141294,159.27518432668847,5.121157542424338e-06,-0.0001934873406241877,159.27097376262293,3.155777388899326e-05,0.0003762974263850083,159.22906292668225,0.0002947770492085134,0.002338595593471382,159.31199350581468,159.25040649418534,0.00038666849763518805,0.4155666121153167,0.028487799569128842,0.00017885808011959642,11.896112760613585,18.08635337098251,17.99776124371244,486.1,0.9113351162310407,9.760480753017747e-05,9.428834991233977e-05,0.00010037683678787094,0,0,0,0
63,2026-05-29 01:25:00,159.276,159.277,159.278,159.26,426,1780018199.024,USDJPY,6.2784098042723e-06,-0.00013810507285050289,-0.00010044383620133601,6.906684414742514e-05,0.00011301066695129041,0.05555555524559776,0.055555555247176744,0.8888888839516699,50.54207982683622,49.220032219813596,50.51076194637836,0.002586915426803671,0.005157149894786364,-0.0025702344679826928,159.27644341324046,3.4944700396489454e-06,-0.015741998933350487,159.2780269316347,-6.447415594663312e-06,-0.007454446172260987,159.27660885195957,2.4557783044266076e-06,-0.0036013002099082314,159.27525552956345,1.0952551485379906e-05,-0.0010486446998072552,159.27109309405614,3.708711875517433e-05,-6.679757217398219e-05,159.22953991248642,0.00029806082175238993,0.002096420512941677,159.3118224126129,159.25167758738712,0.00037761148957973225,0.4210239613416432,0.02773867102847683,0.00017415365073724916,11.063927248501631,17.24803336344945,17.16354756713936,490.15,0.8691216974393821,9.27607661858962e-05,9.308004624360219e-05,0.00010035613212413989,0,0,0,0
63,2026-05-29 01:30:00,159.277,159.282,159.286,159.274,439,1780018499.023,USDJPY,3.1391851931017456e-05,3.1391851931017456e-05,3.7670458826299935e-05,0.0001695394179148657,7.533807963235301e-05,0.4166666631964182,0.3333333305547661,0.24999999791548244,52.07168685025881,52.62701088746285,51.537144752891884,0.0027087275514645626,0.004667465426122004,-0.0019587378746574414,159.27783255993035,2.6164595554104553e-05,-0.010556499199992686,159.2785566740834,2.16182641813625e-05,-0.005793853349302935,159.27709895632688,3.077054834149902e-05,-0.002819363827171628,159.2755200186002,4.068410135508528e-05,-0.0008114429468548678,159.27130907239166,6.712400162098318e-05,3.3535053006517046e-05,159.23006190340695,0.00032618273190504216,0.002125311851131073,159.31055833207535,159.25564166792464,0.0003447763347441013,0.4799696491950446,0.02661448024072852,0.00016709031931246793,10.722729866339995,18.839604123522445,16.610780349168582,492.05,0.892185753480156,7.061787887204393e-05,8.72015887641441e-05,9.904054428987932e-05,0,0,0,0
63,2026-05-29 01:35:00,159.282,159.277,159.288,159.272,428,1780018799.414,USDJPY,-3.139086651360312e-05,9.418442566322405e-05,-5.6502140803438294e-05,1.8835465926514416e-05,0.00010045392617904377,0.31249999804798523,0.3749999976558059,0.31249999804620887,50.3932647161965,48.80666311580657,50.43876543165515,0.002374435312361811,0.004208859403369966,-0.0018344240910081544,159.27762441994776,-3.920324339612526e-06,-0.004167374399997925,159.27834911753894,-8.470187859335598e-06,-0.0030213395694147493,159.27708996029716,-5.648037467074142e-07,-0.0011994216610560215,159.27557805708645,8.927563979886417e-06,-0.0001913863607114763,159.27142176402745,3.502345813676586e-05,0.00032990069550464796,159.2305289491442,0.0002918476196899897,0.0022534182008655534,159.31054010810462,159.2559598918954,0.0003426748131193912,0.38548964308579947,0.025856303080677878,0.00016233544755788897,10.405903725761334,18.0068873939106,15.876578367111529,491.45,0.8708922576048691,5.1202771817495625e-05,8.518206657641905e-05,9.584630388511372e-05,0,0,0,0
63,2026-05-29 01:40:00,159.277,159.291,159.296,159.276,393,1780019099.296,USDJPY,8.789718540658242e-05,0.00019465025744080933,-9.415841211257714e-05,6.2778579947853075e-06,0.00012555637167185722,0.6999999965011369,0.24999999874999998,0.04999999974886313,54.78766120811542,58.61950311706698,53.361085357995,0.0032022754633658224,0.004007542615369137,-0.0008052671520033146,159.28096831496083,6.298106512844546e-05,0.00462446920002435,159.28003590186708,6.883535699145276e-05,0.0015148390398280753,159.27835450936104,7.939239878458504e-05,0.0017277984899521925,159.2761828391615,9.302810109071142e-05,0.0010318052612774409,159.27180945186848,0.00012048929561083573,0.0009372293945943966,159.2311306511428,0.0003759902263607749,0.0025394538406544598,159.31064300642507,159.25595699357493,0.00034330886773352383,0.6408038277908501,0.025437995717771018,0.00015969512224652378,10.551028787091298,19.241997763567376,14.984966209835113,482.2,0.8150145167978401,5.534499197051524e-05,7.937054993594844e-05,9.519901242713669e-05,0,0,0,0
63,2026-05-29 01:45:00,159.291,159.325,159.329,159.289,424,1780019399.294,USDJPY,0.00021344583184235155,0.0003076420804137836,0.00020716671270371023,0.00011926732200917556,0.00025105915581371705,0.8499999978743605,0.09999999975042632,0.04999999987521316,63.29222779474382,73.1835101551913,59.45703450592279,0.00652662571880569,0.004511359236056448,0.0020152664827492416,159.29197623622062,0.0002073159273910719,0.0157183519000057,159.28603111495147,0.0002446472222061709,0.007846193834495807,159.28259500851001,0.00026622489097260393,0.006025271354502593,159.27809723762576,0.0002944708857505798,0.0029129109372831863,159.27286273004927,0.00032734559457932793,0.0018889674263391498,159.23206467451453,0.0005836470542250694,0.003001747832286128,159.3156943953728,159.25280560462718,0.00039472016786821454,1.1479692072637724,0.026478138880788836,0.00016618947987314506,12.097662063471931,26.06789855896528,13.3680025190055,478.15,0.8867510195543477,9.535326672462194e-05,0.00010062383628877288,0.00010436615768339151,0,0,0,0
63,2026-05-29 01:50:00,159.325,159.319,159.329,159.313,401,1780019699.293,USDJPY,-3.765887337203733e-05,0.00026369155621974727,0.00012555006622760878,0.00017577892034070786,0.00010042744430996651,0.3749999976558059,0.24999999843838816,0.3749999976558059,61.10774568753143,68.23885474457079,58.051100327876206,0.008578163660047267,0.005324720120854613,0.003253443539192654,159.29873217716545,0.0001272315388674877,0.022288763924990462,159.29042696629128,0.0001793769672973304,0.01240003465656514,159.28590455319093,0.00020777385734093662,0.009295701231366138,159.2797012675228,0.00024672781380464154,0.004445737959343887,159.2737763393552,0.00028393663843584904,0.0026832452990674938,159.2329297026288,0.0005405307654133967,0.0033897901423927124,159.32048259967848,159.25081740032147,0.0004372686205475715,0.9787182152631154,0.025729700389305315,0.00016149800330974535,13.533821534396806,24.91001939144071,12.774225019328641,477.9,0.8390876752456918,0.00010340224183119261,0.00010183270610956463,0.00010225663676210278,0,0,0,0
63,2026-05-29 01:55:00,159.319,159.317,159.328,159.313,426,1780019999.108,USDJPY,-1.2553430538631005e-05,0.00021973606559422265,0.0002511348154474735,0.0003327807916415626,9.415191097004575e-05,0.13333333244305495,0.599999996000379,0.2666666648898995,60.35990330663973,66.49176117001878,57.57460270499941,0.009928192945523051,0.006245414685788301,0.0036827782597347505,159.3032991328741,8.6004917666468e-05,0.025466572943741994,159.29397003745245,0.00014457523120391282,0.015413363369049193,159.28873141199176,0.000177467594585396,0.011632455664880581,159.28116396291406,0.00022498603221085688,0.005643944313874272,159.27463225342737,0.0002660043597226726,0.0033231810357108316,159.23376622300069,0.0005227143650094666,0.003704319593737182,159.32418927416884,159.25241072583114,0.0004505391661762665,0.8998409075508572,0.024963293218641706,0.00015668945070922567,14.867398185969904,23.84087734126742,12.225953221064493,476.35,0.8943004093626756,0.00010745822925581518,8.799227192870665e-05,9.350124516398944e-05,0,0,0,0
63,2026-05-29 02:00:00,159.317,159.303,159.324,159.299,405,1780020298.092,USDJPY,-8.787511690533378e-05,0.0001632376300408911,0.000257437430146501,0.00019463559194332625,0.0001569336421787768,0.5599999977602729,0.27999999888013644,0.15999999935959072,55.26166104270962,54.99331478011173,54.29872803660033,0.009755957280901839,0.006947523204811009,0.00280843407609083,159.30322434965558,-1.408318359518068e-06,0.02559992970782332,159.2951740324588,4.9128717104849624e-05,0.016824914919851608,159.29002855635613,8.143286658570738e-05,0.012938596058972962,159.2820202780939,0.00013171431320031278,0.0064422210074610575,159.27519399098327,0.00017457840307702165,0.0037722269558173593,159.23445511630416,0.00043046515055909784,0.003926167159960414,159.32546614802823,159.25423385197178,0.00044714974643572723,0.6846072730986247,0.024965915131596274,0.00015671967967706996,15.096876589693068,22.135632609485345,15.356939618499071,476.75,0.8495018353432933,0.00011963734357737484,8.706085389387863e-05,9.595742306581098e-05,0,0,0,0
63,2026-05-29 02:05:00,159.303,159.31,159.315,159.298,396,1780020599.794,USDJPY,4.3941419810122895e-05,0.00011927855308835333,0.0003139520281301156,0.00021346593334836683,0.00010671018768436324,0.41176470346060096,0.294117645328523,0.294117645328523,57.20787453688941,59.11739136697247,55.62429270420053,0.010068240366706505,0.007571666637190109,0.0024965737295163954,159.3049182622417,3.1899440480159204e-05,0.023949947280868855,159.29715082813095,8.066165529170708e-05,0.01711492626387212,159.2918441421419,0.0001139785778478988,0.013489632780874672,159.28311752209024,0.00016877167102180435,0.006934682928743996,159.2758832188846,0.00021419929009924325,0.0040737670161092865,159.23520680668918,0.00046970261671857146,0.004076155546385962,159.32760260046612,159.25549739953388,0.00045260938379412493,0.7558761321773646,0.02439692119362482,0.00015314117879370296,15.241215981949576,21.033895950132102,14.885369654416788,467.75,0.8466060929982157,0.00011612632896047513,8.612729744939489e-05,9.620825502773927e-05,0,0,0,0
63,2026-05-29 02:10:00,159.312,159.3,159.312,159.296,365,1780020899.609,USDJPY,-6.277069863780405e-05,-0.00015691197238332233,0.00015068183530475565,-1.8832037061322637e-05,0.00010043942247344352,0.7499999953116118,0.0,0.24999999843838816,53.61932760237091,51.285087249386955,53.3051214043654,0.009400448022290675,0.007937422914210223,0.0014630251080804523,159.30368869668126,-2.3155124099323876e-05,0.011712460460643115,159.2975307177135,1.5501070703272487e-05,0.011499602762029326,159.29258558376534,4.654589670633511e-05,0.009990575255329759,159.28377958004748,0.00010183346976884405,0.005682342421721387,159.27636077890668,0.00014841638129933817,0.0034980488574092305,159.23585151508033,0.00040285202301699715,0.0037868405657945914,159.32728537306997,159.25551462693005,0.00045053826829829645,0.6198259792541768,0.023797141108367302,0.00014938569434003328,15.230914255415156,20.02374359110358,14.770812332785452,463.55,0.7874015748029798,5.0606952067032053e-05,8.704589782834424e-05,8.983343525312471e-05,0,0,0,0
63,2026-05-29 02:15:00,159.3,159.31,159.313,159.296,337,1780021199.015,USDJPY,6.277463904580394e-05,-5.649043742417259e-05,0.0002071862227441823,0.00010672157596380849,0.00010671018768436324,0.588235290657046,0.17647058719644507,0.23529411626415592,56.554238464947524,57.8068242919478,55.263599259833335,0.009567842077046862,0.008263506746777552,0.0013043353302693104,159.30526652251095,2.9713251748557356e-05,0.0065343453455000144,159.29919328868505,6.783908375086238e-05,0.008766322393768178,159.29416871251394,9.938397377644787e-05,0.00826415932300506,159.28480783181033,0.00015815800974739922,0.005106564287530091,159.27702690209665,0.00020701728645160504,0.003250562741442309,159.23658931095017,0.0004610164621554634,0.0036596083213567,159.32904062381056,159.25545937618944,0.00046187463198242947,0.7412299396889898,0.023311631029197918,0.00014632873660911378,15.277169620831035,19.28712895332918,14.001411582506442,462.95,0.727940382330548,6.529398707253723e-05,8.823711019779256e-05,8.967144125672765e-05,0,0,0,0
63,2026-05-29 02:20:00,159.31,159.31,159.312,159.299,390,1780021499.0,USDJPY,0.0,-4.393755845266689e-05,0.00017578885247537812,0.00021346593334836683,8.160190822927142e-05,0.0,0.1538461526633946,0.8461538396442978,56.554238464947524,57.8068242919478,55.263599259833335,0.009589956027895141,0.00852879660300107,0.001061159424894072,159.30644989188323,2.2284773273014602e-05,0.0031507590091450766,159.30063418352705,5.879334078582675e-05,0.0066641460745984205,159.2956079204672,9.034825078154601e-05,0.006876508475443188,159.28579575997463,0.00015195479238991577,0.004631797060568488,159.27767983472842,0.0002029171024158667,0.0030475813010468755,159.23731976556758,0.0004564271399407304,0.0035535425668911103,159.3307221361954,159.2571778638046,0.0004616425358784186,0.7182358925641256,0.022575085955684155,0.00014170539172483933,15.32012103157435,18.493799664554885,13.425497462812197,462.5,0.843243243243061,6.547468166464193e-05,8.837356686069666e-05,8.574125816712752e-05,0,0,0,0
63,2026-05-29 02:25:00,159.31,159.298,159.313,159.297,434,1780021799.797,USDJPY,-7.532483836547588e-05,-3.1386728435722766e-05,0.00013184577810987363,7.533618773769568e-05,0.00010044068349879555,0.749999995312944,0.18749999882734783,0.06249999960970806,51.97684347959791,47.43460933980681,52.35827513807519,0.008540729567386052,0.008531183195878067,9.546371507985e-06,159.30433741891244,-3.9781835291605005e-05,0.0011130692568599443,159.30028295905677,-1.4331167618564557e-05,0.005108926597984009,159.29582538224292,1.3651442226181667e-05,0.005796825886790202,159.2862743576227,7.361363949657275e-05,0.0042540795287777655,159.27808221423874,0.00012505038662177456,0.002888223255467892,159.23792354899476,0.00037727477014456166,0.003468432690596046,159.3311749914727,159.25792500852734,0.00045982989708192126,0.5470989863280981,0.02210543695884894,0.00013876782482422214,15.18698142728151,17.53766515861683,13.377648990603147,462.2,0.9389874513195718,6.182346082751122e-05,9.209247669444684e-05,8.687765414719606e-05,0,0,0,0
63,2026-05-29 02:30:00,159.298,159.298,159.313,159.298,374,1780022099.095,USDJPY,0.0,-7.532483836547588e-05,4.3944730085287986e-05,-5.021781979341888e-05,9.416314078008736e-05,0.0,0.9999999933333334,0.0,51.97684347959791,47.43460933980681,52.35827513807519,0.007621355792707618,0.008349217715243978,-0.0007278619225363596,159.30275306418434,-2.983667320819776e-05,-0.0021651980573551555,159.29997856451587,-1.2420369002529395e-05,0.0028277363849156245,159.29602307476628,1.2410386622093893e-05,0.004178932624370191,159.28673418673554,7.072662593013632e-05,0.003616664645306855,159.27847662583795,0.00012257383781934887,0.002593406953366184,159.23852132462665,0.0003735193901487033,0.0033145179374685085,159.33043925461308,159.25786074538692,0.0004556146921252101,0.5530460047436127,0.021597905747501613,0.0001355817759639268,15.063351794723872,16.667656938989055,12.714010788148272,447.2,0.8363148479425679,5.572252609082285e-05,8.82855339696435e-05,8.201409929829243e-05,0,0,0,0
63,2026-05-29 02:35:00,159.298,159.296,159.305,159.296,321,1780022399.001,USDJPY,-1.2555085437404578e-05,-2.5109855618432597e-05,-0.00018201788796479157,2.511111669134536e-05,5.649859381286757e-05,0.22222221975378822,0.7777777691351009,0.0,51.17619961707618,45.579357278589484,51.857326849848704,0.006654651487309593,0.0080103044696571,-0.0013556529823475078,159.30106479813827,-3.1793874979404935e-05,-0.0026238985429927197,159.29944808924708,-2.1645330780775492e-05,0.001917371533579626,159.29602097706024,-1.3168602779040654e-07,0.0034353932948931742,159.2870975519616,5.588932295963292e-05,0.003317971914128748,159.27882362334609,0.00010783841984245826,0.0024628444394068083,159.2390932517448,0.0003573666936499196,0.003241736664477912,159.33063374292124,159.25806625707878,0.00045555121184747533,0.5227374550537983,0.020698055336966826,0.00012993455791085042,14.756732210303786,16.149979208231326,13.00932460081011,430.7,0.7452983515206071,4.910718299777939e-05,4.902124368000661e-05,7.958066501510366e-05,0,0,0,0
63,2026-05-29 02:40:00,159.296,159.288,159.298,159.276,385,1780022699.0,USDJPY,-5.0220972277914555e-05,-0.00013809553700327992,-0.00019457817335022387,-6.905253642519593e-05,0.00013811461001451056,0.3636363619827664,0.09090909049633754,0.5454545429754415,47.9917062909823,38.54420547012076,49.8539775874036,0.0051832489518801594,0.0074448933661017125,-0.002261644414221553,159.29779859860372,-6.151119908693254e-05,-0.007467923907228169,159.2979216773475,-6.228378401303924e-05,-0.0012716113375574878,159.29529179732748,-4.577534743930684e-05,0.0011230848135426186,159.28713294208077,5.443364465302974e-06,0.0023251102704477944,159.27900533377488,5.6471135077007544e-05,0.001978431678224979,159.23957988605582,0.00030407084707731853,0.002990575105656035,159.33011859028616,159.25748140971385,0.0004560116303319441,0.4201510852113204,0.020791051384325722,0.00013052490698813295,14.540529615844667,14.929332003496171,18.897142211448436,419.85,0.9169941645823706,3.3686926254857105e-05,4.973105449782396e-05,7.970777577581581e-05,0,0,0,0
63,2026-05-29 02:45:00,159.288,159.279,159.288,159.274,414,1780022999.093,USDJPY,-5.6501431369704314e-05,-0.00019458916577741459,-0.00023851817445730283,1.25567407724958e-05,8.789608171830564e-05,0.6428571382658862,0.0,0.3571428545912567,44.6272878031136,32.051161286115615,47.6782300968313,0.0032534236155186136,0.006606599415985093,-0.0033531758004664795,159.29309894895277,-8.850947747144064e-05,-0.013350942930458132,159.2953987870345,-0.00010294576716816292,-0.005235396492565769,159.29381072484318,-9.297740305033184e-05,-0.0017971956240216969,159.28681400317564,-4.9056183492271297e-05,0.0010182432010026332,159.27900522815557,-3.2823883882113865e-08,0.0013253934271517664,159.23997212599556,0.0002450884252450902,0.0026523604279873325,159.33004360248196,159.25775639751805,0.0004538401481922514,0.29387776803879134,0.020305976285446028,0.00012748683935387607,14.474741283359291,14.194113376544104,18.670045131216714,413.85,1.0003624501628607,3.151192662572205e-05,5.097925960955697e-05,7.43613947527784e-05,0,0,0,0
63,2026-05-29 02:50:00,159.279,159.289,159.293,159.279,357,1780023299.092,USDJPY,6.278291551287118e-05,-5.649788446815407e-05,-8.788283962013477e-05,0.00016953196619406974,8.789056369247096e-05,0.7142857091825134,0.2857142836746295,0.0,48.91275774484229,44.229730846662555,50.21318263015986,0.0025020969432603124,0.005785698921440137,-0.003283601978179824,159.29207421171458,-1.9299213283547442e-05,-0.012263207197861448,159.29454561542988,-3.481359269691158e-05,-0.005737343626890379,159.29337338622108,-2.745491622232327e-05,-0.0024519960218469805,159.2868997285413,1.318546259778038e-05,0.0006253709186125889,159.27920314442972,6.150743710959302e-05,0.0011209301909786973,159.24045996553792,0.0003048222447521764,0.0025364165431653873,159.32842152393806,159.2620784760619,0.0004164948482077215,0.40579269055831985,0.019855549407914886,0.00012465110213457858,13.971400340505127,15.277950035786612,17.729751576620448,404.75,0.8820259419392509,4.7894558890810435e-05,5.220386652555901e-05,7.207659400466832e-05,0,0,0,0
63,2026-05-29 02:55:00,159.289,159.315,159.315,159.288,407,1780023599.033,USDJPY,0.00016322533257162597,0.00010671822621755034,3.1385349319013045e-05,0.00034534723094314934,0.00016947556727230212,0.9629629593972912,0.0,0.0370370368990051,58.011666786835136,63.871608638976596,56.02906663980706,0.003959010838883614,0.0054203613049288325,-0.0014613504660452182,159.29780565878593,0.00010793834317401092,-0.00494740539841132,159.2972728667059,0.00011128334449852897,-0.0027056978099722073,159.29533944201916,0.00012342205396409669,-0.0006836327471262393,159.28800169997106,0.0001694936199889604,0.001267513235518436,159.27991199305487,0.00022029147621993069,0.001435367216913619,159.24120165742315,0.0004634374885942737,0.0026803327965012613,159.3279933325987,159.2680066674013,0.00037652867085593894,0.7833963159263796,0.020365867307348597,0.00012783395981137116,14.017641605484014,21.547176741912697,16.050810443876014,398.25,1.0219711236657822,9.243660079183769e-05,7.447026319250324e-05,7.969176709953559e-05,0,0,0,0
63,2026-05-29 03:00:00,159.315,159.327,159.339,159.313,490,1780023899.018,USDJPY,7.532247434327566e-05,0.00019460626757727972,0.0001694915254235596,0.00032019890002255025,0.00016318640280687177,0.4615384597631454,0.4615384597631454,0.07692307662755528,61.426420509286416,69.63087573892133,58.38492538198285,0.006012615619340522,0.005538812167811171,0.0004738034515293513,159.30510424408945,0.00013744541340621495,0.004039445951178777,159.30123648447847,0.0001617282834087909,0.0017883952313866303,159.29821767456286,0.00018068203057949652,0.002196697502625966,159.28953104507025,0.00023522547077590633,0.00243349310864005,159.28084442883596,0.0002897747769328115,0.0020208054898773753,159.24205537227468,0.0005334308674096044,0.0029621205298724362,159.3312906896536,159.26980931034637,0.00038588173572102916,0.9302115568165531,0.020768305356824446,0.0001303501939835963,15.245331573028361,27.874721709732707,14.615515293161405,400.6,1.223165252121512,9.27331616390333e-05,7.368945764801445e-05,7.849967731714326e-05,0,0,0,0
63,2026-05-29 03:05:00,159.327,159.328,159.337,159.312,449,1780024199.607,USDJPY,6.276400108085056e-06,0.00025111747275374796,0.00011298725754826933,0.00032019688969531224,0.0001569090178749326,0.039999999840227375,0.3599999985597726,0.5999999976,61.70591029436573,70.09436236381869,58.579108316105305,0.007632817477315257,0.005957613229711989,0.0016752042476032682,159.3108281830671,0.00010778813423267691,0.013029584463367883,159.30480495321467,0.0001456016771882328,0.006883275867181737,159.3009251586935,0.00016996035195356919,0.005633361366022882,159.2910396315381,0.0002320304302577186,0.003906689457323864,159.2817782025224,0.00029018885900962285,0.0027728687475132574,159.24291054269983,0.0005343374911334273,0.0033306566440103325,159.33406384989604,159.27213615010402,0.0003886805821451496,0.9020817823589407,0.02107056925990679,0.00013224649314562908,16.304341442682873,25.512360818892937,13.715858664261868,401.75,1.1176104542623229,8.197357826236343e-05,7.193058605364458e-05,7.849969043173654e-05,0,0,0,0
63,2026-05-29 03:10:00,159.328,159.332,159.34,159.323,502,1780024499.01,USDJPY,2.5105442859940652e-05,0.00033274945221895,0.0001380955370031689,0.00031390866513469895,0.0001066954535184138,0.23529411626248403,0.47058823252663995,0.294117645328523,62.86496649015515,72.08267862524724,59.3752679978544,0.009134311041492538,0.0065929527920680995,0.002541358249424438,159.3161211373003,9.966890096448532e-05,0.02302218834753944,159.30843095945272,0.0001479459712541591,0.013032172418235177,159.30375014426681,0.00017733327500197495,0.00993941942363108,159.2926459204974,0.00024705521887208033,0.005831917321756919,159.28277269356155,0.00030905606178231124,0.003767465405985604,159.24379700496152,0.0005538865355975142,0.0038248789659576232,159.33740817505588,159.2737918249441,0.00039926913684490336,0.9149876543076191,0.0207798143127703,0.0001304183360076463,17.423373563187795,25.052745361909107,12.914361067387976,404.9,1.2398122993328626,6.080260076605949e-05,7.193046854048114e-05,7.844742810851826e-05,0,0,0,0
63,2026-05-29 03:15:00,159.332,159.337,159.341,159.325,429,1780024799.094,USDJPY,3.1381015740628015e-05,0.0003013390755168821,0.0002448241660284456,0.0003767022231708772,0.00010041609921122875,0.31249999804620887,0.24999999843838816,0.43749999726540295,64.3187749624374,74.55026552483018,60.37492305522738,0.010605460574225845,0.0073954543484996485,0.003210006225726196,159.32134085297523,9.828656312410716e-05,0.02926664126064793,159.31224016485902,0.00015541702957253846,0.017694549429137396,159.30677285842438,0.0001897417230494709,0.01339947220330373,159.29438529616417,0.00026752169423042396,0.007485567622865119,159.28384650160984,0.00033370300603337044,0.00464335718012876,159.24472439794698,0.0005794578275787262,0.004264432409058827,159.3403704265063,159.27682957349373,0.0003987827875042754,0.9469565414814799,0.020438399004716674,0.0001282715188858625,18.50939513961081,24.001349318744296,12.192226726634942,404.95,1.0593900481538316,6.287448906160828e-05,6.479953661014473e-05,7.771669527374526e-05,0,0,0,0
63,2026-05-29 03:20:00,159.337,159.348,159.352,159.337,414,1780025099.093,USDJPY,6.903606820785058e-05,0.00020713680444406357,0.0003138771359338932,0.00035783565926528205,9.41335943972612e-05,0.7333333284453287,0.26666666488800467,0.0,67.34741914103226,79.25629380753676,62.506159183376454,0.01251470353491868,0.008419304185783455,0.0040953993491352255,159.32800563973143,0.00012549181286932213,0.030199980945496918,159.31700814287782,0.00019452949489482378,0.019735276171928717,159.3105207803858,0.00023525891090327188,0.015181338366630825,159.2964878335695,0.0003233728949776458,0.008486133598438528,159.28511686791458,0.00039478347583206326,0.005204874859714437,159.24575201587786,0.0006420766822838915,0.004550358454707748,159.34645557099083,159.27644442900913,0.0004393600295058293,1.0220597588221632,0.020049941932952255,0.00012582487344022048,20.011800591574804,26.63755132547247,11.540698651992727,406.0,1.0197044334972858,2.9639684087610173e-05,6.557436174162757e-05,7.694515127091423e-05,0,0,0,0
63,2026-05-29 03:25:00,159.348,159.337,159.356,159.335,397,1780025399.994,USDJPY,-6.903130255808687e-05,6.27640010795183e-05,0.00025738248292483945,7.531774674407465e-05,0.00013179613021449248,0.523809521316675,0.3809523791376775,0.09523809478374266,61.70680680206884,65.19214806702493,59.16486563101488,0.0129904385777877,0.009333531064184305,0.003656907513603395,159.33025422979858,4.233828806722446e-05,0.025149985709134626,159.31967372382746,0.00010875164232736055,0.01843723934899799,159.3129279821689,0.0001510989606178244,0.014710307606037532,159.29807654597855,0.0002443435279660052,0.008545500908297754,159.28614425666873,0.000319272863114241,0.005299827832772053,159.2466599560184,0.0005672963188461776,0.00460458374371342,159.34835137738978,159.27574862261022,0.00045565533918394646,0.8436508709811593,0.02011780322345471,0.00012625945777474605,21.573765948787972,26.071639715225288,10.680214642595734,404.65,0.9810947732606004,5.0984774985698186e-05,7.190560406395101e-05,6.399630375260543e-05,0,0,0,0
63,2026-05-29 03:30:00,159.337,159.329,159.341,159.325,367,1780025699.093,USDJPY,-5.020804960542691e-05,6.276360714929652e-06,0.00025739540957259166,6.276715269382116e-05,0.00010042114116086558,0.4999999968732236,0.24999999843838816,0.24999999843838816,57.90817533552492,56.66099240151556,56.84444637379167,0.012576949638969381,0.00998221477914132,0.0025947348598280608,159.32994067234893,-5.903927064482142e-06,0.019112489281837952,159.32091722731712,5.0732652206304664e-05,0.016112274102454194,159.314389074699,9.17112721950249e-05,0.013463916005491683,159.29928923044997,0.00018650911559972374,0.008249598911874045,159.28699288524956,0.00026371967974001003,0.005214682727171294,159.24747925993861,0.0005119122791785426,0.004568717238782938,159.34949035733987,159.27560964266016,0.0004636991048692776,0.7226562100683408,0.01982367442178077,0.00012441975046464089,22.06916227548921,24.568580340831918,13.667683593966688,402.95,0.9107829755550538,5.843651137137966e-05,7.190408737968912e-05,6.448351784801515e-05,0,0,0,0
63,2026-05-29 03:35:00,159.329,159.34,159.35,159.326,457,1780025999.023,USDJPY,6.903953454795442e-05,5.020962518531569e-05,0.0003829757846294246,0.0001443662634872389,0.0001506213129157833,0.4583333314234137,0.4166666649301608,0.12499999947975877,61.42453017693999,64.1803880928185,59.15710279643073,0.01298715688474772,0.010583203200262601,0.0024039536844851182,159.3324555042617,4.735065253607103e-05,0.016334366961388014,159.3234615970082,0.00010380393964603349,0.015030637555469184,159.31671734063545,0.00014614071739109074,0.012967196368634859,159.30088573121665,0.0002455370452198681,0.008239810719260277,159.2880425310862,0.00032618562001387135,0.005269837524650711,159.24839986431735,0.0005752028639578117,0.004602859355827604,159.3525077311936,159.27489226880635,0.0004871059519722426,0.8388500062643877,0.020121983391653636,0.0001262833148716809,22.956541836813305,25.67026835813938,12.50326981444663,404.5,1.129789864029387,6.576286642849328e-05,6.672264553316413e-05,6.600156006097369e-05,0,0,0,0
63,2026-05-29 03:40:00,159.34,159.344,159.353,159.339,356,1780026299.405,USDJPY,2.5103552152572206e-05,4.393204340491508e-05,0.0003452843573630293,0.0002573711731730377,8.786022693047749e-05,0.2857142836725994,0.6428571382658862,0.07142857091865737,62.64654836481812,66.63619199953723,59.97604089546981,0.013479630859308145,0.01116248873207171,0.0023171421272364344,159.33534162819626,5.4340560702077085e-05,0.014000775221035155,159.32620005074045,0.0001117201643789389,0.01395988588143382,159.31919758239587,0.00015567752022661356,0.012424723971491858,159.3025764868552,0.00026003040288686397,0.008191190691036354,159.28915059977757,0.00034433858185505147,0.005304098167727034,159.24935110944853,0.0005943439636775558,0.004626711501543923,159.356369576566,159.275130423434,0.0005098350307008933,0.8477387297392084,0.01968469886367909,0.00012353586494426582,23.917011939572888,25.45478642677438,11.868092720753529,402.05,0.885462007212813,6.531204349097786e-05,6.624821482273746e-05,6.215704614409796e-05,0,0,0,0
63,2026-05-29 03:45:00,159.344,159.355,159.356,159.341,344,1780026599.894,USDJPY,6.903303544536499e-05,4.392901071859079e-05,0.0002510749144775115,0.00028246814387045127,9.412945938305267e-05,0.7333333284448235,0.06666666622260119,0.19999999866590876,65.85038008668622,72.65181717048426,62.166489979445636,0.014589351142944906,0.011847861214246351,0.0027414899286985553,159.3402562211472,9.253015654955871e-05,0.012250581415770512,159.33004004397506,0.00015665568161559774,0.013031901097235732,159.3224523476326,0.00020428791979906934,0.011931567246818986,159.3046323109001,0.0003161721562596381,0.008144477330603195,159.29045454829682,0.0004052060237143582,0.005337680382240251,159.25040234219034,0.0006568125183438701,0.004650326312486186,159.36194542069893,159.2740545793011,0.0005515411590338335,0.9209767402316712,0.019350077516272466,0.0001214274890419031,24.947217814510598,25.152750736020792,11.210947362101923,399.45,0.8611841281760267,6.531134409661576e-05,5.0814753490382276e-05,6.306383668821956e-05,0,0,0,0
63,2026-05-29 03:50:00,159.355,159.363,159.365,159.351,407,1780026899.093,USDJPY,5.020237833774921e-05,0.00016317616121819256,0.0002259504038863991,0.0003954802259886758,8.784975182451388e-05,0.5714285673472288,0.14285714183731474,0.2857142836725994,68.00004288062702,76.28054178728105,63.68422191006274,0.015930706337911715,0.012664430238979426,0.0032662760989322897,159.34594216586038,0.00010704906512062673,0.01568793606179497,159.3344347047784,0.0001792788562906938,0.014760980950939029,159.3261384978478,0.0002313587870749142,0.013210515678906631,159.30692123988442,0.00035201709805902855,0.008844693905871281,159.2918910918949,0.00044640632751397346,0.005746835226176472,159.25152271689493,0.0007000076432754118,0.004862760876534367,159.36839097797898,159.27390902202106,0.0005928725987708396,0.9429417181448743,0.01896792912225372,0.00011902341900098341,26.29835689118749,27.215862807853007,10.619899847644644,401.55,1.0135724069229204,4.969510406484607e-05,4.863043782875797e-05,6.083400475699829e-05,0,0,0,0
63,2026-05-29 03:55:00,159.363,159.361,159.368,159.351,440,1780027199.195,USDJPY,-1.2549964546360037e-05,0.00020084228232142287,0.000207119903595121,0.0003201305630531337,0.00010667603742443828,0.11764705813207796,0.294117645328523,0.588235290657046,66.86680847228075,73.43846425764586,63.02058554208254,0.016640534979700305,0.013459651187123601,0.0031808837925767046,159.34970662439528,7.087164353134435e-05,0.019765952046356006,159.3379767441413,0.00014449321077845238,0.017059516824161847,159.32930772531617,0.00019891051518567876,0.0149186506171759,159.30904197557524,0.0003261461106062977,0.009752745125268802,159.2932595851247,0.00042525600299546065,0.006266699875141057,159.25261204309498,0.0006806039506320616,0.005132783156369669,159.37368439756978,159.27371560243023,0.0006273102900932212,0.8731164295879449,0.018827362756378162,0.00011814285023549152,27.677905535265378,26.59871519501909,9.934960972295883,406.7,1.0818785345460826,3.454549853314828e-05,4.968529749073307e-05,6.0361432243866446e-05,0,0,0,0
63,2026-05-29 04:00:00,159.361,159.373,159.379,159.341,497,1780027499.793,USDJPY,7.53007322995547e-05,0.0002071043052591648,0.00025732432907377145,0.00039545540141849855,0.00023843436466642714,0.315789472853343,0.1578947364266715,0.5263157880884064,70.0878353072353,78.93291856434949,65.29874471973655,0.01796429776192099,0.01436058050208308,0.003603717259837909,159.35552996829648,0.0001096292780488132,0.023074464034777975,159.34264651158912,0.00019049193091354562,0.019184914580932855,159.33327975028743,0.0002492903539976707,0.01656240965198208,159.31155013339583,0.000385721352611976,0.010664402179173749,159.29483860324103,0.0004906712448708777,0.0067960721548274705,159.25380993321343,0.0007484283536861263,0.005410068896082976,159.3807694770043,159.27293052299572,0.0006766450654036186,0.9279529631149779,0.020196836845207043,0.00012672684109106964,29.384469053268056,26.914354517557328,8.599785427444372,412.05,1.206164300448682,3.59391758368984e-05,5.262700293823116e-05,6.164530847769759e-05,0,0,0,0
63,2026-05-29 04:05:00,159.374,159.353,159.377,159.352,432,1780027799.01,USDJPY,-0.00012549177087706198,5.6481574455258254e-05,0.0001004160992112979,0.0003452648495272381,0.00015688440129778343,0.8399999966392724,0.11999999952054569,0.0399999998401819,59.675246332382024,56.2912727685962,58.943952723755864,0.01720127090740675,0.014928718583147815,0.0022725523242589363,159.35489747622236,-1.1907235060891146e-05,0.01955584802610133,159.34402697671055,5.631226635666856e-05,0.017826925970098273,159.3350725002613,0.00011251446061051373,0.015874917865431826,159.3131756183607,0.00024997544292699737,0.010599131505500736,159.29599031406792,0.00035788525385784485,0.006839714290350685,159.2547968990521,0.0006166414001968644,0.005445789603584217,159.38296065967003,159.27623934032997,0.00066971641161489,0.7192626559789711,0.02053991992769266,0.00012889572162238966,30.969135177127693,24.57445506702471,7.852131115941242,411.95,1.0486709552127569,8.399910942867983e-05,7.094741045865862e-05,6.65443822237205e-05,0,0,0,0
63,2026-05-29 04:10:00,159.353,159.349,159.353,159.346,346,1780028099.093,USDJPY,-2.5101504207758474e-05,-3.7651783753256396e-05,6.275572959735243e-06,0.00032015467865242897,4.392873504072823e-05,0.5714285632676264,0.0,0.4285714224466596,57.82493044959512,52.75999895143724,57.76344485178656,0.01608834364640188,0.01516064359579863,0.0009277000506032508,159.35342310716675,-2.7756587091220606e-05,0.013166886019547519,159.34469004648247,2.7047989589505074e-05,0.014650002507408999,159.3363386366012,7.946312502930258e-05,0.013886288968592453,159.31458049607204,0.0002160474190169833,0.009948185171936075,159.29704001081905,0.00032618301744598944,0.006585462522224361,159.25573424334013,0.0005856351553241541,0.0053319011497876545,159.38408178218032,159.2802182178197,0.0006517992855970764,0.6622320593124578,0.019572782790000683,0.00012282965559872158,31.739002717028182,23.946683959290436,9.841172618974737,410.55,0.8427718913650365,7.817111821982016e-05,6.845165415616257e-05,6.712131700864496e-05,0,0,0,0
63,2026-05-29 04:15:00,159.349,159.349,159.356,159.337,372,1780028399.045,USDJPY,0.0,-8.784975182452026e-05,7.53120744083624e-05,0.0003327139413418223,0.00011923513796763995,0.0,0.3684210506926782,0.6315789440441638,57.82493044959512,52.75999895143724,57.76344485178656,0.01503304914109549,0.015135124704858003,-0.00010207556376251418,159.35231733037506,-2.0817584774691663e-05,0.0063751645146794544,159.34526470695147,2.344150643817857e-05,0.010830002173065623,159.33748966963745,7.223868272561153e-05,0.011351171789641512,159.3159302805398,0.00020757321255927415,0.009009040655371336,159.2980689214959,0.00031972188268759025,0.00617782960100044,159.25666226081933,0.0005798045612022163,0.005139543924400414,159.38444111199829,159.28515888800172,0.0006230489303137618,0.6430266100422618,0.019531869733572453,0.0001225729043393586,31.494403882209237,22.282784315737285,12.448697543868228,413.1,0.9005083514885256,7.187264908756264e-05,6.398079116113755e-05,6.689846647146186e-05,0,0,0,0
63,2026-05-29 04:20:00,159.349,159.344,159.353,159.341,362,1780028699.006,USDJPY,-3.13776678861899e-05,-0.00010667603742442466,9.414481983816003e-05,0.00035156446185524715,7.530876594035832e-05,0.41666666319404977,0.3333333305571346,0.24999999791548244,55.3375020571007,47.67189120367604,56.211961975884286,0.01363607425358282,0.014835314614602966,-0.0011992403610201468,159.35023799778128,-3.914646039857638e-05,0.0005313733859964032,159.34509607935794,-6.87865133548948e-06,0.007119335216657419,159.33808151785223,3.7144178537757836e-05,0.008773792536061364,159.31703105385193,0.00016927848811683908,0.007989078276693817,159.29897844780294,0.0002826229812378136,0.005718862678236292,159.25753129304996,0.0005429489346467265,0.004919249954980387,159.38245264764126,159.29274735235876,0.0005629662571700175,0.5713447285658643,0.01899387903831731,0.00011920046589967184,31.267276392734498,21.27722197773569,11.886921186393637,411.95,0.8787474208032823,7.203700720678159e-05,6.23488709881299e-05,6.60344511069543e-05,0,0,0,0
63,2026-05-29 04:25:00,159.344,159.339,159.355,159.337,480,1780028999.894,USDJPY,-3.137865247515581e-05,-0.00021333601049100537,-6.2758880381430515e-06,0.0003766974930781153,0.00011296669365315888,0.2777777762343047,0.6111111077157861,0.11111111049435349,52.88746365597837,42.8506812776817,54.670142918557396,0.011987321002607132,0.0142657158922038,-0.0022783948895966685,159.34742849833594,-5.289384595267125e-05,-0.008101469960536178,159.3442832687769,-3.315631203408301e-05,0.001636757187782223,159.3381650162293,5.240325006895315e-06,0.004885265941879879,159.31789258115185,0.0001324861790862232,0.006342447756026104,159.29977095378703,0.0002462592756919085,0.004932350545999498,159.25834192694995,0.0005064605851983732,0.00453199373652069,159.3765076593561,159.3046923406439,0.0004507077282535791,0.47772063013212546,0.018922887678437552,0.00011875866974461715,30.629527170740708,19.8315426119874,12.5891524956351,415.25,1.1559301625524008,4.807244004904732e-05,5.9709722227877954e-05,6.477812011825953e-05,0,0,0,0
63,2026-05-29 04:30:00,159.339,159.356,159.356,159.337,408,1780029299.092,USDJPY,0.00010669076622793483,1.882612815573559e-05,7.530876594041835e-05,0.00042061912624236086,0.00011922990034893859,0.8947368373956495,0.0,0.1052631573411926,59.45957923658966,59.21290003488867,58.712981516588584,0.011915080466906147,0.01379558880714427,-0.0018805083402381236,159.34957137375196,4.034291521851495e-05,-0.005326102470405658,159.34584549960667,6.37261697127324e-05,0.0018185228961158373,159.33978637839027,0.00010175501033507908,0.004713878128967508,159.31938698973414,0.00022980888238172952,0.0062113713734390785,159.30088440024667,0.00034598426719868313,0.004894086178751422,159.25931364906987,0.0006071001357143696,0.004516750017756976,159.37150703177844,159.31639296822158,0.0003458549634582772,0.7186374792650343,0.01892839570140669,0.00011878056490754469,30.106024306587255,18.787007218127787,11.686525635099395,417.8,0.9765438008614226,5.897297484149711e-05,6.853748950643068e-05,6.705019539369031e-05,0,0,0,0
63,2026-05-29 04:35:00,159.356,159.339,159.356,159.339,373,1780029599.023,USDJPY,-0.00010667938452268988,-6.27553357723798e-05,-0.00010040475667527637,0.00015064494868655132,0.00010669076622795365,0.9999999941176471,0.0,0.0,51.69369415797033,44.38667621552785,53.685522521389366,0.010366572007683317,0.01310978544725208,-0.002743213439568763,159.34692853031396,-4.9756405015695253e-05,-0.006494576852787759,159.3449327663258,-3.7232224601073924e-05,0.0002427198433281319,159.3397148894457,-4.4865741488191e-06,0.0033762528445038242,159.3201561273916,0.00011827676463810686,0.005575631319572949,159.3016391645982,0.00023452888242525655,0.004599153779167864,159.26010654808408,0.0004953748532881796,0.004372304743952782,159.36945864044816,159.32084135955182,0.00030511852651477313,0.3735017688370046,0.01879065315130592,0.00011792877544923666,29.61991450415905,17.572957110584603,10.93132138466357,416.1,0.8964191300166074,7.737118825535869e-05,7.33720527554614e-05,6.40172646074956e-05,0,0,0,0
63,2026-05-29 04:40:00,159.339,159.322,159.341,159.317,375,1780029899.036,USDJPY,-0.00010669076622793483,-0.00016943940658542544,-0.0002572742732001032,-3.138200053975915e-05,0.00015063832992305462,0.7083333303817471,0.08333333298650586,0.2083333324650804,45.31932457734062,34.35182702362138,49.25688023204361,0.007679090200554128,0.01202364639791249,-0.004344556197358362,159.34069639773548,-0.00011733598608615006,-0.011620932639573311,159.341875064149,-0.00012473220954004486,-0.0033896428024604575,159.33810444495063,-0.0001010708957956236,0.0006147753131813261,159.32022843612134,1.1119516310340457e-05,0.004298155581551555,159.30204234945765,0.00012528182468980227,0.003973427961739162,159.26072240332704,0.0003847627698044751,0.004060142507711362,159.3700388146188,159.3197611853812,0.0003155724208684198,0.044529041012921294,0.019162749354784132,0.00012027685664744437,27.95445840533543,16.000893062013674,18.153847051120014,410.35,0.9138540270498565,8.714042766415888e-05,7.579377889313257e-05,6.675227046949444e-05,0,0,0,0
63,2026-05-29 04:45:00,159.322,159.324,159.327,159.317,335,1780030199.093,USDJPY,1.2553194160380698e-05,-0.00012551460990051222,-0.0002321772579236825,-2.5105442859940652e-05,6.276518289768587e-05,0.1999999980011369,0.29999999699886315,0.4999999950000001,46.16046161413858,36.3276011814903,49.768748013512145,0.005645546446260141,0.010748026407582021,-0.00510247996132188,159.33652229830162,-7.859025740602554e-05,-0.013715699479661225,159.33949172226247,-9.72246245736509e-05,-0.005604357095478463,159.3368222226824,-8.047243884698653e-05,-0.0012592951698309207,159.32037634058716,2.2744481880371642e-05,0.0033452867352252724,159.30247715441888,0.00013510678531551232,0.0034987066159430924,159.26135203115464,0.0003933657980820942,0.003820738104678867,159.37043013797938,159.3189698620206,0.0003229913632521702,0.09774797892011453,0.01850826725801319,0.00011616747795695053,26.407963456427787,15.383373919315371,17.453239402269634,404.65,0.8278759421720431,8.963570672226673e-05,7.668915296653729e-05,6.680582143736065e-05,0,0,0,0
63,2026-05-29 04:50:00,159.324,159.31,159.325,159.31,312,1780030499.992,USDJPY,-8.787125605691504e-05,-0.00018200189533001954,-0.00039529907826285626,-0.00013807646925911854,9.415604795672812e-05,0.933333327112627,0.0666666662207064,0.0,41.36383011662734,29.16035537947907,46.33346333141193,0.0028711683316657854,0.009172654792398774,-0.0063014864607329885,159.32989172372623,-0.00012484615103312737,-0.017536774609709482,159.33555949262748,-0.00016041298445161096,-0.008723776149423657,159.33438383880215,-0.0001530356362178585,-0.003781177427157445,159.31996942527002,-6.257486306316969e-05,0.002076844118164445,159.3026261216581,4.628849204446419e-05,0.002855167871075537,159.26183609054613,0.00030241965455235275,0.003494163596172939,159.37302379989796,159.314176200102,0.0003693904952355009,-0.07096636242391374,0.0182576767395827,0.00011460471244481013,25.51663282876072,14.480620158406943,19.167592278975984,395.15,0.7895735796530965,9.407531092530583e-05,7.050830541835391e-05,6.919349986988817e-05,0,0,0,0
63,2026-05-30 14:15:00,159.275,159.275,159.275,159.275,0,1780150500.0,USDJPY,-0.0002196974452325362,-0.0005082958909610191,-0.0004894793320490143,-0.0003891123844429467,0.0,0.0,0.0,0.0,32.32146659513394,18.509304235016657,39.22607313921435,-0.00212723239440038,0.0069126773550389434,-0.009039909749439324,159.31616879279468,-0.00025840938246652457,-0.03340258095727222,159.3274848936105,-0.00032941518938511745,-0.018360605996178947,159.32898530800193,-0.00033882917096074504,-0.01080107038833944,159.3182059183967,-0.00027119259941217513,-0.0011810713374416082,159.30207906974408,-0.00016998566435671205,0.0011946694974085403,159.2619670747198,8.183325573330132e-05,0.0026534256499246567,159.38244997020777,159.2985500297922,0.0005267615157153535,-0.2806918532658084,0.019453556972469404,0.00012213816965920204,26.56228608064766,12.619698248483422,29.55546219852462,373.7,0.0,8.248957967410309e-05,8.751210407442818e-05,8.323440569902289e-05,0,0,0,0
63,2026-05-30 14:20:00,159.275,159.275,159.275,159.275,0,1780150800.0,USDJPY,0.0,-0.00040165935521119245,-0.0004643894847158325,-0.00045811682606622384,0.0,0.0,0.0,0.0,32.32146659513394,18.509304235016657,39.22607313921435,-0.006019116354792686,0.004326318613072618,-0.010345434967865304,159.30587659459601,-0.0001938195580479697,-0.0410519357179453,159.32048690779578,-0.0002855057041226689,-0.02444585853001513,159.32407755272902,-0.0003080360073810839,-0.01563733671667933,159.31651156865567,-0.0002605603665742812,-0.0036445587359423826,159.3015428505412,-0.00016662017244934967,-9.631405700361029e-05,159.26209675556836,8.10189285115617e-05,0.0019902074842832462,159.3873802879512,159.2863197120488,0.0006345036942546463,-0.11200917802525118,0.01806401718872159,0.00011341401468354474,27.533249814542675,12.619698248483424,29.55546219852462,353.0,0.0,9.388189569051689e-05,8.862525541990345e-05,8.076631682951383e-05,0,0,0,0
63,2026-05-30 14:25:00,159.275,159.275,159.275,159.275,0,1780151100.0,USDJPY,0.0,-0.0002950000627659488,-0.0004643894847158325,-0.0003891123844429467,0.0,0.0,0.0,0.0,32.32146659513394,18.509304235016657,39.22607313921435,-0.008999719271287177,0.0016611110362006588,-0.010660830307487835,159.298157445947,-0.00014537171250615573,-0.042538951788486656,159.31442198675637,-0.0002474476966036598,-0.027453077392635805,159.31961595702637,-0.0002800405760355358,-0.018488487924258834,159.3148836640025,-0.00025034487102044826,-0.005344772118831997,159.3010172495404,-0.00016332130195774333,-0.0010250999172569664,159.26222514606022,8.021270535478589e-05,0.0015027427331801846,159.39102084773626,159.27647915226376,0.0007191442189451985,-0.012913657828811983,0.016773730246670046,0.00010531301363472012,28.43485899601662,12.619698248483424,29.555462198524612,333.15,0.0,9.841122633753052e-05,8.862525541990345e-05,8.016426381317904e-05,0,0,0,0
63,2026-05-30 14:30:00,159.275,159.275,159.275,159.275,0,1780151400.0,USDJPY,0.0,-0.0003075493961990361,-0.00043302540415701696,-0.00033892135141755375,0.0,0.0,0.0,0.0,32.32146659513394,18.509304235016657,39.22607313921435,-0.011232388573120033,-0.0009175888856634796,-0.010314799687456553,159.29236808446024,-0.0001090327469488134,-0.04415421384138085,159.30916572185555,-0.00021446174613201698,-0.03032600040691591,159.31555996093306,-0.00025458882323232116,-0.021262261749342315,159.3133195987475,-0.00024052978648627377,-0.007056741839647884,159.30050205648018,-0.0001600877345078074,-0.0019750979386969902,159.26235225903474,7.941450559949377e-05,0.0010002278800982367,159.39379225052087,159.26830774947908,0.0007878480680696698,0.05333129159405512,0.015575606657622186,9.77906555179544e-05,29.272067521670994,12.619698248483424,29.55546219852462,314.8,0.0,9.626606863291321e-05,8.976610868374151e-05,7.993638788061732e-05,0,0,0,0
63,2026-05-30 14:35:00,159.275,159.275,159.275,159.275,0,1780151700.0,USDJPY,0.0,-0.0002196974452325362,-0.00040165935521119245,-0.0004079327224801865,0.0,0.0,0.0,0.0,32.32146659513394,18.509304235016657,39.22607313921435,-0.0128536264754473,-0.0033047964036202436,-0.009548830071827056,159.28802606334517,-8.177678929855892e-05,-0.04186566038106321,159.30461029227482,-0.00018587216164356286,-0.030949200352665684,159.31187269175732,-0.00023144974153089384,-0.022511147044838253,159.31181686938487,-0.00023109942569451446,-0.00815255588514674,159.29999706526274,-0.00015691817779819135,-0.0026290563953637047,159.26247810720355,7.862424938552048e-05,0.0006420166574230279,159.3949315127226,159.2606684872774,0.0008429635877896299,0.10674206591435699,0.014463063324934886,9.080560869524336e-05,30.049475438350054,12.619698248483422,29.555462198524612,291.95,0.0,9.825168440459736e-05,9.077221763365698e-05,7.748074835499212e-05,0,0,0,0
63,2026-05-30 14:40:00,159.275,159.275,159.275,159.275,0,1780152000.0,USDJPY,0.0,0.0,-0.0005082958909610191,-0.00043302540415701696,0.0,0.0,0.0,0.0,32.32146659513394,18.509304235016657,39.22607313921435,-0.013977347037382515,-0.0054393065303726985,-0.008538040507009816,159.2847695475089,-6.133384589521195e-05,-0.031399245285797406,159.30066225330486,-0.00016109319912338346,-0.026822640305624645,159.30852062887027,-0.00021041328321888233,-0.020464679131663388,159.31037307058548,-0.0002220387153936672,-0.007832847811215515,159.2995020738714,-0.00015381136508528927,-0.0025769958726868936,159.26260270315177,7.784185764778748e-05,0.0006356284319792849,159.3948064404467,159.25389355955332,0.0008847143675616481,0.14978361309409385,0.013429987373153823,8.431949378844026e-05,30.771354218123466,12.619698248483422,29.555462198524612,274.15,0.0,0.0,7.678521322712751e-05,7.690604379005612e-05,0,0,0,0
63,2026-05-30 14:45:00,159.275,159.275,159.275,159.275,0,1780152300.0,USDJPY,0.0,0.0,-0.00040165935521119245,-0.0005020237833766039,0.0,0.0,0.0,0.0,32.32146659513394,18.509304235016657,39.22607313921435,-0.014698468878918902,-0.00729113900008194,-0.007407329878836962,159.28232716063167,-4.600108977734682e-05,-0.023549433964348054,159.2972406195309,-0.00013961710475582324,-0.02324628826488606,159.30547329897297,-0.0001912884619838157,-0.018604253756052458,159.30898589134685,-0.00021333317236746477,-0.0075256773088199225,159.29901688428976,-0.00015076605467813733,-0.0025259662514542924,159.26272605933931,7.706725210843105e-05,0.0006293037709497185,159.39245624106428,159.24824375893576,0.0009054307463727724,0.18553346181122946,0.012470702560785692,7.829667280355166e-05,31.441670227913068,12.619698248483424,29.555462198524612,256.95,0.0,0.0,7.55660376089232e-05,7.412041445463378e-05,0,0,0,0
63,2026-05-30 14:50:00,159.275,159.275,159.275,159.275,0,1780152600.0,USDJPY,0.0,0.0,-0.0002950000627659488,-0.0005521984400393976,0.0,0.0,0.0,0.0,32.32146659513394,18.509304235016657,39.22607313921435,-0.01509594645983725,-0.008852100492033003,-0.006243845967804248,159.28049537047374,-3.450121410632739e-05,-0.017662075473253935,159.29427520359346,-0.00012100374334743816,-0.020146783162914517,159.30270299906633,-0.00017390162592836398,-0.016912957960045105,159.30765311129403,-0.0002049688803789776,-0.007230552708477944,159.29854130242262,-0.0001477810294440954,-0.002475947117773103,159.2628481881021,7.630035526893121e-05,0.0006230420418944504,159.38784847008392,159.24405152991605,0.0009028217872727939,0.21522342566054162,0.011579938092158142,7.270405331758368e-05,32.064106522717694,12.619698248483422,29.555462198524612,236.6,0.0,0.0,7.26043255687902e-05,7.226266789806261e-05,0,0,0,0
63,2026-05-30 14:55:00,159.275,159.275,159.275,159.275,0,1780152900.0,USDJPY,0.0,0.0,-0.0003075493961990361,-0.0005396552481471417,0.0,0.0,0.0,0.0,32.32146659513394,18.509304235016657,39.22607313921435,-0.015235326941109406,-0.010128745781848284,-0.005106581159261122,159.2791215278553,-2.587613376916418e-05,-0.013246556604940452,159.2917051764477,-0.00010487160288216076,-0.017460545407857353,159.30018454460574,-0.00015809488656734103,-0.015375416327316316,159.30637259712566,-0.00019693246801238856,-0.006947001621853133,159.2980751380182,-0.00014485509632299753,-0.0024269184619925,159.26296910165334,7.554109040241932e-05,0.000616842618597957,159.38253659958278,159.24076340041725,0.0008901158321489708,0.2414885165893247,0.010752799657003988,6.751090665204199e-05,32.642083082179134,12.619698248483424,29.555462198524612,214.6,0.0,0.0,7.190153334899984e-05,7.245460293112866e-05,0,0,0,0
63,2026-05-30 15:00:00,159.275,159.275,159.275,159.275,0,1780153200.0,USDJPY,0.0,0.0,-0.0002196974452325362,-0.0006149096772978258,0.0,0.0,0.0,0.0,32.32146659513394,18.509304235016657,39.22607313921435,-0.015170906213427315,-0.01113717786816409,-0.004033728345263225,159.27809114589147,-1.940722587282172e-05,-0.009934917453705339,159.28947781958803,-9.088999340195693e-05,-0.015132472686786969,159.29789504055066,-0.00014372468980097206,-0.013977651206658948,159.30514229919916,-0.00018921108737685307,-0.006674570185708717,159.29761820459208,-0.0001419870858522727,-0.0023788606706602877,159.26308881208465,7.478938154598616e-05,0.0006107048810974902,159.37341895829695,159.24008104170304,0.0008371553388411009,0.26188318493927093,0.009984742538646561,6.2688699034039e-05,33.17877560167904,12.619698248483424,29.555462198524612,189.75,0.0,0.0,6.947443230549218e-05,6.871975887392148e-05,0,0,0,0
63,2026-05-30 15:05:00,159.275,159.275,159.275,159.275,0,1780153500.0,USDJPY,0.0,0.0,0.0,-0.0004894793320490143,0.0,0.0,0.0,0.0,32.32146659513394,18.509304235016657,39.22607313921435,-0.01494754631323758,-0.011899251557178789,-0.003048294756058792,159.2773183594186,-1.4555490024947721e-05,-0.00745118809030032,159.28754744364298,-7.877228223010991e-05,-0.013114809661885829,159.29581367322785,-0.00013066051610461786,-0.012706955642414641,159.30396024825018,-0.0001817923936419539,-0.0064128223353066005,159.29717031935263,-0.0001391758517001845,-0.0023317545187637734,159.2632073313674,7.4045153492812e-05,0.000604628215626235,159.3673303070743,159.23836969292566,0.0008096726677045286,0.284042591513429,0.00927154664302895,5.8210934817321927e-05,33.67713294121467,12.619698248483424,29.555462198524612,168.15,0.0,0.0,0.0,6.525593674696884e-05,0,0,0,0
63,2026-05-30 15:10:00,159.275,159.275,159.275,159.275,0,1780153800.0,USDJPY,0.0,0.0,0.0,-0.0004643894847158325,0.0,0.0,0.0,0.0,32.32146659513394,18.509304235016657,39.22607313921435,-0.01460220683230773,-0.012439842612204578,-0.002162364220103151,159.27673876956393,-1.0916657242990082e-05,-0.005588391067732346,159.28587445115727,-6.827002830435109e-05,-0.011366168373626806,159.2939215211162,-0.00011878369830759472,-0.011551777856766421,159.30282455224037,-0.00017466452536901695,-0.006161339106483865,159.2967313031278,-0.00013642027020915672,-0.0022855811619422184,159.26332467135379,7.33083317851891e-05,0.0005986120144712004,159.36105403864363,159.23724596135636,0.0007773227266505412,0.30494002847284524,0.008609293311384025,5.405301090179893e-05,34.13989332792633,12.619698248483422,29.555462198524612,150.85,0.0,0.0,0.0,6.548429683246712e-05,0,0,0,0
63,2026-05-30 15:15:00,159.275,159.275,159.275,159.275,0,1780154100.0,USDJPY,0.0,0.0,0.0,-0.0004643894847158325,0.0,0.0,0.0,0.0,32.32146659513394,18.509304235016657,39.22607313921435,-0.014165234796479353,-0.012784921049059534,-0.0013803137474198198,159.27630407717294,-8.18751527722783e-06,-0.004191293300806365,159.28442452433632,-5.916789644972814e-05,-0.009850679257141337,159.2922013828329,-0.00010798634637205854,-0.010501616233426603,159.301733393329,-0.00016781608561016104,-0.005919717965042537,159.29630098029358,-0.0001337192399477596,-0.0022403221290403508,159.26344084377814,7.25788427062956e-05,0.0005926556760300628,159.35373370269974,159.2371662973003,0.0007318625358621928,0.324565023452398,0.00799434378914231,5.019208155167044e-05,34.56959940130144,12.619698248483422,29.55546219852461,132.25,0.0,0.0,0.0,6.548429683246712e-05,0,0,0,0
63,2026-05-30 15:20:00,159.275,159.275,159.275,159.275,0,1780154400.0,USDJPY,0.0,0.0,0.0,-0.00043302540415701696,0.0,0.0,0.0,0.0,32.32146659513394,18.509304235016657,39.22607313921435,-0.013661450611152759,-0.01296022696147818,-0.0007012236496745788,159.2759780578797,-6.140649027129913e-06,-0.003143469975583457,159.2831679210915,-5.1279248134558705e-05,-0.008537255356202422,159.29063762075717,-9.817036952536746e-05,-0.009546923848574806,159.30068502496314,-0.00016123612374368285,-0.005687572162514698,159.2958791787036,-0.00013107168127153945,-0.002195959314605034,159.26355586025798,7.185661327357566e-05,0.0005867586046406359,159.3464205843444,159.2375794156556,0.0006833537509891572,0.34380910055290076,0.007423319232775003,4.660693286940827e-05,34.968612183721184,12.619698248483422,29.55546219852461,114.15,0.0,0.0,0.0,6.565428720723997e-05,0,0,0,0
63,2026-05-30 15:25:00,159.275,159.275,159.275,159.275,0,1780154700.0,USDJPY,0.0,0.0,0.0,-0.00040165935521119245,0.0,0.0,0.0,0.0,32.32146659513394,18.509304235016657,39.22607313921435,-0.013111061855028083,-0.012990393940188163,-0.00012066791483992048,159.27573354340979,-4.605493840527752e-06,-0.0023576024816804875,159.282078864946,-4.444231891262253e-05,-0.007398954642042099,159.28921601887015,-8.924658696581068e-05,-0.008679021680507049,159.29967776908225,-0.00015491411801860593,-0.005464530116910282,159.29546572962033,-0.0001284765358925156,-0.002152474971751417,159.26366973229523,7.11415712310494e-05,0.0005809202105808708,159.3391650672627,159.23843493273725,0.0006324290348483013,0.3630002818790387,0.006893082144719646,4.3277866235879114e-05,35.33912405311095,12.619698248483424,29.555462198524612,90.15,0.0,0.0,0.0,6.578445614922793e-05,0,0,0,0
63,2026-05-30 15:30:00,159.275,159.275,159.275,159.275,0,1780155000.0,USDJPY,0.0,0.0,0.0,-0.0005082958909610191,0.0,0.0,0.0,0.0,32.32146659513394,18.509304235016657,39.22607313921435,-0.01253043178277835,-0.0128984015087062,0.00036796972592785006,159.27555015755735,-3.4541243574275384e-06,-0.0017682018612390493,159.28113501628653,-3.851690462837118e-05,-0.006412427356451644,159.2879236535183,-8.11339191438714e-05,-0.007890019709549279,159.298710013432,-0.00014883995877920856,-0.005250234818191757,159.29506046764763,-0.0001259327664569914,-0.002109851705000665,159.26378247127738,7.043364504197988e-05,0.0005751399099835908,159.32482430598745,159.24467569401256,0.0005032089905816451,0.3783509807894573,0.006400719134382528,4.0186590076173454e-05,35.68317078897287,12.619698248483424,29.555462198524612,69.75,0.0,0.0,0.0,5.8931949868117405e-05,0,0,0,0
63,2026-05-30 15:35:00,159.275,159.275,159.275,159.275,0,1780155300.0,USDJPY,0.0,0.0,0.0,-0.00040165935521119245,0.0,0.0,0.0,0.0,32.32146659513394,18.509304235016657,39.22607313921435,-0.011932725238636976,-0.012705266254692357,0.0007725410160553808,159.27541261816802,-2.590595505175023e-06,-0.0013261513959150761,159.280317014115,-3.338148877828039e-05,-0.005557437042256197,159.28674877592573,-7.3758652342461e-05,-0.007172745190473506,159.29778020898368,-0.00014300393234475855,-0.005044343256685124,159.2946632306645,-0.00012343935613221653,-0.002068072463316639,159.26389408847862,6.973276388189746e-05,0.000569417124836491,159.313099801907,159.25000019809303,0.00039616765853996453,0.39619586108755417,0.005943524910498062,3.7316119356446784e-05,36.002642757987516,12.619698248483424,29.555462198524612,51.1,0.0,0.0,0.0,5.594190165836889e-05,0,0,0,0
63,2026-05-30 15:40:00,159.275,159.275,159.275,159.275,0,1780155600.0,USDJPY,0.0,0.0,0.0,-0.0002950000627659488,0.0,0.0,0.0,0.0,32.32146659513394,18.509304235016657,39.22607313921435,-0.011328451162853526,-0.012429903236324591,0.0011014520734710653,159.275309463626,-1.9429478871400614e-06,-0.000994613546936307,159.27960807889968,-2.893075237475679e-05,-0.004816445436631511,159.28568070538702,-6.705376992908705e-05,-0.006520677445877254,159.29688686745493,-0.0001373967055183912,-0.004846525874057761,159.29427385976024,-0.00012099530820047702,-0.002027120533341531,159.26400459506092,6.903885763162449e-05,0.000563751282783187,159.30478593364268,159.25361406635733,0.0003212799703992944,0.41792365093168493,0.005518987416891058,3.465068225955773e-05,36.29929530064397,12.619698248483424,29.555462198524612,32.35,0.0,0.0,0.0,5.2211210882248274e-05,0,0,0,0
63,2026-05-30 15:45:00,159.275,159.275,159.275,159.275,0,1780155900.0,USDJPY,0.0,0.0,0.0,-0.0003075493961990361,0.0,0.0,0.0,0.0,32.32146659513394,18.509304235016657,39.22607313921435,-0.01072591789935018,-0.01208910616892971,0.0013631882695795301,159.2752320977195,-1.4572116232212182e-06,-0.0007459601602022303,159.27899366837974,-2.507341544390894e-05,-0.0041742527117492045,159.28470973217,-6.09583442523849e-05,-0.005927888587166308,159.2960285589273,-0.00013200931069991828,-0.004656466035839912,159.29389219917093,-0.00011859964566186364,-0.001986979532659916,159.26411400207525,6.835185686976478e-05,0.000558141817265323,159.29200614631435,159.2614938536857,0.00019156987994762,0.44264606512601196,0.005124774029970268,3.2175633526732176e-05,36.57475837596782,12.619698248483424,29.55546219852461,15.6,0.0,0.0,0.0,5.1940451623434445e-05,0,0,0,0
63,2026-05-30 15:50:00,159.275,159.275,159.275,159.275,0,1780156200.0,USDJPY,0.0,0.0,0.0,-0.0002196974452325362,0.0,0.0,0.0,0.0,32.32146659513394,18.509304235016657,39.22607313921435,-0.010131614996026883,-0.011697607934349145,0.0015659929383222623,159.27517407328963,-1.0929091155658801e-06,-0.0005594701201516727,159.27846117926245,-2.17303660320347e-05,-0.00361768568353682,159.28382702924543,-5.54169836954213e-05,-0.005388989624719898,159.2952039095576,-0.00012683313158053021,-0.0044738595246371915,159.29351809621704,-0.0001162514108442944,-0.0019476334032901832,159.26422232046258,6.76716928660859e-05,0.0005525881673520416,159.27500060172625,159.27499939827376,7.555815315228105e-09,0.4999584563193954,0.004758718742115249,2.9877373989108452e-05,36.83054551733996,12.619698248483422,29.55546219852461,0.0,0.0,0.0,0.0,4.912584220229943e-05,0,0,0,0
63,2026-05-30 15:55:00,159.275,159.275,159.275,159.275,0,1780156500.0,USDJPY,0.0,0.0,0.0,0.0,0.0,0.0,0.0,0.0,32.32146659513394,18.509304235016657,39.22607313921435,-0.009550533063276134,-0.011268192960134543,0.0017176598968584086,159.27513055496723,-8.196820606785201e-07,-0.00041960259011375456,159.27799968869414,-1.883303846102258e-05,-0.0031353275923891033,159.28302457204128,-5.0379329893058705e-05,-0.0048990814770206725,159.2944115993789,-0.00012185988939589288,-0.004298414053096167,159.29315140124243,-0.0001139496650216855,-0.0019090664052043849,159.264329561055,6.699829757490154e-05,0.0005470897776262973,159.27500060172625,159.27499939827376,7.555815315228105e-09,0.4999584563193954,0.004418810260535588,2.774327584702928e-05,37.06806214861409,12.619698248483424,29.5554621985246,0.0,0.0,0.0,0.0,0.0,0,0,0,0
63,2026-05-30 16:00:00,159.275,159.275,159.275,159.275,0,1780156800.0,USDJPY,0.0,0.0,0.0,0.0,0.0,0.0,0.0,0.0,32.32146659513394,18.509304235016657,39.22607313921435,-0.008986431457145727,-0.010811840659536779,0.001825409202391052,159.27509791622543,-6.147616715307795e-07,-0.0003147019425853159,159.27759973020162,-1.6322007652131055e-05,-0.002717283913398205,159.28229506549206,-4.5799600571171e-05,-0.004453710433665492,159.29365036018757,-0.00011708162971589217,-0.004129848796111446,159.29279196755445,-0.00011169348803973761,-0.001871263110047039,159.26443573457686,6.633160362774052e-05,0.0005416460982416993,159.27500060172625,159.27499939827376,7.555815315228105e-09,0.4999584563193954,0.004103180956211617,2.5761613286527183e-05,37.288613306225784,12.619698248483424,29.5554621985246,0.0,0.0,0.0,0.0,0.0,0,0,0,0
63,2026-05-30 16:05:00,159.275,159.275,159.275,159.275,0,1780157100.0,USDJPY,0.0,0.0,0.0,0.0,0.0,0.0,0.0,0.0,32.32146659513394,18.509304235016657,39.22607313921435,-0.008442062034021092,-0.010337884934433642,0.0018958229004125502,159.27507343716908,-4.610713245549402e-07,-0.00023602645691767066,159.27725309950807,-1.4145770750199726e-05,-0.002354979391611778,159.28163187772003,-4.1636173875443644e-05,-0.004048827666991883,159.29291897351357,-0.00011249070975049995,-0.003967893941364764,159.29243965136524,-0.00010948197794826964,-0.0018342083949960397,159.26454085164576,6.56715443269083e-05,0.0005362565848372469,159.27500060172625,159.27499939827376,7.555815315228105e-09,0.4999584563193954,0.003810096602196502,2.3921498051775244e-05,37.49341080972236,12.619698248483424,29.5554621985246,0.0,0.0,0.0,0.0,0.0,0,0,0,0
63,2026-05-30 16:10:00,159.275,159.275,159.275,159.275,0,1780157400.0,USDJPY,0.0,0.0,0.0,0.0,0.0,0.0,0.0,0.0,32.32146659513394,18.509304235016657,39.22607313921435,-0.007919355938611261,-0.009854179135269165,0.001934823196657904,159.2750550778768,-3.458035331870064e-07,-0.00017701984270956928,159.27695268624035,-1.2259691106662704e-05,-0.0020409821393911898,159.28102897974546,-3.7851210430202825e-05,-0.0036807524245432433,159.2922162686699,-0.00010807978615138633,-0.0038122902574002637,159.29209431173425,-0.00010731425064188582,-0.001797887436680412,159.26464492277367,6.501805363869183e-05,0.0005309206984236425,159.27500060172625,159.27499939827376,7.555815315228105e-09,0.4999584563193954,0.003537946844896752,2.2212819619505583e-05,37.68357992011204,12.619698248483424,29.5554621985246,0.0,0.0,0.0,0.0,0.0,0,0,0,0
63,2026-05-30 16:15:00,159.275,159.275,159.275,159.275,0,1780157700.0,USDJPY,0.0,0.0,0.0,0.0,0.0,0.0,0.0,0.0,32.32146659513394,18.509304235016657,39.22607313921435,-0.007419579300460555,-0.009367259168307444,0.0019476798678468889,159.2750413084076,-2.5935267226691137e-07,-0.00013276488203928238,159.27669232807497,-1.0625082993817638e-05,-0.0017688511874780488,159.28048089067767,-3.441030970657236e-05,-0.003346138567764001,159.29154112087895,-0.0001038418032906624,-0.003662788678667539,159.29175581051177,-0.0001051894395068376,-0.0017622857052685958,159.26474795836796,6.437106618674318e-05,0.0005256379053832916,159.27500060172625,159.27499939827376,7.555815315228105e-09,0.4999584563193954,0.0032852363559755554,2.0626189646683755e-05,37.86016552261674,12.619698248483424,29.5554621985246,0.0,0.0,0.0,0.0,0.0,0,0,0,0
63,2026-05-30 16:20:00,159.275,159.275,159.275,159.275,0,1780158000.0,USDJPY,0.0,0.0,0.0,0.0,0.0,0.0,0.0,0.0,32.32146659513394,18.509304235016657,39.22607313921435,-0.006943462797039501,-0.008882499894053856,0.0019390370970143542,159.2750309813057,-1.9451451676753738e-07,-9.957366154367264e-05,159.27646668433167,-9.208418306812539e-06,-0.0015330043624715017,159.27998262788878,-3.128219759051387e-05,-0.003041944152499809,159.29089244947193,-9.976998199668778e-05,-0.003519149906964003,159.2914240122838,-0.00010310669507568775,-0.0017273889586135738,159.26484996873248,6.373051724546341e-05,0.0005204076774703026,159.27500060172625,159.27499939827376,7.555815315228105e-09,0.4999584563193954,0.0030505766162630156,1.9152890386206343e-05,38.02413786779967,12.619698248483424,29.5554621985246,0.0,0.0,0.0,0.0,0.0,0,0,0,0
63,2026-05-30 16:25:00,159.275,159.275,159.275,159.275,0,1780158300.0,USDJPY,0.0,0.0,0.0,0.0,0.0,0.0,0.0,0.0,32.32146659513394,18.509304235016657,39.22607313921435,-0.006491309265356904,-0.008404261768314466,0.0019129525029575618,159.27502323597926,-1.4588589462527308e-07,-7.468024617196534e-05,159.2762711264208,-7.980638997886232e-06,-0.0013286037808200035,159.27952966171705,-2.8438442320013435e-05,-0.0027654037750153293,159.29026921615932,-9.585780873149453e-05,-0.003381144028253402,159.2910987843178,-0.00010106518468799453,-0.0016931832366537947,159.26495096406848,6.309634273392216e-05,0.0005152294916115352,159.27500060172625,159.27499939827376,7.555815315228105e-09,0.4999584563193954,0.002832678286529943,1.7784826787191605e-05,38.1763979026124,12.619698248483424,29.5554621985246,0.0,0.0,0.0,0.0,0.0,0,0,0,0
63,2026-05-30 16:30:00,159.275,159.275,159.275,159.275,0,1780158600.0,USDJPY,0.0,0.0,0.0,0.0,0.0,0.0,0.0,0.0,32.32146659513394,18.509304235016657,39.22607313921435,-0.006063082888488225,-0.007936025992349218,0.001872943103860993,159.27501742698445,-1.0941442495946011e-07,-5.601018463607943e-05,159.27610164289803,-6.916561158002221e-06,-0.0011514566100458978,159.2791178742882,-2.5853196220287084e-05,-0.00251400343182695,159.28967042336876,-9.209902518954269e-05,-0.0032485501448036302,159.2907799965095,-9.906409215808844e-05,-0.0016596548557288315,159.26505095447575,6.246847920888506e-05,0.0005101028299918653,159.27500060172625,159.27499939827376,7.555815315228105e-09,0.4999584563193954,0.0026303441232063754,1.6514482016677916e-05,38.317782220652795,12.619698248483424,29.5554621985246,0.0,0.0,0.0,0.0,0.0,0,0,0,0
63,2026-05-30 16:35:00,159.275,159.275,159.275,159.275,0,1780158900.0,USDJPY,0.0,0.0,0.0,0.0,0.0,0.0,0.0,0.0,32.32146659513394,18.509304235016657,39.22607313921435,-0.005658482930698483,-0.007480517380019071,0.0018220344493205878,159.27501307023834,-8.206082100886553e-08,-4.200763845574329e-05,159.2759547571783,-5.994358531779101e-06,-0.0009979290620378833,159.27874352208016,-2.3502960893447695e-05,-0.0022854576652946434,159.28909511264843,-8.848761830464088e-05,-0.003121156021478555,159.2904675213311,-9.710261744958608e-05,-0.0016267904031508351,159.2651499499536,6.184686385873382e-05,0.0005050271799404982,159.27500060172625,159.27499939827376,7.555815315228105e-09,0.4999584563193954,0.002442462400120206,1.5334876158343782e-05,38.44906765883315,12.619698248483424,29.5554621985246,0.0,0.0,0.0,0.0,0.0,0,0,0,0
63,2026-05-30 16:40:00,159.275,159.275,159.275,159.275,0,1780159200.0,USDJPY,0.0,0.0,0.0,0.0,0.0,0.0,0.0,0.0,32.32146659513394,18.509304235016657,39.22607313921435,-0.005277004525794382,-0.007039814809174133,0.0017628102833797512,159.27500980267877,-6.154561706388117e-08,-3.150572882759661e-05,159.2758274562212,-5.19511487974984e-06,-0.0008648718537642708,159.27840320189105,-2.1366373737015133e-05,-0.0020776887866134075,159.28854236313282,-8.501781064667541e-05,-0.002998757746127012,159.29016123377997,-9.517997635592946e-05,-0.001594576731804409,159.26524796040184,6.12314344972081e-05,0.0005000020338741251,159.27500060172625,159.27499939827376,7.555815315228105e-09,0.4999584563193954,0.00226800080011162,1.4239527861319225e-05,38.570975565714924,12.619698248483424,29.55546219852461,0.0,0.0,0.0,0.0,0.0,0,0,0,0
63,2026-05-30 16:45:00,159.275,159.275,159.275,159.275,0,1780159500.0,USDJPY,0.0,0.0,0.0,0.0,0.0,0.0,0.0,0.0,32.32146659513394,18.509304235016657,39.22607313921435,-0.004917988629927095,-0.006615449573324725,0.0016974609433976304,159.27500735200908,-4.615921355274626e-08,-2.3629296606486605e-05,159.27571712872506,-4.502436014634676e-06,-0.0007495556066032805,159.27809381990093,-1.942401385355513e-05,-0.0018888079878536246,159.2880112900688,-8.168405119387862e-05,-0.0028811594031310506,159.28986101132887,-9.329540018748754e-05,-0.0015630009549454371,159.26534499562172,6.0622129557147464e-05,0.00049502688924008,159.27500060172625,159.27499939827376,7.555815315228105e-09,0.4999584563193954,0.00210600074296079,1.3222418728367853e-05,38.684175764962276,12.619698248483424,29.55546219852461,0.0,0.0,0.0,0.0,0.0,0,0,0,0
63,2026-05-30 16:50:00,159.275,159.275,159.275,159.275,0,1780159800.0,USDJPY,0.0,0.0,0.0,0.0,0.0,0.0,0.0,0.0,32.32146659513394,18.509304235016657,39.22607313921435,-0.004580662915145695,-0.006208492241688919,0.0016278293265432247,159.2750055140068,-3.461941051944982e-08,-1.7721972454864954e-05,159.27562151156172,-3.902113555230829e-06,-0.0006496148590713346,159.2778125635463,-1.765822559349601e-05,-0.0017170981707579358,159.28750104339943,-7.84810064665324e-05,-0.002768172759886056,159.2895667338768,-9.144813546468627e-05,-0.0015320504409999103,159.26544106531702,6.0018888084233885e-05,0.0004901012485447609,159.27500060172625,159.27499939827376,7.555815315228105e-09,0.4999584563193954,0.0019555721184635905,1.2277960247770148e-05,38.78929023569196,12.619698248483427,29.55546219852461,0.0,0.0,0.0,0.0,0.0,0,0,0,0
63,2026-05-30 16:55:00,159.275,159.275,159.275,159.275,0,1780160100.0,USDJPY,0.0,0.0,0.0,0.0,0.0,0.0,0.0,0.0,32.32146659513394,18.509304235016657,39.22607313921435,-0.0042641750997063355,-0.0058196288132924025,0.001555453713586067,159.2750041355051,-2.596455806969573e-08,-1.3291479348254143e-05,159.2755386433535,-3.3818335074921296e-06,-0.0005629995445133318,159.27755687595115,-1.6052958127266526e-05,-0.0015609983370552527,159.28701080640337,-7.540355200691877e-05,-0.0026596169653885227,159.289278283701,-8.963744361734701e-05,-0.0015017128085048626,159.26553617909497,5.942164973091258e-05,0.0004852246192115217,159.27500060172625,159.27499939827376,7.555815315228105e-09,0.4999584563193954,0.001815888395716191,1.1400963087215137e-05,38.88689652994095,12.619698248483424,29.55546219852461,0.0,0.0,0.0,0.0,0.0,0,0,0,0
63,2026-05-30 17:00:00,159.275,159.275,159.275,159.275,0,1780160400.0,USDJPY,0.0,0.0,0.0,0.0,0.0,0.0,0.0,0.0,32.32146659513394,18.509304235016657,39.22607313921435,-0.003967619972513603,-0.005449227045136643,0.0014816070726230398,159.2750031016288,-1.947341858945435e-08,-9.968609532506889e-06,159.27546682423971,-2.9309236947578695e-06,-0.0004879329385971687,159.27732443268286,-1.4593619594841009e-05,-0.0014190893973022867,159.28653979438755,-7.244676419263675e-05,-0.0025553182608746283,159.28899554540988,-8.786260068969963e-05,-0.0014719759212198369,159.26563034646716,5.883035475049182e-05,0.0004803965135522503,159.27500060172625,159.27499939827376,7.555815315228105e-09,0.4999584563193954,0.0016861820817364631,1.0586608580985485e-05,38.9775309460293,12.619698248483427,29.55546219852461,0.0,0.0,0.0,0.0,0.0,0,0,0,0
63,2026-05-30 17:05:00,159.275,159.275,159.275,159.275,0,1780160700.0,USDJPY,0.0,0.0,0.0,0.0,0.0,0.0,0.0,0.0,32.32146659513394,18.509304235016657,39.22607313921435,-0.0036900611694932195,-0.0050973938700079584,0.001407332700514739,159.2750023262216,-1.4605063923971265e-08,-7.476457170696449e-06,159.27540458100776,-2.5401348615084952e-06,-0.0004228752134451952,159.27711312062075,-1.3266944505380777e-05,-0.0012900812702980602,159.2860872534312,-6.960591237039371e-05,-0.002455109701628544,159.2887184058968,-8.612289705178526e-05,-0.0014428278831815078,159.26572357685058,5.8244943991064374e-05,0.00047561644873894693,159.27500060172625,159.27499939827376,7.555815315228105e-09,0.4999584563193954,0.001565740504469573,9.830422253772237e-06,39.06169147525419,12.619698248483427,29.555462198524612,0.0,0.0,0.0,0.0,0.0,0,0,0,0
63,2026-05-30 17:10:00,159.275,159.275,159.275,159.275,0,1780161000.0,USDJPY,0.0,0.0,0.0,0.0,0.0,0.0,0.0,0.0,32.32146659513394,18.509304235016657,39.22607313921435,-0.0034305485896766186,-0.0047640248139416905,0.001333476224265072,159.27500174466618,-1.095379789375155e-08,-5.607342899338619e-06,159.2753506368734,-2.2014509590120724e-06,-0.0003664918516506077,159.27692101874612,-1.206087318759036e-05,-0.001172801154808667,159.285652459179,-6.687645129701255e-05,-0.0023588308897899424,159.28844675429485,-8.441763711582263e-05,-0.0014142570340140992,159.2658158795685,5.766535888942917e-05,0.0004708839467753023,159.27500060172625,159.27499939827376,7.555815315228105e-09,0.4999584563193954,0.0014539018970074606,9.128249235645648e-06,39.13984053810588,12.619698248483427,29.555462198524612,0.0,0.0,0.0,0.0,0.0,0,0,0,0
63,2026-05-30 17:15:00,159.275,159.275,159.275,159.275,0,1780161300.0,USDJPY,0.0,0.0,0.0,0.0,0.0,0.0,0.0,0.0,32.32146659513394,18.509304235016657,39.22607313921435,-0.0031881321970672616,-0.004448846290566804,0.0012607140934995428,159.27500130849964,-8.21534844281098e-09,-4.205507167398537e-06,159.2753038852903,-1.9079247245517427e-06,-0.00031762627142484234,159.27674638067828,-1.0964442192309216e-05,-0.0010661828680156304,159.2852347156818,-6.425401387688384e-05,-0.0022663277176206975,159.28818048193256,-8.274613905860993e-05,-0.0013862519442398025,159.2659072638514,5.7091541465548647e-05,0.00046619853438301107,159.27500060172625,159.27499939827376,7.555815315228105e-09,0.4999584563193954,0.0013500517615069277,8.47623143309953e-06,39.21240752503959,12.619698248483424,29.55546219852461,0.0,0.0,0.0,0.0,0.0,0,0,0,0
63,2026-05-30 17:20:00,159.275,159.275,159.275,159.275,0,1780161600.0,USDJPY,0.0,0.0,0.0,0.0,0.0,0.0,0.0,0.0,32.32146659513393,18.509304235016657,39.22607313921435,-0.0029618728330831345,-0.00415145159907007,0.0011895787659869355,159.27500098137472,-6.161511255540847e-09,-3.15413038265433e-06,159.2752633672516,-1.6535351819447238e-06,-0.0002752761019166883,159.27658761879843,-9.96768465572872e-06,-0.0009692571527182281,159.28483335428254,-6.173440418312131e-05,-0.002177452120832868,159.2879194822903,-8.110773454942802e-05,-0.0013588014107028812,159.26599773883797,5.6523434316470796e-05,0.0004615597430017715,159.27500060172625,159.27499939827376,7.555815315228105e-09,0.4999584563193954,0.0012536194928278615,7.870786330735279e-06,39.279791155763746,12.619698248483427,29.55546219852461,0.0,0.0,0.0,0.0,0.0,0,0,0,0
63,2026-05-30 17:25:00,159.275,159.275,159.275,159.275,0,1780161900.0,USDJPY,0.0,0.0,0.0,0.0,0.0,0.0,0.0,0.0,32.32146659513394,18.509304235016657,39.22607313921435,-0.0027508505640696512,-0.0038713313920699863,0.001120480828000335,159.27500073603105,-4.621133493384991e-09,-2.3655977656744653e-06,159.27522825161807,-1.4330641404444454e-06,-0.00023857262164028725,159.27644328981674,-9.061539716253359e-06,-0.000881142866120399,159.28444773254597,-5.931359075199006e-05,-0.002092061841580062,159.28766365095782,-7.950176848326775e-05,-0.0013318944520506193,159.2660873135759,5.5960980610786914e-05,0.0004569671087324423,159.27500060172625,159.27499939827376,7.555815315228105e-09,0.4999584563193954,0.0011640752433401571,7.30858730711133e-06,39.34236167000761,12.619698248483427,29.55546219852461,0.0,0.0,0.0,0.0,0.0,0,0,0,0
63,2026-05-30 17:30:00,159.275,159.275,159.275,159.275,0,1780162200.0,USDJPY,0.0,0.0,0.0,0.0,0.0,0.0,0.0,0.0,32.32146659513393,18.509304235016657,39.22607313921435,-0.002554171002145722,-0.0036078993140851337,0.0010537283119394117,159.27500055202327,-3.4658500348206534e-09,-1.774198324255849e-06,159.27519781806902,-1.2419891591508323e-06,-0.00020676293874544172,159.27631208165155,-8.23777016431384e-06,-0.0008010389692003628,159.28407723323045,-5.6987700139991076e-05,-0.0020100202007427015,159.28741288559232,-7.792759871884737e-05,-0.0013055203044700647,159.2661759970229,5.5404124082554114e-05,0.00045242017233704246,159.27500060172625,159.27499939827376,7.555815315228105e-09,0.4999584563193954,0.001080927011673003,6.786545356603378e-06,39.40046286180548,12.619698248483427,29.55546219852461,0.0,0.0,0.0,0.0,0.0,0,0,0,0
63,2026-05-30 17:35:00,159.275,159.275,159.275,159.275,0,1780162500.0,USDJPY,0.0,0.0,0.0,0.0,0.0,0.0,0.0,0.0,32.32146659513393,18.509304235016657,39.22607313921435,-0.002370969966420944,-0.003360513444552296,0.000989543478131352,159.27500041401746,-2.5993875283677617e-09,-1.330648728981032e-06,159.2751714423265,-1.0763907829294194e-06,-0.00017919454691650571,159.2761928015014,-7.488887575783996e-06,-0.0007282172447276025,159.28372126329984,-5.47530107324437e-05,-0.0019311958791661255,159.2871670858776,-7.638459582266994e-05,-0.0012796684172542427,159.26626379804756,5.485280902628885e-05,0.00044791847906822113,159.27500060172625,159.27499939827376,7.555815315228105e-09,0.4999584563193954,0.0010037179394106457,6.301792116845994e-06,39.45441396847493,12.619698248483427,29.5554621985246,0.0,0.0,0.0,0.0,0.0,0,0,0,0
63,2026-05-30 17:40:00,159.275,159.275,159.275,159.275,0,1780162800.0,USDJPY,0.0,0.0,0.0,0.0,0.0,0.0,0.0,0.0,32.32146659513393,18.509304235016657,39.22607313921435,-0.0022004167906573002,-0.003128494113773297,0.0009280773231159969,159.2750003105131,-1.9495406475427244e-09,-9.97986546735774e-07,159.27514858334965,-9.328721458638938e-07,-0.00015530194065149772,159.27608436500125,-6.808084249249714e-06,-0.0006620156770225094,159.28337925297436,-5.260594679525563e-05,-0.0018554627074536256,159.28692615348396,-7.487214281769448e-05,-0.0012543284485957429,159.2663507254302,5.430698029071132e-05,0.00044346157878294434,159.27500060172625,159.27499939827376,7.555815315228105e-09,0.4999584563193954,0.0009320238008813139,5.851664108499851e-06,39.504511424667996,12.619698248483427,29.5554621985246,0.0,0.0,0.0,0.0,0.0,0,0,0,0
63,2026-05-30 17:45:00,159.275,159.275,159.275,159.275,0,1780163100.0,USDJPY,0.0,0.0,0.0,0.0,0.0,0.0,0.0,0.0,32.32146659513393,18.509304235016657,39.22607313921435,-0.002041716532829696,-0.002911138597584577,0.000869422064754881,159.27500023288482,-1.4621554863696762e-09,-7.484898958409758e-07,159.27512877223637,-8.084892937038082e-07,-0.00013459501522561368,159.27598578636477,-6.189171329867282e-06,-0.0006018324336594105,159.2830506548185,-5.0543072758888406e-05,-0.0017826994640302019,159.2866899920288,-7.338963493680028e-05,-0.0012294902614939929,159.26643678786374,5.3766583273739407e-05,0.0004390490257719648,159.27500060172625,159.27499939827376,7.555815315228105e-09,0.4999584563193954,0.0008654506722469344,5.433688100749863e-06,39.551030491132984,12.619698248483427,29.5554621985246,0.0,0.0,0.0,0.0,0.0,0,0,0,0
63,2026-05-30 17:50:00,159.275,159.275,159.275,159.275,0,1780163400.0,USDJPY,0.0,0.0,0.0,0.0,0.0,0.0,0.0,0.0,32.32146659513393,18.509304235016657,39.22607313921435,-0.001894111299151291,-0.00270773313789792,0.0008136218387466291,159.2750001746636,-1.0966165259559836e-09,-5.613674431970139e-07,159.27511160260488,-7.006907968980863e-07,-0.00011664901319363707,159.2758961694225,-5.626522556497377e-06,-0.0005471203942306602,159.28273494286486,-4.856108772637521e-05,-0.0017127896811075516,159.28645850703813,-7.193647938140215e-05,-0.0012051439196909541,159.26652199395465,5.3231563916947324e-05,0.0004346803787598219,159.27500060172625,159.27499939827376,7.555815315228105e-09,0.4999584563193954,0.000803632767086439,5.045567522124872e-06,39.59422676713619,12.619698248483427,29.55546219852461,0.0,0.0,0.0,0.0,0.0,0,0,0,0
63,2026-05-30 17:55:00,159.275,159.275,159.275,159.275,0,1780163700.0,USDJPY,0.0,0.0,0.0,0.0,0.0,0.0,0.0,0.0,32.32146659513393,18.509304235016657,39.22607313921435,-0.0017568808590908702,-0.0025175626821365106,0.0007606818230456404,159.2750001309977,-8.224624393035339e-10,-4.2102556108147837e-07,159.2750967222576,-6.072654141884683e-07,-0.0001010958114306959,159.275814699475,-5.1150231222353e-06,-0.0004973821765474895,159.28243161177213,-4.6656820196172504e-05,-0.0016456214583229212,159.28623160590865,-7.051209508450386e-05,-0.0011812796836636608,159.26660635222376,5.2701868699846035e-05,0.0004303552008479983,159.27500060172625,159.27499939827376,7.555815315228105e-09,0.4999584563193954,0.0007462304265802648,4.685169841973095e-06,39.63433759485345,12.619698248483427,29.55546219852461,0.0,0.0,0.0,0.0,0.0,0,0,0,0
63,2026-05-30 18:00:00,159.275,159.275,159.275,159.275,0,1780164000.0,USDJPY,0.0,0.0,0.0,0.0,0.0,0.0,0.0,0.0,32.32146659513393,18.509304235016657,39.22607313921435,-0.0016293426982372239,-0.0023399186853566532,0.0007105759871194293,159.27500009824828,-6.168468296044837e-10,-3.157691708111088e-07,159.27508382595659,-5.262967349697278e-07,-8.761636991039268e-05,159.27574063588636,-4.650023182452019e-06,-0.0004521656150302533,159.28214017601636,-4.482722299222824e-05,-0.0015810872834833845,159.28600919787084,-6.91159124789043e-05,-0.001157888006758867,159.2666898711071,5.217744463469922e-05,0.0004260730595433415,159.27500060172625,159.27499939827376,7.555815315228105e-09,0.4999584563193954,0.000692928253253103,4.350514853260732e-06,39.67158336344805,12.619698248483427,29.55546219852461,0.0,0.0,0.0,0.0,0.0,0,0,0,0
63,2026-05-30 18:05:00,159.275,159.275,159.275,159.275,0,1780164300.0,USDJPY,0.0,0.0,0.0,0.0,0.0,0.0,0.0,0.0,32.32146659513393,18.509304235016657,39.22607313921435,-0.0015108516298028007,-0.002174105274245883,0.0006632536444430822,159.27500007368621,-4.6263512227470656e-10,-2.3682687810833158e-07,159.27507264916238,-4.561238690288829e-07,-7.593418726514756e-05,159.27567330535123,-4.227295589182487e-06,-0.00041105965001975164,159.28186016911377,-4.306936839186076e-05,-0.001519083860586079,159.2857911939526,-6.774737326984369e-05,-0.0011349595313561167,159.2667725589568,5.165823926116098e-05,0.00042183352661595563,159.27500060172625,159.27499939827376,7.555815315228105e-09,0.4999584563193954,0.0006434333780207385,4.039763792313537e-06,39.70616872000018,12.619698248483427,29.55546219852461,0.0,0.0,0.0,0.0,0.0,0,0,0,0
63,2026-05-30 18:10:00,159.275,159.275,159.275,159.275,0,1780164600.0,USDJPY,0.0,0.0,0.0,0.0,0.0,0.0,0.0,0.0,32.32146659513393,18.509304235016657,39.22607313921435,-0.0014007990647257884,-0.002019444032341864,0.0006186449676160756,159.27500005526466,-3.4697629713509597e-10,-1.7762016568667605e-07,159.27506296260742,-3.9530737734233787e-07,-6.580962894986442e-05,159.27561209577382,-3.842997466866062e-06,-0.0003736905909477173,159.28159114287402,-4.138044344435815e-05,-0.0014595119444891225,159.28557750694364,-6.640593021155512e-05,-0.0011124850851729207,159.2668544240418,5.114420064144904e-05,0.00041763617807077935,159.27500060172625,159.27499939827376,7.555815315228105e-09,0.4999584563193954,0.0005974738510192572,3.7512092357197124e-06,39.73828369394145,12.619698248483429,29.55546219852461,0.0,0.0,0.0,0.0,0.0,0,0,0,0
63,2026-05-30 18:15:00,159.275,159.275,159.275,159.275,0,1780164900.0,USDJPY,0.0,0.0,0.0,0.0,0.0,0.0,0.0,0.0,32.32146659513393,18.509304235016657,39.22607313921435,-0.0012986120229641074,-0.0018752776304663127,0.0005766656075022053,159.2750000414485,-2.602322228738956e-10,-1.3321511005415232e-07,159.27505456759312,-3.425997451947202e-07,-5.7035011764128285e-05,159.27555645070345,-3.4936352811572075e-06,-0.0003397187190614659,159.28133266668289,-3.975774547373956e-05,-0.0014022761819774132,159.2853680513606,-6.509104688914986e-05,-0.001090455677541513,159.26693547454886,5.063527735444743e-05,0.0004134805942044295,159.27500060172625,159.27499939827376,7.555815315228105e-09,0.4999584563193954,0.0005547971473750245,3.48326571888259e-06,39.76810474117262,12.619698248483429,29.55546219852461,0.0,0.0,0.0,0.0,0.0,0,0,0,0
63,2026-05-30 18:20:00,159.275,159.275,159.275,159.275,0,1780165200.0,USDJPY,0.0,0.0,0.0,0.0,0.0,0.0,0.0,0.0,32.32146659513393,18.509304235016657,39.22607313921435,-0.0012037519529712881,-0.001740972494967308,0.0005372205419960198,159.27500003108636,-1.9517412255705447e-10,-9.991134675146895e-08,159.27504729191406,-2.969197929104877e-07,-4.943034352322684e-05,159.27550586427586,-3.1760330824651288e-06,-0.00030883519914937096,159.281084326813,-3.8198677756975335e-05,-0.001347284959138051,159.28516274341285,-6.380219750423123e-05,-0.0010688624957992943,159.2670157185832,5.0131418491058523e-05,0.0004093663594346708,159.27500060172625,159.27499939827376,7.555815315228105e-09,0.4999584563193954,0.0005151687797053799,3.2344610246766906e-06,39.79579571360157,12.619698248483429,29.55546219852461,0.0,0.0,0.0,0.0,0.0,0,0,0,0
63,2026-05-30 18:25:00,159.275,159.275,159.275,159.275,0,1780165500.0,USDJPY,0.0,0.0,0.0,0.0,0.0,0.0,0.0,0.0,32.32146659513393,18.509304235016657,39.22607313921435,-0.0011157134143218173,-0.00161592067883821,0.0005002072645163926,159.27500002331476,-1.4638050270280357e-10,-7.493352427445643e-08,159.27504098632554,-2.57330497459899e-07,-4.28396310496737e-05,159.2754598766144,-2.887303635828126e-06,-0.0002807592719591412,159.2808457257615,-3.6700745371279446e-05,-0.0012944502548464243,159.28496150096902,-6.253886666477302e-05,-0.0010476969018213822,159.26709516416943,4.963257364884136e-05,0.00040529306232883755,159.27500060172625,159.27499939827376,7.555815315228105e-09,0.4999584563193954,0.00047837100972642415,3.003428094342641e-06,39.821508759428454,12.619698248483429,29.55546219852461,0.0,0.0,0.0,0.0,0.0,0,0,0,0
63,2026-05-30 18:30:00,159.275,159.275,159.275,159.275,0,1780165800.0,USDJPY,0.0,0.0,0.0,0.0,0.0,0.0,0.0,0.0,32.32146659513393,18.509304235016657,39.22607313921435,-0.0010340226685059406,-0.0014995410767717561,0.0004655184082658155,159.27500001748606,-1.0978533242005542e-10,-5.620015031126968e-08,159.27503552148215,-2.2301977224807675e-07,-3.7127680229787074e-05,159.27541806964945,-2.624822176004332e-06,-0.000255235701786205,159.280616481614,-3.526155120479849e-05,-0.0012436874997661107,159.28476424352408,-6.130054917962013e-05,-0.0010269504285247422,159.26717381925232,4.913869292718558e-05,0.00040126029551856846,159.27500060172625,159.27499939827376,7.555815315228105e-09,0.4999584563193954,0.0004442016518888224,2.788897516175309e-06,39.84538515912484,12.619698248483429,29.55546219852461,0.0,0.0,0.0,0.0,0.0,0,0,0,0
63,2026-05-30 18:35:00,159.275,159.275,159.275,159.275,0,1780166100.0,USDJPY,0.0,0.0,0.0,0.0,0.0,0.0,0.0,0.0,32.32146659513394,18.509304235016657,39.22607313921435,-0.000958236213307373,-0.0013912801040788796,0.0004330438907715066,159.27500001311455,-8.233899931730146e-11,-4.21501056280249e-08,159.27503078528454,-1.932838084219627e-07,-3.217732287907893e-05,159.27538006331767,-2.386202547516992e-06,-0.00023203245615377455,159.28039622743307,-3.3878792123056164e-05,-0.0011949154409478524,159.28457089216715,-6.008674985618459e-05,-0.0010066147764860034,159.26725169169757,4.864972692212853e-05,0.00039726765575665013,159.27500060172625,159.27499939827376,7.555815315228105e-09,0.4999584563193954,0.0004124729624681922,2.5896905507342156e-06,39.86755610170005,12.619698248483429,29.55546219852461,0.0,0.0,0.0,0.0,0.0,0,0,0,0
63,2026-05-30 18:40:00,159.275,159.275,159.275,159.275,0,1780166400.0,USDJPY,0.0,0.0,0.0,0.0,0.0,0.0,0.0,0.0,32.32146659513394,18.509304235016657,39.22607313921436,-0.0008879392901519623,-0.0012906119412934962,0.0004026726511415339,159.2750000098359,-6.175420487818243e-11,-3.1612586326446035e-08,159.27502668057994,-1.67512638306491e-07,-2.788701317513187e-05,159.27534551210695,-2.1692755136430117e-06,-0.00021093859649568003,159.280184610671,-3.255025528547242e-05,-0.001148056011885501,159.28438136954998,-5.88969833031219e-05,-0.000986681810616119,159.26732878929263,4.816562672135105e-05,0.0003933147437749085,159.27500060172625,159.27499939827376,7.555815315228105e-09,0.4999584563193954,0.0003830106080061785,2.4047126542532e-06,39.8881434055199,12.619698248483427,29.55546219852461,0.0,0.0,0.0,0.0,0.0,0,0,0,0
63,2026-05-30 18:45:00,159.275,159.275,159.275,159.275,0,1780166700.0,USDJPY,0.0,0.0,0.0,0.0,0.0,0.0,0.0,0.0,32.32146659513394,18.509304235016643,39.22607313921436,-0.0008227443869373019,-0.0011970384304222574,0.0003742940434849555,159.27500000737692,-4.631556443722213e-11,-2.3709446850261884e-08,159.2750231231693,-1.4517762315575553e-07,-2.416874477262354e-05,159.2753141019154,-1.9720690375908156e-06,-0.00019176236045836959,159.27998129260547,-3.1273814606452744e-05,-0.0011030342075173394,159.2841955998559,-5.773077373602561e-05,-0.000967143556948713,159.26740511974745,4.76863438997087e-05,0.0003894011642557871,159.27500060172625,159.27499939827376,7.555815315228105e-09,0.4999584563193954,0.0003556527074343086,2.232947464663686e-06,39.90726018763832,12.619698248483427,29.5554621985246,0.0,0.0,0.0,0.0,0.0,0,0,0,0
63,2026-05-30 18:50:00,159.275,159.275,159.275,159.275,0,1780167000.0,USDJPY,0.0,0.0,0.0,0.0,0.0,0.0,0.0,0.0,32.32146659513394,18.509304235016643,39.226073139214364,-0.0007622897546468721,-0.0011100886952671804,0.0003477989406203083,159.2750000055327,-3.473667332831881e-11,-1.7782070926841698e-08,159.27502004008008,-1.2582060933704765e-07,-2.0946245456343604e-05,159.2752855471958,-1.7927903555182485e-06,-0.0001743294185985178,159.27978594779742,-3.004742735518401e-05,-0.001059777964087516,159.28401350876965,-5.658765478774659e-05,-0.0009479921993715834,159.26748069069524,4.7211830514049404e-05,0.0003855265258039253,159.27500060172625,159.27499939827376,7.555815315228105e-09,0.4999584563193954,0.00033024894261757227,2.0734512171877085e-06,39.925011485319715,12.619698248483429,29.55546219852461,0.0,0.0,0.0,0.0,0.0,0,0,0,0
63,2026-05-30 18:55:00,159.275,159.275,159.275,159.275,0,1780167300.0,USDJPY,0.0,0.0,0.0,0.0,0.0,0.0,0.0,0.0,32.32146659513394,18.509304235016643,39.226073139214364,-0.0007062379515332395,-0.0010293185465203923,0.00032308059498715276,159.27500000414952,-2.6052504996465352e-11,-1.3336546089703916e-08,159.27501736806943,-1.0904453007609953e-07,-1.8153412725041562e-05,159.2752595883598,-1.6298096795894152e-06,-0.00015848128964535135,159.27959826357008,-2.8869130888092957e-05,-0.0010182180439244348,159.28383502344747,-5.5467169321731735e-05,-0.0009292200766140013,159.2675555096933,4.674203909820959e-05,0.00038169044097458027,159.27500060172625,159.27499939827376,7.555815315228105e-09,0.4999584563193954,0.0003066597324306028,1.9253475588171576e-06,39.94149483316672,12.619698248483427,29.55546219852461,0.0,0.0,0.0,0.0,0.0,0,0,0,0
63,2026-05-30 19:00:00,159.275,159.275,159.275,159.275,0,1780167600.0,USDJPY,0.0,0.0,0.0,0.0,0.0,0.0,0.0,0.0,32.32146659513394,18.509304235016643,39.226073139214364,-0.0006542744254147692,-0.0009543097222992678,0.0003000352968844986,159.27500000311213,-1.9539289525346534e-11,-1.0002423778132652e-08,159.27501505232686,-9.450526093987177e-08,-1.5732957677982995e-05,159.27523598941798,-1.481645382644377e-06,-0.0001440738996905111,159.2794179395085,-2.7737039509884526e-05,-0.0009782879245676668,159.2836600724881,-5.4368869249631596e-05,-0.0009108196790634793,159.26762958422373,4.627692265854591e-05,0.00037789252615993973,159.27500060172625,159.27499939827376,7.555815315228105e-09,0.4999584563193954,0.0002847554658284169,1.7878227331873608e-06,39.95680079902466,12.619698248483429,29.55546219852461,0.0,0.0,0.0,0.0,0.0,0,0,0,0
63,2026-05-30 19:05:00,159.275,159.275,159.275,159.275,0,1780167900.0,USDJPY,0.0,0.0,0.0,0.0,0.0,0.0,0.0,0.0,32.32146659513394,18.509304235016643,39.226073139214364,-0.000606106142271301,-0.0008846690062936745,0.0002785628640223735,159.27500000233408,-1.465437792195174e-11,-7.501824939026847e-09,159.27501304534997,-8.190456060844737e-08,-1.3635229976216579e-05,159.27521453583452,-1.3469505292536285e-06,-0.00013097627243041643,159.27924468697876,-2.664934145746951e-05,-0.0009399236922433829,159.28348858590417,-5.32923153524638e-05,-0.0008927836458099137,159.26770292169414,4.581643466946713e-05,0.0003741324015038572,159.27500060172625,159.27499939827376,7.555815315228105e-09,0.4999584563193954,0.0002644157896978157,1.6601211093882636e-06,39.97101348160703,12.619698248483429,29.55546219852461,0.0,0.0,0.0,0.0,0.0,0,0,0,0
63,2026-05-30 19:10:00,159.275,159.275,159.275,159.275,0,1780168200.0,USDJPY,0.0,0.0,0.0,0.0,0.0,0.0,0.0,0.0,32.32146659513394,18.509304235016643,39.226073139214364,-0.0005614602663968071,-0.0008200272583143011,0.000258566991917494,159.27500000175056,-1.09907388304392e-11,-5.626361598842777e-09,159.27501130597,-7.098395346905693e-08,-1.1817199293773228e-05,159.27519503257682,-1.2245006309500462e-06,-0.00011906933858085722,159.27907822866587,-2.5604296001803405e-05,-0.0009030639396030438,159.28332049509416,-5.22370771044406e-05,-0.0008751047617465701,159.2677755294385,4.536052906807377e-05,0.00037040969104396027,159.27500060172625,159.27499939827376,7.555815315228105e-09,0.4999584563193954,0.0002455289475765432,1.541541030146245e-06,39.98421097257638,12.619698248483429,29.55546219852461,0.0,0.0,0.0,0.0,0.0,0,0,0,0
63,2026-05-30 19:15:00,159.275,159.275,159.275,159.275,0,1780168500.0,USDJPY,0.0,0.0,0.0,0.0,0.0,0.0,0.0,0.0,32.32146659513394,18.509304235016643,39.226073139214364,-0.0005200828962301784,-0.0007600383858974767,0.00023995548966729827,159.27500000131292,-8.24305412285205e-12,-4.219771199132083e-09,159.27500979850734,-6.151942698158304e-08,-1.0241572738323157e-05,159.27517730234254,-1.1131825155605094e-06,-0.00010824485326565991,159.27891829812995,-2.4600230663370567e-05,-0.00086764966746955,159.28315573281506,-5.120273250195906e-05,-0.0008577759545858044,159.26784741471772,4.490916025040408e-05,0.00036672402248427716,159.27500060172625,159.27499939827376,7.555815315228105e-09,0.4999584563193954,0.0002279911656067901,1.4314309565643702e-06,39.99646578561934,12.619698248483429,29.55546219852461,0.0,0.0,0.0,0.0,0.0,0,0,0,0
63,2026-05-30 19:20:00,159.275,159.275,159.275,159.275,0,1780168800.0,USDJPY,0.0,0.0,0.0,0.0,0.0,0.0,0.0,0.0,32.32146659513394,18.509304235016643,39.226073139214364,-0.00048173785810945446,-0.0007043782803398723,0.0002226404222304178,159.27500000098468,-6.1822013700220336e-12,-3.1648426102037774e-09,159.27500849203972,-5.331683728556725e-08,-8.876029710336297e-06,159.27516118394774,-1.0119842073364243e-06,-9.840441205710704e-05,159.27876463937977,-2.3635538537046575e-05,-0.0008336241903066366,159.28299423315534,-5.018886789400734e-05,-0.0008407902921305777,159.26791858472055,4.446228306607398e-05,0.00036307502725207996,159.27500060172625,159.27499939827376,7.555815315228105e-09,0.4999584563193954,0.00021170608234916222,1.3291858882383438e-06,40.00784525487352,12.619698248483427,29.55546219852461,0.0,0.0,0.0,0.0,0.0,0,0,0,0
63,2026-05-30 19:25:00,159.275,159.275,159.275,159.275,0,1780169100.0,USDJPY,0.0,0.0,0.0,0.0,0.0,0.0,0.0,0.0,32.32146659513394,18.509304235016643,39.226073139214364,-0.00044620555920005245,-0.0006527437361119083,0.00020653817691185586,159.27500000073852,-4.636695638588564e-12,-2.3736106413707603e-09,159.27500735976778,-4.620792615442392e-08,-7.692559080396677e-06,159.27514653086158,-9.199857276055905e-07,-8.94585564026329e-05,159.27861700646292,-2.2708675721178264e-05,-0.0008009330455820418,159.28283593150869,-4.919507781773449e-05,-0.0008241409794038645,159.26798904656414,4.4019852814344845e-05,0.0003594623404126196,159.27500060172625,159.27499939827376,7.555815315228105e-09,0.4999584563193954,0.00019658421932422206,1.234244039078462e-06,40.01841190489527,12.619698248483429,29.55546219852461,0.0,0.0,0.0,0.0,0.0,0,0,0,0
63,2026-05-30 19:30:00,159.275,159.275,159.275,159.275,0,1780169400.0,USDJPY,0.0,0.0,0.0,0.0,0.0,0.0,0.0,0.0,32.32146659513394,18.509304235016643,39.226073139214364,-0.00041328189985279096,-0.0006048513688600849,0.000191569469007294,159.2750000005539,-3.4775217289454537e-12,-1.780193770173355e-09,159.27500637846543,-4.004686971142422e-08,-6.666884530659445e-06,159.27513320987416,-8.363507313754322e-07,-8.13259603660299e-05,159.27847516307222,-2.1818158848217986e-05,-0.0007695239065412807,159.2826807645481,-4.822096483579413e-05,-0.0008078213560622771,159.26805880729486,4.358182523929906e-05,0.0003558856007259692,159.27500060172625,159.27499939827376,7.555815315228105e-09,0.4999584563193954,0.0001825424893724919,1.1460837505728578e-06,40.02822379420117,12.619698248483429,29.55546219852461,0.0,0.0,0.0,0.0,0.0,0,0,0,0
63,2026-05-30 19:35:00,159.275,159.275,159.275,159.275,0,1780169700.0,USDJPY,0.0,0.0,0.0,0.0,0.0,0.0,0.0,0.0,32.32146659513394,18.509304235016643,39.226073139214364,-0.00038277724479485187,-0.0005604365440470384,0.00017765929925218655,159.27500000041542,-2.608141296711358e-12,-1.3351382222026587e-09,159.2750055280034,-3.4707287351830735e-08,-5.77796660650165e-06,159.27512109988558,-7.603189044160845e-07,-7.393269123667778e-05,159.27833888216742,-2.096256271157101e-05,-0.0007393464984488674,159.2825286702006,-4.726613937796032e-05,-0.0007918248935538941,159.26812787388894,4.314815652572956e-05,0.00035234445044807217,159.27500060172625,159.27499939827376,7.555815315228105e-09,0.4999584563193954,0.00016950374013159964,1.0642206255319393e-06,40.037334834270936,12.619698248483429,29.55546219852461,0.0,0.0,0.0,0.0,0.0,0,0,0,0
63,2026-05-30 19:40:00,159.275,159.275,159.275,159.275,0,1780170000.0,USDJPY,0.0,0.0,0.0,0.0,0.0,0.0,0.0,0.0,32.32146659513394,18.509304235016643,39.226073139214364,-0.0003545154524147165,-0.0005192523257205741,0.0001647368733058576,159.27500000031156,-1.9561059725347937e-12,-1.001353666651994e-09,159.2750047909363,-3.007964930831015e-08,-5.007571047599413e-06,159.27511009080507,-6.911990517740097e-07,-6.721153746980235e-05,159.27820794561185,-2.014051798563381e-05,-0.0007103525180980341,159.28237958762236,-4.6330219585231886e-05,-0.0007761451927024154,159.26819625325325,4.271880329413722e-05,0.0003488385355296941,159.27500060172625,159.27499939827376,7.555815315228105e-09,0.4999584563193954,0.00015739633012219967,9.882048665653722e-07,40.04579508576428,12.619698248483429,29.5554621985246,0.0,0.0,0.0,0.0,0.0,0,0,0,0
63,2026-05-30 19:45:00,159.275,159.275,159.275,159.275,0,1780170300.0,USDJPY,0.0,0.0,0.0,0.0,0.0,0.0,0.0,0.0,32.32146659513394,18.509304235016643,39.226073139214364,-0.0003283329603789298,-0.00048106845265224524,0.00015273549227331546,159.27500000023366,-1.4669902572720676e-12,-7.510152499889955e-10,159.27500415214482,-2.6069029683532688e-08,-4.339894900340369e-06,159.27510008255004,-6.28362813661767e-07,-6.11013977049879e-05,159.27808214382316,-1.9350709034572523e-05,-0.0006824955566173685,159.28223345717439,-4.541283115749593e-05,-0.0007607759809502568,159.26826395222585,4.229372259733447e-05,0.00034536750530378413,159.27500060172625,159.27499939827376,7.555815315228105e-09,0.4999584563193954,0.00014615373511347112,9.176188046678456e-07,40.053651033579534,12.619698248483429,29.55546219852461,0.0,0.0,0.0,0.0,0.0,0,0,0,0
63,2026-05-30 19:50:00,159.275,159.275,159.275,159.275,0,1780170600.0,USDJPY,0.0,0.0,0.0,0.0,0.0,0.0,0.0,0.0,32.32146659513394,18.509304235016643,39.226073139214364,-0.0003040779257332815,-0.00044567034726845255,0.00014159242153517104,159.27500000017525,-1.1002873040193267e-12,-5.632614374917466e-10,159.27500359852553,-2.2593159268451678e-08,-3.7612422545407753e-06,159.2750909841364,-5.712389541258676e-07,-5.5546725178601264e-05,159.27796127543795,-1.8591871808423615e-05,-0.0006557310249775128,159.28209022039863,-4.4513607203502145e-05,-0.0007457111100563907,159.26833097757685,4.187287191508596e-05,0.0003419310127128483,159.27500060172625,159.27499939827376,7.555815315228105e-09,0.4999584563193954,0.00013571418260536604,8.520746043344281e-07,40.06094584226513,12.619698248483429,29.55546219852461,0.0,0.0,0.0,0.0,0.0,0,0,0,0
63,2026-05-30 19:55:00,159.275,159.275,159.275,159.275,0,1780170900.0,USDJPY,0.0,0.0,0.0,0.0,0.0,0.0,0.0,0.0,32.32146659513394,18.509304235016643,39.22607313921437,-0.00028160941795363215,-0.00041285816140548847,0.00013124874345185633,159.27500000013143,-8.251262558849769e-13,-4.2246028897352517e-10,159.27500311872214,-1.9580738174917536e-08,-3.2597432948477945e-06,159.27508271285126,-5.193081670014099e-07,-5.049702289738889e-05,159.27784514698942,-1.7862791820101718e-05,-0.000630016082794782,159.28194981999468,-4.363218809493238e-05,-0.0007309445534247061,159.26839733600895,4.1456209150712405e-05,0.00033852871408157625,159.27500060172625,159.27499939827376,7.555815315228105e-09,0.4999584563193954,0.00012602031241926848,7.912121325962548e-07,40.06771959318746,12.619698248483429,29.55546219852461,0.0,0.0,0.0,0.0,0.0,0,0,0,0
63,2026-05-30 20:00:00,159.275,159.275,159.275,159.275,0,1780171200.0,USDJPY,0.0,0.0,0.0,0.0,0.0,0.0,0.0,0.0,32.32146659513394,18.509304235016643,39.226073139214364,-0.0002607966621042124,-0.0003824458615452333,0.00012164919944102092,159.27500000009857,-6.188446919138603e-13,-3.168452167301439e-10,159.27500270289255,-1.69699733076774e-08,-2.82511084037651e-06,159.27507519350112,-4.720983557955526e-07,-4.59063844573393e-05,159.2777335725977,-1.716230220243053e-05,-0.0006053095697211575,159.28181219979675,-4.2768221322067946e-05,-0.0007164704038586933,159.26846303415812,4.1043692626623834e-05,0.00033516026917368436,159.27500060172625,159.27499939827376,7.555815315228105e-09,0.4999584563193954,0.00011701886153217787,7.346969802679508e-07,40.0740095047582,12.619698248483427,29.5554621985246,0.0,0.0,0.0,0.0,0.0,0,0,0,0
63,2026-05-30 20:05:00,159.275,159.275,159.275,159.275,0,1780171500.0,USDJPY,0.0,0.0,0.0,0.0,0.0,0.0,0.0,0.0,32.32146659513394,18.509304235016643,39.226073139214364,-0.00024151833017072022,-0.0003542603552703307,0.00011274202509961047,159.27500000007393,-4.641335189354671e-13,-2.376339125476079e-10,159.2750023425069,-1.470731034033132e-08,-2.4484293987825367e-06,159.2750683577283,-4.291803418214116e-07,-4.173307678456695e-05,159.2776263736723,-1.648928184127861e-05,-0.0005815719395627639,159.28167730475124,-4.1921361353195935e-05,-0.0007022828711171769,159.26852807859436,4.0635281079852854e-05,0.00033182534110665074,159.27500060172625,159.27499939827376,7.555815315228105e-09,0.4999584563193954,0.00010866037142273658,6.822186245345257e-07,40.079850136931036,12.619698248483427,29.5554621985246,0.0,0.0,0.0,0.0,0.0,0,0,0,0
63,2026-05-30 20:10:00,159.275,159.275,159.275,159.275,0,1780171800.0,USDJPY,0.0,0.0,0.0,0.0,0.0,0.0,0.0,0.0,32.32146659513394,18.509304235016643,39.22607313921437,-0.00022366187832290052,-0.0003281406598808447,0.0001044787815579442,159.27500000005546,-3.4814475026651335e-13,-1.7820411812863313e-10,159.27500203017266,-1.2746335748452655e-08,-2.1219721588749962e-06,159.27506214338933,-3.9016396221961e-07,-3.7939160705491304e-05,159.2775233786263,-1.5842653582130377e-05,-0.0005587651968426144,159.28154508089477,-4.109126949668452e-05,-0.0006883762796121573,159.2685924758223,4.023093365812344e-05,0.00032852359643698037,159.27500060172625,159.27499939827376,7.555815315228105e-09,0.4999584563193954,0.00010089891632111253,6.334887227820595e-07,40.08527358109153,12.619698248483427,29.5554621985246,0.0,0.0,0.0,0.0,0.0,0,0,0,0
63,2026-05-30 20:15:00,159.275,159.275,159.275,159.275,0,1780172100.0,USDJPY,0.0,0.0,0.0,0.0,0.0,0.0,0.0,0.0,32.32146659513394,18.509304235016643,39.22607313921437,-0.00020712292740654448,-0.0003039371133859847,9.681418597944021e-05,159.2750000000416,-2.61063951635035e-13,-1.3366729945119005e-10,159.275001759483,-1.1046824453062675e-08,-1.839042539586444e-06,159.2750564939903,-3.546945236084454e-07,-3.449014610623635e-05,159.27742442260177,-1.5221382506351407e-05,-0.0005368528361771041,159.2814154753325,-4.027761376519214e-05,-0.000674745066135074,159.26865623228178,3.98306099159199e-05,0.0003252547049328314,159.27500060172625,159.27499939827376,7.555815315228105e-09,0.4999584563193954,9.369185086960449e-05,5.882395282976267e-07,40.0903096363834,12.619698248483424,29.555462198524594,0.0,0.0,0.0,0.0,0.0,0,0,0,0
63,2026-05-30 20:20:00,159.275,159.275,159.275,159.275,0,1780172400.0,USDJPY,0.0,0.0,0.0,0.0,0.0,0.0,0.0,0.0,32.32146659513394,18.509304235016643,39.22607313921437,-0.00019180468464696787,-0.00028151062763818134,8.970594299121347e-05,159.27500000003118,-1.9575335266141638e-13,-1.0024336916103493e-10,159.27500152488528,-9.573914694740855e-09,-1.593836856272901e-06,159.275051358173,-3.2244957728169683e-07,-3.135467827064531e-05,159.27732934720564,-1.4624474275012725e-05,-0.0005157997837841322,159.28128843621698,-3.948006874325977e-05,-0.0006613837776967557,159.26871935434863,3.9434269810377344e-05,0.0003220183396877019,159.27500060172625,159.27499939827376,7.555815315228105e-09,0.4999584563193954,8.699957580748988e-05,5.462224191335105e-07,40.094985973440146,12.619698248483427,29.555462198524594,0.0,0.0,0.0,0.0,0.0,0,0,0,0
63,2026-05-30 20:25:00,159.275,159.275,159.275,159.275,0,1780172700.0,USDJPY,0.0,0.0,0.0,0.0,0.0,0.0,0.0,0.0,32.32146659513394,18.509304235016643,39.22607313921437,-0.0001776174040060141,-0.0002607319829117479,8.31145789057338e-05,159.2750000000234,-1.4685962556094216e-13,-7.51754214434186e-11,159.27500132156726,-8.297392829307864e-09,-1.3813252905947593e-06,159.27504668924814,-2.931359877614235e-07,-2.8504252981065292e-05,159.2772380002564,-1.4050973538316576e-05,-0.0004955723412933821,159.28116391272752,-3.869831545739461e-05,-0.0006482870692252618,159.2687818483352,3.9041873696993904e-05,0.0003188141770920083,159.27500060172625,159.27499939827376,7.555815315228105e-09,0.4999584563193954,8.078532039266918e-05,5.072065320525454e-07,40.099328286421404,12.619698248483427,29.555462198524594,0.0,0.0,0.0,0.0,0.0,0,0,0,0
63,2026-05-30 20:30:00,159.275,159.275,159.275,159.275,0,1780173000.0,USDJPY,0.0,0.0,0.0,0.0,0.0,0.0,0.0,0.0,32.32146659513394,18.509304235016643,39.22607313921437,-0.00016447788325990587,-0.00024148116298137952,7.700327972147365e-05,159.27500000001754,-1.1010010810583796e-13,-5.638867150992155e-11,159.27500114535832,-7.19107394800746e-09,-1.1971485776030022e-06,159.27504244477103,-2.664872686541737e-07,-2.5912957255513902e-05,159.27715023554046,-1.3499962406881508e-05,-0.00047613813183033926,159.28104185504972,-3.793204124828845e-05,-0.0006354497015195193,159.26884372049108,3.8653382325878405e-05,0.0003156418967193986,159.27500060172625,159.27499939827376,7.555815315228105e-09,0.4999584563193954,7.501494036462137e-05,4.7097749404879213e-07,40.10336043418972,12.619698248483427,29.555462198524594,0.0,0.0,0.0,0.0,0.0,0,0,0,0
63,2026-05-30 20:35:00,159.275,159.275,159.275,159.275,0,1780173300.0,USDJPY,0.0,0.0,0.0,0.0,0.0,0.0,0.0,0.0,32.32146659513394,18.509304235016643,39.22607313921437,-0.00015230899509788287,-0.0002236467294046802,7.133773430679732e-05,159.27500000001316,-8.261969214425345e-14,-4.229150363244116e-11,159.2750009926439,-6.23226422510781e-09,-1.0375287615715933e-06,159.27503858615546,-2.422611590450231e-07,-2.3557233873816585e-05,159.2770659125781,-1.2970558983285425e-05,-0.0004574660482035142,159.28092221435566,-3.718093964624158e-05,-0.0006228665391176946,159.26890497700361,3.8268756837819636e-05,0.000312501181326752,159.27500060172625,159.27499939827376,7.555815315228105e-09,0.4999584563193954,6.9656730338577e-05,4.3733624447387846e-07,40.107104571403156,12.619698248483427,29.555462198524594,0.0,0.0,0.0,0.0,0.0,0,0,0,0
63,2026-05-30 20:40:00,159.275,159.275,159.275,159.275,0,1780173600.0,USDJPY,0.0,0.0,0.0,0.0,0.0,0.0,0.0,0.0,32.32146659513394,18.509304235016643,39.22607313921437,-0.0001410392508773839,-0.00020712523369922095,6.608598282183706e-05,159.27500000000987,-6.192015804331866e-14,-3.171862772433087e-11,159.27500086029139,-5.401295713833544e-09,-8.991916047307313e-07,159.27503507832313,-2.202374220505541e-07,-2.141566716318266e-05,159.27698489639857,-1.2461915950123604e-05,-0.00043952620319487323,159.28080494278424,-3.6444710248186665e-05,-0.0006105325482508306,159.2689656239986,3.7887958760534226e-05,0.0003093917168257576,159.27500060172625,159.27499939827376,7.555815315228105e-09,0.4999584563193954,6.468124960010721e-05,4.060979412971729e-07,40.110581270244204,12.619698248483427,29.5554621985246,0.0,0.0,0.0,0.0,0.0,0,0,0,0
63,2026-05-30 20:45:00,159.275,159.275,159.275,159.275,0,1780173900.0,USDJPY,0.0,0.0,0.0,0.0,0.0,0.0,0.0,0.0,32.32146659513394,18.509304235016643,39.22607313921437,-0.000130602394278867,-0.00019182066581515016,6.121827153628316e-05,159.2750000000074,-4.639550746761701e-14,-2.3788970793248154e-11,159.27500074558588,-4.681123062426844e-09,-7.792993983457563e-07,159.27503188938465,-2.002158421553037e-07,-1.946878833791743e-05,159.27690705732414,-1.1973219215299405e-05,-0.0004222898814987275,159.28068999342216,-3.5723058597918615e-05,-0.0005984427948249049,159.26902566754092,3.751095000455766e-05,0.0003063131922829143,159.27500060172625,159.27499939827376,7.555815315228105e-09,0.4999584563193954,6.00611603429567e-05,3.7709094549023195e-07,40.11380963345375,12.619698248483427,29.555462198524594,0.0,0.0,0.0,0.0,0.0,0,0,0,0
63,2026-05-30 20:50:00,159.275,159.275,159.275,159.275,0,1780174200.0,USDJPY,0.0,0.0,0.0,0.0,0.0,0.0,0.0,0.0,32.32146659513394,18.509304235016643,39.22607313921437,-0.0001209370235244478,-0.0001776439373570097,5.6706913832561904e-05,159.27500000000555,-3.479663060071316e-14,-1.7848833522293717e-11,159.27500064617445,-4.056973406576077e-09,-6.753928118996555e-07,159.27502899034965,-1.8201440509384714e-07,-1.7698898489015846e-05,159.2768322707624,-1.150368660830588e-05,-0.0004057294939912026,159.28057732028506,-3.501569606846019e-05,-0.0005865924424597324,159.26908511363504,3.713769285949228e-05,0.00030326529983426553,159.27500060172625,159.27499939827376,7.555815315228105e-09,0.4999584563193954,5.577107746131694e-05,3.5015587795521545e-07,40.11680739929118,12.619698248483427,29.555462198524594,0.0,0.0,0.0,0.0,0.0,0,0,0,0
63,2026-05-30 20:55:00,159.275,159.275,159.275,159.275,0,1780174500.0,USDJPY,0.0,0.0,0.0,0.0,0.0,0.0,0.0,0.0,32.32146659513394,18.509304235016643,39.226073139214364,-0.00011198623991504064,-0.0001645123978686159,5.2526157953575246e-05,159.27500000000416,-2.605286188566239e-14,-1.3386625141720288e-11,159.27500056001787,-3.516043728001088e-09,-5.853404445588239e-07,159.27502635486331,-1.6546764368369396e-07,-1.6089907717287133e-05,159.27676041700704,-1.1052566629464478e-05,-0.00038981853342079376,159.2804668782992,-3.432233974656349e-05,-0.0005749767505278669,159.26914396822573,3.676814999043394e-05,0.00030024773465697763,159.27500060172625,159.27499939827376,7.555815315228105e-09,0.4999584563193954,5.178742907122287e-05,3.2514474381555716e-07,40.11959103899738,12.619698248483427,29.555462198524594,0.0,0.0,0.0,0.0,0.0,0,0,0,0
63,2026-05-30 21:00:00,159.275,159.275,159.275,159.275,0,1780174800.0,USDJPY,0.0,0.0,0.0,0.0,0.0,0.0,0.0,0.0,32.32146659513394,18.509304235016643,39.226073139214364,-0.00010369732120807384,-0.0001523493825365075,4.8652061328433645e-05,159.2750000000031,-1.94504242845015e-14,-1.0061285138363019e-11,159.27500048534884,-3.047238006096061e-09,-5.07295055740542e-07,159.27502395896664,-1.5042513283564538e-07,-1.4627188818394643e-05,159.276691381046,-1.0619137246770734e-05,-0.00037453153211686185,159.28035862328335,-3.364271231970439e-05,-0.0005635910723071902,159.2692022371986,3.6402284433863244e-05,0.0002972601949977616,159.27500060172625,159.27499939827376,7.555815315228105e-09,0.4999584563193954,4.808832699470696e-05,3.0192011925730315e-07,40.122175847295985,12.619698248483427,29.555462198524594,0.0,0.0,0.0,0.0,0.0,0,0,0,0
63,2026-05-30 21:05:00,159.275,159.275,159.275,159.275,0,1780175100.0,USDJPY,0.0,0.0,0.0,0.0,0.0,0.0,0.0,0.0,32.32146659513394,18.509304235016643,39.226073139214364,-9.602141830100663e-05,-0.0001410837896894073,4.5062371388400674e-05,159.27500000000234,-1.4632429278248907e-14,-7.531752999057062e-12,159.27500042063568,-2.6409397015265334e-09,-4.396557073960139e-07,159.27502178087875,-1.367501224999596e-07,-1.3297444382942558e-05,159.27662505237754,-1.0202704740885129e-05,-0.0003598440210339504,159.2802525119312,-3.2976541965213326e-05,-0.0005524308530482358,159.26925992638073,3.6040059594250745e-05,0.00029430238211602955,159.27500060172625,159.27499939827376,7.555815315228105e-09,0.4999584563193954,4.465344649508503e-05,2.8035439645321006e-07,40.124576026430404,12.619698248483429,29.555462198524594,0.0,0.0,0.0,0.0,0.0,0,0,0,0
63,2026-05-30 21:10:00,159.275,159.275,159.275,159.275,0,1780175400.0,USDJPY,0.0,0.0,0.0,0.0,0.0,0.0,0.0,0.0,32.32146659513394,18.509304235016643,39.226073139214364,-8.891327308901964e-05,-0.00013064968636932977,4.173641328031013e-05,159.27500000000174,-1.08850998289413e-14,-5.6559201766503975e-12,159.27500036455095,-2.2888145753435867e-09,-3.8103493693597557e-07,159.27501980079884,-1.2431829462995206e-07,-1.2088585805258845e-05,159.27656132483332,-9.802602594702903e-06,-0.00034573249081404356,159.28014850179392,-3.232356224136417e-05,-0.0005414916282404647,159.26931704154111,3.568143924048385e-05,0.0002913740001986298,159.27500060172625,159.27499939827376,7.555815315228105e-09,0.4999584563193954,4.1463914602578954e-05,2.603290824208379e-07,40.12680476419808,12.619698248483429,29.555462198524594,0.0,0.0,0.0,0.0,0.0,0,0,0,0
63,2026-05-30 21:15:00,159.275,159.275,159.275,159.275,0,1780175700.0,USDJPY,0.0,0.0,0.0,0.0,0.0,0.0,0.0,0.0,32.32146659513394,18.509304235016643,39.226073139214364,-8.233095678633617e-05,-0.00012098594045273105,3.865498366639488e-05,159.2750000000013,-8.208435936578707e-15,-4.234834705130197e-12,159.27500031594417,-1.9836393825104536e-09,-3.302302786778455e-07,159.27501800072622,-1.1301663274282831e-07,-1.0989623433488305e-05,159.27650009640848,-9.418190427148443e-06,-0.0003321743539288491,159.28004655126333,-3.1683511981491926e-05,-0.0005307690217364325,159.26937358839146,3.532638750175828e-05,0.00028847475641669007,159.27500060172625,159.27499939827376,7.555815315228105e-09,0.4999584563193954,3.850220641668046e-05,2.417341479622066e-07,40.12887430641092,12.619698248483429,29.5554621985246,0.0,0.0,0.0,0.0,0.0,0,0,0,0
63,2026-05-30 21:20:00,159.275,159.275,159.275,159.275,0,1780176000.0,USDJPY,0.0,0.0,0.0,0.0,0.0,0.0,0.0,0.0,32.32146659513394,18.509304235016643,39.226073139214364,-7.623562683534146e-05,-0.00011203587772925315,3.580025089391169e-05,159.27500000000097,-6.067104822688623e-15,-3.183231456205249e-12,159.2750002738183,-1.7191542985117256e-09,-2.861995653802296e-07,159.27501636429656,-1.0274239444194894e-07,-9.990566752549057e-06,159.27644126909834,-9.048852968162912e-06,-0.0003191479086979143,159.27994661955512,-3.1056135188998256e-05,-0.0005202587440749085,159.26942957258657,3.497486886454053e-05,0.00028560436084035246,159.27500060172625,159.27499939827376,7.555815315228105e-09,0.4999584563193954,3.5752048815489e-05,2.2446742310776328e-07,40.130796024179986,12.619698248483429,29.5554621985246,0.0,0.0,0.0,0.0,0.0,0,0,0,0
63,2026-05-30 21:25:00,159.275,159.275,159.275,159.275,0,1780176300.0,USDJPY,0.0,0.0,0.0,0.0,0.0,0.0,0.0,0.0,32.32146659513394,18.509304235016643,39.226073139214364,-7.059130135189662e-05,-0.00010374696245378185,3.3155661101885234e-05,159.27500000000072,-4.4611064872710535e-15,-2.3874235921539366e-12,159.27500023730923,-1.4899339041626113e-09,-2.4803961196084856e-07,159.27501487663324,-9.340217762158259e-08,-9.08233340624065e-06,159.27638474874155,-8.693999074173507e-06,-0.00030663230444361034,159.27984866669263,-3.0441180935386294e-05,-0.0005099565907187298,159.26948499972502,3.462684816863796e-05,0.0002827625264103517,159.27500060172625,159.27499939827376,7.555815315228105e-09,0.4999584563193954,3.3198331042954066e-05,2.0843403574292304e-07,40.132580476394125,12.619698248483429,29.555462198524594,0.0,0.0,0.0,0.0,0.0,0,0,0,0
63,2026-05-30 21:30:00,159.275,159.275,159.275,159.275,0,1780176600.0,USDJPY,0.0,0.0,0.0,0.0,0.0,0.0,0.0,0.0,32.32146659513394,18.509304235016643,39.226073139214364,-6.536464974260525e-05,-9.607049991154653e-05,3.070585016894128e-05,159.27500000000055,-3.390440930326004e-15,-1.7905676941154525e-12,159.27500020566802,-1.2912761932861924e-09,-2.1496765612027957e-07,159.27501352421203,-8.491107125361968e-08,-8.256666717443295e-06,159.27633044486933,-8.35306078190491e-06,-0.00029460750820931025,159.2797526534908,-2.9838403259718852e-05,-0.0004998584404063422,159.26953987534966,3.428229060380445e-05,0.00027994896893801524,159.27500060172625,159.27499939827376,7.555815315228105e-09,0.4999584563193954,3.082702168274306e-05,1.9354589033271423e-07,40.13423746773582,12.619698248483429,29.555462198524594,0.0,0.0,0.0,0.0,0.0,0,0,0,0
63,2026-05-30 21:35:00,159.275,159.275,159.275,159.275,0,1780176900.0,USDJPY,0.0,0.0,0.0,0.0,0.0,0.0,0.0,0.0,32.32146659513394,18.509304235016643,39.226073139214364,-6.052479849927295e-05,-8.896135962909181e-05,2.8436561129818863e-05,159.2750000000004,-2.4982196328717947e-15,-1.3358203432289883e-12,159.27500017824565,-1.1191062128183025e-09,-1.8630530007612833e-07,159.2750122947382,-7.719188344013934e-08,-7.506060654804969e-06,159.27627827056074,-8.025492399820958e-06,-0.0002830542725860141,159.27965854154047,-2.9247561070392484e-05,-0.0004899602534464975,159.2695942049482,3.394116170634607e-05,0.0002771634070768414,159.27500060172625,159.27499939827376,7.555815315228105e-09,0.4999584563193954,2.8625091562547127e-05,1.7972118388037748e-07,40.13577610255311,12.619698248483429,29.555462198524594,0.0,0.0,0.0,0.0,0.0,0,0,0,0
63,2026-05-30 21:40:00,159.275,159.275,159.275,159.275,0,1780177200.0,USDJPY,0.0,0.0,0.0,0.0,0.0,0.0,0.0,0.0,32.32146659513394,18.509304235016643,39.226073139214364,-5.6043150976847755e-05,-8.2377717898643e-05,2.6334566921795244e-05,159.2750000000003,-1.784442594908426e-15,-1.0231815394945443e-12,159.27500015447959,-9.698921940093245e-10,-1.6146458392540808e-07,159.2750111770347,-7.017443995103656e-08,-6.8236915069519455e-06,159.27622814230347,-7.710769634521547e-06,-0.00027195410501690276,159.2795662931931,-2.866841804869218e-05,-0.00048025807021190303,159.2696479939537,3.36034273555484e-05,0.00027440556223723434,159.27500060172625,159.27499939827376,7.555815315228105e-09,0.4999584563193954,2.6580442165222333e-05,1.6688395646035055e-07,40.13720483488345,12.619698248483427,29.555462198524594,0.0,0.0,0.0,0.0,0.0,0,0,0,0
63,2026-05-30 21:45:00,159.275,159.275,159.275,159.275,0,1780177500.0,USDJPY,0.0,0.0,0.0,0.0,0.0,0.0,0.0,0.0,32.32146659513394,18.509304235016643,39.226073139214364,-5.189322027376875e-05,-7.628081837366814e-05,2.4387598099899396e-05,159.2750000000002,-1.249109816435899e-15,-7.673861546209082e-13,159.27500013388232,-8.405732825019191e-10,-1.3993599168315995e-07,159.27501016094064,-6.379494575212392e-08,-6.203355923162235e-06,159.2761799798602,-7.40838875173937e-06,-0.0002612892381534948,159.2794758715457,-2.810074255466218e-05,-0.0004707480094054972,159.26970124774522,3.326905377028235e-05,0.00027167515864334746,159.27500060172625,159.27499939827376,7.555815315228105e-09,0.4999584563193954,2.4681839153420738e-05,1.5496367385603978e-07,40.13853151490448,12.619698248483427,29.555462198524594,0.0,0.0,0.0,0.0,0.0,0,0,0,0
63,2026-05-30 21:50:00,159.275,159.275,159.275,159.275,0,1780177800.0,USDJPY,0.0,0.0,0.0,0.0,0.0,0.0,0.0,0.0,32.32146659513394,18.509304235016643,39.226073139214364,-4.805047433364962e-05,-7.063474956566444e-05,2.2584275232014818e-05,159.27500000000015,-8.922212974542138e-16,-5.684341886080801e-13,159.27500011603135,-7.284969043980635e-10,-1.2127787840654491e-07,159.27500923721874,-5.7995405419550445e-08,-5.639414496272366e-06,159.2761337061402,-7.117865770688814e-06,-0.0002510426013486722,159.279387240426,-2.7544307534043976e-05,-0.00046142626663936426,159.26975397164827,3.293800750561008e-05,0.00026897192324781827,159.27500060172625,159.27499939827376,7.555815315228105e-09,0.4999584563193954,2.2918850642462115e-05,1.438948400091798e-07,40.13976343206686,12.619698248483427,29.555462198524594,0.0,0.0,0.0,0.0,0.0,0,0,0,0
63,2026-05-30 21:55:00,159.275,159.275,159.275,159.275,0,1780178100.0,USDJPY,0.0,0.0,0.0,0.0,0.0,0.0,0.0,0.0,32.32146659513394,18.509304235016643,39.226073139214364,-4.4492192188272384e-05,-6.540623809018603e-05,2.091404590191364e-05,159.27500000000012,-7.137770379633712e-16,-4.263256414560601e-13,159.27500010056053,-6.313641623172406e-10,-1.051074889346637e-07,159.27500839747157,-5.272309601659421e-08,-5.126740461491863e-06,159.27608924707587,-6.83873568855633e-06,-0.00024119779345710413,159.27930036437795,-2.6998890427709147e-05,-0.00045228911284311835,159.26980617093537,3.261025544956943e-05,0.00026629558570334666,159.27500060172625,159.27499939827376,7.555815315228105e-09,0.4999584563193954,2.1281789882286252e-05,1.3361663715138126e-07,40.14090735514622,12.619698248483424,29.555462198524594,0.0,0.0,0.0,0.0,0.0,0,0,0,0
63,2026-05-30 22:00:00,159.275,159.275,159.275,159.275,0,1780178400.0,USDJPY,0.0,0.0,0.0,0.0,0.0,0.0,0.0,0.0,32.32146659513394,18.509304235016643,39.226073139214364,-4.1197330773457e-05,-6.056445662684022e-05,1.9367125853383222e-05,159.2750000000001,-5.353327784725285e-16,-3.126388037344441e-13,159.27500008715248,-5.471823692246097e-10,-9.109317034017295e-08,159.27500763406505,-4.793008743643123e-08,-4.660673141643201e-06,159.27604653150428,-6.570551737453201e-06,-0.0002317390564599009,159.27921520864768,-2.6464273082694955e-05,-0.00044333289278597476,159.26985785082655,3.2285764819779964e-05,0.00026364587836269493,159.27500060172625,159.27499939827376,7.555815315228105e-09,0.4999584563193954,1.976166203355152e-05,1.2407259164056832e-07,40.141969569434195,12.619698248483427,29.555462198524594,0.0,0.0,0.0,0.0,0.0,0,0,0,0
63,2026-05-30 22:05:00,159.275,159.275,159.275,159.275,0,1780178700.0,USDJPY,0.0,0.0,0.0,0.0,0.0,0.0,0.0,0.0,32.32146659513394,18.509304235016643,39.226073139214364,-3.814640140831216e-05,-5.608084558313461e-05,1.7934444174822453e-05,159.27500000000006,-3.568885189816857e-16,-2.2737367544323206e-13,159.27500007553218,-4.742248984735193e-10,-7.894740861047467e-08,159.27500694005911,-4.357280682047334e-08,-4.236975598814752e-06,159.27600549105313,-6.312884668478565e-06,-0.00022265125033982258,159.2791317391695,-2.594024166484285e-05,-0.0004345540236272427,159.26990901648998,3.196450315987062e-05,0.00026102253627868777,159.27500060172625,159.27499939827376,7.555815315228105e-09,0.4999584563193954,1.8350114745440697e-05,1.1521026366624201e-07,40.14295591127303,12.619698248483427,29.555462198524594,0.0,0.0,0.0,0.0,0.0,0,0,0,0
63,2026-05-30 22:10:00,159.275,159.275,159.275,159.275,0,1780179000.0,USDJPY,0.0,0.0,0.0,0.0,0.0,0.0,0.0,0.0,32.32146659513394,18.509304235016643,39.226073139214364,-3.532135531258973e-05,-5.192894752902564e-05,1.660759221643591e-05,159.27500000000003,-1.7844425949084289e-16,-1.7053025658242404e-13,159.27500006546123,-4.1099495962150646e-10,-6.842108746241138e-08,159.27500630914463,-3.961164259119726e-08,-3.851796009257669e-06,159.27596606003144,-6.065322065391872e-06,-0.00021391982875229587,159.27904992255225,-2.542658657375371e-05,-0.00042594899346681814,159.26995967304234,3.1646438336621295e-05,0.00025842529711894713,159.27500060172625,159.27499939827376,7.555815315228105e-09,0.4999584563193954,1.7039392263623504e-05,1.069809591186533e-07,40.14387180012337,12.619698248483427,29.555462198524594,0.0,0.0,0.0,0.0,0.0,0,0,0,0
63,2026-05-30 22:15:00,159.275,159.275,159.275,159.275,0,1780179300.0,USDJPY,0.0,0.0,0.0,0.0,0.0,0.0,0.0,0.0,32.32146659513394,18.509304235016643,39.226073139214364,-3.2705477536865146e-05,-4.808425353059355e-05,1.5378775993728402e-05,159.27500000000003,-1.7844425949084289e-16,-1.1368683772161603e-13,159.2750000567331,-3.5619579823946696e-10,-5.929825874773087e-08,159.275005735586,-3.601058417371428e-08,-3.501632733104998e-06,159.27592817532434,-5.8274676843268656e-06,-0.00020553081586172084,159.27896972606604,-2.4923102358454085e-05,-0.00041751435995251995,159.27000982554938,3.133153853692594e-05,0.0002558539011090488,159.27500060172625,159.27499939827376,7.555815315228105e-09,0.4999584563193954,1.5822292816221823e-05,9.933946203874948e-08,40.144722268341546,12.619698248483427,29.55546219852459,0.0,0.0,0.0,0.0,0.0,0,0,0,0
63,2026-05-30 22:20:00,159.275,159.275,159.275,159.275,0,1780179600.0,USDJPY,0.0,0.0,0.0,0.0,0.0,0.0,0.0,0.0,32.32146659513394,18.509304235016643,39.226073139214364,-3.0283288651844487e-05,-4.452406055484374e-05,1.4240771902999255e-05,159.27500000000003,-1.7844425949084289e-16,-8.526512829121202e-14,159.27500004916868,-3.087030370518165e-10,-5.139185077496222e-08,159.27500521416908,-3.2736894729436025e-08,-3.1833024820571154e-06,159.275891776292,-5.598940819369512e-06,-0.0001974707838598988,159.2788911176291,-2.442958763573623e-05,-0.0004092467488590046,159.27005947902651,3.101977226386354e-05,0.00025330809114620934,159.27500060172625,159.27499939827376,7.555815315228105e-09,0.4999584563193954,1.4692129043634549e-05,9.224378617883878e-08,40.14551198882985,12.619698248483427,29.55546219852459,0.0,0.0,0.0,0.0,0.0,0,0,0,0
63,2026-05-30 22:25:00,159.275,159.275,159.275,159.275,0,1780179900.0,USDJPY,0.0,0.0,0.0,0.0,0.0,0.0,0.0,0.0,32.32146659513394,18.50930423501663,39.226073139214364,-2.8040453628364048e-05,-4.1227339169547804e-05,1.3186885541183756e-05,159.27500000000003,-1.7844425949084289e-16,-5.684341886080802e-14,159.27500004261287,-2.6754272729285814e-10,-4.453960400496726e-08,159.2750047401537,-2.9760813332967147e-08,-2.8939113576598174e-06,159.2758568046727,-5.379375693822235e-06,-0.0001897268315644851,159.27881406579485,-2.3945845009030943e-05,-0.00040114285283721074,159.27010863843918,3.0711108334375214e-05,0.0002507876126287556,159.27500060172625,159.27499939827376,7.555815315228105e-09,0.4999584563193954,1.3642691254803509e-05,8.565494430892173e-08,40.14624530071185,12.619698248483427,29.55546219852459,0.0,0.0,0.0,0.0,0.0,0,0,0,0
63,2026-05-30 22:30:00,159.275,159.275,159.275,159.275,0,1780180200.0,USDJPY,0.0,0.0,0.0,0.0,0.0,0.0,0.0,0.0,32.32146659513393,18.509304235016643,39.226073139214364,-2.5963697368069916e-05,-3.817461080925223e-05,1.2210913441182312e-05,159.27500000000003,-1.7844425949084289e-16,-2.842170943040401e-14,159.27500003693117,-2.3187047072863737e-10,-3.8601001506322064e-08,159.2750043092306,-2.7055284807795365e-08,-2.6308285043796786e-06,159.27582320448948,-5.168420874656977e-06,-0.00018228656364271956,159.2787385397395,-2.3471680989954415e-05,-0.00039319942999327395,159.2701573087035,3.0405515875335286e-05,0.0002482922135129684,159.27500060172625,159.27499939827376,7.555815315228105e-09,0.4999584563193954,1.2668213308031831e-05,7.953673400114161e-08,40.1469262331737,12.619698248483427,29.55546219852459,0.0,0.0,0.0,0.0,0.0,0,0,1,0
63,2026-05-30 22:35:00,159.275,159.275,159.275,159.275,0,1780180500.0,USDJPY,0.0,0.0,0.0,0.0,0.0,0.0,0.0,0.0,32.32146659513393,18.509304235016643,39.226073139214364,-2.4040726543717028e-05,-3.534783395614519e-05,1.130710741242816e-05,159.27500000000003,-1.7844425949084289e-16,0.0,159.27500003200703,-2.0095446745245158e-10,-3.345419941069849e-08,159.27500391748237,-2.4595713473460446e-08,-2.39166226378984e-06,159.2757909219605,-4.965738709622456e-06,-0.00017513807094360345,159.27866450924958,-2.300690592092337e-05,-0.00038541330266639307,159.27020549468654,3.010296432140693e-05,0.00024582164419939545,159.27500060172625,159.27499939827376,7.555815315228105e-09,0.4999584563193954,1.17633409288867e-05,7.385553871534578e-08,40.14755852760256,12.619698248483427,29.55546219852459,0.0,0.0,0.0,0.0,0.0,0,0,1,0
63,2026-05-30 22:40:00,159.275,159.275,159.275,159.275,0,1780180800.0,USDJPY,0.0,0.0,0.0,0.0,0.0,0.0,0.0,0.0,32.32146659513393,18.509304235016643,39.226073139214364,-2.2260157095388422e-05,-3.273029858399384e-05,1.0470141488605418e-05,159.27500000000003,-1.7844425949084289e-16,0.0,159.27500002773945,-1.741607050114333e-10,-2.8993639489272027e-08,159.2750035613476,-2.235973955510127e-08,-2.174238403540585e-06,159.27575990541303,-4.771004787363116e-06,-0.00016826991131324576,159.27859194470997,-2.2551333899373802e-05,-0.0003777813560645882,159.27025320120708,2.980342341093494e-05,0.00024337565770338188,159.27500060172625,159.27499939827376,7.555815315228105e-09,0.4999584563193954,1.092310229110908e-05,6.85801430928211e-08,40.148145658143655,12.619698248483424,29.55546219852459,0.0,0.0,0.0,0.0,0.0,0,0,1,0
63,2026-05-30 22:45:00,159.275,159.275,159.275,159.275,0,1780181100.0,USDJPY,0.0,0.0,0.0,0.0,0.0,0.0,0.0,0.0,32.32146659513394,18.509304235016643,39.226073139214364,-2.0611447041574138e-05,-3.03065282755099e-05,9.695081233935761e-06,159.27500000000003,-1.7844425949084289e-16,0.0,159.27500002404088,-1.5093939664292017e-10,-2.5127803837676765e-08,159.27500323758872,-2.032703593561299e-08,-1.9765803642712854e-06,159.27573010520075,-4.583907418052148e-06,-0.0001616710912628605,159.27852081709193,-2.210478270304819e-05,-0.000370300537156254,159.27030043303589,2.9506863183801493e-05,0.00024095400937085287,159.27500060172625,159.27499939827376,7.555815315228105e-09,0.4999584563193954,1.0142880698887003e-05,6.368156144333388e-08,40.14869085078896,12.619698248483422,29.55546219852459,0.0,0.0,0.0,0.0,0.0,0,0,1,0
63,2026-05-30 22:50:00,159.275,159.275,159.275,159.275,0,1780181400.0,USDJPY,0.0,0.0,0.0,0.0,0.0,0.0,0.0,0.0,32.32146659513393,18.509304235016643,39.226073139214364,-1.9084834349314406e-05,-2.8062189490270802e-05,8.977355140956396e-06,159.27500000000003,-1.7844425949084289e-16,0.0,159.27500002083545,-1.3081427461895375e-10,-2.177742430831131e-08,159.27500294326245,-1.847912346597795e-08,-1.796891240246623e-06,159.27570147362425,-4.404147134539138e-06,-0.00015533104846099377,159.27845109794157,-2.1667073717600242e-05,-0.00036296785327749603,159.27034719489623,2.9213253978032825e-05,0.0002385564570488441,159.27500060172625,159.27499939827376,7.555815315228105e-09,0.4999584563193954,9.418389220395074e-06,5.913287848309574e-08,40.14919710110245,12.619698248483424,29.55546219852459,0.0,0.0,0.0,0.0,0.0,1,0,1,0
63,2026-06-01 08:15:00,159.444,159.457,159.457,159.442,406,1780301999.091,USDJPY,0.0011426777585934467,0.0011426777585934467,0.0011426777585934467,0.0011426777585934467,9.406924750864721e-05,0.8666666608900259,0.0,0.13333333244330758,99.97324483796062,99.99999532222985,99.5270464597965,0.014500847239219183,0.00287771969625162,0.011623127542967564,159.32050000000004,0.0008567635677766226,0.04550000000000409,159.29926668472405,0.0009901697513029022,0.0242666477928708,159.29154813023857,0.001038673248540162,0.01654382100795715,159.28281121975664,0.0010935817801648,0.006988015267154424,159.28198671976452,0.001098763795201702,0.003248180025025249,159.27220443673806,0.001160249925060393,0.0020471280345759624,159.36343196077482,159.20476803922523,0.0009950263804636317,1.5897247348506944,0.013008745647132364,8.158152760388295e-05,44.4214147991002,99.94125511357954,0.019869836051765392,20.3,19.99999999990148,0.0005110210289184082,0.0003613464348771333,0.0002555105144592041,0,0,0,0
63,2026-06-01 08:20:00,159.457,159.452,159.466,159.45,380,1780302299.005,USDJPY,-3.1356415836181206e-05,0.0011112855124784105,0.0011112855124784105,0.0011112855124784105,0.00010034367709416975,0.31249999804620887,0.562499996484597,0.12499999921919408,97.10155351735665,96.8944055781253,96.75768026545741,0.02531275017736334,0.007364725792473966,0.017948024384889377,159.35337500000003,0.0006189075066654219,0.07837499999999409,159.31963112676084,0.0008308384365630436,0.044631094753810885,159.30613466385321,0.0009156291215939026,0.031130746370848783,159.28944607388382,0.0010204940133998381,0.013655151923330777,159.28535331937314,0.0010462147156287598,0.006688810123563371,159.2739934473178,0.0011176121652345205,0.0037879526312565304,159.4006616056903,159.1852383943097,0.0013510223225835741,1.238314125283263,0.013222406672338592,8.292405659595735e-05,48.388617629337155,96.16487277832405,0.0181524191985465,39.3,9.66921119590415,0.000514705901322462,0.00036258212435429386,0.00025597532040319456,0,0,0,0
63,2026-06-01 08:25:00,159.452,159.449,159.455,159.443,445,1780302599.093,USDJPY,-1.881443945506156e-05,0.0010924501648093,0.0010924501648093,0.0010924501648093,7.52591737797067e-05,0.24999999791548244,0.24999999791785094,0.4999999958333334,95.33214039023015,94.83282259295288,95.09074750824986,0.03325583367387708,0.012542947368754588,0.02071288630512249,159.37728125,0.0004499935589157396,0.1022812499999759,159.3368803098594,0.0007036643991182674,0.061880282119943786,159.31912242168474,0.0008152039525520006,0.04411886033713586,159.29570309059426,0.0009623417733909045,0.019943185181233503,159.28859384770237,0.0010070159351836928,0.010001902992399891,159.27573480605096,0.0010878317036806227,0.005481604843879495,159.42855512204162,159.17474487795837,0.0015917957722108031,1.080551822973846,0.013135091910028724,8.237801372243615e-05,51.49227713395645,89.88954296909284,3.823564754776753,61.55,7.229894394789229,0.0005168015579450319,0.00036327102440555405,0.0002562247267374661,0,0,0,0
63,2026-06-01 08:30:00,159.447,159.447,159.457,159.444,410,1780302899.015,USDJPY,-1.2543195630043691e-05,0.0010798932663631522,0.0010798932663631522,0.0010798932663631522,8.153179426395749e-05,0.0,0.7692307633126004,0.23076922899509192,94.10104714816177,93.28903254038157,93.95766151099812,0.0389405192204606,0.01782246173909579,0.02111805748136481,159.3947109375,0.0003280476635168749,0.11971093749997408,159.3515629352115,0.0005989088718716565,0.07656291117061187,159.33074765607702,0.0007296290617672636,0.05574441848830247,159.30163630272781,0.0009125059895552308,0.025906197527064023,159.2917306031934,0.0009747486339600958,0.013209786101469945,159.27743893733404,0.001064564220753668,0.007138504298154658,159.45129024248564,159.16920975751435,0.0017691175435805538,0.9847907146623288,0.013125442487884189,8.23185289650115e-05,54.38144164294438,84.61862375194957,3.553063170555331,82.05,4.9969530773857445,0.0005181560280719159,0.000363711552179281,0.0002563807734798509,0,0,0,0
63,2026-06-01 08:35:00,159.447,159.454,159.459,159.447,391,1780303199.017,USDJPY,4.390173537283104e-05,0.0011238424109245582,0.0011238424109245582,0.0011238424109245582,7.525681387735933e-05,0.583333328472617,0.41666666319404977,0.0,94.37485028357061,93.7073246943101,94.21115895182861,0.043508970640459665,0.022959763519368563,0.020549207121091102,159.40953320312502,0.0002789469110252293,0.13453320312498818,159.36522121051664,0.000557077565663443,0.09022118968118775,159.34195241461546,0.0007031894845432269,0.06694947135301277,159.3076113496797,0.0009189055631434699,0.031909876055436825,159.29494385857572,0.0009985008787566998,0.016492760634150727,159.27919576382823,0.001097470610229426,0.00884856893199526,159.47235430127955,159.1660456987205,0.001920984124318339,0.9400790535420462,0.013045053738749635,8.181076510309955e-05,57.07178964075957,80.1537487264485,3.319604360909149,101.6,3.848425196846606,0.0005139357098026609,0.00036252616896324894,0.0002560818830140147,0,0,0,0
63,2026-06-01 08:40:00,159.454,159.442,159.457,159.442,393,1780303499.721,USDJPY,-7.525681387732241e-05,-9.406924750865464e-05,0.001048501020248116,0.001048501020248116,9.407809736447333e-05,0.7999999946674247,0.19999999866590876,0.0,86.92612904201616,83.3206351046737,87.59621208410493,0.04563514801353108,0.027494840418201067,0.018140307595330012,159.41764990234378,0.00015274405105796592,0.09714990234374454,159.37545838244776,0.0004175148308754603,0.07619169772371492,159.3510476496504,0.0005707671941358315,0.05949951941184395,159.3128814928295,0.0008104712309552238,0.030070273072851705,159.29785586137618,0.000904871806619082,0.015869141611659643,159.28081570647672,0.001011950452465804,0.008611269738651117,159.48818184615897,159.1669181538411,0.0020149251283718885,0.8562494071104383,0.0131846927574094,8.26927205968904e-05,59.101980715576246,73.64020927030275,5.758612030471107,121.25,3.2412371133993885,4.276590313626042e-05,0.00036588400474802556,0.0002575000201565984,0,0,0,0
63,2026-06-01 08:45:00,159.442,159.452,159.464,159.442,547,1780303799.001,USDJPY,6.271873157626118e-05,0.0,0.0011112855124784105,0.0011112855124784105,0.0001379725560042606,0.45454545247910394,0.5454545429754415,0.0,87.79092126949337,84.94319920150787,88.31415854141929,0.047578618627596825,0.03151159606008022,0.016067022567516603,159.42623742675784,0.0001615955670659115,0.07286242675780841,159.38566393145473,0.0004161984642094108,0.06603280469389006,159.3602251360458,0.0005758956720589303,0.05409047219259833,159.31833712056167,0.0008389673270138747,0.028891046677841814,159.30090822055683,0.0009484677842135864,0.015554901183691072,159.28251903278044,0.0010640274164968272,0.008525585462649587,159.50383524121415,159.16896475878585,0.002100133472319572,0.8452080908332404,0.013814357560450968,8.663646464422502e-05,61.037844762354915,68.88281620546694,5.1035509871433975,148.6,3.6810228802128666,5.4854135157764396e-05,0.00036442141952953565,0.0002572096384627057,0,0,0,0
63,2026-06-01 08:50:00,159.452,159.464,159.465,159.452,445,1780304099.993,USDJPY,7.525775782046829e-05,9.407396722460604e-05,0.0011866269031548526,0.0011866269031548526,8.15231023930494e-05,0.9230769159759951,0.0769230763316973,0.0,88.75238714015039,86.74800929210956,89.10848079808075,0.04951633926680188,0.03511254470142455,0.014403794565377326,159.43567807006838,0.0001776385955418001,0.058396820068367106,159.3961087405941,0.0004259279598625558,0.05922843073469153,159.3696592145871,0.0005919620201099191,0.05053679290236346,159.3240493903436,0.00087840228886934,0.028346299749330228,159.30413776074383,0.0010035033709938231,0.015543913041454971,159.2843248135488,0.0011280154946917199,0.008590007497843999,159.51957308424747,159.1721269157525,0.002178837659252049,0.8400526775926147,0.013756189163276271,8.626517059195976e-05,62.84279387038341,64.75232939471887,4.759050662622409,170.85,2.6046239391263657,6.240094038882845e-05,0.00036264413152005566,0.00025690425282924936,0,0,0,0
63,2026-06-01 08:55:00,159.464,159.452,159.466,159.447,375,1780304399.001,USDJPY,-7.525209451664239e-05,3.135838240919675e-05,0.0011112855124784105,0.0011112855124784105,0.00011915811654921517,0.6315789440441638,0.1052631573411926,0.2631578933514856,81.81392990271684,76.10512159547325,83.17233020769675,0.04951294273888607,0.03799262430891686,0.011520318429969208,159.43975855255127,7.677788501351272e-05,0.04504761505125998,159.4035609085149,0.00030387709790816934,0.05199797330340061,159.3771447405337,0.00046967373890499913,0.04639708445668589,159.3290670613105,0.0007715662995892433,0.027430758582681847,159.3070657258776,0.000909779321224725,0.015335122684206226,159.28599322336424,0.001042193185203457,0.008554286030204139,159.53109739227233,159.1783026077277,0.0022125453713007174,0.7757977277016634,0.014130747080185498,8.862069513198641e-05,64.00424424567596,58.53339696158132,6.8293993805408935,189.6,1.9778481012647797,7.525687798065061e-05,0.00036614388310069466,0.0002583658302633214,0,0,0,0
63,2026-06-01 09:00:00,159.452,159.457,159.459,159.444,446,1780304699.092,USDJPY,3.135739909176927e-05,1.881420346916407e-05,0.0011426777585934467,0.0011426777585934467,9.406924750882546e-05,0.3333333311104795,0.13333333244494974,0.5333333297779042,82.43027134332759,77.449997183986,83.64888335736296,0.049344891980666716,0.04026307784326683,0.009081814137399884,159.44406891441344,8.110107622441242e-05,0.03453571128841304,159.4106861207129,0.0002905318358143989,0.04546491019627297,159.38440430957607,0.00045547549484778753,0.04245189496060675,159.33408403929832,0.0007714354492498875,0.02647268961862892,159.31003472140478,0.0009225111202331038,0.01509086282905514,159.28769478333078,0.0010628894899854689,0.008499019502551164,159.54158481375103,159.18601518624897,0.002229877819738636,0.7621146259834681,0.014192836574459019,8.90072971049187e-05,64.77088826437485,54.11466406358338,7.823658543085806,211.9,2.1047663992439336,7.388546147500039e-05,0.0003652194687804902,0.0002581058956017727,0,0,0,0
63,2026-06-01 09:05:00,159.457,159.468,159.469,159.457,401,1780304999.023,USDJPY,6.89841148397985e-05,0.00016306870209836788,6.89841148397985e-05,0.001211740700046926,7.525020693807194e-05,0.9166666590273831,0.08333333263928365,0.0,83.73617897274377,80.29637696782213,84.65286691858638,0.049528386207356334,0.042116139516084734,0.0074122466912716,159.45005168581008,0.00011256386561275514,0.032401783466298184,159.4183279712845,0.00031158292366758944,0.042869588836737194,159.39200391779642,0.0004767872938141069,0.040956268146004504,159.33933564560036,0.0008074864494590644,0.026454152770867267,159.3131627467235,0.0009719049613160836,0.015306885347314392,159.28948886508869,0.0011206711515189492,0.008673158611969711,159.55185793143943,159.19504206856055,0.0022375389600350864,0.7649826136109757,0.01403620539056912,8.801894668879726e-05,65.62796628784946,55.89894784704429,7.345894585496763,231.95,1.728820866565325,6.261837507185362e-05,5.7360241999077434e-05,0.0002577628992638359,0,0,0,0
63,2026-06-01 09:10:00,159.468,159.466,159.48,159.462,432,1780305299.005,USDJPY,-1.254170115627673e-05,8.780071745739804e-05,8.780071745739804e-05,0.0011991838016010004,0.0001128767260732738,0.1111111104927745,0.666666662962963,0.22222222098870698,82.53500045473882,78.20250083091554,83.67205389354076,0.04894817927720396,0.04348254746830858,0.00546563180889538,159.45403876435756,7.501368880421933e-05,0.02780133759972614,159.42468424177991,0.0002591553398182383,0.03902031032518494,159.39873083436038,0.0004220182010704497,0.03850569831456596,159.34430287518467,0.0007637369056781867,0.025965754623001658,159.31618922698638,0.0009403361562972322,0.01528100642954655,159.2912451947893,0.001097077275006619,0.008726162008855454,159.55974614564545,159.20625385435457,0.002216725140725151,0.7348000280951544,0.014319333576957088,8.979552742877533e-05,66.56822068164222,56.36694118849673,6.686316291635144,253.55,1.7038059554321816,6.261796140352567e-05,5.626407519811498e-05,0.000257933243918794,0,0,0,0
63,2026-06-01 09:15:00,159.466,159.459,159.469,159.457,491,1780305599.003,USDJPY,-4.389650458402894e-05,-3.135503938189732e-05,6.271597814966334e-05,0.0011552346570395944,7.525445412300626e-05,0.583333328472617,0.24999999791548244,0.1666666652785673,78.30133708449176,70.67680313990338,80.25483270211373,0.047377382630742204,0.04426151450079531,0.0031158681299468943,159.45527907326817,2.3335237023545653e-05,0.01960100319979574,159.42925967620926,0.00018654244428625047,0.033150935615168464,159.40420984941852,0.0003437183411482023,0.03455063483141885,159.348800801648,0.0006915596339452769,0.02475141130440761,159.31901716308568,0.0008786323152560974,0.01487940234184748,159.2929143968312,0.0010426427553145423,0.008589583282400781,159.56460371225856,159.21979628774145,0.0021623578757995108,0.6937313270564798,0.014153666892888756,8.876053965526409e-05,66.91952129864137,52.95337201350166,8.804718377199592,278.1,1.765551959726082,5.764681346125375e-05,5.815813989776527e-05,0.0002586560345544045,0,0,0,0
63,2026-06-01 09:20:00,159.459,159.468,159.478,159.457,444,1780305899.092,USDJPY,5.644084059208687e-05,0.0001003436770938837,0.00013170520611849312,0.001211740700046926,0.000131687862141715,0.4285714265296455,0.4761904739234825,0.09523809478496718,79.74027131172983,74.37567897264385,81.28659408230381,0.046324737023070384,0.04467415900525033,0.0016505780178200508,159.45845930495113,5.983185269970187e-05,0.018700752399865905,159.4344250527147,0.00021058781548715934,0.03086414419979633,159.41000895401683,0.00036378547597902766,0.03286421348312274,159.35347528001475,0.0007186835416296922,0.02440821870425225,159.3219673182721,0.0009165884917562169,0.0149015923944944,159.29465654213638,0.0010881938015149726,0.008663318772136108,159.56844084608872,159.23525915391127,0.0020893326070274133,0.6985403204414627,0.014642690686254917,9.18221253559016e-05,67.39520008460973,51.91911239148376,7.902761363369732,300.3,1.4785214785209861,4.74290807636779e-05,5.9747816596551476e-05,0.0002583003126831219,0,0,0,0
63,2026-06-01 09:25:00,159.468,159.471,159.485,159.466,433,1780306199.599,USDJPY,1.881255173463714e-05,8.77979643414406e-05,0.00010661381965948458,0.0012305760477162586,0.00011914391958415923,0.1578947360117889,0.7368421013853564,0.10526315733969673,80.21134375833955,75.57390306594502,81.62269395062648,0.045211413689145274,0.04478160994202932,0.0004298037471159519,159.46159447871335,5.898298783101485e-05,0.01752556429991614,159.43930171235274,0.00019881100397972634,0.028615591639834292,159.41555359456075,0.00034781051277011163,0.031149284984678616,159.3580840925632,0.0007085671748615366,0.024000053264870758,159.32491846048453,0.0009168781690085037,0.014883739079749603,159.29641120340867,0.0010959995600177148,0.008716420077888642,159.57010033922515,159.2531996607748,0.0019871994183916705,0.6872826534216331,0.014953927065808528,9.377207809450325e-05,67.94619328422756,50.55079940980094,7.185546675294418,321.95,1.344929336853131,4.701261162215536e-05,5.883379034379129e-05,0.00025810225652671335,0,0,0,0
63,2026-06-01 09:30:00,159.471,159.478,159.483,159.469,364,1780306499.035,USDJPY,4.389512826796782e-05,6.270850578182774e-05,0.0002257874336748511,0.0012745251922774425,8.778640314030777e-05,0.49999999642857146,0.3571428545912567,0.14285714183731474,81.3037164444365,78.332104548926,82.39726581815567,0.04438232659063601,0.04470175327175067,-0.0003194266811146554,159.465695859035,7.715854434220537e-05,0.015644173224927727,159.44446148403904,0.00021034607065562665,0.02613351275454079,159.42123054050975,0.0003560972355926546,0.0292266227133382,159.36278667716857,0.0007229625261563225,0.023451031568214376,159.32794977809868,0.00094176961487488,0.014787031375192328,159.2982180571061,0.001128587281682255,0.008729192017426612,159.569584437613,159.27401556238704,0.0018533520311639694,0.6901418066703057,0.014885789418251489,9.334070792367278e-05,68.45782982672985,47.15488952625411,6.702834843667313,340.15,1.0701161252385507,4.112159876492035e-05,5.1050423494099246e-05,0.0002577379242565678,0,0,0,0
63,2026-06-01 09:35:00,159.478,159.469,159.483,159.469,382,1780306799.093,USDJPY,-5.643411630451567e-05,1.8812787678790244e-05,0.0001066151569124596,0.001218019149270111,8.77913575679913e-05,0.6428571382658862,0.3571428545912567,0.0,75.53064571299076,66.98599029272725,77.96125630541987,0.04250902670901269,0.04426320795920308,-0.0017541812501903897,159.46652189427624,1.5539974750287916e-05,0.01248312991867806,159.44773328616716,0.0001333773355978774,0.02304904438724975,159.4255732186452,0.0002723953282904244,0.026842384284833543,159.3669519055149,0.0006403341048124005,0.02264903033022847,159.3307428517997,0.000867736795333307,0.014553624813316901,159.29991737992097,0.0010614105949331534,0.00867218513167245,159.56416273026213,159.29883726973787,0.0016638058840542822,0.6413358516810451,0.014822518745519955,9.294921737466188e-05,68.93292090191053,43.973588808348794,6.250628645871273,359.25,1.0633263743907966,5.125220191140028e-05,5.443356576168347e-05,0.00025877905244585045,0,0,0,0
63,2026-06-01 09:40:00,159.469,159.468,159.469,159.459,447,1780307099.093,USDJPY,-6.270811254927011e-06,5.644084059208687e-05,2.5084031505473448e-05,0.001211740700046926,6.270850578166721e-05,0.09999999900056845,0.0,0.8999999909994317,74.8943082845819,65.75141734352665,77.47464070431529,0.04047713618396642,0.043505993604155746,-0.0030288574201893237,159.46689142070719,6.9517834261885376e-06,0.011612347439012183,159.4504355146782,0.000110156396030552,0.02117583846893467,159.42943019876836,0.00024192397340656795,0.02522034934983708,159.37091457588687,0.0006091790611321938,0.02211377423887484,159.3334608151304,0.0008443875139679352,0.014443652044718647,159.30158984380236,0.0010446233233503558,0.008675446971153633,159.55337704665374,159.32892295334625,0.0014075180807904151,0.6196235699798583,0.014478053120839307,9.078970778362622e-05,68.20269855437853,41.80411850529825,10.875824873744875,381.6,1.1713836477984352,4.486986626091996e-05,4.9572158616862455e-05,0.0002588605062830716,0,0,0,0
63,2026-06-01 09:45:00,159.468,159.468,159.468,159.459,376,1780307399.994,USDJPY,0.0,0.0,0.0001003436770938837,0.001211740700046926,5.6437655203464836e-05,0.0,0.0,0.9999999888888891,74.89430828458188,65.75141734352664,77.47464070431529,0.038423921257674465,0.0424895791348595,-0.004065657877185033,159.4671685655304,5.21382850828975e-06,0.008709260579252032,159.45277744605443,9.546747437944673e-05,0.018352393339739592,159.43293654433486,0.00021992604806205757,0.022927590318033708,159.37472184742072,0.0005852757043151069,0.0212465674059672,159.33612495740502,0.0008276531303257441,0.01415763913291812,159.3032456662521,0.0010342183114903233,0.008589124115729874,159.53353717423653,159.3680628257635,0.001037664913794781,0.6039436027293591,0.014086763612206937,8.833598974218613e-05,67.52463494595595,39.89636474994679,10.379500672032503,400.4,0.9390609390607046,3.709726049110833e-05,4.151269863826263e-05,0.0002588605062830716,0,0,0,0
63,2026-06-01 09:50:00,159.468,159.459,159.471,159.457,347,1780307699.892,USDJPY,-5.643765520346733e-05,-7.52487913162625e-05,1.2542566334650118e-05,0.0011552346570395944,8.779686314356671e-05,0.642857138263856,0.2142857127559721,0.14285714183731474,68.84060890840253,53.64084941951865,72.95618114047663,0.035659448922160664,0.041123553092319735,-0.005464104170159072,159.4651264241478,-3.8418582703149394e-05,0.0035319454344460155,159.45360711991384,3.382099774078533e-05,0.014305407561096217,159.4353059493953,0.00014861231935798266,0.019752354834565722,159.37802687301206,0.0005080570300475563,0.0199427804488721,159.33855812656532,0.0007558865528268237,0.013639666080791812,159.30479546061775,0.0009679842903434158,0.008384257209087309,159.47841738311104,159.44158261688892,0.0002309983520661362,0.47285173357062954,0.014080566211335728,8.830211033140636e-05,66.98807247993444,38.584784445283056,9.642349870264049,417.75,0.8306403351284667,4.243727101793647e-05,4.558612721917295e-05,0.0002598613859664839,0,0,0,0
63,2026-06-01 09:55:00,159.459,159.459,159.469,159.457,415,1780307999.094,USDJPY,0.0,-0.00011913868997603938,-5.643765520346733e-05,1.2542566334650118e-05,7.525445412300626e-05,0.0,0.8333333263880995,0.1666666652785673,68.84060890840252,53.64084941951865,72.95618114047663,0.03308717630690694,0.03951627773523718,-0.006429101428330239,159.46359481811083,-2.8814213777586693e-05,-0.002101040924173958,159.454326170592,2.93113991965666e-05,0.009864686552958801,159.43745995399573,0.00013510028327402498,0.01622941348597351,159.3812022897567,0.00048812349967018,0.018415612588114527,159.34094311415808,0.000740907412336219,0.012993336059395233,159.30632983414395,0.0009583433754013305,0.008111777037839829,159.47847280600942,159.44172719399054,0.0002304392478246839,0.4700644516025193,0.013931954339097495,8.737013488794922e-05,66.48983590434305,36.21091272731022,9.049118575055475,418.2,0.9923481587754682,2.9876204897242727e-05,3.893205142490319e-05,4.814437727915596e-05,0,0,0,0
63,2026-06-01 10:00:00,159.459,159.464,159.469,159.457,372,1780308299.004,USDJPY,3.1356022551332074e-05,-3.135405627419097e-05,-1.2541858452674859e-05,7.525775782046829e-05,7.525209451663356e-05,0.41666666319404977,0.41666666319404977,0.1666666652785673,70.38305217224011,59.30828347362231,73.88892349835592,0.031093661564995045,0.03783175450118875,-0.006738092936193707,159.46369611358313,1.9056777453377426e-06,-0.002825780693115121,159.45561601451305,5.2578803409349834e-05,0.007882728345890655,159.43987268545067,0.00015132547550970323,0.01429946680545413,159.38444925878582,0.000499112313554594,0.01749735327092594,159.34337988417477,0.000756982285131082,0.012637032375067747,159.30789869151565,0.0009798717437521879,0.0079813115946763,159.4787565777672,159.44264342223286,0.00022646588279698048,0.59137944031758,0.013793957600590562,8.650201675983647e-05,66.02718765557961,33.96080249110726,8.486815313392865,417.8,0.8903781713736499,3.166676886386753e-05,4.051062431566635e-05,4.799357299784494e-05,0,0,0,0
63,2026-06-01 10:05:00,159.464,159.466,159.468,159.458,367,1780308599.092,USDJPY,1.2542015752847746e-05,-1.254170115627673e-05,4.3898431571820495e-05,0.0001066171628545387,6.270929226287048e-05,0.1999999980011369,0.19999999799829474,0.5999999940005685,71.00141268992988,61.50446457919999,74.26176287162924,0.029336991478714936,0.03613280189669399,-0.0067958104179790535,159.46427208518736,1.083574891135865e-05,-0.002619335519824517,159.4570005459113,5.6438124747641285e-05,0.006565031233122909,159.44224789586426,0.0001489699527522063,0.012817697095897529,159.38764732706875,0.0004915856043127201,0.016732751181876893,159.3458080052802,0.0007542840079974682,0.012347190149796461,159.30947183886374,0.0009825414605265158,0.007881995061381986,159.4789105875668,159.44418941243325,0.00021773403191615003,0.6281638631198373,0.013522960629119158,8.480152903514955e-05,65.59758571029927,32.16698553560862,8.03853988729432,413.9,0.8866876057016462,3.276531258760215e-05,3.774674489900094e-05,4.7728615363159234e-05,0,0,0,0
63,2026-06-01 10:10:00,159.466,159.471,159.471,159.455,353,1780308899.03,USDJPY,3.13546461314651e-05,1.881255173463714e-05,1.881255173463714e-05,0.00015052023556427763,0.00010033172175499704,0.312499998046764,0.0,0.6874999957032359,72.54471868021321,66.74010500703511,75.19163750178788,0.02802521871618069,0.03451128526059133,-0.00648606654441064,159.46595406389054,3.1642717337936975e-05,-0.001214501639850596,159.45886713978982,7.608771106815029e-05,0.006089693735390256,159.44486172351296,0.0001639330123561554,0.011925179178092549,159.39091605934058,0.0005024372946674438,0.01619421191986703,159.34828705468058,0.0007700926541953462,0.01216209727556361,159.3110790842482,0.001003827961439059,0.00783341799609616,159.47921663294866,159.44628336705134,0.00020651570440598696,0.7505065835460544,0.013699892012752872,8.590835959361182e-05,65.31496457085518,31.04772870200841,7.367957760093652,411.05,0.8587763045856079,3.6187097159336916e-05,3.460610274191687e-05,4.7872488079115445e-05,0,0,0,0
63,2026-06-01 10:15:00,159.471,159.477,159.481,159.469,464,1780309199.596,USDJPY,3.762439565813125e-05,0.00011288168118461783,3.762439565813125e-05,0.0001442422265982568,7.524596023251286e-05,0.4999999958333334,0.3333333305547661,0.1666666652785673,74.31148887335526,72.06011139750463,76.27178060173472,0.02715673329007018,0.0330403748664871,-0.005883641576416923,159.4687155479179,5.1950328022921985e-05,0.0035891237700980128,159.46128485448452,9.855147931252902e-05,0.00767773457067733,159.44778338501177,0.0001832362568357631,0.012477435616460752,159.39429190015076,0.0005188899731808009,0.016265027138700816,159.35083582587504,0.000791738389517,0.012277699309720447,159.3127300386338,0.00103111635414433,0.00793457801603381,159.4809634111674,159.44683658883258,0.00021399212635569114,0.8838622823741114,0.013578471154699127,8.514375837706456e-05,65.40193302417183,34.34826467770697,6.902854414227705,414.7,1.1188811188808492,1.573979232672312e-05,3.610745719711803e-05,4.764146982266848e-05,0,0,0,0
63,2026-06-01 10:20:00,159.477,159.464,159.48,159.462,431,1780309498.003,USDJPY,-8.151645691856224e-05,3.1356022551332074e-05,-8.778640314033304e-05,0.00013798120946795223,0.00011287814177495035,0.7222222182101397,0.16666666573995123,0.11111111049435349,64.61014950891897,51.313002065673885,69.39777122223948,0.02512978051134951,0.03145825599545958,-0.0063284754841100715,159.46753666093844,-2.217793672925756e-05,0.003941842827600794,159.4616468738866,1.4756690147984865e-05,0.007320703294595887,159.44925762273797,9.245811163890931e-05,0.01179766874224697,159.39702555112524,0.0004201737682569126,0.01582326136855272,159.3530767006102,0.0006960850815463774,0.012133586452108602,159.31423521237872,0.000940059043823868,0.007905378234767113,159.4787985506728,159.45120144932716,0.0001730616399038918,0.46376430865588053,0.013894294643649238,8.713123114715069e-05,64.43946864110663,31.169833838412053,9.862695307356754,416.6,1.0345655304846293,4.9968605902659276e-05,4.1929727295182186e-05,4.8228713135841964e-05,0,0,0,0
63,2026-06-01 10:25:00,159.464,159.465,159.469,159.457,367,1780309799.014,USDJPY,6.271007876312851e-06,6.271007876312851e-06,-2.5083245019374978e-05,8.152923763904418e-05,7.525162261311544e-05,0.08333333263928365,0.3333333305547661,0.583333328472617,64.98878752542765,52.539311688384025,69.6189254834237,0.023335104909619986,0.029833625778291663,-0.006498520868671677,159.46690249570383,-1.1930348392403362e-05,0.003206382120708895,159.46209395736838,1.8224034060401875e-05,0.006477942855326546,159.45068874794362,8.975346653416115e-05,0.01081606249294964,159.399691215787,0.00040971713128731596,0.015241957001165929,159.3552930035684,0.0006884427518146846,0.011913119393625493,159.31573535951924,0.0009369108465270449,0.007836668003591285,159.47809628461317,159.45320371538685,0.00015610051877417748,0.4738877878982149,0.01375898788338861,8.628218031159572e-05,62.8599202106205,29.22804853709775,11.843985436428506,407.6,0.9003925417073355,4.804267055895271e-05,3.856468852842739e-05,4.640750950282381e-05,0,0,0,0
63,2026-06-01 10:30:00,159.465,159.464,159.466,159.457,439,1780310099.092,USDJPY,-6.2709685511030955e-06,-1.2541858452674859e-05,-2.5083402312664482e-05,0.0,5.643907088756429e-05,0.11111110987689411,0.11111110987689411,0.7777777691351009,64.24851224520279,51.03948790023831,69.0946303207115,0.021583320835247832,0.028183564789682897,-0.006600243954435064,159.46617687177786,-1.365099371268619e-05,0.001904786590500862,159.46234809638594,1.0359207886881704e-05,0.005347550474624541,159.45189886176692,7.58920923454702e-05,0.00965096590266512,159.40221312889338,0.00038761614342617846,0.014565801824630853,159.35744561735913,0.0006686501671011882,0.011637612078942539,159.31721062957376,0.000921365430929692,0.0077387907100217035,159.47809628461317,159.45320371538685,0.00015610149768176024,0.4337151569859345,0.01341906017743332,8.415103206638063e-05,61.39319666802624,27.82784170253291,11.276584252065334,407.3,1.077829609624091,4.767298805185466e-05,3.8564690233892915e-05,4.330283122976759e-05,0,0,0,0
63,2026-06-01 10:35:00,159.464,159.464,159.468,159.457,350,1780310399.994,USDJPY,0.0,-4.38951282678568e-05,-2.5083402312664482e-05,7.525775782046829e-05,6.898108664021773e-05,0.0,0.3636363603298739,0.6363636305792172,64.24851224520279,51.0394879002383,69.0946303207115,0.019964876664914755,0.026539827164729267,-0.006574950499814512,159.46563265383338,-1.0238280225100273e-05,-0.0003214100571540257,159.46256835020114,8.977967768060404e-06,0.0037012104113216537,159.45299896524264,6.899233522571975e-05,0.008137241729684774,159.40463614344657,0.00037240984948525024,0.013720084105983688,159.3595556051342,0.0006554008918334942,0.011268550453621629,159.31867122032426,0.0009121892529141115,0.007592136076056022,159.4770550914236,159.4554449085764,0.00013551762684500544,0.3958824154566482,0.013246270164759202,8.306746453594042e-05,60.148578138632374,27.255679245749327,10.607703636563706,406.05,0.8619628124613072,4.40280494844941e-05,3.8564690233892915e-05,3.952441816078928e-05,0,0,0,0
63,2026-06-01 10:40:00,159.464,159.457,159.466,159.456,356,1780310699.001,USDJPY,-4.3897055134745067e-05,-0.00012540993372089915,-1.2542409020599443e-05,0.0,6.271283167260972e-05,0.6999999929991474,0.19999999800056847,0.09999999900028424,58.81007693366018,40.12580687470146,65.29943116234242,0.017910940330125413,0.024814049797808498,-0.006903109467683084,159.46347449037503,-4.060171393939919e-05,-0.005241057542860972,159.46182590350764,-3.0263691515557047e-05,0.000541049023127016,159.4533626956751,2.2811085720562337e-05,0.005579310663335946,159.4066896280173,0.0003156101673029241,0.01239772786652793,159.36148519711173,0.0005993593920771989,0.010649371236695515,159.3200476260922,0.0008596054040180589,0.007317587458402386,159.4770550914236,159.4554449085764,0.00013552357593089013,0.071961048520321,0.013014393724420639,8.161694829590823e-05,58.837524645248656,25.759770736242736,10.57435025604603,401.55,0.8865645623207853,3.709726053250975e-05,3.677866223540958e-05,4.033305807780669e-05,0,0,0,0
63,2026-06-01 10:45:00,159.457,159.442,159.457,159.442,366,1780310999.093,USDJPY,-9.406924750865464e-05,-0.00013796217328043703,-0.0001066104766742626,-0.00016304211503237465,9.407809736447333e-05,0.9999999933333334,0.0,0.0,49.199499563474724,26.147907770114642,58.116933658059935,0.014901036474327611,0.02283144713311232,-0.00793041065878471,159.45810586778128,-0.00010100375702839544,-0.009430793157150674,159.45918244970665,-0.00010775453280689883,-0.002464424179947855,159.452329723341,-6.478251750169001e-05,0.0030721006030205444,159.4080743484872,0.00021282266692872182,0.011048797361951301,159.36307954964417,0.0004952241797715328,0.010002849033980965,159.321261082549,0.0007578330514748348,0.007025870170281223,159.48001618733025,159.44988381266973,0.0001889864318092151,-0.2616392744472988,0.013156222744103904,8.251416028464209e-05,55.7413733457994,23.66192282829332,17.314152457327282,399.8,0.9154577288642033,4.19752528280169e-05,4.702516247509344e-05,4.209607005642422e-05,0,0,0,0
63,2026-06-01 10:50:00,159.442,159.451,159.454,159.442,407,1780311299.001,USDJPY,5.644685841854624e-05,-8.779355971533231e-05,-8.152310239306626e-05,-9.406393839450633e-05,7.525822980100756e-05,0.7499999937488159,0.24999999791785094,0.0,54.0513400653507,40.62603033989084,60.83116750481314,0.013090986029197893,0.020883354912329434,-0.007792368883131541,159.45632940083595,-3.342232231224e-05,-0.010573094867879718,159.45809145641243,-4.4472226825678476e-05,-0.0040025009559485625,159.4522088394009,-7.581201977077632e-06,0.0015200914572801594,159.40975770737006,0.0002587187460985936,0.010066491583074821,159.36482054866113,0.0005407683517740361,0.009527545092737455,159.322552017051,0.000806213441366651,0.0068166575317718525,159.4804308348728,159.44796916512715,0.00020358398345358557,0.0933665731693965,0.013073635405239372,8.199155480517132e-05,52.86637571059653,22.110583242181725,16.178989845990152,398.55,1.0212018567303924,5.5812445594967093e-05,5.0085871534996975e-05,4.447664123937672e-05,0,0,0,0
63,2026-06-01 10:55:00,159.451,159.452,159.457,159.449,367,1780311599.014,USDJPY,6.271519150002902e-06,-7.525209451664239e-05,-8.77930091681689e-05,-4.3898431571820495e-05,5.0171838546906626e-05,0.1249999984383882,0.6249999921883883,0.2499999968732237,54.570520668126655,42.09749910497284,61.12508472890233,0.011603442392356556,0.01902737240833486,-0.007423930015978304,159.45524705062695,-2.0363397799774876e-05,-0.010929821150909902,159.45727926222412,-3.310769033905128e-05,-0.0050688341618183586,159.4521898540008,-1.1906641168261484e-06,0.00029099223388584505,159.41141426786535,0.0002545974033355399,0.009201138971974387,159.3665468744302,0.0005362049140533625,0.009101257071080227,159.32384005668234,0.0008043990357755627,0.0066294271085780565,159.4808002212572,159.44689977874282,0.00021260594106301488,0.1504470403291086,0.012711232876292371,7.971824045036985e-05,50.462746689782755,22.80240853706475,15.451669597450532,392.35,0.9353893207592875,5.672103778252184e-05,4.983664533772422e-05,4.3554971318726924e-05,0,0,0,0
63,2026-06-01 11:00:00,159.452,159.464,159.466,159.445,385,1780311899.022,USDJPY,7.525775782046829e-05,0.0,-4.38951282678568e-05,-2.5083402312664482e-05,0.00013169116540419785,0.5714285687070962,0.09523809478496718,0.33333333174603175,60.358902917148754,57.01254850193336,64.48315186108508,0.011263019971579524,0.017474501920983793,-0.006211481949404268,159.4574352879702,4.1169055666359534e-05,-0.008197365863168216,159.45817536059423,3.6527693814391096e-05,-0.004392989606913034,159.4532635036371,6.733318670937471e-05,0.0002645383944468449,159.41347645343927,0.00031693397374394717,0.008840309992706352,159.368476639293,0.000599386796695112,0.008921034158788643,159.32523468298402,0.0008709563007522812,0.006563462659755714,159.48049369320154,159.44680630679846,0.00021125386546852934,0.5103896439091669,0.013303287670843988,8.342502176569e-05,48.94996406374597,25.06366171180634,13.709430763738087,389.4,0.9887005649714976,7.011648281065377e-05,5.538942788918936e-05,4.5065276595066244e-05,0,0,0,0
63,2026-06-01 11:05:00,159.464,159.469,159.471,159.462,370,1780312199.04,USDJPY,3.135503938200834e-05,7.525539800701253e-05,-5.016397348844848e-05,-1.2541465219451098e-05,5.643730129375962e-05,0.5555555493813126,0.22222221975378822,0.22222221975378822,62.50274299116075,61.796297423565896,65.77651996022209,0.011266814143652937,0.016232964365517622,-0.004966150221864685,159.46032646597766,5.4393053209923005e-05,-0.003148024397376048,159.4596186458483,5.8832162219832485e-05,-0.002207257659335937,159.45469409421554,8.97176835446506e-05,0.001331398540429518,159.41565384742205,0.00033463559751166223,0.008964219404759888,159.37046720089117,0.0006182625980798599,0.008982003779436809,159.32666518365085,0.0008933521340265509,0.006617557558655562,159.4802410155673,159.4468589844327,0.00020933241654853883,0.6632614837514972,0.012995909980070457,8.149489857006978e-05,47.89574323431748,26.571977157719513,13.031278521647769,386.25,0.9579288025887488,6.631100996889308e-05,5.489433156790132e-05,4.544487790686646e-05,0,0,0,0
63,2026-06-01 11:10:00,159.469,159.471,159.478,159.464,339,1780312499.093,USDJPY,1.2541622509854022e-05,0.00018188432157151269,4.3897055134634044e-05,-4.389320157016652e-05,8.77902565357338e-05,0.14285714183731474,0.49999999642857146,0.3571428545912567,63.35641175114751,63.68233927962221,66.29206798381597,0.011300934202722601,0.01524655833295862,-0.003945624130236018,159.46299484948324,5.020067837257179e-05,0.004888981701952844,159.4611361597352,6.185733089806076e-05,0.0019537100285447195,159.45617644928686,9.296316419490002e-05,0.0038467259458627723,159.41782428477805,0.0003335619179381282,0.009749936290859296,159.37245794938835,0.0006183129248276342,0.009378399744178978,159.32810135097773,0.0008968828964294585,0.006840268428732088,159.47893022570298,159.44746977429702,0.00019728007854696107,0.7479303244749959,0.013067630695780425,8.194361793542666e-05,47.36203098370641,28.364805818684207,12.034060370551341,385.0,0.8805194805192519,2.9215568630477622e-05,4.794856928696558e-05,4.435597563499741e-05,0,0,0,0
63,2026-06-01 11:15:00,159.471,159.464,159.474,159.459,357,1780312799.0,USDJPY,-4.38951282678568e-05,8.152974895114795e-05,-6.2709685511030955e-06,-3.135405627419097e-05,9.406511814570284e-05,0.4666666635563135,0.19999999866590876,0.33333333111111113,58.34939574335535,52.99856270639571,62.8146018284214,0.010640476309419,0.014325341928250697,-0.0036848656188316967,159.46324613711244,4.7275024548003266e-06,0.006916736276480151,159.46151800510384,1.556485180379643e-05,0.0034265486914080157,159.45688768116986,4.460339677743759e-05,0.004678841768964048,159.4196350971397,0.00027829007909393354,0.009877389769627598,159.37427066326185,0.0005630101795272343,0.009450114600724646,159.32945357634114,0.0008444541836980227,0.006901559290128034,159.4784609638858,159.44743903611422,0.0001945387533962272,0.5338470244125058,0.013205657074652278,8.281277952799553e-05,46.18530774777896,26.06345396581291,13.762156857833544,383.75,0.9302931596088782,4.3130095423186526e-05,5.029679084790812e-05,4.3631667490089876e-05,0,0,0,0
63,2026-06-01 11:20:00,159.464,159.466,159.468,159.457,391,1780313099.033,USDJPY,1.2542015752847746e-05,8.780071745739804e-05,1.2542015752847746e-05,-1.254170115627673e-05,6.898022148919318e-05,0.18181818016622883,0.18181818016364504,0.6363636305792172,59.33815847729685,55.487785316809486,63.39072289083351,0.010161308714259576,0.013492535285452474,-0.003331226571192898,159.46393460283434,1.2952127205501435e-05,0.008687552207391036,159.46211560442333,2.4359363112380375e-05,0.00483634219921214,159.45771607379078,5.195061369998056e-05,0.00552621978997081,159.4214533286244,0.0002794270811455503,0.010039060759055474,159.3760870857715,0.0005641556137597841,0.009540211341288796,159.33081224722332,0.0008484721245688831,0.006972190540977863,159.47825486938166,159.44744513061835,0.00019320569126528365,0.6022403975567713,0.013048110140748236,8.182377522950494e-05,44.8269226219624,24.493998474167782,14.02829432930548,380.95,1.0263814148835737,4.285566309624473e-05,5.041388825472097e-05,4.372760263485094e-05,0,0,0,0
63,2026-06-01 11:25:00,159.466,159.462,159.466,159.457,373,1780313399.018,USDJPY,-2.5083716905238695e-05,-1.2542015752847746e-05,-1.2542015752847746e-05,-3.7625103469052235e-05,5.643977875615854e-05,0.44444443950757645,0.0,0.5555555493813126,56.45171787645077,49.385045659898054,61.393248476666386,0.00935100579820869,0.012664229388003717,-0.0033132235897950276,159.46345095212575,-9.098963537423233e-06,0.00601566415554089,159.46210019050022,-6.283029015316431e-07,0.00392482990599774,159.45810552162797,2.442320733259972e-05,0.004842017990881686,159.42304339416856,0.00024435994321793945,0.009566940729285989,159.3777883315978,0.0005283776948076442,0.009311692304805774,159.3321175979972,0.000815167738688302,0.006882915013193269,159.47777465108518,159.4473253489148,0.00019095020864144435,0.4819371870947916,0.012758959416410115,8.001253851331424e-05,43.56556500513275,23.259874172774982,13.321482048038085,380.8,0.9795168067224318,3.091220199240474e-05,5.1102611181069424e-05,4.4067102392700726e-05,0,0,0,0
63,2026-06-01 11:30:00,159.462,159.469,159.474,159.462,361,1780313699.195,USDJPY,4.389760569911694e-05,0.0,7.525539800701253e-05,6.27120451024421e-05,7.524973505822734e-05,0.583333328472617,0.41666666319404977,0.0,60.108751254573036,58.66647276720119,63.50625713283825,0.009167993475983849,0.011964982205599745,-0.0027969887296158957,159.4648382140943,2.6098455009289442e-05,0.004511748116641456,159.46302016510018,3.749982217587089e-05,0.0034015192518666026,159.4590959287527,6.211041891091941e-05,0.0044018345371625855,159.4248456140051,0.0002769605065310326,0.00919176658305787,159.37959450324934,0.0005609594944027476,0.00912730235816639,159.3334796119475,0.000850545587672814,0.006814428296650021,159.47843148239497,159.44766851760505,0.0001929087458372148,0.6934143854884084,0.01270474802952371,7.966907693359656e-05,43.00031241927951,26.18837161727584,12.422730403574253,381.5,0.946264744429634,3.463224429170717e-05,5.050035116897552e-05,4.323257025500846e-05,0,0,0,0
63,2026-06-01 11:35:00,159.469,159.47,159.48,159.466,418,1780313999.909,USDJPY,6.270811254927011e-06,-6.270732609725549e-06,0.00017561244841379775,6.898324961279734e-05,8.779080704823216e-05,0.07142857091880238,0.7142857091839635,0.21428571275437702,60.61755143222248,59.89225385354673,63.80342154289391,0.008999901275103639,0.011371966019500525,-0.0023720647443968863,159.46612866057072,2.4276875984878198e-05,0.0031338110874798986,159.46395080975347,3.7934531383495175e-05,0.0028146500182799628,159.460087207957,6.216472232370508e-05,0.003910758670144787,159.4266163742402,0.00027212285342585567,0.008792089462161812,159.3813847111058,0.0005559952252568727,0.008926761717447107,159.33483802376892,0.0008482889109970527,0.006736672791191722,159.47914863340193,159.4480513665981,0.00019500386783620922,0.7058058661481511,0.012797266027413557,8.024873661135986e-05,42.87069660321257,27.490897579008312,11.451997250340847,381.65,1.0952443338134168,3.417506971287228e-05,3.5940770475939496e-05,4.323136586909834e-05,0,0,0,0
63,2026-06-01 11:40:00,159.47,159.476,159.48,159.468,363,1780314299.592,USDJPY,3.76246315920703e-05,7.525209451664239e-05,0.00015678797875207096,7.525209451664239e-05,7.524643206501577e-05,0.4999999958333334,0.3333333305547661,0.1666666652785673,63.61612371798993,66.78697782058003,65.56970221070804,0.009244274607425496,0.01094642773708552,-0.0017021531296600237,159.46859649542805,4.6426097267158824e-05,0.005350358315610038,159.465557368453,6.548518513540476e-05,0.00403936334916466,159.46153382541547,9.07188977648054e-05,0.004646144245612049,159.4285529870151,0.0002976067466958319,0.00891788987541986,159.3832582811829,0.0005818786729374977,0.008987617921036417,159.33624262054735,0.0008771223492791464,0.006789044206215067,159.4806632925221,159.44773670747784,0.00020646733705551474,0.8583730258792843,0.012740318454026909,7.988862558646385e-05,42.75033905972184,25.641365592714372,10.681530038036035,381.2,0.9522560335779244,2.7549399804538664e-05,3.412500127639147e-05,4.346642035254474e-05,0,0,0,0
63,2026-06-01 11:45:00,159.476,159.483,159.486,159.474,364,1780314599.002,USDJPY,4.3893752037948985e-05,0.00010660579684684812,0.00019441587436985763,0.00010660579684684812,7.524312936175301e-05,0.583333328472617,0.24999999791548244,0.1666666652785673,66.79281721451834,73.0846757012823,67.51172759433211,0.009888791895093618,0.01073490056868714,-0.0008461086735935212,159.47219737157104,6.7739885741914e-05,0.0082627687366994,159.46788305265926,9.479618749156931e-05,0.005767448235928896,159.46348529583224,0.00012237725854014997,0.005769222041465127,159.43068816399492,0.00032811647875018434,0.009234835370506289,159.38523336472383,0.0006133983256306564,0.009146278952329112,159.33770289297973,0.00091188152196382,0.00689064575641396,159.48343994292188,159.4466600570781,0.00023061947570443808,0.988038488685234,0.01268743856445359,7.955354843120326e-05,43.01956894948929,27.286995590124256,9.959903121070221,381.05,0.9552552158506875,3.0269401192180864e-05,3.5034473041554567e-05,4.435591741511346e-05,0,0,0,0
63,2026-06-01 11:50:00,159.483,159.488,159.495,159.474,411,1780314899.894,USDJPY,3.135130390075069e-05,0.0001630482497398944,0.00015050418903328477,0.00010660245436477922,0.00013167134831470085,0.23809523696106455,0.33333333174603175,0.42857142653099894,68.88271340872532,76.75731646216354,68.83031172759345,0.010679923195709762,0.010723905094091664,-4.3981898381902085e-05,159.47614802867827,7.431814392457686e-05,0.012697076552512954,159.47056531230467,0.00010932856267979075,0.008465121804448472,159.465713905302,0.000139754773312737,0.007608383674039487,159.43293568697553,0.0003453760215052731,0.009892292806966907,159.38726834760058,0.000631993091065069,0.009480016002783032,159.33919838658193,0.0009338669638406014,0.007080788584715947,159.48672210365623,159.44507789634372,0.0002611118536348527,1.030686050309637,0.013281192952707977,8.327393253854821e-05,43.75769004992963,29.04551389369582,8.835015113282498,383.95,1.0704518817551583,1.56142305589688e-05,2.9590251157707932e-05,4.4355814216426064e-05,0,0,0,0
63,2026-06-01 11:55:00,159.488,159.49,159.492,159.48,467,1780315199.027,USDJPY,1.2540128411009377e-05,0.00013168703635191292,0.00013168703635191292,8.151645691856224e-05,7.523982694840087e-05,0.1666666652785673,0.1666666652761988,0.6666666611119006,69.70405140121933,78.14874829154039,69.35273467632095,0.01133759104436649,0.01084664228414663,0.0004909487602198608,159.4796110215087,6.514298865392485e-05,0.014772807414402678,159.47315660399738,0.00010561900423438124,0.010136438897205835,159.46792173209272,0.00013844958702341015,0.008825803340016591,159.43517350317256,0.0003438795569558197,0.010327889167456306,159.3893026377471,0.0006317698903656175,0.00970813449777097,159.34069890014828,0.0009369928767871584,0.0072192882007868775,159.48942771843244,159.4436722815676,0.0002868859293049822,1.0125073981483483,0.013189679170371726,8.269909819030489e-05,44.44308821462423,27.15796572482521,8.260863915267713,384.1,1.215829211142615,1.62311352441891e-05,2.9031178579913803e-05,4.374505282162725e-05,0,0,0,0
63,2026-06-01 12:00:00,159.49,159.489,159.495,159.476,509,1780315499.693,USDJPY,-6.269985579065995e-06,0.0001191446667085927,0.00011287318697439375,0.00015677519690959762,0.00011913047294801181,0.0526315786705963,0.2631578933514856,0.6842105227147601,68.7272553819291,75.51176674772272,68.74780080711734,0.01164388248088244,0.011006090323493792,0.0006377921573886471,159.48195826613153,4.41537961098118e-05,0.015829605560810478,159.4752690567977,8.610076837305704e-05,0.01131824704424389,159.4698379382661,0.00012016104099463838,0.00975073030909357,159.43728434618544,0.0003243636143618608,0.010667971945224508,159.39127684294021,0.000613102291388776,0.009892131834419615,159.34217453298265,0.0009214476170397623,0.007336509213729414,159.49263223712592,159.4429677628741,0.0003113974898069012,0.9268644786173877,0.013604702086774136,8.530182073230214e-05,44.402649822663854,24.448811274922296,9.536912152428368,388.0,1.3118556701027546,2.051149879116453e-05,2.967855684403718e-05,3.8971478138644824e-05,0,0,0,0
63,2026-06-01 12:05:00,159.489,159.488,159.493,159.48,575,1780315799.01,USDJPY,-6.270024892063297e-06,7.524643206502368e-05,0.00015050418903328477,0.00014423227667514915,8.151083467097982e-05,0.0769230763316973,0.30769230532460295,0.6153846106513922,67.70548248065825,72.65169071306556,68.12387499579044,0.011671388506840685,0.011139149960163172,0.0005322385466775131,159.48346869959863,2.8412351689584537e-05,0.014872204170586656,159.47696651589135,6.918544006511302e-05,0.01140914743834287,159.47148903478734,0.0001035355304737798,0.009955209371867113,159.43927319535464,0.0003056135647686504,0.01072020833953502,159.39319215298102,0.0005948048705115981,0.009933871798125438,159.34362553265447,0.0009060573767096926,0.0073829121071185,159.4952442959723,159.44265570402771,0.00032973384796714547,0.8622458637767388,0.013561509080576356,8.503153265810817e-05,44.36509988727207,22.774774301783893,8.883909297884113,398.4,1.4432730923691157,2.2433675789510835e-05,2.3685337611387297e-05,3.9098718244091695e-05,0,0,0,0
63,2026-06-01 12:10:00,159.488,159.488,159.495,159.481,609,1780316099.594,USDJPY,0.0,3.135130390075069e-05,0.00013796044297831322,0.00015050418903328477,8.778089887646723e-05,0.0,0.49999999642857146,0.49999999642857146,67.70548248065825,72.65169071306556,68.12387499579044,0.011559931535657597,0.011223306275262059,0.0003366252603955386,159.48460152469897,2.130911240668943e-05,0.01240415312793175,159.47843764710584,5.9960161607075665e-05,0.010554594446574583,159.47299003162485,9.412232361214802e-05,0.00950473579260347,159.44118405043878,0.000293625200038725,0.0104958864438629,159.3950695360903,0.0005830196892549953,0.009836171366458757,159.34506209451862,0.0008970337932190749,0.0073592015388896925,159.49759649341323,159.4427035065868,0.00034418255183096374,0.8251781502418362,0.013592829860535902,8.522791595941953e-05,44.468910598670455,22.15024945279244,8.230336098701864,406.9,1.496682231506145,1.5985952253965768e-05,2.416018426378094e-05,3.9009947301625576e-05,0,0,0,0
63,2026-06-01 12:15:00,159.488,159.479,159.493,159.478,440,1780316399.518,USDJPY,-5.6430577848987085e-05,-5.6430577848987085e-05,0.00010660847098376003,9.406511814580298e-05,9.405627073148413e-05,0.5999999959996211,0.33333333111111113,0.06666666622260119,58.61030392833725,49.626157881771924,62.495963988771095,0.01062292186836089,0.011103229393881826,-0.00048030752552093506,159.48320114352424,-2.634223224831399e-05,0.007053114845973596,159.47851262749174,3.0560387117039064e-06,0.007947315187067261,159.47353639238622,3.426027751932329e-05,0.00782248708421207,159.44266702885295,0.00022787483315545883,0.009731341877426303,159.39673152547462,0.0005161239740492687,0.009463177874039275,159.34639480999604,0.0008321819276933713,0.007196423414114861,159.49845285830332,159.44334714169668,0.0003455358800007969,0.6469901932885311,0.013693342013353791,8.58629789085321e-05,44.01406598576825,20.417114466108664,9.151247456029528,411.4,1.0695187165772801,2.6379023423607017e-05,3.0867590638871966e-05,4.154151892582888e-05,0,0,0,0
63,2026-06-01 12:20:00,159.479,159.481,159.489,159.477,461,1780316699.091,USDJPY,1.254083609736334e-05,-5.642987021137191e-05,7.524973505823596e-05,0.00015051079601402506,7.524407296167227e-05,0.1666666652761988,0.6666666611119006,0.1666666652785673,59.899472321125266,53.450959975064805,63.2052325754468,0.009927282706058804,0.010868040056317222,-0.0009407573502584182,159.4826508576432,-1.035133059502764e-05,0.00303983613449077,159.4788442771595,1.3517296606050387e-05,0.0056876731621287036,159.4742149021693,4.254667649468507e-05,0.006293170076588694,159.44417028262345,0.0002309881716670212,0.008996779450882286,159.39840020813847,0.0005181971196302411,0.009097570391361387,159.34773416512047,0.0008363208650424221,0.007035264972188315,159.49921383412,159.44498616588,0.0003400258854659986,0.6641228587255598,0.013572389012399983,8.510348575943206e-05,43.40779600330655,19.12770375056661,9.099593377491772,416.65,1.1064442577700453,2.637918322520413e-05,2.862748430812996e-05,3.995284387682056e-05,0,0,0,0
63,2026-06-01 12:25:00,159.481,159.469,159.481,159.462,449,1780316999.022,USDJPY,-7.524407296166657e-05,-0.0001254004978400447,-6.270771932048724e-06,0.00016934057525608281,0.000119145413842223,0.6315789440441638,0.0,0.3684210506926782,49.86394917809797,34.901088532645076,56.47639237230095,0.008311869884238376,0.010356806021901454,-0.002044936137663078,159.4792381432324,-6.419734224726191e-05,-0.0027201228991202697,159.47753170687156,-5.34978612990267e-05,0.002262650073845407,159.47374082015392,-2.9727904603889668e-05,0.0039028818878250604,159.44514399703036,0.0001496188743765167,0.007859650844920907,159.3997982238189,0.00043413967239741644,0.008521380878676155,159.34894079034316,0.0007534358814144426,0.006766257360510508,159.49687199822154,159.4500280017785,0.0002937498601172923,0.4050038344629548,0.013960075511514661,8.75409986361905e-05,40.60414337680064,17.268184688708967,15.889915457741518,420.8,1.0670152091252216,3.839740165963604e-05,3.8816503935011825e-05,3.758495309164298e-05,0,0,0,0
63,2026-06-01 12:30:00,159.469,159.464,159.474,159.456,510,1780317299.016,USDJPY,-3.135405627419097e-05,-0.0001504815409310023,-7.524643206502368e-05,8.152974895114795e-05,0.00011287814177495035,0.2777777762343047,0.2777777762343047,0.44444444197583494,46.37739205354154,29.863113335716676,53.96299429691795,0.0065526504952231335,0.00959597491656579,-0.003043324421342657,159.4754286074243,-7.166375111265757e-05,-0.008040092174326219,159.47572747928868,-7.353770679743979e-05,-0.00123903660266933,159.472855291049,-5.552851632863016e-05,0.001366256261661647,159.44588344812723,0.00011362194796743793,0.006610252772588865,159.40106954611952,0.00039479317208894547,0.00787739313850011,159.35008565810094,0.0007148684070586205,0.006460125446466236,159.49563973074785,159.45256026925213,0.0002701516423501365,0.2655495292680918,0.01424864154640652,8.935334336531456e-05,38.08148996379337,15.710004446029908,17.463907720883913,425.95,1.1973236295337017,3.693612792452605e-05,3.7365655913172184e-05,3.680542598339227e-05,0,0,0,0
63,2026-06-01 12:35:00,159.464,159.464,159.476,159.454,525,1780317599.894,USDJPY,0.0,-0.0001504815409310023,-0.00011913495482285263,7.525775782046829e-05,0.00013796217328043546,0.0,0.5454545429754415,0.45454545247910394,46.37739205354154,29.863113335716676,53.96299429691795,0.00509967062640726,0.008696714058534085,-0.003597043432126825,159.47257145556824,-5.374877629431403e-05,-0.01203006913073068,159.47416381538352,-6.373330413124026e-05,-0.004273831722315435,159.47205026459,-5.048072421869675e-05,-0.0009397670348505471,159.44659390114185,0.00010916569888559577,0.005409850703074426,159.4023156937211,0.0003869724602835328,0.007246157630817152,159.35121913413974,0.0007077502542689773,0.006157039621115246,159.4943275317015,159.45507246829854,0.000246168811787912,0.22742369785720262,0.014802310007376866,9.282540264496604e-05,35.50196886097212,15.007314423135812,15.609921177722635,433.85,1.210095655180083,3.693612792452605e-05,3.297451154337147e-05,3.6812460228574786e-05,0,0,0,0
63,2026-06-01 12:40:00,159.464,159.444,159.483,159.435,640,1780317899.893,USDJPY,-0.00012542015752781133,-0.0002194646317071891,-0.0002758828250402079,-0.00012542015752781133,0.00030104613532024927,0.41666666579880846,0.3958333325087792,0.18749999960907893,35.0184794806605,16.72154792390775,45.1097347874835,0.002307738585301422,0.007418918963887552,-0.00511118037858613,159.4654285916762,-0.00013437766333082539,-0.017772551848054263,159.47014197333237,-0.00016393020667629333,-0.008370654159364221,159.46950024053635,-0.00015990669374329528,-0.004036151849874159,159.44649217952843,-1.563019351745625e-05,0.0038251506754818365,159.4031411255286,0.00025632414883974255,0.006409600053984832,159.35214232683487,0.0005764445449168839,0.005747516838823685,159.49708461033865,159.45031538966137,0.0002933269403506983,-0.1350330314771809,0.017173573578278648,0.00010770912407038615,34.81420317028359,12.011219916874603,20.396027900792284,446.6,1.4330497089114569,5.6785045511188675e-05,4.514176337010411e-05,4.311023398715443e-05,0,0,0,0
63,2026-06-01 12:45:00,159.444,159.466,159.474,159.44,555,1780318199.034,USDJPY,0.00013797947868865457,-9.40550912019722e-05,-0.00015047965389680673,-1.8812433764447967e-05,0.00021321159369390222,0.6470588216270351,0.23529411695452557,0.11764705847726278,49.63219965093078,46.77821980899286,53.85399796059674,0.0018490141817437689,0.006304938007458796,-0.004455923825715027,159.46557144375714,2.687453090885245e-06,-0.017079413886051498,159.4695897102214,-2.251031201577737e-05,-0.009254566938096787,159.46918203685124,-1.9953929722253195e-05,-0.0050328653180713445,159.44725719209595,0.00011754863792658941,0.0030869094725005652,159.40438585571613,0.00038652728375773314,0.005985647577659847,159.35327523900565,0.0007073890437788858,0.005541073885183323,159.49709124042374,159.45000875957624,0.0002952509051930017,0.3396431135734286,0.018375461179829588,0.00011523121655920126,34.17556360035853,10.423771023650511,17.700410624499398,455.85,1.2175057584729148,9.955480943852646e-05,6.877461552708983e-05,5.337813938399571e-05,0,0,1,0
63,2026-06-01 12:50:00,159.466,159.481,159.49,159.456,582,1780318499.001,USDJPY,9.406393839439531e-05,7.524973505823596e-05,-5.016019913606229e-05,6.27073260968114e-05,0.00021319154005819025,0.4411764692899936,0.2647058815746649,0.29411764619416497,56.77063506982883,58.64964492167779,58.57806596515303,0.0026651245301820836,0.005576975312003454,-0.0029118507818213703,159.46942858281784,7.256197808562588e-05,-0.009809560414566931,159.4711110821919,6.201071617919127e-05,-0.0064206246796629785,159.4702563971375,6.737057496006747e-05,-0.0034844230164310375,159.44858043946473,0.00020332298002219074,0.0034364424343777955,159.4059029674841,0.00047110571890931195,0.006104743665218848,159.3545461321499,0.0007935378746285447,0.005605341806727893,159.49777741032412,159.45032258967584,0.0002975578322701993,0.6464550880274671,0.019491499666986063,0.00012221831858958787,31.853166392960127,14.988368069537433,15.495002510649844,468.0,1.2435897435894778,0.00010424318108645093,7.702162181496351e-05,5.742128312366838e-05,0,0,1,0
63,2026-06-01 12:55:00,159.481,159.486,159.495,159.477,459,1780318799.893,USDJPY,3.135169706736107e-05,0.00013796217328043703,-1.2540128411009377e-05,0.00013796217328043703,0.00011286257100937188,0.2777777762343047,0.4999999972230117,0.222222220987128,58.863498239134366,61.95023069354668,60.01088676658113,0.003673015834152693,0.005196183416433302,-0.001523167582280609,159.47357143711338,7.793493789980703e-05,-0.0018571703109273585,159.47309627123298,8.091476912862874e-05,-0.0026312080557033823,159.47168763376135,8.974863470129529e-05,-0.001167657287652446,159.45004787321122,0.00022547579802145476,0.004164425083985179,159.4074890473359,0.0004925173411443406,0.006419501216385015,159.35585413083498,0.0008166996429146092,0.005768472734047236,159.4989514705574,159.45134852944264,0.0002984772401009901,0.7279270917532163,0.019384963976487108,0.00012154649296168385,29.900703439519685,15.836629989840686,14.467291233533908,473.1,0.9701965757765862,0.00010098525652014745,7.78676074524136e-05,5.6637275887182653e-05,0,0,1,0
63,2026-06-01 13:00:00,159.486,159.517,159.528,159.486,733,1780319099.013,USDJPY,0.00019437442784941972,0.00033236341744835585,0.00018183186195819268,0.0003198173905407664,0.00026329482124163315,0.7380952363379812,0.2619047612810663,0.0,68.91252148316201,75.87763419702921,67.36079705797957,0.006893751005804916,0.005535696934307625,0.0013580540714972908,159.48442857783505,0.00020422948155752343,0.011857122266803799,159.47895010173525,0.00023858884348355915,0.004786286351730951,159.47580693978304,0.00025830287996290877,0.0037566751930455666,159.45267344681076,0.0004034209762603333,0.006079545668910669,159.40965758105202,0.0006733746284687996,0.007341887330909458,159.35745757231922,0.0010011607245200497,0.006238438179479999,159.50726416751235,159.44813583248765,0.00037067105715814236,1.1646559533110088,0.021000323692452427,0.00013164943982429728,30.145567617643927,24.79860593368342,12.400567199360943,490.2,1.4953080375353947,0.000122769806343788,9.947640318127907e-05,7.049069177420801e-05,0,0,1,0
63,2026-06-01 13:05:00,159.517,159.55,159.572,159.517,707,1780319399.407,USDJPY,0.00020687450240419736,0.0006648102154989122,0.0004451996814627268,0.0005518556145038822,0.0003447195236603373,0.5999999989092976,0.39999999927252056,0.0,75.71382974027195,83.4163490176233,72.92337745151376,0.011971036385261868,0.006822764824498474,0.005148271560763394,159.5008214333763,0.00030832798340321515,0.035392841700115696,159.48842342150388,0.00038608807570560854,0.01828144817150701,159.48255176343912,0.00042291922103766263,0.013051522902770785,159.4564901743868,0.0005864284703052561,0.00999799485836661,159.41243663885297,0.0008629399565524052,0.009295513324360627,159.35937341737076,0.0011962056485374628,0.007231090535896101,159.52444099669006,159.43975900330994,0.0005307552076472311,1.3018233529888785,0.02342887200013488,0.00014684344719608197,31.812518342401653,34.05481850529432,10.321230473409518,506.9,1.3947524166499519,7.262476634882445e-05,0.00011163565446390383,8.15859429319406e-05,1,0,1,0
63,2026-06-01 13:10:00,159.55,159.644,159.661,159.543,1476,1780319699.018,USDJPY,0.0005891570040739147,0.0011162254022800688,0.001022065324395971,0.0010973919695991263,0.0007391445967276878,0.7966101688164158,0.14406779648804957,0.059322033848077084,85.46720192678117,91.86507927164769,82.06525186604725,0.023311119957327264,0.010120435851064234,0.01319068410626303,159.5366160750322,0.0006730989261881272,0.07104463127507188,159.50916696530336,0.0008452995978969015,0.039577255081951535,159.49722887585375,0.0009202111232947879,0.02804683900251348,159.46384350088144,0.0011297639337131073,0.01658630878549161,159.417022051945,0.0014237999501775238,0.012636196228868357,159.36220552267056,0.0017682641653033212,0.008930283664909666,159.57266998533808,159.4090300146619,0.0010250305096099583,1.4358960358132202,0.03018395257155346,0.00018907038517923291,34.67962836125344,45.60667920441261,7.439128532994255,562.65,2.6233004532120106,0.0002170851513173953,0.00020399474541488312,0.00014985899192645759,0,0,0,0
63,2026-06-01 13:15:00,159.644,159.645,159.654,159.602,1170,1780319999.321,USDJPY,6.263937260442276e-06,0.0010283356638096652,0.0011036627808540533,0.001097385088104419,0.000325722697234442,0.01923076919388158,0.1730769227438411,0.8076923061392004,85.53376114665497,91.91619400664565,82.13263677899718,0.03200991910975404,0.014498332502802195,0.017511586606951842,159.56371205627417,0.0005094387857884129,0.09428347345632915,159.52727803659624,0.0007379425315384684,0.056166954404346825,159.5106626144125,0.0008421843617579976,0.04040621727500593,159.47094767731747,0.0010914359337396613,0.02236723785273398,159.42153646675797,0.0014017148385007281,0.015633499273860707,159.3650193980669,0.0017568510516964475,0.010473265916999708,159.60473686318673,159.39446313681324,0.0013171331790753648,1.1914796365125386,0.03174224167358482,0.0001988301648882509,37.3419448073301,40.270060613108,6.568646570158412,600.25,1.9491878384003416,0.0002330992010341385,0.00019764761579800884,0.00014985910921810411,0,0,0,0
63,2026-06-01 13:20:00,159.645,159.676,159.678,159.641,974,1780320299.093,USDJPY,0.00019418083873579128,0.0011913271384322854,0.0013294536697936454,0.001254107201083432,0.0002317192314437119,0.8378378355726638,0.05405405390821114,0.10810810781642229,87.45229574270084,93.41306577784259,84.07965836149691,0.040933366660965476,0.019785339334434854,0.021148027326530622,159.59178404220563,0.000527696073452531,0.1182126050922534,159.54710763171676,0.0008078640233375756,0.07401136048378021,159.52569328582953,0.0009422100670714112,0.05400565206818442,159.47898894487366,0.0012353417615058027,0.02894107166244453,159.42657534860436,0.0015645111290274725,0.019086301268458783,159.3681137324145,0.001931918878718908,0.012259601579529544,159.63908266293512,159.3801173370649,0.0016218174670597685,1.1425570656092663,0.03211779583975777,0.00020114353966631035,40.0353876318805,42.29387801384803,6.028136424522558,630.8,1.5440710209255637,0.0002131928736980546,0.000192484235716267,0.00015296847933254535,0,0,0,0
63,2026-06-01 13:25:00,159.676,159.694,159.697,159.666,727,1780320599.893,USDJPY,0.00011272827475639069,0.001109599603803968,0.001442331811568609,0.001323025024610569,0.0001941212569038656,0.580645159417185,0.0967741932366559,0.3225806441203527,88.41318547615523,94.14722182649612,85.07146626271472,0.04889409204537287,0.025607089876622458,0.023287002168750414,159.6173380316542,0.00048028597200745006,0.13290945381916686,159.56669328082117,0.0007978276453643853,0.08774317908591911,159.54099389620868,0.0009590394296456046,0.06518695642563443,159.48742075095706,0.0012952698593421328,0.034747304146293345,159.43187088625575,0.0016441450024208084,0.02221330520373499,159.37135638184324,0.0020244768287201727,0.013898809524022226,159.67174059997504,159.36855940002496,0.0018985134065780472,1.0734194597860078,0.032037953279775495,0.00020062089546116633,42.6898235743941,43.60680694720326,5.611505054471389,648.95,1.120271207334753,0.00022039123406441223,0.000187061867826515,0.00015329759019991706,0,0,0,0
63,2026-06-01 13:30:00,159.694,159.724,159.735,159.69,724,1780320899.801,USDJPY,0.0001878592808746138,0.0010905672203069816,0.001756102456034636,0.0014797351524880042,0.00028173599459076855,0.6666666651849746,0.24444444390168368,0.08888888869111942,89.81333590484597,95.18971141412642,86.53900749396018,0.056967092365994176,0.03187909037449681,0.02508800199149737,159.64400352374065,0.0005010928972815616,0.14318209036434837,159.58766751004504,0.000854279607453823,0.0992440885411554,159.55763081473515,0.0010426902456204998,0.07507905129602932,159.4966983685666,0.0014251180981072135,0.040208194179797374,159.43765562118136,0.0017959645587048193,0.025218982328397033,159.3748652735662,0.0021906511157484014,0.015491856195438913,159.70666974702596,159.35723025297403,0.0021877707423550714,1.0495944309789424,0.03296381375979267,0.000206379841224817,45.40936811358772,47.58886544835574,5.064329880395012,664.6,1.0893770689134683,0.00022087758277859683,0.00016136705313589503,0.00015540938317961208,0,0,0,0
63,2026-06-01 13:35:00,159.724,159.677,159.726,159.664,909,1780321199.308,USDJPY,-0.00029425759435020016,0.00020670992959326284,0.0013231660667476497,0.0011724873032790128,0.00038828384801826077,0.7580645149061553,0.03225806446424777,0.20967741901669368,74.60330789925649,71.81085952767575,74.4927279115526,0.05889360723412551,0.03728199374642255,0.021611613487702963,159.65225264280548,0.00015500787984421092,0.11563656777326514,159.5995785087057,0.000485098344354833,0.09041154340232538,159.56848255885012,0.0006800681400843001,0.07125368299637103,159.50376902077969,0.0010860619801262427,0.03992551989824733,159.44239511383122,0.0014714084419095404,0.025373061886227788,159.3778715892521,0.0018768503291273074,0.015666066581530913,159.72578100173416,159.35681899826585,0.002310677201277026,0.8677885490581728,0.035037827062665464,0.00021942939222721784,46.60056767145964,41.573917961291855,9.7246228491667,686.7,1.32372214941003,0.00020234906833241557,0.00021982848058329176,0.0001756171947463903,0,0,0,0
63,2026-06-01 13:40:00,159.677,159.716,159.721,159.664,612,1780321499.896,USDJPY,0.00024424306568904264,0.00044473675968559334,0.0014735297621661925,0.0014232956504838246,0.00035688346815607934,0.6842105251154988,0.08771929809161555,0.2280701750384996,77.94153518451056,77.2257612347012,77.25169272962977,0.06284294387168643,0.04239418377147533,0.0204487601002111,159.6681894821041,0.0002994367134178324,0.10447742582994124,159.6151013742116,0.0006321370905366293,0.08782333761536165,159.58189323531826,0.0008403632891107113,0.07123062090576582,159.51209180427853,0.0012783243791428516,0.041144126961057736,159.44781303236923,0.0016819733211162857,0.02627656561125491,159.3812360510506,0.002100397494986104,0.016216652983700897,159.7503237463622,159.3549762536378,0.002475315514565838,0.9131808166608608,0.03660655370104767,0.00022919778670294567,47.70668154662643,36.950012668370626,8.643037632546248,691.85,0.8845848088457201,0.00021930913012819449,0.00022204780507603875,0.00017963424475196622,0,0,0,0
63,2026-06-01 13:45:00,159.716,159.709,159.721,159.697,559,1780321799.021,USDJPY,-4.382779433498296e-05,0.0002066685037200866,0.0013982418519493667,0.001385684189406211,0.0001502733095818076,0.29166666545158626,0.2083333324650804,0.49999999791666666,76.01032538370221,74.23952506568591,75.70839778009855,0.06466259002513652,0.04684786502220757,0.017814725002928952,159.6783921115781,0.0001916845981297461,0.0866080693724598,159.6276211909834,0.0005098040577779107,0.08051355926664883,159.59344839574388,0.000724037267304311,0.0677551099143443,159.51981369430683,0.0011859737126806943,0.04082474943317038,159.45298505153022,0.001605582663673854,0.026409702925860756,159.38449738387598,0.0020359735196984717,0.016383651461467252,159.77019368029283,159.35720631970713,0.002585874062111107,0.8518267476970036,0.035706085579544335,0.0002235696521770491,48.73378728785273,35.17600474137582,8.228076549553808,691.05,0.8089139714925391,0.00021657166113266558,0.0002276118290050746,0.00018067926371797158,0,0,0,0
63,2026-06-01 13:50:00,159.709,159.728,159.735,159.683,875,1780322099.092,USDJPY,0.00011896637008557143,0.000212907184991451,0.0013227430305233767,0.001504815409309801,0.000325553440849575,0.36538461468191064,0.1346153843565509,0.49999999903846154,77.63048329792507,77.04981134933205,77.0169568243464,0.06686701262367478,0.05085169454250101,0.01601531808117377,159.69079408368356,0.00023298723342157722,0.0734560520293428,159.64100503218563,0.0005449412436161849,0.074311751364462,159.60568035976715,0.0007663865092842497,0.0646864635584734,159.52797786315753,0.001253837348919797,0.04055711220047442,159.458430892094,0.0016905290388091224,0.0265600058382347,159.38791532035484,0.0021336917479699426,0.016558938511593624,159.79091254610483,159.3604874538952,0.0026947378807074887,0.8538362485624627,0.03686993660957838,0.00023082951398363703,49.68752833327715,31.632366104832876,7.399178265629726,704.35,1.2422801164192172,0.00021710297645941785,0.0002268492507123332,0.00018023704388046076,0,0,0,0
63,2026-06-01 13:55:00,159.728,159.738,159.743,159.723,585,1780322399.114,USDJPY,6.2606430932588e-05,8.76511983172179e-05,0.0011783140081478294,0.001624038274631756,0.00012520502322541793,0.49999999749999996,0.24999999874999998,0.24999999874999998,78.45520319798817,78.49065566906664,77.68137320465108,0.06862982790602246,0.054407321215205307,0.01422250669081715,159.70259556276267,0.0002216898048060746,0.058592039022016706,159.6539376945609,0.0005265282313293934,0.06627018451587219,159.61770941797013,0.0007536167663882298,0.060078603234984485,159.53621402538664,0.0012648286525167782,0.03951565682004343,159.46396691403274,0.0017184639970419945,0.0263112928513749,159.39139875000305,0.002174529194894491,0.016533476436848105,159.81010814503185,159.36719185496815,0.0027727672192195503,0.8371968998810175,0.03566494113746434,0.00022327148917267235,50.68420126883582,31.967534545493294,7.1028016467973965,711.6,0.8220910623944881,0.0002029139704264332,0.00022616029713636428,0.00017760769278702687,0,0,0,0
63,2026-06-01 14:00:00,159.738,159.721,159.762,159.712,756,1780322699.093,USDJPY,-0.00010642426974172281,0.00027555627923869785,0.0004823231690511687,0.0015048814592335535,0.0003130458737424094,0.3399999993198408,0.47999999903990903,0.1799999996402501,73.49455271424829,69.79947699247315,73.86951893252832,0.06787271933345096,0.05710040083885444,0.01077231849459652,159.707196672072,8.642896635612981e-05,0.05494402926652242,159.66287933528614,0.0003640211485339515,0.06330082658044489,159.62709947088192,0.000588249297452256,0.058616912031794755,159.54346053419502,0.0011127968843757858,0.03969151341533461,159.4690566781113,0.0015798884569641967,0.02666156428006161,159.3946783644309,0.002047255522690867,0.016806775178793032,159.82348022685667,159.3778197731434,0.0027902433225016595,0.7700486411127584,0.03668887391336056,0.00022970601181660869,51.85622375670115,32.55475669712626,6.411389073098037,726.35,1.0408205410613283,0.00013764733599395251,0.00016331324087169124,0.00018196524257903831,0,0,0,0
63,2026-06-01 14:05:00,159.721,159.695,159.737,159.688,807,1780322999.092,USDJPY,-0.00016278385434609355,-0.00013148338300494888,0.000313194901186975,0.0014172033435966291,0.0003068349040358596,0.5306122438152191,0.32653061157828406,0.14285714256568052,66.56259026911422,58.284014275734016,68.47370519692456,0.06443199074428207,0.05856671881993997,0.005865271924342108,159.704147504054,-5.727781148430598e-05,0.03595802194988096,159.66716209058131,0.000174349622390646,0.052060716369709326,159.6332722462563,0.0003866847611096555,0.05137901093803521,159.54940325834423,0.0009125495845322192,0.037311454065701355,159.4735308032972,0.0013887520743236712,0.025717770927968786,159.39766663941168,0.0018653557913174273,0.01643058836108935,159.82979533504533,159.39410466495468,0.0027282674478891055,0.6906168886142194,0.0375682400624067,0.00023524994559883966,51.579542108977556,29.52183185820162,10.377204597733696,744.25,1.0843130668456722,0.00011657790972135652,0.00017636773940731405,0.0001867641966245909,0,0,0,0
63,2026-06-01 14:10:00,159.695,159.68,159.713,159.678,716,1780323299.793,USDJPY,-9.392905225580339e-05,-0.00018158024907799497,2.5050727723741062e-05,0.001354537701299341,0.00021918837675348566,0.42857142734659076,0.5142857128163961,0.05714285697987025,62.87789450383681,52.45879550307911,65.57223012848186,0.05980541431978281,0.05881445791990854,0.0009909563998742738,159.6981106280405,-0.00011340539953331843,0.019718516462404523,159.66887381183716,6.968288744843074e-05,0.04125262085375425,159.63752022386936,0.00026610145328664556,0.044071828125481716,159.55452469919348,0.0007864101694582791,0.03471100488664547,159.47761930224178,0.0012690225665751757,0.024634250711557115,159.40047592658172,0.0017535962285773407,0.01597854270573862,159.8314084529825,159.41409154701756,0.002613457577435646,0.6371859110377747,0.03738479434366312,0.00023412321107003453,50.806656390011334,27.547644733697425,11.593890705888915,754.55,0.9489099463254987,0.00012054751471047752,0.0001702346047853995,0.00018907593914060304,0,0,0,0
63,2026-06-01 14:15:00,159.68,159.715,159.728,159.659,851,1780323599.992,USDJPY,0.00021918837675349856,-8.138836021243101e-05,0.00013150149661234067,0.0015740229769729552,0.00043201953479646136,0.5072463760762814,0.18840579682842726,0.30434782564601603,67.41107420294281,62.627000891171896,68.81020597958792,0.05829108333969657,0.058709783003866145,-0.00041869966416957505,159.7023329710304,7.931649296516059e-05,0.011538887346830506,159.67502397025888,0.00025035868946274395,0.03401893807324541,159.64456383988124,0.000441206129570471,0.03888348011409448,159.5608178482447,0.0009662908089499328,0.032839985087179,159.48231991011818,0.0014589710634568135,0.02388901802419241,159.40360551935206,0.0019534970970913443,0.015690198997219795,159.83422219584816,159.4363778041518,0.002490964478579764,0.7003295800907624,0.039643023319116955,0.00024821102162675364,49.17595579008041,24.12281677176199,13.575903192746766,770.85,1.1039761302456892,0.00015595445552603568,0.00018088816063248142,0.00019128480041663895,0,0,0,0
63,2026-06-01 14:20:00,159.715,159.711,159.718,159.694,572,1780323899.936,USDJPY,-2.504461071273223e-05,-0.00016902678135433113,-8.139039843713114e-05,0.0016745691277189056,0.00015027142776640875,0.16666666597182747,0.12499999947857454,0.7083333303829313,66.41291569651182,60.89054900001408,68.04227045747612,0.05612126751952928,0.058192079906998775,-0.0020708123874694923,159.7044997282728,4.0701869629717055e-05,0.0019041655101261767,159.67982077422437,0.0001952609016246974,0.025883079663458375,159.6506034908011,0.0003783042962464566,0.032894072830970345,159.56670734439197,0.0009042779537752494,0.030493319005330477,159.48684822872968,0.0014054561473862655,0.022881314696945765,159.4066641709008,0.0019091788331567856,0.015265420897748072,159.82943747191413,159.46786252808587,0.002263932627234562,0.6724400459628647,0.03852566451060867,0.00024122110881910866,47.66173380443026,23.04941802042371,12.971812979184225,767.45,0.7453254283665717,0.00014967163873621,0.00017025909368060613,0.00018691538287997914,0,0,0,0
63,2026-06-01 14:25:00,159.711,159.707,159.723,159.706,584,1780324199.023,USDJPY,-2.504523796120761e-05,-8.765284464795631e-05,0.00018787928129904152,0.0015112939435364403,0.00010644492727322115,0.23529411626376254,0.7058823487879439,0.058823529065940634,65.37051461865096,58.98257837459011,67.254172087871,0.053462622446517116,0.05724618841490245,-0.003783565968385333,159.7051247962046,1.1741663254702594e-05,-0.002071875867414974,159.68344467099445,0.00014751265576765855,0.020565335708312205,159.65573044618282,0.0003211256725574309,0.02863097530089931,159.57220901716093,0.0008447021174255237,0.02874848296590926,159.49120766974494,0.0013530045537174208,0.02215099163365153,159.40965258711074,0.0018653036880985857,0.01497422267985371,159.82229220278566,159.49910779721432,0.0020236082674606596,0.6432618626936064,0.036988117045566926,0.00023159984875783108,46.3944065652973,23.25828798479898,12.545960341981113,768.9,0.7595265964363689,0.00014412150707197676,0.00013826746654954604,0.00018797441820415654,0,0,0,0
63,2026-06-01 14:30:00,159.707,159.723,159.726,159.702,571,1780324499.601,USDJPY,0.00010018346096307695,0.0001753342308776773,4.382779433487194e-05,0.001517422138060498,0.00015026013786368218,0.6666666638896783,0.12499999947857454,0.2083333324650804,67.56361932960185,64.21528238896624,68.77324219452387,0.05204673103665414,0.05620629693925279,-0.0041595659025986526,159.70959359715346,8.394237656362596e-05,0.005446093099465088,159.68871871486186,0.00021467568538364798,0.021556624280549386,159.66184586016618,0.0003830228787871545,0.028573613909884443,159.57812238903696,0.0009078789046649616,0.02871913069273546,159.4957976168787,0.0014245038835887138,0.022266813581495626,159.41277047181612,0.0019460770129375818,0.015103832404435025,159.81366958508193,159.53193041491807,0.0017639236062674745,0.678178986979353,0.03606039439945507,0.0002257683264116944,45.00689028299145,22.152605379406065,12.741855814084285,768.35,0.7431509077893221,0.00012450672993294309,0.00011821963948766696,0.00018801115632236594,0,0,0,0
63,2026-06-01 14:35:00,159.723,159.697,159.724,159.695,477,1780324799.005,USDJPY,-0.00016278181601903086,0.00010646292585159145,-7.513665479086384e-05,0.0013230001379431755,0.00018159389343567106,0.8965517210468464,0.03448275850097251,0.06896551700390513,60.822728726951645,51.70909562704479,63.72893886778911,0.04827021519088248,0.05461908058957873,-0.006348865398696252,159.7064451978651,-5.914099367366775e-05,0.008334569824597793,159.68982288621362,4.494409009080961e-05,0.02094907437646043,159.66504169106017,0.000200158460495516,0.027521467190808835,159.58278425613358,0.0007157146956598126,0.028259556940099628,159.49978182248506,0.0012364792933349238,0.02216252024328469,159.41559862632542,0.0017652060155932175,0.015122699743699286,159.7953201299507,159.57137987004927,0.0014022821962932286,0.5609537559254635,0.035556080513779446,0.000222647141234835,43.34631339565187,20.862037379463132,13.405769144030009,769.25,0.6200844978874722,0.00014453739056062733,0.0001290947802944059,0.00019529867250911098,0,0,0,0
63,2026-06-01 14:40:00,159.697,159.695,159.706,159.669,689,1780325099.007,USDJPY,-1.2523716788725991e-05,-0.00012522305356421626,-0.000206601222077607,0.0011158685281191794,0.00023169166223098857,0.054054053908252665,0.2432432425856007,0.7027027008034439,60.32414638988502,50.820852418140745,63.35362113437181,0.044601774397875715,0.05261561935123814,-0.008013844953362423,159.70358389839882,-5.3748940313614354e-05,0.0012509273684315758,159.6905131680518,2.809704759019241e-05,0.015489197792931009,159.66776517369107,0.00017057185136461472,0.0232013338098227,159.5871848735401,0.0006755876203049621,0.026367025295400026,159.5036475289705,0.0011996745779417628,0.02132761885232526,159.41837873949632,0.0017351905262798946,0.014773220144263632,159.77418381476048,159.61031618523953,0.001026128742421182,0.5167818376109604,0.03565921761993646,0.00022329576768174623,40.578054584713875,19.31586255615438,17.620240548819428,767.05,0.8982465289093412,9.328770071865209e-05,0.00012123897566066698,0.0001936203389839552,0,0,0,0
63,2026-06-01 14:45:00,159.695,159.714,159.718,159.685,528,1780325399.017,USDJPY,0.00011897679952421747,1.878392847065591e-05,-0.00015024602787061525,0.0010278909432779315,0.00020661933205596905,0.5757575740132473,0.12121212084457686,0.30303030211187276,63.394090565655425,58.686391270034356,65.38698336849367,0.04273502705976284,0.050639500892943085,-0.007904473833180242,159.70618792379912,4.8915300668283255e-05,0.001688195526327263,159.6936447456449,0.00012746439839563426,0.013823971420521275,159.67196833971914,0.00026323756585394274,0.021364848918040025,159.59215801575422,0.0007634584666356138,0.025450671362250432,159.50781292443642,0.0012926456189406444,0.020964695706737757,159.42132024457595,0.001835888418029862,0.014656073675155312,159.75036783249723,159.65053216750275,0.0006250902550464374,0.6357230398293562,0.03546927350422579,0.00022207992727140883,38.453862690712334,20.448787882514022,16.449271424069124,758.1,0.6964780371981669,0.00011336166939056625,0.0001267266800996152,0.00019098996384530844,0,0,0,0
63,2026-06-01 14:50:00,159.714,159.714,159.721,159.697,535,1780325699.017,USDJPY,0.0,4.383026417120739e-05,-4.382642232392264e-05,0.0004384756082282948,0.00015026860513167855,0.0,0.29166666545158626,0.7083333303817471,63.394090565655425,58.686391270034356,65.38698336849367,0.04078546687111384,0.04866869408857724,-0.007883227217463401,159.70814094284935,3.668602687411474e-05,0.003016146644768014,159.6963587795589,0.0001104672678571089,0.01291410856444486,159.67578939974467,0.00023930115140790933,0.020058953561857606,159.59693613278347,0.000733496958357229,0.024727115622539486,159.5118958368238,0.0012670162442488578,0.02068816707887322,159.42423248094835,0.0018175876687145345,0.01457989383760605,159.7468707409213,159.66102925907873,0.000537469989121671,0.6170762633932747,0.034650039682495436,0.00021695054711857092,36.591749739167874,20.055527336851096,15.635455588038887,711.05,0.7524084100976369,0.00011231909939571072,0.00012259906114721106,0.00014311472491442025,0,0,0,0
63,2026-06-01 14:55:00,159.714,159.723,159.749,159.704,758,1780325999.594,USDJPY,5.635072692444787e-05,0.0,0.0001753342308776773,0.0004885840458517254,0.0002817377584943151,0.1999999995559345,0.5777777764935885,0.2222222217282547,64.88666023874147,62.54829598275585,66.36171495313957,0.03951119074758935,0.04683719342037967,-0.007326002672790315,159.71185570713703,6.977749280814289e-05,0.0022621099835760106,159.6999109422844,0.00014457777452341522,0.011192227422526457,159.68008127249516,0.00026877946931661256,0.018235412328976963,159.6018798138508,0.0007588894710419058,0.023757424813823036,159.51607611728275,0.0012971976728234193,0.02027850040406065,159.42720529208322,0.0018553590485066757,0.014434820267098303,159.74189276723834,159.67380723276167,0.00042627257487441093,0.7225142248526576,0.0353893225623163,0.00022156685362982348,35.79092390469275,23.885377562155313,14.215343025995008,690.45,1.097834745455703,0.00010486377623118092,0.00011008453490067266,0.00014326433015353422,0,0,0,0
63,2026-06-01 15:00:00,159.723,159.697,159.738,159.695,720,1780326299.003,USDJPY,-0.00016278181601903086,0.0,0.00010646292585159145,0.0001315163205493075,0.0002692599109564135,0.6046511613846859,0.3488372084907073,0.04651162779902537,57.582214054514324,47.56326331896408,61.13913590726233,0.035988482209205586,0.04466745117814485,-0.008678968968939264,159.70814178035278,-6.976338356059671e-05,0.001696582487682008,159.6995228166465,-1.5797271037474455e-05,0.009699930432873316,159.68161933863195,9.632080030099473e-05,0.016577647571779153,159.6056100172292,0.0005725988125413701,0.022825761095617736,159.51965876842567,0.0011117202289893143,0.019876945940609403,159.4298898165401,0.0016754084429667594,0.014291190214692051,159.74012755195733,159.67767244804273,0.00039108501671666527,0.3094631297508772,0.03593294237929416,0.00022500699687091278,34.60992933931287,21.84373481802959,14.789309481216256,677.75,1.0623386204351069,0.00010486377623118092,0.00011957500463940344,0.00014323937308593313,0,0,0,0
63,2026-06-01 15:05:00,159.697,159.683,159.716,159.656,651,1780326599.651,USDJPY,-8.766601752074887e-05,-7.514324180468712e-05,-0.000200356885702746,-6.888173632069172e-05,0.00037574444367905336,0.23333333294460235,0.3166666661389678,0.44999999924976314,54.05366324711053,41.34129537551499,58.53463609378941,0.03170159110695181,0.04207427916390624,-0.010372688056954432,159.70185633526458,-0.00011807211072739061,-0.0017275631342386077,159.69731977442697,-8.966822015051085e-05,0.006806606375164392,159.68174485330178,7.860301748119243e-06,0.013979679610713447,159.60864491851433,0.00046585873543143036,0.021460044974219272,159.52289324825884,0.0010036600294854618,0.019245719288335295,159.43240832582828,0.0015717737491588754,0.014029586331957944,159.74096456731655,159.6757354326835,0.0004084914150727199,0.11136997825015574,0.03765201792363045,0.00023579227546846224,32.34334384544338,19.35738716588333,20.50450578459378,673.95,0.9659470287111853,0.00011223359723902659,9.743762608397071e-05,0.00014243038346513937,0,0,0,0
63,2026-06-01 15:10:00,159.683,159.675,159.683,159.661,540,1780326899.094,USDJPY,-5.009925915711033e-05,-0.000244186483338904,-0.00022540714164964726,-0.00030677919410970755,0.0001377798653514411,0.3636363619827664,0.0,0.636363633471779,52.08938119508641,38.02513426138817,57.075794129878275,0.027343467410247513,0.0391281168131745,-0.011784649402926985,159.69514225144843,-0.0001261293935710597,-0.011045672350689983,159.69434380450338,-0.0001211301793321185,0.0006990588584869784,159.6811316848198,-3.839955763774678e-05,0.00916334510066008,159.61124707857257,0.000399426247174503,0.01908906281835243,159.5259052631448,0.000934611445139685,0.018092338708385114,159.4348221733325,0.0015064326813524192,0.013501928756539883,159.74073044646912,159.67106955353086,0.000436266747695376,0.056422567924828824,0.03653401664337052,0.0002288023588124034,30.238657315421705,18.524772686134312,19.622550577000492,664.75,0.8123354644602012,8.357962885194067e-05,9.790182031358472e-05,0.00013537373495026993,0,0,0,0
63,2026-06-01 15:15:00,159.675,159.647,159.675,159.645,494,1780327199.732,USDJPY,-0.00017535619226571875,-0.0004194998559926555,-0.00037568797861087244,-0.00018787928129915255,0.0001879145865565976,0.9333333302228538,0.0,0.06666666644381285,45.81413288184496,28.64327280844398,52.28679568832772,0.021383758332632397,0.03557924511706608,-0.014195486784433685,159.68310668858632,-0.00022611464252599166,-0.025034254263033517,159.68803129723628,-0.0002569466033425733,-0.008327482322613378,159.67802880438163,-0.00019432106354248032,0.002239404636952713,159.6126491539227,0.00021521380830021833,0.015713021139220018,159.5283031787261,0.0007440486666551278,0.016407341902294093,159.4369333954884,0.0013175529661656538,0.012700914540062058,159.74600480742936,159.66279519257063,0.000521210012457053,-0.18982412763800785,0.036067301168844136,0.00022591906624517928,28.847233562638486,17.42416520556741,21.625400506982192,644.0,0.7670807453414957,9.409239451473367e-05,0.00010921460343132006,0.00012466722199342727,0,0,0,0
63,2026-06-01 15:20:00,159.647,159.649,159.656,159.632,529,1780327499.516,USDJPY,1.252763910386534e-05,-0.00046330209174638703,-0.00046330209174638703,-0.000419494602920234,0.00015032978596797293,0.08333333298650586,0.29166666545158626,0.6249999973952411,46.31166179791937,30.080856419746766,52.58517461803413,0.01663032519965668,0.031789461133584204,-0.015159135933927523,159.67458001643973,-0.00016020093140122355,-0.037275690697299524,159.68282712427143,-0.0002118394625184088,-0.017083818012963548,159.67538982216513,-0.00016527169399442165,-0.0046914503300286015,159.61407467729828,0.00021881104640887733,0.012194863447490434,159.53069321479094,0.0007415926228676883,0.014617097508192956,159.4390435109562,0.0013168448857972294,0.011838218872981088,159.74872588490243,159.6533741150976,0.0005972587977678272,-0.045873454703105734,0.03520535108535534,0.00022051720389952543,27.977785672227913,16.575714712264848,23.209961546214593,639.85,0.8267562710008866,7.851198012873495e-05,0.00010006437238441281,0.00010972780989088813,0,0,0,0
63,2026-06-01 15:25:00,159.649,159.656,159.673,159.637,467,1780327799.994,USDJPY,4.384618757402592e-05,-0.0002567361941676616,-0.0002567361941676616,-0.0003318535586598337,0.00022548479230346096,0.19444444390445256,0.47222222091036226,0.3333333324074074,48.10758958922966,35.39551865226224,53.65037937010921,0.01327501063454406,0.028086571033776177,-0.014811560399232118,159.6699350123298,-8.727386485577145e-05,-0.03820676802297385,159.67925017436858,-0.00014560548313685855,-0.020272642277916475,159.6736271110592,-0.00011039463046040785,-0.00799222757274265,159.6157188076003,0.00025236356857972234,0.010108790371106124,159.53317453727033,0.0007699054637754016,0.01351576884465544,159.44120228199145,0.001347190782145875,0.011312465451339904,159.7497630217299,159.64703697827014,0.0006434211270466996,0.0872516980044522,0.03526211172211577,0.0002208630538289558,26.45880865032235,18.810558321365786,21.517415202648195,635.25,0.7351436442344376,8.637218896506309e-05,9.452767434912047e-05,0.00011051518964616689,0,0,0,0
63,2026-06-01 15:30:00,159.654,159.635,159.659,159.584,1094,1780328099.996,USDJPY,-0.00013153279551048058,-0.0003005955549432171,-0.0003757162090234356,-0.000582239807673135,0.0004698217809376931,0.25333333299566674,0.06666666657772725,0.6799999990932728,43.41556475317626,27.95765308687372,50.1046351960481,0.008819707079140926,0.02423319824284913,-0.015413491163708205,159.66120125924735,-0.00016410536210869595,-0.04065507601723084,159.67335015111945,-0.00024017878426903306,-0.02396962330752217,159.67011555550835,-0.00021992565976535158,-0.01162929779343358,159.61647493279244,0.00011605986922934126,0.00783001427811314,159.53519088306695,0.000625624455523429,0.01229763480810675,159.443130617494,0.0012033718966938858,0.010722291665729244,159.75014459195006,159.63735540804993,0.0007065442033397037,-0.02088327946351508,0.0381005323133924,0.00023867279928206474,26.533034234277828,16.165691123152456,28.42806829401806,646.2,1.6929743113584503,9.295997821914742e-05,0.00010002028189102559,0.00010852058138830266,0,0,0,0
63,2026-06-01 15:35:00,159.635,159.642,159.653,159.627,758,1780328399.793,USDJPY,4.385003288764899e-05,-0.00020666979802730356,-0.00045080581539502784,-0.000600984111482572,0.0001628644091152832,0.2692307681956447,0.4230769214498303,0.3076923065083712,45.32965303195884,33.40015739825711,51.23269316404273,0.00578697971147335,0.020543954536573976,-0.014756974825100626,159.65640094443552,-9.01996058431373e-05,-0.038741307012912785,159.66917013097017,-0.00017016516681266823,-0.0251736735332031,159.66755959591669,-0.0001600800812724598,-0.013572088903117674,159.6174759158202,0.00015364285169335628,0.0062288372476189124,159.53730591508543,0.0006562357582388527,0.0114006519406189,159.44510941731994,0.0012348486786429311,0.010287243987448846,159.74580235264443,159.63209764735558,0.0007122480630965119,0.0870883277042273,0.03723620857672023,0.00023324819644404498,26.601957990807914,15.359432941998937,27.01022834756402,654.85,1.157516988623172,0.00010429624958215023,8.919012621175182e-05,0.00010776463650056755,0,0,0,0
63,2026-06-01 15:40:00,159.642,159.642,159.649,159.632,423,1780328699.021,USDJPY,0.0,-3.1319097759441306e-05,-0.00045080581539502784,-0.0004946124805129681,0.00010648826749850233,0.0,0.41176470346060096,0.588235290657046,45.32965303195884,33.40015739825711,51.23269316404273,0.003344962774292526,0.01710415618411769,-0.013759193409825163,159.65280070832665,-6.765122991101017e-05,-0.03030598025966924,159.6655474468408,-0.0001474798240280889,-0.022483850395474292,159.6652359962879,-0.00014552946446297642,-0.012792808093735175,159.6184376446116,0.00014761675240092294,0.005788490688900083,159.53937906528176,0.0006432326320904149,0.011075886555659054,159.44706852759538,0.0012225466056209262,0.010135132106967149,159.74335409155492,159.62664590844508,0.0007310618954274927,0.13155968272855034,0.03579076510695421,0.0002241939158050777,26.665958621871567,14.83832812780288,26.093842952504065,638.2,0.6628016295830989,7.264138230262025e-05,8.919012621175182e-05,0.00010641410452740617,0,0,0,0
63,2026-06-01 15:45:00,159.642,159.669,159.673,159.633,440,1780328999.024,USDJPY,0.00016912842485061752,0.00012527482164004233,-0.00033808531019330346,-0.00016281035724341475,0.00025051825964960035,0.6749999983130152,0.09999999974978684,0.224999999437198,52.51512598657819,52.3134186574921,55.51006772458614,0.0035474285610916922,0.01439281065951249,-0.010845382098420798,159.656850531245,7.60973845756458e-05,-0.01772948519473516,159.66600778726203,1.8740449388362748e-05,-0.01681933700939453,159.66557817844355,2.1431178814469425e-05,-0.009811643721576502,159.6204204820778,0.0003043440042037799,0.006345804779527953,159.5419458164643,0.0007963685216793528,0.011252601673362506,159.44927680095265,0.0013780131428357324,0.010233289996449457,159.74226312834193,159.62513687165804,0.0007335566495931526,0.3744944092501861,0.036091424742171196,0.00022603902286712633,25.706181553362295,18.413508357679557,24.02814902272061,619.85,0.7098491570540114,0.00010794790920963328,0.00010848475087443404,0.00010958532055925839,0,0,0,0
63,2026-06-01 15:50:00,159.669,159.668,159.683,159.664,435,1780329299.51,USDJPY,-6.262956491309701e-06,7.516159743459205e-05,-0.0001815938934356387,-7.51503006012344e-05,0.00011899691860614185,0.0526315786705963,0.7368421013838605,0.2105263146823852,52.2412600038774,51.67926778229251,55.321369866632466,0.003585856985978353,0.012231419924805665,-0.008645562938827312,159.65963789843374,5.237454923693628e-05,-0.010297113896058363,159.66627341562707,1.0813707466181471e-05,-0.012976758741501726,159.6657983440396,1.3789151986549073e-05,-0.007828767019617544,159.62228634552574,0.0002863864158374206,0.006567537925434408,159.54444193891055,0.0007744429049854632,0.011267401640225216,159.45145315119194,0.0013580738496170057,0.010250869200490342,159.74204709493432,159.62415290506567,0.0007383708061017254,0.3719190483092935,0.03487060868915936,0.00021839447283838564,24.428227438283752,19.745254829325496,23.092988093720347,605.8,0.7180587652689472,0.00010809355039402297,9.865498705989445e-05,0.00010771028461084616,0,0,0,0
63,2026-06-01 15:55:00,159.668,159.659,159.669,159.652,474,1780329599.04,USDJPY,-5.636696144506459e-05,0.00015034296990013019,-0.00015029777747166406,-0.0003506245499796945,0.00010647692895498738,0.5294117615917938,0.058823529065940634,0.41176470345991256,49.727755158249536,45.84411315347052,53.599548269143014,0.0028571515412352255,0.010356566248091578,-0.007499414706856352,159.6594784238253,-2.9965262948166985e-06,-0.001722835422043545,159.6653036268768,-3.9480254843252635e-05,-0.008046524242644182,159.66518031276325,-3.87079559310082e-05,-0.004935242745091273,159.6237260966816,0.00022098158075218165,0.0072511638891512575,159.54671041536776,0.0007038038223407995,0.011519532300809487,159.45351829396614,0.001288662101861106,0.010387676472134899,159.73823133867944,159.6223686613206,0.0007256883568032372,0.3161616793501922,0.03359413663993543,0.00021041179413584847,23.624768094476913,19.031547520184137,24.809740061184662,586.95,0.8075645284946233,8.547334637059017e-05,9.66814707603909e-05,9.450644975019244e-05,0,0,0,0
63,2026-06-01 16:00:00,159.659,159.652,159.661,159.625,568,1780329898.094,USDJPY,-4.384344133434581e-05,6.2640157352023e-05,-0.0001440425865040229,-0.00036941725992589713,0.0002254904417107294,0.19444444390445256,0.05555555540149773,0.7499999979162719,47.80135500045012,41.58361324281394,52.27092981407774,0.0016952637820395466,0.008624305754881172,-0.006929041972841625,159.65760881786898,-3.513028856261621e-05,0.0012078734334579622,159.6635298099599,-7.221317212286081e-05,-0.005640321010275784,159.66398210251205,-7.504574515980215e-05,-0.0035774934046344242,159.6248348772039,0.0001701810549528523,0.007358961383715723,159.54879535763772,0.0006468531594421167,0.01148944255228912,159.45549323631474,0.001232361204352016,0.010383818994796457,159.734733882765,159.61996611723498,0.0007188620595421202,0.27911916372298384,0.03376598402279728,0.0002114974070027139,23.64513137378636,17.58221125861205,28.63194966499375,586.75,0.968044311887351,9.07716901881939e-05,9.644927644704902e-05,9.467845123002335e-05,0,0,0,0
63,2026-06-01 16:05:00,159.652,159.68,159.68,159.649,418,1780330199.03,USDJPY,0.00017538145466411414,0.00023803259793786502,0.00020670604521244584,-0.00016905959037483154,0.00019413827655314324,0.9032258035384545,0.0,0.09677419323573908,55.26630786606966,59.25464398810577,56.771416173974295,0.0029992518478536567,0.007499294973475669,-0.004500043125622012,159.6632066134017,0.00010518006593063723,0.010405905075060673,159.6657258352986,8.940030571209392e-05,0.00017838845778328505,159.66543827501096,9.120148446885048e-05,0.0002022787230657741,159.62699821535276,0.0003320352148434544,0.00856057074116734,159.55139346936764,0.0008060508143230918,0.01201440408587473,159.45772713446087,0.0013939297237800855,0.010658606865490583,159.73177813192626,159.6202218680737,0.000698623896872175,0.5358563455631727,0.033568413735455035,0.0002102230319104148,22.90607171774764,20.46534560215112,26.743289759435186,578.45,0.7226207969572611,0.00011529257137081215,9.517894679758707e-05,0.00010408567367606008,0,0,0,0
63,2026-06-01 16:10:00,159.68,159.692,159.695,159.68,521,1780330499.294,USDJPY,7.515030060112338e-05,0.0001440479992984578,0.0002693408665259689,-0.00019408601140724624,9.393081682229766e-05,0.7999999946674247,0.19999999866590876,0.0,58.03612635042687,64.6077449117318,58.5310100706071,0.004943980368381062,0.006988232052456749,-0.0020442516840756863,159.6704049600513,0.00013524760555423042,0.013554428806287433,159.6692290572588,0.00014261321906325396,0.0032212699967715253,159.66785297728268,0.00015123283909106673,0.0022747988391245144,159.62954730494678,0.0003912351823808555,0.00912682286897848,159.55417775710293,0.0008637958894870588,0.012231940638628203,159.46005820774982,0.0014545447609708088,0.01078140679717876,159.72651716816944,159.62238283183058,0.0006520948847710539,0.668532306923607,0.03224209846863584,0.00020190177634844475,21.670554828964395,23.108340481140473,25.854590633039948,575.95,0.9045924125356531,9.668811243353081e-05,9.663251527787711e-05,0.00010285381674846225,0,0,0,0
63,2026-06-01 16:15:00,159.692,159.694,159.712,159.687,470,1780330799.026,USDJPY,1.2524108909506282e-05,0.0001628378886187054,0.0002380117252089864,-1.8785575183088987e-05,0.00015654940072875164,0.07999999967931788,0.7199999971206821,0.1999999992,58.497364975475875,65.48935377058987,58.824315642581915,0.006570830572542263,0.006904751756473852,-0.00033392118393158875,159.67630372003845,0.0001108259619571856,0.01666582160470398,159.67253184962428,0.00013445111771590606,0.006258433997203383,159.67022997934788,0.00014886945835289886,0.00443163530829338,159.63207486161554,0.00038792415896451554,0.009788516089798804,159.55694651438802,0.0008589628255364805,0.012504575477464641,159.4623859867772,0.0014524680023412367,0.010932835585265366,159.72612316085673,159.62247683914325,0.0006490307820800015,0.6900694554839227,0.031724805720874515,0.00019865997295373975,20.299091942299352,25.635185827887884,24.39929687172012,575.6,0.8165392633772034,9.53399554957054e-05,9.653103523726582e-05,9.638807655753703e-05,0,0,0,0
63,2026-06-01 16:20:00,159.694,159.697,159.697,159.683,451,1780331099.094,USDJPY,1.87859280875724e-05,0.00023800725295797243,0.0003883860055753363,1.2523873634151528e-05,8.766601752074244e-05,0.2142857127559721,0.0,0.7857142801011708,59.22139799641817,66.93089859965674,59.27795114388709,0.008009863290112662,0.007125774063201615,0.0008840892269110475,159.68147779002885,9.720732915287152e-05,0.021999366203544923,159.67579426967438,0.00013280491525099106,0.01049064279757772,159.67266361758897,0.00015241420703872616,0.007483304825711912,159.63462094547376,0.0003907614410758262,0.010894848792162293,159.55971985073677,0.0008603684525872493,0.013009435369014,159.46472045457048,0.0014566202779359833,0.011202160604341316,159.72638999904967,159.62241000095037,0.0006511080239409961,0.717349493569561,0.03045874816938419,0.000190728367905372,18.88640987877743,24.79354960287475,24.536273338271723,563.7,0.8000709597302109,8.293007756203344e-05,7.993095058720756e-05,9.644419133858727e-05,0,0,0,0
63,2026-06-01 16:25:00,159.697,159.683,159.7,159.68,455,1780331399.04,USDJPY,-8.766601752074887e-05,0.00019417232480645197,0.00025682464514353853,-0.00019409694829508606,0.00012524814789289913,0.6999999965011369,0.14999999924943155,0.14999999924943155,54.44771247866797,54.52974473146363,56.24181251632754,0.007929220965792183,0.0072864634437197285,0.0006427575220724546,159.68185834252165,7.149575350592492e-06,0.02424952465267438,159.6767550337178,3.911005256136041e-05,0.013225223757899585,159.67360328871723,5.884949728209272e-05,0.009621186205180265,159.63651816329832,0.0002911729548882119,0.01168328609441005,159.5621610418113,0.0007573158786501688,0.01336568417357853,159.46689239034592,0.0013551879416141242,0.011399154031181524,159.7217837307098,159.62391626929016,0.0006128859140900366,0.6037116912240875,0.029711694728712594,0.00018606673677669256,17.574633676935647,23.601448078579175,23.356541943792607,560.05,0.8124274618336198,9.625548172348244e-05,8.92862062879219e-05,9.413975311773429e-05,0,0,0,0
63,2026-06-01 16:30:00,159.683,159.67,159.688,159.664,847,1780331699.036,USDJPY,-8.14112961304847e-05,-6.262525050115819e-05,0.00017539244058584202,-0.0002754924427414984,0.00015031001440471542,0.5416666644099196,0.2083333324650804,0.24999999895833333,50.38620896525471,45.414084833658336,53.56678291054495,0.006738641128038125,0.007176898980583408,-0.0004382578525452827,159.67889375689123,-5.569776118802877e-05,0.015687143489515165,159.6758543625554,-3.666404403343472e-05,0.010128527256824782,159.67327571701566,-2.0515123779848997e-05,0.007837442004699824,159.6378311765023,0.00020151127875278946,0.010832961149532139,159.56429646672592,0.0006624510345652997,0.01290299735828171,159.46891336158626,0.0012609770404453395,0.011186227125392634,159.71579543167562,159.62550456832437,0.0005654842071224556,0.4928010429276893,0.029303716533804616,0.00018352675226282093,16.864094314464896,22.220748629385017,25.89021128265766,575.65,1.4713801789279124,7.015391062890897e-05,9.539103454428189e-05,9.544917349720482e-05,0,0,1,0
63,2026-06-01 16:35:00,159.67,159.661,159.68,159.654,733,1780331999.694,USDJPY,-5.636625540172968e-05,-0.00019412368809967884,-5.010365193003352e-05,-0.0003881720228146035,0.00016284502790293471,0.3461538448218125,0.38461538313668325,0.26923076819535036,47.73162043379128,40.011677182578765,51.77662445470991,0.0050111083078547836,0.006743740846037684,-0.0017326325381829006,159.67442031766842,-8.404801246010575e-05,0.004015357617134896,159.67387378088137,-8.062546850357291e-05,0.004644723622561742,159.67215974274148,-6.98916001353259e-05,0.004306765458807149,159.63873975781593,0.00013944135501097802,0.009192452869143608,159.5662113881769,0.0005940393708572364,0.012033631073961715,159.4708246714212,0.001192539945602165,0.010766463671387783,159.70589305675313,159.62920694324688,0.00048030585744947936,0.41458688226611107,0.029067736781390748,0.00018205909258610899,16.54568491187624,20.801061059354964,26.69339560521306,574.4,1.2761142061279116,5.1143140444237865e-05,8.116801889474432e-05,9.441290767683402e-05,0,0,1,0
63,2026-06-01 16:40:00,159.661,159.671,159.672,159.637,638,1780332299.092,USDJPY,6.26327030395224e-05,-0.00014402544867053724,1.8788987148354863e-05,-0.00016280831825277176,0.00021920073150413408,0.28571428489772716,0.028571428489935127,0.6857142837551948,50.831297514378114,48.02632577196198,53.586252565803434,0.004398242328420565,0.006274641142514261,-0.0018763988140936957,159.6735652382513,-1.6065516214245347e-05,-0.002738481787133651,159.6734906100972,-1.559814398546151e-05,0.0009587604729119903,159.67205431158317,-6.602981265073295e-06,0.0018243322352873292,159.64000486535255,0.0001941564376271681,0.007930003737016023,159.5682864101932,0.0006436967653005733,0.011339895805178912,159.47281646573543,0.0012427417954779783,0.01043047895822724,159.70219926982804,159.63030073017194,0.0004502917853342424,0.5660653187966604,0.029491469868434022,0.0001847014790940999,16.79138638401879,19.03774940075083,28.548002468130345,570.3,1.1187094511658568,6.636530446860874e-05,8.392667911304292e-05,8.973533074005952e-05,0,0,1,0
63,2026-06-01 16:45:00,159.671,159.646,159.671,159.643,525,1780332599.515,USDJPY,-0.00015657195107443567,-0.0003193547781111805,-8.142353390672152e-05,-0.00023170907360214876,0.00017538804605183713,0.8928571396688386,0.0,0.1071428567597328,43.83284850941928,34.55934887973797,48.78104517795986,0.001873652261025427,0.005394443366216494,-0.0035207911051910673,159.66667392868848,-0.00012948180218076645,-0.014803861340368485,159.6698251954176,-0.00014921539112629104,-0.005969074256796603,159.66968573780287,-0.00014834210823069837,-0.0029778797861013118,159.64023996867206,3.608132466509792e-05,0.00561902319830665,159.56982529315965,0.00047737538535488514,0.01010544242288347,159.47453968498183,0.0010751579239974356,0.009819230411352464,159.70051869323723,159.62828130676272,0.00045248478805928294,0.24528425068359738,0.02938493630640242,0.0001840630915049699,17.0195377510083,17.742000503953175,26.60496592924211,564.0,0.9308510638296221,7.988560429874247e-05,9.66688544582037e-05,9.416301664153296e-05,0,0,1,0
63,2026-06-01 16:50:00,159.646,159.592,159.647,159.583,867,1780332899.994,USDJPY,-0.00033824837452844925,-0.0005698790729130598,-0.00037581740285108634,-0.000519805855644262,0.00040102260764946206,0.8437499986813215,0.015624999975662267,0.14062499978051632,33.200046384272795,20.25006856832819,40.53679427423021,-0.004433347390175868,0.003428885214938022,-0.00786223260511389,159.64800544651635,-0.0003508058015488325,-0.033852896005299726,159.65944850269523,-0.000422452309135187,-0.017306531022569516,159.6626233980026,-0.00044232893397064873,-0.010979890714622798,159.63834820519475,-0.0002903325279660102,0.0018300418964258824,159.5702643962654,0.00013621337168832093,0.008103354454107148,159.47570844433525,0.0007292117200742858,0.00881605398933516,159.70780575676153,159.61269424323845,0.0005959666745393211,-0.21757873942000305,0.0318574408559446,0.0001996180313295441,18.726198201575805,15.196087026947433,36.24003764038869,580.35,1.4939260790899467,0.00014805614490264176,0.00014264723317407906,0.00011910684004862559,1,0,1,0
63,2026-06-03 02:15:00,159.844,159.846,159.851,159.841,348,1780453199.094,USDJPY,0.0015915584741088562,0.001102273438968071,0.0010395791583166503,0.0012465000908254975,6.256021420611655e-05,0.1999999980011369,0.4999999950000001,0.29999999699886315,70.0284114471949,75.6277438410085,67.58964863415989,0.010937901856181043,0.004930688543186627,0.006007213312994416,159.69750408488727,0.0009298574574703414,0.018610327996043452,159.6843220356692,0.0010124848968873217,0.008467673113784713,159.6792939981842,0.0010440051282898757,0.006018281168536532,159.64649141283417,0.001249689770193088,0.008660236331877513,159.57572450723043,0.0016937130857727955,0.011428040504512182,159.47939293742644,0.0022987738780608897,0.010479575840179223,159.76364003425286,159.57675996574713,0.0011691257116582803,1.4407102708256376,0.04808190936623328,0.0003008014549393371,19.390004774636992,39.65466745034231,22.29631732677759,573.05,0.6072768519325351,0.0007803462849365818,0.0005365853921190995,0.00037749839228000344,0,0,0,0
63,2026-06-03 02:20:00,159.846,159.861,159.863,159.843,371,1780453499.297,USDJPY,9.384032130910214e-05,0.0012526540607913361,0.0010582872028654933,0.0013279131093837382,0.00012510868817291418,0.7499999962489342,0.09999999950042632,0.14999999925063948,71.0437047028623,76.74052225665196,68.47887698185573,0.02405283614484688,0.00875511806351868,0.0152977180813282,159.73837806366544,0.0007676423025009134,0.06395774599701554,159.70787909757996,0.0009587560944721617,0.034005316698596744,159.695812725622,0.001034387010896759,0.023652982880520312,159.65490351429165,0.0012908872898469697,0.016163756475719993,159.58137352688925,0.0017522500711126027,0.0151621387123555,159.48319002262616,0.002368964260874318,0.012365351204948638,159.80518906704847,159.55641093295154,0.0015562153001478644,1.2243401858112464,0.04607605869721735,0.0002882257629892053,20.16093655844455,40.2854670804972,21.605028123750845,565.15,0.6564628859593636,0.0007698386726909116,0.000536506133404234,0.0003773713468904602,0,0,0,0
63,2026-06-03 02:25:00,159.861,159.861,159.863,159.856,407,1780453799.014,USDJPY,0.0,0.0011899468281653114,0.0010457499968690165,0.0012840106228388937,4.378804086052885e-05,0.0,0.2857142816338132,0.7142857040804728,71.0437047028623,76.74052225665196,68.47887698185573,0.0340539631670822,0.013814887084231384,0.020239076082850818,159.76903354774907,0.0005756212590685151,0.09546830949776108,159.72829521790263,0.0008308157419217823,0.054804607805436945,159.71082975056547,0.0009402634102462432,0.03877543898229874,159.66298572941747,0.0012402014761147934,0.022980864064919615,159.58691068477265,0.0017174924563126829,0.018624274579451594,159.48694932588361,0.002345337193403008,0.01413286014818027,159.83741867834752,159.54468132165246,0.0018311993337653113,1.080554534654014,0.04328491164741647,0.0002707659256942999,20.876801786265855,39.82011477241491,21.355460464935305,562.15,0.7240060482076449,0.0007741601421198425,0.0005367629046973551,0.00037763666559837274,0,0,0,0
63,2026-06-03 02:30:00,159.861,159.848,159.863,159.846,373,1780454099.031,USDJPY,-8.132064731225519e-05,0.0012652994750887991,0.0009455406175444825,0.0013342938578633223,0.00010635103348178211,0.7647058778534911,0.11764705813207796,0.11764705813207796,68.70439501699006,72.81858306655461,66.729520748054,0.04046448760709609,0.019144807188804326,0.021319680418291763,159.7887751608118,0.00037064455327728585,0.12210123212332746,159.7442558555156,0.0006494389668586453,0.07443066009801669,159.7232997732413,0.0007807265873904527,0.0536140354384429,159.67024119100893,0.0011132870324811414,0.030001222336863975,159.5920807702227,0.001603583514559048,0.022255477063055196,159.49054186990466,0.0022412497061231923,0.01600218492282579,159.8606604982416,159.54273950175843,0.001988895678914763,0.9601772186245804,0.041407417958315,0.00025904245256940965,21.279032099048973,38.65237722939722,22.454223515308318,526.1,0.7089906861811995,0.0007652490427675489,0.0005394689904262469,0.0003764316895190832,0,0,0,0
63,2026-06-03 02:35:00,159.848,159.853,159.859,159.846,443,1780454399.019,USDJPY,3.127971573002597e-05,0.0016354203218205132,0.0010646092570907317,0.0013217073201288176,8.132471708385347e-05,0.3846153816563002,0.46153845798799753,0.1538461526633946,69.12548374466242,73.42794413442647,67.06925484508518,0.04542470490216033,0.024400786731475527,0.021023918170684802,159.80483137060884,0.000301421608959126,0.1568259240924874,159.7587550747802,0.0005899202530446441,0.09930657208496996,159.73509070294662,0.0007381552577740027,0.07246730494401277,159.67740820312622,0.0010996658754031004,0.0390599979314743,159.59724748764404,0.0016024869876015172,0.0269830913786393,159.49414841846286,0.0022499357192443054,0.018439974127602454,159.881627536885,159.54287246311497,0.0021191661950042645,0.9154919315069284,0.03937831667557858,0.00024634080483680994,21.65253167520473,37.74092401931482,21.924735406945086,510.35,0.8680317429213543,0.0007096789383490025,0.0005363046647073175,0.0003764824098356723,0,0,0,0
63,2026-06-03 02:40:00,159.853,159.858,159.859,159.847,404,1780454699.018,USDJPY,3.1278737339990315e-05,7.507225704750375e-05,0.0011774284461703033,0.0013530273988049402,7.506662162669653e-05,0.41666666319404977,0.08333333263928365,0.4999999958333334,69.56647222542605,74.10521396169341,67.4185875816631,0.049192114977785195,0.029359052380737462,0.019833062597047733,159.81812352795663,0.00024951157705464566,0.12061944306935857,159.77198773147617,0.0005383438595530844,0.08766569580697592,159.746264275406,0.0006994575122043412,0.06697027722179882,159.68449023437617,0.0010865786988402295,0.03799882154200418,159.60241090373032,0.0016014112495070967,0.026686396499883358,159.49776883220952,0.0022585342129108304,0.018375894783076774,159.90048672111837,159.54561327888163,0.0022199292011456256,0.880276413645939,0.037422722627323,0.000234099779975497,21.9993527102065,36.87649296849892,21.422563757491396,509.4,0.7930899096975279,6.373477970394351e-05,0.0005330908895630204,0.0003762582250604229,0,0,0,0
63,2026-06-03 02:45:00,159.858,159.87,159.878,159.857,465,1780454999.893,USDJPY,7.506662162670708e-05,5.6298909677954256e-05,0.0013090234935269063,0.0012588542547393722,0.00013135672734088062,0.5714285687078696,0.3809523791376775,0.04761904739254804,70.64997850391207,75.83013354676049,68.26689038217299,0.05254046059280881,0.03399533402315173,0.01854512656965708,159.8310926459675,0.00024342794251365414,0.09271458230205099,159.78505603394603,0.0005316139579155885,0.07717693636607237,159.7575129776418,0.0007041110008638652,0.061700252019790014,159.69176512714574,0.0011161181211338724,0.03686161285409639,159.60770969771585,0.001643343562669458,0.026336170826596117,159.50147262492385,0.0023104951259150246,0.0182826022976883,159.91968606593542,159.5465139340646,0.002334222379876343,0.8668548324522205,0.036249671011084686,0.00022674467386679605,22.650983702772265,39.09443161508205,20.53610479828069,510.65,0.9106041319884637,5.8246861887245816e-05,0.000529930361388913,0.0003755104781935226,0,0,0,0
63,2026-06-03 02:50:00,159.87,159.876,159.881,159.86,439,1780455299.992,USDJPY,3.753049352606119e-05,9.38315161296277e-05,0.0012838899988101282,0.0013027031089509755,0.00013135179764308956,0.2857142843539348,0.2380952369613868,0.4761904739227736,71.20205008853974,76.73418187837144,68.69480459929395,0.055043689087881376,0.03820500503609767,0.01683868405178371,159.8423194844756,0.00021071087827692755,0.07328593672653483,159.79718189608656,0.0004932383849215981,0.06888667818392946,159.7682845251289,0.0006741981062840898,0.05745477456343906,159.6989900241204,0.0011083975913239296,0.0360042947029342,159.61302237696898,0.0016475950340062333,0.0261116921963378,159.50519926547187,0.0023246937167922086,0.018249939588258712,159.937454118289,159.54954588171097,0.0024263068664341597,0.8415756290320782,0.03516040879600625,0.00021992299529639378,23.30803864312554,38.036051543058015,19.660001298571085,510.85,0.8593520602915025,5.884803491901575e-05,0.0005303492254741997,0.0003752130735809165,0,0,0,0
63,2026-06-03 02:55:00,159.875,159.873,159.881,159.87,381,1780455598.093,USDJPY,-1.8764542520588456e-05,0.00015639857864968576,0.0014218959447778179,0.0013403566350784768,6.880461366206727e-05,0.18181818016622883,0.5454545404961028,0.27272727024675947,70.48811690735116,75.09567186647877,68.21189757949867,0.05613831324680518,0.04179166667823917,0.014346646568566011,159.84998961335668,0.00014394987887684046,0.06121445254487412,159.80729097660833,0.0004111766302407321,0.06303512109272447,159.77780411375352,0.0005958016933234205,0.05450434051221009,159.7058139447431,0.00104683762680501,0.035572753734186335,159.61817044871216,0.001596494625714982,0.026089678489455537,159.50885897427315,0.0022828890386932623,0.01831710436849221,159.95190240261888,159.5564975973811,0.0024732431695018817,0.8004515836586971,0.03343466531057692,0.00020913265723778826,23.918161087739293,37.14220472892287,19.197991473320762,506.2,0.7526669300670185,3.3394584607618756e-05,0.0005238713387930835,0.00037466587662194506,0,0,0,0
63,2026-06-03 03:00:00,159.873,159.874,159.885,159.87,405,1780455899.095,USDJPY,6.254964878493752e-06,0.00013137069682755964,0.0017670058649554843,0.0013905243905494302,9.382388631038416e-05,0.06666666622260119,0.7333333284448235,0.19999999866590876,70.59396061193235,75.30077350031647,68.28991741736512,0.05643594398961227,0.044720522140513794,0.011715421849098476,159.85599221001752,0.00011265007794526815,0.05116083940868066,159.81618551306056,0.00036175614349593077,0.057430438280363205,159.78654919432137,0.0005472976675419447,0.05145849137474556,159.71240947632182,0.001011759350497608,0.0350012731956042,159.62323638042085,0.0015709719039997147,0.025988892776808825,159.51249221831023,0.0022663289668561127,0.01834379984737211,159.9637309451706,159.5668690548294,0.0024823416586887133,0.7738988110678879,0.03211790350267759,0.00020089510178439014,24.562938901964838,36.79274883183783,18.557561235499527,498.05,0.8131713683363492,3.521969635144e-05,0.0004995261710597801,0.00037405247812144623,0,0,0,0
63,2026-06-03 03:05:00,159.874,159.876,159.877,159.871,387,1780456199.028,USDJPY,1.2509851508024639e-05,0.00011259993244006061,0.00018768064261842632,0.0012274549098196808,3.7529085040908126e-05,0.33333332777935687,0.16666666388967843,0.49999999166429837,70.81937280861568,75.7664539900125,68.45251887099904,0.05618552996773474,0.04701352370595799,0.00917200626177675,159.86099415751315,9.386806685358212e-05,0.04287062955651777,159.8241607779858,0.0003243515984182481,0.05217304650963683,159.7946810857467,0.0005088962517448612,0.048416810340711436,159.71882479097587,0.0009840744147086428,0.03433455659970264,159.62824160061052,0.0015520962763554925,0.025830696880206006,159.51610921116287,0.0022561407159243157,0.018340378953354275,159.97506589709576,159.57513410290426,0.002501512385795882,0.7522930194353384,0.030252338966772065,0.00018922376696172072,25.161661158031418,36.27152232616994,18.294664520695576,496.5,0.7794561933533174,3.555147764292536e-05,4.8813577719232264e-05,0.0003733994426929059,0,0,0,0
63,2026-06-03 03:10:00,159.876,159.882,159.883,159.875,369,1780456499.0,USDJPY,3.752908504095487e-05,7.506098705190034e-05,0.0001313641225815232,0.0011897903464168635,5.003690221544499e-05,0.7499999906241119,0.12499999843794411,0.12499999843794411,71.52458034994008,77.26661165524251,68.95398711710094,0.05582767818455636,0.04877635460167767,0.007051323582878695,159.86624561813488,9.854726871333288e-05,0.035152972167395546,159.83187267425438,0.00031362534209795933,0.04681664030835009,159.80261916886064,0.0004967429917746224,0.04510619121884929,159.72522381878076,0.000981536775914093,0.03345869163501902,159.6332665194103,0.0015581556777794047,0.02555682169446527,159.51974991552942,0.0022708792150339424,0.018277290605567487,159.9859200437148,159.58327995628522,0.002518357835338403,0.7419033846023567,0.028662886183431904,0.00017927525414638236,25.84788988782526,37.04362038109396,17.92993872354673,488.9,0.7547555737368062,2.365323923514594e-05,4.1957474742599465e-05,0.00037342130516076404,0,0,0,0
63,2026-06-03 03:15:00,159.882,159.885,159.886,159.871,373,1780456799.001,USDJPY,1.8763838330659866e-05,5.629362756121026e-05,0.0001501304258073599,0.0011960374215687075,9.381743127864627e-05,0.19999999866590876,0.06666666622260119,0.7333333284448235,71.89037060658939,78.0589208851388,69.21092884440884,0.05515041336087734,0.0500511663535176,0.005099247007359739,159.87093421360117,8.798213676554638e-05,0.02861472912556451,159.83895631768712,0.00028806295645071887,0.04177442160056444,159.81010833532784,0.00046862908393132904,0.04182381019893455,159.73148955137762,0.0009610531339407158,0.03249952725721528,159.63825134080813,0.0015456737788056044,0.025228963839140306,159.52338424472813,0.0022668510763105046,0.018184979256261613,159.9954937607708,159.5928062392292,0.0025186072586022615,0.7256091760172351,0.027686965741757222,0.00017316800038626027,26.30072579844654,35.61010853889297,18.268032107499238,484.05,0.7705815514924552,2.046007128687308e-05,4.172364241211792e-05,0.00037338257717912194,0,0,0,0
63,2026-06-03 03:20:00,159.885,159.884,159.892,159.882,393,1780457099.018,USDJPY,-6.254495418578365e-06,6.8804613662099e-05,0.00022521395325547644,0.0011709675197404401,6.254534537534028e-05,0.09999999900056845,0.6999999930011369,0.19999999799829474,71.56038265527991,77.01508581736474,69.01102767023949,0.0539115259535663,0.050823238273527346,0.003088287680038951,159.87420066020087,6.129406595091437e-05,0.024211046844186512,159.84496214199552,0.00024422326159884833,0.03767116538719506,159.81682575938893,0.00042032020278131525,0.039021645635415325,159.73747035328438,0.0009173154325752957,0.0316564085412665,159.64311765089113,0.0015088802615069307,0.02494720217896429,159.5269724611985,0.0022380387046354445,0.018113486925358302,160.00329139120927,159.6037086087907,0.0024992043132432058,0.7014601315967818,0.026423611045916773,0.00016526738789320242,26.866583907687644,36.269418540595595,17.774208824231376,481.15,0.8167930998647372,1.619009149067019e-05,2.6407977159205113e-05,0.000373569399448912,0,0,0,0
63,2026-06-03 03:25:00,159.884,159.897,159.902,159.882,375,1780457399.003,USDJPY,8.130894898794594e-05,0.00014386329234272743,0.0002752528885912042,0.0013401551824552271,0.0001250805205850129,0.6499999967508526,0.24999999874999998,0.09999999949914734,73.27762076973322,80.89072762746582,70.18643196557099,0.05336354834440726,0.05133130028770333,0.0020322480567039336,159.87990049515065,0.00010695218596198477,0.023908285133131812,159.8519005230628,0.00028213287918143446,0.035715010002235204,159.82411432671722,0.00045603677260975986,0.037565132395855017,159.74372641786147,0.0009594967237560728,0.03131694153964304,159.6481450241408,0.001558771483511811,0.024908643719953716,159.53065432725626,0.0022963967288206774,0.01816210894602932,160.00991162459434,159.61848837540566,0.0024479711888820707,0.7115357227769737,0.02596478168549285,0.00016238442050503044,27.6321732946483,37.02486938967858,16.796279288782095,477.15,0.7859163784971632,3.327271292185997e-05,3.232749799105049e-05,0.00037199520453747714,0,0,0,0
63,2026-06-03 03:30:00,159.897,159.901,159.901,159.895,352,1780457699.091,USDJPY,2.5016104117092652e-05,0.00015637118767042324,0.00026898872749558933,0.0014467338886454684,3.7523217490823866e-05,0.6666666555587137,0.0,0.33333332777461994,73.80179968929103,81.98137846656795,70.5473515026508,0.052645177871767146,0.051594075804516096,0.0010511020672510502,159.885175371363,9.897495874930372e-05,0.024181213849857386,159.85844711998774,0.00026619100071907154,0.034286342001934145,159.8311039333793,0.0004373120431543054,0.0364228476325934,159.74989400931787,0.0009458910230846629,0.031069218341997384,159.65315205336574,0.0015524149911642236,0.024910452755221968,159.53433935882586,0.002298317983750532,0.018230147662990248,160.01314677158737,159.63835322841263,0.0023439099391169937,0.700777204677852,0.02453872585081481,0.00015346199117463185,28.343077725397478,36.37822615060107,16.502930503957582,452.4,0.7780725022102614,3.2197342960454764e-05,3.230729691652815e-05,0.0003705182749178994,0,0,0,0
63,2026-06-03 03:35:00,159.901,159.899,159.903,159.894,415,1780457999.993,USDJPY,-1.250773916361414e-05,0.00010632841720759068,0.00018139738537570338,0.0014906583323417433,5.6285530240877865e-05,0.22222221975449,0.22222221975133202,0.5555555493830671,73.03042928925545,79.3398826046355,70.101813255478,0.05132286279635423,0.051539833202883724,-0.00021697040652949445,159.88863152852224,6.4848084436271e-05,0.02238591038735649,159.86385417065603,0.00021984850500636835,0.03198149640164161,159.83727630307206,0.00038616584538706536,0.034657134211414586,159.75574130307012,0.0008967358278417235,0.030517484289362073,159.6580203295367,0.0015093489820675338,0.024753810126384224,159.53796782291715,0.0022629859337532977,0.01821790738773643,160.01141912844744,159.66388087155255,0.0021734861187055142,0.6765273281867957,0.023428816861469904,0.00014652259777403175,29.05544013450727,35.9898032825758,16.050110934994414,436.5,0.9507445589917639,3.7160203645894896e-05,2.955068555539647e-05,0.00036984553253172867,0,0,0,0
63,2026-06-03 03:40:00,159.898,159.895,159.901,159.889,384,1780458299.994,USDJPY,-2.5015791218163663e-05,6.25449541860057e-05,0.00011884210262946837,0.0014028846816267482,7.504925107101819e-05,0.24999999791548244,0.24999999791785094,0.4999999958333334,71.42257676901022,73.79207696420706,69.18426085026029,0.04938289670823792,0.051108445903954566,-0.0017255491957166441,159.8902236463917,2.9872705781462893e-05,0.019289432790515093,159.8680069479019,0.00016884586612068585,0.02905063021478327,159.8425239118837,0.0003282986706669511,0.0324155765558487,159.76120242843993,0.0008374847555370085,0.029712877062308962,159.66271299627854,0.0014548606832634821,0.02446165547041801,159.5415203818931,0.0022155963993623472,0.018136137164958654,160.00632161649455,159.69137838350545,0.001969687813809651,0.6465343436572777,0.022612472799936372,0.00014142076237491085,29.414787932981646,34.62558261168463,17.021125824176885,423.8,0.9060877772532077,4.26493745205813e-05,3.154229205948739e-05,0.0003705128021533758,0,0,0,0
63,2026-06-03 03:45:00,159.895,159.887,159.895,159.883,353,1780458599.792,USDJPY,-5.003283404736436e-05,1.876360361263707e-05,8.756950829735821e-05,0.001509589967803926,7.505300618562143e-05,0.6666666611119006,0.0,0.3333333305547661,68.18908400960834,63.441185404625685,67.33349250664955,0.04666203556561754,0.05021916383628717,-0.0035571282706696253,159.88941773479377,-1.5121293379008197e-05,0.015217074592897006,159.87053935484832,0.00010296234201816109,0.025577212852795128,159.84656719262154,0.0002529476115038635,0.029741433232601366,159.76613566654032,0.0007565078353772258,0.028665313255942237,159.66715432308493,0.0013768998254344495,0.024036672193801678,159.54495799003345,0.0021438597262842655,0.017985528834941533,159.98848510885452,159.7333148911455,0.0015959409940083174,0.6022846638376933,0.02185443902851238,0.000136686778965847,29.384351216979034,33.26754863189244,18.314575013128458,415.2,0.8501926782271556,5.111755018549235e-05,3.613376025857347e-05,0.0003678376239281137,0,0,0,0
63,2026-06-03 03:50:00,159.887,159.887,159.887,159.882,363,1780458899.009,USDJPY,0.0,-6.254026029250959e-05,8.13140348023822e-05,0.0018484635821343076,3.127208591064597e-05,0.0,0.0,0.9999999800000005,68.18908400960834,63.441185404625685,67.33349250664955,0.043998545661111166,0.04897504020125197,-0.004976494540140805,159.88881330109533,-1.1341012906951993e-05,0.008912805944675029,159.8727341075352,8.923280473335973e-05,0.020833584472399025,159.85024290238323,0.0002299470864064808,0.026128575666007237,159.77087544432305,0.0007268192989116738,0.027149026461586345,159.67150770282583,0.0013495976851125567,0.02336267868503228,159.5483613931177,0.0021224825120449054,0.017707065861429783,159.90855151974367,159.84274848025635,0.0004115596608061994,0.6724844326519539,0.020650550526475457,0.00012915715803333265,29.293644957858525,32.69219993340183,18.343723751540033,390.0,0.9307692307689921,2.7969029592049147e-05,3.623588231250736e-05,0.0003553785808781561,0,0,0,0
63,2026-06-03 03:55:00,159.887,159.887,159.894,159.883,417,1780459199.094,USDJPY,0.0,-8.755417414529898e-05,6.880332257486188e-05,0.00025649687824524925,6.879858900345669e-05,0.0,0.6363636305792172,0.3636363603298739,68.18908400960834,63.441185404625685,67.33349250664955,0.041410357893624905,0.047462103739726556,-0.006051745846101651,159.88835997582152,-8.505783796398267e-06,0.0031846044585108757,159.8746362265305,7.733417733619609e-05,0.01618910654275396,159.85358445671204,0.00020903843602585725,0.02248052333274586,159.77542934846727,0.0006982966779541355,0.02553533914939976,159.67577487702732,0.0013228376260290638,0.022622823661578195,159.55173093149463,0.0021013189048341967,0.017391572668771005,159.90795954397288,159.84744045602713,0.0003785116234950281,0.6536705236365381,0.019961225488869756,0.00012484583167405577,29.459003653029175,33.91022492362607,17.621677611997537,393.45,1.059855127716086,2.0930208083392867e-05,3.6283848746546025e-05,4.2302191224815424e-05,0,0,0,0
63,2026-06-03 04:00:00,159.887,159.882,159.887,159.873,355,1780459498.092,USDJPY,-3.127208591069408e-05,-0.00010631711267738986,0.0,0.0001313641225815232,8.75645788769843e-05,0.3571428545912567,0.0,0.6428571382658862,65.86151709101276,55.68847226926741,66.0549994754204,0.038511802145421825,0.04567204342086561,-0.007160241275443784,159.88676998186614,-2.9833499461361705e-05,-0.0018615466561016092,159.8756180629931,3.991813813897592e-05,0.01176389233708619,159.85616768792005,0.0001615972186346116,0.01889138484798991,159.77960858970386,0.0006408290219253167,0.023867286633731055,159.67985854282875,0.0012659170606481565,0.021838213292056707,159.55501719088275,0.002049342069425934,0.01704936796559764,159.90806126065945,159.84943873934054,0.0003666611708566915,0.5554394432607956,0.019535423668236917,0.00012218651047795823,28.958472918599508,32.17439234074814,20.376001998838717,392.65,0.9041130778044305,2.1483708509493554e-05,3.634955628385507e-05,3.879652043315767e-05,0,0,0,0
63,2026-06-03 04:05:00,159.882,159.887,159.889,159.88,352,1780459799.093,USDJPY,3.1273063884507124e-05,-5.003283404736436e-05,1.250899083715673e-05,0.00016264129462473242,5.628975463930496e-05,0.5555555493813126,0.22222221975378822,0.22222221975378822,67.07194272188082,61.21768104633766,66.71852717852376,0.03620083337233382,0.04377780141115926,-0.007576968038825439,159.88682748639962,1.0789731905231393e-06,-0.0033961599920644403,159.877135654594,6.169953799584067e-05,0.009128706692109745,159.85897062538186,0.00017533814029009143,0.016446713498169174,159.7838200175586,0.0006457473756106911,0.02261758911868128,159.68396035386186,0.001271509334363943,0.02124735758332008,159.55832050241625,0.0020599332993027596,0.016800120523157602,159.90838707820947,159.85171292179055,0.0003544638176895025,0.6226308493478641,0.01878289340622103,0.00011747605125007681,28.575479199449273,31.833772633804045,19.678619644344405,389.9,0.9027955886122333,3.145868338117422e-05,3.727059032201649e-05,3.9146485565006816e-05,0,0,0,0
63,2026-06-03 04:10:00,159.887,159.887,159.899,159.885,379,1780460099.091,USDJPY,0.0,0.0,1.876360361263707e-05,0.00024398178269358084,8.756184054995093e-05,0.0,0.8571428510198282,0.14285714183731474,67.07194272188082,61.21768104633766,66.71852717852374,0.03397770019262225,0.041817781167451856,-0.007840080974829605,159.8868706147997,8.092296746969542e-07,-0.002547119994062541,159.87845090064815,5.347249303263465e-05,0.007911545799828446,159.86151875034716,0.00015939576861292808,0.014951557725623843,159.78786629137986,0.0006204082382536455,0.021730624839534585,159.68798094091412,0.0012462995518712405,0.02082661782918649,159.56159094517827,0.0020393946493898808,0.016632955144814332,159.90633105015104,159.85766894984897,0.0003043530762480208,0.6027493657010957,0.018441258162920242,0.00011533932191435352,28.621765797799586,33.98084950051658,18.611522189794034,390.2,0.9712967708864759,2.2113049776876048e-05,3.718301034687693e-05,3.312668942198698e-05,0,0,0,0
63,2026-06-03 04:15:00,159.888,159.88,159.894,159.87,374,1780460399.393,USDJPY,-4.378092027501612e-05,-4.378092027501612e-05,-0.0001063184424973107,0.00016890518163559243,0.00015011258443833444,0.33333333194483916,0.24999999895833333,0.4166666649301608,63.42084608578076,49.45780556903389,64.76451619917918,0.031290314365861605,0.03971228780713381,-0.008421973441272206,159.88515296109978,-3.2229140757275484e-05,-0.0036603399955481564,159.8786574472284,8.397323276541261e-06,0.005923339693197249,159.86319886395196,0.00010509695894631084,0.012955961568735574,159.79147937799243,0.0005539758587387867,0.02060393366937774,159.69178329851977,0.0011786248333665757,0.020275595693931336,159.56475919448,0.0019756292499134172,0.01639780136230229,159.90377816686475,159.86292183313526,0.00025554374361704777,0.4180053681763924,0.01883831115128315,0.00011782781555718757,27.683382714246115,30.888593279126862,22.60537227154928,386.75,0.967032967032717,2.95354879444951e-05,2.718995241495643e-05,3.5047355725986094e-05,0,0,0,0
63,2026-06-03 04:20:00,159.88,159.883,159.887,159.868,410,1780460699.493,USDJPY,1.876407305489991e-05,-2.501766872853306e-05,-0.00011256965247241624,0.00015638879505575076,0.00011883689948278089,0.1578947360117889,0.2105263146808893,0.6315789440441638,64.31734043555404,53.88694868635273,65.22285537993385,0.029067544109977916,0.037583339067702635,-0.008515794957724719,159.88461472082483,-1.0099288337642592e-05,-0.0037452549966872084,159.8792364542646,2.3539928128731977e-05,0.004600227734101736,159.86499896722907,0.00011260146302962618,0.01141451051702802,159.7950684219927,0.0005502771698503677,0.0196390735254397,159.695569767856,0.0011736720838058984,0.01979489082867758,159.5679257696593,0.0019745461302513334,0.01619483816466527,159.90140952115485,159.86779047884517,0.0002102727764032507,0.45240792314966305,0.018849860354763315,0.00011789784001278006,26.687988890137966,28.66469172510942,21.735710379254563,387.05,1.0592946647717196,3.2014249002737004e-05,2.633770924035464e-05,3.4728497869892106e-05,0,0,0,0
63,2026-06-03 04:25:00,159.883,159.892,159.897,159.88,435,1780460999.025,USDJPY,5.629116291272496e-05,6.254612776923629e-05,-4.377763463192519e-05,0.00013761180959526165,0.00010632176719282958,0.5294117615910071,0.294117645328523,0.17647058719811692,66.93542004808128,64.71067906499982,66.59175305584154,0.02771275209624946,0.035609221673412,-0.007896469577162543,159.8864610406186,3.464307950371034e-05,-0.0003089412475389963,159.88093826036265,6.918735752805977e-05,0.005320197369542257,159.86745360657187,0.00015354215554425798,0.011285918651822158,159.79886966034596,0.0005827972366261916,0.01926107064210214,159.69945947542323,0.001205642932100227,0.019600932594471487,159.5711503888667,0.002010699367344308,0.01613319798394741,159.90138566228939,159.8700143377106,0.00019620321578815345,0.700820335593533,0.01871772747227993,0.0001170648154521798,26.225164533101,30.621203049282997,20.32563735396549,385.55,1.1282583322523334,3.75270703164228e-05,3.3880453491137973e-05,3.302710291118615e-05,0,0,0,0
63,2026-06-03 04:30:00,159.892,159.895,159.897,159.889,383,1780461299.029,USDJPY,1.8762664798721573e-05,5.003533745706612e-05,0.0,0.00011884210262946837,5.003283404722696e-05,0.3749999953151646,0.2499999968732237,0.3749999953116119,67.7839389104455,67.66246931274594,67.04575372412546,0.026574806762454273,0.03380233869122046,-0.007227531928766184,159.88859578046396,4.005426093581289e-05,0.0017682940643339862,159.88281315898098,7.62235838752232e-05,0.005677504386966348,159.86995782415624,0.00015664091105415604,0.010987198774387252,159.80263947758732,0.0005779661882596375,0.018819460028709045,159.7033315650188,0.0012001530156130625,0.01937121115693685,159.57437277305706,0.0020092651556207885,0.01605227064081305,159.90217127576773,159.87112872423228,0.00019414335367240717,0.7689856184525684,0.017952175509972888,0.00011227477725990736,25.795399058709535,29.64651169200907,19.678660060875163,382.75,1.0006531678638797,3.6362247409966614e-05,3.374549252578033e-05,3.2370518701146444e-05,0,0,0,0
63,2026-06-03 04:35:00,159.895,159.882,159.897,159.88,343,1780461599.096,USDJPY,-8.130335532696709e-05,-3.127208591069408e-05,-3.127208591069408e-05,5.629468390533354e-05,0.00010632841720766507,0.764705877855163,0.11764705813040609,0.11764705813207796,60.534442797559095,47.55337780191682,63.14157566129401,0.024343370312749357,0.03191054501552624,-0.007567174702776881,159.88694683534797,-3.0939582285348326e-05,7.622054826583735e-05,159.8827047377835,-4.407842515947485e-06,0.004253837135365757,159.87105256741478,6.847664045127737e-05,0.00953381706762002,159.80575165493684,0.00047713141907310033,0.017885363556985112,159.7068695538303,0.001096574284243135,0.01888861291618582,159.57743374048934,0.0019085797557439209,0.015842795311073132,159.90149305393092,159.8727069460691,0.0001800459580305065,0.32283120535917204,0.017884162973545965,0.00011185851423891348,24.773704250810596,27.63359469504073,21.937093880638663,380.85,0.9006170408294865,5.523656030769613e-05,3.980232125477198e-05,3.749735163830735e-05,0,0,0,0
63,2026-06-03 04:40:00,159.882,159.877,159.885,159.873,387,1780461899.026,USDJPY,-3.1273063884618146e-05,-1.8764073054677866e-05,-6.254417182127714e-05,1.8764777262259003e-05,7.505770060734473e-05,0.41666666319404977,0.24999999791548244,0.3333333305571346,57.96659009349265,41.95796121221882,61.690818173969966,0.021918816167698196,0.029912199245960634,-0.007993383078262438,159.884460126511,-4.6659484637060905e-05,-0.0006928345887899923,159.88194410607906,-3.0923479863186095e-05,0.003286658850669255,159.87159324310434,3.381937207221795e-05,0.008394379152377951,159.80854570768443,0.0004283518882700603,0.017066329691999726,159.71023847355644,0.0010441505068015812,0.01845517503667793,159.58041449929044,0.0018585332143681522,0.015655304810451298,159.9011478416115,159.87335215838849,0.000173856672460822,0.1312377022407464,0.017463865618292714,0.00010923313308538885,23.368985015404707,26.277312023853334,23.723455351554698,379.95,1.0185550730356578,5.3363580181916985e-05,4.0746743723999153e-05,3.8247632084009274e-05,0,0,0,0
63,2026-06-03 04:45:00,159.877,159.89,159.892,159.877,397,1780462199.043,USDJPY,8.131250899112707e-05,4.3782015598736734e-05,1.8763251546261017e-05,8.756786509533931e-05,9.381449746692325e-05,0.866666660888131,0.13333333244520237,0.0,62.42908159270664,57.22516585476398,63.95193993877422,0.02080648666751017,0.02809105673027054,-0.0072845700627603704,159.88584509488322,2.598669766105829e-05,0.0012303740583945455,159.88301822526853,4.366801933661463e-05,0.0037817710039291796,159.8732665846403,0.00010466675084056143,0.008267617411235051,159.8117399936576,0.0004897012343742446,0.016671571664886642,159.71379810774346,0.001103235251707323,0.018228339887457423,159.58349495203382,0.001920656318864904,0.015569182374520096,159.90088792879325,159.87501207120673,0.00016183537173386216,0.5792244251313985,0.017287875216985115,0.00010812355505025403,22.458292009330204,27.540957026097345,22.25317704623296,380.45,1.043501117097899,6.583537322030723e-05,4.934037973767254e-05,4.222999817371038e-05,0,0,0,0
63,2026-06-03 04:50:00,159.89,159.892,159.899,159.885,343,1780462499.041,USDJPY,1.2508599662286457e-05,0.0,6.254612776923629e-05,6.254612776923629e-05,8.75591023941786e-05,0.14285714183731474,0.49999999642857146,0.3571428545912567,63.07851300218382,59.15359692267314,64.2923934028021,0.01985743664124584,0.0264443327124656,-0.006586896071219761,159.88738382116242,2.8871438929434908e-05,0.0009227805438172254,159.8842157952327,4.868651185217466e-05,0.003277534870051113,159.87496962240027,0.00010652310139571646,0.007516015828400668,159.81488744488672,0.0004825117130584401,0.016017784540764524,159.7173268580852,0.0010936392772840026,0.01786738266196153,159.58656465400364,0.0019139164168272312,0.015414265136939775,159.90120107844305,159.87569892155696,0.00015949614043286184,0.6392039093762193,0.017053026987201177,0.00010665340972156943,21.988486653769435,28.857969131383694,20.948237045671732,379.15,0.9046551496766704,6.0639234155020345e-05,4.799619936188761e-05,4.156158784633746e-05,0,0,0,0
63,2026-06-03 04:55:00,159.891,159.889,159.894,159.885,343,1780462799.092,USDJPY,-1.876266479861055e-05,-3.752462553552327e-05,1.2508834364322041e-05,2.5017981674535505e-05,5.628905052889537e-05,0.22222221975063025,0.33333332963068235,0.44444443950757645,61.36503548629158,54.82790592361241,63.35006243244314,0.0186482671147985,0.024885119592932183,-0.006236852478133683,159.88778786587181,7.581155161220172e-06,-0.0008079145921442432,159.8848536892017,2.5933105623494703e-05,0.0020405302207109344,159.87624511127297,7.977976164105973e-05,0.006287287116720108,159.81779381959706,0.0004455460102479636,0.015154342009736865,159.7207263262419,0.0010535493897917553,0.017394761223101796,159.589573960929,0.0018762255681209377,0.015201187871923594,159.90130345808308,159.8759965419169,0.0001582780314229682,0.5138302093524318,0.016477810773830703,0.00010305781369469258,21.55223882360587,27.732118626172547,20.130972907860194,377.65,0.9082483781276558,6.0056113742623924e-05,4.770556264750954e-05,4.1665496576867166e-05,0,0,0,0
63,2026-06-03 05:00:00,159.889,159.882,159.897,159.88,450,1780463099.093,USDJPY,-4.378037263352841e-05,0.0,-3.127208591069408e-05,-1.2509069074906343e-05,0.00010632841720766507,0.41176470346060096,0.47058823252496806,0.11764705813207796,57.44398028554863,45.725496955818876,61.1540481200388,0.016929991649760723,0.02329409400429789,-0.006364102354537167,159.88634089940388,-2.7149907737287986e-05,-0.0006059359440939716,159.88447319730813,-1.546865220031806e-05,0.0017684595246123536,159.87676828297543,3.272343493528436e-05,0.005715715560654644,159.82031170902462,0.00038598530008935824,0.014560054087780827,159.72391986433612,0.0009897085909120428,0.017050310505823063,159.59248367276052,0.0018140975099624793,0.015049932271182342,159.90137926348083,159.87572073651918,0.00016048415057135504,0.24472423790084752,0.016515110004271076,0.00010329561804500242,20.762265985018693,25.693094031972375,20.813350009475457,380.5,1.1826544021021859,5.0037366842029175e-05,4.9796310254581645e-05,4.284942680924821e-05,0,0,0,0
63,2026-06-03 05:05:00,159.882,159.885,159.887,159.873,408,1780463399.001,USDJPY,1.8763838330659866e-05,5.0038467071411574e-05,3.127345509135182e-05,-7.504831235105591e-05,8.756293586021207e-05,0.21428571275394198,0.14285714183731474,0.6428571382658862,58.66304932414385,49.885450850707024,61.750704208406205,0.01563014629508075,0.021761304462454462,-0.006131158167373713,159.8860056745529,-6.289947320099799e-06,0.0015455480419177547,159.88454343766705,2.855575173973359e-06,0.002599331587987308,159.87751662088675,4.680695116740078e-05,0.005923377782409034,159.82284850474917,0.000388877409158238,0.0143027970647438,159.72710956999285,0.0009885011406780316,0.016871096436403832,159.5953942829818,0.0018146245279778235,0.014979783691359216,159.90025406442845,159.87564593557153,0.00015391142919552028,0.3801209122740638,0.016335459289681,0.00010217005528774433,19.51166304733806,24.120252180612805,22.600055205391335,382.15,1.0676435954465349,4.713860119052331e-05,4.8018778198839366e-05,3.862955413354137e-05,0,0,0,0
63,2026-06-03 05:10:00,159.885,159.881,159.89,159.877,356,1780463699.034,USDJPY,-2.501798167431346e-05,-5.628869848006701e-05,-1.2509147313988223e-05,-0.0001250773916361414,8.131047466538743e-05,0.30769230532527564,0.3846153816571411,0.30769230532527564,56.34539250953585,44.571304254936955,60.45080865181056,0.014114539293018424,0.020231951428567256,-0.006117412135548832,159.8847542559147,-2.348101250902612e-05,-0.0010908389685369002,159.88407097931145,-1.920753764046185e-05,0.0010527540429166038,159.87783329171523,1.9807050293133226e-05,0.0045667070749289,159.82512895554333,0.00034957609495942703,0.013388961885738127,159.7301569052405,0.0009443620270715805,0.016358797497048272,159.59823613091234,0.0017717230211474224,0.014741178878523442,159.89804008572818,159.87585991427184,0.000138729251482923,0.23174237922827517,0.016097212197559274,0.000100682458813488,18.553208258077753,24.06006749866577,21.296365765861687,382.35,0.9310840852619507,2.6313132875939686e-05,4.8428962757044935e-05,3.8287066819333854e-05,0,0,0,0
63,2026-06-03 05:15:00,159.88,159.882,159.885,159.871,383,1780463999.792,USDJPY,6.2546518972972365e-06,-6.254221599577559e-05,-6.254221599577559e-05,-0.00010631711267738986,8.756457887680653e-05,0.14285714183760476,0.21428571275437702,0.6428571382651611,56.80484878247603,46.241597713456585,60.66814893981082,0.01284602053880235,0.018754765250614275,-0.005908744711811926,159.88406569193603,-1.2919936249338766e-05,-0.0033181292263861906,159.88379484873658,-1.1225957816913565e-05,-0.0004209464961206777,159.8782120833775,2.3692513026968637e-05,0.0032424609772192525,159.82735919258087,0.00034187393006534616,0.012471747694149826,159.73316369919615,0.0009317808359705046,0.015836841110967725,159.6010596519978,0.001760266182535347,0.014494997994148662,159.89589591759133,159.87630408240867,0.00012253934265687365,0.29072914860500887,0.015947411326303725,9.974488264034554e-05,17.24330846068672,22.551354453875273,22.64835805164091,380.75,1.005909389362835,2.5017727419188728e-05,4.422576223114719e-05,3.8355558782565664e-05,0,0,0,0
63,2026-06-03 05:20:00,159.883,159.894,159.895,159.88,376,1780464299.093,USDJPY,7.505535332308355e-05,3.1271694738155276e-05,-6.254104255920545e-06,-6.254104255920545e-06,9.381215054983164e-05,0.7333333284434339,0.06666666622247487,0.1999999986674246,61.97653029024971,62.1919540145734,63.21522151866724,0.012663038374796542,0.01753641987545073,-0.004873381500654188,159.88654926895202,4.6600111654473625e-05,-0.0012385969197907798,159.8851555355717,5.531760843388289e-05,0.0003018463700072971,159.87964734852497,8.977159828072824e-05,0.00340223725200417,159.8299725575777,0.00040059721839249895,0.012178737980633514,159.73634857643978,0.0009869477108072405,0.015622250197878884,159.60397448133116,0.0018171572456847896,0.014400520402176653,159.89567236984618,159.87642763015384,0.00012035936115388859,0.9130998930501678,0.015879739088711656,9.931416493871975e-05,16.686550006528574,25.527877284530014,21.120241136310337,380.35,0.9885631655051955,4.5747944082806595e-05,5.085021448643655e-05,4.2004056723875054e-05,0,0,0,0
63,2026-06-03 05:25:00,159.894,159.908,159.909,159.892,418,1780464599.039,USDJPY,8.755800717974438e-05,0.00016261993219979232,0.00016261993219979232,0.0001313427608247153,0.00010631112889909141,0.8235294069195301,0.05882352906603898,0.11764705813207796,66.94840989857548,73.06827090210255,65.918851447766,0.013492177267664829,0.01672757135389355,-0.003235394086228721,159.891911951714,0.00010061827449307125,0.005571052310131108,159.88820146416214,0.00012382737222976396,0.0037282668540115083,159.88222486229543,0.0001612132788792271,0.00545657931999699,159.83303245728052,0.00046903660380403627,0.012720748255901526,159.73974761453007,0.0010532906679928192,0.01582775019394944,159.60699961087016,0.0018858846407969537,0.014515938109639137,159.9006779233117,159.87352207668832,0.00016982168886717854,1.2696316805321644,0.01595975772523196,9.980587416034196e-05,16.990523752668174,29.851367934274787,19.51332406804311,383.6,1.089676746610769,4.7508310610221645e-05,4.908866674030439e-05,4.461817743055307e-05,0,0,0,0
63,2026-06-03 05:30:00,159.908,159.897,159.914,159.897,506,1780464899.094,USDJPY,-6.878955399347575e-05,7.505394502294038e-05,0.000125096167678862,6.254417182138816e-05,0.00010631844249733208,0.647058819723085,0.352941174394562,0.0,60.279043950008194,57.82092940741837,62.15028503088567,0.013110537627994745,0.01600416460871379,-0.002893626980719044,159.8931839637855,2.386615939396263e-05,0.007178289232598445,159.88937460227388,4.7691710253319044e-05,0.0048311646068270875,159.8835680566322,8.401078066396232e-05,0.006051435745462186,159.83554098836757,0.00038451405270931025,0.01269248361839459,159.74286152315324,0.0009649162120738197,0.015751953160389576,159.60988518688143,0.0017988535784133365,0.014490903899627483,159.90184640310602,159.87335359689402,0.00017819475169640603,0.8299078317186334,0.016034060744857956,0.00010027743325301886,17.53563049734404,29.818076060886707,18.03554803668777,390.75,1.2949456174021,6.627578454140946e-05,5.428392664243396e-05,4.769631493886316e-05,0,0,0,0
63,2026-06-03 05:35:00,159.897,159.906,159.909,159.891,475,1780465199.094,USDJPY,5.628623426345847e-05,0.00015636629743376318,0.00010006879729829166,0.0001188339264606153,0.00011256613260290846,0.4999999972230117,0.16666666573995123,0.3333333314814815,63.484270763154825,64.82695714151771,63.92221102486959,0.013380073094026557,0.015479346305776343,-0.0020992732117497866,159.89638797283914,6.011409815275177e-05,0.011633716924450255,159.89159132197068,9.011529568376086e-05,0.007520342659233847,159.8856073242111,0.00012754541281230207,0.0077740324958597284,159.83830408686296,0.00042352747374155677,0.013175131319627553,159.7460919880413,0.001001013608337228,0.015935082800780265,159.61283160293237,0.0018367470467345918,0.01459547202003364,159.90488982868519,159.87221017131483,0.00020436792472047224,1.0339713234702017,0.01617448497736815,0.00010114995670811696,17.536734995191793,27.447828945281987,19.25157322223209,393.65,1.2066556585796504,6.39315861634834e-05,5.125172752599783e-05,4.9140729756193564e-05,0,0,0,0
63,2026-06-03 05:40:00,159.906,159.914,159.915,159.904,378,1780465499.092,USDJPY,5.0029392267836315e-05,0.0002001476088613341,0.0001375928751907729,0.0002001476088613341,6.878697299795941e-05,0.7272727206597478,0.09090909008311442,0.18181818016622883,66.10267481692237,69.99537193722188,65.4325921719047,0.01407694477717314,0.015198866000055702,-0.0011219212228825628,159.90079097962933,8.26075986849577e-05,0.016725287693304836,159.89457914570792,0.00012146036717334314,0.010784296971337426,159.8881884765555,0.0001614348357462266,0.00997639317802168,159.84127255404482,0.00045499791632712557,0.013913361463949059,159.74941689916918,0.0010302579128328992,0.016253199973021992,159.61582830340072,0.001868058448642691,0.01476865140293171,159.90958476270666,159.87071523729335,0.0002430651813681355,1.1135912295049366,0.015804878907555834,9.883361624095348e-05,17.876889836850715,28.794944077737973,18.294512039311854,394.8,0.9574468085103958,6.263312851248416e-05,5.2805053631991934e-05,4.9262800071537e-05,0,0,0,0
63,2026-06-03 05:45:00,159.914,159.91,159.916,159.908,369,1780465799.028,USDJPY,-2.5013444726496026e-05,0.00010006629391967614,0.0001313411179004742,0.00014385159518903734,5.002814082927758e-05,0.49999999374822374,0.24999999687588823,0.24999999687588823,63.6452656294288,64.46929256554934,64.02538466948164,0.01414341752291648,0.014987776304627857,-0.0008443587817113778,159.903093234722,4.319344384320839e-05,0.016543965769983515,159.89663525961353,8.35836249134627e-05,0.01147972404183406,159.89017134232319,0.00012401423746277837,0.010523993798216225,159.84396774800385,0.000413104435071638,0.013995190426157933,159.75259676255195,0.000985293764470114,0.01624818611216483,159.61875538495894,0.0018246265254897233,0.014780903627780617,159.91249528252857,159.87010471747143,0.00026509014481353757,0.9411358961759199,0.015247387557016831,9.534980649751005e-05,18.249525264482905,28.18425607751388,17.60888593841245,395.65,0.9326424870463965,6.459940719105172e-05,5.32677809612307e-05,4.9590687249736406e-05,0,0,0,0
63,2026-06-03 05:50:00,159.91,159.921,159.924,159.907,471,1780466099.094,USDJPY,6.878869364013163e-05,8.12967456287339e-05,0.00024392989829991052,0.00021265018419258652,0.00010630248685285802,0.647058819723085,0.17647058719811692,0.17647058719644507,67.25085143124002,71.65017291792824,66.12876150159408,0.014911811639677808,0.014972583371637848,-6.0771731960040584e-05,159.9075699260415,8.398648021916807e-05,0.01565797432749605,159.89988389166507,0.00013205830936831092,0.011682427502933024,159.89297394756653,0.00017528007479960522,0.010749085271100967,159.84698862063115,0.00046301391103772304,0.013956163350627548,159.75593148012518,0.001033254404675069,0.016183865595110092,159.62176279406384,0.001874664210557633,0.014763183193679197,159.91770627453644,159.86829372546356,0.00030898099106986196,1.0666576693306367,0.015372574160086765,9.612605073809422e-05,19.040483599158392,29.675165627311134,16.21795307207362,400.25,1.1767645221733476,6.008048521092659e-05,5.17772903465438e-05,5.141735816835102e-05,0,0,0,0
63,2026-06-03 05:55:00,159.921,159.928,159.933,159.919,391,1780466399.0,USDJPY,4.3771612233678425e-05,0.00019387480690702397,0.0002689433029989807,0.0003002251688766222,8.753939272661187e-05,0.49999999642958654,0.35714285459198175,0.14285714183557463,69.33508624098593,75.3489740312427,67.40227308161185,0.0159022992053508,0.01515852653838044,0.0007437726669703611,159.91267744453114,9.581826602941478e-05,0.019493480745637726,159.90363270610973,0.0001523873690540226,0.014258103835857128,159.8961581341514,0.00019914090632427975,0.012590077519178067,159.85016553746914,0.0004869213758343879,0.014624549101569073,159.75933877754844,0.0010557205841118813,0.016477254395198315,159.62480993044133,0.0018993918908394396,0.014924743559902254,159.92365880396397,159.86714119603602,0.00035339407688433623,1.0768113883000077,0.01527453314865068,9.550881114408158e-05,20.226074563909712,31.941064579607463,15.156188832589487,401.1,0.9748192470703129,3.683767860424454e-05,5.2078326166355547e-05,5.0254732368940236e-05,0,0,0,0
63,2026-06-03 06:00:00,159.928,159.913,159.928,159.906,498,1780466699.043,USDJPY,-9.37922064928598e-05,4.3775718234551064e-05,0.00020014886071528792,0.0001876372097096013,0.00013757480630087208,0.6818181787186559,0.0,0.3181818167358895,60.45607720844683,56.81676865437933,62.14500004990531,0.015300518247357786,0.01518692488017591,0.00011359336718187556,159.91275808339836,1.5128036346301205e-06,0.01637011055922244,159.90488167862844,5.0769690620733623e-05,0.013290356657762459,159.89768921286492,9.575364853903551e-05,0.012081888653824535,159.85262963403898,0.00037766263901472516,0.014325547176014197,159.76238157403264,0.0009427652773038473,0.01628958599135899,159.6276774933225,0.0017874250327888923,0.014845890390120076,159.9255489092546,159.86825109074545,0.0003583061946754892,0.7809880086329464,0.015754923638032155,9.852184399037073e-05,20.14457651348607,28.75519693369548,19.538328427670073,405.5,1.2281134401969844,6.743519178412314e-05,6.30753089401526e-05,5.580778911362977e-05,0,0,0,0
63,2026-06-03 06:05:00,159.913,159.931,159.933,159.907,547,1780466999.093,USDJPY,0.00011256120515534818,0.00010630714008796893,0.00030647602606936886,0.0002439146423836025,0.0001625701083591176,0.692307689645475,0.07692307662654622,0.23076922988182497,66.07105145012358,67.87756234500404,65.53240782560063,0.016090569995384385,0.015367653903217605,0.00072291609216678,159.9173185625488,8.555319445200848e-05,0.016527582919451334,159.90836412147797,0.00014155531292185916,0.013784975770050778,159.90071746624082,0.00018938335136353993,0.012528989685307579,159.8557029817237,0.0004710311666823104,0.014430427678888691,159.76572055276466,0.001034511324854342,0.016303653595485912,159.6306956277173,0.0018812445256961411,0.014867324316583108,159.9309951396245,159.86670486037545,0.00040198760246021407,1.000075598917081,0.01648671480674286,0.00010308642356230411,20.347002420510773,27.682319584617765,17.33743713396653,411.1,1.3305765020672997,8.13632308274757e-05,6.916311056012315e-05,5.958752228108117e-05,0,0,0,0
63,2026-06-03 06:10:00,159.931,159.94,159.959,159.923,577,1780467299.605,USDJPY,5.6274268278144746e-05,0.0001876055281095912,0.00028769059501909666,0.0002814346915163135,0.00022508440665250322,0.2499999993051608,0.52777777631186,0.22222222160520144,68.48093487214273,72.05317683327438,67.07900253048325,0.017244136806567667,0.01574295048388762,0.0015011863226800475,159.9229889219116,0.00010637043618971953,0.019895687189602995,159.91258223861425,0.00017145468481546616,0.01594697900071651,159.90428860567346,0.00022332980958756667,0.014117263350271969,159.85900874714633,0.0005066417807067132,0.015040999142485134,159.76917163092773,0.0010692198459092436,0.016574868375784035,159.6337732831629,0.0019183078275917754,0.015017898203950608,159.93782546802268,159.8643745319773,0.00045924056549574764,1.0296052302589191,0.01788052089197561,0.00011179517876688513,21.70274052279265,34.087679859242314,14.84411037514502,420.8,1.3711977186308528,7.785019986931024e-05,6.806953114843244e-05,6.039004780546296e-05,0,0,0,0
63,2026-06-03 06:15:00,159.94,159.93,159.945,159.925,429,1780467599.193,USDJPY,-6.252344629231743e-05,5.6277787157554826e-05,0.00013757910798717354,0.0003002214132923342,0.0001250547114361396,0.49999999749999996,0.24999999874999998,0.24999999874999998,63.11665098149506,61.66263366527363,63.74213498070743,0.017153693290481442,0.016025099045206385,0.0011285942452750573,159.92474169143372,3.287989407185539e-05,0.017171765392220095,159.91490460679904,9.439641187969567e-05,0.015020715133971407,159.90662600515768,0.00014617277236264552,0.01365205759114474,159.8617927178465,0.00042666406396363543,0.014804097215346701,159.77235635110736,0.0009866766222450603,0.01642487098217771,159.63672081268368,0.0018371661972464396,0.014958018619836366,159.94118023356467,159.8658197664353,0.00047120907352824046,0.8516432544051262,0.018031912256833198,0.00011274877919610578,22.96164018919725,31.387096314937114,13.668091344970467,425.1,1.009174311926368,8.634985012390848e-05,7.017944834575717e-05,5.8958051497551056e-05,0,0,0,0
63,2026-06-03 06:20:00,159.93,159.947,159.952,159.93,424,1780467899.627,USDJPY,0.00010629650472071539,0.00011880346155779264,0.000312701301462992,0.000437836586876017,0.00013754556196734767,0.7727272692149935,0.22727272623955197,0.0,67.74263908255125,70.18889900969604,66.69910235856631,0.018243474657737124,0.016468774167712533,0.001774700490024591,159.9303062685753,0.00010438128841368612,0.017628824044152225,159.91918399255917,0.00017393790254787437,0.01555128644943693,159.91029636832516,0.00022952638140510574,0.014138234173771025,159.86513417989175,0.0005120930247124878,0.014968642422616085,159.77581464118444,0.0010714097074078568,0.016475863636003396,159.63980816778135,0.001924280890489361,0.01499823734002348,159.94710984918316,159.8668901508168,0.0005015392496662234,0.9986306445267017,0.018315347095630208,0.00011450885040438525,24.399996845738887,31.42408278715877,12.495390159225634,426.95,0.9930905258224633,9.6200910328766e-05,6.91292762389354e-05,6.1254284283774e-05,0,0,0,0
63,2026-06-03 06:25:00,159.947,159.94,159.947,159.933,474,1780468199.043,USDJPY,-4.376449698961782e-05,0.00016884180773280022,0.00021262491713880394,0.00031271499155671734,8.753282480936604e-05,0.49999999642857146,0.0,0.49999999642857146,64.17349829183203,63.413791403956736,64.42739040126199,0.018330984564784103,0.01684121624712685,0.0014897683176572536,159.93272970143147,4.5458478587220415e-05,0.01997161803311087,159.92195946021795,0.00011280839631368503,0.017077781589506458,159.9129966984774,0.00016886245696160341,0.015307485612481742,159.86807009440582,0.0004499329075011563,0.015440460366846764,159.7790658364085,0.001007229343525301,0.01668426237586118,159.64279515118653,0.001861686576785396,0.015117657864038847,159.95125883141927,159.86774116858075,0.000522181210694742,0.8651922105679899,0.018007108017371622,0.00011258664510048533,25.735613741098977,29.678989529714755,11.801475836771406,430.8,1.1002785515317781,8.255091762472744e-05,7.22746585565471e-05,6.125300847391603e-05,0,0,0,0
63,2026-06-03 06:30:00,159.94,159.945,159.948,159.928,437,1780468499.093,USDJPY,3.1261723146158715e-05,8.753775065484248e-05,0.0001938541966306495,0.0003314737447777105,0.0001250429835256509,0.2499999987496447,0.14999999925063948,0.5999999969997157,65.5689304568462,66.13764452687212,65.313435496553,0.018589506747616724,0.017190874347224827,0.001398632400391897,159.9357972760736,5.754011349008663e-05,0.01847871352481434,159.92503153218888,0.00012486142800660957,0.016667410710908825,159.9159060895249,0.00018193256184791324,0.01518862328407522,159.87108695344875,0.00046232904247884616,0.015383971725043466,159.7823516614301,0.001017936817668845,0.016631108665450256,159.64580216460757,0.001874135312896751,0.015106536890272082,159.9558136004185,159.86848639958149,0.0005459826867799782,0.8761714517070825,0.018149457444702952,0.00011347311541281661,26.4752873725555,27.342911076668923,12.840351768809793,435.5,1.0034443168769223,7.024019203058043e-05,7.168594765841152e-05,6.134609246182406e-05,0,0,0,0
63,2026-06-03 06:35:00,159.945,159.938,159.947,159.928,416,1780468799.023,USDJPY,-4.3765044233978756e-05,-1.2504689258507895e-05,0.00017509849290231472,0.0003064626084343658,0.00011879603346300103,0.3684210506926782,0.1052631573411926,0.5263157867029712,61.93202251692403,58.96711858526056,63.00646239609595,0.018021801828211892,0.017357059843422243,0.0006647419847896491,159.9363479570552,1.032937769235114e-05,0.013359035143594156,159.92676066123036,7.027803679107403e-05,0.01417842261611213,159.91791462684083,0.000125598018245987,0.013626021167368663,159.87371099448995,0.0004021236831879728,0.014702247343620911,159.78543380674833,0.0009548191572717375,0.016262175820600078,159.64870960575576,0.0018120434230794649,0.014936322592859597,159.9582916468162,159.8709083531838,0.0005463572986557246,0.7677857397048989,0.018210210484367415,0.0001138579354772938,27.162127173193692,25.305140206691345,11.883405570894817,439.15,0.9472845269268024,7.068399761614146e-05,7.320553927146029e-05,6.235059019859865e-05,0,0,0,0
63,2026-06-03 06:40:00,159.938,159.938,159.947,159.931,493,1780469099.014,USDJPY,0.0,5.0021884574480424e-05,0.00010630248685283838,0.0003502583155075012,0.00010003876502139037,0.0,0.5624999964855962,0.43749999726440375,61.93202251692403,58.96711858526056,63.00646239609595,0.017371642112692598,0.017359976297276314,1.1665815416284087e-05,159.9367609677914,7.747013263806857e-06,0.012019276357676745,159.92825923973297,6.09070611618439e-05,0.013354632933925359,159.9197405698553,0.00011417871289454384,0.013114564697616515,159.87623213196093,0.0003863480344475005,0.014439414114434612,159.78845491948599,0.0009358941519858553,0.016098568378623668,159.65158811714127,0.0017939807942816456,0.014867304457595765,159.95952552672094,159.87527447327903,0.0005267732086302406,0.744507327611708,0.018052338306911966,0.0001128708518733007,27.799906988072017,23.70312279794771,11.131091122358365,441.3,1.1171538635846097,6.246274618925601e-05,7.10520054535524e-05,6.0918451810750896e-05,0,0,0,0
63,2026-06-03 06:45:00,159.938,159.945,159.947,159.933,512,1780469399.093,USDJPY,4.376695969687816e-05,-1.2504141997049523e-05,0.00010629783402538173,0.00037526972511492396,8.75300884679734e-05,0.49999999642857146,0.14285714183731474,0.3571428545912567,64.23286918820297,64.24365549052436,64.39306862869418,0.017222694847106368,0.017332520007242325,-0.00010982516013595747,159.93882072584353,3.8635236451180344e-05,0.008514457268233855,159.9304913411019,9.071852888350114e-05,0.011307348542743512,159.9220368816866,0.00014358945621967826,0.011740513361445437,159.87892891109973,0.00041325701485651905,0.013794731207980249,159.79155482207042,0.0009602834023389545,0.0157401808859845,159.65450763836375,0.001819506169498446,0.014699470582399954,159.96139951221082,159.87940048778918,0.0005126701329934303,0.8000035682558891,0.01776288557070468,0.00011105621038922556,28.392131101887603,22.368704316017222,10.504442311383407,446.5,1.1466965285551745,4.090323366398079e-05,7.105176435670495e-05,6.120139634686434e-05,0,0,0,0
63,2026-06-03 06:50:00,159.945,159.96,159.969,159.945,414,1780469699.02,USDJPY,9.378223764433535e-05,0.0001250468925848569,0.0002939098134611129,0.0004941174998907005,0.00015003750937735,0.6249999973964254,0.37499999843690784,0.0,68.61095154865441,72.94224343722988,67.16243696098866,0.018106309441321855,0.017487277894058233,0.0006190315472636224,159.94411554438264,9.931253527710976e-05,0.011385842951170844,159.934425828955,0.00015990410390042566,0.012466368737051425,159.92548807426053,0.00021580003384735332,0.012491375783127978,159.882108169488,0.0004871829087307512,0.014038075082169144,159.79489037014824,0.0010332597586150017,0.015824533739731805,159.65754736335515,0.0018943835831106957,0.014752212168616552,159.9646204606571,159.8840795393429,0.0005035066348724409,0.942632134373875,0.018208393744225837,0.00011383091863106924,29.967776196427042,28.892975954444232,9.515469003583858,449.4,0.9212283044056696,5.117625195332189e-05,6.491573934171926e-05,6.248043932709295e-05,0,0,0,0
63,2026-06-03 06:55:00,159.96,159.978,159.986,159.96,454,1780469999.038,USDJPY,0.0001125281320331073,0.00020632092281736014,0.0002938767343416693,0.0006004428265846684,0.00016252234682257583,0.692307689645475,0.3076923065083712,0.0,72.89807417454112,79.81643415676353,70.09323663010818,0.02002815780497258,0.017995453876241102,0.0020327039287314774,159.95258665828698,0.00015888046729325395,0.016789382213374893,159.94023571842766,0.0002361149550813086,0.015204186238776174,159.93026188569138,0.0002984933166854277,0.01435579616648397,159.88586863342965,0.0005762320795315943,0.014781679980899298,159.7985163034126,0.0011231875034847488,0.016164641982499006,159.66073594680435,0.0019871138092546637,0.014933782196777656,159.9709412670488,159.88735873295118,0.0005224626767281485,1.0844522473381684,0.018764937048208422,0.00011729698488672455,31.988404059989026,32.50450885429231,8.573734680310709,452.95,1.0023181366594542,6.476044829674731e-05,6.491103174806306e-05,6.52850983229786e-05,0,0,0,0
63,2026-06-03 07:00:00,159.978,159.983,159.998,159.976,562,1780470299.091,USDJPY,3.125429746586583e-05,0.0002813590266228516,0.0002688508190571426,0.0005566187599284067,0.00013751461092735703,0.22727272623955197,0.6818181787186559,0.09090909049633754,73.96192047398985,81.35179713999534,70.85200752088407,0.02170449874171254,0.01873726284933539,0.00296723589237715,159.96018999371523,0.00014259801945513934,0.023842036660028043,159.9459376226373,0.00023171815373106548,0.019176961406941473,159.93505625971943,0.0002997700529314649,0.01714163287860515,159.8896777066285,0.0005836667801828414,0.01596671213854961,159.80216944591928,0.0011315901073666302,0.016735639170946115,159.66394255429884,0.001998306196107217,0.015232948543086877,159.978323148386,159.88887685161401,0.000559098759068126,1.0522866980249206,0.018996012973335776,0.00011873769696365099,34.183574265920804,34.327826823649275,7.864479971999303,462.25,1.2157923201728036,4.6153465784061633e-05,6.423816296602719e-05,6.442366602512901e-05,0,0,0,0
63,2026-06-03 07:05:00,159.983,159.952,159.993,159.94,430,1780470599.317,USDJPY,-0.00019377058812497516,8.753391939375632e-05,0.0001375601825799322,0.0002751582159743471,0.0003313494048214294,0.5849056592739046,0.1886792449268584,0.22641509391244458,58.602600271535984,52.47692680015765,60.80847783145956,0.020297592082556548,0.019049328695979625,0.0012482633865769227,159.95814249528644,-3.84006415092058e-05,0.021381527495037744,159.946745939619,3.284881070962879e-05,0.018486699886040014,159.93659659974495,9.630941624699873e-05,0.01685602988965229,159.89212171813327,0.00037449175871395995,0.015889586172335157,159.80513638758424,0.0009190168459889832,0.016681468098255436,159.66680879753963,0.0017861646049555317,0.015220680398357445,159.97958858300473,159.89201141699533,0.0005475215440219317,0.6849797232503883,0.021424869189525884,0.0001339456161193726,33.23731472922991,28.26219611877942,18.47692203415727,462.85,0.9290266825103318,0.00012284514661734994,9.196072022636854e-05,7.961663450642612e-05,0,0,0,1
63,2026-06-03 07:10:00,159.952,159.921,159.957,159.906,547,1780470899.001,USDJPY,-0.0001938081424427418,-0.00015005158023073673,-0.00016255384596153277,0.00015009662470211182,0.0003189074605585741,0.6078431360633149,0.0980392154939752,0.29411764648192557,47.89204714499139,37.10990959901857,52.93026711786367,0.016491068721876445,0.01853767670115899,-0.0020466079792825463,159.94885687146484,-0.00017416111630753596,0.010036145621313608,159.9433131476698,-0.0001395065991237723,0.01282180656789933,159.93517872704086,-8.86529602412859e-05,0.01314184535425511,159.8932541997751,0.00017352702191066583,0.014325288675365755,159.80743071654297,0.0007106633461773596,0.01587589447254345,159.66933806323576,0.0015761444233242054,0.014830424872002368,159.97767431623964,159.89632568376032,0.0005086801138019328,0.30331568530804315,0.023537378533130298,0.00014718128659231932,31.156703544597466,23.88808356163188,25.935201859153974,464.9,1.1765971176594587,0.0001525141901274334,0.00010626256736851402,9.059039242534002e-05,0,0,0,0
63,2026-06-03 07:15:00,159.921,159.945,159.945,159.916,589,1780471199.036,USDJPY,0.0001500740990865168,-9.377344336092275e-05,3.1261723146158715e-05,0.00024389328730611837,0.0001813123261120783,0.8275862040429414,0.0,0.17241379250878278,54.78233514568701,50.26466000879734,57.415209071594965,0.015235347356991724,0.01787721083232554,-0.002641863475333815,159.94789265359861,-1.80849747416568e-05,0.0037771092159744057,159.94353806131383,9.140342297555543e-06,0.009112232358830852,159.93607157003714,5.58249922935017e-05,0.010583495776614882,159.89528344684277,0.00031093195549919574,0.013175277354775972,159.81015486076984,0.0008437832961718319,0.015264490621603954,159.67208096807917,0.0017092470409738195,0.014533604724022098,159.97715719829517,159.90074280170484,0.00047775420669816015,0.579173561685042,0.023927565780763587,0.00014959871068657093,29.22470744458163,21.820072997598146,23.689970621298496,470.6,1.25159371015698,0.00016546413017335488,0.00011774525032060156,9.554048372896091e-05,0,0,0,1
63,2026-06-03 07:20:00,159.947,159.959,159.962,159.942,442,1780471499.024,USDJPY,8.753008846795751e-05,-0.0001187663303704456,8.753008846795751e-05,0.0002814012531737742,0.00012503203945999792,0.5999999970005684,0.14999999924943155,0.24999999874999998,58.25039962597125,56.46233890407091,59.76344626326157,0.015194707001512597,0.017340710066162952,-0.002146003064650355,159.95066949019895,5.208174387520145e-05,-0.0019171680880276654,159.94559965313866,8.378065348722312e-05,0.005363934710999274,159.93815597276105,0.00013032554434665915,0.00789408706967265,159.89778213520188,0.00038285624716395987,0.011913501772227164,159.81310228926944,0.0009129270919632345,0.0145859858568258,159.6749358838197,0.0017790150633721874,0.014199937015348496,159.97855558862568,159.90384441137434,0.00046706454311007763,0.738250829140141,0.023647025367850603,0.0001478317904453679,27.64101826360362,25.636918337374716,22.25880477076138,473.8,0.9328830730263966,0.00016081846930060718,0.00012054994240639693,9.668318356709061e-05,0,0,0,1
63,2026-06-03 07:25:00,159.959,159.962,159.964,159.954,389,1780471799.002,USDJPY,1.87548059189524e-05,-0.00013126394679441322,0.00015005814753221713,0.00032518291538985444,6.251484727617125e-05,0.29999999699886315,0.1999999980011369,0.4999999950000001,58.976488475900936,57.777702595067026,60.25654689499038,0.015229023452320689,0.0169183727433945,-0.0016893492910738106,159.9535021176492,5.312720408291348e-05,-0.006687876066024501,159.9477863660535,8.886421168698033e-05,0.0018487434161897909,159.94032361160095,0.000135527976370004,0.00526735188151406,159.90030048284103,0.0003858624216004991,0.010622776212528606,159.81605075878883,0.0009132326854418255,0.013881312869557405,159.67779224318468,0.0017798828053838922,0.01384968888584126,159.97929985917682,159.90830014082314,0.00044385365495352454,0.7563390439622948,0.02267223784157491,0.0001417351486076375,26.259423285044274,25.45932800557634,21.557544208133535,474.8,0.8192923336139808,0.00015984399219839406,0.00011913616848502162,9.624626880009873e-05,0,1,0,1
63,2026-06-03 07:30:00,159.962,159.776,159.971,159.701,848,1780472099.793,USDJPY,-0.0011627761593376862,-0.001100330099029656,-0.0010128924958420216,-0.0009066976819803729,0.0016898658121370558,0.6888888886336396,0.033333333321040284,0.27777777767494977,27.288540168444896,18.13862337788018,33.516764829225664,0.0002447525981210674,0.013583648714339815,-0.013338896116218748,159.90912658823692,-0.0008325140101584308,-0.04901590704952241,159.92488151724638,-0.0009309465533686236,-0.021864422372630088,159.92538510145542,-0.0009340924916994224,-0.01121149828952639,159.89542595410217,-0.0007469003781036006,0.0033042359688977285,159.81525767445638,-0.0002456440957366748,0.01012128687213476,159.6787694347948,0.0006089135427920937,0.01196063725515728,160.01765110974307,159.8554488902569,0.0010151851309719584,-0.4898138290559851,0.040338506567177426,0.0002524691228168024,28.78901138841176,13.287302623224551,56.050398238960994,493.65,1.7178162665852896,0.0005426892161592707,0.00039150616600071926,0.0002798059000745805,0,0,0,0
63,2026-06-03 07:35:00,159.776,159.774,159.788,159.558,1418,1780472399.093,USDJPY,-1.2517524534461089e-05,-0.0009192038569042493,-0.0010691175091437355,-0.0009629333199939749,0.0014395333408440559,0.008695652170173157,0.0521739130207918,0.9391304343742524,27.119805811538995,17.983845215683857,33.34967440102058,-0.011657394112148722,0.008535440149042107,-0.02019283426119083,159.87534494117767,-0.0006338997499267905,-0.07351193028716807,159.90476398161354,-0.0008177616373491936,-0.03854916605627068,159.9116228195049,-0.0008606179906025318,-0.023555907535950382,159.89066415198053,-0.0007296495552087836,-0.0025900477945697276,159.81444069080376,-0.00025304778860381154,0.007009974260796525,159.6797170026078,0.0005904506794101673,0.010378939372031937,160.0366002204246,159.82109977957543,0.0013487829111692453,-0.21856001485651513,0.05388575609809463,0.00033726235869474774,31.910655591324375,9.236298869258016,57.917322035608166,545.0,2.6018348623848433,0.0005508748465962636,0.0003895893268372326,0.0002791449416634189,0,1,0,0
63,2026-06-03 07:40:00,159.774,159.669,159.793,159.654,725,1780472699.995,USDJPY,-0.0006571782642982305,-0.0017255931726529727,-0.001819204801200236,-0.0015258296698830165,0.0008705509522825971,0.7553956829096593,0.1366906473837052,0.10791366898721103,20.094749607424518,11.810881096279616,26.16043373104209,-0.029225658410950928,0.0009832204370434994,-0.030208878847994426,159.82375870588325,-0.0009683085114274837,-0.12413394771536446,159.87332878406508,-0.0012780667395813619,-0.07020927724875037,159.88956619954993,-0.0013794908873205895,-0.046505370487210484,159.88197144013816,-0.0013320541285537434,-0.013312006704609303,159.81156067712448,-0.0008920548458473989,0.001405816354633771,159.6796103657659,-6.64478435386633e-05,0.007529397686738548,160.07307541354115,159.76022458645886,0.0019593711182652003,-0.2915913225496981,0.05996534494823145,0.00037556034639304716,34.679746819743954,8.302610129650986,48.327845492471724,556.35,1.3031365147836247,0.0005468448743503366,0.0004179533372606307,0.00031064438578472047,0,0,0,0
63,2026-06-03 07:45:00,159.666,159.678,159.726,159.644,647,1780472999.893,USDJPY,5.6366608421010156e-05,-0.0017567001544146477,-0.0018752578479541704,-0.001581932208264858,0.0005135334861408186,0.14634146323618585,0.5853658529447434,0.2682926825995586,21.960760396673564,14.737520103776447,27.565762149402758,-0.041938963392482265,-0.007601216328861654,-0.03433774706362061,159.78731902941243,-0.0006841533488168109,-0.16335046078651771,159.84728494618975,-0.0010590417362843253,-0.09831470694891209,159.87033290868175,-0.0012030556588107555,-0.06782306407930605,159.87397256013273,-0.0012257940238460036,-0.02380957506915138,159.80891591124083,-0.0008192027991325938,-0.004186378028606441,159.67959434222595,-9.984633493868846e-06,0.00465845840625434,160.09155905736992,159.71644094263007,0.0023492160143529376,-0.1024769028989356,0.06153924888050018,0.0003853959147816241,37.297438014504,7.512389668706546,44.888828483834395,561.35,1.1525786051480977,0.0005408237036571487,0.0004139138874734371,0.0003090965296172762,0,0,0,0
63,2026-06-03 07:50:00,159.678,159.613,159.678,159.58,785,1780473299.993,USDJPY,-0.00040706922681899016,-0.0021817681699403124,-0.0023127457292337894,-0.0020445166937601567,0.0006139850764034557,0.6632653054457276,0.0,0.3367346935338643,18.58509659292396,11.517086100186106,24.08905156913346,-0.05660677825392213,-0.01740232871387375,-0.03920444954004838,159.74373927205932,-0.0008184312740836361,-0.20976284558989278,159.81604695336446,-0.001270504165477914,-0.13173941268902922,159.8469390078925,-0.0014635188471200644,-0.09338460370844359,159.8637383420883,-0.0015684503858640103,-0.03656214075272146,159.80503638824598,-0.0012016917150184743,-0.011014370542852703,159.67893171195507,-0.00041290176010200133,0.0011394687703898398,160.11300773783356,159.66229226216646,0.0028238017935073943,-0.10936447674126878,0.06414358824617765,0.00040186944826660516,39.99940651698228,6.692561387832793,47.116971025650045,571.75,1.372977700043485,0.0004999301622617693,0.0004113626324173778,0.0003157085578486804,1,0,0,0
63,2026-06-03 07:55:00,159.613,159.702,159.704,159.613,540,1780473599.295,USDJPY,0.0005575986918358034,-0.00046314840777095245,-0.0015629688906672046,-0.0014256237103733582,0.0005698112734969392,0.9780219769471257,0.021978021953973272,0.0,33.628745047175954,34.41195334398253,35.74099756239444,-0.060353849404549464,-0.025992632852008896,-0.03436121655254057,159.7333044540445,-0.0001959795056609132,-0.17582213419242976,159.80084069291587,-0.0006185242360884093,-0.1240408243305069,159.83376273444773,-0.0008243736003803357,-0.09162236700768744,159.85739566200644,-0.0009720892884743418,-0.03803029209572628,159.80299606372625,-0.0006320035682308569,-0.01226161073012122,159.67916124715953,0.00014302901306652033,0.00039181236473950776,160.1145790792191,159.63792092078089,0.0029846724426633767,0.1344340342681319,0.06606190337145126,0.000413657332854011,41.823244948026044,8.845279209083166,42.481011478061475,577.3,0.9353888792653845,0.00046610140937286597,0.0004816268236427315,0.00034856057905007415,0,0,0,0
63,2026-06-03 08:00:00,159.702,159.659,159.707,159.638,674,1780473899.124,USDJPY,-0.0002692514808831925,-0.0007197666704220618,-0.0016383089150268093,-0.001800596447573355,0.0004321710645813165,0.6231884048941269,0.07246376801086836,0.3043478256457295,30.679191364529913,30.031835207195684,33.15895923650491,-0.06603199518460201,-0.034000505318527524,-0.032031489866074486,159.71472834053336,-0.00034892424206829046,-0.1606166006443175,159.7819286005271,-0.0007693523391774732,-0.1228353810864462,159.8178752131343,-0.0009941016480317446,-0.09374760637061286,159.84961543996698,-0.001192467303986587,-0.04104871201354854,159.80014465652374,-0.0008832573764380983,-0.01429603428002224,159.67896063773506,-0.00012500480749215597,-0.0007563648727284544,160.11564068147078,159.60805931852923,0.003179159101219165,0.10035963725207367,0.06627176741634677,0.0004150831924059826,43.43688135944528,8.510807686392516,39.32173706016041,589.8,1.1427602577142857,0.0004692101717711793,0.000482868880781897,0.0003486069065931134,0,0,0,0
63,2026-06-03 08:05:00,159.659,159.668,159.685,159.654,592,1780474199.023,USDJPY,5.6370138858508057e-05,-6.262956491309701e-06,-0.0017318453218293506,-0.0017006377391520777,0.00019415286719947586,0.2903225797090509,0.5483870950049663,0.16129032206017635,32.023087838165765,32.14097307844624,34.203587050401325,-0.0690102348107473,-0.041002451216971485,-0.02800778359377582,159.7030462554,-0.00021944638015206048,-0.12071245048323931,159.7667381204568,-0.0006180142476361816,-0.10659066360827296,159.80425019375846,-0.000852606821115565,-0.08531600579146925,159.84249326585063,-0.0010916575579211641,-0.03947817428752387,159.797527930652,-0.0008105753094515989,-0.01403274647248054,159.67885157666308,-6.795875944700012e-05,-0.0007587891028322247,160.11275699423905,159.58374300576097,0.003313212343600998,0.15927176985529673,0.06375235545803672,0.00039928072912566524,44.935258027191715,8.21520512015604,37.95599049271727,595.7,0.9937888198756094,0.0003726478360763701,0.0004769733656111565,0.00035002283578045143,0,0,0,0
63,2026-06-03 08:10:00,159.668,159.716,159.718,159.659,591,1780474499.994,USDJPY,0.0003006237943732337,0.00023797893260191216,-0.0015191392794403624,-0.0014317421613678771,0.0003694056951088025,0.8135593206550495,0.03389830502697258,0.15254237262306264,38.833864623955215,42.85864667217021,39.49865388321233,-0.06672811218385277,-0.04614758341034775,-0.020580528773505025,159.70628469155002,6.083234901336182e-05,-0.08103433786240544,159.75997303772925,-0.00027524439878855086,-0.0873119084604923,159.79622744887132,-0.0005020609694742769,-0.0741054598104256,159.8375327456212,-0.0007603517367513322,-0.03643981451153877,159.79591351618362,-0.0005000973706096414,-0.01300239505721379,159.6792212127162,0.00023032920003302973,-0.00037312950976797765,160.10338101958195,159.57021898041802,0.003338188028525171,0.2734272300842188,0.0634129014967482,0.00039703537214022517,45.39423616875382,11.386374699057997,35.43351659971587,603.4,0.9794497845540305,0.00039727684726620295,0.0004943601458244903,0.00035977973608102226,0,0,0,0
63,2026-06-03 08:15:00,159.716,159.731,159.75,159.716,679,1780474799.015,USDJPY,9.391670214631276e-05,0.000739288153220663,-0.0014440929720808127,-0.0012942515224648732,0.00021285786728932903,0.4411764692903624,0.5588235277684611,0.0,40.829028704532334,45.96983298889486,41.055172258256796,-0.06298310884727698,-0.0495146884977336,-0.013468420349543382,159.7124635186625,0.0001160615829792504,-0.031275753396812433,159.756109966032,-0.00015717687440777126,-0.05993698733246333,159.7902976807921,-0.0003710968791769581,-0.056641327100408034,159.83335499089094,-0.0006403856747972148,-0.03038335119737212,159.79462810002155,-0.0003981867274144731,-0.010408288224425633,159.67973642452995,0.000321039955462817,0.0008047125748760209,160.09258415790035,159.56031584209964,0.0033322793684426107,0.3206731507426312,0.061311979961265604,0.00038384521452482993,44.99269255006904,14.663365662802812,34.029992751974774,616.55,1.10128943313582,0.0003067917997856311,0.0004978025738756975,0.0003616521899385303,0,0,0,0
63,2026-06-03 08:20:00,159.731,159.723,159.745,159.709,615,1780475099.019,USDJPY,-5.008420406793501e-05,0.0001314949092685591,-0.00033171440016022125,-0.0013442709049755752,0.00022539020679552326,0.22222222160441193,0.3888888878089051,0.3888888878089051,40.07816889602728,44.46348767391934,40.472085967851896,-0.05996940983601462,-0.051605632765389806,-0.008363777070624814,159.7150976389969,4.9477858511411654e-05,-0.018206815047591363,159.75169530389442,-0.00017962440924224467,-0.04914538902144727,159.78417970981099,-0.0003828896572995039,-0.04958302463674613,159.82902734418934,-0.0006633797749453886,-0.028368317817097477,159.7932097218033,-0.00043937863145445376,-0.009786341922961128,159.68016690786797,0.00026824303206519136,0.0010056607084436564,160.08030695380378,159.55109304619626,0.00331332311318675,0.32483453533643925,0.05950398139260387,0.0003725448519787624,44.69604595782659,14.029697183212239,33.39968710233358,622.65,0.9877138039025154,0.000208515586455346,0.0003461286239397514,0.0003613539532359826,0,0,0,0
63,2026-06-03 08:25:00,159.723,159.689,159.73,159.675,525,1780475398.093,USDJPY,-0.0002128685286403309,0.0001879004628615455,-0.0005320014520511229,-0.0016005501891275253,0.00034441946533561113,0.618181817058462,0.1272727270409465,0.25454545408240975,36.96664288844149,38.24897428459319,38.059899807166026,-0.05963708827638925,-0.053211923867589696,-0.006425164408799554,159.70857322924766,-0.00012255590825154688,-0.006155111285693238,159.74333593004184,-0.0003401452068438109,-0.03859267048525794,159.77552700891908,-0.000541553581696284,-0.0423482042152159,159.82353607578978,-0.0008417788712044513,-0.0260793641772068,159.7911461629557,-0.000639247952145835,-0.008998493568043386,159.68025479933198,5.476695086068485e-05,0.0012941615969168652,160.06601282751186,159.53978717248813,0.003295315613622244,0.28355293220506017,0.05918226843598777,0.00037060955003780956,44.77897814012898,13.098393450489151,35.28613196722479,623.3,0.8422910316058331,0.00018916157682503812,0.00035057337883419667,0.00036176266747772214,0,0,0,0
63,2026-06-03 08:30:00,159.689,159.677,159.8,159.375,1839,1780475699.592,USDJPY,-7.514606516412226e-05,5.6366961444842545e-05,5.010365192981148e-05,-0.0017691922980745955,0.0026616231517376417,0.028235294111003773,0.26117647052681836,0.7105882351268837,35.90706595327735,36.1674992672876,37.23741777738102,-0.059654362401715844,-0.05450041157441493,-0.005153950827300913,159.70067992193574,-0.0001482769011836851,-0.0023663334642662903,159.7344911393696,-0.0003599168780613652,-0.032246981087212134,159.76657000810826,-0.0005606304754725739,-0.0376801856502027,159.81778956301372,-0.0008809379944415697,-0.024703702836916364,159.78888584289717,-0.0007002104201864549,-0.008642087754822114,159.68022241326898,-2.0180415710132604e-05,0.0013708366059006494,160.04693898117708,159.5305610188229,0.003233890681526895,0.2835887505367373,0.08531210640484661,0.0005342792412485618,46.581825354289286,8.437509808856493,47.84790120506974,694.55,2.647757540853409,0.00019495271779872167,0.00028045233309816574,0.000359455723014034,0,0,0,0
63,2026-06-03 08:35:00,159.677,159.706,159.714,159.628,695,1780475999.795,USDJPY,0.00018161663858906607,-6.261113476435654e-05,0.00017535289770664875,-0.0017002337821451219,0.0005384894744093067,0.33720930193338533,0.09302325570588683,0.5697674411979372,40.356330930460494,44.65861863449189,40.50014477947225,-0.05667468415344956,-0.054935266090221854,-0.0017394180632277073,159.70200994145182,2.4984397814603013e-05,-0.004274750098204549,159.73069232078697,-0.00015458720192230264,-0.029280716942281515,159.76106364373476,-0.0003446624758180153,-0.03516380513656259,159.81340565858181,-0.0006720691430059511,-0.024127087039374828,159.78724453907742,-0.000508454472143816,-0.008668977106196962,159.6804789066693,0.00015982600694485765,0.001257693953107264,160.02036033828375,159.52993966171624,0.003070771771677394,0.3589986039742587,0.08536124166164419,0.0005344898855499742,48.25589776743815,7.830320686623303,44.40461926625512,706.6,0.983583356920325,0.0001536964802470651,0.00028574586965930833,0.00036181328177338,1,0,0,0
63,2026-06-03 08:40:00,159.707,159.81,159.817,159.694,615,1780476299.294,USDJPY,0.0006511965737041603,0.0004945815151724542,0.0012342353066479017,-0.0010813648950200871,0.0007696639759715842,0.8373983733028699,0.05691056905945424,0.10569105682466773,52.96614581516546,64.4461569626501,50.24060853702423,-0.04539801676060051,-0.053027816224297586,0.007629799463697073,159.72900745608888,0.0005070622124374511,0.016543937426376942,159.74126667801536,0.00043027905946921806,-0.01484328801663537,159.76551240339523,0.0002784555686363643,-0.024785277396858874,159.81327210334334,-2.0474540695336073e-05,-0.020082887547602013,159.787695142264,0.00013959058434471127,-0.006932957757555869,159.68176767376713,0.0008030492654293321,0.002031249237177235,159.99328492013626,159.53971507986375,0.0028381818426413082,0.5959058475190258,0.08804972440009952,0.0005509650484957106,47.97804242923384,15.404669498502068,39.973869476891096,709.25,0.8671131476911008,0.000339691580607154,0.00030623637609848546,0.0003971308059947136,0,0,0,0
63,2026-06-03 08:45:00,159.81,159.733,159.813,159.716,519,1780476599.006,USDJPY,-0.00048182216381953413,6.260839077643077e-05,0.00019411153272974602,-0.0013691607482244628,0.0006072633707498137,0.7938144321714704,0.030927835019523075,0.17525773177807877,45.32551560042434,49.23880884907958,44.56857072228428,-0.0421881147661054,-0.05085987593265916,0.008671761166553757,159.73000559206668,1.8746683957280104e-05,0.014907953069780433,159.74016445427998,-4.485067549823211e-05,-0.01153084961444506,159.7625567303593,-0.0001850041146323654,-0.021622979451677793,159.81012417772203,-0.0004825988223140256,-0.01890316646731094,159.78661207013997,-0.0003355229167536823,-0.006597651663327042,159.68227744815752,0.0003176467210580134,0.0021105402895500447,159.9660118492772,159.5450881507228,0.0026351705568318255,0.44642734509346516,0.08868902980009098,0.0005552329812880931,47.72003390090127,14.201224684701932,36.85102767141348,713.7,0.7271963009666907,0.0004299304924609253,0.0003186336258903118,0.00040755237366729425,0,0,0,0
63,2026-06-03 08:50:00,159.733,159.765,159.782,159.728,480,1780476899.394,USDJPY,0.00020033430787624873,0.0004759250793728853,0.0006639149687772683,-0.0009754816440618042,0.0003379964322598945,0.592592591494848,0.31481481423226304,0.09259259242103711,48.64131781940216,54.45014948700899,47.17114981737771,-0.03663975149672183,-0.048015851045471694,0.011376099548749866,159.73875419405,0.00016430456142229834,0.03018096480232657,159.74347586037598,0.00013474190108908872,0.00013993033414294587,159.76277884578118,1.3902826646160398e-05,-0.012748163137899837,159.8083546021251,-0.00027129121148294205,-0.015181473664682699,159.786184108355,-0.00013257784753561687,-0.0049620546006963195,159.68310055812609,0.0005128873474252764,0.002845758794109088,159.9442034295989,159.5512965704011,0.002459279937394348,0.5439035347482065,0.08621124195722749,0.0005396128185599317,47.48045455316388,13.565853344355656,35.202290512149595,710.35,0.6757232350248925,0.00041521849703355794,0.00030569795670141417,0.00041068761262805285,0,0,0,0
63,2026-06-03 08:55:00,159.765,159.757,159.769,159.736,491,1780477199.026,USDJPY,-5.007354551989085e-05,0.0005010114167978141,0.0005574066187339355,-0.0011754040451404935,0.00020656371864779296,0.24242424168894494,0.12121212084533373,0.6363636344354183,47.859869743806854,52.8671160958231,46.596856467800755,-0.03251337284979172,-0.044915355406335705,0.012401982556543983,159.7433156455375,8.56646452291184e-05,0.042635723601762265,159.7452790789925,7.337256584410858e-05,0.010787939622900922,159.7622534961647,-3.288321270971874e-05,-0.004316511943557089,159.80634069615942,-0.0003087530566339082,-0.011448866854294693,159.78560620521927,-0.00017902867410048064,-0.0032796376779060665,159.6838358759557,0.0004581811530450183,0.003613462686729463,159.9129240816993,159.5637759183007,0.002185495242140134,0.5534157183103265,0.08241043896028377,0.0005158486886977332,47.25798801597916,13.17783630773823,34.19541773386225,705.45,0.6960096392372674,0.00041279071509218627,0.0003079315490609564,0.00040801852061155333,1,0,0,0
63,2026-06-03 09:00:00,159.757,159.846,159.846,159.757,534,1780477499.022,USDJPY,0.0005570960896861266,0.000876610772294173,0.0008139447519346366,-0.0007064310229496495,0.0005567859064349351,0.9999999988764046,0.0,0.0,56.27578766306443,65.77988272302645,53.24599608411231,-0.02181021723922072,-0.04029432777291271,0.01848411053369199,159.76898673415315,0.0004820288807051406,0.0669767927013254,159.75870853512686,0.0005463956592635668,0.028016214339885437,159.76986681469518,0.0004765177991487419,0.008803170960419493,159.8078959629767,0.0002384365102469296,-0.005509695605127263,159.7868021219476,0.0003704803980445295,-0.0004424171298182955,159.68544944932927,0.0010054175331840724,0.004970542659975763,159.88412271956722,159.58127728043277,0.0018946075543613474,0.8741182308586782,0.08288112189169197,0.000518506073919222,45.693026209532,18.803081253781695,31.57256284686022,710.05,0.7520597141045346,0.00046245953391634047,0.00033963927708449145,0.0004298055011360066,0,0,0,0
63,2026-06-03 09:05:00,159.846,159.819,159.848,159.817,421,1780477799.033,USDJPY,-0.00016891257835671691,5.631687629059634e-05,0.0005509262447489505,-0.0008939623160501009,0.00019396942791536623,0.8709677391262358,0.06451612882443727,0.06451612882352044,53.456814781184256,59.96533304103033,51.21477608039514,-0.015329850681240487,-0.03530143235457827,0.019971581673337784,159.78149005061485,0.00023475778936131575,0.05248259452596926,159.76674739710995,0.00032705555906548464,0.025480719094588267,159.7743334679047,0.0002795601216152158,0.008821064509476173,159.808331415409,6.675862576444803e-05,-0.004940687934350763,159.78743970369123,0.00019751424997659038,-0.0002554385727648878,159.68677831053,0.0008280064941435884,0.00501063676287572,159.8425892669198,159.6085107330802,0.0014646477192297475,0.8992249882003772,0.07917532747085725,0.000495406224984872,44.20697704441928,18.457649402816575,30.68957723621104,711.65,0.5915829410524005,0.00039148438411591577,0.00034861536564895874,0.0004306123214926055,0,0,0,0
63,2026-06-03 09:10:00,159.819,159.82,159.822,159.805,377,1780478099.042,USDJPY,6.257078319915621e-06,0.0005446588995385859,0.0006073013905323332,0.0002753855397554794,0.00010636966587408277,0.05882352906603898,0.11764705813207796,0.8235294069195301,53.549621515713554,60.11766345077712,51.28704308205457,-0.009998169182210859,-0.03024077972010479,0.020242610537893932,159.79111753796116,0.00018075136142642779,0.06111194589448132,159.77384774416197,0.00028885988845887465,0.033683289881992096,159.77848497082246,0.0002598286570630149,0.015928240463153998,159.8087890069616,7.015254359947053e-05,-0.0013351707604272178,159.788084462034,0.00019973665792071956,0.0014723918940262593,159.68810389947996,0.0008259607152894963,0.005826451322434423,159.85003634429538,159.60546365570465,0.0015303008921957327,0.8771884769465601,0.07473423265151001,0.0004676150209705294,42.95139578302492,18.15774855157426,31.337852715599674,688.1,0.5478854817612923,0.0002838256267488949,0.000347178267794606,0.0003408284695457821,0,0,0,0
63,2026-06-03 09:15:00,159.82,159.796,159.822,159.786,479,1780478399.119,USDJPY,-0.0001501689400575934,0.000194034988890035,0.0006700524143803399,0.000137694493471896,0.00022528724123258007,0.6666666648148148,0.05555555540149773,0.27777777700590967,50.92509385728812,54.329459732647635,49.44141919306128,-0.007621516507072101,-0.02571692707749825,0.01809541057042615,159.79233815347087,2.2916283543019134e-05,0.05358395942087668,159.7768013782737,0.00012015900656848556,0.03332551789770832,159.78007724620224,9.965418763202743e-05,0.017298400421054794,159.80828747727685,-7.688886146536061e-05,-6.712484824333842e-05,159.78824120536007,4.8556730967171876e-05,0.002057097005064179,159.68917749251995,0.000668940182155114,0.006076934393860256,159.85315973413665,159.60454026586333,0.0015558553923334657,0.7700914791160598,0.07196750174783083,0.0004503711090880299,41.98470016557243,17.508964693799975,32.10391009615714,641.15,0.7470950635575533,0.0002985138828822379,0.00034221810673532136,0.000342772665893033,0,0,0,0
63,2026-06-03 09:20:00,159.796,159.832,159.847,159.779,461,1780478699.029,USDJPY,0.00022528724123249688,0.00046946299692640636,0.000970709620045529,0.001020861908072268,0.00042544671905508317,0.529411763927262,0.22058823496990146,0.24999999963224848,54.5254011286297,60.91498015049148,52.15328518200578,-0.0028008169296072083,-0.021133705047920046,0.018332888118312837,159.80225361510315,0.0001861449649420197,0.05893796956564756,159.78416119450387,0.00029939641788333086,0.03888211551137033,159.7847974965475,0.0002954129816606365,0.022544000382794138,159.80921738012876,0.00014256136313492323,0.0028766839693332713,159.78910771614503,0.0002684305862146967,0.0035015109257585664,159.6905986119974,0.0008854709621708614,0.006762736041679318,159.86583633028437,159.60816366971562,0.001612146882781571,0.8686848255590759,0.07168410876584377,0.0004484966012178023,40.6146122999128,18.813687419425346,29.928626336693938,627.95,0.7341348833504682,0.00030337048493943097,0.00034153570604170705,0.00030779811787979785,0,0,0,0
63,2026-06-03 09:25:00,159.832,159.868,159.868,159.817,417,1780478999.013,USDJPY,0.00022523649832328907,0.00013763247125342382,0.0010143638936546129,0.0011898946630093388,0.00031901318587827283,0.7058823515572901,0.0,0.29411764648192557,57.855134405702685,66.54335628105886,54.704336941026575,0.0038797974621900266,-0.01613100454589803,0.020010802008088056,159.81869021132735,0.0003085358077171232,0.04970347717420509,159.79533970190334,0.000454708492952282,0.03663116677648759,159.7923613604977,0.0004733557903413027,0.022494545802516086,159.81152258090802,0.0003534001690233784,0.003626617931331566,159.79066993958767,0.0004839460304006389,0.0038678176400708253,159.69236379993774,0.0010998409434423177,0.006914350608468567,159.8842454173509,159.60875458264914,0.0017232393893823054,0.9410310057588467,0.07020667242542548,0.00043915400471279735,38.95477218092379,19.97403901545232,28.375701145113176,616.45,0.6764538892042052,0.00019288268619739476,0.00034301069447758556,0.00031025763936253946,0,0,0,0
63,2026-06-03 09:30:00,159.868,159.858,159.885,159.856,460,1780479299.042,USDJPY,-6.255160507417923e-05,0.00024402605447426673,0.00030035667354977313,0.0015349626910088343,0.000181411002264487,0.34482758501756555,0.5862068945302534,0.06896551700390513,56.61504049640295,63.57638792418586,53.8666648781105,0.008271962043096437,-0.011250411228099137,0.019522373271195576,159.8285176584955,0.00018446233460967814,0.047027607880664846,159.80369440831623,0.0003398268850093963,0.03694701120627997,159.79832850954335,0.00037341748823791637,0.02399504163864208,159.81334522479398,0.0002794183123018628,0.005013809384990964,159.79200320811069,0.00041301686294880165,0.004563504419451192,159.69401192133142,0.0010268893410315518,0.007233610801421264,159.89026254693448,159.6272374530655,0.0016453670999823315,0.8773404219816335,0.06726333868075197,0.0004207692995080132,37.102484576872925,21.164193680611966,27.5018486239757,600.2,0.7664111962677829,0.0001703491288334021,0.0002853124410758542,0.0002920171825819968,0,0,0,0
63,2026-06-03 09:35:00,159.858,159.831,159.858,159.829,366,1780479599.297,USDJPY,-0.00016889989866020194,6.882743085978582e-05,0.0006135238178710534,0.0008077544426494665,0.00018144164774040308,0.931034479548799,0.0,0.06896551700292507,53.293530190955856,55.746803099802804,51.62552077517427,0.009465003101695402,-0.00710732836214023,0.016572331463835632,159.82913824387163,1.1648414981269872e-05,0.03802070591046913,159.80733515387408,0.00014808360394173755,0.03348740971210873,159.80129864503942,0.0001858642902930322,0.022813674216962454,159.8140375689197,0.00010613855540050635,0.005248561958097753,159.79277542181146,0.00023921343181899257,0.004690959777462922,159.69537498679082,0.0008492732693127946,0.007271087310869007,159.89759728094342,159.63280271905657,0.0016567159179811477,0.7484945289520895,0.064530243060698,0.0004037404700008009,35.75316473058783,20.484820515381124,29.60766787096707,591.5,0.6187658495349756,0.0001971844808982607,0.0002357949209372965,0.00027366133234541163,0,0,0,0
63,2026-06-03 09:40:00,159.831,159.844,159.847,159.829,387,1780479898.001,USDJPY,8.133591105607962e-05,0.00030038298831014387,0.0004944762620098242,0.0011587195209790124,0.00011260979454969022,0.7222222182101397,0.16666666574153022,0.1111111104927745,54.67242315726905,58.61008307571077,52.62206080438623,0.011328895633653246,-0.0034200835629815346,0.01474897919663478,159.8328536829037,6.973733396767169e-05,0.04051552943283809,159.8122238000242,0.00019883460238650288,0.03542242175052479,159.80518058639947,0.00024291711606641683,0.025103340197233592,159.81521256621699,0.0001801294965651742,0.006925088940135993,159.7937897698944,0.0003142189078680396,0.00554856453433672,159.69685384264366,0.000921409243924876,0.007676350123716702,159.9016230710537,159.6472769289463,0.0015912148226233608,0.7734462545662572,0.0612066542706482,0.00038291493124951954,34.50022487332309,20.054513930406593,28.985725665466667,577.15,0.670536255739293,0.0001749944426182713,0.00023095512556004798,0.0002638341418605967,0,0,0,0
63,2026-06-03 09:45:00,159.844,159.832,159.851,159.829,417,1780480199.093,USDJPY,-7.50731963664597e-05,0.0,0.00046946299692640636,0.001027131297442141,0.0001376445267530367,0.5454545429754415,0.3181818167358895,0.13636363574321442,53.1136523749906,54.792200295826966,51.59194153734032,0.011702841114413332,-0.00039549862750256183,0.012098339741915893,159.8326402621778,-4.005828701486245e-06,0.030386647074635675,159.81486062668765,0.00010724517885969663,0.030699432183780573,159.8076187149086,0.00015256647516208354,0.02282121836111628,159.81587089695358,0.00010092303696677076,0.006653516824826511,159.79454640811431,0.00023438592071861494,0.005438691969288811,159.69819858052782,0.0008378392534259463,0.007599968530428214,159.90223306736846,159.66306693263152,0.0014963595196014166,0.7063419220436515,0.05840617896560128,0.00036542231196256875,33.25110264742297,20.004128720192583,28.205859591688526,568.4,0.7336382828992375,0.0001544529653539253,0.0002322837234254862,0.00026550706887799966,0,0,0,0
63,2026-06-03 09:50:00,159.832,159.82,159.832,159.809,383,1780480499.093,USDJPY,-7.50788327744667e-05,-0.0003002477043561047,-0.0001626565569361471,0.0006511558015476204,0.00014391190088847538,0.5217391281664591,0.0,0.47826086748571484,51.53141837159352,50.9222562906931,50.55284813850225,0.010905187674950412,0.001864638632988033,0.009040549041962378,159.82948019663334,-5.9314443253425854e-05,0.010789985305990513,159.81554587646264,2.787040217476857e-05,0.020206174559291412,159.80874428628056,7.04324019921736e-05,0.016382925782863822,159.81603282256327,2.482340079812447e-05,0.004510241655253822,159.7950504396368,0.00015613475069809903,0.004380500049137481,159.69941053495043,0.000755102756144307,0.0070467350126932615,159.90439402602135,159.67130597397863,0.001458441071472389,0.6379307075350064,0.05587716618234377,0.0003496256174592903,32.39829804260127,19.4159828280521,29.933201036342734,558.0,0.6863799283152892,8.985557369045448e-05,0.00014918017497325413,0.0002601807616627245,0,0,0,0
63,2026-06-03 09:55:00,159.82,159.791,159.837,159.788,472,1780480799.892,USDJPY,-0.00018145413590286985,-0.0004191219707491145,-0.00017519819295575,0.00037563153051078935,0.00030665056229686386,0.5918367334862369,0.3469387748022368,0.06122448967071,47.82368085407969,42.46579377330958,48.09487266946926,0.007842579565135566,0.00306022681941754,0.004782352745718026,159.81986014747503,-0.0001805792311944115,-0.008657511020487618,159.81227309293428,-0.000133113011426281,0.008578684618044008,159.80713116934598,-0.00010094148632759203,0.008802659802626067,159.81505114324708,-0.0001504936054209342,0.0017059184530978655,159.79497023291134,-2.4845793991860924e-05,0.002967024800653917,159.70032187291113,0.0005678017803935651,0.00630995157970915,159.90443745529888,159.67726254470114,0.001421700287236072,0.5006602839615082,0.055385940026460516,0.0003466148908665727,31.917449739120936,18.189029925100805,30.749902826564963,547.65,0.8618643294073108,0.00010511945847496904,0.0001506516086479828,0.000264021873306495,0,0,0,0
63,2026-06-03 10:00:00,159.791,159.765,159.793,159.764,430,1780481099.294,USDJPY,-0.00016271254325972428,-0.0004129361638230966,-0.00034413715429859604,0.00026295524126118686,0.0001815166025099137,0.8965517210468464,0.06896551700390513,0.03448275850097251,44.717181009453924,36.181089214334854,45.98984174730065,0.0032796520766567028,0.0031041118708653725,0.00017554020579133023,159.80614511060628,-0.00025746888880785176,-0.022993133265345023,159.80597001387636,-0.00025637348762889024,-0.0013651399977163692,159.8033010630418,-0.00023967629446343232,0.0020024180023767713,159.8130883533158,-0.00030090372328895324,-0.0009492156038959365,159.7943767629527,-0.0001838410308787112,0.0016013411412529877,159.70096543636475,0.0004009654134542331,0.005590449573929845,159.9029381357296,159.68296186427037,0.0013768739802788176,0.3729408410648669,0.053501230024570225,0.0003348745346262963,31.80952259413474,17.484797961534447,32.763545206291774,538.4,0.7986627043089155,0.00010389702038150062,0.00015703030920064356,0.0002667557040686713,0,0,0,0
63,2026-06-03 10:05:00,159.765,159.76,159.767,159.669,1079,1780481399.993,USDJPY,-3.1295965949973414e-05,-0.0005255123745652179,-0.0002252872412326079,0.0004446142188878621,0.0006134201301951977,0.0510204081111652,0.020408163244582087,0.9285714276238446,44.123599167483505,35.01834371464851,45.58695200361824,-0.0007315264636247321,0.0023369842039673515,-0.0030685106675920836,159.7946088329547,-0.00021658323273531952,-0.03824484994899535,159.79984067869285,-0.00024931613525799276,-0.012383121331367875,159.79936460276528,-0.00024633766763180234,-0.0058159836341928894,159.81100645710734,-0.00031916736048488915,-0.004206109109645695,159.79369603497344,-0.0002108721170456593,-9.373492096642622e-05,159.70155284495814,0.0003659773746758046,0.004699002314481504,159.89701368066727,159.6959863193327,0.001258308471047707,0.31843267608192044,0.05667971359424269,0.00035478038053481906,32.77175103587226,15.325408332170575,40.68924884239915,566.1,1.9060236707292162,6.402942964055296e-05,0.0001517024358305922,0.00026169943412986926,0,0,0,0
63,2026-06-03 10:10:00,159.76,159.781,159.803,159.742,491,1780481699.004,USDJPY,0.00013144717075630474,-0.00031908503929123366,-0.00031908503929123366,0.0006513148418370029,0.00038177255117947094,0.34426229451780904,0.3606557371134958,0.2950819667293509,47.288399849090084,43.85890764259719,47.61092007603842,-0.0021906375539799683,0.0014314598523778878,-0.003622097406357856,159.79120662471604,-6.387475839020919e-05,-0.04143363746175055,159.7973285882005,-0.00010218311122433689,-0.017532038487161117,159.797695093423,-0.00010447643448937858,-0.0099236214856262,159.8098297332992,-0.00018040025039334158,-0.006041163654373349,159.7934446283403,-7.787946726622625e-05,-0.0011017797740180413,159.7023433639138,0.0004925202375207062,0.004144783385982009,159.8864752322397,159.71692476776028,0.001061142842261684,0.37791245455254324,0.05698830548036871,0.0003566650946005389,32.832735471222804,18.665880769294052,37.57827952225924,498.7,0.9845598556244266,0.0001254306253641943,0.0001368451695275731,0.00026172964586567354,0,0,0,0
63,2026-06-03 10:15:00,159.781,159.793,159.801,159.781,443,1780481999.094,USDJPY,7.510279695344124e-05,-0.00016894005756462604,-0.0004691370380562887,0.0005447509799256789,0.0001251619282445527,0.5999999970005684,0.39999999799943153,0.0,49.0637797099213,48.527374248016315,48.75460577916299,-0.0023515862708904933,0.0006748506277242116,-0.0030264368986147048,159.79165496853705,8.417407424847495e-06,-0.037825228096295405,159.7967514431071,-2.3476341497639158e-05,-0.018794433355537876,159.79726826674815,-2.671051135252534e-05,-0.01147601953240951,159.80916974375805,-0.0001011815766515053,-0.006863078805224632,159.79343582381873,-2.727420037453527e-06,-0.0016146158180845305,159.70324541999426,0.000562008491247034,0.003834885043829672,159.8788139333826,159.7332860666174,0.0009107274208831317,0.4103264527193089,0.054346283660341076,0.00034010428279299517,32.88936387547688,18.175220835253906,36.59047956898485,486.1,0.9113351162310407,0.0001392775133928976,0.00011136247701530656,0.0002596127175948722,0,0,0,0
63,2026-06-03 10:20:00,159.793,159.824,159.825,159.784,485,1780482299.017,USDJPY,0.00019400098877930816,0.00020651976644492365,-0.00021268876127555902,8.760402978547077e-05,0.0002565321854039244,0.7560975591316722,0.024390243842375765,0.21951219458692758,53.427710079930534,58.842406853506084,51.61948398668598,2.204748389544875e-05,0.0005442899989584591,-0.0005222425150630104,159.79974122640277,0.00015180733968066736,-0.020118921072253215,159.80038458402615,0.0001477807205241561,-0.01188850890812887,159.7996984243165,0.00015207522869658613,-0.0074327450294902064,159.8097513224342,8.91602511604847e-05,-0.005299820812865619,159.79404105503025,0.00018748474456219645,-0.0009291778810904816,159.70444695810377,0.000748589310901294,0.004125085192640654,159.8799206908626,159.73357930913744,0.0009156408407070581,0.6178750653769192,0.0533929776846022,0.00033407359147939107,32.384486064534705,20.38901643363217,34.58351465205439,479.6,1.011259382818805,0.00014095923628001106,0.00013450735343039158,0.0002186842372434976,0,0,0,0
63,2026-06-03 10:25:00,159.824,159.825,159.837,159.803,456,1780482599.092,USDJPY,6.25688257072099e-06,0.000375551591399903,-3.7539651256635054e-05,0.0005759611351441318,0.00021273267636472278,0.029411764618688746,0.35294117543262427,0.6176470570075104,53.565911026009644,59.15048879453134,51.71092222327683,0.001961252876014896,0.0008276825743697466,0.0011335703016451496,159.80605591980208,0.00011854419464190215,-8.919080420355385e-05,159.80366663948934,0.00013349731554520533,-0.0023033743870257695,159.80199856756045,0.00014393707616753125,-0.0013024954813545264,159.81034930978976,9.167547829979123e-05,-0.00273904352604859,159.79465410344548,0.0001899055805387752,0.00027734049277228223,159.70564649085895,0.0007473343101107373,0.004681054494199088,159.8765275268119,159.7461724731881,0.0008156111598549431,0.6047140065540111,0.05200776499284432,0.000325404442314058,31.641648862464283,21.085029864547515,32.96859165747663,476.45,0.9570783922760087,9.133992165583306e-05,0.0001241516425125915,0.00018642210814824925,0,0,0,0
63,2026-06-03 10:30:00,159.825,159.836,159.837,159.81,516,1780482899.094,USDJPY,6.882527764751067e-05,0.00047571357035569584,-5.004879757752878e-05,0.00044440271649004437,0.00016892314622479797,0.4074074058995827,0.0370370368990051,0.5555555534977085,55.14277136790842,62.73068747875718,52.742518818725,0.004335715757292746,0.0015292892109543465,0.0028064265463383998,159.81354193985158,0.00014052664045760346,0.018933106896867002,159.80797775422408,0.00017534947985529267,0.00813707553123777,159.80508960687314,0.0001934255861494431,0.005725004107858922,159.81135521920976,0.00015421170014139112,0.0003487621024191867,159.79547283407032,0.00025361898688939426,0.0017767990968877712,159.70694354070116,0.0008080829576828121,0.005390695743017204,159.87726633708442,159.75253366291562,0.0007803791021346697,0.6691617699506685,0.050221496064783065,0.00031420641197717073,30.95187146054175,20.275337016790303,31.702554424559494,478.25,1.0789336121273227,7.086230933726155e-05,0.00012325883014084257,0.00018232791124053895,0,0,0,0
63,2026-06-03 10:35:00,159.836,159.834,159.837,159.825,432,1780483199.993,USDJPY,-1.2512825646293635e-05,0.0003317040198771437,1.251313879579996e-05,0.000481982010178017,7.507789331431644e-05,0.1666666652785673,0.08333333263691517,0.7499999937511843,54.7785304992304,61.585742682461316,52.52828854168478,0.0059870958978081035,0.002420850548325098,0.0035662453494830055,159.8186564548887,9.600596983893317e-05,0.027449830172656675,159.8114473869942,0.00014112013484992453,0.014118798793703036,159.8077178244301,0.00016446124084422425,0.01002273100712614,159.81224324982898,0.00013613944544292828,0.0024135165297707317,159.79623574824714,0.0002363275428612567,0.0027911199068455517,159.70820778407727,0.0007876377655730634,0.005864420163476325,159.87560727747027,159.76189272252972,0.0007114541020092293,0.6341077221343541,0.04749138920301288,0.00029712945432769545,30.311363873042257,19.909399936579476,31.130374529757198,475.3,0.9088996423309681,8.094448751994197e-05,0.00012087147987178925,0.00018173643513188777,0,0,0,0
63,2026-06-03 10:40:00,159.834,159.846,159.856,159.826,411,1780483499.697,USDJPY,7.507789331429038e-05,0.0003316791098484373,0.0001626830183958372,0.0,0.00018768064261852742,0.39999999866666663,0.3333333322219064,0.26666666577809356,56.62962747048858,65.93762787556847,53.71275260125117,0.008169948191408594,0.0035706700769417973,0.004599278114466796,159.82549234116652,0.0001283128150151695,0.03383737262947761,159.81605440206164,0.00018737540512061882,0.019302958954540372,159.8111980222092,0.00021776933169582975,0.013929755461049353,159.81356704395333,0.00020294244504133065,0.004397300195279286,159.79722117897492,0.00030525450108076876,0.0037853551561966015,159.70957885090237,0.000854182636252428,0.006333430908114224,159.87560727747027,159.76189272252972,0.0007114006915440059,0.739635110389288,0.046242004259940614,0.00028929096918246696,29.221114229668082,21.921667513199946,29.68779117965142,469.15,0.8760524352550622,8.094381387232397e-05,0.00011965535129022145,0.0001326729813044874,0,0,0,0
63,2026-06-03 10:45:00,159.846,159.843,159.855,159.834,377,1780483799.017,USDJPY,-1.876806426193145e-05,0.0001188807688456972,0.0003254250865192265,0.0001501698796764206,0.00013137891556081022,0.14285714217764411,0.42857142653022556,0.42857142653022556,56.012332343859825,63.82857750262611,53.36324347173275,0.009547739040328906,0.0047660838696192195,0.004781655170709687,159.82986925587488,8.215450707830747e-05,0.030128029472109574,159.8196471484534,0.00014612002944096344,0.01926256442726526,159.81408911109926,0.0001809032549103166,0.01439068678277522,159.81472127752377,0.00017694691859524637,0.004969955089563882,159.79812769028234,0.000280806229498618,0.004086635252093629,159.71090642452523,0.0008270792423132281,0.006459466421461002,159.8777824303599,159.7621175696401,0.0007236154271365617,0.6992826497746487,0.04443900395565818,0.00027801657849050747,28.208739560820636,21.181720656997015,28.685705561038482,466.95,0.8073669557766769,4.4986435234035e-05,9.907439837536193e-05,0.00012672626551983926,0,0,0,0
63,2026-06-03 10:50:00,159.843,159.796,159.844,159.793,449,1780484099.004,USDJPY,-0.00029403852530296426,-0.00018144845925227582,0.000194034988890035,-0.0001501689400575934,0.0003191569250793995,0.921568625644147,0.019607843098906494,0.0588235292961622,47.31122336097488,40.279938055971755,48.20352704059142,0.006769110912955512,0.005166689278286478,0.0016024216346690332,159.82140194190617,-0.00015893955125869408,0.015346022104097301,159.81649419532627,-0.00012823579586992517,0.01282755583693529,159.81244464645388,-0.00010289966147674535,0.010446078893437516,159.81398710977774,-0.00011255028488460022,0.0036377999879846357,159.7980855578015,-1.3051206428583534e-05,0.0034314543560185484,159.71175312676877,0.0005274932594619573,0.006106635909816305,159.8775169124706,159.75998308752938,0.0007355241992367358,0.30643869931042533,0.04490764653025315,0.000281031105473561,28.024671685916132,19.463483600389168,32.88007400404577,470.55,0.9542025289552748,0.00015063092608790034,0.00013129590055345917,0.0001435555654632846,0,0,0,0
